# Blender 5.1.2
# www.blender.org
mtllib Television_01_2k.mtl
o Television_01
v -0.286415 0.054987 0.154288
v -0.295746 0.452579 0.167872
v 0.286415 0.054987 0.154288
v 0.295746 0.452579 0.167872
v -0.300000 0.456833 -0.035824
v 0.300000 0.456833 -0.035824
v -0.300000 0.391336 -0.181451
v -0.286415 0.054987 -0.217752
v 0.286415 0.054987 -0.217752
v 0.300000 0.391336 -0.181451
v -0.295746 0.059241 0.167872
v 0.295746 0.059241 0.167872
v 0.300000 0.054987 -0.231336
v -0.300000 0.054987 -0.231336
v -0.300000 0.054987 0.167872
v 0.300000 0.054987 0.167872
v 0.300000 0.456833 0.167872
v -0.300000 0.456833 0.167872
v -0.288924 0.063777 0.187872
v 0.288924 0.063777 0.187872
v 0.288924 0.448043 0.187872
v -0.288924 0.448043 0.187872
v -0.269821 0.100623 0.191045
v -0.263869 0.106207 0.188730
v 0.133066 0.106207 0.188730
v 0.139044 0.100623 0.191045
v -0.100902 0.456833 -0.035824
v 0.100902 0.456833 -0.035824
v 0.100902 0.400556 -0.087208
v -0.100902 0.400556 -0.083913
v 0.087540 0.400556 -0.087208
v -0.087540 0.400556 -0.083913
v -0.087540 0.406105 -0.056055
v 0.087540 0.406105 -0.056055
v -0.087540 0.456833 -0.019240
v 0.087540 0.456833 -0.019240
v 0.100902 0.456833 -0.087208
v -0.100902 0.456833 -0.087208
v -0.087540 0.456833 -0.056055
v 0.087540 0.456833 -0.056055
v -0.087540 0.406105 -0.019240
v 0.087540 0.406105 -0.019240
v -0.087540 0.448392 -0.087208
v 0.087540 0.448392 -0.087208
v 0.087540 0.448392 -0.056055
v -0.087540 0.448392 -0.056055
v 0.267274 0.280140 -0.197943
v 0.082447 0.280589 -0.197877
v 0.267274 0.111933 -0.222890
v 0.082447 0.111933 -0.222890
v 0.087663 0.274462 -0.190050
v 0.262057 0.274462 -0.192378
v 0.262057 0.115751 -0.215917
v 0.087663 0.115751 -0.215917
v 0.061244 0.118100 -0.221976
v -0.193102 0.118253 -0.221953
v 0.118408 0.119325 0.170499
v -0.249211 0.119325 0.170499
v -0.249211 0.399055 0.170499
v 0.118408 0.399055 0.170499
v 0.204050 0.391336 -0.181451
v 0.235064 0.391336 -0.181451
v 0.204050 0.397870 -0.114671
v 0.235064 0.397870 -0.114671
v 0.204050 0.382443 -0.182770
v 0.235064 0.382435 -0.182771
v -0.270636 0.391336 -0.181451
v -0.239648 0.391335 -0.181452
v -0.270636 0.381549 -0.182903
v -0.239648 0.381561 -0.182901
v -0.239648 0.397816 -0.114541
v -0.270636 0.397843 -0.114606
v 0.204050 0.386017 -0.114671
v 0.235064 0.386017 -0.114671
v -0.239648 0.385963 -0.114541
v -0.270636 0.385991 -0.114606
v -0.129174 0.054987 -0.231336
v -0.172813 0.054987 -0.231336
v -0.172917 0.090249 -0.226106
v -0.129222 0.090249 -0.226106
v -0.172917 0.090285 -0.219791
v -0.129222 0.090285 -0.219791
v -0.129223 0.054987 -0.224544
v -0.172921 0.054987 -0.224544
v 0.300000 0.406965 -0.051231
v 0.300000 0.418494 -0.040358
v 0.300000 0.409143 -0.046218
v 0.300000 0.413363 -0.042238
v -0.300000 0.418494 -0.040358
v -0.300000 0.406965 -0.051231
v -0.300000 0.413363 -0.042238
v -0.300000 0.409143 -0.046218
v 0.100902 0.418494 -0.040358
v 0.100902 0.406965 -0.051231
v 0.100902 0.413363 -0.042238
v 0.100902 0.409143 -0.046218
v -0.100902 0.406922 -0.049200
v -0.100902 0.418534 -0.038743
v -0.100902 0.409127 -0.044246
v -0.100902 0.413377 -0.040419
v 0.070286 0.370443 -0.184550
v 0.060326 0.380503 -0.183058
v 0.068952 0.375473 -0.183804
v 0.065306 0.379156 -0.183258
v -0.192162 0.380500 -0.183059
v -0.202121 0.370440 -0.184551
v -0.197142 0.379152 -0.183258
v -0.200787 0.375470 -0.183805
v 0.041368 0.367129 -0.258248
v 0.051329 0.357237 -0.258244
v 0.046348 0.365803 -0.258246
v 0.049994 0.362183 -0.258244
v -0.183163 0.357237 -0.258347
v -0.173205 0.367129 -0.258342
v -0.181830 0.362183 -0.258346
v -0.178185 0.365803 -0.258344
v 0.058266 0.127832 -0.231277
v 0.051329 0.185815 -0.258244
v 0.054797 0.144186 -0.244760
v 0.052258 0.165409 -0.254631
v -0.183163 0.185815 -0.258367
v -0.190114 0.127950 -0.231316
v -0.184095 0.165425 -0.254744
v -0.186639 0.144245 -0.244843
v -0.286415 0.008985 0.134478
v -0.286415 0.028794 0.154288
v -0.286415 0.011639 0.144383
v -0.286415 0.018889 0.151634
v 0.286415 0.028794 0.154288
v 0.286415 0.008985 0.134478
v 0.286415 0.018889 0.151634
v 0.286415 0.011639 0.144383
v 0.292021 0.450103 0.183332
v 0.295746 0.452579 0.171555
v 0.294655 0.451854 0.177621
v 0.295746 0.059241 0.171555
v 0.292021 0.061718 0.183332
v 0.294655 0.059967 0.177621
v -0.295746 0.059241 0.171555
v -0.292021 0.061718 0.183332
v -0.294655 0.059967 0.177621
v -0.295746 0.452579 0.171555
v -0.292021 0.450103 0.183332
v -0.294655 0.451854 0.177621
v 0.139044 0.100623 0.187872
v -0.269821 0.100623 0.187872
v -0.270901 0.416615 0.187872
v 0.139044 0.417343 0.187872
v -0.263869 0.412173 0.188730
v -0.270901 0.416615 0.191045
v 0.133066 0.412173 0.188730
v 0.139044 0.417343 0.191045
v 0.286415 0.008984 -0.190929
v 0.286415 0.035807 -0.217752
v -0.286415 0.035807 -0.217752
v -0.286415 0.008984 -0.190929
v -0.258222 0.382280 -0.137197
v -0.267347 0.382280 -0.146589
v -0.262445 0.382280 -0.139018
v -0.265649 0.382280 -0.142316
v -0.267280 0.407360 -0.146255
v -0.257888 0.407360 -0.137130
v -0.265459 0.407360 -0.142032
v -0.262161 0.407360 -0.138828
v -0.267280 0.382280 -0.151187
v -0.257888 0.382280 -0.160312
v -0.265459 0.382280 -0.155410
v -0.262161 0.382280 -0.158614
v -0.258222 0.407360 -0.160245
v -0.267347 0.407360 -0.150853
v -0.262445 0.407360 -0.158424
v -0.265649 0.407360 -0.155126
v -0.244232 0.382280 -0.146255
v -0.253624 0.382280 -0.137130
v -0.246053 0.382280 -0.142032
v -0.249351 0.382280 -0.138828
v -0.253290 0.407360 -0.137197
v -0.244165 0.407360 -0.146589
v -0.249067 0.407360 -0.139018
v -0.245863 0.407360 -0.142316
v -0.253290 0.382280 -0.160245
v -0.244165 0.382280 -0.150853
v -0.249067 0.382280 -0.158424
v -0.245863 0.382280 -0.155126
v -0.244232 0.407360 -0.151187
v -0.253624 0.407360 -0.160312
v -0.246053 0.407360 -0.155410
v -0.249351 0.407360 -0.158614
v -0.257169 0.413784 -0.141036
v -0.260002 0.413784 -0.142162
v -0.262189 0.413784 -0.144286
v -0.263396 0.413784 -0.147086
v -0.260191 0.413784 -0.155154
v -0.257391 0.413784 -0.156362
v -0.262315 0.413784 -0.152967
v -0.263441 0.413784 -0.150134
v -0.249323 0.413784 -0.153156
v -0.248115 0.413784 -0.150356
v -0.251510 0.413784 -0.155280
v -0.254343 0.413784 -0.156406
v -0.251321 0.413784 -0.142288
v -0.254121 0.413784 -0.141081
v -0.249197 0.413784 -0.144475
v -0.248071 0.413784 -0.147308
v -0.257169 0.421987 -0.141036
v -0.260002 0.421987 -0.142162
v -0.262189 0.421987 -0.144286
v -0.260191 0.421987 -0.155154
v -0.257391 0.421987 -0.156362
v -0.262315 0.421987 -0.152967
v -0.251510 0.421987 -0.155280
v -0.249323 0.421987 -0.153156
v -0.254343 0.421987 -0.156406
v -0.251321 0.421987 -0.142288
v -0.254121 0.421987 -0.141081
v -0.249197 0.421987 -0.144475
v 0.213054 0.414669 -0.144260
v 0.213054 0.414669 -0.153182
v 0.221936 0.414669 -0.144260
v 0.226059 0.418792 -0.144260
v 0.223998 0.415221 -0.144260
v 0.225507 0.416730 -0.144260
v 0.226059 0.418792 -0.153182
v 0.221936 0.414669 -0.153182
v 0.225507 0.416730 -0.153182
v 0.223998 0.415221 -0.153182
v 0.218175 0.427674 -0.144260
v 0.213054 0.422554 -0.144260
v 0.214554 0.426174 -0.144260
v 0.213054 0.422554 -0.153182
v 0.218175 0.427674 -0.153182
v 0.214554 0.426174 -0.153182
v 0.226059 0.422554 -0.144260
v 0.220939 0.427674 -0.144260
v 0.224560 0.426174 -0.144260
v 0.220939 0.427674 -0.153182
v 0.226059 0.422554 -0.153182
v 0.224560 0.426174 -0.153182
v 0.217091 0.382294 -0.137197
v 0.207966 0.382294 -0.146589
v 0.212868 0.382294 -0.139018
v 0.209664 0.382294 -0.142316
v 0.208033 0.407360 -0.146255
v 0.217425 0.407360 -0.137130
v 0.209854 0.407360 -0.142032
v 0.213152 0.407360 -0.138828
v 0.208033 0.382294 -0.151187
v 0.217425 0.382294 -0.160312
v 0.209854 0.382294 -0.155410
v 0.213152 0.382294 -0.158614
v 0.217091 0.407360 -0.160245
v 0.207966 0.407360 -0.150853
v 0.212868 0.407360 -0.158424
v 0.209664 0.407360 -0.155126
v 0.231081 0.382294 -0.146255
v 0.221688 0.382294 -0.137130
v 0.229260 0.382294 -0.142032
v 0.225962 0.382294 -0.138828
v 0.222023 0.407360 -0.137197
v 0.231148 0.407360 -0.146589
v 0.226246 0.407360 -0.139018
v 0.229450 0.407360 -0.142316
v 0.222023 0.382294 -0.160245
v 0.231148 0.382294 -0.150853
v 0.226246 0.382294 -0.158424
v 0.229450 0.382294 -0.155126
v 0.231081 0.407360 -0.151187
v 0.221688 0.407360 -0.160312
v 0.229260 0.407360 -0.155410
v 0.225962 0.407360 -0.158614
v 0.218144 0.413784 -0.141036
v 0.215310 0.413784 -0.142162
v 0.213124 0.413784 -0.144286
v 0.211916 0.413784 -0.147086
v 0.215122 0.413784 -0.155154
v 0.217922 0.413784 -0.156362
v 0.212998 0.413784 -0.152967
v 0.211872 0.413784 -0.150134
v 0.225990 0.413784 -0.153156
v 0.227197 0.413784 -0.150356
v 0.223803 0.413784 -0.155280
v 0.220970 0.413784 -0.156406
v 0.223991 0.413784 -0.142288
v 0.221192 0.413784 -0.141081
v 0.226116 0.413784 -0.144475
v 0.227242 0.413784 -0.147308
v 0.218144 0.421987 -0.141036
v 0.215310 0.421987 -0.142162
v 0.213124 0.421987 -0.144286
v 0.215122 0.421987 -0.155154
v 0.217922 0.421987 -0.156362
v 0.212998 0.421987 -0.152967
v 0.223803 0.421987 -0.155280
v 0.225990 0.421987 -0.153156
v 0.220970 0.421987 -0.156406
v 0.223991 0.421987 -0.142288
v 0.221192 0.421987 -0.141081
v 0.226116 0.421987 -0.144475
v 0.150952 0.103210 0.189671
v 0.150952 0.395143 0.189671
v 0.150952 0.103210 0.187872
v 0.150952 0.395143 0.187872
v 0.273292 0.103210 0.189671
v 0.273292 0.395143 0.189671
v 0.273292 0.103210 0.187872
v 0.273292 0.395143 0.187872
v 0.150952 0.400313 0.189671
v 0.150952 0.400313 0.187872
v 0.273292 0.400313 0.189671
v 0.273292 0.400313 0.187872
v 0.150952 0.429060 0.189671
v 0.150952 0.429060 0.187872
v 0.273292 0.429060 0.187872
v 0.273292 0.429060 0.189671
v 0.208641 0.008985 0.097890
v 0.224244 0.008985 0.113493
v 0.209829 0.008985 0.103861
v 0.213211 0.008985 0.108923
v 0.218273 0.008985 0.112305
v 0.271802 -0.000015 0.097890
v 0.256199 -0.000015 0.113493
v 0.270615 -0.000015 0.103861
v 0.267232 -0.000015 0.108923
v 0.262170 -0.000015 0.112305
v 0.224244 0.008985 0.050331
v 0.208641 0.008985 0.065934
v 0.218273 0.008985 0.051519
v 0.213211 0.008985 0.054901
v 0.209829 0.008985 0.059963
v 0.256199 -0.000015 0.050331
v 0.271802 -0.000015 0.065934
v 0.262170 -0.000015 0.051519
v 0.267232 -0.000015 0.054901
v 0.270615 -0.000015 0.059963
v 0.256199 0.008985 0.113493
v 0.271802 0.008985 0.097890
v 0.262170 0.008985 0.112305
v 0.267232 0.008985 0.108923
v 0.270615 0.008985 0.103861
v 0.224244 -0.000015 0.113493
v 0.208641 -0.000015 0.097890
v 0.218273 -0.000015 0.112305
v 0.213211 -0.000015 0.108923
v 0.209829 -0.000015 0.103861
v 0.271802 0.008985 0.065934
v 0.256199 0.008985 0.050331
v 0.270615 0.008985 0.059963
v 0.267232 0.008985 0.054901
v 0.262170 0.008985 0.051519
v 0.208641 -0.000015 0.065934
v 0.224244 -0.000015 0.050331
v 0.209829 -0.000015 0.059963
v 0.213211 -0.000015 0.054901
v 0.218273 -0.000015 0.051519
v -0.208641 0.008985 0.097890
v -0.224244 0.008985 0.113493
v -0.209829 0.008985 0.103861
v -0.213211 0.008985 0.108923
v -0.218273 0.008985 0.112305
v -0.271802 -0.000015 0.097890
v -0.256199 -0.000015 0.113493
v -0.270615 -0.000015 0.103861
v -0.267232 -0.000015 0.108923
v -0.262170 -0.000015 0.112305
v -0.224244 0.008985 0.050331
v -0.208641 0.008985 0.065934
v -0.218273 0.008985 0.051519
v -0.213211 0.008985 0.054901
v -0.209829 0.008985 0.059963
v -0.256199 -0.000015 0.050331
v -0.271802 -0.000015 0.065934
v -0.262170 -0.000015 0.051519
v -0.267232 -0.000015 0.054901
v -0.270615 -0.000015 0.059963
v -0.256199 0.008985 0.113493
v -0.271802 0.008985 0.097890
v -0.262170 0.008985 0.112305
v -0.267232 0.008985 0.108923
v -0.270615 0.008985 0.103861
v -0.224244 -0.000015 0.113493
v -0.208641 -0.000015 0.097890
v -0.218273 -0.000015 0.112305
v -0.213211 -0.000015 0.108923
v -0.209829 -0.000015 0.103861
v -0.271802 0.008985 0.065934
v -0.256199 0.008985 0.050331
v -0.270615 0.008985 0.059963
v -0.267232 0.008985 0.054901
v -0.262170 0.008985 0.051519
v -0.208641 -0.000015 0.065934
v -0.224244 -0.000015 0.050331
v -0.209829 -0.000015 0.059963
v -0.213211 -0.000015 0.054901
v -0.218273 -0.000015 0.051519
v 0.208641 0.008984 -0.168662
v 0.224244 0.008984 -0.184265
v 0.209829 0.008984 -0.174633
v 0.213211 0.008984 -0.179695
v 0.218273 0.008984 -0.183078
v 0.271802 -0.000016 -0.168662
v 0.256199 -0.000016 -0.184265
v 0.270615 -0.000016 -0.174633
v 0.267232 -0.000016 -0.179695
v 0.262170 -0.000016 -0.183078
v 0.224244 0.008985 -0.121104
v 0.208641 0.008985 -0.136707
v 0.218273 0.008985 -0.122291
v 0.213211 0.008985 -0.125674
v 0.209829 0.008985 -0.130736
v 0.256199 -0.000015 -0.121104
v 0.271802 -0.000015 -0.136707
v 0.262170 -0.000015 -0.122291
v 0.267232 -0.000015 -0.125674
v 0.270615 -0.000015 -0.130736
v 0.256199 0.008984 -0.184265
v 0.271802 0.008984 -0.168662
v 0.262170 0.008984 -0.183078
v 0.267232 0.008984 -0.179695
v 0.270615 0.008984 -0.174633
v 0.224244 -0.000016 -0.184265
v 0.208641 -0.000016 -0.168662
v 0.218273 -0.000016 -0.183078
v 0.213211 -0.000016 -0.179695
v 0.209829 -0.000016 -0.174633
v 0.271802 0.008985 -0.136707
v 0.256199 0.008985 -0.121104
v 0.270615 0.008985 -0.130736
v 0.267232 0.008985 -0.125674
v 0.262170 0.008985 -0.122291
v 0.208641 -0.000015 -0.136707
v 0.224244 -0.000015 -0.121104
v 0.209829 -0.000015 -0.130736
v 0.213211 -0.000015 -0.125674
v 0.218273 -0.000015 -0.122291
v -0.208641 0.008984 -0.168662
v -0.224244 0.008984 -0.184265
v -0.209829 0.008984 -0.174633
v -0.213211 0.008984 -0.179695
v -0.218273 0.008984 -0.183078
v -0.271802 -0.000016 -0.168662
v -0.256199 -0.000016 -0.184265
v -0.270615 -0.000016 -0.174633
v -0.267232 -0.000016 -0.179695
v -0.262170 -0.000016 -0.183078
v -0.224244 0.008985 -0.121104
v -0.208641 0.008985 -0.136707
v -0.218273 0.008985 -0.122291
v -0.213211 0.008985 -0.125674
v -0.209829 0.008985 -0.130736
v -0.256199 -0.000015 -0.121104
v -0.271802 -0.000015 -0.136707
v -0.262170 -0.000015 -0.122291
v -0.267232 -0.000015 -0.125674
v -0.270615 -0.000015 -0.130736
v -0.256199 0.008984 -0.184265
v -0.271802 0.008984 -0.168662
v -0.262170 0.008984 -0.183078
v -0.267232 0.008984 -0.179695
v -0.270615 0.008984 -0.174633
v -0.224244 -0.000016 -0.184265
v -0.208641 -0.000016 -0.168662
v -0.218273 -0.000016 -0.183078
v -0.213211 -0.000016 -0.179695
v -0.209829 -0.000016 -0.174633
v -0.271802 0.008985 -0.136707
v -0.256199 0.008985 -0.121104
v -0.270615 0.008985 -0.130736
v -0.267232 0.008985 -0.125674
v -0.262170 0.008985 -0.122291
v -0.208641 -0.000015 -0.136707
v -0.224244 -0.000015 -0.121104
v -0.209829 -0.000015 -0.130736
v -0.213211 -0.000015 -0.125674
v -0.218273 -0.000015 -0.122291
v -0.204648 0.056871 0.151984
v -0.204648 0.056871 0.165852
v -0.204648 0.053567 0.151984
v -0.204648 0.053567 0.165852
v -0.205579 0.050397 0.151984
v -0.205579 0.050397 0.165852
v -0.207365 0.047617 0.151984
v -0.207365 0.047617 0.165852
v -0.209862 0.045454 0.151984
v -0.209862 0.045454 0.165852
v -0.212867 0.044081 0.151984
v -0.212867 0.044081 0.165852
v -0.216138 0.043611 0.151984
v -0.216138 0.043611 0.165852
v -0.219408 0.044081 0.151984
v -0.219408 0.044081 0.165852
v -0.222413 0.045454 0.151984
v -0.222413 0.045454 0.165852
v -0.224910 0.047617 0.151984
v -0.224910 0.047617 0.165852
v -0.226697 0.050397 0.151984
v -0.226697 0.050397 0.165852
v -0.227628 0.053567 0.151984
v -0.227628 0.053567 0.165852
v -0.227628 0.056871 0.151984
v -0.227628 0.056871 0.165852
v -0.204648 0.055219 0.165852
v -0.227628 0.055219 0.165852
v -0.174648 0.056871 0.151984
v -0.174648 0.056871 0.165852
v -0.174648 0.053567 0.151984
v -0.174648 0.053567 0.165852
v -0.175579 0.050397 0.151984
v -0.175579 0.050397 0.165852
v -0.177365 0.047617 0.151984
v -0.177365 0.047617 0.165852
v -0.179862 0.045454 0.151984
v -0.179862 0.045454 0.165852
v -0.182867 0.044081 0.151984
v -0.182867 0.044081 0.165852
v -0.186138 0.043611 0.151984
v -0.186138 0.043611 0.165852
v -0.189408 0.044081 0.151984
v -0.189408 0.044081 0.165852
v -0.192413 0.045454 0.151984
v -0.192413 0.045454 0.165852
v -0.194910 0.047617 0.151984
v -0.194910 0.047617 0.165852
v -0.196697 0.050397 0.151984
v -0.196697 0.050397 0.165852
v -0.197628 0.053567 0.151984
v -0.197628 0.053567 0.165852
v -0.197628 0.056871 0.151984
v -0.197628 0.056871 0.165852
v -0.174648 0.055219 0.165852
v -0.197628 0.055219 0.165852
v -0.144648 0.056871 0.151984
v -0.144648 0.056871 0.165852
v -0.144648 0.053567 0.151984
v -0.144648 0.053567 0.165852
v -0.145579 0.050397 0.151984
v -0.145579 0.050397 0.165852
v -0.147365 0.047617 0.151984
v -0.147365 0.047617 0.165852
v -0.149862 0.045454 0.151984
v -0.149862 0.045454 0.165852
v -0.152867 0.044081 0.151984
v -0.152867 0.044081 0.165852
v -0.156138 0.043611 0.151984
v -0.156138 0.043611 0.165852
v -0.159408 0.044081 0.151984
v -0.159408 0.044081 0.165852
v -0.162413 0.045454 0.151984
v -0.162413 0.045454 0.165852
v -0.164910 0.047617 0.151984
v -0.164910 0.047617 0.165852
v -0.166697 0.050397 0.151984
v -0.166697 0.050397 0.165852
v -0.167628 0.053567 0.151984
v -0.167628 0.053567 0.165852
v -0.167628 0.056871 0.151984
v -0.167628 0.056871 0.165852
v -0.144648 0.055219 0.165852
v -0.167628 0.055219 0.165852
v -0.114648 0.056871 0.151984
v -0.114648 0.056871 0.165852
v -0.114648 0.053567 0.151984
v -0.114648 0.053567 0.165852
v -0.115579 0.050397 0.151984
v -0.115579 0.050397 0.165852
v -0.117365 0.047617 0.151984
v -0.117365 0.047617 0.165852
v -0.119862 0.045454 0.151984
v -0.119862 0.045454 0.165852
v -0.122867 0.044081 0.151984
v -0.122867 0.044081 0.165852
v -0.126138 0.043611 0.151984
v -0.126138 0.043611 0.165852
v -0.129408 0.044081 0.151984
v -0.129408 0.044081 0.165852
v -0.132413 0.045454 0.151984
v -0.132413 0.045454 0.165852
v -0.134910 0.047617 0.151984
v -0.134910 0.047617 0.165852
v -0.136697 0.050397 0.151984
v -0.136697 0.050397 0.165852
v -0.137628 0.053567 0.151984
v -0.137628 0.053567 0.165852
v -0.137628 0.056871 0.151984
v -0.137628 0.056871 0.165852
v -0.114648 0.055219 0.165852
v -0.137628 0.055219 0.165852
v 0.212122 0.380043 0.189671
v 0.212122 0.376922 0.199819
v 0.220520 0.379024 0.189671
v 0.219773 0.375993 0.199819
v 0.228430 0.376024 0.189671
v 0.226979 0.373260 0.199819
v 0.235392 0.371218 0.189671
v 0.233322 0.368882 0.199819
v 0.241002 0.364886 0.189671
v 0.238433 0.363113 0.199819
v 0.244933 0.357396 0.189671
v 0.242014 0.356289 0.199819
v 0.246958 0.349182 0.189671
v 0.243859 0.348806 0.199819
v 0.246958 0.340722 0.189671
v 0.243859 0.341099 0.199819
v 0.244933 0.332508 0.189671
v 0.242014 0.333615 0.199819
v 0.241002 0.325018 0.189671
v 0.238433 0.326791 0.199819
v 0.235392 0.318686 0.189671
v 0.233322 0.321022 0.199819
v 0.228430 0.313880 0.189671
v 0.226979 0.316644 0.199819
v 0.220520 0.310880 0.189671
v 0.219773 0.313911 0.199819
v 0.212122 0.309861 0.189671
v 0.212122 0.312982 0.199819
v 0.203724 0.310880 0.189671
v 0.204471 0.313911 0.199819
v 0.195814 0.313880 0.189671
v 0.197265 0.316644 0.199819
v 0.188852 0.318686 0.189671
v 0.190922 0.321022 0.199819
v 0.183242 0.325018 0.189671
v 0.185811 0.326791 0.199819
v 0.179311 0.332508 0.189671
v 0.182230 0.333615 0.199819
v 0.177286 0.340722 0.189671
v 0.180385 0.341099 0.199819
v 0.177286 0.349182 0.189671
v 0.180385 0.348806 0.199819
v 0.179311 0.357396 0.189671
v 0.182230 0.356289 0.199819
v 0.183242 0.364886 0.189671
v 0.185811 0.363113 0.199819
v 0.188852 0.371218 0.189671
v 0.190922 0.368882 0.199819
v 0.195814 0.376024 0.189671
v 0.197265 0.373260 0.199819
v 0.203724 0.379024 0.189671
v 0.204471 0.375993 0.199819
v 0.220520 0.379024 0.199819
v 0.212122 0.380043 0.199819
v 0.228430 0.376024 0.199819
v 0.235392 0.371218 0.199819
v 0.241002 0.364886 0.199819
v 0.244933 0.357396 0.199819
v 0.246958 0.349182 0.199819
v 0.246958 0.340722 0.199819
v 0.244933 0.332508 0.199819
v 0.241002 0.325018 0.199819
v 0.235392 0.318686 0.199819
v 0.228430 0.313880 0.199819
v 0.220520 0.310880 0.199819
v 0.212122 0.309861 0.199819
v 0.203724 0.310880 0.199819
v 0.195814 0.313880 0.199819
v 0.188852 0.318686 0.199819
v 0.183242 0.325018 0.199819
v 0.179311 0.332508 0.199819
v 0.177286 0.340722 0.199819
v 0.177286 0.349182 0.199819
v 0.179311 0.357396 0.199819
v 0.183242 0.364886 0.199819
v 0.188852 0.371218 0.199819
v 0.195814 0.376024 0.199819
v 0.203724 0.379024 0.199819
v 0.217070 0.365026 0.197590
v 0.212122 0.365627 0.197590
v 0.221730 0.363259 0.197590
v 0.225832 0.360427 0.197590
v 0.229137 0.356697 0.197590
v 0.231453 0.352283 0.197590
v 0.232646 0.347444 0.197590
v 0.232646 0.342460 0.197590
v 0.231453 0.337621 0.197590
v 0.229137 0.333207 0.197590
v 0.225832 0.329477 0.197590
v 0.221730 0.326645 0.197590
v 0.217070 0.324878 0.197590
v 0.212122 0.324277 0.197590
v 0.207174 0.324878 0.197590
v 0.202514 0.326645 0.197590
v 0.198412 0.329477 0.197590
v 0.195107 0.333207 0.197590
v 0.192791 0.337621 0.197590
v 0.191598 0.342460 0.197590
v 0.191598 0.347444 0.197590
v 0.192791 0.352283 0.197590
v 0.195107 0.356697 0.197590
v 0.198412 0.360427 0.197590
v 0.202514 0.363259 0.197590
v 0.207174 0.365026 0.197590
v 0.219497 0.374875 0.197590
v 0.212122 0.375771 0.197590
v 0.226444 0.372241 0.197590
v 0.232559 0.368020 0.197590
v 0.237485 0.362459 0.197590
v 0.240938 0.355881 0.197590
v 0.242716 0.348667 0.197590
v 0.242716 0.341237 0.197590
v 0.240938 0.334024 0.197590
v 0.237485 0.327445 0.197590
v 0.232559 0.321884 0.197590
v 0.226444 0.317663 0.197590
v 0.219497 0.315029 0.197590
v 0.212122 0.314133 0.197590
v 0.204747 0.315029 0.197590
v 0.197800 0.317663 0.197590
v 0.191685 0.321884 0.197590
v 0.186759 0.327445 0.197590
v 0.183306 0.334024 0.197590
v 0.181528 0.341237 0.197590
v 0.181528 0.348667 0.197590
v 0.183306 0.355881 0.197590
v 0.186759 0.362459 0.197590
v 0.191685 0.368020 0.197590
v 0.197800 0.372241 0.197590
v 0.204747 0.374875 0.197590
v 0.220814 0.364874 0.195978
v 0.214232 0.366585 0.195978
v 0.207444 0.366178 0.195978
v 0.201114 0.363694 0.195978
v 0.195861 0.359375 0.195978
v 0.192200 0.353644 0.195978
v 0.190489 0.347062 0.195978
v 0.190896 0.340274 0.195978
v 0.193380 0.333944 0.195978
v 0.197699 0.328691 0.195978
v 0.203430 0.325030 0.195978
v 0.210012 0.323319 0.195978
v 0.216800 0.323726 0.195978
v 0.223130 0.326210 0.195978
v 0.228383 0.330529 0.195978
v 0.232044 0.336260 0.195978
v 0.233755 0.342842 0.195978
v 0.233348 0.349630 0.195978
v 0.230864 0.355960 0.195978
v 0.226545 0.361213 0.195978
v 0.226545 0.361213 0.201832
v 0.230864 0.355960 0.201832
v 0.233348 0.349630 0.201832
v 0.233755 0.342842 0.201832
v 0.232044 0.336260 0.201832
v 0.228383 0.330529 0.201832
v 0.223130 0.326210 0.201832
v 0.216800 0.323726 0.201832
v 0.210012 0.323319 0.201832
v 0.203430 0.325030 0.201832
v 0.197699 0.328691 0.201832
v 0.193380 0.333944 0.201832
v 0.190896 0.340274 0.201832
v 0.190489 0.347062 0.201832
v 0.192200 0.353644 0.201832
v 0.195861 0.359375 0.201832
v 0.201114 0.363694 0.201832
v 0.207444 0.366178 0.201832
v 0.214232 0.366585 0.201832
v 0.220814 0.364874 0.201832
v 0.197699 0.328691 0.206419
v 0.200683 0.333362 0.212444
v 0.198099 0.329317 0.209432
v 0.199191 0.331027 0.211637
v 0.206414 0.329701 0.212444
v 0.203430 0.325030 0.206419
v 0.204922 0.327366 0.211637
v 0.203830 0.325656 0.209432
v 0.226545 0.361213 0.206419
v 0.223561 0.356542 0.212444
v 0.226145 0.360587 0.209432
v 0.225053 0.358877 0.211637
v 0.217830 0.360203 0.212444
v 0.220814 0.364874 0.206419
v 0.219322 0.362538 0.211637
v 0.220414 0.364248 0.209432
v 0.212122 0.300043 0.189671
v 0.212122 0.296922 0.199819
v 0.220520 0.299024 0.189671
v 0.219773 0.295993 0.199819
v 0.228430 0.296024 0.189671
v 0.226979 0.293260 0.199819
v 0.235392 0.291218 0.189671
v 0.233322 0.288882 0.199819
v 0.241002 0.284886 0.189671
v 0.238433 0.283113 0.199819
v 0.244933 0.277396 0.189671
v 0.242014 0.276289 0.199819
v 0.246958 0.269182 0.189671
v 0.243859 0.268806 0.199819
v 0.246958 0.260722 0.189671
v 0.243859 0.261099 0.199819
v 0.244933 0.252508 0.189671
v 0.242014 0.253615 0.199819
v 0.241002 0.245018 0.189671
v 0.238433 0.246791 0.199819
v 0.235392 0.238686 0.189671
v 0.233322 0.241022 0.199819
v 0.228430 0.233880 0.189671
v 0.226979 0.236644 0.199819
v 0.220520 0.230880 0.189671
v 0.219773 0.233911 0.199819
v 0.212122 0.229861 0.189671
v 0.212122 0.232982 0.199819
v 0.203724 0.230880 0.189671
v 0.204471 0.233911 0.199819
v 0.195814 0.233880 0.189671
v 0.197265 0.236644 0.199819
v 0.188852 0.238686 0.189671
v 0.190922 0.241022 0.199819
v 0.183242 0.245018 0.189671
v 0.185811 0.246791 0.199819
v 0.179311 0.252508 0.189671
v 0.182230 0.253615 0.199819
v 0.177286 0.260722 0.189671
v 0.180385 0.261099 0.199819
v 0.177286 0.269182 0.189671
v 0.180385 0.268806 0.199819
v 0.179311 0.277396 0.189671
v 0.182230 0.276289 0.199819
v 0.183242 0.284886 0.189671
v 0.185811 0.283113 0.199819
v 0.188852 0.291218 0.189671
v 0.190922 0.288882 0.199819
v 0.195814 0.296024 0.189671
v 0.197265 0.293260 0.199819
v 0.203724 0.299024 0.189671
v 0.204471 0.295993 0.199819
v 0.220520 0.299024 0.199819
v 0.212122 0.300043 0.199819
v 0.228430 0.296024 0.199819
v 0.235392 0.291218 0.199819
v 0.241002 0.284886 0.199819
v 0.244933 0.277396 0.199819
v 0.246958 0.269182 0.199819
v 0.246958 0.260722 0.199819
v 0.244933 0.252508 0.199819
v 0.241002 0.245018 0.199819
v 0.235392 0.238686 0.199819
v 0.228430 0.233880 0.199819
v 0.220520 0.230880 0.199819
v 0.212122 0.229861 0.199819
v 0.203724 0.230880 0.199819
v 0.195814 0.233880 0.199819
v 0.188852 0.238686 0.199819
v 0.183242 0.245018 0.199819
v 0.179311 0.252508 0.199819
v 0.177286 0.260722 0.199819
v 0.177286 0.269182 0.199819
v 0.179311 0.277396 0.199819
v 0.183242 0.284886 0.199819
v 0.188852 0.291218 0.199819
v 0.195814 0.296024 0.199819
v 0.203724 0.299024 0.199819
v 0.217070 0.285026 0.197590
v 0.212122 0.285627 0.197590
v 0.221730 0.283259 0.197590
v 0.225832 0.280427 0.197590
v 0.229137 0.276697 0.197590
v 0.231453 0.272283 0.197590
v 0.232646 0.267444 0.197590
v 0.232646 0.262460 0.197590
v 0.231453 0.257621 0.197590
v 0.229137 0.253207 0.197590
v 0.225832 0.249477 0.197590
v 0.221730 0.246645 0.197590
v 0.217070 0.244878 0.197590
v 0.212122 0.244277 0.197590
v 0.207174 0.244878 0.197590
v 0.202514 0.246645 0.197590
v 0.198412 0.249477 0.197590
v 0.195107 0.253207 0.197590
v 0.192791 0.257621 0.197590
v 0.191598 0.262460 0.197590
v 0.191598 0.267444 0.197590
v 0.192791 0.272283 0.197590
v 0.195107 0.276697 0.197590
v 0.198412 0.280427 0.197590
v 0.202514 0.283259 0.197590
v 0.207174 0.285026 0.197590
v 0.219497 0.294875 0.197590
v 0.212122 0.295771 0.197590
v 0.226444 0.292241 0.197590
v 0.232559 0.288020 0.197590
v 0.237485 0.282459 0.197590
v 0.240938 0.275881 0.197590
v 0.242716 0.268667 0.197590
v 0.242716 0.261237 0.197590
v 0.240938 0.254024 0.197590
v 0.237485 0.247445 0.197590
v 0.232559 0.241884 0.197590
v 0.226444 0.237663 0.197590
v 0.219497 0.235029 0.197590
v 0.212122 0.234133 0.197590
v 0.204747 0.235029 0.197590
v 0.197800 0.237663 0.197590
v 0.191685 0.241884 0.197590
v 0.186759 0.247445 0.197590
v 0.183306 0.254024 0.197590
v 0.181528 0.261237 0.197590
v 0.181528 0.268667 0.197590
v 0.183306 0.275881 0.197590
v 0.186759 0.282459 0.197590
v 0.191685 0.288020 0.197590
v 0.197800 0.292241 0.197590
v 0.204747 0.294875 0.197590
v 0.220814 0.284874 0.195978
v 0.214232 0.286585 0.195978
v 0.207444 0.286178 0.195978
v 0.201114 0.283694 0.195978
v 0.195861 0.279375 0.195978
v 0.192200 0.273644 0.195978
v 0.190489 0.267062 0.195978
v 0.190896 0.260274 0.195978
v 0.193380 0.253944 0.195978
v 0.197699 0.248691 0.195978
v 0.203430 0.245030 0.195978
v 0.210012 0.243319 0.195978
v 0.216800 0.243726 0.195978
v 0.223130 0.246210 0.195978
v 0.228383 0.250529 0.195978
v 0.232044 0.256260 0.195978
v 0.233755 0.262842 0.195978
v 0.233348 0.269630 0.195978
v 0.230864 0.275960 0.195978
v 0.226545 0.281213 0.195978
v 0.226545 0.281213 0.201832
v 0.230864 0.275960 0.201832
v 0.233348 0.269630 0.201832
v 0.233755 0.262842 0.201832
v 0.232044 0.256260 0.201832
v 0.228383 0.250529 0.201832
v 0.223130 0.246210 0.201832
v 0.216800 0.243726 0.201832
v 0.210012 0.243319 0.201832
v 0.203430 0.245030 0.201832
v 0.197699 0.248691 0.201832
v 0.193380 0.253944 0.201832
v 0.190896 0.260274 0.201832
v 0.190489 0.267062 0.201832
v 0.192200 0.273644 0.201832
v 0.195861 0.279375 0.201832
v 0.201114 0.283694 0.201832
v 0.207444 0.286178 0.201832
v 0.214232 0.286585 0.201832
v 0.220814 0.284874 0.201832
v 0.197699 0.248691 0.206419
v 0.200683 0.253362 0.212444
v 0.198099 0.249317 0.209432
v 0.199191 0.251027 0.211637
v 0.206414 0.249701 0.212444
v 0.203430 0.245030 0.206419
v 0.204922 0.247366 0.211637
v 0.203830 0.245656 0.209432
v 0.226545 0.281213 0.206419
v 0.223561 0.276542 0.212444
v 0.226145 0.280587 0.209432
v 0.225053 0.278877 0.211637
v 0.217830 0.280203 0.212444
v 0.220814 0.284874 0.206419
v 0.219322 0.282538 0.211637
v 0.220414 0.284248 0.209432
v 0.247338 0.210032 0.189671
v 0.247338 0.210032 0.198757
v 0.250177 0.209271 0.189671
v 0.250177 0.209271 0.198757
v 0.252255 0.207193 0.189671
v 0.252255 0.207193 0.198757
v 0.253016 0.204354 0.189671
v 0.253016 0.204354 0.198757
v 0.252255 0.201515 0.189671
v 0.252255 0.201515 0.198757
v 0.250177 0.199436 0.189671
v 0.250177 0.199436 0.198757
v 0.247338 0.198676 0.189671
v 0.247338 0.198676 0.198757
v 0.244499 0.199436 0.189671
v 0.244499 0.199436 0.198757
v 0.242420 0.201515 0.189671
v 0.242420 0.201515 0.198757
v 0.241660 0.204354 0.189671
v 0.241660 0.204354 0.198757
v 0.242420 0.207193 0.189671
v 0.242420 0.207193 0.198757
v 0.244499 0.209271 0.189671
v 0.244499 0.209271 0.198757
v 0.250704 0.210185 0.200437
v 0.247338 0.211087 0.200437
v 0.253169 0.207721 0.200437
v 0.254071 0.204354 0.200437
v 0.253169 0.200987 0.200437
v 0.250704 0.198522 0.200437
v 0.247338 0.197620 0.200437
v 0.243971 0.198522 0.200437
v 0.241506 0.200987 0.200437
v 0.240604 0.204354 0.200437
v 0.241506 0.207721 0.200437
v 0.243971 0.210185 0.200437
v 0.250704 0.210185 0.204030
v 0.247338 0.211087 0.204030
v 0.253169 0.207721 0.204030
v 0.254071 0.204354 0.204030
v 0.253169 0.200987 0.204030
v 0.250704 0.198522 0.204030
v 0.247338 0.197620 0.204030
v 0.243971 0.198522 0.204030
v 0.241506 0.200987 0.204030
v 0.240604 0.204354 0.204030
v 0.241506 0.207721 0.204030
v 0.243971 0.210185 0.204030
v 0.213054 0.418611 -0.153303
v 0.213054 0.415918 -0.152428
v 0.213054 0.414254 -0.150137
v 0.213054 0.414254 -0.147305
v 0.213054 0.415918 -0.145014
v 0.213054 0.418611 -0.144139
v 0.213054 0.421304 -0.145014
v 0.213054 0.422969 -0.147305
v 0.213054 0.422969 -0.150137
v 0.213054 0.421304 -0.152428
v -0.236823 0.418611 -0.153303
v -0.236823 0.415918 -0.152428
v -0.236823 0.414254 -0.150137
v -0.236823 0.414254 -0.147305
v -0.236823 0.415918 -0.145014
v -0.236823 0.418611 -0.144139
v -0.236823 0.421304 -0.145014
v -0.236823 0.422969 -0.147305
v -0.236823 0.422969 -0.150137
v -0.236823 0.421304 -0.152428
v -0.266559 0.418611 -0.151965
v -0.266559 0.416704 -0.151346
v -0.236823 0.416704 -0.151346
v -0.266559 0.415526 -0.149724
v -0.236823 0.415526 -0.149724
v -0.266559 0.415526 -0.147718
v -0.236823 0.415526 -0.147718
v -0.266559 0.416704 -0.146096
v -0.236823 0.416704 -0.146096
v -0.266559 0.418611 -0.145477
v -0.236823 0.418611 -0.145477
v -0.266559 0.420518 -0.146096
v -0.236823 0.420518 -0.146096
v -0.266559 0.421697 -0.147718
v -0.236823 0.421697 -0.147718
v -0.266559 0.421697 -0.149724
v -0.236823 0.421697 -0.149724
v -0.266559 0.420518 -0.151346
v -0.236823 0.420518 -0.151346
v -0.236823 0.418611 -0.151965
v -0.268005 0.418611 -0.153358
v -0.268005 0.415886 -0.152472
v -0.268005 0.414202 -0.150154
v -0.268005 0.414202 -0.147288
v -0.268005 0.415886 -0.144970
v -0.268005 0.418611 -0.144084
v -0.268005 0.421337 -0.144970
v -0.268005 0.423021 -0.147288
v -0.268005 0.423021 -0.150154
v -0.268005 0.421337 -0.152472
v -0.270224 0.418611 -0.153358
v -0.270224 0.415886 -0.152472
v -0.270224 0.414202 -0.150154
v -0.270224 0.414202 -0.147288
v -0.270224 0.415886 -0.144970
v -0.270224 0.418611 -0.144084
v -0.270224 0.421337 -0.144970
v -0.270224 0.423021 -0.147288
v -0.270224 0.423021 -0.150154
v -0.270224 0.421337 -0.152472
v 0.126332 0.114147 0.170210
v -0.257135 0.114147 0.170210
v -0.257135 0.404233 0.170210
v 0.126332 0.404233 0.170210
v 0.083724 0.114147 0.168891
v 0.041117 0.114147 0.168220
v -0.001490 0.114147 0.168870
v -0.044098 0.114147 0.171270
v -0.086705 0.114147 0.171270
v -0.129313 0.114147 0.168870
v -0.171920 0.114147 0.168220
v -0.214528 0.114147 0.168891
v -0.257135 0.146379 0.170411
v -0.257135 0.178611 0.170679
v -0.257135 0.210842 0.171219
v -0.257135 0.243074 0.172066
v -0.257135 0.275306 0.172066
v -0.257135 0.307538 0.171219
v -0.257135 0.339769 0.170679
v -0.257135 0.372001 0.170411
v -0.214528 0.404233 0.168891
v -0.171920 0.404233 0.168220
v -0.129313 0.404233 0.168870
v -0.086705 0.404233 0.171270
v -0.044098 0.404233 0.171270
v -0.001490 0.404233 0.168870
v 0.041117 0.404233 0.168220
v 0.083724 0.404233 0.168891
v 0.126332 0.372001 0.170411
v 0.126332 0.339769 0.170679
v 0.126332 0.307538 0.171219
v 0.126332 0.275306 0.172066
v 0.126332 0.243074 0.172066
v 0.126332 0.210842 0.171219
v 0.126332 0.178611 0.170679
v 0.126332 0.146379 0.170411
v 0.083724 0.372001 0.171778
v 0.083724 0.339769 0.173531
v 0.083724 0.307538 0.175427
v 0.083724 0.275306 0.177692
v 0.083724 0.243074 0.177692
v 0.083724 0.210842 0.175427
v 0.083724 0.178611 0.173531
v 0.083724 0.146379 0.171778
v 0.041117 0.372001 0.172684
v 0.041117 0.339769 0.178511
v 0.041117 0.307538 0.181827
v 0.041117 0.275306 0.184714
v 0.041117 0.243074 0.184714
v 0.041117 0.210842 0.181827
v 0.041117 0.178611 0.178511
v 0.041117 0.146379 0.172684
v -0.001490 0.372001 0.174225
v -0.001490 0.339769 0.181213
v -0.001490 0.307538 0.187787
v -0.001490 0.275306 0.190469
v -0.001490 0.243074 0.190469
v -0.001490 0.210842 0.187787
v -0.001490 0.178611 0.181213
v -0.001490 0.146379 0.174225
v -0.044098 0.372001 0.177233
v -0.044098 0.339769 0.183732
v -0.044098 0.307538 0.189270
v -0.044098 0.275306 0.192359
v -0.044098 0.243074 0.192359
v -0.044098 0.210842 0.189270
v -0.044098 0.178611 0.183732
v -0.044098 0.146379 0.177233
v -0.086705 0.372001 0.177233
v -0.086705 0.339769 0.183732
v -0.086705 0.307538 0.189270
v -0.086705 0.275306 0.192359
v -0.086705 0.243074 0.192359
v -0.086705 0.210842 0.189270
v -0.086705 0.178611 0.183732
v -0.086705 0.146379 0.177233
v -0.129313 0.372001 0.174225
v -0.129313 0.339769 0.181213
v -0.129313 0.307538 0.187787
v -0.129313 0.275306 0.190469
v -0.129313 0.243074 0.190469
v -0.129313 0.210842 0.187787
v -0.129313 0.178611 0.181213
v -0.129313 0.146379 0.174225
v -0.171920 0.372001 0.172684
v -0.171920 0.339769 0.178511
v -0.171920 0.307538 0.181827
v -0.171920 0.275306 0.184714
v -0.171920 0.243074 0.184714
v -0.171920 0.210842 0.181827
v -0.171920 0.178611 0.178511
v -0.171920 0.146379 0.172684
v -0.214528 0.372001 0.171778
v -0.214528 0.339769 0.173531
v -0.214528 0.307538 0.175427
v -0.214528 0.275306 0.177692
v -0.214528 0.243074 0.177692
v -0.214528 0.210842 0.175427
v -0.214528 0.178611 0.173531
v -0.214528 0.146379 0.171778
vn -0.0000 0.9528 -0.3035
vn -0.0000 0.7475 -0.6643
vn -0.0000 0.2324 -0.9726
vn -0.0000 -0.0000 1.0000
vn -0.0000 -0.1305 0.9914
vn -0.0000 0.8944 0.4472
vn 1.0000 -0.0000 -0.0000
vn -0.8944 -0.0000 0.4472
vn -1.0000 -0.0000 -0.0000
vn -0.6715 0.1087 -0.7330
vn -0.7601 0.0953 -0.6427
vn -0.0000 1.0000 -0.0000
vn -0.0000 0.9984 0.0559
vn 0.6715 0.1087 -0.7330
vn 0.7601 0.0953 -0.6427
vn 0.0091 0.9627 -0.2704
vn 0.0014 0.9928 -0.1201
vn 0.0046 0.9927 -0.1208
vn 0.8944 -0.0000 0.4472
vn -0.0000 -1.0000 -0.0000
vn -0.0000 -0.7071 0.7071
vn -0.0000 0.5270 0.8499
vn -0.0000 0.5271 0.8498
vn -0.0000 0.3830 0.9237
vn -0.9963 -0.0000 0.0854
vn 0.9963 -0.0000 0.0854
vn -0.0000 -0.9984 0.0559
vn -0.8785 -0.0000 0.4778
vn -0.3676 -0.4467 0.8157
vn -0.3676 0.4467 0.8157
vn -0.0000 -0.9425 0.3343
vn 0.3676 -0.4467 0.8157
vn 0.8785 -0.0000 0.4778
vn 0.3676 0.4467 0.8157
vn -0.0000 -0.8117 0.5841
vn 0.0003 -0.5593 0.8290
vn 0.0003 -0.5544 0.8322
vn -0.0000 0.8117 0.5841
vn -0.0000 0.9574 -0.2889
vn -0.0052 0.9642 -0.2652
vn -0.0007 0.9923 -0.1236
vn 0.0031 0.9558 -0.2941
vn 0.0012 0.9520 -0.3060
vn 0.0027 0.7405 -0.6720
vn -0.0000 -0.0000 -1.0000
vn -0.0090 -0.0286 -0.9995
vn -0.0128 -0.0405 -0.9991
vn 0.0061 0.2131 -0.9770
vn 0.0061 0.2134 -0.9770
vn -0.0200 -0.0632 -0.9978
vn -0.0007 0.9926 -0.1214
vn -0.0009 0.9957 -0.0928
vn -0.0018 0.9913 -0.1315
vn -0.0000 0.1467 -0.9892
vn -0.0000 0.8772 -0.4802
vn 0.3623 0.4869 -0.7948
vn -0.3379 0.4814 -0.8088
vn 0.3625 -0.2482 -0.8983
vn -0.3455 -0.2488 -0.9048
vn -0.7721 0.0932 -0.6286
vn 0.8206 0.0878 -0.5648
vn -0.0053 -0.7502 -0.6612
vn -0.1411 0.9680 -0.2076
vn 0.1412 0.9679 -0.2078
vn 0.1080 0.9737 -0.2004
vn -0.1081 0.9738 -0.2003
vn -0.0044 0.9930 -0.1181
vn -0.0110 0.9925 -0.1217
vn -0.0150 0.9936 -0.1118
vn -0.0001 0.9953 -0.0969
vn 0.0200 0.9920 -0.1245
vn 0.0339 0.9932 -0.1116
vn 0.0021 -0.0000 -1.0000
vn 0.0001 0.9986 -0.0525
vn 0.0003 0.9979 -0.0646
vn -0.0000 -1.0000 0.0056
vn -1.0000 -0.0001 -0.0038
vn 1.0000 0.0003 0.0083
vn -0.0000 0.1334 -0.9911
vn 0.0057 0.8144 -0.5803
vn 0.0057 0.8132 -0.5820
vn 0.0077 0.5136 -0.8580
vn 0.0077 0.5125 -0.8586
vn -0.0000 0.8183 -0.5747
vn -0.0000 0.5259 -0.8506
vn 0.9487 0.1600 -0.2727
vn 0.9556 0.1236 -0.2674
vn 0.8204 0.4890 -0.2965
vn 0.8053 0.5132 -0.2969
vn 0.4555 0.8494 -0.2667
vn 0.4789 0.8353 -0.2701
vn -0.9557 0.1235 -0.2670
vn -0.9488 0.1599 -0.2723
vn -0.8054 0.5132 -0.2965
vn -0.8205 0.4889 -0.2961
vn -0.4789 0.8354 -0.2698
vn -0.4556 0.8494 -0.2663
vn 0.7793 -0.0000 0.6266
vn 0.5008 0.0004 0.8655
vn 0.4922 0.0004 0.8705
vn -0.0003 -0.6928 -0.7212
vn -0.0002 -0.6688 -0.7434
vn 0.0004 -0.0000 -1.0000
vn 0.0005 -0.0000 -1.0000
vn 0.0005 -0.0889 -0.9960
vn 0.0004 -0.3071 -0.9517
vn 0.0001 -0.5435 -0.8394
vn 0.9685 -0.0000 -0.2491
vn 0.0005 0.0001 -1.0000
vn -0.9596 0.0068 -0.2814
vn -0.9555 0.0096 -0.2950
vn 0.9552 0.0096 -0.2958
vn 0.9594 0.0068 -0.2821
vn -0.9686 -0.0000 -0.2488
vn -0.0000 -0.9914 0.1305
vn -0.0000 -0.8660 0.5000
vn -0.0000 -0.5000 0.8660
vn -0.0000 0.9425 0.3343
vn -0.0000 0.9820 0.1889
vn -0.9587 -0.0000 0.2844
vn -0.0000 -0.9820 0.1889
vn 0.9587 -0.0000 0.2844
vn -0.7793 -0.0000 0.6266
vn -0.5085 -0.0000 0.8610
vn -0.5102 -0.0000 0.8601
vn 0.3359 0.0006 0.9419
vn 0.0004 -0.4340 0.9009
vn -0.3611 -0.0000 0.9325
vn -1.0000 -0.0034 -0.0000
vn -0.0018 1.0000 -0.0000
vn -0.0000 -0.7071 -0.7071
vn -0.0000 -0.9239 -0.3827
vn 0.0004 0.0001 -1.0000
vn 0.1934 -0.0000 0.9811
vn 0.1967 -0.0000 0.9805
vn -0.1934 -0.0000 0.9811
vn -0.1967 -0.0000 0.9805
vn 0.9811 -0.0000 -0.1934
vn 0.9805 -0.0000 -0.1967
vn 0.9811 -0.0000 0.1934
vn 0.9805 -0.0000 0.1967
vn 0.4622 0.5259 -0.7140
vn 0.1538 0.5259 -0.8365
vn -0.9811 -0.0000 0.1934
vn -0.9805 -0.0000 0.1967
vn -0.9811 -0.0000 -0.1934
vn -0.9805 -0.0000 -0.1967
vn -0.1934 -0.0000 -0.9811
vn -0.1967 -0.0000 -0.9805
vn 0.1934 -0.0000 -0.9811
vn 0.1967 -0.0000 -0.9805
vn -0.5542 -0.0000 0.8324
vn -0.5570 -0.0000 0.8305
vn -0.8305 -0.0000 0.5570
vn -0.8324 -0.0000 0.5542
vn -0.5542 -0.0000 -0.8324
vn -0.5570 -0.0000 -0.8305
vn -0.8305 -0.0000 -0.5570
vn -0.8324 -0.0000 -0.5542
vn 0.8324 -0.0000 -0.5542
vn 0.8305 -0.0000 -0.5570
vn 0.5570 -0.0000 -0.8305
vn 0.5542 -0.0000 -0.8324
vn 0.5542 -0.0000 0.8324
vn 0.5570 -0.0000 0.8305
vn 0.8305 -0.0000 0.5570
vn 0.8324 -0.0000 0.5542
vn -0.2093 -0.0000 -0.9779
vn -0.5676 -0.0000 -0.8233
vn -0.7003 0.5259 0.4827
vn -0.4622 0.5259 0.7140
vn 0.8317 0.5259 -0.1780
vn 0.7003 0.5259 -0.4827
vn -0.4827 0.5259 -0.7003
vn -0.7140 0.5259 -0.4622
vn -0.8365 0.5259 -0.1538
vn -0.8317 0.5259 0.1780
vn 0.7140 0.5259 0.4622
vn 0.8365 0.5259 0.1538
vn 0.1780 0.5259 0.8317
vn 0.4827 0.5259 0.7003
vn -0.1538 0.5259 0.8365
vn -0.1780 0.5259 -0.8317
vn -0.1809 -0.0000 0.9835
vn 0.2093 -0.0000 0.9779
vn 0.5676 -0.0000 0.8233
vn 0.7173 -0.0000 0.6968
vn -0.5435 -0.0000 0.8394
vn 0.6968 -0.0000 -0.7173
vn 0.5435 -0.0000 -0.8394
vn -0.7173 -0.0000 -0.6968
vn -0.6968 -0.0000 0.7173
vn 0.1809 -0.0000 -0.9835
vn 0.0145 -0.0000 0.9999
vn -0.0145 -0.0000 -0.9999
vn 0.0001 1.0000 -0.0000
vn 0.1951 0.9808 -0.0000
vn -0.1951 0.9808 -0.0000
vn -0.9808 0.1951 -0.0000
vn 0.9914 -0.1305 -0.0000
vn 0.9808 0.1951 -0.0000
vn 0.1305 -0.9914 -0.0000
vn 0.5000 -0.8660 -0.0000
vn 0.8660 -0.5000 -0.0000
vn -0.7071 0.7071 -0.0000
vn 0.7071 0.7071 -0.0000
vn -0.0980 -0.0000 -0.9952
vn 0.0980 -0.0000 -0.9952
vn 0.0980 -0.0000 0.9952
vn -0.0980 -0.0000 0.9952
vn 0.9952 -0.0000 -0.0980
vn 0.9952 -0.0000 0.0980
vn -0.9952 -0.0000 0.0980
vn -0.9952 -0.0000 -0.0980
vn -0.9239 -0.0000 -0.3827
vn -0.7071 -0.0000 -0.7071
vn -0.3827 -0.0000 -0.9239
vn 0.9239 -0.0000 -0.3827
vn 0.7071 -0.0000 -0.7071
vn 0.3827 -0.0000 -0.9239
vn 0.9239 -0.0000 0.3827
vn 0.7071 -0.0000 0.7071
vn 0.3827 -0.0000 0.9239
vn -0.9239 -0.0000 0.3827
vn -0.7071 -0.0000 0.7071
vn -0.3827 -0.0000 0.9239
vn 0.7290 -0.1048 0.6764
vn 0.9898 -0.1423 -0.0000
vn 0.6699 -0.3060 0.6764
vn 0.9096 -0.4154 -0.0000
vn 0.5566 -0.4823 0.6764
vn 0.7557 -0.6549 -0.0000
vn 0.3982 -0.6196 0.6764
vn 0.5406 -0.8413 -0.0000
vn 0.2075 -0.7067 0.6764
vn 0.2817 -0.9595 -0.0000
vn -0.0000 -0.7365 0.6764
vn -0.2075 -0.7067 0.6764
vn -0.2817 -0.9595 -0.0000
vn -0.3982 -0.6196 0.6764
vn -0.5406 -0.8413 -0.0000
vn -0.5566 -0.4823 0.6764
vn -0.7557 -0.6549 -0.0000
vn -0.6699 -0.3060 0.6764
vn -0.9096 -0.4154 -0.0000
vn -0.7290 -0.1048 0.6764
vn -0.9898 -0.1423 -0.0000
vn -0.0000 0.7323 0.6810
vn 0.1753 0.7110 0.6810
vn 0.2393 0.9709 -0.0000
vn 0.3403 0.6484 0.6810
vn 0.4647 0.8855 -0.0000
vn 0.4856 0.5481 0.6810
vn 0.6631 0.7485 -0.0000
vn 0.6027 0.4160 0.6810
vn 0.8230 0.5681 -0.0000
vn 0.6847 0.2597 0.6810
vn 0.9350 0.3546 -0.0000
vn 0.7270 0.0883 0.6810
vn 0.9927 0.1205 -0.0000
vn 0.7270 -0.0883 0.6810
vn 0.9927 -0.1205 -0.0000
vn 0.6847 -0.2597 0.6810
vn 0.9350 -0.3546 -0.0000
vn 0.6027 -0.4160 0.6810
vn 0.8230 -0.5681 -0.0000
vn 0.4856 -0.5481 0.6810
vn 0.6631 -0.7485 -0.0000
vn 0.3403 -0.6484 0.6810
vn 0.4647 -0.8855 -0.0000
vn 0.1753 -0.7110 0.6810
vn 0.2393 -0.9709 -0.0000
vn -0.0000 -0.7323 0.6810
vn -0.1753 -0.7110 0.6810
vn -0.2393 -0.9709 -0.0000
vn -0.3403 -0.6484 0.6810
vn -0.4647 -0.8855 -0.0000
vn -0.4856 -0.5481 0.6810
vn -0.6631 -0.7485 -0.0000
vn -0.6027 -0.4160 0.6810
vn -0.8230 -0.5681 -0.0000
vn -0.6847 -0.2597 0.6810
vn -0.9350 -0.3546 -0.0000
vn -0.7270 -0.0883 0.6810
vn -0.9927 -0.1205 -0.0000
vn -0.7270 0.0883 0.6810
vn -0.9927 0.1205 -0.0000
vn -0.6847 0.2597 0.6810
vn -0.9350 0.3546 -0.0000
vn -0.6027 0.4160 0.6810
vn -0.8230 0.5681 -0.0000
vn -0.4856 0.5481 0.6810
vn -0.6631 0.7485 -0.0000
vn -0.3403 0.6484 0.6810
vn -0.4647 0.8855 -0.0000
vn 0.4031 0.2783 0.8718
vn 0.3248 0.3667 0.8718
vn 0.3635 0.4103 0.8363
vn 0.4512 0.3114 0.8364
vn -0.1753 0.7110 0.6810
vn -0.2393 0.9709 -0.0000
vn -0.0000 -0.4899 0.8718
vn -0.1172 -0.4756 0.8718
vn -0.2276 -0.4337 0.8718
vn -0.3248 -0.3667 0.8718
vn -0.4031 -0.2783 0.8718
vn -0.4580 -0.1737 0.8718
vn -0.4863 -0.0590 0.8718
vn -0.4863 0.0590 0.8718
vn -0.4580 0.1737 0.8718
vn -0.4031 0.2783 0.8718
vn -0.3248 0.3667 0.8718
vn -0.2276 0.4337 0.8718
vn -0.1172 0.4756 0.8718
vn -0.0000 0.4899 0.8718
vn 0.1172 0.4756 0.8718
vn 0.2276 0.4337 0.8718
vn 0.4580 0.1737 0.8718
vn 0.4863 0.0590 0.8718
vn 0.4863 -0.0590 0.8718
vn 0.4580 -0.1737 0.8718
vn 0.4031 -0.2783 0.8718
vn 0.3248 -0.3667 0.8718
vn 0.2276 -0.4337 0.8718
vn 0.1172 -0.4756 0.8718
vn -0.4512 0.3114 0.8364
vn -0.3635 0.4103 0.8364
vn 0.2548 -0.4854 0.8364
vn 0.1312 -0.5323 0.8364
vn -0.2548 -0.4854 0.8363
vn -0.3635 -0.4103 0.8364
vn 0.5126 0.1944 0.8364
vn -0.2548 0.4854 0.8364
vn -0.0000 -0.5482 0.8364
vn -0.4512 -0.3114 0.8364
vn 0.5442 0.0661 0.8364
vn -0.1312 0.5323 0.8364
vn -0.5126 -0.1944 0.8364
vn 0.5442 -0.0661 0.8364
vn -0.0000 0.5482 0.8364
vn -0.5442 -0.0661 0.8364
vn 0.5126 -0.1944 0.8364
vn 0.1312 0.5323 0.8364
vn -0.5442 0.0661 0.8364
vn 0.4512 -0.3114 0.8364
vn 0.2548 0.4854 0.8364
vn -0.5126 0.1944 0.8364
vn 0.3635 -0.4103 0.8364
vn -0.1312 -0.5323 0.8364
vn 0.6581 -0.4204 0.6247
vn 0.8427 -0.5384 -0.0000
vn 0.9953 -0.0971 -0.0000
vn 0.9166 -0.3999 -0.0000
vn 0.3999 0.9166 -0.0000
vn 0.6636 0.7481 -0.0000
vn 0.5065 -0.8623 -0.0000
vn 0.2152 -0.9766 -0.0000
vn 0.8623 0.5065 -0.0000
vn 0.9766 0.2152 -0.0000
vn 0.7481 -0.6636 -0.0000
vn -0.6636 -0.7481 -0.0000
vn -0.8623 -0.5065 -0.0000
vn -0.0971 -0.9953 -0.0000
vn -0.3999 -0.9166 -0.0000
vn -0.2152 0.9766 -0.0000
vn 0.0971 0.9953 -0.0000
vn -0.9766 -0.2152 -0.0000
vn -0.9953 0.0971 -0.0000
vn -0.9166 0.3999 -0.0000
vn -0.7481 0.6636 -0.0000
vn -0.5065 0.8623 -0.0000
vn -0.6581 0.4204 0.6247
vn -0.8427 0.5384 -0.0000
vn -0.5384 -0.8427 -0.0000
vn -0.5344 -0.8366 0.1206
vn 0.5384 0.8427 -0.0000
vn 0.5344 0.8366 0.1206
vn -0.4743 -0.7425 0.4730
vn -0.2838 -0.4442 0.8498
vn -0.0760 -0.1190 0.9900
vn 0.4743 0.7425 0.4730
vn 0.2838 0.4442 0.8498
vn 0.0760 0.1190 0.9900
vn 0.3635 0.4103 0.8364
vn 0.1312 -0.5323 0.8363
vn 0.5000 0.8660 -0.0000
vn 0.8660 0.5000 -0.0000
vn -0.5000 -0.8660 -0.0000
vn -0.8660 -0.5000 -0.0000
vn -0.8660 0.5000 -0.0000
vn 0.4234 -0.7333 -0.5320
vn 0.7333 -0.4234 -0.5320
vn -0.5000 0.8660 -0.0000
vn 0.8468 -0.0000 -0.5320
vn -0.0000 0.8468 -0.5320
vn -0.4234 0.7333 -0.5320
vn 0.4234 0.7333 -0.5320
vn 0.7333 0.4234 -0.5320
vn -0.7333 0.4234 -0.5320
vn -0.8468 -0.0000 -0.5320
vn -0.7333 -0.4234 -0.5320
vn -0.4234 -0.7333 -0.5320
vn -0.0000 -0.8468 -0.5320
vn -0.0000 -0.5878 -0.8090
vn -0.0000 -0.9511 -0.3090
vn -0.0000 -0.9511 0.3090
vn -0.0000 -0.5878 0.8090
vn -0.0000 0.5878 0.8090
vn -0.0000 0.9511 0.3090
vn -0.0000 0.9511 -0.3090
vn -0.0000 0.5878 -0.8090
vn 0.6937 0.4233 0.5827
vn 0.6937 0.6850 0.2226
vn 0.6937 -0.4233 -0.5827
vn 0.6937 -0.6850 -0.2226
vn 0.6937 0.6850 -0.2226
vn 0.6937 0.4233 -0.5827
vn 0.6937 -0.6850 0.2226
vn 0.6937 -0.4233 0.5827
vn 0.6937 -0.0000 0.7202
vn 0.6937 -0.0000 -0.7202
vn -0.0303 -0.0773 0.9965
vn -0.0250 -0.0396 0.9989
vn -0.0006 -0.0478 0.9989
vn -0.0017 -0.0807 0.9967
vn 0.0250 -0.0396 0.9989
vn 0.0303 -0.0773 0.9965
vn 0.0017 -0.0807 0.9967
vn 0.0006 -0.0478 0.9989
vn 0.0364 -0.1438 0.9889
vn 0.0141 -0.1319 0.9912
vn 0.0500 -0.1806 0.9823
vn 0.0438 -0.1616 0.9859
vn 0.0315 -0.1893 0.9814
vn 0.0313 -0.1773 0.9837
vn -0.0315 -0.1893 0.9814
vn -0.0313 -0.1773 0.9837
vn -0.0500 -0.1806 0.9823
vn -0.0438 -0.1616 0.9859
vn -0.0364 -0.1438 0.9889
vn -0.0141 -0.1319 0.9912
vn 0.0006 0.0478 0.9989
vn 0.0017 0.0807 0.9967
vn 0.0303 0.0773 0.9965
vn 0.0250 0.0396 0.9989
vn 0.0831 0.0664 0.9943
vn 0.0660 0.0345 0.9972
vn 0.1211 0.0611 0.9908
vn 0.0985 0.0428 0.9942
vn 0.1410 0.0317 0.9895
vn 0.1227 0.0240 0.9921
vn 0.1410 -0.0317 0.9895
vn 0.1227 -0.0240 0.9921
vn 0.1211 -0.0611 0.9908
vn 0.0985 -0.0428 0.9942
vn 0.0831 -0.0664 0.9943
vn 0.0660 -0.0345 0.9972
vn 0.0141 0.1320 0.9912
vn 0.0364 0.1438 0.9889
vn 0.0875 0.1357 0.9869
vn 0.1307 0.0989 0.9865
vn 0.1469 0.0410 0.9883
vn 0.1469 -0.0410 0.9883
vn 0.1307 -0.0989 0.9865
vn 0.0875 -0.1357 0.9869
vn 0.0438 0.1616 0.9859
vn 0.0500 0.1806 0.9823
vn 0.0647 0.1836 0.9809
vn 0.0804 0.1275 0.9886
vn 0.0884 0.0436 0.9951
vn 0.0884 -0.0436 0.9951
vn 0.0804 -0.1275 0.9886
vn 0.0647 -0.1836 0.9809
vn 0.0313 0.1773 0.9837
vn 0.0315 0.1893 0.9814
vn 0.0273 0.1890 0.9816
vn 0.0214 0.1347 0.9907
vn 0.0209 0.0462 0.9987
vn 0.0209 -0.0462 0.9987
vn 0.0214 -0.1347 0.9907
vn 0.0273 -0.1890 0.9816
vn -0.0313 0.1773 0.9837
vn -0.0315 0.1893 0.9814
vn -0.0273 0.1890 0.9816
vn -0.0214 0.1347 0.9907
vn -0.0209 0.0462 0.9987
vn -0.0209 -0.0462 0.9987
vn -0.0214 -0.1347 0.9907
vn -0.0273 -0.1890 0.9816
vn -0.0438 0.1616 0.9859
vn -0.0500 0.1806 0.9823
vn -0.0647 0.1836 0.9809
vn -0.0804 0.1275 0.9886
vn -0.0884 0.0436 0.9951
vn -0.0884 -0.0436 0.9951
vn -0.0804 -0.1275 0.9886
vn -0.0647 -0.1836 0.9809
vn -0.0141 0.1320 0.9912
vn -0.0364 0.1438 0.9889
vn -0.0875 0.1357 0.9869
vn -0.1307 0.0989 0.9865
vn -0.1469 0.0410 0.9883
vn -0.1469 -0.0410 0.9883
vn -0.1307 -0.0989 0.9865
vn -0.0875 -0.1357 0.9869
vn -0.0017 0.0807 0.9967
vn -0.0303 0.0773 0.9965
vn -0.0831 0.0664 0.9943
vn -0.1211 0.0611 0.9908
vn -0.1410 0.0317 0.9895
vn -0.1410 -0.0317 0.9895
vn -0.1211 -0.0611 0.9908
vn -0.0831 -0.0664 0.9943
vn -0.0006 0.0478 0.9989
vn -0.0250 0.0396 0.9989
vn -0.0660 0.0345 0.9972
vn -0.0985 0.0428 0.9942
vn -0.1227 0.0240 0.9921
vn -0.1227 -0.0240 0.9921
vn -0.0985 -0.0428 0.9942
vn -0.0660 -0.0345 0.9972
vt 0.968858 0.320331
vt 0.968802 0.478488
vt 0.938134 0.478477
vt 0.938190 0.320320
vt 0.606703 0.740322
vt 0.307049 0.740322
vt 0.307049 0.726620
vt 0.606703 0.726621
vt 0.340206 0.503316
vt 0.340206 0.341507
vt 0.498362 0.341507
vt 0.941418 0.737794
vt 0.946500 0.744937
vt 0.937342 0.736300
vt 0.001503 0.342330
vt 0.281103 0.516378
vt 0.001503 0.659447
vt 0.268688 0.619820
vt 0.485355 0.338919
vt 0.011562 0.338913
vt 0.011562 0.335962
vt 0.485356 0.335974
vt 0.538037 0.175555
vt 0.817636 0.318624
vt 0.550452 0.278998
vt 0.924852 0.001830
vt 0.898477 0.159998
vt 0.874051 0.049784
vt 0.305660 0.715711
vt 0.301867 0.719504
vt 0.296686 0.720892
vt 0.498424 0.001508
vt 0.528879 0.166918
vt 0.498423 0.163316
vt 0.320715 0.342332
vt 0.320714 0.504141
vt 0.290258 0.507742
vt 0.467942 0.957967
vt 0.012915 0.957967
vt 0.002124 0.947176
vt 0.478733 0.947176
vt 0.991071 0.490650
vt 0.991070 0.786182
vt 0.980280 0.796973
vt 0.980280 0.479859
vt 0.012566 0.962297
vt 0.308098 0.962299
vt 0.318889 0.973090
vt 0.001774 0.973088
vt 0.282984 0.720892
vt 0.307049 0.710530
vt 0.005505 0.943796
vt 0.475353 0.943797
vt 0.813443 0.506696
vt 0.343586 0.506695
vt 0.816823 0.503315
vt 0.351300 0.290193
vt 0.038915 0.290196
vt 0.035536 0.286817
vt 0.354682 0.286811
vt 0.986985 0.317535
vt 0.986981 0.005149
vt 0.990360 0.001770
vt 0.990367 0.320916
vt 0.591851 0.855496
vt 0.276533 0.855493
vt 0.271805 0.850691
vt 0.596600 0.850694
vt 0.001577 0.328277
vt 0.001504 0.012140
vt 0.004464 0.012140
vt 0.004538 0.328276
vt 0.495415 0.012147
vt 0.495342 0.328290
vt 0.492382 0.328290
vt 0.492454 0.012146
vt 0.011374 0.001499
vt 0.485508 0.001501
vt 0.485508 0.004453
vt 0.011412 0.004445
vt 0.014545 0.326283
vt 0.014474 0.014128
vt 0.017930 0.016942
vt 0.017981 0.323469
vt 0.482446 0.014134
vt 0.478990 0.016948
vt 0.482373 0.326296
vt 0.478937 0.323482
vt 0.289097 0.876410
vt 0.581099 0.875943
vt 0.592771 0.893764
vt 0.277482 0.894269
vt 0.359381 0.298989
vt 0.359398 0.046328
vt 0.033189 0.046331
vt 0.032351 0.298406
vt 0.580207 0.873337
vt 0.288177 0.873335
vt 0.924899 0.320315
vt 0.924843 0.478472
vt 0.895870 0.320305
vt 0.926511 0.159984
vt 0.658668 0.341507
vt 0.816824 0.341507
vt 0.508977 0.354681
vt 0.648053 0.354681
vt 0.498362 0.300689
vt 0.658668 0.300689
vt 0.648053 0.325436
vt 0.508977 0.325436
vt 0.913591 0.784132
vt 0.913591 0.923205
vt 0.906886 0.933819
vt 0.906885 0.773517
vt 0.968809 0.001519
vt 0.970181 0.159668
vt 0.939670 0.159932
vt 0.938143 0.001780
vt 0.868471 0.732792
vt 0.868471 0.593715
vt 0.875177 0.593715
vt 0.875177 0.732792
vt 0.913592 0.704991
vt 0.906886 0.704990
vt 0.906888 0.675746
vt 0.913607 0.507425
vt 0.906899 0.536669
vt 0.906902 0.507424
vt 0.951591 0.773517
vt 0.951591 0.784132
vt 0.951679 0.923253
vt 0.951666 0.933868
vt 0.948199 0.961686
vt 0.906885 0.732699
vt 0.947198 0.507428
vt 0.947196 0.536672
vt 0.947185 0.675749
vt 0.947182 0.704993
vt 0.913609 0.482678
vt 0.951608 0.482681
vt 0.951589 0.727123
vt 0.913590 0.729738
vt 0.843724 0.732792
vt 0.843724 0.593715
vt 0.898477 0.170614
vt 0.921041 0.170620
vt 0.921007 0.309696
vt 0.895870 0.309691
vt 0.950286 0.170627
vt 0.950251 0.309704
vt 0.903875 0.987056
vt 0.633769 0.987055
vt 0.814579 0.961059
vt 0.903873 0.558378
vt 0.894090 0.592144
vt 0.891133 0.589248
vt 0.838337 0.740371
vt 0.691517 0.740371
vt 0.695661 0.734055
vt 0.834194 0.734056
vt 0.633769 0.611470
vt 0.633769 0.510438
vt 0.684575 0.595353
vt 0.887094 0.588188
vt 0.896024 0.558378
vt 0.633769 0.646135
vt 0.679500 0.814239
vt 0.679500 0.961059
vt 0.695650 0.606318
vt 0.834194 0.606602
vt 0.840715 0.602790
vt 0.840714 0.737868
vt 0.689184 0.737940
vt 0.687587 0.602511
vt 0.691605 0.598371
vt 0.838413 0.600336
vt 0.268836 0.685952
vt 0.268779 0.886519
vt 0.208117 0.871442
vt 0.208094 0.700993
vt 0.684452 0.797396
vt 0.814939 0.814238
vt 0.896734 0.910837
vt 0.896728 0.935473
vt 0.662086 0.611387
vt 0.873949 0.402242
vt 0.873944 0.426879
vt 0.820642 0.426894
vt 0.820657 0.478477
vt 0.662087 0.646097
vt 0.820651 0.049784
vt 0.820648 0.402241
vt 0.895172 0.596099
vt 0.873997 0.025169
vt 0.820647 0.025120
vt 0.820668 0.001795
vt 0.687484 0.778926
vt 0.687484 0.754310
vt 0.696899 0.754302
vt 0.696899 0.778918
vt 0.521509 0.778960
vt 0.521509 0.754323
vt 0.530925 0.754323
vt 0.530924 0.778960
vt 0.585096 0.754323
vt 0.585095 0.778960
vt 0.751266 0.779028
vt 0.751314 0.754412
vt 0.696314 0.744905
vt 0.749682 0.746735
vt 0.696269 0.788312
vt 0.749596 0.786708
vt 0.530431 0.788362
vt 0.583678 0.785960
vt 0.530430 0.744921
vt 0.583678 0.747318
vt 0.983979 0.137474
vt 0.973188 0.467590
vt 0.978583 0.137434
vt 0.983978 0.478381
vt 0.983979 0.102811
vt 0.978583 0.102725
vt 0.973188 0.012564
vt 0.983979 0.001772
vt 0.606703 0.710528
vt 0.606703 0.540304
vt 0.630768 0.720891
vt 0.917420 0.826564
vt 0.917420 0.791854
vt 0.922436 0.791854
vt 0.922437 0.826564
vt 0.923134 0.786886
vt 0.951449 0.786507
vt 0.950729 0.791855
vt 0.951449 0.831914
vt 0.923134 0.831532
vt 0.950729 0.826566
vt 0.817636 0.001508
vt 0.536307 0.171573
vt 0.282833 0.512396
vt 0.929193 0.001825
vt 0.930818 0.159979
vt 0.933801 0.001809
vt 0.935362 0.159962
vt 0.929241 0.320317
vt 0.929184 0.478474
vt 0.933848 0.320318
vt 0.933792 0.478476
vt 0.944770 0.740955
vt 0.939468 0.970509
vt 0.946677 0.965716
vt 0.943481 0.968945
vt 0.909228 0.974569
vt 0.286183 0.509236
vt 0.532955 0.168412
vt 0.903876 0.910837
vt 0.210760 0.939800
vt 0.200261 0.879356
vt 0.204320 0.879068
vt 0.214927 0.940080
vt 0.208299 0.878158
vt 0.219035 0.939577
vt 0.212124 0.876699
vt 0.222922 0.938267
vt 0.200234 0.693084
vt 0.210721 0.632559
vt 0.214887 0.632278
vt 0.204294 0.693369
vt 0.218996 0.632778
vt 0.208273 0.694274
vt 0.222883 0.634086
vt 0.212100 0.695727
vt 0.903875 0.935473
vt 0.456823 0.931461
vt 0.234623 0.932177
vt 0.224143 0.913629
vt 0.467184 0.912846
vt 0.894095 0.800621
vt 0.895175 0.796671
vt 0.891138 0.803517
vt 0.887098 0.804578
vt 0.903874 0.510437
vt 0.896015 0.533762
vt 0.903874 0.533762
vt 0.001507 0.887272
vt 0.001507 0.685229
vt 0.012216 0.687598
vt 0.012200 0.884902
vt 0.207065 0.875398
vt 0.064063 0.693103
vt 0.064089 0.879375
vt 0.047628 0.880117
vt 0.047613 0.692367
vt 0.029036 0.882141
vt 0.029040 0.690353
vt 0.018096 0.670918
vt 0.010391 0.663113
vt 0.047881 0.882341
vt 0.010301 0.909257
vt 0.018034 0.901501
vt 0.031041 0.682012
vt 0.047866 0.690132
vt 0.031023 0.890439
vt 0.606703 0.715892
vt 0.307049 0.715893
vt 0.606703 0.721257
vt 0.307049 0.721257
vt 0.307048 0.520462
vt 0.307048 0.510429
vt 0.606703 0.510428
vt 0.606703 0.520461
vt 0.484482 0.331081
vt 0.012436 0.331066
vt 0.009491 0.327692
vt 0.009418 0.012721
vt 0.012325 0.009342
vt 0.484595 0.009347
vt 0.487500 0.012728
vt 0.487428 0.327705
vt 0.604106 0.968033
vt 0.604107 0.745826
vt 0.622690 0.735405
vt 0.622688 0.978454
vt 0.271805 0.848174
vt 0.596600 0.848174
vt 0.220595 0.907759
vt 0.471604 0.907758
vt 0.597528 0.898258
vt 0.271899 0.898259
vt 0.627782 0.730970
vt 0.627781 0.982561
vt 0.220595 0.905238
vt 0.471604 0.905238
vt 0.630301 0.730970
vt 0.630301 0.982561
vt 0.597528 0.900779
vt 0.271899 0.900779
vt 0.307048 0.540305
vt 0.282983 0.526274
vt 0.293017 0.526274
vt 0.620734 0.526273
vt 0.630767 0.526273
vt 0.617066 0.720891
vt 0.611885 0.719503
vt 0.608092 0.715710
vt 0.204189 0.878295
vt 0.204164 0.694142
vt 0.207040 0.697038
vt 0.870893 0.788302
vt 0.850971 0.788569
vt 0.850971 0.784916
vt 0.870893 0.784649
vt 0.870893 0.744468
vt 0.850971 0.744735
vt 0.850971 0.741082
vt 0.870893 0.740815
vt 0.551722 0.337112
vt 0.553627 0.333123
vt 0.558575 0.336844
vt 0.557716 0.338724
vt 0.870893 0.773691
vt 0.850971 0.773957
vt 0.850971 0.770305
vt 0.870893 0.770038
vt 0.870893 0.759080
vt 0.850971 0.759346
vt 0.850971 0.755693
vt 0.870893 0.755427
vt 0.850971 0.781263
vt 0.870893 0.780996
vt 0.850971 0.777610
vt 0.870893 0.777343
vt 0.870893 0.762732
vt 0.850971 0.762999
vt 0.870893 0.766385
vt 0.850971 0.766652
vt 0.870893 0.748121
vt 0.850971 0.748388
vt 0.870893 0.751774
vt 0.850971 0.752041
vt 0.870893 0.791955
vt 0.850971 0.792221
vt 0.870893 0.795607
vt 0.850971 0.795874
vt 0.850971 0.737429
vt 0.870893 0.737163
vt 0.810134 0.322282
vt 0.812555 0.322282
vt 0.812555 0.328798
vt 0.810134 0.328798
vt 0.574122 0.338060
vt 0.573806 0.342499
vt 0.567810 0.340889
vt 0.567910 0.338830
vt 0.552769 0.345860
vt 0.551406 0.341552
vt 0.557617 0.340781
vt 0.558301 0.342709
vt 0.560990 0.328456
vt 0.565508 0.328449
vt 0.564011 0.334631
vt 0.561973 0.334637
vt 0.569810 0.330178
vt 0.572761 0.333755
vt 0.567232 0.336903
vt 0.565856 0.335410
vt 0.560028 0.351168
vt 0.555723 0.349439
vt 0.559677 0.344202
vt 0.561529 0.344983
vt 0.568680 0.349513
vt 0.564546 0.351160
vt 0.563565 0.344982
vt 0.565467 0.344205
vt 0.571904 0.346489
vt 0.566953 0.342771
vt 0.556854 0.330101
vt 0.560067 0.335413
vt 0.862284 0.036531
vt 0.862284 0.034109
vt 0.868800 0.034109
vt 0.868800 0.036531
vt 0.324653 0.427788
vt 0.323726 0.425551
vt 0.335901 0.423129
vt 0.324653 0.414376
vt 0.326365 0.412663
vt 0.328602 0.411736
vt 0.331024 0.411736
vt 0.333262 0.412663
vt 0.334974 0.414376
vt 0.324653 0.434304
vt 0.334974 0.434304
vt 0.333262 0.436017
vt 0.331024 0.436943
vt 0.328603 0.436943
vt 0.326365 0.436017
vt 0.862284 0.031688
vt 0.862284 0.029266
vt 0.868800 0.029266
vt 0.868800 0.031688
vt 0.862284 0.038953
vt 0.868800 0.038953
vt 0.802868 0.322282
vt 0.805290 0.322282
vt 0.805290 0.328798
vt 0.802868 0.328798
vt 0.814977 0.322282
vt 0.814977 0.328798
vt 0.862284 0.041375
vt 0.868800 0.041375
vt 0.807712 0.322282
vt 0.807712 0.328798
vt 0.334974 0.420892
vt 0.324653 0.420892
vt 0.334974 0.427788
vt 0.323726 0.423129
vt 0.335901 0.425551
vt 0.323727 0.369159
vt 0.323727 0.366963
vt 0.330814 0.366963
vt 0.330814 0.369159
vt 0.330814 0.354473
vt 0.330814 0.360737
vt 0.323727 0.360737
vt 0.323727 0.354473
vt 0.323727 0.378373
vt 0.323727 0.375385
vt 0.330814 0.375385
vt 0.330814 0.378373
vt 0.590439 0.337706
vt 0.596703 0.337706
vt 0.599579 0.338898
vt 0.600770 0.341773
vt 0.600770 0.343970
vt 0.599579 0.346846
vt 0.596702 0.348037
vt 0.593714 0.348037
vt 0.592077 0.347598
vt 0.590878 0.346399
vt 0.590439 0.344762
vt 0.330814 0.347418
vt 0.323727 0.347418
vt 0.323727 0.345722
vt 0.330814 0.345722
vt 0.323727 0.344027
vt 0.330814 0.344027
vt 0.323727 0.342332
vt 0.330814 0.342332
vt 0.323727 0.363850
vt 0.330814 0.363850
vt 0.330814 0.372272
vt 0.323727 0.372272
vt 0.584155 0.337704
vt 0.585793 0.338143
vt 0.586992 0.339342
vt 0.587431 0.340979
vt 0.587431 0.343968
vt 0.586239 0.346844
vt 0.583363 0.348035
vt 0.581167 0.348035
vt 0.578291 0.346844
vt 0.577100 0.343968
vt 0.577100 0.337704
vt 0.712838 0.308408
vt 0.713105 0.328320
vt 0.709452 0.328320
vt 0.709186 0.308408
vt 0.669005 0.308408
vt 0.669271 0.328320
vt 0.665619 0.328320
vt 0.665352 0.308408
vt 0.772964 0.338527
vt 0.768848 0.336911
vt 0.772206 0.331704
vt 0.774146 0.332430
vt 0.698227 0.308408
vt 0.698494 0.328320
vt 0.694841 0.328320
vt 0.694574 0.308408
vt 0.683616 0.308408
vt 0.683883 0.328320
vt 0.680230 0.328320
vt 0.679963 0.308408
vt 0.705800 0.328320
vt 0.705533 0.308408
vt 0.702147 0.328320
vt 0.701880 0.308408
vt 0.687269 0.308408
vt 0.687535 0.328320
vt 0.690922 0.308408
vt 0.691188 0.328320
vt 0.672658 0.308408
vt 0.672924 0.328320
vt 0.676310 0.308408
vt 0.676577 0.328320
vt 0.716491 0.308408
vt 0.716758 0.328320
vt 0.720144 0.308408
vt 0.720411 0.328320
vt 0.661966 0.328320
vt 0.661699 0.308408
vt 0.636054 0.328453
vt 0.638476 0.328453
vt 0.638476 0.334969
vt 0.636054 0.334969
vt 0.772375 0.316110
vt 0.776828 0.316112
vt 0.775645 0.322207
vt 0.773586 0.322250
vt 0.781613 0.336867
vt 0.777414 0.338531
vt 0.776208 0.332390
vt 0.778080 0.331582
vt 0.763660 0.329908
vt 0.763416 0.325405
vt 0.769677 0.326424
vt 0.769756 0.328466
vt 0.764819 0.320982
vt 0.768175 0.317778
vt 0.771712 0.323064
vt 0.770322 0.324533
vt 0.786372 0.329247
vt 0.784968 0.333668
vt 0.779473 0.330118
vt 0.780107 0.328233
vt 0.784190 0.320736
vt 0.786130 0.324743
vt 0.780033 0.326184
vt 0.779118 0.324328
vt 0.780945 0.317730
vt 0.777582 0.322936
vt 0.765602 0.333910
vt 0.770669 0.330316
vt 0.692817 0.338052
vt 0.690396 0.338052
vt 0.690396 0.331536
vt 0.692817 0.331536
vt 0.324651 0.398480
vt 0.323724 0.396243
vt 0.335899 0.393821
vt 0.324651 0.385068
vt 0.326363 0.383355
vt 0.328600 0.382428
vt 0.331022 0.382428
vt 0.333260 0.383355
vt 0.334972 0.385068
vt 0.324651 0.404996
vt 0.334972 0.404996
vt 0.333260 0.406709
vt 0.331022 0.407635
vt 0.328600 0.407635
vt 0.326363 0.406709
vt 0.687974 0.338052
vt 0.685552 0.338052
vt 0.685552 0.331536
vt 0.687974 0.331536
vt 0.695239 0.338052
vt 0.695239 0.331536
vt 0.628789 0.328453
vt 0.631210 0.328453
vt 0.631210 0.334969
vt 0.628789 0.334969
vt 0.640897 0.328453
vt 0.640898 0.334969
vt 0.697661 0.338052
vt 0.697661 0.331536
vt 0.633632 0.328453
vt 0.633632 0.334969
vt 0.334972 0.391584
vt 0.324651 0.391584
vt 0.334972 0.398480
vt 0.323724 0.393821
vt 0.335899 0.396243
vt 0.505158 0.746279
vt 0.273257 0.746279
vt 0.273257 0.744850
vt 0.505158 0.744851
vt 0.505158 0.844889
vt 0.273257 0.844890
vt 0.273257 0.843461
vt 0.505158 0.843461
vt 0.506587 0.746279
vt 0.506587 0.843461
vt 0.271828 0.843461
vt 0.271828 0.746279
vt 0.524077 0.268215
vt 0.522648 0.268215
vt 0.522648 0.171034
vt 0.524077 0.171034
vt 0.498383 0.268215
vt 0.498383 0.171034
vt 0.499812 0.171034
vt 0.499812 0.268215
vt 0.522648 0.269644
vt 0.499812 0.269645
vt 0.522648 0.169605
vt 0.499812 0.169605
vt 0.319475 0.962305
vt 0.344859 0.962305
vt 0.344859 0.969454
vt 0.319475 0.969454
vt 0.806455 0.919687
vt 0.755453 0.893884
vt 0.768052 0.881285
vt 0.408932 0.962305
vt 0.434317 0.962305
vt 0.434317 0.969454
vt 0.408932 0.969454
vt 0.364203 0.962305
vt 0.389588 0.962305
vt 0.389588 0.969454
vt 0.364203 0.969454
vt 0.453661 0.962305
vt 0.479045 0.962305
vt 0.479045 0.969454
vt 0.453661 0.969454
vt 0.483881 0.962305
vt 0.483881 0.969454
vt 0.488717 0.962305
vt 0.488717 0.969454
vt 0.493553 0.962305
vt 0.493553 0.969454
vt 0.498389 0.962305
vt 0.498389 0.969454
vt 0.359367 0.969454
vt 0.359367 0.962305
vt 0.354531 0.969454
vt 0.354531 0.962305
vt 0.349695 0.969454
vt 0.349695 0.962305
vt 0.394424 0.962305
vt 0.394424 0.969454
vt 0.399260 0.962305
vt 0.399260 0.969454
vt 0.404096 0.962305
vt 0.404096 0.969454
vt 0.448825 0.969454
vt 0.448825 0.962305
vt 0.443989 0.969454
vt 0.443989 0.962305
vt 0.439153 0.969454
vt 0.439153 0.962305
vt 0.793856 0.932286
vt 0.768053 0.932286
vt 0.755453 0.919687
vt 0.763231 0.931327
vt 0.756413 0.924509
vt 0.759144 0.928596
vt 0.756413 0.889062
vt 0.759144 0.884975
vt 0.763231 0.882244
vt 0.793856 0.881285
vt 0.798678 0.882244
vt 0.806455 0.893884
vt 0.802765 0.884975
vt 0.805496 0.889062
vt 0.805496 0.924509
vt 0.802765 0.928596
vt 0.798678 0.931327
vt 0.998496 0.970033
vt 0.991347 0.970033
vt 0.991347 0.944649
vt 0.998496 0.944649
vt 0.727081 0.871458
vt 0.689381 0.833758
vt 0.701750 0.821389
vt 0.998496 0.880576
vt 0.991347 0.880576
vt 0.991347 0.855192
vt 0.998496 0.855192
vt 0.998496 0.925305
vt 0.991347 0.925305
vt 0.991347 0.899920
vt 0.998496 0.899920
vt 0.998496 0.835847
vt 0.991347 0.835847
vt 0.991347 0.810463
vt 0.998496 0.810463
vt 0.991347 0.805627
vt 0.998496 0.805627
vt 0.991347 0.800791
vt 0.998496 0.800791
vt 0.991347 0.795955
vt 0.998496 0.795955
vt 0.991347 0.791119
vt 0.998496 0.791119
vt 0.998496 0.930141
vt 0.991347 0.930141
vt 0.998496 0.934977
vt 0.991347 0.934977
vt 0.998496 0.939813
vt 0.991347 0.939813
vt 0.991347 0.895084
vt 0.998496 0.895085
vt 0.991347 0.890248
vt 0.998496 0.890248
vt 0.991347 0.885412
vt 0.998496 0.885412
vt 0.998496 0.840684
vt 0.991347 0.840684
vt 0.998496 0.845520
vt 0.991347 0.845520
vt 0.998496 0.850356
vt 0.991347 0.850356
vt 0.739450 0.859090
vt 0.727081 0.821389
vt 0.739450 0.833758
vt 0.731814 0.822331
vt 0.738508 0.829025
vt 0.735827 0.825012
vt 0.693004 0.825012
vt 0.697016 0.822331
vt 0.690322 0.829025
vt 0.689381 0.859090
vt 0.701750 0.871458
vt 0.690322 0.863823
vt 0.697016 0.870517
vt 0.693004 0.867835
vt 0.735827 0.867835
vt 0.731814 0.870517
vt 0.738508 0.863823
vt 0.885330 0.771083
vt 0.878181 0.771083
vt 0.878181 0.745699
vt 0.885330 0.745699
vt 0.803581 0.831370
vt 0.765232 0.869718
vt 0.752651 0.857137
vt 0.885330 0.681626
vt 0.878181 0.681626
vt 0.878181 0.656241
vt 0.885330 0.656241
vt 0.885330 0.726354
vt 0.878181 0.726354
vt 0.878181 0.700970
vt 0.885330 0.700970
vt 0.885330 0.636897
vt 0.878180 0.636897
vt 0.878180 0.611513
vt 0.885330 0.611513
vt 0.878180 0.606677
vt 0.885330 0.606677
vt 0.878180 0.601841
vt 0.885330 0.601841
vt 0.878180 0.597004
vt 0.885330 0.597004
vt 0.878180 0.592168
vt 0.885330 0.592168
vt 0.885330 0.731190
vt 0.878181 0.731190
vt 0.885330 0.736027
vt 0.878181 0.736027
vt 0.885330 0.740863
vt 0.878181 0.740863
vt 0.878181 0.696134
vt 0.885330 0.696134
vt 0.878181 0.691298
vt 0.885330 0.691298
vt 0.878181 0.686462
vt 0.885330 0.686462
vt 0.885330 0.641733
vt 0.878180 0.641733
vt 0.885330 0.646569
vt 0.878181 0.646569
vt 0.885330 0.651405
vt 0.878181 0.651406
vt 0.791000 0.818788
vt 0.752651 0.831370
vt 0.765232 0.818788
vt 0.753609 0.826555
vt 0.760417 0.819746
vt 0.756336 0.822473
vt 0.756336 0.866033
vt 0.753609 0.861952
vt 0.760418 0.868761
vt 0.791000 0.869718
vt 0.803581 0.857137
vt 0.795814 0.868761
vt 0.802623 0.861952
vt 0.799896 0.866033
vt 0.799896 0.822473
vt 0.802623 0.826555
vt 0.795814 0.819746
vt 0.180420 0.983334
vt 0.155036 0.983334
vt 0.155036 0.976185
vt 0.180420 0.976185
vt 0.531631 0.805286
vt 0.581981 0.830760
vt 0.569543 0.843198
vt 0.090963 0.983334
vt 0.065578 0.983334
vt 0.065578 0.976185
vt 0.090963 0.976185
vt 0.135691 0.983334
vt 0.110307 0.983334
vt 0.110307 0.976185
vt 0.135691 0.976185
vt 0.046234 0.983334
vt 0.020850 0.983334
vt 0.020850 0.976185
vt 0.046234 0.976185
vt 0.016014 0.983334
vt 0.016014 0.976185
vt 0.011178 0.983334
vt 0.011178 0.976185
vt 0.006342 0.983334
vt 0.006342 0.976185
vt 0.001506 0.983334
vt 0.001506 0.976185
vt 0.140527 0.976185
vt 0.140527 0.983334
vt 0.145364 0.976185
vt 0.145364 0.983334
vt 0.150200 0.976185
vt 0.150200 0.983334
vt 0.105471 0.983334
vt 0.105471 0.976185
vt 0.100635 0.983334
vt 0.100635 0.976185
vt 0.095799 0.983334
vt 0.095799 0.976185
vt 0.051070 0.976185
vt 0.051070 0.983334
vt 0.055906 0.976185
vt 0.055906 0.983334
vt 0.060742 0.976185
vt 0.060742 0.983334
vt 0.544069 0.792848
vt 0.569543 0.792848
vt 0.581981 0.805286
vt 0.574303 0.793794
vt 0.581034 0.800526
vt 0.578338 0.796490
vt 0.581034 0.835519
vt 0.578338 0.839555
vt 0.574303 0.842251
vt 0.544069 0.843198
vt 0.539309 0.842251
vt 0.531631 0.830760
vt 0.535274 0.839555
vt 0.532578 0.835519
vt 0.532578 0.800526
vt 0.535274 0.796491
vt 0.539309 0.793794
vt 0.527088 0.233714
vt 0.527088 0.232402
vt 0.538104 0.232402
vt 0.527088 0.229778
vt 0.538104 0.229778
vt 0.527088 0.227153
vt 0.538104 0.227153
vt 0.527088 0.224529
vt 0.538104 0.224529
vt 0.527088 0.221904
vt 0.538104 0.221904
vt 0.527088 0.219279
vt 0.538104 0.219279
vt 0.527088 0.216655
vt 0.538104 0.216655
vt 0.527088 0.214030
vt 0.538104 0.214030
vt 0.527088 0.211406
vt 0.538104 0.211406
vt 0.527088 0.208781
vt 0.538104 0.208781
vt 0.527088 0.206157
vt 0.538104 0.206157
vt 0.527088 0.204845
vt 0.527088 0.203532
vt 0.538104 0.203532
vt 0.789341 0.319196
vt 0.790653 0.319196
vt 0.790652 0.337450
vt 0.789340 0.337450
vt 0.791966 0.319196
vt 0.794484 0.319936
vt 0.796692 0.321355
vt 0.798410 0.323338
vt 0.799500 0.325726
vt 0.799873 0.328324
vt 0.799500 0.330922
vt 0.798409 0.333309
vt 0.796690 0.335292
vt 0.794482 0.336711
vt 0.791964 0.337450
vt 0.538104 0.235027
vt 0.527088 0.235027
vt 0.345253 0.259933
vt 0.345253 0.258621
vt 0.356269 0.258621
vt 0.345253 0.255996
vt 0.356269 0.255996
vt 0.345252 0.253372
vt 0.356269 0.253372
vt 0.345252 0.250747
vt 0.356269 0.250747
vt 0.345252 0.248123
vt 0.356269 0.248123
vt 0.345252 0.245498
vt 0.356269 0.245498
vt 0.345252 0.242874
vt 0.356269 0.242874
vt 0.345252 0.240249
vt 0.356269 0.240249
vt 0.345252 0.237625
vt 0.356269 0.237625
vt 0.345252 0.235000
vt 0.356269 0.235000
vt 0.345252 0.232376
vt 0.356269 0.232376
vt 0.345252 0.231063
vt 0.345252 0.229751
vt 0.356269 0.229751
vt 0.345384 0.265225
vt 0.346697 0.265225
vt 0.346697 0.283479
vt 0.345384 0.283479
vt 0.348009 0.265225
vt 0.350527 0.265965
vt 0.352735 0.267384
vt 0.354454 0.269367
vt 0.355544 0.271754
vt 0.355918 0.274352
vt 0.355544 0.276950
vt 0.354454 0.279337
vt 0.352735 0.281321
vt 0.350527 0.282740
vt 0.348009 0.283479
vt 0.356269 0.261246
vt 0.345253 0.261246
vt 0.539049 0.285267
vt 0.540361 0.285267
vt 0.540361 0.296283
vt 0.542986 0.285267
vt 0.542986 0.296283
vt 0.545610 0.285267
vt 0.545610 0.296283
vt 0.548235 0.285267
vt 0.548235 0.296283
vt 0.550859 0.285267
vt 0.550859 0.296283
vt 0.553484 0.285267
vt 0.553484 0.296283
vt 0.556108 0.285267
vt 0.556108 0.296283
vt 0.558733 0.285267
vt 0.558733 0.296283
vt 0.561357 0.285267
vt 0.561357 0.296283
vt 0.563982 0.285267
vt 0.563982 0.296283
vt 0.566607 0.285267
vt 0.566607 0.296283
vt 0.567919 0.285267
vt 0.569231 0.285267
vt 0.569231 0.296283
vt 0.848755 0.029263
vt 0.850068 0.029263
vt 0.850068 0.047517
vt 0.848755 0.047517
vt 0.851380 0.029263
vt 0.853898 0.030002
vt 0.856106 0.031421
vt 0.857825 0.033405
vt 0.858915 0.035792
vt 0.859289 0.038390
vt 0.858915 0.040988
vt 0.857825 0.043375
vt 0.856106 0.045359
vt 0.853898 0.046778
vt 0.851380 0.047517
vt 0.537737 0.296283
vt 0.537737 0.285267
vt 0.953263 0.315450
vt 0.953263 0.314138
vt 0.964279 0.314138
vt 0.953263 0.311513
vt 0.964279 0.311513
vt 0.953263 0.308889
vt 0.964279 0.308889
vt 0.953263 0.306264
vt 0.964279 0.306264
vt 0.953263 0.303640
vt 0.964279 0.303640
vt 0.953263 0.301015
vt 0.964279 0.301015
vt 0.953263 0.298391
vt 0.964279 0.298391
vt 0.953263 0.295766
vt 0.964279 0.295766
vt 0.953263 0.293142
vt 0.964279 0.293142
vt 0.953263 0.290517
vt 0.964279 0.290517
vt 0.953263 0.287893
vt 0.964279 0.287893
vt 0.953263 0.286580
vt 0.953263 0.285268
vt 0.964279 0.285268
vt 0.572242 0.297367
vt 0.572242 0.296054
vt 0.590496 0.296054
vt 0.590496 0.297367
vt 0.572242 0.294742
vt 0.572981 0.292224
vt 0.574400 0.290016
vt 0.576383 0.288297
vt 0.578771 0.287207
vt 0.581369 0.286834
vt 0.583966 0.287207
vt 0.586354 0.288297
vt 0.588337 0.290016
vt 0.589756 0.292224
vt 0.590496 0.294742
vt 0.964279 0.316762
vt 0.953263 0.316762
vt 0.980283 0.921325
vt 0.988344 0.921325
vt 0.988344 0.928045
vt 0.980283 0.928045
vt 0.988344 0.934765
vt 0.980283 0.934765
vt 0.988344 0.941485
vt 0.980283 0.941485
vt 0.988344 0.948205
vt 0.980283 0.948205
vt 0.988344 0.954925
vt 0.980283 0.954925
vt 0.988344 0.961645
vt 0.980283 0.961645
vt 0.988344 0.968365
vt 0.980283 0.968365
vt 0.988344 0.975085
vt 0.980283 0.975085
vt 0.980282 0.800365
vt 0.988343 0.800365
vt 0.988343 0.807085
vt 0.980282 0.807085
vt 0.988344 0.813805
vt 0.980282 0.813805
vt 0.988344 0.820525
vt 0.980282 0.820525
vt 0.988344 0.827245
vt 0.980282 0.827245
vt 0.988344 0.833965
vt 0.980282 0.833965
vt 0.988344 0.840685
vt 0.980282 0.840685
vt 0.988344 0.847405
vt 0.980283 0.847405
vt 0.988344 0.854125
vt 0.980283 0.854125
vt 0.988344 0.860845
vt 0.980283 0.860845
vt 0.988344 0.867565
vt 0.980283 0.867565
vt 0.988344 0.874285
vt 0.980283 0.874285
vt 0.988344 0.881005
vt 0.980283 0.881005
vt 0.988344 0.887725
vt 0.980283 0.887725
vt 0.988344 0.894445
vt 0.980283 0.894445
vt 0.988344 0.901165
vt 0.980283 0.901165
vt 0.988344 0.907885
vt 0.980283 0.907885
vt 0.254040 0.683872
vt 0.247713 0.683863
vt 0.247958 0.681866
vt 0.253802 0.681875
vt 0.988344 0.914605
vt 0.980283 0.914605
vt 0.270703 0.640419
vt 0.265953 0.636201
vt 0.267415 0.634084
vt 0.272642 0.638713
vt 0.260339 0.633252
vt 0.261250 0.630853
vt 0.254192 0.631732
vt 0.254503 0.629187
vt 0.247866 0.631724
vt 0.247561 0.629180
vt 0.241722 0.633226
vt 0.240820 0.630829
vt 0.236116 0.636149
vt 0.234668 0.634037
vt 0.231369 0.640326
vt 0.229459 0.638621
vt 0.227755 0.645514
vt 0.225492 0.644314
vt 0.225485 0.651417
vt 0.223000 0.650791
vt 0.224688 0.657694
vt 0.222125 0.657679
vt 0.225412 0.663985
vt 0.222916 0.664582
vt 0.227622 0.669927
vt 0.225337 0.671107
vt 0.231202 0.675176
vt 0.229264 0.676881
vt 0.235952 0.679394
vt 0.234490 0.681511
vt 0.241565 0.682343
vt 0.240654 0.684743
vt 0.247401 0.686408
vt 0.254344 0.686415
vt 0.260183 0.682371
vt 0.261085 0.684767
vt 0.265790 0.679448
vt 0.267238 0.681559
vt 0.270537 0.675271
vt 0.272447 0.676977
vt 0.274150 0.670082
vt 0.276412 0.671283
vt 0.276421 0.664180
vt 0.278906 0.664806
vt 0.277219 0.657903
vt 0.279782 0.657918
vt 0.276494 0.651612
vt 0.278990 0.651014
vt 0.274283 0.645668
vt 0.276568 0.644488
vt 0.227434 0.651910
vt 0.226700 0.657708
vt 0.274534 0.652080
vt 0.272489 0.646594
vt 0.259622 0.635134
vt 0.253945 0.633729
vt 0.259476 0.680489
vt 0.227371 0.663517
vt 0.269182 0.641755
vt 0.248102 0.633721
vt 0.264655 0.677789
vt 0.229416 0.669002
vt 0.242428 0.635108
vt 0.269039 0.673931
vt 0.232723 0.673840
vt 0.237251 0.637808
vt 0.272375 0.669138
vt 0.237102 0.677736
vt 0.232867 0.641666
vt 0.274472 0.663686
vt 0.242283 0.680461
vt 0.229530 0.646459
vt 0.275206 0.657889
vt 0.264803 0.637860
vt 0.263176 0.647040
vt 0.260246 0.644430
vt 0.256777 0.642598
vt 0.252970 0.641652
vt 0.249048 0.641643
vt 0.245238 0.642572
vt 0.241761 0.644384
vt 0.238817 0.646975
vt 0.236577 0.650194
vt 0.235171 0.653855
vt 0.234681 0.657747
vt 0.235137 0.661643
vt 0.236512 0.665318
vt 0.238729 0.668556
vt 0.241659 0.671166
vt 0.245128 0.672998
vt 0.248934 0.673944
vt 0.252857 0.673953
vt 0.256667 0.673024
vt 0.260145 0.671212
vt 0.263088 0.668621
vt 0.265328 0.665402
vt 0.266734 0.661741
vt 0.267224 0.657850
vt 0.266769 0.653953
vt 0.265393 0.650278
vt 0.517249 0.333721
vt 0.539040 0.330270
vt 0.547241 0.338472
vt 0.723414 0.327092
vt 0.760487 0.327092
vt 0.760487 0.330735
vt 0.759846 0.333128
vt 0.758094 0.334880
vt 0.755701 0.335521
vt 0.728200 0.335521
vt 0.725807 0.334880
vt 0.724056 0.333128
vt 0.723414 0.330735
vt 0.725229 0.321507
vt 0.744887 0.311491
vt 0.522572 0.980913
vt 0.531934 0.980913
vt 0.531934 0.988328
vt 0.522572 0.988328
vt 0.485125 0.980913
vt 0.494487 0.980913
vt 0.494487 0.988328
vt 0.485125 0.988328
vt 0.550658 0.980913
vt 0.560019 0.980913
vt 0.560019 0.988328
vt 0.550658 0.988328
vt 0.503849 0.980913
vt 0.503849 0.988328
vt 0.513210 0.980913
vt 0.513210 0.988328
vt 0.541296 0.980913
vt 0.541296 0.988328
vt 0.400869 0.980914
vt 0.410231 0.980914
vt 0.410231 0.988328
vt 0.400869 0.988328
vt 0.569381 0.980913
vt 0.578743 0.980913
vt 0.578743 0.988328
vt 0.569381 0.988328
vt 0.466401 0.980913
vt 0.475763 0.980913
vt 0.475763 0.988328
vt 0.466401 0.988328
vt 0.419592 0.980913
vt 0.419592 0.988328
vt 0.428954 0.980913
vt 0.438316 0.980913
vt 0.438316 0.988328
vt 0.428954 0.988328
vt 0.447678 0.980913
vt 0.447678 0.988328
vt 0.457040 0.980913
vt 0.457040 0.988328
vt 0.588105 0.980913
vt 0.588105 0.988328
vt 0.511983 0.344056
vt 0.549056 0.344056
vt 0.549056 0.347700
vt 0.548414 0.350093
vt 0.546663 0.351844
vt 0.544270 0.352486
vt 0.516769 0.352486
vt 0.514376 0.351844
vt 0.512624 0.350092
vt 0.511983 0.347699
vt 0.998278 0.373474
vt 0.992406 0.373474
vt 0.992406 0.369830
vt 0.998278 0.369830
vt 0.992406 0.323822
vt 0.998278 0.323822
vt 0.998278 0.327465
vt 0.992406 0.327465
vt 0.992406 0.367353
vt 0.998278 0.367353
vt 0.992406 0.364875
vt 0.998278 0.364875
vt 0.992406 0.362398
vt 0.998278 0.362398
vt 0.998278 0.329943
vt 0.992406 0.329943
vt 0.998278 0.332420
vt 0.992406 0.332420
vt 0.998278 0.334898
vt 0.992406 0.334898
vt 0.755221 0.316757
vt 0.758672 0.321507
vt 0.728680 0.316757
vt 0.733431 0.313306
vt 0.739015 0.311491
vt 0.750471 0.313306
vt 0.513798 0.338472
vt 0.521999 0.330270
vt 0.527584 0.328456
vt 0.533455 0.328456
vt 0.543790 0.333721
vt 0.315851 0.985604
vt 0.315851 0.977543
vt 0.322571 0.977543
vt 0.322571 0.985604
vt 0.329291 0.977543
vt 0.329291 0.985604
vt 0.336011 0.977543
vt 0.336011 0.985604
vt 0.342731 0.977543
vt 0.342731 0.985604
vt 0.349451 0.977543
vt 0.349451 0.985604
vt 0.356171 0.977543
vt 0.356171 0.985604
vt 0.362891 0.977543
vt 0.362891 0.985604
vt 0.369611 0.977543
vt 0.369611 0.985604
vt 0.194891 0.985604
vt 0.194890 0.977543
vt 0.201610 0.977543
vt 0.201611 0.985604
vt 0.208331 0.977543
vt 0.208331 0.985604
vt 0.215050 0.977543
vt 0.215051 0.985604
vt 0.221771 0.977543
vt 0.221771 0.985604
vt 0.228490 0.977543
vt 0.228490 0.985604
vt 0.235211 0.977543
vt 0.235211 0.985604
vt 0.241930 0.977543
vt 0.241930 0.985604
vt 0.248651 0.977543
vt 0.248651 0.985604
vt 0.255370 0.977543
vt 0.255370 0.985604
vt 0.262091 0.977543
vt 0.262091 0.985604
vt 0.268811 0.977543
vt 0.268811 0.985604
vt 0.275531 0.977543
vt 0.275531 0.985604
vt 0.282251 0.977543
vt 0.282251 0.985604
vt 0.288971 0.977543
vt 0.288971 0.985604
vt 0.295691 0.977543
vt 0.295691 0.985604
vt 0.302411 0.977543
vt 0.302411 0.985604
vt 0.724352 0.954841
vt 0.718025 0.954832
vt 0.718270 0.952834
vt 0.724114 0.952844
vt 0.309131 0.977543
vt 0.309131 0.985604
vt 0.741016 0.911388
vt 0.736265 0.907170
vt 0.737727 0.905053
vt 0.742955 0.909682
vt 0.730652 0.904221
vt 0.731562 0.901821
vt 0.724505 0.902701
vt 0.724816 0.900156
vt 0.718178 0.902693
vt 0.717873 0.900149
vt 0.712035 0.904194
vt 0.711132 0.901798
vt 0.706428 0.907118
vt 0.704980 0.905006
vt 0.701681 0.911295
vt 0.699771 0.909590
vt 0.698067 0.916483
vt 0.695804 0.915283
vt 0.695797 0.922386
vt 0.693312 0.921760
vt 0.695000 0.928663
vt 0.692437 0.928648
vt 0.695724 0.934953
vt 0.693228 0.935551
vt 0.697935 0.940896
vt 0.695649 0.942076
vt 0.701514 0.946144
vt 0.699576 0.947850
vt 0.706264 0.950363
vt 0.704802 0.952480
vt 0.711877 0.953312
vt 0.710967 0.955712
vt 0.717713 0.957377
vt 0.724656 0.957384
vt 0.730495 0.953340
vt 0.731398 0.955736
vt 0.736102 0.950416
vt 0.737550 0.952528
vt 0.740849 0.946240
vt 0.742759 0.947945
vt 0.744462 0.941051
vt 0.746725 0.942251
vt 0.746733 0.935148
vt 0.749218 0.935775
vt 0.747531 0.928872
vt 0.750094 0.928887
vt 0.746806 0.922581
vt 0.749302 0.921983
vt 0.744595 0.916637
vt 0.746880 0.915457
vt 0.697746 0.922879
vt 0.697012 0.928676
vt 0.744846 0.923049
vt 0.742801 0.917563
vt 0.729934 0.906103
vt 0.724258 0.904698
vt 0.729789 0.951457
vt 0.697684 0.934485
vt 0.739494 0.912723
vt 0.718414 0.904690
vt 0.734967 0.948757
vt 0.699728 0.939970
vt 0.712741 0.906076
vt 0.739351 0.944900
vt 0.703035 0.944809
vt 0.707563 0.908777
vt 0.742687 0.940107
vt 0.707415 0.948704
vt 0.703179 0.912635
vt 0.744784 0.934655
vt 0.712595 0.951430
vt 0.699842 0.917427
vt 0.745518 0.928858
vt 0.735115 0.908828
vt 0.733488 0.918009
vt 0.730558 0.915398
vt 0.727089 0.913567
vt 0.723282 0.912620
vt 0.719360 0.912611
vt 0.715550 0.913540
vt 0.712073 0.915353
vt 0.709129 0.917943
vt 0.706889 0.921162
vt 0.705483 0.924824
vt 0.704993 0.928715
vt 0.705449 0.932612
vt 0.706824 0.936287
vt 0.709041 0.939525
vt 0.711971 0.942135
vt 0.715440 0.943966
vt 0.719247 0.944913
vt 0.723169 0.944922
vt 0.726979 0.943993
vt 0.730457 0.942181
vt 0.733401 0.939590
vt 0.735640 0.936371
vt 0.737046 0.932710
vt 0.737537 0.928818
vt 0.737081 0.924922
vt 0.735706 0.921247
vt 0.492990 0.925309
vt 0.514780 0.921857
vt 0.522982 0.930059
vt 0.535435 0.955061
vt 0.572508 0.955061
vt 0.572508 0.958705
vt 0.571867 0.961098
vt 0.570115 0.962850
vt 0.567722 0.963491
vt 0.540221 0.963491
vt 0.537828 0.962850
vt 0.536076 0.961098
vt 0.535435 0.958705
vt 0.537250 0.949477
vt 0.556907 0.939461
vt 0.280142 0.988616
vt 0.289504 0.988616
vt 0.289504 0.996031
vt 0.280142 0.996031
vt 0.242695 0.988616
vt 0.252057 0.988616
vt 0.252057 0.996031
vt 0.242695 0.996031
vt 0.308228 0.988616
vt 0.317589 0.988616
vt 0.317589 0.996031
vt 0.308228 0.996031
vt 0.261419 0.988616
vt 0.261419 0.996031
vt 0.270780 0.988616
vt 0.270780 0.996031
vt 0.298866 0.988616
vt 0.298866 0.996031
vt 0.158439 0.988616
vt 0.167801 0.988616
vt 0.167801 0.996031
vt 0.158439 0.996031
vt 0.326951 0.988616
vt 0.336313 0.988616
vt 0.336313 0.996031
vt 0.326951 0.996031
vt 0.223972 0.988616
vt 0.233333 0.988616
vt 0.233333 0.996031
vt 0.223972 0.996031
vt 0.177163 0.988616
vt 0.177163 0.996031
vt 0.186524 0.988616
vt 0.195886 0.988616
vt 0.195886 0.996031
vt 0.186524 0.996031
vt 0.205248 0.988616
vt 0.205248 0.996031
vt 0.214610 0.988616
vt 0.214610 0.996031
vt 0.345675 0.988616
vt 0.345675 0.996031
vt 0.487724 0.935643
vt 0.524797 0.935643
vt 0.524797 0.939287
vt 0.524155 0.941680
vt 0.522404 0.943432
vt 0.520011 0.944073
vt 0.492510 0.944073
vt 0.490117 0.943432
vt 0.488365 0.941680
vt 0.487724 0.939287
vt 0.970646 0.896271
vt 0.964774 0.896271
vt 0.964774 0.892628
vt 0.970646 0.892628
vt 0.964774 0.846619
vt 0.970646 0.846619
vt 0.970646 0.850263
vt 0.964774 0.850263
vt 0.964774 0.890151
vt 0.970646 0.890151
vt 0.964774 0.887673
vt 0.970646 0.887673
vt 0.964774 0.885196
vt 0.970646 0.885196
vt 0.970646 0.852740
vt 0.964774 0.852740
vt 0.970646 0.855218
vt 0.964774 0.855218
vt 0.970646 0.857695
vt 0.964774 0.857695
vt 0.489539 0.930059
vt 0.497740 0.921857
vt 0.503325 0.920043
vt 0.509196 0.920043
vt 0.519531 0.925309
vt 0.567242 0.944727
vt 0.570693 0.949477
vt 0.540701 0.944727
vt 0.545451 0.941275
vt 0.551036 0.939461
vt 0.562492 0.941275
vt 0.527317 0.255259
vt 0.534995 0.255308
vt 0.534946 0.257806
vt 0.527326 0.257695
vt 0.534871 0.260288
vt 0.527309 0.260111
vt 0.534758 0.262744
vt 0.527267 0.262508
vt 0.534627 0.265167
vt 0.527204 0.264891
vt 0.534453 0.267508
vt 0.527124 0.267262
vt 0.527124 0.238326
vt 0.534465 0.238084
vt 0.534633 0.240432
vt 0.527202 0.240701
vt 0.534764 0.242858
vt 0.527265 0.243086
vt 0.534863 0.245312
vt 0.527306 0.245485
vt 0.534947 0.247790
vt 0.527324 0.247902
vt 0.534990 0.250288
vt 0.527316 0.250339
vt 0.536117 0.265303
vt 0.535883 0.267833
vt 0.535012 0.252797
vt 0.527286 0.252799
vt 0.536124 0.240284
vt 0.535902 0.237756
vt 0.538521 0.237563
vt 0.538708 0.240104
vt 0.536261 0.262829
vt 0.536567 0.252811
vt 0.536536 0.255351
vt 0.536471 0.257866
vt 0.536385 0.260352
vt 0.536532 0.250265
vt 0.536475 0.247746
vt 0.536377 0.245249
vt 0.536270 0.242763
vt 0.610324 0.348042
vt 0.607556 0.348042
vt 0.605158 0.346657
vt 0.603773 0.344259
vt 0.603773 0.341490
vt 0.605158 0.339093
vt 0.607556 0.337708
vt 0.610324 0.337708
vt 0.612722 0.339093
vt 0.614107 0.341490
vt 0.614107 0.344259
vt 0.612722 0.346657
vt 0.538962 0.260469
vt 0.538839 0.262972
vt 0.539080 0.247654
vt 0.539177 0.250205
vt 0.538850 0.242624
vt 0.538697 0.265490
vt 0.539252 0.252810
vt 0.539175 0.255413
vt 0.539073 0.257957
vt 0.538967 0.245135
vt 0.538504 0.268032
vt 0.959299 0.481142
vt 0.959276 0.838631
vt 0.957026 0.838631
vt 0.957053 0.481142
vt 0.954776 0.838631
vt 0.954808 0.481142
vt 0.977278 0.481143
vt 0.977277 0.838631
vt 0.975027 0.838632
vt 0.975032 0.481143
vt 0.972777 0.838632
vt 0.972786 0.481143
vt 0.970526 0.838631
vt 0.970541 0.481143
vt 0.968276 0.838631
vt 0.968295 0.481142
vt 0.966026 0.838631
vt 0.966043 0.481142
vt 0.963776 0.838631
vt 0.963790 0.481142
vt 0.532688 0.173460
vt 0.534008 0.175281
vt 0.534006 0.177531
vt 0.532682 0.179349
vt 0.530542 0.180042
vt 0.528403 0.179344
vt 0.527083 0.177523
vt 0.527086 0.175274
vt 0.528410 0.173455
vt 0.530550 0.172763
vt 0.961526 0.838631
vt 0.961545 0.481142
vt 0.820931 0.042775
vt 0.820945 0.041245
vt 0.821729 0.041206
vt 0.821745 0.042752
vt 0.820611 0.031850
vt 0.820785 0.029952
vt 0.821587 0.030289
vt 0.821523 0.031847
vt 0.820758 0.036632
vt 0.820765 0.035048
vt 0.821570 0.034999
vt 0.821595 0.036569
vt 0.820915 0.039728
vt 0.821697 0.039668
vt 0.821098 0.046219
vt 0.820889 0.044406
vt 0.821772 0.044321
vt 0.821882 0.045860
vt 0.820716 0.033505
vt 0.821542 0.033432
vt 0.820853 0.038201
vt 0.821649 0.038126
vt 0.669914 0.335575
vt 0.671757 0.335749
vt 0.671708 0.337400
vt 0.669546 0.337126
vt 0.845738 0.034502
vt 0.845740 0.032874
vt 0.845736 0.036125
vt 0.845735 0.037744
vt 0.845735 0.039360
vt 0.845736 0.040973
vt 0.845738 0.042584
vt 0.845741 0.044194
vt 0.845745 0.045803
vt 0.845742 0.031240
vt 0.845697 0.029614
vt 0.671625 0.339236
vt 0.669092 0.338839
vt 0.678578 0.333274
vt 0.679630 0.331892
vt 0.681170 0.332595
vt 0.679751 0.334365
vt 0.673654 0.335631
vt 0.675500 0.335166
vt 0.676116 0.336712
vt 0.673947 0.337278
vt 0.665691 0.333115
vt 0.666820 0.334193
vt 0.665948 0.335333
vt 0.664604 0.334007
vt 0.668234 0.335028
vt 0.667587 0.336395
vt 0.677177 0.334370
vt 0.678092 0.335721
vt 0.664907 0.331848
vt 0.663501 0.332343
vt 0.533631 0.181946
vt 0.535476 0.183280
vt 0.536184 0.185443
vt 0.535486 0.187610
vt 0.533647 0.188952
vt 0.531371 0.188957
vt 0.529526 0.187623
vt 0.528818 0.185460
vt 0.529516 0.183293
vt 0.531355 0.181951
vt 0.664935 0.336566
vt 0.663423 0.335025
vt 0.680985 0.335638
vt 0.679114 0.337230
vt 0.674236 0.339110
vt 0.666774 0.337894
vt 0.682574 0.333825
vt 0.676781 0.338440
vt 0.662173 0.333311
vt 0.308185 0.257347
vt 0.342220 0.257256
vt 0.342365 0.282983
vt 0.308341 0.283182
vt 0.036309 0.257263
vt 0.070341 0.257351
vt 0.070186 0.283184
vt 0.036165 0.282988
vt 0.104359 0.257481
vt 0.104194 0.283448
vt 0.138335 0.257551
vt 0.138201 0.283590
vt 0.172317 0.257274
vt 0.172259 0.283389
vt 0.206205 0.257273
vt 0.206263 0.283389
vt 0.240187 0.257550
vt 0.240321 0.283590
vt 0.274164 0.257478
vt 0.274331 0.283447
vt 0.036182 0.051447
vt 0.070199 0.051254
vt 0.070351 0.077085
vt 0.036323 0.077169
vt 0.070480 0.102861
vt 0.036388 0.102891
vt 0.070583 0.128624
vt 0.036432 0.128617
vt 0.070773 0.154375
vt 0.036502 0.154349
vt 0.070771 0.180055
vt 0.036499 0.180075
vt 0.070578 0.205807
vt 0.036424 0.205809
vt 0.070472 0.231573
vt 0.036377 0.231538
vt 0.104202 0.050994
vt 0.104366 0.076958
vt 0.104668 0.103049
vt 0.104861 0.128796
vt 0.105073 0.154454
vt 0.105072 0.179979
vt 0.104858 0.205639
vt 0.104663 0.231388
vt 0.138205 0.050854
vt 0.138338 0.076889
vt 0.138576 0.103089
vt 0.138886 0.129091
vt 0.138999 0.154546
vt 0.138999 0.179889
vt 0.138885 0.205346
vt 0.138574 0.231349
vt 0.172257 0.051056
vt 0.172315 0.077168
vt 0.172394 0.103255
vt 0.172474 0.129081
vt 0.172521 0.154556
vt 0.172521 0.179880
vt 0.172475 0.205355
vt 0.172395 0.231183
vt 0.206256 0.051056
vt 0.206199 0.077167
vt 0.206121 0.103254
vt 0.206042 0.129081
vt 0.205996 0.154555
vt 0.205997 0.179879
vt 0.206045 0.205355
vt 0.206125 0.231183
vt 0.240308 0.050853
vt 0.240176 0.076888
vt 0.239939 0.103087
vt 0.239630 0.129088
vt 0.239518 0.154544
vt 0.239520 0.179887
vt 0.239635 0.205344
vt 0.239948 0.231347
vt 0.274310 0.050992
vt 0.274147 0.076955
vt 0.273847 0.103045
vt 0.273654 0.128792
vt 0.273444 0.154450
vt 0.273446 0.179975
vt 0.273662 0.205635
vt 0.273859 0.231384
vt 0.308313 0.051251
vt 0.308161 0.077080
vt 0.308034 0.102856
vt 0.307931 0.128618
vt 0.307743 0.154369
vt 0.307747 0.180048
vt 0.307943 0.205800
vt 0.308052 0.231567
vt 0.342328 0.051443
vt 0.342188 0.077163
vt 0.342124 0.102885
vt 0.342082 0.128610
vt 0.342013 0.154341
vt 0.342018 0.180064
vt 0.342098 0.205798
vt 0.342150 0.231529
s 1
usemtl Television_01
f 28/1/1 6/2/2 86/3/3 93/4/3
f 3/5/4 1/6/4 126/7/5 129/8/5
f 17/9/6 6/10/2 28/11/1
f 95/12/7 94/13/7 93/14/7
f 15/15/8 90/16/9 14/17/10
f 14/17/10 90/16/9 7/18/11
f 4/19/12 2/20/12 142/21/13 134/22/13
f 85/23/7 13/24/14 10/25/15
f 90/26/16 30/27/17 71/28/18
f 127/29/9 128/30/9 126/31/9
f 17/32/19 86/33/7 6/34/7
f 18/35/8 5/36/9 89/37/9
f 1/38/20 3/39/20 16/40/21 15/41/21
f 8/42/20 1/43/20 15/44/20 14/45/20
f 3/46/20 9/47/20 13/48/20 16/49/20
f 126/31/9 1/50/9 125/51/9
f 12/52/4 11/53/4 15/41/21 16/40/21
f 2/54/4 4/55/4 17/9/6 18/56/6
f 4/57/4 12/58/4 16/59/19 17/60/19
f 11/61/4 2/62/4 18/63/8 15/64/8
f 25/65/22 24/66/23 23/67/24 26/68/24
f 2/69/9 11/70/9 139/71/25 142/72/25
f 12/73/7 4/74/7 134/75/26 136/76/26
f 11/77/20 12/78/20 136/79/27 139/80/27
f 143/81/28 140/82/28 19/83/29 22/84/30
f 140/82/31 137/85/31 20/86/32 19/83/29
f 137/85/33 133/87/33 21/88/34 20/86/32
f 59/89/35 60/90/35 151/91/36 149/92/37
f 21/88/34 148/93/4 145/94/4 20/86/32
f 22/84/30 19/83/29 146/95/4 147/96/4
f 148/93/4 21/88/34 22/84/30 147/96/4
f 57/97/38 58/98/38 24/66/23 25/65/22
f 15/15/8 18/35/8 89/37/9
f 94/99/39 85/100/40 29/101/41
f 90/26/16 97/102/42 30/27/17
f 18/56/6 27/103/43 5/104/44
f 36/105/12 17/9/6 28/11/1
f 18/56/6 35/106/12 27/103/43
f 37/107/12 38/108/12 39/109/12 40/110/12
f 44/111/45 43/112/46 38/113/47 37/114/45
f 5/115/44 27/116/43 98/117/48 89/118/49
f 18/56/6 17/9/6 36/105/12 35/106/12
f 35/106/12 39/109/12 38/108/12 27/103/43
f 28/11/1 37/107/12 40/110/12 36/105/12
f 46/119/4 45/120/4 40/121/4 39/122/4
f 46/123/7 39/124/7 35/125/7
f 45/126/9 36/127/9 40/128/9
f 29/129/45 31/130/45 44/111/45 37/114/45
f 32/131/50 30/132/50 38/113/47 43/112/46
f 94/13/7 29/129/7 37/114/7
f 30/132/9 97/133/9 38/113/9
f 28/134/7 93/14/7 37/114/7
f 34/135/9 42/136/9 36/127/9 45/126/9
f 42/136/45 41/137/45 35/125/45 36/127/45
f 33/138/7 46/123/7 35/125/7 41/137/7
f 44/139/9 31/140/9 34/135/9 45/126/9
f 32/141/7 43/142/7 46/123/7 33/138/7
f 43/143/20 44/144/20 45/120/20 46/119/20
f 32/145/51 33/146/52 34/147/52 31/148/53
f 33/146/52 41/149/12 42/150/12 34/147/52
f 10/151/15 13/152/14 47/153/54
f 68/154/54 107/155/54 108/156/54
f 49/157/55 50/158/55 54/159/56 53/160/57
f 78/161/54 14/162/10 56/163/54
f 108/156/54 106/164/54 70/165/54 68/154/54
f 13/152/14 77/166/54 50/167/54
f 13/152/14 49/168/54 47/153/54
f 54/159/56 51/169/58 52/170/59 53/160/57
f 47/171/60 49/172/60 53/160/57 52/170/59
f 50/173/61 48/174/61 51/169/58 54/159/56
f 48/175/62 47/176/62 52/170/59 51/169/58
f 105/177/63 102/178/64 109/179/65 114/180/66
f 55/181/54 48/182/54 50/167/54
f 65/183/54 66/184/54 47/153/54
f 79/185/54 78/161/54 56/163/54
f 63/186/67 29/101/41 85/100/40 64/187/68
f 62/188/69 64/187/68 85/100/40 10/189/69
f 80/190/54 79/185/54 56/163/54
f 13/152/14 50/167/54 49/168/54
f 106/164/54 14/162/10 70/165/54
f 68/191/70 71/28/18 63/186/67 61/192/70
f 68/154/54 105/193/54 107/155/54
f 90/26/16 72/194/71 67/195/72 7/196/72
f 90/26/16 71/28/18 72/194/71
f 71/28/18 30/27/17 32/145/51
f 72/197/73 71/198/73 75/199/73 76/200/73
f 63/201/45 64/202/45 74/203/45 73/204/45
f 66/205/74 65/206/74 73/204/74 74/203/74
f 69/207/75 76/200/75 75/199/75 70/208/75
f 71/209/9 68/210/9 70/208/9 75/199/9
f 72/211/7 76/200/7 69/207/7 67/212/7
f 63/213/7 73/204/7 65/206/7 61/214/7
f 64/215/9 62/216/9 66/205/9 74/203/9
f 77/217/20 9/218/20 83/219/20
f 13/220/20 9/218/20 77/217/20
f 78/221/20 84/222/20 8/223/20 14/224/20
f 50/167/54 77/166/54 55/181/54
f 130/225/7 153/226/7 3/227/7
f 48/182/54 65/183/54 47/153/54
f 77/166/54 80/190/54 55/181/54
f 79/228/76 80/229/76 82/230/76 81/231/76
f 80/232/77 77/233/77 83/234/77 82/230/77
f 78/235/78 79/236/78 81/231/78 84/237/78
f 82/230/79 83/234/79 84/237/79 81/231/79
f 9/218/20 8/223/20 84/222/20 83/219/20
f 17/32/19 16/238/19 86/33/7
f 85/23/7 87/239/7 16/238/19
f 92/240/9 90/16/9 15/15/8
f 97/102/42 90/26/16 92/241/80 99/242/81
f 99/242/81 92/241/80 91/243/82 100/244/83
f 100/244/83 91/243/82 89/118/49 98/117/48
f 85/100/40 94/99/39 96/245/84 87/246/84
f 87/246/84 96/245/84 95/247/85 88/248/85
f 88/248/85 95/247/85 93/4/3 86/3/3
f 85/23/7 16/238/19 13/24/14
f 95/12/7 96/249/7 94/13/7
f 37/114/7 93/14/7 94/13/7
f 38/113/9 97/133/9 98/250/9
f 97/133/9 99/251/9 100/252/9
f 100/252/9 98/250/9 97/133/9
f 27/253/9 38/113/9 98/250/9
f 15/15/8 89/37/9 91/254/9
f 15/15/8 91/254/9 92/240/9
f 88/255/7 86/33/7 16/238/19
f 87/239/7 88/255/7 16/238/19
f 48/182/54 61/256/54 65/183/54
f 101/257/86 110/258/87 112/259/88 103/260/89
f 103/260/89 112/259/88 111/261/90 104/262/91
f 104/262/91 111/261/90 109/263/65 102/264/64
f 113/265/92 106/266/93 108/267/94 115/268/95
f 115/268/95 108/267/94 107/269/96 116/270/97
f 116/270/97 107/269/96 105/271/63 114/272/66
f 66/184/54 62/273/54 10/151/15
f 55/181/54 80/190/54 56/163/54
f 58/274/98 59/275/98 149/276/99 24/277/100
f 14/162/10 106/164/54 56/163/54
f 104/278/54 102/279/54 61/256/54
f 103/280/54 104/278/54 61/256/54
f 101/281/54 103/280/54 61/256/54
f 101/281/54 61/256/54 48/182/54
f 55/181/54 101/281/54 48/182/54
f 14/162/10 7/282/11 69/283/54
f 7/282/11 67/284/54 69/283/54
f 102/279/54 105/193/54 68/154/54
f 14/162/10 69/283/54 70/165/54
f 68/154/54 61/256/54 102/279/54
f 55/285/101 56/286/101 122/287/102 117/288/102
f 109/179/103 111/289/103 110/258/104
f 121/290/105 118/291/105 120/292/106 123/293/106
f 123/293/106 120/292/106 119/294/107 124/295/107
f 124/295/107 119/294/107 117/288/102 122/287/102
f 101/257/86 118/291/108 110/258/87
f 110/258/104 118/291/105 121/290/105 113/265/109
f 106/266/93 122/296/110 56/297/111
f 101/257/86 120/298/108 118/291/108
f 55/299/112 117/300/113 101/257/86
f 113/265/92 121/290/114 106/266/93
f 106/266/93 124/301/114 122/296/110
f 123/302/114 124/301/114 106/266/93
f 121/290/114 123/302/114 106/266/93
f 119/303/108 120/298/108 101/257/86
f 117/300/113 119/303/108 101/257/86
f 125/51/115 130/225/115 132/304/116 127/305/116
f 127/305/116 132/304/116 131/306/117 128/307/117
f 128/307/117 131/306/117 129/8/5 126/7/5
f 155/308/45 8/309/45 9/310/45 154/311/45
f 143/81/118 133/87/118 135/312/119 144/313/119
f 144/313/119 135/312/119 134/22/13 142/21/13
f 140/82/28 143/81/28 144/314/120 141/315/120
f 141/315/120 144/314/120 142/72/25 139/71/25
f 137/85/31 140/82/31 141/316/121 138/317/121
f 138/317/121 141/316/121 139/80/27 136/79/27
f 133/87/33 137/85/33 138/318/122 135/319/122
f 135/319/122 138/318/122 136/76/26 134/75/26
f 133/87/118 143/81/118 22/84/30 21/88/34
f 10/151/15 47/153/54 66/184/54
f 60/320/123 57/321/123 25/322/124 151/323/125
f 146/324/20 145/325/20 26/68/20 23/67/20
f 145/94/4 146/95/4 19/83/29 20/86/32
f 24/277/100 149/276/99 150/326/126 23/327/126
f 149/92/37 151/91/36 152/328/127 150/329/127
f 151/323/125 25/322/124 26/330/128 152/331/128
f 147/332/129 146/333/129 23/327/129 150/326/129
f 145/334/7 148/335/7 152/331/7 26/330/7
f 148/336/130 147/337/130 150/329/130 152/328/130
f 29/101/41 63/186/67 31/148/53
f 63/186/67 71/28/18 32/145/51
f 31/148/53 63/186/67 32/145/51
f 155/308/131 154/311/131 153/226/132 156/338/132
f 130/225/115 125/51/115 156/338/132 153/226/132
f 1/50/9 8/339/9 156/338/9
f 8/339/9 155/340/9 156/338/9
f 156/338/9 125/51/9 1/50/9
f 125/51/9 127/29/9 126/31/9
f 154/341/7 9/342/7 153/226/7
f 9/342/7 3/227/7 153/226/7
f 3/227/7 129/343/7 130/225/7
f 129/343/7 131/344/7 130/225/7
f 131/344/7 132/345/7 130/225/7
f 111/289/103 112/346/103 110/258/104
f 110/258/104 113/265/109 114/180/133
f 113/265/109 115/347/109 116/348/109
f 114/180/133 113/265/109 116/348/109
f 114/180/133 109/179/103 110/258/104
f 174/349/134 177/350/135 162/351/136 157/352/137
f 182/353/138 185/354/139 178/355/140 173/356/141
f 188/357/142 186/358/143 200/359/143 199/360/142
f 158/361/144 161/362/145 170/363/146 165/364/147
f 166/365/148 169/366/149 186/367/150 181/368/151
f 157/352/137 162/351/136 164/369/152 159/370/153
f 159/370/153 164/369/152 163/371/154 160/372/155
f 160/372/155 163/371/154 161/362/145 158/361/144
f 169/366/149 166/365/148 168/373/156 171/374/157
f 171/374/157 168/373/156 167/375/158 172/376/159
f 172/376/159 167/375/158 165/364/147 170/363/146
f 185/354/139 182/353/138 184/377/160 187/378/161
f 187/378/161 184/377/160 183/379/162 188/380/163
f 188/380/163 183/379/162 181/368/151 186/367/150
f 177/350/135 174/349/134 176/381/164 179/382/165
f 179/382/165 176/381/164 175/383/166 180/384/167
f 180/385/167 175/386/166 173/356/141 178/355/140
f 194/387/168 193/388/169 208/389/169 209/390/168
f 163/391/170 164/392/171 190/393/171 191/394/170
f 185/395/172 187/396/173 197/397/173 198/398/172
f 171/399/174 172/400/175 195/401/175 193/402/174
f 170/403/176 161/404/177 192/405/177 196/406/176
f 180/407/178 178/408/179 204/409/179 203/410/178
f 177/411/180 179/412/181 201/413/181 202/414/180
f 162/415/182 177/411/180 202/414/180 189/416/182
f 161/404/177 163/391/170 191/394/170 192/405/177
f 178/408/179 185/395/172 198/398/172 204/409/179
f 187/396/173 188/357/142 199/360/142 197/397/173
f 164/392/171 162/415/182 189/416/182 190/393/171
f 172/400/175 170/403/176 196/406/176 195/401/175
f 186/358/143 169/417/183 194/418/183 200/359/143
f 169/417/183 171/399/174 193/402/174 194/418/183
f 179/412/181 180/407/178 203/410/178 201/413/181
f 189/419/184 202/420/185 215/421/185 205/422/184
f 203/423/12 204/424/12 196/425/12
f 212/426/12 211/427/12 213/428/12 209/429/12 208/430/12 210/431/12
f 216/432/12 207/433/12 206/434/12 205/435/12 215/436/12 214/437/12
f 201/438/186 203/439/187 216/440/187 214/441/186
f 190/442/188 189/419/184 205/422/184 206/443/188
f 197/444/189 199/445/190 211/446/190 212/447/189
f 193/388/169 195/448/191 210/449/191 208/389/169
f 191/450/192 190/442/188 206/443/188 207/451/192
f 199/445/190 200/452/193 213/453/193 211/446/190
f 195/454/194 197/455/194 212/426/194 210/431/194
f 200/452/193 194/387/168 209/390/168 213/453/193
f 202/420/185 201/438/186 214/441/186 215/421/185
f 203/423/195 191/456/195 207/433/195 216/432/195
f 204/424/12 198/457/12 197/455/12
f 197/455/12 195/454/12 204/424/12
f 195/454/12 196/425/12 204/424/12
f 196/425/12 192/458/196 191/456/12
f 191/456/12 203/423/12 196/425/12
f 236/459/197 231/460/198 227/461/198 234/462/197
f 217/463/9 228/464/199 230/465/199 218/466/9
f 223/467/200 237/468/201 233/469/201 220/470/200
f 218/471/45 230/472/45 232/473/45 231/474/45 236/475/45 238/476/45 237/477/45 223/478/45 225/479/45 226/480/45 224/481/45
f 219/482/202 224/483/202 226/484/203 221/485/203
f 221/485/203 226/484/203 225/486/204 222/487/204
f 222/487/204 225/486/204 223/488/200 220/489/200
f 218/466/20 224/483/202 219/482/202 217/463/20
f 227/461/198 231/460/198 232/490/205 229/491/205
f 229/491/205 232/490/205 230/465/199 228/464/199
f 236/459/197 234/462/197 235/492/206 238/493/206
f 238/493/206 235/492/206 233/469/201 237/468/201
f 219/494/4 221/495/4 222/496/4 220/497/4 233/498/4 235/499/4 234/500/4 227/501/4 229/502/4 228/503/4 217/504/4
f 256/505/134 259/506/135 244/507/136 239/508/137
f 264/509/138 267/510/139 260/511/140 255/512/141
f 270/513/142 268/514/143 282/515/143 281/516/142
f 240/517/144 243/518/145 252/519/146 247/520/147
f 248/521/148 251/522/149 268/523/150 263/524/151
f 239/508/137 244/507/136 246/525/152 241/526/153
f 241/526/153 246/525/152 245/527/154 242/528/155
f 242/528/155 245/527/154 243/518/145 240/517/144
f 251/522/149 248/521/148 250/529/156 253/530/157
f 253/530/157 250/529/156 249/531/158 254/532/159
f 254/532/159 249/531/158 247/520/147 252/519/146
f 267/510/139 264/509/138 266/533/160 269/534/161
f 269/534/161 266/533/160 265/535/162 270/536/163
f 270/536/163 265/535/162 263/524/151 268/523/150
f 259/506/135 256/505/134 258/537/164 261/538/165
f 261/538/165 258/537/164 257/539/166 262/540/167
f 262/541/167 257/542/166 255/512/141 260/511/140
f 276/543/168 275/544/169 290/545/169 291/546/168
f 245/547/170 246/548/171 272/549/171 273/550/170
f 267/551/172 269/552/173 279/553/173 280/554/172
f 253/555/174 254/556/175 277/557/175 275/558/174
f 252/559/176 243/560/177 274/561/177 278/562/176
f 262/563/178 260/564/179 286/565/179 285/566/178
f 259/567/180 261/568/181 283/569/181 284/570/180
f 244/571/182 259/567/180 284/570/180 271/572/182
f 243/560/177 245/547/170 273/550/170 274/561/177
f 260/564/179 267/551/172 280/554/172 286/565/179
f 269/552/173 270/513/142 281/516/142 279/553/173
f 246/548/171 244/571/182 271/572/182 272/549/171
f 254/556/175 252/559/176 278/562/176 277/557/175
f 268/514/143 251/573/183 276/574/183 282/515/143
f 251/573/183 253/555/174 275/558/174 276/574/183
f 261/568/181 262/563/178 285/566/178 283/569/181
f 271/575/184 284/576/185 297/577/185 287/578/184
f 285/579/12 286/580/12 278/581/12
f 294/582/12 293/583/12 295/584/12 291/585/12 290/586/12 292/587/12
f 298/588/12 289/589/12 288/590/12 287/591/12 297/592/12 296/593/12
f 283/594/186 285/595/187 298/596/187 296/597/186
f 272/598/188 271/575/184 287/578/184 288/599/188
f 279/600/189 281/601/190 293/602/190 294/603/189
f 275/544/169 277/604/191 292/605/191 290/545/169
f 273/606/192 272/598/188 288/599/188 289/607/192
f 281/601/190 282/608/193 295/609/193 293/602/190
f 277/610/194 279/611/194 294/582/194 292/587/194
f 282/608/193 276/543/168 291/546/168 295/609/193
f 284/576/185 283/594/186 296/597/186 297/577/185
f 285/579/195 273/612/195 289/589/195 298/588/195
f 286/580/12 280/613/12 279/611/12
f 279/611/12 277/610/12 286/580/12
f 277/610/12 278/581/12 286/580/12
f 278/581/12 274/614/196 273/612/12
f 273/612/12 285/579/12 278/581/12
f 299/615/9 300/616/9 302/617/9 301/618/9
f 305/619/7 306/620/7 304/621/7 303/622/7
f 303/622/4 304/621/4 300/616/4 299/615/4
f 301/623/20 305/624/20 303/622/20 299/615/20
f 306/625/12 302/626/12 300/616/12 304/621/12
f 310/627/20 309/628/20 307/629/20 308/630/20
f 313/631/12 312/632/12 311/633/12 314/634/12
f 309/628/7 310/635/7 313/636/7 314/634/7
f 308/637/9 307/629/9 311/633/9 312/638/9
f 307/629/4 309/628/4 314/634/4 311/633/4
f 325/639/207 346/640/208 330/641/208 351/642/207
f 340/643/20 330/644/20 331/645/20
f 335/646/209 316/647/210 340/648/210 321/649/209
f 345/650/211 336/651/212 320/652/212 331/653/211
f 315/654/213 326/655/214 350/656/214 341/657/213
f 350/656/214 326/655/214 329/658/215 352/659/215
f 352/659/215 329/658/215 328/660/216 353/661/216
f 353/661/216 328/660/216 327/662/217 354/663/217
f 354/663/217 327/662/217 325/664/207 351/665/207
f 345/650/211 331/653/211 334/666/218 347/667/218
f 347/667/218 334/666/218 333/668/219 348/669/219
f 348/669/219 333/668/219 332/670/220 349/671/220
f 349/671/220 332/670/220 330/641/208 346/640/208
f 320/652/212 336/651/212 339/672/221 322/673/221
f 322/673/221 339/672/221 338/674/222 323/675/222
f 323/675/222 338/674/222 337/676/223 324/677/223
f 324/677/223 337/676/223 335/646/209 321/649/209
f 315/654/213 341/657/213 344/678/224 317/679/224
f 317/679/224 344/678/224 343/680/225 318/681/225
f 318/681/225 343/680/225 342/682/226 319/683/226
f 319/683/226 342/682/226 340/648/210 316/647/210
f 341/684/20 350/685/20 351/686/20
f 350/685/20 352/687/20 354/688/20
f 352/687/20 353/689/20 354/688/20
f 354/688/20 351/686/20 350/685/20
f 351/686/20 330/644/20 341/684/20
f 330/644/20 332/690/20 333/691/20
f 333/691/20 334/692/20 331/645/20
f 331/645/20 320/693/20 340/643/20
f 320/693/20 322/694/20 321/695/20
f 340/643/20 320/693/20 321/695/20
f 322/694/20 323/696/20 324/697/20
f 324/697/20 321/695/20 322/694/20
f 340/643/20 342/698/20 343/699/20
f 343/699/20 344/700/20 340/643/20
f 344/700/20 341/684/20 340/643/20
f 330/644/20 333/691/20 331/645/20
f 341/684/20 330/644/20 340/643/20
f 365/701/208 391/702/208 370/703/207 386/704/207
f 380/705/20 371/706/20 370/707/20
f 375/708/210 361/709/210 380/710/209 356/711/209
f 385/712/214 371/713/214 360/714/213 376/715/213
f 355/716/212 381/717/212 390/718/211 366/719/211
f 390/718/211 392/720/218 369/721/218 366/719/211
f 392/720/218 393/722/219 368/723/219 369/721/218
f 393/722/219 394/724/220 367/725/220 368/723/219
f 394/724/220 391/726/208 365/727/208 367/725/220
f 385/712/214 387/728/215 374/729/215 371/713/214
f 387/728/215 388/730/216 373/731/216 374/729/215
f 388/730/216 389/732/217 372/733/217 373/731/216
f 389/732/217 386/704/207 370/703/207 372/733/217
f 360/714/213 362/734/224 379/735/224 376/715/213
f 362/734/224 363/736/225 378/737/225 379/735/224
f 363/736/225 364/738/226 377/739/226 378/737/225
f 364/738/226 361/709/210 375/708/210 377/739/226
f 355/716/212 357/740/221 384/741/221 381/717/212
f 357/740/221 358/742/222 383/743/222 384/741/221
f 358/742/222 359/744/223 382/745/223 383/743/222
f 359/744/223 356/711/209 380/710/209 382/745/223
f 381/746/20 391/747/20 390/748/20
f 390/748/20 394/749/20 392/750/20
f 392/750/20 394/749/20 393/751/20
f 394/749/20 390/748/20 391/747/20
f 391/747/20 381/746/20 370/707/20
f 370/707/20 373/752/20 372/753/20
f 373/752/20 371/706/20 374/754/20
f 371/706/20 380/705/20 360/755/20
f 360/755/20 361/756/20 362/757/20
f 380/705/20 361/756/20 360/755/20
f 362/757/20 364/758/20 363/759/20
f 364/758/20 362/757/20 361/756/20
f 380/705/20 383/760/20 382/761/20
f 383/760/20 380/705/20 384/762/20
f 384/762/20 380/705/20 381/746/20
f 370/707/20 371/706/20 373/752/20
f 381/746/20 380/705/20 370/707/20
f 405/763/210 431/764/210 410/765/209 426/766/209
f 420/767/20 411/768/20 410/769/20
f 415/770/208 401/771/208 420/772/207 396/773/207
f 425/774/212 411/775/212 400/776/211 416/777/211
f 395/778/214 421/779/214 430/780/213 406/781/213
f 430/780/213 432/782/224 409/783/224 406/781/213
f 432/782/224 433/784/225 408/785/225 409/783/224
f 433/784/225 434/786/226 407/787/226 408/785/225
f 434/786/226 431/788/210 405/789/210 407/787/226
f 425/774/212 427/790/221 414/791/221 411/775/212
f 427/790/221 428/792/222 413/793/222 414/791/221
f 428/792/222 429/794/223 412/795/223 413/793/222
f 429/794/223 426/766/209 410/765/209 412/795/223
f 400/776/211 402/796/218 419/797/218 416/777/211
f 402/796/218 403/798/219 418/799/219 419/797/218
f 403/798/219 404/800/220 417/801/220 418/799/219
f 404/800/220 401/771/208 415/770/208 417/801/220
f 395/778/214 397/802/215 424/803/215 421/779/214
f 397/802/215 398/804/216 423/805/216 424/803/215
f 398/804/216 399/806/217 422/807/217 423/805/216
f 399/806/217 396/773/207 420/772/207 422/807/217
f 421/808/20 431/809/20 430/810/20
f 430/810/20 434/811/20 432/812/20
f 432/812/20 434/811/20 433/813/20
f 434/811/20 430/810/20 431/809/20
f 431/809/20 421/808/20 410/769/20
f 410/769/20 413/814/20 412/815/20
f 413/814/20 411/768/20 414/816/20
f 411/768/20 420/767/20 400/817/20
f 400/817/20 401/818/20 402/819/20
f 420/767/20 401/818/20 400/817/20
f 402/819/20 404/820/20 403/821/20
f 404/820/20 402/819/20 401/818/20
f 420/767/20 423/822/20 422/823/20
f 423/822/20 420/767/20 424/824/20
f 424/824/20 420/767/20 421/808/20
f 410/769/20 411/768/20 413/814/20
f 421/808/20 420/767/20 410/769/20
f 445/825/209 466/826/210 450/827/210 471/828/209
f 460/829/20 450/830/20 451/831/20
f 455/832/207 436/833/208 460/834/208 441/835/207
f 465/836/213 456/837/214 440/838/214 451/839/213
f 435/840/211 446/841/212 470/842/212 461/843/211
f 470/842/212 446/841/212 449/844/221 472/845/221
f 472/845/221 449/844/221 448/846/222 473/847/222
f 473/847/222 448/846/222 447/848/223 474/849/223
f 474/849/223 447/848/223 445/850/209 471/851/209
f 465/836/213 451/839/213 454/852/224 467/853/224
f 467/853/224 454/852/224 453/854/225 468/855/225
f 468/855/225 453/854/225 452/856/226 469/857/226
f 469/857/226 452/856/226 450/827/210 466/826/210
f 440/838/214 456/837/214 459/858/215 442/859/215
f 442/859/215 459/858/215 458/860/216 443/861/216
f 443/861/216 458/860/216 457/862/217 444/863/217
f 444/863/217 457/862/217 455/832/207 441/835/207
f 435/840/211 461/843/211 464/864/218 437/865/218
f 437/865/218 464/864/218 463/866/219 438/867/219
f 438/867/219 463/866/219 462/868/220 439/869/220
f 439/869/220 462/868/220 460/834/208 436/833/208
f 461/870/20 470/871/20 471/872/20
f 470/871/20 472/873/20 474/874/20
f 472/873/20 473/875/20 474/874/20
f 474/874/20 471/872/20 470/871/20
f 471/872/20 450/830/20 461/870/20
f 450/830/20 452/876/20 453/877/20
f 453/877/20 454/878/20 451/831/20
f 451/831/20 440/879/20 460/829/20
f 440/879/20 442/880/20 441/881/20
f 460/829/20 440/879/20 441/881/20
f 442/880/20 443/882/20 444/883/20
f 444/883/20 441/881/20 442/880/20
f 460/829/20 462/884/20 463/885/20
f 463/885/20 464/886/20 460/829/20
f 464/886/20 461/870/20 460/829/20
f 450/830/20 453/877/20 451/831/20
f 461/870/20 450/830/20 460/829/20
f 501/887/222 478/888/227 477/889/228
f 477/889/228 478/888/227 480/890/229 479/891/230
f 479/891/230 480/890/229 482/892/231 481/893/232
f 481/893/232 482/892/231 484/894/233 483/895/234
f 483/895/234 484/894/233 486/896/235 485/897/236
f 485/897/236 486/896/235 488/898/237 487/899/20
f 487/899/20 488/898/237 490/900/238 489/901/239
f 489/901/239 490/900/238 492/902/240 491/903/241
f 491/903/241 492/902/240 494/904/242 493/905/243
f 493/905/243 494/904/242 496/906/244 495/907/245
f 495/907/245 496/906/244 498/908/246 497/909/247
f 502/910/225 500/911/225 499/912/9
f 500/913/225 502/914/225 501/915/222 476/916/222
f 501/915/222 502/914/225 498/917/246 496/918/244 494/919/242 492/920/240 490/921/238 488/922/237 486/923/235 484/924/233 482/925/231 480/926/229 478/927/227
f 477/889/228 475/928/7 501/887/222
f 475/928/7 476/929/222 501/887/222
f 499/912/9 497/909/247 502/910/225
f 497/909/247 498/908/246 502/910/225
f 529/930/222 506/931/227 505/932/228
f 505/932/228 506/931/227 508/933/229 507/934/230
f 507/934/230 508/933/229 510/935/231 509/936/232
f 509/936/232 510/935/231 512/937/233 511/938/234
f 511/938/234 512/937/233 514/939/235 513/940/236
f 513/940/236 514/939/235 516/941/237 515/942/20
f 515/942/20 516/941/237 518/943/238 517/944/239
f 517/944/239 518/943/238 520/945/240 519/946/241
f 519/946/241 520/945/240 522/947/242 521/948/243
f 521/948/243 522/947/242 524/949/244 523/950/245
f 523/950/245 524/949/244 526/951/246 525/952/247
f 530/953/225 528/954/9 527/955/9
f 528/956/4 530/957/225 529/958/222 504/959/4
f 529/958/222 530/957/225 526/960/246 524/961/244 522/962/242 520/963/240 518/964/238 516/965/237 514/966/235 512/967/233 510/968/231 508/969/229 506/970/227
f 505/932/228 503/971/7 529/930/222
f 503/971/7 504/972/7 529/930/222
f 527/955/9 525/952/247 530/953/225
f 525/952/247 526/951/246 530/953/225
f 557/973/222 534/974/227 533/975/228
f 533/975/228 534/974/227 536/976/229 535/977/230
f 535/977/230 536/976/229 538/978/231 537/979/232
f 537/979/232 538/978/231 540/980/233 539/981/234
f 539/981/234 540/980/233 542/982/235 541/983/236
f 541/983/236 542/982/235 544/984/237 543/985/20
f 543/985/20 544/984/237 546/986/238 545/987/239
f 545/987/239 546/986/238 548/988/240 547/989/241
f 547/989/241 548/988/240 550/990/242 549/991/243
f 549/991/243 550/990/242 552/992/244 551/993/245
f 551/993/245 552/992/244 554/994/246 553/995/247
f 558/996/225 556/997/225 555/998/9
f 556/999/225 558/1000/225 557/1001/222 532/1002/222
f 557/1001/222 558/1000/225 554/1003/246 552/1004/244 550/1005/242 548/1006/240 546/1007/238 544/1008/237 542/1009/235 540/1010/233 538/1011/231 536/1012/229 534/1013/227
f 533/975/228 531/1014/7 557/973/222
f 531/1014/7 532/1015/222 557/973/222
f 555/998/9 553/995/247 558/996/225
f 553/995/247 554/994/246 558/996/225
f 585/1016/222 562/1017/227 561/1018/228
f 561/1018/228 562/1017/227 564/1019/229 563/1020/230
f 563/1020/230 564/1019/229 566/1021/231 565/1022/232
f 565/1022/232 566/1021/231 568/1023/233 567/1024/234
f 567/1024/234 568/1023/233 570/1025/235 569/1026/236
f 569/1026/236 570/1025/235 572/1027/237 571/1028/20
f 571/1028/20 572/1027/237 574/1029/238 573/1030/239
f 573/1030/239 574/1029/238 576/1031/240 575/1032/241
f 575/1032/241 576/1031/240 578/1033/242 577/1034/243
f 577/1034/243 578/1033/242 580/1035/244 579/1036/245
f 579/1036/245 580/1035/244 582/1037/246 581/1038/247
f 586/1039/225 584/1040/225 583/1041/9
f 584/1042/225 586/1043/225 585/1044/222 560/1045/222
f 585/1044/222 586/1043/225 582/1046/246 580/1047/244 578/1048/242 576/1049/240 574/1050/238 572/1051/237 570/1052/235 568/1053/233 566/1054/231 564/1055/229 562/1056/227
f 561/1018/228 559/1057/7 585/1016/222
f 559/1057/7 560/1058/222 585/1016/222
f 583/1041/9 581/1038/247 586/1039/225
f 581/1038/247 582/1037/246 586/1039/225
f 587/1059/12 640/1060/248 639/1061/249 589/1062/250
f 589/1062/250 639/1061/249 641/1063/251 591/1064/252
f 591/1064/252 641/1063/251 642/1065/253 593/1066/254
f 593/1066/254 642/1065/253 643/1067/255 595/1068/256
f 595/1068/256 643/1067/255 644/1069/257 597/1070/258
f 597/1070/258 644/1069/257 645/1071/259 599/1072/260
f 599/1072/260 645/1071/259 646/1073/261 601/1074/262
f 601/1074/262 646/1073/261 647/1075/263 603/1076/264
f 603/1077/264 647/1078/263 648/1079/265 605/1080/266
f 605/1080/266 648/1079/265 649/1081/267 607/1082/268
f 607/1082/268 649/1081/267 650/1083/269 609/1084/270
f 609/1084/270 650/1083/269 651/1085/271 611/1086/272
f 611/1086/272 651/1085/271 652/1087/273 613/1088/20
f 613/1088/20 652/1087/273 653/1089/274 615/1090/275
f 615/1090/275 653/1089/274 654/1091/276 617/1092/277
f 617/1092/277 654/1091/276 655/1093/278 619/1094/279
f 619/1094/279 655/1093/278 656/1095/280 621/1096/281
f 621/1096/281 656/1095/280 657/1097/282 623/1098/283
f 623/1098/283 657/1097/282 658/1099/284 625/1100/285
f 625/1100/285 658/1099/284 659/1101/286 627/1102/287
f 627/1102/287 659/1101/286 660/1103/288 629/1104/289
f 629/1104/289 660/1103/288 661/1105/290 631/1106/291
f 631/1106/291 661/1105/290 662/1107/292 633/1108/293
f 633/1108/293 662/1107/292 663/1109/294 635/1110/295
f 622/1111/296 620/1112/297 707/1113/298 708/1114/299
f 635/1110/295 663/1109/294 664/1115/300 637/1116/301
f 637/1116/301 664/1115/300 640/1060/248 587/1059/12
f 588/1117/302 590/1118/303 639/1119/249 640/1120/248
f 590/1118/303 592/1121/304 641/1122/251 639/1119/249
f 592/1121/304 594/1123/305 642/1124/253 641/1122/251
f 594/1123/305 596/1125/306 643/1126/255 642/1124/253
f 596/1125/306 598/1127/307 644/1128/257 643/1126/255
f 598/1127/307 600/1129/308 645/1130/259 644/1128/257
f 600/1129/308 602/1131/309 646/1132/261 645/1130/259
f 602/1131/309 604/1133/310 647/1134/263 646/1132/261
f 604/1133/310 606/1135/311 648/1136/265 647/1134/263
f 606/1135/311 608/1137/312 649/1138/267 648/1136/265
f 608/1137/312 610/1139/313 650/1140/269 649/1138/267
f 610/1139/313 612/1141/314 651/1142/271 650/1140/269
f 612/1141/314 614/1143/315 652/1144/273 651/1142/271
f 614/1143/315 616/1145/316 653/1146/274 652/1144/273
f 616/1145/316 618/1147/317 654/1148/276 653/1146/274
f 618/1147/317 620/1112/297 655/1149/278 654/1148/276
f 620/1112/297 622/1111/296 656/1150/280 655/1149/278
f 622/1111/296 624/1151/318 657/1152/282 656/1150/280
f 624/1151/318 626/1153/319 658/1154/284 657/1152/282
f 626/1153/319 628/1155/320 659/1156/286 658/1154/284
f 628/1155/320 630/1157/321 660/1158/288 659/1156/286
f 630/1157/321 632/1159/322 661/1160/290 660/1158/288
f 632/1159/322 634/1161/323 662/1162/292 661/1160/290
f 634/1161/323 636/1163/324 663/1164/294 662/1162/292
f 636/1163/324 638/1165/325 664/1166/300 663/1164/294
f 638/1165/325 588/1117/302 640/1120/248 664/1166/300
f 608/1137/312 606/1135/311 700/1167/326 701/1168/327
f 638/1165/325 636/1163/324 715/1169/328 716/1170/329
f 594/1123/305 592/1121/304 693/1171/330 694/1172/331
f 624/1151/318 622/1111/296 708/1114/299 709/1173/332
f 610/1139/313 608/1137/312 701/1168/327 702/1174/333
f 588/1117/302 638/1165/325 716/1170/329 692/1175/334
f 596/1125/306 594/1123/305 694/1172/331 695/1176/335
f 626/1153/319 624/1151/318 709/1173/332 710/1177/336
f 612/1141/314 610/1139/313 702/1174/333 703/1178/337
f 598/1127/307 596/1125/306 695/1176/335 696/1179/338
f 628/1155/320 626/1153/319 710/1177/336 711/1180/339
f 614/1143/315 612/1141/314 703/1178/337 704/1181/340
f 600/1129/308 598/1127/307 696/1179/338 697/1182/341
f 630/1157/321 628/1155/320 711/1180/339 712/1183/342
f 616/1145/316 614/1143/315 704/1181/340 705/1184/343
f 602/1131/309 600/1129/308 697/1182/341 698/1185/344
f 632/1159/322 630/1157/321 712/1183/342 713/1186/345
f 618/1147/317 616/1145/316 705/1184/343 706/1187/346
f 604/1133/310 602/1131/309 698/1185/344 699/1188/347
f 634/1161/323 632/1159/322 713/1186/345 714/1189/348
f 590/1118/303 588/1117/302 692/1175/334 691/1190/349
f 620/1112/297 618/1147/317 706/1187/346 707/1113/298
f 606/1135/311 604/1133/310 699/1188/347 700/1167/326
f 636/1163/324 634/1161/323 714/1189/348 715/1169/328
f 592/1121/304 590/1118/303 691/1190/349 693/1171/330
f 666/1191/4 665/1192/4 691/1190/349 692/1175/334
f 665/1192/4 667/1193/4 693/1171/330 691/1190/349
f 667/1193/4 668/1194/4 694/1172/331 693/1171/330
f 668/1194/4 669/1195/4 695/1176/335 694/1172/331
f 669/1195/4 670/1196/4 696/1179/338 695/1176/335
f 670/1196/4 671/1197/4 697/1182/341 696/1179/338
f 671/1197/4 672/1198/4 698/1185/344 697/1182/341
f 672/1198/4 673/1199/4 699/1188/347 698/1185/344
f 673/1199/4 674/1200/4 700/1167/326 699/1188/347
f 674/1200/4 675/1201/4 701/1168/327 700/1167/326
f 675/1201/4 676/1202/4 702/1174/333 701/1168/327
f 676/1202/4 677/1203/4 703/1178/337 702/1174/333
f 677/1203/4 678/1204/4 704/1181/340 703/1178/337
f 678/1204/4 679/1205/4 705/1184/343 704/1181/340
f 679/1205/4 680/1206/4 706/1187/346 705/1184/343
f 680/1206/4 681/1207/4 707/1113/298 706/1187/346
f 681/1207/4 682/1208/4 708/1114/299 707/1113/298
f 682/1208/4 683/1209/4 709/1173/332 708/1114/299
f 683/1209/4 684/1210/4 710/1177/336 709/1173/332
f 684/1210/4 685/1211/4 711/1180/339 710/1177/336
f 685/1211/4 686/1212/4 712/1183/342 711/1180/339
f 686/1212/4 687/1213/4 713/1186/345 712/1183/342
f 687/1213/4 688/1214/4 714/1189/348 713/1186/345
f 688/1214/4 689/1215/4 715/1169/328 714/1189/348
f 689/1215/4 690/1216/4 716/1170/329 715/1169/328
f 690/1216/4 666/1191/4 692/1175/334 716/1170/329
f 754/1217/4 750/1218/4 748/1219/4
f 746/1220/350 737/1221/350 765/1222/351 767/1223/351 768/1224/351 766/1225/351 761/1226/351 763/1227/351 764/1228/351 762/1229/351
f 737/1221/350 745/1230/4 741/1231/4
f 740/1232/352 741/1233/353 732/1234/353 733/1235/352
f 756/1236/354 737/1237/355 736/1238/355 717/1239/354
f 743/1240/356 744/1241/357 729/1242/357 730/1243/356
f 737/1237/355 738/1244/358 735/1245/358 736/1238/355
f 738/1244/358 739/1246/359 734/1247/359 735/1245/358
f 742/1248/360 743/1240/356 730/1243/356 731/1249/360
f 747/1250/361 748/1251/362 725/1252/362 726/1253/361
f 745/1254/363 746/1255/364 727/1256/364 728/1257/363
f 754/1258/365 755/1259/366 718/1260/366 719/1261/365
f 741/1233/353 742/1248/360 731/1249/360 732/1234/353
f 744/1241/357 745/1254/363 728/1257/363 729/1242/357
f 748/1251/362 749/1262/367 724/1263/367 725/1252/362
f 750/1264/368 751/1265/369 722/1266/369 723/1267/368
f 751/1265/369 752/1268/370 721/1269/370 722/1266/369
f 752/1268/370 753/1270/371 720/1271/371 721/1269/370
f 753/1270/371 754/1258/365 719/1261/365 720/1271/371
f 739/1246/359 740/1232/352 733/1235/352 734/1247/359
f 755/1259/366 756/1236/354 717/1239/354 718/1260/366
f 749/1262/367 750/1264/368 723/1267/368 724/1263/367
f 746/1255/364 747/1272/361 726/1273/361 727/1256/364
f 756/1274/372 747/1275/372 757/1276/373 759/1277/373 760/1278/373 758/1279/373 769/1280/373 771/1281/373 772/1282/373 770/1283/373
f 747/1284/374 746/1285/374 762/1286/375 757/1287/375
f 737/1288/376 756/1289/376 770/1290/377 765/1291/377
f 757/1287/375 762/1286/375 764/1292/378 759/1293/378
f 759/1293/378 764/1292/378 763/1294/379 760/1295/379
f 760/1295/379 763/1294/379 761/1296/380 758/1297/380
f 765/1291/377 770/1290/377 772/1298/381 767/1299/381
f 767/1299/381 772/1298/381 771/1300/382 768/1301/382
f 768/1301/382 771/1300/382 769/1302/383 766/1303/383
f 766/1303/383 769/1302/383 758/1297/380 761/1296/380
f 739/1304/4 738/1305/4 737/1221/350
f 737/1221/350 746/1220/350 745/1230/4
f 745/1230/4 744/1306/4 743/1307/4
f 743/1307/4 742/1308/4 745/1230/4
f 742/1308/4 741/1231/4 745/1230/4
f 741/1231/4 740/1309/4 739/1304/4
f 739/1304/4 737/1221/350 741/1231/4
f 748/1219/4 747/1275/372 756/1274/372
f 756/1274/372 755/1310/4 748/1219/4
f 755/1310/4 754/1217/4 748/1219/4
f 754/1217/4 753/1311/4 752/1312/4
f 752/1312/4 751/1313/4 750/1218/4
f 750/1218/4 749/1314/4 748/1219/4
f 754/1217/4 752/1312/4 750/1218/4
f 773/1315/12 826/1316/248 825/1317/249 775/1318/250
f 775/1318/250 825/1317/249 827/1319/251 777/1320/252
f 777/1320/252 827/1319/251 828/1321/253 779/1322/254
f 779/1322/254 828/1321/253 829/1323/255 781/1324/256
f 781/1324/256 829/1323/255 830/1325/257 783/1326/258
f 783/1326/258 830/1325/257 831/1327/259 785/1328/260
f 785/1328/260 831/1327/259 832/1329/261 787/1330/262
f 787/1330/262 832/1329/261 833/1331/263 789/1332/264
f 789/1333/264 833/1334/263 834/1335/265 791/1336/266
f 791/1336/266 834/1335/265 835/1337/267 793/1338/268
f 793/1338/268 835/1337/267 836/1339/269 795/1340/270
f 795/1340/270 836/1339/269 837/1341/271 797/1342/272
f 797/1342/272 837/1341/271 838/1343/273 799/1344/20
f 799/1344/20 838/1343/273 839/1345/274 801/1346/275
f 801/1346/275 839/1345/274 840/1347/276 803/1348/277
f 803/1348/277 840/1347/276 841/1349/278 805/1350/279
f 805/1350/279 841/1349/278 842/1351/280 807/1352/281
f 807/1352/281 842/1351/280 843/1353/282 809/1354/283
f 809/1354/283 843/1353/282 844/1355/284 811/1356/285
f 811/1356/285 844/1355/284 845/1357/286 813/1358/287
f 813/1358/287 845/1357/286 846/1359/288 815/1360/289
f 815/1360/289 846/1359/288 847/1361/290 817/1362/291
f 817/1362/291 847/1361/290 848/1363/292 819/1364/293
f 819/1364/293 848/1363/292 849/1365/294 821/1366/295
f 808/1367/296 806/1368/297 893/1369/384 894/1370/299
f 821/1366/295 849/1365/294 850/1371/300 823/1372/301
f 823/1372/301 850/1371/300 826/1316/248 773/1315/12
f 774/1373/302 776/1374/303 825/1375/249 826/1376/248
f 776/1374/303 778/1377/304 827/1378/251 825/1375/249
f 778/1377/304 780/1379/305 828/1380/253 827/1378/251
f 780/1379/305 782/1381/306 829/1382/255 828/1380/253
f 782/1381/306 784/1383/307 830/1384/257 829/1382/255
f 784/1383/307 786/1385/308 831/1386/259 830/1384/257
f 786/1385/308 788/1387/309 832/1388/261 831/1386/259
f 788/1387/309 790/1389/310 833/1390/263 832/1388/261
f 790/1389/310 792/1391/311 834/1392/265 833/1390/263
f 792/1391/311 794/1393/312 835/1394/267 834/1392/265
f 794/1393/312 796/1395/313 836/1396/269 835/1394/267
f 796/1395/313 798/1397/314 837/1398/271 836/1396/269
f 798/1397/314 800/1399/315 838/1400/273 837/1398/271
f 800/1399/315 802/1401/316 839/1402/274 838/1400/273
f 802/1401/316 804/1403/317 840/1404/276 839/1402/274
f 804/1403/317 806/1368/297 841/1405/278 840/1404/276
f 806/1368/297 808/1367/296 842/1406/280 841/1405/278
f 808/1367/296 810/1407/318 843/1408/282 842/1406/280
f 810/1407/318 812/1409/319 844/1410/284 843/1408/282
f 812/1409/319 814/1411/320 845/1412/286 844/1410/284
f 814/1411/320 816/1413/321 846/1414/288 845/1412/286
f 816/1413/321 818/1415/322 847/1416/290 846/1414/288
f 818/1415/322 820/1417/323 848/1418/292 847/1416/290
f 820/1417/323 822/1419/324 849/1420/294 848/1418/292
f 822/1419/324 824/1421/325 850/1422/300 849/1420/294
f 824/1421/325 774/1373/302 826/1376/248 850/1422/300
f 794/1393/312 792/1391/311 886/1423/326 887/1424/327
f 824/1421/325 822/1419/324 901/1425/328 902/1426/385
f 780/1379/305 778/1377/304 879/1427/330 880/1428/331
f 810/1407/318 808/1367/296 894/1370/299 895/1429/332
f 796/1395/313 794/1393/312 887/1424/327 888/1430/333
f 774/1373/302 824/1421/325 902/1426/385 878/1431/334
f 782/1381/306 780/1379/305 880/1428/331 881/1432/335
f 812/1409/319 810/1407/318 895/1429/332 896/1433/336
f 798/1397/314 796/1395/313 888/1430/333 889/1434/337
f 784/1383/307 782/1381/306 881/1432/335 882/1435/338
f 814/1411/320 812/1409/319 896/1433/336 897/1436/339
f 800/1399/315 798/1397/314 889/1434/337 890/1437/340
f 786/1385/308 784/1383/307 882/1435/338 883/1438/341
f 816/1413/321 814/1411/320 897/1436/339 898/1439/342
f 802/1401/316 800/1399/315 890/1437/340 891/1440/343
f 788/1387/309 786/1385/308 883/1438/341 884/1441/344
f 818/1415/322 816/1413/321 898/1439/342 899/1442/345
f 804/1403/317 802/1401/316 891/1440/343 892/1443/346
f 790/1389/310 788/1387/309 884/1441/344 885/1444/347
f 820/1417/323 818/1415/322 899/1442/345 900/1445/348
f 776/1374/303 774/1373/302 878/1431/334 877/1446/349
f 806/1368/297 804/1403/317 892/1443/346 893/1369/384
f 792/1391/311 790/1389/310 885/1444/347 886/1423/326
f 822/1419/324 820/1417/323 900/1445/348 901/1425/328
f 778/1377/304 776/1374/303 877/1446/349 879/1427/330
f 852/1447/4 851/1448/4 877/1446/349 878/1431/334
f 851/1448/4 853/1449/4 879/1427/330 877/1446/349
f 853/1449/4 854/1450/4 880/1428/331 879/1427/330
f 854/1450/4 855/1451/4 881/1432/335 880/1428/331
f 855/1451/4 856/1452/4 882/1435/338 881/1432/335
f 856/1452/4 857/1453/4 883/1438/341 882/1435/338
f 857/1453/4 858/1454/4 884/1441/344 883/1438/341
f 858/1454/4 859/1455/4 885/1444/347 884/1441/344
f 859/1455/4 860/1456/4 886/1423/326 885/1444/347
f 860/1456/4 861/1457/4 887/1424/327 886/1423/326
f 861/1457/4 862/1458/4 888/1430/333 887/1424/327
f 862/1458/4 863/1459/4 889/1434/337 888/1430/333
f 863/1459/4 864/1460/4 890/1437/340 889/1434/337
f 864/1460/4 865/1461/4 891/1440/343 890/1437/340
f 865/1461/4 866/1462/4 892/1443/346 891/1440/343
f 866/1462/4 867/1463/4 893/1369/384 892/1443/346
f 867/1463/4 868/1464/4 894/1370/299 893/1369/384
f 868/1464/4 869/1465/4 895/1429/332 894/1370/299
f 869/1465/4 870/1466/4 896/1433/336 895/1429/332
f 870/1466/4 871/1467/4 897/1436/339 896/1433/336
f 871/1467/4 872/1468/4 898/1439/342 897/1436/339
f 872/1468/4 873/1469/4 899/1442/345 898/1439/342
f 873/1469/4 874/1470/4 900/1445/348 899/1442/345
f 874/1470/4 875/1471/4 901/1425/328 900/1445/348
f 875/1471/4 876/1472/4 902/1426/385 901/1425/328
f 876/1472/4 852/1447/4 878/1431/334 902/1426/385
f 940/1473/4 936/1474/4 934/1475/4
f 932/1476/350 923/1477/350 951/1478/351 953/1479/351 954/1480/351 952/1481/351 947/1482/351 949/1483/351 950/1484/351 948/1485/351
f 923/1477/350 931/1486/4 927/1487/4
f 926/1488/352 927/1489/353 918/1490/353 919/1491/352
f 942/1492/354 923/1493/355 922/1494/355 903/1495/354
f 929/1496/356 930/1497/357 915/1498/357 916/1499/356
f 923/1493/355 924/1500/358 921/1501/358 922/1494/355
f 924/1500/358 925/1502/359 920/1503/359 921/1501/358
f 928/1504/360 929/1496/356 916/1499/356 917/1505/360
f 933/1506/361 934/1507/362 911/1508/362 912/1509/361
f 931/1510/363 932/1511/364 913/1512/364 914/1513/363
f 940/1514/365 941/1515/366 904/1516/366 905/1517/365
f 927/1489/353 928/1504/360 917/1505/360 918/1490/353
f 930/1497/357 931/1510/363 914/1513/363 915/1498/357
f 934/1507/362 935/1518/367 910/1519/367 911/1508/362
f 936/1520/368 937/1521/369 908/1522/369 909/1523/368
f 937/1521/369 938/1524/370 907/1525/370 908/1522/369
f 938/1524/370 939/1526/371 906/1527/371 907/1525/370
f 939/1526/371 940/1514/365 905/1517/365 906/1527/371
f 925/1502/359 926/1488/352 919/1491/352 920/1503/359
f 941/1515/366 942/1492/354 903/1495/354 904/1516/366
f 935/1518/367 936/1520/368 909/1523/368 910/1519/367
f 932/1511/364 933/1528/361 912/1529/361 913/1512/364
f 942/1530/372 933/1531/372 943/1532/373 945/1533/373 946/1534/373 944/1535/373 955/1536/373 957/1537/373 958/1538/373 956/1539/373
f 933/1540/374 932/1541/374 948/1542/375 943/1543/375
f 923/1544/376 942/1545/376 956/1546/377 951/1547/377
f 943/1543/375 948/1542/375 950/1548/378 945/1549/378
f 945/1549/378 950/1548/378 949/1550/379 946/1551/379
f 946/1551/379 949/1550/379 947/1552/380 944/1553/380
f 951/1547/377 956/1546/377 958/1554/381 953/1555/381
f 953/1555/381 958/1554/381 957/1556/382 954/1557/382
f 954/1557/382 957/1556/382 955/1558/383 952/1559/383
f 952/1559/383 955/1558/383 944/1553/380 947/1552/380
f 934/1475/4 933/1531/372 942/1530/372
f 942/1530/372 941/1560/4 934/1475/4
f 941/1560/4 940/1473/4 934/1475/4
f 940/1473/4 939/1561/4 938/1562/4
f 938/1562/4 937/1563/4 936/1474/4
f 936/1474/4 935/1564/4 934/1475/4
f 940/1473/4 938/1562/4 936/1474/4
f 925/1565/4 924/1566/4 923/1477/350
f 923/1477/350 932/1476/350 931/1486/4
f 931/1486/4 930/1567/4 929/1568/4
f 929/1568/4 928/1569/4 931/1486/4
f 928/1569/4 927/1487/4 931/1486/4
f 927/1487/4 926/1570/4 925/1565/4
f 925/1565/4 923/1477/350 927/1487/4
f 959/1571/12 960/1572/12 962/1573/386 961/1574/386
f 961/1574/386 962/1573/386 964/1575/387 963/1576/387
f 963/1576/387 964/1575/387 966/1577/7 965/1578/7
f 965/1578/7 966/1577/7 968/1579/204 967/1580/204
f 967/1580/204 968/1579/204 970/1581/203 969/1582/203
f 969/1583/203 970/1584/203 972/1585/20 971/1586/20
f 971/1586/20 972/1585/20 974/1587/388 973/1588/388
f 973/1588/388 974/1587/388 976/1589/389 975/1590/389
f 975/1590/389 976/1589/389 978/1591/9 977/1592/9
f 977/1592/9 978/1591/9 980/1593/390 979/1594/390
f 970/1581/391 968/1579/392 987/1595/392 988/1596/391
f 979/1594/390 980/1593/390 982/1597/393 981/1598/393
f 981/1598/393 982/1597/393 960/1572/12 959/1571/12
f 989/1599/20 988/1600/203 1000/1601/203 1001/1602/20
f 968/1579/392 966/1577/394 986/1603/394 987/1595/392
f 960/1572/395 982/1597/396 994/1604/396 984/1605/395
f 962/1573/397 960/1572/395 984/1605/395 983/1606/397
f 966/1577/394 964/1575/398 985/1607/398 986/1603/394
f 982/1597/396 980/1593/399 993/1608/399 994/1604/396
f 964/1575/398 962/1573/397 983/1606/397 985/1607/398
f 980/1593/399 978/1591/400 992/1609/400 993/1608/399
f 978/1591/400 976/1589/401 991/1610/401 992/1609/400
f 976/1589/401 974/1587/402 990/1611/402 991/1610/401
f 974/1587/402 972/1585/403 989/1599/403 990/1611/402
f 972/1585/403 970/1584/391 988/1600/391 989/1599/403
f 995/1612/4 996/1613/4 1006/1614/4 1005/1615/4 1004/1616/4 1003/1617/4 1002/1618/4 1001/1619/4 1000/1620/4 999/1621/4 998/1622/4 997/1623/4
f 986/1603/7 985/1607/387 997/1624/387 998/1625/7
f 993/1608/390 992/1609/9 1004/1626/9 1005/1627/390
f 990/1611/388 989/1599/20 1001/1602/20 1002/1628/388
f 987/1595/204 986/1603/7 998/1625/7 999/1629/204
f 994/1604/393 993/1608/390 1005/1627/390 1006/1630/393
f 983/1606/386 984/1605/12 996/1631/12 995/1632/386
f 991/1610/389 990/1611/388 1002/1628/388 1003/1633/389
f 988/1596/203 987/1595/204 999/1629/204 1000/1634/203
f 984/1605/12 994/1604/393 1006/1630/393 996/1631/12
f 985/1607/387 983/1606/386 995/1632/386 997/1624/387
f 992/1609/9 991/1610/389 1003/1633/389 1004/1626/9
f 1017/1635/45 1007/1636/45 1008/1637/404 1018/1638/404
f 1018/1638/404 1008/1637/404 1009/1639/405 1019/1640/405
f 1019/1641/405 1009/1642/405 1010/1643/406 1020/1644/406
f 1020/1644/406 1010/1643/406 1011/1645/407 1021/1646/407
f 1021/1646/407 1011/1645/407 1012/1647/4 1022/1648/4
f 1022/1648/4 1012/1647/4 1013/1649/408 1023/1650/408
f 1023/1650/408 1013/1649/408 1014/1651/409 1024/1652/409
f 1024/1652/409 1014/1651/409 1015/1653/410 1025/1654/410
f 1008/1655/7 1007/1656/7 1016/1657/7 1015/1658/7 1014/1659/7 1013/1660/7 1012/1661/7 1011/1662/7 1010/1663/7 1009/1664/7
f 1025/1654/410 1015/1653/410 1016/1665/411 1026/1666/411
f 1026/1666/411 1016/1665/411 1007/1636/45 1017/1635/45
f 1021/1667/9 1022/1668/9 1037/1669/9 1035/1670/9
f 1018/1671/9 1019/1672/9 1031/1673/9 1029/1674/9
f 1025/1675/9 1026/1676/9 1045/1677/9 1043/1678/9
f 1022/1668/9 1023/1679/9 1039/1680/9 1037/1669/9
f 1019/1681/9 1020/1682/9 1033/1683/9 1031/1684/9
f 1026/1676/9 1017/1685/9 1046/1686/9 1045/1677/9
f 1023/1679/9 1024/1687/9 1041/1688/9 1039/1680/9
f 1020/1682/9 1021/1667/9 1035/1670/9 1033/1683/9
f 1017/1685/9 1018/1671/9 1029/1674/9 1046/1686/9
f 1024/1687/9 1025/1675/9 1043/1678/9 1041/1688/9
f 1038/1689/412 1040/1690/413 1054/1691/413 1053/1692/412
f 1044/1693/411 1045/1677/411 1046/1686/45 1027/1694/45
f 1042/1695/410 1043/1678/410 1045/1677/411 1044/1693/411
f 1040/1696/409 1041/1688/409 1043/1678/410 1042/1695/410
f 1038/1697/408 1039/1680/408 1041/1688/409 1040/1696/409
f 1036/1698/4 1037/1669/4 1039/1680/408 1038/1697/408
f 1034/1699/407 1035/1670/407 1037/1669/4 1036/1698/4
f 1032/1700/406 1033/1683/406 1035/1670/407 1034/1699/407
f 1030/1701/405 1031/1684/405 1033/1683/406 1032/1700/406
f 1028/1702/404 1029/1674/404 1031/1673/405 1030/1703/405
f 1027/1694/45 1046/1686/45 1029/1674/404 1028/1702/404
f 1053/1692/408 1054/1691/409 1064/1704/409 1063/1705/408
f 1028/1706/414 1030/1707/415 1049/1708/415 1048/1709/414
f 1042/1710/416 1044/1711/417 1056/1712/417 1055/1713/416
f 1032/1714/418 1034/1715/419 1051/1716/419 1050/1717/418
f 1036/1718/420 1038/1689/412 1053/1692/412 1052/1719/420
f 1027/1720/421 1028/1706/414 1048/1709/414 1047/1721/421
f 1040/1690/413 1042/1710/416 1055/1713/416 1054/1691/413
f 1030/1722/415 1032/1714/418 1050/1717/418 1049/1723/415
f 1044/1711/417 1027/1720/421 1047/1721/421 1056/1712/417
f 1034/1715/419 1036/1718/420 1052/1719/420 1051/1716/419
f 1057/1724/9 1058/1725/9 1059/1726/9 1060/1727/9 1061/1728/9 1062/1729/9 1063/1730/9 1064/1731/9 1065/1732/9 1066/1733/9
f 1050/1717/406 1051/1716/407 1061/1734/407 1060/1735/406
f 1047/1721/45 1048/1709/404 1058/1736/404 1057/1737/45
f 1054/1691/409 1055/1713/410 1065/1738/410 1064/1704/409
f 1051/1716/407 1052/1719/4 1062/1739/4 1061/1734/407
f 1048/1709/404 1049/1708/405 1059/1740/405 1058/1736/404
f 1055/1713/410 1056/1712/411 1066/1741/411 1065/1738/410
f 1052/1719/4 1053/1692/408 1063/1705/408 1062/1739/4
f 1049/1723/405 1050/1717/406 1060/1735/406 1059/1742/405
f 1056/1712/411 1047/1721/45 1057/1737/45 1066/1741/411
f 1166/1743/422 1079/1744/423 1068/1745/424 1078/1746/425
f 1102/1747/426 1110/1748/427 1071/1749/428 1067/1750/429
f 1110/1748/427 1118/1751/430 1072/1752/431 1071/1749/428
f 1118/1751/430 1126/1753/432 1073/1754/433 1072/1752/431
f 1126/1753/432 1134/1755/434 1074/1756/435 1073/1754/433
f 1134/1755/434 1142/1757/436 1075/1758/437 1074/1756/435
f 1142/1757/436 1150/1759/438 1076/1760/439 1075/1758/437
f 1150/1759/438 1158/1761/440 1077/1762/441 1076/1760/439
f 1158/1761/440 1166/1743/422 1078/1746/425 1077/1762/441
f 1070/1763/442 1094/1764/443 1103/1765/444 1095/1766/445
f 1095/1766/445 1103/1765/444 1104/1767/446 1096/1768/447
f 1096/1768/447 1104/1767/446 1105/1769/448 1097/1770/449
f 1097/1770/449 1105/1769/448 1106/1771/450 1098/1772/451
f 1098/1772/451 1106/1771/450 1107/1773/452 1099/1774/453
f 1099/1774/453 1107/1773/452 1108/1775/454 1100/1776/455
f 1100/1776/455 1108/1775/454 1109/1777/456 1101/1778/457
f 1101/1778/457 1109/1777/456 1110/1748/427 1102/1747/426
f 1094/1764/443 1093/1779/458 1111/1780/459 1103/1765/444
f 1103/1765/444 1111/1780/459 1112/1781/460 1104/1767/446
f 1104/1767/446 1112/1781/460 1113/1782/461 1105/1769/448
f 1105/1769/448 1113/1782/461 1114/1783/462 1106/1771/450
f 1106/1771/450 1114/1783/462 1115/1784/463 1107/1773/452
f 1107/1773/452 1115/1784/463 1116/1785/464 1108/1775/454
f 1108/1775/454 1116/1785/464 1117/1786/465 1109/1777/456
f 1109/1777/456 1117/1786/465 1118/1751/430 1110/1748/427
f 1093/1779/458 1092/1787/466 1119/1788/467 1111/1780/459
f 1111/1780/459 1119/1788/467 1120/1789/468 1112/1781/460
f 1112/1781/460 1120/1789/468 1121/1790/469 1113/1782/461
f 1113/1782/461 1121/1790/469 1122/1791/470 1114/1783/462
f 1114/1783/462 1122/1791/470 1123/1792/471 1115/1784/463
f 1115/1784/463 1123/1792/471 1124/1793/472 1116/1785/464
f 1116/1785/464 1124/1793/472 1125/1794/473 1117/1786/465
f 1117/1786/465 1125/1794/473 1126/1753/432 1118/1751/430
f 1092/1787/466 1091/1795/474 1127/1796/475 1119/1788/467
f 1119/1788/467 1127/1796/475 1128/1797/476 1120/1789/468
f 1120/1789/468 1128/1797/476 1129/1798/477 1121/1790/469
f 1121/1790/469 1129/1798/477 1130/1799/478 1122/1791/470
f 1122/1791/470 1130/1799/478 1131/1800/479 1123/1792/471
f 1123/1792/471 1131/1800/479 1132/1801/480 1124/1793/472
f 1124/1793/472 1132/1801/480 1133/1802/481 1125/1794/473
f 1125/1794/473 1133/1802/481 1134/1755/434 1126/1753/432
f 1091/1795/474 1090/1803/482 1135/1804/483 1127/1796/475
f 1127/1796/475 1135/1804/483 1136/1805/484 1128/1797/476
f 1128/1797/476 1136/1805/484 1137/1806/485 1129/1798/477
f 1129/1798/477 1137/1806/485 1138/1807/486 1130/1799/478
f 1130/1799/478 1138/1807/486 1139/1808/487 1131/1800/479
f 1131/1800/479 1139/1808/487 1140/1809/488 1132/1801/480
f 1132/1801/480 1140/1809/488 1141/1810/489 1133/1802/481
f 1133/1802/481 1141/1810/489 1142/1757/436 1134/1755/434
f 1090/1803/482 1089/1811/490 1143/1812/491 1135/1804/483
f 1135/1804/483 1143/1812/491 1144/1813/492 1136/1805/484
f 1136/1805/484 1144/1813/492 1145/1814/493 1137/1806/485
f 1137/1806/485 1145/1814/493 1146/1815/494 1138/1807/486
f 1138/1807/486 1146/1815/494 1147/1816/495 1139/1808/487
f 1139/1808/487 1147/1816/495 1148/1817/496 1140/1809/488
f 1140/1809/488 1148/1817/496 1149/1818/497 1141/1810/489
f 1141/1810/489 1149/1818/497 1150/1759/438 1142/1757/436
f 1089/1811/490 1088/1819/498 1151/1820/499 1143/1812/491
f 1143/1812/491 1151/1820/499 1152/1821/500 1144/1813/492
f 1144/1813/492 1152/1821/500 1153/1822/501 1145/1814/493
f 1145/1814/493 1153/1822/501 1154/1823/502 1146/1815/494
f 1146/1815/494 1154/1823/502 1155/1824/503 1147/1816/495
f 1147/1816/495 1155/1824/503 1156/1825/504 1148/1817/496
f 1148/1817/496 1156/1825/504 1157/1826/505 1149/1818/497
f 1149/1818/497 1157/1826/505 1158/1761/440 1150/1759/438
f 1088/1819/498 1087/1827/506 1159/1828/507 1151/1820/499
f 1151/1820/499 1159/1828/507 1160/1829/508 1152/1821/500
f 1152/1821/500 1160/1829/508 1161/1830/509 1153/1822/501
f 1153/1822/501 1161/1830/509 1162/1831/510 1154/1823/502
f 1154/1823/502 1162/1831/510 1163/1832/511 1155/1824/503
f 1155/1824/503 1163/1832/511 1164/1833/512 1156/1825/504
f 1156/1825/504 1164/1833/512 1165/1834/513 1157/1826/505
f 1157/1826/505 1165/1834/513 1166/1743/422 1158/1761/440
f 1087/1827/506 1069/1835/514 1086/1836/515 1159/1828/507
f 1159/1828/507 1086/1836/515 1085/1837/516 1160/1829/508
f 1160/1829/508 1085/1837/516 1084/1838/517 1161/1830/509
f 1161/1830/509 1084/1838/517 1083/1839/518 1162/1831/510
f 1162/1831/510 1083/1839/518 1082/1840/519 1163/1832/511
f 1163/1832/511 1082/1840/519 1081/1841/520 1164/1833/512
f 1164/1833/512 1081/1841/520 1080/1842/521 1165/1834/513
f 1165/1834/513 1080/1842/521 1079/1744/423 1166/1743/422
