# Blender 5.1.0
# www.blender.org
mtllib round_wooden_table_01_1k.mtl
o round_wooden_table_01
v -0.000000 1.001608 -0.689499
v -0.000000 0.994254 -0.695821
v 0.178456 1.001608 -0.666005
v 0.180092 0.994254 -0.672112
v 0.344750 1.001608 -0.597124
v 0.347911 0.994254 -0.602599
v 0.487550 1.001608 -0.487550
v 0.492020 0.994254 -0.492020
v 0.597124 1.001608 -0.344750
v 0.602599 0.994254 -0.347911
v 0.666005 1.001608 -0.178456
v 0.672112 0.994254 -0.180092
v 0.689499 1.001608 -0.000000
v 0.695821 0.994254 -0.000000
v 0.666005 1.001608 0.178456
v 0.672112 0.994254 0.180092
v 0.597124 1.001608 0.344750
v 0.602599 0.994254 0.347910
v 0.487550 1.001608 0.487550
v 0.492020 0.994254 0.492020
v 0.344750 1.001608 0.597124
v 0.347911 0.994254 0.602599
v 0.178456 1.001608 0.666005
v 0.180092 0.994254 0.672112
v 0.000000 1.001608 0.689499
v 0.000000 0.994254 0.695821
v -0.178455 1.001608 0.666005
v -0.180091 0.994254 0.672112
v -0.344750 1.001608 0.597124
v -0.347910 0.994254 0.602599
v -0.487550 1.001608 0.487550
v -0.492020 0.994254 0.492020
v -0.597124 1.001608 0.344750
v -0.602599 0.994254 0.347911
v -0.666005 1.001608 0.178456
v -0.672112 0.994254 0.180092
v -0.689499 1.001608 0.000000
v -0.695821 0.994254 0.000000
v -0.666005 1.001608 -0.178455
v -0.672112 0.994254 -0.180091
v -0.597124 1.001608 -0.344749
v -0.602599 0.994254 -0.347910
v -0.487550 1.001608 -0.487549
v -0.492020 0.994254 -0.492020
v -0.344750 1.001608 -0.597124
v -0.347911 0.994254 -0.602599
v -0.178456 1.001608 -0.666005
v -0.180092 0.994254 -0.672112
v -0.000000 0.975858 -0.699674
v -0.000000 0.961335 -0.688161
v -0.000000 0.966234 -0.695379
v 0.181089 0.975858 -0.675834
v 0.179977 0.966234 -0.671684
v 0.178109 0.961335 -0.664713
v 0.349837 0.975858 -0.605936
v 0.347689 0.966234 -0.602216
v 0.344081 0.961335 -0.595965
v 0.494745 0.975858 -0.494745
v 0.491707 0.966234 -0.491707
v 0.486604 0.961335 -0.486604
v 0.605936 0.975858 -0.349837
v 0.602216 0.966234 -0.347689
v 0.595965 0.961335 -0.344081
v 0.675834 0.975858 -0.181089
v 0.671684 0.966234 -0.179977
v 0.664713 0.961335 -0.178109
v 0.699674 0.975858 -0.000000
v 0.695379 0.966234 -0.000000
v 0.688161 0.961335 -0.000000
v 0.675834 0.975858 0.181089
v 0.671684 0.966234 0.179977
v 0.664713 0.961335 0.178109
v 0.605936 0.975858 0.349837
v 0.602216 0.966234 0.347689
v 0.595965 0.961335 0.344081
v 0.494745 0.975858 0.494744
v 0.491707 0.966234 0.491707
v 0.486604 0.961335 0.486603
v 0.349837 0.975858 0.605936
v 0.347690 0.966234 0.602216
v 0.344081 0.961335 0.595965
v 0.181089 0.975858 0.675834
v 0.179978 0.966234 0.671684
v 0.178109 0.961335 0.664713
v 0.000000 0.975858 0.699674
v 0.000000 0.966234 0.695379
v 0.000000 0.961335 0.688161
v -0.181089 0.975858 0.675834
v -0.179977 0.966234 0.671684
v -0.178109 0.961335 0.664713
v -0.349837 0.975858 0.605936
v -0.347689 0.966234 0.602216
v -0.344080 0.961335 0.595965
v -0.494744 0.975858 0.494745
v -0.491707 0.966234 0.491707
v -0.486603 0.961335 0.486604
v -0.605936 0.975858 0.349837
v -0.602216 0.966234 0.347690
v -0.595965 0.961335 0.344081
v -0.675834 0.975858 0.181089
v -0.671684 0.966234 0.179978
v -0.664713 0.961335 0.178110
v -0.699674 0.975858 0.000000
v -0.695379 0.966234 0.000000
v -0.688161 0.961335 0.000000
v -0.675834 0.975858 -0.181089
v -0.671684 0.966234 -0.179977
v -0.664713 0.961335 -0.178109
v -0.605936 0.975858 -0.349837
v -0.602216 0.966234 -0.347689
v -0.595965 0.961335 -0.344080
v -0.494745 0.975858 -0.494744
v -0.491707 0.966234 -0.491707
v -0.486604 0.961335 -0.486603
v -0.349838 0.975858 -0.605936
v -0.347690 0.966234 -0.602216
v -0.344081 0.961335 -0.595965
v -0.181089 0.975858 -0.675833
v -0.179978 0.966234 -0.671684
v -0.178110 0.961335 -0.664713
v -0.000000 1.003432 -0.679363
v 0.175832 1.003432 -0.656214
v 0.339682 1.003432 -0.588346
v 0.480382 1.003432 -0.480382
v 0.588346 1.003432 -0.339682
v 0.656214 1.003432 -0.175832
v 0.679363 1.003432 -0.000000
v 0.656214 1.003432 0.175832
v 0.588346 1.003432 0.339682
v 0.480383 1.003432 0.480382
v 0.339682 1.003432 0.588346
v 0.175832 1.003432 0.656214
v 0.000000 1.003432 0.679363
v -0.175832 1.003432 0.656214
v -0.339681 1.003432 0.588346
v -0.480382 1.003432 0.480383
v -0.588346 1.003432 0.339682
v -0.656214 1.003432 0.175832
v -0.679363 1.003432 0.000000
v -0.656214 1.003432 -0.175832
v -0.588346 1.003432 -0.339681
v -0.480383 1.003432 -0.480382
v -0.339682 1.003432 -0.588346
v -0.175833 1.003432 -0.656214
v 0.174845 0.959225 -0.652529
v -0.000000 0.959225 -0.675548
v 0.337774 0.959225 -0.585042
v 0.477685 0.959225 -0.477685
v 0.585042 0.959225 -0.337774
v 0.652529 0.959225 -0.174845
v 0.675548 0.959225 -0.000000
v 0.652529 0.959225 0.174845
v 0.585042 0.959225 0.337774
v 0.477685 0.959225 0.477685
v 0.337774 0.959225 0.585042
v 0.174845 0.959225 0.652529
v 0.000000 0.959225 0.675548
v -0.174844 0.959225 0.652529
v -0.337774 0.959225 0.585042
v -0.477684 0.959225 0.477685
v -0.585042 0.959225 0.337774
v -0.652529 0.959225 0.174845
v -0.675548 0.959225 0.000000
v -0.652529 0.959225 -0.174844
v -0.585042 0.959225 -0.337774
v -0.477685 0.959225 -0.477684
v -0.337774 0.959225 -0.585042
v -0.174845 0.959225 -0.652529
v 0.000000 1.003703 0.000000
v -0.000000 0.958912 0.000000
v 0.090822 0.994254 -0.689860
v 0.179312 0.999376 -0.669200
v -0.000000 0.999376 -0.692807
v 0.089997 1.001608 -0.683592
v 0.177405 1.002798 -0.662086
v -0.000000 1.002798 -0.685441
v 0.088674 1.003432 -0.673543
v 0.266276 0.994254 -0.642847
v 0.346403 0.999376 -0.599988
v 0.263857 1.001608 -0.637007
v 0.342721 1.002798 -0.593610
v 0.259978 1.003432 -0.627642
v 0.423584 0.994254 -0.552025
v 0.489888 0.999376 -0.489888
v 0.419735 1.001608 -0.547010
v 0.484680 1.002798 -0.484680
v 0.413565 1.003432 -0.538968
v 0.552025 0.994254 -0.423584
v 0.599989 0.999376 -0.346403
v 0.547010 1.001608 -0.419735
v 0.593610 1.002798 -0.342721
v 0.538968 1.003432 -0.413565
v 0.642847 0.994254 -0.266276
v 0.669200 0.999376 -0.179312
v 0.637007 1.001608 -0.263857
v 0.662086 1.002798 -0.177405
v 0.627642 1.003432 -0.259978
v 0.689860 0.994254 -0.090822
v 0.692807 0.999376 -0.000000
v 0.683592 1.001608 -0.089997
v 0.685442 1.002798 -0.000000
v 0.673543 1.003432 -0.088674
v 0.689860 0.994254 0.090822
v 0.669200 0.999376 0.179312
v 0.683592 1.001608 0.089997
v 0.662086 1.002798 0.177405
v 0.673543 1.003432 0.088674
v 0.642847 0.994254 0.266276
v 0.599988 0.999376 0.346403
v 0.637007 1.001608 0.263857
v 0.593610 1.002798 0.342721
v 0.627642 1.003432 0.259978
v 0.552025 0.994254 0.423584
v 0.489889 0.999376 0.489888
v 0.547010 1.001608 0.419735
v 0.484680 1.002798 0.484680
v 0.538969 1.003432 0.413565
v 0.423584 0.994254 0.552025
v 0.346404 0.999376 0.599988
v 0.419736 1.001608 0.547010
v 0.342721 1.002798 0.593610
v 0.413565 1.003432 0.538968
v 0.266276 0.994254 0.642847
v 0.179312 0.999376 0.669200
v 0.263857 1.001608 0.637007
v 0.177406 1.002798 0.662086
v 0.259978 1.003432 0.627642
v 0.090822 0.994254 0.689860
v 0.000000 0.999376 0.692807
v 0.089997 1.001608 0.683592
v 0.000000 1.002798 0.685442
v 0.088674 1.003432 0.673543
v -0.090821 0.994254 0.689860
v -0.179311 0.999376 0.669200
v -0.089996 1.001608 0.683592
v -0.177405 1.002798 0.662086
v -0.088673 1.003432 0.673543
v -0.266276 0.994254 0.642847
v -0.346403 0.999376 0.599989
v -0.263857 1.001608 0.637007
v -0.342721 1.002798 0.593610
v -0.259978 1.003432 0.627642
v -0.423584 0.994254 0.552025
v -0.489888 0.999376 0.489889
v -0.419735 1.001608 0.547010
v -0.484680 1.002798 0.484681
v -0.413565 1.003432 0.538969
v -0.552025 0.994254 0.423584
v -0.599988 0.999376 0.346404
v -0.547010 1.001608 0.419736
v -0.593610 1.002798 0.342721
v -0.538968 1.003432 0.413565
v -0.642847 0.994254 0.266276
v -0.669200 0.999376 0.179312
v -0.637007 1.001608 0.263857
v -0.662086 1.002798 0.177406
v -0.627642 1.003432 0.259978
v -0.689860 0.994254 0.090822
v -0.692807 0.999376 0.000000
v -0.683592 1.001608 0.089997
v -0.685442 1.002798 0.000000
v -0.673543 1.003432 0.088674
v -0.689860 0.994254 -0.090821
v -0.669200 0.999376 -0.179311
v -0.683592 1.001608 -0.089996
v -0.662086 1.002798 -0.177405
v -0.673543 1.003432 -0.088673
v -0.642847 0.994254 -0.266276
v -0.599989 0.999376 -0.346403
v -0.637007 1.001608 -0.263856
v -0.593610 1.002798 -0.342720
v -0.627642 1.003432 -0.259977
v -0.552025 0.994254 -0.423583
v -0.489889 0.999376 -0.489888
v -0.547010 1.001608 -0.419735
v -0.484681 1.002798 -0.484680
v -0.538969 1.003432 -0.413565
v -0.423584 0.994254 -0.552025
v -0.346404 0.999376 -0.599988
v -0.419736 1.001608 -0.547010
v -0.342721 1.002798 -0.593610
v -0.413565 1.003432 -0.538968
v -0.266276 0.994254 -0.642847
v -0.179312 0.999376 -0.669200
v -0.263857 1.001608 -0.637006
v -0.177406 1.002798 -0.662086
v -0.259978 1.003432 -0.627642
v -0.090822 0.994254 -0.689860
v -0.089997 1.001608 -0.683592
v -0.088674 1.003432 -0.673543
v -0.000000 0.969821 -0.698323
v 0.091325 0.975858 -0.693680
v 0.180739 0.969821 -0.674529
v 0.090764 0.966234 -0.689421
v -0.000000 0.963466 -0.691975
v 0.179096 0.963466 -0.668397
v 0.089822 0.961335 -0.682266
v -0.000000 0.959959 -0.683356
v 0.176866 0.959959 -0.660071
v 0.088176 0.959225 -0.669760
v 0.267751 0.975858 -0.646407
v 0.349162 0.969821 -0.604766
v 0.266107 0.966234 -0.642438
v 0.345988 0.963466 -0.599268
v 0.263345 0.961335 -0.635770
v 0.341678 0.959959 -0.591804
v 0.258518 0.959225 -0.624117
v 0.425930 0.975858 -0.555082
v 0.493789 0.969821 -0.493789
v 0.423315 0.966234 -0.551674
v 0.489300 0.963466 -0.489300
v 0.418921 0.961335 -0.545948
v 0.483206 0.959959 -0.483206
v 0.411243 0.959225 -0.535942
v 0.555082 0.975858 -0.425929
v 0.604766 0.969821 -0.349162
v 0.551674 0.966234 -0.423315
v 0.599268 0.963466 -0.345988
v 0.545948 0.961335 -0.418921
v 0.591804 0.959959 -0.341678
v 0.535942 0.959225 -0.411243
v 0.646407 0.975858 -0.267751
v 0.674529 0.969821 -0.180739
v 0.642438 0.966234 -0.266107
v 0.668397 0.963466 -0.179096
v 0.635770 0.961335 -0.263345
v 0.660072 0.959959 -0.176866
v 0.624117 0.959225 -0.258518
v 0.693680 0.975858 -0.091325
v 0.698323 0.969821 -0.000000
v 0.689421 0.966234 -0.090764
v 0.691975 0.963466 -0.000000
v 0.682266 0.961335 -0.089822
v 0.683356 0.959959 -0.000000
v 0.669760 0.959225 -0.088176
v 0.693680 0.975858 0.091325
v 0.674529 0.969821 0.180739
v 0.689421 0.966234 0.090764
v 0.668397 0.963466 0.179096
v 0.682266 0.961335 0.089822
v 0.660072 0.959959 0.176866
v 0.669760 0.959225 0.088176
v 0.646407 0.975858 0.267750
v 0.604766 0.969821 0.349162
v 0.642438 0.966234 0.266107
v 0.599268 0.963466 0.345988
v 0.635770 0.961335 0.263345
v 0.591804 0.959959 0.341678
v 0.624117 0.959225 0.258518
v 0.555082 0.975858 0.425929
v 0.493789 0.969821 0.493789
v 0.551674 0.966234 0.423314
v 0.489301 0.963466 0.489300
v 0.545948 0.961335 0.418921
v 0.483206 0.959959 0.483206
v 0.535942 0.959225 0.411242
v 0.425930 0.975858 0.555082
v 0.349162 0.969821 0.604766
v 0.423315 0.966234 0.551674
v 0.345988 0.963466 0.599268
v 0.418921 0.961335 0.545948
v 0.341678 0.959959 0.591804
v 0.411243 0.959225 0.535942
v 0.267751 0.975858 0.646407
v 0.180740 0.969821 0.674529
v 0.266107 0.966234 0.642438
v 0.179097 0.963466 0.668397
v 0.263345 0.961335 0.635770
v 0.176866 0.959959 0.660071
v 0.258518 0.959225 0.624117
v 0.091325 0.975858 0.693680
v 0.000000 0.969821 0.698323
v 0.090764 0.966234 0.689421
v 0.000000 0.963466 0.691975
v 0.089822 0.961335 0.682266
v 0.000000 0.959959 0.683356
v 0.088176 0.959225 0.669760
v -0.091324 0.975858 0.693680
v -0.180739 0.969821 0.674529
v -0.090764 0.966234 0.689421
v -0.179096 0.963466 0.668397
v -0.089822 0.961335 0.682266
v -0.176865 0.959959 0.660072
v -0.088175 0.959225 0.669760
v -0.267750 0.975858 0.646407
v -0.349161 0.969821 0.604766
v -0.266106 0.966234 0.642438
v -0.345987 0.963466 0.599268
v -0.263344 0.961335 0.635770
v -0.341678 0.959959 0.591804
v -0.258518 0.959225 0.624117
v -0.425929 0.975858 0.555082
v -0.493789 0.969821 0.493789
v -0.423314 0.966234 0.551674
v -0.489300 0.963466 0.489301
v -0.418921 0.961335 0.545949
v -0.483206 0.959959 0.483206
v -0.411242 0.959225 0.535942
v -0.555082 0.975858 0.425930
v -0.604766 0.969821 0.349162
v -0.551674 0.966234 0.423315
v -0.599268 0.963466 0.345988
v -0.545948 0.961335 0.418921
v -0.591804 0.959959 0.341678
v -0.535942 0.959225 0.411243
v -0.646407 0.975858 0.267751
v -0.674529 0.969821 0.180740
v -0.642438 0.966234 0.266107
v -0.668397 0.963466 0.179097
v -0.635770 0.961335 0.263345
v -0.660071 0.959959 0.176866
v -0.624117 0.959225 0.258518
v -0.693680 0.975858 0.091325
v -0.698323 0.969821 0.000000
v -0.689421 0.966234 0.090764
v -0.691975 0.963466 0.000000
v -0.682266 0.961335 0.089822
v -0.683356 0.959959 0.000000
v -0.669760 0.959225 0.088176
v -0.693680 0.975858 -0.091324
v -0.674529 0.969821 -0.180739
v -0.689421 0.966234 -0.090764
v -0.668397 0.963466 -0.179096
v -0.682266 0.961335 -0.089822
v -0.660072 0.959959 -0.176865
v -0.669760 0.959225 -0.088175
v -0.646407 0.975858 -0.267750
v -0.604766 0.969821 -0.349161
v -0.642438 0.966234 -0.266106
v -0.599268 0.963466 -0.345987
v -0.635770 0.961335 -0.263344
v -0.591804 0.959959 -0.341678
v -0.624117 0.959225 -0.258517
v -0.555082 0.975858 -0.425929
v -0.493790 0.969821 -0.493789
v -0.551675 0.966234 -0.423314
v -0.489301 0.963466 -0.489300
v -0.545949 0.961335 -0.418921
v -0.483206 0.959959 -0.483206
v -0.535942 0.959225 -0.411242
v -0.425930 0.975858 -0.555082
v -0.349162 0.969821 -0.604765
v -0.423315 0.966234 -0.551674
v -0.345988 0.963466 -0.599268
v -0.418921 0.961335 -0.545948
v -0.341679 0.959959 -0.591804
v -0.411243 0.959225 -0.535942
v -0.267751 0.975858 -0.646407
v -0.180740 0.969821 -0.674528
v -0.266107 0.966234 -0.642438
v -0.179097 0.963466 -0.668397
v -0.263345 0.961335 -0.635770
v -0.176866 0.959959 -0.660071
v -0.258518 0.959225 -0.624117
v -0.091325 0.975858 -0.693680
v -0.090764 0.966234 -0.689421
v -0.089822 0.961335 -0.682266
v -0.088176 0.959225 -0.669760
v -0.000000 1.003669 -0.660085
v 0.170843 1.003669 -0.637593
v 0.330043 1.003669 -0.571650
v 0.466751 1.003669 -0.466751
v 0.571650 1.003669 -0.330043
v 0.637593 1.003669 -0.170843
v 0.660085 1.003669 -0.000000
v 0.637593 1.003669 0.170843
v 0.571651 1.003669 0.330042
v 0.466751 1.003669 0.466750
v 0.330043 1.003669 0.571650
v 0.170843 1.003669 0.637593
v 0.000000 1.003669 0.660085
v -0.170842 1.003669 0.637593
v -0.330042 1.003669 0.571651
v -0.466750 1.003669 0.466751
v -0.571650 1.003669 0.330043
v -0.637593 1.003669 0.170843
v -0.660085 1.003669 0.000000
v -0.637593 1.003669 -0.170842
v -0.571651 1.003669 -0.330042
v -0.466751 1.003669 -0.466750
v -0.330043 1.003669 -0.571650
v -0.170843 1.003669 -0.637593
v 0.169095 0.958951 -0.631072
v -0.000000 0.958951 -0.653334
v 0.326667 0.958951 -0.565804
v 0.461977 0.958951 -0.461977
v 0.565804 0.958951 -0.326667
v 0.631072 0.958951 -0.169095
v 0.653334 0.958951 -0.000000
v 0.631072 0.958951 0.169095
v 0.565804 0.958951 0.326667
v 0.461977 0.958951 0.461977
v 0.326667 0.958951 0.565804
v 0.169095 0.958951 0.631072
v 0.000000 0.958951 0.653334
v -0.169095 0.958951 0.631072
v -0.326667 0.958951 0.565804
v -0.461977 0.958951 0.461977
v -0.565804 0.958951 0.326667
v -0.631072 0.958951 0.169095
v -0.653334 0.958951 0.000000
v -0.631072 0.958951 -0.169095
v -0.565804 0.958951 -0.326667
v -0.461977 0.958951 -0.461977
v -0.326667 0.958951 -0.565804
v -0.169096 0.958951 -0.631072
v -0.349254 0.985214 -0.604925
v -0.493920 0.985214 -0.493919
v -0.604925 0.985214 -0.349253
v -0.674706 0.985214 -0.180787
v -0.698507 0.985214 0.000000
v -0.674706 0.985214 0.180787
v -0.604925 0.985214 0.349254
v -0.493919 0.985214 0.493920
v -0.349253 0.985214 0.604925
v -0.180787 0.985214 0.674706
v 0.000000 0.985214 0.698507
v 0.180787 0.985214 0.674706
v -0.180787 0.985214 -0.674706
v -0.000000 0.985214 -0.698507
v 0.180787 0.985214 -0.674706
v 0.349254 0.985214 -0.604925
v 0.493919 0.985214 -0.493919
v 0.604925 0.985214 -0.349254
v 0.674706 0.985214 -0.180787
v 0.698507 0.985214 -0.000000
v 0.674706 0.985214 0.180787
v 0.604925 0.985214 0.349254
v 0.493919 0.985214 0.493919
v 0.349254 0.985214 0.604925
v 0.090428 0.999376 -0.686871
v 0.089467 1.002798 -0.679569
v 0.265122 0.999376 -0.640062
v 0.262304 1.002798 -0.633257
v 0.421749 0.999376 -0.549634
v 0.417265 1.002798 -0.543790
v 0.549634 0.999376 -0.421749
v 0.543790 1.002798 -0.417265
v 0.640062 0.999376 -0.265122
v 0.633258 1.002798 -0.262304
v 0.686871 0.999376 -0.090428
v 0.679569 1.002798 -0.089467
v 0.686871 0.999376 0.090428
v 0.679569 1.002798 0.089467
v 0.640062 0.999376 0.265122
v 0.633258 1.002798 0.262304
v 0.549634 0.999376 0.421749
v 0.543791 1.002798 0.417265
v 0.421749 0.999376 0.549634
v 0.417265 1.002798 0.543790
v 0.265123 0.999376 0.640062
v 0.262304 1.002798 0.633257
v 0.090429 0.999376 0.686871
v 0.089467 1.002798 0.679569
v -0.090428 0.999376 0.686871
v -0.089467 1.002798 0.679569
v -0.265122 0.999376 0.640062
v -0.262304 1.002798 0.633258
v -0.421749 0.999376 0.549634
v -0.417265 1.002798 0.543791
v -0.549634 0.999376 0.421749
v -0.543790 1.002798 0.417266
v -0.640062 0.999376 0.265123
v -0.633257 1.002798 0.262304
v -0.686871 0.999376 0.090429
v -0.679569 1.002798 0.089467
v -0.686871 0.999376 -0.090428
v -0.679569 1.002798 -0.089467
v -0.640062 0.999376 -0.265122
v -0.633258 1.002798 -0.262304
v -0.549634 0.999376 -0.421749
v -0.543791 1.002798 -0.417265
v -0.421749 0.999376 -0.549634
v -0.417266 1.002798 -0.543790
v -0.265123 0.999376 -0.640062
v -0.262304 1.002798 -0.633257
v 0.692523 0.985214 -0.091172
v -0.090429 0.999376 -0.686871
v -0.089467 1.002798 -0.679569
v 0.091148 0.969821 -0.692341
v 0.090320 0.963466 -0.686047
v 0.089195 0.959959 -0.677502
v 0.267233 0.969821 -0.645159
v 0.264804 0.963466 -0.639294
v 0.261506 0.959959 -0.631331
v 0.425107 0.969821 -0.554010
v 0.421243 0.963466 -0.548974
v 0.415996 0.959959 -0.542136
v 0.554010 0.969821 -0.425107
v 0.548974 0.963466 -0.421243
v 0.542136 0.959959 -0.415996
v 0.645159 0.969821 -0.267233
v 0.639294 0.963466 -0.264804
v 0.631331 0.959959 -0.261506
v 0.692340 0.969821 -0.091148
v 0.686047 0.963466 -0.090320
v 0.677502 0.959959 -0.089195
v 0.692341 0.969821 0.091148
v 0.686047 0.963466 0.090320
v 0.677502 0.959959 0.089195
v 0.645159 0.969821 0.267233
v 0.639294 0.963466 0.264804
v 0.631331 0.959959 0.261506
v 0.554010 0.969821 0.425107
v 0.548974 0.963466 0.421243
v 0.542136 0.959959 0.415996
v 0.425107 0.969821 0.554010
v 0.421243 0.963466 0.548974
v 0.415996 0.959959 0.542136
v 0.267234 0.969821 0.645159
v 0.264804 0.963466 0.639294
v 0.261506 0.959959 0.631331
v 0.091149 0.969821 0.692340
v 0.090320 0.963466 0.686047
v 0.089195 0.959959 0.677502
v -0.091148 0.969821 0.692341
v -0.090320 0.963466 0.686047
v -0.089195 0.959959 0.677502
v -0.267233 0.969821 0.645159
v -0.264804 0.963466 0.639294
v -0.261506 0.959959 0.631331
v -0.425107 0.969821 0.554010
v -0.421242 0.963466 0.548974
v -0.415996 0.959959 0.542136
v -0.554010 0.969821 0.425107
v -0.548974 0.963466 0.421243
v -0.542136 0.959959 0.415996
v -0.645159 0.969821 0.267234
v -0.639294 0.963466 0.264804
v -0.631331 0.959959 0.261506
v -0.692340 0.969821 0.091149
v -0.686047 0.963466 0.090320
v -0.677502 0.959959 0.089195
v -0.692341 0.969821 -0.091148
v -0.686047 0.963466 -0.090319
v -0.677502 0.959959 -0.089194
v -0.645159 0.969821 -0.267233
v -0.639294 0.963466 -0.264804
v -0.631331 0.959959 -0.261506
v -0.554011 0.969821 -0.425107
v -0.548974 0.963466 -0.421242
v -0.542137 0.959959 -0.415996
v -0.425107 0.969821 -0.554010
v -0.421243 0.963466 -0.548974
v -0.415996 0.959959 -0.542136
v -0.267234 0.969821 -0.645158
v -0.264805 0.963466 -0.639294
v -0.261506 0.959959 -0.631331
v -0.091149 0.969821 -0.692340
v -0.090320 0.963466 -0.686047
v -0.089195 0.959959 -0.677502
v -0.645329 0.985214 -0.267303
v -0.692523 0.985214 -0.091172
v -0.692523 0.985214 0.091173
v 0.091173 0.985214 0.692523
v 0.267304 0.985214 0.645329
v 0.425219 0.985214 0.554156
v 0.554156 0.985214 0.425219
v 0.645329 0.985214 0.267304
v 0.692523 0.985214 0.091172
v 0.645329 0.985214 -0.267304
v 0.086259 1.003669 -0.655202
v 0.252898 1.003669 -0.610551
v 0.402303 1.003669 -0.524292
v 0.524292 1.003669 -0.402303
v 0.610551 1.003669 -0.252899
v 0.655202 1.003669 -0.086259
v 0.655202 1.003669 0.086259
v 0.610551 1.003669 0.252898
v 0.524292 1.003669 0.402303
v 0.402304 1.003669 0.524292
v 0.252899 1.003669 0.610551
v 0.086259 1.003669 0.655202
v -0.086259 1.003669 0.655202
v -0.252898 1.003669 0.610551
v -0.402303 1.003669 0.524292
v -0.524292 1.003669 0.402304
v -0.610551 1.003669 0.252899
v -0.655202 1.003669 0.086259
v -0.655202 1.003669 -0.086259
v -0.610551 1.003669 -0.252898
v -0.524292 1.003669 -0.402303
v -0.402304 1.003669 -0.524292
v -0.252899 1.003669 -0.610551
v -0.086259 1.003669 -0.655202
v 0.085376 0.958951 -0.648495
v 0.250310 0.958951 -0.604301
v 0.398185 0.958951 -0.518925
v 0.518925 0.958951 -0.398185
v 0.604301 0.958951 -0.250310
v 0.648495 0.958951 -0.085376
v 0.648495 0.958951 0.085376
v 0.604302 0.958951 0.250310
v 0.518926 0.958951 0.398185
v 0.398186 0.958951 0.518925
v 0.250310 0.958951 0.604301
v 0.085376 0.958951 0.648495
v -0.085376 0.958951 0.648495
v -0.250310 0.958951 0.604302
v -0.398185 0.958951 0.518926
v -0.518925 0.958951 0.398186
v -0.604301 0.958951 0.250310
v -0.648495 0.958951 0.085376
v -0.648495 0.958951 -0.085376
v -0.604302 0.958951 -0.250309
v -0.518926 0.958951 -0.398185
v -0.398186 0.958951 -0.518925
v -0.250310 0.958951 -0.604301
v -0.085376 0.958951 -0.648495
v -0.091172 0.985214 0.692523
v -0.267304 0.985214 0.645329
v -0.425219 0.985214 0.554156
v -0.554156 0.985214 0.425219
v -0.267304 0.985214 -0.645328
v -0.645328 0.985214 0.267304
v 0.267304 0.985214 -0.645329
v 0.425219 0.985214 -0.554156
v 0.554156 0.985214 -0.425219
v -0.091173 0.985214 -0.692523
v -0.554156 0.985214 -0.425219
v -0.425219 0.985214 -0.554156
v 0.091172 0.985214 -0.692523
v 0.071093 0.775326 -0.055142
v 0.044700 0.936876 -0.034934
v 0.084513 0.775326 -0.030363
v 0.053167 0.936876 -0.019300
v 0.089619 0.775326 -0.002650
v 0.056388 0.936876 -0.001815
v 0.085911 0.775326 0.025284
v 0.054049 0.936876 0.015809
v 0.073753 0.775326 0.050706
v 0.046377 0.936876 0.031848
v 0.054333 0.775326 0.071126
v 0.034125 0.936876 0.044732
v 0.029555 0.775326 0.084546
v 0.018492 0.936876 0.053199
v 0.001842 0.775326 0.089651
v 0.001007 0.936876 0.056420
v -0.026093 0.775326 0.085944
v -0.016618 0.936876 0.054081
v -0.051514 0.775326 0.073785
v -0.032657 0.936876 0.046410
v -0.071934 0.775326 0.054366
v -0.045540 0.936876 0.034158
v -0.085354 0.775326 0.029587
v -0.054007 0.936876 0.018524
v -0.090460 0.775326 0.001874
v -0.057229 0.936876 0.001039
v -0.086752 0.775326 -0.026060
v -0.054889 0.936876 -0.016585
v -0.074593 0.775326 -0.051482
v -0.047218 0.936876 -0.032625
v -0.055174 0.775326 -0.071902
v -0.034966 0.936876 -0.045508
v -0.030395 0.775326 -0.085322
v -0.019332 0.936876 -0.053975
v -0.002682 0.775326 -0.090427
v -0.001847 0.936876 -0.057196
v 0.025252 0.775326 -0.086720
v 0.015777 0.936876 -0.054857
v 0.050674 0.775326 -0.074561
v 0.031816 0.936876 -0.047186
v 0.083060 0.783173 -0.064304
v 0.098725 0.783173 -0.035379
v 0.104685 0.783173 -0.003029
v 0.100357 0.783173 0.029580
v 0.086164 0.783173 0.059255
v 0.063495 0.783173 0.083092
v 0.034570 0.783173 0.098757
v 0.002220 0.783173 0.104717
v -0.030388 0.783173 0.100389
v -0.060064 0.783173 0.086196
v -0.083900 0.783173 0.063527
v -0.099565 0.783173 0.034603
v -0.105526 0.783173 0.002252
v -0.101197 0.783173 -0.030356
v -0.087004 0.783173 -0.060031
v -0.064336 0.783173 -0.083868
v -0.035411 0.783173 -0.099533
v -0.003061 0.783173 -0.105493
v 0.029548 0.783173 -0.101165
v 0.059223 0.783173 -0.086972
v 0.023915 0.734325 -0.016375
v 0.063146 0.704731 -0.046412
v 0.068278 0.671697 -0.050341
v 0.063146 0.638662 -0.046412
v 0.025923 0.609068 -0.017913
v 0.028241 0.734325 -0.008385
v 0.074835 0.704731 -0.024829
v 0.080930 0.671697 -0.026980
v 0.074835 0.638662 -0.024829
v 0.030627 0.609068 -0.009227
v 0.029888 0.734325 0.000550
v 0.079282 0.704731 -0.000691
v 0.085744 0.671697 -0.000853
v 0.079282 0.638662 -0.000691
v 0.032417 0.609068 0.000487
v 0.028692 0.734325 0.009557
v 0.076052 0.704731 0.023641
v 0.082248 0.671697 0.025483
v 0.076052 0.638662 0.023641
v 0.031117 0.609068 0.010278
v 0.024772 0.734325 0.017754
v 0.065462 0.704731 0.045783
v 0.070785 0.671697 0.049450
v 0.065462 0.638662 0.045783
v 0.026856 0.609068 0.019189
v 0.018511 0.734325 0.024338
v 0.048548 0.704731 0.063569
v 0.052477 0.671697 0.068701
v 0.048548 0.638662 0.063569
v 0.020049 0.609068 0.026347
v 0.010521 0.734325 0.028665
v 0.026965 0.704731 0.075258
v 0.029116 0.671697 0.081353
v 0.026965 0.638662 0.075258
v 0.011363 0.609068 0.031050
v 0.001586 0.734325 0.030311
v 0.002827 0.704731 0.079705
v 0.002989 0.671697 0.086167
v 0.002827 0.638662 0.079705
v 0.001649 0.609068 0.032840
v -0.007421 0.734325 0.029115
v -0.021505 0.704731 0.076475
v -0.023347 0.671697 0.082671
v -0.021505 0.638662 0.076475
v -0.008142 0.609068 0.031540
v -0.015618 0.734325 0.025195
v -0.043647 0.704731 0.065885
v -0.047314 0.671697 0.071208
v -0.043647 0.638662 0.065885
v -0.017053 0.609068 0.027279
v -0.022202 0.734325 0.018934
v -0.061433 0.704731 0.048971
v -0.066566 0.671697 0.052900
v -0.061433 0.638662 0.048971
v -0.024211 0.609068 0.020472
v -0.026529 0.734325 0.010944
v -0.073122 0.704731 0.027388
v -0.079217 0.671697 0.029539
v -0.073122 0.638662 0.027388
v -0.028915 0.609068 0.011786
v -0.028175 0.734325 0.002009
v -0.077569 0.704731 0.003250
v -0.084031 0.671697 0.003412
v -0.077569 0.638662 0.003250
v -0.030704 0.609068 0.002072
v -0.026980 0.734325 -0.006998
v -0.074340 0.704731 -0.021082
v -0.080535 0.671697 -0.022924
v -0.074340 0.638662 -0.021082
v -0.029405 0.609068 -0.007719
v -0.023059 0.734325 -0.015195
v -0.063749 0.704731 -0.043224
v -0.069072 0.671697 -0.046891
v -0.063749 0.638662 -0.043224
v -0.025143 0.609068 -0.016630
v -0.016798 0.734325 -0.021779
v -0.046835 0.704731 -0.061010
v -0.050764 0.671697 -0.066142
v -0.046835 0.638662 -0.061010
v -0.018336 0.609068 -0.023788
v -0.008809 0.734325 -0.026106
v -0.025252 0.704731 -0.072699
v -0.027403 0.671697 -0.078794
v -0.025252 0.638662 -0.072699
v -0.009651 0.609068 -0.028492
v 0.000127 0.734325 -0.027752
v -0.001114 0.704731 -0.077146
v -0.001276 0.671697 -0.083608
v -0.001114 0.638662 -0.077146
v 0.000063 0.609068 -0.030281
v 0.009134 0.734325 -0.026557
v 0.023217 0.704731 -0.073917
v 0.025060 0.671697 -0.080112
v 0.023217 0.638662 -0.073917
v 0.009855 0.609068 -0.028982
v 0.017331 0.734325 -0.022636
v 0.045360 0.704731 -0.063326
v 0.049027 0.671697 -0.068649
v 0.045360 0.638662 -0.063326
v 0.018766 0.609068 -0.024720
v 0.066619 0.735742 -0.051716
v 0.079200 0.735742 -0.028488
v 0.083986 0.735742 -0.002508
v 0.080510 0.735742 0.023678
v 0.069112 0.735742 0.047509
v 0.050908 0.735742 0.066652
v 0.027679 0.735742 0.079232
v 0.001700 0.735742 0.084018
v -0.024487 0.735742 0.080543
v -0.048318 0.735742 0.069145
v -0.067460 0.735742 0.050940
v -0.080040 0.735742 0.027712
v -0.084827 0.735742 0.001732
v -0.081351 0.735742 -0.024454
v -0.069953 0.735742 -0.048285
v -0.051749 0.735742 -0.067428
v -0.028520 0.735742 -0.080008
v -0.002541 0.735742 -0.084795
v 0.023646 0.735742 -0.081319
v 0.047477 0.735742 -0.069921
v 0.058531 0.733849 -0.045523
v 0.069593 0.733849 -0.025097
v 0.073802 0.733849 -0.002253
v 0.070746 0.733849 0.020775
v 0.060723 0.733849 0.041730
v 0.044715 0.733849 0.058563
v 0.024289 0.733849 0.069625
v 0.001444 0.733849 0.073834
v -0.021583 0.733849 0.070778
v -0.042539 0.733849 0.060755
v -0.059372 0.733849 0.044747
v -0.070434 0.733849 0.024321
v -0.074643 0.733849 0.001477
v -0.071586 0.733849 -0.021551
v -0.061564 0.733849 -0.042506
v -0.045556 0.733849 -0.059339
v -0.025130 0.733849 -0.070402
v -0.002285 0.733849 -0.074611
v 0.020742 0.733849 -0.071554
v 0.041698 0.733849 -0.061531
v 0.058951 0.609068 -0.019223
v 0.049772 0.609068 -0.036172
v 0.062443 0.609068 -0.000268
v 0.059907 0.609068 0.018839
v 0.051591 0.609068 0.036228
v 0.038308 0.609068 0.050195
v 0.021359 0.609068 0.059374
v 0.002404 0.609068 0.062866
v -0.016704 0.609068 0.060330
v -0.034092 0.609068 0.052014
v -0.048059 0.609068 0.038731
v -0.057238 0.609068 0.021782
v -0.060731 0.609068 0.002827
v -0.058195 0.609068 -0.016281
v -0.049878 0.609068 -0.033669
v -0.036595 0.609068 -0.047636
v -0.019647 0.609068 -0.056815
v -0.000691 0.609068 -0.060308
v 0.018416 0.609068 -0.057772
v 0.035805 0.609068 -0.049455
v 0.060643 0.729536 -0.019821
v 0.051197 0.729536 -0.037263
v 0.064238 0.729536 -0.000313
v 0.061627 0.729536 0.019351
v 0.053069 0.729536 0.037246
v 0.039399 0.729536 0.051620
v 0.021957 0.729536 0.061066
v 0.002449 0.729536 0.064661
v -0.017215 0.729536 0.062051
v -0.035110 0.729536 0.053492
v -0.049484 0.729536 0.039822
v -0.058931 0.729536 0.022380
v -0.062525 0.729536 0.002872
v -0.059915 0.729536 -0.016792
v -0.051356 0.729536 -0.034687
v -0.037686 0.729536 -0.049061
v -0.020244 0.729536 -0.058508
v -0.000736 0.729536 -0.062102
v 0.018928 0.729536 -0.059492
v 0.036823 0.729536 -0.050933
v 0.048407 0.734325 -0.015502
v 0.040893 0.734325 -0.029375
v 0.051265 0.734325 0.000013
v 0.049189 0.734325 0.015652
v 0.042382 0.734325 0.029884
v 0.031510 0.734325 0.041317
v 0.017638 0.734325 0.048830
v 0.002123 0.734325 0.051688
v -0.013516 0.734325 0.049612
v -0.027749 0.734325 0.042805
v -0.039181 0.734325 0.031933
v -0.046694 0.734325 0.018061
v -0.049552 0.734325 0.002546
v -0.047477 0.734325 -0.013093
v -0.040670 0.734325 -0.027326
v -0.029798 0.734325 -0.038758
v -0.015925 0.734325 -0.046271
v -0.000410 0.734325 -0.049129
v 0.015229 0.734325 -0.047054
v 0.029461 0.734325 -0.040246
v 0.086051 0.916008 -0.066594
v 0.102278 0.916008 -0.036633
v 0.108451 0.916008 -0.003123
v 0.103968 0.916008 0.030654
v 0.089266 0.916008 0.061392
v 0.065786 0.916008 0.086083
v 0.035824 0.916008 0.102310
v 0.002315 0.916008 0.108484
v -0.031462 0.916008 0.104000
v -0.062201 0.916008 0.089299
v -0.086892 0.916008 0.065818
v -0.103118 0.916008 0.035856
v -0.109292 0.916008 0.002347
v -0.104809 0.916008 -0.031430
v -0.090107 0.916008 -0.062168
v -0.066626 0.916008 -0.086859
v -0.036665 0.916008 -0.103086
v -0.003155 0.916008 -0.109260
v 0.030622 0.916008 -0.104776
v 0.061360 0.916008 -0.090075
v 0.093174 0.936190 -0.033420
v 0.078386 0.936190 -0.060725
v 0.098801 0.936190 -0.002881
v 0.094715 0.936190 0.027902
v 0.081316 0.936190 0.055916
v 0.059917 0.936190 0.078418
v 0.032611 0.936190 0.093207
v 0.002072 0.936190 0.098833
v -0.028711 0.936190 0.094747
v -0.056724 0.936190 0.081349
v -0.079227 0.936190 0.059949
v -0.094015 0.936190 0.032644
v -0.099641 0.936190 0.002105
v -0.095555 0.936190 -0.028678
v -0.082157 0.936190 -0.056692
v -0.060758 0.936190 -0.079194
v -0.033452 0.936190 -0.093983
v -0.002913 0.936190 -0.099609
v 0.027870 0.936190 -0.095523
v 0.055884 0.936190 -0.082125
v 0.101304 0.790494 -0.036289
v 0.107419 0.790494 -0.003097
v 0.102978 0.790494 0.030360
v 0.088416 0.790494 0.060807
v 0.065158 0.790494 0.085263
v 0.035480 0.790494 0.101336
v 0.002289 0.790494 0.107451
v -0.031168 0.790494 0.103011
v -0.061615 0.790494 0.088448
v -0.086072 0.790494 0.065190
v -0.102145 0.790494 0.035513
v -0.108260 0.790494 0.002321
v -0.103819 0.790494 -0.031136
v -0.089257 0.790494 -0.061583
v -0.065999 0.790494 -0.086040
v -0.036321 0.790494 -0.102112
v -0.003129 0.790494 -0.108227
v 0.030327 0.790494 -0.103787
v 0.060774 0.790494 -0.089224
v 0.085231 0.790494 -0.065966
v 0.085231 0.798477 -0.065966
v 0.087249 0.801232 -0.067511
v 0.103700 0.801232 -0.037135
v 0.101304 0.798477 -0.036289
v 0.109960 0.801232 -0.003161
v 0.107419 0.798477 -0.003097
v 0.105414 0.801232 0.031084
v 0.102978 0.798477 0.030360
v 0.090509 0.801232 0.062248
v 0.088416 0.798477 0.060807
v 0.066703 0.801232 0.087281
v 0.065158 0.798477 0.085263
v 0.036326 0.801232 0.103733
v 0.035480 0.798477 0.101336
v 0.002353 0.801232 0.109992
v 0.002289 0.798477 0.107451
v -0.031892 0.801232 0.105446
v -0.031168 0.798477 0.103011
v -0.063057 0.801232 0.090541
v -0.061615 0.798477 0.088448
v -0.088090 0.801232 0.066735
v -0.086072 0.798477 0.065190
v -0.104541 0.801232 0.036359
v -0.102145 0.798477 0.035513
v -0.110800 0.801232 0.002385
v -0.108260 0.798477 0.002321
v -0.106255 0.801232 -0.031860
v -0.103819 0.798477 -0.031136
v -0.091350 0.801232 -0.063024
v -0.089257 0.798477 -0.061583
v -0.067543 0.801232 -0.088057
v -0.065999 0.798477 -0.086040
v -0.037167 0.801232 -0.104509
v -0.036321 0.798477 -0.102112
v -0.003193 0.801232 -0.110768
v -0.003129 0.798477 -0.108227
v 0.031052 0.801232 -0.106222
v 0.030327 0.798477 -0.103787
v 0.062216 0.801232 -0.091317
v 0.060774 0.798477 -0.089224
v 0.097409 0.796794 -0.034914
v 0.097409 0.793286 -0.034914
v 0.103290 0.796794 -0.002993
v 0.103290 0.793286 -0.002993
v 0.099019 0.796794 0.029182
v 0.099019 0.793286 0.029182
v 0.085014 0.796794 0.058463
v 0.085014 0.793286 0.058463
v 0.062647 0.796794 0.081984
v 0.062647 0.793286 0.081984
v 0.034106 0.796794 0.097441
v 0.034106 0.793286 0.097441
v 0.002185 0.796794 0.103322
v 0.002185 0.793286 0.103322
v -0.029991 0.796794 0.099051
v -0.029991 0.793286 0.099051
v -0.059272 0.796794 0.085047
v -0.059272 0.793286 0.085047
v -0.082792 0.796794 0.062679
v -0.082792 0.793286 0.062679
v -0.098250 0.796794 0.034138
v -0.098250 0.793286 0.034138
v -0.104131 0.796794 0.002217
v -0.104131 0.793286 0.002217
v -0.099860 0.796794 -0.029958
v -0.099860 0.793286 -0.029958
v -0.085855 0.796794 -0.059240
v -0.085855 0.793286 -0.059240
v -0.063488 0.796794 -0.082760
v -0.063488 0.793286 -0.082760
v -0.034946 0.796794 -0.098217
v -0.034946 0.793286 -0.098217
v -0.003026 0.796794 -0.104098
v -0.003026 0.793286 -0.104098
v 0.029150 0.796794 -0.099827
v 0.029150 0.793286 -0.099827
v 0.058431 0.796794 -0.085823
v 0.058431 0.793286 -0.085823
v 0.081952 0.793286 -0.063455
v 0.081952 0.796794 -0.063455
v 0.087249 0.821874 -0.067511
v 0.103700 0.821874 -0.037135
v 0.109960 0.821874 -0.003161
v 0.105414 0.821874 0.031084
v 0.090509 0.821874 0.062248
v 0.066703 0.821874 0.087281
v 0.036326 0.821874 0.103733
v 0.002353 0.821874 0.109992
v -0.031892 0.821874 0.105446
v -0.063057 0.821874 0.090541
v -0.088090 0.821874 0.066735
v -0.104541 0.821874 0.036359
v -0.110800 0.821874 0.002385
v -0.106255 0.821874 -0.031860
v -0.091350 0.821874 -0.063024
v -0.067543 0.821874 -0.088057
v -0.037167 0.821874 -0.104509
v -0.003193 0.821874 -0.110768
v 0.031052 0.821874 -0.106222
v 0.062216 0.821874 -0.091317
v 0.109391 0.817783 -0.039143
v 0.109391 0.804757 -0.039143
v 0.115993 0.817783 -0.003313
v 0.115993 0.804757 -0.003313
v 0.111199 0.817783 0.032804
v 0.111199 0.804757 0.032804
v 0.095479 0.817783 0.065672
v 0.095479 0.804757 0.065672
v 0.070371 0.817783 0.092073
v 0.070371 0.804757 0.092073
v 0.038335 0.817783 0.109424
v 0.038335 0.804757 0.109424
v 0.002504 0.817783 0.116025
v 0.002504 0.804757 0.116025
v -0.033613 0.817783 0.111231
v -0.033613 0.804757 0.111231
v -0.066480 0.817783 0.095511
v -0.066480 0.804757 0.095511
v -0.092881 0.817783 0.070404
v -0.092881 0.804757 0.070404
v -0.110232 0.817783 0.038367
v -0.110232 0.804757 0.038367
v -0.116833 0.817783 0.002536
v -0.116833 0.804757 0.002536
v -0.112039 0.817783 -0.033580
v -0.112039 0.804757 -0.033580
v -0.096319 0.817783 -0.066448
v -0.096319 0.804757 -0.066448
v -0.071212 0.817783 -0.092849
v -0.071212 0.804757 -0.092849
v -0.039175 0.817783 -0.110200
v -0.039175 0.804757 -0.110200
v -0.003345 0.817783 -0.116801
v -0.003345 0.804757 -0.116801
v 0.032772 0.817783 -0.112007
v 0.032772 0.804757 -0.112007
v 0.065640 0.817783 -0.096287
v 0.065640 0.804757 -0.096287
v 0.092041 0.804757 -0.071180
v 0.092041 0.817783 -0.071180
v 0.182924 0.936605 -0.112491
v 0.184946 0.958738 -0.113710
v 0.202228 0.936605 -0.071908
v 0.204457 0.958738 -0.072694
v 0.212673 0.936605 -0.028198
v 0.215013 0.958738 -0.028517
v 0.213801 0.936605 0.016729
v 0.216154 0.958738 0.016888
v 0.205565 0.936605 0.060908
v 0.207829 0.958738 0.061539
v 0.188323 0.936605 0.102409
v 0.190403 0.958738 0.103483
v 0.162829 0.936605 0.139419
v 0.164637 0.958738 0.140888
v 0.130197 0.936605 0.170319
v 0.131657 0.958738 0.172118
v 0.091854 0.936605 0.193760
v 0.092905 0.958738 0.195809
v 0.049475 0.936605 0.208716
v 0.050074 0.958738 0.210925
v 0.004913 0.936605 0.214535
v 0.005036 0.958738 0.216805
v -0.039885 0.936605 0.210961
v -0.040240 0.958738 0.213194
v -0.082961 0.936605 0.198151
v -0.083776 0.958738 0.200247
v -0.122433 0.936605 0.176666
v -0.123669 0.958738 0.178532
v -0.156507 0.936605 0.147553
v -0.158108 0.958738 0.149108
v -0.184409 0.958738 0.115949
v -0.214544 0.936605 0.023636
v -0.214797 0.936605 -0.017646
v -0.217019 0.958738 -0.017851
v -0.206536 0.936605 -0.061638
v -0.208670 0.958738 -0.062315
v -0.189294 0.936605 -0.103140
v -0.191244 0.958738 -0.104259
v -0.163800 0.936605 -0.140149
v -0.165478 0.958738 -0.141664
v -0.131168 0.936605 -0.171050
v -0.132498 0.958738 -0.172894
v -0.092825 0.936605 -0.194490
v -0.093746 0.958738 -0.196585
v -0.050447 0.936605 -0.209447
v -0.050915 0.958738 -0.211701
v -0.005885 0.936605 -0.215265
v -0.005877 0.958738 -0.217581
v 0.038914 0.936605 -0.211692
v 0.039399 0.958738 -0.213970
v 0.081990 0.936605 -0.198882
v 0.082935 0.958738 -0.201024
v 0.121461 0.936605 -0.177396
v 0.122828 0.958738 -0.179309
v 0.155604 0.936605 -0.148174
v 0.157335 0.958738 -0.149774
v -0.216758 0.958738 0.023884
v -0.182526 0.936605 0.114759
v -0.206003 0.958738 0.072106
v -0.203904 0.936605 0.071364
v -0.000000 0.936605 0.000000
v 0.157153 0.938746 -0.149602
v 0.122686 0.938746 -0.179102
v 0.082839 0.938746 -0.200792
v 0.039353 0.938746 -0.213724
v -0.005871 0.938746 -0.217331
v -0.050857 0.938746 -0.211457
v -0.093638 0.938746 -0.196359
v -0.132346 0.938746 -0.172695
v -0.165287 0.938746 -0.141501
v -0.191024 0.938746 -0.104140
v -0.208430 0.938746 -0.062244
v -0.216769 0.938746 -0.017831
v -0.216508 0.938746 0.023856
v -0.157926 0.938746 0.148936
v -0.123527 0.938746 0.178326
v -0.083680 0.938746 0.200016
v -0.040194 0.938746 0.212947
v 0.005030 0.938746 0.216555
v 0.050016 0.938746 0.210681
v 0.092797 0.938746 0.195583
v 0.131505 0.938746 0.171919
v 0.164447 0.938746 0.140725
v 0.190183 0.938746 0.103364
v 0.207589 0.938746 0.061468
v 0.215904 0.938746 0.016868
v 0.214765 0.938746 -0.028485
v 0.204221 0.938746 -0.072610
v 0.184733 0.938746 -0.113580
v -0.184197 0.938746 0.115815
v -0.205766 0.938746 0.072022
v 0.085093 0.932637 -0.065860
v 0.101712 0.786824 -0.036433
v 0.107851 0.786824 -0.003108
v 0.103393 0.786824 0.030483
v 0.088772 0.786824 0.061052
v 0.065421 0.786824 0.085607
v 0.035624 0.786824 0.101744
v 0.002300 0.786824 0.107884
v -0.031291 0.786824 0.103425
v -0.061860 0.786824 0.088805
v -0.086415 0.786824 0.065453
v -0.102553 0.786824 0.035657
v -0.108692 0.786824 0.002332
v -0.104234 0.786824 -0.031259
v -0.089613 0.786824 -0.061828
v -0.066262 0.786824 -0.086383
v -0.036465 0.786824 -0.102520
v -0.003140 0.786824 -0.108660
v 0.030451 0.786824 -0.104201
v 0.061020 0.786824 -0.089581
v 0.091619 0.780825 -0.032871
v 0.077076 0.780825 -0.059723
v 0.097152 0.780825 -0.002839
v 0.093134 0.780825 0.027432
v 0.079958 0.780825 0.054980
v 0.058914 0.780825 0.077109
v 0.032062 0.780825 0.091651
v 0.002031 0.780825 0.097184
v -0.028241 0.780825 0.093166
v -0.055789 0.780825 0.079990
v -0.077917 0.780825 0.058947
v -0.092460 0.780825 0.032095
v -0.097993 0.780825 0.002063
v -0.093975 0.780825 -0.028208
v -0.080799 0.780825 -0.055757
v -0.059755 0.780825 -0.077885
v -0.032903 0.780825 -0.092427
v -0.002871 0.780825 -0.097960
v 0.027400 0.780825 -0.093942
v 0.054948 0.780825 -0.080766
v -0.081581 0.740282 0.028255
v -0.069317 0.763042 0.052362
v 0.070458 0.740282 0.048436
v 0.082751 0.763042 0.024345
v 0.048404 0.740282 -0.071266
v 0.024313 0.763042 -0.083560
v -0.086460 0.740282 0.001773
v 0.051901 0.740282 0.067949
v 0.067917 0.740282 -0.052710
v -0.082917 0.740282 -0.024920
v 0.028223 0.740282 0.080773
v -0.071298 0.740282 -0.049212
v 0.001741 0.740282 0.085652
v -0.052742 0.740282 -0.068725
v -0.024952 0.740282 0.082108
v 0.080740 0.740282 -0.029031
v -0.029064 0.740282 -0.081549
v -0.049244 0.740282 0.070490
v 0.085619 0.740282 -0.002549
v -0.002582 0.740282 -0.086428
v 0.057245 0.719252 -0.041894
v 0.066978 0.688536 -0.049346
v 0.066978 0.654857 -0.049346
v 0.067827 0.719252 -0.022356
v 0.079386 0.688536 -0.026436
v 0.079386 0.654857 -0.026436
v 0.071853 0.719252 -0.000504
v 0.084107 0.688536 -0.000812
v 0.084107 0.654857 -0.000812
v 0.068929 0.719252 0.021522
v 0.080679 0.688536 0.025016
v 0.080679 0.654857 0.025016
v 0.059342 0.719252 0.041567
v 0.069437 0.688536 0.048521
v 0.069437 0.654857 0.048521
v 0.044030 0.719252 0.057668
v 0.051482 0.688536 0.067401
v 0.051482 0.654857 0.067401
v 0.024492 0.719252 0.068250
v 0.028571 0.688536 0.079809
v 0.028571 0.654857 0.079809
v 0.002640 0.719252 0.072276
v 0.002948 0.688536 0.084530
v 0.002948 0.654857 0.084530
v -0.019386 0.719252 0.069352
v -0.022881 0.688536 0.081102
v -0.022881 0.654857 0.081102
v -0.039431 0.719252 0.059765
v -0.046385 0.688536 0.069860
v -0.046385 0.654857 0.069860
v -0.055533 0.719252 0.044453
v -0.065266 0.688536 0.051905
v -0.065266 0.654857 0.051905
v -0.066114 0.719252 0.024915
v -0.077674 0.688536 0.028994
v -0.077674 0.654857 0.028994
v -0.070140 0.719252 0.003063
v -0.082395 0.688536 0.003371
v -0.082395 0.654857 0.003371
v -0.067216 0.719252 -0.018963
v -0.078966 0.688536 -0.022458
v -0.078966 0.654857 -0.022458
v -0.057629 0.719252 -0.039008
v -0.067724 0.688536 -0.045962
v -0.067724 0.654857 -0.045962
v -0.042317 0.719252 -0.055109
v -0.049769 0.688536 -0.064843
v -0.049769 0.654857 -0.064843
v -0.022779 0.719252 -0.065691
v -0.026859 0.688536 -0.077251
v -0.026859 0.654857 -0.077251
v -0.000927 0.719252 -0.069717
v -0.001235 0.688536 -0.081972
v -0.001235 0.654857 -0.081972
v 0.021099 0.719252 -0.066793
v 0.024593 0.688536 -0.078543
v 0.024593 0.654857 -0.078543
v 0.041144 0.719252 -0.057206
v 0.048098 0.688536 -0.067301
v 0.048098 0.654857 -0.067301
v 0.075358 0.734086 -0.027132
v 0.063385 0.734086 -0.049240
v 0.079913 0.734086 -0.002406
v 0.076605 0.734086 0.022517
v 0.065757 0.734086 0.045198
v 0.048431 0.734086 0.063417
v 0.026324 0.734086 0.075390
v 0.001598 0.734086 0.079946
v -0.023325 0.734086 0.076637
v -0.046007 0.734086 0.065789
v -0.064225 0.734086 0.048464
v -0.076199 0.734086 0.026356
v -0.080754 0.734086 0.001630
v -0.077446 0.734086 -0.023293
v -0.066598 0.734086 -0.045974
v -0.049272 0.734086 -0.064193
v -0.027164 0.734086 -0.076166
v -0.002438 0.734086 -0.080722
v 0.022485 0.734086 -0.077414
v 0.045166 0.734086 -0.066565
v 0.053659 0.609068 -0.017356
v 0.045316 0.609068 -0.032761
v 0.056833 0.609068 -0.000127
v 0.054528 0.609068 0.017240
v 0.046969 0.609068 0.033044
v 0.034896 0.609068 0.045739
v 0.019492 0.609068 0.054082
v 0.002263 0.609068 0.057256
v -0.015104 0.609068 0.054951
v -0.030908 0.609068 0.047392
v -0.043603 0.609068 0.035320
v -0.051946 0.609068 0.019915
v -0.055121 0.609068 0.002686
v -0.052815 0.609068 -0.014681
v -0.045256 0.609068 -0.030485
v -0.033184 0.609068 -0.043180
v -0.017779 0.609068 -0.051523
v -0.000550 0.609068 -0.054697
v 0.016817 0.609068 -0.052392
v 0.032621 0.609068 -0.044833
v 0.057067 0.623543 -0.041758
v 0.067615 0.623543 -0.022281
v 0.071628 0.623543 -0.000499
v 0.068714 0.623543 0.021458
v 0.059157 0.623543 0.041440
v 0.043893 0.623543 0.057490
v 0.024417 0.623543 0.068038
v 0.002634 0.623543 0.072051
v -0.019323 0.623543 0.069137
v -0.039304 0.623543 0.059580
v -0.055355 0.623543 0.044317
v -0.065903 0.623543 0.024840
v -0.069916 0.623543 0.003057
v -0.067001 0.623543 -0.018899
v -0.057444 0.623543 -0.038881
v -0.042181 0.623543 -0.054931
v -0.022704 0.623543 -0.065479
v -0.000922 0.623543 -0.069493
v 0.021035 0.623543 -0.066578
v 0.041017 0.623543 -0.057021
v 0.046423 0.733726 -0.033608
v 0.054974 0.733726 -0.017820
v 0.058227 0.733726 -0.000162
v 0.055864 0.733726 0.017637
v 0.048117 0.733726 0.033835
v 0.035744 0.733726 0.046846
v 0.019956 0.733726 0.055397
v 0.002298 0.733726 0.058650
v -0.015501 0.733726 0.056288
v -0.031699 0.733726 0.048540
v -0.044710 0.733726 0.036167
v -0.053261 0.733726 0.020379
v -0.056514 0.733726 0.002721
v -0.054152 0.733726 -0.015078
v -0.046405 0.733726 -0.031276
v -0.034031 0.733726 -0.044287
v -0.018243 0.733726 -0.052838
v -0.000585 0.733726 -0.056091
v 0.017214 0.733726 -0.053729
v 0.033412 0.733726 -0.045982
v 0.000856 0.609068 0.001279
v 0.000856 0.734325 0.001279
v 0.101140 0.932637 -0.036231
v 0.107245 0.932637 -0.003093
v 0.102811 0.932637 0.030310
v 0.088273 0.932637 0.060708
v 0.065052 0.932637 0.085125
v 0.035422 0.932637 0.101172
v 0.002284 0.932637 0.107277
v -0.031118 0.932637 0.102844
v -0.061516 0.932637 0.088305
v -0.085934 0.932637 0.065084
v -0.101980 0.932637 0.035455
v -0.108086 0.932637 0.002317
v -0.103652 0.932637 -0.031086
v -0.089113 0.932637 -0.061484
v -0.065893 0.932637 -0.085901
v -0.036263 0.932637 -0.101948
v -0.003125 0.932637 -0.108053
v 0.030278 0.932637 -0.103620
v 0.060676 0.932637 -0.089081
v -0.000420 0.936876 -0.000388
v -0.035634 0.797692 -0.100165
v -0.084432 0.792250 0.063935
v -0.060444 0.797692 0.086748
v 0.105354 0.797692 -0.003045
v -0.060444 0.792250 0.086748
v -0.064743 0.797692 -0.084400
v -0.030579 0.792250 0.101031
v -0.030579 0.797692 0.101031
v 0.083591 0.797692 -0.064711
v 0.099356 0.797692 -0.035602
v 0.002237 0.792250 0.105387
v 0.083591 0.792250 -0.064711
v -0.101839 0.797692 -0.030547
v -0.087556 0.797692 -0.060411
v 0.034793 0.792250 0.099389
v 0.063902 0.792250 0.083624
v 0.034793 0.797692 0.099389
v 0.002237 0.797692 0.105387
v 0.059603 0.792250 -0.087524
v 0.085575 0.786824 -0.066229
v -0.082245 0.763042 0.028490
v -0.068757 0.740282 0.051933
v 0.071038 0.763042 0.048836
v 0.082076 0.740282 0.024144
v 0.048803 0.763042 -0.071846
v 0.024112 0.740282 -0.082885
v -0.087164 0.763042 0.001791
v 0.052329 0.763042 0.068508
v 0.068476 0.763042 -0.053138
v -0.083592 0.763042 -0.025121
v 0.028458 0.763042 0.081437
v -0.071878 0.763042 -0.049612
v 0.001759 0.763042 0.086356
v -0.053170 0.763042 -0.069284
v -0.025153 0.763042 0.082784
v 0.081404 0.763042 -0.029266
v -0.029298 0.763042 -0.082213
v -0.049644 0.763042 0.071070
v 0.086323 0.763042 -0.002567
v -0.002599 0.763042 -0.087132
v 0.029739 0.792250 -0.101807
v 0.086098 0.799912 -0.066630
v -0.109147 0.820593 -0.032720
v 0.102334 0.799912 -0.036652
v -0.038171 0.802018 -0.107354
v 0.108511 0.799912 -0.003125
v -0.064769 0.802018 0.093026
v 0.104025 0.799912 0.030671
v -0.113817 0.820593 0.002461
v 0.089315 0.799912 0.061426
v 0.112976 0.802018 -0.003237
v 0.065822 0.799912 0.086131
v -0.107387 0.820593 0.037363
v 0.035844 0.799912 0.102366
v -0.069378 0.802018 -0.090453
v 0.002316 0.799912 0.108543
v -0.032752 0.802018 0.108339
v -0.031479 0.799912 0.104057
v -0.090486 0.820593 0.068569
v -0.062235 0.799912 0.089348
v 0.106546 0.802018 -0.038139
v -0.086939 0.799912 0.065854
v -0.064769 0.820593 0.093026
v -0.103175 0.799912 0.035876
v -0.093835 0.802018 -0.064736
v -0.109352 0.799912 0.002349
v -0.109147 0.802018 -0.032720
v -0.104866 0.799912 -0.031447
v 0.002428 0.802018 0.113008
v -0.090156 0.799912 -0.062202
v 0.037330 0.802018 0.106578
v -0.066662 0.799912 -0.086907
v -0.032752 0.820593 0.108339
v -0.036685 0.799912 -0.103142
v 0.089645 0.802018 -0.069346
v -0.003157 0.799912 -0.109319
v 0.063928 0.802018 -0.093802
v 0.030639 0.799912 -0.104833
v 0.037330 0.820593 0.106578
v 0.061394 0.799912 -0.090124
v 0.096679 0.795040 -0.034656
v 0.102516 0.795040 -0.002974
v 0.098277 0.795040 0.028962
v 0.084377 0.795040 0.058024
v 0.062176 0.795040 0.081369
v 0.033848 0.795040 0.096711
v 0.002166 0.795040 0.102548
v -0.029770 0.795040 0.098309
v -0.058833 0.795040 0.084409
v -0.082177 0.795040 0.062208
v -0.097519 0.795040 0.033880
v -0.103356 0.795040 0.002198
v -0.099117 0.795040 -0.029738
v -0.085217 0.795040 -0.058800
v -0.063017 0.795040 -0.082145
v -0.034689 0.795040 -0.097487
v -0.003006 0.795040 -0.103324
v 0.028929 0.795040 -0.099085
v 0.057992 0.795040 -0.085185
v 0.081337 0.795040 -0.062984
v -0.100197 0.792250 0.034825
v 0.100999 0.797692 0.029771
v -0.084432 0.797692 0.063935
v -0.106195 0.792250 0.002269
v -0.003077 0.797692 -0.106163
v -0.101839 0.792250 -0.030547
v 0.086715 0.797692 0.059635
v -0.100197 0.797692 0.034825
v -0.087556 0.792250 -0.060411
v 0.029739 0.797692 -0.101807
v 0.099356 0.792250 -0.035602
v -0.064743 0.792250 -0.084400
v 0.063902 0.797692 0.083624
v 0.105354 0.792250 -0.003045
v -0.106195 0.797692 0.002269
v -0.035634 0.792250 -0.100165
v 0.059603 0.797692 -0.087524
v 0.100999 0.792250 0.029771
v -0.003077 0.792250 -0.106163
v 0.086715 0.792250 0.059635
v 0.002428 0.820593 0.113008
v 0.102455 0.826503 -0.036695
v 0.108640 0.826503 -0.003128
v 0.104149 0.826503 0.030708
v 0.089422 0.826503 0.061499
v 0.065900 0.826503 0.086233
v 0.035887 0.826503 0.102488
v 0.002320 0.826503 0.108672
v -0.031516 0.826503 0.104181
v -0.062308 0.826503 0.089454
v -0.087042 0.826503 0.065933
v -0.103296 0.826503 0.035919
v -0.109481 0.826503 0.002352
v -0.104989 0.826503 -0.031484
v -0.090262 0.826503 -0.062275
v -0.066741 0.826503 -0.087009
v -0.036727 0.826503 -0.103264
v -0.003160 0.826503 -0.109448
v 0.030675 0.826503 -0.104957
v 0.061467 0.826503 -0.090230
v 0.110458 0.811270 -0.039520
v 0.117124 0.811270 -0.003341
v 0.112283 0.811270 0.033127
v 0.096411 0.811270 0.066314
v 0.071059 0.811270 0.092972
v 0.038711 0.811270 0.110491
v 0.002533 0.811270 0.117156
v -0.033935 0.811270 0.112316
v -0.067122 0.811270 0.096443
v -0.093780 0.811270 0.071092
v -0.111299 0.811270 0.038744
v -0.117965 0.811270 0.002565
v -0.113124 0.811270 -0.033903
v -0.097251 0.811270 -0.067090
v -0.071900 0.811270 -0.093748
v -0.039552 0.811270 -0.111267
v -0.003373 0.811270 -0.117932
v 0.033094 0.811270 -0.113092
v 0.066282 0.811270 -0.097219
v 0.092939 0.811270 -0.071868
v 0.108306 0.802018 0.031944
v -0.093835 0.820593 -0.064736
v -0.090486 0.802018 0.068569
v 0.106546 0.820593 -0.038139
v 0.089645 0.820593 -0.069346
v -0.003269 0.802018 -0.113785
v -0.069378 0.820593 -0.090453
v 0.112976 0.820593 -0.003237
v 0.092994 0.802018 0.063960
v -0.038171 0.820593 -0.107354
v -0.107387 0.802018 0.037363
v 0.108306 0.820593 0.031944
v 0.031912 0.802018 -0.109115
v -0.003269 0.820593 -0.113785
v 0.092994 0.820593 0.063960
v 0.068537 0.802018 0.089677
v 0.031912 0.820593 -0.109115
v -0.113817 0.802018 0.002461
v 0.068537 0.820593 0.089677
v 0.063928 0.820593 -0.093802
v 0.086201 0.826503 -0.066709
v 0.157276 0.940606 -0.149718
v 0.156789 0.937452 -0.149262
v 0.122782 0.940606 -0.179242
v 0.122400 0.937452 -0.178696
v 0.082904 0.940606 -0.200949
v 0.082643 0.937452 -0.200337
v 0.039384 0.940606 -0.213890
v 0.039255 0.937452 -0.213239
v -0.005875 0.940606 -0.217501
v -0.005867 0.937452 -0.216838
v -0.050896 0.940606 -0.211622
v -0.050751 0.937452 -0.210977
v -0.093711 0.940606 -0.196512
v -0.093436 0.937452 -0.195913
v -0.132449 0.940606 -0.172830
v -0.132056 0.937452 -0.172303
v -0.165416 0.940606 -0.141611
v -0.164923 0.937452 -0.141179
v -0.191173 0.940606 -0.104221
v -0.190601 0.937452 -0.103902
v -0.208592 0.940606 -0.062292
v -0.207968 0.937452 -0.062101
v -0.216938 0.940606 -0.017845
v -0.216288 0.937452 -0.017789
v -0.216677 0.940606 0.023875
v -0.216029 0.937452 0.023802
v -0.158049 0.940606 0.149052
v -0.157579 0.937452 0.148601
v -0.123623 0.940606 0.178466
v -0.123257 0.937452 0.177925
v -0.083745 0.940606 0.200173
v -0.083500 0.937452 0.199566
v -0.040225 0.940606 0.213114
v -0.040113 0.937452 0.212468
v 0.005034 0.940606 0.216725
v 0.005009 0.937452 0.216068
v 0.050055 0.940606 0.210846
v 0.049894 0.937452 0.210207
v 0.092870 0.940606 0.195736
v 0.092579 0.937452 0.195143
v 0.131608 0.940606 0.172054
v 0.131199 0.937452 0.171533
v 0.164575 0.940606 0.140835
v 0.164066 0.937452 0.140409
v 0.190332 0.940606 0.103445
v 0.189744 0.937452 0.103132
v 0.207751 0.940606 0.061516
v 0.207111 0.937452 0.061331
v 0.216073 0.940606 0.016882
v 0.215407 0.937452 0.016832
v 0.214933 0.940606 -0.028507
v 0.214270 0.937452 -0.028419
v 0.204381 0.940606 -0.072667
v 0.203750 0.937452 -0.072444
v 0.184877 0.940606 -0.113668
v 0.184306 0.937452 -0.113321
v -0.184341 0.940606 0.115906
v -0.183789 0.937452 0.115558
v -0.205311 0.937452 0.071861
v -0.205927 0.940606 0.072079
v -0.000420 0.733849 -0.000388
v -0.062634 0.439664 0.064741
v -0.039463 0.439664 0.080778
v -0.012470 0.439664 0.088870
v 0.015702 0.439664 0.088225
v 0.042295 0.439664 0.078906
v 0.064708 0.439664 0.061825
v 0.080745 0.439664 0.038654
v 0.088837 0.439664 0.011662
v 0.088193 0.439664 -0.016511
v 0.078873 0.439664 -0.043104
v 0.061792 0.439664 -0.065517
v 0.038621 0.439664 -0.081554
v 0.011629 0.439664 -0.089646
v -0.016543 0.439664 -0.089001
v -0.043137 0.439664 -0.079682
v -0.065550 0.439664 -0.062601
v -0.081587 0.439664 -0.039430
v -0.089679 0.439664 -0.012438
v -0.089034 0.439664 0.015734
v -0.079715 0.439664 0.042328
v -0.073043 0.436023 0.075638
v -0.045996 0.436023 0.094359
v -0.014487 0.436023 0.103805
v 0.018399 0.436023 0.103052
v 0.049443 0.436023 0.092174
v 0.075606 0.436023 0.072235
v 0.094326 0.436023 0.045187
v 0.103773 0.436023 0.013678
v 0.103020 0.436023 -0.019208
v 0.092141 0.436023 -0.050252
v 0.072202 0.436023 -0.076415
v 0.045154 0.436023 -0.095135
v 0.013645 0.436023 -0.104581
v -0.019241 0.436023 -0.103828
v -0.050284 0.436023 -0.092950
v -0.076447 0.436023 -0.073011
v -0.095168 0.436023 -0.045963
v -0.104614 0.436023 -0.014454
v -0.103861 0.436023 0.018432
v -0.092983 0.436023 0.049476
v -0.034132 0.485479 0.034903
v -0.021576 0.485479 0.043593
v -0.006950 0.485479 0.047978
v 0.008315 0.485479 0.047628
v 0.022726 0.485479 0.042578
v 0.034870 0.485479 0.033323
v 0.043560 0.485479 0.020767
v 0.047945 0.485479 0.006141
v 0.047596 0.485479 -0.009124
v 0.042546 0.485479 -0.023535
v 0.033290 0.485479 -0.035679
v 0.020735 0.485479 -0.044369
v 0.006109 0.485479 -0.048754
v -0.009157 0.485479 -0.048404
v -0.023567 0.485479 -0.043355
v -0.035712 0.485479 -0.034099
v -0.044402 0.485479 -0.021544
v -0.048786 0.485479 -0.006917
v -0.048437 0.485479 0.008348
v -0.043387 0.485479 0.022758
v -0.040014 0.485469 0.032572
v -0.061863 0.515550 0.049300
v -0.066566 0.547900 0.052900
v -0.061708 0.580549 0.049181
v -0.040183 0.610007 0.032700
v -0.028344 0.485469 0.043670
v -0.043954 0.515550 0.066331
v -0.047314 0.547900 0.071208
v -0.043843 0.580549 0.066170
v -0.028464 0.610007 0.043844
v -0.013816 0.485469 0.050619
v -0.021659 0.515550 0.076994
v -0.023347 0.547900 0.082671
v -0.021603 0.580549 0.076806
v -0.013876 0.610007 0.050822
v 0.002149 0.485469 0.052738
v 0.002840 0.515550 0.080246
v 0.002989 0.547900 0.086167
v 0.002835 0.580549 0.080050
v 0.002154 0.610007 0.052949
v 0.017987 0.485469 0.049820
v 0.027145 0.515550 0.075768
v 0.029116 0.547900 0.081353
v 0.027080 0.580549 0.075583
v 0.018057 0.610007 0.050019
v 0.032148 0.485469 0.042150
v 0.048876 0.515550 0.063999
v 0.052477 0.547900 0.068701
v 0.048757 0.580549 0.063843
v 0.032277 0.610007 0.042318
v 0.043246 0.485469 0.030480
v 0.065907 0.515550 0.046090
v 0.070785 0.547900 0.049450
v 0.065746 0.580549 0.045979
v 0.043421 0.610007 0.030600
v 0.050195 0.485469 0.015951
v 0.076571 0.515550 0.023795
v 0.082248 0.547900 0.025483
v 0.076383 0.580549 0.023739
v 0.050398 0.610007 0.016012
v 0.052314 0.485469 -0.000013
v 0.079823 0.515550 -0.000704
v 0.085744 0.547900 -0.000853
v 0.079627 0.580549 -0.000699
v 0.052526 0.610007 -0.000019
v 0.049396 0.485469 -0.015851
v 0.075345 0.515550 -0.025009
v 0.080930 0.547900 -0.026980
v 0.075160 0.580549 -0.024944
v 0.049596 0.610007 -0.015922
v 0.041727 0.485469 -0.030013
v 0.063575 0.515550 -0.046741
v 0.068278 0.547900 -0.050341
v 0.063420 0.580549 -0.046622
v 0.041895 0.610007 -0.030141
v 0.030057 0.485469 -0.041111
v 0.045666 0.515550 -0.063772
v 0.049026 0.547900 -0.068649
v 0.045555 0.580549 -0.063610
v 0.030177 0.610007 -0.041285
v 0.015528 0.485469 -0.048060
v 0.023371 0.515550 -0.074435
v 0.025060 0.547900 -0.080112
v 0.023316 0.580549 -0.074247
v 0.015588 0.610007 -0.048262
v -0.000437 0.485469 -0.050179
v -0.001128 0.515550 -0.077687
v -0.001276 0.547900 -0.083608
v -0.001123 0.580549 -0.077491
v -0.000442 0.610007 -0.050390
v -0.016275 0.485469 -0.047261
v -0.025433 0.515550 -0.073209
v -0.027404 0.547900 -0.078794
v -0.025367 0.580549 -0.073024
v -0.016345 0.610007 -0.047460
v -0.030436 0.485469 -0.039591
v -0.047164 0.515550 -0.061440
v -0.050765 0.547900 -0.066142
v -0.047045 0.580549 -0.061284
v -0.030565 0.610007 -0.039759
v -0.041534 0.485469 -0.027921
v -0.064195 0.515550 -0.043531
v -0.069073 0.547900 -0.046891
v -0.064034 0.580549 -0.043420
v -0.041709 0.610007 -0.028041
v -0.048483 0.485469 -0.013392
v -0.074859 0.515550 -0.021236
v -0.080536 0.547900 -0.022924
v -0.074671 0.580549 -0.021180
v -0.048686 0.610007 -0.013453
v -0.050602 0.485469 0.002572
v -0.078110 0.515550 0.003263
v -0.084031 0.547900 0.003412
v -0.077915 0.580549 0.003259
v -0.050814 0.610007 0.002578
v -0.047684 0.485469 0.018410
v -0.073632 0.515550 0.027568
v -0.079217 0.547900 0.029539
v -0.073448 0.580549 0.027503
v -0.047884 0.610007 0.018481
v -0.046260 0.203400 0.094908
v -0.073464 0.203400 0.076079
v -0.014568 0.203400 0.104409
v 0.018508 0.203400 0.103652
v 0.049732 0.203400 0.092710
v 0.076046 0.203400 0.072656
v 0.094876 0.203400 0.045451
v 0.104377 0.203400 0.013759
v 0.103619 0.203400 -0.019317
v 0.092678 0.203400 -0.050541
v 0.072623 0.203400 -0.076855
v 0.045418 0.203400 -0.095685
v 0.013727 0.203400 -0.105186
v -0.019350 0.203400 -0.104428
v -0.050573 0.203400 -0.093487
v -0.076888 0.203400 -0.073432
v -0.095717 0.203400 -0.046227
v -0.105218 0.203400 -0.014536
v -0.104461 0.203400 0.018541
v -0.093519 0.203400 0.049765
v -0.058441 0.480180 0.060351
v -0.036832 0.480180 0.075308
v -0.011658 0.480180 0.082854
v 0.014615 0.480180 0.082253
v 0.039417 0.480180 0.073562
v 0.060318 0.480180 0.057632
v 0.075275 0.480180 0.036023
v 0.082822 0.480180 0.010849
v 0.082220 0.480180 -0.015424
v 0.073529 0.480180 -0.040225
v 0.057599 0.480180 -0.061127
v 0.035990 0.480180 -0.076084
v 0.010817 0.480180 -0.083631
v -0.015456 0.480180 -0.083029
v -0.040258 0.480180 -0.074338
v -0.061160 0.480180 -0.058408
v -0.076116 0.480180 -0.036799
v -0.083663 0.480180 -0.011626
v -0.083062 0.480180 0.014648
v -0.074371 0.480180 0.039449
v -0.049818 0.485479 0.051325
v -0.031421 0.485479 0.064058
v -0.009988 0.485479 0.070484
v 0.012381 0.485479 0.069972
v 0.033496 0.485479 0.062572
v 0.051292 0.485479 0.049010
v 0.064026 0.485479 0.030612
v 0.070451 0.485479 0.009179
v 0.069939 0.485479 -0.013190
v 0.062540 0.485479 -0.034305
v 0.048977 0.485479 -0.052101
v 0.030579 0.485479 -0.064835
v 0.009147 0.485479 -0.071260
v -0.013222 0.485479 -0.070748
v -0.034338 0.485479 -0.063348
v -0.052134 0.485479 -0.049786
v -0.064867 0.485479 -0.031388
v -0.071293 0.485479 -0.009956
v -0.070780 0.485479 0.012413
v -0.063381 0.485479 0.033529
v -0.075646 0.261366 0.078363
v -0.047629 0.261366 0.097754
v -0.014991 0.261366 0.107539
v 0.019074 0.261366 0.106759
v 0.051230 0.261366 0.095491
v 0.078330 0.261366 0.074837
v 0.097722 0.261366 0.046820
v 0.107506 0.261366 0.014182
v 0.106727 0.261366 -0.019883
v 0.095458 0.261366 -0.052039
v 0.074805 0.261366 -0.079139
v 0.046787 0.261366 -0.098531
v 0.014149 0.261366 -0.108315
v -0.019915 0.261366 -0.107535
v -0.052071 0.261366 -0.096267
v -0.079172 0.261366 -0.075613
v -0.098563 0.261366 -0.047596
v -0.108348 0.261366 -0.014958
v -0.107568 0.261366 0.019106
v -0.096299 0.261366 0.051262
v -0.052439 0.493429 0.042084
v -0.037221 0.493429 0.056556
v -0.018276 0.493429 0.065617
v 0.002542 0.493429 0.068380
v 0.023195 0.493429 0.064575
v 0.041661 0.493429 0.054574
v 0.056132 0.493429 0.039357
v 0.065194 0.493429 0.020412
v 0.067957 0.493429 -0.000406
v 0.064152 0.493429 -0.021059
v 0.054151 0.493429 -0.039525
v 0.038933 0.493429 -0.053997
v 0.019988 0.493429 -0.063058
v -0.000830 0.493429 -0.065821
v -0.021482 0.493429 -0.062016
v -0.039948 0.493429 -0.052015
v -0.054420 0.493429 -0.036797
v -0.063481 0.493429 -0.017852
v -0.066244 0.493429 0.002965
v -0.062439 0.493429 0.023618
v -0.051655 0.603880 0.041484
v -0.036661 0.603880 0.055743
v -0.017995 0.603880 0.064671
v 0.002517 0.603880 0.067393
v 0.022866 0.603880 0.063644
v 0.041061 0.603880 0.053790
v 0.055319 0.603880 0.038796
v 0.064247 0.603880 0.020130
v 0.066970 0.603880 -0.000381
v 0.063221 0.603880 -0.020730
v 0.053367 0.603880 -0.038925
v 0.038373 0.603880 -0.053184
v 0.019707 0.603880 -0.062111
v -0.000805 0.603880 -0.064834
v -0.021154 0.603880 -0.061085
v -0.039348 0.603880 -0.051231
v -0.053607 0.603880 -0.036237
v -0.062535 0.603880 -0.017571
v -0.065258 0.603880 0.002941
v -0.061508 0.603880 0.023289
v -0.049136 0.487074 0.039556
v -0.034862 0.487074 0.053131
v -0.017090 0.487074 0.061631
v 0.002437 0.487074 0.064223
v 0.021810 0.487074 0.060653
v 0.039132 0.487074 0.051272
v 0.052708 0.487074 0.036997
v 0.061207 0.487074 0.019226
v 0.063799 0.487074 -0.000302
v 0.060230 0.487074 -0.019675
v 0.050849 0.487074 -0.036997
v 0.036574 0.487074 -0.050572
v 0.018803 0.487074 -0.059072
v -0.000725 0.487074 -0.061664
v -0.020098 0.487074 -0.058094
v -0.037420 0.487074 -0.048713
v -0.050995 0.487074 -0.034438
v -0.059495 0.487074 -0.016667
v -0.062087 0.487074 0.002861
v -0.058518 0.487074 0.022234
v -0.046888 0.419401 0.096215
v -0.046888 0.428967 0.096215
v -0.014761 0.419401 0.105846
v -0.014761 0.428967 0.105846
v 0.018770 0.419401 0.105079
v 0.018770 0.428967 0.105079
v 0.050422 0.419401 0.093987
v 0.050422 0.428967 0.093987
v 0.077097 0.419401 0.073657
v 0.077097 0.428967 0.073657
v 0.096185 0.419401 0.046079
v 0.096185 0.428967 0.046079
v 0.105816 0.419401 0.013952
v 0.105816 0.428967 0.013952
v 0.105049 0.419401 -0.019578
v 0.105049 0.428967 -0.019578
v 0.093957 0.419401 -0.051230
v 0.093957 0.428967 -0.051230
v 0.073627 0.419401 -0.077906
v 0.073627 0.428967 -0.077906
v 0.046049 0.419401 -0.096994
v 0.046049 0.428967 -0.096994
v 0.013922 0.419401 -0.106625
v 0.013922 0.428967 -0.106625
v -0.019608 0.419401 -0.105857
v -0.019608 0.428967 -0.105857
v -0.051260 0.419401 -0.094765
v -0.051260 0.428967 -0.094765
v -0.077936 0.419401 -0.074436
v -0.077936 0.428967 -0.074436
v -0.097024 0.419401 -0.046858
v -0.097024 0.428967 -0.046858
v -0.106655 0.419401 -0.014731
v -0.106655 0.428967 -0.014731
v -0.105887 0.419401 0.018800
v -0.105887 0.428967 0.018800
v -0.094795 0.419401 0.050452
v -0.094795 0.428967 0.050452
v -0.074466 0.428967 0.077127
v -0.074466 0.419401 0.077127
v -0.043923 0.421933 0.090058
v -0.043923 0.426015 0.090058
v -0.013842 0.421933 0.099076
v -0.013842 0.426015 0.099076
v 0.017553 0.421933 0.098358
v 0.017553 0.426015 0.098358
v 0.047190 0.421933 0.087972
v 0.047190 0.426015 0.087972
v 0.072166 0.421933 0.068937
v 0.072166 0.426015 0.068937
v 0.090038 0.421933 0.043115
v 0.090038 0.426015 0.043115
v 0.099056 0.421933 0.013035
v 0.099056 0.426015 0.013035
v 0.098338 0.421933 -0.018360
v 0.098338 0.426015 -0.018360
v 0.087952 0.421933 -0.047997
v 0.087952 0.426015 -0.047997
v 0.068917 0.421933 -0.072974
v 0.068917 0.426015 -0.072974
v 0.043095 0.421933 -0.090846
v 0.043095 0.426015 -0.090846
v 0.013015 0.421933 -0.099863
v 0.013015 0.426015 -0.099863
v -0.018381 0.421933 -0.099145
v -0.018381 0.426015 -0.099145
v -0.048017 0.421933 -0.088759
v -0.048017 0.426015 -0.088759
v -0.072994 0.421933 -0.069724
v -0.072994 0.426015 -0.069724
v -0.090866 0.421933 -0.043902
v -0.090866 0.426015 -0.043902
v -0.099884 0.421933 -0.013822
v -0.099884 0.426015 -0.013822
v -0.099165 0.421933 0.017573
v -0.099165 0.426015 0.017573
v -0.088779 0.421933 0.047210
v -0.088779 0.426015 0.047210
v -0.069744 0.426015 0.072186
v -0.069744 0.421933 0.072186
v 0.036631 0.447246 -0.077414
v 0.036631 0.458962 -0.077414
v 0.058619 0.458962 -0.062195
v 0.058619 0.447246 -0.062195
v 0.040117 0.447246 0.074861
v 0.040117 0.458962 0.074861
v 0.014880 0.458962 0.083704
v 0.014880 0.447246 0.083704
v -0.075669 0.447246 0.040149
v -0.075669 0.458962 0.040149
v -0.084513 0.458962 0.014911
v -0.084513 0.447246 0.014911
v 0.011015 0.447246 -0.085094
v 0.011015 0.458962 -0.085094
v 0.061386 0.447246 0.058651
v 0.061386 0.458962 0.058651
v -0.059460 0.447246 0.061418
v -0.059460 0.458962 0.061418
v -0.015720 0.447246 -0.084482
v -0.015720 0.458962 -0.084482
v 0.076606 0.447246 0.036662
v 0.076606 0.458962 0.036662
v -0.040957 0.447246 -0.075638
v -0.040957 0.458962 -0.075638
v 0.084285 0.447246 0.011046
v 0.084285 0.458962 0.011046
v -0.062227 0.447246 -0.059428
v -0.062227 0.458962 -0.059428
v 0.083673 0.447246 -0.015689
v 0.083673 0.458962 -0.015689
v -0.037471 0.447246 0.076637
v -0.037471 0.458962 0.076637
v -0.077446 0.447246 -0.037439
v -0.077446 0.458962 -0.037439
v 0.074829 0.447246 -0.040926
v 0.074829 0.458962 -0.040926
v -0.011855 0.447246 0.084316
v -0.011855 0.458962 0.084316
v -0.085125 0.447246 -0.011824
v -0.085125 0.458962 -0.011824
v 0.035200 0.449942 -0.074436
v 0.035200 0.452858 -0.074436
v 0.056338 0.452858 -0.059806
v 0.056338 0.449942 -0.059806
v 0.038551 0.449942 0.071947
v 0.038551 0.452858 0.071947
v 0.014291 0.452858 0.080448
v 0.014291 0.449942 0.080448
v -0.072755 0.449942 0.038578
v -0.072755 0.452858 0.038578
v -0.081256 0.452858 0.014317
v -0.081256 0.449942 0.014317
v 0.010575 0.449942 -0.081818
v 0.010575 0.452858 -0.081818
v 0.058998 0.449942 0.056364
v 0.058998 0.452858 0.056364
v -0.057172 0.449942 0.059024
v -0.057172 0.452858 0.059024
v -0.015125 0.449942 -0.081230
v -0.015125 0.452858 -0.081230
v 0.073628 0.449942 0.035226
v 0.073628 0.452858 0.035226
v -0.039386 0.449942 -0.072728
v -0.039386 0.452858 -0.072728
v 0.081010 0.449942 0.010602
v 0.081010 0.452858 0.010602
v -0.059832 0.449942 -0.057146
v -0.059832 0.452858 -0.057146
v 0.080422 0.449942 -0.015099
v 0.080422 0.452858 -0.015099
v -0.036034 0.449942 0.073655
v -0.036034 0.452858 0.073655
v -0.074463 0.449942 -0.036008
v -0.074463 0.452858 -0.036008
v 0.071920 0.449942 -0.039360
v 0.071920 0.452858 -0.039360
v -0.011410 0.449942 0.081037
v -0.011410 0.452858 0.081037
v -0.081845 0.449942 -0.011383
v -0.081845 0.452858 -0.011383
v -0.075646 0.385218 0.078363
v -0.047629 0.385218 0.097754
v -0.014991 0.385218 0.107539
v 0.019074 0.385218 0.106759
v 0.051230 0.385218 0.095491
v 0.078330 0.385218 0.074837
v 0.097722 0.385218 0.046820
v 0.107506 0.385218 0.014182
v 0.106727 0.385218 -0.019883
v 0.095458 0.385218 -0.052039
v 0.074805 0.385218 -0.079139
v 0.046787 0.385218 -0.098531
v 0.014149 0.385218 -0.108315
v -0.019915 0.385218 -0.107535
v -0.052071 0.385218 -0.096267
v -0.079172 0.385218 -0.075613
v -0.098563 0.385218 -0.047596
v -0.108348 0.385218 -0.014958
v -0.107568 0.385218 0.019106
v -0.096299 0.385218 0.051262
v -0.075373 0.221580 0.078077
v -0.047332 0.432514 0.097137
v -0.014899 0.432514 0.106861
v 0.018951 0.432514 0.106085
v 0.050906 0.432514 0.094888
v 0.077835 0.432514 0.074364
v 0.097105 0.432514 0.046523
v 0.106828 0.432514 0.014090
v 0.106053 0.432514 -0.019760
v 0.094856 0.432514 -0.051714
v 0.074332 0.432514 -0.078644
v 0.046491 0.432514 -0.097914
v 0.014058 0.432514 -0.107637
v -0.019792 0.432514 -0.106862
v -0.051747 0.432514 -0.095665
v -0.078677 0.432514 -0.075141
v -0.097946 0.432514 -0.047300
v -0.107669 0.432514 -0.014867
v -0.106894 0.432514 0.018984
v -0.095697 0.432514 0.050938
v -0.042729 0.437791 0.087568
v -0.067839 0.437791 0.070189
v -0.013479 0.437791 0.096338
v 0.017051 0.437791 0.095638
v 0.045869 0.437791 0.085540
v 0.070157 0.437791 0.067030
v 0.087536 0.437791 0.041920
v 0.096305 0.437791 0.012670
v 0.095606 0.437791 -0.017859
v 0.085507 0.437791 -0.046678
v 0.066997 0.437791 -0.070966
v 0.041888 0.437791 -0.088345
v 0.012637 0.437791 -0.097114
v -0.017892 0.437791 -0.096415
v -0.046711 0.437791 -0.086316
v -0.070998 0.437791 -0.067806
v -0.088377 0.437791 -0.042697
v -0.097146 0.437791 -0.013446
v -0.096447 0.437791 0.017083
v -0.086349 0.437791 0.045902
v 0.036819 0.469580 -0.077806
v 0.059444 0.443447 -0.063058
v 0.040323 0.469580 0.075245
v 0.015093 0.443447 0.084880
v -0.076053 0.469580 0.040356
v -0.085689 0.443447 0.015126
v 0.011073 0.469580 -0.085525
v 0.061701 0.469580 0.058952
v -0.059761 0.469580 0.061733
v -0.015799 0.469580 -0.084910
v 0.076998 0.469580 0.036851
v -0.041165 0.469580 -0.076021
v 0.084716 0.469580 0.011105
v -0.062542 0.469580 -0.059729
v 0.084101 0.469580 -0.015766
v -0.037660 0.469580 0.077030
v -0.077839 0.469580 -0.037628
v 0.075212 0.469580 -0.041132
v -0.011914 0.469580 0.084749
v -0.085557 0.469580 -0.011881
v -0.056922 0.502555 0.045517
v -0.065320 0.531091 0.051946
v -0.065300 0.564746 0.051931
v -0.047867 0.608647 0.038584
v -0.040424 0.502555 0.061206
v -0.046424 0.531091 0.069916
v -0.046410 0.564746 0.069896
v -0.033955 0.608647 0.051815
v -0.019885 0.502555 0.071029
v -0.022900 0.531091 0.081167
v -0.022893 0.564746 0.081144
v -0.016635 0.608647 0.060098
v 0.002684 0.502555 0.074025
v 0.002949 0.531091 0.084598
v 0.002949 0.564746 0.084574
v 0.002397 0.608647 0.062625
v 0.025074 0.502555 0.069900
v 0.028594 0.531091 0.079873
v 0.028585 0.564746 0.079850
v 0.021278 0.608647 0.059146
v 0.045093 0.502555 0.059058
v 0.051523 0.531091 0.067455
v 0.051508 0.564746 0.067436
v 0.038161 0.608647 0.050003
v 0.060783 0.502555 0.042560
v 0.069493 0.531091 0.048560
v 0.069472 0.564746 0.048546
v 0.051391 0.608647 0.036090
v 0.070606 0.502555 0.022021
v 0.080744 0.531091 0.025036
v 0.080720 0.564746 0.025029
v 0.059675 0.608647 0.018771
v 0.073602 0.502555 -0.000548
v 0.084175 0.531091 -0.000814
v 0.084150 0.564746 -0.000813
v 0.062201 0.608647 -0.000262
v 0.069476 0.502555 -0.022938
v 0.079450 0.531091 -0.026458
v 0.079427 0.564746 -0.026450
v 0.058722 0.608647 -0.019143
v 0.058634 0.502555 -0.042958
v 0.067032 0.531091 -0.049387
v 0.067012 0.564746 -0.049372
v 0.049579 0.608647 -0.036025
v 0.042136 0.502555 -0.058647
v 0.048136 0.531091 -0.067357
v 0.048122 0.564746 -0.067337
v 0.035667 0.608647 -0.049255
v 0.021598 0.502555 -0.068470
v 0.024612 0.531091 -0.078608
v 0.024605 0.564746 -0.078584
v 0.018347 0.608647 -0.057539
v -0.000971 0.502555 -0.071466
v -0.001237 0.531091 -0.082039
v -0.001236 0.564746 -0.082014
v -0.000685 0.608647 -0.060065
v -0.023362 0.502555 -0.067341
v -0.026881 0.531091 -0.077314
v -0.026873 0.564746 -0.077291
v -0.019566 0.608647 -0.056587
v -0.043381 0.502555 -0.056499
v -0.049811 0.531091 -0.064896
v -0.049796 0.564746 -0.064877
v -0.036448 0.608647 -0.047444
v -0.059070 0.502555 -0.040001
v -0.067780 0.531091 -0.046000
v -0.067760 0.564746 -0.045987
v -0.049679 0.608647 -0.033531
v -0.068894 0.502555 -0.019462
v -0.079031 0.531091 -0.022477
v -0.079008 0.564746 -0.022470
v -0.057963 0.608647 -0.016211
v -0.071889 0.502555 0.003107
v -0.082462 0.531091 0.003373
v -0.082438 0.564746 0.003372
v -0.060489 0.608647 0.002821
v -0.067764 0.502555 0.025497
v -0.077738 0.531091 0.029017
v -0.077715 0.564746 0.029009
v -0.057010 0.608647 0.021702
v -0.068769 0.197022 0.071164
v -0.043313 0.197022 0.088782
v -0.013659 0.197022 0.097673
v 0.017292 0.197022 0.096964
v 0.046508 0.197022 0.086726
v 0.071131 0.197022 0.067960
v 0.088750 0.197022 0.042504
v 0.097640 0.197022 0.012850
v 0.096932 0.197022 -0.018101
v 0.086694 0.197022 -0.047317
v 0.067928 0.197022 -0.071940
v 0.042472 0.197022 -0.089559
v 0.012817 0.197022 -0.098449
v -0.018133 0.197022 -0.097741
v -0.047350 0.197022 -0.087502
v -0.071973 0.197022 -0.068737
v -0.089591 0.197022 -0.043281
v -0.098482 0.197022 -0.013626
v -0.097773 0.197022 0.017324
v -0.087535 0.197022 0.046541
v -0.000421 0.196111 -0.000388
v -0.034658 0.484817 0.070789
v -0.054977 0.484817 0.056725
v -0.010987 0.484817 0.077885
v 0.013717 0.484817 0.077319
v 0.037038 0.484817 0.069147
v 0.056693 0.484817 0.054168
v 0.070756 0.484817 0.033849
v 0.077853 0.484817 0.010179
v 0.077287 0.484817 -0.014526
v 0.069115 0.484817 -0.037847
v 0.054136 0.484817 -0.057502
v 0.033817 0.484817 -0.071565
v 0.010146 0.484817 -0.078661
v -0.014559 0.484817 -0.078096
v -0.037880 0.484817 -0.069924
v -0.057534 0.484817 -0.054945
v -0.071598 0.484817 -0.034625
v -0.078694 0.484817 -0.010955
v -0.078128 0.484817 0.013750
v -0.069956 0.484817 0.037071
v -0.000421 0.485479 -0.000388
v -0.047458 0.221580 0.097398
v -0.014938 0.221580 0.107148
v 0.019003 0.221580 0.106370
v 0.051043 0.221580 0.095143
v 0.078045 0.221580 0.074564
v 0.097366 0.221580 0.046649
v 0.107115 0.221580 0.014129
v 0.106338 0.221580 -0.019812
v 0.095111 0.221580 -0.051852
v 0.074532 0.221580 -0.078854
v 0.046616 0.221580 -0.098175
v 0.014097 0.221580 -0.107924
v -0.019844 0.221580 -0.107147
v -0.051884 0.221580 -0.095919
v -0.078886 0.221580 -0.075341
v -0.098207 0.221580 -0.047425
v -0.107956 0.221580 -0.014905
v -0.107179 0.221580 0.019036
v -0.095952 0.221580 0.051075
v -0.075646 0.325526 0.078363
v -0.050072 0.488874 0.040272
v -0.035530 0.488874 0.054101
v -0.017426 0.488874 0.062760
v 0.002467 0.488875 0.065401
v 0.022203 0.488875 0.061765
v 0.039849 0.488875 0.052208
v 0.053678 0.488875 0.037666
v 0.062337 0.488875 0.019562
v 0.064977 0.488875 -0.000331
v 0.061341 0.488875 -0.020067
v 0.051784 0.488875 -0.037713
v 0.037242 0.488875 -0.051542
v 0.019139 0.488875 -0.060201
v -0.000755 0.488875 -0.062842
v -0.020490 0.488875 -0.059205
v -0.038136 0.488875 -0.049649
v -0.051966 0.488875 -0.035107
v -0.060624 0.488875 -0.017003
v -0.063265 0.488875 0.002890
v -0.059629 0.488874 0.022626
v -0.056455 0.594144 0.045159
v -0.040090 0.594144 0.060721
v -0.019718 0.594144 0.070465
v 0.002669 0.594144 0.073437
v 0.024878 0.594144 0.069345
v 0.044736 0.594144 0.058590
v 0.060298 0.594144 0.042226
v 0.070042 0.594144 0.021853
v 0.073013 0.594144 -0.000533
v 0.068921 0.594144 -0.022742
v 0.058167 0.594144 -0.042600
v 0.041802 0.594144 -0.058162
v 0.021430 0.594144 -0.067906
v -0.000957 0.594144 -0.070878
v -0.023166 0.594144 -0.066786
v -0.043023 0.594144 -0.056031
v -0.058586 0.594144 -0.039667
v -0.068330 0.594144 -0.019294
v -0.071301 0.594144 0.003092
v -0.067209 0.594144 0.025301
v -0.047279 0.486021 0.038134
v -0.033534 0.486021 0.051204
v -0.016424 0.486021 0.059388
v 0.002379 0.486021 0.061884
v 0.021032 0.486021 0.058447
v 0.037710 0.486021 0.049415
v 0.050781 0.486021 0.035670
v 0.058965 0.486021 0.018559
v 0.061461 0.486021 -0.000243
v 0.058024 0.486021 -0.018896
v 0.048991 0.486021 -0.035575
v 0.035247 0.486021 -0.048645
v 0.018136 0.486021 -0.056829
v -0.000666 0.486021 -0.059325
v -0.019320 0.486021 -0.055888
v -0.035998 0.486021 -0.046856
v -0.049069 0.486021 -0.033111
v -0.057252 0.486021 -0.016000
v -0.059748 0.486021 0.002802
v -0.056311 0.486021 0.021455
v -0.047536 0.413093 0.097562
v 0.018161 0.427208 0.101718
v -0.014962 0.413093 0.107327
v -0.103269 0.420793 -0.014276
v 0.019036 0.413093 0.106549
v 0.051129 0.413093 0.095303
v 0.071272 0.427208 -0.075440
v 0.078176 0.413093 0.074690
v 0.097530 0.413093 0.046727
v -0.103269 0.427208 -0.014276
v 0.107295 0.413093 0.014153
v 0.106517 0.413093 -0.019845
v 0.044572 0.420793 -0.093920
v 0.095271 0.413093 -0.051938
v 0.074632 0.427208 0.071297
v 0.074657 0.413093 -0.078985
v 0.046695 0.413093 -0.098338
v -0.102526 0.420793 0.018187
v 0.014121 0.413093 -0.108104
v -0.091787 0.420793 0.048831
v -0.019877 0.413093 -0.107325
v -0.049639 0.420793 -0.091762
v -0.051970 0.413093 -0.096079
v -0.079017 0.413093 -0.075466
v 0.013468 0.427208 -0.103244
v -0.098371 0.413093 -0.047504
v 0.044572 0.427208 -0.093920
v -0.108136 0.413093 -0.014930
v 0.074632 0.420793 0.071297
v -0.107358 0.413093 0.019068
v 0.093112 0.420793 0.044597
v -0.096111 0.413093 0.051161
v -0.091787 0.427208 0.048831
v -0.102526 0.427208 0.018187
v -0.049639 0.427208 -0.091762
v 0.013468 0.420793 -0.103244
v -0.075173 0.432514 0.077868
v -0.018994 0.420793 -0.102501
v -0.043367 0.423974 0.088904
v -0.013670 0.423974 0.097807
v 0.017325 0.423974 0.097097
v 0.046584 0.423974 0.086844
v 0.071242 0.423974 0.068052
v 0.088886 0.423974 0.042560
v 0.097789 0.423974 0.012863
v 0.097079 0.423974 -0.018132
v 0.086826 0.423974 -0.047391
v 0.068034 0.423974 -0.072049
v 0.042541 0.423974 -0.089693
v 0.012844 0.423974 -0.098596
v -0.018150 0.423974 -0.097886
v -0.047409 0.423974 -0.087633
v -0.072067 0.423974 -0.068841
v -0.089711 0.423974 -0.043348
v -0.098614 0.423974 -0.013651
v -0.097904 0.423974 0.017343
v -0.087651 0.423974 0.046602
v -0.068859 0.423974 0.071260
v 0.048806 0.427208 0.090980
v 0.071272 0.420793 -0.075440
v -0.093945 0.427208 -0.045380
v 0.048806 0.420793 0.090980
v 0.018161 0.420793 0.101718
v 0.090955 0.427208 -0.049614
v -0.093945 0.420793 -0.045380
v -0.014301 0.427208 0.102461
v 0.090955 0.420793 -0.049614
v -0.075465 0.427208 -0.072080
v -0.014301 0.420793 0.102461
v 0.101693 0.427208 -0.018969
v -0.075465 0.420793 -0.072080
v -0.045405 0.427208 0.093137
v 0.101693 0.420793 -0.018969
v -0.045405 0.420793 0.093137
v 0.102436 0.427208 0.013494
v -0.072105 0.427208 0.074657
v 0.102436 0.420793 0.013494
v -0.018994 0.427208 -0.102501
v -0.072105 0.420793 0.074657
v 0.093112 0.427208 0.044597
v 0.037148 0.443447 -0.078490
v -0.075954 0.449033 -0.036724
v 0.058920 0.469580 -0.062510
v -0.083485 0.449033 -0.011603
v 0.040683 0.443447 0.075913
v 0.010795 0.454192 -0.083456
v 0.014957 0.469580 0.084133
v 0.035915 0.454192 -0.075925
v -0.076721 0.443447 0.040716
v -0.061029 0.454192 -0.058287
v -0.084942 0.469580 0.014990
v 0.011174 0.443447 -0.086277
v 0.039334 0.449033 0.073404
v 0.062249 0.443447 0.059476
v -0.060285 0.443447 0.062282
v 0.057479 0.454192 -0.061000
v -0.015934 0.443447 -0.085656
v 0.073375 0.454192 -0.040143
v 0.077681 0.443447 0.037180
v 0.035915 0.449033 -0.075925
v -0.041524 0.443447 -0.076689
v 0.010795 0.449033 -0.083456
v 0.085468 0.443447 0.011207
v -0.063091 0.443447 -0.060253
v -0.061029 0.449033 -0.058287
v 0.084847 0.443447 -0.015902
v 0.073375 0.449033 -0.040143
v -0.037989 0.443447 0.077714
v 0.057479 0.449033 -0.061000
v -0.078523 0.443447 -0.037957
v 0.060192 0.454192 0.057508
v 0.075880 0.443447 -0.041492
v -0.012015 0.443447 0.085500
v 0.082047 0.454192 -0.015394
v -0.086309 0.443447 -0.011983
v 0.082648 0.454192 0.010824
v 0.014585 0.454192 0.082076
v -0.011632 0.454192 0.082677
v 0.060192 0.449033 0.057508
v 0.034931 0.451400 -0.073878
v 0.055910 0.451400 -0.059358
v 0.038258 0.451400 0.071401
v 0.014180 0.451400 0.079838
v -0.072208 0.451400 0.038284
v -0.080646 0.451400 0.014206
v 0.010493 0.451400 -0.081204
v 0.058550 0.451400 0.055936
v -0.056744 0.451400 0.058575
v -0.015014 0.451400 -0.080620
v 0.073070 0.451400 0.034957
v -0.039092 0.451400 -0.072183
v 0.080396 0.451400 0.010519
v -0.059383 0.451400 -0.056718
v 0.079812 0.451400 -0.014988
v -0.035765 0.451400 0.073095
v -0.073903 0.451400 -0.035739
v 0.071375 0.451400 -0.039066
v -0.011326 0.451400 0.080422
v -0.081230 0.451400 -0.011301
v 0.082648 0.449033 0.010824
v 0.075117 0.449033 0.035944
v 0.039334 0.454192 0.073404
v -0.074212 0.449033 0.039363
v -0.082885 0.449033 0.014614
v -0.075954 0.454192 -0.036724
v -0.083485 0.454192 -0.011603
v 0.075117 0.454192 0.035944
v -0.011632 0.449033 0.082677
v -0.036753 0.449033 0.075146
v -0.082885 0.454192 0.014614
v -0.074212 0.454192 0.039363
v -0.040172 0.449033 -0.074183
v -0.015423 0.449033 -0.082856
v -0.036753 0.454192 0.075146
v 0.014585 0.449033 0.082076
v -0.015423 0.454192 -0.082856
v -0.040172 0.454192 -0.074183
v 0.082047 0.449033 -0.015394
v -0.058316 0.449033 0.060221
v -0.058316 0.454192 0.060221
v 0.097722 0.325526 0.046820
v 0.107506 0.325526 0.014182
v 0.106727 0.325526 -0.019883
v 0.095458 0.325526 -0.052039
v 0.074805 0.325526 -0.079139
v 0.046787 0.325526 -0.098531
v 0.014149 0.325526 -0.108315
v -0.019915 0.325526 -0.107535
v -0.075498 0.413093 0.078208
v -0.047629 0.325526 0.097754
v -0.014991 0.325526 0.107539
v 0.019074 0.325526 0.106759
v 0.051230 0.325526 0.095491
v 0.078330 0.325526 0.074837
v -0.052071 0.325526 -0.096267
v -0.079172 0.325526 -0.075613
v -0.098563 0.325526 -0.047596
v -0.108348 0.325526 -0.014958
v -0.107568 0.325526 0.019106
v -0.096299 0.325526 0.051262
v 0.000856 0.610007 0.001280
v 0.000856 0.485469 0.001280
v 0.062187 0.196908 0.059417
v 0.037110 0.196908 -0.078413
v 0.059384 0.196908 -0.062996
v -0.037952 0.196908 0.077636
v 0.040642 0.196908 0.075837
v 0.075804 0.196908 -0.041451
v -0.015919 0.196908 -0.085571
v -0.063029 0.196908 -0.060193
v -0.041483 0.196908 -0.076613
v -0.078445 0.196908 -0.037919
v -0.076645 0.196908 0.040675
v -0.012004 0.196908 0.085415
v -0.086224 0.196908 -0.011971
v 0.077604 0.196908 0.037143
v 0.015078 0.196908 0.084795
v -0.085604 0.196908 0.015110
v 0.085383 0.196908 0.011195
v -0.060226 0.196908 0.062220
v 0.011163 0.196908 -0.086192
v 0.084763 0.196908 -0.015887
v -0.095657 0.341865 0.045503
v -0.069226 0.341865 0.080138
v -0.095657 0.247800 0.045503
v -0.069226 0.247800 0.080138
v -0.136209 0.239682 0.076350
v -0.136209 0.333746 0.076350
v -0.109778 0.239682 0.110986
v -0.109778 0.333746 0.110986
v -0.217980 0.191202 0.138555
v -0.217980 0.285267 0.138555
v -0.191549 0.191202 0.173191
v -0.191549 0.285267 0.173191
v -0.311617 0.102473 0.209786
v -0.311617 0.196538 0.209786
v -0.285186 0.102473 0.244421
v -0.285186 0.196538 0.244421
v -0.405693 0.020134 0.281350
v -0.400245 0.114199 0.277179
v -0.379262 0.020134 0.315986
v -0.373814 0.114199 0.311815
v -0.526458 0.003980 0.374408
v -0.489978 0.097238 0.346477
v -0.501520 0.003980 0.407086
v -0.465041 0.097238 0.379155
v -0.089145 0.342619 0.054036
v -0.089145 0.246940 0.054036
v -0.129697 0.334501 0.084884
v -0.129697 0.238822 0.084884
v -0.211468 0.286021 0.147089
v -0.211468 0.190342 0.147089
v -0.305105 0.197292 0.218319
v -0.305105 0.101613 0.218319
v -0.393687 0.114953 0.285678
v -0.399181 0.019274 0.289884
v -0.484948 0.097615 0.354945
v -0.522019 0.003550 0.383329
v -0.096807 0.251955 0.043997
v -0.067387 0.251955 0.082548
v -0.137358 0.243837 0.074845
v -0.107939 0.243837 0.113395
v -0.219130 0.195357 0.137049
v -0.189711 0.195357 0.175600
v -0.312766 0.106628 0.208280
v -0.283347 0.106628 0.246831
v -0.406798 0.024289 0.279811
v -0.377379 0.024289 0.318362
v -0.528235 0.007705 0.374568
v -0.501804 0.007705 0.409204
v -0.524714 0.007706 0.385377
v 0.086607 0.341865 -0.043249
v 0.060176 0.341865 -0.077884
v 0.086607 0.247800 -0.043249
v 0.060176 0.247800 -0.077884
v 0.127158 0.239682 -0.074097
v 0.127158 0.333746 -0.074097
v 0.100727 0.239682 -0.108732
v 0.100727 0.333746 -0.108732
v 0.208930 0.191202 -0.136301
v 0.208930 0.285267 -0.136301
v 0.182499 0.191202 -0.170937
v 0.182499 0.285267 -0.170937
v 0.302567 0.102473 -0.207532
v 0.302567 0.196538 -0.207532
v 0.276136 0.102473 -0.242168
v 0.276136 0.196538 -0.242168
v 0.398134 0.020134 -0.280232
v 0.392907 0.114199 -0.276229
v 0.371703 0.020134 -0.314867
v 0.366475 0.114199 -0.310865
v 0.519645 0.003980 -0.373856
v 0.486657 0.097238 -0.348600
v 0.494708 0.003980 -0.406534
v 0.461720 0.097238 -0.381278
v 0.080095 0.342619 -0.051782
v 0.080095 0.246940 -0.051782
v 0.120646 0.334501 -0.082630
v 0.120646 0.238822 -0.082630
v 0.202418 0.286021 -0.144835
v 0.202418 0.190342 -0.144835
v 0.296055 0.197292 -0.216066
v 0.296055 0.101613 -0.216066
v 0.386351 0.114953 -0.284729
v 0.391622 0.019274 -0.288765
v 0.481139 0.097615 -0.356697
v 0.514460 0.003550 -0.382210
v 0.087756 0.251955 -0.041743
v 0.058337 0.251955 -0.080294
v 0.128307 0.243837 -0.072591
v 0.098888 0.243836 -0.111142
v 0.210079 0.195357 -0.134796
v 0.180660 0.195357 -0.173346
v 0.303716 0.106628 -0.206026
v 0.274297 0.106628 -0.244577
v 0.399242 0.024289 -0.278694
v 0.369822 0.024289 -0.317245
v 0.520706 0.007705 -0.373473
v 0.494275 0.007705 -0.408108
v 0.515697 0.007706 -0.383149
v -0.096807 0.325231 0.043997
v -0.067387 0.325231 0.082548
v -0.137358 0.317113 0.074845
v -0.107939 0.317113 0.113395
v -0.219130 0.268633 0.137049
v -0.189711 0.268633 0.175600
v -0.312766 0.179904 0.208280
v -0.283347 0.179904 0.246831
v -0.402404 0.097565 0.276446
v -0.372985 0.097565 0.314997
v -0.498323 0.080982 0.351667
v -0.471892 0.080982 0.386302
v -0.494094 0.080982 0.361933
v -0.096807 0.269297 0.043997
v -0.067387 0.269297 0.082548
v -0.137358 0.261179 0.074845
v -0.107939 0.261179 0.113395
v -0.219130 0.212699 0.137049
v -0.189711 0.212699 0.175600
v -0.312766 0.123970 0.208280
v -0.283347 0.123970 0.246831
v -0.405798 0.041631 0.279045
v -0.376379 0.041631 0.317596
v -0.521427 0.025047 0.369356
v -0.494996 0.025047 0.403991
v -0.517745 0.025047 0.380041
v -0.471518 0.003550 0.386167
v -0.497949 0.003550 0.351531
v -0.469833 0.097615 0.330004
v -0.443402 0.097615 0.364640
v -0.491437 0.002691 0.360065
v -0.463085 0.098370 0.338357
v -0.469455 0.007706 0.388404
v -0.498874 0.007705 0.349853
v -0.476192 0.080982 0.332487
v -0.446773 0.080982 0.371038
v -0.464292 0.025047 0.384452
v -0.493712 0.025047 0.345901
v 0.087756 0.325231 -0.041743
v 0.058337 0.325231 -0.080294
v 0.128307 0.317113 -0.072591
v 0.098888 0.317113 -0.111142
v 0.210079 0.268633 -0.134796
v 0.180660 0.268633 -0.173346
v 0.303716 0.179904 -0.206026
v 0.274297 0.179904 -0.244577
v 0.395024 0.097565 -0.275465
v 0.365605 0.097565 -0.314016
v 0.493822 0.080982 -0.352889
v 0.467391 0.080982 -0.387525
v 0.488497 0.080982 -0.362324
v 0.058337 0.269297 -0.080294
v 0.087756 0.269297 -0.041743
v 0.128307 0.261179 -0.072591
v 0.098888 0.261178 -0.111142
v 0.210079 0.212699 -0.134796
v 0.180660 0.212699 -0.173346
v 0.303716 0.123970 -0.206026
v 0.274297 0.123970 -0.244577
v 0.398282 0.041631 -0.277959
v 0.368863 0.041631 -0.316510
v 0.514588 0.025047 -0.368788
v 0.488156 0.025047 -0.403423
v 0.509506 0.025047 -0.378409
v 0.468436 0.003550 -0.388453
v 0.494867 0.003550 -0.353817
v 0.468337 0.097615 -0.333505
v 0.441906 0.097615 -0.368141
v 0.488355 0.002691 -0.362351
v 0.461602 0.098370 -0.341868
v 0.466385 0.007706 -0.390700
v 0.495804 0.007705 -0.352149
v 0.474402 0.080982 -0.335763
v 0.444983 0.080982 -0.374314
v 0.461514 0.025047 -0.386971
v 0.490933 0.025047 -0.348420
v -0.051434 0.341902 -0.099004
v -0.086070 0.341902 -0.072573
v -0.051434 0.247800 -0.099004
v -0.086070 0.247800 -0.072573
v -0.082282 0.239682 -0.139556
v -0.082282 0.333784 -0.139556
v -0.116918 0.239682 -0.113125
v -0.116918 0.333784 -0.113125
v -0.144487 0.191202 -0.221328
v -0.144487 0.285304 -0.221328
v -0.179123 0.191202 -0.194896
v -0.179123 0.285304 -0.194896
v -0.215718 0.102473 -0.314964
v -0.215718 0.196575 -0.314964
v -0.250353 0.102473 -0.288533
v -0.250353 0.196575 -0.288533
v -0.287566 0.020134 -0.409413
v -0.281975 0.114236 -0.402111
v -0.322201 0.020134 -0.382982
v -0.316611 0.114236 -0.375680
v -0.380765 0.003980 -0.530364
v -0.343893 0.097295 -0.482206
v -0.413443 0.003980 -0.505427
v -0.376571 0.097295 -0.457269
v -0.059968 0.342619 -0.092492
v -0.059968 0.246940 -0.092492
v -0.090815 0.334501 -0.133044
v -0.090815 0.238822 -0.133044
v -0.153020 0.286021 -0.214815
v -0.153020 0.190342 -0.214815
v -0.224251 0.197292 -0.308452
v -0.224251 0.101613 -0.308452
v -0.290464 0.114953 -0.395541
v -0.296099 0.019274 -0.402901
v -0.352139 0.097653 -0.476885
v -0.389544 0.003550 -0.525739
v -0.049928 0.251992 -0.100154
v -0.088479 0.251992 -0.070735
v -0.080776 0.243874 -0.140705
v -0.119327 0.243874 -0.111286
v -0.142981 0.195395 -0.222477
v -0.181532 0.195394 -0.193058
v -0.214212 0.106665 -0.316113
v -0.252763 0.106665 -0.286694
v -0.286013 0.024326 -0.410501
v -0.324564 0.024326 -0.381082
v -0.380696 0.007743 -0.531841
v -0.415332 0.007743 -0.505410
v -0.391220 0.007743 -0.527945
v -0.390081 0.025236 -0.467254
v -0.351530 0.025236 -0.496673
v -0.119327 0.261367 -0.111286
v -0.142981 0.212887 -0.222477
v -0.181532 0.212887 -0.193058
v -0.214212 0.124158 -0.316113
v -0.252763 0.124158 -0.286694
v -0.284977 0.041819 -0.409148
v -0.323528 0.041819 -0.379729
v -0.373767 0.025236 -0.522791
v -0.408403 0.025236 -0.496360
v -0.384148 0.025236 -0.518708
v -0.080776 0.261367 -0.140705
v -0.088479 0.269485 -0.070735
v -0.049928 0.269485 -0.100154
v -0.393233 0.003550 -0.476357
v -0.358598 0.003550 -0.502788
v -0.329872 0.097653 -0.465270
v -0.364508 0.097653 -0.438839
v -0.367131 0.002691 -0.496276
v -0.338177 0.098370 -0.458459
v -0.395402 0.007743 -0.474203
v -0.356850 0.007743 -0.503622
v -0.372190 0.081171 -0.443886
v -0.049928 0.325420 -0.100154
v -0.088479 0.325420 -0.070735
v -0.080776 0.317302 -0.140705
v -0.360364 0.081171 -0.487645
v -0.385101 0.081171 -0.465926
v -0.350466 0.081171 -0.492357
v -0.320047 0.097754 -0.375182
v -0.281496 0.097754 -0.404601
v -0.252763 0.180093 -0.286694
v -0.214212 0.180093 -0.316113
v -0.181532 0.268822 -0.193058
v -0.142981 0.268822 -0.222477
v -0.119327 0.317302 -0.111286
v -0.333639 0.081171 -0.473306
v 0.045938 0.341902 0.101793
v 0.080072 0.341902 0.075745
v 0.045938 0.247800 0.101793
v 0.080072 0.247800 0.075745
v 0.076786 0.239682 0.142345
v 0.076786 0.333784 0.142345
v 0.110920 0.239682 0.116296
v 0.110920 0.333784 0.116296
v 0.138991 0.191202 0.224116
v 0.138991 0.285304 0.224116
v 0.173124 0.191202 0.198068
v 0.173124 0.285304 0.198068
v 0.209476 0.103564 0.316773
v 0.209476 0.197666 0.316773
v 0.243609 0.103564 0.290725
v 0.243609 0.197666 0.290725
v 0.293126 0.004641 0.426737
v 0.288209 0.098744 0.420314
v 0.327260 0.004641 0.400689
v 0.322343 0.098744 0.394266
v 0.376221 0.003980 0.533883
v 0.344574 0.097295 0.492550
v 0.408146 0.003980 0.509521
v 0.376499 0.097295 0.468187
v 0.043931 0.251992 0.103325
v 0.082481 0.251992 0.073906
v 0.074778 0.243874 0.143877
v 0.113329 0.243874 0.114458
v 0.136983 0.195394 0.225648
v 0.175534 0.195394 0.196230
v 0.207468 0.107756 0.318305
v 0.246019 0.107756 0.288886
v 0.291077 0.008834 0.428215
v 0.329628 0.008834 0.398796
v 0.375713 0.007743 0.535303
v 0.409846 0.007743 0.509256
v 0.262654 0.028690 0.390850
v 0.301205 0.028690 0.361431
v 0.298795 0.118600 0.363270
v 0.298795 0.024497 0.363270
v 0.264662 0.118600 0.389318
v 0.264662 0.024497 0.389318
v 0.136983 0.212887 0.225648
v 0.175534 0.212887 0.196230
v 0.207468 0.125249 0.318305
v 0.246019 0.125249 0.288886
v 0.290166 0.026327 0.427026
v 0.328717 0.026327 0.397606
v 0.369780 0.025236 0.527555
v 0.403914 0.025236 0.501507
v 0.113329 0.261367 0.114458
v 0.074778 0.261367 0.143877
v 0.082481 0.269485 0.073906
v 0.043931 0.269485 0.103325
v 0.262654 0.046183 0.390850
v 0.301205 0.046183 0.361431
v 0.262654 0.102118 0.390850
v 0.043931 0.325420 0.103325
v 0.082481 0.325420 0.073907
v 0.074778 0.317302 0.143877
v 0.113329 0.317302 0.114458
v 0.383964 0.081171 0.475452
v 0.349831 0.081171 0.501500
v 0.325655 0.082262 0.393606
v 0.287104 0.082262 0.423025
v 0.246019 0.181184 0.288886
v 0.207468 0.181184 0.318305
v 0.175534 0.268822 0.196230
v 0.136983 0.268822 0.225648
v 0.301205 0.102117 0.361431
v 0.386656 0.025236 0.473804
v 0.348105 0.025236 0.503223
v 0.354971 0.003550 0.508035
v 0.329880 0.097653 0.475263
v 0.389105 0.003550 0.481988
v 0.364013 0.097653 0.449215
v 0.391303 0.007743 0.479874
v 0.352753 0.007743 0.509293
v 0.332477 0.081171 0.482810
v 0.371028 0.081171 0.453391
v -0.096663 0.338654 0.044185
v -0.067617 0.338654 0.082247
v -0.073143 0.342525 0.075006
v -0.073143 0.247048 0.075006
v -0.137214 0.330536 0.075033
v -0.108169 0.330536 0.113094
v -0.113694 0.334406 0.105853
v -0.113694 0.238929 0.105853
v -0.112132 0.340850 0.058035
v -0.085701 0.340850 0.092671
v -0.112132 0.246785 0.058035
v -0.085701 0.246785 0.092671
v -0.218986 0.282056 0.137238
v -0.189940 0.282056 0.175299
v -0.195466 0.285927 0.168058
v -0.195466 0.190450 0.168058
v -0.146608 0.221444 0.139004
v -0.173040 0.221444 0.104368
v -0.173040 0.315509 0.104368
v -0.146608 0.315509 0.139004
v -0.312623 0.193327 0.208468
v -0.283577 0.193327 0.246530
v -0.289103 0.197198 0.239289
v -0.289103 0.101721 0.239289
v -0.238482 0.244077 0.208893
v -0.238482 0.150012 0.208893
v -0.264913 0.150012 0.174257
v -0.264913 0.244077 0.174257
v -0.401446 0.110988 0.276011
v -0.372400 0.110988 0.314072
v -0.377691 0.114859 0.306652
v -0.383178 0.019381 0.310853
v -0.330528 0.149365 0.278910
v -0.331209 0.055301 0.279432
v -0.357640 0.055301 0.244796
v -0.356959 0.149365 0.244275
v -0.492520 0.094356 0.347429
v -0.466345 0.094356 0.381729
v -0.468910 0.097551 0.375641
v -0.505879 0.003624 0.403947
v -0.493743 0.003624 0.402747
v -0.456285 0.005623 0.319836
v -0.485363 0.097551 0.341990
v -0.413401 0.099688 0.341875
v -0.093120 0.342525 0.048828
v -0.093120 0.247048 0.048828
v -0.133671 0.334406 0.079676
v -0.133671 0.238929 0.079676
v -0.215443 0.285927 0.141881
v -0.215443 0.190450 0.141881
v -0.309079 0.197198 0.213111
v -0.309079 0.101721 0.213111
v -0.397667 0.114859 0.280474
v -0.403155 0.019381 0.284676
v -0.488693 0.097551 0.349718
v -0.525662 0.003624 0.378023
v -0.166528 0.220585 0.112901
v -0.105620 0.245925 0.066569
v -0.258401 0.149152 0.182791
v -0.513699 0.002798 0.376999
v -0.351128 0.054441 0.253329
v -0.488154 0.094405 0.357387
v -0.350441 0.150120 0.252804
v -0.478808 0.098275 0.350285
v -0.258401 0.244831 0.182791
v -0.105620 0.341604 0.066569
v -0.166528 0.316263 0.112901
v -0.096663 0.249608 0.044185
v -0.067617 0.249608 0.082247
v -0.137214 0.241490 0.075033
v -0.108169 0.241490 0.113094
v -0.218986 0.193011 0.137238
v -0.189940 0.193011 0.175299
v -0.312623 0.104281 0.208468
v -0.283577 0.104281 0.246530
v -0.406693 0.021942 0.280028
v -0.377647 0.021942 0.318090
v -0.528139 0.005415 0.374700
v -0.501964 0.005415 0.409001
v -0.524605 0.005359 0.385295
v -0.528315 0.007705 0.379885
v -0.491895 0.007705 0.404998
v -0.520940 0.007705 0.366937
v -0.508338 0.007705 0.406062
v -0.358784 0.059456 0.243286
v -0.329365 0.059456 0.281837
v -0.266062 0.154167 0.172751
v -0.144770 0.225599 0.141413
v -0.174189 0.225599 0.102862
v -0.236643 0.154167 0.211302
v -0.083862 0.250940 0.095080
v -0.113281 0.250940 0.056529
v 0.087612 0.338654 -0.041931
v 0.058337 0.255842 -0.080294
v 0.064093 0.342525 -0.072752
v 0.064093 0.247048 -0.072752
v 0.128164 0.330536 -0.072779
v 0.099118 0.330536 -0.110840
v 0.104644 0.334406 -0.103600
v 0.104644 0.238929 -0.103600
v 0.103082 0.340850 -0.055781
v 0.076650 0.340850 -0.090417
v 0.103082 0.246785 -0.055781
v 0.076651 0.246785 -0.090417
v 0.209935 0.282056 -0.134984
v 0.180890 0.282056 -0.173045
v 0.186415 0.285927 -0.165804
v 0.186415 0.190450 -0.165804
v 0.137558 0.221444 -0.136750
v 0.163989 0.221444 -0.102114
v 0.163989 0.315509 -0.102114
v 0.137558 0.315509 -0.136750
v 0.303572 0.193327 -0.206215
v 0.274527 0.193327 -0.244276
v 0.280052 0.197198 -0.237035
v 0.280052 0.101721 -0.237035
v 0.229431 0.244077 -0.206639
v 0.229431 0.150012 -0.206639
v 0.255862 0.150012 -0.172004
v 0.255862 0.244077 -0.172004
v 0.394099 0.110988 -0.275055
v 0.365053 0.110988 -0.313116
v 0.370354 0.114859 -0.305703
v 0.375620 0.019381 -0.309735
v 0.321691 0.149365 -0.276819
v 0.322345 0.055301 -0.277320
v 0.348776 0.055301 -0.242684
v 0.348122 0.149365 -0.242184
v 0.488664 0.094356 -0.349144
v 0.462489 0.094356 -0.383445
v 0.465184 0.097551 -0.377456
v 0.498448 0.003624 -0.402925
v 0.489079 0.003624 -0.403830
v 0.451523 0.005623 -0.320845
v 0.483416 0.097551 -0.345154
v 0.409361 0.099688 -0.343437
v 0.084069 0.342525 -0.046574
v 0.084069 0.247048 -0.046574
v 0.124620 0.334406 -0.077422
v 0.124620 0.238929 -0.077422
v 0.206392 0.285927 -0.139627
v 0.206392 0.190450 -0.139627
v 0.300029 0.197198 -0.210858
v 0.300029 0.101721 -0.210858
v 0.390330 0.114859 -0.279525
v 0.395596 0.019381 -0.283557
v 0.484967 0.097551 -0.351533
v 0.518231 0.003624 -0.377001
v 0.157477 0.220585 -0.110648
v 0.096570 0.245925 -0.064315
v 0.249350 0.149152 -0.180537
v 0.508938 0.002798 -0.378009
v 0.342264 0.054441 -0.251218
v 0.483316 0.094405 -0.358358
v 0.341605 0.150120 -0.250713
v 0.476818 0.098275 -0.353416
v 0.249350 0.244831 -0.180537
v 0.096570 0.341604 -0.064315
v 0.157477 0.316263 -0.110648
v 0.087612 0.249608 -0.041931
v 0.058567 0.249608 -0.079993
v 0.128164 0.241490 -0.072779
v 0.099118 0.241490 -0.110840
v 0.209935 0.193011 -0.134984
v 0.180890 0.193011 -0.173045
v 0.303572 0.104281 -0.206215
v 0.274527 0.104281 -0.244276
v 0.399134 0.021942 -0.278910
v 0.370089 0.021942 -0.316971
v 0.520712 0.005415 -0.373682
v 0.494537 0.005415 -0.407982
v 0.515745 0.005359 -0.383186
v 0.519484 0.007705 -0.377799
v 0.487156 0.007705 -0.406024
v 0.516201 0.007705 -0.367963
v 0.499507 0.007705 -0.403976
v 0.349920 0.059456 -0.241174
v 0.320501 0.059456 -0.279725
v 0.257011 0.154167 -0.170498
v 0.135719 0.225599 -0.139159
v 0.165138 0.225599 -0.100608
v 0.227592 0.154167 -0.209048
v 0.074812 0.250940 -0.092826
v 0.104231 0.250940 -0.054276
v -0.113281 0.324217 0.056529
v -0.174189 0.298876 0.102862
v -0.266062 0.227443 0.172751
v -0.358234 0.132732 0.242865
v -0.477806 0.080982 0.382686
v -0.492995 0.080982 0.345541
v -0.497782 0.080982 0.356508
v -0.463950 0.080982 0.383602
v -0.328815 0.132732 0.281416
v -0.144770 0.298876 0.141413
v -0.236643 0.227443 0.211302
v -0.083862 0.324217 0.095080
v -0.096807 0.255842 0.043997
v -0.067387 0.255842 0.082548
v -0.137358 0.247724 0.074845
v -0.107939 0.247724 0.113395
v -0.219130 0.199244 0.137049
v -0.189711 0.199244 0.175600
v -0.312766 0.110515 0.208280
v -0.283347 0.110515 0.246831
v -0.406608 0.028176 0.279665
v -0.377189 0.028176 0.318216
v -0.526940 0.011593 0.373577
v -0.500509 0.011593 0.408213
v -0.523389 0.011593 0.384362
v -0.083862 0.268282 0.095080
v -0.236643 0.171509 0.211302
v -0.144770 0.242941 0.141413
v -0.329240 0.076798 0.281741
v -0.485534 0.025047 0.400128
v -0.113281 0.268282 0.056529
v -0.174189 0.242941 0.102862
v -0.266062 0.171509 0.172751
v -0.358659 0.076798 0.243190
v -0.501389 0.025047 0.400742
v -0.514580 0.025047 0.362067
v -0.521365 0.025047 0.374564
v -0.429853 0.005623 0.354472
v -0.519919 0.003624 0.368447
v -0.439832 0.099688 0.307239
v -0.459187 0.097551 0.376290
v -0.449773 0.004764 0.328370
v -0.433182 0.100443 0.315667
v -0.427883 0.009778 0.356781
v -0.457302 0.009778 0.318230
v -0.444030 0.083055 0.308068
v -0.414611 0.083055 0.346619
v -0.424862 0.027120 0.354468
v -0.454282 0.027120 0.315917
v -0.468473 0.011593 0.387652
v -0.471844 0.094405 0.329456
v -0.497892 0.011593 0.349101
v -0.469881 0.005359 0.388253
v -0.495412 0.002798 0.354857
v -0.447112 0.098275 0.359349
v -0.442798 0.094405 0.367518
v -0.498927 0.005359 0.350192
v -0.475435 0.002798 0.381034
v -0.467088 0.098275 0.333171
v 0.058567 0.338654 -0.079993
v 0.104231 0.324217 -0.054276
v 0.165138 0.298876 -0.100608
v 0.257011 0.227443 -0.170498
v 0.349393 0.132732 -0.240771
v 0.472346 0.080982 -0.383180
v 0.490477 0.080982 -0.348267
v 0.492323 0.080982 -0.357003
v 0.461431 0.080982 -0.386329
v 0.319974 0.132732 -0.279321
v 0.135719 0.298876 -0.139159
v 0.227592 0.227443 -0.209048
v 0.074812 0.324217 -0.092826
v 0.087756 0.255842 -0.041743
v 0.128307 0.247724 -0.072591
v 0.098888 0.247724 -0.111142
v 0.210079 0.199244 -0.134796
v 0.180660 0.199244 -0.173346
v 0.303716 0.110515 -0.206026
v 0.274297 0.110515 -0.244577
v 0.399059 0.028176 -0.278554
v 0.369640 0.028176 -0.317105
v 0.519543 0.011593 -0.372581
v 0.493111 0.011593 -0.407217
v 0.514520 0.011593 -0.382248
v 0.074812 0.268282 -0.092826
v 0.227592 0.171509 -0.209048
v 0.135719 0.242941 -0.139159
v 0.320381 0.076798 -0.279633
v 0.481301 0.025047 -0.401542
v 0.104231 0.268282 -0.054276
v 0.165138 0.242941 -0.100608
v 0.257011 0.171509 -0.170498
v 0.349800 0.076798 -0.241082
v 0.493325 0.025047 -0.399243
v 0.510346 0.025047 -0.363480
v 0.513302 0.025047 -0.373065
v 0.425092 0.005623 -0.355481
v 0.515254 0.003624 -0.369530
v 0.435792 0.099688 -0.308801
v 0.457241 0.097551 -0.379454
v 0.445011 0.004764 -0.329379
v 0.429148 0.100443 -0.317233
v 0.423128 0.009778 -0.357794
v 0.452547 0.009778 -0.319243
v 0.439856 0.083055 -0.309527
v 0.410437 0.083055 -0.348078
v 0.420239 0.027120 -0.355583
v 0.449658 0.027120 -0.317032
v 0.465458 0.011593 -0.389991
v 0.470292 0.094405 -0.332914
v 0.494878 0.011593 -0.351440
v 0.466800 0.005359 -0.390541
v 0.492329 0.002798 -0.357143
v 0.445628 0.098275 -0.362859
v 0.441246 0.094405 -0.370976
v 0.495846 0.005359 -0.352479
v 0.472352 0.002798 -0.383320
v 0.465604 0.098275 -0.336681
v -0.080937 0.342529 -0.076490
v -0.080937 0.247048 -0.076490
v -0.111785 0.334411 -0.117041
v -0.111785 0.238929 -0.117041
v -0.063967 0.340888 -0.115479
v -0.098602 0.340888 -0.089048
v -0.063967 0.246785 -0.115479
v -0.098602 0.246785 -0.089048
v -0.173990 0.285931 -0.198813
v -0.173990 0.190450 -0.198813
v -0.144935 0.221444 -0.149955
v -0.110300 0.221444 -0.176387
v -0.110300 0.315547 -0.176387
v -0.144935 0.315547 -0.149955
v -0.321812 0.027309 -0.457588
v -0.245221 0.197202 -0.292450
v -0.245221 0.101721 -0.292450
v -0.214825 0.244114 -0.241829
v -0.214825 0.150012 -0.241829
v -0.180189 0.150012 -0.268260
v -0.180189 0.244114 -0.268260
v -0.311440 0.114863 -0.379546
v -0.317069 0.019381 -0.386898
v -0.284700 0.149403 -0.333690
v -0.285399 0.055301 -0.334602
v -0.250763 0.055301 -0.361034
v -0.250064 0.149403 -0.360121
v -0.372873 0.097592 -0.460896
v -0.410186 0.003624 -0.509631
v -0.409513 0.003624 -0.498187
v -0.326584 0.005623 -0.460704
v -0.340125 0.097592 -0.478534
v -0.344352 0.099726 -0.412242
v -0.054760 0.342529 -0.096467
v -0.054760 0.247048 -0.096467
v -0.085608 0.334411 -0.137018
v -0.085608 0.238929 -0.137018
v -0.147812 0.285931 -0.218790
v -0.147812 0.190450 -0.218790
v -0.219043 0.197202 -0.312427
v -0.219043 0.101721 -0.312427
v -0.285262 0.114863 -0.399523
v -0.290891 0.019381 -0.406875
v -0.346949 0.097592 -0.480679
v -0.384263 0.003624 -0.529414
v -0.118833 0.220585 -0.169875
v -0.072500 0.245925 -0.108967
v -0.188722 0.149152 -0.261748
v -0.383747 0.002798 -0.518119
v -0.259297 0.054441 -0.354522
v -0.258592 0.150120 -0.353602
v -0.348340 0.098280 -0.471874
v -0.188722 0.244831 -0.261748
v -0.072500 0.341604 -0.108967
v -0.118833 0.316264 -0.169875
v -0.050117 0.249613 -0.100010
v -0.088178 0.249613 -0.070964
v -0.080965 0.241495 -0.140561
v -0.119026 0.241495 -0.111516
v -0.143169 0.193015 -0.222333
v -0.181231 0.193015 -0.193287
v -0.214400 0.104286 -0.315970
v -0.252461 0.104286 -0.286924
v -0.286242 0.021947 -0.410411
v -0.324304 0.021947 -0.381365
v -0.380929 0.005420 -0.531877
v -0.415230 0.005420 -0.505701
v -0.391251 0.005364 -0.527984
v -0.385763 0.007743 -0.531593
v -0.411662 0.007743 -0.496205
v -0.373600 0.007743 -0.525250
v -0.411941 0.007743 -0.511616
v -0.249251 0.059493 -0.362175
v -0.287802 0.059493 -0.332756
v -0.178683 0.154204 -0.269409
v -0.147345 0.225637 -0.148117
v -0.108794 0.225637 -0.177536
v -0.217234 0.154204 -0.239990
v -0.101012 0.250978 -0.087209
v -0.062461 0.250978 -0.116628
v -0.378709 0.025236 -0.522379
v -0.367087 0.025236 -0.516744
v -0.404886 0.025236 -0.502402
v -0.249122 0.076986 -0.362006
v -0.178683 0.171697 -0.269409
v -0.062461 0.268471 -0.116628
v -0.360363 0.027309 -0.428168
v -0.101012 0.268471 -0.087209
v -0.217234 0.171697 -0.239990
v -0.147345 0.243130 -0.148117
v -0.287673 0.076986 -0.332587
v -0.405149 0.025236 -0.487698
v -0.108794 0.243130 -0.177536
v -0.355824 0.011706 -0.502281
v -0.119327 0.247837 -0.111286
v -0.142981 0.199357 -0.222477
v -0.181532 0.199357 -0.193058
v -0.214212 0.110628 -0.316113
v -0.252763 0.110628 -0.286694
v -0.285813 0.028289 -0.410240
v -0.324364 0.028289 -0.380820
v -0.379359 0.011706 -0.530094
v -0.413994 0.011706 -0.503663
v -0.389855 0.011706 -0.526162
v -0.080776 0.247837 -0.140705
v -0.088479 0.255955 -0.070735
v -0.049928 0.255955 -0.100154
v -0.050117 0.338767 -0.100010
v -0.088178 0.338767 -0.070964
v -0.080965 0.330649 -0.140561
v -0.354537 0.094518 -0.480031
v -0.379250 0.094471 -0.458709
v -0.344950 0.094471 -0.484884
v -0.318915 0.111101 -0.374326
v -0.280853 0.111101 -0.403372
v -0.252461 0.193440 -0.286924
v -0.214400 0.193440 -0.315970
v -0.181231 0.282169 -0.193287
v -0.143169 0.282169 -0.222333
v -0.119026 0.330649 -0.111516
v -0.361219 0.005623 -0.434273
v -0.375213 0.003624 -0.524362
v -0.309716 0.099726 -0.438673
v -0.374425 0.097592 -0.452358
v -0.335117 0.004764 -0.454192
v -0.318115 0.100443 -0.431985
v -0.363487 0.009816 -0.432249
v -0.324936 0.009816 -0.461668
v -0.329558 0.094518 -0.467586
v -0.395311 0.005364 -0.474709
v -0.394375 0.011706 -0.472862
v -0.361923 0.002798 -0.500250
v -0.359175 0.098280 -0.442494
v -0.357250 0.005364 -0.503754
v -0.388101 0.002798 -0.480274
v -0.332997 0.098280 -0.462471
v -0.367619 0.094518 -0.438540
v -0.349857 0.083244 -0.414447
v -0.108794 0.299065 -0.177536
v -0.383247 0.081171 -0.459092
v -0.287238 0.132921 -0.332019
v -0.147345 0.299064 -0.148117
v -0.217234 0.227632 -0.239990
v -0.101012 0.324405 -0.087209
v -0.062461 0.324405 -0.116628
v -0.178683 0.227632 -0.269409
v -0.248687 0.132921 -0.361438
v -0.381163 0.081171 -0.471417
v -0.345185 0.081171 -0.488138
v -0.354986 0.081171 -0.491394
v -0.311306 0.083244 -0.443866
v 0.075002 0.342529 0.079614
v 0.075002 0.247048 0.079614
v 0.105850 0.334411 0.120165
v 0.105850 0.238929 0.120165
v 0.058471 0.340888 0.118268
v 0.092604 0.340888 0.092220
v 0.092604 0.246785 0.092220
v 0.058471 0.246785 0.118268
v 0.293725 0.023745 0.367139
v 0.262905 0.026311 0.390659
v 0.268928 0.119227 0.386062
v 0.168055 0.285931 0.201937
v 0.168054 0.190450 0.201937
v 0.104804 0.221444 0.179175
v 0.104804 0.315547 0.179175
v 0.138937 0.221444 0.153127
v 0.138937 0.315547 0.153127
v 0.293725 0.119227 0.367139
v 0.268928 0.023745 0.386062
v 0.238539 0.198293 0.294594
v 0.238539 0.102812 0.294594
v 0.174600 0.244251 0.270926
v 0.208733 0.244251 0.244878
v 0.208733 0.150148 0.244878
v 0.174600 0.150148 0.270926
v 0.300903 0.026311 0.361661
v 0.375300 0.025236 0.525947
v 0.239312 0.062630 0.360166
v 0.317238 0.099371 0.398090
v 0.322190 0.003889 0.404558
v 0.277280 0.008760 0.405906
v 0.241320 0.152540 0.358634
v 0.311414 0.008760 0.379858
v 0.275453 0.152540 0.332586
v 0.277863 0.062630 0.330747
v 0.372798 0.097592 0.471680
v 0.404758 0.003624 0.513423
v 0.310799 0.102862 0.379055
v 0.275453 0.058437 0.332586
v 0.050205 0.342529 0.098537
v 0.050205 0.247048 0.098537
v 0.081053 0.334411 0.139089
v 0.081053 0.238929 0.139088
v 0.143258 0.285931 0.220860
v 0.143258 0.190450 0.220860
v 0.213742 0.198293 0.313517
v 0.213742 0.102812 0.313517
v 0.292441 0.099371 0.417013
v 0.297393 0.003889 0.423481
v 0.348287 0.097592 0.490384
v 0.380247 0.003624 0.532127
v 0.276666 0.102862 0.405103
v 0.044182 0.249613 0.103134
v 0.082180 0.249613 0.074136
v 0.241320 0.058437 0.358634
v 0.075029 0.241495 0.143685
v 0.113028 0.241495 0.114688
v 0.137234 0.193015 0.225457
v 0.175233 0.193015 0.196459
v 0.207719 0.105377 0.318114
v 0.245717 0.105377 0.289116
v 0.291364 0.006455 0.428071
v 0.329363 0.006455 0.399073
v 0.375989 0.005420 0.535308
v 0.409744 0.005420 0.509548
v 0.381314 0.007743 0.533802
v 0.406111 0.007743 0.514879
v 0.313818 0.012953 0.378013
v 0.172592 0.154341 0.272458
v 0.211143 0.154341 0.243040
v 0.275267 0.012953 0.407432
v 0.141347 0.225637 0.151289
v 0.102796 0.225637 0.180708
v 0.056463 0.250978 0.119800
v 0.095014 0.250978 0.090381
v 0.357430 0.025372 0.435367
v 0.400097 0.025236 0.507024
v 0.172592 0.171834 0.272458
v 0.275154 0.030445 0.407283
v 0.056463 0.268471 0.119800
v 0.277863 0.080123 0.330747
v 0.102796 0.243130 0.180708
v 0.095014 0.268471 0.090381
v 0.141347 0.243130 0.151289
v 0.211142 0.171834 0.243040
v 0.313705 0.030445 0.377864
v 0.363417 0.025236 0.522839
v 0.371134 0.003624 0.528925
v 0.308940 0.097789 0.447650
v 0.404889 0.003624 0.503166
v 0.343073 0.097789 0.421602
v 0.407047 0.007743 0.501196
v 0.369049 0.007743 0.530194
v 0.239312 0.080123 0.360166
v 0.136983 0.199357 0.225648
v 0.175534 0.199357 0.196230
v 0.207468 0.111719 0.318305
v 0.246018 0.111719 0.288886
v 0.290901 0.012797 0.427986
v 0.329452 0.012797 0.398566
v 0.374567 0.011706 0.533808
v 0.408701 0.011706 0.507760
v 0.113329 0.247837 0.114458
v 0.074778 0.247837 0.143877
v 0.082481 0.255955 0.073906
v 0.043931 0.255955 0.103325
v 0.301205 0.032653 0.361431
v 0.262905 0.115465 0.390659
v 0.044182 0.338767 0.103134
v 0.082180 0.338767 0.074136
v 0.075029 0.330649 0.143685
v 0.113028 0.330649 0.114688
v 0.378927 0.094471 0.469298
v 0.345172 0.094471 0.495057
v 0.324623 0.095609 0.392882
v 0.286624 0.095609 0.421879
v 0.245717 0.194531 0.289116
v 0.207719 0.194531 0.318114
v 0.175233 0.282169 0.196459
v 0.137234 0.282169 0.225457
v 0.262654 0.032653 0.390850
v 0.300904 0.115465 0.361661
v 0.379872 0.081171 0.480609
v 0.344480 0.081171 0.498105
v 0.313322 0.086380 0.377364
v 0.211142 0.227768 0.243040
v 0.141347 0.299064 0.151289
v 0.095014 0.324405 0.090381
v 0.102796 0.299064 0.180708
v 0.277863 0.136057 0.330747
v 0.056463 0.324405 0.119800
v 0.274771 0.086380 0.406783
v 0.172592 0.227768 0.272458
v 0.348202 0.081307 0.423315
v 0.355075 0.081171 0.499532
v 0.239312 0.136057 0.360166
v 0.401416 0.025236 0.493841
v 0.318879 0.025372 0.464786
v 0.323755 0.003687 0.467000
v 0.340785 0.097592 0.489286
v 0.357888 0.003687 0.440952
v 0.374540 0.097592 0.463527
v 0.360173 0.007879 0.438951
v 0.321623 0.007879 0.468370
v 0.309651 0.081307 0.452733
v 0.382479 0.081171 0.469107
v 0.366997 0.094518 0.448751
v 0.328999 0.094518 0.477748
v 0.351856 0.011706 0.508121
v 0.390406 0.011706 0.478702
v 0.359238 0.002798 0.504780
v 0.358768 0.098280 0.452855
v 0.333971 0.098280 0.471778
v 0.384035 0.002798 0.485856
v 0.353188 0.005364 0.509342
v 0.391187 0.005364 0.480344
v -0.170502 0.316169 0.107694
v -0.150525 0.220692 0.133871
v -0.109594 0.341510 0.061361
v -0.113138 0.248594 0.056718
v -0.089618 0.246033 0.087538
v -0.084092 0.337639 0.094779
v -0.236873 0.240866 0.211001
v -0.174045 0.223253 0.103050
v -0.145000 0.312298 0.141112
v -0.242398 0.149259 0.203760
v -0.262375 0.244737 0.177583
v -0.265918 0.151820 0.172940
v -0.482764 0.098185 0.345102
v -0.497678 0.002902 0.397893
v -0.328943 0.146155 0.281037
v -0.335126 0.054548 0.274299
v -0.354416 0.150026 0.247596
v -0.358645 0.057109 0.243478
v -0.508271 0.005373 0.405951
v -0.520995 0.005373 0.367266
v -0.458962 0.094392 0.379324
v -0.334440 0.150026 0.273774
v -0.462836 0.098185 0.371216
v -0.242398 0.244737 0.203760
v -0.089618 0.341510 0.087538
v -0.150525 0.316169 0.133871
v -0.170502 0.220692 0.107694
v -0.109594 0.246033 0.061361
v -0.262375 0.149259 0.177583
v -0.517606 0.002902 0.371779
v -0.355102 0.054548 0.248121
v -0.528200 0.005373 0.379837
v -0.526993 0.011593 0.378873
v -0.492309 0.005373 0.404857
v -0.519731 0.011593 0.366010
v -0.507016 0.011593 0.405050
v -0.358760 0.063343 0.243268
v -0.329599 0.057109 0.281539
v -0.266062 0.158054 0.172751
v -0.145000 0.223253 0.141112
v -0.174189 0.229487 0.102862
v -0.236873 0.151820 0.211001
v -0.084092 0.248594 0.094779
v -0.113281 0.254827 0.056529
v 0.161451 0.316169 -0.105440
v 0.141475 0.220692 -0.131617
v 0.100544 0.341510 -0.059107
v 0.104087 0.248594 -0.054464
v 0.080567 0.246033 -0.085284
v 0.075042 0.337639 -0.092525
v 0.227822 0.240866 -0.208747
v 0.164994 0.223253 -0.100797
v 0.135949 0.312298 -0.138858
v 0.233348 0.149259 -0.201507
v 0.253325 0.244737 -0.175329
v 0.256868 0.151820 -0.170686
v 0.480788 0.098185 -0.348244
v 0.492941 0.002902 -0.398921
v 0.320106 0.146155 -0.278945
v 0.326261 0.054548 -0.272187
v 0.345580 0.150026 -0.245506
v 0.349781 0.057109 -0.241366
v 0.499591 0.005373 -0.403979
v 0.516261 0.005373 -0.368296
v 0.456871 0.094392 -0.382378
v 0.325603 0.150026 -0.271683
v 0.460860 0.098185 -0.374358
v 0.233348 0.244737 -0.201507
v 0.080567 0.341510 -0.085284
v 0.141475 0.316169 -0.131617
v 0.161451 0.220692 -0.105440
v 0.100544 0.246033 -0.059107
v 0.253325 0.149259 -0.175329
v 0.512869 0.002902 -0.372807
v 0.346238 0.054548 -0.246010
v 0.519519 0.005373 -0.377865
v 0.518308 0.011593 -0.376898
v 0.487575 0.005373 -0.405886
v 0.515087 0.011593 -0.367110
v 0.498331 0.011593 -0.403076
v 0.349897 0.063343 -0.241157
v 0.320735 0.057109 -0.279427
v 0.257011 0.158054 -0.170498
v 0.135949 0.223253 -0.138858
v 0.165138 0.229487 -0.100608
v 0.227822 0.151820 -0.208747
v 0.075042 0.248594 -0.092525
v 0.104231 0.254827 -0.054275
v -0.113138 0.337639 0.056718
v -0.174045 0.312298 0.103050
v -0.265918 0.240866 0.172940
v -0.357989 0.146155 0.242976
v -0.471927 0.094392 0.378125
v -0.487648 0.094392 0.341734
v -0.491856 0.094392 0.352011
v -0.083862 0.254827 0.095080
v -0.236643 0.158054 0.211302
v -0.144770 0.229487 0.141413
v -0.329341 0.063343 0.281819
v -0.490685 0.011593 0.404072
v -0.427309 0.013666 0.356341
v -0.441426 0.096478 0.306372
v -0.456728 0.013666 0.317790
v -0.428228 0.007432 0.356568
v -0.453747 0.004871 0.323162
v -0.417197 0.100348 0.336650
v -0.412380 0.096478 0.344434
v -0.457274 0.007432 0.318506
v -0.433770 0.004871 0.349339
v -0.437173 0.100348 0.310472
v 0.104087 0.337639 -0.054464
v 0.164994 0.312298 -0.100797
v 0.256868 0.240866 -0.170686
v 0.349151 0.146155 -0.240884
v 0.467213 0.094392 -0.379189
v 0.485557 0.094392 -0.344788
v 0.487141 0.094392 -0.353075
v 0.074812 0.254827 -0.092826
v 0.227592 0.158054 -0.209048
v 0.135719 0.229487 -0.139159
v 0.320478 0.063343 -0.279708
v 0.486042 0.011593 -0.405172
v 0.422578 0.013666 -0.357374
v 0.437360 0.096478 -0.307914
v 0.451998 0.013666 -0.318823
v 0.423468 0.007432 -0.357577
v 0.448986 0.004871 -0.324171
v 0.413162 0.100348 -0.338215
v 0.408315 0.096478 -0.345976
v 0.452513 0.007432 -0.319516
v 0.429009 0.004871 -0.350349
v 0.433138 0.100348 -0.312038
v -0.113625 0.316174 -0.173849
v -0.139803 0.220692 -0.153872
v -0.067292 0.341515 -0.112941
v -0.062649 0.248598 -0.116485
v -0.093470 0.246033 -0.092965
v -0.410405 0.011706 -0.494563
v -0.108982 0.223258 -0.177392
v -0.209692 0.149259 -0.245746
v -0.183515 0.244741 -0.265722
v -0.178871 0.151825 -0.269265
v -0.343170 0.098194 -0.475847
v -0.404645 0.002902 -0.502104
v -0.280266 0.054548 -0.338519
v -0.253385 0.150030 -0.357577
v -0.249445 0.057114 -0.362038
v -0.411941 0.005378 -0.511696
v -0.374008 0.005378 -0.525407
v -0.279562 0.150030 -0.337600
v -0.369284 0.098194 -0.455919
v -0.209692 0.244741 -0.245746
v -0.093470 0.341515 -0.092965
v -0.139803 0.316174 -0.153872
v -0.113625 0.220692 -0.173849
v -0.067292 0.246033 -0.112941
v -0.183515 0.149259 -0.265722
v -0.378531 0.002902 -0.522032
v -0.254089 0.054548 -0.358496
v -0.385827 0.005378 -0.531624
v -0.411598 0.005378 -0.496721
v -0.384402 0.011706 -0.529814
v -0.340125 0.094506 -0.481153
v -0.287506 0.057114 -0.332993
v -0.410579 0.011706 -0.509838
v -0.249226 0.063456 -0.362143
v -0.147044 0.223258 -0.148347
v -0.178683 0.158167 -0.269409
v -0.216933 0.151825 -0.240220
v -0.100711 0.248598 -0.087439
v -0.062461 0.254941 -0.116628
v -0.372343 0.011706 -0.523608
v -0.101012 0.254941 -0.087209
v -0.217234 0.158167 -0.239990
v -0.147345 0.229600 -0.148117
v -0.287777 0.063456 -0.332724
v -0.377716 0.094506 -0.452467
v -0.108794 0.229600 -0.177536
v -0.324333 0.013779 -0.460880
v -0.362884 0.013779 -0.431461
v -0.363310 0.007437 -0.432641
v -0.329909 0.004871 -0.458166
v -0.339101 0.100353 -0.416005
v -0.325248 0.007437 -0.461686
v -0.356087 0.004871 -0.438190
v -0.312924 0.100353 -0.435982
v -0.347049 0.096591 -0.411402
v -0.108982 0.312412 -0.177392
v -0.286833 0.146268 -0.332113
v -0.147044 0.312412 -0.148347
v -0.216933 0.240979 -0.240220
v -0.100711 0.337752 -0.087439
v -0.062649 0.337752 -0.116485
v -0.178871 0.240979 -0.269265
v -0.248771 0.146268 -0.361158
v -0.375322 0.094506 -0.463867
v -0.349208 0.094506 -0.483795
v -0.308987 0.096591 -0.440448
v 0.087535 0.246033 0.096089
v 0.062737 0.341515 0.115012
v 0.406956 0.005378 0.501677
v 0.056714 0.248598 0.119609
v 0.178866 0.244878 0.267670
v 0.103047 0.223258 0.180516
v 0.133867 0.220692 0.156996
v 0.109070 0.316174 0.175919
v 0.306344 0.008008 0.383727
v 0.275523 0.010573 0.407246
v 0.172843 0.151961 0.272267
v 0.203663 0.149396 0.248747
v 0.280928 0.103489 0.401842
v 0.406126 0.005378 0.514978
v 0.369489 0.005378 0.530269
v 0.400061 0.002902 0.507005
v 0.344758 0.098194 0.485936
v 0.369484 0.098194 0.467068
v 0.305725 0.103489 0.382919
v 0.133867 0.316174 0.156996
v 0.203663 0.244878 0.248747
v 0.087535 0.341515 0.096089
v 0.062738 0.246033 0.115012
v 0.109070 0.220692 0.175919
v 0.281547 0.008008 0.402650
v 0.178866 0.149396 0.267670
v 0.381401 0.005378 0.533847
v 0.375336 0.002902 0.525873
v 0.239312 0.066593 0.360166
v 0.380153 0.011706 0.532286
v 0.359644 0.011842 0.438259
v 0.313522 0.010573 0.378248
v 0.404950 0.011706 0.513363
v 0.210841 0.151961 0.243269
v 0.141045 0.223258 0.151518
v 0.172592 0.158303 0.272458
v 0.275245 0.016915 0.407403
v 0.056463 0.254940 0.119800
v 0.094713 0.248598 0.090611
v 0.277863 0.066593 0.330747
v 0.270383 0.057685 0.336455
v 0.239563 0.060250 0.359975
v 0.245586 0.153167 0.355378
v 0.270383 0.153167 0.336455
v 0.245587 0.057685 0.355378
v 0.277562 0.060250 0.330977
v 0.102796 0.229600 0.180708
v 0.313796 0.016915 0.377984
v 0.095014 0.254941 0.090381
v 0.141347 0.229600 0.151289
v 0.211142 0.158303 0.243040
v 0.312929 0.099727 0.377475
v 0.321093 0.011842 0.467678
v 0.374888 0.094506 0.474179
v 0.307700 0.094654 0.449666
v 0.210841 0.241115 0.243269
v 0.141046 0.312412 0.151518
v 0.094713 0.337752 0.090611
v 0.103047 0.312412 0.180516
v 0.277562 0.149404 0.330977
v 0.056714 0.337752 0.119609
v 0.274930 0.099727 0.406472
v 0.172843 0.241115 0.272267
v 0.345699 0.094654 0.420668
v 0.350163 0.094506 0.493047
v 0.239563 0.149404 0.359975
v 0.377657 0.094506 0.463410
v 0.340191 0.094506 0.492002
v 0.367962 0.011706 0.528774
v 0.405960 0.011706 0.499776
v 0.328022 0.002935 0.463744
v 0.337900 0.098417 0.425336
v 0.313103 0.098417 0.444259
v 0.352819 0.002935 0.444821
v 0.321983 0.005500 0.468320
v 0.359981 0.005500 0.439323
v 0.481360 -0.001318 -0.354270
v 0.482213 0.000085 -0.353156
v 0.480246 0.000085 -0.353418
v 0.481963 -0.000907 -0.353483
v 0.481209 -0.000725 -0.353135
v 0.481175 0.000085 -0.352880
v 0.480572 -0.000907 -0.353667
v 0.480246 0.003922 -0.353418
v 0.482213 0.003922 -0.353156
v 0.481175 0.003922 -0.352880
v 0.464226 -0.001318 -0.376649
v 0.463112 0.000085 -0.375796
v 0.463373 0.000085 -0.377763
v 0.463438 -0.000907 -0.376046
v 0.463090 -0.000725 -0.376800
v 0.462835 0.000085 -0.376834
v 0.463622 -0.000907 -0.377437
v 0.463373 0.003922 -0.377763
v 0.463112 0.003922 -0.375796
v 0.462835 0.003922 -0.376834
v 0.509403 -0.001318 -0.375741
v 0.510517 0.000085 -0.376594
v 0.510255 0.000085 -0.374627
v 0.510190 -0.000907 -0.376344
v 0.510538 -0.000725 -0.375591
v 0.510793 0.000085 -0.375557
v 0.510006 -0.000907 -0.374954
v 0.510255 0.003922 -0.374627
v 0.510517 0.003922 -0.376594
v 0.510793 0.003922 -0.375557
v 0.492268 -0.001318 -0.398120
v 0.491415 0.000085 -0.399234
v 0.493382 0.000085 -0.398973
v 0.491665 -0.000907 -0.398908
v 0.492419 -0.000725 -0.399256
v 0.492453 0.000085 -0.399511
v 0.493056 -0.000907 -0.398723
v 0.493382 0.003922 -0.398973
v 0.491415 0.003922 -0.399234
v 0.492453 0.003922 -0.399511
v -0.351599 -0.001318 -0.483315
v -0.350480 0.000085 -0.484161
v -0.350752 0.000085 -0.482196
v -0.350808 -0.000907 -0.483913
v -0.350464 -0.000725 -0.483158
v -0.350209 0.000085 -0.483122
v -0.351000 -0.000907 -0.482524
v -0.350752 0.003922 -0.482196
v -0.350480 0.003922 -0.484161
v -0.350209 0.003922 -0.483122
v -0.374072 -0.001318 -0.466305
v -0.373226 0.000085 -0.465186
v -0.375191 0.000085 -0.465458
v -0.373474 -0.000907 -0.465514
v -0.374229 -0.000725 -0.465170
v -0.374265 0.000085 -0.464915
v -0.374863 -0.000907 -0.465706
v -0.375191 0.003922 -0.465458
v -0.373226 0.003922 -0.465186
v -0.374265 0.003922 -0.464915
v -0.372914 -0.001318 -0.511476
v -0.373761 0.000085 -0.512595
v -0.371795 0.000085 -0.512323
v -0.373513 -0.000907 -0.512267
v -0.372757 -0.000725 -0.512611
v -0.372722 0.000085 -0.512866
v -0.372123 -0.000907 -0.512075
v -0.371795 0.003922 -0.512323
v -0.373761 0.003922 -0.512595
v -0.372722 0.003922 -0.512866
v -0.395387 -0.001318 -0.494466
v -0.396506 0.000085 -0.493619
v -0.396234 0.000085 -0.495585
v -0.396179 -0.000907 -0.493867
v -0.396522 -0.000725 -0.494623
v -0.396777 0.000085 -0.494658
v -0.395986 -0.000907 -0.495257
v -0.396234 0.003922 -0.495585
v -0.396506 0.003922 -0.493619
v -0.396777 0.003922 -0.494658
v -0.483571 -0.001318 0.351247
v -0.484416 0.000085 0.350127
v -0.482451 0.000085 0.350401
v -0.484169 -0.000907 0.350455
v -0.483413 -0.000725 0.350112
v -0.483377 0.000085 0.349857
v -0.482779 -0.000907 0.350649
v -0.482451 0.003922 0.350401
v -0.484416 0.003922 0.350127
v -0.483377 0.003922 0.349857
v -0.466577 -0.001318 0.373733
v -0.465458 0.000085 0.372887
v -0.465731 0.000085 0.374852
v -0.465785 -0.000907 0.373135
v -0.465442 -0.000725 0.373891
v -0.465187 0.000085 0.373926
v -0.465979 -0.000907 0.374524
v -0.465731 0.003922 0.374852
v -0.465458 0.003922 0.372887
v -0.465187 0.003922 0.373926
v -0.511747 -0.001318 0.372541
v -0.512867 0.000085 0.373387
v -0.512593 0.000085 0.371422
v -0.512539 -0.000907 0.373140
v -0.512882 -0.000725 0.372384
v -0.513137 0.000085 0.372348
v -0.512346 -0.000907 0.371750
v -0.512593 0.003922 0.371422
v -0.512867 0.003922 0.373387
v -0.513137 0.003922 0.372348
v -0.494754 -0.001318 0.395027
v -0.493908 0.000085 0.396147
v -0.495873 0.000085 0.395873
v -0.494156 -0.000907 0.395819
v -0.494912 -0.000725 0.396162
v -0.494947 0.000085 0.396417
v -0.495545 -0.000907 0.395625
v -0.495873 0.003922 0.395873
v -0.493908 0.003922 0.396147
v -0.494947 0.003922 0.396417
v 0.347473 -0.001318 0.486289
v 0.346348 0.000085 0.487126
v 0.346636 0.000085 0.485163
v 0.346677 -0.000907 0.486881
v 0.346340 -0.000725 0.486122
v 0.346085 0.000085 0.486085
v 0.346881 -0.000907 0.485493
v 0.346636 0.003922 0.485163
v 0.346348 0.003922 0.487126
v 0.346085 0.003922 0.486085
v 0.370091 -0.001318 0.469471
v 0.369254 0.000085 0.468345
v 0.371217 0.000085 0.468634
v 0.369499 -0.000907 0.468675
v 0.370257 -0.000725 0.468338
v 0.370295 0.000085 0.468083
v 0.370887 -0.000907 0.468879
v 0.371217 0.003922 0.468634
v 0.369254 0.003922 0.468345
v 0.370295 0.003922 0.468083
v 0.368548 -0.001318 0.514631
v 0.369385 0.000085 0.515757
v 0.367422 0.000085 0.515468
v 0.369140 -0.000907 0.515427
v 0.368381 -0.000725 0.515764
v 0.368344 0.000085 0.516019
v 0.367752 -0.000907 0.515223
v 0.367422 0.003922 0.515468
v 0.369385 0.003922 0.515757
v 0.368344 0.003922 0.516019
v 0.391166 -0.001318 0.497813
v 0.392291 0.000085 0.496975
v 0.392003 0.000085 0.498938
v 0.391962 -0.000907 0.497221
v 0.392299 -0.000725 0.497979
v 0.392554 0.000085 0.498017
v 0.391757 -0.000907 0.498609
v 0.392003 0.003922 0.498938
v 0.392291 0.003922 0.496975
v 0.392554 0.003922 0.498017
vn 0.2401 0.3732 -0.8961
vn 0.1211 0.3732 -0.9198
vn 0.0990 0.6515 -0.7522
vn 0.1964 0.6515 -0.7328
vn -0.0000 0.3732 -0.9277
vn -0.0000 0.6515 -0.7587
vn -0.0000 0.9067 -0.4217
vn 0.0550 0.9067 -0.4181
vn 0.1091 0.9067 -0.4073
vn 0.0232 0.9841 -0.1759
vn 0.0459 0.9841 -0.1713
vn -0.0000 0.9841 -0.1774
vn -0.0000 0.9994 -0.0352
vn 0.0046 0.9994 -0.0349
vn 0.0091 0.9994 -0.0340
vn 0.4639 0.3732 -0.8035
vn 0.3550 0.3732 -0.8571
vn 0.2903 0.6515 -0.7009
vn 0.3793 0.6515 -0.6570
vn 0.1614 0.9067 -0.3896
vn 0.2109 0.9067 -0.3652
vn 0.0679 0.9841 -0.1639
vn 0.0887 0.9841 -0.1536
vn 0.0135 0.9994 -0.0325
vn 0.0176 0.9994 -0.0305
vn 0.6560 0.3732 -0.6560
vn 0.5648 0.3732 -0.7360
vn 0.4619 0.6515 -0.6019
vn 0.5364 0.6515 -0.5365
vn 0.2567 0.9067 -0.3346
vn 0.2982 0.9067 -0.2982
vn 0.1080 0.9841 -0.1407
vn 0.1254 0.9841 -0.1254
vn 0.0214 0.9994 -0.0279
vn 0.0249 0.9994 -0.0249
vn 0.8035 0.3732 -0.4639
vn 0.7360 0.3732 -0.5648
vn 0.6019 0.6515 -0.4619
vn 0.6570 0.6515 -0.3793
vn 0.3346 0.9067 -0.2567
vn 0.3652 0.9067 -0.2108
vn 0.1407 0.9841 -0.1080
vn 0.1536 0.9841 -0.0887
vn 0.0279 0.9994 -0.0214
vn 0.0305 0.9994 -0.0176
vn 0.8961 0.3732 -0.2401
vn 0.8571 0.3732 -0.3550
vn 0.7009 0.6515 -0.2903
vn 0.7328 0.6515 -0.1964
vn 0.3896 0.9067 -0.1614
vn 0.4073 0.9067 -0.1091
vn 0.1639 0.9841 -0.0679
vn 0.1713 0.9841 -0.0459
vn 0.0325 0.9994 -0.0135
vn 0.0340 0.9994 -0.0091
vn 0.9278 0.3732 -0.0000
vn 0.9198 0.3732 -0.1211
vn 0.7522 0.6515 -0.0990
vn 0.7587 0.6515 -0.0000
vn 0.4181 0.9067 -0.0550
vn 0.4217 0.9067 -0.0000
vn 0.1759 0.9841 -0.0232
vn 0.1774 0.9841 -0.0000
vn 0.0349 0.9994 -0.0046
vn 0.0352 0.9994 -0.0000
vn 0.8961 0.3732 0.2401
vn 0.9198 0.3732 0.1211
vn 0.7522 0.6515 0.0990
vn 0.7328 0.6515 0.1964
vn 0.4181 0.9067 0.0550
vn 0.4073 0.9067 0.1091
vn 0.1759 0.9841 0.0232
vn 0.1713 0.9841 0.0459
vn 0.0349 0.9994 0.0046
vn 0.0340 0.9994 0.0091
vn 0.8035 0.3732 0.4639
vn 0.8571 0.3732 0.3550
vn 0.7009 0.6515 0.2903
vn 0.6570 0.6515 0.3793
vn 0.3896 0.9067 0.1614
vn 0.3652 0.9067 0.2109
vn 0.1639 0.9841 0.0679
vn 0.1536 0.9841 0.0887
vn 0.0325 0.9994 0.0135
vn 0.0305 0.9994 0.0176
vn 0.6560 0.3732 0.6560
vn 0.7360 0.3732 0.5648
vn 0.6019 0.6515 0.4619
vn 0.5365 0.6515 0.5365
vn 0.3346 0.9067 0.2567
vn 0.2982 0.9067 0.2982
vn 0.1407 0.9841 0.1080
vn 0.1254 0.9841 0.1254
vn 0.0279 0.9994 0.0214
vn 0.0249 0.9994 0.0249
vn 0.4639 0.3732 0.8035
vn 0.5648 0.3732 0.7360
vn 0.4619 0.6515 0.6019
vn 0.3793 0.6515 0.6570
vn 0.2567 0.9067 0.3346
vn 0.2108 0.9067 0.3652
vn 0.1080 0.9841 0.1407
vn 0.0887 0.9841 0.1536
vn 0.0214 0.9994 0.0279
vn 0.0176 0.9994 0.0305
vn 0.2401 0.3732 0.8961
vn 0.3550 0.3732 0.8571
vn 0.2903 0.6515 0.7009
vn 0.1964 0.6515 0.7328
vn 0.1614 0.9067 0.3896
vn 0.1091 0.9067 0.4073
vn 0.0679 0.9841 0.1639
vn 0.0459 0.9841 0.1713
vn 0.0135 0.9994 0.0325
vn 0.0091 0.9994 0.0340
vn -0.0000 0.3732 0.9277
vn 0.1211 0.3732 0.9198
vn 0.0990 0.6515 0.7522
vn -0.0000 0.6515 0.7587
vn 0.0550 0.9067 0.4181
vn -0.0000 0.9067 0.4217
vn 0.0232 0.9841 0.1759
vn -0.0000 0.9841 0.1774
vn 0.0046 0.9994 0.0349
vn -0.0000 0.9994 0.0352
vn -0.2401 0.3732 0.8961
vn -0.1211 0.3732 0.9198
vn -0.0990 0.6515 0.7522
vn -0.1964 0.6515 0.7328
vn -0.0550 0.9067 0.4181
vn -0.1092 0.9067 0.4074
vn -0.0232 0.9841 0.1759
vn -0.0459 0.9841 0.1713
vn -0.0046 0.9994 0.0349
vn -0.0091 0.9994 0.0340
vn -0.4639 0.3732 0.8035
vn -0.3550 0.3732 0.8571
vn -0.2903 0.6515 0.7009
vn -0.3793 0.6515 0.6570
vn -0.1614 0.9067 0.3896
vn -0.2108 0.9067 0.3652
vn -0.0679 0.9841 0.1639
vn -0.0887 0.9841 0.1536
vn -0.0135 0.9994 0.0325
vn -0.0176 0.9994 0.0305
vn -0.6560 0.3732 0.6560
vn -0.5648 0.3732 0.7360
vn -0.4619 0.6515 0.6019
vn -0.5364 0.6515 0.5365
vn -0.2567 0.9067 0.3346
vn -0.2982 0.9067 0.2982
vn -0.1080 0.9841 0.1407
vn -0.1254 0.9841 0.1254
vn -0.0214 0.9994 0.0279
vn -0.0249 0.9994 0.0249
vn -0.8035 0.3732 0.4639
vn -0.7360 0.3732 0.5648
vn -0.6019 0.6515 0.4619
vn -0.6570 0.6515 0.3793
vn -0.3346 0.9067 0.2567
vn -0.3652 0.9067 0.2108
vn -0.1407 0.9841 0.1080
vn -0.1536 0.9841 0.0887
vn -0.0279 0.9994 0.0214
vn -0.0305 0.9994 0.0176
vn -0.8961 0.3732 0.2401
vn -0.8571 0.3732 0.3550
vn -0.7009 0.6515 0.2903
vn -0.7328 0.6515 0.1964
vn -0.3896 0.9067 0.1614
vn -0.4073 0.9067 0.1091
vn -0.1639 0.9841 0.0679
vn -0.1713 0.9841 0.0459
vn -0.0325 0.9994 0.0135
vn -0.0340 0.9994 0.0091
vn -0.9278 0.3732 -0.0000
vn -0.9198 0.3732 0.1211
vn -0.7522 0.6515 0.0990
vn -0.7587 0.6515 -0.0000
vn -0.4181 0.9067 0.0550
vn -0.4218 0.9067 -0.0000
vn -0.1759 0.9841 0.0232
vn -0.1774 0.9841 -0.0000
vn -0.0349 0.9994 0.0046
vn -0.0352 0.9994 -0.0000
vn -0.8961 0.3732 -0.2401
vn -0.9198 0.3732 -0.1211
vn -0.7522 0.6515 -0.0990
vn -0.7328 0.6515 -0.1964
vn -0.4181 0.9067 -0.0550
vn -0.4073 0.9067 -0.1091
vn -0.1759 0.9841 -0.0232
vn -0.1713 0.9841 -0.0459
vn -0.0349 0.9994 -0.0046
vn -0.0340 0.9994 -0.0091
vn -0.8035 0.3732 -0.4639
vn -0.8571 0.3732 -0.3550
vn -0.7009 0.6515 -0.2903
vn -0.6570 0.6515 -0.3793
vn -0.3896 0.9067 -0.1614
vn -0.3652 0.9067 -0.2109
vn -0.1639 0.9841 -0.0679
vn -0.1536 0.9841 -0.0887
vn -0.0325 0.9994 -0.0135
vn -0.0305 0.9994 -0.0176
vn -0.6560 0.3732 -0.6560
vn -0.7360 0.3732 -0.5648
vn -0.6019 0.6515 -0.4619
vn -0.5365 0.6515 -0.5365
vn -0.3346 0.9067 -0.2567
vn -0.2982 0.9067 -0.2982
vn -0.1407 0.9841 -0.1080
vn -0.1254 0.9841 -0.1254
vn -0.0279 0.9994 -0.0214
vn -0.0249 0.9994 -0.0249
vn -0.4639 0.3732 -0.8035
vn -0.5648 0.3732 -0.7360
vn -0.4619 0.6515 -0.6019
vn -0.3793 0.6515 -0.6570
vn -0.2567 0.9067 -0.3346
vn -0.2109 0.9067 -0.3652
vn -0.1080 0.9841 -0.1407
vn -0.0887 0.9841 -0.1536
vn -0.0214 0.9994 -0.0279
vn -0.0176 0.9994 -0.0305
vn -0.2401 0.3732 -0.8961
vn -0.3550 0.3732 -0.8571
vn -0.2903 0.6515 -0.7009
vn -0.1964 0.6515 -0.7328
vn -0.1614 0.9067 -0.3896
vn -0.1091 0.9067 -0.4073
vn -0.0679 0.9841 -0.1639
vn -0.0459 0.9841 -0.1713
vn -0.0135 0.9994 -0.0325
vn -0.0091 0.9994 -0.0340
vn 0.9787 0.2051 -0.0000
vn 0.9704 0.2048 -0.1278
vn 0.9999 -0.0119 -0.0000
vn 0.9914 -0.0119 -0.1305
vn 0.9659 -0.0119 -0.2588
vn 0.9454 0.2049 -0.2533
vn -0.1211 0.3732 -0.9198
vn -0.0990 0.6515 -0.7522
vn -0.0550 0.9067 -0.4181
vn -0.0232 0.9841 -0.1759
vn -0.0046 0.9994 -0.0349
vn -0.0004 1.0000 0.0006
vn -0.0003 1.0000 0.0007
vn -0.0000 1.0000 -0.0000
vn -0.0000 -0.0119 -0.9999
vn 0.1305 -0.0119 -0.9914
vn 0.1192 -0.4073 -0.9055
vn -0.0000 -0.4072 -0.9133
vn 0.2588 -0.0119 -0.9659
vn 0.2364 -0.4072 -0.8822
vn 0.1831 -0.7067 -0.6834
vn 0.0924 -0.7067 -0.7015
vn -0.0000 -0.7067 -0.7075
vn 0.0733 -0.8273 -0.5570
vn -0.0000 -0.8273 -0.5618
vn 0.1454 -0.8273 -0.5426
vn 0.0976 -0.9261 -0.3644
vn 0.0492 -0.9261 -0.3740
vn -0.0000 -0.9261 -0.3773
vn 0.0216 -0.9862 -0.1639
vn -0.0000 -0.9862 -0.1654
vn 0.0428 -0.9862 -0.1597
vn 0.0089 -0.9994 -0.0332
vn 0.0045 -0.9994 -0.0340
vn -0.0000 -0.9994 -0.0343
vn 0.3827 -0.0119 -0.9238
vn 0.3495 -0.4073 -0.8438
vn 0.5000 -0.0119 -0.8660
vn 0.4567 -0.4072 -0.7910
vn 0.3538 -0.7067 -0.6128
vn 0.2708 -0.7067 -0.6537
vn 0.2150 -0.8273 -0.5191
vn 0.2809 -0.8273 -0.4866
vn 0.1886 -0.9261 -0.3267
vn 0.1444 -0.9261 -0.3485
vn 0.0633 -0.9862 -0.1528
vn 0.0827 -0.9862 -0.1432
vn 0.0172 -0.9994 -0.0297
vn 0.0131 -0.9994 -0.0317
vn 0.6087 -0.0119 -0.7933
vn 0.5560 -0.4072 -0.7246
vn 0.7071 -0.0119 -0.7071
vn 0.6458 -0.4072 -0.6458
vn 0.5003 -0.7067 -0.5003
vn 0.4307 -0.7067 -0.5613
vn 0.3420 -0.8273 -0.4457
vn 0.3973 -0.8273 -0.3973
vn 0.2668 -0.9261 -0.2668
vn 0.2297 -0.9261 -0.2993
vn 0.1007 -0.9862 -0.1312
vn 0.1169 -0.9862 -0.1169
vn 0.0243 -0.9994 -0.0243
vn 0.0209 -0.9994 -0.0272
vn 0.7933 -0.0120 -0.6087
vn 0.7246 -0.4073 -0.5560
vn 0.8660 -0.0120 -0.5000
vn 0.7910 -0.4072 -0.4567
vn 0.6128 -0.7067 -0.3538
vn 0.5613 -0.7067 -0.4307
vn 0.4457 -0.8273 -0.3420
vn 0.4865 -0.8273 -0.2809
vn 0.3267 -0.9261 -0.1886
vn 0.2993 -0.9261 -0.2297
vn 0.1312 -0.9862 -0.1007
vn 0.1432 -0.9862 -0.0827
vn 0.0297 -0.9994 -0.0172
vn 0.0272 -0.9994 -0.0209
vn 0.9238 -0.0120 -0.3827
vn 0.8438 -0.4073 -0.3495
vn 0.8822 -0.4072 -0.2364
vn 0.6834 -0.7067 -0.1831
vn 0.6537 -0.7067 -0.2708
vn 0.5190 -0.8273 -0.2150
vn 0.5426 -0.8273 -0.1454
vn 0.3644 -0.9261 -0.0976
vn 0.3485 -0.9261 -0.1444
vn 0.1528 -0.9862 -0.0633
vn 0.1597 -0.9862 -0.0428
vn 0.0332 -0.9994 -0.0089
vn 0.0317 -0.9994 -0.0131
vn 0.9055 -0.4073 -0.1192
vn 0.9133 -0.4072 -0.0000
vn 0.7076 -0.7067 -0.0000
vn 0.7015 -0.7067 -0.0924
vn 0.5570 -0.8273 -0.0733
vn 0.5618 -0.8273 -0.0000
vn 0.3773 -0.9261 -0.0000
vn 0.3740 -0.9261 -0.0492
vn 0.1639 -0.9862 -0.0216
vn 0.1654 -0.9862 -0.0000
vn 0.0343 -0.9994 -0.0000
vn 0.0340 -0.9994 -0.0045
vn 0.9914 -0.0119 0.1305
vn 0.9055 -0.4072 0.1192
vn 0.9659 -0.0119 0.2588
vn 0.8822 -0.4072 0.2364
vn 0.6834 -0.7067 0.1831
vn 0.7015 -0.7067 0.0924
vn 0.5570 -0.8273 0.0733
vn 0.5426 -0.8273 0.1454
vn 0.3644 -0.9261 0.0976
vn 0.3740 -0.9261 0.0492
vn 0.1639 -0.9862 0.0216
vn 0.1597 -0.9862 0.0428
vn 0.0332 -0.9994 0.0089
vn 0.0340 -0.9994 0.0045
vn 0.9238 -0.0119 0.3827
vn 0.8438 -0.4072 0.3495
vn 0.8660 -0.0119 0.5000
vn 0.7910 -0.4072 0.4567
vn 0.6128 -0.7067 0.3538
vn 0.6537 -0.7067 0.2708
vn 0.5190 -0.8273 0.2150
vn 0.4865 -0.8273 0.2809
vn 0.3267 -0.9261 0.1886
vn 0.3485 -0.9261 0.1444
vn 0.1528 -0.9862 0.0633
vn 0.1432 -0.9862 0.0827
vn 0.0297 -0.9994 0.0172
vn 0.0317 -0.9994 0.0131
vn 0.7933 -0.0119 0.6087
vn 0.7246 -0.4072 0.5560
vn 0.7071 -0.0119 0.7071
vn 0.6458 -0.4072 0.6458
vn 0.5003 -0.7067 0.5003
vn 0.5613 -0.7067 0.4307
vn 0.4457 -0.8273 0.3420
vn 0.3973 -0.8273 0.3973
vn 0.2668 -0.9261 0.2668
vn 0.2993 -0.9261 0.2297
vn 0.1312 -0.9862 0.1007
vn 0.1169 -0.9862 0.1169
vn 0.0243 -0.9994 0.0243
vn 0.0272 -0.9994 0.0209
vn 0.6087 -0.0119 0.7933
vn 0.5560 -0.4072 0.7246
vn 0.5000 -0.0120 0.8660
vn 0.4567 -0.4072 0.7910
vn 0.3538 -0.7067 0.6128
vn 0.4307 -0.7067 0.5613
vn 0.3420 -0.8273 0.4457
vn 0.2809 -0.8273 0.4865
vn 0.1886 -0.9261 0.3267
vn 0.2297 -0.9261 0.2993
vn 0.1007 -0.9862 0.1312
vn 0.0827 -0.9862 0.1432
vn 0.0172 -0.9994 0.0297
vn 0.0209 -0.9994 0.0272
vn 0.3827 -0.0120 0.9238
vn 0.3495 -0.4073 0.8438
vn 0.2588 -0.0120 0.9659
vn 0.2364 -0.4072 0.8822
vn 0.1831 -0.7067 0.6834
vn 0.2708 -0.7067 0.6537
vn 0.2150 -0.8273 0.5191
vn 0.1454 -0.8273 0.5427
vn 0.0976 -0.9261 0.3644
vn 0.1444 -0.9261 0.3485
vn 0.0633 -0.9862 0.1528
vn 0.0428 -0.9862 0.1597
vn 0.0089 -0.9994 0.0332
vn 0.0131 -0.9994 0.0317
vn 0.1305 -0.0120 0.9914
vn 0.1192 -0.4073 0.9055
vn -0.0000 -0.0119 0.9999
vn -0.0000 -0.4072 0.9133
vn -0.0000 -0.7067 0.7075
vn 0.0924 -0.7067 0.7015
vn 0.0733 -0.8273 0.5570
vn -0.0000 -0.8273 0.5618
vn -0.0000 -0.9261 0.3773
vn 0.0492 -0.9261 0.3740
vn 0.0216 -0.9862 0.1639
vn -0.0000 -0.9862 0.1654
vn -0.0000 -0.9994 0.0343
vn 0.0045 -0.9994 0.0340
vn -0.1305 -0.0119 0.9914
vn -0.1192 -0.4073 0.9055
vn -0.2588 -0.0119 0.9659
vn -0.2364 -0.4072 0.8822
vn -0.1831 -0.7067 0.6834
vn -0.0924 -0.7067 0.7015
vn -0.0733 -0.8273 0.5570
vn -0.1454 -0.8273 0.5426
vn -0.0976 -0.9261 0.3644
vn -0.0492 -0.9261 0.3740
vn -0.0216 -0.9862 0.1639
vn -0.0428 -0.9862 0.1597
vn -0.0089 -0.9994 0.0332
vn -0.0045 -0.9994 0.0340
vn -0.3826 -0.0119 0.9238
vn -0.3495 -0.4072 0.8438
vn -0.5000 -0.0120 0.8660
vn -0.4567 -0.4072 0.7910
vn -0.3538 -0.7067 0.6128
vn -0.2708 -0.7067 0.6537
vn -0.2150 -0.8273 0.5191
vn -0.2809 -0.8273 0.4865
vn -0.1886 -0.9261 0.3267
vn -0.1444 -0.9261 0.3485
vn -0.0633 -0.9862 0.1528
vn -0.0827 -0.9862 0.1432
vn -0.0172 -0.9994 0.0297
vn -0.0131 -0.9994 0.0317
vn -0.6087 -0.0120 0.7933
vn -0.5560 -0.4072 0.7246
vn -0.7071 -0.0119 0.7071
vn -0.6458 -0.4072 0.6458
vn -0.5003 -0.7067 0.5003
vn -0.4307 -0.7067 0.5613
vn -0.3420 -0.8273 0.4457
vn -0.3972 -0.8273 0.3972
vn -0.2668 -0.9261 0.2668
vn -0.2297 -0.9261 0.2993
vn -0.1007 -0.9862 0.1312
vn -0.1169 -0.9862 0.1169
vn -0.0243 -0.9994 0.0243
vn -0.0209 -0.9994 0.0272
vn -0.7933 -0.0119 0.6087
vn -0.7246 -0.4073 0.5560
vn -0.8660 -0.0119 0.5000
vn -0.7910 -0.4072 0.4567
vn -0.6128 -0.7067 0.3538
vn -0.5613 -0.7067 0.4307
vn -0.4457 -0.8273 0.3420
vn -0.4866 -0.8273 0.2809
vn -0.3267 -0.9261 0.1886
vn -0.2993 -0.9261 0.2297
vn -0.1312 -0.9862 0.1007
vn -0.1432 -0.9862 0.0827
vn -0.0297 -0.9994 0.0172
vn -0.0272 -0.9994 0.0209
vn -0.9238 -0.0119 0.3827
vn -0.8438 -0.4073 0.3495
vn -0.9659 -0.0119 0.2588
vn -0.8822 -0.4072 0.2364
vn -0.6834 -0.7067 0.1831
vn -0.6537 -0.7067 0.2708
vn -0.5190 -0.8273 0.2150
vn -0.5427 -0.8273 0.1454
vn -0.3644 -0.9261 0.0976
vn -0.3485 -0.9261 0.1444
vn -0.1528 -0.9862 0.0633
vn -0.1597 -0.9862 0.0428
vn -0.0332 -0.9994 0.0089
vn -0.0317 -0.9994 0.0131
vn -0.9914 -0.0120 0.1305
vn -0.9055 -0.4072 0.1192
vn -0.9999 -0.0119 -0.0000
vn -0.9133 -0.4072 -0.0000
vn -0.7076 -0.7067 -0.0000
vn -0.7015 -0.7067 0.0924
vn -0.5570 -0.8273 0.0733
vn -0.5618 -0.8273 -0.0000
vn -0.3773 -0.9261 -0.0000
vn -0.3740 -0.9261 0.0492
vn -0.1639 -0.9862 0.0216
vn -0.1654 -0.9862 -0.0000
vn -0.0343 -0.9994 -0.0000
vn -0.0340 -0.9994 0.0045
vn -0.9914 -0.0119 -0.1305
vn -0.9055 -0.4072 -0.1192
vn -0.9659 -0.0119 -0.2588
vn -0.8822 -0.4072 -0.2364
vn -0.6834 -0.7067 -0.1831
vn -0.7015 -0.7067 -0.0924
vn -0.5570 -0.8273 -0.0733
vn -0.5427 -0.8273 -0.1454
vn -0.3644 -0.9261 -0.0976
vn -0.3740 -0.9261 -0.0492
vn -0.1639 -0.9862 -0.0216
vn -0.1597 -0.9862 -0.0428
vn -0.0332 -0.9994 -0.0089
vn -0.0340 -0.9994 -0.0045
vn -0.9238 -0.0119 -0.3827
vn -0.8438 -0.4073 -0.3495
vn -0.8660 -0.0119 -0.5000
vn -0.7910 -0.4072 -0.4567
vn -0.6128 -0.7067 -0.3538
vn -0.6537 -0.7067 -0.2708
vn -0.5191 -0.8273 -0.2150
vn -0.4866 -0.8273 -0.2809
vn -0.3267 -0.9261 -0.1886
vn -0.3485 -0.9261 -0.1444
vn -0.1528 -0.9862 -0.0633
vn -0.1432 -0.9862 -0.0827
vn -0.0297 -0.9994 -0.0172
vn -0.0317 -0.9994 -0.0131
vn -0.7933 -0.0120 -0.6087
vn -0.7246 -0.4072 -0.5560
vn -0.7071 -0.0119 -0.7071
vn -0.6458 -0.4072 -0.6458
vn -0.5003 -0.7067 -0.5003
vn -0.5613 -0.7067 -0.4307
vn -0.4457 -0.8273 -0.3420
vn -0.3973 -0.8273 -0.3973
vn -0.2668 -0.9261 -0.2668
vn -0.2993 -0.9261 -0.2297
vn -0.1312 -0.9862 -0.1007
vn -0.1169 -0.9862 -0.1169
vn -0.0243 -0.9994 -0.0243
vn -0.0272 -0.9994 -0.0209
vn -0.6087 -0.0120 -0.7933
vn -0.5560 -0.4072 -0.7246
vn -0.5000 -0.0120 -0.8660
vn -0.4567 -0.4072 -0.7910
vn -0.3538 -0.7067 -0.6128
vn -0.4307 -0.7067 -0.5613
vn -0.3420 -0.8272 -0.4458
vn -0.2809 -0.8273 -0.4866
vn -0.1886 -0.9261 -0.3267
vn -0.2297 -0.9261 -0.2993
vn -0.1007 -0.9862 -0.1312
vn -0.0827 -0.9862 -0.1432
vn -0.0172 -0.9994 -0.0297
vn -0.0209 -0.9994 -0.0272
vn -0.3827 -0.0120 -0.9238
vn -0.3495 -0.4072 -0.8438
vn -0.2588 -0.0119 -0.9659
vn -0.2364 -0.4072 -0.8822
vn -0.1831 -0.7067 -0.6834
vn -0.2708 -0.7067 -0.6537
vn -0.2150 -0.8273 -0.5191
vn -0.1454 -0.8273 -0.5427
vn -0.0976 -0.9261 -0.3644
vn -0.1444 -0.9261 -0.3485
vn -0.0633 -0.9862 -0.1528
vn -0.0428 -0.9862 -0.1597
vn -0.0089 -0.9994 -0.0332
vn -0.0131 -0.9994 -0.0317
vn -0.1305 -0.0119 -0.9914
vn -0.1192 -0.4073 -0.9055
vn -0.0924 -0.7067 -0.7015
vn -0.0733 -0.8273 -0.5569
vn -0.0492 -0.9261 -0.3740
vn -0.0216 -0.9862 -0.1639
vn -0.0045 -0.9994 -0.0340
vn 0.0004 -1.0000 0.0008
vn 0.0003 -1.0000 0.0008
vn -0.0000 -1.0000 -0.0000
vn -0.9454 0.2048 -0.2533
vn -0.9043 0.2050 -0.3746
vn -0.8477 0.2047 -0.4894
vn -0.9788 0.2050 -0.0000
vn -0.9704 0.2050 -0.1278
vn -0.9454 0.2049 0.2533
vn -0.9704 0.2049 0.1278
vn 0.2533 0.2049 0.9454
vn 0.1278 0.2049 0.9704
vn -0.0000 0.2048 0.9788
vn 0.3746 0.2050 0.9043
vn 0.4894 0.2049 0.8476
vn 0.5958 0.2049 0.7765
vn 0.6921 0.2049 0.6921
vn 0.7765 0.2050 0.5958
vn 0.8476 0.2049 0.4894
vn 0.9043 0.2049 0.3746
vn 0.9454 0.2051 0.2533
vn 0.9704 0.2048 0.1278
vn 0.9043 0.2049 -0.3746
vn 0.8476 0.2051 -0.4894
vn 0.0002 1.0000 -0.0007
vn 0.0001 1.0000 -0.0007
vn 0.0003 1.0000 -0.0007
vn -0.0000 1.0000 -0.0007
vn 0.0004 1.0000 -0.0007
vn 0.0004 1.0000 -0.0006
vn 0.0005 1.0000 -0.0005
vn 0.0006 1.0000 -0.0004
vn 0.0007 1.0000 -0.0004
vn 0.0007 1.0000 -0.0003
vn 0.0007 1.0000 -0.0002
vn 0.0007 1.0000 -0.0001
vn 0.0008 1.0000 -0.0000
vn 0.0007 1.0000 0.0001
vn 0.0007 1.0000 0.0002
vn 0.0007 1.0000 0.0003
vn 0.0007 1.0000 0.0004
vn 0.0006 1.0000 0.0004
vn 0.0005 1.0000 0.0005
vn 0.0004 1.0000 0.0006
vn 0.0004 1.0000 0.0007
vn 0.0003 1.0000 0.0007
vn 0.0002 1.0000 0.0007
vn 0.0001 1.0000 0.0007
vn -0.0000 1.0000 0.0007
vn -0.0001 1.0000 0.0007
vn -0.0002 1.0000 0.0007
vn -0.0005 1.0000 0.0005
vn -0.0006 1.0000 0.0004
vn -0.0007 1.0000 0.0004
vn -0.0007 1.0000 0.0003
vn -0.0007 1.0000 0.0002
vn -0.0007 1.0000 0.0001
vn -0.0008 1.0000 -0.0000
vn -0.0007 1.0000 -0.0001
vn -0.0007 1.0000 -0.0002
vn -0.0007 1.0000 -0.0003
vn -0.0007 1.0000 -0.0004
vn -0.0006 1.0000 -0.0004
vn -0.0005 1.0000 -0.0005
vn -0.0004 1.0000 -0.0006
vn -0.0004 1.0000 -0.0007
vn -0.0003 1.0000 -0.0007
vn -0.0002 1.0000 -0.0007
vn -0.0001 1.0000 -0.0007
vn 0.0001 -1.0000 -0.0009
vn -0.0000 -1.0000 -0.0009
vn 0.0004 -1.0000 -0.0008
vn 0.0003 -1.0000 -0.0008
vn 0.0002 -1.0000 -0.0008
vn 0.0006 -1.0000 -0.0006
vn 0.0005 -1.0000 -0.0007
vn 0.0008 -1.0000 -0.0004
vn 0.0007 -1.0000 -0.0005
vn 0.0008 -1.0000 -0.0002
vn 0.0008 -1.0000 -0.0003
vn 0.0009 -1.0000 -0.0000
vn 0.0009 -1.0000 -0.0001
vn 0.0008 -1.0000 0.0002
vn 0.0008 -1.0000 0.0001
vn 0.0008 -1.0000 0.0004
vn 0.0008 -1.0000 0.0003
vn 0.0006 -1.0000 0.0006
vn 0.0007 -1.0000 0.0005
vn 0.0005 -1.0000 0.0007
vn 0.0002 -1.0000 0.0008
vn 0.0001 -1.0000 0.0009
vn -0.0002 -1.0000 0.0008
vn -0.0001 -1.0000 0.0009
vn -0.0000 -1.0000 0.0009
vn -0.0004 -1.0000 0.0008
vn -0.0003 -1.0000 0.0008
vn -0.0006 -1.0000 0.0006
vn -0.0005 -1.0000 0.0007
vn -0.0008 -1.0000 0.0004
vn -0.0007 -1.0000 0.0005
vn -0.0008 -1.0000 0.0002
vn -0.0008 -1.0000 0.0003
vn -0.0009 -1.0000 -0.0000
vn -0.0009 -1.0000 0.0001
vn -0.0008 -1.0000 -0.0002
vn -0.0008 -1.0000 -0.0001
vn -0.0008 -1.0000 -0.0004
vn -0.0008 -1.0000 -0.0003
vn -0.0006 -1.0000 -0.0006
vn -0.0007 -1.0000 -0.0005
vn -0.0004 -1.0000 -0.0007
vn -0.0005 -1.0000 -0.0007
vn -0.0002 -1.0000 -0.0008
vn -0.0003 -1.0000 -0.0008
vn -0.0001 -1.0000 -0.0008
vn -0.1278 0.2049 0.9704
vn -0.2533 0.2048 0.9454
vn -0.3746 0.2049 0.9043
vn -0.4894 0.2049 0.8476
vn -0.5958 0.2049 0.7765
vn -0.6921 0.2051 0.6921
vn -0.7766 0.2047 0.5959
vn -0.8477 0.2048 0.4894
vn -0.4894 0.2049 -0.8476
vn -0.3746 0.2051 -0.9042
vn -0.2533 0.2049 -0.9454
vn -0.9043 0.2049 0.3746
vn 0.4894 0.2050 -0.8476
vn 0.3746 0.2049 -0.9043
vn 0.2533 0.2050 -0.9454
vn 0.6921 0.2048 -0.6921
vn 0.5958 0.2049 -0.7765
vn 0.7765 0.2049 -0.5958
vn -0.1278 0.2049 -0.9704
vn -0.0000 0.2050 -0.9788
vn -0.7765 0.2049 -0.5958
vn -0.6921 0.2051 -0.6921
vn -0.5958 0.2049 -0.7765
vn 0.1278 0.2050 -0.9704
vn 0.1001 0.9950 -0.0025
vn 0.9070 0.4204 -0.0228
vn 0.8556 0.4204 -0.3020
vn 0.0945 0.9950 -0.0333
vn 0.7204 0.4204 -0.5516
vn 0.9429 0.0131 -0.3328
vn 0.7939 0.0131 -0.6079
vn 0.0960 0.9950 0.0286
vn 0.8697 0.4204 0.2586
vn 0.9996 0.0131 -0.0251
vn 0.0825 0.9950 0.0568
vn 0.7472 0.4204 0.5147
vn 0.9584 0.0131 0.2850
vn 0.0609 0.9950 0.0795
vn 0.5516 0.4204 0.7204
vn 0.8235 0.0131 0.5672
vn 0.0334 0.9950 0.0945
vn 0.3020 0.4204 0.8556
vn 0.6079 0.0131 0.7939
vn 0.0025 0.9950 0.1001
vn 0.0228 0.4204 0.9070
vn 0.3328 0.0131 0.9429
vn -0.0286 0.9950 0.0960
vn -0.2586 0.4204 0.8697
vn 0.0251 0.0131 0.9996
vn -0.0568 0.9950 0.0825
vn -0.5147 0.4204 0.7472
vn -0.2850 0.0131 0.9584
vn -0.0796 0.9950 0.0609
vn -0.7204 0.4204 0.5516
vn -0.5672 0.0131 0.8235
vn -0.0945 0.9950 0.0333
vn -0.8556 0.4204 0.3020
vn -0.7939 0.0131 0.6079
vn -0.1001 0.9950 0.0025
vn -0.9070 0.4204 0.0228
vn -0.9429 0.0131 0.3328
vn -0.0960 0.9950 -0.0286
vn -0.8697 0.4204 -0.2586
vn -0.9996 0.0131 0.0251
vn -0.0825 0.9950 -0.0568
vn -0.7472 0.4204 -0.5147
vn -0.9584 0.0131 -0.2850
vn -0.0609 0.9950 -0.0795
vn -0.5516 0.4204 -0.7204
vn -0.8235 0.0131 -0.5672
vn -0.0334 0.9950 -0.0945
vn -0.3020 0.4204 -0.8556
vn -0.6079 0.0131 -0.7939
vn -0.0025 0.9950 -0.1001
vn -0.0228 0.4204 -0.9070
vn -0.3328 0.0131 -0.9429
vn 0.0285 0.9950 -0.0960
vn 0.2586 0.4204 -0.8697
vn -0.0251 0.0131 -0.9996
vn 0.2850 0.0131 -0.9584
vn -0.0003 0.9999 -0.0109
vn -0.0036 0.9999 -0.0103
vn 0.0569 0.9950 -0.0825
vn 0.5147 0.4204 -0.7472
vn 0.0795 0.9950 -0.0609
vn 0.5672 0.0131 -0.8235
vn -0.7911 -0.0848 0.6057
vn -0.9396 -0.0848 0.3316
vn -0.6983 -0.6720 0.2465
vn -0.5880 -0.6720 0.4502
vn 0.6738 -0.5290 -0.5159
vn 0.3622 -0.8899 -0.2773
vn 0.4302 -0.8899 -0.1518
vn 0.8003 -0.5290 -0.2824
vn 0.3930 -0.8689 -0.3009
vn 0.4668 -0.8689 -0.1647
vn 0.4560 -0.8899 -0.0115
vn 0.8484 -0.5290 -0.0213
vn 0.4948 -0.8689 -0.0124
vn 0.4373 -0.8899 0.1300
vn 0.8134 -0.5290 0.2419
vn 0.4745 -0.8689 0.1411
vn 0.3757 -0.8899 0.2588
vn 0.6989 -0.5290 0.4814
vn 0.4076 -0.8689 0.2808
vn 0.2773 -0.8899 0.3622
vn 0.5159 -0.5290 0.6738
vn 0.3009 -0.8689 0.3930
vn 0.1518 -0.8899 0.4302
vn 0.2824 -0.5290 0.8003
vn 0.1647 -0.8689 0.4668
vn 0.0115 -0.8899 0.4560
vn 0.0213 -0.5290 0.8484
vn 0.0124 -0.8689 0.4948
vn -0.1300 -0.8899 0.4373
vn -0.2419 -0.5290 0.8134
vn -0.1411 -0.8689 0.4745
vn -0.2588 -0.8899 0.3757
vn -0.4814 -0.5290 0.6989
vn -0.2808 -0.8689 0.4076
vn -0.3622 -0.8899 0.2773
vn -0.6738 -0.5290 0.5159
vn -0.3930 -0.8689 0.3009
vn -0.4302 -0.8899 0.1518
vn -0.8003 -0.5290 0.2824
vn -0.4668 -0.8689 0.1647
vn -0.4560 -0.8899 0.0115
vn -0.8484 -0.5290 0.0213
vn -0.4948 -0.8689 0.0124
vn -0.4373 -0.8899 -0.1300
vn -0.8134 -0.5290 -0.2419
vn -0.4745 -0.8689 -0.1411
vn -0.3757 -0.8899 -0.2588
vn -0.6989 -0.5290 -0.4814
vn -0.4076 -0.8689 -0.2808
vn -0.2773 -0.8899 -0.3622
vn -0.5159 -0.5290 -0.6738
vn -0.3009 -0.8689 -0.3930
vn -0.1518 -0.8899 -0.4302
vn -0.2824 -0.5290 -0.8003
vn -0.1647 -0.8689 -0.4668
vn -0.0115 -0.8899 -0.4560
vn -0.0213 -0.5290 -0.8484
vn -0.0124 -0.8689 -0.4948
vn 0.1300 -0.8899 -0.4373
vn 0.2419 -0.5290 -0.8134
vn 0.1411 -0.8689 -0.4745
vn 0.2588 -0.8899 -0.3757
vn 0.4814 -0.5290 -0.6989
vn 0.2808 -0.8689 -0.4076
vn -0.7888 -0.1147 0.6039
vn -0.9368 -0.1147 0.3306
vn 0.9551 -0.0848 0.2840
vn 0.8206 -0.0848 0.5652
vn 0.6099 -0.6720 0.4201
vn 0.7098 -0.6720 0.2111
vn 0.9522 -0.1147 0.2832
vn 0.8181 -0.1147 0.5635
vn 0.2840 -0.0848 -0.9551
vn 0.5653 -0.0848 -0.8206
vn 0.4201 -0.6720 -0.6099
vn 0.2111 -0.6719 -0.7099
vn 0.2832 -0.1147 -0.9522
vn 0.5635 -0.1147 -0.8181
vn -0.9961 -0.0848 0.0250
vn -0.7402 -0.6721 0.0186
vn -0.9931 -0.1147 0.0249
vn 0.6057 -0.0848 0.7911
vn 0.4502 -0.6720 0.5880
vn 0.6039 -0.1147 0.7888
vn 0.7911 -0.0848 -0.6057
vn 0.5881 -0.6719 -0.4502
vn 0.7888 -0.1147 -0.6039
vn -0.9551 -0.0848 -0.2840
vn -0.7098 -0.6720 -0.2111
vn -0.9522 -0.1147 -0.2832
vn 0.3316 -0.0848 0.9396
vn 0.2465 -0.6720 0.6983
vn 0.3306 -0.1147 0.9368
vn -0.8206 -0.0848 -0.5652
vn -0.6099 -0.6720 -0.4201
vn -0.8181 -0.1147 -0.5635
vn 0.0250 -0.0848 0.9961
vn 0.0186 -0.6719 0.7404
vn 0.0249 -0.1147 0.9931
vn -0.6057 -0.0848 -0.7911
vn -0.4502 -0.6720 -0.5880
vn -0.6039 -0.1147 -0.7888
vn -0.2840 -0.0848 0.9551
vn -0.2111 -0.6720 0.7099
vn -0.2832 -0.1147 0.9522
vn 0.9396 -0.0848 -0.3316
vn 0.6983 -0.6720 -0.2465
vn 0.9368 -0.1147 -0.3306
vn -0.3316 -0.0848 -0.9396
vn -0.2465 -0.6720 -0.6984
vn -0.3306 -0.1147 -0.9368
vn -0.5652 -0.0848 0.8206
vn -0.4201 -0.6720 0.6099
vn -0.5635 -0.1147 0.8181
vn 0.9961 -0.0848 -0.0250
vn 0.7404 -0.6719 -0.0186
vn 0.9931 -0.1147 -0.0249
vn -0.0250 -0.0848 -0.9961
vn -0.0186 -0.6720 -0.7403
vn -0.0249 -0.1147 -0.9931
vn 0.0045 -1.0000 -0.0035
vn 0.1494 -0.9821 -0.1144
vn 0.1773 -0.9822 -0.0626
vn 0.0054 -1.0000 -0.0019
vn 0.9430 -0.0000 -0.3328
vn 0.9258 -0.1903 -0.3267
vn 0.7795 -0.1899 -0.5969
vn 0.7940 -0.0000 -0.6079
vn 0.7795 0.1899 -0.5969
vn 0.9258 0.1899 -0.3267
vn 0.6916 0.6797 -0.2441
vn 0.8083 0.5151 -0.2853
vn 0.6806 0.5151 -0.5211
vn 0.5824 0.6797 -0.4459
vn 0.8771 -0.3671 -0.3096
vn 0.7387 -0.3667 -0.5656
vn 0.9997 -0.0000 -0.0251
vn 0.9815 -0.1899 -0.0247
vn 0.8771 0.3673 -0.3095
vn 0.7385 0.3673 -0.5654
vn 0.7332 0.6797 -0.0184
vn 0.8569 0.5151 -0.0215
vn 0.9299 -0.3671 -0.0234
vn 0.8209 -0.4920 -0.2897
vn 0.6912 -0.4920 -0.5292
vn 0.9298 0.3673 -0.0234
vn 0.9814 0.1903 -0.0247
vn 0.6737 -0.6997 -0.2378
vn 0.5673 -0.6997 -0.4343
vn 0.9585 -0.0000 0.2850
vn 0.9410 -0.1903 0.2798
vn 0.7030 0.6797 0.2091
vn 0.8216 0.5151 0.2443
vn 0.8917 -0.3667 0.2652
vn 0.8703 -0.4920 -0.0219
vn 0.8915 0.3674 0.2651
vn 0.9410 0.1903 0.2798
vn 0.7143 -0.6997 -0.0180
vn 0.8343 -0.4924 0.2481
vn 0.7660 0.3673 0.5276
vn 0.8085 0.1903 0.5569
vn 0.6848 -0.6997 0.2036
vn 0.8235 -0.0000 0.5673
vn 0.8085 -0.1899 0.5570
vn 0.6040 0.6797 0.4161
vn 0.7059 0.5151 0.4862
vn 0.7662 -0.3667 0.5278
vn 0.5654 0.3673 0.7385
vn 0.5969 0.1899 0.7795
vn 0.6079 -0.0000 0.7940
vn 0.5968 -0.1903 0.7795
vn 0.4459 0.6797 0.5824
vn 0.5211 0.5151 0.6806
vn 0.5656 -0.3666 0.7387
vn 0.7169 -0.4920 0.4939
vn 0.3328 -0.0000 0.9430
vn 0.3267 -0.1903 0.9258
vn 0.5884 -0.6997 0.4053
vn 0.2441 0.6797 0.6917
vn 0.2853 0.5151 0.8083
vn 0.3096 -0.3668 0.8773
vn 0.5291 -0.4923 0.6911
vn 0.3095 0.3673 0.8771
vn 0.3267 0.1899 0.9258
vn 0.4344 -0.6997 0.5673
vn 0.0184 0.6797 0.7332
vn 0.0215 0.5151 0.8569
vn 0.2897 -0.4923 0.8208
vn 0.0234 0.3673 0.9298
vn 0.0247 0.1903 0.9814
vn 0.2378 -0.6997 0.6737
vn 0.0251 -0.0000 0.9997
vn 0.0247 -0.1903 0.9814
vn 0.0234 -0.3671 0.9299
vn 0.0219 -0.4923 0.8701
vn -0.2651 0.3673 0.8915
vn -0.2798 0.1898 0.9411
vn 0.0180 -0.6997 0.7143
vn -0.2850 -0.0000 0.9585
vn -0.2798 -0.1903 0.9410
vn -0.2091 0.6797 0.7030
vn -0.2443 0.5151 0.8216
vn -0.2651 -0.3671 0.8916
vn -0.5673 -0.0000 0.8235
vn -0.5569 -0.1903 0.8085
vn -0.4161 0.6797 0.6040
vn -0.4862 0.5151 0.7059
vn -0.5277 -0.3671 0.7660
vn -0.2481 -0.4923 0.8343
vn -0.5276 0.3673 0.7660
vn -0.5570 0.1899 0.8085
vn -0.2036 -0.6997 0.6848
vn -0.7940 -0.0000 0.6079
vn -0.7795 -0.1903 0.5968
vn -0.5824 0.6797 0.4459
vn -0.6806 0.5151 0.5211
vn -0.7387 -0.3668 0.5655
vn -0.4938 -0.4924 0.7168
vn -0.7385 0.3672 0.5654
vn -0.7796 0.1898 0.5969
vn -0.4053 -0.6997 0.5884
vn -0.6911 -0.4924 0.5291
vn -0.8771 0.3673 0.3095
vn -0.9258 0.1899 0.3267
vn -0.5673 -0.6997 0.4344
vn -0.9430 -0.0000 0.3328
vn -0.9258 -0.1903 0.3267
vn -0.6917 0.6797 0.2441
vn -0.8083 0.5151 0.2853
vn -0.8774 -0.3666 0.3096
vn -0.8209 -0.4920 0.2897
vn -0.9298 0.3673 0.0234
vn -0.9814 0.1903 0.0247
vn -0.6737 -0.6997 0.2378
vn -0.9997 -0.0000 0.0251
vn -0.9814 -0.1903 0.0247
vn -0.7332 0.6797 0.0184
vn -0.8569 0.5151 0.0215
vn -0.9299 -0.3671 0.0234
vn -0.9585 -0.0000 -0.2850
vn -0.9410 -0.1903 -0.2798
vn -0.7030 0.6797 -0.2091
vn -0.8216 0.5151 -0.2443
vn -0.8916 -0.3671 -0.2651
vn -0.8701 -0.4923 0.0219
vn -0.8915 0.3673 -0.2651
vn -0.9410 0.1903 -0.2798
vn -0.7143 -0.6997 0.0180
vn -0.8235 -0.0000 -0.5673
vn -0.8085 -0.1903 -0.5569
vn -0.6040 0.6797 -0.4161
vn -0.7059 0.5151 -0.4863
vn -0.7660 -0.3671 -0.5277
vn -0.8343 -0.4923 -0.2481
vn -0.7660 0.3673 -0.5276
vn -0.8085 0.1899 -0.5570
vn -0.6848 -0.6997 -0.2036
vn -0.7168 -0.4923 -0.4938
vn -0.5654 0.3673 -0.7385
vn -0.5969 0.1899 -0.7795
vn -0.5884 -0.6997 -0.4053
vn -0.6079 -0.0000 -0.7940
vn -0.5969 -0.1899 -0.7795
vn -0.4459 0.6797 -0.5824
vn -0.5211 0.5151 -0.6806
vn -0.5655 -0.3671 -0.7385
vn -0.3095 0.3673 -0.8771
vn -0.3267 0.1899 -0.9258
vn -0.3328 -0.0000 -0.9430
vn -0.3268 -0.1898 -0.9258
vn -0.2441 0.6797 -0.6917
vn -0.2853 0.5151 -0.8083
vn -0.3096 -0.3671 -0.8771
vn -0.5291 -0.4923 -0.6911
vn -0.0251 -0.0000 -0.9997
vn -0.0247 -0.1903 -0.9814
vn -0.4344 -0.6997 -0.5673
vn -0.0184 0.6797 -0.7332
vn -0.0215 0.5151 -0.8569
vn -0.0234 -0.3668 -0.9300
vn -0.2897 -0.4923 -0.8208
vn -0.0234 0.3674 -0.9298
vn -0.0247 0.1903 -0.9814
vn -0.2378 -0.6997 -0.6737
vn 0.2091 0.6797 -0.7030
vn 0.2443 0.5151 -0.8216
vn -0.0219 -0.4923 -0.8701
vn 0.2651 0.3673 -0.8915
vn 0.2798 0.1903 -0.9410
vn -0.0180 -0.6997 -0.7143
vn 0.2850 -0.0000 -0.9585
vn 0.2798 -0.1903 -0.9410
vn 0.2652 -0.3668 -0.8917
vn 0.2482 -0.4919 -0.8345
vn 0.5276 0.3672 -0.7660
vn 0.5569 0.1903 -0.8085
vn 0.2036 -0.6997 -0.6848
vn 0.5673 -0.0000 -0.8235
vn 0.5570 -0.1899 -0.8085
vn 0.4161 0.6797 -0.6040
vn 0.4862 0.5151 -0.7059
vn 0.5277 -0.3671 -0.7660
vn 0.4938 -0.4924 -0.7168
vn 0.4053 -0.6997 -0.5884
vn 0.1881 -0.9821 -0.0047
vn 0.0057 -1.0000 -0.0001
vn 0.1803 -0.9821 0.0536
vn 0.0054 -1.0000 0.0016
vn 0.1549 -0.9822 0.1067
vn 0.0047 -1.0000 0.0032
vn 0.1144 -0.9821 0.1494
vn 0.0035 -1.0000 0.0045
vn 0.0626 -0.9822 0.1773
vn 0.0019 -1.0000 0.0054
vn 0.0047 -0.9822 0.1880
vn 0.0001 -1.0000 0.0057
vn -0.0536 -0.9822 0.1803
vn -0.0016 -1.0000 0.0054
vn -0.1067 -0.9822 0.1549
vn -0.0032 -1.0000 0.0047
vn -0.1493 -0.9822 0.1143
vn -0.0045 -1.0000 0.0035
vn -0.1773 -0.9822 0.0626
vn -0.0054 -1.0000 0.0019
vn -0.1880 -0.9822 0.0047
vn -0.0057 -1.0000 0.0001
vn -0.1803 -0.9822 -0.0536
vn -0.0054 -1.0000 -0.0016
vn -0.1549 -0.9822 -0.1067
vn -0.0047 -1.0000 -0.0032
vn -0.1144 -0.9821 -0.1494
vn -0.0035 -1.0000 -0.0045
vn -0.0626 -0.9821 -0.1774
vn -0.0019 -1.0000 -0.0054
vn -0.0047 -0.9822 -0.1880
vn -0.0001 -1.0000 -0.0057
vn 0.0536 -0.9822 -0.1803
vn 0.0016 -1.0000 -0.0054
vn 0.1067 -0.9822 -0.1549
vn 0.0032 -1.0000 -0.0047
vn 0.5672 0.0161 -0.8234
vn 0.2850 0.0161 -0.9584
vn 0.0808 0.9963 -0.0285
vn 0.3399 0.9328 -0.1199
vn 0.2862 0.9328 -0.2191
vn 0.0680 0.9963 -0.0521
vn 0.0856 0.9963 -0.0022
vn 0.3603 0.9328 -0.0091
vn 0.0821 0.9963 0.0244
vn 0.3455 0.9328 0.1027
vn 0.0705 0.9963 0.0486
vn 0.2968 0.9328 0.2045
vn 0.0521 0.9963 0.0680
vn 0.2191 0.9328 0.2862
vn 0.0285 0.9963 0.0808
vn 0.1200 0.9328 0.3399
vn 0.0021 0.9963 0.0856
vn 0.0091 0.9328 0.3603
vn -0.0244 0.9963 0.0821
vn -0.1027 0.9328 0.3455
vn -0.0486 0.9963 0.0705
vn -0.2045 0.9328 0.2968
vn -0.0680 0.9963 0.0521
vn -0.2862 0.9328 0.2191
vn -0.0808 0.9963 0.0285
vn -0.3398 0.9328 0.1199
vn -0.0856 0.9963 0.0022
vn -0.3603 0.9328 0.0091
vn -0.0821 0.9963 -0.0244
vn -0.3455 0.9328 -0.1027
vn -0.0705 0.9963 -0.0486
vn -0.2968 0.9328 -0.2044
vn -0.0521 0.9963 -0.0680
vn -0.2191 0.9328 -0.2862
vn -0.0285 0.9963 -0.0808
vn -0.1199 0.9328 -0.3399
vn -0.0022 0.9963 -0.0856
vn -0.0091 0.9328 -0.3603
vn 0.0244 0.9963 -0.0821
vn 0.1027 0.9328 -0.3455
vn 0.0486 0.9963 -0.0705
vn 0.2044 0.9328 -0.2968
vn -0.0251 0.0161 -0.9996
vn 0.7939 0.0161 -0.6078
vn -0.3328 0.0161 -0.9429
vn -0.6078 0.0161 -0.7939
vn -0.8234 0.0161 -0.5672
vn -0.9584 0.0161 -0.2850
vn -0.9996 0.0161 0.0250
vn -0.9429 0.0161 0.3327
vn -0.7939 0.0161 0.6078
vn -0.5672 0.0161 0.8234
vn -0.2850 0.0161 0.9584
vn 0.0251 0.0161 0.9996
vn 0.3328 0.0161 0.9429
vn 0.6079 0.0161 0.7939
vn 0.8234 0.0161 0.5672
vn 0.9584 0.0161 0.2850
vn 0.9996 0.0161 -0.0251
vn 0.9429 0.0161 -0.3328
vn 0.0103 0.9999 -0.0036
vn 0.0087 0.9999 -0.0066
vn 0.0109 0.9999 -0.0003
vn 0.0104 0.9999 0.0031
vn 0.0090 0.9999 0.0062
vn 0.0066 0.9999 0.0086
vn 0.0036 0.9999 0.0103
vn 0.0003 0.9999 0.0109
vn -0.0031 0.9999 0.0104
vn -0.0062 0.9999 0.0090
vn -0.0087 0.9999 0.0066
vn 0.0062 0.9999 -0.0090
vn -0.0103 0.9999 0.0036
vn 0.0031 0.9999 -0.0104
vn -0.0109 0.9999 0.0003
vn -0.0090 0.9999 -0.0062
vn -0.0066 0.9999 -0.0087
vn -0.0104 0.9999 -0.0031
vn 0.7220 0.4161 -0.5528
vn 0.8575 0.4162 -0.3026
vn 0.8843 -0.3474 -0.3121
vn 0.7445 -0.3474 -0.5701
vn 0.9090 0.4162 -0.0228
vn 0.9374 -0.3474 -0.0235
vn 0.8716 0.4162 0.2592
vn 0.8988 -0.3474 0.2673
vn 0.7488 0.4162 0.5158
vn 0.7722 -0.3474 0.5319
vn 0.5528 0.4162 0.7220
vn 0.5700 -0.3474 0.7445
vn 0.3026 0.4162 0.8575
vn 0.3121 -0.3474 0.8843
vn 0.0228 0.4162 0.9090
vn 0.0235 -0.3474 0.9374
vn -0.2592 0.4162 0.8716
vn -0.2673 -0.3474 0.8988
vn -0.5158 0.4162 0.7488
vn -0.5320 -0.3474 0.7722
vn -0.7220 0.4162 0.5528
vn -0.7445 -0.3474 0.5700
vn -0.8575 0.4162 0.3026
vn -0.8843 -0.3474 0.3121
vn -0.9090 0.4162 0.0228
vn -0.9374 -0.3474 0.0235
vn -0.8716 0.4162 -0.2592
vn -0.8988 -0.3474 -0.2673
vn -0.7488 0.4162 -0.5158
vn -0.7722 -0.3474 -0.5319
vn -0.5528 0.4162 -0.7220
vn -0.5701 -0.3474 -0.7445
vn -0.3026 0.4162 -0.8575
vn -0.3121 -0.3474 -0.8843
vn -0.0228 0.4162 -0.9090
vn -0.0235 -0.3474 -0.9374
vn 0.2592 0.4162 -0.8716
vn 0.2673 -0.3474 -0.8988
vn 0.5158 0.4162 -0.7488
vn 0.5320 -0.3474 -0.7722
vn -0.1920 -0.8168 -0.5441
vn -0.0145 -0.8168 -0.5768
vn -0.0095 -0.9262 -0.3770
vn -0.1255 -0.9262 -0.3556
vn -0.0171 -0.7327 -0.6804
vn -0.2265 -0.7327 -0.6418
vn 0.5347 -0.7392 -0.4094
vn 0.6351 -0.7392 -0.2241
vn 0.6929 -0.6783 -0.2445
vn 0.5834 -0.6783 -0.4467
vn -0.5290 0.8279 0.1867
vn -0.5609 0.8278 0.0141
vn 0.5441 -0.8168 -0.1920
vn 0.4581 -0.8168 -0.3507
vn -0.4229 0.8938 0.1492
vn -0.4483 0.8938 0.0113
vn 0.6732 -0.7392 -0.0169
vn 0.7345 -0.6784 -0.0185
vn -0.3273 -0.8168 0.4751
vn -0.4581 -0.8168 0.3507
vn -0.2994 -0.9262 0.2292
vn -0.2139 -0.9262 0.3105
vn 0.5768 -0.8168 -0.0145
vn -0.5404 -0.7327 0.4137
vn -0.3861 -0.7327 0.5604
vn 0.6455 -0.7392 0.1920
vn 0.7043 -0.6783 0.2094
vn 0.5530 -0.8168 0.1645
vn 0.3614 -0.9262 0.1075
vn 0.3769 -0.9262 -0.0095
vn 0.6523 -0.7327 0.1940
vn 0.6804 -0.7327 -0.0171
vn 0.5546 -0.7392 0.3820
vn 0.6051 -0.6783 0.4168
vn -0.4454 0.8279 0.3410
vn 0.4751 -0.8168 0.3273
vn -0.3560 0.8938 0.2726
vn 0.4094 -0.7392 0.5347
vn 0.4467 -0.6783 0.5834
vn -0.3507 -0.8168 -0.4581
vn -0.2292 -0.9262 -0.2994
vn 0.3507 -0.8168 0.4581
vn -0.4137 -0.7327 -0.5404
vn 0.2241 -0.7392 0.6351
vn 0.2445 -0.6783 0.6929
vn -0.3182 0.8279 0.4619
vn 0.1920 -0.8168 0.5441
vn -0.2544 0.8938 0.3693
vn 0.0169 -0.7392 0.6732
vn 0.0185 -0.6783 0.7345
vn -0.1644 -0.8168 0.5530
vn -0.1075 -0.9262 0.3614
vn 0.0145 -0.8168 0.5768
vn -0.1940 -0.7327 0.6523
vn -0.1919 -0.7392 0.6455
vn -0.2094 -0.6784 0.7042
vn 0.3556 -0.9262 -0.1255
vn 0.6418 -0.7327 -0.2265
vn -0.3820 -0.7392 0.5546
vn -0.4168 -0.6783 0.6051
vn -0.1599 0.8279 0.5376
vn -0.1278 0.8938 0.4298
vn -0.5347 -0.7392 0.4094
vn -0.5834 -0.6783 0.4467
vn -0.4751 -0.8168 -0.3273
vn -0.3105 -0.9262 -0.2139
vn -0.5605 -0.7327 -0.3861
vn -0.6351 -0.7392 0.2241
vn -0.6929 -0.6783 0.2445
vn 0.0141 0.8279 0.5608
vn -0.5441 -0.8168 0.1920
vn 0.0113 0.8938 0.4483
vn -0.6732 -0.7392 0.0169
vn -0.7345 -0.6784 0.0185
vn 0.0095 -0.9262 0.3770
vn -0.5768 -0.8168 0.0145
vn 0.0171 -0.7327 0.6803
vn -0.6455 -0.7392 -0.1920
vn -0.7043 -0.6783 -0.2094
vn 0.2994 -0.9262 -0.2292
vn -0.5530 -0.8168 -0.1645
vn 0.5404 -0.7327 -0.4137
vn -0.5546 -0.7392 -0.3820
vn -0.6051 -0.6783 -0.4168
vn 0.1867 0.8278 0.5290
vn 0.1492 0.8938 0.4229
vn -0.4094 -0.7392 -0.5347
vn -0.4467 -0.6783 -0.5834
vn 0.3182 0.8279 -0.4619
vn 0.4454 0.8279 -0.3410
vn 0.2544 0.8938 -0.3693
vn 0.3561 0.8938 -0.2726
vn -0.2241 -0.7392 -0.6351
vn -0.2445 -0.6783 -0.6929
vn -0.3614 -0.9262 -0.1075
vn -0.6523 -0.7327 -0.1940
vn -0.0169 -0.7392 -0.6732
vn -0.0185 -0.6783 -0.7345
vn 0.3410 0.8279 0.4454
vn 0.2726 0.8938 0.3561
vn 0.1920 -0.7392 -0.6455
vn 0.2094 -0.6783 -0.7043
vn 0.1255 -0.9262 0.3555
vn 0.1645 -0.8168 -0.5530
vn 0.2265 -0.7327 0.6418
vn 0.3820 -0.7392 -0.5546
vn 0.4168 -0.6783 -0.6051
vn 0.1599 0.8278 -0.5378
vn 0.3273 -0.8168 -0.4751
vn 0.1278 0.8938 -0.4298
vn 0.8627 0.4039 -0.3044
vn 0.7264 0.4039 -0.5561
vn 0.9145 0.4039 -0.0230
vn 0.5605 -0.7327 0.3861
vn 0.8769 0.4039 0.2608
vn 0.4137 -0.7327 0.5404
vn 0.7534 0.4039 0.5190
vn 0.5561 0.4039 0.7264
vn 0.3045 0.4039 0.8627
vn 0.0230 0.4039 0.9145
vn -0.2608 0.4039 0.8769
vn -0.5190 0.4039 0.7534
vn -0.6418 -0.7327 0.2265
vn -0.7264 0.4039 0.5561
vn -0.6803 -0.7327 0.0171
vn -0.8627 0.4039 0.3045
vn -0.9145 0.4039 0.0230
vn -0.8769 0.4039 -0.2608
vn -0.7534 0.4039 -0.5190
vn -0.5561 0.4039 -0.7264
vn -0.3045 0.4039 -0.8627
vn 0.1940 -0.7327 -0.6523
vn -0.0230 0.4039 -0.9145
vn 0.3861 -0.7327 -0.5604
vn 0.2608 0.4039 -0.8769
vn 0.5190 0.4039 -0.7534
vn -0.5377 0.8278 -0.1599
vn -0.4298 0.8938 -0.1278
vn 0.3105 -0.9262 0.2139
vn -0.3556 -0.9262 0.1255
vn -0.4620 0.8278 -0.3183
vn -0.3693 0.8938 -0.2544
vn 0.1075 -0.9262 -0.3614
vn 0.5290 0.8278 -0.1867
vn 0.4229 0.8938 -0.1492
vn -0.3411 0.8278 -0.4455
vn -0.2726 0.8938 -0.3561
vn 0.2292 -0.9262 0.2994
vn 0.5608 0.8278 -0.0141
vn 0.4483 0.8938 -0.0113
vn -0.3770 -0.9262 0.0095
vn -0.1867 0.8279 -0.5290
vn -0.1492 0.8938 -0.4229
vn 0.2139 -0.9262 -0.3105
vn 0.5377 0.8279 0.1599
vn 0.4298 0.8938 0.1278
vn -0.0141 0.8278 -0.5608
vn -0.0113 0.8938 -0.4483
vn 0.4620 0.8278 0.3183
vn 0.3693 0.8938 0.2544
vn 0.3102 0.9205 -0.2375
vn 0.3684 0.9205 -0.1300
vn 0.5309 0.8264 -0.1874
vn 0.4470 0.8264 -0.3423
vn 0.8626 0.4040 -0.3044
vn 0.7263 0.4040 -0.5561
vn -0.1429 -0.9678 0.2074
vn -0.2877 -0.8619 0.4176
vn -0.4026 -0.8619 0.3083
vn -0.2000 -0.9678 0.1531
vn -0.5183 -0.4066 0.7524
vn -0.7254 -0.4066 0.5554
vn -0.3745 0.9205 -0.1114
vn -0.3217 0.9205 -0.2216
vn -0.4637 0.8264 -0.3194
vn -0.5397 0.8264 -0.1605
vn -0.7533 0.4040 -0.5189
vn -0.8768 0.4040 -0.2607
vn 0.2518 -0.9678 -0.0063
vn 0.5069 -0.8619 -0.0127
vn 0.4861 -0.8619 0.1445
vn 0.2414 -0.9678 0.0718
vn 0.9133 -0.4066 -0.0229
vn 0.8757 -0.4066 0.2604
vn -0.3906 0.9205 0.0098
vn -0.5628 0.8264 0.0141
vn -0.9145 0.4040 0.0230
vn -0.1531 -0.9678 -0.2000
vn -0.3083 -0.8619 -0.4026
vn -0.1688 -0.8619 -0.4782
vn -0.0838 -0.9678 -0.2375
vn -0.5554 -0.4066 -0.7254
vn -0.3040 -0.4066 -0.8615
vn -0.0718 -0.9678 0.2414
vn -0.1445 -0.8619 0.4861
vn -0.2604 -0.4066 0.8757
vn -0.3684 0.9205 0.1300
vn -0.5309 0.8264 0.1874
vn -0.8626 0.4040 0.3044
vn 0.2375 -0.9678 -0.0838
vn 0.4782 -0.8619 -0.1688
vn 0.8615 -0.4066 -0.3041
vn -0.3102 0.9205 0.2375
vn -0.4470 0.8264 0.3423
vn -0.7263 0.4040 0.5561
vn -0.2074 -0.9678 -0.1429
vn -0.4176 -0.8619 -0.2877
vn -0.7524 -0.4066 -0.5183
vn 0.0063 -0.9678 0.2518
vn 0.0127 -0.8619 0.5069
vn 0.0229 -0.4066 0.9133
vn -0.2216 0.9205 0.3217
vn -0.3194 0.8264 0.4637
vn -0.5189 0.4040 0.7533
vn 0.2000 -0.9678 -0.1531
vn 0.4026 -0.8619 -0.3083
vn 0.7254 -0.4066 -0.5554
vn -0.1114 0.9205 0.3745
vn -0.1605 0.8264 0.5397
vn -0.2607 0.4040 0.8768
vn -0.2414 -0.9678 -0.0718
vn -0.4861 -0.8619 -0.1445
vn -0.8757 -0.4066 -0.2604
vn 0.0838 -0.9678 0.2375
vn 0.1688 -0.8619 0.4782
vn 0.3041 -0.4066 0.8615
vn 0.0098 0.9205 0.3906
vn 0.0141 0.8264 0.5628
vn 0.0229 0.4040 0.9145
vn 0.1429 -0.9678 -0.2074
vn 0.2877 -0.8619 -0.4176
vn 0.5183 -0.4066 -0.7524
vn 0.1300 0.9205 0.3684
vn 0.1874 0.8264 0.5309
vn 0.3044 0.4040 0.8626
vn 0.9145 0.4040 -0.0230
vn 0.8768 0.4040 0.2607
vn 0.7533 0.4040 0.5189
vn 0.5561 0.4040 0.7263
vn 0.7524 -0.4066 0.5183
vn 0.5554 -0.4066 0.7254
vn -0.8615 -0.4066 0.3041
vn -0.9133 -0.4066 0.0229
vn -0.5561 0.4040 -0.7263
vn -0.3044 0.4040 -0.8626
vn -0.0230 0.4040 -0.9145
vn 0.2607 0.4040 -0.8768
vn -0.0229 -0.4066 -0.9133
vn 0.5189 0.4040 -0.7533
vn 0.2604 -0.4066 -0.8757
vn -0.0127 -0.8619 -0.5069
vn -0.0063 -0.9678 -0.2518
vn -0.2375 0.9205 -0.3102
vn -0.3423 0.8264 -0.4470
vn 0.3906 0.9205 -0.0098
vn 0.5628 0.8264 -0.0141
vn 0.4176 -0.8619 0.2877
vn 0.2074 -0.9678 0.1429
vn -0.1300 0.9205 -0.3684
vn -0.1874 0.8264 -0.5309
vn -0.4782 -0.8619 0.1688
vn -0.2375 -0.9678 0.0838
vn 0.3745 0.9205 0.1114
vn 0.5397 0.8264 0.1605
vn 0.1445 -0.8619 -0.4861
vn 0.0718 -0.9678 -0.2414
vn -0.0098 0.9205 -0.3906
vn -0.0141 0.8264 -0.5628
vn 0.3217 0.9205 0.2216
vn 0.4637 0.8264 0.3194
vn 0.3083 -0.8619 0.4026
vn 0.1531 -0.9678 0.2000
vn 0.1114 0.9205 -0.3745
vn 0.1605 0.8264 -0.5397
vn -0.5069 -0.8619 0.0127
vn -0.2518 -0.9678 0.0063
vn 0.2375 0.9205 0.3102
vn 0.3423 0.8264 0.4470
vn 0.2216 0.9205 -0.3217
vn 0.3194 0.8264 -0.4637
vn 0.9068 0.2743 -0.3200
vn 0.7636 0.2743 -0.5846
vn 0.9614 0.2743 -0.0242
vn 0.9218 0.2743 0.2741
vn 0.7919 0.2743 0.5455
vn 0.5846 0.2743 0.7636
vn 0.3200 0.2743 0.9068
vn 0.0242 0.2743 0.9614
vn -0.2741 0.2743 0.9218
vn -0.5455 0.2743 0.7919
vn -0.7636 0.2743 0.5846
vn -0.9068 0.2743 0.3200
vn -0.9614 0.2743 0.0241
vn -0.9218 0.2743 -0.2741
vn -0.7919 0.2743 -0.5455
vn -0.5846 0.2743 -0.7636
vn -0.3200 0.2743 -0.9068
vn -0.0242 0.2743 -0.9614
vn 0.2741 0.2743 -0.9218
vn 0.5455 0.2743 -0.7919
vn -0.7299 -0.6777 0.0894
vn -0.0077 -1.0000 0.0009
vn -0.0074 -1.0000 0.0026
vn -0.6936 -0.6779 0.2437
vn 0.8531 -0.0125 -0.5216
vn 0.9429 -0.0125 -0.3328
vn 0.9225 -0.2073 -0.3256
vn 0.8347 -0.2072 -0.5102
vn 0.9915 -0.0125 -0.1295
vn 0.9701 -0.2072 -0.1267
vn 0.9968 -0.0125 0.0795
vn 0.9752 -0.2070 0.0778
vn 0.9584 -0.0125 0.2850
vn 0.9378 -0.2067 0.2789
vn 0.8782 -0.0125 0.4781
vn 0.8594 -0.2064 0.4678
vn 0.7597 -0.0125 0.6502
vn 0.7434 -0.2060 0.6363
vn 0.6079 -0.0125 0.7939
vn 0.5949 -0.2055 0.7771
vn 0.4295 -0.0125 0.9030
vn 0.4204 -0.2050 0.8839
vn 0.2324 -0.0125 0.9725
vn 0.2275 -0.2044 0.9521
vn 0.0251 -0.0125 0.9996
vn 0.0246 -0.2039 0.9787
vn -0.1833 -0.0125 0.9830
vn -0.1794 -0.2034 0.9625
vn -0.3836 -0.0125 0.9234
vn -0.3757 -0.2030 0.9043
vn -0.5668 -0.0125 0.8238
vn -0.5550 -0.2026 0.8068
vn -0.7175 -0.0125 0.6964
vn -0.7028 -0.2023 0.6821
vn -0.9925 -0.0126 0.1215
vn -0.9955 -0.0125 -0.0934
vn -0.9750 -0.2023 -0.0915
vn -0.9720 -0.2024 0.1190
vn -0.9582 -0.0125 -0.2858
vn -0.9384 -0.2026 -0.2799
vn -0.8782 -0.0125 -0.4781
vn -0.8600 -0.2030 -0.4681
vn -0.7597 -0.0125 -0.6502
vn -0.7438 -0.2034 -0.6367
vn -0.6079 -0.0125 -0.7939
vn -0.5951 -0.2039 -0.7773
vn -0.4295 -0.0125 -0.9030
vn -0.4205 -0.2044 -0.8840
vn -0.2324 -0.0125 -0.9725
vn -0.2275 -0.2049 -0.9520
vn -0.0251 -0.0125 -0.9996
vn -0.0246 -0.2055 -0.9784
vn 0.1833 -0.0125 -0.9830
vn 0.1794 -0.2060 -0.9620
vn 0.3836 -0.0125 -0.9234
vn 0.3754 -0.2064 -0.9036
vn 0.5672 -0.0125 -0.8235
vn 0.5550 -0.2067 -0.8057
vn 0.7261 -0.0125 -0.6875
vn 0.7104 -0.2070 -0.6727
vn 0.0070 -1.0000 -0.0036
vn 0.0057 -1.0000 -0.0054
vn 0.0076 -1.0000 -0.0020
vn 0.0079 -1.0000 -0.0004
vn 0.0078 -1.0000 0.0013
vn 0.0073 -1.0000 0.0028
vn 0.0066 -1.0000 0.0043
vn 0.0056 -1.0000 0.0055
vn 0.0044 -1.0000 0.0065
vn 0.0031 -1.0000 0.0072
vn 0.0016 -1.0000 0.0077
vn 0.0001 -1.0000 0.0079
vn -0.0014 -1.0000 0.0077
vn -0.0028 -1.0000 0.0073
vn -0.0041 -1.0000 0.0067
vn -0.0036 -1.0000 0.0076
vn -0.0062 -1.0000 0.0048
vn -0.8491 -0.0045 0.5282
vn -0.9434 -0.0045 0.3316
vn -0.9434 -0.0126 0.3315
vn -0.8491 -0.0126 0.5281
vn -0.0076 -1.0000 -0.0027
vn -0.0076 -1.0000 -0.0018
vn -0.0072 -1.0000 -0.0032
vn -0.0063 -1.0000 -0.0047
vn -0.0051 -1.0000 -0.0059
vn -0.0037 -1.0000 -0.0069
vn -0.0020 -1.0000 -0.0076
vn -0.0003 -1.0000 -0.0078
vn 0.0015 -1.0000 -0.0077
vn 0.0032 -1.0000 -0.0072
vn 0.0047 -1.0000 -0.0063
vn 0.5180 -0.7008 -0.4905
vn 0.4054 -0.6995 -0.5885
vn 0.3837 -0.0045 -0.9235
vn 0.5673 -0.0045 -0.8235
vn 0.2748 -0.6979 -0.6614
vn 0.1833 -0.0045 -0.9831
vn 0.1316 -0.6958 -0.7060
vn -0.0251 -0.0045 -0.9997
vn -0.0181 -0.6936 -0.7202
vn -0.2324 -0.0045 -0.9726
vn -0.1680 -0.6911 -0.7030
vn -0.4295 -0.0045 -0.9030
vn -0.3115 -0.6885 -0.6549
vn -0.6079 -0.0045 -0.7940
vn -0.4423 -0.6860 -0.5777
vn -0.7597 -0.0045 -0.6502
vn -0.5544 -0.6837 -0.4746
vn -0.8783 -0.0045 -0.4781
vn -0.6427 -0.6815 -0.3499
vn -0.9583 -0.0045 -0.2856
vn -0.7028 -0.6798 -0.2097
vn -0.9956 -0.0045 -0.0934
vn -0.7316 -0.6783 -0.0687
vn -0.9926 -0.0045 0.1216
vn -0.5669 -0.0045 0.8238
vn -0.7176 -0.0045 0.6965
vn -0.5273 -0.6783 0.5118
vn -0.4157 -0.6798 0.6042
vn -0.3837 -0.0045 0.9235
vn -0.2807 -0.6816 0.6758
vn -0.1833 -0.0045 0.9831
vn -0.1337 -0.6837 0.7174
vn 0.0251 -0.0045 0.9997
vn 0.0183 -0.6861 0.7273
vn 0.2324 -0.0045 0.9726
vn 0.1685 -0.6886 0.7053
vn 0.4295 -0.0045 0.9030
vn 0.3104 -0.6912 0.6526
vn 0.6079 -0.0045 0.7940
vn 0.4379 -0.6936 0.5719
vn 0.7597 -0.0045 0.6502
vn 0.5456 -0.6959 0.4670
vn 0.8783 -0.0045 0.4781
vn 0.6290 -0.6979 0.3424
vn 0.9585 -0.0045 0.2850
vn 0.6849 -0.6995 0.2037
vn 0.9968 -0.0045 0.0795
vn 0.7111 -0.7008 0.0567
vn 0.9916 -0.0045 -0.1295
vn 0.7066 -0.7015 -0.0923
vn 0.9430 -0.0045 -0.3328
vn 0.6718 -0.7018 -0.2371
vn 0.6080 -0.7015 -0.3717
vn -0.6244 -0.6778 0.3884
vn 0.8532 -0.0045 -0.5216
vn -0.9239 -0.2026 0.3246
vn -0.8316 -0.2024 0.5172
vn 0.7261 -0.0045 -0.6876
vn -0.1250 -0.3564 0.9259
vn -0.1336 -0.0539 0.9896
vn -0.4328 -0.0539 0.8999
vn -0.4050 -0.3564 0.8420
vn -0.6897 -0.0539 0.7221
vn -0.4335 -0.0037 0.9012
vn -0.6907 -0.0037 0.7231
vn 0.1672 -0.3564 0.9192
vn 0.1787 -0.0539 0.9824
vn -0.1338 -0.0038 0.9910
vn 0.4431 -0.3564 0.8226
vn 0.4736 -0.0539 0.8791
vn 0.1790 -0.0038 0.9838
vn 0.6756 -0.3564 0.6454
vn 0.7221 -0.0539 0.6897
vn 0.4743 -0.0037 0.8804
vn 0.7231 -0.0038 0.6907
vn 0.8420 -0.3564 0.4050
vn 0.8999 -0.0539 0.4328
vn 0.9259 -0.3564 0.1250
vn 0.9896 -0.0539 0.1336
vn 0.9012 -0.0037 0.4335
vn 0.9192 -0.3564 -0.1672
vn 0.9824 -0.0539 -0.1787
vn 0.9910 -0.0037 0.1338
vn 0.8226 -0.3564 -0.4431
vn 0.8791 -0.0539 -0.4736
vn 0.9838 -0.0038 -0.1790
vn 0.6454 -0.3564 -0.6756
vn 0.6897 -0.0539 -0.7221
vn 0.8804 -0.0038 -0.4743
vn 0.4050 -0.3564 -0.8420
vn 0.4328 -0.0539 -0.8999
vn 0.6907 -0.0038 -0.7231
vn 0.1250 -0.3564 -0.9259
vn 0.1336 -0.0539 -0.9896
vn 0.4335 -0.0038 -0.9012
vn -0.1672 -0.3564 -0.9192
vn -0.1787 -0.0539 -0.9824
vn 0.1338 -0.0038 -0.9910
vn -0.4431 -0.3564 -0.8226
vn -0.4736 -0.0539 -0.8791
vn -0.1790 -0.0038 -0.9838
vn -0.6756 -0.3564 -0.6454
vn -0.7221 -0.0539 -0.6897
vn -0.4743 -0.0038 -0.8804
vn -0.7231 -0.0038 -0.6907
vn -0.8420 -0.3564 -0.4050
vn -0.8999 -0.0539 -0.4328
vn -0.9259 -0.3564 -0.1250
vn -0.9896 -0.0539 -0.1336
vn -0.9012 -0.0037 -0.4335
vn -0.9192 -0.3564 0.1672
vn -0.9824 -0.0539 0.1787
vn -0.9910 -0.0037 -0.1338
vn -0.9838 -0.0038 0.1790
vn -0.8226 -0.3564 0.4431
vn -0.8791 -0.0539 0.4736
vn -0.6454 -0.3564 0.6756
vn -0.8804 -0.0038 0.4743
vn 0.4296 -0.1337 -0.8931
vn 0.4324 0.0689 -0.8990
vn 0.6891 0.0689 -0.7214
vn 0.6845 -0.1336 -0.7166
vn 0.3958 0.4078 -0.8228
vn 0.6307 0.4078 -0.6602
vn -0.1666 0.9705 0.1744
vn -0.1618 0.9722 0.1694
vn -0.1015 0.9722 0.2111
vn -0.1045 0.9705 0.2173
vn -0.3122 0.8921 0.3268
vn -0.1959 0.8921 0.4072
vn -0.0313 0.9722 0.2321
vn -0.0323 0.9705 0.2390
vn -0.0605 0.8921 0.4478
vn 0.0420 0.9721 0.2309
vn 0.0432 0.9705 0.2373
vn 0.0809 0.8921 0.4446
vn 0.1111 0.9722 0.2062
vn 0.1144 0.9705 0.2123
vn 0.2143 0.8921 0.3978
vn 0.1744 0.9705 0.1666
vn 0.1697 0.9721 0.1621
vn 0.2114 0.9721 0.1017
vn 0.2173 0.9705 0.1045
vn 0.3267 0.8921 0.3121
vn 0.4072 0.8921 0.1959
vn 0.2321 0.9722 0.0313
vn 0.2390 0.9705 0.0323
vn 0.4478 0.8921 0.0605
vn 0.2308 0.9721 -0.0420
vn 0.2373 0.9705 -0.0432
vn 0.4446 0.8921 -0.0809
vn 0.2068 0.9720 -0.1114
vn 0.2123 0.9705 -0.1144
vn 0.3978 0.8921 -0.2143
vn 0.1621 0.9721 -0.1697
vn 0.1666 0.9705 -0.1744
vn 0.3121 0.8921 -0.3267
vn 0.1017 0.9721 -0.2114
vn 0.1045 0.9705 -0.2173
vn 0.1959 0.8921 -0.4072
vn 0.0313 0.9722 -0.2321
vn 0.0323 0.9705 -0.2390
vn 0.0605 0.8921 -0.4478
vn -0.0420 0.9721 -0.2309
vn -0.0432 0.9705 -0.2373
vn -0.0809 0.8921 -0.4446
vn -0.1113 0.9721 -0.2066
vn -0.1144 0.9705 -0.2123
vn -0.2143 0.8921 -0.3978
vn -0.1744 0.9705 -0.1666
vn -0.1697 0.9721 -0.1621
vn -0.2114 0.9721 -0.1017
vn -0.2174 0.9705 -0.1045
vn -0.3268 0.8921 -0.3121
vn -0.4072 0.8921 -0.1959
vn -0.2327 0.9720 -0.0314
vn -0.2390 0.9705 -0.0323
vn -0.4478 0.8921 -0.0605
vn -0.2304 0.9722 0.0419
vn -0.2373 0.9705 0.0432
vn -0.4446 0.8921 0.0809
vn -0.2065 0.9721 0.1112
vn -0.2123 0.9705 0.1144
vn -0.3978 0.8921 0.2143
vn 0.4700 -0.1338 0.8725
vn 0.4731 0.0689 0.8783
vn 0.1786 0.0689 0.9815
vn 0.1774 -0.1339 0.9750
vn 0.4330 0.4078 0.8038
vn 0.1634 0.4078 0.8983
vn -0.8725 -0.1339 0.4700
vn -0.8783 0.0687 0.4731
vn -0.9815 0.0688 0.1786
vn -0.9750 -0.1339 0.1774
vn -0.8038 0.4078 0.4330
vn -0.8983 0.4078 0.1634
vn 0.1326 -0.1337 -0.9821
vn 0.1335 0.0690 -0.9886
vn 0.1222 0.4079 -0.9048
vn -0.6845 -0.1340 0.7166
vn -0.6891 0.0689 0.7214
vn -0.6307 0.4078 0.6602
vn -0.1774 -0.1337 -0.9750
vn -0.1786 0.0689 -0.9815
vn -0.1634 0.4078 -0.8983
vn 0.8931 -0.1337 0.4296
vn 0.8990 0.0690 0.4324
vn 0.7214 0.0689 0.6891
vn 0.7166 -0.1337 0.6845
vn 0.8228 0.4078 0.3958
vn 0.6602 0.4078 0.6307
vn -0.4700 -0.1337 -0.8725
vn -0.4731 0.0689 -0.8783
vn -0.4330 0.4078 -0.8038
vn 0.9821 -0.1337 0.1326
vn 0.9886 0.0690 0.1335
vn 0.9048 0.4078 0.1222
vn 0.9750 -0.1337 -0.1774
vn 0.9815 0.0690 -0.1786
vn 0.8983 0.4078 -0.1634
vn -0.4296 -0.1339 0.8930
vn -0.4324 0.0688 0.8990
vn -0.3958 0.4078 0.8228
vn -0.8931 -0.1339 -0.4296
vn -0.8990 0.0689 -0.4324
vn -0.7214 0.0689 -0.6891
vn -0.7166 -0.1338 -0.6845
vn -0.8228 0.4078 -0.3958
vn -0.6602 0.4078 -0.6307
vn 0.8725 -0.1336 -0.4700
vn 0.8783 0.0689 -0.4731
vn 0.8038 0.4078 -0.4330
vn -0.1326 -0.1339 0.9821
vn -0.1335 0.0690 0.9887
vn -0.1222 0.4078 0.9048
vn -0.9821 -0.1339 -0.1326
vn -0.9887 0.0690 -0.1335
vn -0.9048 0.4078 -0.1222
vn -0.6907 -0.0000 0.7231
vn -0.8804 -0.0000 0.4743
vn -0.7453 -0.3448 0.5706
vn -0.5325 -0.3448 0.7730
vn -0.5582 -0.1786 0.8103
vn -0.7813 -0.1785 0.5982
vn -0.6987 0.4751 0.5349
vn -0.4992 0.4751 0.7247
vn -0.4562 0.5943 0.6623
vn -0.6385 0.5943 0.4889
vn -0.5673 0.0006 0.8235
vn -0.5578 0.1825 0.8097
vn -0.7807 0.1825 0.5977
vn -0.7940 0.0006 0.6079
vn -0.0096 -0.9999 0.0139
vn -0.0820 -0.9895 0.1191
vn -0.1148 -0.9895 0.0879
vn -0.0134 -0.9999 0.0102
vn -0.5311 0.3514 0.7710
vn -0.7433 0.3515 0.5691
vn -0.2850 0.0010 0.9585
vn -0.2803 0.1825 0.9424
vn -0.3592 -0.7740 0.5214
vn -0.5027 -0.7740 0.3849
vn -0.0048 -0.9999 0.0161
vn -0.0412 -0.9895 0.1386
vn -0.2669 0.3514 0.8974
vn -0.2508 0.4751 0.8435
vn -0.1805 -0.7740 0.6069
vn -0.2676 -0.3448 0.8997
vn -0.2805 -0.1785 0.9431
vn -0.2292 0.5943 0.7709
vn 0.0251 0.0006 0.9997
vn 0.0247 0.1825 0.9829
vn 0.0004 -0.9999 0.0168
vn 0.0036 -0.9895 0.1445
vn 0.0235 0.3515 0.9359
vn 0.0221 0.4751 0.8797
vn 0.0159 -0.7740 0.6330
vn 0.0236 -0.3448 0.9384
vn 0.0247 -0.1785 0.9836
vn 0.0202 0.5943 0.8040
vn 0.3116 0.3514 0.8828
vn 0.2929 0.4751 0.8298
vn 0.3124 -0.3448 0.8852
vn 0.3275 -0.1785 0.9279
vn 0.2676 0.5943 0.7584
vn 0.3328 0.0010 0.9430
vn 0.3272 0.1826 0.9271
vn 0.0056 -0.9999 0.0159
vn 0.0481 -0.9895 0.1363
vn 0.5706 -0.3448 0.7453
vn 0.5981 -0.1786 0.7812
vn 0.2107 -0.7740 0.5971
vn 0.6079 0.0012 0.7940
vn 0.5977 0.1825 0.7807
vn 0.0102 -0.9999 0.0134
vn 0.0879 -0.9895 0.1148
vn 0.5691 0.3515 0.7433
vn 0.5349 0.4751 0.6987
vn 0.3849 -0.7740 0.5027
vn 0.8235 0.0010 0.5673
vn 0.8097 0.1826 0.5577
vn 0.4889 0.5943 0.6385
vn 0.0139 -0.9999 0.0096
vn 0.1191 -0.9895 0.0820
vn 0.7710 0.3514 0.5311
vn 0.7247 0.4751 0.4992
vn 0.5214 -0.7740 0.3592
vn 0.7730 -0.3448 0.5325
vn 0.8103 -0.1785 0.5582
vn 0.6623 0.5943 0.4562
vn 0.0161 -0.9999 0.0048
vn 0.1386 -0.9895 0.0412
vn 0.8974 0.3514 0.2669
vn 0.8435 0.4751 0.2508
vn 0.6069 -0.7740 0.1805
vn 0.8997 -0.3448 0.2676
vn 0.9431 -0.1785 0.2805
vn 0.7709 0.5943 0.2292
vn 0.9585 0.0010 0.2850
vn 0.9424 0.1825 0.2802
vn 0.9359 0.3515 -0.0235
vn 0.8797 0.4751 -0.0221
vn 0.9384 -0.3448 -0.0236
vn 0.9836 -0.1785 -0.0247
vn 0.8040 0.5943 -0.0202
vn 0.9997 0.0010 -0.0251
vn 0.9829 0.1825 -0.0247
vn 0.0168 -0.9999 -0.0004
vn 0.1445 -0.9895 -0.0036
vn 0.9430 0.0006 -0.3328
vn 0.9272 0.1824 -0.3272
vn 0.6330 -0.7740 -0.0159
vn 0.0159 -0.9999 -0.0056
vn 0.1363 -0.9895 -0.0481
vn 0.8828 0.3515 -0.3116
vn 0.8298 0.4751 -0.2929
vn 0.5971 -0.7740 -0.2107
vn 0.8852 -0.3448 -0.3124
vn 0.9279 -0.1785 -0.3275
vn 0.7584 0.5943 -0.2676
vn 0.7940 0.0006 -0.6079
vn 0.7807 0.1825 -0.5977
vn 0.0134 -0.9999 -0.0102
vn 0.1148 -0.9895 -0.0879
vn 0.7433 0.3515 -0.5691
vn 0.6987 0.4751 -0.5349
vn 0.5027 -0.7740 -0.3849
vn 0.7453 -0.3448 -0.5706
vn 0.7812 -0.1785 -0.5982
vn 0.6386 0.5943 -0.4889
vn 0.5311 0.3514 -0.7710
vn 0.4992 0.4751 -0.7247
vn 0.5325 -0.3448 -0.7730
vn 0.5582 -0.1785 -0.8103
vn 0.4562 0.5943 -0.6623
vn 0.5673 0.0012 -0.8235
vn 0.5578 0.1824 -0.8097
vn 0.0096 -0.9999 -0.0139
vn 0.0820 -0.9895 -0.1191
vn 0.2669 0.3514 -0.8974
vn 0.2508 0.4751 -0.8435
vn 0.3592 -0.7740 -0.5214
vn 0.2676 -0.3448 -0.8997
vn 0.2805 -0.1784 -0.9431
vn 0.2292 0.5943 -0.7709
vn 0.2850 0.0010 -0.9585
vn 0.2802 0.1825 -0.9424
vn 0.0048 -0.9999 -0.0161
vn 0.0412 -0.9895 -0.1386
vn -0.0251 0.0006 -0.9997
vn -0.0247 0.1825 -0.9829
vn 0.1805 -0.7740 -0.6069
vn -0.0004 -0.9999 -0.0168
vn -0.0036 -0.9895 -0.1445
vn -0.0235 0.3515 -0.9359
vn -0.0221 0.4751 -0.8797
vn -0.0159 -0.7740 -0.6330
vn -0.0236 -0.3448 -0.9384
vn -0.0247 -0.1785 -0.9836
vn -0.0202 0.5943 -0.8040
vn -0.3328 0.0006 -0.9430
vn -0.3272 0.1825 -0.9272
vn -0.0056 -0.9999 -0.0159
vn -0.0481 -0.9895 -0.1363
vn -0.3116 0.3515 -0.8828
vn -0.2929 0.4751 -0.8298
vn -0.2107 -0.7740 -0.5971
vn -0.3124 -0.3448 -0.8852
vn -0.3275 -0.1785 -0.9278
vn -0.2676 0.5943 -0.7584
vn -0.5691 0.3515 -0.7433
vn -0.5349 0.4751 -0.6987
vn -0.5706 -0.3448 -0.7453
vn -0.5982 -0.1785 -0.7812
vn -0.4889 0.5943 -0.6386
vn -0.6079 0.0010 -0.7940
vn -0.5977 0.1825 -0.7807
vn -0.0102 -0.9999 -0.0134
vn -0.0879 -0.9895 -0.1148
vn -0.7730 -0.3448 -0.5325
vn -0.8103 -0.1786 -0.5582
vn -0.3849 -0.7740 -0.5027
vn -0.8235 0.0010 -0.5673
vn -0.8097 0.1825 -0.5578
vn -0.0139 -0.9999 -0.0096
vn -0.1191 -0.9895 -0.0820
vn -0.7710 0.3515 -0.5311
vn -0.7247 0.4751 -0.4992
vn -0.5214 -0.7740 -0.3592
vn -0.9585 0.0006 -0.2850
vn -0.9424 0.1825 -0.2802
vn -0.6623 0.5943 -0.4562
vn -0.0161 -0.9999 -0.0048
vn -0.1386 -0.9895 -0.0412
vn -0.8974 0.3514 -0.2669
vn -0.8435 0.4751 -0.2508
vn -0.6069 -0.7740 -0.1805
vn -0.8997 -0.3448 -0.2676
vn -0.9431 -0.1785 -0.2805
vn -0.7709 0.5943 -0.2292
vn -0.0168 -0.9999 0.0004
vn -0.1445 -0.9895 0.0036
vn -0.9359 0.3514 0.0235
vn -0.8797 0.4751 0.0221
vn -0.6330 -0.7740 0.0159
vn -0.9384 -0.3448 0.0236
vn -0.9836 -0.1785 0.0247
vn -0.8040 0.5943 0.0202
vn -0.9997 0.0006 0.0251
vn -0.9829 0.1825 0.0247
vn -0.8828 0.3514 0.3116
vn -0.8298 0.4751 0.2929
vn -0.8852 -0.3448 0.3124
vn -0.9279 -0.1785 0.3275
vn -0.7584 0.5943 0.2676
vn -0.9430 0.0006 0.3328
vn -0.9272 0.1825 0.3272
vn -0.0159 -0.9999 0.0056
vn -0.1363 -0.9895 0.0481
vn -0.5971 -0.7740 0.2107
vn 0.0324 0.9992 -0.0248
vn 0.0231 0.9992 -0.0336
vn -0.7978 -0.5331 0.2816
vn -0.6718 -0.5331 0.5143
vn -0.7004 -0.4710 0.5363
vn -0.8319 -0.4710 0.2936
vn -0.9838 -0.0000 0.1790
vn -0.6907 0.0025 0.7231
vn -0.8804 0.0023 0.4743
vn -0.9910 -0.0000 -0.1338
vn -0.9838 0.0025 0.1790
vn -0.9012 -0.0000 -0.4335
vn -0.9910 0.0024 -0.1338
vn -0.7231 -0.0000 -0.6907
vn -0.9012 0.0024 -0.4335
vn 0.9012 -0.0000 0.4335
vn 0.7231 -0.0000 0.6907
vn -0.7231 0.0025 -0.6907
vn 0.9012 0.0024 0.4335
vn 0.7231 0.0024 0.6907
vn 0.4743 -0.0000 0.8804
vn 0.4743 0.0024 0.8804
vn 0.1790 -0.0000 0.9838
vn -0.1338 -0.0000 0.9910
vn 0.1790 0.0024 0.9838
vn -0.1338 0.0024 0.9910
vn -0.2339 -0.9409 0.2449
vn -0.1468 -0.9409 0.3052
vn -0.0453 -0.9409 0.3356
vn 0.0606 -0.9409 0.3332
vn 0.1606 -0.9409 0.2982
vn 0.2449 -0.9409 0.2339
vn 0.3052 -0.9409 0.1468
vn 0.3356 -0.9409 0.0453
vn 0.3332 -0.9409 -0.0606
vn 0.2982 -0.9409 -0.1606
vn 0.2339 -0.9409 -0.2449
vn 0.1468 -0.9409 -0.3052
vn 0.0453 -0.9409 -0.3356
vn -0.0606 -0.9409 -0.3332
vn -0.1606 -0.9409 -0.2982
vn -0.2449 -0.9409 -0.2339
vn -0.3052 -0.9409 -0.1468
vn -0.3356 -0.9409 -0.0453
vn -0.3332 -0.9409 0.0606
vn -0.2982 -0.9409 0.1606
vn 0.0081 -1.0000 -0.0044
vn 0.0091 -1.0000 -0.0016
vn -0.0178 0.9997 0.0187
vn -0.2785 0.9151 0.2916
vn -0.1748 0.9151 0.3634
vn -0.0112 0.9997 0.0233
vn -0.0539 0.9151 0.3996
vn -0.0035 0.9997 0.0256
vn 0.0722 0.9151 0.3967
vn 0.0046 0.9997 0.0254
vn 0.1912 0.9151 0.3550
vn 0.0123 0.9997 0.0227
vn 0.0187 0.9997 0.0178
vn 0.2916 0.9151 0.2785
vn 0.3634 0.9151 0.1748
vn 0.0233 0.9997 0.0112
vn 0.3996 0.9151 0.0539
vn 0.0256 0.9997 0.0035
vn 0.3967 0.9151 -0.0722
vn 0.0254 0.9997 -0.0046
vn 0.3550 0.9151 -0.1912
vn 0.0227 0.9997 -0.0123
vn 0.2785 0.9151 -0.2916
vn 0.0178 0.9997 -0.0187
vn 0.1748 0.9151 -0.3634
vn 0.0112 0.9997 -0.0233
vn 0.0539 0.9151 -0.3996
vn 0.0035 0.9997 -0.0256
vn -0.0722 0.9151 -0.3967
vn -0.0046 0.9997 -0.0254
vn -0.1912 0.9151 -0.3550
vn -0.0123 0.9997 -0.0227
vn -0.0187 0.9997 -0.0178
vn -0.2916 0.9151 -0.2785
vn -0.3634 0.9151 -0.1748
vn -0.0233 0.9997 -0.0112
vn -0.3996 0.9151 -0.0539
vn -0.0256 0.9997 -0.0035
vn -0.3967 0.9151 0.0722
vn -0.0254 0.9997 0.0046
vn -0.3550 0.9151 0.1912
vn -0.0227 0.9997 0.0123
vn -0.4335 -0.0000 0.9012
vn -0.4335 0.0024 0.9012
vn -0.4556 0.2779 -0.8457
vn -0.6947 0.2779 -0.6635
vn -0.4743 -0.0000 -0.8804
vn -0.3653 -0.6378 -0.6781
vn -0.5568 -0.6379 -0.5319
vn -0.4743 0.0024 -0.8804
vn 0.4556 0.2779 0.8457
vn 0.6946 0.2779 0.6635
vn 0.3652 -0.6379 0.6780
vn 0.5569 -0.6378 0.5320
vn 0.9910 -0.0000 0.1338
vn 0.9910 0.0024 0.1338
vn 0.9838 -0.0000 -0.1790
vn 0.9838 0.0024 -0.1790
vn 0.8804 -0.0000 -0.4743
vn 0.8804 0.0025 -0.4743
vn 0.6907 -0.0000 -0.7231
vn 0.6907 0.0025 -0.7231
vn 0.4335 -0.0000 -0.9012
vn 0.4335 0.0025 -0.9012
vn 0.1338 -0.0000 -0.9910
vn 0.1338 0.0024 -0.9910
vn -0.1790 -0.0000 -0.9838
vn -0.1790 0.0025 -0.9838
vn -0.6777 -0.6383 0.3651
vn -0.5317 -0.6383 0.5566
vn -0.6636 0.2776 0.6947
vn -0.8458 0.2776 0.4556
vn -0.8458 -0.5331 0.0212
vn -0.8819 -0.4710 0.0222
vn -0.8110 -0.5331 -0.2412
vn -0.8456 -0.4709 -0.2515
vn -0.6967 -0.5331 -0.4800
vn -0.7265 -0.4709 -0.5004
vn -0.5143 -0.5331 -0.6717
vn -0.5363 -0.4709 -0.7004
vn -0.2816 -0.5331 -0.7978
vn -0.2936 -0.4709 -0.8319
vn -0.0212 -0.5331 -0.8458
vn -0.0222 -0.4709 -0.8819
vn 0.2411 -0.5331 -0.8109
vn 0.2514 -0.4709 -0.8456
vn 0.4800 -0.5331 -0.6967
vn 0.5004 -0.4709 -0.7265
vn 0.6717 -0.5331 -0.5143
vn 0.7004 -0.4709 -0.5363
vn 0.7978 -0.5331 -0.2816
vn 0.8319 -0.4709 -0.2936
vn 0.8458 -0.5331 -0.0212
vn 0.8819 -0.4709 -0.0222
vn 0.8110 -0.5331 0.2412
vn 0.8456 -0.4709 0.2514
vn 0.6967 -0.5331 0.4800
vn 0.7265 -0.4709 0.5004
vn 0.5143 -0.5331 0.6718
vn 0.5363 -0.4709 0.7005
vn 0.2816 -0.5331 0.7978
vn 0.2936 -0.4710 0.8319
vn 0.0212 -0.5331 0.8458
vn 0.0222 -0.4709 0.8819
vn -0.2411 -0.5331 0.8109
vn -0.2515 -0.4709 0.8456
vn -0.4799 -0.5331 0.6967
vn -0.5004 -0.4710 0.7265
vn -0.3243 0.9128 0.2483
vn -0.3851 0.9128 0.1359
vn -0.4083 0.9128 0.0103
vn -0.0324 0.9992 0.0248
vn -0.0385 0.9992 0.0136
vn -0.3915 0.9128 -0.1164
vn -0.0408 0.9992 0.0010
vn -0.3363 0.9128 -0.2317
vn -0.0391 0.9992 -0.0116
vn -0.2483 0.9128 -0.3243
vn -0.0248 0.9995 -0.0171
vn -0.1359 0.9128 -0.3851
vn -0.0248 0.9992 -0.0324
vn -0.0102 0.9128 -0.4083
vn -0.0100 0.9995 -0.0284
vn 0.1164 0.9128 -0.3915
vn -0.0010 0.9992 -0.0408
vn 0.2317 0.9128 -0.3363
vn 0.0116 0.9992 -0.0391
vn 0.3243 0.9128 -0.2483
vn 0.3851 0.9128 -0.1359
vn 0.4083 0.9128 -0.0103
vn 0.0385 0.9992 -0.0136
vn 0.3915 0.9128 0.1164
vn 0.0408 0.9992 -0.0010
vn 0.3363 0.9128 0.2317
vn 0.0391 0.9992 0.0116
vn 0.2483 0.9128 0.3243
vn 0.0336 0.9992 0.0231
vn 0.1359 0.9128 0.3851
vn 0.0248 0.9992 0.0324
vn 0.0102 0.9128 0.4083
vn 0.0136 0.9992 0.0385
vn -0.1164 0.9128 0.3915
vn 0.0010 0.9992 0.0408
vn -0.2317 0.9128 0.3363
vn -0.0116 0.9992 0.0391
vn -0.0231 0.9992 0.0336
vn -0.6644 -0.5476 0.5087
vn -0.7890 -0.5476 0.2785
vn -0.8365 -0.5476 0.0210
vn -0.8020 -0.5476 -0.2385
vn -0.6891 -0.5476 -0.4747
vn -0.5087 -0.5476 -0.6644
vn -0.2785 -0.5476 -0.7890
vn -0.0210 -0.5476 -0.8365
vn 0.2385 -0.5476 -0.8020
vn 0.4747 -0.5476 -0.6891
vn 0.6644 -0.5476 -0.5087
vn 0.7890 -0.5476 -0.2785
vn 0.8365 -0.5476 -0.0210
vn 0.8020 -0.5476 0.2385
vn 0.6891 -0.5476 0.4747
vn 0.5087 -0.5476 0.6644
vn 0.2785 -0.5476 0.7890
vn 0.0210 -0.5476 0.8365
vn -0.2385 -0.5476 0.8020
vn -0.4747 -0.5476 0.6891
vn -0.1030 -0.6382 0.7629
vn -0.0532 -0.9175 0.3941
vn 0.0712 -0.9175 0.3914
vn 0.1378 -0.6381 0.7575
vn -0.0441 -0.9441 0.3266
vn 0.0590 -0.9441 0.3243
vn -0.7574 -0.6383 0.1378
vn -0.9452 0.2777 0.1720
vn -0.7624 0.5331 -0.3667
vn -0.8384 0.5332 -0.1132
vn -0.3449 0.9375 -0.0466
vn -0.3137 0.9375 -0.1509
vn -0.5524 0.8302 -0.0746
vn -0.5025 0.8301 -0.2417
vn -0.7629 -0.6382 -0.1030
vn -0.9520 0.2777 -0.1285
vn 0.2645 0.8301 0.4910
vn 0.1651 0.9374 0.3065
vn 0.2519 0.9374 0.2406
vn 0.4034 0.8300 0.3853
vn -0.6939 -0.6381 -0.3338
vn -0.8657 0.2778 -0.4164
vn 0.4013 0.5330 0.7449
vn 0.6119 0.5328 0.5845
vn 0.6783 -0.6375 -0.3654
vn 0.3506 -0.9173 -0.1889
vn 0.2751 -0.9173 -0.2880
vn 0.5322 -0.6375 -0.5571
vn 0.2906 -0.9439 -0.1566
vn 0.2280 -0.9439 -0.2387
vn 0.1515 0.5331 0.8324
vn 0.0623 0.9375 0.3425
vn 0.0998 0.8301 0.5486
vn -0.3585 -0.9175 -0.1725
vn -0.3941 -0.9175 -0.0532
vn -0.2971 -0.9441 -0.1429
vn -0.3266 -0.9441 -0.0441
vn -0.1379 -0.6377 -0.7579
vn -0.1719 0.2780 -0.9451
vn 0.1887 -0.9174 0.3503
vn 0.2878 -0.9174 0.2749
vn 0.1564 -0.9441 0.2903
vn 0.2385 -0.9440 0.2278
vn 0.1031 -0.6376 -0.7634
vn 0.1285 0.2780 -0.9519
vn 0.5847 0.5325 -0.6121
vn 0.3669 0.5326 -0.7627
vn 0.1511 0.9373 -0.3141
vn 0.2408 0.9373 -0.2520
vn 0.2419 0.8298 -0.5029
vn 0.3855 0.8297 -0.4036
vn 0.3340 -0.6375 -0.6943
vn 0.4164 0.2781 -0.8656
vn 0.6635 0.2781 -0.6946
vn -0.8323 0.5332 0.1514
vn -0.3423 0.9375 0.0623
vn -0.5484 0.8303 0.0998
vn 0.8457 0.2781 -0.4555
vn 0.7580 -0.6375 -0.1379
vn 0.9450 0.2781 -0.1720
vn 0.1726 -0.9173 -0.3589
vn 0.1431 -0.9440 -0.2974
vn 0.7634 -0.6376 0.1031
vn 0.9519 0.2780 0.1285
vn 0.6942 -0.6377 0.3339
vn 0.8656 0.2780 0.4164
vn -0.3912 -0.9175 0.0712
vn -0.3242 -0.9441 0.0590
vn 0.1132 0.5326 -0.8387
vn 0.0466 0.9373 -0.3453
vn 0.0746 0.8298 -0.5530
vn 0.1720 0.2778 0.9451
vn -0.1285 0.2777 0.9520
vn -0.7447 0.5333 0.4012
vn -0.3063 0.9375 0.1650
vn -0.4907 0.8303 0.2643
vn -0.3337 -0.6383 0.6937
vn -0.4164 0.2777 0.8657
vn 0.0533 -0.9173 -0.3946
vn 0.0442 -0.9440 -0.3270
vn 0.7626 0.5327 0.3669
vn 0.3139 0.9374 0.1510
vn 0.5028 0.8299 0.2418
vn -0.3500 -0.9176 0.1886
vn -0.2901 -0.9442 0.1563
vn -0.1515 0.5327 -0.8326
vn -0.0624 0.9373 -0.3428
vn -0.0999 0.8299 -0.5489
vn -0.3850 0.8303 0.4030
vn -0.9839 -0.0000 0.1790
vn -0.5850 -0.5317 0.6124
vn -0.7456 -0.5317 0.4017
vn -0.8333 -0.5317 0.1516
vn -0.9011 -0.0000 -0.4335
vn -0.8394 -0.5316 -0.1133
vn -0.4032 0.8301 -0.3852
vn -0.7231 -0.0000 -0.6908
vn -0.7634 -0.5315 -0.3671
vn -0.4018 -0.5313 -0.7458
vn -0.4742 -0.0000 -0.8804
vn -0.6126 -0.5314 -0.5851
vn -0.2645 0.8300 -0.4911
vn -0.1790 -0.0000 -0.9839
vn -0.1517 -0.5312 -0.8336
vn 0.1133 -0.5310 -0.8397
vn 0.3673 -0.5310 -0.7636
vn 0.4914 0.8297 -0.2647
vn 0.5853 -0.5309 -0.6128
vn 0.5491 0.8298 -0.0999
vn 0.7460 -0.5309 -0.4019
vn 0.5530 0.8298 0.0747
vn 0.9910 -0.0000 0.1337
vn 0.8337 -0.5310 -0.1517
vn 0.9012 -0.0000 0.4334
vn 0.8397 -0.5310 0.1134
vn 0.7635 -0.5311 0.3673
vn 0.4017 -0.5314 0.7458
vn 0.6126 -0.5313 0.5852
vn 0.1791 -0.0000 0.9838
vn -0.0746 0.8302 0.5524
vn -0.1337 -0.0000 0.9910
vn 0.1516 -0.5315 0.8334
vn -0.2416 0.8303 0.5023
vn -0.1133 -0.5316 0.8394
vn -0.3671 -0.5317 0.7632
vn -0.1888 -0.9174 -0.3504
vn -0.2877 -0.9174 -0.2748
vn -0.1564 -0.9440 -0.2904
vn -0.2384 -0.9441 -0.2278
vn 0.7452 0.5325 -0.4014
vn 0.3069 0.9373 -0.1653
vn -0.1132 0.5332 0.8384
vn -0.0466 0.9375 0.3449
vn 0.3918 -0.9173 -0.0713
vn 0.3247 -0.9440 -0.0591
vn -0.6119 0.5330 -0.5844
vn -0.2518 0.9374 -0.2405
vn -0.1724 -0.9175 0.3584
vn -0.1428 -0.9441 0.2970
vn 0.8327 0.5326 -0.1515
vn 0.3429 0.9373 -0.0624
vn -0.1652 0.9374 -0.3066
vn -0.3667 0.5332 0.7624
vn -0.1509 0.9375 0.3136
vn -0.4013 0.5329 -0.7450
vn 0.3946 -0.9173 0.0533
vn 0.3270 -0.9440 0.0441
vn -0.2746 -0.9176 0.2875
vn -0.2276 -0.9442 0.2383
vn 0.8387 0.5326 0.1132
vn 0.3454 0.9373 0.0466
vn -0.0713 -0.9173 -0.3917
vn -0.0590 -0.9440 -0.3246
vn -0.5843 0.5333 0.6117
vn -0.2403 0.9375 0.2516
vn 0.3587 -0.9173 0.1726
vn 0.2973 -0.9440 0.1430
vn 0.4229 0.4527 0.7850
vn 0.3002 0.7742 0.5573
vn 0.1133 0.7743 0.6226
vn 0.1596 0.4527 0.8772
vn 0.3412 0.6946 0.6333
vn 0.1287 0.6947 0.7077
vn 0.6448 0.4526 0.6160
vn 0.4578 0.7741 0.4373
vn 0.5203 0.6945 0.4970
vn -0.3815 -0.4746 0.7932
vn -0.1178 -0.4746 0.8723
vn -0.3356 -0.6331 0.6976
vn -0.1036 -0.6330 0.7672
vn -0.6448 0.4527 -0.6159
vn -0.4229 0.4526 -0.7851
vn -0.4049 0.5206 -0.7517
vn -0.6174 0.5207 -0.5897
vn -0.3003 0.7741 -0.5574
vn -0.1133 0.7740 -0.6230
vn -0.1596 0.4525 -0.8774
vn -0.3527 0.6685 -0.6548
vn -0.5378 0.6685 -0.5137
vn -0.3412 0.6945 -0.6334
vn -0.1288 0.6944 -0.7080
vn -0.7370 0.6685 -0.0995
vn -0.7317 0.6685 0.1331
vn -0.8399 0.5207 0.1528
vn -0.8461 0.5207 -0.1142
vn -0.8772 0.4529 0.1596
vn -0.8836 0.4529 -0.1193
vn -0.8659 -0.4747 0.1576
vn -0.7749 -0.4747 0.4174
vn -0.7616 -0.6331 0.1386
vn -0.6815 -0.6331 0.3671
vn -0.0995 0.6685 0.7370
vn 0.1331 0.6685 0.7317
vn 0.1528 0.5207 0.8400
vn -0.1142 0.5207 0.8461
vn -0.1193 0.4529 0.8836
vn -0.0846 0.7744 0.6270
vn -0.2742 0.7744 0.5701
vn -0.3865 0.4529 0.8034
vn -0.0962 0.6948 0.7127
vn -0.3117 0.6949 0.6480
vn 0.6548 0.6685 -0.3527
vn 0.5137 0.6685 -0.5378
vn 0.5898 0.5206 -0.6174
vn 0.7517 0.5206 -0.4049
vn 0.6160 0.4523 -0.6449
vn 0.7852 0.4523 -0.4230
vn -0.6702 0.6685 -0.3224
vn -0.7694 0.5207 -0.3701
vn -0.8035 0.4527 -0.3865
vn 0.7934 -0.4742 0.3816
vn 0.8726 -0.4740 0.1178
vn 0.6980 -0.6325 0.3358
vn 0.7677 -0.6324 0.1036
vn -0.3224 0.6685 0.6702
vn -0.3701 0.5207 0.7694
vn -0.7933 -0.4745 -0.3816
vn -0.8723 -0.4746 -0.1177
vn -0.6977 -0.6329 -0.3356
vn -0.7672 -0.6330 -0.1036
vn 0.7317 0.6685 -0.1331
vn 0.8400 0.5206 -0.1528
vn 0.8774 0.4523 -0.1596
vn -0.7849 0.4529 0.4228
vn -0.5569 0.7745 0.3000
vn -0.6224 0.7744 0.1132
vn -0.6331 0.6949 0.3410
vn -0.7075 0.6949 0.1287
vn -0.4577 0.7742 -0.4372
vn -0.5202 0.6946 -0.4969
vn -0.5137 0.6685 0.5378
vn -0.5897 0.5207 0.6174
vn -0.6158 0.4529 0.6447
vn 0.8838 0.4524 0.1193
vn 0.6276 0.7739 0.0847
vn 0.5706 0.7740 0.2745
vn 0.8036 0.4525 0.3866
vn 0.7132 0.6943 0.0963
vn 0.6485 0.6944 0.3119
vn 0.7371 0.6685 0.0995
vn 0.8461 0.5206 0.1142
vn -0.6270 0.7744 -0.0846
vn -0.5703 0.7743 -0.2743
vn -0.7127 0.6948 -0.0962
vn -0.6482 0.6947 -0.3118
vn 0.3817 -0.4740 -0.7935
vn 0.1178 -0.4740 -0.8726
vn 0.3358 -0.6324 -0.6981
vn 0.1036 -0.6324 -0.7677
vn 0.6702 0.6685 0.3224
vn 0.7694 0.5206 0.3701
vn -0.1331 0.6685 -0.7317
vn -0.1528 0.5206 -0.8400
vn 0.5378 0.6685 0.5137
vn 0.6174 0.5206 0.5897
vn 0.7752 -0.4739 -0.4176
vn 0.6082 -0.4739 -0.6367
vn 0.6821 -0.6323 -0.3674
vn 0.5351 -0.6323 -0.5602
vn 0.0995 0.6685 -0.7371
vn 0.1142 0.5206 -0.8461
vn 0.1193 0.4524 -0.8838
vn 0.0847 0.7739 -0.6276
vn 0.2745 0.7739 -0.5708
vn 0.3866 0.4523 -0.8037
vn 0.0963 0.6943 -0.7132
vn 0.3120 0.6942 -0.6486
vn -0.6548 0.6685 0.3527
vn -0.7516 0.5207 0.4049
vn 0.4375 0.7738 -0.4580
vn 0.5576 0.7738 -0.3004
vn 0.4972 0.6942 -0.5205
vn 0.6337 0.6942 -0.3414
vn 0.3224 0.6685 -0.6702
vn 0.3701 0.5206 -0.7694
vn 0.8663 -0.4740 -0.1576
vn 0.7622 -0.6324 -0.1387
vn 0.3527 0.6685 0.6548
vn 0.4049 0.5207 0.7516
vn 0.1575 -0.4745 0.8661
vn 0.1386 -0.6329 0.7618
vn 0.4175 -0.4744 0.7750
vn 0.6366 -0.4743 0.6081
vn 0.3672 -0.6328 0.6817
vn 0.5600 -0.6327 0.5349
vn -0.5599 -0.6328 -0.5349
vn -0.3673 -0.6327 -0.6818
vn 0.7081 0.6942 -0.1288
vn -0.4967 0.6949 0.5200
vn -0.5347 -0.6331 0.5597
vn -0.1386 -0.6325 -0.7620
vn -0.1576 -0.4742 -0.8662
vn -0.4176 -0.4743 -0.7750
vn -0.6366 -0.4744 -0.6081
vn 0.6231 0.7739 -0.1134
vn -0.4370 0.7745 0.4575
vn -0.6079 -0.4747 0.6364
vn -0.6899 0.0497 0.7222
vn -0.8793 0.0497 0.4737
vn -0.9826 0.0497 0.1788
vn -0.9898 0.0497 -0.1336
vn -0.9001 0.0496 -0.4329
vn -0.7222 0.0496 -0.6899
vn -0.4737 0.0496 -0.8793
vn -0.1788 0.0496 -0.9826
vn 0.1336 0.0496 -0.9898
vn 0.4329 0.0496 -0.9001
vn 0.6899 0.0496 -0.7222
vn 0.8793 0.0496 -0.4737
vn 0.9826 0.0496 -0.1788
vn 0.9898 0.0496 0.1336
vn 0.9001 0.0496 0.4330
vn 0.7222 0.0496 0.6899
vn 0.4737 0.0496 0.8793
vn 0.1788 0.0496 0.9826
vn -0.1336 0.0497 0.9898
vn -0.4329 0.0497 0.9000
vn -0.0016 -1.0000 -0.0091
vn -0.0044 -1.0000 -0.0081
vn -0.0091 -1.0000 0.0016
vn -0.0081 -1.0000 0.0044
vn 0.0016 -1.0000 0.0091
vn 0.0044 -1.0000 0.0081
vn -0.0064 -1.0000 0.0067
vn -0.0091 -1.0000 -0.0012
vn -0.0083 -1.0000 -0.0040
vn -0.0067 -1.0000 -0.0064
vn 0.0012 -1.0000 -0.0091
vn 0.0040 -1.0000 -0.0083
vn 0.0064 -1.0000 -0.0067
vn 0.0091 -1.0000 0.0012
vn 0.0083 -1.0000 0.0040
vn 0.0067 -1.0000 0.0064
vn -0.0012 -1.0000 0.0091
vn -0.0040 -1.0000 0.0083
vn -0.2499 0.9493 0.1907
vn -0.2896 0.9472 0.1373
vn -0.3770 0.9026 0.2079
vn -0.3392 0.9044 0.2589
vn -0.5340 0.8037 -0.2625
vn -0.6024 0.7759 -0.1872
vn -0.6619 0.7411 -0.1127
vn -0.4537 0.8489 0.2712
vn -0.4183 0.8503 0.3193
vn 0.2649 -0.9490 -0.1709
vn 0.3976 -0.9173 0.0210
vn 0.4781 -0.8766 -0.0547
vn 0.3535 -0.9041 -0.2400
vn 0.5477 -0.8272 -0.1254
vn 0.4317 -0.8502 -0.3014
vn -0.0389 0.9988 0.0297
vn -0.0812 0.9964 -0.0261
vn -0.1667 0.9852 0.0401
vn -0.1251 0.9875 0.0955
vn -0.3667 0.8329 -0.4146
vn -0.4363 0.8264 -0.3560
vn -0.6035 -0.0380 -0.7964
vn -0.5346 -0.4147 -0.7363
vn -0.4972 -0.4139 -0.7625
vn -0.6002 -0.0379 -0.7990
vn -0.2078 -0.9149 -0.3461
vn -0.1258 -0.9062 -0.4038
vn -0.0020 -0.8763 -0.4818
vn -0.4375 -0.4109 -0.7999
vn -0.5950 -0.0379 -0.8029
vn 0.0547 -0.9985 -0.0089
vn 0.2012 -0.9616 0.1866
vn 0.2825 -0.9516 0.1210
vn 0.1407 -0.9872 -0.0748
vn 0.6052 0.0054 0.7960
vn 0.5886 0.1793 0.7883
vn 0.5727 0.1792 0.8000
vn 0.6047 0.0055 0.7964
vn 0.2010 0.9194 0.3381
vn 0.1189 0.9105 0.3960
vn -0.0052 0.8802 0.4745
vn 0.5474 0.1790 0.8175
vn 0.6040 0.0055 0.7970
vn 0.6027 0.0055 0.7979
vn 0.5043 0.1782 0.8450
vn 0.4836 0.1777 0.8570
vn 0.6021 0.0055 0.7984
vn -0.1876 0.7995 0.5706
vn -0.2587 0.7558 0.6015
vn -0.2897 0.7349 0.6132
vn 0.4735 0.1776 0.8627
vn 0.6019 0.0055 0.7986
vn -0.3878 -0.4070 -0.8270
vn -0.5907 -0.0379 -0.8060
vn 0.0921 -0.8405 -0.5339
vn 0.1804 -0.7966 -0.5770
vn -0.3358 -0.4017 -0.8520
vn -0.5861 -0.0380 -0.8093
vn 0.5264 0.1786 0.8312
vn 0.6034 0.0055 0.7974
vn -0.0994 0.8440 0.5271
vn 0.5998 -0.7792 -0.1821
vn 0.4912 -0.7982 -0.3486
vn 0.6191 -0.7583 -0.2042
vn 0.5137 -0.7758 -0.3664
vn -0.5119 0.7972 0.3201
vn -0.4787 0.7984 0.3653
vn -0.7065 0.7060 -0.0494
vn -0.7245 0.6890 -0.0204
vn -0.5358 0.7726 0.3407
vn -0.5037 0.7736 0.3844
vn -0.2883 -0.3958 -0.8719
vn -0.5820 -0.0380 -0.8123
vn 0.2517 -0.7533 -0.6076
vn 0.2797 -0.7344 -0.6184
vn -0.2678 -0.3930 -0.8797
vn -0.5801 -0.0380 -0.8136
vn -0.0301 0.9993 0.0230
vn -0.0717 0.9969 -0.0320
vn -0.0594 0.9976 -0.0369
vn -0.0215 0.9996 0.0164
vn -0.3589 0.8344 -0.4184
vn -0.3650 0.8318 -0.4182
vn -0.5228 0.8238 -0.2193
vn -0.3040 0.9448 0.1220
vn -0.2498 0.9494 0.1906
vn 0.0352 -0.9994 0.0058
vn 0.1823 -0.9624 0.2012
vn 0.1443 -0.9624 0.2302
vn -0.0021 -0.9995 0.0322
vn 0.0266 -0.9484 0.3159
vn -0.1284 -0.9829 0.1322
vn 0.4844 0.1798 0.8562
vn -0.2547 0.7618 0.5956
vn -0.1107 0.8461 0.5215
vn 0.5233 0.1832 0.8322
vn 0.6031 0.0057 0.7976
vn 0.5789 -0.7997 -0.1591
vn 0.4673 -0.8204 -0.3296
vn 0.4390 -0.8983 -0.0176
vn 0.3104 -0.9280 -0.2063
vn -0.5057 0.8027 0.3161
vn -0.4728 0.8039 0.3609
vn -0.7001 0.7122 -0.0507
vn -0.5994 0.7817 -0.1725
vn -0.3791 0.9006 0.2125
vn -0.3429 0.9022 0.2616
vn -0.3076 -0.3992 -0.8637
vn -0.5835 -0.0384 -0.8112
vn 0.2226 -0.7719 -0.5955
vn 0.0459 -0.8597 -0.5087
vn -0.4117 -0.4110 -0.8134
vn -0.5925 -0.0389 -0.8046
vn -0.6478 0.4703 0.5993
vn -0.6462 0.4663 0.6042
vn 0.0020 0.2997 0.9540
vn -0.0213 0.3129 0.9495
vn -0.5762 -0.6121 0.5416
vn 0.0603 -0.5351 0.8426
vn -0.7009 0.2383 0.6722
vn 0.0633 0.1092 0.9920
vn -0.6065 -0.0380 -0.7941
vn -0.5446 -0.4140 -0.7294
vn -0.5887 -0.3933 -0.7062
vn -0.6436 -0.0231 -0.7650
vn -0.2254 -0.9157 -0.3328
vn -0.2611 -0.9158 -0.3051
vn -0.3681 -0.9043 -0.2160
vn -0.7922 -0.4054 -0.4561
vn -0.8667 0.0768 -0.4928
vn 0.6002 0.0088 0.7998
vn 0.5847 0.1798 0.7910
vn 0.5093 0.2104 0.8345
vn 0.5264 0.0530 0.8486
vn 0.2061 0.9206 0.3318
vn 0.2031 0.9190 0.3380
vn -0.0368 0.8886 0.4572
vn -0.0713 0.4362 0.8970
vn 0.5015 -0.7759 -0.3827
vn 0.4544 -0.8205 -0.3468
vn -0.6200 -0.6259 0.4731
vn -0.7718 0.2399 0.5889
vn -0.4929 0.7735 0.3984
vn -0.4617 0.8038 0.3752
vn -0.3306 0.9021 0.2775
vn 0.2957 -0.9282 -0.2257
vn 0.0195 -0.9997 -0.0149
vn -0.0175 -0.9998 0.0133
vn -0.1456 -0.9831 0.1111
vn 0.4183 -0.8504 -0.3192
vn 0.4787 -0.7984 -0.3653
vn -0.0164 0.9990 0.0409
vn -0.0080 0.9994 0.0326
vn -0.2342 0.9485 0.2132
vn -0.4064 0.8502 0.3347
vn -0.4675 0.7982 0.3798
vn 0.0389 -0.9988 -0.0297
vn 0.1251 -0.9875 -0.0955
vn 0.2499 -0.9493 -0.1907
vn 0.3392 -0.9044 -0.2589
vn -0.0251 0.9985 0.0480
vn -0.1113 0.9873 0.1135
vn -0.2366 0.9491 0.2080
vn -0.3266 0.9042 0.2754
vn 0.2033 -0.9465 -0.2505
vn 0.2946 -0.9020 -0.3157
vn 0.3762 -0.8483 -0.3726
vn -0.0095 -0.9956 -0.0931
vn 0.0769 -0.9845 -0.1579
vn 0.4390 -0.7967 -0.4153
vn 0.4629 -0.7744 -0.4313
vn -0.0286 -0.9965 -0.0781
vn -0.0618 -0.9970 -0.0476
vn -0.1964 -0.9797 0.0405
vn 0.4137 -0.8187 -0.3982
vn 0.2500 -0.9256 -0.2841
vn -0.7669 -0.5817 0.2710
vn -0.9252 0.2268 0.3044
vn -0.6462 0.4481 0.6177
vn -0.7095 0.4511 0.5414
vn -0.8706 0.2196 -0.4403
vn -0.8573 0.1927 -0.4774
vn -0.8563 0.4297 0.2866
vn -0.8373 0.4508 0.3094
vn -0.7021 0.4689 0.5358
vn -0.7005 0.4727 0.5346
vn -0.6158 0.5616 0.5526
vn -0.6549 0.5668 0.4998
vn 0.4988 -0.5881 0.6367
vn 0.4520 -0.5638 0.6913
vn 0.6019 -0.0589 0.7964
vn 0.5408 -0.0347 0.8404
vn -0.6078 0.0003 -0.7941
vn -0.6078 0.0002 -0.7941
vn -0.6448 0.0225 -0.7641
vn -0.6488 0.0262 -0.7605
vn 0.0504 0.2687 0.9619
vn -0.6054 -0.0000 -0.7959
vn -0.6054 -0.0001 -0.7959
vn -0.6053 -0.0001 -0.7960
vn -0.6053 -0.0003 -0.7960
vn -0.6052 -0.0003 -0.7961
vn 0.7850 -0.5318 0.3178
vn 0.7546 -0.5462 0.3636
vn 0.6428 -0.0607 0.7636
vn 0.6377 -0.0612 0.7679
vn 0.6238 -0.0617 0.7791
vn 0.6586 -0.5756 0.4846
vn 0.6325 -0.5785 0.5151
vn 0.6844 -0.5679 0.4571
vn 0.6202 -0.0607 0.7821
vn 0.6269 -0.0606 0.7768
vn 0.6338 -0.0606 0.7711
vn 0.7322 -0.5539 0.3964
vn 0.7702 -0.5387 0.3414
vn 0.6401 -0.0606 0.7659
vn 0.5119 -0.5891 0.6253
vn 0.5614 -0.5868 0.5835
vn 0.6067 -0.0607 0.7926
vn 0.6120 -0.0607 0.7885
vn 0.2499 0.9493 -0.1907
vn 0.2896 0.9472 -0.1373
vn 0.3770 0.9026 -0.2079
vn 0.3392 0.9044 -0.2589
vn 0.5340 0.8037 0.2625
vn 0.6024 0.7759 0.1872
vn 0.6619 0.7411 0.1127
vn 0.4537 0.8489 -0.2712
vn 0.4183 0.8504 -0.3192
vn -0.2649 -0.9490 0.1709
vn -0.3976 -0.9173 -0.0210
vn -0.4781 -0.8766 0.0548
vn -0.3535 -0.9041 0.2400
vn -0.5477 -0.8272 0.1254
vn -0.4317 -0.8502 0.3014
vn 0.0389 0.9988 -0.0297
vn 0.0812 0.9964 0.0261
vn 0.1667 0.9852 -0.0401
vn 0.1251 0.9875 -0.0955
vn 0.3667 0.8329 0.4146
vn 0.4363 0.8264 0.3560
vn 0.6035 -0.0380 0.7964
vn 0.5346 -0.4147 0.7363
vn 0.4972 -0.4139 0.7625
vn 0.6002 -0.0380 0.7990
vn 0.2078 -0.9149 0.3461
vn 0.1258 -0.9062 0.4038
vn 0.0020 -0.8763 0.4818
vn 0.4375 -0.4109 0.7999
vn 0.5950 -0.0379 0.8029
vn -0.0547 -0.9985 0.0089
vn -0.2012 -0.9616 -0.1866
vn -0.2825 -0.9516 -0.1210
vn -0.1407 -0.9872 0.0748
vn -0.6052 0.0055 -0.7960
vn -0.5886 0.1793 -0.7883
vn -0.5727 0.1792 -0.8000
vn -0.6047 0.0055 -0.7964
vn -0.2010 0.9194 -0.3381
vn -0.1189 0.9105 -0.3960
vn 0.0052 0.8802 -0.4745
vn -0.5474 0.1790 -0.8175
vn -0.6040 0.0055 -0.7970
vn -0.6027 0.0055 -0.7979
vn -0.5043 0.1782 -0.8450
vn -0.4836 0.1776 -0.8571
vn -0.6021 0.0055 -0.7984
vn 0.1876 0.7995 -0.5706
vn 0.2587 0.7558 -0.6015
vn 0.2888 0.7355 -0.6129
vn -0.4738 0.1776 -0.8625
vn -0.6019 0.0055 -0.7986
vn 0.3878 -0.4070 0.8270
vn 0.5907 -0.0379 0.8060
vn -0.0921 -0.8405 0.5339
vn -0.1804 -0.7966 0.5770
vn 0.3358 -0.4016 0.8520
vn 0.5861 -0.0380 0.8093
vn -0.5264 0.1786 -0.8312
vn -0.6034 0.0055 -0.7974
vn 0.0994 0.8440 -0.5271
vn -0.5998 -0.7792 0.1821
vn -0.4912 -0.7982 0.3486
vn -0.6186 -0.7589 0.2037
vn -0.5131 -0.7764 0.3660
vn 0.5119 0.7972 -0.3201
vn 0.4787 0.7984 -0.3653
vn 0.7065 0.7060 0.0494
vn 0.7240 0.6895 0.0213
vn 0.5351 0.7733 -0.3401
vn 0.5030 0.7744 -0.3838
vn 0.2883 -0.3957 0.8719
vn 0.5820 -0.0380 0.8123
vn -0.2516 -0.7533 0.6076
vn -0.2789 -0.7349 0.6182
vn 0.2683 -0.3931 0.8795
vn 0.5802 -0.0380 0.8136
vn 0.0288 0.9993 -0.0220
vn 0.0705 0.9970 0.0331
vn 0.0619 0.9974 0.0356
vn 0.0240 0.9995 -0.0183
vn 0.3579 0.8343 0.4193
vn 0.3671 0.8327 0.4146
vn 0.5806 0.8045 0.1254
vn 0.3834 0.9007 -0.2043
vn 0.3409 0.9034 -0.2601
vn -0.0352 -0.9994 -0.0058
vn -0.1822 -0.9624 -0.2012
vn -0.1414 -0.9623 -0.2324
vn 0.0048 -0.9994 -0.0346
vn 0.0462 -0.9297 -0.3653
vn 0.2098 -0.9588 -0.1916
vn -0.4866 0.1797 -0.8549
vn -0.6022 0.0055 -0.7983
vn 0.2475 0.7663 -0.5929
vn 0.0932 0.8532 -0.5132
vn -0.5275 0.1828 -0.8297
vn -0.6032 0.0057 -0.7975
vn -0.5748 -0.8036 0.1545
vn -0.4625 -0.8245 0.3258
vn -0.4298 -0.9029 0.0089
vn -0.3002 -0.9330 0.1984
vn 0.5001 0.8081 -0.3113
vn 0.4670 0.8093 -0.3563
vn 0.6959 0.7158 0.0573
vn 0.5880 0.7868 0.1874
vn 0.3640 0.9097 -0.2000
vn 0.3273 0.9113 -0.2498
vn 0.3115 -0.3996 0.8621
vn 0.5839 -0.0383 0.8109
vn -0.2169 -0.7754 0.5930
vn -0.0352 -0.8637 0.5028
vn 0.4175 -0.4113 0.8103
vn 0.5930 -0.0388 0.8042
vn 0.6907 0.4284 -0.5825
vn 0.6902 0.4260 -0.5849
vn 0.2075 0.3367 -0.9185
vn 0.2263 0.3454 -0.9108
vn 0.7188 -0.3338 -0.6098
vn 0.1360 -0.4260 -0.8945
vn 0.7369 0.2408 -0.6317
vn 0.1618 0.1550 -0.9746
vn 0.6065 -0.0379 0.7941
vn 0.5446 -0.4141 0.7293
vn 0.5932 -0.3954 0.7013
vn 0.6500 -0.0219 0.7596
vn 0.2254 -0.9157 0.3328
vn 0.2639 -0.9157 0.3030
vn 0.4312 -0.8880 0.1598
vn 0.8897 -0.3366 0.3084
vn 0.9417 0.1208 0.3140
vn -0.6004 0.0085 -0.7997
vn -0.5852 0.1800 -0.7906
vn -0.4989 0.2135 -0.8399
vn -0.5149 0.0549 -0.8555
vn -0.2075 0.9206 -0.3309
vn -0.1991 0.9193 -0.3395
vn 0.1396 0.8569 -0.4962
vn 0.2559 0.4328 -0.8644
vn -0.5009 -0.7766 0.3822
vn -0.4496 -0.8247 0.3431
vn 0.7462 -0.3448 -0.5694
vn 0.7715 0.2410 -0.5888
vn 0.4921 0.7742 -0.3979
vn 0.4558 0.8092 -0.3709
vn 0.3149 0.9111 -0.2658
vn -0.2855 -0.9333 0.2179
vn -0.0195 -0.9997 0.0149
vn 0.0204 -0.9997 -0.0156
vn 0.2268 -0.9584 -0.1731
vn -0.4183 -0.8504 0.3192
vn -0.4787 -0.7984 0.3653
vn 0.0151 0.9991 -0.0400
vn 0.0102 0.9993 -0.0346
vn 0.3278 0.9029 -0.2779
vn 0.4064 0.8502 -0.3347
vn 0.4675 0.7982 -0.3798
vn -0.1251 -0.9875 0.0955
vn -0.0389 -0.9988 0.0297
vn -0.2499 -0.9493 0.1907
vn -0.3392 -0.9044 0.2589
vn 0.0250 0.9985 -0.0480
vn 0.1113 0.9873 -0.1135
vn 0.2366 0.9491 -0.2080
vn 0.3266 0.9042 -0.2754
vn -0.2033 -0.9465 0.2505
vn -0.2946 -0.9020 0.3157
vn -0.3762 -0.8483 0.3726
vn 0.0094 -0.9956 0.0931
vn -0.0769 -0.9845 0.1579
vn -0.4390 -0.7967 0.4153
vn -0.4623 -0.7750 0.4308
vn 0.0286 -0.9965 0.0781
vn 0.0647 -0.9968 0.0461
vn 0.2707 -0.9568 -0.1063
vn -0.4087 -0.8229 0.3948
vn -0.2395 -0.9307 0.2766
vn 0.8358 -0.3185 -0.4472
vn 0.8619 0.2378 -0.4479
vn 0.6933 0.4089 -0.5935
vn 0.7251 0.4098 -0.5534
vn 0.9284 0.2714 0.2540
vn 0.9230 0.2449 0.2969
vn 0.8107 0.4040 -0.4237
vn 0.7973 0.4217 -0.4319
vn 0.7189 0.4268 -0.5486
vn 0.7180 0.4292 -0.5479
vn 0.6736 0.4825 -0.5599
vn 0.6951 0.4852 -0.5305
vn -0.4987 -0.5883 -0.6366
vn -0.4432 -0.5660 -0.6951
vn -0.6019 -0.0590 -0.7964
vn -0.5297 -0.0329 -0.8476
vn 0.6078 0.0002 0.7941
vn 0.6512 0.0241 0.7585
vn 0.6553 0.0278 0.7549
vn 0.1665 0.3107 -0.9358
vn 0.6054 -0.0000 0.7959
vn 0.6054 -0.0001 0.7959
vn 0.6054 -0.0001 0.7960
vn 0.6054 -0.0003 0.7960
vn 0.6052 -0.0003 0.7960
vn -0.7846 -0.5320 -0.3185
vn -0.7516 -0.5474 -0.3681
vn -0.6428 -0.0607 -0.7637
vn -0.6372 -0.0611 -0.7683
vn -0.6230 -0.0616 -0.7798
vn -0.6527 -0.5766 -0.4914
vn -0.6325 -0.5785 -0.5151
vn -0.6844 -0.5679 -0.4571
vn -0.6202 -0.0607 -0.7821
vn -0.6269 -0.0606 -0.7768
vn -0.6338 -0.0606 -0.7711
vn -0.7322 -0.5538 -0.3964
vn -0.7702 -0.5388 -0.3414
vn -0.6401 -0.0606 -0.7659
vn -0.5119 -0.5891 -0.6252
vn -0.5614 -0.5868 -0.5835
vn -0.6067 -0.0607 -0.7926
vn -0.6120 -0.0607 -0.7885
vn -0.6060 0.1132 -0.7874
vn -0.6158 0.1132 -0.7797
vn -0.6056 0.0034 -0.7958
vn -0.6059 0.0034 -0.7956
vn -0.6063 0.0034 -0.7952
vn -0.6309 0.1131 -0.7675
vn -0.6432 0.1130 -0.7574
vn -0.6067 0.0034 -0.7949
vn -0.6071 0.0034 -0.7946
vn -0.6557 0.1129 -0.7465
vn -0.6671 0.1128 -0.7364
vn -0.6075 0.0034 -0.7943
vn -0.6076 0.0034 -0.7942
vn -0.6725 0.1129 -0.7314
vn -0.6662 0.1140 -0.7370
vn -0.6073 0.0033 -0.7945
vn -0.6063 0.0030 -0.7952
vn -0.6437 0.1154 -0.7565
vn -0.6070 0.1111 -0.7869
vn -0.6482 0.1307 -0.7502
vn -0.6078 0.0033 -0.7941
vn -0.6506 0.0305 -0.7588
vn -0.8767 0.2318 -0.4215
vn -0.8670 0.3377 -0.3663
vn 0.5305 0.0460 0.8464
vn 0.6007 0.0037 0.7994
vn -0.7675 0.5472 0.3340
vn -0.8301 0.4561 0.3207
vn 0.6054 0.0001 0.7960
vn 0.6052 0.0003 0.7961
vn 0.6054 0.0001 0.7959
vn 0.6053 0.0003 0.7960
vn 0.6014 0.0031 0.7989
vn 0.5386 0.0394 0.8417
vn -0.6052 -0.0008 -0.7961
vn -0.6054 0.0023 -0.7959
vn 0.6042 0.0060 0.7968
vn 0.6052 0.0008 0.7961
vn 0.6053 0.0007 0.7960
vn 0.6113 -0.0614 0.7890
vn -0.1486 0.9824 0.1134
vn -0.1353 0.9821 0.1308
vn -0.6177 0.1136 -0.7781
vn -0.4485 0.8305 -0.3303
vn -0.6053 -0.0007 -0.7960
vn -0.6005 -0.0391 -0.7987
vn 0.5537 -0.5890 0.5886
vn 0.2707 -0.9538 0.1305
vn 0.1282 -0.9896 -0.0653
vn 0.1126 -0.9899 -0.0859
vn 0.0644 -0.9868 -0.1485
vn -0.1376 -0.9081 -0.3954
vn 0.0898 0.9104 0.4038
vn 0.5670 0.1822 0.8033
vn -0.5021 -0.4158 -0.7583
vn -0.1885 0.9802 0.0600
vn 0.6060 0.1132 0.7874
vn 0.6158 0.1132 0.7797
vn 0.6056 0.0034 0.7958
vn 0.6059 0.0034 0.7956
vn 0.6063 0.0034 0.7952
vn 0.6309 0.1131 0.7675
vn 0.6432 0.1130 0.7574
vn 0.6067 0.0034 0.7949
vn 0.6071 0.0034 0.7946
vn 0.6557 0.1129 0.7465
vn 0.6671 0.1128 0.7364
vn 0.6075 0.0034 0.7943
vn 0.6076 0.0034 0.7942
vn 0.6723 0.1129 0.7316
vn 0.6650 0.1140 0.7381
vn 0.6073 0.0033 0.7945
vn 0.6063 0.0030 0.7952
vn 0.6414 0.1152 0.7585
vn 0.6069 0.1115 0.7869
vn 0.6538 0.1332 0.7448
vn 0.6078 0.0033 0.7941
vn 0.6571 0.0320 0.7531
vn 0.9308 0.2812 0.2337
vn 0.9131 0.3632 0.1856
vn -0.5189 0.0481 -0.8535
vn -0.6009 0.0034 -0.7994
vn 0.7610 0.4771 -0.4397
vn 0.7931 0.4245 -0.4369
vn -0.6054 0.0001 -0.7960
vn -0.6052 0.0003 -0.7960
vn -0.6054 0.0001 -0.7959
vn -0.6054 0.0003 -0.7960
vn -0.6014 0.0029 -0.7989
vn -0.5271 0.0417 -0.8488
vn 0.6052 -0.0008 0.7961
vn 0.6054 0.0024 0.7959
vn -0.6043 0.0059 -0.7967
vn -0.6052 0.0008 -0.7961
vn -0.6054 0.0006 -0.7960
vn -0.6109 -0.0613 -0.7893
vn 0.1374 0.9850 -0.1048
vn 0.1240 0.9847 -0.1223
vn 0.6165 0.1136 0.7791
vn 0.4404 0.8312 0.3395
vn 0.6054 -0.0006 0.7960
vn 0.6007 -0.0390 0.7985
vn -0.5508 -0.5891 -0.5913
vn -0.2659 -0.9546 -0.1344
vn -0.1231 -0.9905 0.0613
vn -0.1075 -0.9908 0.0820
vn -0.0592 -0.9877 0.1447
vn 0.1425 -0.9088 0.3921
vn -0.1015 0.9120 -0.3974
vn -0.5693 0.1820 -0.8018
vn 0.5044 -0.4157 0.7568
vn 0.1776 0.9828 -0.0511
vn -0.1907 0.9493 -0.2499
vn -0.1400 0.9474 -0.2877
vn -0.2104 0.9028 -0.3751
vn -0.2589 0.9044 -0.3392
vn 0.2526 0.8101 -0.5292
vn 0.1770 0.7817 -0.5981
vn 0.1024 0.7461 -0.6580
vn -0.2736 0.8490 -0.4520
vn -0.3192 0.8504 -0.4183
vn 0.1708 -0.9490 0.2649
vn -0.0214 -0.9172 0.3979
vn 0.0544 -0.8765 0.4783
vn 0.2400 -0.9041 0.3535
vn 0.1250 -0.8271 0.5480
vn 0.3014 -0.8502 0.4317
vn -0.0297 0.9988 -0.0389
vn 0.0233 0.9966 -0.0791
vn -0.0429 0.9854 -0.1647
vn -0.0954 0.9875 -0.1251
vn 0.4057 0.8400 -0.3603
vn 0.3467 0.8333 -0.4305
vn 0.7964 -0.0373 -0.6036
vn 0.7374 -0.4116 -0.5356
vn 0.7634 -0.4108 -0.4985
vn 0.7989 -0.0373 -0.6003
vn 0.3465 -0.9146 -0.2082
vn 0.4043 -0.9059 -0.1262
vn 0.4823 -0.8760 -0.0024
vn 0.8005 -0.4079 -0.4392
vn 0.8028 -0.0373 -0.5951
vn 0.0089 -0.9985 0.0547
vn -0.1870 -0.9615 0.2015
vn -0.1214 -0.9515 0.2828
vn 0.0748 -0.9872 0.1407
vn 0.7960 0.0019 -0.6052
vn 0.7964 -0.0011 -0.6048
vn 0.7941 0.0003 -0.6078
vn 0.7941 0.0032 -0.6078
vn -0.1225 -0.9794 -0.1606
vn -0.1433 -0.9792 -0.1435
vn -0.5728 -0.5302 -0.6251
vn -0.5087 -0.5449 -0.6666
vn -0.7965 -0.0574 0.6019
vn -0.7990 0.0042 0.6014
vn -0.8432 0.0546 0.5349
vn -0.8424 -0.0242 0.5384
vn -0.7997 0.0051 0.6004
vn -0.8497 0.0660 0.5231
vn -0.9093 0.4113 -0.0628
vn -0.9302 0.3670 0.0010
vn -0.9826 0.1850 0.0165
vn 0.8275 -0.4041 -0.3899
vn 0.8059 -0.0373 -0.5909
vn 0.5343 -0.8403 0.0917
vn 0.5774 -0.7964 0.1800
vn 0.8523 -0.3988 -0.3383
vn 0.8091 -0.0373 -0.5865
vn 0.1818 -0.7791 0.6000
vn 0.3486 -0.7982 0.4912
vn 0.2038 -0.7584 0.6192
vn 0.3663 -0.7760 0.5135
vn -0.3224 0.7973 -0.5103
vn -0.3653 0.7984 -0.4787
vn 0.0392 0.7103 -0.7028
vn 0.0094 0.6926 -0.7212
vn -0.3434 0.7720 -0.5348
vn -0.3848 0.7730 -0.5043
vn 0.8722 -0.3930 -0.2911
vn 0.8120 -0.0373 -0.5824
vn 0.6080 -0.7532 0.2512
vn 0.6187 -0.7344 0.2790
vn 0.8799 -0.3904 -0.2708
vn 0.8134 -0.0374 -0.5806
vn -0.0262 0.9991 -0.0343
vn 0.0257 0.9970 -0.0736
vn 0.0322 0.9977 -0.0598
vn -0.0184 0.9995 -0.0242
vn 0.4057 0.8423 -0.3550
vn 0.4036 0.8409 -0.3606
vn 0.1572 0.8391 -0.5207
vn -0.1516 0.9348 -0.3210
vn -0.2097 0.9384 -0.2748
vn -0.0058 -0.9994 0.0352
vn -0.2016 -0.9623 0.1825
vn -0.2312 -0.9622 0.1440
vn -0.0327 -0.9995 -0.0027
vn -0.3262 -0.9452 0.0135
vn 0.1576 -0.8006 0.5781
vn 0.3287 -0.8214 0.4661
vn 0.0151 -0.8994 0.4368
vn 0.2043 -0.9293 0.3078
vn -0.3228 0.7980 -0.5089
vn -0.3648 0.7990 -0.4780
vn 0.0330 0.7139 -0.6995
vn 0.1437 0.7836 -0.6044
vn -0.2278 0.8915 -0.3917
vn -0.2733 0.8928 -0.3582
vn 0.8636 -0.3969 -0.3109
vn 0.8110 -0.0379 -0.5839
vn 0.5952 -0.7727 0.2208
vn 0.5075 -0.8606 0.0428
vn 0.8130 -0.4088 -0.4146
vn 0.8045 -0.0386 -0.5927
vn -0.8672 -0.4974 0.0229
vn -0.6414 0.3396 -0.6880
vn 0.7942 -0.0374 -0.6066
vn 0.7303 -0.4112 -0.5455
vn 0.7065 -0.3895 -0.5909
vn 0.7638 -0.0171 -0.6452
vn 0.3332 -0.9154 -0.2257
vn 0.3052 -0.9155 -0.2622
vn 0.2067 -0.9012 -0.3809
vn 0.4330 -0.3773 -0.8186
vn 0.4573 0.1332 -0.8793
vn 0.3826 -0.7761 0.5013
vn 0.3458 -0.8216 0.4532
vn -0.5702 0.3412 -0.7473
vn -0.6081 0.7364 -0.2967
vn -0.3982 0.7729 -0.4941
vn -0.3783 0.7989 -0.4676
vn -0.5917 0.7602 -0.2682
vn -0.2880 0.8926 -0.3468
vn -0.5211 0.8425 -0.1367
vn 0.2237 -0.9295 0.2931
vn 0.0149 -0.9997 0.0195
vn -0.0138 -0.9997 -0.0181
vn 0.3192 -0.8503 0.4183
vn 0.3653 -0.7984 0.4787
vn -0.3263 0.9249 0.1951
vn -0.0432 0.9988 -0.0215
vn -0.0337 0.9994 -0.0113
vn -0.3317 0.9239 0.1905
vn -0.2289 0.9376 -0.2616
vn -0.4456 0.8910 -0.0877
vn -0.5648 0.8021 -0.1939
vn -0.3339 0.8502 -0.4070
vn -0.3791 0.7983 -0.4681
vn -0.5960 0.7580 -0.2649
vn 0.0297 -0.9988 0.0389
vn 0.0955 -0.9875 0.1251
vn 0.1907 -0.9493 0.2499
vn 0.2589 -0.9044 0.3392
vn -0.3308 0.9233 0.1952
vn -0.0471 0.9986 -0.0257
vn -0.1126 0.9873 -0.1120
vn -0.3890 0.9143 0.1129
vn -0.2071 0.9491 -0.2373
vn -0.4680 0.8836 -0.0116
vn -0.2745 0.9042 -0.3272
vn -0.5209 0.8470 -0.1059
vn 0.2505 -0.9465 0.2033
vn 0.3157 -0.9020 0.2946
vn 0.3725 -0.8483 0.3762
vn 0.0931 -0.9956 -0.0095
vn 0.1579 -0.9845 0.0769
vn 0.4153 -0.7967 0.4390
vn 0.4312 -0.7746 0.4627
vn 0.0781 -0.9965 -0.0286
vn 0.0472 -0.9969 -0.0624
vn -0.0525 -0.9762 -0.2103
vn 0.3973 -0.8198 0.4124
vn 0.2821 -0.9269 0.2474
vn -0.3180 -0.5024 -0.8040
vn -0.3306 0.3277 -0.8851
vn 0.3770 0.3156 -0.8708
vn -0.3237 0.5581 -0.7640
vn -0.3356 0.5623 -0.7557
vn 0.3480 0.3340 -0.8760
vn -0.4976 0.5721 -0.6520
vn -0.4965 0.5746 -0.6506
vn -0.5678 0.5508 -0.6117
vn -0.5053 0.5533 -0.6622
vn -0.6386 -0.5848 0.5002
vn -0.6951 -0.5591 0.4519
vn 0.4332 0.2724 -0.8592
vn -0.3009 0.5355 -0.7891
vn 0.7959 -0.0000 -0.6054
vn 0.7949 0.0034 -0.6067
vn 0.7952 0.0034 -0.6063
vn -0.5513 0.5700 -0.6093
vn 0.7544 0.0432 -0.6550
vn 0.7418 0.1464 -0.6544
vn 0.7865 0.1115 -0.6074
vn 0.2663 0.4395 -0.8579
vn -0.3217 -0.5293 0.7851
vn -0.3678 -0.5441 0.7541
vn -0.7642 -0.0597 0.6422
vn -0.7684 -0.0603 0.6371
vn -0.7795 -0.0610 0.6234
vn -0.4886 -0.5735 0.6576
vn 0.7959 -0.0001 -0.6054
vn 0.7960 -0.0001 -0.6053
vn 0.7960 -0.0004 -0.6053
vn 0.7961 -0.0005 -0.6051
vn -0.5178 -0.5752 0.6332
vn -0.4602 -0.5648 0.6850
vn -0.7824 -0.0596 0.6200
vn -0.7771 -0.0596 0.6265
vn -0.7716 -0.0596 0.6333
vn -0.3998 -0.5510 0.7325
vn -0.3450 -0.5361 0.7704
vn -0.7665 -0.0596 0.6395
vn -0.6274 -0.5856 0.5133
vn -0.5859 -0.5834 0.5625
vn -0.7927 -0.0596 0.6067
vn -0.7887 -0.0597 0.6119
vn 0.7953 0.0028 -0.6063
vn 0.7945 0.0033 -0.6073
vn 0.7942 0.0034 -0.6076
vn 0.7943 0.0034 -0.6075
vn 0.7946 0.0034 -0.6071
vn 0.7623 0.0312 -0.6465
vn 0.7941 0.0002 -0.6078
vn 0.7572 0.0378 -0.6521
vn 0.7956 0.0034 -0.6059
vn 0.7958 0.0034 -0.6056
vn -0.7959 -0.0000 0.6054
vn -0.7964 0.0055 0.6047
vn -0.7970 0.0055 0.6040
vn -0.7984 0.0055 0.6021
vn -0.7986 0.0055 0.6018
vn -0.7960 0.0055 0.6052
vn -0.7974 0.0055 0.6034
vn -0.7979 0.0055 0.6027
vn -0.7961 0.0005 0.6051
vn -0.7960 0.0001 0.6053
vn -0.7985 0.0056 0.6020
vn -0.7978 0.0058 0.6029
vn -0.5464 0.5728 -0.6111
vn -0.7959 0.0001 0.6054
vn -0.7960 0.0004 0.6053
vn -0.8002 0.0102 0.5997
vn -0.7920 0.1824 0.5827
vn -0.8383 0.2361 0.4915
vn -0.8529 0.0751 0.5167
vn -0.8308 0.5336 -0.1581
vn -0.8988 0.4282 -0.0939
vn -0.7962 0.0011 0.6051
vn -0.7970 0.0062 0.6039
vn 0.7960 -0.0009 -0.6053
vn 0.7986 -0.0388 -0.6006
vn -0.7960 0.0009 0.6053
vn -0.7892 -0.0605 0.6111
vn -0.1246 0.9787 -0.1633
vn -0.1408 0.9785 -0.1510
vn -0.5912 -0.5863 0.5539
vn -0.1318 -0.9539 0.2697
vn 0.0642 -0.9898 0.1269
vn 0.0849 -0.9902 0.1112
vn 0.1475 -0.9870 0.0631
vn 0.3949 -0.9081 -0.1392
vn -0.4030 0.9128 0.0663
vn 0.7586 -0.4134 -0.5036
vn -0.0749 0.9768 -0.2005
vn 0.3058 0.8381 -0.4517
vn -0.8054 0.1853 0.5631
vn -0.8352 0.1866 0.5173
vn 0.7672 0.1141 -0.6311
vn 0.7569 0.1140 -0.6435
vn 0.7460 0.1139 -0.6561
vn -0.5084 0.6299 -0.5872
vn -0.4695 0.6333 -0.6152
vn -0.8578 0.1821 0.4807
vn -0.8632 0.1792 0.4719
vn -0.8314 0.1802 0.5256
vn -0.8176 0.1805 0.5468
vn -0.8452 0.1797 0.5032
vn -0.8574 0.1792 0.4824
vn -0.7999 0.1808 0.5723
vn -0.7881 0.1809 0.5884
vn 0.7873 0.1142 -0.6059
vn 0.7795 0.1142 -0.6159
vn 0.7358 0.1138 -0.6676
vn 0.7306 0.1139 -0.6732
vn 0.7352 0.1155 -0.6679
vn 0.7539 0.1174 -0.6464
vn -0.3501 0.6208 -0.7015
vn 0.7768 0.1149 -0.6192
vn -0.0138 -0.9986 -0.0510
vn 0.1887 -0.9609 -0.2028
vn 0.1231 -0.9509 -0.2840
vn -0.0797 -0.9874 -0.1370
vn 0.0232 -0.9167 -0.3990
vn -0.1755 -0.9491 -0.2614
vn -0.0461 -0.9986 -0.0265
vn -0.1116 -0.9873 -0.1128
vn 0.1086 0.9874 0.1151
vn 0.0820 0.9874 0.1353
vn 0.1777 0.9492 0.2597
vn 0.2033 0.9492 0.2402
vn 0.0160 0.9987 0.0493
vn -0.3270 0.8948 0.3039
vn -0.2647 0.8868 0.3789
vn -0.1669 0.8589 0.4843
vn 0.2176 -0.9619 -0.1654
vn 0.6477 -0.5842 -0.4891
vn 0.6963 -0.5606 -0.4482
vn 0.2339 -0.9615 -0.1441
vn 0.7975 -0.0573 -0.6007
vn 0.8451 -0.0269 -0.5339
vn 0.9814 0.1794 0.0679
vn 0.8866 -0.4596 0.0508
vn 0.3471 -0.9377 0.0128
vn -0.7964 -0.0497 0.6027
vn -0.6969 -0.5158 0.4983
vn -0.7291 -0.5142 0.4517
vn -0.7997 -0.0497 0.5984
vn -0.2828 -0.9462 0.1575
vn -0.3429 -0.9365 0.0734
vn -0.4251 -0.9036 -0.0526
vn -0.7740 -0.5085 0.3772
vn -0.8048 -0.0497 0.5915
vn 0.3754 0.7989 0.4700
vn 0.3539 0.7989 0.4864
vn 0.3776 0.7685 0.5165
vn 0.3983 0.7686 0.5007
vn 0.3075 0.8504 0.4269
vn -0.0157 0.7837 0.6209
vn 0.0456 0.7429 0.6679
vn 0.0788 0.7183 0.6912
vn 0.0430 0.9987 0.0289
vn -0.8057 -0.5012 0.3157
vn -0.8089 -0.0497 0.5859
vn -0.4805 -0.8646 -0.1471
vn -0.5268 -0.8171 -0.2342
vn -0.8336 -0.4914 0.2523
vn -0.8131 -0.0497 0.5799
vn -0.0527 -0.8761 -0.4793
vn -0.2444 -0.9042 -0.3502
vn -0.1232 -0.8268 -0.5488
vn -0.3055 -0.8504 -0.4284
vn 0.2709 0.9043 0.3301
vn 0.2465 0.9043 0.3486
vn 0.3304 0.8504 0.4095
vn -0.0899 0.8252 0.5576
vn -0.3769 -0.7670 -0.5193
vn -0.2108 -0.7496 -0.6274
vn -0.0269 -0.8913 -0.4526
vn -0.2213 -0.9211 -0.3204
vn 0.1786 -0.9600 -0.2156
vn -0.0241 -0.9976 -0.0645
vn -0.8194 -0.0497 0.5711
vn -0.8659 -0.4736 0.1610
vn -0.7949 -0.5046 0.3369
vn -0.8075 -0.0501 0.5877
vn -0.5766 -0.7423 -0.3414
vn -0.4622 -0.8793 -0.1150
vn -0.2926 -0.9453 0.1441
vn -0.7018 -0.5163 0.4909
vn -0.7969 -0.0504 0.6020
vn -0.8548 -0.4808 0.1955
vn -0.8170 -0.0497 0.5745
vn -0.5599 -0.7710 -0.3033
vn -0.5759 -0.7437 -0.3395
vn -0.8654 -0.4739 0.1628
vn -0.8193 -0.0497 0.5713
vn -0.1796 -0.7793 -0.6004
vn -0.3521 -0.7988 -0.4877
vn -0.2093 -0.7511 -0.6261
vn -0.3758 -0.7686 -0.5178
vn 0.2877 0.8904 0.3526
vn 0.2638 0.8905 0.3708
vn 0.0440 0.9954 0.0857
vn 0.0707 0.9954 0.0654
vn 0.3827 0.7615 0.5231
vn 0.0865 0.7127 0.6961
vn -0.0686 0.8157 0.5744
vn -0.3011 0.8929 0.3348
vn -0.7935 0.0046 0.6086
vn -0.7936 0.0045 0.6085
vn -0.1982 0.3537 0.9141
vn 0.4858 0.5097 0.7101
vn 0.4871 0.5122 0.7074
vn -0.1711 0.3673 0.9142
vn 0.7996 0.0044 -0.6005
vn 0.7961 0.0010 -0.6051
vn 0.7964 0.0059 -0.6048
vn 0.7999 0.0094 -0.6001
vn 0.5529 0.5122 0.6573
vn 0.5558 0.5097 0.6567
vn 0.9133 0.3854 0.1316
vn 0.9039 0.3980 0.1569
vn 0.1292 -0.9708 0.2019
vn 0.1602 -0.9709 0.1781
vn 0.5871 -0.4212 0.6914
vn 0.5106 -0.4225 0.7489
vn 0.6215 0.3006 0.7234
vn -0.7925 -0.0492 0.6078
vn -0.6809 -0.5147 0.5211
vn -0.6569 -0.4921 0.5712
vn -0.7497 -0.0243 0.6613
vn -0.2552 -0.9472 0.1943
vn -0.2392 -0.9468 0.2152
vn -0.1185 -0.9242 0.3631
vn -0.2651 -0.4207 0.8676
vn -0.2778 0.1606 0.9471
vn 0.0156 -0.9998 -0.0124
vn 0.0289 -0.9996 0.0071
vn -0.0011 -0.9995 0.0301
vn -0.0165 -0.9998 0.0120
vn 0.7963 0.0006 -0.6049
vn 0.7966 0.0054 -0.6045
vn -0.7938 0.0045 0.6081
vn -0.7942 0.0046 0.6077
vn 0.0294 0.9995 0.0133
vn 0.0047 0.9995 0.0322
vn 0.2183 0.9239 0.3142
vn 0.2452 0.9239 0.2939
vn -0.0110 0.9998 0.0137
vn -0.3529 0.8945 0.2744
vn -0.3259 0.8949 0.3048
vn -0.0628 0.8612 0.5044
vn 0.3111 0.9224 -0.2289
vn 0.0158 0.9999 -0.0066
vn 0.3341 0.9224 -0.1939
vn 0.4668 0.8774 0.1104
vn 0.6150 0.7258 0.3081
vn 0.4032 0.7615 0.5074
vn 0.5341 0.8355 0.1291
vn 0.3575 0.9198 -0.1617
vn 0.4700 0.8826 0.0097
vn 0.5228 0.8461 0.1039
vn 0.5665 0.8014 0.1918
vn 0.5974 0.7578 0.2623
vn 0.6122 0.7318 0.2995
vn 0.3331 0.9221 -0.1969
vn 0.3911 0.9132 -0.1147
vn -0.2062 -0.9491 -0.2380
vn -0.2736 -0.9042 -0.3279
vn -0.3330 -0.8503 -0.4075
vn -0.2511 -0.9210 -0.2977
vn -0.4017 -0.7670 -0.5004
vn -0.0564 -0.9976 -0.0400
vn -0.3779 -0.7988 -0.4681
vn -0.4006 -0.7685 -0.4989
vn 0.5325 0.3006 0.7913
vn -0.8202 -0.0497 0.5699
vn -0.2546 0.3175 0.9135
vn 0.4870 0.4912 0.7222
vn 0.5669 0.4913 0.6612
vn 0.7990 0.0037 -0.6014
vn 0.7959 0.0008 -0.6054
vn 0.7941 -0.0594 -0.6049
vn 0.7921 -0.0598 -0.6075
vn 0.7959 0.0003 -0.6054
vn 0.3123 -0.5264 -0.7908
vn 0.4800 -0.5694 -0.6674
vn 0.7633 -0.0596 -0.6433
vn 0.7789 -0.0599 -0.6243
vn 0.6208 -0.5860 -0.5209
vn 0.9335 0.3501 0.0779
vn 0.4000 -0.5510 -0.7324
vn 0.3456 -0.5362 -0.7701
vn 0.7716 -0.0596 -0.6333
vn 0.7665 -0.0596 -0.6395
vn 0.7635 -0.0596 -0.6431
vn 0.3141 -0.5268 -0.7898
vn 0.5178 -0.5752 -0.6332
vn 0.4602 -0.5648 -0.6850
vn 0.7824 -0.0596 -0.6200
vn 0.7771 -0.0596 -0.6265
vn -0.7959 -0.0001 0.6054
vn -0.7960 -0.0001 0.6053
vn -0.7959 -0.0003 0.6054
vn -0.7963 -0.0007 0.6048
vn 0.6274 -0.5856 -0.5133
vn 0.5859 -0.5834 -0.5625
vn 0.7927 -0.0596 -0.6067
vn 0.7887 -0.0596 -0.6119
vn -0.7936 0.0046 0.6085
vn -0.7948 0.0042 0.6069
vn 0.7621 -0.0596 -0.6447
vn -0.3854 -0.7553 -0.5300
vn -0.4098 -0.7553 -0.5114
vn -0.2217 -0.7387 -0.6365
vn 0.3872 0.7553 0.5287
vn 0.4075 0.7553 0.5132
vn -0.8697 -0.4707 0.1485
vn -0.5822 -0.7317 -0.3545
vn 0.0927 0.7075 0.7006
vn 0.6180 0.7204 0.3150
vn 0.3003 -0.5225 -0.7980
vn -0.7961 0.0035 0.6052
vn -0.7954 0.0046 0.6060
vn -0.7958 0.0045 0.6056
vn -0.7950 0.0045 0.6066
vn 0.7987 0.0055 -0.6017
vn 0.7986 0.0055 -0.6018
vn -0.7946 0.0046 0.6072
vn 0.7964 0.0055 -0.6047
vn 0.7970 0.0055 -0.6040
vn 0.7974 0.0055 -0.6034
vn 0.7979 0.0055 -0.6027
vn 0.7960 0.0055 -0.6052
vn 0.7984 0.0055 -0.6022
vn -0.7961 -0.0010 0.6051
vn -0.7963 0.0030 0.6049
vn 0.7959 0.0001 -0.6054
vn 0.7960 0.0001 -0.6053
vn 0.8658 0.1788 -0.4674
vn 0.8350 0.1793 -0.5203
vn 0.7977 0.0053 -0.6031
vn 0.7938 0.1780 -0.5815
vn -0.7933 0.0009 0.6088
vn -0.7959 -0.0008 0.6054
vn -0.7934 0.0008 0.6087
vn -0.7952 -0.0505 0.6042
vn -0.7933 0.0049 0.6088
vn 0.4729 0.5677 0.6739
vn 0.5246 0.5674 0.6346
vn 0.8456 0.4934 0.2038
vn -0.3466 0.8951 0.2806
vn -0.7867 0.1465 0.5997
vn -0.7844 0.1473 0.6025
vn -0.7793 0.1480 0.6089
vn -0.7415 0.0456 0.6694
vn -0.7382 0.0521 0.6726
vn 0.8573 0.1792 -0.4827
vn 0.8452 0.1797 -0.5033
vn 0.8642 0.1788 -0.4704
vn 0.8314 0.1802 -0.5256
vn 0.8176 0.1806 -0.5468
vn 0.7999 0.1808 -0.5723
vn 0.7881 0.1809 -0.5884
vn -0.7554 0.1513 0.6376
vn -0.7415 0.1511 0.6537
vn -0.7268 0.1509 0.6701
vn 0.8671 0.1786 -0.4649
vn -0.7822 0.1515 0.6043
vn -0.7719 0.1515 0.6175
vn -0.7029 0.1504 0.6952
vn -0.7388 0.1502 0.6570
vn -0.7130 0.1505 0.6848
vn -0.7048 0.1503 0.6933
vn 0.7879 0.1798 -0.5889
vn 0.7857 0.1775 -0.5926
vn 0.3157 0.9227 -0.2211
vn -0.1060 0.4634 0.8798
vn -0.7011 0.1503 0.6971
vn 0.8392 0.2270 -0.4942
vn 0.8545 0.0667 -0.5151
vn -0.7211 0.1871 0.6671
vn 0.8519 0.0588 -0.5204
vn -0.7477 0.0386 0.6629
vn 0.8461 0.0497 -0.5307
vn -0.0228 -0.9997 0.0040
vn -0.2614 -0.9471 0.1861
vn 0.0095 -0.9997 -0.0206
vn -0.0040 0.9997 0.0230
vn 0.0229 0.9997 0.0025
vn 0.2114 -0.9619 -0.1735
vn -0.6849 -0.5165 0.5140
vn 0.6410 -0.5861 -0.4955
vn 0.6142 -0.0843 0.7846
vn 0.6169 -0.0000 0.7870
vn 0.5989 -0.0000 0.8008
vn 0.5972 -0.0842 0.7976
vn 0.7830 -0.0841 -0.6163
vn 0.7853 -0.0000 -0.6191
vn 0.8025 -0.0000 -0.5967
vn 0.7992 -0.0841 -0.5952
vn -0.6142 -0.0843 -0.7846
vn -0.6169 -0.0000 -0.7870
vn -0.5989 -0.0000 -0.8008
vn -0.5973 -0.0842 -0.7976
vn -0.7830 -0.0841 0.6163
vn -0.7853 -0.0000 0.6191
vn -0.8025 -0.0000 0.5966
vn -0.7992 -0.0841 0.5952
vn -0.0004 -0.9998 0.0179
vn 0.4233 -0.7071 0.5664
vn -0.1074 -0.5773 0.8094
vn -0.5552 -0.7071 0.4380
vn -0.1313 -0.0641 0.9893
vn -0.0174 -0.9998 -0.0043
vn -0.5677 -0.7071 0.4217
vn -0.8094 -0.5773 -0.1074
vn -0.4364 -0.7071 -0.5564
vn -0.9893 -0.0641 -0.1313
vn 0.0175 -0.9998 0.0043
vn 0.5676 -0.7071 -0.4217
vn 0.8094 -0.5773 0.1074
vn 0.4364 -0.7071 0.5564
vn 0.9893 -0.0641 0.1313
vn 0.0004 -0.9998 -0.0180
vn -0.4233 -0.7071 -0.5665
vn 0.1074 -0.5774 -0.8094
vn 0.5552 -0.7071 -0.4380
vn 0.1313 -0.0640 -0.9893
vn -0.1316 -0.0000 0.9913
vn -0.9913 -0.0000 -0.1316
vn 0.1316 -0.0000 -0.9913
vn 0.9913 -0.0000 0.1316
vn 0.7880 -0.0842 -0.6098
vn 0.7904 -0.0000 -0.6125
vn 0.8041 -0.0000 -0.5944
vn 0.8009 -0.0842 -0.5928
vn -0.6119 -0.0841 -0.7864
vn -0.6147 -0.0000 -0.7888
vn -0.5922 -0.0001 -0.8058
vn -0.5907 -0.0841 -0.8025
vn -0.7880 -0.0842 0.6098
vn -0.7904 -0.0000 0.6125
vn -0.8042 -0.0000 0.5944
vn -0.8009 -0.0842 0.5928
vn 0.6119 -0.0841 0.7864
vn 0.6147 -0.0000 0.7888
vn 0.5922 -0.0001 0.8058
vn 0.5907 -0.0841 0.8025
vn 0.0179 -0.9998 0.0005
vn 0.5688 -0.7070 -0.4202
vn 0.8088 -0.5773 0.1119
vn 0.4349 -0.7071 0.5576
vn 0.9885 -0.0641 0.1368
vn -0.0044 -0.9998 0.0174
vn 0.4185 -0.7071 0.5700
vn -0.1119 -0.5773 0.8088
vn -0.5588 -0.7071 0.4333
vn -0.1368 -0.0641 0.9885
vn 0.0044 -0.9998 -0.0174
vn -0.4186 -0.7071 -0.5700
vn 0.1119 -0.5773 -0.8088
vn 0.5588 -0.7071 -0.4333
vn 0.1368 -0.0640 -0.9885
vn -0.0179 -0.9998 -0.0005
vn -0.5688 -0.7071 0.4202
vn -0.8088 -0.5773 -0.1119
vn -0.4349 -0.7071 -0.5576
vn -0.9885 -0.0641 -0.1368
vn 0.9906 -0.0000 0.1371
vn -0.1371 -0.0000 0.9906
vn -0.9906 -0.0000 -0.1371
vn 0.1371 -0.0000 -0.9906
vn -0.6093 -0.0842 -0.7885
vn -0.6119 -0.0000 -0.7909
vn -0.5938 -0.0000 -0.8046
vn -0.5922 -0.0843 -0.8014
vn -0.7869 -0.0841 0.6114
vn -0.7892 -0.0000 0.6141
vn -0.8062 -0.0000 0.5916
vn -0.8029 -0.0841 0.5901
vn 0.6093 -0.0842 0.7885
vn 0.6120 -0.0000 0.7909
vn 0.5938 -0.0001 0.8046
vn 0.5922 -0.0842 0.8013
vn 0.7869 -0.0841 -0.6114
vn 0.7892 -0.0000 -0.6142
vn 0.8062 -0.0000 -0.5916
vn 0.8029 -0.0841 -0.5901
vn 0.0005 -0.9998 -0.0179
vn -0.4198 -0.7071 -0.5691
vn 0.1125 -0.5773 -0.8087
vn 0.5579 -0.7071 -0.4345
vn 0.1375 -0.0641 -0.9884
vn 0.0174 -0.9998 0.0044
vn 0.5703 -0.7071 -0.4181
vn 0.8087 -0.5773 0.1125
vn 0.4329 -0.7071 0.5591
vn 0.9884 -0.0641 0.1375
vn -0.0174 -0.9998 -0.0044
vn -0.5703 -0.7070 0.4181
vn -0.8087 -0.5773 -0.1125
vn -0.4329 -0.7071 -0.5591
vn -0.9884 -0.0640 -0.1375
vn -0.0005 -0.9998 0.0179
vn 0.4197 -0.7071 0.5691
vn -0.1125 -0.5774 0.8087
vn -0.5579 -0.7071 0.4345
vn -0.1375 -0.0641 0.9884
vn 0.1378 -0.0000 -0.9905
vn 0.9905 -0.0000 0.1378
vn -0.1378 -0.0000 0.9905
vn -0.9905 -0.0000 -0.1378
vn -0.7932 -0.0842 0.6031
vn -0.7956 -0.0000 0.6058
vn -0.8092 -0.0000 0.5875
vn -0.8059 -0.0842 0.5860
vn 0.6052 -0.0841 0.7916
vn 0.6080 -0.0000 0.7940
vn 0.5853 -0.0000 0.8108
vn 0.5839 -0.0841 0.8075
vn 0.7932 -0.0842 -0.6031
vn 0.7956 -0.0000 -0.6058
vn 0.8092 -0.0000 -0.5876
vn 0.8059 -0.0842 -0.5860
vn -0.6052 -0.0841 -0.7916
vn -0.6080 -0.0000 -0.7940
vn -0.5853 -0.0000 -0.8108
vn -0.5839 -0.0841 -0.8075
vn -0.0179 -0.9998 -0.0007
vn -0.5723 -0.7071 0.4153
vn -0.8078 -0.5773 -0.1188
vn -0.4302 -0.7071 -0.5613
vn -0.9873 -0.0641 -0.1452
vn 0.0045 -0.9998 -0.0174
vn -0.4137 -0.7070 -0.5736
vn 0.1188 -0.5774 -0.8078
vn 0.5625 -0.7071 -0.4285
vn 0.1452 -0.0641 -0.9873
vn -0.0045 -0.9998 0.0174
vn 0.4137 -0.7071 0.5735
vn -0.1188 -0.5774 0.8078
vn -0.5625 -0.7071 0.4285
vn -0.1452 -0.0641 0.9873
vn 0.0180 -0.9998 0.0007
vn 0.5723 -0.7071 -0.4153
vn 0.8078 -0.5774 0.1188
vn 0.4301 -0.7071 0.5613
vn 0.9873 -0.0640 0.1452
vn -0.9894 -0.0000 -0.1455
vn 0.1455 -0.0000 -0.9894
vn 0.9894 -0.0000 0.1455
vn -0.1455 -0.0000 0.9894
vt 0.832549 0.449655
vt 0.832549 0.412527
vt 0.834974 0.412527
vt 0.834974 0.449655
vt 0.832549 0.375398
vt 0.834974 0.375398
vt 0.836602 0.375398
vt 0.836602 0.412527
vt 0.836602 0.449655
vt 0.838327 0.412527
vt 0.838327 0.449655
vt 0.838327 0.375398
vt 0.840821 0.375398
vt 0.840821 0.412527
vt 0.840821 0.449655
vt 0.832549 0.523913
vt 0.832549 0.486784
vt 0.834974 0.486784
vt 0.834974 0.523913
vt 0.836602 0.486784
vt 0.836602 0.523913
vt 0.838327 0.486784
vt 0.838327 0.523913
vt 0.840821 0.486784
vt 0.840821 0.523913
vt 0.832549 0.598171
vt 0.832549 0.561042
vt 0.834974 0.561042
vt 0.834974 0.598171
vt 0.836602 0.561042
vt 0.836602 0.598171
vt 0.838327 0.561042
vt 0.838327 0.598171
vt 0.840821 0.561042
vt 0.840821 0.598171
vt 0.832549 0.672427
vt 0.832549 0.635299
vt 0.834974 0.635299
vt 0.834974 0.672427
vt 0.836602 0.635299
vt 0.836602 0.672427
vt 0.838327 0.635299
vt 0.838327 0.672427
vt 0.840821 0.635299
vt 0.840821 0.672427
vt 0.832549 0.746685
vt 0.832549 0.709556
vt 0.834974 0.709556
vt 0.834974 0.746685
vt 0.836602 0.709556
vt 0.836602 0.746685
vt 0.838327 0.709556
vt 0.838327 0.746685
vt 0.840821 0.709556
vt 0.840821 0.746685
vt 0.832549 0.820942
vt 0.832549 0.783813
vt 0.834974 0.783813
vt 0.834974 0.820942
vt 0.836602 0.783813
vt 0.836602 0.820942
vt 0.838327 0.783813
vt 0.838327 0.820942
vt 0.840821 0.783813
vt 0.840821 0.820942
vt 0.832549 0.895199
vt 0.832549 0.858071
vt 0.834974 0.858071
vt 0.834974 0.895199
vt 0.836602 0.858071
vt 0.836602 0.895199
vt 0.838327 0.858071
vt 0.838327 0.895199
vt 0.840821 0.858071
vt 0.840821 0.895199
vt 0.877698 0.078380
vt 0.877698 0.041252
vt 0.880123 0.041252
vt 0.880123 0.078380
vt 0.877698 0.004125
vt 0.880123 0.004125
vt 0.881751 0.004125
vt 0.881751 0.041252
vt 0.881751 0.078380
vt 0.883476 0.041252
vt 0.883476 0.078380
vt 0.883476 0.004125
vt 0.885970 0.004125
vt 0.885970 0.041252
vt 0.885970 0.078380
vt 0.877698 0.152635
vt 0.877698 0.115507
vt 0.880123 0.115507
vt 0.880123 0.152635
vt 0.881751 0.115507
vt 0.881751 0.152635
vt 0.883476 0.115507
vt 0.883476 0.152635
vt 0.885970 0.115508
vt 0.885970 0.152635
vt 0.877698 0.226891
vt 0.877698 0.189763
vt 0.880123 0.189763
vt 0.880123 0.226891
vt 0.881751 0.189763
vt 0.881751 0.226891
vt 0.883476 0.189763
vt 0.883476 0.226891
vt 0.885970 0.189763
vt 0.885970 0.226891
vt 0.877698 0.301146
vt 0.877698 0.264019
vt 0.880123 0.264019
vt 0.880123 0.301146
vt 0.881751 0.264019
vt 0.881751 0.301146
vt 0.883476 0.264019
vt 0.883476 0.301146
vt 0.885970 0.264018
vt 0.885970 0.301146
vt 0.877698 0.375401
vt 0.877698 0.338274
vt 0.880123 0.338274
vt 0.880123 0.375401
vt 0.881751 0.338274
vt 0.881751 0.375401
vt 0.883476 0.338274
vt 0.883476 0.375401
vt 0.885970 0.338274
vt 0.885970 0.375401
vt 0.877698 0.449656
vt 0.877698 0.412529
vt 0.880123 0.412529
vt 0.880123 0.449656
vt 0.881751 0.412529
vt 0.881751 0.449656
vt 0.883476 0.412529
vt 0.883476 0.449656
vt 0.885970 0.412529
vt 0.885970 0.449656
vt 0.877698 0.523912
vt 0.877698 0.486784
vt 0.880123 0.486784
vt 0.880123 0.523912
vt 0.881751 0.486784
vt 0.881751 0.523912
vt 0.883476 0.486784
vt 0.883476 0.523912
vt 0.885970 0.486784
vt 0.885970 0.523912
vt 0.877698 0.598167
vt 0.877698 0.561040
vt 0.880123 0.561040
vt 0.880123 0.598167
vt 0.881751 0.561040
vt 0.881751 0.598167
vt 0.883476 0.561040
vt 0.883476 0.598167
vt 0.885970 0.561039
vt 0.885970 0.598167
vt 0.877698 0.672423
vt 0.877698 0.635295
vt 0.880123 0.635295
vt 0.880123 0.672423
vt 0.881751 0.635295
vt 0.881751 0.672423
vt 0.883476 0.635295
vt 0.883476 0.672423
vt 0.885970 0.635295
vt 0.885970 0.672423
vt 0.877698 0.746679
vt 0.877698 0.709551
vt 0.880123 0.709551
vt 0.880123 0.746679
vt 0.881751 0.709551
vt 0.881751 0.746679
vt 0.883476 0.709551
vt 0.883476 0.746679
vt 0.885970 0.709551
vt 0.885970 0.746679
vt 0.877698 0.820935
vt 0.877698 0.783807
vt 0.880123 0.783807
vt 0.880123 0.820935
vt 0.881751 0.783807
vt 0.881751 0.820935
vt 0.883476 0.783807
vt 0.883476 0.820935
vt 0.885970 0.783807
vt 0.885970 0.820935
vt 0.877698 0.895190
vt 0.877698 0.858063
vt 0.880123 0.858063
vt 0.880123 0.895190
vt 0.881751 0.858063
vt 0.881751 0.895190
vt 0.883476 0.858063
vt 0.883476 0.895190
vt 0.885970 0.858063
vt 0.885970 0.895190
vt 0.832549 0.078369
vt 0.832549 0.041240
vt 0.834974 0.041240
vt 0.834974 0.078369
vt 0.832549 0.004112
vt 0.834974 0.004112
vt 0.836602 0.004112
vt 0.836602 0.041240
vt 0.836602 0.078369
vt 0.838327 0.041240
vt 0.838327 0.078369
vt 0.838327 0.004112
vt 0.840821 0.004112
vt 0.840821 0.041240
vt 0.840821 0.078369
vt 0.832549 0.152626
vt 0.832549 0.115498
vt 0.834974 0.115498
vt 0.834974 0.152626
vt 0.836602 0.115498
vt 0.836602 0.152626
vt 0.838327 0.115498
vt 0.838327 0.152626
vt 0.840821 0.115498
vt 0.840821 0.152626
vt 0.832549 0.226884
vt 0.832549 0.189755
vt 0.834974 0.189755
vt 0.834974 0.226884
vt 0.836602 0.189755
vt 0.836602 0.226884
vt 0.838327 0.189755
vt 0.838327 0.226884
vt 0.840821 0.189755
vt 0.840821 0.226884
vt 0.832549 0.301141
vt 0.832549 0.264012
vt 0.834974 0.264012
vt 0.834974 0.301141
vt 0.836602 0.264012
vt 0.836602 0.301141
vt 0.838327 0.264012
vt 0.838327 0.301141
vt 0.840821 0.264012
vt 0.840821 0.301141
vt 0.828701 0.820942
vt 0.828701 0.783813
vt 0.824855 0.820942
vt 0.824855 0.783813
vt 0.824855 0.746685
vt 0.828701 0.746685
vt 0.832549 0.338270
vt 0.834974 0.338270
vt 0.836602 0.338270
vt 0.838327 0.338270
vt 0.840821 0.338270
vt 0.423468 0.048053
vt 0.452004 0.069154
vt 0.274838 0.274837
vt 0.824855 0.375398
vt 0.824855 0.412527
vt 0.822330 0.412527
vt 0.822330 0.375398
vt 0.824855 0.449656
vt 0.822330 0.449655
vt 0.820437 0.449655
vt 0.820437 0.412527
vt 0.820437 0.375398
vt 0.818647 0.412527
vt 0.818647 0.375398
vt 0.818647 0.449655
vt 0.816865 0.449655
vt 0.816865 0.412527
vt 0.816865 0.375398
vt 0.814825 0.412527
vt 0.814825 0.375398
vt 0.814825 0.449655
vt 0.811625 0.449656
vt 0.811625 0.412527
vt 0.811625 0.375398
vt 0.824855 0.486784
vt 0.822330 0.486784
vt 0.824855 0.523913
vt 0.822330 0.523913
vt 0.820437 0.523913
vt 0.820437 0.486784
vt 0.818647 0.486784
vt 0.818647 0.523913
vt 0.816865 0.523913
vt 0.816865 0.486784
vt 0.814825 0.486784
vt 0.814825 0.523913
vt 0.811625 0.523913
vt 0.811625 0.486784
vt 0.824855 0.561042
vt 0.822330 0.561042
vt 0.824855 0.598170
vt 0.822330 0.598171
vt 0.820437 0.598171
vt 0.820437 0.561042
vt 0.818647 0.561042
vt 0.818647 0.598171
vt 0.816865 0.598171
vt 0.816865 0.561042
vt 0.814825 0.561042
vt 0.814825 0.598171
vt 0.811625 0.598170
vt 0.811625 0.561042
vt 0.824855 0.635299
vt 0.822330 0.635299
vt 0.824855 0.672427
vt 0.822330 0.672427
vt 0.820437 0.672427
vt 0.820437 0.635299
vt 0.818647 0.635299
vt 0.818647 0.672427
vt 0.816865 0.672427
vt 0.816865 0.635299
vt 0.814825 0.635299
vt 0.814825 0.672427
vt 0.811625 0.672427
vt 0.811625 0.635299
vt 0.824855 0.709556
vt 0.822330 0.709556
vt 0.822330 0.746685
vt 0.820437 0.746685
vt 0.820437 0.709556
vt 0.818647 0.709556
vt 0.818647 0.746685
vt 0.816865 0.746685
vt 0.816865 0.709556
vt 0.814825 0.709556
vt 0.814825 0.746685
vt 0.811625 0.746685
vt 0.811625 0.709556
vt 0.822330 0.783813
vt 0.822330 0.820942
vt 0.820437 0.820942
vt 0.820437 0.783813
vt 0.818647 0.783813
vt 0.818647 0.820942
vt 0.816865 0.820942
vt 0.816865 0.783813
vt 0.814825 0.783813
vt 0.814825 0.820942
vt 0.811625 0.820942
vt 0.811625 0.783813
vt 0.824855 0.858071
vt 0.822330 0.858071
vt 0.824855 0.895199
vt 0.822330 0.895199
vt 0.820437 0.895199
vt 0.820437 0.858071
vt 0.818647 0.858071
vt 0.818647 0.895199
vt 0.816865 0.895199
vt 0.816865 0.858071
vt 0.814825 0.858071
vt 0.814825 0.895199
vt 0.811625 0.895199
vt 0.811625 0.858071
vt 0.870004 0.004125
vt 0.870004 0.041252
vt 0.867479 0.041252
vt 0.867479 0.004125
vt 0.870004 0.078380
vt 0.867479 0.078380
vt 0.865586 0.078380
vt 0.865586 0.041252
vt 0.865586 0.004125
vt 0.863796 0.041252
vt 0.863796 0.004125
vt 0.863796 0.078380
vt 0.862013 0.078380
vt 0.862013 0.041252
vt 0.862013 0.004125
vt 0.859974 0.041252
vt 0.859974 0.004125
vt 0.859974 0.078380
vt 0.856774 0.078380
vt 0.856774 0.041252
vt 0.856774 0.004125
vt 0.870004 0.115507
vt 0.867479 0.115507
vt 0.870004 0.152635
vt 0.867479 0.152635
vt 0.865586 0.152635
vt 0.865586 0.115507
vt 0.863796 0.115507
vt 0.863796 0.152635
vt 0.862013 0.152635
vt 0.862013 0.115507
vt 0.859974 0.115507
vt 0.859974 0.152635
vt 0.856774 0.152635
vt 0.856774 0.115508
vt 0.870004 0.189764
vt 0.867479 0.189763
vt 0.870004 0.226891
vt 0.867479 0.226891
vt 0.865586 0.226891
vt 0.865586 0.189763
vt 0.863796 0.189763
vt 0.863796 0.226891
vt 0.862013 0.226891
vt 0.862013 0.189763
vt 0.859974 0.189763
vt 0.859974 0.226891
vt 0.856774 0.226891
vt 0.856774 0.189763
vt 0.870004 0.264019
vt 0.867479 0.264019
vt 0.870004 0.301146
vt 0.867479 0.301146
vt 0.865586 0.301146
vt 0.865586 0.264019
vt 0.863796 0.264019
vt 0.863796 0.301146
vt 0.862013 0.301146
vt 0.862013 0.264019
vt 0.859974 0.264019
vt 0.859974 0.301146
vt 0.856774 0.301146
vt 0.856774 0.264018
vt 0.870004 0.338274
vt 0.867479 0.338274
vt 0.870004 0.375401
vt 0.867479 0.375401
vt 0.865586 0.375401
vt 0.865586 0.338274
vt 0.863796 0.338274
vt 0.863796 0.375401
vt 0.862013 0.375401
vt 0.862013 0.338274
vt 0.859974 0.338274
vt 0.859974 0.375401
vt 0.856774 0.375401
vt 0.856774 0.338274
vt 0.870004 0.412529
vt 0.867479 0.412529
vt 0.870004 0.449656
vt 0.867479 0.449656
vt 0.865586 0.449656
vt 0.865586 0.412529
vt 0.863796 0.412529
vt 0.863796 0.449656
vt 0.862013 0.449656
vt 0.862013 0.412529
vt 0.859974 0.412529
vt 0.859974 0.449656
vt 0.856774 0.449656
vt 0.856774 0.412529
vt 0.870004 0.486784
vt 0.867479 0.486784
vt 0.870004 0.523912
vt 0.867479 0.523912
vt 0.865586 0.523912
vt 0.865586 0.486784
vt 0.863796 0.486784
vt 0.863796 0.523912
vt 0.862013 0.523912
vt 0.862013 0.486784
vt 0.859974 0.486784
vt 0.859974 0.523912
vt 0.856774 0.523912
vt 0.856774 0.486784
vt 0.870004 0.561040
vt 0.867479 0.561040
vt 0.870004 0.598167
vt 0.867479 0.598167
vt 0.865586 0.598167
vt 0.865586 0.561040
vt 0.863796 0.561040
vt 0.863796 0.598167
vt 0.862013 0.598167
vt 0.862013 0.561040
vt 0.859974 0.561040
vt 0.859974 0.598167
vt 0.856774 0.598167
vt 0.856774 0.561039
vt 0.870004 0.635295
vt 0.867479 0.635295
vt 0.870004 0.672423
vt 0.867479 0.672423
vt 0.865586 0.672423
vt 0.865586 0.635295
vt 0.863796 0.635295
vt 0.863796 0.672423
vt 0.862013 0.672423
vt 0.862013 0.635295
vt 0.859974 0.635295
vt 0.859974 0.672423
vt 0.856774 0.672423
vt 0.856774 0.635295
vt 0.870004 0.709551
vt 0.867479 0.709551
vt 0.870004 0.746679
vt 0.867479 0.746679
vt 0.865586 0.746679
vt 0.865586 0.709551
vt 0.863796 0.709551
vt 0.863796 0.746679
vt 0.862013 0.746679
vt 0.862013 0.709551
vt 0.859974 0.709551
vt 0.859974 0.746679
vt 0.856774 0.746679
vt 0.856774 0.709551
vt 0.870004 0.783807
vt 0.867479 0.783807
vt 0.870004 0.820935
vt 0.867479 0.820935
vt 0.865586 0.820935
vt 0.865586 0.783807
vt 0.863796 0.783807
vt 0.863796 0.820935
vt 0.862013 0.820935
vt 0.862013 0.783807
vt 0.859974 0.783807
vt 0.859974 0.820935
vt 0.856774 0.820935
vt 0.856774 0.783807
vt 0.870004 0.858063
vt 0.867479 0.858063
vt 0.870004 0.895190
vt 0.867479 0.895190
vt 0.865586 0.895190
vt 0.865586 0.858063
vt 0.863796 0.858063
vt 0.863796 0.895190
vt 0.862013 0.895190
vt 0.862013 0.858063
vt 0.859974 0.858063
vt 0.859974 0.895190
vt 0.856774 0.895190
vt 0.856774 0.858063
vt 0.824855 0.004112
vt 0.824855 0.041240
vt 0.822330 0.041240
vt 0.822330 0.004112
vt 0.824855 0.078369
vt 0.822330 0.078369
vt 0.820437 0.078369
vt 0.820437 0.041240
vt 0.820437 0.004112
vt 0.818647 0.041240
vt 0.818647 0.004112
vt 0.818647 0.078369
vt 0.816865 0.078369
vt 0.816865 0.041240
vt 0.816865 0.004112
vt 0.814825 0.041240
vt 0.814825 0.004112
vt 0.814825 0.078369
vt 0.811625 0.078369
vt 0.811625 0.041240
vt 0.811625 0.004112
vt 0.824855 0.115498
vt 0.822330 0.115498
vt 0.824855 0.152626
vt 0.822330 0.152626
vt 0.820437 0.152626
vt 0.820437 0.115498
vt 0.818647 0.115498
vt 0.818647 0.152626
vt 0.816865 0.152626
vt 0.816865 0.115498
vt 0.814825 0.115498
vt 0.814825 0.152626
vt 0.811625 0.152626
vt 0.811625 0.115498
vt 0.824855 0.189755
vt 0.822330 0.189755
vt 0.824855 0.226884
vt 0.822330 0.226884
vt 0.820437 0.226884
vt 0.820437 0.189755
vt 0.818647 0.189755
vt 0.818647 0.226884
vt 0.816865 0.226884
vt 0.816865 0.189755
vt 0.814825 0.189755
vt 0.814825 0.226884
vt 0.811625 0.226884
vt 0.811625 0.189755
vt 0.824855 0.264012
vt 0.822330 0.264012
vt 0.824855 0.301141
vt 0.822330 0.301141
vt 0.820437 0.301141
vt 0.820437 0.264012
vt 0.818647 0.264012
vt 0.818647 0.301141
vt 0.816865 0.301141
vt 0.816865 0.264012
vt 0.814825 0.264012
vt 0.814825 0.301141
vt 0.811625 0.301141
vt 0.811625 0.264012
vt 0.824855 0.338270
vt 0.822330 0.338270
vt 0.820437 0.338270
vt 0.818647 0.338270
vt 0.816865 0.338270
vt 0.814825 0.338270
vt 0.811625 0.338270
vt 0.675942 0.757695
vt 0.653309 0.763977
vt 0.618241 0.587768
vt 0.828701 0.004112
vt 0.828701 0.041240
vt 0.828701 0.078369
vt 0.873850 0.820935
vt 0.873850 0.858063
vt 0.873850 0.895190
vt 0.873850 0.746679
vt 0.873850 0.783807
vt 0.873850 0.301146
vt 0.873850 0.338274
vt 0.873850 0.375401
vt 0.873850 0.264019
vt 0.873850 0.226891
vt 0.873850 0.189763
vt 0.873850 0.152635
vt 0.873850 0.115507
vt 0.873850 0.078380
vt 0.873850 0.041252
vt 0.873850 0.004125
vt 0.828701 0.895199
vt 0.828701 0.858071
vt 0.828701 0.709556
vt 0.828701 0.672427
vt 0.072577 0.455423
vt 0.050475 0.427656
vt 0.097672 0.480519
vt 0.848527 0.412527
vt 0.848527 0.449656
vt 0.848527 0.375398
vt 0.126208 0.501619
vt 0.156944 0.519364
vt 0.848527 0.486784
vt 0.848527 0.523913
vt 0.189969 0.532360
vt 0.224249 0.541545
vt 0.848527 0.561042
vt 0.848527 0.598170
vt 0.259513 0.545551
vt 0.295003 0.545551
vt 0.848527 0.635299
vt 0.848527 0.672427
vt 0.330101 0.540293
vt 0.364382 0.531108
vt 0.848527 0.709556
vt 0.848527 0.746685
vt 0.396923 0.516945
vt 0.427659 0.499200
vt 0.848527 0.783813
vt 0.848527 0.820942
vt 0.455426 0.477098
vt 0.480521 0.452002
vt 0.848527 0.858071
vt 0.848527 0.895199
vt 0.501621 0.423466
vt 0.519366 0.392731
vt 0.893677 0.041252
vt 0.893677 0.078380
vt 0.893677 0.004125
vt 0.532362 0.359706
vt 0.541548 0.325426
vt 0.893677 0.115508
vt 0.893677 0.152635
vt 0.545553 0.290162
vt 0.545553 0.254672
vt 0.893677 0.189763
vt 0.893677 0.226891
vt 0.540295 0.219574
vt 0.531110 0.185293
vt 0.893677 0.264018
vt 0.893677 0.301146
vt 0.516947 0.152751
vt 0.499202 0.122016
vt 0.893677 0.338274
vt 0.893677 0.375401
vt 0.477099 0.094249
vt 0.893677 0.412529
vt 0.893677 0.449656
vt 0.893677 0.486784
vt 0.893677 0.523912
vt 0.392733 0.030308
vt 0.359708 0.017313
vt 0.325428 0.008127
vt 0.893677 0.561039
vt 0.893677 0.598167
vt 0.290164 0.004122
vt 0.254675 0.004122
vt 0.893677 0.635295
vt 0.893677 0.672423
vt 0.219576 0.009380
vt 0.185296 0.018565
vt 0.893677 0.709551
vt 0.893677 0.746679
vt 0.152754 0.032728
vt 0.122019 0.050473
vt 0.893677 0.783807
vt 0.893677 0.820935
vt 0.094252 0.072575
vt 0.069157 0.097670
vt 0.893677 0.858063
vt 0.893677 0.895190
vt 0.048056 0.126206
vt 0.030311 0.156941
vt 0.848527 0.041240
vt 0.848527 0.078369
vt 0.848527 0.004112
vt 0.017315 0.189966
vt 0.008130 0.224247
vt 0.848527 0.115498
vt 0.848527 0.152626
vt 0.004124 0.259510
vt 0.004124 0.295000
vt 0.848527 0.189755
vt 0.848527 0.226884
vt 0.009382 0.330098
vt 0.018567 0.364379
vt 0.848527 0.264012
vt 0.848527 0.301141
vt 0.032730 0.396920
vt 0.848527 0.338270
vt 0.675976 0.417633
vt 0.653234 0.411757
vt 0.736552 0.452834
vt 0.718043 0.438373
vt 0.654424 0.405771
vt 0.677869 0.412054
vt 0.697597 0.426811
vt 0.700296 0.421338
vt 0.767444 0.488053
vt 0.753309 0.469294
vt 0.721316 0.433474
vt 0.740575 0.448246
vt 0.788168 0.530068
vt 0.779369 0.508289
vt 0.757738 0.465409
vt 0.772517 0.484663
vt 0.797312 0.576014
vt 0.794450 0.552701
vt 0.784654 0.505683
vt 0.793946 0.528106
vt 0.794253 0.622761
vt 0.797522 0.599502
vt 0.800228 0.551551
vt 0.803401 0.575615
vt 0.779198 0.667124
vt 0.788376 0.645503
vt 0.803401 0.599886
vt 0.800238 0.623952
vt 0.753175 0.706079
vt 0.767636 0.687570
vt 0.793956 0.647396
vt 0.784671 0.669823
vt 0.717956 0.736971
vt 0.736715 0.722836
vt 0.772535 0.690843
vt 0.757763 0.710102
vt 0.697720 0.748897
vt 0.740600 0.727265
vt 0.721347 0.742045
vt 0.629995 0.766839
vt 0.700327 0.754181
vt 0.677904 0.763474
vt 0.654459 0.769756
vt 0.630395 0.772928
vt 0.606508 0.767049
vt 0.538885 0.748725
vt 0.560506 0.757904
vt 0.606123 0.772928
vt 0.583248 0.763780
vt 0.582058 0.769765
vt 0.499930 0.722702
vt 0.518439 0.737164
vt 0.558613 0.763483
vt 0.536187 0.754199
vt 0.469038 0.687483
vt 0.483173 0.706242
vt 0.515166 0.742063
vt 0.495907 0.727291
vt 0.448314 0.645469
vt 0.457112 0.667247
vt 0.478744 0.710128
vt 0.463964 0.690874
vt 0.439170 0.599522
vt 0.442032 0.622836
vt 0.451828 0.669854
vt 0.442536 0.647431
vt 0.442229 0.552775
vt 0.438960 0.576035
vt 0.436253 0.623986
vt 0.433081 0.599922
vt 0.457284 0.508412
vt 0.448106 0.530033
vt 0.433081 0.575650
vt 0.436244 0.551585
vt 0.483307 0.469457
vt 0.468846 0.487967
vt 0.442526 0.528140
vt 0.451810 0.505714
vt 0.518526 0.438565
vt 0.499767 0.452701
vt 0.463947 0.484694
vt 0.478719 0.465434
vt 0.560540 0.417841
vt 0.538762 0.426640
vt 0.495882 0.448271
vt 0.515135 0.433492
vt 0.606487 0.408697
vt 0.583173 0.411559
vt 0.536156 0.421355
vt 0.558578 0.412063
vt 0.629974 0.408487
vt 0.582023 0.405781
vt 0.606087 0.402608
vt 0.630359 0.402608
vt 0.873850 0.412529
vt 0.873850 0.449656
vt 0.873850 0.486784
vt 0.873850 0.523912
vt 0.873850 0.561040
vt 0.873850 0.598167
vt 0.873850 0.635295
vt 0.873850 0.672423
vt 0.828701 0.226884
vt 0.828701 0.264012
vt 0.828701 0.301141
vt 0.873850 0.709551
vt 0.828701 0.523913
vt 0.828701 0.486784
vt 0.828701 0.449655
vt 0.828701 0.598171
vt 0.828701 0.561042
vt 0.828701 0.635299
vt 0.828701 0.338270
vt 0.828701 0.375398
vt 0.828701 0.115498
vt 0.828701 0.152626
vt 0.828701 0.189755
vt 0.828701 0.412527
vt 0.004124 0.706222
vt 0.005840 0.706222
vt 0.005840 0.720527
vt 0.004124 0.720527
vt 0.005840 0.734833
vt 0.012743 0.720527
vt 0.012743 0.734833
vt 0.004124 0.691916
vt 0.005840 0.691916
vt 0.012743 0.706222
vt 0.004124 0.677611
vt 0.005840 0.677611
vt 0.012743 0.691916
vt 0.004124 0.663305
vt 0.005840 0.663305
vt 0.012743 0.677611
vt 0.004124 0.648999
vt 0.005840 0.648999
vt 0.012743 0.663305
vt 0.004124 0.634694
vt 0.005840 0.634694
vt 0.012743 0.648999
vt 0.004124 0.620388
vt 0.005840 0.620388
vt 0.012743 0.634694
vt 0.004124 0.606083
vt 0.005840 0.606083
vt 0.012743 0.620388
vt 0.004124 0.591777
vt 0.005840 0.591777
vt 0.012743 0.606083
vt 0.004124 0.577471
vt 0.005840 0.577471
vt 0.012743 0.591777
vt 0.004124 0.563166
vt 0.005840 0.563166
vt 0.012743 0.577471
vt 0.004124 0.548860
vt 0.005840 0.548860
vt 0.012743 0.563166
vt 0.004124 0.534554
vt 0.005840 0.534554
vt 0.012743 0.548860
vt 0.004124 0.520249
vt 0.005840 0.520249
vt 0.012743 0.534554
vt 0.004124 0.505943
vt 0.005840 0.505943
vt 0.012743 0.520249
vt 0.004124 0.491638
vt 0.005840 0.491638
vt 0.012743 0.505943
vt 0.004124 0.477332
vt 0.005840 0.477332
vt 0.012743 0.491638
vt 0.012743 0.477332
vt 0.527720 0.787948
vt 0.538313 0.808749
vt 0.531366 0.811005
vt 0.004124 0.463026
vt 0.005840 0.463026
vt 0.004124 0.448721
vt 0.005840 0.448721
vt 0.012743 0.463026
vt 0.012743 0.448721
vt 0.088547 0.878126
vt 0.088547 0.867789
vt 0.090880 0.867789
vt 0.090880 0.878126
vt 0.020809 0.064551
vt 0.017944 0.067416
vt 0.011510 0.058560
vt 0.015120 0.056721
vt 0.015079 0.070280
vt 0.007900 0.060399
vt 0.008127 0.048150
vt 0.012129 0.047516
vt 0.004126 0.048783
vt 0.008127 0.037204
vt 0.012129 0.037837
vt 0.004126 0.036569
vt 0.011510 0.026793
vt 0.015120 0.028633
vt 0.007900 0.024954
vt 0.017944 0.017938
vt 0.020809 0.020803
vt 0.015079 0.015073
vt 0.026800 0.011504
vt 0.028639 0.015114
vt 0.024961 0.007894
vt 0.037210 0.008121
vt 0.037844 0.012123
vt 0.036577 0.004120
vt 0.048156 0.008122
vt 0.047523 0.012124
vt 0.048790 0.004120
vt 0.058567 0.011504
vt 0.056727 0.015114
vt 0.060406 0.007895
vt 0.067422 0.017939
vt 0.064557 0.020803
vt 0.070287 0.015074
vt 0.073856 0.026794
vt 0.070246 0.028633
vt 0.077466 0.024955
vt 0.077238 0.037205
vt 0.073237 0.037838
vt 0.081240 0.036571
vt 0.077238 0.048151
vt 0.073237 0.047517
vt 0.081240 0.048785
vt 0.073856 0.058561
vt 0.070246 0.056721
vt 0.077466 0.060400
vt 0.067421 0.067416
vt 0.064557 0.064551
vt 0.070286 0.070281
vt 0.058566 0.073850
vt 0.056726 0.070240
vt 0.060405 0.077460
vt 0.048155 0.077233
vt 0.047522 0.073231
vt 0.048789 0.081234
vt 0.037209 0.077232
vt 0.037843 0.073231
vt 0.036575 0.081234
vt 0.026799 0.073850
vt 0.028638 0.070240
vt 0.024959 0.077460
vt 0.079603 0.878126
vt 0.079603 0.867789
vt 0.088547 0.950481
vt 0.088547 0.940144
vt 0.090880 0.940144
vt 0.090880 0.950481
vt 0.079603 0.950481
vt 0.079603 0.940144
vt 0.088546 0.795434
vt 0.088546 0.785098
vt 0.090880 0.785098
vt 0.090880 0.795434
vt 0.079603 0.795434
vt 0.079603 0.785098
vt 0.088546 0.857453
vt 0.090880 0.857453
vt 0.079603 0.857453
vt 0.088547 0.929808
vt 0.090880 0.929808
vt 0.079603 0.929808
vt 0.088546 0.774762
vt 0.090880 0.774762
vt 0.079603 0.774762
vt 0.088546 0.847116
vt 0.090880 0.847116
vt 0.079603 0.847116
vt 0.088547 0.919471
vt 0.090880 0.919471
vt 0.079603 0.919471
vt 0.088547 0.836780
vt 0.090880 0.836780
vt 0.079603 0.836780
vt 0.088547 0.909135
vt 0.090880 0.909135
vt 0.079603 0.909135
vt 0.088547 0.826444
vt 0.090880 0.826444
vt 0.079603 0.826444
vt 0.088547 0.898799
vt 0.090880 0.898799
vt 0.079603 0.898799
vt 0.088547 0.981490
vt 0.088547 0.971153
vt 0.090880 0.971153
vt 0.090880 0.981490
vt 0.079603 0.981490
vt 0.079603 0.971153
vt 0.088546 0.816107
vt 0.090880 0.816107
vt 0.079603 0.816107
vt 0.088547 0.888462
vt 0.090880 0.888462
vt 0.079603 0.888462
vt 0.088547 0.960817
vt 0.090880 0.960817
vt 0.079603 0.960817
vt 0.088546 0.805771
vt 0.090880 0.805771
vt 0.079603 0.805771
vt 0.737485 0.409264
vt 0.734956 0.408864
vt 0.738097 0.399188
vt 0.740379 0.400350
vt 0.575940 0.364124
vt 0.581898 0.364124
vt 0.581898 0.373192
vt 0.575940 0.373192
vt 0.569982 0.373192
vt 0.569982 0.364124
vt 0.553780 0.364124
vt 0.558287 0.364124
vt 0.558287 0.373192
vt 0.553780 0.373192
vt 0.587849 0.364124
vt 0.587849 0.373192
vt 0.575940 0.355056
vt 0.581898 0.355056
vt 0.564031 0.364124
vt 0.564031 0.373192
vt 0.553780 0.355056
vt 0.558287 0.355056
vt 0.587849 0.355056
vt 0.593817 0.364124
vt 0.593817 0.373192
vt 0.564031 0.355056
vt 0.569982 0.355056
vt 0.599854 0.364124
vt 0.599854 0.373192
vt 0.575940 0.345988
vt 0.581898 0.345988
vt 0.553780 0.345988
vt 0.558287 0.345988
vt 0.587849 0.345988
vt 0.593817 0.355056
vt 0.564031 0.345988
vt 0.569982 0.345988
vt 0.599854 0.355056
vt 0.593817 0.345988
vt 0.564031 0.336920
vt 0.569982 0.336920
vt 0.599854 0.345988
vt 0.575940 0.336920
vt 0.581898 0.336920
vt 0.553780 0.336920
vt 0.558287 0.336920
vt 0.587849 0.336920
vt 0.564031 0.327852
vt 0.569982 0.327852
vt 0.575940 0.327852
vt 0.581898 0.327852
vt 0.553780 0.327852
vt 0.558287 0.327852
vt 0.587849 0.327852
vt 0.593817 0.336920
vt 0.575940 0.318784
vt 0.581898 0.318784
vt 0.599854 0.336920
vt 0.553780 0.318784
vt 0.558287 0.318784
vt 0.587849 0.318784
vt 0.593817 0.327852
vt 0.564031 0.318784
vt 0.569982 0.318784
vt 0.599854 0.327852
vt 0.553780 0.309716
vt 0.558287 0.309716
vt 0.593817 0.318784
vt 0.564031 0.309716
vt 0.569982 0.309716
vt 0.599854 0.318784
vt 0.575940 0.309716
vt 0.581898 0.309716
vt 0.587849 0.309716
vt 0.593817 0.309716
vt 0.564031 0.300648
vt 0.569982 0.300648
vt 0.599854 0.309716
vt 0.575940 0.300648
vt 0.581898 0.300648
vt 0.553780 0.300648
vt 0.558287 0.300648
vt 0.587849 0.300648
vt 0.575940 0.291580
vt 0.581898 0.291580
vt 0.553780 0.291580
vt 0.558287 0.291580
vt 0.587849 0.291580
vt 0.593817 0.300648
vt 0.564031 0.291580
vt 0.569982 0.291580
vt 0.599854 0.300648
vt 0.575940 0.282512
vt 0.581898 0.282512
vt 0.553780 0.282512
vt 0.558287 0.282512
vt 0.587849 0.282512
vt 0.593817 0.291580
vt 0.564031 0.282512
vt 0.569982 0.282512
vt 0.599854 0.291580
vt 0.593817 0.282512
vt 0.564031 0.273444
vt 0.569982 0.273444
vt 0.599854 0.282512
vt 0.575940 0.273444
vt 0.581898 0.273444
vt 0.553780 0.273444
vt 0.558287 0.273444
vt 0.587849 0.273444
vt 0.593817 0.273444
vt 0.564031 0.264375
vt 0.569982 0.264375
vt 0.599854 0.273444
vt 0.575940 0.264375
vt 0.581898 0.264375
vt 0.553780 0.264375
vt 0.558287 0.264375
vt 0.587849 0.264375
vt 0.575940 0.255307
vt 0.581898 0.255307
vt 0.553780 0.255307
vt 0.558287 0.255307
vt 0.587849 0.255307
vt 0.593817 0.264375
vt 0.564031 0.255307
vt 0.569982 0.255307
vt 0.599854 0.264375
vt 0.575940 0.246239
vt 0.581898 0.246239
vt 0.553780 0.246239
vt 0.558287 0.246239
vt 0.587849 0.246239
vt 0.593817 0.255307
vt 0.564031 0.246239
vt 0.569982 0.246239
vt 0.599854 0.255307
vt 0.593817 0.246239
vt 0.564031 0.237171
vt 0.569982 0.237171
vt 0.599854 0.246239
vt 0.575940 0.237171
vt 0.581898 0.237171
vt 0.553780 0.237171
vt 0.558287 0.237171
vt 0.587849 0.237171
vt 0.564031 0.228103
vt 0.569982 0.228103
vt 0.575940 0.228103
vt 0.581898 0.228103
vt 0.553780 0.228103
vt 0.558287 0.228103
vt 0.587849 0.228103
vt 0.593817 0.237171
vt 0.575940 0.219035
vt 0.581898 0.219035
vt 0.599854 0.237171
vt 0.553780 0.219035
vt 0.558287 0.219035
vt 0.587849 0.219035
vt 0.593817 0.228103
vt 0.564031 0.219035
vt 0.569982 0.219035
vt 0.599854 0.228103
vt 0.553780 0.209967
vt 0.558287 0.209967
vt 0.593817 0.219035
vt 0.564031 0.209967
vt 0.569982 0.209967
vt 0.599854 0.219035
vt 0.575940 0.209967
vt 0.581898 0.209967
vt 0.587849 0.209967
vt 0.593817 0.209967
vt 0.564031 0.200899
vt 0.569982 0.200899
vt 0.599854 0.209967
vt 0.575940 0.200899
vt 0.581898 0.200899
vt 0.553780 0.200899
vt 0.558287 0.200899
vt 0.587849 0.200899
vt 0.575940 0.191831
vt 0.581898 0.191831
vt 0.553780 0.191831
vt 0.558287 0.191831
vt 0.587849 0.191831
vt 0.564031 0.191831
vt 0.457589 0.030359
vt 0.459549 0.017987
vt 0.463276 0.019198
vt 0.716849 0.783300
vt 0.704039 0.781279
vt 0.705290 0.777419
vt 0.593817 0.200899
vt 0.569982 0.191831
vt 0.599854 0.200899
vt 0.732681 0.408504
vt 0.736045 0.398143
vt 0.744075 0.390957
vt 0.745886 0.392767
vt 0.742446 0.389329
vt 0.752304 0.384975
vt 0.753467 0.387257
vt 0.751258 0.382924
vt 0.761978 0.381830
vt 0.762379 0.384359
vt 0.761617 0.379556
vt 0.772151 0.381828
vt 0.771751 0.384357
vt 0.772511 0.379553
vt 0.781827 0.384969
vt 0.780665 0.387251
vt 0.782871 0.382918
vt 0.790058 0.390947
vt 0.788248 0.392758
vt 0.791686 0.389318
vt 0.796039 0.399176
vt 0.793758 0.400339
vt 0.798091 0.398130
vt 0.799185 0.408850
vt 0.796656 0.409251
vt 0.801459 0.408490
vt 0.799187 0.419023
vt 0.796658 0.418623
vt 0.801461 0.419383
vt 0.796045 0.428699
vt 0.793764 0.427537
vt 0.798097 0.429744
vt 0.790067 0.436930
vt 0.788257 0.435120
vt 0.791696 0.438558
vt 0.781839 0.442912
vt 0.780676 0.440630
vt 0.782884 0.444963
vt 0.772164 0.446057
vt 0.771763 0.443528
vt 0.772525 0.448331
vt 0.761992 0.446059
vt 0.762391 0.443530
vt 0.761632 0.448334
vt 0.752316 0.442918
vt 0.753478 0.440636
vt 0.751271 0.444970
vt 0.744084 0.436940
vt 0.745895 0.435129
vt 0.742456 0.438569
vt 0.738103 0.428711
vt 0.740384 0.427548
vt 0.736052 0.429757
vt 0.734958 0.419037
vt 0.737487 0.418636
vt 0.732683 0.419397
vt 0.767071 0.413944
vt 0.049781 0.463026
vt 0.049781 0.477332
vt 0.713264 0.806020
vt 0.720461 0.806016
vt 0.720823 0.808293
vt 0.712905 0.808297
vt 0.706419 0.803801
vt 0.705373 0.805855
vt 0.700594 0.799574
vt 0.698965 0.801205
vt 0.696361 0.793755
vt 0.694308 0.794802
vt 0.694133 0.786912
vt 0.691856 0.787274
vt 0.694129 0.779715
vt 0.691852 0.779356
vt 0.696348 0.772870
vt 0.694294 0.771824
vt 0.700575 0.767045
vt 0.698944 0.765416
vt 0.706394 0.762812
vt 0.705346 0.760758
vt 0.713237 0.760584
vt 0.712875 0.758307
vt 0.720433 0.760580
vt 0.720793 0.758303
vt 0.727279 0.762799
vt 0.728324 0.760745
vt 0.733104 0.767026
vt 0.734733 0.765395
vt 0.737337 0.772845
vt 0.739390 0.771798
vt 0.739565 0.779688
vt 0.741842 0.779326
vt 0.739569 0.786885
vt 0.741846 0.787244
vt 0.737349 0.793730
vt 0.739404 0.794775
vt 0.733123 0.799555
vt 0.734754 0.801184
vt 0.727304 0.803788
vt 0.728351 0.805841
vt 0.718885 0.796108
vt 0.714828 0.796110
vt 0.710968 0.794859
vt 0.707684 0.792476
vt 0.705297 0.789194
vt 0.704041 0.785336
vt 0.707673 0.774135
vt 0.710954 0.771748
vt 0.714813 0.770492
vt 0.718870 0.770490
vt 0.722730 0.771742
vt 0.726013 0.774124
vt 0.728400 0.777406
vt 0.729656 0.781263
vt 0.729659 0.785321
vt 0.728408 0.789181
vt 0.726025 0.792465
vt 0.722744 0.794851
vt 0.593817 0.191831
vt 0.436106 0.026956
vt 0.433234 0.026501
vt 0.435619 0.019164
vt 0.438209 0.020484
vt 0.599854 0.191831
vt 0.431342 0.026201
vt 0.433911 0.018294
vt 0.436106 0.033761
vt 0.433234 0.034216
vt 0.431342 0.034516
vt 0.438208 0.040233
vt 0.435618 0.041553
vt 0.433910 0.042423
vt 0.442208 0.045739
vt 0.440153 0.047795
vt 0.438797 0.049150
vt 0.447713 0.049739
vt 0.446394 0.052329
vt 0.445524 0.054037
vt 0.454185 0.051842
vt 0.453731 0.054714
vt 0.453431 0.056606
vt 0.460991 0.051843
vt 0.461445 0.054714
vt 0.461745 0.056606
vt 0.467463 0.049740
vt 0.468783 0.052330
vt 0.469652 0.054038
vt 0.472969 0.045740
vt 0.475024 0.047796
vt 0.476379 0.049151
vt 0.476969 0.040234
vt 0.479559 0.041555
vt 0.481266 0.042424
vt 0.479072 0.033763
vt 0.481943 0.034217
vt 0.483836 0.034517
vt 0.479072 0.026957
vt 0.481944 0.026503
vt 0.483836 0.026203
vt 0.476969 0.020485
vt 0.479560 0.019165
vt 0.481267 0.018296
vt 0.472970 0.014979
vt 0.475026 0.012924
vt 0.476380 0.011569
vt 0.467464 0.010979
vt 0.468784 0.008389
vt 0.469654 0.006682
vt 0.460992 0.008876
vt 0.461447 0.006004
vt 0.461747 0.004112
vt 0.454187 0.008876
vt 0.453732 0.006004
vt 0.453433 0.004112
vt 0.447715 0.010979
vt 0.446395 0.008388
vt 0.445525 0.006681
vt 0.442209 0.014978
vt 0.440154 0.012923
vt 0.438799 0.011568
vt 0.445216 0.032318
vt 0.445216 0.028399
vt 0.446427 0.036046
vt 0.448731 0.039217
vt 0.451901 0.041520
vt 0.455629 0.042732
vt 0.459548 0.042732
vt 0.463276 0.041521
vt 0.446427 0.024672
vt 0.466446 0.039217
vt 0.448731 0.021501
vt 0.468750 0.036047
vt 0.451902 0.019198
vt 0.469962 0.032320
vt 0.455630 0.017987
vt 0.469962 0.028400
vt 0.466447 0.021502
vt 0.468751 0.024673
vt 0.049781 0.491638
vt 0.049781 0.448721
vt 0.049781 0.505943
vt 0.049781 0.520249
vt 0.049781 0.534554
vt 0.049781 0.548860
vt 0.049781 0.563166
vt 0.049781 0.577471
vt 0.049781 0.591777
vt 0.049781 0.606083
vt 0.049781 0.620388
vt 0.049781 0.634694
vt 0.049781 0.648999
vt 0.049781 0.663305
vt 0.049781 0.677611
vt 0.049781 0.691916
vt 0.049781 0.706222
vt 0.049781 0.720527
vt 0.049781 0.734833
vt 0.451197 0.750203
vt 0.436969 0.735976
vt 0.446545 0.729019
vt 0.455679 0.746946
vt 0.447940 0.754686
vt 0.430012 0.745551
vt 0.446227 0.759956
vt 0.426355 0.756808
vt 0.446227 0.765496
vt 0.426355 0.768644
vt 0.548522 0.777356
vt 0.544230 0.771446
vt 0.447940 0.770766
vt 0.430012 0.779901
vt 0.538323 0.767152
vt 0.451197 0.775249
vt 0.436969 0.789476
vt 0.531378 0.764893
vt 0.524074 0.764892
vt 0.455679 0.778506
vt 0.446545 0.796433
vt 0.460949 0.780218
vt 0.457802 0.800091
vt 0.550777 0.784302
vt 0.466490 0.780218
vt 0.469638 0.800091
vt 0.550775 0.791606
vt 0.471760 0.778506
vt 0.480894 0.796433
vt 0.548517 0.798551
vt 0.476242 0.775249
vt 0.490470 0.789476
vt 0.544223 0.804458
vt 0.479500 0.770766
vt 0.497427 0.779901
vt 0.517118 0.808744
vt 0.524063 0.811003
vt 0.481212 0.765496
vt 0.501084 0.768644
vt 0.481212 0.759955
vt 0.501084 0.756808
vt 0.511211 0.804450
vt 0.479499 0.754686
vt 0.497427 0.745551
vt 0.506919 0.798541
vt 0.476242 0.750203
vt 0.490470 0.735976
vt 0.504666 0.784291
vt 0.504664 0.791595
vt 0.471760 0.746946
vt 0.480894 0.729019
vt 0.506924 0.777346
vt 0.466490 0.745234
vt 0.469638 0.725361
vt 0.517128 0.767147
vt 0.511218 0.771438
vt 0.460949 0.745234
vt 0.457802 0.725361
vt 0.983139 0.544594
vt 0.983139 0.532061
vt 0.984921 0.532061
vt 0.984921 0.544594
vt 0.983139 0.519529
vt 0.984921 0.519529
vt 0.987252 0.532061
vt 0.987252 0.544594
vt 0.983139 0.506996
vt 0.984921 0.506996
vt 0.987252 0.519529
vt 0.983139 0.494463
vt 0.984921 0.494463
vt 0.987252 0.506996
vt 0.983139 0.481930
vt 0.984921 0.481930
vt 0.987252 0.494463
vt 0.983139 0.469398
vt 0.984921 0.469398
vt 0.987252 0.481930
vt 0.983139 0.456865
vt 0.984921 0.456865
vt 0.987252 0.469398
vt 0.983139 0.444332
vt 0.984921 0.444332
vt 0.987252 0.456865
vt 0.983139 0.431799
vt 0.984921 0.431799
vt 0.987252 0.444332
vt 0.983139 0.419267
vt 0.984921 0.419267
vt 0.987252 0.431799
vt 0.983139 0.406734
vt 0.984921 0.406734
vt 0.987252 0.419267
vt 0.983139 0.394201
vt 0.984921 0.394201
vt 0.987252 0.406734
vt 0.983139 0.381668
vt 0.984921 0.381668
vt 0.987252 0.394201
vt 0.983139 0.369136
vt 0.984921 0.369136
vt 0.987252 0.381668
vt 0.983139 0.356603
vt 0.984921 0.356603
vt 0.987252 0.369136
vt 0.983139 0.344070
vt 0.984921 0.344070
vt 0.987252 0.356603
vt 0.983139 0.331537
vt 0.984921 0.331537
vt 0.987252 0.344070
vt 0.983139 0.319005
vt 0.984921 0.319005
vt 0.987252 0.331537
vt 0.983139 0.306472
vt 0.984921 0.306472
vt 0.987252 0.319005
vt 0.983139 0.293939
vt 0.984921 0.293939
vt 0.987252 0.306472
vt 0.072992 0.805771
vt 0.072992 0.795434
vt 0.987252 0.293939
vt 0.072992 0.960817
vt 0.072992 0.950481
vt 0.072992 0.888462
vt 0.072992 0.878126
vt 0.072992 0.816107
vt 0.072992 0.971153
vt 0.072992 0.898799
vt 0.072992 0.826444
vt 0.072992 0.981490
vt 0.072992 0.909135
vt 0.072992 0.836780
vt 0.072992 0.919471
vt 0.072992 0.847116
vt 0.072992 0.929808
vt 0.072992 0.857453
vt 0.072992 0.785098
vt 0.072992 0.774762
vt 0.072992 0.940144
vt 0.072992 0.867789
vt 0.036898 0.793988
vt 0.036898 0.781773
vt 0.037944 0.781773
vt 0.037944 0.793988
vt 0.039010 0.781773
vt 0.039010 0.793988
vt 0.035115 0.989433
vt 0.035115 0.977218
vt 0.036044 0.977218
vt 0.036044 0.989433
vt 0.981831 0.406734
vt 0.981831 0.394201
vt 0.036898 0.977218
vt 0.036898 0.989433
vt 0.980717 0.406734
vt 0.980717 0.394201
vt 0.035115 0.965003
vt 0.036044 0.965003
vt 0.036898 0.879496
vt 0.036898 0.867280
vt 0.037944 0.867280
vt 0.037944 0.879496
vt 0.036898 0.965003
vt 0.039010 0.867280
vt 0.039010 0.879496
vt 0.035115 0.952787
vt 0.036044 0.952787
vt 0.036898 0.952787
vt 0.037944 0.952787
vt 0.037944 0.965003
vt 0.039010 0.952787
vt 0.039010 0.965003
vt 0.035115 0.940572
vt 0.036044 0.940572
vt 0.981831 0.419267
vt 0.036898 0.940572
vt 0.980717 0.419267
vt 0.035115 0.928357
vt 0.036044 0.928357
vt 0.036898 0.806203
vt 0.037944 0.806203
vt 0.036898 0.928357
vt 0.039010 0.806203
vt 0.035115 0.916142
vt 0.036044 0.916142
vt 0.981831 0.431799
vt 0.036898 0.916142
vt 0.980717 0.431799
vt 0.035115 0.903926
vt 0.036044 0.903926
vt 0.036898 0.891711
vt 0.037944 0.891711
vt 0.036898 0.903926
vt 0.039010 0.891711
vt 0.035115 0.891711
vt 0.036044 0.891711
vt 0.037944 0.977218
vt 0.039010 0.977218
vt 0.035115 0.879496
vt 0.036044 0.879496
vt 0.981831 0.444332
vt 0.980717 0.444332
vt 0.035115 0.867280
vt 0.036044 0.867280
vt 0.036898 0.818419
vt 0.037944 0.818419
vt 0.039010 0.818419
vt 0.035115 0.855065
vt 0.036044 0.855065
vt 0.981831 0.456865
vt 0.036898 0.855065
vt 0.980717 0.456865
vt 0.035115 0.842849
vt 0.036044 0.842849
vt 0.037944 0.903926
vt 0.036898 0.842849
vt 0.039010 0.903926
vt 0.035115 0.830634
vt 0.036044 0.830634
vt 0.037944 0.989433
vt 0.036898 0.830634
vt 0.039010 0.989433
vt 0.035115 0.818419
vt 0.036044 0.818419
vt 0.981831 0.469398
vt 0.980717 0.469398
vt 0.035115 0.806203
vt 0.036044 0.806203
vt 0.981831 0.306472
vt 0.981831 0.293939
vt 0.980717 0.306472
vt 0.980717 0.293939
vt 0.035115 0.793988
vt 0.036044 0.793988
vt 0.037944 0.830634
vt 0.039010 0.830634
vt 0.035115 0.781773
vt 0.036044 0.781773
vt 0.981831 0.481930
vt 0.980717 0.481930
vt 0.035115 0.769558
vt 0.036044 0.769558
vt 0.037944 0.916142
vt 0.036898 0.769558
vt 0.039010 0.916142
vt 0.035115 0.757342
vt 0.036044 0.757342
vt 0.981831 0.319005
vt 0.036898 0.757342
vt 0.980717 0.319005
vt 0.035115 0.745127
vt 0.036044 0.745127
vt 0.994064 0.783532
vt 0.994064 0.772060
vt 0.994974 0.772060
vt 0.994974 0.783532
vt 0.036898 0.745127
vt 0.994064 0.760589
vt 0.994974 0.760589
vt 0.995884 0.772060
vt 0.995885 0.783532
vt 0.994064 0.749117
vt 0.994974 0.749117
vt 0.995884 0.760589
vt 0.994064 0.737646
vt 0.994974 0.737646
vt 0.995884 0.749117
vt 0.994064 0.726174
vt 0.994974 0.726174
vt 0.995884 0.737646
vt 0.994064 0.714703
vt 0.994974 0.714703
vt 0.995884 0.726174
vt 0.994064 0.703232
vt 0.994974 0.703232
vt 0.995884 0.714703
vt 0.994064 0.691760
vt 0.994974 0.691760
vt 0.995884 0.703232
vt 0.994064 0.680289
vt 0.994974 0.680289
vt 0.995884 0.691760
vt 0.994064 0.668818
vt 0.994974 0.668818
vt 0.995884 0.680289
vt 0.994064 0.657346
vt 0.994974 0.657346
vt 0.995884 0.668818
vt 0.994064 0.645875
vt 0.994974 0.645875
vt 0.995885 0.657346
vt 0.994064 0.634404
vt 0.994974 0.634404
vt 0.995885 0.645875
vt 0.994064 0.622932
vt 0.994974 0.622932
vt 0.995885 0.634404
vt 0.994064 0.611461
vt 0.994974 0.611461
vt 0.995885 0.622932
vt 0.994064 0.599990
vt 0.994974 0.599990
vt 0.995885 0.611461
vt 0.994064 0.588518
vt 0.994974 0.588518
vt 0.995885 0.599990
vt 0.994064 0.577047
vt 0.994974 0.577047
vt 0.995884 0.588518
vt 0.994064 0.565576
vt 0.994974 0.565576
vt 0.995884 0.577047
vt 0.994064 0.554104
vt 0.994974 0.554104
vt 0.995884 0.565576
vt 0.981831 0.381668
vt 0.995884 0.554104
vt 0.980717 0.381668
vt 0.037944 0.940572
vt 0.039010 0.940572
vt 0.037944 0.855065
vt 0.039010 0.855065
vt 0.981831 0.369136
vt 0.980717 0.369136
vt 0.037944 0.769558
vt 0.039010 0.769558
vt 0.981831 0.544594
vt 0.981831 0.532061
vt 0.980717 0.544594
vt 0.980717 0.532061
vt 0.981831 0.356603
vt 0.980717 0.356603
vt 0.037944 0.928357
vt 0.039010 0.928357
vt 0.981831 0.519529
vt 0.980717 0.519529
vt 0.037944 0.842849
vt 0.039010 0.842849
vt 0.981831 0.344070
vt 0.980717 0.344070
vt 0.037944 0.757342
vt 0.039010 0.757342
vt 0.981831 0.506996
vt 0.980717 0.506996
vt 0.981831 0.331537
vt 0.980717 0.331537
vt 0.981831 0.494463
vt 0.980717 0.494463
vt 0.037944 0.745127
vt 0.039010 0.745127
vt 0.064940 0.742494
vt 0.064395 0.755826
vt 0.062599 0.755730
vt 0.063089 0.742154
vt 0.060343 0.755641
vt 0.060673 0.741909
vt 0.050742 0.854789
vt 0.052414 0.854794
vt 0.052426 0.867035
vt 0.050786 0.867023
vt 0.054524 0.854818
vt 0.054510 0.867068
vt 0.063663 0.904161
vt 0.063714 0.916382
vt 0.062052 0.916381
vt 0.062025 0.904149
vt 0.059947 0.916362
vt 0.059941 0.904117
vt 0.050701 0.768416
vt 0.052397 0.768409
vt 0.052425 0.780721
vt 0.050781 0.780711
vt 0.054539 0.768430
vt 0.054516 0.780754
vt 0.063827 0.891881
vt 0.062124 0.891871
vt 0.059993 0.891844
vt 0.050590 0.928710
vt 0.052285 0.928712
vt 0.052333 0.941231
vt 0.050648 0.941225
vt 0.054424 0.928726
vt 0.054476 0.941249
vt 0.050696 0.842384
vt 0.052398 0.842393
vt 0.054530 0.842420
vt 0.063780 0.879475
vt 0.062109 0.879469
vt 0.059999 0.879446
vt 0.050427 0.755661
vt 0.052208 0.755581
vt 0.054453 0.755541
vt 0.063736 0.867240
vt 0.062097 0.867228
vt 0.060013 0.867195
vt 0.050548 0.916235
vt 0.052255 0.916244
vt 0.054394 0.916269
vt 0.050859 0.830104
vt 0.052497 0.830115
vt 0.054581 0.830148
vt 0.063900 0.854959
vt 0.062197 0.854949
vt 0.060066 0.854922
vt 0.049938 0.742520
vt 0.051761 0.742188
vt 0.054157 0.741936
vt 0.063853 0.842554
vt 0.062181 0.842548
vt 0.060072 0.842524
vt 0.050713 0.903945
vt 0.052353 0.903958
vt 0.054437 0.903990
vt 0.050809 0.817883
vt 0.052472 0.817885
vt 0.054577 0.817904
vt 0.063809 0.830319
vt 0.062169 0.830307
vt 0.060084 0.830274
vt 0.050413 0.979686
vt 0.052215 0.979766
vt 0.051804 0.993449
vt 0.049936 0.993114
vt 0.054487 0.979838
vt 0.054241 0.993689
vt 0.063973 0.818030
vt 0.062265 0.818022
vt 0.060127 0.817998
vt 0.057396 0.755568
vt 0.057412 0.741835
vt 0.060157 0.768566
vt 0.057347 0.768493
vt 0.060032 0.780888
vt 0.057276 0.780820
vt 0.060021 0.793128
vt 0.057251 0.793082
vt 0.060090 0.805547
vt 0.057298 0.805516
vt 0.054469 0.793035
vt 0.057346 0.817950
vt 0.054507 0.805486
vt 0.057333 0.830211
vt 0.057304 0.842473
vt 0.057290 0.854870
vt 0.057261 0.867132
vt 0.057232 0.879394
vt 0.057218 0.891791
vt 0.054457 0.879341
vt 0.057190 0.904054
vt 0.054450 0.891740
vt 0.057176 0.916317
vt 0.060033 0.928782
vt 0.057229 0.928755
vt 0.060147 0.941318
vt 0.057306 0.941285
vt 0.060241 0.954065
vt 0.057370 0.954020
vt 0.060285 0.966871
vt 0.057409 0.966828
vt 0.054503 0.953974
vt 0.060437 0.979895
vt 0.057465 0.979890
vt 0.054531 0.966779
vt 0.060836 0.993638
vt 0.057534 0.993754
vt 0.052306 0.953952
vt 0.050557 0.953949
vt 0.063864 0.928780
vt 0.062171 0.928788
vt 0.064000 0.768647
vt 0.062301 0.768615
vt 0.052331 0.793011
vt 0.050623 0.793003
vt 0.064048 0.941316
vt 0.062320 0.941325
vt 0.052325 0.879314
vt 0.050623 0.879305
vt 0.063742 0.780942
vt 0.062112 0.780926
vt 0.052345 0.966754
vt 0.050621 0.966745
vt 0.064210 0.954076
vt 0.062447 0.954080
vt 0.063787 0.793151
vt 0.062125 0.793149
vt 0.052372 0.805474
vt 0.050675 0.805475
vt 0.064183 0.966869
vt 0.062466 0.966881
vt 0.052341 0.891716
vt 0.050669 0.891710
vt 0.063922 0.805558
vt 0.062225 0.805559
vt 0.064480 0.979742
vt 0.062697 0.979837
vt 0.065208 0.992999
vt 0.063302 0.993362
vt 0.052202 0.720527
vt 0.052202 0.734833
vt 0.052202 0.706222
vt 0.052202 0.691916
vt 0.052202 0.677611
vt 0.052202 0.663305
vt 0.052202 0.648999
vt 0.052202 0.634694
vt 0.052202 0.620388
vt 0.052202 0.606083
vt 0.052202 0.591777
vt 0.052202 0.577471
vt 0.052202 0.563166
vt 0.052202 0.548860
vt 0.052202 0.534554
vt 0.052201 0.520249
vt 0.052201 0.505943
vt 0.052201 0.491638
vt 0.052201 0.477332
vt 0.052201 0.463026
vt 0.052201 0.448721
vt 0.646488 0.167273
vt 0.646087 0.166678
vt 0.661449 0.153541
vt 0.661978 0.154022
vt 0.986790 0.153295
vt 0.986790 0.134647
vt 0.987557 0.134647
vt 0.987557 0.153295
vt 0.986790 0.115999
vt 0.987557 0.115999
vt 0.986790 0.097351
vt 0.987557 0.097351
vt 0.986790 0.078702
vt 0.987557 0.078702
vt 0.986790 0.060054
vt 0.987557 0.060054
vt 0.986790 0.041406
vt 0.987557 0.041406
vt 0.986790 0.022758
vt 0.987557 0.022758
vt 0.986789 0.004109
vt 0.987557 0.004109
vt 0.799066 0.284525
vt 0.799067 0.265841
vt 0.799832 0.265841
vt 0.799832 0.284525
vt 0.799067 0.247157
vt 0.799832 0.247157
vt 0.799067 0.228474
vt 0.799832 0.228474
vt 0.799067 0.209790
vt 0.799832 0.209790
vt 0.799067 0.191106
vt 0.799832 0.191106
vt 0.799067 0.172473
vt 0.799832 0.172473
vt 0.799067 0.114634
vt 0.799067 0.097467
vt 0.799832 0.097467
vt 0.799832 0.114634
vt 0.799067 0.078857
vt 0.799832 0.078857
vt 0.799067 0.060173
vt 0.799832 0.060174
vt 0.799067 0.041490
vt 0.799832 0.041490
vt 0.799067 0.022806
vt 0.799832 0.022806
vt 0.799066 0.004122
vt 0.799832 0.004122
vt 0.986789 0.283833
vt 0.986790 0.265184
vt 0.987557 0.265184
vt 0.987557 0.283833
vt 0.986790 0.246536
vt 0.987557 0.246536
vt 0.986790 0.227888
vt 0.987557 0.227888
vt 0.986790 0.209240
vt 0.987557 0.209240
vt 0.986790 0.190592
vt 0.987557 0.190592
vt 0.986790 0.171943
vt 0.987557 0.171943
vt 0.519365 0.049221
vt 0.595565 0.093417
vt 0.511793 0.066010
vt 0.530238 0.034390
vt 0.543952 0.022139
vt 0.559932 0.012983
vt 0.577474 0.007340
vt 0.595810 0.005464
vt 0.614138 0.007440
vt 0.631655 0.013182
vt 0.647596 0.022440
vt 0.661267 0.034809
vt 0.672072 0.049751
vt 0.679539 0.066613
vt 0.683348 0.084666
vt 0.683346 0.103132
vt 0.679585 0.121202
vt 0.672942 0.137182
vt 0.791630 0.155065
vt 0.791630 0.134959
vt 0.799067 0.134959
vt 0.799067 0.155065
vt 0.631020 0.174693
vt 0.613415 0.180162
vt 0.595034 0.181942
vt 0.576700 0.179889
vt 0.559197 0.174081
vt 0.543285 0.164768
vt 0.529656 0.152353
vt 0.518905 0.137378
vt 0.511500 0.120496
vt 0.507768 0.102445
vt 0.507867 0.084014
vt 0.510532 0.065580
vt 0.511079 0.065763
vt 0.507121 0.083917
vt 0.506547 0.083851
vt 0.979339 0.209240
vt 0.979339 0.190592
vt 0.507020 0.102501
vt 0.506445 0.102555
vt 0.979339 0.227888
vt 0.510783 0.120702
vt 0.510232 0.120874
vt 0.979339 0.246536
vt 0.518249 0.137725
vt 0.517745 0.138008
vt 0.979339 0.265184
vt 0.529089 0.152825
vt 0.528655 0.153206
vt 0.979339 0.283833
vt 0.542831 0.165344
vt 0.542486 0.165806
vt 0.791630 0.022806
vt 0.791630 0.004122
vt 0.558875 0.174735
vt 0.558634 0.175259
vt 0.791630 0.041490
vt 0.576524 0.180592
vt 0.576397 0.181154
vt 0.791630 0.060174
vt 0.595011 0.182663
vt 0.595003 0.183239
vt 0.791630 0.078857
vt 0.613543 0.180869
vt 0.613655 0.181436
vt 0.791630 0.097467
vt 0.631292 0.175353
vt 0.631516 0.175890
vt 0.791630 0.114634
vt 0.646801 0.167758
vt 0.791630 0.191106
vt 0.791630 0.172473
vt 0.680824 0.121580
vt 0.680268 0.121408
vt 0.684062 0.103191
vt 0.684637 0.103248
vt 0.791630 0.209790
vt 0.684064 0.084572
vt 0.684637 0.084509
vt 0.791630 0.228474
vt 0.680222 0.066370
vt 0.680769 0.066189
vt 0.791630 0.247157
vt 0.672692 0.049368
vt 0.673190 0.049077
vt 0.791630 0.265841
vt 0.661797 0.034302
vt 0.662223 0.033914
vt 0.791630 0.284525
vt 0.648012 0.021830
vt 0.648349 0.021362
vt 0.979339 0.022758
vt 0.979339 0.004109
vt 0.631937 0.012496
vt 0.632170 0.011967
vt 0.979339 0.041406
vt 0.614274 0.006706
vt 0.614392 0.006141
vt 0.979339 0.060054
vt 0.595794 0.004714
vt 0.595792 0.004137
vt 0.979339 0.078702
vt 0.577306 0.006606
vt 0.577185 0.006041
vt 0.979339 0.097351
vt 0.559618 0.012296
vt 0.559383 0.011769
vt 0.979339 0.115999
vt 0.543506 0.021529
vt 0.543168 0.021062
vt 0.979339 0.134647
vt 0.529676 0.033880
vt 0.529253 0.033495
vt 0.518218 0.048545
vt 0.518716 0.048836
vt 0.673572 0.137526
vt 0.979339 0.153295
vt 0.799832 0.134959
vt 0.799832 0.155065
vt 0.979339 0.171943
vt 0.662409 0.154414
vt 0.674085 0.137792
vt 0.004124 0.734833
vt 0.692870 0.224814
vt 0.700312 0.224814
vt 0.700312 0.238608
vt 0.692870 0.238608
vt 0.700312 0.252401
vt 0.716414 0.238608
vt 0.716414 0.252401
vt 0.692870 0.211021
vt 0.700312 0.211021
vt 0.716414 0.224814
vt 0.692870 0.197228
vt 0.700312 0.197228
vt 0.716414 0.211021
vt 0.692870 0.183435
vt 0.700312 0.183435
vt 0.716414 0.197228
vt 0.716414 0.183435
vt 0.692870 0.169641
vt 0.700312 0.169641
vt 0.692870 0.155848
vt 0.700312 0.155848
vt 0.716414 0.169641
vt 0.692870 0.142055
vt 0.700312 0.142055
vt 0.716414 0.155848
vt 0.692870 0.128262
vt 0.700312 0.128262
vt 0.716414 0.142055
vt 0.692870 0.114468
vt 0.700312 0.114468
vt 0.716414 0.128262
vt 0.692870 0.100675
vt 0.700312 0.100675
vt 0.716414 0.114468
vt 0.692870 0.086882
vt 0.700312 0.086882
vt 0.716414 0.100675
vt 0.692870 0.073088
vt 0.700312 0.073088
vt 0.716414 0.086882
vt 0.692870 0.059295
vt 0.700312 0.059295
vt 0.716414 0.073088
vt 0.692870 0.045502
vt 0.700312 0.045502
vt 0.716414 0.059295
vt 0.716414 0.045502
vt 0.692870 0.031709
vt 0.700312 0.031709
vt 0.692870 0.017915
vt 0.700312 0.017915
vt 0.716414 0.031709
vt 0.692870 0.004122
vt 0.700312 0.004122
vt 0.716414 0.017915
vt 0.716414 0.004122
vt 0.692870 0.266194
vt 0.700312 0.266194
vt 0.700312 0.279987
vt 0.692870 0.279987
vt 0.692870 0.252401
vt 0.716414 0.266194
vt 0.716414 0.279987
vt 0.006604 0.809349
vt 0.010292 0.809349
vt 0.010292 0.818525
vt 0.006604 0.818525
vt 0.014030 0.809349
vt 0.014030 0.818525
vt 0.956254 0.029949
vt 0.959445 0.029949
vt 0.959445 0.042867
vt 0.956254 0.042867
vt 0.962625 0.029949
vt 0.962625 0.042867
vt 0.959445 0.055786
vt 0.956254 0.055786
vt 0.962625 0.055786
vt 0.959445 0.068705
vt 0.956254 0.068705
vt 0.962625 0.068705
vt 0.959445 0.081623
vt 0.956254 0.081623
vt 0.962625 0.081623
vt 0.956254 0.094542
vt 0.959445 0.094542
vt 0.959445 0.107461
vt 0.956254 0.107461
vt 0.962625 0.094542
vt 0.962625 0.107461
vt 0.959445 0.120379
vt 0.956254 0.120379
vt 0.962625 0.120379
vt 0.959445 0.133298
vt 0.956254 0.133298
vt 0.962625 0.133298
vt 0.959445 0.146217
vt 0.956254 0.146217
vt 0.962625 0.146217
vt 0.959445 0.159135
vt 0.956254 0.159135
vt 0.962625 0.159135
vt 0.959445 0.172054
vt 0.956254 0.172054
vt 0.962625 0.172054
vt 0.959445 0.184973
vt 0.956254 0.184973
vt 0.962625 0.184973
vt 0.959445 0.197891
vt 0.956254 0.197891
vt 0.962625 0.197891
vt 0.959445 0.210810
vt 0.956254 0.210810
vt 0.962625 0.210810
vt 0.956254 0.223729
vt 0.959445 0.223729
vt 0.959445 0.236648
vt 0.956254 0.236648
vt 0.962625 0.223729
vt 0.962625 0.236648
vt 0.959445 0.249566
vt 0.956254 0.249566
vt 0.962625 0.249566
vt 0.959445 0.262485
vt 0.956254 0.262485
vt 0.962625 0.262485
vt 0.956254 0.004111
vt 0.959445 0.004111
vt 0.959445 0.017030
vt 0.956254 0.017030
vt 0.962625 0.004111
vt 0.962625 0.017030
vt 0.088745 0.033013
vt 0.086810 0.027047
vt 0.106613 0.023923
vt 0.006604 0.873578
vt 0.010292 0.873578
vt 0.010292 0.882754
vt 0.006604 0.882754
vt 0.014030 0.873578
vt 0.014030 0.882754
vt 0.006604 0.919457
vt 0.010292 0.919457
vt 0.010292 0.928632
vt 0.006604 0.928632
vt 0.014030 0.919457
vt 0.014030 0.928632
vt 0.006604 0.800173
vt 0.010292 0.800173
vt 0.014030 0.800173
vt 0.006604 0.910281
vt 0.010292 0.910281
vt 0.014030 0.910281
vt 0.006604 0.790998
vt 0.010292 0.790998
vt 0.014030 0.790998
vt 0.006604 0.855227
vt 0.010292 0.855227
vt 0.010292 0.864403
vt 0.006604 0.864403
vt 0.014030 0.855227
vt 0.014030 0.864403
vt 0.006604 0.781822
vt 0.010292 0.781822
vt 0.014030 0.781822
vt 0.006604 0.846052
vt 0.010292 0.846052
vt 0.014030 0.846052
vt 0.006604 0.836876
vt 0.010292 0.836876
vt 0.014030 0.836876
vt 0.006604 0.901105
vt 0.010292 0.901105
vt 0.014030 0.901105
vt 0.006604 0.763471
vt 0.010292 0.763471
vt 0.010292 0.772647
vt 0.006604 0.772647
vt 0.014030 0.763471
vt 0.014030 0.772647
vt 0.006604 0.827700
vt 0.010292 0.827700
vt 0.014030 0.827700
vt 0.006604 0.891930
vt 0.010292 0.891930
vt 0.014030 0.891930
vt 0.006604 0.754295
vt 0.010292 0.754295
vt 0.014030 0.754295
vt 0.006604 0.745120
vt 0.010292 0.745120
vt 0.014030 0.745120
vt 0.742380 0.252401
vt 0.742380 0.266194
vt 0.662701 0.237701
vt 0.662701 0.247364
vt 0.656689 0.247364
vt 0.656689 0.237701
vt 0.632343 0.237701
vt 0.632343 0.247364
vt 0.628074 0.247364
vt 0.628074 0.237701
vt 0.650400 0.247364
vt 0.644097 0.247364
vt 0.644097 0.237701
vt 0.650400 0.237701
vt 0.679265 0.247364
vt 0.675850 0.247364
vt 0.675850 0.237701
vt 0.679265 0.237701
vt 0.637974 0.247364
vt 0.637974 0.237701
vt 0.650400 0.257028
vt 0.644097 0.257028
vt 0.674894 0.247364
vt 0.674894 0.237701
vt 0.679265 0.257028
vt 0.675850 0.257028
vt 0.637974 0.257028
vt 0.632343 0.257028
vt 0.674894 0.257028
vt 0.662701 0.257028
vt 0.656689 0.257028
vt 0.628074 0.257028
vt 0.650400 0.266691
vt 0.644097 0.266691
vt 0.679265 0.266691
vt 0.675850 0.266691
vt 0.637974 0.266691
vt 0.632343 0.266691
vt 0.674894 0.266691
vt 0.662701 0.266691
vt 0.656689 0.266691
vt 0.628074 0.266691
vt 0.637974 0.276355
vt 0.632343 0.276355
vt 0.662701 0.276355
vt 0.656689 0.276355
vt 0.628074 0.276355
vt 0.650400 0.276355
vt 0.644097 0.276355
vt 0.679265 0.276355
vt 0.675850 0.276355
vt 0.662701 0.286018
vt 0.656689 0.286018
vt 0.674894 0.276355
vt 0.650400 0.286018
vt 0.644097 0.286018
vt 0.679265 0.286018
vt 0.675850 0.286018
vt 0.637974 0.286018
vt 0.632343 0.286018
vt 0.674894 0.286018
vt 0.650400 0.295682
vt 0.644097 0.295682
vt 0.628074 0.286018
vt 0.679265 0.295682
vt 0.675850 0.295682
vt 0.637974 0.295682
vt 0.632343 0.295682
vt 0.674894 0.295682
vt 0.662701 0.295682
vt 0.656689 0.295682
vt 0.628074 0.295682
vt 0.679265 0.305345
vt 0.675850 0.305345
vt 0.637974 0.305345
vt 0.632343 0.305345
vt 0.674894 0.305345
vt 0.662701 0.305345
vt 0.656689 0.305345
vt 0.628074 0.305345
vt 0.650400 0.305345
vt 0.644097 0.305345
vt 0.637974 0.315009
vt 0.632343 0.315009
vt 0.662701 0.315009
vt 0.656689 0.315009
vt 0.628074 0.315009
vt 0.650400 0.315009
vt 0.644097 0.315009
vt 0.679265 0.315009
vt 0.675850 0.315009
vt 0.650400 0.324673
vt 0.644097 0.324673
vt 0.674894 0.315009
vt 0.679265 0.324673
vt 0.675850 0.324673
vt 0.637974 0.324673
vt 0.632343 0.324673
vt 0.674894 0.324673
vt 0.662701 0.324673
vt 0.656689 0.324673
vt 0.628074 0.324673
vt 0.650400 0.334336
vt 0.644097 0.334336
vt 0.679265 0.334336
vt 0.675850 0.334336
vt 0.637974 0.334336
vt 0.632343 0.334336
vt 0.674894 0.334336
vt 0.662701 0.334336
vt 0.656689 0.334336
vt 0.628074 0.334336
vt 0.637974 0.344000
vt 0.632343 0.344000
vt 0.662701 0.344000
vt 0.656689 0.344000
vt 0.628074 0.344000
vt 0.650400 0.344000
vt 0.644097 0.344000
vt 0.679265 0.344000
vt 0.675850 0.344000
vt 0.637974 0.353663
vt 0.632343 0.353663
vt 0.674894 0.344000
vt 0.662701 0.353663
vt 0.656689 0.353663
vt 0.628074 0.353663
vt 0.650400 0.353663
vt 0.644097 0.353663
vt 0.679265 0.353663
vt 0.675850 0.353663
vt 0.650400 0.363327
vt 0.644097 0.363327
vt 0.674894 0.353663
vt 0.679265 0.363327
vt 0.675850 0.363327
vt 0.637974 0.363327
vt 0.632343 0.363327
vt 0.674894 0.363327
vt 0.662701 0.363327
vt 0.656689 0.363327
vt 0.628074 0.363327
vt 0.650400 0.372990
vt 0.644097 0.372990
vt 0.679265 0.372990
vt 0.675850 0.372990
vt 0.637974 0.372990
vt 0.632343 0.372990
vt 0.674894 0.372990
vt 0.662701 0.372990
vt 0.656689 0.372990
vt 0.628074 0.372990
vt 0.637974 0.383489
vt 0.632343 0.383489
vt 0.662701 0.383489
vt 0.656689 0.383489
vt 0.628074 0.383489
vt 0.650400 0.383489
vt 0.644097 0.383489
vt 0.679265 0.383489
vt 0.675850 0.383489
vt 0.662701 0.188548
vt 0.662701 0.199046
vt 0.656689 0.199046
vt 0.656689 0.188548
vt 0.674894 0.383489
vt 0.650400 0.199046
vt 0.644097 0.199046
vt 0.644097 0.188548
vt 0.650400 0.188548
vt 0.679265 0.199046
vt 0.675850 0.199046
vt 0.675850 0.188548
vt 0.679265 0.188548
vt 0.637974 0.199046
vt 0.637974 0.188548
vt 0.632343 0.199046
vt 0.632343 0.188548
vt 0.674894 0.199046
vt 0.674894 0.188548
vt 0.650400 0.208710
vt 0.644097 0.208710
vt 0.628074 0.199046
vt 0.628074 0.188548
vt 0.679265 0.208710
vt 0.675850 0.208710
vt 0.637974 0.208710
vt 0.632343 0.208710
vt 0.674894 0.208710
vt 0.662701 0.208710
vt 0.656689 0.208710
vt 0.628074 0.208710
vt 0.679265 0.218374
vt 0.675850 0.218374
vt 0.637974 0.218374
vt 0.632343 0.218374
vt 0.674894 0.218374
vt 0.662701 0.218374
vt 0.656689 0.218374
vt 0.628074 0.218374
vt 0.650400 0.218374
vt 0.644097 0.218374
vt 0.637974 0.228037
vt 0.632343 0.228037
vt 0.662701 0.228037
vt 0.656689 0.228037
vt 0.628074 0.228037
vt 0.650400 0.228037
vt 0.644097 0.228037
vt 0.679265 0.228037
vt 0.675850 0.228037
vt 0.674894 0.228037
vt 0.423796 0.678002
vt 0.430088 0.675958
vt 0.433394 0.696843
vt 0.060888 0.031913
vt 0.062939 0.038231
vt 0.041968 0.041546
vt 0.672065 0.228037
vt 0.672065 0.237701
vt 0.668067 0.237701
vt 0.668067 0.228037
vt 0.742380 0.279987
vt 0.766537 0.252401
vt 0.766537 0.266194
vt 0.742380 0.004122
vt 0.742380 0.017915
vt 0.766537 0.279987
vt 0.742380 0.031709
vt 0.766537 0.004122
vt 0.766537 0.017915
vt 0.742380 0.045502
vt 0.766537 0.031709
vt 0.742380 0.169641
vt 0.742380 0.183435
vt 0.766537 0.045502
vt 0.766537 0.169641
vt 0.766537 0.183435
vt 0.742380 0.197228
vt 0.766537 0.197228
vt 0.742380 0.211021
vt 0.742380 0.224814
vt 0.766537 0.211021
vt 0.766537 0.224814
vt 0.737742 0.294494
vt 0.725055 0.294494
vt 0.724445 0.290639
vt 0.738353 0.290639
vt 0.712989 0.298414
vt 0.711218 0.294937
vt 0.702726 0.305872
vt 0.699966 0.303112
vt 0.695268 0.316136
vt 0.691791 0.314364
vt 0.691348 0.328201
vt 0.691348 0.340889
vt 0.687493 0.341499
vt 0.687493 0.327591
vt 0.695268 0.352955
vt 0.691791 0.354726
vt 0.702725 0.363219
vt 0.699966 0.365978
vt 0.712989 0.370676
vt 0.711218 0.374153
vt 0.725055 0.374596
vt 0.724445 0.378451
vt 0.737743 0.374596
vt 0.738353 0.378451
vt 0.749809 0.370676
vt 0.751580 0.374153
vt 0.760072 0.363219
vt 0.762832 0.365978
vt 0.767530 0.352955
vt 0.771007 0.354726
vt 0.771450 0.340889
vt 0.771450 0.328201
vt 0.775305 0.327591
vt 0.775305 0.341499
vt 0.767530 0.316135
vt 0.771007 0.314364
vt 0.760072 0.305871
vt 0.762832 0.303112
vt 0.749808 0.298414
vt 0.751580 0.294937
vt 0.731399 0.334545
vt 0.715291 0.366159
vt 0.706310 0.359634
vt 0.019002 0.910281
vt 0.016400 0.910281
vt 0.016400 0.901105
vt 0.019002 0.901105
vt 0.016400 0.891930
vt 0.019002 0.891930
vt 0.016400 0.882754
vt 0.019002 0.882754
vt 0.016400 0.873578
vt 0.019002 0.873578
vt 0.019002 0.864403
vt 0.016400 0.864403
vt 0.016400 0.855227
vt 0.019002 0.855227
vt 0.016400 0.846052
vt 0.019002 0.846052
vt 0.016400 0.836876
vt 0.019002 0.836876
vt 0.016400 0.827700
vt 0.019002 0.827700
vt 0.016400 0.818525
vt 0.019002 0.818525
vt 0.016400 0.809349
vt 0.019002 0.809349
vt 0.016400 0.800173
vt 0.019002 0.800173
vt 0.016400 0.790998
vt 0.019002 0.790998
vt 0.016400 0.781822
vt 0.019002 0.781822
vt 0.019002 0.772647
vt 0.016400 0.772647
vt 0.016400 0.763471
vt 0.019002 0.763471
vt 0.016400 0.754295
vt 0.019002 0.754295
vt 0.016400 0.745120
vt 0.019002 0.745120
vt 0.019002 0.928632
vt 0.016400 0.928632
vt 0.016400 0.919457
vt 0.019002 0.919457
vt 0.026884 0.891930
vt 0.026884 0.901105
vt 0.026884 0.882754
vt 0.026884 0.873578
vt 0.097523 0.006055
vt 0.103489 0.004120
vt 0.026884 0.855227
vt 0.026884 0.864403
vt 0.092446 0.009738
vt 0.026884 0.846052
vt 0.088756 0.014811
vt 0.026884 0.836876
vt 0.109762 0.004124
vt 0.115726 0.006066
vt 0.026884 0.827700
vt 0.109737 0.043726
vt 0.103465 0.043722
vt 0.026884 0.818525
vt 0.115703 0.041791
vt 0.026884 0.809349
vt 0.120780 0.038108
vt 0.026884 0.800173
vt 0.124470 0.033036
vt 0.026884 0.790998
vt 0.124482 0.014833
vt 0.120798 0.009756
vt 0.026884 0.781822
vt 0.026884 0.763471
vt 0.026884 0.772647
vt 0.126412 0.027071
vt 0.026884 0.754295
vt 0.126416 0.020799
vt 0.026884 0.745120
vt 0.092429 0.038090
vt 0.026884 0.919457
vt 0.026884 0.928632
vt 0.086814 0.020775
vt 0.026884 0.910281
vt 0.097501 0.041780
vt 0.742380 0.238608
vt 0.766537 0.238608
vt 0.964544 0.210810
vt 0.964544 0.223729
vt 0.742380 0.059295
vt 0.966060 0.210810
vt 0.966060 0.223729
vt 0.766537 0.059295
vt 0.964544 0.081623
vt 0.964544 0.094542
vt 0.966060 0.081623
vt 0.966060 0.094542
vt 0.742380 0.155848
vt 0.766537 0.155848
vt 0.742380 0.142055
vt 0.766537 0.142055
vt 0.742380 0.128262
vt 0.766537 0.128262
vt 0.742380 0.114468
vt 0.766537 0.114468
vt 0.742380 0.100675
vt 0.766537 0.100675
vt 0.742380 0.086882
vt 0.766537 0.086882
vt 0.742380 0.073088
vt 0.766537 0.073088
vt 0.966060 0.017030
vt 0.966060 0.029949
vt 0.964544 0.029949
vt 0.964544 0.017030
vt 0.672065 0.218374
vt 0.668067 0.218374
vt 0.672065 0.208710
vt 0.668067 0.208710
vt 0.672065 0.199046
vt 0.668067 0.199046
vt 0.672065 0.188548
vt 0.668067 0.188548
vt 0.672065 0.372990
vt 0.672065 0.383489
vt 0.668067 0.383489
vt 0.668067 0.372990
vt 0.672065 0.363327
vt 0.668067 0.363327
vt 0.672065 0.353663
vt 0.668067 0.353663
vt 0.672065 0.344000
vt 0.668067 0.344000
vt 0.672065 0.334336
vt 0.668067 0.334336
vt 0.672065 0.324673
vt 0.668067 0.324673
vt 0.672065 0.315009
vt 0.668067 0.315009
vt 0.672065 0.305345
vt 0.668067 0.305345
vt 0.672065 0.295682
vt 0.668067 0.295682
vt 0.672065 0.286018
vt 0.668067 0.286018
vt 0.672065 0.276355
vt 0.668067 0.276355
vt 0.672065 0.266691
vt 0.668067 0.266691
vt 0.672065 0.257028
vt 0.668067 0.257028
vt 0.672065 0.247364
vt 0.668067 0.247364
vt 0.625561 0.237701
vt 0.625561 0.228037
vt 0.625561 0.218374
vt 0.621921 0.237701
vt 0.621921 0.228037
vt 0.625561 0.208710
vt 0.621921 0.218374
vt 0.625561 0.199046
vt 0.621921 0.208710
vt 0.625561 0.188548
vt 0.621921 0.199046
vt 0.625561 0.383489
vt 0.625561 0.372990
vt 0.621921 0.188548
vt 0.625561 0.363327
vt 0.621921 0.383489
vt 0.621921 0.372990
vt 0.625561 0.353663
vt 0.621921 0.363327
vt 0.625561 0.344000
vt 0.621921 0.353663
vt 0.625561 0.334336
vt 0.621921 0.344000
vt 0.625561 0.324673
vt 0.621921 0.334336
vt 0.625561 0.315009
vt 0.621921 0.324673
vt 0.625561 0.305345
vt 0.621921 0.315009
vt 0.625561 0.295682
vt 0.621921 0.305345
vt 0.625561 0.286018
vt 0.621921 0.295682
vt 0.625561 0.276355
vt 0.621921 0.286018
vt 0.625561 0.266691
vt 0.621921 0.276355
vt 0.625561 0.257028
vt 0.621921 0.266691
vt 0.625561 0.247364
vt 0.621921 0.257028
vt 0.621921 0.247364
vt 0.674092 0.237701
vt 0.674092 0.228037
vt 0.674092 0.218374
vt 0.674092 0.208710
vt 0.674092 0.199046
vt 0.674092 0.188548
vt 0.674092 0.383489
vt 0.674092 0.372990
vt 0.674092 0.363327
vt 0.674092 0.353663
vt 0.674092 0.344000
vt 0.674092 0.334336
vt 0.674092 0.324673
vt 0.674092 0.315009
vt 0.674092 0.305345
vt 0.674092 0.295682
vt 0.674092 0.286018
vt 0.674092 0.276355
vt 0.674092 0.266691
vt 0.045282 0.062518
vt 0.056976 0.056564
vt 0.051601 0.060467
vt 0.674092 0.257028
vt 0.038640 0.062515
vt 0.032323 0.060461
vt 0.674092 0.247364
vt 0.026950 0.056555
vt 0.023047 0.051180
vt 0.020996 0.044862
vt 0.020998 0.038219
vt 0.045295 0.020577
vt 0.051612 0.022632
vt 0.023053 0.031902
vt 0.060882 0.051191
vt 0.966060 0.055786
vt 0.967638 0.055786
vt 0.967638 0.068705
vt 0.966060 0.068705
vt 0.969124 0.055786
vt 0.969124 0.068705
vt 0.966060 0.004111
vt 0.964544 0.004111
vt 0.780442 0.031709
vt 0.780442 0.017915
vt 0.781934 0.017915
vt 0.781934 0.031709
vt 0.783390 0.017915
vt 0.783390 0.031709
vt 0.966060 0.249566
vt 0.966060 0.262485
vt 0.964544 0.262485
vt 0.964544 0.249566
vt 0.783390 0.197228
vt 0.781934 0.197228
vt 0.781934 0.183435
vt 0.783390 0.183435
vt 0.966060 0.236648
vt 0.964544 0.236648
vt 0.780442 0.197228
vt 0.780442 0.183435
vt 0.966060 0.146217
vt 0.967638 0.146217
vt 0.967638 0.159135
vt 0.966060 0.159135
vt 0.969124 0.146217
vt 0.969124 0.159135
vt 0.780442 0.211021
vt 0.781934 0.211021
vt 0.783390 0.211021
vt 0.967638 0.236648
vt 0.967638 0.249566
vt 0.969124 0.236648
vt 0.969124 0.249566
vt 0.966060 0.197891
vt 0.964544 0.197891
vt 0.967638 0.081623
vt 0.967638 0.094542
vt 0.969124 0.081623
vt 0.969124 0.094542
vt 0.966060 0.184973
vt 0.964544 0.184973
vt 0.780442 0.114468
vt 0.780442 0.100675
vt 0.781934 0.100675
vt 0.781934 0.114468
vt 0.783390 0.100675
vt 0.783390 0.114468
vt 0.966060 0.172054
vt 0.964544 0.172054
vt 0.964544 0.159135
vt 0.780442 0.004122
vt 0.781934 0.004122
vt 0.783390 0.004122
vt 0.964544 0.146217
vt 0.966060 0.133298
vt 0.964544 0.133298
vt 0.967638 0.172054
vt 0.969124 0.172054
vt 0.966060 0.120379
vt 0.964544 0.120379
vt 0.966060 0.107461
vt 0.964544 0.107461
vt 0.967638 0.262485
vt 0.969124 0.262485
vt 0.780442 0.086882
vt 0.781934 0.086882
vt 0.783390 0.086882
vt 0.964544 0.068705
vt 0.964544 0.055786
vt 0.780442 0.279987
vt 0.780442 0.266194
vt 0.781934 0.266194
vt 0.781934 0.279987
vt 0.783390 0.266194
vt 0.783390 0.279987
vt 0.966060 0.042867
vt 0.964544 0.042867
vt 0.967638 0.184973
vt 0.969124 0.184973
vt 0.780442 0.169641
vt 0.781934 0.169641
vt 0.783390 0.169641
vt 0.967638 0.004111
vt 0.967638 0.017030
vt 0.969124 0.004111
vt 0.969124 0.017030
vt 0.780442 0.073088
vt 0.781934 0.073088
vt 0.783390 0.073088
vt 0.971103 0.017030
vt 0.971103 0.029949
vt 0.970114 0.029949
vt 0.970114 0.017030
vt 0.971103 0.004111
vt 0.970114 0.004111
vt 0.969124 0.029949
vt 0.971103 0.249566
vt 0.971103 0.262485
vt 0.970114 0.262485
vt 0.970114 0.249566
vt 0.971103 0.236648
vt 0.970114 0.236648
vt 0.971103 0.223729
vt 0.970114 0.223729
vt 0.969124 0.210810
vt 0.970114 0.210810
vt 0.969124 0.223729
vt 0.971103 0.197891
vt 0.971103 0.210810
vt 0.970114 0.197891
vt 0.971103 0.184973
vt 0.970114 0.184973
vt 0.969124 0.197891
vt 0.971103 0.172054
vt 0.970114 0.172054
vt 0.971103 0.159135
vt 0.970114 0.159135
vt 0.971103 0.146217
vt 0.970114 0.146217
vt 0.971103 0.133298
vt 0.970114 0.133298
vt 0.971103 0.120379
vt 0.970114 0.120379
vt 0.969124 0.133298
vt 0.971103 0.107461
vt 0.970114 0.107461
vt 0.969124 0.120379
vt 0.971103 0.094542
vt 0.970114 0.094542
vt 0.969124 0.107461
vt 0.970114 0.081623
vt 0.971103 0.068705
vt 0.971103 0.081623
vt 0.970114 0.068705
vt 0.971103 0.055786
vt 0.970114 0.055786
vt 0.971103 0.042867
vt 0.970114 0.042867
vt 0.969124 0.042867
vt 0.967638 0.210810
vt 0.967638 0.223729
vt 0.780442 0.128262
vt 0.781934 0.128262
vt 0.783390 0.128262
vt 0.780442 0.224814
vt 0.781934 0.224814
vt 0.783390 0.224814
vt 0.967638 0.133298
vt 0.780442 0.045502
vt 0.781934 0.045502
vt 0.783390 0.045502
vt 0.967638 0.042867
vt 0.780442 0.142055
vt 0.781934 0.142055
vt 0.783390 0.142055
vt 0.783390 0.059295
vt 0.781934 0.059295
vt 0.780442 0.238608
vt 0.781934 0.238608
vt 0.780442 0.059295
vt 0.783390 0.238608
vt 0.967638 0.120379
vt 0.967638 0.029949
vt 0.780442 0.155848
vt 0.781934 0.155848
vt 0.783390 0.155848
vt 0.967638 0.197891
vt 0.780442 0.252401
vt 0.781934 0.252401
vt 0.783390 0.252401
vt 0.967638 0.107461
vt 0.982108 0.620393
vt 0.981110 0.620393
vt 0.981110 0.609345
vt 0.982108 0.609345
vt 0.980336 0.620393
vt 0.980336 0.609345
vt 0.982108 0.631440
vt 0.981110 0.631440
vt 0.980336 0.631440
vt 0.004852 0.901105
vt 0.004852 0.891930
vt 0.004114 0.901105
vt 0.004114 0.891930
vt 0.982108 0.741913
vt 0.982108 0.730866
vt 0.983742 0.730866
vt 0.983742 0.741913
vt 0.981110 0.730866
vt 0.981110 0.719818
vt 0.982108 0.719818
vt 0.985829 0.730866
vt 0.985829 0.741913
vt 0.980336 0.730866
vt 0.980336 0.719818
vt 0.985829 0.764008
vt 0.985829 0.775055
vt 0.983742 0.775055
vt 0.983742 0.764008
vt 0.982108 0.775055
vt 0.982108 0.764008
vt 0.004852 0.928632
vt 0.004852 0.919457
vt 0.004114 0.928632
vt 0.004114 0.919457
vt 0.985829 0.598298
vt 0.985829 0.609345
vt 0.983742 0.609345
vt 0.983742 0.598298
vt 0.982108 0.598298
vt 0.981110 0.598298
vt 0.981110 0.587251
vt 0.982108 0.587251
vt 0.980336 0.598298
vt 0.980336 0.587251
vt 0.985829 0.675629
vt 0.985829 0.686677
vt 0.983742 0.686677
vt 0.983742 0.675629
vt 0.982108 0.686677
vt 0.982108 0.675629
vt 0.985829 0.752960
vt 0.983742 0.752960
vt 0.982108 0.752960
vt 0.004852 0.855227
vt 0.004852 0.846052
vt 0.004114 0.855227
vt 0.004114 0.846052
vt 0.985829 0.587251
vt 0.983742 0.587251
vt 0.004852 0.763471
vt 0.004852 0.754295
vt 0.004114 0.763471
vt 0.004114 0.754295
vt 0.985829 0.664582
vt 0.983742 0.664582
vt 0.982108 0.664582
vt 0.982108 0.565156
vt 0.981110 0.565156
vt 0.981110 0.554109
vt 0.982108 0.554109
vt 0.980336 0.565156
vt 0.980336 0.554109
vt 0.981110 0.741913
vt 0.980336 0.741913
vt 0.985829 0.576204
vt 0.983742 0.576204
vt 0.982108 0.576204
vt 0.982108 0.653535
vt 0.981110 0.653535
vt 0.981110 0.642487
vt 0.982108 0.642487
vt 0.980336 0.653535
vt 0.980336 0.642487
vt 0.985829 0.653535
vt 0.983742 0.653535
vt 0.981110 0.764008
vt 0.981110 0.752960
vt 0.980336 0.764008
vt 0.980336 0.752960
vt 0.004852 0.809349
vt 0.004852 0.800173
vt 0.004114 0.809349
vt 0.004114 0.800173
vt 0.985829 0.642487
vt 0.983742 0.642487
vt 0.985829 0.719818
vt 0.983742 0.719818
vt 0.985829 0.631440
vt 0.983742 0.631440
vt 0.004852 0.827700
vt 0.004852 0.818525
vt 0.004114 0.827700
vt 0.004114 0.818525
vt 0.985829 0.708771
vt 0.983742 0.708771
vt 0.982108 0.708771
vt 0.981110 0.708771
vt 0.981110 0.697724
vt 0.982108 0.697724
vt 0.980336 0.708771
vt 0.980336 0.697724
vt 0.985829 0.565156
vt 0.983742 0.565156
vt 0.981109 0.686677
vt 0.981110 0.675629
vt 0.980336 0.686677
vt 0.980336 0.675629
vt 0.985829 0.697724
vt 0.983742 0.697724
vt 0.985829 0.554109
vt 0.983742 0.554109
vt 0.004852 0.836876
vt 0.004114 0.836876
vt 0.985829 0.620393
vt 0.983742 0.620393
vt 0.004852 0.882754
vt 0.004114 0.882754
vt 0.004852 0.873578
vt 0.004852 0.864403
vt 0.004114 0.873578
vt 0.004114 0.864403
vt 0.608088 0.316709
vt 0.608635 0.316709
vt 0.608635 0.191832
vt 0.608088 0.191832
vt 0.609182 0.316709
vt 0.609182 0.191832
vt 0.608088 0.250984
vt 0.608635 0.250984
vt 0.608635 0.257557
vt 0.608088 0.257557
vt 0.609182 0.250984
vt 0.609182 0.257557
vt 0.608088 0.231267
vt 0.608635 0.231267
vt 0.608635 0.237839
vt 0.608088 0.237839
vt 0.609182 0.231267
vt 0.609182 0.237839
vt 0.608088 0.198404
vt 0.608635 0.198404
vt 0.608635 0.204977
vt 0.608088 0.204977
vt 0.609182 0.198404
vt 0.609182 0.204977
vt 0.608088 0.283847
vt 0.608635 0.283847
vt 0.608635 0.290419
vt 0.608088 0.290419
vt 0.609182 0.283847
vt 0.609182 0.290419
vt 0.608635 0.244412
vt 0.608088 0.244412
vt 0.609182 0.244412
vt 0.608635 0.211550
vt 0.608088 0.211550
vt 0.609182 0.211550
vt 0.608635 0.296992
vt 0.608088 0.296992
vt 0.609182 0.296992
vt 0.608635 0.218122
vt 0.608088 0.218122
vt 0.609182 0.218122
vt 0.608635 0.303565
vt 0.608088 0.303564
vt 0.609182 0.303564
vt 0.608635 0.310137
vt 0.608088 0.310137
vt 0.609182 0.310137
vt 0.608635 0.264130
vt 0.608088 0.264130
vt 0.609182 0.264130
vt 0.608635 0.270702
vt 0.608088 0.270702
vt 0.609182 0.270702
vt 0.608635 0.224694
vt 0.608088 0.224694
vt 0.609182 0.224694
vt 0.608635 0.277274
vt 0.608088 0.277274
vt 0.609182 0.277274
vt 0.004852 0.790998
vt 0.004852 0.781822
vt 0.004114 0.790998
vt 0.004114 0.781822
vt 0.004114 0.772647
vt 0.004852 0.772647
vt 0.981110 0.664582
vt 0.980336 0.664582
vt 0.981110 0.775055
vt 0.980336 0.775055
vt 0.981109 0.576204
vt 0.980336 0.576204
vt 0.004852 0.745120
vt 0.004114 0.745120
vt 0.004852 0.910281
vt 0.004114 0.910281
vt 0.777819 0.252401
vt 0.777819 0.266194
vt 0.777819 0.279987
vt 0.777819 0.004122
vt 0.777819 0.017915
vt 0.777819 0.031709
vt 0.777819 0.045502
vt 0.777819 0.059295
vt 0.777819 0.073088
vt 0.777819 0.086882
vt 0.777819 0.100675
vt 0.777819 0.114468
vt 0.777819 0.128262
vt 0.777819 0.142055
vt 0.777819 0.155848
vt 0.777819 0.169641
vt 0.777819 0.183435
vt 0.777819 0.197228
vt 0.777819 0.211021
vt 0.777819 0.224814
vt 0.777819 0.238608
vt 0.062937 0.044874
vt 0.056985 0.026538
vt 0.026959 0.026529
vt 0.032334 0.022626
vt 0.038652 0.020575
vt 0.412510 0.693533
vt 0.414555 0.687241
vt 0.454278 0.693538
vt 0.454277 0.700153
vt 0.442991 0.715684
vt 0.436699 0.717728
vt 0.442995 0.678005
vt 0.436704 0.675959
vt 0.418444 0.681890
vt 0.423792 0.715682
vt 0.418440 0.711792
vt 0.414553 0.706440
vt 0.412509 0.700148
vt 0.452232 0.706445
vt 0.448347 0.681893
vt 0.452235 0.687246
vt 0.430083 0.717727
vt 0.448343 0.711796
vt 0.756488 0.359634
vt 0.763013 0.350653
vt 0.756488 0.309456
vt 0.747507 0.302931
vt 0.706310 0.309456
vt 0.699785 0.318437
vt 0.736950 0.299500
vt 0.763013 0.318437
vt 0.766444 0.328995
vt 0.766444 0.340096
vt 0.747507 0.366159
vt 0.736950 0.369590
vt 0.725848 0.369590
vt 0.699785 0.350653
vt 0.696354 0.340096
vt 0.696354 0.328995
vt 0.715291 0.302931
vt 0.725848 0.299500
vt 0.760406 0.934372
vt 0.757723 0.934351
vt 0.757740 0.914019
vt 0.760423 0.914040
vt 0.755991 0.934265
vt 0.756009 0.913903
vt 0.756009 0.887681
vt 0.757737 0.887824
vt 0.760421 0.887845
vt 0.930936 0.508034
vt 0.928260 0.508121
vt 0.928316 0.487641
vt 0.930988 0.487511
vt 0.928322 0.461268
vt 0.930992 0.461101
vt 0.760315 0.955591
vt 0.757616 0.955564
vt 0.757693 0.947052
vt 0.760374 0.947076
vt 0.755868 0.955531
vt 0.755955 0.947001
vt 0.223557 0.799507
vt 0.222694 0.799059
vt 0.226252 0.791279
vt 0.227116 0.791731
vt 0.221796 0.798611
vt 0.225338 0.790843
vt 0.228605 0.778427
vt 0.229534 0.778831
vt 0.230392 0.779289
vt 0.930904 0.529430
vt 0.928227 0.529455
vt 0.928208 0.520921
vt 0.930889 0.520877
vt 0.350340 0.545601
vt 0.355303 0.543133
vt 0.358670 0.550901
vt 0.353783 0.553378
vt 0.356841 0.542398
vt 0.360214 0.550186
vt 0.363278 0.562489
vt 0.361713 0.563163
vt 0.356851 0.565690
vt 0.359169 0.612062
vt 0.363986 0.609426
vt 0.360988 0.638681
vt 0.356191 0.641379
vt 0.365580 0.608821
vt 0.362596 0.638098
vt 0.357563 0.668696
vt 0.355946 0.669273
vt 0.351159 0.672010
vt 0.232002 0.758414
vt 0.232856 0.758877
vt 0.231063 0.758040
vt 0.231327 0.731616
vt 0.232277 0.731963
vt 0.233128 0.732431
vt 0.363914 0.583299
vt 0.359067 0.585878
vt 0.365494 0.582662
vt 0.928285 0.431664
vt 0.930950 0.431469
vt 0.928212 0.400613
vt 0.930873 0.400410
vt 0.757692 0.858378
vt 0.760379 0.858400
vt 0.755964 0.858217
vt 0.755894 0.827238
vt 0.757623 0.827408
vt 0.760315 0.827430
vt 0.229297 0.702443
vt 0.230144 0.702915
vt 0.228338 0.702121
vt 0.223138 0.671480
vt 0.224101 0.671791
vt 0.224946 0.672262
vt 0.760361 0.733346
vt 0.757669 0.733304
vt 0.757745 0.725215
vt 0.760417 0.725239
vt 0.755927 0.733171
vt 0.756065 0.725117
vt 0.756402 0.722492
vt 0.757793 0.722124
vt 0.760432 0.722066
vt 0.930998 0.293235
vt 0.928321 0.293229
vt 0.928506 0.281803
vt 0.931098 0.281749
vt 0.929046 0.278163
vt 0.931180 0.277537
vt 0.350797 0.699381
vt 0.346010 0.702168
vt 0.352411 0.698767
vt 0.350745 0.725610
vt 0.349177 0.726363
vt 0.344491 0.729406
vt 0.928158 0.369998
vt 0.930812 0.369818
vt 0.928174 0.341423
vt 0.930829 0.341311
vt 0.757546 0.796992
vt 0.760246 0.797014
vt 0.755813 0.796831
vt 0.755757 0.770113
vt 0.757499 0.770247
vt 0.760207 0.770272
vt 0.218852 0.641669
vt 0.219695 0.642133
vt 0.217897 0.641342
vt 0.217150 0.612852
vt 0.218082 0.613230
vt 0.218922 0.613698
vt 0.019809 0.429161
vt 0.019731 0.402811
vt 0.022675 0.403306
vt 0.022675 0.429691
vt 0.019142 0.394222
vt 0.019381 0.392798
vt 0.021714 0.393083
vt 0.021963 0.394116
vt 0.019170 0.395114
vt 0.022077 0.395104
vt 0.234742 0.568762
vt 0.233928 0.568227
vt 0.239161 0.558125
vt 0.239967 0.558647
vt 0.233042 0.567757
vt 0.238293 0.557698
vt 0.240101 0.554529
vt 0.241005 0.554330
vt 0.241861 0.554758
vt 0.355736 0.766659
vt 0.359742 0.762288
vt 0.363164 0.769574
vt 0.359619 0.774384
vt 0.361066 0.761106
vt 0.364416 0.768348
vt 0.365580 0.770749
vt 0.364783 0.772237
vt 0.361269 0.777378
vt 0.941720 0.400341
vt 0.941614 0.369756
vt 0.009054 0.394247
vt 0.009093 0.395185
vt 0.773801 0.827226
vt 0.771144 0.827398
vt 0.771109 0.796996
vt 0.773770 0.796838
vt 0.771122 0.770287
vt 0.773794 0.770166
vt 0.941568 0.341282
vt 0.941843 0.293292
vt 0.941936 0.281787
vt 0.941978 0.277470
vt 0.941866 0.461060
vt 0.941811 0.431409
vt 0.773876 0.733304
vt 0.771207 0.733407
vt 0.771205 0.725322
vt 0.773780 0.725256
vt 0.771165 0.722230
vt 0.773278 0.722626
vt 0.773876 0.887691
vt 0.771221 0.887830
vt 0.771193 0.858371
vt 0.773849 0.858208
vt 0.941727 0.529439
vt 0.941801 0.520903
vt 0.941841 0.508048
vt 0.941866 0.487494
vt 0.773862 0.955611
vt 0.771187 0.955627
vt 0.771167 0.947121
vt 0.773831 0.947085
vt 0.771193 0.934403
vt 0.773853 0.934330
vt 0.771218 0.914046
vt 0.773876 0.913938
vt 0.946295 0.508155
vt 0.944546 0.508062
vt 0.944568 0.487510
vt 0.946313 0.487639
vt 0.944566 0.461076
vt 0.946309 0.461234
vt 0.946165 0.529494
vt 0.944417 0.529463
vt 0.944505 0.520922
vt 0.946258 0.520973
vt 0.944509 0.431425
vt 0.946247 0.431605
vt 0.944415 0.400357
vt 0.946150 0.400543
vt 0.946289 0.293328
vt 0.944540 0.293310
vt 0.944619 0.281833
vt 0.946313 0.281912
vt 0.944629 0.277624
vt 0.946022 0.278270
vt 0.944301 0.369771
vt 0.946031 0.369938
vt 0.944241 0.341298
vt 0.945972 0.341409
vt 0.004652 0.395342
vt 0.004707 0.394372
vt 0.006692 0.394443
vt 0.006697 0.395276
vt 0.004652 0.393408
vt 0.006245 0.393164
vt 0.008898 0.392738
vt 0.019333 0.396726
vt 0.009089 0.396845
vt 0.004119 0.403454
vt 0.004424 0.397126
vt 0.006533 0.396817
vt 0.006208 0.402914
vt 0.008910 0.402903
vt 0.008840 0.429075
vt 0.019700 0.435491
vt 0.008848 0.435384
vt 0.332247 0.791525
vt 0.333411 0.790932
vt 0.338442 0.801020
vt 0.337339 0.801616
vt 0.334238 0.790407
vt 0.339255 0.800513
vt 0.341023 0.804538
vt 0.340143 0.804951
vt 0.339124 0.804856
vt 0.239823 0.574385
vt 0.235922 0.569940
vt 0.241102 0.559911
vt 0.244800 0.564773
vt 0.243016 0.556068
vt 0.246703 0.561124
vt 0.022304 0.396913
vt 0.231161 0.675757
vt 0.226339 0.673045
vt 0.221077 0.642915
vt 0.225863 0.645633
vt 0.220268 0.614534
vt 0.224893 0.617498
vt 0.322776 0.687755
vt 0.324079 0.687490
vt 0.319008 0.717670
vt 0.317717 0.717970
vt 0.324931 0.687015
vt 0.319857 0.717206
vt 0.319092 0.745538
vt 0.318245 0.745999
vt 0.316994 0.746409
vt 0.239386 0.735893
vt 0.234531 0.733208
vt 0.231541 0.703698
vt 0.236377 0.706408
vt 0.327999 0.580557
vt 0.329245 0.580098
vt 0.331646 0.600591
vt 0.330383 0.600988
vt 0.330114 0.579643
vt 0.332510 0.600128
vt 0.332795 0.626641
vt 0.331935 0.627113
vt 0.330654 0.627451
vt 0.236707 0.782668
vt 0.231808 0.780049
vt 0.234266 0.759645
vt 0.239141 0.762298
vt 0.329082 0.656725
vt 0.327788 0.657013
vt 0.329937 0.656249
vt 0.321432 0.560269
vt 0.322615 0.559711
vt 0.326056 0.567564
vt 0.324839 0.568093
vt 0.323492 0.559274
vt 0.326936 0.567118
vt 0.229878 0.802803
vt 0.224977 0.800244
vt 0.228539 0.792478
vt 0.233457 0.795060
vt 0.788663 0.900656
vt 0.785980 0.900635
vt 0.785993 0.880305
vt 0.788676 0.880326
vt 0.784248 0.900550
vt 0.784263 0.880189
vt 0.784258 0.853970
vt 0.785987 0.854111
vt 0.788670 0.854134
vt 0.904663 0.498771
vt 0.901987 0.498857
vt 0.902041 0.478374
vt 0.904714 0.478245
vt 0.902046 0.451998
vt 0.904716 0.451832
vt 0.788575 0.921873
vt 0.785877 0.921846
vt 0.785952 0.913335
vt 0.788633 0.913359
vt 0.784128 0.921813
vt 0.784214 0.913284
vt 0.177171 0.787334
vt 0.176305 0.786893
vt 0.179803 0.779085
vt 0.180671 0.779531
vt 0.175403 0.786451
vt 0.178886 0.778656
vt 0.182058 0.766214
vt 0.182990 0.766610
vt 0.183851 0.767062
vt 0.904632 0.520169
vt 0.901955 0.520195
vt 0.901935 0.511658
vt 0.904616 0.511616
vt 0.404249 0.522453
vt 0.409230 0.520018
vt 0.412546 0.527812
vt 0.407640 0.530257
vt 0.410774 0.519294
vt 0.414095 0.527108
vt 0.417076 0.539436
vt 0.415506 0.540099
vt 0.410625 0.542594
vt 0.412628 0.589000
vt 0.417465 0.586396
vt 0.414267 0.615643
vt 0.409449 0.618309
vt 0.419064 0.585801
vt 0.415880 0.615070
vt 0.410638 0.645649
vt 0.409016 0.646216
vt 0.404209 0.648921
vt 0.185301 0.746173
vt 0.186158 0.746630
vt 0.184359 0.745807
vt 0.184419 0.719380
vt 0.185372 0.719718
vt 0.186226 0.720181
vt 0.417571 0.560258
vt 0.412704 0.562805
vt 0.419155 0.559631
vt 0.902007 0.422390
vt 0.904673 0.422196
vt 0.901934 0.391336
vt 0.904595 0.391133
vt 0.785937 0.824669
vt 0.788624 0.824690
vt 0.784209 0.824508
vt 0.784134 0.793531
vt 0.785863 0.793700
vt 0.788554 0.793721
vt 0.182163 0.690218
vt 0.183014 0.690684
vt 0.181202 0.689904
vt 0.175765 0.659301
vt 0.176731 0.659605
vt 0.177579 0.660069
vt 0.788619 0.695923
vt 0.785927 0.695882
vt 0.786004 0.688050
vt 0.788674 0.688080
vt 0.784185 0.695755
vt 0.784325 0.687935
vt 0.784657 0.686014
vt 0.786046 0.685856
vt 0.788685 0.685840
vt 0.904738 0.281032
vt 0.902062 0.281025
vt 0.902246 0.270421
vt 0.904837 0.270408
vt 0.902777 0.267893
vt 0.904907 0.267588
vt 0.403710 0.676409
vt 0.398898 0.679161
vt 0.405330 0.675803
vt 0.403811 0.703336
vt 0.402240 0.704079
vt 0.397518 0.707065
vt 0.901880 0.360645
vt 0.904534 0.360467
vt 0.901897 0.331489
vt 0.904552 0.331381
vt 0.785780 0.763195
vt 0.788480 0.763215
vt 0.784047 0.763036
vt 0.783993 0.735657
vt 0.785734 0.735788
vt 0.788443 0.735812
vt 0.171292 0.629443
vt 0.172138 0.629900
vt 0.170334 0.629122
vt 0.169665 0.600048
vt 0.170599 0.600422
vt 0.171444 0.600883
vt 0.507451 0.039302
vt 0.507436 0.013772
vt 0.510169 0.014008
vt 0.510169 0.039543
vt 0.507207 0.005137
vt 0.507232 0.004193
vt 0.509398 0.004407
vt 0.509837 0.005154
vt 0.507228 0.006068
vt 0.509943 0.006117
vt 0.187957 0.553763
vt 0.187137 0.553239
vt 0.191899 0.543880
vt 0.192706 0.544393
vt 0.186248 0.552775
vt 0.191054 0.543417
vt 0.192332 0.541193
vt 0.193082 0.541277
vt 0.193933 0.541740
vt 0.409701 0.746982
vt 0.413801 0.742766
vt 0.416979 0.749801
vt 0.413357 0.754383
vt 0.415146 0.741629
vt 0.418281 0.748688
vt 0.419155 0.750484
vt 0.418228 0.751705
vt 0.414584 0.756521
vt 0.915443 0.391063
vt 0.915335 0.360406
vt 0.496686 0.005092
vt 0.496698 0.006054
vt 0.802040 0.793516
vt 0.799383 0.793688
vt 0.799346 0.763199
vt 0.802008 0.763041
vt 0.799358 0.735828
vt 0.802030 0.735712
vt 0.915293 0.331353
vt 0.915582 0.281089
vt 0.915667 0.270456
vt 0.915696 0.267582
vt 0.915592 0.451790
vt 0.915536 0.422135
vt 0.802128 0.695890
vt 0.799460 0.695986
vt 0.799456 0.688159
vt 0.802030 0.688075
vt 0.799413 0.685964
vt 0.801526 0.686150
vt 0.802124 0.853976
vt 0.799469 0.854116
vt 0.799437 0.824660
vt 0.802092 0.824497
vt 0.915529 0.511641
vt 0.915456 0.520178
vt 0.915569 0.498784
vt 0.915593 0.478228
vt 0.802121 0.921890
vt 0.799446 0.921907
vt 0.799425 0.913402
vt 0.802089 0.913366
vt 0.799449 0.900685
vt 0.802108 0.900612
vt 0.799470 0.880330
vt 0.802128 0.880222
vt 0.920024 0.498890
vt 0.918274 0.498798
vt 0.918295 0.478243
vt 0.920041 0.478372
vt 0.918292 0.451806
vt 0.920036 0.451964
vt 0.919895 0.520233
vt 0.918147 0.520202
vt 0.918234 0.511659
vt 0.919987 0.511711
vt 0.918234 0.422151
vt 0.919972 0.422330
vt 0.918138 0.391079
vt 0.919873 0.391265
vt 0.920028 0.281124
vt 0.918280 0.281107
vt 0.918347 0.270490
vt 0.920041 0.270529
vt 0.918348 0.267671
vt 0.919743 0.267996
vt 0.918022 0.360420
vt 0.919752 0.360586
vt 0.917966 0.331369
vt 0.919698 0.331477
vt 0.492297 0.006167
vt 0.492358 0.005194
vt 0.494127 0.005189
vt 0.494116 0.006097
vt 0.492568 0.004448
vt 0.494031 0.004253
vt 0.496658 0.004117
vt 0.507290 0.007730
vt 0.496692 0.007740
vt 0.492083 0.014054
vt 0.492210 0.007911
vt 0.494042 0.007736
vt 0.493909 0.013800
vt 0.496609 0.013790
vt 0.496570 0.039268
vt 0.507399 0.045435
vt 0.496575 0.045404
vt 0.385832 0.771057
vt 0.387013 0.770458
vt 0.391582 0.779678
vt 0.390533 0.780330
vt 0.387840 0.769943
vt 0.392382 0.779188
vt 0.393500 0.781964
vt 0.392625 0.782400
vt 0.391799 0.782598
vt 0.193151 0.559213
vt 0.189159 0.554907
vt 0.193876 0.545593
vt 0.197720 0.550230
vt 0.195154 0.542977
vt 0.199009 0.547749
vt 0.510025 0.007857
vt 0.183822 0.663516
vt 0.178978 0.660841
vt 0.173527 0.630670
vt 0.178335 0.633348
vt 0.172799 0.601703
vt 0.177457 0.604615
vt 0.375700 0.664479
vt 0.377005 0.664222
vt 0.371765 0.694453
vt 0.370472 0.694747
vt 0.377861 0.663753
vt 0.372617 0.693995
vt 0.371942 0.722913
vt 0.371090 0.723367
vt 0.369838 0.723774
vt 0.192511 0.723595
vt 0.187636 0.720947
vt 0.184418 0.691456
vt 0.189275 0.694129
vt 0.381661 0.557270
vt 0.382910 0.556820
vt 0.385173 0.577337
vt 0.383906 0.577725
vt 0.383783 0.556369
vt 0.386039 0.576879
vt 0.386143 0.603405
vt 0.385280 0.603872
vt 0.383996 0.604201
vt 0.190192 0.770393
vt 0.185273 0.767811
vt 0.187574 0.747387
vt 0.192470 0.750002
vt 0.382223 0.633478
vt 0.380926 0.633757
vt 0.383082 0.633008
vt 0.375229 0.536929
vt 0.376417 0.536379
vt 0.379806 0.544259
vt 0.378585 0.544779
vt 0.377297 0.535948
vt 0.380689 0.543818
vt 0.183518 0.790581
vt 0.178597 0.788060
vt 0.182100 0.780266
vt 0.187037 0.782810
vt 0.256457 0.816737
vt 0.255137 0.816062
vt 0.258667 0.808336
vt 0.259989 0.809002
vt 0.250231 0.813512
vt 0.253798 0.805782
vt 0.257012 0.793463
vt 0.261868 0.796042
vt 0.263199 0.796691
vt 0.264213 0.775831
vt 0.265551 0.776465
vt 0.259368 0.773222
vt 0.259524 0.746971
vt 0.264350 0.749613
vt 0.265695 0.750235
vt 0.261264 0.720305
vt 0.262614 0.720919
vt 0.256452 0.717627
vt 0.251219 0.687047
vt 0.256022 0.689750
vt 0.257377 0.690362
vt 0.250641 0.659770
vt 0.251991 0.660405
vt 0.245849 0.657022
vt 0.244251 0.629944
vt 0.248910 0.632976
vt 0.250215 0.633713
vt 0.022398 0.436062
vt 0.019703 0.437580
vt 0.021906 0.437709
vt 0.260973 0.598543
vt 0.259886 0.597414
vt 0.263554 0.590143
vt 0.264557 0.591367
vt 0.255974 0.592956
vt 0.259994 0.585241
vt 0.261575 0.582316
vt 0.265050 0.587492
vt 0.265695 0.588991
vt 0.344195 0.794552
vt 0.339385 0.784891
vt 0.008801 0.437531
vt 0.004639 0.437591
vt 0.004375 0.435953
vt 0.006195 0.435418
vt 0.006100 0.437471
vt 0.004158 0.429669
vt 0.006128 0.429155
vt 0.346105 0.798302
vt 0.331137 0.683471
vt 0.326011 0.713685
vt 0.325050 0.741782
vt 0.336468 0.576298
vt 0.338813 0.596713
vt 0.339056 0.623157
vt 0.336165 0.652712
vt 0.329855 0.556067
vt 0.333332 0.563859
vt 0.324924 0.558558
vt 0.328372 0.566387
vt 0.331540 0.578889
vt 0.334199 0.625858
vt 0.331333 0.655456
vt 0.326321 0.686221
vt 0.333924 0.599360
vt 0.321235 0.716420
vt 0.320434 0.744712
vt 0.335430 0.789254
vt 0.340413 0.799296
vt 0.342246 0.803268
vt 0.231255 0.592749
vt 0.249113 0.608085
vt 0.349175 0.751410
vt 0.331135 0.766488
vt 0.326832 0.770070
vt 0.325558 0.771042
vt 0.760262 0.748869
vt 0.771176 0.748910
vt 0.253420 0.611794
vt 0.254615 0.612735
vt 0.226973 0.589092
vt 0.225705 0.588098
vt 0.324715 0.771530
vt 0.323518 0.772059
vt 0.930900 0.314717
vt 0.941677 0.314738
vt 0.944353 0.314756
vt 0.946094 0.314806
vt 0.773851 0.748816
vt 0.353552 0.747748
vt 0.354993 0.746756
vt 0.224874 0.587600
vt 0.223971 0.587161
vt 0.928233 0.314753
vt 0.757558 0.748835
vt 0.755812 0.748715
vt 0.210206 0.804311
vt 0.208881 0.803647
vt 0.212351 0.795894
vt 0.213679 0.796550
vt 0.203955 0.801134
vt 0.207462 0.793377
vt 0.210582 0.781032
vt 0.215458 0.783574
vt 0.216794 0.784213
vt 0.217648 0.763344
vt 0.218991 0.763968
vt 0.212782 0.760772
vt 0.212736 0.734518
vt 0.217583 0.737123
vt 0.218932 0.737735
vt 0.214271 0.707836
vt 0.215626 0.708440
vt 0.209438 0.705195
vt 0.203971 0.674652
vt 0.208796 0.677317
vt 0.210155 0.677920
vt 0.203234 0.647274
vt 0.204588 0.647900
vt 0.198417 0.644566
vt 0.196949 0.616835
vt 0.201642 0.619810
vt 0.202953 0.620536
vt 0.510009 0.045674
vt 0.507357 0.047138
vt 0.509500 0.047119
vt 0.214780 0.582597
vt 0.213671 0.581507
vt 0.217123 0.574467
vt 0.218175 0.575601
vt 0.209664 0.577195
vt 0.213453 0.569788
vt 0.214571 0.567742
vt 0.218208 0.572596
vt 0.218991 0.573836
vt 0.397465 0.773584
vt 0.393064 0.764600
vt 0.496564 0.047141
vt 0.492492 0.047098
vt 0.492185 0.045651
vt 0.493902 0.045418
vt 0.493906 0.047118
vt 0.492074 0.039542
vt 0.493870 0.039304
vt 0.398804 0.776170
vt 0.384095 0.660252
vt 0.378799 0.690522
vt 0.377942 0.719221
vt 0.390162 0.553066
vt 0.392369 0.573506
vt 0.392432 0.599962
vt 0.389337 0.629512
vt 0.387110 0.540601
vt 0.383685 0.532783
vt 0.378734 0.535241
vt 0.382131 0.543097
vt 0.385214 0.555626
vt 0.387554 0.602631
vt 0.384484 0.632223
vt 0.379257 0.662969
vt 0.387460 0.576121
vt 0.374002 0.693220
vt 0.373293 0.722101
vt 0.389045 0.768824
vt 0.393559 0.778058
vt 0.394798 0.780799
vt 0.184295 0.578490
vt 0.202386 0.593471
vt 0.402763 0.730587
vt 0.384502 0.745297
vt 0.380146 0.748802
vt 0.378860 0.749755
vt 0.788510 0.712760
vt 0.799417 0.712804
vt 0.206749 0.597089
vt 0.207955 0.598008
vt 0.179958 0.574915
vt 0.178675 0.573942
vt 0.378012 0.750237
vt 0.376813 0.750762
vt 0.904631 0.303380
vt 0.915413 0.303404
vt 0.918089 0.303422
vt 0.919831 0.303469
vt 0.802091 0.712717
vt 0.407194 0.727021
vt 0.408644 0.726051
vt 0.177838 0.573452
vt 0.176933 0.573020
vt 0.901964 0.303414
vt 0.785807 0.712727
vt 0.784062 0.712613
vt 0.959006 0.503821
vt 0.956323 0.503801
vt 0.956345 0.483460
vt 0.959029 0.483481
vt 0.954591 0.503718
vt 0.954615 0.483349
vt 0.954624 0.457119
vt 0.956351 0.457255
vt 0.959036 0.457277
vt 0.904661 0.761768
vt 0.901986 0.761854
vt 0.902040 0.741373
vt 0.904713 0.741243
vt 0.902046 0.715000
vt 0.904716 0.714833
vt 0.958913 0.525047
vt 0.956214 0.525021
vt 0.956289 0.516507
vt 0.958972 0.516531
vt 0.954468 0.524989
vt 0.954553 0.516458
vt 0.905070 0.249297
vt 0.904203 0.248829
vt 0.907893 0.241109
vt 0.908761 0.241582
vt 0.903312 0.248365
vt 0.906985 0.240657
vt 0.910461 0.228297
vt 0.911385 0.228717
vt 0.912246 0.229197
vt 0.904630 0.783164
vt 0.901953 0.783189
vt 0.901933 0.774654
vt 0.904614 0.774611
vt 0.933055 0.059929
vt 0.916323 0.042725
vt 0.925130 0.024677
vt 0.939482 0.046166
vt 0.788224 0.293928
vt 0.798629 0.293992
vt 0.798448 0.295259
vt 0.788350 0.295281
vt 0.292140 0.811202
vt 0.293249 0.809850
vt 0.298278 0.819514
vt 0.297222 0.820948
vt 0.296796 0.804754
vt 0.301585 0.813929
vt 0.303406 0.817253
vt 0.300042 0.823087
vt 0.298906 0.824595
vt 0.914198 0.208344
vt 0.915055 0.208828
vt 0.913264 0.207953
vt 0.913976 0.181537
vt 0.914921 0.181900
vt 0.915776 0.182390
vt 0.902009 0.685394
vt 0.904674 0.685200
vt 0.901936 0.654343
vt 0.904597 0.654139
vt 0.956318 0.427800
vt 0.959006 0.427822
vt 0.954591 0.427646
vt 0.954535 0.396663
vt 0.956263 0.396825
vt 0.958955 0.396847
vt 0.912444 0.152332
vt 0.913294 0.152825
vt 0.911489 0.151992
vt 0.906813 0.121264
vt 0.907772 0.121593
vt 0.908621 0.122085
vt 0.958981 0.306731
vt 0.956289 0.306685
vt 0.956352 0.299785
vt 0.959023 0.299817
vt 0.954549 0.306523
vt 0.954675 0.299641
vt 0.955008 0.297502
vt 0.956396 0.297259
vt 0.959034 0.297226
vt 0.904726 0.546233
vt 0.902050 0.546228
vt 0.902234 0.535007
vt 0.904826 0.534964
vt 0.902772 0.531646
vt 0.904905 0.531100
vt 0.901882 0.623708
vt 0.904536 0.623529
vt 0.901898 0.594988
vt 0.904553 0.594878
vt 0.956200 0.366488
vt 0.958899 0.366509
vt 0.954469 0.366332
vt 0.954418 0.340186
vt 0.956156 0.340324
vt 0.958864 0.340349
vt 0.903050 0.091357
vt 0.903895 0.091843
vt 0.902099 0.091012
vt 0.901914 0.062360
vt 0.902841 0.062757
vt 0.903681 0.063253
vt 0.800922 0.294268
vt 0.801214 0.295246
vt 0.798477 0.296167
vt 0.801324 0.296252
vt 0.920533 0.018124
vt 0.919737 0.017533
vt 0.925048 0.007718
vt 0.925831 0.008306
vt 0.918861 0.017041
vt 0.924196 0.007257
vt 0.925932 0.004358
vt 0.926799 0.004255
vt 0.927630 0.004765
vt 0.915445 0.654070
vt 0.915338 0.623467
vt 0.788387 0.296229
vt 0.972442 0.396657
vt 0.969785 0.396820
vt 0.969759 0.366496
vt 0.972420 0.366343
vt 0.969774 0.340364
vt 0.972444 0.340240
vt 0.915292 0.594849
vt 0.915571 0.546291
vt 0.915662 0.535004
vt 0.915701 0.531048
vt 0.915591 0.714792
vt 0.915536 0.685139
vt 0.972494 0.306650
vt 0.969827 0.306784
vt 0.969811 0.299888
vt 0.972384 0.299773
vt 0.969765 0.297361
vt 0.971878 0.297630
vt 0.972494 0.457135
vt 0.969839 0.457266
vt 0.969822 0.427799
vt 0.972478 0.427645
vt 0.915453 0.783173
vt 0.915526 0.774637
vt 0.915566 0.761781
vt 0.915591 0.741227
vt 0.972458 0.525072
vt 0.969785 0.525086
vt 0.969769 0.516578
vt 0.972432 0.516545
vt 0.969797 0.503855
vt 0.972457 0.503787
vt 0.969828 0.483491
vt 0.972485 0.483389
vt 0.920021 0.761887
vt 0.918272 0.761795
vt 0.918293 0.741243
vt 0.920039 0.741371
vt 0.918291 0.714808
vt 0.920034 0.714966
vt 0.919891 0.783228
vt 0.918143 0.783196
vt 0.918231 0.774655
vt 0.919984 0.774707
vt 0.918234 0.685156
vt 0.919972 0.685335
vt 0.918139 0.654086
vt 0.919874 0.654272
vt 0.920017 0.546327
vt 0.918268 0.546309
vt 0.918344 0.535047
vt 0.920039 0.535115
vt 0.918352 0.531186
vt 0.919746 0.531752
vt 0.918025 0.623482
vt 0.919755 0.623649
vt 0.917965 0.594865
vt 0.919697 0.594975
vt 0.784037 0.296482
vt 0.784088 0.295500
vt 0.785980 0.295482
vt 0.785984 0.296328
vt 0.784083 0.294608
vt 0.785607 0.294319
vt 0.783539 0.305191
vt 0.785504 0.304611
vt 0.785403 0.332843
vt 0.783539 0.333323
vt 0.788203 0.304587
vt 0.788117 0.332772
vt 0.798645 0.297909
vt 0.788381 0.298015
vt 0.290173 0.812414
vt 0.291334 0.811785
vt 0.296437 0.821517
vt 0.295373 0.822151
vt 0.298054 0.825089
vt 0.297084 0.825097
vt 0.783825 0.298394
vt 0.785816 0.297995
vt 0.918558 0.232712
vt 0.921336 0.212385
vt 0.941375 0.223649
vt 0.938679 0.243847
vt 0.799021 0.304522
vt 0.943158 0.039428
vt 0.946184 0.045100
vt 0.942956 0.051284
vt 0.944538 0.037037
vt 0.947464 0.042996
vt 0.948039 0.044549
vt 0.947070 0.046468
vt 0.943928 0.052554
vt 0.278567 0.708134
vt 0.279866 0.707845
vt 0.275305 0.738140
vt 0.274018 0.738463
vt 0.280722 0.707349
vt 0.276158 0.737654
vt 0.275932 0.766145
vt 0.275084 0.766634
vt 0.273840 0.767068
vt 0.801536 0.298198
vt 0.801872 0.305065
vt 0.914829 0.125718
vt 0.910026 0.122907
vt 0.905289 0.092668
vt 0.910047 0.095499
vt 0.905022 0.064158
vt 0.909553 0.067341
vt 0.282033 0.600821
vt 0.283273 0.600341
vt 0.286008 0.620801
vt 0.284750 0.621219
vt 0.284146 0.599865
vt 0.286876 0.620316
vt 0.287594 0.646831
vt 0.286731 0.647324
vt 0.285454 0.647684
vt 0.922028 0.185989
vt 0.917192 0.183207
vt 0.914705 0.153648
vt 0.919521 0.156456
vt 0.284363 0.676990
vt 0.283072 0.677299
vt 0.285222 0.676492
vt 0.275135 0.580633
vt 0.276310 0.580055
vt 0.279880 0.587855
vt 0.278670 0.588404
vt 0.277192 0.579597
vt 0.280764 0.587388
vt 0.911390 0.252729
vt 0.906505 0.250073
vt 0.910198 0.242368
vt 0.915099 0.245047
vt 0.913677 0.229995
vt 0.928419 0.080641
vt 0.929802 0.107300
vt 0.934691 0.137350
vt 0.939402 0.168015
vt 0.941975 0.197406
vt 0.926867 0.009798
vt 0.921632 0.019501
vt 0.928691 0.006322
vt 0.931875 0.012275
vt 0.930087 0.015521
vt 0.935258 0.256110
vt 0.931563 0.263781
vt 0.290502 0.596386
vt 0.287165 0.583995
vt 0.307452 0.573184
vt 0.310717 0.585448
vt 0.286926 0.703670
vt 0.291447 0.672821
vt 0.311290 0.661156
vt 0.306760 0.691876
vt 0.283561 0.576258
vt 0.303886 0.565459
vt 0.293854 0.643212
vt 0.293180 0.616767
vt 0.313260 0.605603
vt 0.313788 0.631788
vt 0.281794 0.762104
vt 0.282298 0.733980
vt 0.302075 0.722056
vt 0.300762 0.748880
vt 0.799089 0.332848
vt 0.282217 0.586619
vt 0.278640 0.578843
vt 0.285588 0.599073
vt 0.286632 0.675659
vt 0.289013 0.646010
vt 0.282126 0.706517
vt 0.288305 0.619510
vt 0.277548 0.736826
vt 0.277269 0.765251
vt 0.311347 0.783612
vt 0.314932 0.778589
vt 0.317926 0.784789
vt 0.314909 0.790349
vt 0.316154 0.777266
vt 0.319078 0.783421
vt 0.320101 0.785358
vt 0.319364 0.786901
vt 0.316396 0.792807
vt 0.916479 0.209636
vt 0.288281 0.786675
vt 0.305220 0.769743
vt 0.912287 0.038598
vt 0.911061 0.037470
vt 0.284218 0.790729
vt 0.282986 0.791834
vt 0.958902 0.320475
vt 0.969817 0.320510
vt 0.282151 0.792365
vt 0.280965 0.792921
vt 0.904626 0.567933
vt 0.915404 0.567954
vt 0.801872 0.333335
vt 0.918080 0.567972
vt 0.919822 0.568021
vt 0.972490 0.320398
vt 0.910239 0.036930
vt 0.909344 0.036472
vt 0.901959 0.567968
vt 0.956197 0.320439
vt 0.954455 0.320302
vt 0.306831 0.744859
vt 0.310690 0.764563
vt 0.309317 0.765645
vt 0.305302 0.745645
vt 0.944760 0.247150
vt 0.943463 0.246492
vt 0.946149 0.226324
vt 0.947453 0.226967
vt 0.946728 0.200114
vt 0.948039 0.200743
vt 0.799017 0.339645
vt 0.788117 0.339554
vt 0.798984 0.341694
vt 0.788090 0.341655
vt 0.313065 0.688489
vt 0.308362 0.718565
vt 0.306777 0.719190
vt 0.311476 0.689075
vt 0.317046 0.582171
vt 0.319589 0.602311
vt 0.318039 0.602960
vt 0.315513 0.582857
vt 0.320101 0.628472
vt 0.318536 0.629088
vt 0.317597 0.657803
vt 0.316018 0.658396
vt 0.310291 0.562179
vt 0.313785 0.569917
vt 0.312273 0.570643
vt 0.308784 0.562927
vt 0.937685 0.267080
vt 0.936401 0.266397
vt 0.940057 0.258731
vt 0.941345 0.259405
vt 0.944140 0.170759
vt 0.945458 0.171379
vt 0.939421 0.140118
vt 0.940742 0.140737
vt 0.934509 0.110131
vt 0.935823 0.110775
vt 0.932929 0.083863
vt 0.934187 0.084634
vt 0.801671 0.340111
vt 0.801161 0.341779
vt 0.783977 0.341697
vt 0.783684 0.340042
vt 0.785439 0.339592
vt 0.785404 0.341622
vt 0.937073 0.064069
vt 0.938188 0.065097
vt 0.943368 0.541045
vt 0.946019 0.541016
vt 0.946046 0.549572
vt 0.943392 0.549617
vt 0.946005 0.562390
vt 0.943359 0.562479
vt 0.930532 0.541033
vt 0.930463 0.549587
vt 0.969428 0.911101
vt 0.956652 0.911054
vt 0.956660 0.898327
vt 0.969434 0.898368
vt 0.956600 0.919586
vt 0.954366 0.919555
vt 0.954430 0.911006
vt 0.954445 0.898246
vt 0.082258 0.750945
vt 0.083419 0.750306
vt 0.088357 0.759711
vt 0.087310 0.760365
vt 0.084232 0.749740
vt 0.089146 0.759163
vt 0.090561 0.762315
vt 0.089700 0.762803
vt 0.088802 0.762929
vt 0.131037 0.770776
vt 0.130154 0.770327
vt 0.133662 0.762506
vt 0.134546 0.762962
vt 0.129104 0.769818
vt 0.132585 0.762019
vt 0.135816 0.749573
vt 0.136915 0.750007
vt 0.137790 0.750472
vt 0.969426 0.822416
vt 0.956642 0.822404
vt 0.956617 0.792053
vt 0.969407 0.792060
vt 0.956662 0.851761
vt 0.954453 0.851625
vt 0.954434 0.822249
vt 0.954408 0.791888
vt 0.969461 0.919616
vt 0.139386 0.729541
vt 0.140256 0.730013
vt 0.138273 0.729154
vt 0.138596 0.702699
vt 0.139724 0.703042
vt 0.140590 0.703521
vt 0.945955 0.582882
vt 0.943316 0.583011
vt 0.945937 0.609235
vt 0.943303 0.609400
vt 0.969443 0.878000
vt 0.956661 0.877971
vt 0.969436 0.851783
vt 0.954449 0.877860
vt 0.943389 0.718663
vt 0.946001 0.718475
vt 0.945935 0.729132
vt 0.943323 0.729254
vt 0.946023 0.739992
vt 0.943382 0.740035
vt 0.123284 0.595273
vt 0.122434 0.594799
vt 0.121062 0.584420
vt 0.121903 0.584873
vt 0.121290 0.594514
vt 0.119959 0.584040
vt 0.123352 0.573847
vt 0.124400 0.574350
vt 0.125265 0.574823
vt 0.136900 0.673548
vt 0.137761 0.674031
vt 0.135761 0.673243
vt 0.130866 0.643111
vt 0.132009 0.643394
vt 0.132869 0.643878
vt 0.945937 0.638700
vt 0.943310 0.638890
vt 0.945960 0.669082
vt 0.943337 0.669285
vt 0.969457 0.732043
vt 0.956439 0.732073
vt 0.956461 0.723961
vt 0.969417 0.723955
vt 0.956534 0.742545
vt 0.954323 0.742392
vt 0.954207 0.731968
vt 0.954222 0.723896
vt 0.153771 0.630884
vt 0.133763 0.619424
vt 0.129489 0.598780
vt 0.149629 0.610080
vt 0.621450 0.816240
vt 0.619109 0.816631
vt 0.619168 0.789725
vt 0.621468 0.789369
vt 0.089120 0.743687
vt 0.080095 0.726176
vt 0.097595 0.710118
vt 0.104486 0.723931
vt 0.606278 0.789726
vt 0.606338 0.816642
vt 0.603576 0.816267
vt 0.603567 0.789369
vt 0.618867 0.826683
vt 0.606682 0.826841
vt 0.606755 0.825735
vt 0.618746 0.825623
vt 0.604451 0.826610
vt 0.604059 0.825749
vt 0.606720 0.824799
vt 0.603944 0.824740
vt 0.144099 0.537758
vt 0.143290 0.537191
vt 0.148290 0.527745
vt 0.149081 0.528298
vt 0.142258 0.536622
vt 0.147338 0.527181
vt 0.148828 0.524649
vt 0.149679 0.524716
vt 0.150529 0.525208
vt 0.943347 0.782080
vt 0.945996 0.782085
vt 0.945845 0.792981
vt 0.943283 0.793017
vt 0.945322 0.795890
vt 0.943221 0.796313
vt 0.930476 0.793003
vt 0.930478 0.782065
vt 0.071621 0.708853
vt 0.090902 0.696235
vt 0.146898 0.707040
vt 0.144036 0.677593
vt 0.164060 0.688916
vt 0.167006 0.718170
vt 0.969296 0.688229
vt 0.956508 0.688195
vt 0.956551 0.685847
vt 0.969240 0.685877
vt 0.956485 0.695525
vt 0.954256 0.695396
vt 0.954358 0.688075
vt 0.954786 0.686054
vt 0.971976 0.695437
vt 0.969333 0.695555
vt 0.971848 0.688119
vt 0.971331 0.686094
vt 0.972020 0.742387
vt 0.969391 0.742538
vt 0.972105 0.731945
vt 0.972065 0.723895
vt 0.972062 0.898296
vt 0.972068 0.877896
vt 0.972059 0.851651
vt 0.972047 0.822264
vt 0.972029 0.791897
vt 0.972105 0.919596
vt 0.972061 0.911063
vt 0.928299 0.541002
vt 0.928225 0.549539
vt 0.930456 0.562459
vt 0.930463 0.583010
vt 0.928222 0.562371
vt 0.928235 0.582885
vt 0.930471 0.609410
vt 0.930748 0.729322
vt 0.930656 0.718707
vt 0.928248 0.609253
vt 0.928449 0.718529
vt 0.928546 0.729206
vt 0.930650 0.740055
vt 0.930507 0.638912
vt 0.928427 0.740014
vt 0.928291 0.638733
vt 0.930553 0.669315
vt 0.928340 0.669123
vt 0.621108 0.824603
vt 0.621020 0.825606
vt 0.618760 0.824688
vt 0.620747 0.826456
vt 0.928243 0.782063
vt 0.928315 0.792960
vt 0.930506 0.796294
vt 0.928735 0.795867
vt 0.139125 0.647458
vt 0.134286 0.644689
vt 0.128927 0.616662
vt 0.127514 0.615854
vt 0.124684 0.596068
vt 0.621243 0.822734
vt 0.618875 0.822975
vt 0.606603 0.823046
vt 0.085384 0.748464
vt 0.075870 0.730027
vt 0.074597 0.731084
vt 0.065608 0.712647
vt 0.066979 0.711811
vt 0.061514 0.692999
vt 0.062816 0.692733
vt 0.061466 0.703078
vt 0.060218 0.703472
vt 0.063668 0.692259
vt 0.062308 0.702628
vt 0.064738 0.713117
vt 0.063557 0.713670
vt 0.603800 0.822849
vt 0.078621 0.584690
vt 0.079903 0.584350
vt 0.077115 0.613881
vt 0.075821 0.614172
vt 0.080773 0.583869
vt 0.077980 0.613397
vt 0.073149 0.643594
vt 0.072285 0.644080
vt 0.070986 0.644341
vt 0.075894 0.537784
vt 0.077140 0.537322
vt 0.079573 0.557821
vt 0.078308 0.558220
vt 0.078021 0.536859
vt 0.080448 0.557349
vt 0.142020 0.704320
vt 0.139183 0.674839
vt 0.123282 0.585647
vt 0.128006 0.588319
vt 0.126635 0.575667
vt 0.131274 0.578653
vt 0.137435 0.774061
vt 0.132491 0.771518
vt 0.136004 0.763717
vt 0.140971 0.766293
vt 0.139239 0.751245
vt 0.144179 0.753874
vt 0.069294 0.517495
vt 0.070477 0.516935
vt 0.073932 0.524786
vt 0.072714 0.525318
vt 0.071366 0.516490
vt 0.074823 0.524333
vt 0.159106 0.658893
vt 0.148012 0.599598
vt 0.069865 0.688746
vt 0.065065 0.691463
vt 0.069267 0.670851
vt 0.074103 0.668075
vt 0.067855 0.671663
vt 0.074566 0.642779
vt 0.079404 0.639995
vt 0.943377 0.697678
vt 0.930594 0.697709
vt 0.945997 0.697471
vt 0.956591 0.763639
vt 0.969383 0.763644
vt 0.126656 0.615371
vt 0.125511 0.615100
vt 0.954381 0.763471
vt 0.972007 0.763478
vt 0.928385 0.697514
vt 0.066993 0.672147
vt 0.065693 0.672394
vt 0.141695 0.730799
vt 0.146602 0.733474
vt 0.150508 0.591328
vt 0.161368 0.776917
vt 0.157858 0.784673
vt 0.164520 0.764602
vt 0.090036 0.677405
vt 0.094110 0.656548
vt 0.099372 0.628502
vt 0.166832 0.744389
vt 0.084427 0.533474
vt 0.081273 0.521035
vt 0.101719 0.510524
vt 0.104803 0.522836
vt 0.087085 0.580344
vt 0.086803 0.553894
vt 0.107048 0.543026
vt 0.107189 0.569217
vt 0.077784 0.513244
vt 0.098267 0.502747
vt 0.084255 0.609819
vt 0.104267 0.598459
vt 0.139853 0.561342
vt 0.157279 0.577501
vt 0.063681 0.701859
vt 0.068389 0.699198
vt 0.076287 0.523586
vt 0.072826 0.515758
vt 0.079474 0.536089
vt 0.081888 0.556564
vt 0.082204 0.583069
vt 0.079402 0.612585
vt 0.094795 0.674625
vt 0.093325 0.685162
vt 0.088427 0.687933
vt 0.096401 0.674049
vt 0.094928 0.684489
vt 0.097085 0.692387
vt 0.095599 0.693227
vt 0.148970 0.543845
vt 0.135642 0.557465
vt 0.145249 0.539043
vt 0.134371 0.556401
vt 0.164285 0.563722
vt 0.619116 0.783286
vt 0.606347 0.783294
vt 0.606386 0.781437
vt 0.619093 0.781440
vt 0.603751 0.782945
vt 0.604261 0.781404
vt 0.169154 0.569667
vt 0.162723 0.582381
vt 0.161479 0.581348
vt 0.168016 0.568444
vt 0.156545 0.595165
vt 0.155176 0.594353
vt 0.153696 0.534841
vt 0.167977 0.556729
vt 0.113551 0.565995
vt 0.110625 0.595203
vt 0.109037 0.595772
vt 0.111977 0.566589
vt 0.105732 0.625216
vt 0.104136 0.625772
vt 0.111180 0.519652
vt 0.113425 0.539828
vt 0.111866 0.540454
vt 0.109637 0.520316
vt 0.104721 0.499561
vt 0.108100 0.507350
vt 0.106578 0.508055
vt 0.103203 0.500287
vt 0.170779 0.767799
vt 0.169350 0.767146
vt 0.171648 0.746975
vt 0.173088 0.747601
vt 0.171796 0.720803
vt 0.173248 0.721406
vt 0.098867 0.653789
vt 0.100467 0.653234
vt 0.164178 0.787868
vt 0.162768 0.787171
vt 0.166218 0.779423
vt 0.167631 0.780104
vt 0.155866 0.613432
vt 0.154390 0.612839
vt 0.152881 0.602358
vt 0.154351 0.603025
vt 0.168833 0.691599
vt 0.170295 0.692184
vt 0.163872 0.661610
vt 0.165340 0.662188
vt 0.109507 0.717995
vt 0.108253 0.719246
vt 0.101825 0.706300
vt 0.103181 0.705232
vt 0.620886 0.781404
vt 0.621307 0.782941
vt 0.158531 0.633626
vt 0.160002 0.634204
vt 0.113551 0.726358
vt 0.112739 0.727748
vt 0.111383 0.725771
vt 0.112588 0.724515
vt 0.109507 0.733181
vt 0.108139 0.730918
vt 0.173248 0.561341
vt 0.172320 0.563171
vt 0.171240 0.561913
vt 0.172508 0.559947
vt 0.169280 0.554503
vt 0.095383 0.755594
vt 0.093796 0.752697
vt 0.155247 0.531989
vt 0.150182 0.529645
vt 0.151704 0.526609
vt 0.091771 0.760934
vt 0.090255 0.757840
vt 0.930540 0.760811
vt 0.928306 0.760802
vt 0.943398 0.760823
vt 0.956486 0.709782
vt 0.969358 0.709804
vt 0.972003 0.709730
vt 0.954253 0.709699
vt 0.946046 0.760818
vt 0.133533 0.555881
vt 0.132498 0.555336
vt 0.073753 0.731601
vt 0.072590 0.732207
vt 0.681739 0.042167
vt 0.680135 0.042215
vt 0.680190 0.027732
vt 0.681753 0.027792
vt 0.902837 0.179340
vt 0.904432 0.179292
vt 0.904415 0.190861
vt 0.902843 0.190804
vt 0.494864 0.087077
vt 0.496468 0.087028
vt 0.496418 0.101511
vt 0.494855 0.101452
vt 0.903502 0.213803
vt 0.901898 0.213850
vt 0.901948 0.202280
vt 0.903510 0.202339
vt 0.784410 0.350363
vt 0.783962 0.350344
vt 0.784028 0.349983
vt 0.784389 0.349918
vt 0.681783 0.027354
vt 0.682133 0.027424
vt 0.682191 0.027776
vt 0.903949 0.213818
vt 0.903890 0.214178
vt 0.903533 0.214250
vt 0.796025 0.350416
vt 0.796048 0.349963
vt 0.796412 0.350031
vt 0.796477 0.350395
vt 0.903540 0.201902
vt 0.903890 0.201972
vt 0.903948 0.202324
vt 0.494416 0.087061
vt 0.494476 0.086702
vt 0.494833 0.086630
vt 0.784491 0.364834
vt 0.784469 0.365281
vt 0.784111 0.365215
vt 0.784047 0.364856
vt 0.902813 0.191248
vt 0.902458 0.191177
vt 0.902398 0.190820
vt 0.682186 0.042183
vt 0.682127 0.042542
vt 0.681770 0.042614
vt 0.796037 0.364898
vt 0.796477 0.364920
vt 0.796412 0.365275
vt 0.796056 0.365339
vt 0.494826 0.101890
vt 0.494476 0.101820
vt 0.494417 0.101468
vt 0.902398 0.179325
vt 0.902455 0.178971
vt 0.902807 0.178899
vt 0.680208 0.027291
vt 0.901914 0.214311
vt 0.496452 0.086567
vt 0.901965 0.201839
vt 0.904415 0.178834
vt 0.496401 0.101952
vt 0.680150 0.042676
vt 0.904399 0.191305
vt 0.903511 0.019213
vt 0.901907 0.019261
vt 0.901957 0.004785
vt 0.903522 0.004840
vt 0.608578 0.324238
vt 0.610172 0.324190
vt 0.610156 0.335759
vt 0.608584 0.335702
vt 0.682100 0.004790
vt 0.683704 0.004741
vt 0.683654 0.019224
vt 0.682091 0.019165
vt 0.091050 0.059065
vt 0.089448 0.059116
vt 0.089498 0.047541
vt 0.091061 0.047601
vt 0.518853 0.004663
vt 0.518412 0.004644
vt 0.518475 0.004289
vt 0.518830 0.004222
vt 0.903554 0.004404
vt 0.903902 0.004475
vt 0.903959 0.004826
vt 0.091498 0.059082
vt 0.091437 0.059443
vt 0.091078 0.059514
vt 0.530434 0.004569
vt 0.530453 0.004117
vt 0.530818 0.004181
vt 0.530886 0.004546
vt 0.091091 0.047163
vt 0.091440 0.047233
vt 0.091499 0.047585
vt 0.681652 0.004774
vt 0.681711 0.004415
vt 0.682069 0.004343
vt 0.518864 0.019139
vt 0.518845 0.019591
vt 0.518480 0.019526
vt 0.518413 0.019162
vt 0.608554 0.336145
vt 0.608199 0.336075
vt 0.608138 0.335718
vt 0.903958 0.019228
vt 0.903898 0.019587
vt 0.903541 0.019660
vt 0.530444 0.019045
vt 0.530886 0.019064
vt 0.530823 0.019419
vt 0.530468 0.019486
vt 0.682061 0.019603
vt 0.681712 0.019532
vt 0.681653 0.019181
vt 0.608138 0.324223
vt 0.608196 0.323869
vt 0.608547 0.323797
vt 0.901975 0.004336
vt 0.089463 0.059568
vt 0.683688 0.004281
vt 0.089515 0.047100
vt 0.610155 0.323732
vt 0.683637 0.019665
vt 0.901923 0.019722
vt 0.610139 0.336203
vt 0.945939 0.070658
vt 0.947533 0.070608
vt 0.947517 0.085092
vt 0.945944 0.085035
vt 0.542494 0.187506
vt 0.540902 0.187560
vt 0.540912 0.175985
vt 0.542485 0.176041
vt 0.945262 0.004798
vt 0.946866 0.004749
vt 0.946816 0.019225
vt 0.945251 0.019170
vt 0.005723 0.171042
vt 0.004120 0.171089
vt 0.004167 0.159520
vt 0.005729 0.159579
vt 0.954990 0.282950
vt 0.954970 0.283398
vt 0.954610 0.283333
vt 0.954544 0.282974
vt 0.945915 0.085478
vt 0.945559 0.085408
vt 0.945499 0.085050
vt 0.006171 0.171057
vt 0.006111 0.171417
vt 0.005754 0.171489
vt 0.954907 0.271339
vt 0.954454 0.271319
vt 0.954521 0.270953
vt 0.954886 0.270886
vt 0.005759 0.159142
vt 0.006108 0.159212
vt 0.006167 0.159564
vt 0.944815 0.004782
vt 0.944874 0.004423
vt 0.945231 0.004351
vt 0.969445 0.282958
vt 0.969885 0.282978
vt 0.969821 0.283333
vt 0.969466 0.283398
vt 0.542514 0.175598
vt 0.542870 0.175668
vt 0.542930 0.176025
vt 0.945499 0.070643
vt 0.945556 0.070288
vt 0.945908 0.070216
vt 0.969405 0.271408
vt 0.969427 0.270963
vt 0.969786 0.271028
vt 0.969853 0.271387
vt 0.945219 0.019606
vt 0.944871 0.019535
vt 0.944814 0.019184
vt 0.542935 0.187523
vt 0.542876 0.187878
vt 0.542522 0.187949
vt 0.947501 0.085536
vt 0.004135 0.171550
vt 0.946850 0.004289
vt 0.004184 0.159079
vt 0.540918 0.188008
vt 0.946798 0.019674
vt 0.947517 0.070151
vt 0.540928 0.175541
vt 0.049600 0.090428
vt 0.051203 0.090380
vt 0.051154 0.104856
vt 0.049589 0.104801
vt 0.903497 0.170996
vt 0.901905 0.171049
vt 0.901921 0.159474
vt 0.903494 0.159531
vt 0.944719 0.097007
vt 0.946323 0.096959
vt 0.946273 0.111435
vt 0.944708 0.111380
vt 0.005704 0.194101
vt 0.004112 0.194153
vt 0.004126 0.182578
vt 0.005699 0.182635
vt 0.563865 0.383300
vt 0.563417 0.383278
vt 0.563485 0.382918
vt 0.563845 0.382855
vt 0.049557 0.105237
vt 0.049209 0.105166
vt 0.049151 0.104815
vt 0.006145 0.194117
vt 0.006086 0.194472
vt 0.005732 0.194543
vt 0.575445 0.383396
vt 0.575468 0.382948
vt 0.575827 0.383016
vt 0.575890 0.383376
vt 0.005728 0.182191
vt 0.006084 0.182262
vt 0.006144 0.182619
vt 0.944272 0.096992
vt 0.944331 0.096632
vt 0.944688 0.096560
vt 0.563861 0.397777
vt 0.563838 0.398225
vt 0.563480 0.398156
vt 0.563417 0.397797
vt 0.903524 0.159088
vt 0.903879 0.159158
vt 0.903940 0.159515
vt 0.049152 0.090413
vt 0.049212 0.090054
vt 0.049569 0.089982
vt 0.575442 0.397872
vt 0.575890 0.397895
vt 0.575822 0.398254
vt 0.575461 0.398317
vt 0.944676 0.111816
vt 0.944328 0.111745
vt 0.944271 0.111394
vt 0.903938 0.171013
vt 0.903879 0.171368
vt 0.903525 0.171439
vt 0.051136 0.105305
vt 0.004128 0.194602
vt 0.946307 0.096498
vt 0.004142 0.182134
vt 0.901921 0.171498
vt 0.946255 0.111884
vt 0.051187 0.089920
vt 0.901938 0.159030
s 1
usemtl round_wooden_table_01
f 4/1/1 171/2/2 531/3/3 172/4/4
f 171/2/2 2/5/5 173/6/6 531/3/3
f 531/3/3 173/6/6 1/7/7 174/8/8
f 172/4/4 531/3/3 174/8/8 3/9/9
f 3/9/9 174/8/8 532/10/10 175/11/11
f 174/8/8 1/7/7 176/12/12 532/10/10
f 532/10/10 176/12/12 121/13/13 177/14/14
f 175/11/11 532/10/10 177/14/14 122/15/15
f 6/16/16 178/17/17 533/18/18 179/19/19
f 178/17/17 4/1/1 172/4/4 533/18/18
f 533/18/18 172/4/4 3/9/9 180/20/20
f 179/19/19 533/18/18 180/20/20 5/21/21
f 5/21/21 180/20/20 534/22/22 181/23/23
f 180/20/20 3/9/9 175/11/11 534/22/22
f 534/22/22 175/11/11 122/15/15 182/24/24
f 181/23/23 534/22/22 182/24/24 123/25/25
f 8/26/26 183/27/27 535/28/28 184/29/29
f 183/27/27 6/16/16 179/19/19 535/28/28
f 535/28/28 179/19/19 5/21/21 185/30/30
f 184/29/29 535/28/28 185/30/30 7/31/31
f 7/31/31 185/30/30 536/32/32 186/33/33
f 185/30/30 5/21/21 181/23/23 536/32/32
f 536/32/32 181/23/23 123/25/25 187/34/34
f 186/33/33 536/32/32 187/34/34 124/35/35
f 10/36/36 188/37/37 537/38/38 189/39/39
f 188/37/37 8/26/26 184/29/29 537/38/38
f 537/38/38 184/29/29 7/31/31 190/40/40
f 189/39/39 537/38/38 190/40/40 9/41/41
f 9/41/41 190/40/40 538/42/42 191/43/43
f 190/40/40 7/31/31 186/33/33 538/42/42
f 538/42/42 186/33/33 124/35/35 192/44/44
f 191/43/43 538/42/42 192/44/44 125/45/45
f 12/46/46 193/47/47 539/48/48 194/49/49
f 193/47/47 10/36/36 189/39/39 539/48/48
f 539/48/48 189/39/39 9/41/41 195/50/50
f 194/49/49 539/48/48 195/50/50 11/51/51
f 11/51/51 195/50/50 540/52/52 196/53/53
f 195/50/50 9/41/41 191/43/43 540/52/52
f 540/52/52 191/43/43 125/45/45 197/54/54
f 196/53/53 540/52/52 197/54/54 126/55/55
f 14/56/56 198/57/57 541/58/58 199/59/59
f 198/57/57 12/46/46 194/49/49 541/58/58
f 541/58/58 194/49/49 11/51/51 200/60/60
f 199/59/59 541/58/58 200/60/60 13/61/61
f 13/61/61 200/60/60 542/62/62 201/63/63
f 200/60/60 11/51/51 196/53/53 542/62/62
f 542/62/62 196/53/53 126/55/55 202/64/64
f 201/63/63 542/62/62 202/64/64 127/65/65
f 16/66/66 203/67/67 543/68/68 204/69/69
f 203/67/67 14/56/56 199/59/59 543/68/68
f 543/68/68 199/59/59 13/61/61 205/70/70
f 204/69/69 543/68/68 205/70/70 15/71/71
f 15/71/71 205/70/70 544/72/72 206/73/73
f 205/70/70 13/61/61 201/63/63 544/72/72
f 544/72/72 201/63/63 127/65/65 207/74/74
f 206/73/73 544/72/72 207/74/74 128/75/75
f 18/76/76 208/77/77 545/78/78 209/79/79
f 208/77/77 16/80/66 204/81/69 545/78/78
f 545/78/78 204/81/69 15/82/71 210/83/80
f 209/79/79 545/78/78 210/83/80 17/84/81
f 17/84/81 210/83/80 546/85/82 211/86/83
f 210/83/80 15/82/71 206/87/73 546/85/82
f 546/85/82 206/87/73 128/88/75 212/89/84
f 211/86/83 546/85/82 212/89/84 129/90/85
f 20/91/86 213/92/87 547/93/88 214/94/89
f 213/92/87 18/76/76 209/79/79 547/93/88
f 547/93/88 209/79/79 17/84/81 215/95/90
f 214/94/89 547/93/88 215/95/90 19/96/91
f 19/96/91 215/95/90 548/97/92 216/98/93
f 215/95/90 17/84/81 211/86/83 548/97/92
f 548/97/92 211/86/83 129/90/85 217/99/94
f 216/98/93 548/97/92 217/99/94 130/100/95
f 22/101/96 218/102/97 549/103/98 219/104/99
f 218/102/97 20/91/86 214/94/89 549/103/98
f 549/103/98 214/94/89 19/96/91 220/105/100
f 219/104/99 549/103/98 220/105/100 21/106/101
f 21/106/101 220/105/100 550/107/102 221/108/103
f 220/105/100 19/96/91 216/98/93 550/107/102
f 550/107/102 216/98/93 130/100/95 222/109/104
f 221/108/103 550/107/102 222/109/104 131/110/105
f 24/111/106 223/112/107 551/113/108 224/114/109
f 223/112/107 22/101/96 219/104/99 551/113/108
f 551/113/108 219/104/99 21/106/101 225/115/110
f 224/114/109 551/113/108 225/115/110 23/116/111
f 23/116/111 225/115/110 552/117/112 226/118/113
f 225/115/110 21/106/101 221/108/103 552/117/112
f 552/117/112 221/108/103 131/110/105 227/119/114
f 226/118/113 552/117/112 227/119/114 132/120/115
f 26/121/116 228/122/117 553/123/118 229/124/119
f 228/122/117 24/111/106 224/114/109 553/123/118
f 553/123/118 224/114/109 23/116/111 230/125/120
f 229/124/119 553/123/118 230/125/120 25/126/121
f 25/126/121 230/125/120 554/127/122 231/128/123
f 230/125/120 23/116/111 226/118/113 554/127/122
f 554/127/122 226/118/113 132/120/115 232/129/124
f 231/128/123 554/127/122 232/129/124 133/130/125
f 28/131/126 233/132/127 555/133/128 234/134/129
f 233/132/127 26/121/116 229/124/119 555/133/128
f 555/133/128 229/124/119 25/126/121 235/135/130
f 234/134/129 555/133/128 235/135/130 27/136/131
f 27/136/131 235/135/130 556/137/132 236/138/133
f 235/135/130 25/126/121 231/128/123 556/137/132
f 556/137/132 231/128/123 133/130/125 237/139/134
f 236/138/133 556/137/132 237/139/134 134/140/135
f 30/141/136 238/142/137 557/143/138 239/144/139
f 238/142/137 28/131/126 234/134/129 557/143/138
f 557/143/138 234/134/129 27/136/131 240/145/140
f 239/144/139 557/143/138 240/145/140 29/146/141
f 29/146/141 240/145/140 558/147/142 241/148/143
f 240/145/140 27/136/131 236/138/133 558/147/142
f 558/147/142 236/138/133 134/140/135 242/149/144
f 241/148/143 558/147/142 242/149/144 135/150/145
f 32/151/146 243/152/147 559/153/148 244/154/149
f 243/152/147 30/141/136 239/144/139 559/153/148
f 559/153/148 239/144/139 29/146/141 245/155/150
f 244/154/149 559/153/148 245/155/150 31/156/151
f 31/156/151 245/155/150 560/157/152 246/158/153
f 245/155/150 29/146/141 241/148/143 560/157/152
f 560/157/152 241/148/143 135/150/145 247/159/154
f 246/158/153 560/157/152 247/159/154 136/160/155
f 34/161/156 248/162/157 561/163/158 249/164/159
f 248/162/157 32/151/146 244/154/149 561/163/158
f 561/163/158 244/154/149 31/156/151 250/165/160
f 249/164/159 561/163/158 250/165/160 33/166/161
f 33/166/161 250/165/160 562/167/162 251/168/163
f 250/165/160 31/156/151 246/158/153 562/167/162
f 562/167/162 246/158/153 136/160/155 252/169/164
f 251/168/163 562/167/162 252/169/164 137/170/165
f 36/171/166 253/172/167 563/173/168 254/174/169
f 253/172/167 34/161/156 249/164/159 563/173/168
f 563/173/168 249/164/159 33/166/161 255/175/170
f 254/174/169 563/173/168 255/175/170 35/176/171
f 35/176/171 255/175/170 564/177/172 256/178/173
f 255/175/170 33/166/161 251/168/163 564/177/172
f 564/177/172 251/168/163 137/170/165 257/179/174
f 256/178/173 564/177/172 257/179/174 138/180/175
f 38/181/176 258/182/177 565/183/178 259/184/179
f 258/182/177 36/171/166 254/174/169 565/183/178
f 565/183/178 254/174/169 35/176/171 260/185/180
f 259/184/179 565/183/178 260/185/180 37/186/181
f 37/186/181 260/185/180 566/187/182 261/188/183
f 260/185/180 35/176/171 256/178/173 566/187/182
f 566/187/182 256/178/173 138/180/175 262/189/184
f 261/188/183 566/187/182 262/189/184 139/190/185
f 40/191/186 263/192/187 567/193/188 264/194/189
f 263/192/187 38/181/176 259/184/179 567/193/188
f 567/193/188 259/184/179 37/186/181 265/195/190
f 264/194/189 567/193/188 265/195/190 39/196/191
f 39/196/191 265/195/190 568/197/192 266/198/193
f 265/195/190 37/186/181 261/188/183 568/197/192
f 568/197/192 261/188/183 139/190/185 267/199/194
f 266/198/193 568/197/192 267/199/194 140/200/195
f 42/201/196 268/202/197 569/203/198 269/204/199
f 268/202/197 40/205/186 264/206/189 569/203/198
f 569/203/198 264/206/189 39/207/191 270/208/200
f 269/204/199 569/203/198 270/208/200 41/209/201
f 41/209/201 270/208/200 570/210/202 271/211/203
f 270/208/200 39/207/191 266/212/193 570/210/202
f 570/210/202 266/212/193 140/213/195 272/214/204
f 271/211/203 570/210/202 272/214/204 141/215/205
f 44/216/206 273/217/207 571/218/208 274/219/209
f 273/217/207 42/201/196 269/204/199 571/218/208
f 571/218/208 269/204/199 41/209/201 275/220/210
f 274/219/209 571/218/208 275/220/210 43/221/211
f 43/221/211 275/220/210 572/222/212 276/223/213
f 275/220/210 41/209/201 271/211/203 572/222/212
f 572/222/212 271/211/203 141/215/205 277/224/214
f 276/223/213 572/222/212 277/224/214 142/225/215
f 46/226/216 278/227/217 573/228/218 279/229/219
f 278/227/217 44/216/206 274/219/209 573/228/218
f 573/228/218 274/219/209 43/221/211 280/230/220
f 279/229/219 573/228/218 280/230/220 45/231/221
f 45/231/221 280/230/220 574/232/222 281/233/223
f 280/230/220 43/221/211 276/223/213 574/232/222
f 574/232/222 276/223/213 142/225/215 282/234/224
f 281/233/223 574/232/222 282/234/224 143/235/225
f 48/236/226 283/237/227 575/238/228 284/239/229
f 283/237/227 46/226/216 279/229/219 575/238/228
f 575/238/228 279/229/219 45/231/221 285/240/230
f 284/239/229 575/238/228 285/240/230 47/241/231
f 47/241/231 285/240/230 576/242/232 286/243/233
f 285/240/230 45/231/221 281/233/223 576/242/232
f 576/242/232 281/233/223 143/235/225 287/244/234
f 286/243/233 576/242/232 287/244/234 144/245/235
f 14/56/56 526/246/236 577/247/237 198/57/57
f 526/246/236 67/248/238 329/249/239 577/247/237
f 577/247/237 329/249/239 64/250/240 525/251/241
f 198/57/57 577/247/237 525/251/241 12/46/46
f 2/5/5 288/252/242 578/253/243 173/6/6
f 288/252/242 48/236/226 284/239/229 578/253/243
f 578/253/243 284/239/229 47/241/231 289/254/244
f 173/6/6 578/253/243 289/254/244 1/7/7
f 1/7/7 289/254/244 579/255/245 176/12/12
f 289/254/244 47/241/231 286/243/233 579/255/245
f 579/255/245 286/243/233 144/245/235 290/256/246
f 176/12/12 579/255/245 290/256/246 121/13/13
f 473/257/247 675/258/248 169/259/249
f 49/260/250 292/261/251 580/262/252 291/263/253
f 292/261/251 52/264/254 293/265/255 580/262/252
f 580/262/252 293/265/255 53/266/256 294/267/257
f 291/263/253 580/262/252 294/267/257 51/268/258
f 51/268/258 294/267/257 581/269/259 295/270/260
f 294/267/257 53/266/256 296/271/261 581/269/259
f 581/269/259 296/271/261 54/272/262 297/273/263
f 295/270/260 581/269/259 297/273/263 50/274/264
f 50/274/264 297/273/263 582/275/265 298/276/266
f 297/273/263 54/272/262 299/277/267 582/275/265
f 582/275/265 299/277/267 145/278/268 300/279/269
f 298/276/266 582/275/265 300/279/269 146/280/270
f 52/264/254 301/281/271 583/282/272 293/265/255
f 301/281/271 55/283/273 302/284/274 583/282/272
f 583/282/272 302/284/274 56/285/275 303/286/276
f 293/265/255 583/282/272 303/286/276 53/266/256
f 53/266/256 303/286/276 584/287/277 296/271/261
f 303/286/276 56/285/275 304/288/278 584/287/277
f 584/287/277 304/288/278 57/289/279 305/290/280
f 296/271/261 584/287/277 305/290/280 54/272/262
f 54/272/262 305/290/280 585/291/281 299/277/267
f 305/290/280 57/289/279 306/292/282 585/291/281
f 585/291/281 306/292/282 147/293/283 307/294/284
f 299/277/267 585/291/281 307/294/284 145/278/268
f 55/283/273 308/295/285 586/296/286 302/284/274
f 308/295/285 58/297/287 309/298/288 586/296/286
f 586/296/286 309/298/288 59/299/289 310/300/290
f 302/284/274 586/296/286 310/300/290 56/285/275
f 56/285/275 310/300/290 587/301/291 304/288/278
f 310/300/290 59/299/289 311/302/292 587/301/291
f 587/301/291 311/302/292 60/303/293 312/304/294
f 304/288/278 587/301/291 312/304/294 57/289/279
f 57/289/279 312/304/294 588/305/295 306/292/282
f 312/304/294 60/303/293 313/306/296 588/305/295
f 588/305/295 313/306/296 148/307/297 314/308/298
f 306/292/282 588/305/295 314/308/298 147/293/283
f 58/297/287 315/309/299 589/310/300 309/298/288
f 315/309/299 61/311/301 316/312/302 589/310/300
f 589/310/300 316/312/302 62/313/303 317/314/304
f 309/298/288 589/310/300 317/314/304 59/299/289
f 59/299/289 317/314/304 590/315/305 311/302/292
f 317/314/304 62/313/303 318/316/306 590/315/305
f 590/315/305 318/316/306 63/317/307 319/318/308
f 311/302/292 590/315/305 319/318/308 60/303/293
f 60/303/293 319/318/308 591/319/309 313/306/296
f 319/318/308 63/317/307 320/320/310 591/319/309
f 591/319/309 320/320/310 149/321/311 321/322/312
f 313/306/296 591/319/309 321/322/312 148/307/297
f 61/311/301 322/323/313 592/324/314 316/312/302
f 322/323/313 64/250/240 323/325/315 592/324/314
f 592/324/314 323/325/315 65/326/316 324/327/317
f 316/312/302 592/324/314 324/327/317 62/313/303
f 62/313/303 324/327/317 593/328/318 318/316/306
f 324/327/317 65/326/316 325/329/319 593/328/318
f 593/328/318 325/329/319 66/330/320 326/331/321
f 318/316/306 593/328/318 326/331/321 63/317/307
f 63/317/307 326/331/321 594/332/322 320/320/310
f 326/331/321 66/330/320 327/333/323 594/332/322
f 594/332/322 327/333/323 150/334/324 328/335/325
f 320/320/310 594/332/322 328/335/325 149/321/311
f 64/250/240 329/249/239 595/336/326 323/325/315
f 329/249/239 67/248/238 330/337/327 595/336/326
f 595/336/326 330/337/327 68/338/328 331/339/329
f 323/325/315 595/336/326 331/339/329 65/326/316
f 65/326/316 331/339/329 596/340/330 325/329/319
f 331/339/329 68/338/328 332/341/331 596/340/330
f 596/340/330 332/341/331 69/342/332 333/343/333
f 325/329/319 596/340/330 333/343/333 66/330/320
f 66/330/320 333/343/333 597/344/334 327/333/323
f 333/343/333 69/342/332 334/345/335 597/344/334
f 597/344/334 334/345/335 151/346/336 335/347/337
f 327/333/323 597/344/334 335/347/337 150/334/324
f 67/248/238 336/348/338 598/349/339 330/337/327
f 336/348/338 70/350/340 337/351/341 598/349/339
f 598/349/339 337/351/341 71/352/342 338/353/343
f 330/337/327 598/349/339 338/353/343 68/338/328
f 68/338/328 338/353/343 599/354/344 332/341/331
f 338/353/343 71/352/342 339/355/345 599/354/344
f 599/354/344 339/355/345 72/356/346 340/357/347
f 332/341/331 599/354/344 340/357/347 69/342/332
f 69/342/332 340/357/347 600/358/348 334/345/335
f 340/357/347 72/356/346 341/359/349 600/358/348
f 600/358/348 341/359/349 152/360/350 342/361/351
f 334/345/335 600/358/348 342/361/351 151/346/336
f 70/362/340 343/363/352 601/364/353 337/365/341
f 343/363/352 73/366/354 344/367/355 601/364/353
f 601/364/353 344/367/355 74/368/356 345/369/357
f 337/365/341 601/364/353 345/369/357 71/370/342
f 71/370/342 345/369/357 602/371/358 339/372/345
f 345/369/357 74/368/356 346/373/359 602/371/358
f 602/371/358 346/373/359 75/374/360 347/375/361
f 339/372/345 602/371/358 347/375/361 72/376/346
f 72/376/346 347/375/361 603/377/362 341/378/349
f 347/375/361 75/374/360 348/379/363 603/377/362
f 603/377/362 348/379/363 153/380/364 349/381/365
f 341/378/349 603/377/362 349/381/365 152/382/350
f 73/366/354 350/383/366 604/384/367 344/367/355
f 350/383/366 76/385/368 351/386/369 604/384/367
f 604/384/367 351/386/369 77/387/370 352/388/371
f 344/367/355 604/384/367 352/388/371 74/368/356
f 74/368/356 352/388/371 605/389/372 346/373/359
f 352/388/371 77/387/370 353/390/373 605/389/372
f 605/389/372 353/390/373 78/391/374 354/392/375
f 346/373/359 605/389/372 354/392/375 75/374/360
f 75/374/360 354/392/375 606/393/376 348/379/363
f 354/392/375 78/391/374 355/394/377 606/393/376
f 606/393/376 355/394/377 154/395/378 356/396/379
f 348/379/363 606/393/376 356/396/379 153/380/364
f 76/385/368 357/397/380 607/398/381 351/386/369
f 357/397/380 79/399/382 358/400/383 607/398/381
f 607/398/381 358/400/383 80/401/384 359/402/385
f 351/386/369 607/398/381 359/402/385 77/387/370
f 77/387/370 359/402/385 608/403/386 353/390/373
f 359/402/385 80/401/384 360/404/387 608/403/386
f 608/403/386 360/404/387 81/405/388 361/406/389
f 353/390/373 608/403/386 361/406/389 78/391/374
f 78/391/374 361/406/389 609/407/390 355/394/377
f 361/406/389 81/405/388 362/408/391 609/407/390
f 609/407/390 362/408/391 155/409/392 363/410/393
f 355/394/377 609/407/390 363/410/393 154/395/378
f 79/399/382 364/411/394 610/412/395 358/400/383
f 364/411/394 82/413/396 365/414/397 610/412/395
f 610/412/395 365/414/397 83/415/398 366/416/399
f 358/400/383 610/412/395 366/416/399 80/401/384
f 80/401/384 366/416/399 611/417/400 360/404/387
f 366/416/399 83/415/398 367/418/401 611/417/400
f 611/417/400 367/418/401 84/419/402 368/420/403
f 360/404/387 611/417/400 368/420/403 81/405/388
f 81/405/388 368/420/403 612/421/404 362/408/391
f 368/420/403 84/419/402 369/422/405 612/421/404
f 612/421/404 369/422/405 156/423/406 370/424/407
f 362/408/391 612/421/404 370/424/407 155/409/392
f 82/413/396 371/425/408 613/426/409 365/414/397
f 371/425/408 85/427/410 372/428/411 613/426/409
f 613/426/409 372/428/411 86/429/412 373/430/413
f 365/414/397 613/426/409 373/430/413 83/415/398
f 83/415/398 373/430/413 614/431/414 367/418/401
f 373/430/413 86/429/412 374/432/415 614/431/414
f 614/431/414 374/432/415 87/433/416 375/434/417
f 367/418/401 614/431/414 375/434/417 84/419/402
f 84/419/402 375/434/417 615/435/418 369/422/405
f 375/434/417 87/433/416 376/436/419 615/435/418
f 615/435/418 376/436/419 157/437/420 377/438/421
f 369/422/405 615/435/418 377/438/421 156/423/406
f 85/427/410 378/439/422 616/440/423 372/428/411
f 378/439/422 88/441/424 379/442/425 616/440/423
f 616/440/423 379/442/425 89/443/426 380/444/427
f 372/428/411 616/440/423 380/444/427 86/429/412
f 86/429/412 380/444/427 617/445/428 374/432/415
f 380/444/427 89/443/426 381/446/429 617/445/428
f 617/445/428 381/446/429 90/447/430 382/448/431
f 374/432/415 617/445/428 382/448/431 87/433/416
f 87/433/416 382/448/431 618/449/432 376/436/419
f 382/448/431 90/447/430 383/450/433 618/449/432
f 618/449/432 383/450/433 158/451/434 384/452/435
f 376/436/419 618/449/432 384/452/435 157/437/420
f 88/441/424 385/453/436 619/454/437 379/442/425
f 385/453/436 91/455/438 386/456/439 619/454/437
f 619/454/437 386/456/439 92/457/440 387/458/441
f 379/442/425 619/454/437 387/458/441 89/443/426
f 89/443/426 387/458/441 620/459/442 381/446/429
f 387/458/441 92/457/440 388/460/443 620/459/442
f 620/459/442 388/460/443 93/461/444 389/462/445
f 381/446/429 620/459/442 389/462/445 90/447/430
f 90/447/430 389/462/445 621/463/446 383/450/433
f 389/462/445 93/461/444 390/464/447 621/463/446
f 621/463/446 390/464/447 159/465/448 391/466/449
f 383/450/433 621/463/446 391/466/449 158/451/434
f 91/455/438 392/467/450 622/468/451 386/456/439
f 392/467/450 94/469/452 393/470/453 622/468/451
f 622/468/451 393/470/453 95/471/454 394/472/455
f 386/456/439 622/468/451 394/472/455 92/457/440
f 92/457/440 394/472/455 623/473/456 388/460/443
f 394/472/455 95/471/454 395/474/457 623/473/456
f 623/473/456 395/474/457 96/475/458 396/476/459
f 388/460/443 623/473/456 396/476/459 93/461/444
f 93/461/444 396/476/459 624/477/460 390/464/447
f 396/476/459 96/475/458 397/478/461 624/477/460
f 624/477/460 397/478/461 160/479/462 398/480/463
f 390/464/447 624/477/460 398/480/463 159/465/448
f 94/469/452 399/481/464 625/482/465 393/470/453
f 399/481/464 97/483/466 400/484/467 625/482/465
f 625/482/465 400/484/467 98/485/468 401/486/469
f 393/470/453 625/482/465 401/486/469 95/471/454
f 95/471/454 401/486/469 626/487/470 395/474/457
f 401/486/469 98/485/468 402/488/471 626/487/470
f 626/487/470 402/488/471 99/489/472 403/490/473
f 395/474/457 626/487/470 403/490/473 96/475/458
f 96/475/458 403/490/473 627/491/474 397/478/461
f 403/490/473 99/489/472 404/492/475 627/491/474
f 627/491/474 404/492/475 161/493/476 405/494/477
f 397/478/461 627/491/474 405/494/477 160/479/462
f 97/483/466 406/495/478 628/496/479 400/484/467
f 406/495/478 100/497/480 407/498/481 628/496/479
f 628/496/479 407/498/481 101/499/482 408/500/483
f 400/484/467 628/496/479 408/500/483 98/485/468
f 98/485/468 408/500/483 629/501/484 402/488/471
f 408/500/483 101/499/482 409/502/485 629/501/484
f 629/501/484 409/502/485 102/503/486 410/504/487
f 402/488/471 629/501/484 410/504/487 99/489/472
f 99/489/472 410/504/487 630/505/488 404/492/475
f 410/504/487 102/503/486 411/506/489 630/505/488
f 630/505/488 411/506/489 162/507/490 412/508/491
f 404/492/475 630/505/488 412/508/491 161/493/476
f 100/497/480 413/509/492 631/510/493 407/498/481
f 413/509/492 103/511/494 414/512/495 631/510/493
f 631/510/493 414/512/495 104/513/496 415/514/497
f 407/498/481 631/510/493 415/514/497 101/499/482
f 101/499/482 415/514/497 632/515/498 409/502/485
f 415/514/497 104/513/496 416/516/499 632/515/498
f 632/515/498 416/516/499 105/517/500 417/518/501
f 409/502/485 632/515/498 417/518/501 102/503/486
f 102/503/486 417/518/501 633/519/502 411/506/489
f 417/518/501 105/517/500 418/520/503 633/519/502
f 633/519/502 418/520/503 163/521/504 419/522/505
f 411/506/489 633/519/502 419/522/505 162/507/490
f 103/511/494 420/523/506 634/524/507 414/512/495
f 420/523/506 106/525/508 421/526/509 634/524/507
f 634/524/507 421/526/509 107/527/510 422/528/511
f 414/512/495 634/524/507 422/528/511 104/513/496
f 104/513/496 422/528/511 635/529/512 416/516/499
f 422/528/511 107/527/510 423/530/513 635/529/512
f 635/529/512 423/530/513 108/531/514 424/532/515
f 416/516/499 635/529/512 424/532/515 105/517/500
f 105/517/500 424/532/515 636/533/516 418/520/503
f 424/532/515 108/531/514 425/534/517 636/533/516
f 636/533/516 425/534/517 164/535/518 426/536/519
f 418/520/503 636/533/516 426/536/519 163/521/504
f 106/537/508 427/538/520 637/539/521 421/540/509
f 427/538/520 109/541/522 428/542/523 637/539/521
f 637/539/521 428/542/523 110/543/524 429/544/525
f 421/540/509 637/539/521 429/544/525 107/545/510
f 107/545/510 429/544/525 638/546/526 423/547/513
f 429/544/525 110/543/524 430/548/527 638/546/526
f 638/546/526 430/548/527 111/549/528 431/550/529
f 423/547/513 638/546/526 431/550/529 108/551/514
f 108/551/514 431/550/529 639/552/530 425/553/517
f 431/550/529 111/549/528 432/554/531 639/552/530
f 639/552/530 432/554/531 165/555/532 433/556/533
f 425/553/517 639/552/530 433/556/533 164/557/518
f 109/541/522 434/558/534 640/559/535 428/542/523
f 434/558/534 112/560/536 435/561/537 640/559/535
f 640/559/535 435/561/537 113/562/538 436/563/539
f 428/542/523 640/559/535 436/563/539 110/543/524
f 110/543/524 436/563/539 641/564/540 430/548/527
f 436/563/539 113/562/538 437/565/541 641/564/540
f 641/564/540 437/565/541 114/566/542 438/567/543
f 430/548/527 641/564/540 438/567/543 111/549/528
f 111/549/528 438/567/543 642/568/544 432/554/531
f 438/567/543 114/566/542 439/569/545 642/568/544
f 642/568/544 439/569/545 166/570/546 440/571/547
f 432/554/531 642/568/544 440/571/547 165/555/532
f 112/560/536 441/572/548 643/573/549 435/561/537
f 441/572/548 115/574/550 442/575/551 643/573/549
f 643/573/549 442/575/551 116/576/552 443/577/553
f 435/561/537 643/573/549 443/577/553 113/562/538
f 113/562/538 443/577/553 644/578/554 437/565/541
f 443/577/553 116/576/552 444/579/555 644/578/554
f 644/578/554 444/579/555 117/580/556 445/581/557
f 437/565/541 644/578/554 445/581/557 114/566/542
f 114/566/542 445/581/557 645/582/558 439/569/545
f 445/581/557 117/580/556 446/583/559 645/582/558
f 645/582/558 446/583/559 167/584/560 447/585/561
f 439/569/545 645/582/558 447/585/561 166/570/546
f 115/574/550 448/586/562 646/587/563 442/575/551
f 448/586/562 118/588/564 449/589/565 646/587/563
f 646/587/563 449/589/565 119/590/566 450/591/567
f 442/575/551 646/587/563 450/591/567 116/576/552
f 116/576/552 450/591/567 647/592/568 444/579/555
f 450/591/567 119/590/566 451/593/569 647/592/568
f 647/592/568 451/593/569 120/594/570 452/595/571
f 444/579/555 647/592/568 452/595/571 117/580/556
f 117/580/556 452/595/571 648/596/572 446/583/559
f 452/595/571 120/594/570 453/597/573 648/596/572
f 648/596/572 453/597/573 168/598/574 454/599/575
f 446/583/559 648/596/572 454/599/575 167/584/560
f 118/588/564 455/600/576 649/601/577 449/589/565
f 455/600/576 49/260/250 291/263/253 649/601/577
f 649/601/577 291/263/253 51/268/258 456/602/578
f 449/589/565 649/601/577 456/602/578 119/590/566
f 119/590/566 456/602/578 650/603/579 451/593/569
f 456/602/578 51/268/258 295/270/260 650/603/579
f 650/603/579 295/270/260 50/274/264 457/604/580
f 451/593/569 650/603/579 457/604/580 120/594/570
f 120/594/570 457/604/580 651/605/581 453/597/573
f 457/604/580 50/274/264 298/276/266 651/605/581
f 651/605/581 298/276/266 146/280/270 458/606/582
f 453/597/573 651/605/581 458/606/582 168/598/574
f 493/607/583 696/608/584 170/609/585
f 106/537/508 510/610/586 652/611/587 427/538/520
f 510/610/586 40/205/186 268/202/197 652/611/587
f 652/611/587 268/202/197 42/201/196 509/612/588
f 427/538/520 652/611/587 509/612/588 109/541/522
f 103/511/494 511/613/589 653/614/590 420/523/506
f 511/613/589 38/181/176 263/192/187 653/614/590
f 653/614/590 263/192/187 40/191/186 510/615/586
f 420/523/506 653/614/590 510/615/586 106/525/508
f 100/497/480 512/616/591 654/617/592 413/509/492
f 512/616/591 36/171/166 258/182/177 654/617/592
f 654/617/592 258/182/177 38/181/176 511/613/589
f 413/509/492 654/617/592 511/613/589 103/511/494
f 82/413/396 518/618/593 655/619/594 371/425/408
f 518/618/593 24/111/106 228/122/117 655/619/594
f 655/619/594 228/122/117 26/121/116 517/620/595
f 371/425/408 655/619/594 517/620/595 85/427/410
f 24/111/106 518/618/593 656/621/596 223/112/107
f 518/618/593 82/413/396 364/411/394 656/621/596
f 656/621/596 364/411/394 79/399/382 530/622/597
f 223/112/107 656/621/596 530/622/597 22/101/96
f 22/101/96 530/622/597 657/623/598 218/102/97
f 530/622/597 79/399/382 357/397/380 657/623/598
f 657/623/598 357/397/380 76/385/368 529/624/599
f 218/102/97 657/623/598 529/624/599 20/91/86
f 20/91/86 529/624/599 658/625/600 213/92/87
f 529/624/599 76/385/368 350/383/366 658/625/600
f 658/625/600 350/383/366 73/366/354 528/626/601
f 213/92/87 658/625/600 528/626/601 18/76/76
f 18/76/76 528/626/601 659/627/602 208/77/77
f 528/626/601 73/366/354 343/363/352 659/627/602
f 659/627/602 343/363/352 70/362/340 527/628/603
f 208/77/77 659/627/602 527/628/603 16/80/66
f 16/66/66 527/629/603 660/630/604 203/67/67
f 527/629/603 70/350/340 336/348/338 660/630/604
f 660/630/604 336/348/338 67/248/238 526/246/236
f 203/67/67 660/630/604 526/246/236 14/56/56
f 12/46/46 525/251/241 661/631/605 193/47/47
f 525/251/241 64/250/240 322/323/313 661/631/605
f 661/631/605 322/323/313 61/311/301 524/632/606
f 193/47/47 661/631/605 524/632/606 10/36/36
f 169/259/249 460/633/607 662/634/608
f 460/633/607 169/259/249 663/635/609
f 662/636/608 460/637/607 122/15/15 177/14/14
f 459/638/610 662/636/608 177/14/14 121/13/13
f 169/259/249 461/639/611 663/635/609
f 461/639/611 169/259/249 664/640/612
f 663/641/609 461/642/611 123/25/25 182/24/24
f 460/637/607 663/641/609 182/24/24 122/15/15
f 169/259/249 462/643/613 664/640/612
f 462/643/613 169/259/249 665/644/614
f 664/645/612 462/646/613 124/35/35 187/34/34
f 461/642/611 664/645/612 187/34/34 123/25/25
f 169/259/249 463/647/615 665/644/614
f 463/647/615 169/259/249 666/648/616
f 665/649/614 463/650/615 125/45/45 192/44/44
f 462/646/613 665/649/614 192/44/44 124/35/35
f 169/259/249 464/651/617 666/648/616
f 464/651/617 169/259/249 667/652/618
f 666/653/616 464/654/617 126/55/55 197/54/54
f 463/650/615 666/653/616 197/54/54 125/45/45
f 169/259/249 465/655/619 667/652/618
f 465/655/619 169/259/249 668/656/620
f 667/657/618 465/658/619 127/65/65 202/64/64
f 464/654/617 667/657/618 202/64/64 126/55/55
f 169/259/249 466/659/621 668/656/620
f 466/659/621 169/259/249 669/660/622
f 668/661/620 466/662/621 128/75/75 207/74/74
f 465/658/619 668/661/620 207/74/74 127/65/65
f 169/259/249 467/663/623 669/660/622
f 467/663/623 169/259/249 670/664/624
f 669/665/622 467/666/623 129/90/85 212/89/84
f 466/667/621 669/665/622 212/89/84 128/88/75
f 169/259/249 468/668/625 670/664/624
f 468/668/625 169/259/249 671/669/626
f 670/670/624 468/671/625 130/100/95 217/99/94
f 467/666/623 670/670/624 217/99/94 129/90/85
f 169/259/249 469/672/627 671/669/626
f 469/672/627 169/259/249 672/673/628
f 671/674/626 469/675/627 131/110/105 222/109/104
f 468/671/625 671/674/626 222/109/104 130/100/95
f 169/259/249 470/676/629 672/673/628
f 470/676/629 169/259/249 673/677/630
f 672/678/628 470/679/629 132/120/115 227/119/114
f 469/675/627 672/678/628 227/119/114 131/110/105
f 169/259/249 471/680/631 673/677/630
f 471/680/631 169/259/249 674/681/632
f 673/682/630 471/683/631 133/130/125 232/129/124
f 470/679/629 673/682/630 232/129/124 132/120/115
f 169/259/249 472/684/633 674/681/632
f 675/258/248 472/684/633 169/259/249
f 674/685/632 472/686/633 134/140/135 237/139/134
f 471/683/631 674/685/632 237/139/134 133/130/125
f 675/687/248 473/688/247 135/150/145 242/149/144
f 472/686/633 675/687/248 242/149/144 134/140/135
f 676/689/247 169/259/249 474/690/634
f 474/690/634 169/259/249 677/691/635
f 676/692/247 474/693/634 136/160/155 247/159/154
f 473/688/247 676/692/247 247/159/154 135/150/145
f 677/691/635 169/259/249 475/694/636
f 475/694/636 169/259/249 678/695/637
f 677/696/635 475/697/636 137/170/165 252/169/164
f 474/693/634 677/696/635 252/169/164 136/160/155
f 678/695/637 169/259/249 476/698/638
f 476/698/638 169/259/249 679/699/639
f 678/700/637 476/701/638 138/180/175 257/179/174
f 475/697/636 678/700/637 257/179/174 137/170/165
f 679/699/639 169/259/249 477/702/640
f 477/702/640 169/259/249 680/703/641
f 679/704/639 477/705/640 139/190/185 262/189/184
f 476/701/638 679/704/639 262/189/184 138/180/175
f 680/703/641 169/259/249 478/706/642
f 478/706/642 169/259/249 681/707/643
f 680/708/641 478/709/642 140/200/195 267/199/194
f 477/705/640 680/708/641 267/199/194 139/190/185
f 681/707/643 169/259/249 479/710/644
f 479/710/644 169/259/249 682/711/645
f 681/712/643 479/713/644 141/215/205 272/214/204
f 478/714/642 681/712/643 272/214/204 140/213/195
f 682/711/645 169/259/249 480/715/646
f 480/715/646 169/259/249 683/716/647
f 682/717/645 480/718/646 142/225/215 277/224/214
f 479/713/644 682/717/645 277/224/214 141/215/205
f 683/716/647 169/259/249 481/719/648
f 481/719/648 169/259/249 684/720/649
f 683/721/647 481/722/648 143/235/225 282/234/224
f 480/718/646 683/721/647 282/234/224 142/225/215
f 169/259/249 482/723/650 684/720/649
f 482/723/650 169/259/249 685/724/651
f 684/725/649 482/726/650 144/245/235 287/244/234
f 481/722/648 684/725/649 287/244/234 143/235/225
f 169/259/249 459/727/610 685/724/651
f 685/728/651 459/638/610 121/13/13 290/256/246
f 482/726/650 685/728/651 290/256/246 144/245/235
f 686/729/652 170/609/585 484/730/653
f 485/731/654 170/609/585 687/732/655
f 686/729/652 484/730/653 146/733/270 300/734/269
f 483/735/656 686/729/652 300/734/269 145/736/268
f 170/609/585 483/735/656 687/732/655
f 486/737/657 170/609/585 688/738/658
f 687/732/655 483/735/656 145/736/268 307/739/284
f 485/731/654 687/732/655 307/739/284 147/740/283
f 170/609/585 485/731/654 688/738/658
f 487/741/659 170/609/585 689/742/660
f 688/738/658 485/731/654 147/740/283 314/743/298
f 486/737/657 688/738/658 314/743/298 148/744/297
f 170/609/585 486/737/657 689/742/660
f 488/745/661 170/609/585 690/746/662
f 689/742/660 486/737/657 148/744/297 321/747/312
f 487/741/659 689/742/660 321/747/312 149/748/311
f 690/746/662 170/609/585 487/741/659
f 489/749/663 170/609/585 691/750/664
f 690/746/662 487/741/659 149/748/311 328/751/325
f 488/745/661 690/746/662 328/751/325 150/752/324
f 691/750/664 170/609/585 488/745/661
f 490/753/665 170/609/585 692/754/666
f 691/750/664 488/745/661 150/752/324 335/755/337
f 489/749/663 691/750/664 335/755/337 151/756/336
f 692/754/666 170/609/585 489/749/663
f 491/757/667 170/609/585 693/758/668
f 692/754/666 489/749/663 151/756/336 342/759/351
f 490/753/665 692/754/666 342/759/351 152/760/350
f 693/758/668 170/609/585 490/753/665
f 492/761/669 170/609/585 694/762/670
f 693/758/668 490/753/665 152/760/350 349/763/365
f 491/757/667 693/758/668 349/763/365 153/764/364
f 694/762/670 170/609/585 491/757/667
f 493/607/583 170/609/585 695/765/671
f 694/762/670 491/757/667 153/764/364 356/766/379
f 492/761/669 694/762/670 356/766/379 154/767/378
f 170/609/585 492/761/669 695/765/671
f 696/608/584 494/768/672 170/609/585
f 695/765/671 492/761/669 154/767/378 363/769/393
f 493/607/583 695/765/671 363/769/393 155/770/392
f 696/608/584 493/607/583 155/770/392 370/771/407
f 494/768/672 696/608/584 370/771/407 156/772/406
f 697/773/673 170/609/585 494/768/672
f 496/774/674 170/609/585 698/775/675
f 697/773/673 494/768/672 156/772/406 377/776/421
f 495/777/676 697/773/673 377/776/421 157/778/420
f 698/775/675 170/609/585 495/777/676
f 497/779/677 170/609/585 699/780/678
f 698/775/675 495/777/676 157/778/420 384/781/435
f 496/774/674 698/775/675 384/781/435 158/782/434
f 699/780/678 170/609/585 496/774/674
f 498/783/679 170/609/585 700/784/680
f 699/780/678 496/774/674 158/782/434 391/785/449
f 497/779/677 699/780/678 391/785/449 159/786/448
f 700/784/680 170/609/585 497/779/677
f 499/787/681 170/609/585 701/788/682
f 700/784/680 497/779/677 159/786/448 398/789/463
f 498/783/679 700/784/680 398/789/463 160/790/462
f 170/609/585 498/783/679 701/788/682
f 500/791/683 170/609/585 702/792/684
f 701/788/682 498/783/679 160/790/462 405/793/477
f 499/787/681 701/788/682 405/793/477 161/794/476
f 702/792/684 170/609/585 499/787/681
f 501/795/685 170/609/585 703/796/686
f 702/792/684 499/787/681 161/794/476 412/797/491
f 500/791/683 702/792/684 412/797/491 162/798/490
f 703/796/686 170/609/585 500/791/683
f 502/799/687 170/609/585 704/800/688
f 703/796/686 500/791/683 162/798/490 419/801/505
f 501/795/685 703/796/686 419/801/505 163/802/504
f 704/800/688 170/609/585 501/795/685
f 503/803/689 170/609/585 705/804/690
f 704/800/688 501/795/685 163/802/504 426/805/519
f 502/799/687 704/800/688 426/805/519 164/806/518
f 705/804/690 170/609/585 502/799/687
f 504/807/691 170/609/585 706/808/692
f 705/804/690 502/799/687 164/806/518 433/809/533
f 503/803/689 705/804/690 433/809/533 165/810/532
f 706/808/692 170/609/585 503/803/689
f 505/811/693 170/609/585 707/812/694
f 706/808/692 503/803/689 165/810/532 440/813/547
f 504/807/691 706/808/692 440/813/547 166/814/546
f 170/609/585 504/807/691 707/812/694
f 506/815/695 170/609/585 708/816/696
f 707/812/694 504/807/691 166/814/546 447/817/561
f 505/811/693 707/812/694 447/817/561 167/818/560
f 170/609/585 505/811/693 708/816/696
f 484/730/653 170/609/585 709/819/697
f 708/816/696 505/811/693 167/818/560 454/820/575
f 506/815/695 708/816/696 454/820/575 168/821/574
f 170/609/585 506/815/695 709/819/697
f 709/819/697 506/815/695 168/821/574 458/822/582
f 484/730/653 709/819/697 458/822/582 146/733/270
f 85/427/410 517/620/595 710/823/698 378/439/422
f 517/620/595 26/121/116 233/132/127 710/823/698
f 710/823/698 233/132/127 28/131/126 516/824/699
f 378/439/422 710/823/698 516/824/699 88/441/424
f 88/441/424 516/824/699 711/825/700 385/453/436
f 516/824/699 28/131/126 238/142/137 711/825/700
f 711/825/700 238/142/137 30/141/136 515/826/701
f 385/453/436 711/825/700 515/826/701 91/455/438
f 91/455/438 515/826/701 712/827/702 392/467/450
f 515/826/701 30/141/136 243/152/147 712/827/702
f 712/827/702 243/152/147 32/151/146 514/828/703
f 392/467/450 712/827/702 514/828/703 94/469/452
f 94/469/452 514/828/703 713/829/704 399/481/464
f 514/828/703 32/151/146 248/162/157 713/829/704
f 713/829/704 248/162/157 34/161/156 513/830/705
f 399/481/464 713/829/704 513/830/705 97/483/466
f 115/574/550 507/831/706 714/832/707 448/586/562
f 507/831/706 46/226/216 283/237/227 714/832/707
f 714/832/707 283/237/227 48/236/226 519/833/708
f 448/586/562 714/832/707 519/833/708 118/588/564
f 97/483/466 513/830/705 715/834/709 406/495/478
f 513/830/705 34/161/156 253/172/167 715/834/709
f 715/834/709 253/172/167 36/171/166 512/616/591
f 406/495/478 715/834/709 512/616/591 100/497/480
f 6/16/16 522/835/710 716/836/711 178/17/17
f 522/835/710 55/283/273 301/281/271 716/836/711
f 716/836/711 301/281/271 52/264/254 521/837/712
f 178/17/17 716/836/711 521/837/712 4/1/1
f 8/26/26 523/838/713 717/839/714 183/27/27
f 523/838/713 58/297/287 308/295/285 717/839/714
f 717/839/714 308/295/285 55/283/273 522/835/710
f 183/27/27 717/839/714 522/835/710 6/16/16
f 10/36/36 524/632/606 718/840/715 188/37/37
f 524/632/606 61/311/301 315/309/299 718/840/715
f 718/840/715 315/309/299 58/297/287 523/838/713
f 188/37/37 718/840/715 523/838/713 8/26/26
f 48/236/226 288/252/242 719/841/716 519/833/708
f 288/252/242 2/5/5 520/842/717 719/841/716
f 719/841/716 520/842/717 49/260/250 455/600/576
f 519/833/708 719/841/716 455/600/576 118/588/564
f 109/541/522 509/612/588 720/843/718 434/558/534
f 509/612/588 42/201/196 273/217/207 720/843/718
f 720/843/718 273/217/207 44/216/206 508/844/719
f 434/558/534 720/843/718 508/844/719 112/560/536
f 44/216/206 278/227/217 721/845/720 508/844/719
f 278/227/217 46/226/216 507/831/706 721/845/720
f 721/845/720 507/831/706 115/574/550 441/572/548
f 508/844/719 721/845/720 441/572/548 112/560/536
f 4/1/1 521/837/712 722/846/721 171/2/2
f 521/837/712 52/264/254 292/261/251 722/846/721
f 722/846/721 292/261/251 49/260/250 520/842/717
f 171/2/2 722/846/721 520/842/717 2/5/5
f 473/257/247 169/259/249 676/689/247
f 459/727/610 169/259/249 662/634/608
f 495/777/676 170/609/585 697/773/673
f 483/735/656 170/609/585 686/729/652
f 1005/847/722 1477/848/723 1476/849/724 1003/850/725
f 1274/851/726 1476/849/724 984/852/727 983/853/728
f 1006/854/729 1478/855/730 1477/848/723 1005/847/722
f 1476/849/724 1477/848/723 985/856/731 984/852/727
f 1007/857/732 1479/858/733 1478/855/730 1006/854/729
f 1477/848/723 1478/855/730 986/859/734 985/856/731
f 1008/860/735 1480/861/736 1479/858/733 1007/857/732
f 1478/855/730 1479/858/733 987/862/737 986/859/734
f 1009/863/738 1481/864/739 1480/861/736 1008/860/735
f 1479/858/733 1480/861/736 988/865/740 987/862/737
f 1010/866/741 1482/867/742 1481/864/739 1009/863/738
f 1480/861/736 1481/864/739 989/868/743 988/865/740
f 1011/869/744 1483/870/745 1482/867/742 1010/866/741
f 1481/864/739 1482/867/742 990/871/746 989/868/743
f 1012/872/747 1484/873/748 1483/870/745 1011/869/744
f 1482/867/742 1483/870/745 991/874/749 990/871/746
f 1013/875/750 1485/876/751 1484/873/748 1012/872/747
f 1483/870/745 1484/873/748 992/877/752 991/874/749
f 1014/878/753 1486/879/754 1485/876/751 1013/875/750
f 1484/873/748 1485/876/751 993/880/755 992/877/752
f 1015/881/756 1487/882/757 1486/879/754 1014/878/753
f 1485/876/751 1486/879/754 994/883/758 993/880/755
f 1016/884/759 1488/885/760 1487/882/757 1015/881/756
f 1486/879/754 1487/882/757 995/886/761 994/883/758
f 1017/887/762 1489/888/763 1488/885/760 1016/884/759
f 1487/882/757 1488/885/760 996/889/764 995/886/761
f 1018/890/765 1490/891/766 1489/888/763 1017/887/762
f 1488/885/760 1489/888/763 997/892/767 996/889/764
f 1019/893/768 1491/894/769 1490/891/766 1018/890/765
f 1489/888/763 1490/891/766 998/895/770 997/892/767
f 1020/896/771 1492/897/772 1491/894/769 1019/893/768
f 1490/891/766 1491/894/769 999/898/773 998/895/770
f 1021/899/774 1493/900/775 1492/897/772 1020/896/771
f 1491/894/769 1492/897/772 1000/901/776 999/898/773
f 1492/897/772 1493/900/775 1001/902/777 1000/901/776
f 1495/903/249 758/904/778 756/905/779
f 1022/906/780 1494/907/781 1493/900/775 1021/899/774
f 1004/908/782 1274/909/726 1494/907/781 1022/906/780
f 1493/900/775 1494/907/781 1002/910/783 1001/902/777
f 1494/907/781 1274/909/726 983/911/728 1002/910/783
f 1517/912/784 1314/913/785 894/914/786 893/915/787
f 723/916/788 1295/917/789 1294/918/790 725/919/791
f 1294/918/790 1295/917/789 763/920/792 764/921/793
f 725/919/791 1294/918/790 1296/922/794 727/923/795
f 1296/922/794 1294/918/790 764/921/793 765/924/796
f 727/923/795 1296/922/794 1297/925/797 729/926/798
f 1297/925/797 1296/922/794 765/924/796 766/927/799
f 729/926/798 1297/925/797 1298/928/800 731/929/801
f 1298/928/800 1297/925/797 766/927/799 767/930/802
f 731/929/801 1298/928/800 1299/931/803 733/932/804
f 1299/931/803 1298/928/800 767/930/802 768/933/805
f 733/932/804 1299/931/803 1300/934/806 735/935/807
f 1300/934/806 1299/931/803 768/933/805 769/936/808
f 735/935/807 1300/934/806 1301/937/809 737/938/810
f 1301/937/809 1300/934/806 769/936/808 770/939/811
f 737/938/810 1301/937/809 1302/940/812 739/941/813
f 1302/940/812 1301/937/809 770/939/811 771/942/814
f 739/941/813 1302/940/812 1303/943/815 741/944/816
f 1303/943/815 1302/940/812 771/942/814 772/945/817
f 741/944/816 1303/943/815 1304/946/818 743/947/819
f 1304/946/818 1303/943/815 772/945/817 773/948/820
f 743/947/819 1304/946/818 1305/949/821 745/950/822
f 1305/949/821 1304/946/818 773/948/820 774/951/823
f 745/950/822 1305/949/821 1306/952/824 747/953/825
f 1306/952/824 1305/949/821 774/951/823 775/954/826
f 747/953/825 1306/952/824 1307/955/827 749/956/828
f 1307/955/827 1306/952/824 775/954/826 776/957/829
f 749/956/828 1307/955/827 1308/958/830 751/959/831
f 1308/958/830 1307/955/827 776/957/829 777/960/832
f 751/959/831 1308/958/830 1309/961/833 753/962/834
f 1309/961/833 1308/958/830 777/960/832 778/963/835
f 753/962/834 1309/961/833 1310/964/836 755/965/837
f 1310/964/836 1309/961/833 778/963/835 779/966/838
f 755/965/837 1310/964/836 1311/967/839 757/968/840
f 1311/967/839 1310/964/836 779/966/838 780/969/841
f 757/968/840 1311/967/839 1312/970/842 759/971/843
f 1312/970/842 1311/967/839 780/969/841 781/972/844
f 759/971/843 1312/970/842 1313/973/845 761/974/846
f 1313/973/845 1312/970/842 781/972/844 782/975/847
f 761/974/846 1313/973/845 1295/917/789 723/916/788
f 1295/917/789 1313/973/845 782/975/847 763/920/792
f 1315/976/848 1516/977/849 1314/913/785 1517/912/784
f 1519/978/850 1316/979/851 887/980/852 886/981/853
f 1317/982/854 1518/983/855 1316/979/851 1519/978/850
f 1521/984/856 1318/985/857 902/986/858 901/987/859
f 1319/988/860 1520/989/861 1318/985/857 1521/984/856
f 1314/913/785 1320/990/862 895/991/863 894/914/786
f 1516/977/849 1522/992/864 1320/990/862 1314/913/785
f 1316/979/851 1321/993/865 888/994/866 887/980/852
f 1518/983/855 1523/995/867 1321/993/865 1316/979/851
f 1318/985/857 1322/996/868 883/997/869 902/986/858
f 1520/989/861 1524/998/870 1322/996/868 1318/985/857
f 1320/990/862 1323/999/871 896/1000/872 895/991/863
f 1522/992/864 1525/1001/873 1323/999/871 1320/990/862
f 1321/993/865 1324/1002/874 889/1003/875 888/994/866
f 1523/995/867 1526/1004/876 1324/1002/874 1321/993/865
f 1323/999/871 1325/1005/877 897/1006/878 896/1000/872
f 1525/1001/873 1527/1007/879 1325/1005/877 1323/999/871
f 1324/1002/874 1326/1008/880 890/1009/881 889/1003/875
f 1526/1004/876 1528/1010/882 1326/1008/880 1324/1002/874
f 1325/1005/877 1327/1011/883 898/1012/884 897/1006/878
f 1527/1007/879 1529/1013/885 1327/1011/883 1325/1005/877
f 1326/1008/880 1328/1014/886 891/1015/887 890/1009/881
f 1528/1010/882 1530/1016/888 1328/1014/886 1326/1008/880
f 1322/1017/868 1329/1018/889 884/1019/890 883/1020/869
f 1524/1021/870 1531/1022/891 1329/1018/889 1322/1017/868
f 1327/1011/883 1330/1023/892 899/1024/893 898/1012/884
f 1529/1013/885 1532/1025/894 1330/1023/892 1327/1011/883
f 1328/1014/886 1331/1026/895 892/1027/896 891/1015/887
f 1530/1016/888 1533/1028/897 1331/1026/895 1328/1014/886
f 1329/1018/889 1332/1029/898 885/1030/899 884/1019/890
f 1531/1022/891 1534/1031/900 1332/1029/898 1329/1018/889
f 1330/1023/892 1333/1032/901 900/1033/902 899/1024/893
f 1532/1025/894 1535/1034/903 1333/1032/901 1330/1023/892
f 1331/1026/895 1517/912/784 893/915/787 892/1027/896
f 1533/1028/897 1315/976/848 1517/912/784 1331/1026/895
f 1332/1029/898 1519/978/850 886/981/853 885/1030/899
f 1534/1031/900 1317/982/854 1519/978/850 1332/1029/898
f 1333/1032/901 1521/984/856 901/987/859 900/1033/902
f 903/1035/904 1395/1036/905 1394/1037/906 904/1038/907
f 790/1039/908 1339/1040/909 1336/1041/910 785/1042/911
f 1335/1043/912 1338/1044/913 790/1039/908 785/1042/911
f 943/1045/914 1337/1046/915 1334/1047/916 944/1048/917
f 1336/1041/910 1339/1040/909 791/1049/918 786/1050/919
f 790/1039/908 795/1051/920 1342/1052/921 1339/1040/909
f 1334/1047/916 1337/1046/915 789/1053/922 784/1054/923
f 943/1045/914 945/1055/924 1340/1056/925 1337/1046/915
f 1339/1040/909 1342/1052/921 796/1057/926 791/1049/918
f 786/1050/919 791/1049/918 1435/1058/927 1434/1059/928
f 1337/1046/915 1340/1056/925 794/1060/929 789/1053/922
f 794/1060/929 1341/1061/930 1338/1044/913 789/1053/922
f 1434/1059/928 1435/1058/927 923/1062/931 924/1063/932
f 795/1051/920 800/1064/933 1345/1065/934 1342/1052/921
f 1338/1044/913 1341/1061/930 795/1051/920 790/1039/908
f 945/1055/924 946/1066/935 1343/1067/936 1340/1056/925
f 1342/1052/921 1345/1065/934 801/1068/937 796/1057/926
f 796/1057/926 1436/1069/938 1435/1058/927 791/1049/918
f 1340/1056/925 1343/1067/936 799/1070/939 794/1060/929
f 799/1070/939 1344/1071/940 1341/1061/930 794/1060/929
f 1435/1058/927 1436/1069/938 925/1072/941 923/1062/931
f 801/1068/937 1437/1073/942 1436/1069/938 796/1057/926
f 1341/1061/930 1344/1071/940 800/1064/933 795/1051/920
f 799/1070/939 804/1074/943 1347/1075/944 1344/1071/940
f 1436/1069/938 1437/1073/942 926/1076/945 925/1072/941
f 805/1077/946 1348/1078/947 1345/1065/934 800/1064/933
f 1344/1071/940 1347/1075/944 805/1077/946 800/1064/933
f 947/1079/948 1346/1080/949 1343/1067/936 946/1066/935
f 1345/1065/934 1348/1078/947 806/1081/950 801/1068/937
f 804/1074/943 809/1082/951 1350/1083/952 1347/1075/944
f 1343/1067/936 1346/1080/949 804/1074/943 799/1070/939
f 810/1084/953 1351/1085/954 1348/1078/947 805/1077/946
f 1347/1075/944 1350/1083/952 810/1084/953 805/1077/946
f 948/1086/955 1349/1087/956 1346/1080/949 947/1079/948
f 1348/1078/947 1351/1085/954 811/1088/957 806/1081/950
f 801/1068/937 806/1081/950 1438/1089/958 1437/1073/942
f 1346/1080/949 1349/1087/956 809/1082/951 804/1074/943
f 810/1084/953 815/1090/959 1354/1091/960 1351/1085/954
f 1437/1073/942 1438/1089/958 927/1092/961 926/1076/945
f 948/1086/955 949/1093/962 1352/1094/963 1349/1087/956
f 1351/1085/954 1354/1091/960 816/1095/964 811/1088/957
f 811/1088/957 1439/1096/965 1438/1089/958 806/1081/950
f 1349/1087/956 1352/1094/963 814/1097/966 809/1082/951
f 814/1097/966 1353/1098/967 1350/1083/952 809/1082/951
f 1438/1089/958 1439/1096/965 928/1099/968 927/1092/961
f 949/1093/962 950/1100/969 1355/1101/970 1352/1094/963
f 1350/1083/952 1353/1098/967 815/1090/959 810/1084/953
f 816/1095/964 1440/1102/971 1439/1096/965 811/1088/957
f 1352/1094/963 1355/1101/970 819/1103/972 814/1097/966
f 819/1103/972 1356/1104/973 1353/1098/967 814/1097/966
f 1439/1096/965 1440/1102/971 929/1105/974 928/1099/968
f 820/1106/975 1357/1107/976 1354/1091/960 815/1090/959
f 1353/1098/967 1356/1104/973 820/1106/975 815/1090/959
f 816/1095/964 821/1108/977 1441/1109/978 1440/1102/971
f 1354/1091/960 1357/1107/976 821/1108/977 816/1095/964
f 819/1103/972 824/1110/979 1359/1111/980 1356/1104/973
f 1440/1102/971 1441/1109/978 930/1112/981 929/1105/974
f 825/1113/982 1360/1114/983 1357/1107/976 820/1106/975
f 1356/1104/973 1359/1111/980 825/1113/982 820/1106/975
f 951/1115/984 1358/1116/985 1355/1101/970 950/1100/969
f 1357/1107/976 1360/1114/983 826/1117/986 821/1108/977
f 825/1113/982 830/1118/987 1363/1119/988 1360/1114/983
f 1355/1101/970 1358/1116/985 824/1110/979 819/1103/972
f 952/1120/989 1361/1121/990 1358/1116/985 951/1115/984
f 1360/1114/983 1363/1119/988 831/1122/991 826/1117/986
f 821/1108/977 826/1117/986 1442/1123/992 1441/1109/978
f 1358/1116/985 1361/1121/990 829/1124/993 824/1110/979
f 829/1124/993 1362/1125/994 1359/1111/980 824/1110/979
f 1441/1109/978 1442/1123/992 931/1126/995 930/1112/981
f 830/1118/987 835/1127/996 1366/1128/997 1363/1119/988
f 1359/1111/980 1362/1125/994 830/1118/987 825/1113/982
f 952/1120/989 953/1129/998 1364/1130/999 1361/1121/990
f 1363/1119/988 1366/1128/997 836/1131/1000 831/1122/991
f 831/1122/991 1443/1132/1001 1442/1123/992 826/1117/986
f 1361/1121/990 1364/1130/999 834/1133/1002 829/1124/993
f 834/1133/1002 1365/1134/1003 1362/1125/994 829/1124/993
f 1442/1123/992 1443/1132/1001 932/1135/1004 931/1126/995
f 836/1131/1000 1444/1136/1005 1443/1132/1001 831/1122/991
f 1362/1125/994 1365/1134/1003 835/1127/996 830/1118/987
f 834/1133/1002 839/1137/1006 1368/1138/1007 1365/1134/1003
f 1443/1132/1001 1444/1136/1005 933/1139/1008 932/1135/1004
f 840/1140/1009 1369/1141/1010 1366/1128/997 835/1127/996
f 1365/1134/1003 1368/1138/1007 840/1140/1009 835/1127/996
f 954/1142/1011 1367/1143/1012 1364/1130/999 953/1129/998
f 1366/1128/997 1369/1141/1010 841/1144/1013 836/1131/1000
f 836/1131/1000 841/1144/1013 1445/1145/1014 1444/1136/1005
f 1364/1130/999 1367/1143/1012 839/1137/1006 834/1133/1002
f 839/1137/1006 844/1146/1015 1371/1147/1016 1368/1138/1007
f 1444/1136/1005 1445/1145/1014 934/1148/1017 933/1139/1008
f 845/1149/1018 1372/1150/1019 1369/1141/1010 840/1140/1009
f 1368/1138/1007 1371/1147/1016 845/1149/1018 840/1140/1009
f 955/1151/1020 1370/1152/1021 1367/1143/1012 954/1142/1011
f 1369/1141/1010 1372/1150/1019 846/1153/1022 841/1144/1013
f 845/1149/1018 850/1154/1023 1375/1155/1024 1372/1150/1019
f 1367/1143/1012 1370/1152/1021 844/1146/1015 839/1137/1006
f 955/1151/1020 956/1156/1025 1373/1157/1026 1370/1152/1021
f 1372/1150/1019 1375/1155/1024 851/1158/1027 846/1153/1022
f 841/1144/1013 846/1153/1022 1446/1159/1028 1445/1145/1014
f 1370/1152/1021 1373/1157/1026 849/1160/1029 844/1146/1015
f 849/1160/1029 1374/1161/1030 1371/1147/1016 844/1146/1015
f 1445/1145/1014 1446/1159/1028 935/1162/1031 934/1148/1017
f 850/1154/1023 855/1163/1032 1378/1164/1033 1375/1155/1024
f 1371/1147/1016 1374/1161/1030 850/1154/1023 845/1149/1018
f 956/1156/1025 957/1165/1034 1376/1166/1035 1373/1157/1026
f 1375/1155/1024 1378/1164/1033 856/1167/1036 851/1158/1027
f 851/1158/1027 1447/1168/1037 1446/1159/1028 846/1153/1022
f 1373/1157/1026 1376/1166/1035 854/1169/1038 849/1160/1029
f 854/1169/1038 1377/1170/1039 1374/1161/1030 849/1160/1029
f 1446/1159/1028 1447/1168/1037 936/1171/1040 935/1162/1031
f 856/1167/1036 1448/1172/1041 1447/1168/1037 851/1158/1027
f 1374/1161/1030 1377/1170/1039 855/1163/1032 850/1154/1023
f 854/1169/1038 859/1173/1042 1380/1174/1043 1377/1170/1039
f 1447/1168/1037 1448/1172/1041 937/1175/1044 936/1171/1040
f 860/1176/1045 1381/1177/1046 1378/1164/1033 855/1163/1032
f 1377/1170/1039 1380/1174/1043 860/1176/1045 855/1163/1032
f 958/1178/1047 1379/1179/1048 1376/1166/1035 957/1165/1034
f 1378/1164/1033 1381/1177/1046 861/1180/1049 856/1167/1036
f 859/1173/1042 864/1181/1050 1383/1182/1051 1380/1174/1043
f 1376/1166/1035 1379/1179/1048 859/1173/1042 854/1169/1038
f 865/1183/1052 1384/1184/1053 1381/1177/1046 860/1176/1045
f 1380/1174/1043 1383/1182/1051 865/1183/1052 860/1176/1045
f 959/1185/1054 1382/1186/1055 1379/1179/1048 958/1178/1047
f 1381/1177/1046 1384/1184/1053 866/1187/1056 861/1180/1049
f 856/1167/1036 861/1180/1049 1449/1188/1057 1448/1172/1041
f 1379/1179/1048 1382/1186/1055 864/1181/1050 859/1173/1042
f 865/1183/1052 870/1189/1058 1387/1190/1059 1384/1184/1053
f 1448/1172/1041 1449/1188/1057 938/1191/1060 937/1175/1044
f 959/1185/1054 960/1192/1061 1385/1193/1062 1382/1186/1055
f 1384/1184/1053 1387/1190/1059 871/1194/1063 866/1187/1056
f 866/1187/1056 1450/1195/1064 1449/1188/1057 861/1180/1049
f 1382/1186/1055 1385/1193/1062 869/1196/1065 864/1181/1050
f 869/1196/1065 1386/1197/1066 1383/1182/1051 864/1181/1050
f 1449/1188/1057 1450/1195/1064 939/1198/1067 938/1191/1060
f 960/1192/1061 961/1199/1068 1388/1200/1069 1385/1193/1062
f 1383/1182/1051 1386/1197/1066 870/1189/1058 865/1183/1052
f 871/1194/1063 1451/1201/1070 1450/1195/1064 866/1187/1056
f 1385/1193/1062 1388/1200/1069 874/1202/1071 869/1196/1065
f 874/1202/1071 1389/1203/1072 1386/1197/1066 869/1196/1065
f 1450/1195/1064 1451/1201/1070 940/1204/1073 939/1198/1067
f 875/1205/1074 1390/1206/1075 1387/1190/1059 870/1189/1058
f 1386/1197/1066 1389/1203/1072 875/1205/1074 870/1189/1058
f 871/1194/1063 876/1207/1076 1452/1208/1077 1451/1201/1070
f 1387/1190/1059 1390/1206/1075 876/1207/1076 871/1194/1063
f 874/1202/1071 879/1209/1078 1392/1210/1079 1389/1203/1072
f 1451/1201/1070 1452/1208/1077 941/1211/1080 940/1204/1073
f 880/1212/1081 1393/1213/1082 1390/1206/1075 875/1205/1074
f 1389/1203/1072 1392/1210/1079 880/1212/1081 875/1205/1074
f 962/1214/1083 1391/1215/1084 1388/1200/1069 961/1199/1068
f 1390/1206/1075 1393/1213/1082 881/1216/1085 876/1207/1076
f 880/1212/1081 785/1217/911 1336/1218/910 1393/1213/1082
f 1388/1200/1069 1391/1215/1084 879/1209/1078 874/1202/1071
f 944/1219/917 1334/1220/916 1391/1215/1084 962/1214/1083
f 1393/1213/1082 1336/1218/910 786/1221/919 881/1216/1085
f 1391/1215/1084 1334/1220/916 784/1222/923 879/1209/1078
f 1475/1223/249 863/1224/249 858/1225/249
f 1474/1226/585 817/1227/585 822/1228/585
f 876/1207/1076 881/1216/1085 1453/1229/1086 1452/1208/1077
f 784/1222/923 1335/1230/912 1392/1210/1079 879/1209/1078
f 1452/1208/1077 1453/1229/1086 942/1231/1087 941/1211/1080
f 1392/1210/1079 1335/1230/912 785/1217/911 880/1212/1081
f 1394/1037/906 1395/1036/905 883/1232/869 884/1233/890
f 904/1038/907 1394/1037/906 1396/1234/1088 905/1235/1089
f 1396/1234/1088 1394/1037/906 884/1233/890 885/1236/899
f 905/1235/1089 1396/1234/1088 1397/1237/1090 906/1238/1091
f 1397/1237/1090 1396/1234/1088 885/1236/899 886/1239/853
f 906/1238/1091 1397/1237/1090 1398/1240/1092 907/1241/1093
f 1398/1240/1092 1397/1237/1090 886/1239/853 887/1242/852
f 907/1241/1093 1398/1240/1092 1399/1243/1094 908/1244/1095
f 1399/1243/1094 1398/1240/1092 887/1242/852 888/1245/866
f 908/1244/1095 1399/1243/1094 1400/1246/1096 909/1247/1097
f 1400/1246/1096 1399/1243/1094 888/1245/866 889/1248/875
f 909/1247/1097 1400/1246/1096 1401/1249/1098 910/1250/1099
f 1401/1249/1098 1400/1246/1096 889/1248/875 890/1251/881
f 910/1250/1099 1401/1249/1098 1402/1252/1100 911/1253/1101
f 1402/1252/1100 1401/1249/1098 890/1251/881 891/1254/887
f 911/1253/1101 1402/1252/1100 1403/1255/1102 912/1256/1103
f 1403/1255/1102 1402/1252/1100 891/1254/887 892/1257/896
f 912/1256/1103 1403/1255/1102 1404/1258/1104 913/1259/1105
f 1404/1258/1104 1403/1255/1102 892/1257/896 893/1260/787
f 913/1259/1105 1404/1258/1104 1405/1261/1106 914/1262/1107
f 1405/1261/1106 1404/1258/1104 893/1260/787 894/1263/786
f 914/1262/1107 1405/1261/1106 1406/1264/1108 915/1265/1109
f 1406/1264/1108 1405/1261/1106 894/1263/786 895/1266/863
f 915/1265/1109 1406/1264/1108 1407/1267/1110 916/1268/1111
f 1407/1267/1110 1406/1264/1108 895/1266/863 896/1269/872
f 916/1268/1111 1407/1267/1110 1408/1270/1112 917/1271/1113
f 1408/1270/1112 1407/1267/1110 896/1269/872 897/1272/878
f 917/1271/1113 1408/1270/1112 1409/1273/1114 918/1274/1115
f 1409/1273/1114 1408/1270/1112 897/1272/878 898/1275/884
f 918/1274/1115 1409/1273/1114 1410/1276/1116 919/1277/1117
f 1410/1276/1116 1409/1273/1114 898/1275/884 899/1278/893
f 919/1277/1117 1410/1276/1116 1411/1279/1118 920/1280/1119
f 1411/1279/1118 1410/1276/1116 899/1278/893 900/1281/902
f 920/1280/1119 1411/1279/1118 1412/1282/1120 921/1283/1121
f 1412/1282/1120 1411/1279/1118 900/1281/902 901/1284/859
f 921/1283/1121 1412/1282/1120 1413/1285/1122 922/1286/1123
f 1413/1285/1122 1412/1282/1120 901/1284/859 902/1287/858
f 922/1286/1123 1413/1285/1122 1395/1036/905 903/1035/904
f 1395/1036/905 1413/1285/1122 902/1287/858 883/1232/869
f 905/1235/1089 1737/1288/585 904/1038/907
f 906/1238/1091 1737/1288/585 905/1235/1089
f 907/1241/1093 1737/1288/585 906/1238/1091
f 908/1244/1095 1737/1288/585 907/1241/1093
f 909/1247/1097 1737/1288/585 908/1244/1095
f 910/1250/1099 1737/1288/585 909/1247/1097
f 910/1250/1099 911/1253/1101 1737/1288/585
f 1737/1288/585 911/1253/1101 912/1256/1103
f 1737/1288/585 912/1256/1103 913/1259/1105
f 1737/1288/585 913/1259/1105 914/1262/1107
f 915/1265/1109 1737/1288/585 914/1262/1107
f 1737/1288/585 915/1265/1109 916/1268/1111
f 1737/1288/585 916/1268/1111 917/1271/1113
f 1737/1288/585 917/1271/1113 918/1274/1115
f 1737/1288/585 918/1274/1115 919/1277/1117
f 920/1280/1119 1737/1288/585 919/1277/1117
f 921/1283/1121 1737/1288/585 920/1280/1119
f 922/1286/1123 1737/1288/585 921/1283/1121
f 903/1035/904 1737/1288/585 922/1286/1123
f 904/1038/907 1737/1288/585 903/1035/904
f 1535/1034/903 1319/988/860 1521/984/856 1333/1032/901
f 1635/1289/1124 1634/1290/1125 1001/902/777 1002/910/783
f 1414/1291/585 1415/1292/585 924/1293/932 923/1294/931
f 1416/1295/585 1414/1291/585 923/1294/931 925/1296/941
f 1417/1297/585 1416/1295/585 925/1296/941 926/1298/945
f 1418/1299/585 1417/1297/585 926/1298/945 927/1300/961
f 1419/1301/585 1418/1299/585 927/1300/961 928/1302/968
f 1420/1303/585 1419/1301/585 928/1302/968 929/1304/974
f 1421/1305/585 1420/1303/585 929/1304/974 930/1306/981
f 1422/1307/585 1421/1305/585 930/1306/981 931/1308/995
f 1423/1309/585 1422/1307/585 931/1308/995 932/1310/1004
f 1424/1311/585 1423/1309/585 932/1310/1004 933/1312/1008
f 1425/1313/585 1424/1311/585 933/1312/1008 934/1314/1017
f 1426/1315/585 1425/1313/585 934/1314/1017 935/1316/1031
f 1427/1317/585 1426/1315/585 935/1316/1031 936/1318/1040
f 1428/1319/585 1427/1317/585 936/1318/1040 937/1320/1044
f 1429/1321/585 1428/1319/585 937/1320/1044 938/1322/1060
f 1430/1323/585 1429/1321/585 938/1322/1060 939/1324/1067
f 1431/1325/585 1430/1323/585 939/1324/1067 940/1326/1073
f 1432/1327/585 1431/1325/585 940/1326/1073 941/1328/1080
f 1433/1329/585 1432/1327/585 941/1328/1080 942/1330/1087
f 787/1331/585 1415/1292/585 1414/1291/585 792/1332/585
f 1415/1292/585 1433/1329/585 942/1330/1087 924/1293/932
f 1414/1291/585 1416/1295/585 797/1333/585 792/1332/585
f 1416/1295/585 1417/1297/585 802/1334/585 797/1333/585
f 1417/1297/585 1418/1299/585 807/1335/585 802/1334/585
f 1418/1299/585 1419/1301/585 812/1336/585 807/1335/585
f 1419/1301/585 1420/1303/585 817/1227/585 812/1336/585
f 1420/1303/585 1421/1305/585 822/1228/585 817/1227/585
f 1421/1305/585 1422/1307/585 827/1337/585 822/1228/585
f 1422/1307/585 1423/1309/585 832/1338/585 827/1337/585
f 1423/1309/585 1424/1311/585 837/1339/585 832/1338/585
f 1424/1311/585 1425/1313/585 842/1340/585 837/1339/585
f 1425/1313/585 1426/1315/585 847/1341/585 842/1340/585
f 1426/1315/585 1427/1317/585 852/1342/585 847/1341/585
f 1427/1317/585 1428/1319/585 857/1343/585 852/1342/585
f 1428/1319/585 1429/1321/585 862/1344/585 857/1343/585
f 1429/1321/585 1430/1323/585 867/1345/585 862/1344/585
f 1430/1323/585 1431/1325/585 872/1346/585 867/1345/585
f 1431/1325/585 1432/1327/585 877/1347/585 872/1346/585
f 1432/1327/585 1433/1329/585 882/1348/585 877/1347/585
f 1433/1329/585 1415/1292/585 787/1331/585 882/1348/585
f 786/1221/919 1434/1349/928 1453/1229/1086 881/1216/1085
f 963/1350/1126 1455/1351/1127 1454/1352/1128 964/1353/1129
f 1453/1229/1086 1434/1349/928 924/1354/932 942/1231/1087
f 1454/1352/1128 1455/1351/1127 943/1355/914 944/1356/917
f 963/1350/1126 965/1357/1130 1456/1358/1131 1455/1351/1127
f 1455/1351/1127 1456/1358/1131 945/1359/924 943/1355/914
f 965/1357/1130 966/1360/1132 1457/1361/1133 1456/1358/1131
f 1456/1358/1131 1457/1361/1133 946/1362/935 945/1359/924
f 967/1363/1134 1458/1364/1135 1457/1361/1133 966/1360/1132
f 1457/1361/1133 1458/1364/1135 947/1365/948 946/1362/935
f 968/1366/1136 1459/1367/1137 1458/1364/1135 967/1363/1134
f 1458/1364/1135 1459/1367/1137 948/1368/955 947/1365/948
f 968/1366/1136 969/1369/1138 1460/1370/1139 1459/1367/1137
f 1459/1367/1137 1460/1370/1139 949/1371/962 948/1368/955
f 969/1369/1138 970/1372/1140 1461/1373/1141 1460/1370/1139
f 1460/1370/1139 1461/1373/1141 950/1374/969 949/1371/962
f 971/1375/1142 1462/1376/1143 1461/1373/1141 970/1372/1140
f 1461/1373/1141 1462/1376/1143 951/1377/984 950/1374/969
f 972/1378/1144 1463/1379/1145 1462/1376/1143 971/1375/1142
f 1462/1376/1143 1463/1379/1145 952/1380/989 951/1377/984
f 972/1378/1144 973/1381/1146 1464/1382/1147 1463/1379/1145
f 1463/1379/1145 1464/1382/1147 953/1383/998 952/1380/989
f 974/1384/1148 1465/1385/1149 1464/1382/1147 973/1381/1146
f 1464/1382/1147 1465/1385/1149 954/1386/1011 953/1383/998
f 975/1387/1150 1466/1388/1151 1465/1385/1149 974/1384/1148
f 1465/1385/1149 1466/1388/1151 955/1389/1020 954/1386/1011
f 975/1387/1150 976/1390/1152 1467/1391/1153 1466/1388/1151
f 1466/1388/1151 1467/1391/1153 956/1392/1025 955/1389/1020
f 976/1390/1152 977/1393/1154 1468/1394/1155 1467/1391/1153
f 1467/1391/1153 1468/1394/1155 957/1395/1034 956/1392/1025
f 978/1396/1156 1469/1397/1157 1468/1394/1155 977/1393/1154
f 1468/1394/1155 1469/1397/1157 958/1398/1047 957/1395/1034
f 979/1399/1158 1470/1400/1159 1469/1397/1157 978/1396/1156
f 1469/1397/1157 1470/1400/1159 959/1401/1054 958/1398/1047
f 979/1399/1158 980/1402/1160 1471/1403/1161 1470/1400/1159
f 1470/1400/1159 1471/1403/1161 960/1404/1061 959/1401/1054
f 980/1402/1160 981/1405/1162 1472/1406/1163 1471/1403/1161
f 1471/1403/1161 1472/1406/1163 961/1407/1068 960/1404/1061
f 982/1408/1164 1473/1409/1165 1472/1406/1163 981/1405/1162
f 1472/1406/1163 1473/1409/1165 962/1410/1083 961/1407/1068
f 964/1353/1129 1454/1352/1128 1473/1409/1165 982/1408/1164
f 1473/1409/1165 1454/1352/1128 944/1356/917 962/1410/1083
f 793/1411/249 965/1357/249 963/1350/249 788/1412/249
f 1474/1226/585 842/1340/585 847/1341/585
f 798/1413/249 966/1360/249 965/1357/249 793/1411/249
f 1474/1226/585 867/1345/585 872/1346/585
f 803/1414/249 967/1363/249 966/1360/249 798/1413/249
f 803/1414/249 1475/1223/249 808/1415/249
f 808/1415/249 968/1366/249 967/1363/249 803/1414/249
f 798/1413/249 1475/1223/249 803/1414/249
f 813/1416/249 969/1369/249 968/1366/249 808/1415/249
f 793/1411/249 1475/1223/249 798/1413/249
f 818/1417/249 970/1372/249 969/1369/249 813/1416/249
f 788/1412/249 1475/1223/249 793/1411/249
f 823/1418/249 971/1375/249 970/1372/249 818/1417/249
f 788/1412/249 783/1419/249 1475/1223/249
f 828/1420/249 972/1378/249 971/1375/249 823/1418/249
f 783/1419/249 878/1421/249 1475/1223/249
f 833/1422/249 973/1381/249 972/1378/249 828/1420/249
f 878/1421/249 873/1423/249 1475/1223/249
f 838/1424/249 974/1384/249 973/1381/249 833/1422/249
f 1475/1223/249 873/1423/249 868/1425/249
f 843/1426/249 975/1387/249 974/1384/249 838/1424/249
f 853/1427/249 1475/1223/249 858/1225/249
f 848/1428/249 976/1390/249 975/1387/249 843/1426/249
f 848/1428/249 1475/1223/249 853/1427/249
f 853/1427/249 977/1393/249 976/1390/249 848/1428/249
f 842/1340/585 1474/1226/585 837/1339/585
f 843/1426/249 1475/1223/249 848/1428/249
f 1474/1226/585 832/1338/585 837/1339/585
f 858/1225/249 978/1396/249 977/1393/249 853/1427/249
f 1474/1226/585 827/1337/585 832/1338/585
f 838/1424/249 1475/1223/249 843/1426/249
f 1474/1226/585 822/1228/585 827/1337/585
f 863/1224/249 979/1399/249 978/1396/249 858/1225/249
f 807/1335/585 812/1336/585 1474/1226/585
f 828/1420/249 1475/1223/249 833/1422/249
f 802/1334/585 807/1335/585 1474/1226/585
f 868/1425/249 980/1402/249 979/1399/249 863/1224/249
f 797/1333/585 802/1334/585 1474/1226/585
f 823/1418/249 1475/1223/249 828/1420/249
f 792/1332/585 797/1333/585 1474/1226/585
f 873/1423/249 981/1405/249 980/1402/249 868/1425/249
f 792/1332/585 1474/1226/585 787/1331/585
f 818/1417/249 1475/1223/249 823/1418/249
f 1474/1226/585 882/1348/585 787/1331/585
f 878/1421/249 982/1408/249 981/1405/249 873/1423/249
f 1474/1226/585 877/1347/585 882/1348/585
f 813/1416/249 1475/1223/249 818/1417/249
f 1474/1226/585 872/1346/585 877/1347/585
f 964/1353/249 982/1408/249 878/1421/249 783/1419/249
f 867/1345/585 1474/1226/585 862/1344/585
f 1475/1223/249 868/1425/249 863/1224/249
f 1474/1226/585 857/1343/585 862/1344/585
f 1475/1223/249 813/1416/249 808/1415/249
f 1474/1226/585 852/1342/585 857/1343/585
f 1475/1223/249 838/1424/249 833/1422/249
f 1474/1226/585 847/1341/585 852/1342/585
f 788/1412/249 963/1350/249 964/1353/249 783/1419/249
f 812/1336/585 817/1227/585 1474/1226/585
f 1634/1290/1125 1633/1429/1166 1000/901/776 1001/902/777
f 983/911/728 1676/1430/1167 1635/1289/1124 1002/910/783
f 1633/1429/1166 1632/1431/1168 999/898/773 1000/901/776
f 1632/1431/1168 1631/1432/1169 998/895/770 999/898/773
f 1631/1432/1169 1630/1433/1170 997/892/767 998/895/770
f 1630/1433/1170 1629/1434/1171 996/889/764 997/892/767
f 1629/1434/1171 1628/1435/1172 995/886/761 996/889/764
f 1628/1435/1172 1627/1436/1173 994/883/758 995/886/761
f 1627/1436/1173 1626/1437/1174 993/880/755 994/883/758
f 1626/1437/1174 1625/1438/1175 992/877/752 993/880/755
f 1625/1438/1175 1624/1439/1176 991/874/749 992/877/752
f 1624/1439/1176 1623/1440/1177 990/871/746 991/874/749
f 1623/1440/1177 1622/1441/1178 989/868/743 990/871/746
f 1622/1441/1178 1621/1442/1179 988/865/740 989/868/743
f 1621/1442/1179 1620/1443/1180 987/862/737 988/865/740
f 1620/1443/1180 1619/1444/1181 986/859/734 987/862/737
f 1619/1444/1181 1618/1445/1182 985/856/731 986/859/734
f 1618/1445/1182 1617/1446/1183 984/852/727 985/856/731
f 1617/1446/1183 1676/1447/1167 983/853/728 984/852/727
f 726/1448/1184 1003/1449/725 1004/1450/782 724/1451/1185
f 728/1452/1186 1005/1453/722 1003/1449/725 726/1448/1184
f 730/1454/1187 1006/1455/729 1005/1453/722 728/1452/1186
f 732/1456/1188 1007/1457/732 1006/1455/729 730/1454/1187
f 728/1458/1186 1495/903/249 730/1459/1187
f 734/1460/1189 1008/1461/735 1007/1457/732 732/1456/1188
f 1495/903/249 732/1462/1188 730/1459/1187
f 736/1463/1190 1009/1464/738 1008/1461/735 734/1460/1189
f 734/1465/1189 1495/903/249 736/1466/1190
f 738/1467/1191 1010/1468/741 1009/1464/738 736/1463/1190
f 1495/903/249 734/1465/1189 732/1462/1188
f 740/1469/1192 1011/1470/744 1010/1468/741 738/1467/1191
f 728/1458/1186 726/1471/1184 1495/903/249
f 742/1472/1193 1012/1473/747 1011/1470/744 740/1469/1192
f 726/1471/1184 724/1474/1185 1495/903/249
f 744/1475/1194 1013/1476/750 1012/1473/747 742/1472/1193
f 724/1474/1185 762/1477/1195 1495/903/249
f 746/1478/1196 1014/1479/753 1013/1476/750 744/1475/1194
f 762/1477/1195 760/1480/1197 1495/903/249
f 748/1481/1198 1015/1482/756 1014/1479/753 746/1478/1196
f 752/1483/1199 1495/903/249 754/1484/1200
f 750/1485/1201 1016/1486/759 1015/1482/756 748/1481/1198
f 1495/903/249 756/905/779 754/1484/1200
f 752/1487/1199 1017/1488/762 1016/1486/759 750/1485/1201
f 750/1489/1201 1495/903/249 752/1483/1199
f 754/1490/1200 1018/1491/765 1017/1488/762 752/1487/1199
f 748/1492/1198 1495/903/249 750/1489/1201
f 756/1493/779 1019/1494/768 1018/1491/765 754/1490/1200
f 744/1495/1194 1495/903/249 746/1496/1196
f 758/1497/778 1020/1498/771 1019/1494/768 756/1493/779
f 742/1499/1193 1495/903/249 744/1495/1194
f 760/1500/1197 1021/1501/774 1020/1498/771 758/1497/778
f 738/1502/1191 1495/903/249 740/1503/1192
f 762/1504/1195 1022/1505/780 1021/1501/774 760/1500/1197
f 1495/903/249 742/1499/1193 740/1503/1192
f 1004/1450/782 1022/1505/780 762/1504/1195 724/1451/1185
f 1495/903/249 760/1480/1197 758/904/778
f 1495/903/249 738/1502/1191 736/1466/1190
f 1495/903/249 748/1492/1198 746/1496/1196
f 1042/1506/1202 1023/1507/1203 1275/1508/1204 1515/1509/1205
f 1023/1507/1203 1024/1510/1206 1276/1511/1207 1275/1508/1204
f 1515/1509/1205 1275/1508/1204 764/1512/793 763/1513/792
f 1024/1510/1206 1025/1514/1208 1277/1515/1209 1276/1511/1207
f 1275/1508/1204 1276/1511/1207 765/1516/796 764/1512/793
f 1025/1514/1208 1026/1517/1210 1278/1518/1211 1277/1515/1209
f 1276/1511/1207 1277/1515/1209 766/1519/799 765/1516/796
f 1026/1517/1210 1027/1520/1212 1279/1521/1213 1278/1518/1211
f 1277/1515/1209 1278/1518/1211 767/1522/802 766/1519/799
f 1027/1520/1212 1028/1523/1214 1280/1524/1215 1279/1521/1213
f 1278/1518/1211 1279/1521/1213 768/1525/805 767/1522/802
f 1028/1523/1214 1029/1526/1216 1281/1527/1217 1280/1524/1215
f 1279/1521/1213 1280/1524/1215 769/1528/808 768/1525/805
f 1029/1526/1216 1030/1529/1218 1282/1530/1219 1281/1527/1217
f 1280/1524/1215 1281/1527/1217 770/1531/811 769/1528/808
f 1030/1529/1218 1031/1532/1220 1283/1533/1221 1282/1530/1219
f 1281/1527/1217 1282/1530/1219 771/1534/814 770/1531/811
f 1031/1532/1220 1032/1535/1222 1284/1536/1223 1283/1533/1221
f 1282/1530/1219 1283/1533/1221 772/1537/817 771/1534/814
f 1032/1535/1222 1033/1538/1224 1285/1539/1225 1284/1536/1223
f 1283/1533/1221 1284/1536/1223 773/1540/820 772/1537/817
f 1033/1538/1224 1034/1541/1226 1286/1542/1227 1285/1539/1225
f 1284/1536/1223 1285/1539/1225 774/1543/823 773/1540/820
f 1034/1541/1226 1035/1544/1228 1287/1545/1229 1286/1542/1227
f 1285/1539/1225 1286/1542/1227 775/1546/826 774/1543/823
f 1035/1544/1228 1036/1547/1230 1288/1548/1231 1287/1545/1229
f 1286/1542/1227 1287/1545/1229 776/1549/829 775/1546/826
f 1036/1547/1230 1037/1550/1232 1289/1551/1233 1288/1548/1231
f 1287/1545/1229 1288/1548/1231 777/1552/832 776/1549/829
f 1037/1550/1232 1038/1553/1234 1290/1554/1235 1289/1551/1233
f 1288/1548/1231 1289/1551/1233 778/1555/835 777/1552/832
f 1038/1553/1234 1039/1556/1236 1291/1557/1237 1290/1554/1235
f 1289/1551/1233 1290/1554/1235 779/1558/838 778/1555/835
f 1039/1556/1236 1040/1559/1238 1292/1560/1239 1291/1557/1237
f 1290/1554/1235 1291/1557/1237 780/1561/841 779/1558/838
f 1040/1559/1238 1041/1562/1240 1293/1563/1241 1292/1560/1239
f 1291/1557/1237 1292/1560/1239 781/1564/844 780/1561/841
f 1041/1562/1240 1042/1565/1202 1515/1566/1205 1293/1563/1241
f 1292/1560/1239 1293/1563/1241 782/1567/847 781/1564/844
f 757/1568/840 759/1569/843 1319/988/860 1535/1034/903
f 1293/1563/1241 1515/1566/1205 763/1570/792 782/1567/847
f 727/1571/795 729/1572/798 1317/982/854 1534/1031/900
f 741/1573/816 743/1574/819 1315/976/848 1533/1028/897
f 755/1575/837 757/1568/840 1535/1034/903 1532/1025/894
f 725/1576/791 727/1571/795 1534/1031/900 1531/1022/891
f 739/1577/813 741/1573/816 1533/1028/897 1530/1016/888
f 753/1578/834 755/1575/837 1532/1025/894 1529/1013/885
f 723/1579/788 725/1576/791 1531/1022/891 1524/1021/870
f 737/1580/810 739/1577/813 1530/1016/888 1528/1010/882
f 751/1581/831 753/1578/834 1529/1013/885 1527/1007/879
f 735/1582/807 737/1580/810 1528/1010/882 1526/1004/876
f 749/1583/828 751/1581/831 1527/1007/879 1525/1001/873
f 733/1584/804 735/1582/807 1526/1004/876 1523/995/867
f 747/1585/825 749/1583/828 1525/1001/873 1522/992/864
f 761/1586/846 723/1587/788 1524/998/870 1520/989/861
f 731/1588/801 733/1584/804 1523/995/867 1518/983/855
f 745/1589/822 747/1585/825 1522/992/864 1516/977/849
f 759/1569/843 761/1586/846 1520/989/861 1319/988/860
f 729/1572/798 731/1588/801 1518/983/855 1317/982/854
f 743/1574/819 745/1589/822 1516/977/849 1315/976/848
f 1076/1590/1242 1078/1591/1243 1600/1592/1244 1496/1593/1245
f 1496/1593/1245 1600/1592/1244 1115/1594/1246 1113/1595/1247
f 1044/1596/1248 1045/1597/1249 1539/1598/1250 1537/1599/1251
f 1033/1538/1224 1596/1600/1252 1599/1601/1253 1034/1541/1226
f 1537/1599/1251 1539/1598/1250 1046/1602/1254 1043/1603/1255
f 1599/1601/1253 1596/1600/1252 1104/1604/1256 1106/1605/1257
f 1045/1597/1249 1047/1606/1258 1541/1607/1259 1539/1598/1250
f 1062/1608/1260 1064/1609/1261 1598/1610/1262 1498/1611/1263
f 1539/1598/1250 1541/1607/1259 1048/1612/1264 1046/1602/1254
f 1498/1611/1263 1598/1610/1262 1101/1613/1265 1099/1614/1266
f 1047/1606/1258 1049/1615/1267 1543/1616/1268 1541/1607/1259
f 1048/1612/1264 1050/1617/1269 1597/1618/1270 1499/1619/1271
f 1541/1607/1259 1543/1616/1268 1050/1617/1269 1048/1612/1264
f 1499/1619/1271 1597/1618/1270 1087/1620/1272 1085/1621/1273
f 1049/1615/1267 1051/1622/1274 1545/1623/1275 1543/1616/1268
f 1032/1535/1222 1497/1624/1276 1596/1600/1252 1033/1538/1224
f 1543/1616/1268 1545/1623/1275 1052/1625/1277 1050/1617/1269
f 1596/1600/1252 1497/1624/1276 1102/1626/1278 1104/1604/1256
f 1051/1622/1274 1053/1627/1279 1547/1628/1280 1545/1623/1275
f 1074/1629/1281 1076/1590/1242 1496/1593/1245 1501/1630/1282
f 1545/1623/1275 1547/1628/1280 1054/1631/1283 1052/1625/1277
f 1501/1630/1282 1496/1593/1245 1113/1595/1247 1111/1632/1284
f 1053/1627/1279 1055/1633/1285 1549/1634/1286 1547/1628/1280
f 1031/1532/1220 1500/1635/1287 1497/1624/1276 1032/1535/1222
f 1547/1628/1280 1549/1634/1286 1056/1636/1288 1054/1631/1283
f 1497/1624/1276 1500/1635/1287 1100/1637/1289 1102/1626/1278
f 1055/1633/1285 1057/1638/1290 1551/1639/1291 1549/1634/1286
f 1060/1640/1292 1062/1608/1260 1498/1611/1263 1503/1641/1293
f 1549/1634/1286 1551/1639/1291 1058/1642/1294 1056/1636/1288
f 1503/1641/1293 1498/1611/1263 1099/1614/1266 1097/1643/1295
f 1057/1638/1290 1059/1644/1296 1553/1645/1297 1551/1639/1291
f 1046/1602/1254 1048/1612/1264 1499/1619/1271 1505/1646/1298
f 1551/1639/1291 1553/1645/1297 1060/1640/1292 1058/1642/1294
f 1505/1646/1298 1499/1619/1271 1085/1621/1273 1083/1647/1299
f 1059/1644/1296 1061/1648/1300 1555/1649/1301 1553/1645/1297
f 1030/1529/1218 1502/1650/1302 1500/1635/1287 1031/1532/1220
f 1553/1645/1297 1555/1649/1301 1062/1608/1260 1060/1640/1292
f 1500/1635/1287 1502/1650/1302 1098/1651/1303 1100/1637/1289
f 1061/1648/1300 1063/1652/1304 1557/1653/1305 1555/1649/1301
f 1072/1654/1306 1074/1629/1281 1501/1630/1282 1509/1655/1307
f 1555/1649/1301 1557/1653/1305 1064/1609/1261 1062/1608/1260
f 1509/1655/1307 1501/1630/1282 1111/1632/1284 1109/1656/1308
f 1063/1652/1304 1065/1657/1309 1559/1658/1310 1557/1653/1305
f 1029/1526/1216 1506/1659/1311 1502/1650/1302 1030/1529/1218
f 1557/1653/1305 1559/1658/1310 1066/1660/1312 1064/1609/1261
f 1502/1650/1302 1506/1659/1311 1096/1661/1313 1098/1651/1303
f 1065/1657/1309 1067/1662/1314 1561/1663/1315 1559/1658/1310
f 1058/1642/1294 1060/1640/1292 1503/1641/1293 1513/1664/1316
f 1559/1658/1310 1561/1663/1315 1068/1665/1317 1066/1660/1312
f 1513/1664/1316 1503/1641/1293 1097/1643/1295 1095/1666/1318
f 1067/1662/1314 1069/1667/1319 1563/1668/1320 1561/1663/1315
f 1043/1603/1255 1046/1602/1254 1505/1646/1298 1504/1669/1321
f 1561/1663/1315 1563/1668/1320 1070/1670/1322 1068/1665/1317
f 1504/1669/1321 1505/1646/1298 1083/1647/1299 1122/1671/1323
f 1069/1667/1319 1071/1672/1324 1565/1673/1325 1563/1668/1320
f 1028/1523/1214 1510/1674/1326 1506/1659/1311 1029/1526/1216
f 1563/1668/1320 1565/1673/1325 1072/1654/1306 1070/1670/1322
f 1506/1659/1311 1510/1674/1326 1094/1675/1327 1096/1661/1313
f 1071/1672/1324 1073/1676/1328 1567/1677/1329 1565/1673/1325
f 1041/1562/1240 1514/1678/1330 1507/1679/1331 1042/1565/1202
f 1565/1673/1325 1567/1677/1329 1074/1629/1281 1072/1654/1306
f 1507/1679/1331 1514/1678/1330 1120/1680/1332 1121/1681/1333
f 1073/1676/1328 1075/1682/1334 1569/1683/1335 1567/1677/1329
f 1070/1670/1322 1072/1654/1306 1509/1655/1307 1508/1684/1336
f 1567/1677/1329 1569/1683/1335 1076/1590/1242 1074/1629/1281
f 1508/1684/1336 1509/1655/1307 1109/1656/1308 1107/1685/1337
f 1075/1682/1334 1077/1686/1338 1571/1687/1339 1569/1683/1335
f 1027/1520/1212 1511/1688/1340 1510/1674/1326 1028/1523/1214
f 1569/1683/1335 1571/1687/1339 1078/1591/1243 1076/1590/1242
f 1510/1674/1326 1511/1688/1340 1092/1689/1341 1094/1675/1327
f 1077/1686/1338 1079/1690/1342 1573/1691/1343 1571/1687/1339
f 1056/1636/1288 1058/1642/1294 1513/1664/1316 1512/1692/1344
f 1571/1687/1339 1573/1691/1343 1080/1693/1345 1078/1591/1243
f 1512/1692/1344 1513/1664/1316 1095/1666/1318 1093/1694/1346
f 1079/1690/1342 1081/1695/1347 1575/1696/1348 1573/1691/1343
f 1040/1559/1238 1536/1697/1349 1514/1678/1330 1041/1562/1240
f 1573/1691/1343 1575/1696/1348 1082/1698/1350 1080/1693/1345
f 1514/1678/1330 1536/1697/1349 1118/1699/1351 1120/1680/1332
f 1081/1695/1347 1044/1700/1248 1537/1701/1251 1575/1696/1348
f 1122/1702/1323 1083/1703/1299 1576/1704/908 1595/1705/911
f 1575/1696/1348 1537/1701/1251 1043/1706/1255 1082/1698/1350
f 1083/1703/1299 1085/1707/1273 1577/1708/920 1576/1704/908
f 1595/1705/911 1576/1704/908 1084/1709/1352 1121/1710/1353
f 1085/1707/1273 1087/1711/1272 1578/1712/933 1577/1708/920
f 1576/1704/908 1577/1708/920 1086/1713/1354 1084/1709/1352
f 1087/1711/1272 1089/1714/1355 1579/1715/946 1578/1712/933
f 1577/1708/920 1578/1712/933 1088/1716/1356 1086/1713/1354
f 1089/1714/1355 1091/1717/1357 1580/1718/953 1579/1715/946
f 1578/1712/933 1579/1715/946 1090/1719/1358 1088/1716/1356
f 1091/1717/1357 1093/1720/1346 1581/1721/959 1580/1718/953
f 1579/1715/946 1580/1718/953 1092/1722/1359 1090/1719/1358
f 1093/1720/1346 1095/1723/1318 1582/1724/975 1581/1721/959
f 1580/1718/953 1581/1721/959 1094/1725/1360 1092/1722/1359
f 1095/1723/1318 1097/1726/1295 1583/1727/982 1582/1724/975
f 1581/1721/959 1582/1724/975 1096/1728/1361 1094/1725/1360
f 1097/1726/1295 1099/1729/1266 1584/1730/987 1583/1727/982
f 1582/1724/975 1583/1727/982 1098/1731/1362 1096/1728/1361
f 1099/1729/1266 1101/1732/1265 1585/1733/996 1584/1730/987
f 1583/1727/982 1584/1730/987 1100/1734/1363 1098/1731/1362
f 1101/1732/1265 1103/1735/1364 1586/1736/1009 1585/1733/996
f 1584/1730/987 1585/1733/996 1102/1737/1365 1100/1734/1363
f 1103/1735/1364 1105/1738/1366 1587/1739/1018 1586/1736/1009
f 1585/1733/996 1586/1736/1009 1104/1740/1367 1102/1737/1365
f 1105/1738/1366 1107/1741/1337 1588/1742/1023 1587/1739/1018
f 1586/1736/1009 1587/1739/1018 1106/1743/1368 1104/1740/1367
f 1107/1741/1337 1109/1744/1308 1589/1745/1032 1588/1742/1023
f 1587/1739/1018 1588/1742/1023 1108/1746/1369 1106/1743/1368
f 1109/1744/1308 1111/1747/1284 1590/1748/1045 1589/1745/1032
f 1588/1742/1023 1589/1745/1032 1110/1749/1370 1108/1746/1369
f 1111/1747/1284 1113/1750/1247 1591/1751/1052 1590/1748/1045
f 1589/1745/1032 1590/1748/1045 1112/1752/1371 1110/1749/1370
f 1113/1750/1247 1115/1753/1246 1592/1754/1058 1591/1751/1052
f 1590/1748/1045 1591/1751/1052 1114/1755/1372 1112/1752/1371
f 1115/1753/1246 1117/1756/1373 1593/1757/1074 1592/1754/1058
f 1591/1751/1052 1592/1754/1058 1116/1758/1374 1114/1755/1372
f 1117/1756/1373 1119/1759/1375 1594/1760/1081 1593/1757/1074
f 1592/1754/1058 1593/1757/1074 1118/1761/1376 1116/1758/1374
f 1119/1759/1375 1122/1762/1323 1595/1763/911 1594/1760/1081
f 1593/1757/1074 1594/1760/1081 1120/1764/1377 1118/1761/1376
f 1034/1541/1226 1599/1601/1253 1601/1765/1378 1035/1544/1228
f 1594/1760/1081 1595/1763/911 1121/1766/1353 1120/1764/1377
f 1601/1765/1378 1599/1601/1253 1106/1605/1257 1108/1767/1379
f 1050/1617/1269 1052/1625/1277 1602/1768/1380 1597/1618/1270
f 1597/1618/1270 1602/1768/1380 1089/1769/1355 1087/1620/1272
f 1064/1609/1261 1066/1660/1312 1603/1770/1381 1598/1610/1262
f 1598/1610/1262 1603/1770/1381 1103/1771/1364 1101/1613/1265
f 1035/1544/1228 1601/1765/1378 1604/1772/1382 1036/1547/1230
f 1604/1772/1382 1601/1765/1378 1108/1767/1379 1110/1773/1383
f 1078/1591/1243 1080/1693/1345 1605/1774/1384 1600/1592/1244
f 1600/1592/1244 1605/1774/1384 1117/1775/1373 1115/1594/1246
f 1042/1506/1202 1507/1776/1331 1606/1777/1385 1023/1507/1203
f 1606/1777/1385 1507/1776/1331 1121/1778/1333 1084/1779/1386
f 1036/1547/1230 1604/1772/1382 1607/1780/1387 1037/1550/1232
f 1607/1780/1387 1604/1772/1382 1110/1773/1383 1112/1781/1388
f 1052/1625/1277 1054/1631/1283 1608/1782/1389 1602/1768/1380
f 1602/1768/1380 1608/1782/1389 1091/1783/1357 1089/1769/1355
f 1023/1507/1203 1606/1777/1385 1609/1784/1390 1024/1510/1206
f 1609/1784/1390 1606/1777/1385 1084/1779/1386 1086/1785/1391
f 1066/1660/1312 1068/1665/1317 1610/1786/1392 1603/1770/1381
f 1603/1770/1381 1610/1786/1392 1105/1787/1366 1103/1771/1364
f 1037/1550/1232 1607/1780/1387 1611/1788/1393 1038/1553/1234
f 1611/1788/1393 1607/1780/1387 1112/1781/1388 1114/1789/1394
f 1080/1693/1345 1082/1698/1350 1612/1790/1395 1605/1774/1384
f 1605/1774/1384 1612/1790/1395 1119/1791/1375 1117/1775/1373
f 1024/1510/1206 1609/1784/1390 1613/1792/1396 1025/1514/1208
f 1613/1792/1396 1609/1784/1390 1086/1785/1391 1088/1793/1397
f 1038/1553/1234 1611/1788/1393 1614/1794/1398 1039/1556/1236
f 1614/1794/1398 1611/1788/1393 1114/1789/1394 1116/1795/1399
f 1054/1631/1283 1056/1636/1288 1512/1692/1344 1608/1782/1389
f 1608/1782/1389 1512/1692/1344 1093/1694/1346 1091/1783/1357
f 1025/1514/1208 1613/1792/1396 1615/1796/1400 1026/1517/1210
f 1615/1796/1400 1613/1792/1396 1088/1793/1397 1090/1797/1401
f 1068/1665/1317 1070/1670/1322 1508/1684/1336 1610/1786/1392
f 1610/1786/1392 1508/1684/1336 1107/1685/1337 1105/1787/1366
f 1039/1556/1236 1614/1794/1398 1536/1697/1349 1040/1559/1238
f 1536/1697/1349 1614/1794/1398 1116/1795/1399 1118/1699/1351
f 1082/1698/1350 1043/1706/1255 1504/1798/1321 1612/1790/1395
f 1612/1790/1395 1504/1798/1321 1122/1799/1323 1119/1791/1375
f 1026/1517/1210 1615/1796/1400 1511/1688/1340 1027/1520/1212
f 1511/1688/1340 1615/1796/1400 1090/1797/1401 1092/1689/1341
f 1123/1800/1402 1124/1801/1403 1659/1802/1404 1660/1803/1405
f 1660/1803/1405 1659/1802/1404 1143/1804/1406 1182/1805/1407
f 1061/1806/1408 1542/1807/1409 1658/1808/1410 1063/1809/1411
f 1658/1808/1410 1542/1807/1409 1160/1810/1412 1162/1811/1413
f 1136/1812/1414 1137/1813/1415 1657/1814/1416 1538/1815/1417
f 1538/1815/1417 1657/1814/1416 1169/1816/1418 1167/1817/1419
f 1047/1818/1420 1546/1819/1421 1656/1820/1422 1049/1821/1423
f 1656/1820/1422 1546/1819/1421 1146/1822/1424 1148/1823/1425
f 1135/1824/1426 1136/1812/1414 1538/1815/1417 1544/1825/1427
f 1544/1825/1427 1538/1815/1417 1167/1817/1419 1165/1826/1428
f 1073/1827/1429 1550/1828/1430 1540/1829/1431 1075/1830/1432
f 1540/1829/1431 1550/1828/1430 1172/1831/1433 1174/1832/1434
f 1059/1833/1435 1552/1834/1436 1542/1807/1409 1061/1806/1408
f 1542/1807/1409 1552/1834/1436 1158/1835/1437 1160/1810/1412
f 1134/1836/1438 1135/1824/1426 1544/1825/1427 1548/1837/1439
f 1548/1837/1439 1544/1825/1427 1165/1826/1428 1163/1838/1440
f 1045/1839/1441 1556/1840/1442 1546/1819/1421 1047/1818/1420
f 1546/1819/1421 1556/1840/1442 1144/1841/1443 1146/1822/1424
f 1133/1842/1444 1134/1836/1438 1548/1837/1439 1554/1843/1445
f 1554/1843/1445 1548/1837/1439 1163/1838/1440 1161/1844/1446
f 1071/1845/1447 1560/1846/1448 1550/1828/1430 1073/1827/1429
f 1550/1828/1430 1560/1846/1448 1170/1847/1449 1172/1831/1433
f 1057/1848/1450 1564/1849/1451 1552/1834/1436 1059/1833/1435
f 1552/1834/1436 1564/1849/1451 1156/1850/1452 1158/1835/1437
f 1132/1851/1453 1133/1842/1444 1554/1843/1445 1558/1852/1454
f 1558/1852/1454 1554/1843/1445 1161/1844/1446 1159/1853/1455
f 1044/1854/1456 1570/1855/1457 1556/1840/1442 1045/1839/1441
f 1556/1840/1442 1570/1855/1457 1181/1856/1458 1144/1841/1443
f 1131/1857/1459 1132/1851/1453 1558/1852/1454 1568/1858/1460
f 1568/1858/1460 1558/1852/1454 1159/1853/1455 1157/1859/1461
f 1069/1860/1462 1562/1861/1463 1560/1846/1448 1071/1845/1447
f 1560/1846/1448 1562/1861/1463 1168/1862/1464 1170/1847/1449
f 1055/1863/1465 1566/1864/1466 1564/1849/1451 1057/1848/1450
f 1564/1849/1451 1566/1864/1466 1154/1865/1467 1156/1850/1452
f 1130/1866/1468 1131/1857/1459 1568/1858/1460 1616/1867/1469
f 1616/1867/1469 1568/1858/1460 1157/1859/1461 1155/1868/1470
f 1081/1869/1471 1572/1870/1472 1570/1871/1457 1044/1872/1456
f 1570/1871/1457 1572/1870/1472 1180/1873/1473 1181/1874/1458
f 1129/1875/1474 1130/1866/1468 1616/1867/1469 1574/1876/1475
f 1574/1876/1475 1616/1867/1469 1155/1868/1470 1153/1877/1476
f 1182/1805/1407 1143/1804/1406 1636/1878/908 1655/1879/911
f 1143/1804/1406 1145/1880/1477 1637/1881/920 1636/1878/908
f 1655/1879/911 1636/1878/908 1144/1841/1443 1181/1856/1458
f 1145/1880/1477 1147/1882/1478 1638/1883/933 1637/1881/920
f 1636/1878/908 1637/1881/920 1146/1822/1424 1144/1841/1443
f 1147/1882/1478 1149/1884/1479 1639/1885/946 1638/1883/933
f 1637/1881/920 1638/1883/933 1148/1823/1425 1146/1822/1424
f 1149/1884/1479 1151/1886/1480 1640/1887/953 1639/1885/946
f 1638/1883/933 1639/1885/946 1150/1888/1481 1148/1823/1425
f 1151/1886/1480 1153/1877/1476 1641/1889/959 1640/1887/953
f 1639/1885/946 1640/1887/953 1152/1890/1482 1150/1888/1481
f 1153/1877/1476 1155/1868/1470 1642/1891/975 1641/1889/959
f 1640/1887/953 1641/1889/959 1154/1865/1467 1152/1890/1482
f 1155/1868/1470 1157/1859/1461 1643/1892/982 1642/1891/975
f 1641/1889/959 1642/1891/975 1156/1850/1452 1154/1865/1467
f 1157/1859/1461 1159/1853/1455 1644/1893/987 1643/1892/982
f 1642/1891/975 1643/1892/982 1158/1835/1437 1156/1850/1452
f 1159/1853/1455 1161/1844/1446 1645/1894/996 1644/1893/987
f 1643/1892/982 1644/1893/987 1160/1810/1412 1158/1835/1437
f 1161/1844/1446 1163/1838/1440 1646/1895/1009 1645/1894/996
f 1644/1893/987 1645/1894/996 1162/1811/1413 1160/1810/1412
f 1163/1838/1440 1165/1826/1428 1647/1896/1018 1646/1895/1009
f 1645/1894/996 1646/1895/1009 1164/1897/1483 1162/1811/1413
f 1165/1826/1428 1167/1817/1419 1648/1898/1023 1647/1896/1018
f 1646/1895/1009 1647/1896/1018 1166/1899/1484 1164/1897/1483
f 1167/1817/1419 1169/1816/1418 1649/1900/1032 1648/1898/1023
f 1647/1896/1018 1648/1898/1023 1168/1862/1464 1166/1899/1484
f 1169/1816/1418 1171/1901/1485 1650/1902/1045 1649/1900/1032
f 1648/1898/1023 1649/1900/1032 1170/1847/1449 1168/1862/1464
f 1171/1901/1485 1173/1903/1486 1651/1904/1052 1650/1902/1045
f 1649/1900/1032 1650/1902/1045 1172/1831/1433 1170/1847/1449
f 1173/1903/1486 1175/1905/1487 1652/1906/1058 1651/1904/1052
f 1650/1902/1045 1651/1904/1052 1174/1832/1434 1172/1831/1433
f 1175/1905/1487 1177/1907/1488 1653/1908/1074 1652/1906/1058
f 1651/1904/1052 1652/1906/1058 1176/1909/1489 1174/1832/1434
f 1177/1907/1488 1179/1910/1490 1654/1911/1081 1653/1908/1074
f 1652/1906/1058 1653/1908/1074 1178/1912/1491 1176/1909/1489
f 1179/1910/1490 1182/1913/1407 1655/1914/911 1654/1911/1081
f 1653/1908/1074 1654/1911/1081 1180/1873/1473 1178/1912/1491
f 1075/1830/1432 1540/1829/1431 1661/1915/1492 1077/1916/1493
f 1654/1911/1081 1655/1914/911 1181/1874/1458 1180/1873/1473
f 1661/1915/1492 1540/1829/1431 1174/1832/1434 1176/1909/1489
f 1137/1813/1415 1138/1917/1494 1662/1918/1495 1657/1814/1416
f 1657/1814/1416 1662/1918/1495 1171/1901/1485 1169/1816/1418
f 1124/1801/1403 1125/1919/1496 1663/1920/1497 1659/1802/1404
f 1659/1802/1404 1663/1920/1497 1145/1880/1477 1143/1804/1406
f 1049/1821/1423 1656/1820/1422 1664/1921/1498 1051/1922/1499
f 1664/1921/1498 1656/1820/1422 1148/1823/1425 1150/1888/1481
f 1138/1917/1494 1139/1923/1500 1665/1924/1501 1662/1918/1495
f 1662/1918/1495 1665/1924/1501 1173/1903/1486 1171/1901/1485
f 1063/1809/1411 1658/1808/1410 1666/1925/1502 1065/1926/1503
f 1666/1925/1502 1658/1808/1410 1162/1811/1413 1164/1897/1483
f 1125/1919/1496 1126/1927/1504 1667/1928/1505 1663/1920/1497
f 1663/1920/1497 1667/1928/1505 1147/1882/1478 1145/1880/1477
f 1077/1916/1493 1661/1915/1492 1668/1929/1506 1079/1930/1507
f 1668/1929/1506 1661/1915/1492 1176/1909/1489 1178/1912/1491
f 1139/1923/1500 1140/1931/1508 1669/1932/1509 1665/1924/1501
f 1665/1924/1501 1669/1932/1509 1175/1905/1487 1173/1903/1486
f 1126/1927/1504 1127/1933/1510 1670/1934/1511 1667/1928/1505
f 1667/1928/1505 1670/1934/1511 1149/1884/1479 1147/1882/1478
f 1051/1922/1499 1664/1921/1498 1671/1935/1512 1053/1936/1513
f 1671/1935/1512 1664/1921/1498 1150/1888/1481 1152/1890/1482
f 1140/1931/1508 1141/1937/1514 1672/1938/1515 1669/1932/1509
f 1669/1932/1509 1672/1938/1515 1177/1907/1488 1175/1905/1487
f 1065/1926/1503 1666/1925/1502 1673/1939/1516 1067/1940/1517
f 1673/1939/1516 1666/1925/1502 1164/1897/1483 1166/1899/1484
f 1127/1933/1510 1128/1941/1518 1674/1942/1519 1670/1934/1511
f 1670/1934/1511 1674/1942/1519 1151/1886/1480 1149/1884/1479
f 1079/1930/1507 1668/1929/1506 1572/1870/1472 1081/1869/1471
f 1572/1870/1472 1668/1929/1506 1178/1912/1491 1180/1873/1473
f 1141/1937/1514 1142/1943/1520 1675/1944/1521 1672/1938/1515
f 1672/1938/1515 1675/1944/1521 1179/1910/1490 1177/1907/1488
f 1128/1941/1518 1129/1875/1474 1574/1876/1475 1674/1942/1519
f 1674/1942/1519 1574/1876/1475 1153/1877/1476 1151/1886/1480
f 1053/1936/1513 1671/1935/1512 1566/1864/1466 1055/1863/1465
f 1566/1864/1466 1671/1935/1512 1152/1890/1482 1154/1865/1467
f 1142/1943/1520 1123/1945/1402 1660/1946/1405 1675/1944/1521
f 1675/1944/1521 1660/1946/1405 1182/1913/1407 1179/1910/1490
f 1067/1940/1517 1673/1939/1516 1562/1861/1463 1069/1860/1462
f 1562/1861/1463 1673/1939/1516 1166/1899/1484 1168/1862/1464
f 1676/1447/1167 1617/1446/1183 1124/1947/1522 1123/1948/1523
f 1617/1446/1183 1618/1445/1182 1125/1949/1524 1124/1947/1522
f 1618/1445/1182 1619/1444/1181 1126/1950/1525 1125/1949/1524
f 1619/1444/1181 1620/1443/1180 1127/1951/1526 1126/1950/1525
f 1620/1443/1180 1621/1442/1179 1128/1952/1527 1127/1951/1526
f 1621/1442/1179 1622/1441/1178 1129/1953/1528 1128/1952/1527
f 1622/1441/1178 1623/1440/1177 1130/1954/1529 1129/1953/1528
f 1623/1440/1177 1624/1439/1176 1131/1955/1530 1130/1954/1529
f 1624/1439/1176 1625/1438/1175 1132/1956/1531 1131/1955/1530
f 1625/1438/1175 1626/1437/1174 1133/1957/1532 1132/1956/1531
f 1626/1437/1174 1627/1436/1173 1134/1958/1533 1133/1957/1532
f 1627/1436/1173 1628/1435/1172 1135/1959/1534 1134/1958/1533
f 1628/1435/1172 1629/1434/1171 1136/1960/1535 1135/1959/1534
f 1629/1434/1171 1630/1433/1170 1137/1961/1536 1136/1960/1535
f 1630/1433/1170 1631/1432/1169 1138/1962/1537 1137/1961/1536
f 1631/1432/1169 1632/1431/1168 1139/1963/1538 1138/1962/1537
f 1632/1431/1168 1633/1429/1166 1140/1964/1539 1139/1963/1538
f 1633/1429/1166 1634/1290/1125 1141/1965/1540 1140/1964/1539
f 1634/1290/1125 1635/1289/1124 1142/1966/1541 1141/1965/1540
f 1635/1289/1124 1676/1430/1167 1123/1967/1523 1142/1966/1541
f 1702/1968/1542 1214/1969/1543 1242/1970/1544 1735/1971/1545
f 1731/1972/1546 1729/1973/1547 1270/1974/1548 1271/1975/1549
f 1729/1973/1547 1727/1976/1550 1269/1977/1551 1270/1974/1548
f 1727/1976/1550 1725/1978/1552 1268/1979/1553 1269/1977/1551
f 1725/1978/1552 1723/1980/1554 1267/1981/1555 1268/1979/1553
f 1723/1980/1554 1721/1982/1556 1266/1983/1557 1267/1981/1555
f 1721/1982/1556 1719/1984/1558 1265/1985/1559 1266/1983/1557
f 1719/1984/1558 1717/1986/1560 1264/1987/1561 1265/1985/1559
f 1717/1986/1560 1715/1988/1562 1263/1989/1563 1264/1987/1561
f 1715/1990/1562 1713/1991/1564 1262/1992/1565 1263/1993/1563
f 1713/1991/1564 1711/1994/1566 1261/1995/1567 1262/1992/1565
f 1711/1994/1566 1709/1996/1568 1260/1997/1569 1261/1995/1567
f 1709/1996/1568 1707/1998/1570 1259/1999/1571 1260/1997/1569
f 1707/1998/1570 1705/2000/1572 1258/2001/1573 1259/1999/1571
f 1705/2000/1572 1703/2002/1574 1257/2003/1575 1258/2001/1573
f 1701/2004/1576 1699/2005/1577 1255/2006/1578 1256/2007/1579
f 1699/2005/1577 1697/2008/1580 1254/2009/1581 1255/2006/1578
f 1697/2008/1580 1695/2010/1582 1253/2011/1583 1254/2009/1581
f 1695/2010/1582 1693/2012/1584 1252/2013/1585 1253/2011/1583
f 1693/2012/1584 1691/2014/1586 1251/2015/1587 1252/2013/1585
f 1691/2014/1586 1689/2016/1588 1250/2017/1589 1251/2015/1587
f 1689/2018/1588 1687/2019/1590 1249/2020/1591 1250/2021/1589
f 1687/2019/1590 1685/2022/1592 1248/2023/1593 1249/2020/1591
f 1685/2022/1592 1683/2024/1594 1247/2025/1595 1248/2023/1593
f 1683/2024/1594 1681/2026/1596 1246/2027/1597 1247/2025/1595
f 1681/2026/1596 1679/2028/1598 1245/2029/1599 1246/2027/1597
f 1679/2028/1598 1677/2030/1600 1244/2031/1601 1245/2029/1599
f 1183/2032/1602 1243/2033/585 1237/2034/1603
f 1183/2032/1602 1185/2035/1604 1243/2033/585
f 1185/2035/1604 1187/2036/1605 1243/2033/585
f 1187/2036/1605 1189/2037/1606 1243/2033/585
f 1189/2037/1606 1191/2038/1607 1243/2033/585
f 1191/2038/1607 1193/2039/1608 1243/2033/585
f 1193/2039/1608 1195/2040/1609 1243/2033/585
f 1195/2040/1609 1197/2041/1610 1243/2033/585
f 1197/2041/1610 1199/2042/1611 1243/2033/585
f 1199/2042/1611 1201/2043/1612 1243/2033/585
f 1201/2043/1612 1203/2044/1613 1243/2033/585
f 1203/2044/1613 1205/2045/1614 1243/2033/585
f 1205/2045/1614 1207/2046/1615 1243/2033/585
f 1207/2046/1615 1209/2047/1616 1243/2033/585
f 1209/2047/1616 1211/2048/1617 1243/2033/585
f 1211/2048/1617 1240/2049/1618 1243/2033/585
f 1213/2050/1619 1241/2051/1620 1736/2052/1621 1733/2053/1622
f 1214/1969/1543 1215/2054/1623 1243/2033/585
f 1215/2054/1623 1217/2055/1624 1243/2033/585
f 1217/2055/1624 1219/2056/1625 1243/2033/585
f 1219/2056/1625 1221/2057/1626 1243/2033/585
f 1221/2057/1626 1223/2058/1627 1243/2033/585
f 1223/2058/1627 1225/2059/1628 1243/2033/585
f 1225/2059/1628 1227/2060/1629 1243/2033/585
f 1227/2060/1629 1229/2061/1630 1243/2033/585
f 1229/2061/1630 1231/2062/1631 1243/2033/585
f 1231/2062/1631 1233/2063/1632 1243/2033/585
f 1233/2063/1632 1235/2064/1633 1243/2033/585
f 1235/2064/1633 1237/2034/1603 1243/2033/585
f 1244/2065/1601 1678/2066/1634 1680/2067/1635 1245/2068/1599
f 1680/2067/1635 1678/2066/1634 1237/2034/1603 1235/2064/1633
f 1234/2069/1636 1236/2070/1637 1679/2028/1598 1681/2026/1596
f 1245/2068/1599 1680/2067/1635 1682/2071/1638 1246/2072/1597
f 1682/2071/1638 1680/2067/1635 1235/2064/1633 1233/2063/1632
f 1232/2073/1639 1234/2069/1636 1681/2026/1596 1683/2024/1594
f 1246/2072/1597 1682/2071/1638 1684/2074/1640 1247/2075/1595
f 1684/2074/1640 1682/2071/1638 1233/2063/1632 1231/2062/1631
f 1230/2076/1641 1232/2073/1639 1683/2024/1594 1685/2022/1592
f 1247/2075/1595 1684/2074/1640 1686/2077/1642 1248/2078/1593
f 1686/2077/1642 1684/2074/1640 1231/2062/1631 1229/2061/1630
f 1228/2079/1643 1230/2076/1641 1685/2022/1592 1687/2019/1590
f 1248/2078/1593 1686/2077/1642 1688/2080/1644 1249/2081/1591
f 1688/2080/1644 1686/2077/1642 1229/2061/1630 1227/2060/1629
f 1226/2082/1645 1228/2079/1643 1687/2019/1590 1689/2018/1588
f 1249/2081/1591 1688/2080/1644 1690/2083/1646 1250/2084/1589
f 1690/2083/1646 1688/2080/1644 1227/2060/1629 1225/2059/1628
f 1224/2085/1647 1226/2086/1645 1689/2016/1588 1691/2014/1586
f 1250/2084/1589 1690/2083/1646 1692/2087/1648 1251/2088/1587
f 1692/2087/1648 1690/2083/1646 1225/2059/1628 1223/2058/1627
f 1222/2089/1649 1224/2085/1647 1691/2014/1586 1693/2012/1584
f 1251/2088/1587 1692/2087/1648 1694/2090/1650 1252/2091/1585
f 1694/2090/1650 1692/2087/1648 1223/2058/1627 1221/2057/1626
f 1220/2092/1651 1222/2089/1649 1693/2012/1584 1695/2010/1582
f 1252/2091/1585 1694/2090/1650 1696/2093/1652 1253/2094/1583
f 1696/2093/1652 1694/2090/1650 1221/2057/1626 1219/2056/1625
f 1218/2095/1653 1220/2092/1651 1695/2010/1582 1697/2008/1580
f 1253/2094/1583 1696/2093/1652 1698/2096/1654 1254/2097/1581
f 1698/2096/1654 1696/2093/1652 1219/2056/1625 1217/2055/1624
f 1216/2098/1655 1218/2095/1653 1697/2008/1580 1699/2005/1577
f 1254/2097/1581 1698/2096/1654 1700/2099/1656 1255/2100/1578
f 1700/2099/1656 1698/2096/1654 1217/2055/1624 1215/2054/1623
f 1216/2098/1655 1699/2005/1577 1701/2004/1576 1239/2101/1657
f 1255/2100/1578 1700/2099/1656 1702/1968/1542 1256/2102/1579
f 1702/1968/1542 1700/2099/1656 1215/2054/1623 1214/1969/1543
f 1210/2103/1658 1212/2104/1659 1703/2002/1574 1705/2000/1572
f 1257/2105/1575 1704/2106/1660 1706/2107/1661 1258/2108/1573
f 1706/2107/1661 1704/2106/1660 1211/2048/1617 1209/2047/1616
f 1208/2109/1662 1210/2103/1658 1705/2000/1572 1707/1998/1570
f 1258/2108/1573 1706/2107/1661 1708/2110/1663 1259/2111/1571
f 1708/2110/1663 1706/2107/1661 1209/2047/1616 1207/2046/1615
f 1206/2112/1664 1208/2109/1662 1707/1998/1570 1709/1996/1568
f 1259/2111/1571 1708/2110/1663 1710/2113/1665 1260/2114/1569
f 1710/2113/1665 1708/2110/1663 1207/2046/1615 1205/2045/1614
f 1204/2115/1666 1206/2112/1664 1709/1996/1568 1711/1994/1566
f 1260/2114/1569 1710/2113/1665 1712/2116/1667 1261/2117/1567
f 1712/2116/1667 1710/2113/1665 1205/2045/1614 1203/2044/1613
f 1202/2118/1668 1204/2115/1666 1711/1994/1566 1713/1991/1564
f 1261/2117/1567 1712/2116/1667 1714/2119/1669 1262/2120/1565
f 1714/2119/1669 1712/2116/1667 1203/2044/1613 1201/2043/1612
f 1200/2121/1670 1202/2118/1668 1713/1991/1564 1715/1990/1562
f 1262/2120/1565 1714/2119/1669 1716/2122/1671 1263/2123/1563
f 1716/2122/1671 1714/2119/1669 1201/2043/1612 1199/2042/1611
f 1198/2124/1672 1200/2125/1670 1715/1988/1562 1717/1986/1560
f 1263/2123/1563 1716/2122/1671 1718/2126/1673 1264/2127/1561
f 1718/2126/1673 1716/2122/1671 1199/2042/1611 1197/2041/1610
f 1196/2128/1674 1198/2124/1672 1717/1986/1560 1719/1984/1558
f 1264/2127/1561 1718/2126/1673 1720/2129/1675 1265/2130/1559
f 1720/2129/1675 1718/2126/1673 1197/2041/1610 1195/2040/1609
f 1194/2131/1676 1196/2128/1674 1719/1984/1558 1721/1982/1556
f 1265/2130/1559 1720/2129/1675 1722/2132/1677 1266/2133/1557
f 1722/2132/1677 1720/2129/1675 1195/2040/1609 1193/2039/1608
f 1192/2134/1678 1194/2131/1676 1721/1982/1556 1723/1980/1554
f 1266/2133/1557 1722/2132/1677 1724/2135/1679 1267/2136/1555
f 1724/2135/1679 1722/2132/1677 1193/2039/1608 1191/2038/1607
f 1190/2137/1680 1192/2134/1678 1723/1980/1554 1725/1978/1552
f 1267/2136/1555 1724/2135/1679 1726/2138/1681 1268/2139/1553
f 1726/2138/1681 1724/2135/1679 1191/2038/1607 1189/2037/1606
f 1188/2140/1682 1190/2137/1680 1725/1978/1552 1727/1976/1550
f 1268/2139/1553 1726/2138/1681 1728/2141/1683 1269/2142/1551
f 1728/2141/1683 1726/2138/1681 1189/2037/1606 1187/2036/1605
f 1186/2143/1684 1188/2140/1682 1727/1976/1550 1729/1973/1547
f 1269/2142/1551 1728/2141/1683 1730/2144/1685 1270/2145/1548
f 1212/2104/1659 1213/2050/1619 1733/2053/1622 1703/2002/1574
f 1730/2144/1685 1728/2141/1683 1187/2036/1605 1185/2035/1604
f 1244/2065/1601 1271/2146/1549 1732/2147/1686 1678/2066/1634
f 1734/2148/1687 1735/1971/1545 1242/1970/1544 1240/2049/1618
f 1678/2066/1634 1732/2147/1686 1183/2032/1602 1237/2034/1603
f 1677/2030/1600 1731/1972/1546 1271/1975/1549 1244/2031/1601
f 1184/2149/1688 1186/2143/1684 1729/1973/1547 1731/1972/1546
f 1270/2145/1548 1730/2144/1685 1732/2147/1686 1271/2146/1549
f 1733/2053/1622 1736/2052/1621 1273/2150/1689 1272/2151/1690
f 1732/2147/1686 1730/2144/1685 1185/2035/1604 1183/2032/1602
f 1236/2070/1637 1238/2152/1691 1677/2030/1600 1679/2028/1598
f 1702/1968/1542 1735/1971/1545 1273/2153/1689 1256/2102/1579
f 1184/2149/1688 1731/1972/1546 1677/2030/1600 1238/2152/1691
f 1256/2007/1579 1273/2150/1689 1736/2052/1621 1701/2004/1576
f 1240/2049/1618 1242/1970/1544 1243/2033/585
f 1257/2105/1575 1272/2154/1690 1734/2148/1687 1704/2106/1660
f 1704/2106/1660 1734/2148/1687 1240/2049/1618 1211/2048/1617
f 1703/2002/1574 1733/2053/1622 1272/2151/1690 1257/2003/1575
f 1701/2004/1576 1736/2052/1621 1241/2051/1620 1239/2101/1657
f 1735/1971/1545 1734/2148/1687 1272/2154/1690 1273/2153/1689
f 1003/850/725 1476/849/724 1274/851/726 1004/2155/782
f 784/1054/923 789/1053/922 1338/1044/913 1335/1043/912
f 1900/2156/1692 2401/2157/1693 2400/2158/1694 1898/2159/1695
f 2218/2160/1696 2400/2158/1694 1959/2161/1697 1958/2162/1698
f 1901/2163/1699 2402/2164/1700 2401/2157/1693 1900/2156/1692
f 2400/2158/1694 2401/2157/1693 1960/2165/1701 1959/2161/1697
f 1902/2166/1702 2403/2167/1703 2402/2164/1700 1901/2163/1699
f 2401/2157/1693 2402/2164/1700 1961/2168/1704 1960/2165/1701
f 1903/2169/1705 2404/2170/1706 2403/2167/1703 1902/2166/1702
f 2402/2164/1700 2403/2167/1703 1962/2171/1707 1961/2168/1704
f 2403/2167/1703 2404/2170/1706 1963/2172/1708 1962/2171/1707
f 1904/2173/1709 2405/2174/1710 2404/2170/1706 1903/2169/1705
f 1905/2175/1711 2406/2176/1712 2405/2174/1710 1904/2173/1709
f 2404/2170/1706 2405/2174/1710 1964/2177/1713 1963/2172/1708
f 1906/2178/1714 2407/2179/1715 2406/2176/1712 1905/2175/1711
f 2405/2174/1710 2406/2176/1712 1965/2180/1716 1964/2177/1713
f 1907/2181/1717 2408/2182/1718 2407/2179/1715 1906/2178/1714
f 2406/2176/1712 2407/2179/1715 1966/2183/1719 1965/2180/1716
f 1908/2184/1720 2409/2185/1721 2408/2182/1718 1907/2181/1717
f 2407/2179/1715 2408/2182/1718 1967/2186/1722 1966/2183/1719
f 1909/2187/1723 2410/2188/1724 2409/2185/1721 1908/2184/1720
f 2408/2182/1718 2409/2185/1721 1968/2189/1725 1967/2186/1722
f 1910/2190/1726 2411/2191/1727 2410/2188/1724 1909/2187/1723
f 2409/2185/1721 2410/2188/1724 1969/2192/1728 1968/2189/1725
f 1911/2193/1729 2412/2194/1730 2411/2191/1727 1910/2190/1726
f 2410/2188/1724 2411/2191/1727 1970/2195/1731 1969/2192/1728
f 1912/2196/1732 2413/2197/1733 2412/2194/1730 1911/2193/1729
f 2411/2191/1727 2412/2194/1730 1971/2198/1734 1970/2195/1731
f 1913/2199/1735 2414/2200/1736 2413/2197/1733 1912/2196/1732
f 2412/2194/1730 2413/2197/1733 1972/2201/1737 1971/2198/1734
f 2413/2197/1733 2414/2200/1736 1973/2202/1738 1972/2201/1737
f 1914/2203/1739 2415/2204/1740 2414/2200/1736 1913/2199/1735
f 1915/2205/1741 2416/2206/1742 2415/2204/1740 1914/2203/1739
f 2414/2200/1736 2415/2204/1740 1974/2207/1743 1973/2202/1738
f 1916/2208/1744 2417/2209/1745 2416/2206/1742 1915/2205/1741
f 2415/2204/1740 2416/2206/1742 1975/2210/1746 1974/2207/1743
f 2416/2206/1742 2417/2209/1745 1976/2211/1747 1975/2210/1746
f 1917/2212/1748 2418/2213/1749 2417/2214/1745 1916/2215/1744
f 1899/2216/1750 2218/2160/1696 2418/2213/1749 1917/2212/1748
f 2417/2214/1745 2418/2213/1749 1977/2217/1751 1976/2218/1747
f 2119/2219/1752 2258/2220/1753 2562/2221/1754 2120/2222/1755
f 2418/2213/1749 2218/2160/1696 1958/2162/1698 1977/2217/1751
f 2562/2221/1754 2258/2220/1753 1929/2223/1756 1928/2224/1757
f 1738/2225/1758 2239/2226/1759 2238/2227/1760 1739/2228/1761
f 2238/2227/1760 2239/2226/1759 1758/2229/1762 1759/2230/1763
f 1739/2228/1761 2238/2227/1760 2240/2231/1764 1740/2232/1765
f 2240/2231/1764 2238/2227/1760 1759/2230/1763 1760/2233/1766
f 1740/2232/1765 2240/2231/1764 2241/2234/1767 1741/2235/1768
f 2241/2234/1767 2240/2231/1764 1760/2233/1766 1761/2236/1769
f 1741/2235/1768 2241/2234/1767 2242/2237/1770 1742/2238/1771
f 2242/2237/1770 2241/2234/1767 1761/2236/1769 1762/2239/1772
f 1743/2240/1773 2243/2241/1774 2244/2242/1775 1744/2243/1776
f 2244/2242/1775 2243/2241/1774 1763/2244/1777 1764/2245/1778
f 1744/2243/1776 2244/2242/1775 2245/2246/1779 1745/2247/1780
f 2245/2246/1779 2244/2242/1775 1764/2245/1778 1765/2248/1781
f 1745/2247/1780 2245/2246/1779 2246/2249/1782 1746/2250/1783
f 2246/2249/1782 2245/2246/1779 1765/2248/1781 1766/2251/1784
f 1746/2250/1783 2246/2249/1782 2247/2252/1785 1747/2253/1786
f 2247/2252/1785 2246/2249/1782 1766/2251/1784 1767/2254/1787
f 1747/2253/1786 2247/2252/1785 2248/2255/1788 1748/2256/1789
f 2248/2255/1788 2247/2252/1785 1767/2254/1787 1768/2257/1790
f 1748/2256/1789 2248/2255/1788 2249/2258/1791 1749/2259/1792
f 2249/2258/1791 2248/2255/1788 1768/2257/1790 1769/2260/1793
f 1749/2259/1792 2249/2258/1791 2250/2261/1794 1750/2262/1795
f 2250/2261/1794 2249/2258/1791 1769/2260/1793 1770/2263/1796
f 1750/2262/1795 2250/2261/1794 2251/2264/1797 1751/2265/1798
f 2251/2264/1797 2250/2261/1794 1770/2263/1796 1771/2266/1799
f 1751/2265/1798 2251/2264/1797 2252/2267/1800 1752/2268/1801
f 2252/2267/1800 2251/2264/1797 1771/2266/1799 1772/2269/1802
f 1753/2270/1803 2253/2271/1804 2254/2272/1805 1754/2273/1806
f 2254/2272/1805 2253/2271/1804 1773/2274/1807 1774/2275/1808
f 1754/2273/1806 2254/2272/1805 2255/2276/1809 1755/2277/1810
f 2255/2276/1809 2254/2272/1805 1774/2275/1808 1775/2278/1811
f 1755/2277/1810 2255/2276/1809 2256/2279/1812 1756/2280/1813
f 2256/2279/1812 2255/2276/1809 1775/2278/1811 1776/2281/1814
f 1756/2282/1813 2256/2283/1812 2257/2284/1815 1757/2285/1816
f 2257/2284/1815 2256/2283/1812 1776/2286/1814 1777/2287/1817
f 1757/2285/1816 2257/2284/1815 2239/2226/1759 1738/2225/1758
f 2239/2226/1759 2257/2284/1815 1777/2287/1817 1758/2229/1762
f 1786/2288/249 1787/2289/249 2399/2290/249
f 2123/2291/1818 2260/2292/1819 2566/2293/1820 2124/2294/1821
f 2566/2293/1820 2260/2292/1819 1922/2295/1822 1921/2296/1823
f 2127/2297/1824 2262/2298/1825 2570/2299/1826 2128/2300/1827
f 2570/2299/1826 2262/2298/1825 1937/2301/1828 1936/2302/1829
f 2131/2303/1830 2264/2304/1831 2258/2220/1753 2119/2219/1752
f 2258/2220/1753 2264/2304/1831 1930/2305/1832 1929/2223/1756
f 2135/2306/1833 2266/2307/1834 2262/2298/1825 2127/2297/1824
f 2262/2298/1825 2266/2307/1834 1918/2308/1835 1937/2301/1828
f 2137/2309/1836 2267/2310/1837 2264/2304/1831 2131/2303/1830
f 2264/2304/1831 2267/2310/1837 1931/2311/1838 1930/2305/1832
f 2139/2312/1839 2268/2313/1840 2265/2314/1841 2133/2315/1842
f 2265/2314/1841 2268/2313/1840 1924/2316/1843 1923/2317/1844
f 2141/2318/1845 2269/2319/1846 2267/2310/1837 2137/2309/1836
f 2267/2310/1837 2269/2319/1846 1932/2320/1847 1931/2311/1838
f 2143/2321/1848 2270/2322/1849 2268/2313/1840 2139/2312/1839
f 2268/2313/1840 2270/2322/1849 1925/2323/1850 1924/2316/1843
f 2147/2324/1851 2272/2325/1852 2270/2322/1849 2143/2321/1848
f 2270/2322/1849 2272/2325/1852 1926/2326/1853 1925/2323/1850
f 2149/2327/1854 2273/2328/1855 2266/2307/1834 2135/2306/1833
f 2266/2307/1834 2273/2328/1855 1919/2329/1856 1918/2308/1835
f 2151/2330/1857 2274/2331/1858 2271/2332/1859 2145/2333/1860
f 2271/2332/1859 2274/2331/1858 1934/2334/1861 1933/2335/1862
f 2153/2336/1863 2275/2337/1864 2272/2325/1852 2147/2324/1851
f 2272/2325/1852 2275/2337/1864 1927/2338/1865 1926/2326/1853
f 2155/2339/1866 2276/2340/1867 2273/2328/1855 2149/2327/1854
f 2273/2328/1855 2276/2340/1867 1920/2341/1868 1919/2329/1856
f 2157/2342/1869 2277/2343/1870 2274/2331/1858 2151/2330/1857
f 2274/2331/1858 2277/2343/1870 1935/2344/1871 1934/2334/1861
f 2120/2222/1755 2562/2221/1754 2275/2337/1864 2153/2336/1863
f 2275/2337/1864 2562/2221/1754 1928/2224/1757 1927/2338/1865
f 2124/2294/1821 2566/2293/1820 2276/2340/1867 2155/2339/1866
f 2276/2340/1867 2566/2293/1820 1921/2296/1823 1920/2341/1868
f 2128/2345/1827 2570/2346/1826 2277/2343/1870 2157/2342/1869
f 2277/2343/1870 2570/2346/1826 1936/2347/1829 1935/2344/1871
f 1977/2217/1751 1958/2162/1698 2419/2348/1872 2659/2349/1873
f 1799/2350/1874 1804/2351/1875 2283/2352/1876 2279/2353/1877
f 2440/2354/1878 2441/2355/1879 1999/2356/1880 1998/2357/1881
f 1805/2358/1882 2284/2359/1883 2280/2360/1884 1800/2361/1885
f 2279/2353/1877 2283/2352/1876 1805/2358/1882 1800/2361/1885
f 1803/2362/1886 2461/2363/1887 2460/2364/1888 1798/2365/1889
f 2280/2360/1884 2284/2359/1883 1806/2366/1890 1801/2367/1891
f 1805/2358/1882 1810/2368/1892 2288/2369/1893 2284/2359/1883
f 2460/2364/1888 2461/2363/1887 2019/2370/1894 2018/2371/1895
f 1803/2362/1886 1808/2372/1896 2462/2373/1897 2461/2363/1887
f 2284/2359/1883 2288/2369/1893 1811/2374/1898 1806/2366/1890
f 1811/2374/1898 2442/2375/1899 2441/2355/1879 1806/2366/1890
f 2461/2363/1887 2462/2373/1897 2020/2376/1900 2019/2370/1894
f 1809/2377/1901 2287/2378/1902 2283/2352/1876 1804/2351/1875
f 2441/2355/1879 2442/2375/1899 2000/2379/1903 1999/2356/1880
f 1810/2368/1892 1815/2380/1904 2292/2381/1905 2288/2369/1893
f 2283/2352/1876 2287/2378/1902 1810/2368/1892 1805/2358/1882
f 1808/2372/1896 1813/2382/1906 2463/2383/1907 2462/2373/1897
f 2288/2369/1893 2292/2381/1905 1816/2384/1908 1811/2374/1898
f 1816/2384/1908 2443/2385/1909 2442/2375/1899 1811/2374/1898
f 2462/2373/1897 2463/2383/1907 2021/2386/1910 2020/2376/1900
f 1814/2387/1911 2291/2388/1912 2287/2378/1902 1809/2377/1901
f 2442/2375/1899 2443/2385/1909 2001/2389/1913 2000/2379/1903
f 1816/2384/1908 1821/2390/1914 2444/2391/1915 2443/2385/1909
f 2287/2378/1902 2291/2388/1912 1815/2380/1904 1810/2368/1892
f 1814/2387/1911 1819/2392/1916 2295/2393/1917 2291/2388/1912
f 2443/2385/1909 2444/2391/1915 2002/2394/1918 2001/2389/1913
f 1820/2395/1919 2296/2396/1920 2292/2381/1905 1815/2380/1904
f 2291/2388/1912 2295/2393/1917 1820/2395/1919 1815/2380/1904
f 1818/2397/1921 2464/2398/1922 2463/2383/1907 1813/2382/1906
f 2292/2381/1905 2296/2396/1920 1821/2390/1914 1816/2384/1908
f 1819/2392/1916 1824/2399/1923 2299/2400/1924 2295/2393/1917
f 2463/2383/1907 2464/2398/1922 2022/2401/1925 2021/2386/1910
f 1825/2402/1926 2300/2403/1927 2296/2396/1920 1820/2395/1919
f 2295/2393/1917 2299/2400/1924 1825/2402/1926 1820/2395/1919
f 1823/2404/1928 2465/2405/1929 2464/2398/1922 1818/2397/1921
f 2296/2396/1920 2300/2403/1927 1826/2406/1930 1821/2390/1914
f 1826/2406/1930 2445/2407/1931 2444/2391/1915 1821/2390/1914
f 2464/2398/1922 2465/2405/1929 2023/2408/1932 2022/2401/1925
f 1825/2402/1926 1830/2409/1933 2304/2410/1934 2300/2403/1927
f 2444/2391/1915 2445/2407/1931 2003/2411/1935 2002/2394/1918
f 1823/2404/1928 1828/2412/1936 2466/2413/1937 2465/2405/1929
f 2300/2403/1927 2304/2410/1934 1831/2414/1938 1826/2406/1930
f 1831/2414/1938 2446/2415/1939 2445/2407/1931 1826/2406/1930
f 2465/2405/1929 2466/2413/1937 2024/2416/1940 2023/2408/1932
f 1829/2417/1941 2303/2418/1942 2299/2400/1924 1824/2399/1923
f 2445/2407/1931 2446/2415/1939 2004/2419/1943 2003/2411/1935
f 1828/2412/1936 1833/2420/1944 2467/2421/1945 2466/2413/1937
f 2299/2400/1924 2303/2418/1942 1830/2409/1933 1825/2402/1926
f 1831/2414/1938 1836/2422/1946 2447/2423/1947 2446/2415/1939
f 2466/2413/1937 2467/2421/1945 2025/2424/1948 2024/2416/1940
f 1834/2425/1949 2307/2426/1950 2303/2418/1942 1829/2417/1941
f 2446/2415/1939 2447/2423/1947 2005/2427/1951 2004/2419/1943
f 1835/2428/1952 2308/2429/1953 2304/2410/1934 1830/2409/1933
f 2303/2418/1942 2307/2426/1950 1835/2428/1952 1830/2409/1933
f 1836/2422/1946 1841/2430/1954 2448/2431/1955 2447/2423/1947
f 2304/2410/1934 2308/2429/1953 1836/2422/1946 1831/2414/1938
f 1834/2425/1949 1839/2432/1956 2311/2433/1957 2307/2426/1950
f 2447/2423/1947 2448/2431/1955 2006/2434/1958 2005/2427/1951
f 1840/2435/1959 2312/2436/1960 2308/2429/1953 1835/2428/1952
f 2307/2426/1950 2311/2433/1957 1840/2435/1959 1835/2428/1952
f 1838/2437/1961 2468/2438/1962 2467/2421/1945 1833/2420/1944
f 2308/2429/1953 2312/2436/1960 1841/2430/1954 1836/2422/1946
f 1840/2435/1959 1845/2439/1963 2316/2440/1964 2312/2436/1960
f 2467/2421/1945 2468/2438/1962 2026/2441/1965 2025/2424/1948
f 1843/2442/1966 2469/2443/1967 2468/2438/1962 1838/2437/1961
f 2312/2436/1960 2316/2440/1964 1846/2444/1968 1841/2430/1954
f 1846/2444/1968 2449/2445/1969 2448/2431/1955 1841/2430/1954
f 2468/2438/1962 2469/2443/1967 2027/2446/1970 2026/2441/1965
f 1844/2447/1971 2315/2448/1972 2311/2433/1957 1839/2432/1956
f 2448/2431/1955 2449/2445/1969 2007/2449/1973 2006/2434/1958
f 1845/2439/1963 1850/2450/1974 2320/2451/1975 2316/2440/1964
f 2311/2433/1957 2315/2448/1972 1845/2439/1963 1840/2435/1959
f 1843/2442/1966 1848/2452/1976 2470/2453/1977 2469/2443/1967
f 2316/2440/1964 2320/2451/1975 1851/2454/1978 1846/2444/1968
f 1851/2454/1978 2450/2455/1979 2449/2445/1969 1846/2444/1968
f 2469/2443/1967 2470/2453/1977 2028/2456/1980 2027/2446/1970
f 1849/2457/1981 2319/2458/1982 2315/2448/1972 1844/2447/1971
f 2449/2445/1969 2450/2455/1979 2008/2459/1983 2007/2449/1973
f 1851/2454/1978 1856/2460/1984 2451/2461/1985 2450/2455/1979
f 2315/2448/1972 2319/2458/1982 1850/2450/1974 1845/2439/1963
f 1849/2457/1981 1854/2462/1986 2323/2463/1987 2319/2458/1982
f 2450/2455/1979 2451/2461/1985 2009/2464/1988 2008/2459/1983
f 1855/2465/1989 2324/2466/1990 2320/2451/1975 1850/2450/1974
f 2319/2458/1982 2323/2463/1987 1855/2465/1989 1850/2450/1974
f 1853/2467/1991 2471/2468/1992 2470/2453/1977 1848/2452/1976
f 2320/2451/1975 2324/2466/1990 1856/2460/1984 1851/2454/1978
f 1856/2460/1984 1861/2469/1993 2452/2470/1994 2451/2461/1985
f 2470/2453/1977 2471/2468/1992 2029/2471/1995 2028/2456/1980
f 1854/2462/1986 1859/2472/1996 2327/2473/1997 2323/2463/1987
f 2451/2461/1985 2452/2470/1994 2010/2474/1998 2009/2464/1988
f 1860/2475/1999 2328/2476/2000 2324/2466/1990 1855/2465/1989
f 2323/2463/1987 2327/2473/1997 1860/2475/1999 1855/2465/1989
f 1858/2477/2001 2472/2478/2002 2471/2468/1992 1853/2467/1991
f 2324/2466/1990 2328/2476/2000 1861/2469/1993 1856/2460/1984
f 1860/2475/1999 1865/2479/2003 2332/2480/2004 2328/2476/2000
f 2471/2468/1992 2472/2478/2002 2030/2481/2005 2029/2471/1995
f 1858/2477/2001 1863/2482/2006 2473/2483/2007 2472/2478/2002
f 2328/2476/2000 2332/2480/2004 1866/2484/2008 1861/2469/1993
f 1866/2484/2008 2453/2485/2009 2452/2470/1994 1861/2469/1993
f 2472/2478/2002 2473/2483/2007 2031/2486/2010 2030/2481/2005
f 1864/2487/2011 2331/2488/2012 2327/2473/1997 1859/2472/1996
f 2452/2470/1994 2453/2485/2009 2011/2489/2013 2010/2474/1998
f 1865/2479/2003 1870/2490/2014 2336/2491/2015 2332/2480/2004
f 2327/2473/1997 2331/2488/2012 1865/2479/2003 1860/2475/1999
f 1863/2482/2006 1868/2492/2016 2474/2493/2017 2473/2483/2007
f 2332/2480/2004 2336/2491/2015 1871/2494/2018 1866/2484/2008
f 1871/2494/2018 2454/2495/2019 2453/2485/2009 1866/2484/2008
f 2473/2483/2007 2474/2493/2017 2032/2496/2020 2031/2486/2010
f 1869/2497/2021 2335/2498/2022 2331/2488/2012 1864/2487/2011
f 2453/2485/2009 2454/2495/2019 2012/2499/2023 2011/2489/2013
f 1871/2494/2018 1876/2500/2024 2455/2501/2025 2454/2495/2019
f 2331/2488/2012 2335/2498/2022 1870/2490/2014 1865/2479/2003
f 1869/2497/2021 1874/2502/2026 2339/2503/2027 2335/2498/2022
f 2454/2495/2019 2455/2501/2025 2013/2504/2028 2012/2499/2023
f 1875/2505/2029 2340/2506/2030 2336/2491/2015 1870/2490/2014
f 2335/2498/2022 2339/2503/2027 1875/2505/2029 1870/2490/2014
f 1873/2507/2031 2475/2508/2032 2474/2493/2017 1868/2492/2016
f 2336/2491/2015 2340/2506/2030 1876/2500/2024 1871/2494/2018
f 1874/2509/2026 1879/2510/2033 2343/2511/2034 2339/2512/2027
f 2474/2493/2017 2475/2508/2032 2033/2513/2035 2032/2496/2020
f 1880/2514/2036 2344/2515/2037 2340/2516/2030 1875/2517/2029
f 2339/2512/2027 2343/2511/2034 1880/2514/2036 1875/2517/2029
f 1878/2518/2038 2476/2519/2039 2475/2520/2032 1873/2521/2031
f 2340/2516/2030 2344/2515/2037 1881/2522/2040 1876/2523/2024
f 1881/2522/2040 2456/2524/2041 2455/2525/2025 1876/2523/2024
f 2475/2520/2032 2476/2519/2039 2034/2526/2042 2033/2527/2035
f 1880/2514/2036 1885/2528/2043 2348/2529/2044 2344/2515/2037
f 2455/2525/2025 2456/2524/2041 2014/2530/2045 2013/2531/2028
f 1878/2518/2038 1883/2532/2046 2477/2533/2047 2476/2519/2039
f 2344/2515/2037 2348/2529/2044 1886/2534/2048 1881/2522/2040
f 1886/2534/2048 2457/2535/2049 2456/2524/2041 1881/2522/2040
f 2476/2519/2039 2477/2533/2047 2035/2536/2050 2034/2526/2042
f 1884/2537/2051 2347/2538/2052 2343/2511/2034 1879/2510/2033
f 2456/2524/2041 2457/2535/2049 2015/2539/2053 2014/2530/2045
f 1883/2532/2046 1888/2540/2054 2478/2541/2055 2477/2533/2047
f 2343/2511/2034 2347/2538/2052 1885/2528/2043 1880/2514/2036
f 1886/2534/2048 1891/2542/2056 2458/2543/2057 2457/2535/2049
f 2477/2533/2047 2478/2541/2055 2036/2544/2058 2035/2536/2050
f 1889/2545/2059 2351/2546/2060 2347/2538/2052 1884/2537/2051
f 2457/2535/2049 2458/2543/2057 2016/2547/2061 2015/2539/2053
f 1890/2548/2062 2352/2549/2063 2348/2529/2044 1885/2528/2043
f 2347/2538/2052 2351/2546/2060 1890/2548/2062 1885/2528/2043
f 1891/2542/2056 1896/2550/2064 2459/2551/2065 2458/2543/2057
f 2348/2529/2044 2352/2549/2063 1891/2542/2056 1886/2534/2048
f 1889/2545/2059 1894/2552/2066 2355/2553/2067 2351/2546/2060
f 2458/2543/2057 2459/2551/2065 2017/2554/2068 2016/2547/2061
f 1895/2555/2069 2356/2556/2070 2352/2549/2063 1890/2548/2062
f 2351/2546/2060 2355/2553/2067 1895/2555/2069 1890/2548/2062
f 1893/2557/2071 2479/2558/2072 2478/2541/2055 1888/2540/2054
f 2352/2549/2063 2356/2556/2070 1896/2550/2064 1891/2542/2056
f 1895/2555/2069 1800/2361/1885 2280/2360/1884 2356/2556/2070
f 2478/2541/2055 2479/2558/2072 2037/2559/2073 2036/2544/2058
f 1798/2365/1889 2460/2364/1888 2479/2558/2072 1893/2557/2071
f 2356/2556/2070 2280/2360/1884 1801/2367/1891 1896/2550/2064
f 2479/2558/2072 2460/2364/1888 2018/2371/1895 2037/2559/2073
f 1863/2560/2006 1858/2561/2001 2661/2562/585
f 1852/2563/2074 1857/2564/2075 2660/2565/249
f 1801/2367/1891 2440/2354/1878 2459/2551/2065 1896/2550/2064
f 1799/2350/1874 2279/2353/1877 2355/2553/2067 1894/2552/2066
f 2459/2551/2065 2440/2354/1878 1998/2357/1881 2017/2554/2068
f 1997/2566/2076 1978/2567/2077 2278/2568/2078 2354/2569/2079
f 2355/2553/2067 2279/2353/1877 1800/2361/1885 1895/2555/2069
f 1976/2218/1747 1977/2217/1751 2659/2349/1873 2658/2570/2080
f 2659/2349/1873 2419/2348/1872 2198/2571/2081 2217/2572/2082
f 1975/2210/1746 1976/2211/1747 2658/2573/2080 2657/2574/2083
f 2658/2570/2080 2659/2349/1873 2217/2572/2082 2216/2575/2084
f 1974/2207/1743 1975/2210/1746 2657/2574/2083 2656/2576/2085
f 2657/2574/2083 2658/2573/2080 2216/2577/2084 2215/2578/2086
f 1973/2202/1738 1974/2207/1743 2656/2576/2085 2655/2579/2087
f 2656/2576/2085 2657/2574/2083 2215/2578/2086 2214/2580/2088
f 1963/2172/1708 1964/2177/1713 2640/2581/2089 2653/2582/2090
f 2655/2579/2087 2656/2576/2085 2214/2580/2088 2213/2583/2091
f 2653/2582/2090 2640/2581/2089 2204/2584/2092 2203/2585/2093
f 1962/2171/1707 1963/2172/1708 2653/2582/2090 2652/2586/2094
f 2652/2586/2094 2653/2582/2090 2203/2585/2093 2202/2587/2095
f 1961/2168/1704 1962/2171/1707 2652/2586/2094 2651/2588/2096
f 1960/2165/1701 1961/2168/1704 2651/2588/2096 2650/2589/2097
f 2651/2588/2096 2652/2586/2094 2202/2587/2095 2201/2590/2098
f 2650/2589/2097 2651/2588/2096 2201/2590/2098 2200/2591/2099
f 2358/2592/2100 2359/2593/2101 1898/2594/1695 1899/2595/1750
f 2359/2593/2101 2360/2596/2102 1900/2597/1692 1898/2594/1695
f 2360/2596/2102 2361/2598/2103 1901/2599/1699 1900/2597/1692
f 2361/2598/2103 2362/2600/2104 1902/2601/1702 1901/2599/1699
f 2363/2602/2105 2364/2603/2106 1904/2604/1709 1903/2605/1705
f 2364/2603/2106 2365/2606/2107 1905/2607/1711 1904/2604/1709
f 2365/2606/2107 2366/2608/2108 1906/2609/1714 1905/2607/1711
f 2366/2608/2108 2367/2610/2109 1907/2611/1717 1906/2609/1714
f 2367/2610/2109 2368/2612/2110 1908/2613/1720 1907/2611/1717
f 2368/2612/2110 2369/2614/2111 1909/2615/1723 1908/2613/1720
f 2369/2614/2111 2370/2616/2112 1910/2617/1726 1909/2615/1723
f 2370/2616/2112 2371/2618/2113 1911/2619/1729 1910/2617/1726
f 2371/2618/2113 2372/2620/2114 1912/2621/1732 1911/2619/1729
f 2373/2622/2115 2374/2623/2116 1914/2624/1739 1913/2625/1735
f 2374/2623/2116 2375/2626/2117 1915/2627/1741 1914/2624/1739
f 2375/2626/2117 2376/2628/2118 1916/2629/1744 1915/2627/1741
f 2376/2628/2118 2377/2630/2119 1917/2631/1748 1916/2629/1744
f 2377/2630/2119 2358/2592/2100 1899/2595/1750 1917/2631/1748
f 2378/2632/585 2667/2633/2120 2681/2634/2121
f 1938/2635/2122 2380/2636/2123 2379/2637/2124 1939/2638/2125
f 2379/2637/2124 2380/2636/2123 1918/2308/1835 1919/2329/1856
f 1939/2638/2125 2379/2637/2124 2381/2639/2126 1940/2640/2127
f 2381/2639/2126 2379/2637/2124 1919/2329/1856 1920/2341/1868
f 1940/2640/2127 2381/2639/2126 2382/2641/2128 1941/2642/2129
f 2382/2641/2128 2381/2639/2126 1920/2341/1868 1921/2296/1823
f 1941/2642/2129 2382/2641/2128 2383/2643/2130 1942/2644/2131
f 2383/2643/2130 2382/2641/2128 1921/2296/1823 1922/2295/1822
f 1742/2238/1771 2242/2237/1770 2243/2241/1774 1743/2240/1773
f 2243/2241/1774 2242/2237/1770 1762/2239/1772 1763/2244/1777
f 1943/2645/2132 2384/2646/2133 2385/2647/2134 1944/2648/2135
f 2385/2647/2134 2384/2646/2133 1923/2317/1844 1924/2316/1843
f 1944/2648/2135 2385/2647/2134 2386/2649/2136 1945/2650/2137
f 2386/2649/2136 2385/2647/2134 1924/2316/1843 1925/2323/1850
f 1945/2650/2137 2386/2649/2136 2387/2651/2138 1946/2652/2139
f 2387/2651/2138 2386/2649/2136 1925/2323/1850 1926/2326/1853
f 1946/2652/2139 2387/2651/2138 2388/2653/2140 1947/2654/2141
f 2388/2653/2140 2387/2651/2138 1926/2326/1853 1927/2338/1865
f 1947/2654/2141 2388/2653/2140 2389/2655/2142 1948/2656/2143
f 2389/2655/2142 2388/2653/2140 1927/2338/1865 1928/2224/1757
f 1948/2656/2143 2389/2655/2142 2390/2657/2144 1949/2658/2145
f 2390/2657/2144 2389/2655/2142 1928/2224/1757 1929/2223/1756
f 1949/2658/2145 2390/2657/2144 2391/2659/2146 1950/2660/2147
f 2391/2659/2146 2390/2657/2144 1929/2223/1756 1930/2305/1832
f 1950/2660/2147 2391/2659/2146 2392/2661/2148 1951/2662/2149
f 2392/2661/2148 2391/2659/2146 1930/2305/1832 1931/2311/1838
f 1951/2662/2149 2392/2661/2148 2393/2663/2150 1952/2664/2151
f 2393/2663/2150 2392/2661/2148 1931/2311/1838 1932/2320/1847
f 1752/2268/1801 2252/2267/1800 2253/2271/1804 1753/2270/1803
f 2253/2271/1804 2252/2267/1800 1772/2269/1802 1773/2274/1807
f 1953/2665/2152 2394/2666/2153 2395/2667/2154 1954/2668/2155
f 2395/2667/2154 2394/2666/2153 1933/2335/1862 1934/2334/1861
f 1954/2668/2155 2395/2667/2154 2396/2669/2156 1955/2670/2157
f 2396/2669/2156 2395/2667/2154 1934/2334/1861 1935/2344/1871
f 1955/2670/2157 2396/2669/2156 2397/2671/2158 1956/2672/2159
f 2397/2671/2158 2396/2669/2156 1935/2344/1871 1936/2347/1829
f 1956/2673/2159 2397/2674/2158 2398/2675/2160 1957/2676/2161
f 2398/2675/2160 2397/2674/2158 1936/2302/1829 1937/2301/1828
f 1957/2676/2161 2398/2675/2160 2380/2636/2123 1938/2635/2122
f 2380/2636/2123 2398/2675/2160 1937/2301/1828 1918/2308/1835
f 1939/2638/2125 1940/2640/2127 1780/2677/249 1779/2678/249
f 1940/2640/2127 1941/2642/2129 1781/2679/249 1780/2677/249
f 1941/2642/2129 1942/2644/2131 1782/2680/249 1781/2679/249
f 1791/2681/249 1792/2682/249 2399/2290/249
f 1943/2645/2132 1944/2648/2135 1784/2683/249 1783/2684/249
f 1790/2685/249 1791/2681/249 2399/2290/249
f 1942/2644/2131 2383/2643/2130 2384/2646/2133 1943/2645/2132
f 2384/2646/2133 2383/2643/2130 1922/2295/1822 1923/2317/1844
f 1944/2648/2135 1945/2650/2137 1785/2686/249 1784/2683/249
f 2399/2290/249 1789/2687/249 1790/2685/249
f 1945/2650/2137 1946/2652/2139 1786/2688/249 1785/2686/249
f 1793/2689/249 1794/2690/249 2399/2290/249
f 1946/2652/2139 1947/2654/2141 1787/2691/249 1786/2688/249
f 1782/2692/249 1783/2693/249 2399/2290/249
f 1947/2654/2141 1948/2656/2143 1788/2694/249 1787/2691/249
f 1781/2695/249 1782/2692/249 2399/2290/249
f 1948/2656/2143 1949/2658/2145 1789/2696/249 1788/2694/249
f 1780/2697/249 1781/2695/249 2399/2290/249
f 1949/2658/2145 1950/2660/2147 1790/2698/249 1789/2696/249
f 2399/2290/249 1779/2699/249 1780/2697/249
f 1950/2660/2147 1951/2662/2149 1791/2700/249 1790/2698/249
f 1796/2701/249 2399/2290/249 1795/2702/249
f 1951/2662/2149 1952/2664/2151 1792/2703/249 1791/2700/249
f 2399/2290/249 1794/2690/249 1795/2702/249
f 1953/2665/2152 1954/2668/2155 1794/2704/249 1793/2705/249
f 1778/2706/249 1779/2699/249 2399/2290/249
f 1952/2664/2151 2393/2663/2150 2394/2666/2153 1953/2665/2152
f 2394/2666/2153 2393/2663/2150 1932/2320/1847 1933/2335/1862
f 1954/2668/2155 1955/2670/2157 1795/2707/249 1794/2704/249
f 1797/2708/249 1778/2706/249 2399/2290/249
f 1955/2670/2157 1956/2672/2159 1796/2709/249 1795/2707/249
f 1785/2710/249 1786/2288/249 2399/2290/249
f 1956/2673/2159 1957/2676/2161 1797/2711/249 1796/2712/249
f 1788/2713/249 2399/2290/249 1787/2289/249
f 1957/2676/2161 1938/2635/2122 1778/2714/249 1797/2711/249
f 2399/2290/249 1784/2715/249 1785/2710/249
f 1952/2664/2151 1953/2665/2152 1793/2705/249 1792/2703/249
f 1789/2687/249 2399/2290/249 1788/2713/249
f 1958/2162/1698 1959/2161/1697 2649/2716/2162 2419/2348/1872
f 2419/2348/1872 2649/2716/2162 2199/2717/2163 2198/2571/2081
f 1772/2269/1802 2232/2718/2164 2233/2719/2165 1773/2274/1807
f 1972/2201/1737 1973/2202/1738 2655/2579/2087 2654/2720/2166
f 2233/2719/2165 2232/2718/2164 2065/2721/2167 2067/2722/2168
f 2654/2720/2166 2655/2579/2087 2213/2583/2091 2212/2723/2169
f 1942/2644/2131 1943/2645/2132 1783/2684/249 1782/2680/249
f 1796/2701/249 1797/2708/249 2399/2290/249
f 1762/2239/1772 2222/2724/2170 2223/2725/2171 1763/2244/1777
f 2223/2725/2171 2222/2724/2170 2045/2726/2172 2047/2727/2173
f 1783/2693/249 1784/2715/249 2399/2290/249
f 1792/2682/249 1793/2689/249 2399/2290/249
f 2133/2315/1842 2265/2314/1841 2260/2292/1819 2123/2291/1818
f 2260/2292/1819 2265/2314/1841 1923/2317/1844 1922/2295/1822
f 2145/2333/1860 2271/2332/1859 2269/2319/1846 2141/2318/1845
f 2269/2319/1846 2271/2332/1859 1933/2335/1862 1932/2320/1847
f 1959/2161/1697 1960/2165/1701 2650/2589/2097 2649/2716/2162
f 1964/2177/1713 1965/2180/1716 2641/2728/2174 2640/2581/2089
f 2649/2716/2162 2650/2589/2097 2200/2591/2099 2199/2717/2163
f 2640/2581/2089 2641/2728/2174 2205/2729/2175 2204/2584/2092
f 1965/2180/1716 1966/2183/1719 2642/2730/2176 2641/2728/2174
f 2641/2728/2174 2642/2730/2176 2206/2731/2177 2205/2729/2175
f 1966/2183/1719 1967/2186/1722 2643/2732/2178 2642/2730/2176
f 2642/2730/2176 2643/2732/2178 2207/2733/2179 2206/2731/2177
f 1967/2186/1722 1968/2189/1725 2644/2734/2180 2643/2732/2178
f 2643/2732/2178 2644/2734/2180 2208/2735/2181 2207/2733/2179
f 1968/2189/1725 1969/2192/1728 2645/2736/2182 2644/2734/2180
f 2644/2734/2180 2645/2736/2182 2209/2737/2183 2208/2735/2181
f 1969/2192/1728 1970/2195/1731 2646/2738/2184 2645/2736/2182
f 2645/2736/2182 2646/2738/2184 2210/2739/2185 2209/2737/2183
f 1970/2195/1731 1971/2198/1734 2647/2740/2186 2646/2738/2184
f 2646/2738/2184 2647/2740/2186 2211/2741/2187 2210/2739/2185
f 1971/2198/1734 1972/2201/1737 2654/2720/2166 2647/2740/2186
f 2647/2740/2186 2654/2720/2166 2212/2723/2169 2211/2741/2187
f 2075/2742/2188 2076/2743/2189 2516/2744/2190 2237/2745/2191
f 1996/2746/2192 1997/2566/2076 2354/2569/2079 2350/2747/2193
f 2354/2569/2079 2278/2568/2078 1799/2350/1874 1894/2552/2066
f 1995/2748/2194 1996/2746/2192 2350/2747/2193 2346/2749/2195
f 2350/2747/2193 2354/2569/2079 1894/2552/2066 1889/2545/2059
f 1994/2750/2196 1995/2748/2194 2346/2749/2195 2342/2751/2197
f 2346/2749/2195 2350/2747/2193 1889/2545/2059 1884/2537/2051
f 1993/2752/2198 1994/2750/2196 2342/2751/2197 2338/2753/2199
f 2342/2751/2197 2346/2749/2195 1884/2537/2051 1879/2510/2033
f 1992/2754/2200 1993/2755/2198 2338/2756/2199 2334/2757/2201
f 2338/2753/2199 2342/2751/2197 1879/2510/2033 1874/2509/2026
f 1991/2758/2202 1992/2754/2200 2334/2757/2201 2330/2759/2203
f 2334/2757/2201 2338/2756/2199 1874/2502/2026 1869/2497/2021
f 1990/2760/2204 1991/2758/2202 2330/2759/2203 2326/2761/2205
f 2330/2759/2203 2334/2757/2201 1869/2497/2021 1864/2487/2011
f 1989/2762/2206 1990/2760/2204 2326/2761/2205 2322/2763/2207
f 2326/2761/2205 2330/2759/2203 1864/2487/2011 1859/2472/1996
f 1988/2764/2208 1989/2762/2206 2322/2763/2207 2318/2765/2209
f 2322/2763/2207 2326/2761/2205 1859/2472/1996 1854/2462/1986
f 1987/2766/2210 1988/2764/2208 2318/2765/2209 2314/2767/2211
f 2318/2765/2209 2322/2763/2207 1854/2462/1986 1849/2457/1981
f 1986/2768/2212 1987/2766/2210 2314/2767/2211 2310/2769/2213
f 2314/2767/2211 2318/2765/2209 1849/2457/1981 1844/2447/1971
f 1985/2770/2214 1986/2768/2212 2310/2769/2213 2306/2771/2215
f 2310/2769/2213 2314/2767/2211 1844/2447/1971 1839/2432/1956
f 1984/2772/2216 1985/2770/2214 2306/2771/2215 2302/2773/2217
f 2306/2771/2215 2310/2769/2213 1839/2432/1956 1834/2425/1949
f 1983/2774/2218 1984/2772/2216 2302/2773/2217 2298/2775/2219
f 2302/2773/2217 2306/2771/2215 1834/2425/1949 1829/2417/1941
f 1982/2776/2220 1983/2774/2218 2298/2775/2219 2294/2777/2221
f 2298/2775/2219 2302/2773/2217 1829/2417/1941 1824/2399/1923
f 1981/2778/2222 1982/2776/2220 2294/2777/2221 2290/2779/2223
f 2294/2777/2221 2298/2775/2219 1824/2399/1923 1819/2392/1916
f 1980/2780/2224 1981/2778/2222 2290/2779/2223 2286/2781/2225
f 2290/2779/2223 2294/2777/2221 1819/2392/1916 1814/2387/1911
f 1979/2782/2226 1980/2780/2224 2286/2781/2225 2282/2783/2227
f 2286/2781/2225 2290/2779/2223 1814/2387/1911 1809/2377/1901
f 1978/2567/2077 1979/2782/2226 2282/2783/2227 2278/2568/2078
f 2282/2783/2227 2286/2781/2225 1809/2377/1901 1804/2351/1875
f 2017/2554/2068 1998/2357/1881 2281/2784/2228 2357/2785/2229
f 2278/2568/2078 2282/2783/2227 1804/2351/1875 1799/2350/1874
f 2016/2547/2061 2017/2554/2068 2357/2785/2229 2353/2786/2230
f 2357/2785/2229 2281/2784/2228 1802/2787/2231 1897/2788/2232
f 2015/2539/2053 2016/2547/2061 2353/2786/2230 2349/2789/2233
f 2353/2786/2230 2357/2785/2229 1897/2788/2232 1892/2790/2234
f 2014/2530/2045 2015/2539/2053 2349/2789/2233 2345/2791/2235
f 2349/2789/2233 2353/2786/2230 1892/2790/2234 1887/2792/2236
f 2013/2531/2028 2014/2530/2045 2345/2791/2235 2341/2793/2237
f 2345/2791/2235 2349/2789/2233 1887/2792/2236 1882/2794/2238
f 2012/2499/2023 2013/2504/2028 2341/2795/2237 2337/2796/2239
f 2341/2793/2237 2345/2791/2235 1882/2794/2238 1877/2797/2240
f 2011/2489/2013 2012/2499/2023 2337/2796/2239 2333/2798/2241
f 2337/2796/2239 2341/2795/2237 1877/2799/2240 1872/2800/2242
f 2010/2474/1998 2011/2489/2013 2333/2798/2241 2329/2801/2243
f 2333/2798/2241 2337/2796/2239 1872/2800/2242 1867/2802/2244
f 2009/2464/1988 2010/2474/1998 2329/2801/2243 2325/2803/2245
f 2329/2801/2243 2333/2798/2241 1867/2802/2244 1862/2804/2246
f 2008/2459/1983 2009/2464/1988 2325/2803/2245 2321/2805/2247
f 2325/2803/2245 2329/2801/2243 1862/2804/2246 1857/2806/2075
f 2007/2449/1973 2008/2459/1983 2321/2805/2247 2317/2807/2248
f 2321/2805/2247 2325/2803/2245 1857/2806/2075 1852/2808/2074
f 2006/2434/1958 2007/2449/1973 2317/2807/2248 2313/2809/2249
f 2317/2807/2248 2321/2805/2247 1852/2808/2074 1847/2810/2250
f 2005/2427/1951 2006/2434/1958 2313/2809/2249 2309/2811/2251
f 2313/2809/2249 2317/2807/2248 1847/2810/2250 1842/2812/2252
f 2004/2419/1943 2005/2427/1951 2309/2811/2251 2305/2813/2253
f 2309/2811/2251 2313/2809/2249 1842/2812/2252 1837/2814/2254
f 2003/2411/1935 2004/2419/1943 2305/2813/2253 2301/2815/2255
f 2305/2813/2253 2309/2811/2251 1837/2814/2254 1832/2816/2256
f 2002/2394/1918 2003/2411/1935 2301/2815/2255 2297/2817/2257
f 2301/2815/2255 2305/2813/2253 1832/2816/2256 1827/2818/2258
f 2001/2389/1913 2002/2394/1918 2297/2817/2257 2293/2819/2259
f 2297/2817/2257 2301/2815/2255 1827/2818/2258 1822/2820/2260
f 2000/2379/1903 2001/2389/1913 2293/2819/2259 2289/2821/2261
f 2293/2819/2259 2297/2817/2257 1822/2820/2260 1817/2822/2262
f 1999/2356/1880 2000/2379/1903 2289/2821/2261 2285/2823/2263
f 2289/2821/2261 2293/2819/2259 1817/2822/2262 1812/2824/2264
f 1998/2357/1881 1999/2356/1880 2285/2823/2263 2281/2784/2228
f 2285/2823/2263 2289/2821/2261 1812/2824/2264 1807/2825/2265
f 2037/2559/2073 2018/2371/1895 2420/2826/2266 2439/2827/2267
f 2281/2784/2228 2285/2823/2263 1807/2825/2265 1802/2787/2231
f 2036/2544/2058 2037/2559/2073 2439/2827/2267 2438/2828/2268
f 2439/2827/2267 2420/2826/2266 1978/2567/2077 1997/2566/2076
f 2035/2536/2050 2036/2544/2058 2438/2828/2268 2437/2829/2269
f 2438/2828/2268 2439/2827/2267 1997/2566/2076 1996/2746/2192
f 2034/2526/2042 2035/2536/2050 2437/2829/2269 2436/2830/2270
f 2437/2829/2269 2438/2828/2268 1996/2746/2192 1995/2748/2194
f 2033/2527/2035 2034/2526/2042 2436/2830/2270 2435/2831/2271
f 2436/2830/2270 2437/2829/2269 1995/2748/2194 1994/2750/2196
f 2032/2496/2020 2033/2513/2035 2435/2832/2271 2434/2833/2272
f 2435/2831/2271 2436/2830/2270 1994/2750/2196 1993/2752/2198
f 2031/2486/2010 2032/2496/2020 2434/2833/2272 2433/2834/2273
f 2434/2833/2272 2435/2832/2271 1993/2755/2198 1992/2754/2200
f 2030/2481/2005 2031/2486/2010 2433/2834/2273 2432/2835/2274
f 2433/2834/2273 2434/2833/2272 1992/2754/2200 1991/2758/2202
f 2029/2471/1995 2030/2481/2005 2432/2835/2274 2431/2836/2275
f 2432/2835/2274 2433/2834/2273 1991/2758/2202 1990/2760/2204
f 2028/2456/1980 2029/2471/1995 2431/2836/2275 2430/2837/2276
f 2431/2836/2275 2432/2835/2274 1990/2760/2204 1989/2762/2206
f 2027/2446/1970 2028/2456/1980 2430/2837/2276 2429/2838/2277
f 2430/2837/2276 2431/2836/2275 1989/2762/2206 1988/2764/2208
f 2026/2441/1965 2027/2446/1970 2429/2838/2277 2428/2839/2278
f 2429/2838/2277 2430/2837/2276 1988/2764/2208 1987/2766/2210
f 2025/2424/1948 2026/2441/1965 2428/2839/2278 2427/2840/2279
f 2428/2839/2278 2429/2838/2277 1987/2766/2210 1986/2768/2212
f 2024/2416/1940 2025/2424/1948 2427/2840/2279 2426/2841/2280
f 2427/2840/2279 2428/2839/2278 1986/2768/2212 1985/2770/2214
f 2023/2408/1932 2024/2416/1940 2426/2841/2280 2425/2842/2281
f 2426/2841/2280 2427/2840/2279 1985/2770/2214 1984/2772/2216
f 2022/2401/1925 2023/2408/1932 2425/2842/2281 2424/2843/2282
f 2425/2842/2281 2426/2841/2280 1984/2772/2216 1983/2774/2218
f 2021/2386/1910 2022/2401/1925 2424/2843/2282 2423/2844/2283
f 2424/2843/2282 2425/2842/2281 1983/2774/2218 1982/2776/2220
f 1882/2845/2238 2660/2565/249 1872/2846/2242 1877/2847/2240
f 2020/2376/1900 2021/2386/1910 2423/2844/2283 2422/2848/2284
f 2423/2844/2283 2424/2843/2282 1982/2776/2220 1981/2778/2222
f 1887/2849/2236 2660/2565/249 1882/2845/2238
f 1892/2850/2234 2660/2565/249 1887/2849/2236
f 2019/2370/1894 2020/2376/1900 2422/2848/2284 2421/2851/2285
f 2422/2848/2284 2423/2844/2283 1981/2778/2222 1980/2780/2224
f 1892/2850/2234 1897/2852/2232 2660/2565/249
f 1897/2852/2232 1802/2853/2231 2660/2565/249
f 2018/2371/1895 2019/2370/1894 2421/2851/2285 2420/2826/2266
f 2421/2851/2285 2422/2848/2284 1980/2780/2224 1979/2782/2226
f 1802/2853/2231 1807/2854/2265 2660/2565/249
f 1807/2854/2265 1812/2855/2264 2660/2565/249
f 1837/2856/2254 1842/2857/2252 2660/2565/249
f 2420/2826/2266 2421/2851/2285 1979/2782/2226 1978/2567/2077
f 1812/2855/2264 1817/2858/2262 2660/2565/249
f 2660/2565/249 1867/2859/2244 1872/2846/2242
f 2041/2860/2286 2545/2861/2287 2481/2862/2288 2043/2863/2289
f 2237/2745/2191 2516/2744/2190 1758/2229/1762 1777/2287/1817
f 2481/2862/2288 2545/2861/2287 2081/2864/2290 2083/2865/2291
f 2073/2866/2292 2075/2742/2188 2237/2745/2191 2236/2867/2293
f 2068/2868/2294 2070/2869/2295 2483/2870/2296 2544/2871/2297
f 2236/2867/2293 2237/2745/2191 1777/2287/1817 1776/2286/1814
f 2544/2871/2297 2483/2870/2296 2110/2872/2298 2108/2873/2299
f 2071/2874/2300 2073/2875/2292 2236/2876/2293 2235/2877/2301
f 2084/2878/2302 2541/2879/2303 2508/2880/2304 2086/2881/2305
f 2235/2877/2301 2236/2876/2293 1776/2281/1814 1775/2278/1811
f 2069/2882/2306 2071/2874/2300 2235/2877/2301 2234/2883/2307
f 2508/2880/2304 2541/2879/2303 2044/2884/2308 2046/2885/2309
f 2055/2886/2310 2543/2887/2311 2486/2888/2312 2057/2889/2313
f 2234/2883/2307 2235/2877/2301 1775/2278/1811 1774/2275/1808
f 2486/2888/2312 2543/2887/2311 2095/2890/2314 2097/2891/2315
f 2067/2722/2168 2069/2882/2306 2234/2883/2307 2233/2719/2165
f 2042/2892/2316 2044/2884/2308 2541/2879/2303 2542/2893/2317
f 2233/2719/2165 2234/2883/2307 1774/2275/1808 1773/2274/1807
f 2542/2893/2317 2541/2879/2303 2084/2878/2302 2082/2894/2318
f 2069/2882/2306 2540/2895/2319 2489/2896/2320 2071/2874/2300
f 2489/2896/2320 2540/2895/2319 2109/2897/2321 2111/2898/2322
f 2063/2899/2323 2065/2721/2167 2232/2718/2164 2231/2900/2324
f 2045/2726/2172 2538/2901/2325 2494/2902/2326 2047/2727/2173
f 2231/2900/2324 2232/2718/2164 1772/2269/1802 1771/2266/1799
f 2494/2902/2326 2538/2901/2325 2085/2903/2327 2087/2904/2328
f 2061/2905/2329 2063/2899/2323 2231/2900/2324 2230/2906/2330
f 2056/2907/2331 2058/2908/2332 2492/2909/2333 2539/2910/2334
f 2230/2906/2330 2231/2900/2324 1771/2266/1799 1770/2263/1796
f 2539/2910/2334 2492/2909/2333 2098/2911/2335 2096/2912/2336
f 2059/2913/2337 2061/2905/2329 2230/2906/2330 2229/2914/2338
f 2043/2863/2289 2481/2862/2288 2538/2901/2325 2045/2726/2172
f 2229/2914/2338 2230/2906/2330 1770/2263/1796 1769/2260/1793
f 2538/2901/2325 2481/2862/2288 2083/2865/2291 2085/2903/2327
f 2057/2889/2313 2059/2913/2337 2229/2914/2338 2228/2915/2339
f 2070/2869/2295 2072/2916/2340 2497/2917/2341 2483/2870/2296
f 2228/2915/2339 2229/2914/2338 1769/2260/1793 1768/2257/1790
f 2483/2870/2296 2497/2917/2341 2112/2918/2342 2110/2872/2298
f 2055/2886/2310 2057/2889/2313 2228/2915/2339 2227/2919/2343
f 2053/2920/2344 2055/2886/2310 2227/2919/2343 2226/2921/2345
f 2227/2919/2343 2228/2915/2339 1768/2257/1790 1767/2254/1787
f 2057/2889/2313 2486/2888/2312 2506/2922/2346 2059/2913/2337
f 2226/2921/2345 2227/2919/2343 1767/2254/1787 1766/2251/1784
f 2506/2922/2346 2486/2888/2312 2097/2891/2315 2099/2923/2347
f 2051/2924/2348 2053/2920/2344 2226/2921/2345 2225/2925/2349
f 2049/2926/2350 2051/2924/2348 2225/2925/2349 2224/2927/2351
f 2225/2925/2349 2226/2921/2345 1766/2251/1784 1765/2248/1781
f 2071/2874/2300 2489/2896/2320 2513/2928/2352 2073/2875/2292
f 2224/2927/2351 2225/2925/2349 1765/2248/1781 1764/2245/1778
f 2513/2928/2352 2489/2896/2320 2111/2898/2322 2113/2929/2353
f 2047/2727/2173 2049/2926/2350 2224/2927/2351 2223/2725/2171
f 2058/2908/2332 2060/2930/2354 2515/2931/2355 2492/2909/2333
f 2223/2725/2171 2224/2927/2351 1764/2245/1778 1763/2244/1777
f 2492/2909/2333 2515/2931/2355 2100/2932/2356 2098/2911/2335
f 2043/2863/2289 2045/2726/2172 2222/2724/2170 2221/2933/2357
f 2041/2860/2286 2043/2863/2289 2221/2933/2357 2220/2934/2358
f 2221/2933/2357 2222/2724/2170 1762/2239/1772 1761/2236/1769
f 2072/2935/2340 2074/2936/2359 2499/2937/2360 2497/2938/2341
f 2220/2934/2358 2221/2933/2357 1761/2236/1769 1760/2233/1766
f 2497/2938/2341 2499/2937/2360 2114/2939/2361 2112/2940/2342
f 2039/2941/2362 2041/2860/2286 2220/2934/2358 2219/2942/2363
f 2076/2743/2189 2039/2941/2362 2219/2942/2363 2516/2744/2190
f 2219/2942/2363 2220/2934/2358 1760/2233/1766 1759/2230/1763
f 2059/2913/2337 2506/2922/2346 2504/2943/2364 2061/2905/2329
f 2516/2744/2190 2219/2942/2363 1759/2230/1763 1758/2229/1762
f 2504/2943/2364 2506/2922/2346 2099/2923/2347 2101/2944/2365
f 2046/2885/2309 2048/2945/2366 2510/2946/2367 2508/2880/2304
f 2508/2880/2304 2510/2946/2367 2088/2947/2368 2086/2881/2305
f 2372/2620/2114 2373/2622/2115 1913/2625/1735 1912/2621/1732
f 2073/2866/2292 2513/2948/2352 2512/2949/2369 2075/2742/2188
f 2512/2949/2369 2513/2948/2352 2113/2950/2353 2115/2951/2370
f 2362/2600/2104 2363/2602/2105 1903/2605/1705 1902/2601/1702
f 2060/2930/2354 2062/2952/2371 2517/2953/2372 2515/2931/2355
f 2515/2931/2355 2517/2953/2372 2102/2954/2373 2100/2932/2356
f 2114/2955/2361 2117/2956/2374 2537/2957/1872 2536/2958/1873
f 2112/2959/2342 2114/2955/2361 2536/2958/1873 2535/2960/2375
f 2536/2958/1873 2537/2957/1872 2116/2961/2376 2115/2951/2377
f 2110/2962/2298 2112/2963/2342 2535/2964/2375 2534/2965/2083
f 2535/2960/2375 2536/2958/1873 2115/2951/2377 2113/2950/2378
f 2108/2966/2299 2110/2962/2298 2534/2965/2083 2533/2967/2379
f 2534/2965/2083 2535/2964/2375 2113/2929/2378 2111/2898/2380
f 2106/2968/2381 2108/2966/2299 2533/2967/2379 2532/2969/2382
f 2533/2967/2379 2534/2965/2083 2111/2898/2380 2109/2897/2383
f 2105/2970/2384 2531/2971/2385 2532/2969/2382 2107/2972/2386
f 2532/2969/2382 2533/2967/2379 2109/2897/2383 2107/2972/2386
f 2102/2973/2373 2104/2974/2387 2531/2971/2385 2530/2975/2388
f 2532/2969/2382 2531/2971/2385 2104/2974/2387 2106/2968/2381
f 2100/2976/2356 2102/2973/2373 2530/2975/2388 2529/2977/2184
f 2530/2975/2388 2531/2971/2385 2105/2970/2384 2103/2978/2389
f 2098/2979/2335 2100/2976/2356 2529/2977/2184 2528/2980/2182
f 2529/2977/2184 2530/2975/2388 2103/2978/2389 2101/2944/2390
f 2096/2981/2336 2098/2979/2335 2528/2980/2182 2527/2982/2180
f 2528/2980/2182 2529/2977/2184 2101/2944/2390 2099/2923/2391
f 2094/2983/2392 2096/2981/2336 2527/2982/2180 2526/2984/2178
f 2527/2982/2180 2528/2980/2182 2099/2923/2391 2097/2891/2393
f 2092/2985/2394 2094/2983/2392 2526/2984/2178 2525/2986/2176
f 2526/2984/2178 2527/2982/2180 2097/2891/2393 2095/2890/2395
f 2090/2987/2396 2092/2985/2394 2525/2986/2176 2524/2988/2397
f 2525/2986/2176 2526/2984/2178 2095/2890/2395 2093/2989/2398
f 2088/2990/2368 2090/2987/2396 2524/2988/2397 2523/2991/2399
f 2524/2988/2397 2525/2986/2176 2093/2989/2398 2091/2992/2400
f 2086/2993/2305 2088/2990/2368 2523/2991/2399 2522/2994/2090
f 2523/2991/2399 2524/2988/2397 2091/2992/2400 2089/2995/2401
f 2085/2903/2402 2521/2996/2094 2522/2994/2090 2087/2904/2403
f 2522/2994/2090 2523/2991/2399 2089/2995/2401 2087/2904/2403
f 2082/2997/2318 2084/2998/2302 2521/2996/2094 2520/2999/2404
f 2522/2994/2090 2521/2996/2094 2084/2998/2302 2086/2993/2305
f 2080/3000/2405 2082/2997/2318 2520/2999/2404 2519/3001/2406
f 2520/2999/2404 2521/2996/2094 2085/2903/2402 2083/2865/2407
f 2078/3002/2408 2080/3000/2405 2519/3001/2406 2518/3003/2162
f 2519/3001/2406 2520/2999/2404 2083/2865/2407 2081/2864/2409
f 2117/2956/2374 2078/3002/2408 2518/3003/2162 2537/2957/1872
f 2518/3003/2162 2519/3001/2406 2081/2864/2409 2079/3004/2410
f 2065/2721/2167 2514/3005/2411 2547/3006/2412 2067/2722/2168
f 2537/2957/1872 2518/3003/2162 2079/3004/2410 2116/2961/2376
f 2547/3006/2412 2514/3005/2411 2105/2970/2413 2107/2972/2414
f 2054/3007/2415 2056/2907/2331 2539/2910/2334 2546/3008/2416
f 2546/3008/2416 2539/2910/2334 2096/2912/2336 2094/3009/2392
f 2067/2722/2168 2547/3006/2412 2540/2895/2319 2069/2882/2306
f 2540/2895/2319 2547/3006/2412 2107/2972/2414 2109/2897/2321
f 2040/3010/2417 2042/2892/2316 2542/2893/2317 2548/3011/2418
f 2548/3011/2418 2542/2893/2317 2082/2894/2318 2080/3012/2405
f 2053/2920/2344 2549/3013/2419 2543/2887/2311 2055/2886/2310
f 2543/2887/2311 2549/3013/2419 2093/2989/2420 2095/2890/2314
f 2066/3014/2421 2068/2868/2294 2544/2871/2297 2550/3015/2422
f 2550/3015/2422 2544/2871/2297 2108/2873/2299 2106/3016/2381
f 2039/2941/2362 2551/3017/2423 2545/2861/2287 2041/2860/2286
f 2545/2861/2287 2551/3017/2423 2079/3004/2424 2081/2864/2290
f 2052/3018/2425 2054/3007/2415 2546/3008/2416 2552/3019/2426
f 2552/3019/2426 2546/3008/2416 2094/3009/2392 2092/3020/2394
f 2104/3021/2387 2501/3022/2427 2550/3015/2422 2106/3016/2381
f 2038/3023/2428 2040/3010/2417 2548/3011/2418 2553/3024/2429
f 2550/3015/2422 2501/3022/2427 2064/3025/2430 2066/3014/2421
f 2553/3024/2429 2548/3011/2418 2080/3012/2405 2078/3026/2408
f 2051/2924/2348 2554/3027/2431 2549/3013/2419 2053/2920/2344
f 2549/3013/2419 2554/3027/2431 2091/2992/2432 2093/2989/2420
f 2076/2743/2189 2555/3028/2433 2551/3017/2423 2039/2941/2362
f 2551/3017/2423 2555/3028/2433 2116/2961/2434 2079/3004/2424
f 2050/3029/2435 2052/3018/2425 2552/3019/2426 2556/3030/2436
f 2556/3030/2436 2552/3019/2426 2092/3020/2394 2090/3031/2396
f 2063/2899/2323 2557/3032/2437 2514/3005/2411 2065/2721/2167
f 2514/3005/2411 2557/3032/2437 2103/2978/2438 2105/2970/2413
f 2077/3033/2439 2038/3023/2428 2553/3024/2429 2558/3034/2440
f 2558/3034/2440 2553/3024/2429 2078/3026/2408 2117/3035/2374
f 2049/2926/2350 2559/3036/2441 2554/3027/2431 2051/2924/2348
f 2554/3027/2431 2559/3036/2441 2089/2995/2442 2091/2992/2432
f 2062/2952/2371 2064/3025/2430 2501/3022/2427 2517/2953/2372
f 2517/2953/2372 2501/3022/2427 2104/3021/2387 2102/2954/2373
f 2075/2742/2188 2512/2949/2369 2555/3028/2433 2076/2743/2189
f 2555/3028/2433 2512/2949/2369 2115/2951/2370 2116/2961/2434
f 2048/2945/2366 2050/3029/2435 2556/3030/2436 2510/2946/2367
f 2510/2946/2367 2556/3030/2436 2090/3031/2396 2088/2947/2368
f 2061/2905/2329 2504/2943/2364 2557/3032/2437 2063/2899/2323
f 2557/3032/2437 2504/2943/2364 2101/2944/2365 2103/2978/2438
f 2074/2936/2359 2077/3033/2439 2558/3034/2440 2499/2937/2360
f 2499/2937/2360 2558/3034/2440 2117/3035/2374 2114/2939/2361
f 2047/2727/2173 2494/2902/2326 2559/3036/2441 2049/2926/2350
f 2559/3036/2441 2494/2902/2326 2087/2904/2328 2089/2995/2442
f 2122/3037/2443 2572/3038/2444 2634/3039/2445 2125/3040/2446
f 2634/3039/2445 2572/3038/2444 2162/3041/2447 2165/3042/2448
f 2132/3043/2449 2598/3044/2450 2572/3038/2444 2122/3037/2443
f 2572/3038/2444 2598/3044/2450 2172/3045/2451 2162/3041/2447
f 2155/2339/1866 2149/2327/1854 2633/3046/2452 2597/3047/2453
f 2597/3047/2453 2633/3046/2452 2189/3048/2454 2195/3049/2455
f 2144/3050/2456 2140/3051/2457 2580/3052/2458 2583/3053/2459
f 2140/3051/2457 2631/3054/2460 2632/3055/2461 2136/3056/2462
f 2583/3053/2459 2580/3052/2458 1752/3057/2463 1753/3058/2464
f 2632/3055/2461 2631/3054/2460 2180/3059/2465 2176/3060/2466
f 1755/3061/2467 1756/3062/2468 2263/3063/2469 2594/3064/2470
f 2594/3064/2470 2263/3063/2469 2129/3065/2471 2156/3066/2472
f 2127/2297/1824 2128/2300/1827 2629/3067/2473 2630/3068/2474
f 2630/3068/2474 2629/3067/2473 2168/3069/2475 2167/3070/2476
f 1740/3071/2477 1741/3072/2478 2261/3073/2479 2592/3074/2480
f 2592/3074/2480 2261/3073/2479 2125/3040/2446 2154/3075/2481
f 2154/3075/2481 2627/3076/2482 2628/3077/2483 2148/3078/2484
f 2628/3077/2483 2627/3076/2482 2194/3079/2485 2188/3080/2486
f 1747/3081/2487 1748/3082/2488 2259/3083/2489 2591/3084/2490
f 2591/3084/2490 2259/3083/2489 2121/3085/2491 2152/3086/2492
f 1754/3087/2493 1755/3061/2467 2594/3064/2470 2589/3088/2494
f 2589/3088/2494 2594/3064/2470 2156/3066/2472 2150/3089/2495
f 2143/2321/1848 2139/2312/1839 2626/3090/2496 2595/3091/2497
f 2595/3091/2497 2626/3090/2496 2179/3092/2498 2183/3093/2499
f 1739/3094/2500 1740/3071/2477 2592/3074/2480 2587/3095/2501
f 2587/3095/2501 2592/3074/2480 2154/3075/2481 2148/3078/2484
f 2157/2342/1869 2151/2330/1857 2624/3096/2502 2625/3097/2503
f 2625/3097/2503 2624/3096/2502 2191/3098/2504 2197/3099/2505
f 1746/3100/2506 1747/3081/2487 2591/3084/2490 2585/3101/2507
f 2585/3101/2507 2591/3084/2490 2152/3086/2492 2146/3102/2508
f 2126/3103/2509 2622/3104/2510 2623/3105/2511 2129/3106/2471
f 2623/3105/2511 2622/3104/2510 2166/3107/2512 2169/3108/2513
f 1753/3058/2464 1754/3087/2493 2589/3088/2494 2583/3053/2459
f 2583/3053/2459 2589/3088/2494 2150/3089/2495 2144/3050/2456
f 2144/3050/2456 2584/3109/2514 2631/3054/2460 2140/3051/2457
f 2631/3054/2460 2584/3109/2514 2184/3110/2515 2180/3059/2465
f 1738/3111/2516 1739/3094/2500 2587/3095/2501 2574/3112/2517
f 2574/3112/2517 2587/3095/2501 2148/3078/2484 2134/3113/2518
f 2142/3114/2519 2619/3115/2520 2620/3116/2521 2138/3117/2522
f 2620/3116/2521 2619/3115/2520 2182/3118/2523 2178/3119/2524
f 1745/3120/2525 1746/3100/2506 2585/3101/2507 2582/3121/2526
f 2582/3121/2526 2585/3101/2507 2146/3102/2508 2142/3114/2519
f 2156/3066/2472 2563/3122/2527 2561/3123/2528 2150/3089/2495
f 2561/3123/2528 2563/3122/2527 2196/3124/2529 2190/3125/2530
f 2131/2303/1830 2119/2219/1752 2567/3126/2531 2565/3127/2532
f 2565/3127/2532 2567/3126/2531 2159/3128/2533 2171/3129/2534
f 1744/3130/2535 1745/3120/2525 2582/3121/2526 2578/3131/2536
f 2578/3131/2536 2582/3121/2526 2142/3114/2519 2138/3117/2522
f 1751/3132/2537 1752/3057/2463 2580/3052/2458 2576/3133/2538
f 2576/3133/2538 2580/3052/2458 2140/3051/2457 2136/3056/2462
f 1743/3134/2539 1744/3130/2535 2578/3131/2536 2573/3135/2540
f 2573/3135/2540 2578/3131/2536 2138/3117/2522 2132/3043/2449
f 2120/2222/1755 2153/2336/1863 2577/3136/2541 2575/3137/2542
f 2575/3137/2542 2577/3136/2541 2193/3138/2543 2160/3139/2544
f 1750/3140/2545 1751/3132/2537 2576/3133/2538 2571/3141/2546
f 2571/3141/2546 2576/3133/2538 2136/3056/2462 2130/3142/2547
f 2130/3142/2547 2581/3143/2548 2579/3144/2549 2118/3145/2550
f 2579/3144/2549 2581/3143/2548 2170/3146/2551 2158/3147/2552
f 1757/3148/2553 1738/3111/2516 2574/3112/2517 2568/3149/2554
f 2568/3149/2554 2574/3112/2517 2134/3113/2518 2126/3103/2509
f 2121/3085/2491 2588/3150/2555 2586/3151/2556 2152/3086/2492
f 2586/3151/2556 2588/3150/2555 2161/3152/2557 2192/3153/2558
f 1749/3154/2559 1750/3140/2545 2571/3141/2546 2560/3155/2560
f 2560/3155/2560 2571/3141/2546 2130/3142/2547 2118/3145/2550
f 1756/3156/2468 1757/3148/2553 2568/3149/2554 2263/3157/2469
f 2263/3157/2469 2568/3149/2554 2126/3103/2509 2129/3106/2471
f 2147/2324/1851 2143/2321/1848 2595/3091/2497 2593/3158/2561
f 2593/3158/2561 2595/3091/2497 2183/3093/2499 2187/3159/2562
f 1741/3072/2478 1742/3160/2563 2564/3161/2564 2261/3073/2479
f 2261/3073/2479 2564/3161/2564 2122/3037/2443 2125/3040/2446
f 2124/2294/1821 2155/2339/1866 2597/3047/2453 2596/3162/2565
f 2596/3162/2565 2597/3047/2453 2195/3049/2455 2164/3163/2566
f 1748/3082/2488 1749/3154/2559 2560/3155/2560 2259/3083/2489
f 2259/3083/2489 2560/3155/2560 2118/3145/2550 2121/3085/2491
f 2132/3043/2449 2122/3037/2443 2564/3161/2564 2573/3135/2540
f 2133/2315/1842 2123/2291/1818 2621/3164/2567 2590/3165/2568
f 2573/3135/2540 2564/3161/2564 1742/3160/2563 1743/3134/2539
f 2590/3165/2568 2621/3164/2567 2163/3166/2569 2173/3167/2570
f 2172/3168/2451 2606/3169/2090 2601/3170/2094 2162/3171/2447
f 2601/3170/2094 2606/3169/2090 2173/3172/2570 2163/3173/2569
f 2184/3174/2515 2612/3175/2382 2610/3176/2385 2180/3177/2465
f 2610/3176/2385 2612/3175/2382 2185/3178/2571 2181/3179/2572
f 2169/3180/2513 2604/3181/2375 2618/3182/2083 2196/3183/2529
f 2618/3182/2083 2604/3181/2375 2168/3184/2475 2197/3185/2505
f 2165/3186/2448 2602/3187/2096 2617/3188/2097 2194/3189/2485
f 2617/3188/2097 2602/3187/2096 2164/3190/2566 2195/3191/2455
f 2161/3192/2557 2600/3193/2180 2616/3194/2178 2192/3195/2558
f 2616/3194/2178 2600/3193/2180 2160/3196/2544 2193/3197/2543
f 2196/3183/2529 2618/3182/2083 2615/3198/2379 2190/3199/2530
f 2615/3198/2379 2618/3182/2083 2197/3185/2505 2191/3200/2504
f 2194/3189/2485 2617/3188/2097 2614/3201/2162 2188/3202/2486
f 2614/3201/2162 2617/3188/2097 2195/3191/2455 2189/3203/2454
f 2192/3195/2558 2616/3194/2178 2613/3204/2176 2186/3205/2573
f 2613/3204/2176 2616/3194/2178 2193/3197/2543 2187/3206/2562
f 2190/3199/2530 2615/3198/2379 2612/3175/2382 2184/3174/2515
f 2612/3175/2382 2615/3198/2379 2191/3200/2504 2185/3178/2571
f 2188/3202/2486 2614/3201/2162 2607/3207/1872 2174/3208/2574
f 2607/3207/1872 2614/3201/2162 2189/3203/2454 2175/3209/2575
f 2186/3205/2573 2613/3204/2176 2611/3210/2174 2182/3211/2523
f 2611/3210/2174 2613/3204/2176 2187/3206/2562 2183/3212/2499
f 2182/3211/2523 2611/3210/2174 2609/3213/2399 2178/3214/2524
f 2609/3213/2399 2611/3210/2174 2183/3212/2499 2179/3215/2498
f 2180/3177/2465 2610/3176/2385 2608/3216/2388 2176/3217/2466
f 2608/3216/2388 2610/3176/2385 2181/3179/2572 2177/3218/2576
f 2178/3214/2524 2609/3213/2399 2606/3169/2090 2172/3168/2451
f 2606/3169/2090 2609/3213/2399 2179/3215/2498 2173/3172/2570
f 2176/3217/2466 2608/3216/2388 2605/3219/2184 2170/3220/2551
f 2605/3219/2184 2608/3216/2388 2177/3218/2576 2171/3221/2534
f 2174/3208/2574 2607/3207/1872 2603/3222/1873 2166/3223/2512
f 2603/3222/1873 2607/3207/1872 2175/3209/2575 2167/3224/2476
f 2170/3220/2551 2605/3219/2184 2599/3225/2182 2158/3226/2552
f 2599/3225/2182 2605/3219/2184 2171/3221/2534 2159/3227/2533
f 2166/3223/2512 2603/3222/1873 2604/3181/2375 2169/3180/2513
f 2604/3181/2375 2603/3222/1873 2167/3224/2476 2168/3184/2475
f 2162/3171/2447 2601/3170/2094 2602/3187/2096 2165/3186/2448
f 2602/3187/2096 2601/3170/2094 2163/3173/2569 2164/3190/2566
f 2158/3226/2552 2599/3225/2182 2600/3193/2180 2161/3192/2557
f 2600/3193/2180 2599/3225/2182 2159/3227/2533 2160/3196/2544
f 2141/2318/1845 2137/2309/1836 2635/3228/2577 2636/3229/2578
f 2636/3229/2578 2635/3228/2577 2177/3230/2576 2181/3231/2572
f 2185/3232/2571 2569/3233/2579 2636/3229/2578 2181/3231/2572
f 2152/3086/2492 2586/3151/2556 2637/3234/2580 2146/3102/2508
f 2636/3229/2578 2569/3233/2579 2145/2333/1860 2141/2318/1845
f 2637/3234/2580 2586/3151/2556 2192/3153/2558 2186/3235/2573
f 2123/2291/1818 2124/2294/1821 2596/3162/2565 2621/3164/2567
f 2621/3164/2567 2596/3162/2565 2164/3163/2566 2163/3166/2569
f 2138/3117/2522 2620/3116/2521 2598/3044/2450 2132/3043/2449
f 2598/3044/2450 2620/3116/2521 2178/3119/2524 2172/3045/2451
f 2153/2336/1863 2147/2324/1851 2593/3158/2561 2577/3136/2541
f 2577/3136/2541 2593/3158/2561 2187/3159/2562 2193/3138/2543
f 2118/3145/2550 2579/3144/2549 2588/3150/2555 2121/3085/2491
f 2588/3150/2555 2579/3144/2549 2158/3147/2552 2161/3152/2557
f 2139/2312/1839 2133/2315/1842 2590/3165/2568 2626/3090/2496
f 2626/3090/2496 2590/3165/2568 2173/3167/2570 2179/3092/2498
f 2150/3089/2495 2561/3123/2528 2584/3109/2514 2144/3050/2456
f 2584/3109/2514 2561/3123/2528 2190/3125/2530 2184/3110/2515
f 2119/2219/1752 2120/2222/1755 2575/3137/2542 2567/3126/2531
f 2567/3126/2531 2575/3137/2542 2160/3139/2544 2159/3128/2533
f 2136/3056/2462 2632/3055/2461 2581/3143/2548 2130/3142/2547
f 2581/3143/2548 2632/3055/2461 2176/3060/2466 2170/3146/2551
f 2151/2330/1857 2145/2333/1860 2569/3233/2579 2624/3096/2502
f 2624/3096/2502 2569/3233/2579 2185/3232/2571 2191/3098/2504
f 2137/2309/1836 2131/2303/1830 2565/3127/2532 2635/3228/2577
f 2635/3228/2577 2565/3127/2532 2171/3129/2534 2177/3230/2576
f 2129/3065/2471 2623/3236/2511 2563/3122/2527 2156/3066/2472
f 2563/3122/2527 2623/3236/2511 2169/3237/2513 2196/3124/2529
f 2148/3078/2484 2628/3077/2483 2638/3238/2581 2134/3113/2518
f 2638/3238/2581 2628/3077/2483 2188/3080/2486 2174/3239/2574
f 2134/3113/2518 2638/3238/2581 2622/3104/2510 2126/3103/2509
f 2622/3104/2510 2638/3238/2581 2174/3239/2574 2166/3107/2512
f 2128/2345/1827 2157/2342/1869 2625/3097/2503 2629/3240/2473
f 2629/3240/2473 2625/3097/2503 2197/3099/2505 2168/3241/2475
f 2149/2327/1854 2135/2306/1833 2639/3242/2582 2633/3046/2452
f 2633/3046/2452 2639/3242/2582 2175/3243/2575 2189/3048/2454
f 2135/2306/1833 2127/2297/1824 2630/3068/2474 2639/3242/2582
f 2639/3242/2582 2630/3068/2474 2167/3070/2476 2175/3243/2575
f 2125/3040/2446 2634/3039/2445 2627/3076/2482 2154/3075/2481
f 2627/3076/2482 2634/3039/2445 2165/3042/2448 2194/3079/2485
f 2146/3102/2508 2637/3234/2580 2619/3115/2520 2142/3114/2519
f 2619/3115/2520 2637/3234/2580 2186/3235/2573 2182/3118/2523
f 2217/2572/2082 2198/2571/2081 2648/3244/2583 2511/3245/2584
f 2216/2575/2084 2217/2572/2082 2511/3245/2584 2509/3246/2585
f 2511/3245/2584 2648/3244/2583 2077/3033/2439 2074/2936/2359
f 2215/2578/2086 2216/2577/2084 2509/3247/2585 2507/3248/2586
f 2509/3246/2585 2511/3245/2584 2074/2936/2359 2072/2935/2340
f 2214/2580/2088 2215/2578/2086 2507/3248/2586 2505/3249/2587
f 2507/3248/2586 2509/3247/2585 2072/2916/2340 2070/2869/2295
f 2213/2583/2091 2214/2580/2088 2505/3249/2587 2503/3250/2588
f 2505/3249/2587 2507/3248/2586 2070/2869/2295 2068/2868/2294
f 2064/3025/2430 2502/3251/2589 2503/3250/2588 2066/3014/2421
f 2503/3250/2588 2505/3249/2587 2068/2868/2294 2066/3014/2421
f 2211/2741/2187 2212/2723/2169 2502/3251/2589 2500/3252/2590
f 2503/3250/2588 2502/3251/2589 2212/2723/2169 2213/2583/2091
f 2210/2739/2185 2211/2741/2187 2500/3252/2590 2498/3253/2591
f 2500/3252/2590 2502/3251/2589 2064/3025/2430 2062/2952/2371
f 2209/2737/2183 2210/2739/2185 2498/3253/2591 2496/3254/2592
f 2498/3253/2591 2500/3252/2590 2062/2952/2371 2060/2930/2354
f 2208/2735/2181 2209/2737/2183 2496/3254/2592 2495/3255/2593
f 2496/3254/2592 2498/3253/2591 2060/2930/2354 2058/2908/2332
f 2207/2733/2179 2208/2735/2181 2495/3255/2593 2493/3256/2594
f 2495/3255/2593 2496/3254/2592 2058/2908/2332 2056/2907/2331
f 2206/2731/2177 2207/2733/2179 2493/3256/2594 2491/3257/2595
f 2493/3256/2594 2495/3255/2593 2056/2907/2331 2054/3007/2415
f 2205/2729/2175 2206/2731/2177 2491/3257/2595 2490/3258/2596
f 2491/3257/2595 2493/3256/2594 2054/3007/2415 2052/3018/2425
f 2204/2584/2092 2205/2729/2175 2490/3258/2596 2488/3259/2597
f 2490/3258/2596 2491/3257/2595 2052/3018/2425 2050/3029/2435
f 2203/2585/2093 2204/2584/2092 2488/3259/2597 2487/3260/2598
f 2488/3259/2597 2490/3258/2596 2050/3029/2435 2048/2945/2366
f 2044/2884/2308 2485/3261/2599 2487/3260/2598 2046/2885/2309
f 2487/3260/2598 2488/3259/2597 2048/2945/2366 2046/2885/2309
f 2201/2590/2098 2202/2587/2095 2485/3261/2599 2484/3262/2600
f 2487/3260/2598 2485/3261/2599 2202/2587/2095 2203/2585/2093
f 2200/2591/2099 2201/2590/2098 2484/3262/2600 2482/3263/2601
f 2484/3262/2600 2485/3261/2599 2044/2884/2308 2042/2892/2316
f 2199/2717/2163 2200/2591/2099 2482/3263/2601 2480/3264/2602
f 2482/3263/2601 2484/3262/2600 2042/2892/2316 2040/3010/2417
f 2198/2571/2081 2199/2717/2163 2480/3264/2602 2648/3244/2583
f 2480/3264/2602 2482/3263/2601 2040/3010/2417 2038/3023/2428
f 2648/3244/2583 2480/3264/2602 2038/3023/2428 2077/3033/2439
f 1801/2367/1891 1806/2366/1890 2441/2355/1879 2440/2354/1878
f 1867/2859/2244 2660/2565/249 1862/3265/2246
f 2660/2565/249 1842/2857/2252 1847/3266/2250
f 1862/3265/2246 2660/2565/249 1857/2564/2075
f 1847/3266/2250 1852/2563/2074 2660/2565/249
f 2660/2565/249 1817/2858/2262 1822/3267/2260
f 1822/3267/2260 1827/3268/2258 2660/2565/249
f 1827/3268/2258 1832/3269/2256 2660/2565/249
f 1832/3269/2256 1837/2856/2254 2660/2565/249
f 1878/3270/2038 1873/3271/2031 2661/2562/585
f 1833/3272/1944 1828/3273/1936 2661/2562/585
f 1813/3274/1906 1808/3275/1896 2661/2562/585
f 1848/3276/1976 2661/2562/585 1853/3277/1991
f 2661/2562/585 1873/3271/2031 1868/3278/2016
f 1853/3277/1991 2661/2562/585 1858/2561/2001
f 1868/3278/2016 1863/2560/2006 2661/2562/585
f 2661/2562/585 1798/3279/1889 1893/3280/2071
f 1893/3280/2071 1888/3281/2054 2661/2562/585
f 1888/3281/2054 1883/3282/2046 2661/2562/585
f 1883/3282/2046 1878/3270/2038 2661/2562/585
f 1828/3273/1936 1823/3283/1928 2661/2562/585
f 2661/2562/585 1848/3276/1976 1843/3284/1966
f 1843/3284/1966 1838/3285/1961 2661/2562/585
f 1838/3285/1961 1833/3272/1944 2661/2562/585
f 1808/3275/1896 1803/3286/1886 2661/2562/585
f 1803/3286/1886 1798/3279/1889 2661/2562/585
f 2661/2562/585 1823/3283/1928 1818/3287/1921
f 1813/3274/1906 2661/2562/585 1818/3287/1921
f 1898/2159/1695 2400/2158/1694 2218/2160/1696 1899/2216/1750
f 1778/2714/249 1938/2635/2122 1939/2638/2125 1779/2678/249
f 2668/3288/2603 2670/3289/2604 2372/2620/2114 2371/2618/2113
f 2677/3290/2605 2672/3291/2606 2377/2630/2119 2376/2628/2118
f 2676/3292/2607 2666/3293/2608 2362/2600/2104 2361/2598/2103
f 2681/2634/2121 2667/2633/2120 2367/2610/2109 2366/2608/2108
f 2378/2632/585 2679/3294/2609 2672/3291/2606
f 2378/2632/585 2677/3290/2605 2674/3295/2610
f 2671/3296/2611 2378/2632/585 2674/3295/2610
f 2378/2632/585 2671/3296/2611 2669/3297/2612
f 2378/2632/585 2668/3288/2603 2680/3298/2613
f 2378/2632/585 2680/3298/2613 2663/3299/2614
f 2378/2632/585 2663/3299/2614 2664/3300/2615
f 2378/2632/585 2664/3300/2615 2667/2633/2120
f 2678/3301/2616 2378/2632/585 2681/2634/2121
f 2378/2632/585 2678/3301/2616 2675/3302/2617
f 2378/2632/585 2675/3302/2617 2662/3303/2618
f 2378/2632/585 2676/3292/2607 2673/3304/2619
f 2378/2632/585 2662/3303/2618 2666/3293/2608
f 2378/2632/585 2673/3304/2619 2665/3305/2620
f 2378/2632/585 2665/3305/2620 2679/3294/2609
f 2358/2592/2100 2679/3294/2609 2665/3305/2620 2359/2593/2101
f 2359/2593/2101 2665/3305/2620 2673/3304/2619 2360/2596/2102
f 2362/2600/2104 2666/3293/2608 2662/3303/2618 2363/2602/2105
f 2360/2596/2102 2673/3304/2619 2676/3292/2607 2361/2598/2103
f 2363/2602/2105 2662/3303/2618 2675/3302/2617 2364/2603/2106
f 2364/2603/2106 2675/3302/2617 2678/3301/2616 2365/2606/2107
f 2365/2606/2107 2678/3301/2616 2681/2634/2121 2366/2608/2108
f 2367/2610/2109 2667/2633/2120 2664/3300/2615 2368/2612/2110
f 2368/2612/2110 2664/3300/2615 2663/3299/2614 2369/2614/2111
f 2369/2614/2111 2663/3299/2614 2680/3298/2613 2370/2616/2112
f 2370/2616/2112 2680/3298/2613 2668/3288/2603 2371/2618/2113
f 2373/2622/2115 2669/3297/2612 2671/3296/2611 2374/2623/2116
f 2374/2623/2116 2671/3296/2611 2674/3295/2610 2375/2626/2117
f 2375/2626/2117 2674/3295/2610 2677/3290/2605 2376/2628/2118
f 2377/2630/2119 2672/3291/2606 2679/3294/2609 2358/2592/2100
f 2372/2620/2114 2670/3289/2604 2669/3297/2612 2373/2622/2115
f 2378/2632/585 2666/3293/2608 2676/3292/2607
f 2378/2632/585 2672/3291/2606 2677/3290/2605
f 2378/2632/585 2670/3289/2604 2668/3288/2603
f 2378/2632/585 2669/3297/2612 2670/3289/2604
f 2708/3306/2621 3069/3307/2622 3632/3308/2623 3089/3309/2624
f 3069/3307/2622 2687/3310/2625 3041/3311/2626 3632/3308/2623
f 3632/3308/2623 3041/3311/2626 2691/3312/2627 3071/3313/2628
f 3089/3309/2624 3632/3308/2623 3071/3313/2628 2710/3314/2629
f 3030/3315/2630 2688/3316/2631 3039/3317/2632 3633/3318/2633
f 3633/3318/2633 3039/3317/2632 2692/3319/2634 3038/3320/2635
f 2706/3321/2636 3067/3322/2637 3634/3323/2638 3088/3324/2639
f 3067/3322/2637 2682/3325/2640 3031/3326/2641 3634/3323/2638
f 3634/3323/2638 3031/3326/2641 2687/3310/2625 3069/3307/2622
f 3088/3324/2639 3634/3323/2638 3069/3307/2622 2708/3306/2621
f 2718/3327/2642 3090/3328/2643 3635/3329/2644 3114/3330/2645
f 3090/3328/2643 2684/3331/2646 3033/3332/2647 3635/3329/2644
f 3635/3329/2644 3033/3332/2647 2686/3333/2648 3092/3334/2649
f 3114/3330/2645 3635/3329/2644 3092/3334/2649 2720/3335/2650
f 3026/3336/2651 2685/3337/2652 3034/3338/2653 3636/3339/2654
f 3636/3339/2654 3034/3338/2653 2688/3316/2631 3030/3315/2630
f 2781/3340/2655 3024/3341/2656 3637/3342/2657 3218/3343/2658
f 3024/3341/2656 2683/3344/2659 3032/3345/2660 3637/3342/2657
f 3637/3342/2657 3032/3345/2660 2689/3346/2661 3028/3347/2662
f 3218/3343/2658 3637/3342/2657 3028/3347/2662 2783/3348/2663
f 2785/3349/2664 3036/3350/2665 3638/3351/2666 3217/3352/2667
f 3036/3350/2665 2693/3353/2668 3047/3354/2669 3638/3351/2666
f 3638/3351/2666 3047/3354/2669 2697/3355/2670 3044/3356/2671
f 3217/3352/2667 3638/3351/2666 3044/3356/2671 2787/3357/2672
f 2720/3335/2650 3092/3334/2649 3639/3358/2673 3111/3359/2674
f 3092/3334/2649 2686/3333/2648 3040/3360/2675 3639/3358/2673
f 3639/3358/2673 3040/3360/2675 2690/3361/2676 3094/3362/2677
f 3111/3359/2674 3639/3358/2673 3094/3362/2677 2722/3363/2678
f 2783/3348/2663 3028/3347/2662 3640/3364/2679 3216/3365/2680
f 3028/3347/2662 2689/3346/2661 3042/3366/2681 3640/3364/2679
f 3640/3364/2679 3042/3366/2681 2693/3353/2668 3036/3350/2665
f 3216/3365/2680 3640/3364/2679 3036/3350/2665 2785/3349/2664
f 3038/3320/2635 2692/3319/2634 3048/3367/2682 3641/3368/2683
f 3641/3368/2683 3048/3367/2682 2696/3369/2684 3046/3370/2685
f 2710/3314/2629 3071/3313/2628 3642/3371/2686 3087/3372/2687
f 3071/3313/2628 2691/3312/2627 3050/3373/2688 3642/3371/2686
f 3642/3371/2686 3050/3373/2688 2695/3374/2689 3073/3375/2690
f 3087/3372/2687 3642/3371/2686 3073/3375/2690 2712/3376/2691
f 2722/3363/2678 3094/3362/2677 3643/3377/2692 3109/3378/2693
f 3094/3362/2677 2690/3361/2676 3049/3379/2694 3643/3377/2692
f 3643/3377/2692 3049/3379/2694 2694/3380/2695 3096/3381/2696
f 3109/3378/2693 3643/3377/2692 3096/3381/2696 2724/3382/2697
f 2811/3383/2698 3265/3384/2699 3644/3385/2700 3086/3386/2701
f 3265/3384/2699 2808/3387/2702 3065/3388/2703 3644/3385/2700
f 3644/3385/2700 3065/3388/2703 2703/3389/2704 3077/3390/2705
f 3086/3386/2701 3644/3385/2700 3077/3390/2705 2716/3391/2706
f 3264/3392/2707 2806/3393/2708 3063/3394/2709 3645/3395/2710
f 3645/3395/2710 3063/3394/2709 2704/3396/2711 3062/3397/2712
f 2787/3357/2672 3044/3356/2671 3646/3398/2713 3215/3399/2667
f 3044/3356/2671 2697/3355/2670 3055/3400/2714 3646/3398/2713
f 3646/3398/2713 3055/3400/2714 2701/3401/2715 3052/3402/2716
f 3215/3399/2667 3646/3398/2713 3052/3402/2716 2789/3403/2717
f 3046/3370/2685 2696/3369/2684 3056/3404/2718 3647/3405/2719
f 3647/3405/2719 3056/3404/2718 2700/3406/2720 3054/3407/2721
f 2712/3376/2691 3073/3375/2690 3648/3408/2722 3085/3409/2723
f 3073/3375/2690 2695/3374/2689 3058/3410/2724 3648/3408/2722
f 3648/3408/2722 3058/3410/2724 2699/3411/2725 3075/3412/2726
f 3085/3409/2723 3648/3408/2722 3075/3412/2726 2714/3413/2727
f 2724/3382/2697 3096/3381/2696 3649/3414/2728 3107/3415/2729
f 3096/3381/2696 2694/3380/2695 3057/3416/2730 3649/3414/2728
f 3649/3414/2728 3057/3416/2730 2698/3417/2731 3098/3418/2732
f 3107/3415/2729 3649/3414/2728 3098/3418/2732 2726/3419/2733
f 3211/3420/2734 3241/3421/2735 2804/3422/2736 2791/3423/2737
f 3650/3424/2738 3062/3425/2712 2704/3426/2711 3101/3427/2739
f 3106/3428/2740 3650/3424/2738 3101/3427/2739 2729/3429/2741
f 2813/3430/2742 3263/3431/2743 3651/3432/2744 3105/3433/2745
f 3263/3431/2743 2807/3434/2746 3245/3435/2747 3651/3432/2744
f 3651/3432/2744 3245/3435/2747 2702/3436/2748 3100/3437/2749
f 3105/3433/2745 3651/3432/2744 3100/3437/2749 2728/3438/2750
f 2815/3439/2751 3262/3440/2752 3652/3441/2753 3214/3442/2754
f 3262/3440/2752 2809/3443/2755 3247/3444/2756 3652/3441/2753
f 3652/3441/2753 3247/3444/2756 2705/3445/2757 3060/3446/2758
f 3214/3442/2754 3652/3441/2753 3060/3446/2758 2791/3447/2737
f 2713/3448/2759 3046/3370/2685 3647/3405/2719 3083/3449/2760
f 3102/3450/2761 3650/3424/2738 3106/3428/2740 2730/3451/2762
f 2697/3452/2670 3045/3453/2763 3653/3454/2764 3055/3455/2714
f 3055/3455/2714 3653/3454/2764 3053/3456/2765 2701/3457/2715
f 3647/3405/2719 3054/3407/2721 2715/3458/2766 3083/3449/2760
f 2810/3459/2767 3264/3392/2707 3645/3395/2710 3082/3460/2768
f 3645/3395/2710 3062/3397/2712 2717/3461/2769 3082/3460/2768
f 2711/3462/2770 3038/3320/2635 3641/3368/2683 3081/3463/2771
f 2809/3464/2755 3261/3465/2772 3654/3466/2773 3247/3467/2756
f 3247/3467/2756 3654/3466/2773 3061/3468/2774 2705/3469/2757
f 2693/3470/2668 3037/3471/2775 3655/3472/2776 3047/3473/2669
f 3047/3473/2669 3655/3472/2776 3045/3453/2763 2697/3452/2670
f 3641/3368/2683 3046/3370/2685 2713/3448/2759 3081/3463/2771
f 2707/3474/2777 3026/3336/2651 3636/3339/2654 3080/3475/2778
f 3636/3339/2654 3030/3315/2630 2709/3476/2779 3080/3475/2778
f 2709/3476/2779 3030/3315/2630 3633/3318/2633 3079/3477/2780
f 2683/3478/2659 3025/3479/2781 3656/3480/2782 3032/3481/2660
f 3032/3481/2660 3656/3480/2782 3029/3482/2783 2689/3483/2661
f 3633/3318/2633 3038/3320/2635 2711/3462/2770 3079/3477/2780
f 3045/3453/2763 2712/3376/2691 3085/3409/2723 3653/3454/2764
f 2689/3483/2661 3029/3482/2783 3657/3484/2784 3042/3485/2681
f 3042/3485/2681 3657/3484/2784 3037/3471/2775 2693/3470/2668
f 2686/3486/2648 3070/3487/2785 3658/3488/2786 3040/3489/2675
f 3070/3487/2785 2709/3476/2779 3079/3477/2780 3658/3488/2786
f 3658/3488/2786 3079/3477/2780 2711/3462/2770 3072/3490/2787
f 3040/3489/2675 3658/3488/2786 3072/3490/2787 2690/3491/2676
f 2684/3492/2646 3068/3493/2788 3659/3494/2789 3033/3495/2647
f 3068/3493/2788 2707/3474/2777 3080/3475/2778 3659/3494/2789
f 3659/3494/2789 3080/3475/2778 2709/3476/2779 3070/3487/2785
f 3033/3495/2647 3659/3494/2789 3070/3487/2785 2686/3486/2648
f 2690/3491/2676 3072/3490/2787 3660/3496/2790 3049/3497/2694
f 3072/3490/2787 2711/3462/2770 3081/3463/2771 3660/3496/2790
f 3660/3496/2790 3081/3463/2771 2713/3448/2759 3074/3498/2791
f 3049/3497/2694 3660/3496/2790 3074/3498/2791 2694/3499/2695
f 2807/3500/2746 3260/3501/2792 3661/3502/2793 3245/3503/2747
f 3260/3501/2792 2810/3459/2767 3082/3460/2768 3661/3502/2793
f 3661/3502/2793 3082/3460/2768 2717/3461/2769 3078/3504/2794
f 3245/3503/2747 3661/3502/2793 3078/3504/2794 2702/3505/2748
f 2694/3499/2695 3074/3498/2791 3662/3506/2795 3057/3507/2730
f 3074/3498/2791 2713/3448/2759 3083/3449/2760 3662/3506/2795
f 3662/3506/2795 3083/3449/2760 2715/3458/2766 3076/3508/2796
f 3057/3507/2730 3662/3506/2795 3076/3508/2796 2698/3509/2731
f 2728/3510/2750 3100/3511/2749 3663/3512/2797 3103/3513/2798
f 3100/3511/2749 2702/3514/2748 3078/3515/2794 3663/3512/2797
f 3663/3512/2797 3078/3515/2794 2717/3516/2769 3102/3450/2761
f 3103/3513/2798 3663/3512/2797 3102/3450/2761 2730/3451/2762
f 3653/3454/2764 3085/3409/2723 2714/3413/2727 3053/3456/2765
f 2811/3383/2698 3086/3386/2701 3654/3466/2773 3261/3465/2772
f 3654/3466/2773 3086/3386/2701 2716/3391/2706 3061/3468/2774
f 3037/3471/2775 2710/3314/2629 3087/3372/2687 3655/3472/2776
f 3655/3472/2776 3087/3372/2687 2712/3376/2691 3045/3453/2763
f 3025/3479/2781 2706/3321/2636 3088/3324/2639 3656/3480/2782
f 3656/3480/2782 3088/3324/2639 2708/3306/2621 3029/3482/2783
f 3029/3482/2783 2708/3306/2621 3089/3309/2624 3657/3484/2784
f 3657/3484/2784 3089/3309/2624 2710/3314/2629 3037/3471/2775
f 2730/3451/2762 3106/3428/2740 3667/3517/2799 3231/3518/2800
f 2803/3519/2801 3229/3520/2802 3664/3521/2803 3243/3522/2804
f 3229/3520/2802 2728/3510/2750 3103/3513/2798 3664/3521/2803
f 3664/3521/2803 3103/3513/2798 2730/3451/2762 3231/3518/2800
f 3243/3522/2804 3664/3521/2803 3231/3518/2800 2805/3523/2805
f 2792/3524/2806 3211/3420/2734 3724/3525/2807 3084/3526/2808
f 3231/3518/2800 3667/3517/2799 3241/3421/2735 2805/3523/2805
f 2806/3527/2708 3259/3528/2809 3665/3529/2810 3063/3530/2709
f 3259/3528/2809 2812/3531/2811 3104/3532/2812 3665/3529/2810
f 3665/3529/2810 3104/3532/2812 2729/3533/2741 3101/3534/2739
f 3063/3530/2709 3665/3529/2810 3101/3534/2739 2704/3535/2711
f 2817/3536/2813 3258/3537/2814 3666/3538/2815 3242/3539/2816
f 3258/3537/2814 2813/3430/2742 3105/3433/2745 3666/3538/2815
f 3666/3538/2815 3105/3433/2745 2728/3438/2750 3229/3540/2802
f 3242/3539/2816 3666/3538/2815 3229/3540/2802 2803/3541/2801
f 3667/3517/2799 3106/3428/2740 2729/3429/2741 3230/3542/2817
f 3241/3421/2735 3667/3517/2799 3230/3542/2817 2804/3422/2736
f 2799/3543/2818 3225/3544/2818 3668/3545/2819 3240/3546/2820
f 3225/3544/2818 2724/3382/2697 3107/3415/2729 3668/3545/2819
f 3668/3545/2819 3107/3415/2729 2726/3419/2733 3227/3547/2821
f 3240/3546/2820 3668/3545/2819 3227/3547/2821 2801/3548/2822
f 2696/3549/2684 3097/3550/2823 3669/3551/2824 3056/3552/2718
f 3097/3550/2823 2725/3553/2825 3108/3554/2826 3669/3551/2824
f 3669/3551/2824 3108/3554/2826 2727/3555/2827 3099/3556/2828
f 3056/3552/2718 3669/3551/2824 3099/3556/2828 2700/3557/2720
f 2797/3558/2818 3223/3559/2818 3670/3560/2818 3239/3561/2818
f 3223/3559/2818 2722/3363/2678 3109/3378/2693 3670/3560/2818
f 3670/3560/2818 3109/3378/2693 2724/3382/2697 3225/3544/2818
f 3239/3561/2818 3670/3560/2818 3225/3544/2818 2799/3543/2818
f 2688/3562/2631 3093/3563/2829 3671/3564/2830 3039/3565/2632
f 3093/3563/2829 2721/3566/2831 3110/3567/2832 3671/3564/2830
f 3671/3564/2830 3110/3567/2832 2723/3568/2833 3095/3569/2834
f 3039/3565/2632 3671/3564/2830 3095/3569/2834 2692/3570/2634
f 2795/3571/2818 3221/3572/2818 3672/3573/2818 3238/3574/2818
f 3221/3572/2818 2720/3335/2650 3111/3359/2674 3672/3573/2818
f 3672/3573/2818 3111/3359/2674 2722/3363/2678 3223/3559/2818
f 3238/3574/2818 3672/3573/2818 3223/3559/2818 2797/3558/2818
f 2692/3570/2634 3095/3569/2834 3673/3575/2835 3048/3576/2682
f 3095/3569/2834 2723/3568/2833 3112/3577/2836 3673/3575/2835
f 3673/3575/2835 3112/3577/2836 2725/3553/2825 3097/3550/2823
f 3048/3576/2682 3673/3575/2835 3097/3550/2823 2696/3549/2684
f 2685/3578/2652 3091/3579/2837 3674/3580/2838 3034/3581/2653
f 3091/3579/2837 2719/3582/2839 3113/3583/2840 3674/3580/2838
f 3674/3580/2838 3113/3583/2840 2721/3566/2831 3093/3563/2829
f 3034/3581/2653 3674/3580/2838 3093/3563/2829 2688/3562/2631
f 2793/3584/2818 3219/3585/2818 3675/3586/2818 3237/3587/2818
f 3219/3585/2818 2718/3327/2642 3114/3330/2645 3675/3586/2818
f 3675/3586/2818 3114/3330/2645 2720/3335/2650 3221/3572/2818
f 3237/3587/2818 3675/3586/2818 3221/3572/2818 2795/3571/2818
f 2757/3588/2841 3161/3589/2842 3676/3590/2843 3181/3591/2844
f 3161/3589/2842 2736/3592/2845 3133/3593/2846 3676/3590/2843
f 3676/3590/2843 3133/3593/2846 2740/3594/2847 3163/3595/2848
f 3181/3591/2844 3676/3590/2843 3163/3595/2848 2759/3596/2849
f 3122/3597/2850 2737/3598/2851 3131/3599/2852 3677/3600/2853
f 3677/3600/2853 3131/3599/2852 2741/3601/2854 3130/3602/2855
f 2755/3603/2856 3159/3604/2857 3678/3605/2858 3180/3606/2859
f 3159/3604/2857 2731/3607/2860 3123/3608/2861 3678/3605/2858
f 3678/3605/2858 3123/3608/2861 2736/3592/2845 3161/3589/2842
f 3180/3606/2859 3678/3605/2858 3161/3589/2842 2757/3588/2841
f 2767/3609/2862 3182/3610/2863 3679/3611/2864 3206/3612/2865
f 3182/3610/2863 2733/3613/2866 3125/3614/2867 3679/3611/2864
f 3679/3611/2864 3125/3614/2867 2735/3615/2868 3184/3616/2869
f 3206/3612/2865 3679/3611/2864 3184/3616/2869 2769/3617/2870
f 3118/3618/2871 2734/3619/2872 3126/3620/2873 3680/3621/2874
f 3680/3621/2874 3126/3620/2873 2737/3598/2851 3122/3597/2850
f 2819/3622/2875 3266/3623/2876 3681/3624/2877 3278/3625/2878
f 3266/3623/2876 2732/3626/2879 3124/3627/2880 3681/3624/2877
f 3681/3624/2877 3124/3627/2880 2738/3628/2881 3120/3629/2882
f 3278/3625/2878 3681/3624/2877 3120/3629/2882 2821/3630/2883
f 2823/3631/2884 3128/3632/2885 3682/3633/2886 3277/3634/2887
f 3128/3632/2885 2742/3635/2888 3139/3636/2889 3682/3633/2886
f 3682/3633/2886 3139/3636/2889 2746/3637/2890 3136/3638/2891
f 3277/3634/2887 3682/3633/2886 3136/3638/2891 2825/3639/2892
f 2769/3617/2870 3184/3616/2869 3683/3640/2893 3203/3641/2894
f 3184/3616/2869 2735/3615/2868 3132/3642/2895 3683/3640/2893
f 3683/3640/2893 3132/3642/2895 2739/3643/2896 3186/3644/2897
f 3203/3641/2894 3683/3640/2893 3186/3644/2897 2771/3645/2898
f 2821/3630/2883 3120/3629/2882 3684/3646/2899 3276/3647/2900
f 3120/3629/2882 2738/3628/2881 3134/3648/2901 3684/3646/2899
f 3684/3646/2899 3134/3648/2901 2742/3635/2888 3128/3632/2885
f 3276/3647/2900 3684/3646/2899 3128/3632/2885 2823/3631/2884
f 3130/3602/2855 2741/3601/2854 3140/3649/2902 3685/3650/2903
f 3685/3650/2903 3140/3649/2902 2745/3651/2904 3138/3652/2905
f 2759/3596/2849 3163/3595/2848 3686/3653/2906 3179/3654/2907
f 3163/3595/2848 2740/3594/2847 3142/3655/2908 3686/3653/2906
f 3686/3653/2906 3142/3655/2908 2744/3656/2909 3165/3657/2910
f 3179/3654/2907 3686/3653/2906 3165/3657/2910 2761/3658/2911
f 2771/3645/2898 3186/3644/2897 3687/3659/2912 3201/3660/2913
f 3186/3644/2897 2739/3643/2896 3141/3661/2914 3687/3659/2912
f 3687/3659/2912 3141/3661/2914 2743/3662/2915 3188/3663/2916
f 3201/3660/2913 3687/3659/2912 3188/3663/2916 2773/3664/2917
f 2849/3665/2918 3324/3666/2919 3688/3667/2920 3178/3668/2921
f 3324/3666/2919 2846/3669/2922 3157/3670/2923 3688/3667/2920
f 3688/3667/2920 3157/3670/2923 2752/3671/2924 3169/3672/2925
f 3178/3668/2921 3688/3667/2920 3169/3672/2925 2765/3673/2926
f 3323/3674/2927 2844/3675/2928 3155/3676/2929 3689/3677/2930
f 3689/3677/2930 3155/3676/2929 2753/3678/2931 3154/3679/2932
f 2825/3639/2892 3136/3638/2891 3690/3680/2933 3275/3681/2934
f 3136/3638/2891 2746/3637/2890 3147/3682/2935 3690/3680/2933
f 3690/3680/2933 3147/3682/2935 2750/3683/2936 3144/3684/2937
f 3275/3681/2934 3690/3680/2933 3144/3684/2937 2827/3685/2938
f 3138/3652/2905 2745/3651/2904 3148/3686/2939 3691/3687/2940
f 3691/3687/2940 3148/3686/2939 2749/3688/2941 3146/3689/2942
f 2761/3658/2911 3165/3657/2910 3692/3690/2943 3177/3691/2944
f 3165/3657/2910 2744/3656/2909 3150/3692/2945 3692/3690/2943
f 3692/3690/2943 3150/3692/2945 2748/3693/2946 3167/3694/2947
f 3177/3691/2944 3692/3690/2943 3167/3694/2947 2763/3695/2948
f 2773/3664/2917 3188/3663/2916 3693/3696/2949 3199/3697/2950
f 3188/3663/2916 2743/3662/2915 3149/3698/2951 3693/3696/2949
f 3693/3696/2949 3149/3698/2951 2747/3699/2952 3190/3700/2953
f 3199/3697/2950 3693/3696/2949 3190/3700/2953 2775/3701/2954
f 3271/3702/2955 3300/3703/2956 2842/3704/2957 2829/3705/2958
f 3694/3706/2959 3154/3707/2932 2753/3708/2931 3193/3709/2960
f 3198/3710/2961 3694/3706/2959 3193/3709/2960 2778/3711/2962
f 2851/3712/2963 3322/3713/2964 3695/3714/2965 3197/3715/2966
f 3322/3713/2964 2845/3716/2967 3304/3717/2968 3695/3714/2965
f 3695/3714/2965 3304/3717/2968 2751/3718/2969 3192/3719/2970
f 3197/3715/2966 3695/3714/2965 3192/3719/2970 2777/3720/2971
f 2853/3721/2972 3321/3722/2973 3696/3723/2974 3274/3724/2975
f 3321/3722/2973 2847/3725/2976 3306/3726/2977 3696/3723/2974
f 3696/3723/2974 3306/3726/2977 2754/3727/2978 3152/3728/2979
f 3274/3724/2975 3696/3723/2974 3152/3728/2979 2829/3729/2958
f 2762/3730/2980 3138/3652/2905 3691/3687/2940 3175/3731/2981
f 3194/3732/2982 3694/3706/2959 3198/3710/2961 2779/3733/2983
f 2746/3734/2890 3137/3735/2984 3697/3736/2985 3147/3737/2935
f 3147/3737/2935 3697/3736/2985 3145/3738/2986 2750/3739/2936
f 3691/3687/2940 3146/3689/2942 2764/3740/2987 3175/3731/2981
f 2848/3741/2988 3323/3674/2927 3689/3677/2930 3174/3742/2989
f 3689/3677/2930 3154/3679/2932 2766/3743/2990 3174/3742/2989
f 2760/3744/2991 3130/3602/2855 3685/3650/2903 3173/3745/2992
f 2847/3746/2976 3320/3747/2993 3698/3748/2994 3306/3749/2977
f 3306/3749/2977 3698/3748/2994 3153/3750/2995 2754/3751/2978
f 2742/3752/2888 3129/3753/2996 3699/3754/2997 3139/3755/2889
f 3139/3755/2889 3699/3754/2997 3137/3735/2984 2746/3734/2890
f 3685/3650/2903 3138/3652/2905 2762/3730/2980 3173/3745/2992
f 3118/3618/2871 3680/3621/2874 3172/3756/2998 2756/3757/2999
f 3680/3621/2874 3122/3597/2850 2758/3758/3000 3172/3756/2998
f 2758/3758/3000 3122/3597/2850 3677/3600/2853 3171/3759/3001
f 2732/3760/2879 3117/3761/3002 3700/3762/3003 3124/3763/2880
f 3124/3763/2880 3700/3762/3003 3121/3764/3004 2738/3765/2881
f 3677/3600/2853 3130/3602/2855 2760/3744/2991 3171/3759/3001
f 3137/3735/2984 2761/3658/2911 3177/3691/2944 3697/3736/2985
f 2738/3765/2881 3121/3764/3004 3701/3766/3005 3134/3767/2901
f 3134/3767/2901 3701/3766/3005 3129/3753/2996 2742/3752/2888
f 2735/3768/2868 3162/3769/3006 3702/3770/3007 3132/3771/2895
f 3162/3769/3006 2758/3758/3000 3171/3759/3001 3702/3770/3007
f 3702/3770/3007 3171/3759/3001 2760/3744/2991 3164/3772/3008
f 3132/3771/2895 3702/3770/3007 3164/3772/3008 2739/3773/2896
f 2733/3774/2866 3160/3775/3009 3703/3776/3010 3125/3777/2867
f 3160/3775/3009 2756/3757/2999 3172/3756/2998 3703/3776/3010
f 3703/3776/3010 3172/3756/2998 2758/3758/3000 3162/3769/3006
f 3125/3777/2867 3703/3776/3010 3162/3769/3006 2735/3768/2868
f 2739/3773/2896 3164/3772/3008 3704/3778/3011 3141/3779/2914
f 3164/3772/3008 2760/3744/2991 3173/3745/2992 3704/3778/3011
f 3704/3778/3011 3173/3745/2992 2762/3730/2980 3166/3780/3012
f 3141/3779/2914 3704/3778/3011 3166/3780/3012 2743/3781/2915
f 2845/3782/2967 3319/3783/3013 3705/3784/3014 3304/3785/2968
f 3319/3783/3013 2848/3741/2988 3174/3742/2989 3705/3784/3014
f 3705/3784/3014 3174/3742/2989 2766/3743/2990 3170/3786/3015
f 3304/3785/2968 3705/3784/3014 3170/3786/3015 2751/3787/2969
f 2743/3781/2915 3166/3780/3012 3706/3788/3016 3149/3789/2951
f 3166/3780/3012 2762/3730/2980 3175/3731/2981 3706/3788/3016
f 3706/3788/3016 3175/3731/2981 2764/3740/2987 3168/3790/3017
f 3149/3789/2951 3706/3788/3016 3168/3790/3017 2747/3791/2952
f 2777/3792/2971 3192/3793/2970 3707/3794/3018 3195/3795/3019
f 3192/3793/2970 2751/3796/2969 3170/3797/3015 3707/3794/3018
f 3707/3794/3018 3170/3797/3015 2766/3798/2990 3194/3732/2982
f 3195/3795/3019 3707/3794/3018 3194/3732/2982 2779/3733/2983
f 3697/3736/2985 3177/3691/2944 2763/3695/2948 3145/3738/2986
f 2849/3665/2918 3178/3668/2921 3698/3748/2994 3320/3747/2993
f 3698/3748/2994 3178/3668/2921 2765/3673/2926 3153/3750/2995
f 3129/3753/2996 2759/3596/2849 3179/3654/2907 3699/3754/2997
f 3699/3754/2997 3179/3654/2907 2761/3658/2911 3137/3735/2984
f 3117/3761/3002 2755/3603/2856 3180/3606/2859 3700/3762/3003
f 3700/3762/3003 3180/3606/2859 2757/3588/2841 3121/3764/3004
f 3121/3764/3004 2757/3588/2841 3181/3591/2844 3701/3766/3005
f 3701/3766/3005 3181/3591/2844 2759/3596/2849 3129/3753/2996
f 2779/3733/2983 3198/3710/2961 3711/3799/3020 3290/3800/3021
f 2841/3801/3022 3288/3802/3023 3708/3803/3024 3302/3804/3025
f 3288/3802/3023 2777/3792/2971 3195/3795/3019 3708/3803/3024
f 3708/3803/3024 3195/3795/3019 2779/3733/2983 3290/3800/3021
f 3302/3804/3025 3708/3803/3024 3290/3800/3021 2843/3805/3026
f 2830/3806/3027 3271/3702/2955 3746/3807/3028 3176/3808/3029
f 3290/3800/3021 3711/3799/3020 3300/3703/2956 2843/3805/3026
f 2844/3809/2928 3318/3810/3030 3709/3811/3031 3155/3812/2929
f 3318/3810/3030 2850/3813/3032 3196/3814/3033 3709/3811/3031
f 3709/3811/3031 3196/3814/3033 2778/3815/2962 3193/3816/2960
f 3155/3812/2929 3709/3811/3031 3193/3816/2960 2753/3817/2931
f 2855/3818/3034 3317/3819/3034 3710/3820/3035 3301/3821/3036
f 3317/3819/3034 2851/3712/2963 3197/3715/2966 3710/3820/3035
f 3710/3820/3035 3197/3715/2966 2777/3720/2971 3288/3822/3023
f 3301/3821/3036 3710/3820/3035 3288/3822/3023 2841/3823/3022
f 3711/3799/3020 3198/3710/2961 2778/3711/2962 3289/3824/3037
f 3300/3703/2956 3711/3799/3020 3289/3824/3037 2842/3704/2957
f 2837/3825/3038 3284/3826/3038 3712/3827/3039 3299/3828/3040
f 3284/3826/3038 2773/3664/2917 3199/3697/2950 3712/3827/3039
f 3712/3827/3039 3199/3697/2950 2775/3701/2954 3286/3829/3041
f 3299/3828/3040 3712/3827/3039 3286/3829/3041 2839/3830/3042
f 2745/3831/2904 3189/3832/3043 3713/3833/3044 3148/3834/2939
f 3189/3832/3043 2774/3835/3045 3200/3836/3046 3713/3833/3044
f 3713/3833/3044 3200/3836/3046 2776/3837/3047 3191/3838/3048
f 3148/3834/2939 3713/3833/3044 3191/3838/3048 2749/3839/2941
f 2835/3840/3038 3282/3841/3038 3714/3842/3038 3298/3843/3038
f 3282/3841/3038 2771/3645/2898 3201/3660/2913 3714/3842/3038
f 3714/3842/3038 3201/3660/2913 2773/3664/2917 3284/3826/3038
f 3298/3843/3038 3714/3842/3038 3284/3826/3038 2837/3825/3038
f 2737/3844/2851 3185/3845/3049 3715/3846/3050 3131/3847/2852
f 3185/3845/3049 2770/3848/3051 3202/3849/3052 3715/3846/3050
f 3715/3846/3050 3202/3849/3052 2772/3850/3053 3187/3851/3054
f 3131/3847/2852 3715/3846/3050 3187/3851/3054 2741/3852/2854
f 2833/3853/3038 3280/3854/3038 3716/3855/3038 3297/3856/3038
f 3280/3854/3038 2769/3617/2870 3203/3641/2894 3716/3855/3038
f 3716/3855/3038 3203/3641/2894 2771/3645/2898 3282/3841/3038
f 3297/3856/3038 3716/3855/3038 3282/3841/3038 2835/3840/3038
f 2741/3852/2854 3187/3851/3054 3717/3857/3055 3140/3858/2902
f 3187/3851/3054 2772/3850/3053 3204/3859/3056 3717/3857/3055
f 3717/3857/3055 3204/3859/3056 2774/3835/3045 3189/3832/3043
f 3140/3858/2902 3717/3857/3055 3189/3832/3043 2745/3831/2904
f 2734/3860/2872 3183/3861/3057 3718/3862/3058 3126/3863/2873
f 3183/3861/3057 2768/3864/3059 3205/3865/3060 3718/3862/3058
f 3718/3862/3058 3205/3865/3060 2770/3848/3051 3185/3845/3049
f 3126/3863/2873 3718/3862/3058 3185/3845/3049 2737/3844/2851
f 2832/3866/3038 3279/3867/3038 3719/3868/3038 3296/3869/3038
f 3279/3867/3038 2767/3609/2862 3206/3612/2865 3719/3868/3038
f 3719/3868/3038 3206/3612/2865 2769/3617/2870 3280/3854/3038
f 3296/3869/3038 3719/3868/3038 3280/3854/3038 2833/3853/3038
f 2682/3870/2640 3023/3871/3061 3720/3872/3062 3031/3873/2641
f 3023/3871/3061 2780/3874/3063 3207/3875/3064 3720/3872/3062
f 3720/3872/3062 3207/3875/3064 2782/3876/3065 3027/3877/3066
f 3031/3873/2641 3720/3872/3062 3027/3877/3066 2687/3878/2625
f 2687/3878/2625 3027/3877/3066 3721/3879/3067 3041/3880/2626
f 3027/3877/3066 2782/3876/3065 3208/3881/3068 3721/3879/3067
f 3721/3879/3067 3208/3881/3068 2784/3882/3069 3035/3883/3070
f 3041/3880/2626 3721/3879/3067 3035/3883/3070 2691/3884/2627
f 2691/3884/2627 3035/3883/3070 3722/3885/3071 3050/3886/2688
f 3035/3883/3070 2784/3882/3069 3209/3887/3072 3722/3885/3071
f 3722/3885/3071 3209/3887/3072 2786/3888/3073 3043/3889/3074
f 3050/3886/2688 3722/3885/3071 3043/3889/3074 2695/3890/2689
f 2695/3890/2689 3043/3889/3074 3723/3891/3075 3058/3892/2724
f 3043/3889/3074 2786/3888/3073 3210/3893/3076 3723/3891/3075
f 3723/3891/3075 3210/3893/3076 2788/3894/3077 3051/3895/3078
f 3058/3892/2724 3723/3891/3075 3051/3895/3078 2699/3896/2725
f 3724/3525/2807 3211/3420/2734 2791/3423/2737 3060/3897/2758
f 3061/3898/2774 3724/3525/2807 3060/3897/2758 2705/3899/2757
f 2808/3900/2702 3257/3901/3079 3725/3902/3080 3065/3903/2703
f 3257/3901/3079 2814/3904/3081 3212/3905/3082 3725/3902/3080
f 3725/3902/3080 3212/3905/3082 2790/3906/3083 3059/3907/3084
f 3065/3903/2703 3725/3902/3080 3059/3907/3084 2703/3908/2704
f 2815/3439/2751 3214/3442/2754 3236/3909/3085 2816/3910/3086
f 3084/3526/2808 3724/3525/2807 3061/3898/2774 2716/3911/2706
f 2703/3912/2704 3059/3913/3084 3726/3914/3087 3077/3915/2705
f 3059/3913/3084 2790/3916/3083 3213/3917/3088 3726/3914/3087
f 3726/3914/3087 3213/3917/3088 2792/3524/2806 3084/3526/2808
f 3077/3915/2705 3726/3914/3087 3084/3526/2808 2716/3911/2706
f 3236/3909/3085 3214/3442/2754 2791/3447/2737 2804/3918/2736
f 2800/3919/3038 2787/3357/2672 3215/3399/2667 3235/3920/3089
f 3235/3920/3089 3215/3399/2667 2789/3403/2717 2802/3921/3090
f 2796/3922/3038 2783/3348/2663 3216/3365/2680 3234/3923/3038
f 3234/3923/3038 3216/3365/2680 2785/3349/2664 2798/3924/3038
f 2798/3924/3038 2785/3349/2664 3217/3352/2667 3233/3925/3038
f 3233/3925/3038 3217/3352/2667 2787/3357/2672 2800/3919/3038
f 2794/3926/3038 2781/3340/2655 3218/3343/2658 3232/3927/3038
f 3232/3927/3038 3218/3343/2658 2783/3348/2663 2796/3922/3038
f 2793/3584/2818 3237/3587/2818 3207/3875/3064 2780/3874/3063
f 2719/3582/2839 3220/3928/3038 3727/3929/3038 3113/3583/2840
f 3220/3928/3038 2794/3926/3038 3232/3927/3038 3727/3929/3038
f 3727/3929/3038 3232/3927/3038 2796/3922/3038 3222/3930/3038
f 3113/3583/2840 3727/3929/3038 3222/3930/3038 2721/3566/2831
f 2723/3568/2833 3224/3931/3038 3728/3932/3038 3112/3577/2836
f 3224/3931/3038 2798/3924/3038 3233/3925/3038 3728/3932/3038
f 3728/3932/3038 3233/3925/3038 2800/3919/3038 3226/3933/3038
f 3112/3577/2836 3728/3932/3038 3226/3933/3038 2725/3553/2825
f 2721/3566/2831 3222/3930/3038 3729/3934/3038 3110/3567/2832
f 3222/3930/3038 2796/3922/3038 3234/3923/3038 3729/3934/3038
f 3729/3934/3038 3234/3923/3038 2798/3924/3038 3224/3931/3038
f 3110/3567/2832 3729/3934/3038 3224/3931/3038 2723/3568/2833
f 2725/3553/2825 3226/3933/3038 3730/3935/3091 3108/3554/2826
f 3226/3933/3038 2800/3919/3038 3235/3920/3089 3730/3935/3091
f 3730/3935/3091 3235/3920/3089 2802/3921/3090 3228/3936/3092
f 3108/3554/2826 3730/3935/3091 3228/3936/3092 2727/3555/2827
f 2812/3531/2811 3256/3937/3093 3731/3938/3094 3104/3532/2812
f 3256/3937/3093 2816/3910/3086 3236/3909/3085 3731/3938/3094
f 3731/3938/3094 3236/3909/3085 2804/3918/2736 3230/3939/2817
f 3104/3532/2812 3731/3938/3094 3230/3939/2817 2729/3533/2741
f 3207/3875/3064 3237/3587/2818 2795/3571/2818 2782/3876/3065
f 2795/3571/2818 3238/3574/2818 3208/3881/3068 2782/3876/3065
f 3208/3881/3068 3238/3574/2818 2797/3558/2818 2784/3882/3069
f 2797/3558/2818 3239/3561/2818 3209/3887/3072 2784/3882/3069
f 3209/3887/3072 3239/3561/2818 2799/3543/2818 2786/3888/3073
f 2799/3543/2818 3240/3546/2820 3210/3893/3076 2786/3888/3073
f 3210/3893/3076 3240/3546/2820 2801/3548/2822 2788/3894/3077
f 2803/3519/2801 3243/3522/2804 3213/3917/3088 2790/3916/3083
f 2817/3536/2813 3242/3539/2816 3212/3905/3082 2814/3904/3081
f 3212/3905/3082 3242/3539/2816 2803/3541/2801 2790/3906/3083
f 2805/3523/2805 3241/3421/2735 3211/3420/2734 2792/3524/2806
f 3213/3917/3088 3243/3522/2804 2805/3523/2805 2792/3524/2806
f 2801/3548/2822 3255/3940/3095 3252/3941/3096 2788/3894/3077
f 3252/3941/3096 3255/3940/3095 2817/3536/2813 2814/3904/3081
f 2802/3921/3090 2789/3403/2717 3253/3942/3097 3254/3943/3098
f 2727/3555/2827 3228/3936/3092 3732/3944/3099 3250/3945/3100
f 3228/3936/3092 2802/3921/3090 3254/3943/3098 3732/3944/3099
f 3732/3944/3099 3254/3943/3098 2816/3910/3086 3256/3937/3093
f 3250/3945/3100 3732/3944/3099 3256/3937/3093 2812/3531/2811
f 3254/3943/3098 3253/3942/3097 2815/3439/2751 2816/3910/3086
f 3053/3456/2765 2714/3413/2727 3249/3946/3101 3737/3947/3102
f 2699/3896/2725 3051/3895/3078 3733/3948/3103 3246/3949/3104
f 3051/3895/3078 2788/3894/3077 3252/3941/3096 3733/3948/3103
f 3733/3948/3103 3252/3941/3096 2814/3904/3081 3257/3901/3079
f 3246/3949/3104 3733/3948/3103 3257/3901/3079 2808/3900/2702
f 2801/3548/2822 3227/3547/2821 3734/3950/3105 3255/3940/3095
f 3227/3547/2821 2726/3419/2733 3251/3951/3106 3734/3950/3105
f 3734/3950/3105 3251/3951/3106 2813/3430/2742 3258/3537/2814
f 3255/3940/3095 3734/3950/3105 3258/3537/2814 2817/3536/2813
f 2700/3557/2720 3099/3556/2828 3735/3952/3107 3244/3953/3108
f 3099/3556/2828 2727/3555/2827 3250/3945/3100 3735/3952/3107
f 3735/3952/3107 3250/3945/3100 2812/3531/2811 3259/3528/2809
f 3244/3953/3108 3735/3952/3107 3259/3528/2809 2806/3527/2708
f 3737/3947/3102 3249/3946/3101 2811/3383/2698 3261/3465/2772
f 3054/3407/2721 3740/3954/3109 3248/3955/3110 2715/3458/2766
f 2717/3516/2769 3062/3425/2712 3650/3424/2738 3102/3450/2761
f 2698/3509/2731 3076/3508/2796 3736/3956/3111 3064/3957/3112
f 3076/3508/2796 2715/3458/2766 3248/3955/3110 3736/3956/3111
f 3736/3956/3111 3248/3955/3110 2810/3459/2767 3260/3501/2792
f 3064/3957/3112 3736/3956/3111 3260/3501/2792 2807/3500/2746
f 2701/3457/2715 3053/3456/2765 3737/3947/3102 3066/3958/3113
f 3066/3958/3113 3737/3947/3102 3261/3465/2772 2809/3464/2755
f 3248/3955/3110 3740/3954/3109 3264/3392/2707 2810/3459/2767
f 2789/3403/2717 3052/3402/2716 3738/3959/3114 3253/3942/3097
f 3052/3402/2716 2701/3401/2715 3066/3960/3113 3738/3959/3114
f 3738/3959/3114 3066/3960/3113 2809/3443/2755 3262/3440/2752
f 3253/3942/3097 3738/3959/3114 3262/3440/2752 2815/3439/2751
f 2726/3419/2733 3098/3418/2732 3739/3961/3115 3251/3951/3106
f 3098/3418/2732 2698/3417/2731 3064/3962/3112 3739/3961/3115
f 3739/3961/3115 3064/3962/3112 2807/3434/2746 3263/3431/2743
f 3251/3951/3106 3739/3961/3115 3263/3431/2743 2813/3430/2742
f 3054/3407/2721 2700/3406/2720 3244/3963/3108 3740/3954/3109
f 3740/3954/3109 3244/3963/3108 2806/3393/2708 3264/3392/2707
f 2714/3413/2727 3075/3412/2726 3741/3964/3116 3249/3946/3101
f 3075/3412/2726 2699/3411/2725 3246/3965/3104 3741/3964/3116
f 3741/3964/3116 3246/3965/3104 2808/3387/2702 3265/3384/2699
f 3249/3946/3101 3741/3964/3116 3265/3384/2699 2811/3383/2698
f 2731/3966/2860 3115/3967/3117 3742/3968/3118 3123/3969/2861
f 3115/3967/3117 2818/3970/3119 3267/3971/3120 3742/3968/3118
f 3742/3968/3118 3267/3971/3120 2820/3972/3121 3119/3973/3122
f 3123/3969/2861 3742/3968/3118 3119/3973/3122 2736/3974/2845
f 2736/3974/2845 3119/3973/3122 3743/3975/3123 3133/3976/2846
f 3119/3973/3122 2820/3972/3121 3268/3977/3124 3743/3975/3123
f 3743/3975/3123 3268/3977/3124 2822/3978/3125 3127/3979/3126
f 3133/3976/2846 3743/3975/3123 3127/3979/3126 2740/3980/2847
f 2740/3980/2847 3127/3979/3126 3744/3981/3127 3142/3982/2908
f 3127/3979/3126 2822/3978/3125 3269/3983/3128 3744/3981/3127
f 3744/3981/3127 3269/3983/3128 2824/3984/3129 3135/3985/3130
f 3142/3982/2908 3744/3981/3127 3135/3985/3130 2744/3986/2909
f 2744/3986/2909 3135/3985/3130 3745/3987/3131 3150/3988/2945
f 3135/3985/3130 2824/3984/3129 3270/3989/3132 3745/3987/3131
f 3745/3987/3131 3270/3989/3132 2826/3990/3133 3143/3991/3134
f 3150/3988/2945 3745/3987/3131 3143/3991/3134 2748/3992/2946
f 3746/3807/3028 3271/3702/2955 2829/3705/2958 3152/3993/2979
f 3153/3994/2995 3746/3807/3028 3152/3993/2979 2754/3995/2978
f 2846/3996/2922 3316/3997/3135 3747/3998/3136 3157/3999/2923
f 3316/3997/3135 2852/4000/3137 3272/4001/3138 3747/3998/3136
f 3747/3998/3136 3272/4001/3138 2828/4002/3139 3151/4003/3140
f 3157/3999/2923 3747/3998/3136 3151/4003/3140 2752/4004/2924
f 2853/3721/2972 3274/3724/2975 3295/4005/3141 2854/4006/3142
f 3176/3808/3029 3746/3807/3028 3153/3994/2995 2765/4007/2926
f 2752/4008/2924 3151/4009/3140 3748/4010/3143 3169/4011/2925
f 3151/4009/3140 2828/4012/3139 3273/4013/3144 3748/4010/3143
f 3748/4010/3143 3273/4013/3144 2830/3806/3027 3176/3808/3029
f 3169/4011/2925 3748/4010/3143 3176/3808/3029 2765/4007/2926
f 3295/4005/3141 3274/3724/2975 2829/3729/2958 2842/4014/2957
f 2838/4015/2818 2825/3639/2892 3275/3681/2934 3294/4016/3145
f 3294/4016/3145 3275/3681/2934 2827/3685/2938 2840/4017/3146
f 2834/4018/2818 2821/3630/2883 3276/3647/2900 3293/4019/2818
f 3293/4019/2818 3276/3647/2900 2823/3631/2884 2836/4020/2818
f 2836/4020/2818 2823/3631/2884 3277/3634/2887 3292/4021/2818
f 3292/4021/2818 3277/3634/2887 2825/3639/2892 2838/4015/2818
f 2819/3622/2875 3278/3625/2878 3291/4022/2818 2831/4023/2818
f 3291/4022/2818 3278/3625/2878 2821/3630/2883 2834/4018/2818
f 2832/3866/3038 3296/3869/3038 3267/3971/3120 2818/3970/3119
f 2768/3864/3059 3116/4024/2818 3749/4025/2818 3205/3865/3060
f 3116/4024/2818 2831/4023/2818 3291/4022/2818 3749/4025/2818
f 3749/4025/2818 3291/4022/2818 2834/4018/2818 3281/4026/2818
f 3205/3865/3060 3749/4025/2818 3281/4026/2818 2770/3848/3051
f 2772/3850/3053 3283/4027/2818 3750/4028/2818 3204/3859/3056
f 3283/4027/2818 2836/4020/2818 3292/4021/2818 3750/4028/2818
f 3750/4028/2818 3292/4021/2818 2838/4015/2818 3285/4029/2818
f 3204/3859/3056 3750/4028/2818 3285/4029/2818 2774/3835/3045
f 2770/3848/3051 3281/4026/2818 3751/4030/2818 3202/3849/3052
f 3281/4026/2818 2834/4018/2818 3293/4019/2818 3751/4030/2818
f 3751/4030/2818 3293/4019/2818 2836/4020/2818 3283/4027/2818
f 3202/3849/3052 3751/4030/2818 3283/4027/2818 2772/3850/3053
f 2774/3835/3045 3285/4029/2818 3752/4031/3147 3200/3836/3046
f 3285/4029/2818 2838/4015/2818 3294/4016/3145 3752/4031/3147
f 3752/4031/3147 3294/4016/3145 2840/4017/3146 3287/4032/3148
f 3200/3836/3046 3752/4031/3147 3287/4032/3148 2776/3837/3047
f 2850/3813/3032 3315/4033/3149 3753/4034/3150 3196/3814/3033
f 3315/4033/3149 2854/4006/3142 3295/4005/3141 3753/4034/3150
f 3753/4034/3150 3295/4005/3141 2842/4014/2957 3289/4035/3037
f 3196/3814/3033 3753/4034/3150 3289/4035/3037 2778/3815/2962
f 3267/3971/3120 3296/3869/3038 2833/3853/3038 2820/3972/3121
f 2833/3853/3038 3297/3856/3038 3268/3977/3124 2820/3972/3121
f 3268/3977/3124 3297/3856/3038 2835/3840/3038 2822/3978/3125
f 2835/3840/3038 3298/3843/3038 3269/3983/3128 2822/3978/3125
f 3269/3983/3128 3298/3843/3038 2837/3825/3038 2824/3984/3129
f 2837/3825/3038 3299/3828/3040 3270/3989/3132 2824/3984/3129
f 3270/3989/3132 3299/3828/3040 2839/3830/3042 2826/3990/3133
f 2841/3801/3022 3302/3804/3025 3273/4013/3144 2828/4012/3139
f 2855/3818/3034 3301/3821/3036 3272/4001/3138 2852/4000/3137
f 3272/4001/3138 3301/3821/3036 2841/3823/3022 2828/4002/3139
f 2843/3805/3026 3300/3703/2956 3271/3702/2955 2830/3806/3027
f 3273/4013/3144 3302/3804/3025 2843/3805/3026 2830/3806/3027
f 2839/3830/3042 3314/4036/3151 3311/4037/3152 2826/3990/3133
f 3311/4037/3152 3314/4036/3151 2855/3818/3034 2852/4000/3137
f 2840/4017/3146 2827/3685/2938 3312/4038/3153 3313/4039/3154
f 2776/3837/3047 3287/4032/3148 3754/4040/3155 3309/4041/3156
f 3287/4032/3148 2840/4017/3146 3313/4039/3154 3754/4040/3155
f 3754/4040/3155 3313/4039/3154 2854/4006/3142 3315/4033/3149
f 3309/4041/3156 3754/4040/3155 3315/4033/3149 2850/3813/3032
f 3313/4039/3154 3312/4038/3153 2853/3721/2972 2854/4006/3142
f 3145/3738/2986 2763/3695/2948 3308/4042/3157 3759/4043/3158
f 2748/3992/2946 3143/3991/3134 3755/4044/3159 3305/4045/3160
f 3143/3991/3134 2826/3990/3133 3311/4037/3152 3755/4044/3159
f 3755/4044/3159 3311/4037/3152 2852/4000/3137 3316/3997/3135
f 3305/4045/3160 3755/4044/3159 3316/3997/3135 2846/3996/2922
f 2839/3830/3042 3286/3829/3041 3756/4046/3161 3314/4036/3151
f 3286/3829/3041 2775/3701/2954 3310/4047/3162 3756/4046/3161
f 3756/4046/3161 3310/4047/3162 2851/3712/2963 3317/3819/3034
f 3314/4036/3151 3756/4046/3161 3317/3819/3034 2855/3818/3034
f 2749/3839/2941 3191/3838/3048 3757/4048/3163 3303/4049/3164
f 3191/3838/3048 2776/3837/3047 3309/4041/3156 3757/4048/3163
f 3757/4048/3163 3309/4041/3156 2850/3813/3032 3318/3810/3030
f 3303/4049/3164 3757/4048/3163 3318/3810/3030 2844/3809/2928
f 3759/4043/3158 3308/4042/3157 2849/3665/2918 3320/3747/2993
f 3146/3689/2942 3762/4050/3165 3307/4051/3166 2764/3740/2987
f 2766/3798/2990 3154/3707/2932 3694/3706/2959 3194/3732/2982
f 2747/3791/2952 3168/3790/3017 3758/4052/3167 3156/4053/3168
f 3168/3790/3017 2764/3740/2987 3307/4051/3166 3758/4052/3167
f 3758/4052/3167 3307/4051/3166 2848/3741/2988 3319/3783/3013
f 3156/4053/3168 3758/4052/3167 3319/3783/3013 2845/3782/2967
f 2750/3739/2936 3145/3738/2986 3759/4043/3158 3158/4054/3169
f 3158/4054/3169 3759/4043/3158 3320/3747/2993 2847/3746/2976
f 3307/4051/3166 3762/4050/3165 3323/3674/2927 2848/3741/2988
f 2827/3685/2938 3144/3684/2937 3760/4055/3170 3312/4038/3153
f 3144/3684/2937 2750/3683/2936 3158/4056/3169 3760/4055/3170
f 3760/4055/3170 3158/4056/3169 2847/3725/2976 3321/3722/2973
f 3312/4038/3153 3760/4055/3170 3321/3722/2973 2853/3721/2972
f 2775/3701/2954 3190/3700/2953 3761/4057/3171 3310/4047/3162
f 3190/3700/2953 2747/3699/2952 3156/4058/3168 3761/4057/3171
f 3761/4057/3171 3156/4058/3168 2845/3716/2967 3322/3713/2964
f 3310/4047/3162 3761/4057/3171 3322/3713/2964 2851/3712/2963
f 3146/3689/2942 2749/3688/2941 3303/4059/3164 3762/4050/3165
f 3762/4050/3165 3303/4059/3164 2844/3675/2928 3323/3674/2927
f 2763/3695/2948 3167/3694/2947 3763/4060/3172 3308/4042/3157
f 3167/3694/2947 2748/3693/2946 3305/4061/3160 3763/4060/3172
f 3763/4060/3172 3305/4061/3160 2846/3669/2922 3324/3666/2919
f 3308/4042/3157 3763/4060/3172 3324/3666/2919 2849/3665/2918
f 2882/4062/3173 3360/4063/3174 3764/4064/3175 3379/4065/3176
f 3360/4063/3174 2861/4066/3177 3337/4067/3178 3764/4064/3175
f 3764/4064/3175 3337/4067/3178 2865/4068/3179 3362/4069/3180
f 3379/4065/3176 3764/4064/3175 3362/4069/3180 2884/4070/3181
f 3328/4071/3182 2862/4072/3183 3335/4073/3184 3765/4074/3185
f 3765/4074/3185 3335/4073/3184 2866/4075/3186 3334/4076/3187
f 2880/4077/3188 3358/4078/3189 3766/4079/3190 3378/4080/3191
f 3358/4078/3189 2856/4081/3192 3329/4082/3193 3766/4079/3190
f 3766/4079/3190 3329/4082/3193 2861/4066/3177 3360/4063/3174
f 3378/4080/3191 3766/4079/3190 3360/4063/3174 2882/4062/3173
f 2892/4083/3194 3380/4084/3195 3767/4085/3196 3404/4086/3197
f 3380/4084/3195 2858/4087/3198 3331/4088/3199 3767/4085/3196
f 3767/4085/3196 3331/4088/3199 2860/4089/3200 3382/4090/3201
f 3404/4086/3197 3767/4085/3196 3382/4090/3201 2894/4091/3202
f 3326/4092/3203 2859/4093/3204 3332/4094/3205 3768/4095/3206
f 3768/4095/3206 3332/4094/3205 2862/4072/3183 3328/4071/3182
f 3475/4096/3207 3339/4097/3208 2906/4098/3209 2942/4099/3210
f 2891/4100/3211 3353/4101/3212 3779/4102/3213 3392/4103/3214
f 2926/4104/3215 3455/4105/3216 3769/4106/3217 3394/4107/3218
f 3455/4105/3216 2905/4108/3219 3416/4109/3220 3769/4106/3217
f 3769/4106/3217 3416/4109/3220 2915/4110/3221 3427/4111/3222
f 3394/4107/3218 3769/4106/3217 3427/4111/3222 2903/4112/3223
f 2894/4091/3202 3382/4090/3201 3770/4113/3224 3401/4114/3225
f 3382/4090/3201 2860/4089/3200 3336/4115/3226 3770/4113/3224
f 3770/4113/3224 3336/4115/3226 2864/4116/3227 3384/4117/3228
f 3401/4114/3225 3770/4113/3224 3384/4117/3228 2896/4118/3229
f 3334/4076/3187 2866/4075/3186 3343/4119/3230 3771/4120/3231
f 3771/4120/3231 3343/4119/3230 2870/4121/3232 3341/4122/3233
f 2884/4070/3181 3362/4069/3180 3772/4123/3234 3377/4124/3235
f 3362/4069/3180 2865/4068/3179 3345/4125/3236 3772/4123/3234
f 3772/4123/3234 3345/4125/3236 2869/4126/3237 3364/4127/3238
f 3377/4124/3235 3772/4123/3234 3364/4127/3238 2886/4128/3239
f 2896/4118/3229 3384/4117/3228 3773/4129/3240 3399/4130/3241
f 3384/4117/3228 2864/4116/3227 3344/4131/3242 3773/4129/3240
f 3773/4129/3240 3344/4131/3242 2868/4132/3243 3386/4133/3244
f 3399/4130/3241 3773/4129/3240 3386/4133/3244 2898/4134/3245
f 2925/4135/3246 3460/4136/3247 3774/4137/3248 3376/4138/3249
f 3460/4136/3247 2922/4139/3250 3356/4140/3251 3774/4137/3248
f 3774/4137/3248 3356/4140/3251 2877/4141/3252 3368/4142/3253
f 3376/4138/3249 3774/4137/3248 3368/4142/3253 2890/4143/3254
f 3459/4144/3255 2920/4145/3256 3354/4146/3257 3775/4147/3258
f 3775/4147/3258 3354/4146/3257 2878/4148/3259 3353/4149/3212
f 3341/4122/3233 2870/4121/3232 3349/4150/3260 3776/4151/3261
f 3776/4151/3261 3349/4150/3260 2874/4152/3262 3347/4153/3263
f 2886/4128/3239 3364/4127/3238 3777/4154/3264 3375/4155/3265
f 3364/4127/3238 2869/4126/3237 3351/4156/3266 3777/4154/3264
f 3777/4154/3264 3351/4156/3266 2873/4157/3267 3366/4158/3268
f 3375/4155/3265 3777/4154/3264 3366/4158/3268 2888/4159/3269
f 2898/4134/3245 3386/4133/3244 3778/4160/3270 3397/4161/3271
f 3386/4133/3244 2868/4132/3243 3350/4162/3272 3778/4160/3270
f 3778/4160/3270 3350/4162/3272 2872/4163/3273 3388/4164/3274
f 3397/4161/3271 3778/4160/3270 3388/4164/3274 2900/4165/3275
f 3779/4102/3213 3353/4101/3212 2878/4166/3259 3391/4167/3276
f 3396/4168/3277 3779/4102/3213 3391/4167/3276 2903/4169/3223
f 2927/4170/3278 3458/4171/3279 3780/4172/3280 3395/4173/3281
f 3458/4171/3279 2921/4174/3282 3446/4175/3283 3780/4172/3280
f 3780/4172/3280 3446/4175/3283 2876/4176/3284 3390/4177/3285
f 3395/4173/3281 3780/4172/3280 3390/4177/3285 2902/4178/3286
f 2887/4179/3287 3341/4122/3233 3776/4151/3261 3374/4180/3288
f 3392/4103/3214 3779/4102/3213 3396/4168/3277 2904/4181/3289
f 2871/4182/3290 3340/4183/3291 3781/4184/3292 3348/4185/3293
f 3348/4185/3293 3781/4184/3292 3346/4186/3294 2875/4187/3295
f 3776/4151/3261 3347/4153/3263 2889/4188/3296 3374/4180/3288
f 2924/4189/3297 3459/4144/3255 3775/4147/3258 3373/4190/3298
f 3775/4147/3258 3353/4149/3212 2891/4191/3211 3373/4190/3298
f 2885/4192/3299 3334/4076/3187 3771/4120/3231 3372/4193/3300
f 2923/4194/3301 3457/4195/3302 3782/4196/3303 3448/4197/3304
f 3448/4197/3304 3782/4196/3303 3352/4198/3305 2879/4199/3306
f 2867/4200/3307 3333/4201/3308 3783/4202/3309 3342/4203/3310
f 3342/4203/3310 3783/4202/3309 3340/4183/3291 2871/4182/3290
f 3771/4120/3231 3341/4122/3233 2887/4179/3287 3372/4193/3300
f 2881/4204/3311 3326/4092/3203 3768/4095/3206 3371/4205/3312
f 3768/4095/3206 3328/4071/3182 2883/4206/3313 3371/4205/3312
f 2883/4206/3313 3328/4071/3182 3765/4074/3185 3370/4207/3314
f 2857/4208/3315 3325/4209/3316 3784/4210/3317 3330/4211/3318
f 3330/4211/3318 3784/4210/3317 3327/4212/3319 2863/4213/3320
f 3765/4074/3185 3334/4076/3187 2885/4192/3299 3370/4207/3314
f 3340/4183/3291 2886/4128/3239 3375/4155/3265 3781/4184/3292
f 2863/4213/3320 3327/4212/3319 3785/4214/3321 3338/4215/3322
f 3338/4215/3322 3785/4214/3321 3333/4201/3308 2867/4200/3307
f 2860/4216/3200 3361/4217/3323 3786/4218/3324 3336/4219/3226
f 3361/4217/3323 2883/4206/3313 3370/4207/3314 3786/4218/3324
f 3786/4218/3324 3370/4207/3314 2885/4192/3299 3363/4220/3325
f 3336/4219/3226 3786/4218/3324 3363/4220/3325 2864/4221/3227
f 2858/4222/3198 3359/4223/3326 3787/4224/3327 3331/4225/3199
f 3359/4223/3326 2881/4204/3311 3371/4205/3312 3787/4224/3327
f 3787/4224/3327 3371/4205/3312 2883/4206/3313 3361/4217/3323
f 3331/4225/3199 3787/4224/3327 3361/4217/3323 2860/4216/3200
f 2864/4221/3227 3363/4220/3325 3788/4226/3328 3344/4227/3242
f 3363/4220/3325 2885/4192/3299 3372/4193/3300 3788/4226/3328
f 3788/4226/3328 3372/4193/3300 2887/4179/3287 3365/4228/3329
f 3344/4227/3242 3788/4226/3328 3365/4228/3329 2868/4229/3243
f 2921/4230/3282 3456/4231/3330 3789/4232/3331 3446/4233/3283
f 3456/4231/3330 2924/4189/3297 3373/4190/3298 3789/4232/3331
f 3789/4232/3331 3373/4190/3298 2891/4191/3211 3369/4234/3332
f 3446/4233/3283 3789/4232/3331 3369/4234/3332 2876/4235/3284
f 2868/4229/3243 3365/4228/3329 3790/4236/3333 3350/4237/3272
f 3365/4228/3329 2887/4179/3287 3374/4180/3288 3790/4236/3333
f 3790/4236/3333 3374/4180/3288 2889/4188/3296 3367/4238/3334
f 3350/4237/3272 3790/4236/3333 3367/4238/3334 2872/4239/3273
f 2902/4240/3286 3390/4241/3285 3791/4242/3335 3393/4243/3336
f 3390/4241/3285 2876/4244/3284 3369/4245/3332 3791/4242/3335
f 3791/4242/3335 3369/4245/3332 2891/4100/3211 3392/4103/3214
f 3393/4243/3336 3791/4242/3335 3392/4103/3214 2904/4181/3289
f 3781/4184/3292 3375/4155/3265 2888/4159/3269 3346/4186/3294
f 2925/4135/3246 3376/4138/3249 3782/4196/3303 3457/4195/3302
f 3782/4196/3303 3376/4138/3249 2890/4143/3254 3352/4198/3305
f 3333/4201/3308 2884/4070/3181 3377/4124/3235 3783/4202/3309
f 3783/4202/3309 3377/4124/3235 2886/4128/3239 3340/4183/3291
f 3325/4209/3316 2880/4077/3188 3378/4080/3191 3784/4210/3317
f 3784/4210/3317 3378/4080/3191 2882/4062/3173 3327/4212/3319
f 3327/4212/3319 2882/4062/3173 3379/4065/3176 3785/4214/3321
f 3785/4214/3321 3379/4065/3176 2884/4070/3181 3333/4201/3308
f 2914/4246/3337 3405/4247/3338 3474/4248/3339 2934/4249/3340
f 3474/4248/3339 3405/4247/3338 2916/4250/3341 2932/4251/3342
f 2904/4181/3289 3396/4168/3277 3796/4252/3343 3428/4253/3344
f 2920/4254/3256 3454/4255/3345 3792/4256/3346 3354/4257/3257
f 3454/4255/3345 2926/4104/3215 3394/4107/3218 3792/4256/3346
f 3792/4256/3346 3394/4107/3218 2903/4112/3223 3391/4258/3276
f 3354/4257/3257 3792/4256/3346 3391/4258/3276 2878/4259/3259
f 2914/4246/3337 3426/4260/3347 3793/4261/3348 3405/4247/3338
f 3426/4260/3347 2902/4240/3286 3393/4243/3336 3793/4261/3348
f 3793/4261/3348 3393/4243/3336 2904/4181/3289 3428/4253/3344
f 3405/4247/3338 3793/4261/3348 3428/4253/3344 2916/4250/3341
f 2917/4262/3349 3417/4263/3349 3463/4264/3350 2931/4265/3351
f 3428/4253/3344 3796/4252/3343 3407/4266/3352 2916/4250/3341
f 2942/4099/3210 3473/4267/3353 3794/4268/3354 3453/4269/3355
f 3473/4267/3353 2934/4270/3340 3437/4271/3356 3794/4268/3354
f 3794/4268/3354 3437/4271/3356 2877/4272/3252 3356/4273/3251
f 3453/4269/3355 3794/4268/3354 3356/4273/3251 2922/4274/3250
f 2870/4275/3232 3387/4276/3357 3795/4277/3358 3349/4278/3260
f 3387/4276/3357 2899/4279/3359 3398/4280/3360 3795/4277/3358
f 3795/4277/3358 3398/4280/3360 2901/4281/3361 3389/4282/3362
f 3349/4278/3260 3795/4277/3358 3389/4282/3362 2874/4283/3262
f 3796/4252/3343 3396/4168/3277 2903/4169/3223 3427/4284/3222
f 3407/4266/3352 3796/4252/3343 3427/4284/3222 2915/4285/3221
f 2910/4286/3349 3422/4287/3349 3797/4288/3363 3408/4289/3364
f 3422/4287/3349 2898/4134/3245 3397/4161/3271 3797/4288/3363
f 3797/4288/3363 3397/4161/3271 2900/4165/3275 3424/4290/3365
f 3408/4289/3364 3797/4288/3363 3424/4290/3365 2912/4291/3366
f 2862/4292/3183 3383/4293/3367 3798/4294/3368 3335/4295/3184
f 3383/4293/3367 2895/4296/3369 3400/4297/3370 3798/4294/3368
f 3798/4294/3368 3400/4297/3370 2897/4298/3371 3385/4299/3372
f 3335/4295/3184 3798/4294/3368 3385/4299/3372 2866/4300/3186
f 2908/4301/3349 3420/4302/3349 3799/4303/3349 3409/4304/3349
f 3420/4302/3349 2896/4118/3229 3399/4130/3241 3799/4303/3349
f 3799/4303/3349 3399/4130/3241 2898/4134/3245 3422/4287/3349
f 3409/4304/3349 3799/4303/3349 3422/4287/3349 2910/4286/3349
f 2866/4300/3186 3385/4299/3372 3800/4305/3373 3343/4306/3230
f 3385/4299/3372 2897/4298/3371 3402/4307/3374 3800/4305/3373
f 3800/4305/3373 3402/4307/3374 2899/4279/3359 3387/4276/3357
f 3343/4306/3230 3800/4305/3373 3387/4276/3357 2870/4275/3232
f 2859/4308/3204 3381/4309/3375 3801/4310/3376 3332/4311/3205
f 3381/4309/3375 2893/4312/3377 3403/4313/3378 3801/4310/3376
f 3801/4310/3376 3403/4313/3378 2895/4296/3369 3383/4293/3367
f 3332/4311/3205 3801/4310/3376 3383/4293/3367 2862/4292/3183
f 2919/4314/3349 3431/4315/3349 3802/4316/3349 3410/4317/3349
f 3431/4315/3349 2892/4083/3194 3404/4086/3197 3802/4316/3349
f 3802/4316/3349 3404/4086/3197 2894/4091/3202 3429/4318/3349
f 3410/4317/3349 3802/4316/3349 3429/4318/3349 2917/4262/3349
f 2912/4291/3366 3339/4097/3208 3475/4096/3207 2936/4319/3379
f 2910/4286/3349 3408/4289/3364 3471/4320/3380 2938/4321/3381
f 3471/4320/3380 3408/4289/3364 2912/4291/3366 2936/4319/3379
f 2908/4301/3349 3409/4304/3349 3470/4322/3382 2940/4323/3383
f 2927/4170/3278 3395/4173/3281 3803/4324/3384 3418/4325/3385
f 3395/4173/3281 2902/4178/3286 3426/4326/3347 3803/4324/3384
f 3803/4324/3384 3426/4326/3347 2914/4327/3337 3406/4328/3386
f 3418/4325/3385 3803/4324/3384 3406/4328/3386 2906/4098/3209
f 3470/4322/3382 3409/4304/3349 2910/4286/3349 2938/4321/3381
f 2919/4314/3349 3410/4317/3349 3469/4329/3387 2929/4330/3388
f 3469/4329/3387 3410/4317/3349 2917/4262/3349 2931/4265/3351
f 2907/4331/3389 3412/4332/3389 3468/4333/3390 2941/4334/3391
f 2911/4335/3389 3413/4336/3389 3467/4337/3392 2937/4338/3393
f 3468/4333/3390 3412/4332/3389 2918/4339/3389 2930/4340/3394
f 2909/4341/3389 3414/4342/3389 3466/4343/3395 2939/4344/3396
f 3467/4337/3392 3413/4336/3389 2909/4341/3389 2939/4344/3396
f 2913/4345/3397 3415/4346/3398 3465/4347/3399 2935/4348/3400
f 3466/4343/3395 3414/4342/3389 2907/4331/3389 2941/4334/3391
f 3465/4347/3399 3415/4346/3398 2911/4335/3389 2937/4338/3393
f 2916/4250/3341 3407/4266/3352 3472/4349/3401 2932/4251/3342
f 2918/4339/3389 3412/4332/3389 3804/4350/3389 3430/4351/3389
f 3412/4332/3389 2907/4331/3389 3419/4352/3389 3804/4350/3389
f 3804/4350/3389 3419/4352/3389 2895/4296/3369 3403/4313/3378
f 3430/4351/3389 3804/4350/3389 3403/4313/3378 2893/4312/3377
f 2909/4341/3389 3413/4336/3389 3805/4353/3389 3421/4354/3389
f 3413/4336/3389 2911/4335/3389 3423/4355/3389 3805/4353/3389
f 3805/4353/3389 3423/4355/3389 2899/4279/3359 3402/4307/3374
f 3421/4354/3389 3805/4353/3389 3402/4307/3374 2897/4298/3371
f 2907/4331/3389 3414/4342/3389 3806/4356/3389 3419/4352/3389
f 3414/4342/3389 2909/4341/3389 3421/4354/3389 3806/4356/3389
f 3806/4356/3389 3421/4354/3389 2897/4298/3371 3400/4297/3370
f 3419/4352/3389 3806/4356/3389 3400/4297/3370 2895/4296/3369
f 2911/4335/3389 3415/4346/3398 3807/4357/3402 3423/4355/3389
f 3415/4346/3398 2913/4345/3397 3425/4358/3403 3807/4357/3402
f 3807/4357/3402 3425/4358/3403 2901/4281/3361 3398/4280/3360
f 3423/4355/3389 3807/4357/3402 3398/4280/3360 2899/4279/3359
f 2928/4359/3404 3461/4360/3405 3808/4361/3406 3464/4362/3407
f 3461/4360/3405 2923/4363/3301 3448/4364/3304 3808/4361/3406
f 3808/4361/3406 3448/4364/3304 2879/4365/3306 3436/4366/3408
f 3464/4362/3407 3808/4361/3406 3436/4366/3408 2933/4367/3409
f 2917/4262/3349 3429/4318/3349 3809/4368/3349 3417/4263/3349
f 3429/4318/3349 2894/4091/3202 3401/4114/3225 3809/4368/3349
f 3809/4368/3349 3401/4114/3225 2896/4118/3229 3420/4302/3349
f 3417/4263/3349 3809/4368/3349 3420/4302/3349 2908/4301/3349
f 3463/4264/3350 3417/4263/3349 2908/4301/3349 2940/4323/3383
f 2928/4359/3404 2905/4108/3219 3411/4369/3410 3462/4370/3411
f 2912/4291/3366 3424/4290/3365 3810/4371/3412 3339/4097/3208
f 3424/4290/3365 2900/4165/3275 3452/4372/3413 3810/4371/3412
f 3810/4371/3412 3452/4372/3413 2927/4170/3278 3418/4325/3385
f 3339/4097/3208 3810/4371/3412 3418/4325/3385 2906/4098/3209
f 2913/4345/3397 3411/4369/3410 3811/4373/3414 3425/4358/3403
f 3411/4369/3410 2905/4108/3219 3455/4105/3216 3811/4373/3414
f 3811/4373/3414 3455/4105/3216 2926/4104/3215 3451/4374/3415
f 3425/4358/3403 3811/4373/3414 3451/4374/3415 2901/4281/3361
f 3346/4186/3294 2888/4159/3269 3450/4375/3416 3814/4376/3417
f 3462/4370/3411 3411/4369/3410 2913/4345/3397 2935/4348/3400
f 2874/4283/3262 3389/4282/3362 3812/4377/3418 3445/4378/3419
f 3389/4282/3362 2901/4281/3361 3451/4374/3415 3812/4377/3418
f 3812/4377/3418 3451/4374/3415 2926/4104/3215 3454/4255/3345
f 3445/4378/3419 3812/4377/3418 3454/4255/3345 2920/4254/3256
f 3814/4376/3417 3450/4375/3416 2925/4135/3246 3457/4195/3302
f 3347/4153/3263 3816/4379/3420 3449/4380/3421 2889/4188/3296
f 3472/4349/3401 3407/4266/3352 2915/4285/3221 2933/4381/3409
f 2872/4239/3273 3367/4238/3334 3813/4382/3422 3355/4383/3423
f 3367/4238/3334 2889/4188/3296 3449/4380/3421 3813/4382/3422
f 3813/4382/3422 3449/4380/3421 2924/4189/3297 3456/4231/3330
f 3355/4383/3423 3813/4382/3422 3456/4231/3330 2921/4230/3282
f 2875/4187/3295 3346/4186/3294 3814/4376/3417 3357/4384/3424
f 3357/4384/3424 3814/4376/3417 3457/4195/3302 2923/4194/3301
f 3449/4380/3421 3816/4379/3420 3459/4144/3255 2924/4189/3297
f 2928/4359/3404 3464/4362/3407 3416/4109/3220 2905/4108/3219
f 2900/4165/3275 3388/4164/3274 3815/4385/3425 3452/4372/3413
f 3388/4164/3274 2872/4163/3273 3355/4386/3423 3815/4385/3425
f 3815/4385/3425 3355/4386/3423 2921/4174/3282 3458/4171/3279
f 3452/4372/3413 3815/4385/3425 3458/4171/3279 2927/4170/3278
f 3347/4153/3263 2874/4152/3262 3445/4387/3419 3816/4379/3420
f 3816/4379/3420 3445/4387/3419 2920/4145/3256 3459/4144/3255
f 2888/4159/3269 3366/4158/3268 3817/4388/3426 3450/4375/3416
f 3366/4158/3268 2873/4157/3267 3447/4389/3427 3817/4388/3426
f 3817/4388/3426 3447/4389/3427 2922/4139/3250 3460/4136/3247
f 3450/4375/3416 3817/4388/3426 3460/4136/3247 2925/4135/3246
f 2875/4390/3295 3357/4391/3424 3818/4392/3428 3438/4393/3429
f 3357/4391/3424 2923/4363/3301 3461/4360/3405 3818/4392/3428
f 3818/4392/3428 3461/4360/3405 2928/4359/3404 3462/4370/3411
f 3438/4393/3429 3818/4392/3428 3462/4370/3411 2935/4348/3400
f 2861/4394/3177 3434/4395/3430 3819/4396/3431 3337/4397/3178
f 3434/4395/3430 2931/4265/3351 3463/4264/3350 3819/4396/3431
f 3819/4396/3431 3463/4264/3350 2940/4323/3383 3443/4398/3432
f 3337/4397/3178 3819/4396/3431 3443/4398/3432 2865/4399/3179
f 3416/4109/3220 3464/4362/3407 2933/4367/3409 2915/4110/3221
f 2932/4251/3342 3472/4349/3401 3827/4400/3433 3435/4401/3434
f 2914/4327/3337 2934/4270/3340 3473/4267/3353 3406/4328/3386
f 3435/4401/3434 3827/4400/3433 3352/4402/3305 2890/4403/3254
f 2871/4404/3290 3348/4405/3293 3820/4406/3435 3440/4407/3436
f 3348/4405/3293 2875/4390/3295 3438/4393/3429 3820/4406/3435
f 3820/4406/3435 3438/4393/3429 2935/4348/3400 3465/4347/3399
f 3440/4407/3436 3820/4406/3435 3465/4347/3399 2937/4338/3393
f 2863/4408/3320 3338/4409/3322 3821/4410/3437 3444/4411/3438
f 3338/4409/3322 2867/4412/3307 3442/4413/3439 3821/4410/3437
f 3821/4410/3437 3442/4413/3439 2939/4344/3396 3466/4343/3395
f 3444/4411/3438 3821/4410/3437 3466/4343/3395 2941/4334/3391
f 2867/4412/3307 3342/4414/3310 3822/4415/3440 3442/4413/3439
f 3342/4414/3310 2871/4404/3290 3440/4407/3436 3822/4415/3440
f 3822/4415/3440 3440/4407/3436 2937/4338/3393 3467/4337/3392
f 3442/4413/3439 3822/4415/3440 3467/4337/3392 2939/4344/3396
f 2857/4416/3315 3330/4417/3318 3823/4418/3441 3433/4419/3442
f 3330/4417/3318 2863/4408/3320 3444/4411/3438 3823/4418/3441
f 3823/4418/3441 3444/4411/3438 2941/4334/3391 3468/4333/3390
f 3433/4419/3442 3823/4418/3441 3468/4333/3390 2930/4340/3394
f 2856/4420/3192 3432/4421/3443 3824/4422/3444 3329/4423/3193
f 3432/4421/3443 2929/4330/3388 3469/4329/3387 3824/4422/3444
f 3824/4422/3444 3469/4329/3387 2931/4265/3351 3434/4395/3430
f 3329/4423/3193 3824/4422/3444 3434/4395/3430 2861/4394/3177
f 2865/4399/3179 3443/4398/3432 3825/4424/3445 3345/4425/3236
f 3443/4398/3432 2940/4323/3383 3470/4322/3382 3825/4424/3445
f 3825/4424/3445 3470/4322/3382 2938/4321/3381 3441/4426/3446
f 3345/4425/3236 3825/4424/3445 3441/4426/3446 2869/4427/3237
f 2869/4427/3237 3441/4426/3446 3826/4428/3447 3351/4429/3266
f 3441/4426/3446 2938/4321/3381 3471/4320/3380 3826/4428/3447
f 3826/4428/3447 3471/4320/3380 2936/4319/3379 3439/4430/3448
f 3351/4429/3266 3826/4428/3447 3439/4430/3448 2873/4431/3267
f 3827/4400/3433 3472/4349/3401 2933/4381/3409 3436/4432/3408
f 3352/4402/3305 3827/4400/3433 3436/4432/3408 2879/4433/3306
f 3406/4328/3386 3473/4267/3353 2942/4099/3210 2906/4098/3209
f 2877/4434/3252 3437/4435/3356 3828/4436/3449 3368/4437/3253
f 3437/4435/3356 2934/4249/3340 3474/4248/3339 3828/4436/3449
f 3828/4436/3449 3474/4248/3339 2932/4251/3342 3435/4401/3434
f 3368/4437/3253 3828/4436/3449 3435/4401/3434 2890/4403/3254
f 2873/4431/3267 3439/4430/3448 3829/4438/3450 3447/4439/3427
f 3439/4430/3448 2936/4319/3379 3475/4096/3207 3829/4438/3450
f 3829/4438/3450 3475/4096/3207 2942/4099/3210 3453/4269/3355
f 3447/4439/3427 3829/4438/3450 3453/4269/3355 2922/4274/3250
f 3477/4440/3451 2946/4441/3452 3482/4442/3453 3830/4443/3454
f 3830/4443/3454 3482/4442/3453 2949/4444/3455 3479/4445/3456
f 3516/4446/3457 3477/4440/3451 3830/4443/3454 3852/4447/3458
f 3851/4448/3459 3831/4449/3460 3517/4450/3461 3478/4451/3462
f 3515/4452/3463 2943/4453/3464 3480/4454/3465 3831/4449/3460
f 3831/4449/3460 3480/4454/3465 2948/4455/3466 3517/4450/3461
f 3017/4456/3467 3631/4457/3468 3832/4458/3469 3565/4459/3470
f 3631/4457/3468 3019/4460/3471 3567/4461/3472 3832/4458/3469
f 3832/4458/3469 3567/4461/3472 2978/4462/3473 3540/4463/3474
f 3565/4459/3470 3832/4458/3469 3540/4463/3474 2965/4464/3475
f 2967/4465/3476 3528/4466/3477 3833/4467/3478 3549/4468/3479
f 3528/4466/3477 2945/4469/3480 3483/4470/3481 3833/4467/3478
f 3833/4467/3478 3483/4470/3481 2947/4471/3482 3531/4472/3483
f 3549/4468/3479 3833/4467/3478 3531/4472/3483 2969/4473/3484
f 3850/4474/3485 3834/4475/3486 3521/4476/3487 3495/4477/3488
f 3519/4478/3489 2952/4479/3490 3497/4480/3491 3834/4475/3486
f 3834/4475/3486 3497/4480/3491 2956/4481/3492 3521/4476/3487
f 3831/4449/3460 3851/4448/3459 3476/4482/3493 3515/4452/3463
f 2969/4473/3484 3531/4472/3483 3835/4483/3494 3548/4484/3495
f 3531/4472/3483 2947/4471/3482 3489/4485/3496 3835/4483/3494
f 3835/4483/3494 3489/4485/3496 2951/4486/3497 3533/4487/3498
f 3548/4484/3495 3835/4483/3494 3533/4487/3498 2971/4488/3499
f 3479/4445/3456 2949/4444/3455 3491/4489/3500 3836/4490/3501
f 3836/4490/3501 3491/4489/3500 2953/4491/3502 3488/4492/3503
f 3849/4493/3504 3837/4494/3505 3519/4478/3489 3487/4495/3506
f 3517/4450/3461 2948/4455/3466 3490/4496/3507 3837/4494/3505
f 3837/4494/3505 3490/4496/3507 2952/4479/3490 3519/4478/3489
f 3834/4475/3486 3850/4474/3485 3487/4495/3506 3519/4478/3489
f 3484/4497/3508 2982/4498/3509 3508/4499/3510 3838/4500/3511
f 3838/4500/3511 3508/4499/3510 2961/4501/3512 3505/4502/3513
f 2979/4503/3514 3485/4504/3515 3839/4505/3516 3546/4506/3517
f 3485/4504/3515 2984/4507/3518 3506/4508/3519 3839/4505/3516
f 3839/4505/3516 3506/4508/3519 2959/4509/3520 3537/4510/3521
f 3546/4506/3517 3839/4505/3516 3537/4510/3521 2975/4511/3522
f 2971/4488/3499 3533/4487/3498 3840/4512/3523 3544/4513/3524
f 3533/4487/3498 2951/4486/3497 3500/4514/3525 3840/4512/3523
f 3840/4512/3523 3500/4514/3525 2955/4515/3526 3535/4516/3527
f 3544/4513/3524 3840/4512/3523 3535/4516/3527 2973/4517/3528
f 3488/4492/3503 2953/4491/3502 3499/4518/3529 3841/4519/3530
f 3841/4519/3530 3499/4518/3529 2957/4520/3531 3496/4521/3532
f 3848/4522/3533 3842/4523/3534 3523/4524/3535 3504/4525/3536
f 3486/4526/3537 2983/4527/3538 3527/4528/3539 3842/4523/3534
f 3842/4523/3534 3527/4528/3539 2960/4529/3540 3523/4524/3535
f 3837/4494/3505 3849/4493/3504 3478/4451/3462 3517/4450/3461
f 3611/4530/3541 3569/4531/3389 2997/4532/3389 2999/4533/3542
f 2991/4534/3543 3502/4535/3544 3610/4536/3545 3005/4537/3546
f 3013/4538/3547 3551/4539/3548 3609/4540/3549 3022/4541/3550
f 3598/4542/3551 3552/4543/3552 2992/4544/3553 3004/4545/3554
f 3526/4546/3555 3512/4547/3556 3843/4548/3557 3856/4549/3558
f 3843/4548/3557 3512/4547/3556 2965/4550/3475 3540/4551/3474
f 3542/4552/3559 3843/4548/3557 3540/4551/3474 2978/4553/3473
f 3020/4554/3560 3630/4555/3561 3844/4556/3562 3568/4557/3563
f 3630/4555/3561 3015/4558/3564 3563/4559/3565 3844/4556/3562
f 3844/4556/3562 3563/4559/3565 2963/4560/3566 3539/4561/3567
f 3568/4557/3563 3844/4556/3562 3539/4561/3567 2977/4562/3568
f 3629/4563/3569 3017/4564/3467 3565/4565/3470 3845/4566/3570
f 3845/4566/3570 3565/4565/3470 2965/4567/3475 3512/4568/3556
f 3845/4566/3570 3857/4569/3571 3626/4570/3572 3629/4563/3569
f 3609/4540/3549 3551/4539/3548 2990/4571/3573 3006/4572/3574
f 2985/4573/3389 3553/4574/3389 3608/4575/3575 3011/4576/3576
f 3847/4577/3577 3846/4578/3578 3525/4579/3579 3511/4580/3580
f 3628/4581/3581 3016/4582/3582 3615/4583/3583 3846/4578/3578
f 3846/4578/3578 3615/4583/3583 2964/4584/3584 3525/4579/3579
f 3018/4585/3585 3627/4586/3586 3847/4577/3577 3617/4587/3587
f 3617/4587/3587 3847/4577/3577 3511/4580/3580 2966/4588/3588
f 2981/4589/3589 3493/4590/3590 3848/4522/3533 3513/4591/3591
f 3513/4591/3591 3848/4522/3533 3504/4525/3536 2962/4592/3592
f 2950/4593/3593 3478/4451/3462 3849/4493/3504 3492/4594/3594
f 3492/4594/3594 3849/4493/3504 3487/4495/3506 2954/4595/3595
f 2954/4595/3595 3487/4495/3506 3850/4474/3485 3498/4596/3596
f 3498/4596/3596 3850/4474/3485 3495/4477/3488 2958/4597/3597
f 2944/4598/3598 3476/4482/3493 3851/4448/3459 3481/4599/3599
f 3481/4599/3599 3851/4448/3459 3478/4451/3462 2950/4593/3593
f 2945/4600/3480 3516/4446/3457 3852/4447/3458 3483/4601/3481
f 3830/4443/3454 3479/4445/3456 3518/4602/3600 3852/4447/3458
f 3518/4602/3600 3479/4445/3456 3836/4490/3501 3853/4603/3601
f 3483/4601/3481 3852/4447/3458 3518/4602/3600 2947/4604/3482
f 2947/4604/3482 3518/4602/3600 3853/4603/3601 3489/4605/3496
f 3836/4490/3501 3488/4492/3503 3520/4606/3602 3853/4603/3601
f 3838/4500/3511 3854/4607/3603 3494/4608/3604 3484/4497/3508
f 3489/4605/3496 3853/4603/3601 3520/4606/3602 2951/4609/3497
f 2984/4610/3518 3494/4608/3604 3854/4607/3603 3506/4611/3519
f 3838/4500/3511 3505/4502/3513 3524/4612/3605 3854/4607/3603
f 3520/4606/3602 3488/4492/3503 3841/4519/3530 3855/4613/3606
f 3506/4611/3519 3854/4607/3603 3524/4612/3605 2959/4614/3520
f 2951/4609/3497 3520/4606/3602 3855/4613/3606 3500/4615/3525
f 3841/4519/3530 3496/4521/3532 3522/4616/3607 3855/4613/3606
f 3842/4523/3534 3848/4522/3533 3493/4590/3590 3486/4526/3537
f 3500/4615/3525 3855/4613/3606 3522/4616/3607 2955/4617/3526
f 2977/4618/3568 3539/4619/3567 3856/4549/3558 3541/4620/3608
f 3539/4619/3567 2963/4621/3566 3526/4546/3555 3856/4549/3558
f 3856/4549/3558 3843/4548/3557 3542/4552/3559 3541/4620/3608
f 3015/4622/3564 3626/4570/3572 3857/4569/3571 3563/4623/3565
f 3845/4566/3570 3512/4568/3556 3526/4624/3555 3857/4569/3571
f 3846/4578/3578 3847/4577/3577 3627/4586/3586 3628/4581/3581
f 3563/4623/3565 3857/4569/3571 3526/4624/3555 2963/4625/3566
f 2987/4626/3389 3572/4627/3389 3858/4628/3389 3569/4531/3389
f 3572/4627/3389 2973/4517/3528 3503/4629/3609 3858/4628/3389
f 3858/4628/3389 3503/4629/3609 2979/4503/3514 3596/4630/3389
f 3569/4531/3389 3858/4628/3389 3596/4630/3389 2997/4532/3389
f 2991/4534/3543 3576/4631/3610 3859/4632/3611 3502/4535/3544
f 3576/4631/3610 2977/4618/3568 3541/4620/3608 3859/4632/3611
f 3859/4632/3611 3862/4633/3612 3552/4543/3552 3502/4535/3544
f 3013/4538/3547 3625/4634/3613 3860/4635/3614 3551/4539/3548
f 3625/4634/3613 3019/4460/3471 3618/4636/3615 3860/4635/3614
f 3860/4635/3614 3618/4636/3615 2976/4637/3616 3575/4638/3617
f 3551/4539/3548 3860/4635/3614 3575/4638/3617 2990/4571/3573
f 2982/4639/3509 3501/4640/3618 3861/4641/3619 3508/4642/3510
f 3501/4640/3618 2980/4643/3620 3543/4644/3621 3861/4641/3619
f 3861/4641/3619 3543/4644/3621 2976/4637/3616 3538/4645/3622
f 3508/4642/3510 3861/4641/3619 3538/4645/3622 2961/4646/3512
f 3541/4620/3608 3542/4552/3559 3862/4633/3612 3859/4632/3611
f 3862/4633/3612 3542/4552/3559 2978/4553/3473 3577/4647/3623
f 3552/4543/3552 3862/4633/3612 3577/4647/3623 2992/4544/3553
f 2953/4648/3502 3534/4649/3624 3863/4650/3625 3499/4651/3529
f 3534/4649/3624 2972/4652/3626 3545/4653/3627 3863/4650/3625
f 3863/4650/3625 3545/4653/3627 2974/4654/3628 3536/4655/3629
f 3499/4651/3529 3863/4650/3625 3536/4655/3629 2957/4656/3531
f 2949/4657/3455 3532/4658/3630 3864/4659/3631 3491/4660/3500
f 3532/4658/3630 2970/4661/3632 3547/4662/3633 3864/4659/3631
f 3864/4659/3631 3547/4662/3633 2972/4652/3626 3534/4649/3624
f 3491/4660/3500 3864/4659/3631 3534/4649/3624 2953/4648/3502
f 2985/4573/3389 3570/4663/3389 3865/4664/3389 3553/4574/3389
f 3570/4663/3389 2971/4488/3499 3544/4513/3524 3865/4664/3389
f 3865/4664/3389 3544/4513/3524 2973/4517/3528 3572/4627/3389
f 3553/4574/3389 3865/4664/3389 3572/4627/3389 2987/4626/3389
f 2997/4532/3389 3596/4630/3389 3866/4665/3634 3554/4666/3635
f 3596/4630/3389 2979/4503/3514 3546/4506/3517 3866/4665/3634
f 3866/4665/3634 3546/4506/3517 2975/4511/3522 3574/4667/3636
f 3554/4666/3635 3866/4665/3634 3574/4667/3636 2989/4668/3637
f 2996/4669/3389 3581/4670/3389 3867/4671/3389 3555/4672/3389
f 3581/4670/3389 2967/4465/3476 3549/4468/3479 3867/4671/3389
f 3867/4671/3389 3549/4468/3479 2969/4473/3484 3579/4673/3389
f 3555/4672/3389 3867/4671/3389 3579/4673/3389 2994/4674/3389
f 2946/4675/3452 3529/4676/3638 3868/4677/3639 3482/4678/3453
f 3529/4676/3638 2968/4679/3640 3550/4680/3641 3868/4677/3639
f 3868/4677/3639 3550/4680/3641 2970/4661/3632 3532/4658/3630
f 3482/4678/3453 3868/4677/3639 3532/4658/3630 2949/4657/3455
f 3608/4575/3575 3553/4574/3389 2987/4626/3389 3009/4681/3642
f 2997/4532/3389 3554/4666/3635 3607/4682/3643 2999/4533/3542
f 2998/4683/3349 3582/4684/3349 3869/4685/3349 3556/4686/3349
f 3582/4684/3349 2980/4643/3620 3510/4687/3644 3869/4685/3349
f 3869/4685/3349 3510/4687/3644 2974/4654/3628 3573/4688/3349
f 3556/4686/3349 3869/4685/3349 3573/4688/3349 2988/4689/3349
f 3870/4690/3645 3484/4497/3508 3494/4608/3604 3874/4691/3646
f 3496/4521/3532 2957/4520/3531 3514/4692/3647 3870/4690/3645
f 3870/4690/3645 3514/4692/3647 2982/4498/3509 3484/4497/3508
f 3872/4693/3648 3873/4694/3649 3495/4477/3488 3521/4476/3487
f 2973/4517/3528 3535/4516/3527 3871/4695/3650 3503/4629/3609
f 3535/4516/3527 2955/4515/3526 3530/4696/3651 3871/4695/3650
f 3871/4695/3650 3530/4696/3651 2984/4507/3518 3485/4504/3515
f 3503/4629/3609 3871/4695/3650 3485/4504/3515 2979/4503/3514
f 3521/4476/3487 2956/4481/3492 3507/4697/3652 3872/4693/3648
f 3872/4693/3648 3507/4697/3652 2983/4527/3538 3486/4526/3537
f 2958/4597/3597 3495/4477/3488 3873/4694/3649 3509/4698/3653
f 3873/4694/3649 3872/4693/3648 3486/4526/3537 3493/4590/3590
f 3509/4698/3653 3873/4694/3649 3493/4590/3590 2981/4589/3589
f 2955/4617/3526 3522/4616/3607 3874/4691/3646 3530/4699/3651
f 3522/4616/3607 3496/4521/3532 3870/4690/3645 3874/4691/3646
f 3530/4699/3651 3874/4691/3646 3494/4608/3604 2984/4610/3518
f 2957/4656/3531 3536/4655/3629 3875/4700/3654 3514/4701/3647
f 3536/4655/3629 2974/4654/3628 3510/4687/3644 3875/4700/3654
f 3875/4700/3654 3510/4687/3644 2980/4643/3620 3501/4640/3618
f 3514/4701/3647 3875/4700/3654 3501/4640/3618 2982/4639/3509
f 2994/4674/3389 3579/4673/3389 3876/4702/3389 3557/4703/3389
f 3579/4673/3389 2969/4473/3484 3548/4484/3495 3876/4702/3389
f 3876/4702/3389 3548/4484/3495 2971/4488/3499 3570/4663/3389
f 3557/4703/3389 3876/4702/3389 3570/4663/3389 2985/4573/3389
f 3607/4682/3643 3554/4666/3635 2989/4668/3637 3007/4704/3655
f 2996/4669/3389 3555/4672/3389 3606/4705/3656 3000/4706/3657
f 3606/4705/3656 3555/4672/3389 2994/4674/3389 3002/4707/3658
f 3012/4708/3659 2998/4683/3349 3556/4686/3349 3605/4709/3659
f 3605/4709/3659 3556/4686/3349 2988/4689/3349 3008/4710/3660
f 2994/4674/3389 3557/4703/3389 3604/4711/3661 3002/4707/3658
f 3604/4711/3661 3557/4703/3389 2985/4573/3389 3011/4576/3576
f 2993/4712/3349 3558/4713/3349 3603/4714/3662 3003/4715/3663
f 2986/4716/3349 3559/4717/3349 3602/4718/3664 3010/4719/3665
f 3603/4714/3662 3558/4713/3349 2995/4720/3349 3001/4721/3666
f 2988/4689/3349 3560/4722/3349 3601/4723/3667 3008/4710/3660
f 3602/4718/3664 3559/4717/3349 2993/4712/3349 3003/4715/3663
f 2989/4668/3637 3613/4724/3668 3620/4725/3669 3007/4704/3655
f 3601/4723/3667 3560/4722/3349 2986/4716/3349 3010/4719/3665
f 2980/4643/3620 3582/4684/3349 3877/4726/3670 3543/4644/3621
f 3582/4684/3349 2998/4683/3349 3561/4727/3671 3877/4726/3670
f 3877/4726/3670 3561/4727/3671 2990/4571/3573 3575/4638/3617
f 3543/4644/3621 3877/4726/3670 3575/4638/3617 2976/4637/3616
f 2995/4720/3349 3558/4713/3349 3878/4728/3349 3580/4729/3349
f 3558/4713/3349 2993/4712/3349 3578/4730/3349 3878/4728/3349
f 3878/4728/3349 3578/4730/3349 2970/4661/3632 3550/4680/3641
f 3580/4729/3349 3878/4728/3349 3550/4680/3641 2968/4679/3640
f 2993/4712/3349 3559/4717/3349 3879/4731/3349 3578/4730/3349
f 3559/4717/3349 2986/4716/3349 3571/4732/3349 3879/4731/3349
f 3879/4731/3349 3571/4732/3349 2972/4652/3626 3547/4662/3633
f 3578/4730/3349 3879/4731/3349 3547/4662/3633 2970/4661/3632
f 2986/4716/3349 3560/4722/3349 3880/4733/3349 3571/4732/3349
f 3560/4722/3349 2988/4689/3349 3573/4688/3349 3880/4733/3349
f 3880/4733/3349 3573/4688/3349 2974/4654/3628 3545/4653/3627
f 3571/4732/3349 3880/4733/3349 3545/4653/3627 2972/4652/3626
f 3012/4708/3659 3597/4734/3672 3881/4735/3673 3600/4736/3674
f 3597/4734/3672 2981/4737/3589 3513/4738/3591 3881/4735/3673
f 3881/4735/3673 3513/4738/3591 2962/4739/3592 3590/4740/3675
f 3600/4736/3674 3881/4735/3673 3590/4740/3675 3006/4572/3574
f 3014/4741/3676 3613/4724/3668 3882/4742/3677 3624/4743/3678
f 3613/4724/3668 2989/4668/3637 3574/4667/3636 3882/4742/3677
f 3882/4742/3677 3574/4667/3636 2975/4511/3522 3619/4744/3679
f 3624/4743/3678 3882/4742/3677 3619/4744/3679 3020/4554/3560
f 3552/4543/3552 3598/4542/3551 3610/4536/3545 3502/4535/3544
f 3620/4725/3669 3613/4724/3668 3014/4741/3676 3021/4745/3680
f 3012/4708/3659 3600/4736/3674 3561/4727/3671 2998/4683/3349
f 3894/4746/3681 3883/4747/3682 3511/4748/3580 3525/4749/3579
f 3883/4747/3682 3598/4542/3551 3004/4545/3554 3588/4750/3683
f 3511/4748/3580 3883/4747/3682 3588/4750/3683 2966/4751/3588
f 3016/4752/3582 3564/4753/3684 3884/4754/3685 3623/4755/3686
f 3564/4753/3684 2960/4756/3540 3591/4757/3687 3884/4754/3685
f 3884/4754/3685 3591/4757/3687 3007/4704/3655 3620/4725/3669
f 3623/4755/3686 3884/4754/3685 3620/4725/3669 3021/4745/3680
f 3561/4727/3671 3600/4736/3674 3006/4572/3574 2990/4571/3573
f 3021/4745/3680 3014/4741/3676 3562/4758/3688 3599/4759/3689
f 2954/4760/3595 3498/4761/3596 3885/4762/3690 3594/4763/3691
f 3498/4761/3596 2958/4764/3597 3592/4765/3692 3885/4762/3690
f 3885/4762/3690 3592/4765/3692 3008/4710/3660 3601/4723/3667
f 3594/4763/3691 3885/4762/3690 3601/4723/3667 3010/4719/3665
f 2950/4766/3593 3492/4767/3594 3886/4768/3693 3587/4769/3694
f 3492/4767/3594 2954/4760/3595 3594/4763/3691 3886/4768/3693
f 3886/4768/3693 3594/4763/3691 3010/4719/3665 3602/4718/3664
f 3587/4769/3694 3886/4768/3693 3602/4718/3664 3003/4715/3663
f 2944/4770/3598 3481/4771/3599 3887/4772/3695 3585/4773/3696
f 3481/4771/3599 2950/4766/3593 3587/4769/3694 3887/4772/3695
f 3887/4772/3695 3587/4769/3694 3003/4715/3663 3603/4714/3662
f 3585/4773/3696 3887/4772/3695 3603/4714/3662 3001/4721/3666
f 2948/4774/3466 3586/4775/3697 3888/4776/3698 3490/4777/3507
f 3586/4775/3697 3002/4707/3658 3604/4711/3661 3888/4776/3698
f 3888/4776/3698 3604/4711/3661 3011/4576/3576 3595/4778/3699
f 3490/4777/3507 3888/4776/3698 3595/4778/3699 2952/4779/3490
f 2981/4737/3589 3597/4734/3672 3889/4780/3700 3509/4781/3653
f 3597/4734/3672 3012/4708/3659 3605/4709/3659 3889/4780/3700
f 3889/4780/3700 3605/4709/3659 3008/4710/3660 3592/4765/3692
f 3509/4781/3653 3889/4780/3700 3592/4765/3692 2958/4764/3597
f 2943/4782/3464 3584/4783/3701 3890/4784/3702 3480/4785/3465
f 3584/4783/3701 3000/4706/3657 3606/4705/3656 3890/4784/3702
f 3890/4784/3702 3606/4705/3656 3002/4707/3658 3586/4775/3697
f 3480/4785/3465 3890/4784/3702 3586/4775/3697 2948/4774/3466
f 2983/4786/3538 3583/4787/3703 3891/4788/3704 3527/4789/3539
f 3583/4787/3703 2999/4533/3542 3607/4682/3643 3891/4788/3704
f 3891/4788/3704 3607/4682/3643 3007/4704/3655 3591/4757/3687
f 3527/4789/3539 3891/4788/3704 3591/4757/3687 2960/4756/3540
f 2952/4779/3490 3595/4778/3699 3892/4790/3705 3497/4791/3491
f 3595/4778/3699 3011/4576/3576 3608/4575/3575 3892/4790/3705
f 3892/4790/3705 3608/4575/3575 3009/4681/3642 3593/4792/3706
f 3497/4791/3491 3892/4790/3705 3593/4792/3706 2956/4793/3492
f 3018/4794/3585 3622/4795/3707 3893/4796/3708 3566/4797/3709
f 3622/4795/3707 3022/4541/3550 3609/4540/3549 3893/4796/3708
f 3893/4796/3708 3609/4540/3549 3006/4572/3574 3590/4740/3675
f 3566/4797/3709 3893/4796/3708 3590/4740/3675 2962/4739/3592
f 2964/4798/3584 3589/4799/3710 3894/4746/3681 3525/4749/3579
f 3589/4799/3710 3005/4537/3546 3610/4536/3545 3894/4746/3681
f 3610/4536/3545 3598/4542/3551 3883/4747/3682 3894/4746/3681
f 2956/4793/3492 3593/4792/3706 3895/4800/3711 3507/4801/3652
f 3593/4792/3706 3009/4681/3642 3611/4530/3541 3895/4800/3711
f 3895/4800/3711 3611/4530/3541 2999/4533/3542 3583/4787/3703
f 3507/4801/3652 3895/4800/3711 3583/4787/3703 2983/4786/3538
f 2966/4802/3588 3588/4803/3683 3896/4804/3712 3617/4805/3587
f 3588/4803/3683 3004/4806/3554 3621/4807/3713 3896/4804/3712
f 3896/4804/3712 3621/4807/3713 3022/4541/3550 3622/4795/3707
f 3617/4805/3587 3896/4804/3712 3622/4795/3707 3018/4794/3585
f 2964/4808/3584 3615/4809/3583 3897/4810/3714 3589/4811/3710
f 3615/4809/3583 3016/4752/3582 3623/4755/3686 3897/4810/3714
f 3897/4810/3714 3623/4755/3686 3021/4745/3680 3599/4759/3689
f 3589/4811/3710 3897/4810/3714 3599/4759/3689 3005/4812/3546
f 2992/4813/3553 3612/4814/3715 3621/4807/3713 3004/4806/3554
f 3599/4759/3689 3562/4758/3688 2991/4815/3543 3005/4812/3546
f 2991/4815/3543 3562/4758/3688 3898/4816/3716 3576/4817/3610
f 3562/4758/3688 3014/4741/3676 3624/4743/3678 3898/4816/3716
f 3898/4816/3716 3624/4743/3678 3020/4554/3560 3568/4557/3563
f 3576/4817/3610 3898/4816/3716 3568/4557/3563 2977/4562/3568
f 2992/4813/3553 3577/4818/3623 3899/4819/3717 3612/4814/3715
f 3577/4818/3623 2978/4462/3473 3567/4461/3472 3899/4819/3717
f 3899/4819/3717 3567/4461/3472 3019/4460/3471 3625/4634/3613
f 3612/4814/3715 3899/4819/3717 3625/4634/3613 3013/4538/3547
f 2959/4614/3520 3524/4612/3605 3900/4820/3718 3614/4821/3719
f 3900/4820/3718 3903/4822/3720 3629/4563/3569 3626/4570/3572
f 3902/4823/3721 3901/4824/3722 3504/4525/3536 3523/4524/3535
f 3614/4821/3719 3900/4820/3718 3626/4570/3572 3015/4622/3564
f 2962/4592/3592 3504/4525/3536 3901/4824/3722 3566/4825/3709
f 3566/4825/3709 3901/4824/3722 3627/4586/3586 3018/4585/3585
f 3902/4823/3721 3628/4581/3581 3627/4586/3586 3901/4824/3722
f 3523/4524/3535 2960/4529/3540 3564/4826/3684 3902/4823/3721
f 3902/4823/3721 3564/4826/3684 3016/4582/3582 3628/4581/3581
f 2987/4626/3389 3569/4531/3389 3611/4530/3541 3009/4681/3642
f 3621/4807/3713 3612/4814/3715 3013/4538/3547 3022/4541/3550
f 3505/4502/3513 2961/4501/3512 3616/4827/3723 3903/4822/3720
f 3903/4822/3720 3616/4827/3723 3017/4564/3467 3629/4563/3569
f 3524/4612/3605 3505/4502/3513 3903/4822/3720 3900/4820/3718
f 2975/4511/3522 3537/4510/3521 3904/4828/3724 3619/4744/3679
f 3537/4510/3521 2959/4509/3520 3614/4829/3719 3904/4828/3724
f 3904/4828/3724 3614/4829/3719 3015/4558/3564 3630/4555/3561
f 3619/4744/3679 3904/4828/3724 3630/4555/3561 3020/4554/3560
f 2961/4646/3512 3538/4645/3622 3905/4830/3725 3616/4831/3723
f 3538/4645/3622 2976/4637/3616 3618/4636/3615 3905/4830/3725
f 3905/4830/3725 3618/4636/3615 3019/4460/3471 3631/4457/3468
f 3616/4831/3723 3905/4830/3725 3631/4457/3468 3017/4456/3467
f 3928/4832/3726 3933/4833/3727 3914/4834/3728 3907/4835/3729
f 3938/4836/3730 3943/4837/3731 3934/4838/3732 3927/4839/3733
f 3918/4840/3734 3923/4841/3735 3944/4842/3736 3937/4843/3737
f 3908/4844/3738 3913/4845/3739 3924/4846/3740 3917/4847/3741
f 3906/4848/3742 3909/4849/3743 3910/4850/3744 3912/4851/3745
f 3907/4835/3729 3911/4852/3746 3910/4853/3744 3909/4854/3743
f 3908/4844/3738 3912/4855/3745 3910/4856/3744 3911/4857/3746
f 3916/4858/3747 3919/4859/3748 3920/4860/3749 3922/4861/3750
f 3917/4847/3741 3921/4862/3751 3920/4863/3749 3919/4864/3748
f 3918/4840/3734 3922/4865/3750 3920/4866/3749 3921/4867/3751
f 3926/4868/3752 3929/4869/3753 3930/4870/3754 3932/4871/3755
f 3927/4839/3733 3931/4872/3756 3930/4873/3754 3929/4874/3753
f 3928/4832/3726 3932/4875/3755 3930/4876/3754 3931/4877/3756
f 3936/4878/3757 3939/4879/3758 3940/4880/3759 3942/4881/3760
f 3937/4843/3737 3941/4882/3761 3940/4883/3759 3939/4884/3758
f 3938/4836/3730 3942/4885/3760 3940/4886/3759 3941/4887/3761
f 3916/4858/3747 3906/4848/3742 3912/4851/3745 3919/4859/3748
f 3919/4864/3748 3912/4855/3745 3908/4844/3738 3917/4847/3741
f 3907/4835/3729 3914/4834/3728 3915/4888/3762 3911/4852/3746
f 3911/4857/3746 3915/4889/3762 3913/4845/3739 3908/4844/3738
f 3923/4841/3735 3918/4840/3734 3921/4867/3751 3925/4890/3763
f 3925/4891/3763 3921/4862/3751 3917/4847/3741 3924/4846/3740
f 3936/4878/3757 3916/4858/3747 3922/4861/3750 3939/4879/3758
f 3939/4884/3758 3922/4865/3750 3918/4840/3734 3937/4843/3737
f 3943/4837/3731 3938/4836/3730 3941/4887/3761 3945/4892/3764
f 3945/4893/3764 3941/4882/3761 3937/4843/3737 3944/4842/3736
f 3926/4868/3752 3936/4878/3757 3942/4881/3760 3929/4869/3753
f 3929/4874/3753 3942/4885/3760 3938/4836/3730 3927/4839/3733
f 3933/4833/3727 3928/4832/3726 3931/4877/3756 3935/4894/3765
f 3935/4895/3765 3931/4872/3756 3927/4839/3733 3934/4838/3732
f 3906/4848/3742 3926/4868/3752 3932/4871/3755 3909/4849/3743
f 3909/4854/3743 3932/4875/3755 3928/4832/3726 3907/4835/3729
f 3916/4858/3747 3936/4878/3757 3926/4868/3752 3906/4848/3742
f 3968/4896/3766 3973/4897/3767 3954/4898/3768 3947/4899/3769
f 3978/4900/3770 3983/4901/3771 3974/4902/3772 3967/4903/3773
f 3958/4904/3774 3963/4905/3775 3984/4906/3776 3977/4907/3777
f 3948/4908/3778 3953/4909/3779 3964/4910/3780 3957/4911/3781
f 3946/4912/3782 3949/4913/3783 3950/4914/3784 3952/4915/3785
f 3947/4899/3769 3951/4916/3786 3950/4917/3784 3949/4918/3783
f 3948/4908/3778 3952/4919/3785 3950/4920/3784 3951/4921/3786
f 3956/4922/3787 3959/4923/3788 3960/4924/3789 3962/4925/3790
f 3957/4911/3781 3961/4926/3791 3960/4927/3789 3959/4928/3788
f 3958/4904/3774 3962/4929/3790 3960/4930/3789 3961/4931/3791
f 3966/4932/3792 3969/4933/3793 3970/4934/3794 3972/4935/3795
f 3967/4903/3773 3971/4936/3796 3970/4937/3794 3969/4938/3793
f 3968/4896/3766 3972/4939/3795 3970/4940/3794 3971/4941/3796
f 3976/4942/3797 3979/4943/3798 3980/4944/3799 3982/4945/3800
f 3977/4907/3777 3981/4946/3801 3980/4947/3799 3979/4948/3798
f 3978/4900/3770 3982/4949/3800 3980/4950/3799 3981/4951/3801
f 3956/4922/3787 3946/4912/3782 3952/4915/3785 3959/4923/3788
f 3959/4928/3788 3952/4919/3785 3948/4908/3778 3957/4911/3781
f 3947/4899/3769 3954/4898/3768 3955/4952/3802 3951/4916/3786
f 3951/4921/3786 3955/4953/3802 3953/4909/3779 3948/4908/3778
f 3963/4905/3775 3958/4904/3774 3961/4931/3791 3965/4954/3803
f 3965/4955/3803 3961/4926/3791 3957/4911/3781 3964/4910/3780
f 3976/4942/3797 3956/4922/3787 3962/4925/3790 3979/4943/3798
f 3979/4948/3798 3962/4929/3790 3958/4904/3774 3977/4907/3777
f 3983/4901/3771 3978/4900/3770 3981/4951/3801 3985/4956/3804
f 3985/4957/3804 3981/4946/3801 3977/4907/3777 3984/4906/3776
f 3966/4932/3792 3976/4942/3797 3982/4945/3800 3969/4933/3793
f 3969/4938/3793 3982/4949/3800 3978/4900/3770 3967/4903/3773
f 3973/4897/3767 3968/4896/3766 3971/4941/3796 3975/4958/3805
f 3975/4959/3805 3971/4936/3796 3967/4903/3773 3974/4902/3772
f 3946/4912/3782 3966/4932/3792 3972/4935/3795 3949/4913/3783
f 3949/4918/3783 3972/4939/3795 3968/4896/3766 3947/4899/3769
f 3956/4922/3787 3976/4942/3797 3966/4932/3792 3946/4912/3782
f 4008/4960/3806 4013/4961/3807 3994/4962/3808 3987/4963/3809
f 4018/4964/3810 4023/4965/3811 4014/4966/3812 4007/4967/3813
f 3998/4968/3814 4003/4969/3815 4024/4970/3816 4017/4971/3817
f 3988/4972/3818 3993/4973/3819 4004/4974/3820 3997/4975/3821
f 3986/4976/3822 3989/4977/3823 3990/4978/3824 3992/4979/3825
f 3987/4963/3809 3991/4980/3826 3990/4981/3824 3989/4982/3823
f 3988/4972/3818 3992/4983/3825 3990/4984/3824 3991/4985/3826
f 3996/4986/3827 3999/4987/3828 4000/4988/3829 4002/4989/3830
f 3997/4975/3821 4001/4990/3831 4000/4991/3829 3999/4992/3828
f 3998/4968/3814 4002/4993/3830 4000/4994/3829 4001/4995/3831
f 4006/4996/3832 4009/4997/3833 4010/4998/3834 4012/4999/3835
f 4007/4967/3813 4011/5000/3836 4010/5001/3834 4009/5002/3833
f 4008/4960/3806 4012/5003/3835 4010/5004/3834 4011/5005/3836
f 4016/5006/3837 4019/5007/3838 4020/5008/3839 4022/5009/3840
f 4017/4971/3817 4021/5010/3841 4020/5011/3839 4019/5012/3838
f 4018/4964/3810 4022/5013/3840 4020/5014/3839 4021/5015/3841
f 3996/4986/3827 3986/4976/3822 3992/4979/3825 3999/4987/3828
f 3999/4992/3828 3992/4983/3825 3988/4972/3818 3997/4975/3821
f 3987/4963/3809 3994/4962/3808 3995/5016/3842 3991/4980/3826
f 3991/4985/3826 3995/5017/3842 3993/4973/3819 3988/4972/3818
f 4003/4969/3815 3998/4968/3814 4001/4995/3831 4005/5018/3843
f 4005/5019/3843 4001/4990/3831 3997/4975/3821 4004/4974/3820
f 4016/5006/3837 3996/4986/3827 4002/4989/3830 4019/5007/3838
f 4019/5012/3838 4002/4993/3830 3998/4968/3814 4017/4971/3817
f 4023/4965/3811 4018/4964/3810 4021/5015/3841 4025/5020/3844
f 4025/5021/3844 4021/5010/3841 4017/4971/3817 4024/4970/3816
f 4006/4996/3832 4016/5006/3837 4022/5009/3840 4009/4997/3833
f 4009/5002/3833 4022/5013/3840 4018/4964/3810 4007/4967/3813
f 4013/4961/3807 4008/4960/3806 4011/5005/3836 4015/5022/3845
f 4015/5023/3845 4011/5000/3836 4007/4967/3813 4014/4966/3812
f 3986/4976/3822 4006/4996/3832 4012/4999/3835 3989/4977/3823
f 3989/4982/3823 4012/5003/3835 4008/4960/3806 3987/4963/3809
f 3996/4986/3827 4016/5006/3837 4006/4996/3832 3986/4976/3822
f 4048/5024/3846 4053/5025/3847 4034/5026/3848 4027/5027/3849
f 4058/5028/3850 4063/5029/3851 4054/5030/3852 4047/5031/3853
f 4038/5032/3854 4043/5033/3855 4064/5034/3856 4057/5035/3857
f 4028/5036/3858 4033/5037/3859 4044/5038/3860 4037/5039/3861
f 4026/5040/3862 4029/5041/3863 4030/5042/3864 4032/5043/3865
f 4027/5027/3849 4031/5044/3866 4030/5045/3864 4029/5046/3863
f 4028/5036/3858 4032/5047/3865 4030/5048/3864 4031/5049/3866
f 4036/5050/3867 4039/5051/3868 4040/5052/3869 4042/5053/3870
f 4037/5039/3861 4041/5054/3871 4040/5055/3869 4039/5056/3868
f 4038/5032/3854 4042/5057/3870 4040/5058/3869 4041/5059/3871
f 4046/5060/3872 4049/5061/3873 4050/5062/3874 4052/5063/3875
f 4047/5031/3853 4051/5064/3876 4050/5065/3874 4049/5066/3873
f 4048/5024/3846 4052/5067/3875 4050/5068/3874 4051/5069/3876
f 4056/5070/3877 4059/5071/3878 4060/5072/3879 4062/5073/3880
f 4057/5035/3857 4061/5074/3881 4060/5075/3879 4059/5076/3878
f 4058/5028/3850 4062/5077/3880 4060/5078/3879 4061/5079/3881
f 4036/5050/3867 4026/5040/3862 4032/5043/3865 4039/5051/3868
f 4039/5056/3868 4032/5047/3865 4028/5036/3858 4037/5039/3861
f 4027/5027/3849 4034/5026/3848 4035/5080/3882 4031/5044/3866
f 4031/5049/3866 4035/5081/3882 4033/5037/3859 4028/5036/3858
f 4043/5033/3855 4038/5032/3854 4041/5059/3871 4045/5082/3883
f 4045/5083/3883 4041/5054/3871 4037/5039/3861 4044/5038/3860
f 4056/5070/3877 4036/5050/3867 4042/5053/3870 4059/5071/3878
f 4059/5076/3878 4042/5057/3870 4038/5032/3854 4057/5035/3857
f 4063/5029/3851 4058/5028/3850 4061/5079/3881 4065/5084/3884
f 4065/5085/3884 4061/5074/3881 4057/5035/3857 4064/5034/3856
f 4046/5060/3872 4056/5070/3877 4062/5073/3880 4049/5061/3873
f 4049/5066/3873 4062/5077/3880 4058/5028/3850 4047/5031/3853
f 4053/5025/3847 4048/5024/3846 4051/5069/3876 4055/5086/3885
f 4055/5087/3885 4051/5064/3876 4047/5031/3853 4054/5030/3852
f 4026/5040/3862 4046/5060/3872 4052/5063/3875 4029/5041/3863
f 4029/5046/3863 4052/5067/3875 4048/5024/3846 4027/5027/3849
f 4036/5050/3867 4056/5070/3877 4046/5060/3872 4026/5040/3862
f 1214/1969/1543 1243/2033/585 1242/1970/1544
o round_wooden_table_01_bolts
v -0.125680 0.926414 0.106073
v -0.125680 0.933060 0.106073
v -0.120578 0.926414 0.097237
v -0.120578 0.933060 0.097237
v -0.110375 0.926414 0.097237
v -0.110375 0.933060 0.097237
v -0.105273 0.926414 0.106073
v -0.105273 0.933060 0.106073
v -0.110375 0.926414 0.114910
v -0.110375 0.933060 0.114910
v -0.120578 0.926414 0.114910
v -0.120578 0.933060 0.114910
v -0.119651 0.920141 0.106073
v -0.119651 0.926425 0.106073
v -0.119333 0.920141 0.104476
v -0.119333 0.926425 0.104476
v -0.118428 0.920141 0.103122
v -0.118428 0.926425 0.103122
v -0.117074 0.920141 0.102217
v -0.117074 0.926425 0.102217
v -0.115477 0.920141 0.101899
v -0.115477 0.926425 0.101899
v -0.113879 0.920141 0.102217
v -0.113879 0.926425 0.102217
v -0.112525 0.920141 0.103122
v -0.112525 0.926425 0.103122
v -0.111620 0.920141 0.104476
v -0.111620 0.926425 0.104476
v -0.111302 0.920141 0.106073
v -0.111302 0.926425 0.106073
v -0.111620 0.920141 0.107671
v -0.111620 0.926425 0.107671
v -0.112525 0.920141 0.109025
v -0.112525 0.926425 0.109025
v -0.113879 0.920141 0.109930
v -0.113879 0.926425 0.109930
v -0.115477 0.920141 0.110247
v -0.115477 0.926425 0.110247
v -0.117074 0.920141 0.109930
v -0.117074 0.926425 0.109930
v -0.118428 0.920141 0.109025
v -0.118428 0.926425 0.109025
v -0.119333 0.920141 0.107671
v -0.119333 0.926425 0.107671
v -0.135786 0.934642 0.106073
v -0.135786 0.935826 0.106073
v -0.134792 0.934642 0.099797
v -0.134792 0.935826 0.099797
v -0.131908 0.934642 0.094136
v -0.131908 0.935826 0.094136
v -0.127414 0.934642 0.089642
v -0.127414 0.935826 0.089642
v -0.121753 0.934642 0.086758
v -0.121753 0.935826 0.086758
v -0.115477 0.934642 0.085764
v -0.115477 0.935826 0.085764
v -0.109201 0.934642 0.086758
v -0.109201 0.935826 0.086758
v -0.103539 0.934642 0.089642
v -0.103539 0.935826 0.089642
v -0.099046 0.934642 0.094136
v -0.099046 0.935826 0.094136
v -0.096161 0.934642 0.099797
v -0.096161 0.935826 0.099797
v -0.095167 0.934642 0.106073
v -0.095167 0.935826 0.106073
v -0.096161 0.934642 0.112349
v -0.096161 0.935826 0.112349
v -0.099046 0.934642 0.118011
v -0.099046 0.935826 0.118011
v -0.103539 0.934642 0.122504
v -0.103539 0.935826 0.122504
v -0.109201 0.934642 0.125389
v -0.109201 0.935826 0.125389
v -0.115477 0.934642 0.126383
v -0.115477 0.935826 0.126383
v -0.121753 0.934642 0.125389
v -0.121753 0.935826 0.125389
v -0.127414 0.934642 0.122504
v -0.127414 0.935826 0.122504
v -0.131908 0.934642 0.118011
v -0.131908 0.935826 0.118011
v -0.134792 0.934642 0.112349
v -0.134792 0.935826 0.112349
v -0.129724 0.933246 0.106073
v -0.129724 0.934679 0.106073
v -0.129027 0.933246 0.101671
v -0.129027 0.934679 0.101671
v -0.127003 0.933246 0.097699
v -0.127003 0.934679 0.097699
v -0.123851 0.933246 0.094547
v -0.123851 0.934679 0.094547
v -0.119879 0.933246 0.092523
v -0.119879 0.934679 0.092523
v -0.115477 0.933246 0.091826
v -0.115477 0.934679 0.091826
v -0.111074 0.933246 0.092523
v -0.111074 0.934679 0.092523
v -0.107102 0.933246 0.094547
v -0.107102 0.934679 0.094547
v -0.103950 0.933246 0.097699
v -0.103950 0.934679 0.097699
v -0.101926 0.933246 0.101671
v -0.101926 0.934679 0.101671
v -0.101229 0.933246 0.106073
v -0.101229 0.934679 0.106073
v -0.101926 0.933246 0.110476
v -0.101926 0.934679 0.110476
v -0.103950 0.933246 0.114448
v -0.103950 0.934679 0.114448
v -0.107102 0.933246 0.117600
v -0.107102 0.934679 0.117600
v -0.111074 0.933246 0.119624
v -0.111074 0.934679 0.119624
v -0.115477 0.933246 0.120321
v -0.115477 0.934679 0.120321
v -0.119879 0.933246 0.119624
v -0.119879 0.934679 0.119624
v -0.123851 0.933246 0.117600
v -0.123851 0.934679 0.117600
v -0.127003 0.933246 0.114448
v -0.127003 0.934679 0.114448
v -0.129027 0.933246 0.110476
v -0.129027 0.934679 0.110476
v 0.150451 0.926414 -0.105343
v 0.150451 0.933060 -0.105343
v 0.140589 0.926414 -0.102723
v 0.140589 0.933060 -0.102723
v 0.137928 0.926414 -0.092873
v 0.137928 0.933060 -0.092873
v 0.145127 0.926414 -0.085643
v 0.145127 0.933060 -0.085643
v 0.154989 0.926414 -0.088263
v 0.154989 0.933060 -0.088263
v 0.157650 0.926414 -0.098113
v 0.157650 0.933060 -0.098113
v 0.148878 0.920141 -0.099523
v 0.148878 0.926425 -0.099523
v 0.147253 0.920141 -0.099633
v 0.147253 0.926425 -0.099633
v 0.145710 0.920141 -0.099112
v 0.145710 0.926425 -0.099112
v 0.144483 0.920141 -0.098041
v 0.144483 0.926425 -0.098041
v 0.143759 0.920141 -0.096582
v 0.143759 0.926425 -0.096582
v 0.143649 0.920141 -0.094957
v 0.143649 0.926425 -0.094957
v 0.144170 0.920141 -0.093414
v 0.144170 0.926425 -0.093414
v 0.145241 0.920141 -0.092187
v 0.145241 0.926425 -0.092187
v 0.146700 0.920141 -0.091464
v 0.146700 0.926425 -0.091464
v 0.148325 0.920141 -0.091354
v 0.148325 0.926425 -0.091354
v 0.149868 0.920141 -0.091874
v 0.149868 0.926425 -0.091874
v 0.151095 0.920141 -0.092945
v 0.151095 0.926425 -0.092945
v 0.151819 0.920141 -0.094404
v 0.151819 0.926425 -0.094404
v 0.151928 0.920141 -0.096029
v 0.151928 0.926425 -0.096029
v 0.151408 0.920141 -0.097572
v 0.151408 0.926425 -0.097572
v 0.150337 0.920141 -0.098799
v 0.150337 0.926425 -0.098799
v 0.153087 0.934642 -0.115100
v 0.153087 0.935826 -0.115100
v 0.146769 0.934642 -0.115777
v 0.146769 0.935826 -0.115777
v 0.140551 0.934642 -0.114469
v 0.140551 0.935826 -0.114469
v 0.135041 0.934642 -0.111304
v 0.135041 0.935826 -0.111304
v 0.130779 0.934642 -0.106591
v 0.130779 0.935826 -0.106591
v 0.128182 0.934642 -0.100791
v 0.128182 0.935826 -0.100791
v 0.127505 0.934642 -0.094473
v 0.127505 0.935826 -0.094473
v 0.128813 0.934642 -0.088255
v 0.128813 0.935826 -0.088255
v 0.131978 0.934642 -0.082745
v 0.131978 0.935826 -0.082745
v 0.136691 0.934642 -0.078484
v 0.136691 0.935826 -0.078484
v 0.142491 0.934642 -0.075887
v 0.142491 0.935826 -0.075887
v 0.148809 0.934642 -0.075209
v 0.148809 0.935826 -0.075209
v 0.155027 0.934642 -0.076517
v 0.155027 0.935826 -0.076517
v 0.160537 0.934642 -0.079682
v 0.160537 0.935826 -0.079682
v 0.164799 0.934642 -0.084396
v 0.164799 0.935826 -0.084396
v 0.167395 0.934642 -0.090195
v 0.167395 0.935826 -0.090195
v 0.168073 0.934642 -0.096513
v 0.168073 0.935826 -0.096513
v 0.166765 0.934642 -0.102731
v 0.166765 0.935826 -0.102731
v 0.163600 0.934642 -0.108241
v 0.163600 0.935826 -0.108241
v 0.158887 0.934642 -0.112503
v 0.158887 0.935826 -0.112503
v 0.151506 0.933246 -0.109248
v 0.151506 0.934679 -0.109248
v 0.147074 0.933246 -0.109723
v 0.147074 0.934679 -0.109723
v 0.142711 0.933246 -0.108806
v 0.142711 0.934679 -0.108806
v 0.138846 0.933246 -0.106585
v 0.138846 0.934679 -0.106585
v 0.135856 0.933246 -0.103279
v 0.135856 0.934679 -0.103279
v 0.134034 0.933246 -0.099210
v 0.134034 0.934679 -0.099210
v 0.133559 0.933246 -0.094778
v 0.133559 0.934679 -0.094778
v 0.134477 0.933246 -0.090416
v 0.134477 0.934679 -0.090416
v 0.136697 0.933246 -0.086550
v 0.136697 0.934679 -0.086550
v 0.140004 0.933246 -0.083560
v 0.140004 0.934679 -0.083560
v 0.144072 0.933246 -0.081739
v 0.144072 0.934679 -0.081739
v 0.148504 0.933246 -0.081263
v 0.148504 0.934679 -0.081263
v 0.152867 0.933246 -0.082181
v 0.152867 0.934679 -0.082181
v 0.156732 0.933246 -0.084401
v 0.156732 0.934679 -0.084401
v 0.159722 0.933246 -0.087708
v 0.159722 0.934679 -0.087708
v 0.161543 0.933246 -0.091776
v 0.161543 0.934679 -0.091776
v 0.162019 0.933246 -0.096209
v 0.162019 0.934679 -0.096209
v 0.161101 0.933246 -0.100571
v 0.161101 0.934679 -0.100571
v 0.158881 0.933246 -0.104436
v 0.158881 0.934679 -0.104436
v 0.155574 0.933246 -0.107426
v 0.155574 0.934679 -0.107426
v -0.107804 0.926414 -0.135918
v -0.107804 0.933060 -0.135918
v -0.098968 0.926414 -0.130816
v -0.098968 0.933060 -0.130816
v -0.098968 0.926414 -0.120612
v -0.098968 0.933060 -0.120612
v -0.107804 0.926414 -0.115511
v -0.107804 0.933060 -0.115511
v -0.116641 0.926414 -0.120612
v -0.116641 0.933060 -0.120612
v -0.116641 0.926414 -0.130816
v -0.116641 0.933060 -0.130816
v -0.107804 0.920141 -0.129888
v -0.107804 0.926425 -0.129888
v -0.106207 0.920141 -0.129570
v -0.106207 0.926425 -0.129570
v -0.104853 0.920141 -0.128666
v -0.104853 0.926425 -0.128666
v -0.103948 0.920141 -0.127311
v -0.103948 0.926425 -0.127311
v -0.103630 0.920141 -0.125714
v -0.103630 0.926425 -0.125714
v -0.103948 0.920141 -0.124117
v -0.103948 0.926425 -0.124117
v -0.104853 0.920141 -0.122763
v -0.104853 0.926425 -0.122763
v -0.106207 0.920141 -0.121858
v -0.106207 0.926425 -0.121858
v -0.107804 0.920141 -0.121540
v -0.107804 0.926425 -0.121540
v -0.109401 0.920141 -0.121858
v -0.109401 0.926425 -0.121858
v -0.110756 0.920141 -0.122763
v -0.110756 0.926425 -0.122763
v -0.111660 0.920141 -0.124117
v -0.111660 0.926425 -0.124117
v -0.111978 0.920141 -0.125714
v -0.111978 0.926425 -0.125714
v -0.111660 0.920141 -0.127311
v -0.111660 0.926425 -0.127311
v -0.110756 0.920141 -0.128666
v -0.110756 0.926425 -0.128666
v -0.109401 0.920141 -0.129570
v -0.109401 0.926425 -0.129570
v -0.107804 0.934642 -0.146024
v -0.107804 0.935826 -0.146024
v -0.101528 0.934642 -0.145030
v -0.101528 0.935826 -0.145030
v -0.095866 0.934642 -0.142145
v -0.095866 0.935826 -0.142145
v -0.091373 0.934642 -0.137652
v -0.091373 0.935826 -0.137652
v -0.088488 0.934642 -0.131990
v -0.088488 0.935826 -0.131990
v -0.087494 0.934642 -0.125714
v -0.087494 0.935826 -0.125714
v -0.088488 0.934642 -0.119438
v -0.088488 0.935826 -0.119438
v -0.091373 0.934642 -0.113776
v -0.091373 0.935826 -0.113776
v -0.095866 0.934642 -0.109283
v -0.095866 0.935826 -0.109283
v -0.101528 0.934642 -0.106398
v -0.101528 0.935826 -0.106398
v -0.107804 0.934642 -0.105404
v -0.107804 0.935826 -0.105404
v -0.114080 0.934642 -0.106398
v -0.114080 0.935826 -0.106398
v -0.119742 0.934642 -0.109283
v -0.119742 0.935826 -0.109283
v -0.124235 0.934642 -0.113776
v -0.124235 0.935826 -0.113776
v -0.127120 0.934642 -0.119438
v -0.127120 0.935826 -0.119438
v -0.128114 0.934642 -0.125714
v -0.128114 0.935826 -0.125714
v -0.127120 0.934642 -0.131990
v -0.127120 0.935826 -0.131990
v -0.124235 0.934642 -0.137652
v -0.124235 0.935826 -0.137652
v -0.119742 0.934642 -0.142145
v -0.119742 0.935826 -0.142145
v -0.114080 0.934642 -0.145030
v -0.114080 0.935826 -0.145030
v -0.107804 0.933246 -0.139962
v -0.107804 0.934679 -0.139962
v -0.103401 0.933246 -0.139265
v -0.103401 0.934679 -0.139265
v -0.099429 0.933246 -0.137241
v -0.099429 0.934679 -0.137241
v -0.096277 0.933246 -0.134089
v -0.096277 0.934679 -0.134089
v -0.094254 0.933246 -0.130117
v -0.094254 0.934679 -0.130117
v -0.093556 0.933246 -0.125714
v -0.093556 0.934679 -0.125714
v -0.094254 0.933246 -0.121311
v -0.094254 0.934679 -0.121311
v -0.096277 0.933246 -0.117339
v -0.096277 0.934679 -0.117339
v -0.099429 0.933246 -0.114187
v -0.099429 0.934679 -0.114187
v -0.103401 0.933246 -0.112164
v -0.103401 0.934679 -0.112164
v -0.107804 0.933246 -0.111466
v -0.107804 0.934679 -0.111466
v -0.112207 0.933246 -0.112164
v -0.112207 0.934679 -0.112164
v -0.116179 0.933246 -0.114187
v -0.116179 0.934679 -0.114187
v -0.119331 0.933246 -0.117339
v -0.119331 0.934679 -0.117339
v -0.121355 0.933246 -0.121311
v -0.121355 0.934679 -0.121311
v -0.122052 0.933246 -0.125714
v -0.122052 0.934679 -0.125714
v -0.121355 0.933246 -0.130117
v -0.121355 0.934679 -0.130117
v -0.119331 0.933246 -0.134089
v -0.119331 0.934679 -0.134089
v -0.116179 0.933246 -0.137241
v -0.116179 0.934679 -0.137241
v -0.112207 0.933246 -0.139265
v -0.112207 0.934679 -0.139265
v 0.137562 0.926414 0.113808
v 0.137562 0.933060 0.113808
v 0.134942 0.926414 0.103947
v 0.134942 0.933060 0.103947
v 0.125092 0.926414 0.101285
v 0.125092 0.933060 0.101285
v 0.117862 0.926414 0.108484
v 0.117862 0.933060 0.108484
v 0.120482 0.926414 0.118346
v 0.120482 0.933060 0.118346
v 0.130332 0.926414 0.121008
v 0.130332 0.933060 0.121008
v 0.131741 0.920141 0.112235
v 0.131741 0.926425 0.112235
v 0.131851 0.920141 0.110610
v 0.131851 0.926425 0.110610
v 0.131331 0.920141 0.109067
v 0.131331 0.926425 0.109067
v 0.130260 0.920141 0.107840
v 0.130260 0.926425 0.107840
v 0.128801 0.920141 0.107117
v 0.128801 0.926425 0.107117
v 0.127176 0.920141 0.107007
v 0.127176 0.926425 0.107007
v 0.125632 0.920141 0.107527
v 0.125632 0.926425 0.107527
v 0.124406 0.920141 0.108598
v 0.124406 0.926425 0.108598
v 0.123682 0.920141 0.110057
v 0.123682 0.926425 0.110057
v 0.123572 0.920141 0.111682
v 0.123572 0.926425 0.111682
v 0.124093 0.920141 0.113226
v 0.124093 0.926425 0.113226
v 0.125164 0.920141 0.114452
v 0.125164 0.926425 0.114452
v 0.126623 0.920141 0.115176
v 0.126623 0.926425 0.115176
v 0.128248 0.920141 0.115286
v 0.128248 0.926425 0.115286
v 0.129791 0.920141 0.114766
v 0.129791 0.926425 0.114766
v 0.131018 0.920141 0.113694
v 0.131018 0.926425 0.113694
v 0.147318 0.934642 0.116445
v 0.147318 0.935826 0.116445
v 0.147996 0.934642 0.110126
v 0.147996 0.935826 0.110126
v 0.146688 0.934642 0.103908
v 0.146688 0.935826 0.103908
v 0.143523 0.934642 0.098398
v 0.143523 0.935826 0.098398
v 0.138810 0.934642 0.094137
v 0.138810 0.935826 0.094137
v 0.133010 0.934642 0.091540
v 0.133010 0.935826 0.091540
v 0.126692 0.934642 0.090862
v 0.126692 0.935826 0.090862
v 0.120474 0.934642 0.092170
v 0.120474 0.935826 0.092170
v 0.114964 0.934642 0.095335
v 0.114964 0.935826 0.095335
v 0.110702 0.934642 0.100049
v 0.110702 0.935826 0.100049
v 0.108105 0.934642 0.105848
v 0.108105 0.935826 0.105848
v 0.107428 0.934642 0.112166
v 0.107428 0.935826 0.112166
v 0.108736 0.934642 0.118384
v 0.108736 0.935826 0.118384
v 0.111901 0.934642 0.123894
v 0.111901 0.935826 0.123894
v 0.116614 0.934642 0.128156
v 0.116614 0.935826 0.128156
v 0.122414 0.934642 0.130753
v 0.122414 0.935826 0.130753
v 0.128732 0.934642 0.131430
v 0.128732 0.935826 0.131430
v 0.134950 0.934642 0.130122
v 0.134950 0.935826 0.130122
v 0.140460 0.934642 0.126957
v 0.140460 0.935826 0.126957
v 0.144722 0.934642 0.122244
v 0.144722 0.935826 0.122244
v 0.141466 0.933246 0.114863
v 0.141466 0.934679 0.114863
v 0.141942 0.933246 0.110431
v 0.141942 0.934679 0.110431
v 0.141024 0.933246 0.106069
v 0.141024 0.934679 0.106069
v 0.138804 0.933246 0.102203
v 0.138804 0.934679 0.102203
v 0.135497 0.933246 0.099213
v 0.135497 0.934679 0.099213
v 0.131429 0.933246 0.097392
v 0.131429 0.934679 0.097392
v 0.126996 0.933246 0.096916
v 0.126996 0.934679 0.096916
v 0.122634 0.933246 0.097834
v 0.122634 0.934679 0.097834
v 0.118769 0.933246 0.100055
v 0.118769 0.934679 0.100055
v 0.115779 0.933246 0.103361
v 0.115779 0.934679 0.103361
v 0.113957 0.933246 0.107429
v 0.113957 0.934679 0.107429
v 0.113482 0.933246 0.111862
v 0.113482 0.934679 0.111862
v 0.114399 0.933246 0.116224
v 0.114399 0.934679 0.116224
v 0.116620 0.933246 0.120089
v 0.116620 0.934679 0.120089
v 0.119927 0.933246 0.123079
v 0.119927 0.934679 0.123079
v 0.123995 0.933246 0.124901
v 0.123995 0.934679 0.124901
v 0.128427 0.933246 0.125376
v 0.128427 0.934679 0.125376
v 0.132790 0.933246 0.124459
v 0.132790 0.934679 0.124459
v 0.136655 0.933246 0.122238
v 0.136655 0.934679 0.122238
v 0.139645 0.933246 0.118932
v 0.139645 0.934679 0.118932
vn -0.8660 -0.0000 -0.5000
vn -0.0000 -0.0000 -1.0000
vn 0.8660 -0.0000 -0.5000
vn 0.8660 -0.0000 0.5000
vn -0.0000 -0.0000 1.0000
vn -0.8660 -0.0000 0.5000
vn -0.0000 -1.0000 -0.0000
vn -1.0000 -0.0000 -0.0000
vn -0.9239 -0.0000 -0.3827
vn -0.7071 -0.0000 -0.7071
vn -0.3827 -0.0000 -0.9239
vn 0.3827 -0.0000 -0.9239
vn 0.7071 -0.0000 -0.7071
vn 0.9239 -0.0000 -0.3827
vn 1.0000 -0.0000 -0.0000
vn 0.9239 -0.0000 0.3827
vn 0.7071 -0.0000 0.7071
vn 0.3827 -0.0000 0.9239
vn -0.3827 -0.0000 0.9239
vn -0.7071 -0.0000 0.7071
vn -0.9239 -0.0000 0.3827
vn 0.8090 -0.0000 0.5878
vn 0.5878 -0.0000 0.8090
vn -0.9511 -0.0000 -0.3090
vn -0.8090 -0.0000 -0.5878
vn 0.3090 -0.0000 -0.9511
vn -0.5878 -0.0000 -0.8090
vn 0.9511 -0.0000 0.3090
vn -0.3090 -0.0000 -0.9511
vn 0.5878 -0.0000 -0.8090
vn 0.8090 -0.0000 -0.5878
vn 0.9511 -0.0000 -0.3090
vn 0.3090 -0.0000 0.9511
vn -0.3090 -0.0000 0.9511
vn -0.5878 -0.0000 0.8090
vn -0.8090 -0.0000 0.5878
vn -0.9511 -0.0000 0.3090
vn -0.2568 -0.0000 -0.9665
vn -0.9654 -0.0000 -0.2609
vn -0.7086 -0.0000 0.7056
vn 0.2568 -0.0000 0.9665
vn 0.9654 -0.0000 0.2609
vn 0.7086 -0.0000 -0.7056
vn 0.2609 -0.0000 -0.9654
vn -0.1284 -0.0000 -0.9917
vn -0.4982 -0.0000 -0.8671
vn -0.7921 -0.0000 -0.6105
vn -0.9917 -0.0000 0.1284
vn -0.8671 -0.0000 0.4982
vn -0.6104 -0.0000 0.7921
vn -0.2609 -0.0000 0.9654
vn 0.1284 -0.0000 0.9917
vn 0.4982 -0.0000 0.8671
vn 0.7921 -0.0000 0.6104
vn 0.9917 -0.0000 -0.1284
vn 0.8671 -0.0000 -0.4982
vn 0.6104 -0.0000 -0.7921
vn 0.3564 -0.0000 0.9343
vn 0.6277 -0.0000 0.7785
vn -0.0502 -0.0000 -0.9987
vn -0.3564 -0.0000 -0.9343
vn -0.9987 -0.0000 0.0502
vn -0.6277 -0.0000 -0.7785
vn 0.0502 -0.0000 0.9987
vn -0.8375 -0.0000 -0.5464
vn -0.9343 -0.0000 0.3564
vn -0.7785 -0.0000 0.6277
vn -0.5464 -0.0000 0.8375
vn 0.8375 -0.0000 0.5464
vn 0.9987 -0.0000 -0.0502
vn 0.9343 -0.0000 -0.3564
vn 0.7785 -0.0000 -0.6277
vn 0.5464 -0.0000 -0.8375
vn 0.5000 -0.0000 -0.8660
vn 0.5000 -0.0000 0.8660
vn -0.5000 -0.0000 0.8660
vn -0.5000 -0.0000 -0.8660
vn 0.9665 -0.0000 -0.2568
vn -0.7056 -0.0000 -0.7086
vn -0.9665 -0.0000 0.2568
vn 0.7056 -0.0000 0.7086
vn -0.7921 -0.0000 -0.6104
vn -0.0002 -1.0000 -0.0000
vn 0.0001 -1.0000 -0.0000
vn -0.0001 -1.0000 -0.0000
vt 0.060437 0.550299
vt 0.066534 0.550299
vt 0.066534 0.559659
vt 0.060437 0.559659
vt 0.066534 0.569018
vt 0.060437 0.569018
vt 0.066534 0.578377
vt 0.060437 0.578377
vt 0.066534 0.587737
vt 0.060437 0.587737
vt 0.066534 0.597096
vt 0.060437 0.597096
vt 0.060437 0.540940
vt 0.066534 0.540940
vt 0.669551 0.158900
vt 0.678910 0.158900
vt 0.683590 0.167006
vt 0.066195 0.487596
vt 0.060430 0.487596
vt 0.060430 0.486102
vt 0.066195 0.486102
vt 0.060430 0.484609
vt 0.066195 0.484609
vt 0.060430 0.483115
vt 0.066195 0.483115
vt 0.060430 0.481621
vt 0.066195 0.481621
vt 0.060430 0.480127
vt 0.066195 0.480127
vt 0.060430 0.478633
vt 0.066195 0.478633
vt 0.060430 0.477139
vt 0.066195 0.477139
vt 0.060430 0.475645
vt 0.066195 0.475645
vt 0.060430 0.474151
vt 0.066195 0.474151
vt 0.060430 0.472657
vt 0.066195 0.472657
vt 0.060430 0.471163
vt 0.066195 0.471164
vt 0.060430 0.469670
vt 0.066195 0.469670
vt 0.060430 0.468175
vt 0.066195 0.468175
vt 0.060430 0.466681
vt 0.066195 0.466681
vt 0.060430 0.465188
vt 0.066195 0.465188
vt 0.066195 0.489090
vt 0.060430 0.489090
vt 0.378085 0.008619
vt 0.381094 0.004117
vt 0.385596 0.007125
vt 0.980288 0.841889
vt 0.981602 0.841889
vt 0.981602 0.845978
vt 0.980288 0.845978
vt 0.969823 0.639279
vt 0.968737 0.639279
vt 0.968737 0.633450
vt 0.969823 0.633450
vt 0.968737 0.627620
vt 0.969823 0.627620
vt 0.980288 0.813267
vt 0.981602 0.813267
vt 0.981602 0.817356
vt 0.980288 0.817356
vt 0.968737 0.621790
vt 0.969823 0.621790
vt 0.980288 0.837801
vt 0.981602 0.837801
vt 0.968737 0.615961
vt 0.969823 0.615961
vt 0.968737 0.610132
vt 0.969823 0.610132
vt 0.980288 0.809178
vt 0.981602 0.809178
vt 0.968737 0.604302
vt 0.969823 0.604302
vt 0.980288 0.833712
vt 0.981602 0.833712
vt 0.968737 0.598472
vt 0.969823 0.598472
vt 0.968737 0.592643
vt 0.969823 0.592643
vt 0.980288 0.805089
vt 0.981602 0.805089
vt 0.968737 0.586813
vt 0.969823 0.586813
vt 0.980288 0.829623
vt 0.981602 0.829623
vt 0.968738 0.580984
vt 0.969823 0.580984
vt 0.968738 0.575154
vt 0.969823 0.575154
vt 0.980288 0.801001
vt 0.981602 0.801001
vt 0.968738 0.569325
vt 0.969823 0.569325
vt 0.980288 0.825534
vt 0.981602 0.825534
vt 0.968738 0.563495
vt 0.969823 0.563495
vt 0.968738 0.557666
vt 0.969823 0.557666
vt 0.980288 0.796912
vt 0.981602 0.796911
vt 0.968737 0.551836
vt 0.969823 0.551836
vt 0.980288 0.821445
vt 0.981602 0.821445
vt 0.968737 0.546006
vt 0.969823 0.546006
vt 0.968737 0.540177
vt 0.969823 0.540177
vt 0.980288 0.792822
vt 0.981602 0.792822
vt 0.968737 0.534347
vt 0.969823 0.534347
vt 0.969823 0.650939
vt 0.968738 0.650939
vt 0.968737 0.645109
vt 0.969823 0.645109
vt 0.014075 0.088254
vt 0.035703 0.091702
vt 0.019583 0.123259
vt 0.981602 0.850067
vt 0.980288 0.850067
vt 0.981602 0.854156
vt 0.980288 0.854156
vt 0.981602 0.858245
vt 0.980288 0.858245
vt 0.981602 0.862334
vt 0.980288 0.862334
vt 0.981602 0.866423
vt 0.980288 0.866423
vt 0.551524 0.401701
vt 0.548216 0.404104
vt 0.544327 0.405368
vt 0.540238 0.405368
vt 0.536349 0.404106
vt 0.533041 0.401702
vt 0.530638 0.398394
vt 0.529374 0.394506
vt 0.529373 0.390417
vt 0.530636 0.386528
vt 0.533040 0.383219
vt 0.536348 0.380816
vt 0.540236 0.379552
vt 0.544325 0.379552
vt 0.548214 0.380815
vt 0.551522 0.383218
vt 0.553926 0.386526
vt 0.555190 0.390415
vt 0.555190 0.394504
vt 0.553927 0.398393
vt 0.980288 0.784645
vt 0.981602 0.784645
vt 0.981602 0.788733
vt 0.980288 0.788733
vt 0.960360 0.609579
vt 0.960360 0.618939
vt 0.954265 0.618939
vt 0.954265 0.609579
vt 0.960360 0.628299
vt 0.954265 0.628299
vt 0.960360 0.637658
vt 0.954265 0.637658
vt 0.960360 0.647017
vt 0.954265 0.647017
vt 0.960360 0.656377
vt 0.954265 0.656377
vt 0.960360 0.600220
vt 0.954265 0.600220
vt 0.004118 0.137867
vt 0.012224 0.133190
vt 0.020329 0.137872
vt 0.074429 0.497784
vt 0.074429 0.496289
vt 0.080193 0.496289
vt 0.080193 0.497784
vt 0.074429 0.494795
vt 0.080193 0.494795
vt 0.074429 0.493302
vt 0.080193 0.493302
vt 0.074429 0.491808
vt 0.080193 0.491808
vt 0.074429 0.490313
vt 0.080193 0.490313
vt 0.074429 0.488820
vt 0.080193 0.488820
vt 0.074429 0.487326
vt 0.080193 0.487326
vt 0.074429 0.485832
vt 0.080193 0.485832
vt 0.074429 0.484338
vt 0.080193 0.484338
vt 0.074429 0.482844
vt 0.080193 0.482844
vt 0.074429 0.481350
vt 0.080193 0.481350
vt 0.074429 0.479857
vt 0.080193 0.479857
vt 0.074429 0.478363
vt 0.080193 0.478363
vt 0.074429 0.502264
vt 0.074429 0.500772
vt 0.080193 0.500772
vt 0.080193 0.502264
vt 0.074429 0.499277
vt 0.080193 0.499277
vt 0.365354 0.004119
vt 0.368228 0.004691
vt 0.363973 0.011057
vt 0.115549 0.640423
vt 0.115549 0.636334
vt 0.116863 0.636334
vt 0.116863 0.640423
vt 0.374234 0.876374
vt 0.374234 0.870546
vt 0.375321 0.870546
vt 0.375321 0.876374
vt 0.374234 0.864719
vt 0.375321 0.864719
vt 0.115549 0.669048
vt 0.115549 0.664959
vt 0.116863 0.664959
vt 0.116863 0.669048
vt 0.374234 0.858891
vt 0.375321 0.858891
vt 0.115549 0.644512
vt 0.116863 0.644512
vt 0.374234 0.853063
vt 0.375321 0.853063
vt 0.374234 0.847234
vt 0.375321 0.847234
vt 0.115549 0.673136
vt 0.116863 0.673136
vt 0.374234 0.841407
vt 0.375321 0.841407
vt 0.115549 0.648601
vt 0.116863 0.648601
vt 0.374234 0.835579
vt 0.375321 0.835579
vt 0.374234 0.829751
vt 0.375321 0.829751
vt 0.115549 0.677226
vt 0.116863 0.677226
vt 0.374234 0.823923
vt 0.375321 0.823923
vt 0.115549 0.652691
vt 0.116863 0.652691
vt 0.374234 0.818096
vt 0.375321 0.818096
vt 0.374234 0.812267
vt 0.375321 0.812267
vt 0.115549 0.681315
vt 0.116863 0.681315
vt 0.374234 0.806439
vt 0.375321 0.806439
vt 0.115549 0.656780
vt 0.116863 0.656780
vt 0.374234 0.800611
vt 0.375321 0.800611
vt 0.374234 0.794783
vt 0.375321 0.794783
vt 0.115549 0.685405
vt 0.116863 0.685405
vt 0.374234 0.788955
vt 0.375321 0.788955
vt 0.115549 0.660870
vt 0.116863 0.660870
vt 0.374234 0.783128
vt 0.375321 0.783128
vt 0.374234 0.777299
vt 0.375321 0.777299
vt 0.115549 0.689494
vt 0.116863 0.689494
vt 0.374234 0.771471
vt 0.375320 0.771471
vt 0.374234 0.888030
vt 0.374234 0.882202
vt 0.375321 0.882202
vt 0.375321 0.888030
vt 0.120417 0.778057
vt 0.130678 0.783280
vt 0.114599 0.814859
vt 0.115549 0.632245
vt 0.116863 0.632245
vt 0.115549 0.628156
vt 0.116863 0.628156
vt 0.115549 0.624066
vt 0.116863 0.624066
vt 0.115549 0.619977
vt 0.116863 0.619977
vt 0.115549 0.701761
vt 0.115549 0.697672
vt 0.116863 0.697672
vt 0.116863 0.701761
vt 0.708220 0.383229
vt 0.696933 0.405378
vt 0.686070 0.394513
vt 0.115549 0.693583
vt 0.116863 0.693583
vt 0.800558 0.504880
vt 0.794462 0.504880
vt 0.794462 0.495521
vt 0.800558 0.495521
vt 0.794462 0.486161
vt 0.800558 0.486161
vt 0.794462 0.476802
vt 0.800558 0.476802
vt 0.794462 0.467442
vt 0.800558 0.467442
vt 0.794462 0.458082
vt 0.800558 0.458082
vt 0.794462 0.448723
vt 0.800558 0.448723
vt 0.673414 0.018795
vt 0.665309 0.023475
vt 0.657203 0.018796
vt 0.127424 0.536992
vt 0.121659 0.536992
vt 0.121659 0.535498
vt 0.127424 0.535498
vt 0.121659 0.534004
vt 0.127424 0.534004
vt 0.121659 0.532510
vt 0.127424 0.532510
vt 0.121659 0.531017
vt 0.127424 0.531017
vt 0.121659 0.529522
vt 0.127424 0.529522
vt 0.121659 0.528029
vt 0.127424 0.528029
vt 0.121659 0.526535
vt 0.127424 0.526535
vt 0.121659 0.525041
vt 0.127424 0.525041
vt 0.121659 0.523547
vt 0.127424 0.523547
vt 0.121659 0.522053
vt 0.127424 0.522053
vt 0.121659 0.520559
vt 0.127424 0.520559
vt 0.121659 0.519065
vt 0.127424 0.519065
vt 0.121659 0.517571
vt 0.127424 0.517571
vt 0.121659 0.516078
vt 0.127424 0.516078
vt 0.121659 0.514583
vt 0.127424 0.514583
vt 0.127424 0.538486
vt 0.121659 0.538486
vt 0.164422 0.004683
vt 0.166050 0.007120
vt 0.163041 0.011622
vt 0.144137 0.844386
vt 0.145451 0.844386
vt 0.145451 0.848475
vt 0.144137 0.848475
vt 0.629701 0.787178
vt 0.630787 0.787178
vt 0.630787 0.793006
vt 0.629701 0.793006
vt 0.630787 0.798833
vt 0.629701 0.798833
vt 0.144137 0.815764
vt 0.145451 0.815764
vt 0.145451 0.819853
vt 0.144137 0.819853
vt 0.630787 0.804661
vt 0.629701 0.804661
vt 0.144137 0.840297
vt 0.145451 0.840297
vt 0.630787 0.810488
vt 0.629701 0.810488
vt 0.630787 0.816316
vt 0.629701 0.816316
vt 0.144137 0.811675
vt 0.145451 0.811675
vt 0.630787 0.822143
vt 0.629701 0.822143
vt 0.144137 0.836209
vt 0.145451 0.836209
vt 0.630787 0.827971
vt 0.629701 0.827971
vt 0.630787 0.833798
vt 0.629701 0.833798
vt 0.144137 0.807587
vt 0.145451 0.807587
vt 0.630787 0.839626
vt 0.629701 0.839626
vt 0.144137 0.832119
vt 0.145451 0.832119
vt 0.630787 0.845454
vt 0.629701 0.845454
vt 0.630787 0.851282
vt 0.629701 0.851282
vt 0.144137 0.803498
vt 0.145451 0.803498
vt 0.630787 0.857109
vt 0.629701 0.857109
vt 0.144137 0.828031
vt 0.145451 0.828031
vt 0.630787 0.862938
vt 0.629701 0.862938
vt 0.630787 0.868765
vt 0.629701 0.868765
vt 0.144137 0.799409
vt 0.145451 0.799409
vt 0.630787 0.874593
vt 0.629701 0.874593
vt 0.144137 0.823942
vt 0.145451 0.823942
vt 0.630787 0.880421
vt 0.629701 0.880421
vt 0.630787 0.886249
vt 0.629701 0.886249
vt 0.144137 0.795320
vt 0.145451 0.795320
vt 0.630787 0.892077
vt 0.629701 0.892077
vt 0.630787 0.897905
vt 0.629701 0.897905
vt 0.629701 0.781351
vt 0.630787 0.781351
vt 0.644482 0.809633
vt 0.641046 0.788004
vt 0.676048 0.793531
vt 0.145451 0.852564
vt 0.144137 0.852564
vt 0.145451 0.856653
vt 0.144137 0.856653
vt 0.145451 0.860741
vt 0.144137 0.860741
vt 0.145451 0.864830
vt 0.144137 0.864830
vt 0.145451 0.868919
vt 0.144137 0.868919
vt 0.405663 0.028670
vt 0.398696 0.014977
vt 0.409566 0.004120
vt 0.145451 0.873008
vt 0.144137 0.873008
vt 0.144137 0.791231
vt 0.145451 0.791231
vt 0.960494 0.543710
vt 0.960494 0.553069
vt 0.954398 0.553069
vt 0.954398 0.543710
vt 0.960494 0.562428
vt 0.954398 0.562428
vt 0.960494 0.571788
vt 0.954398 0.571788
vt 0.960494 0.581147
vt 0.954398 0.581147
vt 0.960494 0.590507
vt 0.954398 0.590507
vt 0.960494 0.534350
vt 0.954398 0.534350
vt 0.132477 0.012233
vt 0.137150 0.004124
vt 0.146510 0.004117
vt 0.267724 0.627709
vt 0.267724 0.626216
vt 0.273488 0.626216
vt 0.273488 0.627709
vt 0.267724 0.624722
vt 0.273488 0.624722
vt 0.267724 0.623227
vt 0.273488 0.623227
vt 0.267724 0.621733
vt 0.273488 0.621733
vt 0.267724 0.620240
vt 0.273488 0.620240
vt 0.267724 0.618745
vt 0.273488 0.618745
vt 0.267724 0.617252
vt 0.273488 0.617252
vt 0.267724 0.615757
vt 0.273488 0.615757
vt 0.267724 0.614264
vt 0.273488 0.614264
vt 0.267724 0.612770
vt 0.273488 0.612770
vt 0.267724 0.611276
vt 0.273488 0.611276
vt 0.267724 0.609782
vt 0.273488 0.609782
vt 0.267724 0.608288
vt 0.273488 0.608288
vt 0.267724 0.606794
vt 0.273488 0.606794
vt 0.267724 0.630697
vt 0.267724 0.629203
vt 0.273488 0.629203
vt 0.273488 0.630697
vt 0.181786 0.008609
vt 0.180162 0.011048
vt 0.175897 0.004689
vt 0.404564 0.805084
vt 0.404564 0.800995
vt 0.405878 0.800995
vt 0.405878 0.805084
vt 0.416330 0.783124
vt 0.416330 0.788951
vt 0.415244 0.788951
vt 0.415244 0.783124
vt 0.416330 0.794779
vt 0.415244 0.794779
vt 0.404564 0.833705
vt 0.404564 0.829617
vt 0.405878 0.829617
vt 0.405878 0.833705
vt 0.416330 0.800607
vt 0.415244 0.800607
vt 0.404564 0.809173
vt 0.405878 0.809173
vt 0.416330 0.806435
vt 0.415244 0.806435
vt 0.416330 0.812263
vt 0.415244 0.812263
vt 0.404564 0.837794
vt 0.405878 0.837794
vt 0.416330 0.818091
vt 0.415244 0.818091
vt 0.404564 0.813261
vt 0.405878 0.813261
vt 0.416330 0.823919
vt 0.415244 0.823919
vt 0.416330 0.829746
vt 0.415244 0.829746
vt 0.404564 0.841883
vt 0.405878 0.841883
vt 0.416330 0.835575
vt 0.415244 0.835575
vt 0.404564 0.817351
vt 0.405878 0.817351
vt 0.416330 0.841403
vt 0.415244 0.841403
vt 0.416330 0.847230
vt 0.415244 0.847230
vt 0.404564 0.845971
vt 0.405878 0.845971
vt 0.416330 0.853058
vt 0.415244 0.853058
vt 0.404564 0.821439
vt 0.405878 0.821439
vt 0.416330 0.858886
vt 0.415244 0.858886
vt 0.416330 0.864714
vt 0.415244 0.864714
vt 0.404564 0.850060
vt 0.405878 0.850060
vt 0.416330 0.870542
vt 0.415244 0.870542
vt 0.404564 0.825528
vt 0.405878 0.825528
vt 0.416330 0.876370
vt 0.415244 0.876370
vt 0.416330 0.882197
vt 0.415244 0.882197
vt 0.404564 0.854149
vt 0.405878 0.854149
vt 0.416330 0.888025
vt 0.415244 0.888025
vt 0.416330 0.771469
vt 0.416330 0.777296
vt 0.415244 0.777296
vt 0.415244 0.771469
vt 0.579839 0.778053
vt 0.595324 0.793540
vt 0.585379 0.813052
vt 0.404564 0.796906
vt 0.405878 0.796906
vt 0.404564 0.792817
vt 0.405878 0.792817
vt 0.404564 0.788729
vt 0.405878 0.788729
vt 0.404564 0.784640
vt 0.405878 0.784640
vt 0.404564 0.866415
vt 0.404564 0.862326
vt 0.405878 0.862326
vt 0.405878 0.866415
vt 0.493305 0.060495
vt 0.481971 0.082620
vt 0.471131 0.071733
vt 0.404564 0.858238
vt 0.405878 0.858238
vt 0.678910 0.175111
vt 0.669551 0.175111
vt 0.664872 0.167006
vt 0.385596 0.008619
vt 0.385024 0.009999
vt 0.383968 0.011055
vt 0.382587 0.011627
vt 0.381094 0.011627
vt 0.379713 0.011055
vt 0.378657 0.009999
vt 0.378085 0.007125
vt 0.378657 0.005745
vt 0.379713 0.004688
vt 0.382587 0.004117
vt 0.383968 0.004688
vt 0.385024 0.005745
vt 0.004113 0.107757
vt 0.004119 0.101929
vt 0.005926 0.096387
vt 0.009356 0.091675
vt 0.019621 0.086458
vt 0.025449 0.086464
vt 0.030991 0.088271
vt 0.039124 0.096420
vt 0.040920 0.101965
vt 0.040914 0.107794
vt 0.039107 0.113335
vt 0.035676 0.118048
vt 0.030958 0.121469
vt 0.025412 0.123264
vt 0.014042 0.121451
vt 0.009331 0.118021
vt 0.005909 0.113302
vt 0.020326 0.147231
vt 0.012220 0.151908
vt 0.004116 0.147227
vt 0.369284 0.005747
vt 0.369856 0.007127
vt 0.369856 0.008621
vt 0.369284 0.010001
vt 0.368227 0.011058
vt 0.366848 0.011629
vt 0.365354 0.011629
vt 0.362917 0.010001
vt 0.362345 0.008621
vt 0.362346 0.007127
vt 0.362917 0.005747
vt 0.363973 0.004691
vt 0.366848 0.004119
vt 0.134105 0.787994
vt 0.135908 0.793537
vt 0.135909 0.799366
vt 0.134110 0.804910
vt 0.130685 0.809627
vt 0.125971 0.813054
vt 0.120428 0.814856
vt 0.109056 0.813059
vt 0.104339 0.809635
vt 0.100912 0.804920
vt 0.099109 0.799377
vt 0.099107 0.793548
vt 0.100907 0.788005
vt 0.104331 0.783288
vt 0.109046 0.779860
vt 0.114589 0.778058
vt 0.125961 0.779855
vt 0.686071 0.390424
vt 0.693046 0.380825
vt 0.687334 0.386535
vt 0.689738 0.383228
vt 0.696935 0.379561
vt 0.701024 0.379562
vt 0.704913 0.380825
vt 0.710624 0.386537
vt 0.710623 0.398403
vt 0.711887 0.390426
vt 0.711887 0.394515
vt 0.708220 0.401712
vt 0.704911 0.404115
vt 0.701022 0.405378
vt 0.693045 0.404114
vt 0.689737 0.401711
vt 0.687334 0.398402
vt 0.657202 0.009437
vt 0.665308 0.004756
vt 0.673413 0.009436
vt 0.161548 0.011622
vt 0.158539 0.008614
vt 0.160168 0.011050
vt 0.159111 0.009994
vt 0.158539 0.007120
vt 0.159111 0.005740
vt 0.160168 0.004683
vt 0.161548 0.004112
vt 0.163041 0.004112
vt 0.165478 0.005740
vt 0.166050 0.008614
vt 0.165478 0.009994
vt 0.164422 0.011051
vt 0.666114 0.813049
vt 0.660572 0.814853
vt 0.654743 0.814856
vt 0.649199 0.813057
vt 0.641054 0.804920
vt 0.639250 0.799377
vt 0.639247 0.793548
vt 0.644469 0.783287
vt 0.649183 0.779859
vt 0.654726 0.778055
vt 0.660554 0.778052
vt 0.666098 0.779851
vt 0.670816 0.783275
vt 0.674244 0.787989
vt 0.676051 0.799360
vt 0.674252 0.804904
vt 0.670828 0.809621
vt 0.423251 0.011103
vt 0.424513 0.014992
vt 0.424510 0.019082
vt 0.423244 0.022969
vt 0.420839 0.026276
vt 0.417529 0.028677
vt 0.413640 0.029939
vt 0.409551 0.029936
vt 0.402356 0.026265
vt 0.399955 0.022956
vt 0.398694 0.019066
vt 0.399962 0.011089
vt 0.402367 0.007782
vt 0.405676 0.005381
vt 0.413655 0.004122
vt 0.417543 0.005388
vt 0.420850 0.007793
vt 0.151196 0.012219
vt 0.146522 0.020328
vt 0.137163 0.020335
vt 0.178784 0.011623
vt 0.177289 0.011626
vt 0.175908 0.011056
vt 0.174850 0.010002
vt 0.174276 0.008623
vt 0.174273 0.007129
vt 0.174842 0.005748
vt 0.177276 0.004115
vt 0.178770 0.004112
vt 0.180151 0.004681
vt 0.181209 0.005736
vt 0.181784 0.007115
vt 0.181217 0.009990
vt 0.563749 0.809625
vt 0.560323 0.804909
vt 0.558523 0.799365
vt 0.558523 0.793537
vt 0.560325 0.787993
vt 0.563751 0.783278
vt 0.568467 0.779853
vt 0.574011 0.778052
vt 0.585383 0.779854
vt 0.590098 0.783281
vt 0.593523 0.787997
vt 0.595323 0.799369
vt 0.593521 0.804912
vt 0.590094 0.809627
vt 0.579836 0.814853
vt 0.574007 0.814853
vt 0.568464 0.813051
vt 0.471140 0.067644
vt 0.472412 0.063758
vt 0.474822 0.060455
vt 0.478136 0.058059
vt 0.482027 0.056804
vt 0.486116 0.056812
vt 0.490002 0.058084
vt 0.495701 0.063808
vt 0.495676 0.075675
vt 0.496956 0.067700
vt 0.496948 0.071788
vt 0.493265 0.078977
vt 0.489952 0.081374
vt 0.486061 0.082629
vt 0.478085 0.081348
vt 0.474783 0.078938
vt 0.472386 0.075624
s 1
usemtl round_wooden_table_01
f 4066/5088/3886 4067/5089/3886 4069/5090/3886 4068/5091/3886
f 4068/5091/3887 4069/5090/3887 4071/5092/3887 4070/5093/3887
f 4070/5093/3888 4071/5092/3888 4073/5094/3888 4072/5095/3888
f 4072/5095/3889 4073/5094/3889 4075/5096/3889 4074/5097/3889
f 4074/5097/3890 4075/5096/3890 4077/5098/3890 4076/5099/3890
f 4076/5100/3891 4077/5101/3891 4067/5089/3891 4066/5088/3891
f 4072/5102/3892 4074/5103/3892 4076/5104/3892
f 4078/5105/3893 4079/5106/3893 4081/5107/3894 4080/5108/3894
f 4080/5108/3894 4081/5107/3894 4083/5109/3895 4082/5110/3895
f 4082/5110/3895 4083/5109/3895 4085/5111/3896 4084/5112/3896
f 4084/5112/3896 4085/5111/3896 4087/5113/3887 4086/5114/3887
f 4086/5114/3887 4087/5113/3887 4089/5115/3897 4088/5116/3897
f 4088/5116/3897 4089/5115/3897 4091/5117/3898 4090/5118/3898
f 4090/5118/3898 4091/5117/3898 4093/5119/3899 4092/5120/3899
f 4092/5120/3899 4093/5119/3899 4095/5121/3900 4094/5122/3900
f 4094/5122/3900 4095/5121/3900 4097/5123/3901 4096/5124/3901
f 4096/5124/3901 4097/5123/3901 4099/5125/3902 4098/5126/3902
f 4098/5126/3902 4099/5125/3902 4101/5127/3903 4100/5128/3903
f 4100/5128/3903 4101/5127/3903 4103/5129/3890 4102/5130/3890
f 4102/5130/3890 4103/5129/3890 4105/5131/3904 4104/5132/3904
f 4104/5132/3904 4105/5131/3904 4107/5133/3905 4106/5134/3905
f 4106/5134/3905 4107/5133/3905 4109/5135/3906 4108/5136/3906
f 4108/5137/3906 4109/5138/3906 4079/5106/3893 4078/5105/3893
f 4092/5139/3892 4100/5140/3892 4108/5141/3892
f 4174/5142/3907 4175/5143/3907 4177/5144/3908 4176/5145/3908
f 4110/5146/3893 4111/5147/3893 4113/5148/3909 4112/5149/3909
f 4112/5149/3909 4113/5148/3909 4115/5150/3910 4114/5151/3910
f 4160/5152/3887 4161/5153/3887 4163/5154/3911 4162/5155/3911
f 4114/5151/3910 4115/5150/3910 4117/5156/3912 4116/5157/3912
f 4172/5158/3913 4173/5159/3913 4175/5143/3907 4174/5142/3907
f 4116/5157/3912 4117/5156/3912 4119/5160/3914 4118/5161/3914
f 4118/5161/3914 4119/5160/3914 4121/5162/3887 4120/5163/3887
f 4158/5164/3914 4159/5165/3914 4161/5153/3887 4160/5152/3887
f 4120/5163/3887 4121/5162/3887 4123/5166/3911 4122/5167/3911
f 4170/5168/3900 4171/5169/3900 4173/5159/3913 4172/5158/3913
f 4122/5167/3911 4123/5166/3911 4125/5170/3915 4124/5171/3915
f 4124/5171/3915 4125/5170/3915 4127/5172/3916 4126/5173/3916
f 4156/5174/3912 4157/5175/3912 4159/5165/3914 4158/5164/3914
f 4126/5173/3916 4127/5172/3916 4129/5176/3917 4128/5177/3917
f 4168/5178/3917 4169/5179/3917 4171/5169/3900 4170/5168/3900
f 4128/5177/3917 4129/5176/3917 4131/5180/3900 4130/5181/3900
f 4130/5181/3900 4131/5180/3900 4133/5182/3913 4132/5183/3913
f 4154/5184/3910 4155/5185/3910 4157/5175/3912 4156/5174/3912
f 4132/5183/3913 4133/5182/3913 4135/5186/3907 4134/5187/3907
f 4166/5188/3916 4167/5189/3916 4169/5179/3917 4168/5178/3917
f 4134/5187/3907 4135/5186/3907 4137/5190/3908 4136/5191/3908
f 4136/5191/3908 4137/5190/3908 4139/5192/3918 4138/5193/3918
f 4152/5194/3909 4153/5195/3909 4155/5185/3910 4154/5184/3910
f 4138/5193/3918 4139/5192/3918 4141/5196/3890 4140/5197/3890
f 4164/5198/3915 4165/5199/3915 4167/5189/3916 4166/5188/3916
f 4140/5197/3890 4141/5196/3890 4143/5200/3919 4142/5201/3919
f 4142/5201/3919 4143/5200/3919 4145/5202/3920 4144/5203/3920
f 4150/5204/3893 4151/5205/3893 4153/5195/3909 4152/5194/3909
f 4144/5203/3920 4145/5202/3920 4147/5206/3921 4146/5207/3921
f 4146/5208/3921 4147/5209/3921 4149/5210/3922 4148/5211/3922
f 4162/5155/3911 4163/5154/3911 4165/5199/3915 4164/5198/3915
f 4148/5211/3922 4149/5210/3922 4111/5147/3893 4110/5146/3893
f 4116/5212/3892 4124/5213/3892 4140/5214/3892
f 4176/5145/3908 4177/5144/3908 4179/5215/3918 4178/5216/3918
f 4178/5216/3918 4179/5215/3918 4181/5217/3890 4180/5218/3890
f 4180/5218/3890 4181/5217/3890 4183/5219/3919 4182/5220/3919
f 4182/5220/3919 4183/5219/3919 4185/5221/3920 4184/5222/3920
f 4184/5222/3920 4185/5221/3920 4187/5223/3921 4186/5224/3921
f 4176/5225/3892 4178/5226/3892 4180/5227/3892 4182/5228/3892 4184/5229/3892 4186/5230/3892 4188/5231/3892 4150/5232/3892 4152/5233/3892 4154/5234/3892 4156/5235/3892 4158/5236/3892 4160/5237/3892 4162/5238/3892 4164/5239/3892 4166/5240/3892 4168/5241/3892 4170/5242/3892 4172/5243/3892 4174/5244/3892
f 4186/5245/3921 4187/5246/3921 4189/5247/3922 4188/5248/3922
f 4188/5248/3922 4189/5247/3922 4151/5205/3893 4150/5204/3893
f 4190/5249/3923 4192/5250/3923 4193/5251/3923 4191/5252/3923
f 4192/5250/3924 4194/5253/3924 4195/5254/3924 4193/5251/3924
f 4194/5253/3925 4196/5255/3925 4197/5256/3925 4195/5254/3925
f 4196/5255/3926 4198/5257/3926 4199/5258/3926 4197/5256/3926
f 4198/5257/3927 4200/5259/3927 4201/5260/3927 4199/5258/3927
f 4200/5261/3928 4190/5249/3928 4191/5252/3928 4201/5262/3928
f 4196/5263/3892 4194/5264/3892 4192/5265/3892
f 4202/5266/3929 4204/5267/3930 4205/5268/3930 4203/5269/3929
f 4204/5267/3930 4206/5270/3931 4207/5271/3931 4205/5268/3930
f 4206/5270/3931 4208/5272/3932 4209/5273/3932 4207/5271/3931
f 4208/5272/3932 4210/5274/3924 4211/5275/3924 4209/5273/3932
f 4210/5274/3924 4212/5276/3933 4213/5277/3933 4211/5275/3924
f 4212/5276/3933 4214/5278/3934 4215/5279/3934 4213/5277/3933
f 4214/5278/3934 4216/5280/3935 4217/5281/3935 4215/5279/3934
f 4216/5280/3935 4218/5282/3936 4219/5283/3936 4217/5281/3935
f 4218/5282/3936 4220/5284/3937 4221/5285/3937 4219/5283/3936
f 4220/5284/3937 4222/5286/3938 4223/5287/3938 4221/5285/3937
f 4222/5286/3938 4224/5288/3939 4225/5289/3939 4223/5287/3938
f 4224/5288/3939 4226/5290/3927 4227/5291/3927 4225/5289/3939
f 4226/5290/3927 4228/5292/3940 4229/5293/3940 4227/5291/3927
f 4228/5294/3940 4230/5295/3941 4231/5296/3941 4229/5297/3940
f 4230/5295/3941 4232/5298/3942 4233/5299/3942 4231/5296/3941
f 4232/5298/3942 4202/5266/3929 4203/5269/3929 4233/5299/3942
f 4208/5300/3892 4204/5301/3892 4220/5302/3892
f 4298/5303/3943 4300/5304/3944 4301/5305/3944 4299/5306/3943
f 4234/5307/3929 4236/5308/3945 4237/5309/3945 4235/5310/3929
f 4236/5308/3945 4238/5311/3946 4239/5312/3946 4237/5309/3945
f 4284/5313/3924 4286/5314/3947 4287/5315/3947 4285/5316/3924
f 4238/5311/3946 4240/5317/3948 4241/5318/3948 4239/5312/3946
f 4296/5319/3949 4298/5303/3943 4299/5306/3943 4297/5320/3949
f 4240/5317/3948 4242/5321/3950 4243/5322/3950 4241/5318/3948
f 4242/5321/3950 4244/5323/3924 4245/5324/3924 4243/5322/3950
f 4282/5325/3950 4284/5313/3924 4285/5316/3924 4283/5326/3950
f 4244/5323/3924 4246/5327/3947 4247/5328/3947 4245/5324/3924
f 4294/5329/3936 4296/5319/3949 4297/5320/3949 4295/5330/3936
f 4246/5327/3947 4248/5331/3951 4249/5332/3951 4247/5328/3947
f 4248/5331/3951 4250/5333/3952 4251/5334/3952 4249/5332/3951
f 4280/5335/3948 4282/5325/3950 4283/5326/3950 4281/5336/3948
f 4250/5333/3952 4252/5337/3953 4253/5338/3953 4251/5334/3952
f 4292/5339/3953 4294/5329/3936 4295/5330/3936 4293/5340/3953
f 4252/5337/3953 4254/5341/3936 4255/5342/3936 4253/5338/3953
f 4254/5341/3936 4256/5343/3949 4257/5344/3949 4255/5342/3936
f 4278/5345/3946 4280/5335/3948 4281/5336/3948 4279/5346/3946
f 4256/5343/3949 4258/5347/3943 4259/5348/3943 4257/5344/3949
f 4290/5349/3952 4292/5339/3953 4293/5340/3953 4291/5350/3952
f 4258/5347/3943 4260/5351/3944 4261/5352/3944 4259/5348/3943
f 4260/5351/3944 4262/5353/3954 4263/5354/3954 4261/5352/3944
f 4276/5355/3945 4278/5345/3946 4279/5346/3946 4277/5356/3945
f 4262/5353/3954 4264/5357/3927 4265/5358/3927 4263/5354/3954
f 4288/5359/3951 4290/5349/3952 4291/5350/3952 4289/5360/3951
f 4264/5357/3927 4266/5361/3955 4267/5362/3955 4265/5358/3927
f 4266/5361/3955 4268/5363/3956 4269/5364/3956 4267/5362/3955
f 4274/5365/3929 4276/5355/3945 4277/5356/3945 4275/5366/3929
f 4268/5363/3956 4270/5367/3957 4271/5368/3957 4269/5364/3956
f 4270/5369/3957 4272/5370/3958 4273/5371/3958 4271/5372/3957
f 4286/5314/3947 4288/5359/3951 4289/5360/3951 4287/5315/3947
f 4272/5370/3958 4234/5307/3929 4235/5310/3929 4273/5371/3958
f 4240/5373/3892 4236/5374/3892 4260/5375/3892
f 4300/5304/3944 4302/5376/3954 4303/5377/3954 4301/5305/3944
f 4302/5376/3954 4304/5378/3927 4305/5379/3927 4303/5377/3954
f 4304/5378/3927 4306/5380/3955 4307/5381/3955 4305/5379/3927
f 4306/5380/3955 4308/5382/3956 4309/5383/3956 4307/5381/3955
f 4308/5384/3956 4310/5385/3957 4311/5386/3957 4309/5387/3956
f 4286/5388/3892 4310/5389/3892 4302/5390/3892
f 4310/5385/3957 4312/5391/3958 4313/5392/3958 4311/5386/3957
f 4312/5391/3958 4274/5365/3929 4275/5366/3929 4313/5392/3958
f 4314/5393/3959 4315/5394/3959 4317/5395/3959 4316/5396/3959
f 4316/5396/3900 4317/5395/3900 4319/5397/3900 4318/5398/3900
f 4318/5398/3960 4319/5397/3960 4321/5399/3960 4320/5400/3960
f 4320/5400/3961 4321/5399/3961 4323/5401/3961 4322/5402/3961
f 4322/5402/3893 4323/5401/3893 4325/5403/3893 4324/5404/3893
f 4324/5404/3962 4325/5403/3962 4315/5405/3962 4314/5406/3962
f 4320/5407/3892 4322/5408/3892 4324/5409/3892
f 4326/5410/3887 4327/5411/3887 4329/5412/3897 4328/5413/3897
f 4328/5413/3897 4329/5412/3897 4331/5414/3898 4330/5415/3898
f 4330/5415/3898 4331/5414/3898 4333/5416/3899 4332/5417/3899
f 4332/5417/3899 4333/5416/3899 4335/5418/3900 4334/5419/3900
f 4334/5419/3900 4335/5418/3900 4337/5420/3901 4336/5421/3901
f 4336/5421/3901 4337/5420/3901 4339/5422/3902 4338/5423/3902
f 4338/5423/3902 4339/5422/3902 4341/5424/3903 4340/5425/3903
f 4340/5425/3903 4341/5424/3903 4343/5426/3890 4342/5427/3890
f 4342/5427/3890 4343/5426/3890 4345/5428/3904 4344/5429/3904
f 4344/5429/3904 4345/5428/3904 4347/5430/3905 4346/5431/3905
f 4346/5431/3905 4347/5430/3905 4349/5432/3906 4348/5433/3906
f 4348/5433/3906 4349/5432/3906 4351/5434/3893 4350/5435/3893
f 4350/5435/3893 4351/5434/3893 4353/5436/3894 4352/5437/3894
f 4352/5437/3894 4353/5436/3894 4355/5438/3895 4354/5439/3895
f 4354/5439/3895 4355/5438/3895 4357/5440/3896 4356/5441/3896
f 4356/5442/3896 4357/5443/3896 4327/5411/3887 4326/5410/3887
f 4344/5444/3892 4348/5445/3892 4356/5446/3892
f 4422/5447/3920 4423/5448/3920 4425/5449/3921 4424/5450/3921
f 4358/5451/3887 4359/5452/3887 4361/5453/3911 4360/5454/3911
f 4360/5454/3911 4361/5453/3911 4363/5455/3915 4362/5456/3915
f 4408/5457/3900 4409/5458/3900 4411/5459/3913 4410/5460/3913
f 4362/5456/3915 4363/5455/3915 4365/5461/3916 4364/5462/3916
f 4420/5463/3919 4421/5464/3919 4423/5448/3920 4422/5447/3920
f 4364/5462/3916 4365/5461/3916 4367/5465/3917 4366/5466/3917
f 4366/5466/3917 4367/5465/3917 4369/5467/3900 4368/5468/3900
f 4406/5469/3917 4407/5470/3917 4409/5458/3900 4408/5457/3900
f 4368/5468/3900 4369/5467/3900 4371/5471/3913 4370/5472/3913
f 4418/5473/3890 4419/5474/3890 4421/5464/3919 4420/5463/3919
f 4370/5472/3913 4371/5471/3913 4373/5475/3907 4372/5476/3907
f 4372/5476/3907 4373/5475/3907 4375/5477/3908 4374/5478/3908
f 4404/5479/3916 4405/5480/3916 4407/5470/3917 4406/5469/3917
f 4374/5478/3908 4375/5477/3908 4377/5481/3918 4376/5482/3918
f 4416/5483/3918 4417/5484/3918 4419/5474/3890 4418/5473/3890
f 4376/5482/3918 4377/5481/3918 4379/5485/3890 4378/5486/3890
f 4378/5486/3890 4379/5485/3890 4381/5487/3919 4380/5488/3919
f 4402/5489/3915 4403/5490/3915 4405/5480/3916 4404/5479/3916
f 4380/5488/3919 4381/5487/3919 4383/5491/3920 4382/5492/3920
f 4414/5493/3908 4415/5494/3908 4417/5484/3918 4416/5483/3918
f 4382/5492/3920 4383/5491/3920 4385/5495/3921 4384/5496/3921
f 4384/5496/3921 4385/5495/3921 4387/5497/3922 4386/5498/3922
f 4400/5499/3911 4401/5500/3911 4403/5490/3915 4402/5489/3915
f 4386/5498/3922 4387/5497/3922 4389/5501/3893 4388/5502/3893
f 4412/5503/3907 4413/5504/3907 4415/5494/3908 4414/5493/3908
f 4388/5502/3893 4389/5501/3893 4391/5505/3909 4390/5506/3909
f 4390/5506/3909 4391/5505/3909 4393/5507/3910 4392/5508/3910
f 4398/5509/3887 4399/5510/3887 4401/5500/3911 4400/5499/3911
f 4392/5508/3910 4393/5507/3910 4395/5511/3912 4394/5512/3912
f 4394/5512/3912 4395/5511/3912 4397/5513/3914 4396/5514/3914
f 4410/5460/3913 4411/5459/3913 4413/5504/3907 4412/5503/3907
f 4396/5515/3914 4397/5516/3914 4359/5452/3887 4358/5451/3887
f 4364/5517/3892 4372/5518/3892 4388/5519/3892
f 4424/5450/3921 4425/5449/3921 4427/5520/3922 4426/5521/3922
f 4426/5521/3922 4427/5520/3922 4429/5522/3893 4428/5523/3893
f 4428/5523/3893 4429/5522/3893 4431/5524/3909 4430/5525/3909
f 4430/5525/3909 4431/5524/3909 4433/5526/3910 4432/5527/3910
f 4432/5527/3910 4433/5526/3910 4435/5528/3912 4434/5529/3912
f 4398/5530/3892 4406/5531/3892 4414/5532/3892
f 4434/5529/3912 4435/5528/3912 4437/5533/3914 4436/5534/3914
f 4436/5535/3914 4437/5536/3914 4399/5510/3887 4398/5509/3887
f 4438/5537/3963 4440/5538/3963 4441/5539/3963 4439/5540/3963
f 4440/5538/3929 4442/5541/3929 4443/5542/3929 4441/5539/3929
f 4442/5541/3964 4444/5543/3964 4445/5544/3964 4443/5542/3964
f 4444/5543/3965 4446/5545/3965 4447/5546/3965 4445/5544/3965
f 4446/5545/3936 4448/5547/3936 4449/5548/3936 4447/5546/3936
f 4448/5549/3966 4438/5537/3966 4439/5540/3966 4449/5550/3966
f 4444/5551/3892 4442/5552/3892 4440/5553/3892
f 4450/5554/3927 4452/5555/3940 4453/5556/3940 4451/5557/3927
f 4452/5555/3940 4454/5558/3941 4455/5559/3941 4453/5556/3940
f 4454/5558/3941 4456/5560/3942 4457/5561/3942 4455/5559/3941
f 4456/5560/3942 4458/5562/3929 4459/5563/3929 4457/5561/3942
f 4458/5562/3929 4460/5564/3930 4461/5565/3930 4459/5563/3929
f 4460/5564/3930 4462/5566/3931 4463/5567/3931 4461/5565/3930
f 4462/5566/3931 4464/5568/3967 4465/5569/3967 4463/5567/3931
f 4464/5568/3967 4466/5570/3924 4467/5571/3924 4465/5569/3967
f 4466/5570/3924 4468/5572/3933 4469/5573/3933 4467/5571/3924
f 4468/5572/3933 4470/5574/3934 4471/5575/3934 4469/5573/3933
f 4470/5574/3934 4472/5576/3935 4473/5577/3935 4471/5575/3934
f 4472/5576/3935 4474/5578/3936 4475/5579/3936 4473/5577/3935
f 4474/5578/3936 4476/5580/3937 4477/5581/3937 4475/5579/3936
f 4476/5580/3937 4478/5582/3938 4479/5583/3938 4477/5581/3937
f 4478/5584/3938 4480/5585/3939 4481/5586/3939 4479/5587/3938
f 4480/5585/3939 4450/5554/3927 4451/5557/3927 4481/5586/3939
f 4456/5588/3892 4452/5589/3892 4468/5590/3892
f 4546/5591/3951 4548/5592/3952 4549/5593/3952 4547/5594/3951
f 4482/5595/3927 4484/5596/3955 4485/5597/3955 4483/5598/3927
f 4484/5596/3955 4486/5599/3956 4487/5600/3956 4485/5597/3955
f 4532/5601/3929 4534/5602/3945 4535/5603/3945 4533/5604/3929
f 4486/5599/3956 4488/5605/3957 4489/5606/3957 4487/5600/3956
f 4544/5607/3947 4546/5591/3951 4547/5594/3951 4545/5608/3947
f 4488/5605/3957 4490/5609/3958 4491/5610/3958 4489/5606/3957
f 4490/5609/3958 4492/5611/3929 4493/5612/3929 4491/5610/3958
f 4530/5613/3958 4532/5601/3929 4533/5604/3929 4531/5614/3958
f 4492/5611/3929 4494/5615/3945 4495/5616/3945 4493/5612/3929
f 4542/5617/3924 4544/5607/3947 4545/5608/3947 4543/5618/3924
f 4494/5615/3945 4496/5619/3946 4497/5620/3946 4495/5616/3945
f 4496/5619/3946 4498/5621/3948 4499/5622/3948 4497/5620/3946
f 4528/5623/3957 4530/5613/3958 4531/5614/3958 4529/5624/3957
f 4498/5621/3948 4500/5625/3950 4501/5626/3950 4499/5622/3948
f 4540/5627/3950 4542/5617/3924 4543/5618/3924 4541/5628/3950
f 4500/5625/3950 4502/5629/3924 4503/5630/3924 4501/5626/3950
f 4502/5629/3924 4504/5631/3947 4505/5632/3947 4503/5630/3924
f 4526/5633/3956 4528/5623/3957 4529/5624/3957 4527/5634/3956
f 4504/5631/3947 4506/5635/3951 4507/5636/3951 4505/5632/3947
f 4538/5637/3948 4540/5627/3950 4541/5628/3950 4539/5638/3948
f 4506/5635/3951 4508/5639/3952 4509/5640/3952 4507/5636/3951
f 4508/5639/3952 4510/5641/3953 4511/5642/3953 4509/5640/3952
f 4524/5643/3955 4526/5633/3956 4527/5634/3956 4525/5644/3955
f 4510/5641/3953 4512/5645/3936 4513/5646/3936 4511/5642/3953
f 4536/5647/3946 4538/5637/3948 4539/5638/3948 4537/5648/3946
f 4512/5645/3936 4514/5649/3949 4515/5650/3949 4513/5646/3936
f 4514/5649/3949 4516/5651/3943 4517/5652/3943 4515/5650/3949
f 4522/5653/3927 4524/5643/3955 4525/5644/3955 4523/5654/3927
f 4516/5651/3943 4518/5655/3944 4519/5656/3944 4517/5652/3943
f 4518/5657/3944 4520/5658/3954 4521/5659/3954 4519/5660/3944
f 4534/5602/3945 4536/5647/3946 4537/5648/3946 4535/5603/3945
f 4520/5658/3954 4482/5595/3927 4483/5598/3927 4521/5659/3954
f 4508/5661/3892 4500/5662/3892 4492/5663/3892
f 4548/5592/3952 4550/5664/3953 4551/5665/3953 4549/5593/3952
f 4550/5664/3953 4552/5666/3936 4553/5667/3936 4551/5665/3953
f 4552/5666/3936 4554/5668/3949 4555/5669/3949 4553/5667/3936
f 4554/5668/3949 4556/5670/3943 4557/5671/3943 4555/5669/3949
f 4556/5672/3943 4558/5673/3944 4559/5674/3944 4557/5675/3943
f 4534/5676/3892 4558/5677/3892 4550/5678/3892
f 4558/5673/3944 4560/5679/3954 4561/5680/3954 4559/5674/3944
f 4560/5679/3954 4522/5653/3927 4523/5654/3927 4561/5680/3954
f 4076/5104/3892 4066/5681/3892 4072/5102/3892
f 4066/5681/3892 4068/5682/3892 4072/5102/3892
f 4068/5682/3892 4070/5683/3892 4072/5102/3892
f 4108/5141/3892 4078/5684/3892 4080/5685/3892
f 4080/5685/3892 4082/5686/3892 4108/5141/3892
f 4082/5686/3892 4084/5687/3892 4108/5141/3892
f 4084/5687/3892 4086/5688/3892 4088/5689/3892
f 4088/5689/3892 4090/5690/3968 4092/5139/3892
f 4092/5139/3892 4094/5691/3892 4100/5140/3892
f 4094/5691/3892 4096/5692/3892 4100/5140/3892
f 4096/5692/3892 4098/5693/3892 4100/5140/3892
f 4100/5140/3892 4102/5694/3892 4108/5141/3892
f 4102/5694/3892 4104/5695/3892 4108/5141/3892
f 4104/5695/3892 4106/5696/3892 4108/5141/3892
f 4084/5687/3892 4088/5689/3892 4108/5141/3892
f 4088/5689/3892 4092/5139/3892 4108/5141/3892
f 4148/5697/3892 4110/5698/3892 4116/5212/3892
f 4110/5698/3892 4112/5699/3892 4116/5212/3892
f 4112/5699/3892 4114/5700/3969 4116/5212/3892
f 4116/5212/3892 4118/5701/3892 4120/5702/3892
f 4120/5702/3892 4122/5703/3892 4116/5212/3892
f 4122/5703/3892 4124/5213/3892 4116/5212/3892
f 4124/5213/3892 4126/5704/3892 4128/5705/3892
f 4128/5705/3892 4130/5706/3969 4132/5707/3892
f 4132/5707/3892 4134/5708/3892 4140/5214/3892
f 4134/5708/3892 4136/5709/3892 4140/5214/3892
f 4136/5709/3892 4138/5710/3892 4140/5214/3892
f 4140/5214/3892 4142/5711/3892 4144/5712/3892
f 4144/5712/3892 4146/5713/3970 4148/5697/3892
f 4124/5213/3892 4128/5705/3892 4140/5214/3892
f 4128/5705/3892 4132/5707/3892 4140/5214/3892
f 4140/5214/3892 4144/5712/3892 4148/5697/3892
f 4148/5697/3892 4116/5212/3892 4140/5214/3892
f 4192/5265/3892 4190/5714/3892 4200/5715/3892
f 4200/5715/3892 4198/5716/3892 4192/5265/3892
f 4198/5716/3892 4196/5263/3892 4192/5265/3892
f 4204/5301/3892 4202/5717/3892 4232/5718/3892
f 4232/5718/3892 4230/5719/3892 4228/5720/3892
f 4228/5720/3892 4226/5721/3892 4224/5722/3892
f 4224/5722/3892 4222/5723/3970 4220/5302/3892
f 4220/5302/3892 4218/5724/3892 4216/5725/3892
f 4216/5725/3892 4214/5726/3892 4212/5727/3892
f 4212/5727/3892 4210/5728/3892 4208/5300/3892
f 4208/5300/3892 4206/5729/3969 4204/5301/3892
f 4204/5301/3892 4232/5718/3892 4228/5720/3892
f 4228/5720/3892 4224/5722/3892 4204/5301/3892
f 4224/5722/3892 4220/5302/3892 4204/5301/3892
f 4220/5302/3892 4216/5725/3892 4212/5727/3892
f 4212/5727/3892 4208/5300/3892 4220/5302/3892
f 4236/5374/3892 4234/5730/3892 4272/5731/3892
f 4272/5731/3892 4270/5732/3892 4236/5374/3892
f 4270/5732/3892 4268/5733/3892 4236/5374/3892
f 4268/5733/3892 4266/5734/3969 4264/5735/3892
f 4264/5735/3892 4262/5736/3892 4260/5375/3892
f 4260/5375/3892 4258/5737/3892 4256/5738/3892
f 4256/5738/3892 4254/5739/3892 4252/5740/3892
f 4252/5740/3892 4250/5741/3969 4248/5742/3892
f 4248/5742/3892 4246/5743/3970 4244/5744/3892
f 4244/5744/3892 4242/5745/3892 4240/5373/3892
f 4240/5373/3892 4238/5746/3892 4236/5374/3892
f 4268/5733/3892 4264/5735/3892 4236/5374/3892
f 4264/5735/3892 4260/5375/3892 4236/5374/3892
f 4260/5375/3892 4256/5738/3892 4252/5740/3892
f 4252/5740/3892 4248/5742/3892 4260/5375/3892
f 4248/5742/3892 4244/5744/3892 4260/5375/3892
f 4244/5744/3892 4240/5373/3892 4260/5375/3892
f 4302/5390/3892 4300/5747/3892 4294/5748/3892
f 4300/5747/3892 4298/5749/3892 4294/5748/3892
f 4298/5749/3892 4296/5750/3892 4294/5748/3892
f 4294/5748/3892 4292/5751/3970 4290/5752/3892
f 4290/5752/3892 4288/5753/3892 4286/5388/3892
f 4286/5388/3892 4284/5754/3892 4278/5755/3892
f 4284/5754/3892 4282/5756/3892 4278/5755/3892
f 4282/5756/3892 4280/5757/3969 4278/5755/3892
f 4278/5755/3892 4276/5758/3892 4274/5759/3892
f 4274/5759/3892 4312/5760/3970 4310/5389/3892
f 4310/5389/3892 4308/5761/3892 4302/5390/3892
f 4308/5761/3892 4306/5762/3892 4302/5390/3892
f 4306/5762/3892 4304/5763/3892 4302/5390/3892
f 4294/5748/3892 4290/5752/3892 4302/5390/3892
f 4290/5752/3892 4286/5388/3892 4302/5390/3892
f 4278/5755/3892 4274/5759/3892 4286/5388/3892
f 4274/5759/3892 4310/5389/3892 4286/5388/3892
f 4324/5409/3892 4314/5764/3892 4320/5407/3892
f 4314/5764/3892 4316/5765/3892 4320/5407/3892
f 4316/5765/3892 4318/5766/3892 4320/5407/3892
f 4356/5446/3892 4326/5767/3969 4332/5768/3892
f 4326/5767/3969 4328/5769/3970 4332/5768/3892
f 4328/5769/3970 4330/5770/3892 4332/5768/3892
f 4332/5768/3892 4334/5771/3968 4336/5772/3892
f 4336/5772/3892 4338/5773/3892 4340/5774/3892
f 4340/5774/3892 4342/5775/3892 4344/5444/3892
f 4344/5444/3892 4346/5776/3892 4348/5445/3892
f 4348/5445/3892 4350/5777/3970 4356/5446/3892
f 4350/5777/3970 4352/5778/3969 4356/5446/3892
f 4352/5778/3969 4354/5779/3892 4356/5446/3892
f 4332/5768/3892 4336/5772/3892 4356/5446/3892
f 4336/5772/3892 4340/5774/3892 4356/5446/3892
f 4340/5774/3892 4344/5444/3892 4356/5446/3892
f 4396/5780/3892 4358/5781/3892 4360/5782/3892
f 4360/5782/3892 4362/5783/3892 4396/5780/3892
f 4362/5783/3892 4364/5517/3892 4396/5780/3892
f 4364/5517/3892 4366/5784/3892 4368/5785/3892
f 4368/5785/3892 4370/5786/3892 4364/5517/3892
f 4370/5786/3892 4372/5518/3892 4364/5517/3892
f 4372/5518/3892 4374/5787/3892 4376/5788/3892
f 4376/5788/3892 4378/5789/3892 4372/5518/3892
f 4378/5789/3892 4380/5790/3892 4372/5518/3892
f 4380/5790/3892 4382/5791/3892 4384/5792/3892
f 4384/5792/3892 4386/5793/3970 4388/5519/3892
f 4388/5519/3892 4390/5794/3892 4396/5780/3892
f 4390/5794/3892 4392/5795/3892 4396/5780/3892
f 4392/5795/3892 4394/5796/3892 4396/5780/3892
f 4380/5790/3892 4384/5792/3892 4372/5518/3892
f 4384/5792/3892 4388/5519/3892 4372/5518/3892
f 4396/5780/3892 4364/5517/3892 4388/5519/3892
f 4422/5797/3892 4424/5798/3969 4426/5799/3892
f 4426/5799/3892 4428/5800/3892 4430/5801/3892
f 4430/5801/3892 4432/5802/3969 4434/5803/3892
f 4434/5803/3892 4436/5804/3892 4430/5801/3892
f 4436/5804/3892 4398/5530/3892 4430/5801/3892
f 4398/5530/3892 4400/5805/3892 4402/5806/3892
f 4402/5806/3892 4404/5807/3892 4398/5530/3892
f 4404/5807/3892 4406/5531/3892 4398/5530/3892
f 4406/5531/3892 4408/5808/3892 4414/5532/3892
f 4408/5808/3892 4410/5809/3892 4414/5532/3892
f 4410/5809/3892 4412/5810/3970 4414/5532/3892
f 4414/5532/3892 4416/5811/3892 4418/5812/3892
f 4418/5812/3892 4420/5813/3892 4414/5532/3892
f 4420/5813/3892 4422/5797/3892 4414/5532/3892
f 4422/5797/3892 4426/5799/3892 4430/5801/3892
f 4422/5797/3892 4430/5801/3892 4414/5532/3892
f 4430/5801/3892 4398/5530/3892 4414/5532/3892
f 4440/5553/3892 4438/5814/3892 4448/5815/3892
f 4448/5815/3892 4446/5816/3892 4440/5553/3892
f 4446/5816/3892 4444/5551/3892 4440/5553/3892
f 4452/5589/3892 4450/5817/3892 4480/5818/3892
f 4480/5818/3892 4478/5819/3970 4476/5820/3892
f 4476/5820/3892 4474/5821/3892 4472/5822/3892
f 4472/5822/3892 4470/5823/3892 4468/5590/3892
f 4468/5590/3892 4466/5824/3968 4464/5825/3892
f 4464/5825/3892 4462/5826/3969 4460/5827/3892
f 4460/5827/3892 4458/5828/3892 4456/5588/3892
f 4456/5588/3892 4454/5829/3892 4452/5589/3892
f 4452/5589/3892 4480/5818/3892 4468/5590/3892
f 4480/5818/3892 4476/5820/3892 4468/5590/3892
f 4476/5820/3892 4472/5822/3892 4468/5590/3892
f 4468/5590/3892 4464/5825/3892 4460/5827/3892
f 4460/5827/3892 4456/5588/3892 4468/5590/3892
f 4484/5830/3892 4482/5831/3969 4520/5832/3892
f 4520/5832/3892 4518/5833/3970 4516/5834/3892
f 4516/5834/3892 4514/5835/3892 4512/5836/3892
f 4512/5836/3892 4510/5837/3892 4508/5661/3892
f 4508/5661/3892 4506/5838/3892 4500/5662/3892
f 4506/5838/3892 4504/5839/3892 4500/5662/3892
f 4504/5839/3892 4502/5840/3892 4500/5662/3892
f 4500/5662/3892 4498/5841/3892 4492/5663/3892
f 4498/5841/3892 4496/5842/3892 4492/5663/3892
f 4496/5842/3892 4494/5843/3892 4492/5663/3892
f 4492/5663/3892 4490/5844/3892 4488/5845/3892
f 4488/5845/3892 4486/5846/3892 4484/5830/3892
f 4484/5830/3892 4520/5832/3892 4516/5834/3892
f 4516/5834/3892 4512/5836/3892 4508/5661/3892
f 4492/5663/3892 4488/5845/3892 4508/5661/3892
f 4488/5845/3892 4484/5830/3892 4508/5661/3892
f 4484/5830/3892 4516/5834/3892 4508/5661/3892
f 4550/5678/3892 4548/5847/3892 4546/5848/3892
f 4546/5848/3892 4544/5849/3892 4550/5678/3892
f 4544/5849/3892 4542/5850/3892 4550/5678/3892
f 4542/5850/3892 4540/5851/3892 4534/5676/3892
f 4540/5851/3892 4538/5852/3892 4534/5676/3892
f 4538/5852/3892 4536/5853/3892 4534/5676/3892
f 4534/5676/3892 4532/5854/3892 4526/5855/3892
f 4532/5854/3892 4530/5856/3892 4526/5855/3892
f 4530/5856/3892 4528/5857/3970 4526/5855/3892
f 4526/5855/3892 4524/5858/3892 4558/5677/3892
f 4524/5858/3892 4522/5859/3892 4558/5677/3892
f 4522/5859/3892 4560/5860/3892 4558/5677/3892
f 4558/5677/3892 4556/5861/3892 4550/5678/3892
f 4556/5861/3892 4554/5862/3892 4550/5678/3892
f 4554/5862/3892 4552/5863/3892 4550/5678/3892
f 4550/5678/3892 4542/5850/3892 4534/5676/3892
f 4534/5676/3892 4526/5855/3892 4558/5677/3892
