# Blender 5.1.0
# www.blender.org
mtllib WoodenTable_02_1k.mtl
o WoodenTable_02
v 0.146415 0.417657 -0.000000
v 0.028564 0.417657 0.143601
v 0.056031 0.417657 0.135270
v 0.081344 0.417657 0.121739
v 0.103531 0.417657 0.103531
v 0.121739 0.417657 0.081344
v 0.135270 0.417657 0.056030
v 0.143601 0.417657 0.028564
v -0.000001 0.302384 0.146084
v 0.022930 0.307144 0.145544
v 0.055397 0.315053 0.135055
v 0.072980 0.306555 0.126162
v 0.146415 0.415654 -0.000000
v 0.028564 0.415654 0.143601
v 0.056031 0.415654 0.135270
v 0.081344 0.415654 0.121739
v 0.103531 0.415654 0.103531
v 0.121739 0.415654 0.081344
v 0.135270 0.415654 0.056030
v 0.143601 0.415654 0.028564
v 0.150338 0.362181 -0.000000
v 0.147450 0.362181 0.029329
v 0.138894 0.362181 0.057532
v 0.125002 0.362181 0.083523
v 0.106305 0.362181 0.106305
v 0.083524 0.362181 0.125002
v 0.057532 0.362181 0.138894
v 0.029330 0.362181 0.147449
v 0.139766 0.386666 -0.000000
v 0.137080 0.386666 0.027267
v 0.129127 0.386666 0.053486
v 0.116211 0.386666 0.077650
v 0.098829 0.386666 0.098829
v 0.077650 0.386666 0.116211
v 0.053486 0.386666 0.129127
v 0.027267 0.386666 0.137080
v 0.143695 0.397386 0.028583
v 0.135358 0.397386 0.056067
v 0.121819 0.397386 0.081397
v 0.103598 0.397386 0.103598
v 0.081397 0.397386 0.121819
v 0.056067 0.397386 0.135358
v 0.028583 0.397386 0.143695
v 0.149803 0.409941 -0.000000
v 0.029225 0.409941 0.146924
v 0.029255 0.403566 0.147076
v 0.057327 0.409941 0.138400
v 0.057386 0.403566 0.138543
v 0.083226 0.409941 0.124556
v 0.083312 0.403566 0.124685
v 0.105927 0.409941 0.105926
v 0.106036 0.403566 0.106036
v 0.124557 0.409941 0.083226
v 0.124685 0.403566 0.083312
v 0.138400 0.409941 0.057327
v 0.138543 0.403566 0.057386
v 0.146924 0.409941 0.029225
v 0.147076 0.403566 0.029255
v 0.142898 0.376407 0.028424
v 0.134607 0.376407 0.055756
v 0.121143 0.376407 0.080945
v 0.103024 0.376407 0.103023
v 0.080945 0.376407 0.121143
v 0.055756 0.376407 0.134607
v 0.028424 0.376407 0.142898
v 0.026240 0.337423 0.146642
v 0.056883 0.337425 0.137328
v 0.029067 0.316618 0.144777
v 0.047523 0.321549 0.139890
v 0.061080 0.307613 0.131243
v 0.066781 0.305388 0.129184
v 0.084242 0.308508 0.119406
v 0.082581 0.337425 0.123592
v 0.101538 0.312964 0.104752
v 0.113012 0.306040 0.090873
v 0.121084 0.312480 0.080971
v 0.127437 0.306406 0.069452
v 0.135140 0.320219 0.053679
v 0.140448 0.322452 0.042828
v 0.143941 0.313961 0.028274
v 0.145786 0.337425 0.028999
v 0.131762 0.309282 0.062133
v 0.091157 0.305998 0.112806
v 0.105691 0.311905 0.100240
v 0.105106 0.337425 0.105106
v 0.116355 0.307456 0.086559
v 0.124785 0.308864 0.074930
v 0.123592 0.337425 0.082581
v 0.138292 0.322332 0.048857
v 0.137328 0.337425 0.056883
v 0.079955 0.312149 0.123503
v 0.087436 0.305939 0.116133
v -0.000000 0.417657 -0.000000
v 0.146510 0.397386 -0.000000
v 0.149957 0.403566 -0.000000
v 0.145697 0.376407 -0.000000
v 0.148643 0.337425 -0.000000
v 0.037903 0.321304 0.142702
v 0.144531 0.302720 0.023488
v 0.144501 0.276179 0.020550
v 0.143804 0.254106 0.023205
v 0.145169 0.260222 0.000002
v 0.143163 0.234300 0.025218
v 0.020511 0.291189 0.144841
v -0.000002 0.260222 0.145169
v 0.019618 0.273691 0.144673
v 0.021698 0.253546 0.145127
v 0.023444 0.235260 0.145325
v 0.108747 0.224808 0.019027
v 0.109863 0.263981 0.017896
v 0.108859 0.294336 0.019009
v 0.105761 0.318066 0.026756
v 0.100291 0.317334 0.042820
v 0.089545 0.312442 0.062454
v 0.073376 0.311670 0.081505
v 0.054386 0.312786 0.095512
v 0.034400 0.317786 0.103695
v 0.018356 0.260293 0.111155
v 0.019662 0.297171 0.109193
v 0.023066 0.313970 0.108578
v 0.135546 0.197495 0.020198
v 0.105818 0.198225 0.018759
v 0.131241 0.159710 0.017953
v 0.101389 0.159641 0.017860
v 0.130542 0.123527 0.015817
v 0.100534 0.122513 0.016635
v 0.134107 0.085384 0.015890
v 0.103063 0.084929 0.016229
v 0.143534 0.045417 0.000001
v 0.140177 0.047080 0.017707
v 0.107501 0.047523 0.016726
v 0.142446 0.018815 0.021270
v 0.111183 0.024270 0.017971
v 0.146168 0.017533 0.000001
v 0.142930 0.007170 0.018453
v 0.112124 0.009525 0.016569
v 0.143687 0.000604 0.009967
v 0.144710 0.000268 0.000001
v 0.114194 0.001364 0.010428
v 0.020258 0.195007 0.136965
v 0.019095 0.197690 0.107464
v 0.019049 0.161375 0.102716
v 0.019944 0.161360 0.133801
v 0.018324 0.124504 0.100517
v 0.019523 0.125111 0.131245
v -0.000001 0.124151 0.134760
v 0.018708 0.086316 0.103302
v 0.019776 0.086719 0.134858
v 0.018790 0.046665 0.108274
v 0.022473 0.046001 0.139422
v -0.000001 0.045417 0.143534
v 0.020240 0.024691 0.112516
v 0.024662 0.024797 0.141849
v -0.000001 0.017533 0.146168
v 0.024780 0.010966 0.142254
v 0.018729 0.011042 0.112157
v -0.000001 0.000268 0.144710
v 0.020094 0.002768 0.140403
v 0.015696 0.002903 0.114352
v -0.000001 0.259729 0.109175
v -0.000001 0.294628 0.107914
v -0.000001 0.372268 0.106783
v 0.022943 0.371533 0.104605
v 0.036374 0.372852 0.099910
v 0.109175 0.259729 0.000001
v 0.108523 0.225504 0.000001
v 0.103530 0.371757 0.027101
v 0.097915 0.371583 0.043330
v 0.088567 0.371232 0.060337
v 0.075930 0.372278 0.075077
v 0.055020 0.373436 0.089764
v 0.143601 0.417657 -0.028564
v 0.135270 0.417657 -0.056031
v 0.121739 0.417657 -0.081344
v 0.103531 0.417657 -0.103531
v 0.081344 0.417657 -0.121739
v 0.056030 0.417657 -0.135270
v 0.028564 0.417657 -0.143601
v 0.146084 0.302384 0.000001
v 0.145595 0.307059 -0.022856
v 0.135669 0.316007 -0.055477
v 0.126162 0.306555 -0.072980
v 0.143601 0.415654 -0.028564
v 0.135270 0.415654 -0.056031
v 0.121739 0.415654 -0.081344
v 0.103531 0.415654 -0.103531
v 0.081344 0.415654 -0.121739
v 0.056030 0.415654 -0.135270
v 0.028564 0.415654 -0.143601
v 0.029329 0.362181 -0.147450
v 0.057532 0.362181 -0.138894
v 0.083523 0.362181 -0.125002
v 0.106305 0.362181 -0.106305
v 0.125002 0.362181 -0.083524
v 0.138894 0.362181 -0.057532
v 0.147449 0.362181 -0.029330
v 0.027267 0.386666 -0.137080
v 0.053486 0.386666 -0.129127
v 0.077650 0.386666 -0.116211
v 0.098829 0.386666 -0.098829
v 0.116211 0.386666 -0.077650
v 0.129127 0.386666 -0.053486
v 0.137080 0.386666 -0.027267
v 0.028583 0.397386 -0.143695
v 0.056067 0.397386 -0.135358
v 0.081397 0.397386 -0.121819
v 0.103598 0.397386 -0.103598
v 0.121819 0.397386 -0.081397
v 0.135358 0.397386 -0.056067
v 0.143695 0.397386 -0.028583
v 0.146924 0.409941 -0.029225
v 0.147076 0.403566 -0.029255
v 0.138400 0.409941 -0.057327
v 0.138543 0.403566 -0.057386
v 0.124556 0.409941 -0.083226
v 0.124685 0.403566 -0.083312
v 0.105926 0.409941 -0.105927
v 0.106036 0.403566 -0.106036
v 0.083226 0.409941 -0.124557
v 0.083312 0.403566 -0.124685
v 0.057327 0.409941 -0.138400
v 0.057386 0.403566 -0.138543
v 0.029225 0.409941 -0.146924
v 0.029255 0.403566 -0.147076
v 0.028424 0.376407 -0.142898
v 0.055756 0.376407 -0.134607
v 0.080945 0.376407 -0.121143
v 0.103023 0.376407 -0.103024
v 0.121143 0.376407 -0.080945
v 0.134607 0.376407 -0.055756
v 0.142898 0.376407 -0.028424
v 0.146642 0.337423 -0.026240
v 0.137328 0.337425 -0.056883
v 0.144777 0.316618 -0.029067
v 0.139685 0.321366 -0.047929
v 0.131952 0.308631 -0.061354
v 0.128869 0.305020 -0.066689
v 0.118730 0.307612 -0.084550
v 0.123592 0.337425 -0.082581
v 0.104842 0.313328 -0.101913
v 0.090873 0.306040 -0.113012
v 0.080711 0.313278 -0.121925
v 0.069637 0.306928 -0.127856
v 0.055683 0.320133 -0.135154
v 0.041548 0.321595 -0.140242
v 0.027557 0.313150 -0.144201
v 0.028999 0.337425 -0.145786
v 0.063416 0.308542 -0.131292
v 0.111978 0.306132 -0.091770
v 0.101091 0.312633 -0.105461
v 0.105106 0.337425 -0.105106
v 0.085722 0.308075 -0.116930
v 0.074671 0.308693 -0.124929
v 0.082581 0.337425 -0.123592
v 0.049361 0.321971 -0.137783
v 0.056883 0.337425 -0.137328
v 0.123503 0.312149 -0.079955
v 0.115696 0.305690 -0.087696
v 0.142787 0.321734 -0.038493
v 0.023047 0.300434 -0.144433
v 0.020736 0.276318 -0.144283
v 0.022363 0.255508 -0.144512
v 0.000002 0.260222 -0.145169
v 0.025125 0.233812 -0.143350
v 0.144841 0.291189 -0.020511
v 0.144673 0.273691 -0.019618
v 0.144914 0.252899 -0.021918
v 0.145473 0.230097 0.001020
v 0.145011 0.234897 -0.023813
v 0.017896 0.263981 -0.109863
v 0.019009 0.294336 -0.108859
v 0.026756 0.318066 -0.105761
v 0.042820 0.317334 -0.100291
v 0.062454 0.312442 -0.089545
v 0.081505 0.311670 -0.073376
v 0.095512 0.312786 -0.054386
v 0.103695 0.317786 -0.034400
v 0.111155 0.260293 -0.018356
v 0.109193 0.297171 -0.019662
v 0.108578 0.313970 -0.023066
v 0.020198 0.197495 -0.135546
v 0.018759 0.198225 -0.105818
v 0.017953 0.159710 -0.131241
v 0.017860 0.159641 -0.101389
v 0.015817 0.123527 -0.130542
v 0.016635 0.122513 -0.100534
v 0.015890 0.085384 -0.134107
v 0.016229 0.084929 -0.103063
v 0.000001 0.045417 -0.143534
v 0.017707 0.047080 -0.140177
v 0.016726 0.047523 -0.107501
v 0.021270 0.018815 -0.142446
v 0.017971 0.024270 -0.111183
v 0.000001 0.017533 -0.146168
v 0.018453 0.007170 -0.142930
v 0.016569 0.009525 -0.112124
v 0.009967 0.000604 -0.143687
v 0.000001 0.000268 -0.144710
v 0.010428 0.001364 -0.114194
v 0.140803 0.196315 0.000001
v 0.136965 0.195007 -0.020258
v 0.107464 0.197690 -0.019095
v 0.102716 0.161375 -0.019049
v 0.133801 0.161360 -0.019944
v 0.136804 0.160185 0.000001
v 0.100518 0.124504 -0.018324
v 0.131245 0.125111 -0.019523
v 0.134760 0.124151 0.000001
v 0.103302 0.086316 -0.018708
v 0.134858 0.086719 -0.019776
v 0.138100 0.085562 0.000001
v 0.108274 0.046665 -0.018790
v 0.139422 0.046001 -0.022473
v 0.112516 0.024691 -0.020240
v 0.141849 0.024797 -0.024662
v 0.142254 0.010966 -0.024780
v 0.112157 0.011042 -0.018729
v 0.140403 0.002768 -0.020094
v 0.114585 -0.000000 0.000001
v 0.114352 0.002903 -0.015696
v 0.111170 0.020513 0.000001
v 0.107468 0.047066 0.000001
v 0.101921 0.085337 0.000001
v 0.099700 0.123012 0.000001
v 0.101147 0.160152 0.000001
v 0.105585 0.196789 0.000001
v 0.107914 0.294628 0.000001
v 0.107705 0.314594 0.000001
v 0.106783 0.372268 0.000001
v 0.104605 0.371533 -0.022943
v 0.099910 0.372852 -0.036374
v 0.000001 0.259729 -0.109175
v 0.000001 0.223718 -0.108341
v 0.027101 0.371757 -0.103530
v 0.043331 0.371583 -0.097915
v 0.060337 0.371232 -0.088567
v 0.075077 0.372278 -0.075930
v 0.089764 0.373436 -0.055020
v -0.000000 0.417657 -0.146415
v -0.028564 0.417657 -0.143601
v -0.056031 0.417657 -0.135270
v -0.081344 0.417657 -0.121739
v -0.103531 0.417657 -0.103531
v -0.121739 0.417657 -0.081344
v -0.135270 0.417657 -0.056030
v -0.143601 0.417657 -0.028564
v 0.000001 0.302384 -0.146084
v -0.023053 0.307459 -0.145535
v -0.056498 0.314607 -0.134927
v -0.073565 0.306888 -0.126500
v -0.028564 0.415654 -0.143601
v -0.056031 0.415654 -0.135270
v -0.081344 0.415654 -0.121739
v -0.103531 0.415654 -0.103531
v -0.121739 0.415654 -0.081344
v -0.135270 0.415654 -0.056030
v -0.143601 0.415654 -0.028564
v -0.147450 0.362181 -0.029329
v -0.138894 0.362181 -0.057532
v -0.125002 0.362181 -0.083523
v -0.106305 0.362181 -0.106305
v -0.083524 0.362181 -0.125002
v -0.057532 0.362181 -0.138894
v -0.029330 0.362181 -0.147450
v -0.137080 0.386666 -0.027267
v -0.129127 0.386666 -0.053486
v -0.116211 0.386666 -0.077650
v -0.098829 0.386666 -0.098829
v -0.077650 0.386666 -0.116211
v -0.053486 0.386666 -0.129127
v -0.027267 0.386666 -0.137080
v -0.143695 0.397386 -0.028583
v -0.135358 0.397386 -0.056067
v -0.121819 0.397386 -0.081397
v -0.103598 0.397386 -0.103598
v -0.081397 0.397386 -0.121819
v -0.056067 0.397386 -0.135358
v -0.028583 0.397386 -0.143695
v -0.000000 0.397386 -0.146510
v -0.000000 0.403566 -0.149957
v -0.029225 0.409941 -0.146924
v -0.029255 0.403566 -0.147076
v -0.057327 0.409941 -0.138400
v -0.057386 0.403566 -0.138543
v -0.083226 0.409941 -0.124556
v -0.083312 0.403566 -0.124685
v -0.105927 0.409941 -0.105926
v -0.106036 0.403566 -0.106036
v -0.124557 0.409941 -0.083226
v -0.124685 0.403566 -0.083312
v -0.138400 0.409941 -0.057327
v -0.138543 0.403566 -0.057386
v -0.146924 0.409941 -0.029225
v -0.147076 0.403566 -0.029255
v -0.142898 0.376407 -0.028424
v -0.134607 0.376407 -0.055756
v -0.121143 0.376407 -0.080945
v -0.103024 0.376407 -0.103023
v -0.080945 0.376407 -0.121143
v -0.055756 0.376407 -0.134607
v -0.028424 0.376407 -0.142898
v -0.000000 0.376407 -0.145697
v -0.026240 0.337423 -0.146642
v -0.000000 0.337425 -0.148643
v -0.056883 0.337425 -0.137328
v -0.029067 0.316618 -0.144777
v -0.048948 0.320921 -0.139190
v -0.061244 0.308037 -0.131910
v -0.067224 0.305352 -0.128998
v -0.084550 0.307612 -0.118730
v -0.082581 0.337425 -0.123592
v -0.103378 0.313351 -0.103287
v -0.113611 0.306021 -0.090027
v -0.122220 0.313657 -0.080611
v -0.127814 0.306663 -0.069378
v -0.134848 0.319585 -0.055824
v -0.140465 0.321480 -0.040808
v -0.144316 0.313412 -0.027603
v -0.145786 0.337425 -0.028999
v -0.130895 0.308091 -0.064198
v -0.093970 0.307636 -0.110621
v -0.107515 0.310944 -0.098669
v -0.105106 0.337425 -0.105106
v -0.116656 0.307759 -0.086259
v -0.124792 0.309093 -0.075095
v -0.123592 0.337425 -0.082581
v -0.137262 0.321672 -0.050104
v -0.137328 0.337425 -0.056883
v -0.079955 0.312149 -0.123503
v -0.089329 0.305497 -0.114149
v -0.000000 0.415654 -0.146415
v -0.000000 0.362181 -0.150338
v -0.000000 0.386666 -0.139766
v -0.000000 0.409941 -0.149803
v -0.038493 0.321734 -0.142787
v -0.144990 0.300219 -0.022548
v -0.144583 0.276085 -0.020468
v -0.144307 0.252898 -0.022952
v -0.143258 0.232151 -0.025051
v -0.020573 0.292082 -0.144883
v -0.019229 0.272813 -0.145398
v -0.021566 0.253549 -0.145336
v 0.001260 0.230394 -0.145186
v -0.023444 0.235260 -0.145325
v -0.108495 0.222519 -0.019004
v -0.109863 0.263981 -0.017896
v -0.108859 0.294336 -0.019009
v -0.105761 0.318066 -0.026756
v -0.100291 0.317334 -0.042820
v -0.089545 0.312442 -0.062454
v -0.073376 0.311670 -0.081505
v -0.054386 0.312786 -0.095512
v -0.034400 0.317786 -0.103695
v -0.018356 0.260293 -0.111155
v -0.019662 0.297171 -0.109193
v -0.023066 0.313970 -0.108578
v -0.135546 0.197495 -0.020198
v -0.140803 0.196315 -0.000001
v -0.105818 0.198225 -0.018759
v -0.136804 0.160185 -0.000001
v -0.131241 0.159710 -0.017953
v -0.101389 0.159641 -0.017860
v -0.130542 0.123527 -0.015817
v -0.100534 0.122513 -0.016635
v -0.138100 0.085562 -0.000001
v -0.134107 0.085384 -0.015890
v -0.103063 0.084929 -0.016229
v -0.140177 0.047080 -0.017707
v -0.107501 0.047523 -0.016726
v -0.142446 0.018815 -0.021270
v -0.111183 0.024270 -0.017971
v -0.142930 0.007170 -0.018453
v -0.112124 0.009525 -0.016569
v -0.143687 0.000604 -0.009967
v -0.114194 0.001364 -0.010428
v -0.114585 -0.000000 -0.000001
v 0.000001 0.196315 -0.140803
v -0.020258 0.195007 -0.136965
v -0.019095 0.197690 -0.107464
v -0.019049 0.161375 -0.102716
v -0.019944 0.161360 -0.133801
v 0.000001 0.160185 -0.136804
v -0.018324 0.124504 -0.100518
v -0.019523 0.125111 -0.131245
v 0.000001 0.124151 -0.134760
v -0.018708 0.086316 -0.103302
v -0.019776 0.086719 -0.134858
v 0.000001 0.085562 -0.138100
v -0.018790 0.046665 -0.108274
v -0.022473 0.046001 -0.139422
v -0.020240 0.024691 -0.112516
v -0.024662 0.024797 -0.141849
v -0.024780 0.010966 -0.142254
v -0.018729 0.011042 -0.112157
v -0.020094 0.002768 -0.140403
v 0.000001 -0.000000 -0.114585
v -0.015696 0.002903 -0.114352
v 0.000001 0.020513 -0.111170
v 0.000001 0.047066 -0.107468
v 0.000001 0.085337 -0.101921
v 0.000001 0.123012 -0.099700
v 0.000001 0.160152 -0.101147
v 0.000001 0.196789 -0.105585
v 0.000001 0.294628 -0.107914
v 0.000001 0.314594 -0.107705
v 0.000001 0.372268 -0.106783
v -0.022943 0.371533 -0.104605
v -0.036374 0.372852 -0.099910
v -0.107705 0.314594 -0.000001
v -0.105585 0.196789 -0.000001
v -0.101147 0.160152 -0.000001
v -0.099700 0.123012 -0.000001
v -0.101921 0.085337 -0.000001
v -0.107468 0.047066 -0.000001
v -0.111170 0.020513 -0.000001
v -0.103530 0.371757 -0.027101
v -0.097915 0.371583 -0.043331
v -0.088567 0.371232 -0.060337
v -0.075930 0.372278 -0.075077
v -0.055020 0.373436 -0.089764
v 0.000000 0.417657 0.146415
v -0.146415 0.417657 0.000000
v -0.143601 0.417657 0.028564
v -0.135270 0.417657 0.056031
v -0.121739 0.417657 0.081344
v -0.103531 0.417657 0.103531
v -0.081344 0.417657 0.121739
v -0.056030 0.417657 0.135270
v -0.028564 0.417657 0.143601
v -0.146084 0.302384 -0.000001
v -0.145469 0.307297 0.023050
v -0.135628 0.316096 0.054535
v -0.126162 0.306555 0.072980
v 0.000000 0.415654 0.146415
v -0.143601 0.415654 0.028564
v -0.135270 0.415654 0.056031
v -0.121739 0.415654 0.081344
v -0.103531 0.415654 0.103531
v -0.081344 0.415654 0.121739
v -0.056030 0.415654 0.135270
v -0.028564 0.415654 0.143601
v 0.000000 0.362181 0.150338
v -0.029329 0.362181 0.147450
v -0.057532 0.362181 0.138894
v -0.083523 0.362181 0.125002
v -0.106305 0.362181 0.106305
v -0.125002 0.362181 0.083524
v -0.138894 0.362181 0.057532
v -0.147449 0.362181 0.029330
v 0.000000 0.386666 0.139766
v -0.027267 0.386666 0.137080
v -0.053486 0.386666 0.129127
v -0.077650 0.386666 0.116211
v -0.098829 0.386666 0.098829
v -0.116211 0.386666 0.077650
v -0.129127 0.386666 0.053486
v -0.137080 0.386666 0.027267
v -0.028583 0.397386 0.143695
v -0.056067 0.397386 0.135358
v -0.081397 0.397386 0.121819
v -0.103598 0.397386 0.103598
v -0.121819 0.397386 0.081397
v -0.135358 0.397386 0.056067
v -0.143695 0.397386 0.028583
v -0.146510 0.397386 0.000000
v 0.000000 0.409941 0.149803
v -0.149957 0.403566 0.000000
v -0.146924 0.409941 0.029225
v -0.147076 0.403566 0.029255
v -0.138400 0.409941 0.057327
v -0.138543 0.403566 0.057386
v -0.124556 0.409941 0.083226
v -0.124685 0.403566 0.083312
v -0.105926 0.409941 0.105927
v -0.106036 0.403566 0.106036
v -0.083226 0.409941 0.124557
v -0.083312 0.403566 0.124685
v -0.057327 0.409941 0.138400
v -0.057386 0.403566 0.138543
v -0.029225 0.409941 0.146924
v -0.029255 0.403566 0.147076
v -0.028424 0.376407 0.142898
v -0.055756 0.376407 0.134607
v -0.080945 0.376407 0.121143
v -0.103023 0.376407 0.103024
v -0.121143 0.376407 0.080945
v -0.134607 0.376407 0.055756
v -0.142898 0.376407 0.028424
v -0.145697 0.376407 0.000000
v -0.146642 0.337423 0.026240
v -0.148643 0.337425 0.000000
v -0.137328 0.337425 0.056883
v -0.144777 0.316618 0.029067
v -0.139333 0.320829 0.047140
v -0.131480 0.307948 0.060891
v -0.128998 0.305352 0.067224
v -0.118730 0.307612 0.084550
v -0.123592 0.337425 0.082581
v -0.104349 0.313548 0.102555
v -0.090873 0.306040 0.113012
v -0.080610 0.313657 0.122220
v -0.069143 0.306784 0.128076
v -0.055811 0.319089 0.134535
v -0.044780 0.321704 0.139052
v -0.028327 0.314165 0.143859
v -0.028999 0.337425 0.145786
v -0.063005 0.308095 0.130804
v -0.111231 0.306650 0.092680
v -0.100494 0.312201 0.105820
v -0.105106 0.337425 0.105106
v -0.086559 0.307456 0.116355
v -0.073928 0.308210 0.125320
v -0.082581 0.337425 0.123592
v -0.051394 0.321717 0.136964
v -0.056883 0.337425 0.137328
v -0.123503 0.312149 0.079955
v -0.114867 0.305355 0.088173
v -0.146415 0.415654 0.000000
v -0.150338 0.362181 0.000000
v -0.139766 0.386666 0.000000
v 0.000000 0.397386 0.146510
v 0.000000 0.403566 0.149957
v -0.149803 0.409941 0.000000
v 0.000000 0.376407 0.145697
v 0.000000 0.337425 0.148642
v -0.142787 0.321734 0.038493
v -0.022664 0.301027 0.145067
v -0.020778 0.276127 0.144222
v -0.023361 0.253460 0.143695
v -0.025082 0.231470 0.143146
v -0.001161 0.228815 0.145057
v -0.144841 0.291189 0.020511
v -0.145169 0.260222 -0.000002
v -0.144673 0.273691 0.019618
v -0.145266 0.252810 0.021744
v -0.145092 0.235133 0.023655
v -0.019020 0.224050 0.108664
v -0.017896 0.263981 0.109863
v -0.019009 0.294336 0.108859
v -0.026756 0.318066 0.105761
v -0.042820 0.317334 0.100291
v -0.062454 0.312442 0.089545
v -0.081505 0.311670 0.073376
v -0.095512 0.312786 0.054386
v -0.103695 0.317786 0.034400
v -0.111155 0.260293 0.018356
v -0.109193 0.297171 0.019662
v -0.108578 0.313970 0.023066
v -0.020198 0.197495 0.135546
v -0.000001 0.196315 0.140803
v -0.018759 0.198225 0.105818
v -0.000001 0.160185 0.136804
v -0.017953 0.159710 0.131241
v -0.017860 0.159641 0.101389
v -0.015817 0.123527 0.130542
v -0.016635 0.122513 0.100534
v -0.000001 0.085562 0.138100
v -0.015890 0.085384 0.134107
v -0.016229 0.084929 0.103063
v -0.017707 0.047080 0.140177
v -0.016726 0.047523 0.107501
v -0.021270 0.018815 0.142446
v -0.017971 0.024270 0.111183
v -0.018453 0.007170 0.142930
v -0.016569 0.009525 0.112124
v -0.009967 0.000604 0.143687
v -0.010428 0.001364 0.114194
v -0.000001 -0.000000 0.114585
v -0.137889 0.196942 0.019891
v -0.107464 0.197690 0.019095
v -0.102716 0.161375 0.019049
v -0.133801 0.161360 0.019944
v -0.100518 0.124504 0.018324
v -0.131245 0.125111 0.019523
v -0.134760 0.124151 -0.000001
v -0.103302 0.086316 0.018708
v -0.134858 0.086719 0.019776
v -0.108274 0.046665 0.018790
v -0.139422 0.046001 0.022473
v -0.143534 0.045417 -0.000001
v -0.112516 0.024691 0.020240
v -0.141849 0.024797 0.024662
v -0.146168 0.017533 -0.000001
v -0.142254 0.010966 0.024780
v -0.112157 0.011042 0.018729
v -0.144710 0.000268 -0.000001
v -0.140403 0.002768 0.020094
v -0.114352 0.002903 0.015696
v -0.109175 0.259729 -0.000001
v -0.107914 0.294628 -0.000001
v -0.106783 0.372268 -0.000001
v -0.104605 0.371533 0.022943
v -0.099910 0.372852 0.036374
v -0.000001 0.314594 0.107705
v -0.000001 0.196789 0.105585
v -0.000001 0.160152 0.101147
v -0.000001 0.123012 0.099700
v -0.000001 0.085337 0.101921
v -0.000001 0.047066 0.107468
v -0.000001 0.020513 0.111170
v -0.027101 0.371757 0.103530
v -0.043331 0.371583 0.097915
v -0.060337 0.371232 0.088567
v -0.075077 0.372278 0.075930
v -0.089764 0.373436 0.055020
v 0.000000 0.372117 -0.000000
v 0.033443 0.318657 -0.142775
v 0.051665 0.372228 -0.052251
v 0.142404 0.319729 0.035123
v -0.036898 0.320487 0.141808
v -0.143232 0.318153 -0.032401
v 0.109948 0.308040 0.095325
v -0.095706 0.308331 0.109650
v -0.110478 0.307428 -0.094519
v 0.096390 0.308916 -0.109184
v 0.133636 0.316041 0.057604
v 0.059643 0.313675 -0.133526
v -0.133247 0.313379 -0.059150
v -0.059296 0.312820 0.133028
v 0.095879 0.309206 0.109341
v 0.109078 0.309957 -0.096641
v -0.098458 0.311325 -0.107537
v -0.107888 0.310394 0.097385
v -0.000498 0.215825 -0.142399
v -0.021009 0.216745 -0.140802
v -0.018501 0.223671 -0.109564
v 0.018997 0.223545 -0.108692
v 0.020441 0.216208 -0.138202
v -0.143085 0.216587 0.000056
v -0.138503 0.217496 -0.021750
v -0.108270 0.223032 -0.000001
v -0.109510 0.223009 0.018516
v -0.140967 0.218001 0.021359
v -0.001881 0.216855 0.142912
v -0.020909 0.214715 0.138367
v -0.000001 0.224685 0.108440
v 0.018480 0.224604 0.109639
v 0.021016 0.215976 0.140400
v 0.140886 0.216642 -0.020904
v 0.142915 0.215642 0.000001
v 0.138009 0.215490 0.021523
v 0.109703 0.225394 -0.018461
v -0.022985 0.224610 -0.144356
v -0.142591 0.224954 -0.023821
v -0.145197 0.229181 -0.001081
v -0.144481 0.224223 0.022244
v 0.022637 0.223789 0.144436
v -0.023049 0.222970 0.141940
v 0.144406 0.226090 -0.023002
v 0.143115 0.223492 0.022564
v 0.023132 0.223416 -0.142421
v -0.143329 0.219549 -0.016593
v -0.145155 0.219724 0.017210
v 0.014807 0.219535 0.145334
v -0.014485 0.219413 0.143617
v 0.143687 0.219535 0.014189
v 0.145193 0.219068 -0.013557
v 0.013961 0.219346 -0.143683
v -0.015275 0.219231 -0.145539
vn 0.0700 -0.0555 0.9960
vn 0.1761 -0.0542 0.9829
vn -0.0143 -0.0652 0.9978
vn -0.0124 -0.0377 0.9992
vn -0.0000 1.0000 -0.0000
vn 0.1951 -0.0000 0.9808
vn -0.0000 -0.0000 1.0000
vn -0.0000 0.2687 0.9632
vn 0.1879 0.2687 0.9447
vn 0.3827 -0.0000 0.9239
vn 0.3686 0.2687 0.8899
vn 0.5556 -0.0000 0.8315
vn 0.5351 0.2687 0.8009
vn 0.7071 -0.0000 0.7071
vn 0.6811 0.2687 0.6811
vn 0.8315 -0.0000 0.5556
vn 0.8009 0.2687 0.5351
vn 0.9239 -0.0000 0.3827
vn 0.8899 0.2687 0.3686
vn 0.9447 0.2687 0.1879
vn 0.9808 -0.0000 0.1951
vn 1.0000 -0.0000 -0.0000
vn 0.9632 0.2687 -0.0000
vn -0.0000 -0.2362 0.9717
vn -0.0000 -0.5093 0.8606
vn 0.1679 -0.5093 0.8441
vn 0.1896 -0.2362 0.9530
vn 0.3293 -0.5093 0.7951
vn 0.3719 -0.2362 0.8977
vn 0.4781 -0.5093 0.7156
vn 0.5399 -0.2362 0.8079
vn 0.6085 -0.5093 0.6085
vn 0.6871 -0.2362 0.6871
vn 0.7156 -0.5093 0.4781
vn 0.8079 -0.2362 0.5399
vn 0.7951 -0.5093 0.3293
vn 0.8977 -0.2362 0.3719
vn 0.8441 -0.5093 0.1679
vn 0.9530 -0.2362 0.1896
vn 0.8606 -0.5093 -0.0000
vn 0.9717 -0.2362 -0.0000
vn -0.0000 0.2720 0.9623
vn 0.1877 0.2720 0.9438
vn 0.3683 0.2720 0.8890
vn 0.5346 0.2720 0.8001
vn 0.6804 0.2720 0.6804
vn 0.8001 0.2720 0.5346
vn 0.8890 0.2720 0.3683
vn 0.9438 0.2720 0.1877
vn 0.9623 0.2720 -0.0000
vn -0.0000 0.4052 0.9142
vn 0.1784 0.4052 0.8967
vn 0.1689 0.5005 0.8491
vn -0.0000 0.5005 0.8657
vn 0.3499 0.4052 0.8447
vn 0.3313 0.5005 0.7998
vn 0.5079 0.4052 0.7602
vn 0.4810 0.5005 0.7198
vn 0.6465 0.4052 0.6465
vn 0.6122 0.5005 0.6121
vn 0.7602 0.4052 0.5079
vn 0.7198 0.5005 0.4810
vn 0.8447 0.4052 0.3499
vn 0.7998 0.5005 0.3313
vn 0.8967 0.4052 0.1784
vn 0.8491 0.5005 0.1689
vn 0.9142 0.4052 -0.0000
vn 0.8657 0.5005 -0.0000
vn -0.0000 -0.5325 0.8464
vn 0.1651 -0.5325 0.8302
vn 0.3239 -0.5325 0.7820
vn 0.4702 -0.5325 0.7038
vn 0.5985 -0.5325 0.5985
vn 0.7038 -0.5325 0.4702
vn 0.7820 -0.5325 0.3239
vn 0.8302 -0.5325 0.1651
vn 0.8464 -0.5325 -0.0000
vn -0.0027 0.1248 0.9922
vn 0.1948 0.1247 0.9729
vn 0.3799 0.1218 0.9170
vn 0.5514 0.1217 0.8253
vn 0.7018 0.1217 0.7018
vn 0.8253 0.1217 0.5514
vn 0.9170 0.1217 0.3798
vn 0.9735 0.1217 0.1936
vn 0.9922 0.1248 0.0027
vn 0.3880 -0.0714 0.9189
vn 0.5511 -0.0749 0.8311
vn 0.7066 -0.0807 0.7030
vn 0.8292 -0.0817 0.5529
vn 0.9204 -0.0878 0.3810
vn 0.9778 -0.0742 0.1958
vn 0.9978 -0.0646 0.0141
vn 0.2268 -0.0564 0.9723
vn 0.2753 -0.0328 0.9608
vn 0.4419 -0.1197 0.8891
vn 0.3587 -0.0640 0.9313
vn 0.4421 -0.0960 0.8918
vn 0.4441 -0.0812 0.8923
vn 0.4331 -0.0598 0.8994
vn 0.6902 -0.1110 0.7151
vn 0.6380 -0.0939 0.7643
vn 0.6441 -0.0794 0.7608
vn 0.5202 -0.0570 0.8521
vn 0.7857 -0.0988 0.6107
vn 0.7590 -0.0954 0.6441
vn 0.8107 -0.1185 0.5734
vn 0.8044 -0.1169 0.5824
vn 0.8617 -0.0978 0.4978
vn 0.8765 -0.0873 0.4734
vn 0.9359 -0.1758 0.3051
vn 0.9722 -0.1622 0.1687
vn 0.9534 -0.0833 0.2900
vn 0.9180 -0.1309 0.3744
vn 0.9887 -0.0566 0.1388
vn 0.9561 -0.0858 0.2801
vn 0.8949 -0.0957 0.4358
vn 0.6482 -0.0942 0.7556
vn 0.6553 -0.1077 0.7476
vn 0.7081 -0.1166 0.6964
vn 0.9992 -0.0387 0.0141
vn 0.9981 0.0073 0.0617
vn 0.9983 -0.0189 0.0550
vn 0.9998 -0.0056 0.0191
vn 0.9977 -0.0109 0.0676
vn 0.9976 -0.0558 0.0410
vn 0.9963 -0.0157 0.0842
vn 0.8897 -0.3795 0.2539
vn 0.9063 -0.3973 0.1445
vn 0.9651 -0.2053 0.1629
vn 0.0403 -0.0302 0.9987
vn -0.0236 -0.0074 0.9997
vn 0.0329 -0.0050 0.9994
vn 0.0003 0.0098 1.0000
vn -0.0469 -0.0600 0.9971
vn 0.0172 -0.0098 0.9998
vn 0.0816 -0.4292 0.8995
vn 0.2293 -0.2220 0.9477
vn -0.1229 0.0190 0.9922
vn -0.1153 -0.0168 0.9932
vn -0.1437 -0.0628 0.9876
vn -0.1460 0.0844 0.9857
vn -0.1073 -0.1678 0.9800
vn -0.0952 0.0033 0.9954
vn -0.0670 -0.2290 0.9711
vn -0.0699 -0.1949 0.9783
vn -0.0822 -0.5532 0.8290
vn 0.0278 -0.8385 0.5442
vn -0.0706 -0.8730 0.4826
vn 0.0562 -0.9867 0.1523
vn 0.1456 -0.9826 -0.1154
vn 0.0471 -0.9820 -0.1830
vn 0.2165 -0.8572 -0.4672
vn 0.2875 -0.6482 -0.7051
vn 0.1368 -0.8151 -0.5629
vn -0.0781 -0.9648 -0.2511
vn -0.1788 -0.9802 0.0853
vn -0.0977 -0.9886 -0.1142
vn 0.0195 -0.9993 -0.0312
vn 0.1711 -0.9097 -0.3785
vn -0.0475 -0.9881 -0.1462
vn -0.1856 -0.9704 0.1542
vn -0.1028 -0.9937 -0.0439
vn -0.1825 -0.9275 0.3264
vn 0.1069 -0.9915 -0.0743
vn 0.3273 -0.8806 -0.3426
vn 0.0973 -0.9681 -0.2307
vn -0.1499 -0.9864 -0.0672
vn -0.2875 -0.9472 0.1418
vn -0.1951 -0.9778 -0.0759
vn -0.0138 -0.9999 -0.0101
vn 0.2759 -0.8954 -0.3494
vn -0.1225 -0.9793 -0.1612
vn -0.4500 -0.8880 0.0943
vn -0.1084 -0.9922 0.0615
vn -0.5795 -0.7483 0.3228
vn -0.1382 -0.9744 0.1771
vn 0.3276 -0.9442 0.0334
vn 0.6575 -0.7535 0.0007
vn 0.9927 -0.0013 -0.1203
vn 0.9884 -0.0932 -0.1203
vn 0.9955 -0.0008 -0.0946
vn 0.9969 0.0185 -0.0767
vn 0.9927 0.0646 -0.1021
vn 0.9989 0.0132 -0.0459
vn 0.9814 -0.1868 -0.0441
vn 0.9953 -0.0900 -0.0363
vn 0.9630 -0.2639 -0.0554
vn 0.7473 -0.6634 -0.0384
vn 0.9906 -0.1257 0.0531
vn 0.9724 -0.2274 0.0523
vn 0.9594 -0.1214 0.2544
vn -0.0501 -0.0322 0.9982
vn -0.0883 -0.0453 0.9951
vn -0.0474 -0.0329 0.9983
vn 0.9581 -0.0804 0.2750
vn 0.9949 -0.0837 0.0559
vn -0.0057 -0.0423 0.9991
vn -0.0074 -0.0419 0.9991
vn 0.9641 0.0213 0.2648
vn 0.9985 0.0180 0.0515
vn 0.0160 -0.0243 0.9996
vn 0.0160 -0.0244 0.9996
vn 0.9665 0.1170 0.2286
vn 0.9928 0.1152 0.0326
vn 0.0052 0.0123 0.9999
vn 0.0035 0.0142 0.9999
vn 0.9745 0.1221 0.1884
vn 0.9927 0.1203 0.0130
vn -0.0320 0.0548 0.9980
vn -0.0365 0.0601 0.9975
vn 0.9837 0.0523 0.1718
vn 1.0000 0.0028 -0.0034
vn -0.0773 -0.0170 0.9969
vn -0.0843 -0.0567 0.9948
vn 0.9882 -0.0347 0.1491
vn -0.0847 -0.4239 0.9017
vn -0.0803 -0.4733 0.8772
vn 0.9932 -0.1150 -0.0172
vn 0.9898 -0.0728 0.1227
vn -0.0344 -0.8941 0.4466
vn -0.0307 -0.9179 0.3955
vn -0.0085 -0.9994 -0.0322
vn -0.0084 -0.9996 -0.0286
vn -0.0475 -0.1242 0.9911
vn 0.1529 -0.1139 0.9816
vn 0.1981 -0.3955 0.8968
vn -0.0511 -0.2263 0.9727
vn 0.9932 -0.0711 -0.0918
vn 0.9989 0.0015 -0.0476
vn 0.9989 0.0014 -0.0471
vn 0.9994 -0.0071 -0.0339
vn 0.9994 -0.0078 -0.0339
vn -0.0559 -0.0837 0.9949
vn 0.1663 -0.0832 0.9826
vn 0.9994 -0.0042 -0.0351
vn 0.9994 -0.0040 -0.0351
vn -0.0515 0.0180 0.9985
vn 0.1655 0.0103 0.9862
vn 0.9982 0.0160 -0.0571
vn 0.9984 0.0148 -0.0549
vn -0.0326 0.1152 0.9928
vn 0.1646 0.1074 0.9805
vn 0.9933 0.0460 -0.1063
vn 0.9941 0.0421 -0.1004
vn -0.0130 0.1203 0.9927
vn 0.1612 0.1171 0.9799
vn 0.9881 0.0036 -0.1539
vn 0.9883 0.0089 -0.1520
vn 0.0034 0.0028 1.0000
vn 0.1603 0.0754 0.9842
vn 0.9568 -0.2330 -0.1737
vn 0.9589 -0.2245 -0.1738
vn 0.1647 -0.0649 0.9842
vn 0.0172 -0.1150 0.9932
vn 0.1642 -0.1568 0.9739
vn 0.0322 -0.9994 -0.0085
vn 0.5942 -0.7979 -0.1012
vn 0.6162 -0.7804 -0.1059
vn 0.0286 -0.9996 -0.0084
vn -0.0149 -0.1906 -0.9816
vn 0.0147 -0.1847 -0.9827
vn 0.0202 -0.1344 -0.9907
vn 0.0175 -0.1035 -0.9945
vn 0.0668 -0.0835 -0.9943
vn 0.0188 -0.1424 -0.9896
vn 0.0649 -0.1468 -0.9870
vn 0.0073 -0.0985 -0.9951
vn 0.0617 -0.0987 -0.9932
vn 0.0086 -0.0135 -0.9999
vn 0.0618 -0.0054 -0.9981
vn 0.0250 0.0798 -0.9965
vn 0.0719 0.0885 -0.9935
vn 0.0356 0.1103 -0.9933
vn 0.0808 0.1077 -0.9909
vn 0.0272 -0.0033 -0.9996
vn 0.0874 -0.0084 -0.9961
vn 0.0824 0.0622 -0.9947
vn 0.0333 0.0636 -0.9974
vn 0.0283 -0.0459 -0.9985
vn 0.0675 -0.0353 -0.9971
vn 0.0314 -0.0435 -0.9986
vn -0.0992 -0.0428 -0.9941
vn 0.0328 -0.0352 -0.9988
vn -0.1963 -0.0515 -0.9792
vn -0.3953 -0.0617 -0.9165
vn -0.3898 -0.0614 -0.9188
vn -0.9985 -0.0459 -0.0283
vn -0.9984 -0.0557 0.0127
vn -0.9863 -0.0431 -0.1594
vn -0.9986 -0.0435 -0.0314
vn -0.9996 -0.0042 -0.0270
vn -0.9993 -0.0100 0.0371
vn -0.9975 0.0627 -0.0329
vn -0.9977 0.0662 0.0160
vn -0.9938 0.1109 0.0099
vn -0.9933 0.1103 -0.0355
vn -0.9965 0.0798 -0.0250
vn -0.9971 0.0738 0.0210
vn -0.9999 -0.0134 -0.0086
vn -0.9988 -0.0167 0.0452
vn -0.9951 -0.0985 -0.0073
vn -0.9941 -0.0976 0.0466
vn -0.9896 -0.1424 -0.0188
vn -0.9900 -0.1384 0.0272
vn -0.9907 -0.1344 -0.0202
vn -0.9936 -0.1118 0.0171
vn -0.9911 -0.1319 -0.0194
vn -0.9827 -0.1847 -0.0147
vn -0.9829 -0.1788 -0.0433
vn -0.9768 -0.0330 -0.2115
vn -0.9988 -0.0352 -0.0328
vn -0.9108 -0.0353 -0.4113
vn -0.9128 -0.0354 -0.4069
vn -0.8160 -0.0349 -0.5770
vn -0.8217 -0.0348 -0.5689
vn -0.6723 -0.0523 -0.7385
vn -0.6806 -0.0509 -0.7309
vn -0.5156 -0.0653 -0.8543
vn -0.5138 -0.0653 -0.8554
vn 0.9960 -0.0560 -0.0694
vn 0.9831 -0.0535 -0.1752
vn 0.9808 -0.0000 -0.1951
vn 0.9447 0.2687 -0.1879
vn 0.9239 -0.0000 -0.3827
vn 0.8899 0.2687 -0.3686
vn 0.8315 -0.0000 -0.5556
vn 0.8009 0.2687 -0.5351
vn 0.7071 -0.0000 -0.7071
vn 0.6811 0.2687 -0.6811
vn 0.5556 -0.0000 -0.8315
vn 0.5351 0.2687 -0.8009
vn 0.3827 -0.0000 -0.9239
vn 0.3686 0.2687 -0.8899
vn 0.1879 0.2687 -0.9447
vn 0.1951 -0.0000 -0.9808
vn -0.0000 -0.0000 -1.0000
vn -0.0000 0.2687 -0.9632
vn 0.8441 -0.5093 -0.1679
vn 0.9530 -0.2362 -0.1896
vn 0.7951 -0.5093 -0.3293
vn 0.8977 -0.2362 -0.3719
vn 0.7156 -0.5093 -0.4781
vn 0.8079 -0.2362 -0.5399
vn 0.6085 -0.5093 -0.6085
vn 0.6871 -0.2362 -0.6871
vn 0.4781 -0.5093 -0.7156
vn 0.5399 -0.2362 -0.8079
vn 0.3293 -0.5093 -0.7951
vn 0.3719 -0.2362 -0.8977
vn 0.1679 -0.5093 -0.8441
vn 0.1896 -0.2362 -0.9530
vn -0.0000 -0.5093 -0.8606
vn -0.0000 -0.2362 -0.9717
vn 0.9438 0.2720 -0.1877
vn 0.8890 0.2720 -0.3683
vn 0.8001 0.2720 -0.5346
vn 0.6804 0.2720 -0.6804
vn 0.5346 0.2720 -0.8001
vn 0.3683 0.2720 -0.8890
vn 0.1877 0.2720 -0.9438
vn -0.0000 0.2720 -0.9623
vn 0.8967 0.4052 -0.1784
vn 0.8491 0.5005 -0.1689
vn 0.8447 0.4052 -0.3499
vn 0.7998 0.5005 -0.3313
vn 0.7602 0.4052 -0.5079
vn 0.7198 0.5005 -0.4810
vn 0.6465 0.4052 -0.6465
vn 0.6121 0.5005 -0.6122
vn 0.5079 0.4052 -0.7602
vn 0.4810 0.5005 -0.7198
vn 0.3499 0.4052 -0.8447
vn 0.3313 0.5005 -0.7998
vn 0.1784 0.4052 -0.8967
vn 0.1689 0.5005 -0.8491
vn -0.0000 0.4052 -0.9142
vn -0.0000 0.5005 -0.8657
vn 0.8302 -0.5325 -0.1651
vn 0.7820 -0.5325 -0.3239
vn 0.7038 -0.5325 -0.4702
vn 0.5985 -0.5325 -0.5985
vn 0.4702 -0.5325 -0.7038
vn 0.3239 -0.5325 -0.7820
vn 0.1651 -0.5325 -0.8302
vn -0.0000 -0.5325 -0.8464
vn 0.9729 0.1247 -0.1948
vn 0.9170 0.1218 -0.3799
vn 0.8253 0.1217 -0.5514
vn 0.7018 0.1217 -0.7018
vn 0.5514 0.1217 -0.8253
vn 0.3798 0.1217 -0.9170
vn 0.1936 0.1217 -0.9735
vn 0.0027 0.1248 -0.9922
vn 0.9178 -0.0671 -0.3913
vn 0.8288 -0.0755 -0.5544
vn 0.7039 -0.0795 -0.7058
vn 0.5550 -0.0788 -0.8281
vn 0.3781 -0.0855 -0.9218
vn 0.1992 -0.0758 -0.9770
vn 0.0124 -0.0639 -0.9979
vn 0.9731 -0.0569 -0.2233
vn 0.9615 -0.0297 -0.2731
vn 0.8963 -0.0978 -0.4326
vn 0.9360 -0.0510 -0.3483
vn 0.8823 -0.0903 -0.4619
vn 0.8928 -0.0744 -0.4443
vn 0.9149 -0.0484 -0.4007
vn 0.7234 -0.0985 -0.6834
vn 0.8216 -0.0560 -0.5673
vn 0.7560 -0.0842 -0.6491
vn 0.8423 -0.0586 -0.5359
vn 0.6058 -0.1013 -0.7891
vn 0.6348 -0.0905 -0.7673
vn 0.5766 -0.1006 -0.8108
vn 0.5895 -0.1183 -0.7990
vn 0.4846 -0.0853 -0.8706
vn 0.4746 -0.0802 -0.8765
vn 0.2378 -0.1374 -0.9615
vn 0.3737 -0.1041 -0.9217
vn 0.3025 -0.0964 -0.9483
vn 0.3136 -0.1211 -0.9418
vn 0.1366 -0.0586 -0.9889
vn 0.3121 -0.0780 -0.9468
vn 0.4561 -0.0820 -0.8861
vn 0.7526 -0.1026 -0.6505
vn 0.7519 -0.1117 -0.6497
vn 0.6749 -0.0988 -0.7313
vn 0.0183 -0.0378 -0.9991
vn 0.0676 -0.0121 -0.9976
vn 0.0543 -0.0088 -0.9985
vn 0.0237 -0.0063 -0.9997
vn 0.0448 -0.0053 -0.9990
vn 0.0419 -0.0644 -0.9970
vn 0.0843 -0.0421 -0.9955
vn 0.9987 -0.0313 -0.0397
vn 0.9993 -0.0083 -0.0351
vn 0.9998 0.0103 -0.0159
vn 0.9993 -0.0087 -0.0376
vn 0.8971 -0.4302 -0.1008
vn 0.9649 -0.1659 -0.2037
vn 0.9930 0.0173 0.1167
vn 0.9947 -0.0141 0.1018
vn 0.9896 -0.0266 0.1412
vn 0.9884 0.0710 0.1340
vn 0.9957 -0.0088 0.0922
vn 0.9753 -0.2102 0.0680
vn 0.9800 -0.1864 0.0702
vn 0.8492 -0.5217 0.0819
vn 0.5483 -0.8361 -0.0184
vn 0.5149 -0.8535 0.0794
vn 0.1655 -0.9855 -0.0374
vn -0.0834 -0.9881 -0.1296
vn -0.1770 -0.9831 -0.0461
vn -0.5114 -0.8207 -0.2546
vn -0.7370 -0.6023 -0.3067
vn -0.5016 -0.8605 -0.0892
vn -0.2287 -0.9689 0.0944
vn 0.1258 -0.9744 0.1861
vn -0.1087 -0.9899 0.0905
vn 0.0271 -0.9996 -0.0105
vn -0.4100 -0.8884 -0.2067
vn -0.1437 -0.9890 0.0345
vn 0.1872 -0.9631 0.1933
vn -0.0491 -0.9941 0.0964
vn 0.3225 -0.9314 0.1689
vn -0.0760 -0.9899 -0.1196
vn -0.3580 -0.8612 -0.3608
vn -0.2763 -0.9454 -0.1730
vn -0.0957 -0.9880 0.1210
vn 0.1396 -0.9443 0.2980
vn -0.0644 -0.9752 0.2117
vn 0.0044 -0.9995 0.0297
vn -0.3623 -0.8818 -0.3018
vn -0.1547 -0.9802 0.1238
vn 0.1298 -0.8720 0.4719
vn 0.0776 -0.9893 0.1235
vn 0.3215 -0.7689 0.5527
vn 0.1759 -0.9758 0.1303
vn 0.0386 -0.9469 -0.3193
vn 0.0055 -0.7586 -0.6516
vn -0.1288 -0.0091 -0.9916
vn -0.1265 -0.1189 -0.9848
vn -0.0981 -0.0029 -0.9952
vn -0.0808 0.0219 -0.9965
vn -0.1086 0.0697 -0.9916
vn -0.0470 0.0159 -0.9988
vn -0.0436 -0.1871 -0.9814
vn -0.0360 -0.0883 -0.9954
vn -0.0546 -0.2630 -0.9632
vn -0.0387 -0.6618 -0.7487
vn 0.0540 -0.1169 -0.9917
vn 0.0538 -0.2330 -0.9710
vn 0.2698 -0.4153 -0.8688
vn 0.2490 -0.1107 -0.9622
vn 0.9991 -0.0203 0.0384
vn 0.9842 -0.1545 0.0862
vn 0.9991 -0.0224 0.0370
vn 0.2750 -0.0804 -0.9581
vn 0.0559 -0.0837 -0.9949
vn 0.9991 -0.0423 0.0057
vn 0.9991 -0.0419 0.0074
vn 0.2648 0.0213 -0.9641
vn 0.0515 0.0180 -0.9985
vn 0.9996 -0.0243 -0.0160
vn 0.9996 -0.0244 -0.0160
vn 0.2286 0.1170 -0.9665
vn 0.0326 0.1152 -0.9928
vn 0.9999 0.0123 -0.0052
vn 0.9999 0.0142 -0.0035
vn 0.1884 0.1221 -0.9745
vn 0.0130 0.1203 -0.9927
vn 0.9980 0.0548 0.0320
vn 0.9975 0.0601 0.0365
vn 0.1718 0.0523 -0.9837
vn -0.0034 0.0028 -1.0000
vn 0.9969 -0.0170 0.0773
vn 0.9948 -0.0567 0.0843
vn 0.1491 -0.0347 -0.9882
vn 0.9017 -0.4239 0.0847
vn 0.8772 -0.4733 0.0803
vn -0.0172 -0.1150 -0.9932
vn 0.1227 -0.0728 -0.9898
vn 0.4466 -0.8941 0.0344
vn 0.3955 -0.9179 0.0307
vn -0.0322 -0.9994 0.0085
vn -0.0286 -0.9996 0.0084
vn 0.9805 -0.1230 -0.1532
vn 0.9039 -0.3609 -0.2295
vn -0.0917 -0.0823 -0.9924
vn -0.0463 0.0030 -0.9989
vn -0.0459 0.0028 -0.9989
vn -0.0339 -0.0071 -0.9994
vn -0.0339 -0.0078 -0.9994
vn 0.9826 -0.0832 -0.1663
vn -0.0351 -0.0042 -0.9994
vn -0.0351 -0.0040 -0.9994
vn 0.9862 0.0103 -0.1655
vn -0.0571 0.0160 -0.9982
vn -0.0549 0.0148 -0.9984
vn 0.9805 0.1074 -0.1646
vn -0.1063 0.0460 -0.9933
vn -0.1004 0.0421 -0.9941
vn 0.9799 0.1171 -0.1612
vn -0.1539 0.0036 -0.9881
vn -0.1520 0.0089 -0.9883
vn 0.9842 0.0754 -0.1603
vn -0.1737 -0.2330 -0.9568
vn -0.1738 -0.2245 -0.9589
vn 0.9842 -0.0649 -0.1647
vn 0.9739 -0.1568 -0.1642
vn -0.1012 -0.7979 -0.5942
vn -0.1059 -0.7804 -0.6162
vn -0.9816 -0.1906 0.0149
vn -0.9945 -0.1035 -0.0175
vn -0.9943 -0.0835 -0.0668
vn -0.9870 -0.1468 -0.0649
vn -0.9932 -0.0987 -0.0617
vn -0.9981 -0.0054 -0.0618
vn -0.9935 0.0885 -0.0719
vn -0.9909 0.1077 -0.0806
vn -0.9962 -0.0091 -0.0872
vn -0.9947 0.0615 -0.0820
vn -0.9971 -0.0353 -0.0675
vn -0.9941 -0.0428 0.0992
vn -0.9792 -0.0515 0.1963
vn -0.9165 -0.0617 0.3953
vn -0.9188 -0.0614 0.3898
vn -0.0283 -0.0459 0.9985
vn 0.0127 -0.0557 0.9984
vn -0.1594 -0.0431 0.9863
vn -0.0314 -0.0435 0.9986
vn -0.0264 -0.0028 0.9996
vn 0.0383 -0.0090 0.9992
vn -0.0323 0.0648 0.9974
vn 0.0185 0.0673 0.9976
vn 0.0109 0.1117 0.9937
vn -0.0352 0.1107 0.9932
vn -0.0250 0.0798 0.9965
vn 0.0210 0.0738 0.9971
vn -0.0086 -0.0135 0.9999
vn 0.0452 -0.0167 0.9988
vn -0.0073 -0.0985 0.9951
vn 0.0466 -0.0976 0.9941
vn -0.0188 -0.1424 0.9896
vn 0.0272 -0.1384 0.9900
vn -0.0202 -0.1344 0.9907
vn 0.0170 -0.1118 0.9936
vn -0.0194 -0.1319 0.9911
vn -0.0147 -0.1847 0.9827
vn -0.0433 -0.1788 0.9829
vn -0.2115 -0.0330 0.9768
vn -0.0328 -0.0352 0.9988
vn -0.4113 -0.0353 0.9108
vn -0.4069 -0.0354 0.9128
vn -0.5770 -0.0349 0.8160
vn -0.5689 -0.0348 0.8217
vn -0.7385 -0.0523 0.6723
vn -0.7309 -0.0509 0.6806
vn -0.8543 -0.0653 0.5156
vn -0.8554 -0.0653 0.5138
vn -0.0710 -0.0553 -0.9959
vn -0.1758 -0.0545 -0.9829
vn -0.1951 -0.0000 -0.9808
vn -0.1879 0.2687 -0.9447
vn -0.3827 -0.0000 -0.9239
vn -0.3686 0.2687 -0.8899
vn -0.5556 -0.0000 -0.8315
vn -0.5351 0.2687 -0.8009
vn -0.7071 -0.0000 -0.7071
vn -0.6811 0.2687 -0.6811
vn -0.8315 -0.0000 -0.5556
vn -0.8009 0.2687 -0.5351
vn -0.9239 -0.0000 -0.3827
vn -0.8899 0.2687 -0.3686
vn -0.9447 0.2687 -0.1879
vn -0.9808 -0.0000 -0.1951
vn -1.0000 -0.0000 -0.0000
vn -0.9632 0.2687 -0.0000
vn -0.1679 -0.5093 -0.8441
vn -0.1896 -0.2362 -0.9530
vn -0.3293 -0.5093 -0.7951
vn -0.3719 -0.2362 -0.8977
vn -0.4781 -0.5093 -0.7156
vn -0.5399 -0.2362 -0.8079
vn -0.6085 -0.5093 -0.6085
vn -0.6871 -0.2362 -0.6871
vn -0.7156 -0.5093 -0.4781
vn -0.8079 -0.2362 -0.5399
vn -0.7951 -0.5093 -0.3293
vn -0.8977 -0.2362 -0.3719
vn -0.8441 -0.5093 -0.1679
vn -0.9530 -0.2362 -0.1896
vn -0.8606 -0.5093 -0.0000
vn -0.9717 -0.2362 -0.0000
vn -0.1877 0.2720 -0.9438
vn -0.3683 0.2720 -0.8890
vn -0.5346 0.2720 -0.8001
vn -0.6804 0.2720 -0.6804
vn -0.8001 0.2720 -0.5346
vn -0.8890 0.2720 -0.3683
vn -0.9438 0.2720 -0.1877
vn -0.9623 0.2720 -0.0000
vn -0.1784 0.4052 -0.8967
vn -0.1689 0.5005 -0.8491
vn -0.3499 0.4052 -0.8447
vn -0.3313 0.5005 -0.7998
vn -0.5079 0.4052 -0.7602
vn -0.4810 0.5005 -0.7198
vn -0.6465 0.4052 -0.6465
vn -0.6122 0.5005 -0.6121
vn -0.7602 0.4052 -0.5079
vn -0.7198 0.5005 -0.4810
vn -0.8447 0.4052 -0.3499
vn -0.7998 0.5005 -0.3313
vn -0.8967 0.4052 -0.1784
vn -0.8491 0.5005 -0.1689
vn -0.9142 0.4052 -0.0000
vn -0.8657 0.5005 -0.0000
vn -0.1651 -0.5325 -0.8302
vn -0.3239 -0.5325 -0.7820
vn -0.4702 -0.5325 -0.7038
vn -0.5985 -0.5325 -0.5985
vn -0.7038 -0.5325 -0.4702
vn -0.7820 -0.5325 -0.3239
vn -0.8302 -0.5325 -0.1651
vn -0.8464 -0.5325 -0.0000
vn -0.1948 0.1247 -0.9729
vn -0.3799 0.1218 -0.9170
vn -0.5514 0.1217 -0.8253
vn -0.7018 0.1217 -0.7018
vn -0.8253 0.1217 -0.5514
vn -0.9170 0.1217 -0.3798
vn -0.9735 0.1217 -0.1936
vn -0.9922 0.1248 -0.0027
vn -0.3890 -0.0661 -0.9189
vn -0.5551 -0.0745 -0.8285
vn -0.7061 -0.0802 -0.7036
vn -0.8285 -0.0787 -0.5544
vn -0.9221 -0.0880 -0.3769
vn -0.9769 -0.0755 -0.2001
vn -0.9979 -0.0637 -0.0116
vn -0.2200 -0.0574 -0.9738
vn -0.2755 -0.0324 -0.9607
vn -0.4279 -0.1017 -0.8981
vn -0.3591 -0.0584 -0.9315
vn -0.4529 -0.0858 -0.8874
vn -0.4285 -0.0610 -0.9015
vn -0.3914 -0.0280 -0.9198
vn -0.6945 -0.1036 -0.7120
vn -0.6290 -0.0883 -0.7723
vn -0.6513 -0.0861 -0.7539
vn -0.5706 -0.0622 -0.8189
vn -0.7831 -0.0980 -0.6142
vn -0.7758 -0.0882 -0.6248
vn -0.8200 -0.0941 -0.5646
vn -0.7883 -0.1092 -0.6055
vn -0.8755 -0.0848 -0.4757
vn -0.8729 -0.0773 -0.4818
vn -0.9592 -0.1477 -0.2413
vn -0.9484 -0.1339 -0.2873
vn -0.9454 -0.0965 -0.3114
vn -0.9401 -0.1293 -0.3154
vn -0.9907 -0.0481 -0.1269
vn -0.9487 -0.0714 -0.3081
vn -0.8841 -0.0791 -0.4605
vn -0.6359 -0.0914 -0.7664
vn -0.6251 -0.0902 -0.7753
vn -0.7600 -0.0874 -0.6440
vn -0.9993 -0.0373 -0.0083
vn -0.9988 0.0070 -0.0488
vn -0.9989 -0.0173 -0.0425
vn -0.9999 -0.0067 -0.0157
vn -0.9987 -0.0132 -0.0496
vn -0.9970 -0.0669 -0.0395
vn -0.9953 -0.0432 -0.0869
vn -0.8418 -0.4361 -0.3181
vn -0.8440 -0.5005 -0.1926
vn -0.9332 -0.2354 -0.2714
vn -0.0285 -0.0231 -0.9993
vn -0.0135 -0.0061 -0.9999
vn 0.0075 -0.0016 -1.0000
vn -0.0255 -0.0089 -0.9996
vn -0.1119 -0.4594 -0.8812
vn -0.2873 -0.2059 -0.9355
vn 0.1139 0.0213 -0.9933
vn 0.1136 -0.0168 -0.9934
vn 0.1462 -0.0259 -0.9889
vn 0.1382 0.0774 -0.9874
vn 0.1257 -0.1725 -0.9770
vn 0.0867 0.0058 -0.9962
vn 0.0599 -0.2117 -0.9755
vn 0.0616 -0.1892 -0.9800
vn 0.0747 -0.5154 -0.8537
vn -0.0215 -0.8402 -0.5419
vn 0.0798 -0.8362 -0.5426
vn -0.0304 -0.9834 -0.1786
vn -0.1321 -0.9846 0.1147
vn -0.0389 -0.9844 0.1718
vn -0.2607 -0.7890 0.5563
vn -0.2830 -0.6296 0.7235
vn -0.0611 -0.8813 0.4685
vn 0.0998 -0.9697 0.2228
vn 0.2009 -0.9651 -0.1683
vn 0.0888 -0.9885 0.1222
vn -0.0097 -0.9987 -0.0493
vn -0.2213 -0.8778 0.4247
vn 0.0147 -0.9821 0.1879
vn 0.1922 -0.9668 -0.1686
vn 0.0953 -0.9938 0.0569
vn 0.2331 -0.8739 -0.4267
vn 0.0073 -0.9962 -0.0869
vn -0.3033 -0.9030 0.3043
vn -0.3082 -0.8881 0.3410
vn 0.0100 -0.9879 0.1550
vn 0.2979 -0.9443 -0.1398
vn 0.2002 -0.9771 0.0724
vn 0.0231 -0.9997 0.0017
vn -0.3010 -0.8852 0.3547
vn 0.0969 -0.9812 0.1667
vn 0.4668 -0.8760 -0.1212
vn 0.1245 -0.9897 -0.0711
vn 0.5920 -0.7285 -0.3447
vn 0.1754 -0.9655 -0.1924
vn -0.3065 -0.9510 -0.0401
vn -0.6438 -0.7652 -0.0065
vn -0.9925 0.0127 0.1218
vn -0.9877 -0.0943 0.1248
vn -0.9957 -0.0005 0.0931
vn -0.9972 0.0191 0.0718
vn -0.9924 0.0751 0.0971
vn -0.9990 0.0181 0.0397
vn -0.9810 -0.1896 0.0413
vn -0.9946 -0.0983 0.0329
vn -0.9619 -0.2679 0.0552
vn -0.7490 -0.6615 0.0392
vn -0.9904 -0.1254 -0.0584
vn -0.9757 -0.2131 -0.0513
vn -0.9597 -0.1253 -0.2516
vn 0.0511 -0.0344 -0.9981
vn 0.1006 -0.1255 -0.9870
vn 0.0482 -0.0349 -0.9982
vn -0.9581 -0.0804 -0.2750
vn -0.9945 -0.0859 -0.0598
vn 0.0057 -0.0423 -0.9991
vn 0.0074 -0.0419 -0.9991
vn -0.9641 0.0213 -0.2648
vn -0.9985 0.0180 -0.0515
vn -0.0160 -0.0243 -0.9996
vn -0.0160 -0.0244 -0.9996
vn -0.9665 0.1170 -0.2286
vn -0.9928 0.1152 -0.0326
vn -0.0052 0.0123 -0.9999
vn -0.0035 0.0142 -0.9999
vn -0.9745 0.1221 -0.1884
vn -0.9927 0.1203 -0.0130
vn 0.0320 0.0548 -0.9980
vn 0.0365 0.0601 -0.9975
vn -0.9837 0.0523 -0.1718
vn -1.0000 0.0028 0.0034
vn 0.0773 -0.0170 -0.9969
vn 0.0843 -0.0567 -0.9948
vn -0.9882 -0.0347 -0.1491
vn 0.0847 -0.4239 -0.9017
vn 0.0803 -0.4733 -0.8772
vn -0.9932 -0.1150 0.0172
vn -0.9898 -0.0728 -0.1227
vn 0.0344 -0.8941 -0.4466
vn 0.0307 -0.9179 -0.3955
vn 0.0085 -0.9994 0.0322
vn 0.0084 -0.9996 0.0286
vn -0.1490 -0.1167 -0.9819
vn -0.2441 -0.4216 -0.8733
vn -0.9908 -0.0987 0.0921
vn -0.9989 0.0015 0.0472
vn -0.9989 0.0014 0.0467
vn -0.9994 -0.0071 0.0339
vn -0.9994 -0.0078 0.0339
vn -0.1663 -0.0832 -0.9826
vn -0.9994 -0.0042 0.0351
vn -0.9994 -0.0040 0.0351
vn -0.1655 0.0103 -0.9862
vn -0.9982 0.0160 0.0571
vn -0.9984 0.0148 0.0549
vn -0.1646 0.1074 -0.9805
vn -0.9933 0.0460 0.1063
vn -0.9941 0.0421 0.1004
vn -0.1612 0.1171 -0.9799
vn -0.9881 0.0036 0.1539
vn -0.9883 0.0089 0.1520
vn -0.1603 0.0754 -0.9842
vn -0.9568 -0.2330 0.1737
vn -0.9589 -0.2245 0.1738
vn -0.1647 -0.0649 -0.9842
vn -0.1642 -0.1568 -0.9739
vn -0.5942 -0.7979 0.1012
vn -0.6162 -0.7804 0.1059
vn 0.0149 -0.1906 0.9816
vn -0.0175 -0.1035 0.9945
vn -0.0668 -0.0835 0.9943
vn -0.0649 -0.1468 0.9870
vn -0.0617 -0.0987 0.9932
vn -0.0618 -0.0054 0.9981
vn -0.0719 0.0885 0.9935
vn -0.0811 0.1077 0.9909
vn -0.0877 -0.0076 0.9961
vn -0.0829 0.0629 0.9946
vn -0.0675 -0.0353 0.9971
vn 0.0992 -0.0428 0.9941
vn 0.1963 -0.0515 0.9792
vn 0.3953 -0.0617 0.9165
vn 0.3898 -0.0614 0.9188
vn 0.9985 -0.0459 0.0283
vn 0.9984 -0.0557 -0.0127
vn 0.9863 -0.0431 0.1594
vn 0.9986 -0.0435 0.0314
vn 0.9996 -0.0017 0.0275
vn 0.9993 -0.0079 -0.0368
vn 0.9973 0.0652 0.0339
vn 0.9975 0.0683 -0.0155
vn 0.9938 0.1109 -0.0097
vn 0.9933 0.1103 0.0359
vn 0.9965 0.0798 0.0250
vn 0.9971 0.0738 -0.0210
vn 0.9999 -0.0135 0.0086
vn 0.9988 -0.0167 -0.0452
vn 0.9951 -0.0985 0.0073
vn 0.9941 -0.0976 -0.0466
vn 0.9896 -0.1424 0.0188
vn 0.9900 -0.1384 -0.0272
vn 0.9907 -0.1344 0.0202
vn 0.9936 -0.1118 -0.0170
vn 0.9911 -0.1319 0.0194
vn 0.9827 -0.1847 0.0147
vn 0.9829 -0.1788 0.0433
vn 0.9768 -0.0330 0.2115
vn 0.9988 -0.0352 0.0328
vn 0.9108 -0.0353 0.4113
vn 0.9128 -0.0354 0.4069
vn 0.8160 -0.0349 0.5770
vn 0.8217 -0.0348 0.5689
vn 0.6723 -0.0523 0.7385
vn 0.6806 -0.0509 0.7309
vn 0.5156 -0.0653 0.8543
vn 0.5138 -0.0653 0.8554
vn -0.9960 -0.0548 0.0709
vn -0.9826 -0.0564 0.1771
vn -0.9808 -0.0000 0.1951
vn -0.9447 0.2687 0.1879
vn -0.9239 -0.0000 0.3827
vn -0.8899 0.2687 0.3686
vn -0.8315 -0.0000 0.5556
vn -0.8009 0.2687 0.5351
vn -0.7071 -0.0000 0.7071
vn -0.6811 0.2687 0.6811
vn -0.5556 -0.0000 0.8315
vn -0.5351 0.2687 0.8009
vn -0.3827 -0.0000 0.9239
vn -0.3686 0.2687 0.8899
vn -0.1879 0.2687 0.9447
vn -0.1951 -0.0000 0.9808
vn -0.8441 -0.5093 0.1679
vn -0.9530 -0.2362 0.1896
vn -0.7951 -0.5093 0.3293
vn -0.8977 -0.2362 0.3719
vn -0.7156 -0.5093 0.4781
vn -0.8079 -0.2362 0.5399
vn -0.6085 -0.5093 0.6085
vn -0.6871 -0.2362 0.6871
vn -0.4781 -0.5093 0.7156
vn -0.5399 -0.2362 0.8079
vn -0.3293 -0.5093 0.7951
vn -0.3719 -0.2362 0.8977
vn -0.1679 -0.5093 0.8441
vn -0.1896 -0.2362 0.9530
vn -0.9438 0.2720 0.1877
vn -0.8890 0.2720 0.3683
vn -0.8001 0.2720 0.5346
vn -0.6804 0.2720 0.6804
vn -0.5346 0.2720 0.8001
vn -0.3683 0.2720 0.8890
vn -0.1877 0.2720 0.9438
vn -0.8967 0.4052 0.1784
vn -0.8491 0.5005 0.1689
vn -0.8447 0.4052 0.3499
vn -0.7998 0.5005 0.3313
vn -0.7602 0.4052 0.5079
vn -0.7198 0.5005 0.4810
vn -0.6465 0.4052 0.6465
vn -0.6121 0.5005 0.6122
vn -0.5079 0.4052 0.7602
vn -0.4810 0.5005 0.7198
vn -0.3499 0.4052 0.8447
vn -0.3313 0.5005 0.7998
vn -0.1784 0.4052 0.8967
vn -0.1689 0.5005 0.8491
vn -0.8302 -0.5325 0.1651
vn -0.7820 -0.5325 0.3239
vn -0.7038 -0.5325 0.4702
vn -0.5985 -0.5325 0.5985
vn -0.4702 -0.5325 0.7038
vn -0.3239 -0.5325 0.7820
vn -0.1651 -0.5325 0.8302
vn -0.9729 0.1247 0.1948
vn -0.9170 0.1218 0.3799
vn -0.8253 0.1217 0.5514
vn -0.7018 0.1217 0.7018
vn -0.5514 0.1217 0.8253
vn -0.3798 0.1217 0.9170
vn -0.1936 0.1217 0.9735
vn -0.9196 -0.0721 0.3862
vn -0.8293 -0.0775 0.5534
vn -0.7038 -0.0811 0.7057
vn -0.5549 -0.0782 0.8282
vn -0.3766 -0.0904 0.9219
vn -0.1996 -0.0781 0.9768
vn -0.9749 -0.0582 0.2151
vn -0.9588 -0.0396 0.2814
vn -0.9015 -0.1177 0.4165
vn -0.9371 -0.0678 0.3425
vn -0.8922 -0.0945 0.4417
vn -0.8909 -0.0806 0.4471
vn -0.8973 -0.0612 0.4371
vn -0.7383 -0.0948 0.6678
vn -0.7781 -0.0972 0.6206
vn -0.7517 -0.0891 0.6534
vn -0.8423 -0.0586 0.5359
vn -0.6109 -0.0990 0.7855
vn -0.6364 -0.0918 0.7659
vn -0.5637 -0.0941 0.8206
vn -0.5997 -0.1117 0.7924
vn -0.4775 -0.0833 0.8747
vn -0.4448 -0.0961 0.8905
vn -0.2183 -0.1594 0.9628
vn -0.3598 -0.1263 0.9244
vn -0.3034 -0.1041 0.9472
vn -0.3442 -0.1397 0.9285
vn -0.1414 -0.0496 0.9887
vn -0.3165 -0.0745 0.9457
vn -0.3830 -0.1237 0.9154
vn -0.7599 -0.0995 0.6423
vn -0.7611 -0.1069 0.6398
vn -0.6679 -0.1013 0.7373
vn -0.0514 0.0266 0.9983
vn -0.0556 -0.0243 0.9982
vn -0.0659 -0.0116 0.9978
vn -0.1098 -0.0495 0.9927
vn -0.2547 -0.3442 0.9037
vn -0.1396 -0.3784 0.9151
vn -0.2962 -0.2831 0.9122
vn -0.9987 -0.0285 0.0412
vn -0.9995 -0.0033 0.0317
vn -1.0000 0.0086 0.0020
vn -0.9998 -0.0086 0.0203
vn -0.8512 -0.4971 0.1686
vn -0.9339 -0.1951 0.2995
vn -0.9923 0.0220 -0.1222
vn -0.9934 -0.0191 -0.1132
vn -0.9872 -0.0561 -0.1494
vn -0.9861 0.0766 -0.1475
vn -0.9703 -0.2076 -0.1242
vn -0.9954 0.0111 -0.0957
vn -0.9735 -0.2196 -0.0646
vn -0.9791 -0.1921 -0.0669
vn -0.8132 -0.5765 -0.0801
vn -0.5381 -0.8426 0.0216
vn -0.3759 -0.9256 -0.0436
vn -0.0743 -0.9946 0.0720
vn 0.1827 -0.9708 0.1555
vn 0.1912 -0.9805 0.0444
vn 0.6136 -0.7417 0.2708
vn 0.7445 -0.6004 0.2919
vn 0.4733 -0.8796 0.0468
vn 0.2228 -0.9683 -0.1132
vn -0.1313 -0.9726 -0.1918
vn 0.1182 -0.9889 -0.0897
vn -0.0462 -0.9989 0.0115
vn 0.3941 -0.8998 0.1870
vn 0.1411 -0.9888 -0.0486
vn -0.1745 -0.9658 -0.1917
vn 0.0528 -0.9937 -0.0989
vn -0.3676 -0.9082 -0.2003
vn 0.0178 -0.9968 0.0781
vn 0.3600 -0.8650 0.3496
vn 0.3077 -0.9223 0.2339
vn 0.1240 -0.9896 -0.0723
vn -0.1442 -0.9413 -0.3051
vn 0.0752 -0.9765 -0.2021
vn -0.0044 -0.9995 -0.0297
vn 0.3525 -0.8923 0.2820
vn 0.1610 -0.9799 -0.1180
vn -0.1002 -0.8865 -0.4519
vn -0.0660 -0.9903 -0.1223
vn -0.3041 -0.7794 -0.5478
vn -0.1597 -0.9800 -0.1187
vn -0.0387 -0.9487 0.3139
vn -0.0053 -0.7620 0.6476
vn 0.1156 -0.0213 0.9931
vn 0.1017 -0.1073 0.9890
vn 0.0907 -0.0065 0.9959
vn 0.0779 0.0204 0.9967
vn 0.1041 0.0659 0.9924
vn 0.0457 0.0126 0.9989
vn 0.0448 -0.1864 0.9814
vn 0.0367 -0.0927 0.9950
vn 0.0566 -0.2653 0.9625
vn 0.0398 -0.6613 0.7491
vn -0.2541 -0.1293 0.9585
vn -0.9987 -0.0256 -0.0434
vn -0.9901 -0.1064 -0.0915
vn -0.9988 -0.0271 -0.0414
vn -0.2750 -0.0804 0.9581
vn -0.9991 -0.0423 -0.0057
vn -0.9991 -0.0419 -0.0074
vn -0.2648 0.0213 0.9641
vn -0.9996 -0.0243 0.0160
vn -0.9996 -0.0244 0.0160
vn -0.2286 0.1170 0.9665
vn -0.9999 0.0123 0.0052
vn -0.9999 0.0142 0.0035
vn -0.1884 0.1221 0.9745
vn -0.9980 0.0548 -0.0320
vn -0.9975 0.0601 -0.0365
vn -0.1718 0.0523 0.9837
vn -0.9969 -0.0170 -0.0773
vn -0.9948 -0.0567 -0.0843
vn -0.1491 -0.0347 0.9882
vn -0.9017 -0.4239 -0.0847
vn -0.8772 -0.4733 -0.0803
vn -0.1227 -0.0728 0.9898
vn -0.4466 -0.8941 -0.0344
vn -0.3955 -0.9179 -0.0307
vn -0.9829 -0.1217 0.1385
vn -0.8468 -0.4572 0.2717
vn 0.0836 -0.0513 0.9952
vn 0.0447 -0.0051 0.9990
vn 0.0428 -0.0041 0.9991
vn 0.0304 -0.0045 0.9995
vn 0.0308 -0.0055 0.9995
vn -0.9835 -0.0879 0.1583
vn 0.0351 -0.0042 0.9994
vn 0.0351 -0.0040 0.9994
vn -0.9862 0.0103 0.1655
vn 0.0571 0.0160 0.9982
vn 0.0549 0.0148 0.9984
vn -0.9805 0.1074 0.1646
vn 0.1063 0.0460 0.9933
vn 0.1004 0.0421 0.9941
vn -0.9799 0.1171 0.1612
vn 0.1539 0.0036 0.9881
vn 0.1520 0.0089 0.9883
vn -0.9842 0.0754 0.1603
vn 0.1737 -0.2330 0.9568
vn 0.1738 -0.2245 0.9589
vn -0.9842 -0.0649 0.1647
vn -0.9739 -0.1568 0.1642
vn 0.1012 -0.7979 0.5942
vn 0.1059 -0.7804 0.6162
vn 0.9816 -0.1906 -0.0149
vn 0.9945 -0.1035 0.0175
vn 0.9943 -0.0835 0.0668
vn 0.9870 -0.1468 0.0649
vn 0.9932 -0.0987 0.0617
vn 0.9981 -0.0054 0.0618
vn 0.9935 0.0885 0.0719
vn 0.9909 0.1077 0.0813
vn 0.9961 -0.0071 0.0879
vn 0.9945 0.0635 0.0833
vn 0.9971 -0.0353 0.0675
vn 0.9941 -0.0428 -0.0992
vn 0.9792 -0.0515 -0.1963
vn 0.9165 -0.0617 -0.3953
vn 0.9188 -0.0614 -0.3898
vn -0.0127 -0.0557 -0.9984
vn 0.1594 -0.0431 -0.9863
vn -0.0370 -0.0092 -0.9993
vn -0.0158 0.0669 -0.9976
vn -0.0099 0.1109 -0.9938
vn -0.0210 0.0738 -0.9971
vn -0.0452 -0.0167 -0.9988
vn -0.0466 -0.0976 -0.9941
vn -0.0272 -0.1384 -0.9900
vn -0.0170 -0.1118 -0.9936
vn 0.0194 -0.1319 -0.9911
vn 0.0433 -0.1788 -0.9829
vn 0.2115 -0.0330 -0.9768
vn 0.4113 -0.0353 -0.9108
vn 0.4069 -0.0354 -0.9128
vn 0.5770 -0.0349 -0.8160
vn 0.5689 -0.0348 -0.8217
vn 0.7385 -0.0523 -0.6723
vn 0.7309 -0.0509 -0.6806
vn 0.8543 -0.0653 -0.5156
vn 0.8554 -0.0653 -0.5138
vn 0.0286 -0.9995 -0.0119
vn -0.0068 -1.0000 0.0014
vn -0.0000 -1.0000 -0.0000
vn 0.0606 -0.9981 -0.0147
vn 0.0014 -1.0000 0.0068
vn 0.0004 -0.9999 -0.0147
vn 0.0012 -0.9999 -0.0150
vn -0.0168 -0.9998 0.0100
vn -0.0342 -0.9987 0.0367
vn -0.0009 -0.9999 0.0152
vn -0.0119 -0.9995 -0.0286
vn -0.0147 -0.9981 -0.0606
vn 0.0068 -1.0000 -0.0014
vn -0.0147 -0.9999 -0.0004
vn -0.0150 -0.9999 -0.0012
vn 0.0100 -0.9998 0.0168
vn 0.0367 -0.9987 0.0342
vn 0.0366 -0.9987 0.0341
vn 0.0152 -0.9999 0.0009
vn -0.0286 -0.9995 0.0119
vn -0.0606 -0.9981 0.0147
vn -0.0014 -1.0000 -0.0068
vn -0.0004 -0.9999 0.0147
vn -0.0012 -0.9999 0.0150
vn 0.0168 -0.9998 -0.0100
vn 0.0342 -0.9987 -0.0367
vn 0.0009 -0.9999 -0.0152
vn 0.0119 -0.9995 0.0286
vn 0.0147 -0.9981 0.0606
vn 0.0147 -0.9999 0.0004
vn 0.0150 -0.9999 0.0012
vn -0.0100 -0.9998 -0.0168
vn -0.0367 -0.9987 -0.0342
vn -0.0152 -0.9999 -0.0009
vn 0.9685 -0.2186 0.1196
vn 0.1434 -0.4487 -0.8821
vn 0.2484 -0.2713 -0.9299
vt 0.641284 0.759318
vt 0.648008 0.793429
vt 0.618380 0.796291
vt 0.614604 0.756693
vt 0.580698 0.403531
vt 0.550861 0.390480
vt 0.632033 0.245534
vt 0.524143 0.371859
vt 0.501571 0.348383
vt 0.484013 0.320954
vt 0.472143 0.290627
vt 0.466418 0.258568
vt 0.467057 0.226007
vt 0.474037 0.194197
vt 0.361660 0.056105
vt 0.394700 0.058853
vt 0.394483 0.061107
vt 0.361505 0.058364
vt 0.328553 0.054303
vt 0.328463 0.056566
vt 0.295409 0.053445
vt 0.295382 0.055710
vt 0.262253 0.053531
vt 0.262291 0.055795
vt 0.229112 0.054558
vt 0.229215 0.056821
vt 0.196014 0.056528
vt 0.196181 0.058787
vt 0.163216 0.061693
vt 0.162985 0.059440
vt 0.130056 0.063295
vt 0.130348 0.065541
vt 0.393061 0.075766
vt 0.392278 0.083756
vt 0.359945 0.081075
vt 0.360497 0.073063
vt 0.327549 0.079314
vt 0.327872 0.071289
vt 0.295117 0.078475
vt 0.295211 0.070443
vt 0.262673 0.078559
vt 0.262538 0.070528
vt 0.230244 0.079564
vt 0.229881 0.071540
vt 0.197857 0.081491
vt 0.197265 0.073481
vt 0.165537 0.084338
vt 0.164717 0.076349
vt 0.133312 0.088104
vt 0.132262 0.080144
vt 0.393760 0.068577
vt 0.360992 0.065853
vt 0.328162 0.064067
vt 0.295295 0.063217
vt 0.262417 0.063301
vt 0.229554 0.064320
vt 0.196733 0.066274
vt 0.163980 0.069161
vt 0.131322 0.072983
vt 0.622424 0.841110
vt 0.654639 0.838263
vt 0.655646 0.851671
vt 0.623650 0.854484
vt 0.686857 0.836075
vt 0.687604 0.849502
vt 0.719097 0.834609
vt 0.719567 0.848046
vt 0.751374 0.833861
vt 0.751569 0.847307
vt 0.783696 0.833883
vt 0.783689 0.847319
vt 0.816017 0.833909
vt 0.815782 0.847351
vt 0.848308 0.834979
vt 0.847794 0.848403
vt 0.880607 0.836565
vt 0.879872 0.849968
vt 0.390883 0.098056
vt 0.358961 0.095410
vt 0.326973 0.093672
vt 0.294950 0.092843
vt 0.262914 0.092926
vt 0.230894 0.093919
vt 0.198914 0.095821
vt 0.167003 0.098632
vt 0.135186 0.102349
vt 0.620915 0.824237
vt 0.653408 0.821303
vt 0.685931 0.819098
vt 0.718490 0.817620
vt 0.751078 0.816874
vt 0.783713 0.816902
vt 0.816337 0.816926
vt 0.848916 0.818027
vt 0.881520 0.819671
vt 0.684393 0.790948
vt 0.717488 0.789432
vt 0.750646 0.788746
vt 0.783731 0.788742
vt 0.816829 0.788732
vt 0.849973 0.789916
vt 0.882955 0.791685
vt 0.649605 0.769558
vt 0.660596 0.774126
vt 0.682464 0.765474
vt 0.672255 0.773637
vt 0.690027 0.756537
vt 0.697203 0.753728
vt 0.705460 0.754660
vt 0.747997 0.760827
vt 0.739543 0.756588
vt 0.721219 0.756391
vt 0.714339 0.760781
vt 0.768929 0.752920
vt 0.762601 0.755218
vt 0.783633 0.760247
vt 0.775252 0.754507
vt 0.791862 0.756148
vt 0.798991 0.753368
vt 0.819901 0.768967
vt 0.814934 0.764181
vt 0.833925 0.772181
vt 0.826459 0.771802
vt 0.851865 0.763208
vt 0.843301 0.769398
vt 0.808952 0.756589
vt 0.726657 0.753231
vt 0.732640 0.753051
vt 0.755078 0.759604
vt 0.884895 0.752021
vt 0.858125 0.750631
vt 0.863264 0.720440
vt 0.887847 0.704276
vt 0.862368 0.694611
vt 0.890518 0.670143
vt 0.862678 0.671255
vt 0.869927 0.648683
vt 0.877808 0.656175
vt 0.867689 0.658997
vt 0.636249 0.741193
vt 0.608436 0.709232
vt 0.632629 0.721178
vt 0.631506 0.697665
vt 0.601023 0.674479
vt 0.629860 0.676099
vt 0.616501 0.660777
vt 0.626217 0.662468
vt 0.211095 0.792659
vt 0.210722 0.748170
vt 0.250256 0.759497
vt 0.250258 0.782076
vt 0.249946 0.746874
vt 0.250225 0.807322
vt 0.249862 0.837608
vt 0.209308 0.827094
vt 0.249295 0.851461
vt 0.205857 0.855428
vt 0.635843 0.685813
vt 0.642761 0.678157
vt 0.673568 0.707773
vt 0.649433 0.671330
vt 0.655122 0.666795
vt 0.688506 0.695567
vt 0.661489 0.663948
vt 0.667028 0.660112
vt 0.674929 0.654859
vt 0.684305 0.650876
vt 0.690573 0.648672
vt 0.712218 0.685353
vt 0.699183 0.645928
vt 0.709122 0.644138
vt 0.715440 0.643009
vt 0.721594 0.642099
vt 0.740385 0.682522
vt 0.730171 0.641347
vt 0.737259 0.641137
vt 0.746528 0.642237
vt 0.754038 0.643452
vt 0.759675 0.644183
vt 0.765123 0.644980
vt 0.766402 0.688642
vt 0.772965 0.646083
vt 0.782564 0.650606
vt 0.789686 0.654158
vt 0.795429 0.658692
vt 0.787084 0.702979
vt 0.805531 0.664164
vt 0.816676 0.670522
vt 0.824513 0.678574
vt 0.798056 0.712547
vt 0.139222 0.393419
vt 0.140324 0.380395
vt 0.180114 0.381321
vt 0.178449 0.421873
vt 0.139692 0.414199
vt 0.140389 0.437140
vt 0.180657 0.463849
vt 0.140172 0.456959
vt 0.139242 0.475100
vt 0.181115 0.483229
vt 0.139664 0.487485
vt 0.831653 0.687716
vt 0.897755 0.631623
vt 0.894659 0.653181
vt 0.874101 0.629305
vt 0.241294 0.717290
vt 0.244104 0.737749
vt 0.207514 0.717993
vt 0.880972 0.587497
vt 0.902086 0.590596
vt 0.202591 0.674182
vt 0.236471 0.674330
vt 0.886833 0.547558
vt 0.905336 0.549584
vt 0.201692 0.632022
vt 0.235766 0.633191
vt 0.889486 0.504674
vt 0.908051 0.505540
vt 0.204590 0.589367
vt 0.239829 0.589895
vt 0.890085 0.460747
vt 0.910582 0.459640
vt 0.209618 0.546916
vt 0.246715 0.546368
vt 0.887850 0.428275
vt 0.912348 0.428034
vt 0.213773 0.520508
vt 0.249396 0.514055
vt 0.891860 0.415091
vt 0.214506 0.503713
vt 0.249471 0.500483
vt 0.913488 0.408500
vt 0.902023 0.408178
vt 0.215993 0.492080
vt 0.249262 0.488372
vt 0.215321 0.480168
vt 0.249368 0.477007
vt 0.594183 0.637403
vt 0.616545 0.630633
vt 0.622158 0.653424
vt 0.597154 0.660942
vt 0.145079 0.371468
vt 0.148979 0.347869
vt 0.182525 0.350549
vt 0.151708 0.309920
vt 0.186999 0.308882
vt 0.586071 0.596848
vt 0.608739 0.593523
vt 0.153033 0.268926
vt 0.187882 0.266698
vt 0.578567 0.556374
vt 0.600949 0.553434
vt 0.146734 0.225761
vt 0.182492 0.223385
vt 0.570853 0.512904
vt 0.593517 0.510605
vt 0.138732 0.179942
vt 0.174313 0.178683
vt 0.562963 0.467605
vt 0.588683 0.464316
vt 0.134273 0.156035
vt 0.167885 0.154006
vt 0.557575 0.436406
vt 0.586900 0.439946
vt 0.167655 0.138417
vt 0.132863 0.140424
vt 0.584328 0.424332
vt 0.554276 0.417118
vt 0.577774 0.415636
vt 0.167222 0.110511
vt 0.165289 0.128525
vt 0.135324 0.129797
vt 0.133273 0.106390
vt 0.425753 0.134777
vt 0.443739 0.132863
vt 0.441973 0.156408
vt 0.421591 0.144012
vt 0.418636 0.159283
vt 0.439809 0.186777
vt 0.418566 0.184704
vt 0.436718 0.230528
vt 0.415417 0.229969
vt 0.433673 0.273198
vt 0.412790 0.273398
vt 0.430695 0.315227
vt 0.408964 0.315190
vt 0.427644 0.356982
vt 0.405846 0.356650
vt 0.422595 0.428458
vt 0.401646 0.427649
vt 0.404398 0.387245
vt 0.425363 0.388742
vt 0.419929 0.468023
vt 0.397427 0.469347
vt 0.418375 0.490609
vt 0.392295 0.488117
vt 0.857969 0.966964
vt 0.831965 0.964774
vt 0.835520 0.899399
vt 0.861585 0.901615
vt 0.815803 0.965729
vt 0.821387 0.903301
vt 0.969097 0.728270
vt 0.990646 0.727891
vt 0.999500 0.754969
vt 0.969111 0.750922
vt 0.969061 0.688620
vt 0.989431 0.693449
vt 0.969084 0.649773
vt 0.990726 0.648985
vt 0.990515 0.618643
vt 0.969200 0.617021
vt 0.969383 0.575145
vt 0.989586 0.574563
vt 0.969406 0.532966
vt 0.988208 0.532410
vt 0.969399 0.490149
vt 0.987797 0.489638
vt 0.969322 0.446282
vt 0.988338 0.446863
vt 0.969213 0.415863
vt 0.989679 0.420127
vt 0.988038 0.403316
vt 0.969161 0.392295
vt 0.980953 0.393807
vt 0.698743 0.963491
vt 0.667608 0.964041
vt 0.667574 0.898592
vt 0.697832 0.902513
vt 0.716846 0.901690
vt 0.718466 0.963297
vt 0.742029 0.896143
vt 0.740693 0.962904
vt 0.770285 0.895274
vt 0.762817 0.964101
vt 0.797069 0.896877
vt 0.791757 0.965813
vt 0.910843 0.758731
vt 0.912750 0.793392
vt 0.487088 0.164360
vt 0.505710 0.137642
vt 0.529186 0.115070
vt 0.556615 0.097512
vt 0.586941 0.085643
vt 0.619001 0.079918
vt 0.651560 0.080557
vt 0.683370 0.087537
vt 0.097262 0.068109
vt 0.097610 0.070346
vt 0.064668 0.073919
vt 0.065054 0.076149
vt 0.032404 0.080764
vt 0.032773 0.083005
vt 0.000500 0.088074
vt 0.000843 0.090338
vt 0.498413 0.027341
vt 0.530320 0.034641
vt 0.529979 0.036905
vt 0.498046 0.029582
vt 0.466145 0.020506
vt 0.465761 0.022736
vt 0.433198 0.016952
vt 0.433544 0.014715
vt 0.400741 0.009940
vt 0.400451 0.012186
vt 0.101206 0.092789
vt 0.099920 0.084876
vt 0.069245 0.098411
vt 0.067698 0.090578
vt 0.037451 0.105080
vt 0.035565 0.097361
vt 0.005956 0.113316
vt 0.003400 0.105371
vt 0.527430 0.051938
vt 0.524879 0.059885
vt 0.493382 0.051659
vt 0.495263 0.043939
vt 0.461587 0.045001
vt 0.463128 0.037166
vt 0.429624 0.039399
vt 0.430903 0.031484
vt 0.397515 0.034753
vt 0.398555 0.026792
vt 0.098782 0.077753
vt 0.066383 0.083517
vt 0.034128 0.090365
vt 0.001838 0.097983
vt 0.528988 0.044550
vt 0.496695 0.036943
vt 0.464437 0.030104
vt 0.432033 0.024361
vt 0.399487 0.019629
vt 0.912902 0.838510
vt 0.911912 0.851895
vt 0.945165 0.841028
vt 0.943712 0.854363
vt 0.977344 0.844715
vt 0.974906 0.858091
vt 0.017675 0.974309
vt 0.049715 0.969491
vt 0.051646 0.982767
vt 0.020592 0.987590
vt 0.081901 0.965856
vt 0.083379 0.979193
vt 0.114156 0.962736
vt 0.115396 0.976113
vt 0.146472 0.960035
vt 0.147534 0.973424
vt 0.178818 0.957651
vt 0.179716 0.971053
vt 0.103500 0.106968
vt 0.072007 0.112493
vt 0.040876 0.119004
vt 0.010551 0.127080
vt 0.520289 0.073651
vt 0.489962 0.065585
vt 0.458833 0.059084
vt 0.427344 0.053580
vt 0.395663 0.049002
vt 0.914161 0.821637
vt 0.946902 0.824235
vt 0.979941 0.827498
vt 0.014445 0.957183
vt 0.047354 0.952772
vt 0.080000 0.949050
vt 0.112558 0.945852
vt 0.145125 0.943138
vt 0.177711 0.940740
vt 0.949134 0.796258
vt 0.982138 0.799024
vt 0.011210 0.928757
vt 0.044097 0.924879
vt 0.077016 0.921121
vt 0.109942 0.917834
vt 0.142953 0.915141
vt 0.175844 0.912729
vt 0.917727 0.770042
vt 0.928550 0.776678
vt 0.950322 0.771876
vt 0.940051 0.777218
vt 0.958936 0.764145
vt 0.966340 0.760691
vt 0.973965 0.763122
vt 0.038829 0.897805
vt 0.030719 0.894800
vt 0.012659 0.894354
vt 0.005795 0.900390
vt 0.058476 0.887142
vt 0.051068 0.891375
vt 0.075009 0.893660
vt 0.066286 0.888526
vt 0.082305 0.887638
vt 0.088995 0.884918
vt 0.108780 0.898049
vt 0.103132 0.891229
vt 0.126210 0.898293
vt 0.116809 0.899523
vt 0.142531 0.887590
vt 0.135807 0.894233
vt 0.097488 0.885896
vt 0.017390 0.891493
vt 0.023791 0.891154
vt 0.044656 0.896368
vt 0.981868 0.770181
vt 0.173063 0.873053
vt 0.146711 0.873138
vt 0.146894 0.846015
vt 0.168492 0.825430
vt 0.142565 0.823131
vt 0.162807 0.792265
vt 0.136281 0.799370
vt 0.908905 0.740745
vt 0.908933 0.721280
vt 0.913394 0.698645
vt 0.917539 0.679528
vt 0.908475 0.660906
vt 0.917409 0.670458
vt 0.283452 0.792640
vt 0.282247 0.746781
vt 0.322229 0.758218
vt 0.323073 0.783041
vt 0.322643 0.806668
vt 0.323037 0.834184
vt 0.282454 0.827068
vt 0.323078 0.849560
vt 0.279487 0.855389
vt 0.768206 0.139900
vt 0.773876 0.132529
vt 0.808593 0.157456
vt 0.780719 0.124959
vt 0.787101 0.118203
vt 0.822293 0.143871
vt 0.793274 0.113042
vt 0.800153 0.107566
vt 0.806563 0.103377
vt 0.813821 0.099445
vt 0.819732 0.097119
vt 0.845069 0.131496
vt 0.827948 0.092889
vt 0.837732 0.091041
vt 0.845142 0.089040
vt 0.852737 0.087396
vt 0.872944 0.126625
vt 0.860546 0.085751
vt 0.866418 0.085212
vt 0.874974 0.085642
vt 0.882627 0.086864
vt 0.888888 0.087074
vt 0.893997 0.087523
vt 0.899418 0.130814
vt 0.903096 0.087896
vt 0.912952 0.091757
vt 0.920183 0.095084
vt 0.927161 0.098703
vt 0.920910 0.143820
vt 0.937578 0.103590
vt 0.947641 0.109065
vt 0.956217 0.116065
vt 0.932508 0.152550
vt 0.003878 0.415485
vt 0.005102 0.405495
vt 0.044833 0.406414
vt 0.041588 0.445911
vt 0.003423 0.435990
vt 0.002986 0.459743
vt 0.042267 0.487847
vt 0.002060 0.479622
vt 0.000500 0.497786
vt 0.042251 0.507105
vt 0.000717 0.510423
vt 0.964307 0.125445
vt 0.158237 0.752921
vt 0.161982 0.775082
vt 0.137899 0.778145
vt 0.134938 0.756717
vt 0.311168 0.715779
vt 0.315393 0.737219
vt 0.277513 0.718598
vt 0.131867 0.713318
vt 0.153133 0.711880
vt 0.269372 0.675426
vt 0.303156 0.673095
vt 0.130282 0.672135
vt 0.148871 0.670935
vt 0.265226 0.633354
vt 0.299283 0.632203
vt 0.126443 0.628847
vt 0.144936 0.626956
vt 0.265379 0.590244
vt 0.300582 0.589087
vt 0.121056 0.585036
vt 0.141209 0.581121
vt 0.268848 0.547050
vt 0.305907 0.545943
vt 0.114503 0.553097
vt 0.138748 0.549555
vt 0.273011 0.520247
vt 0.308660 0.514042
vt 0.116717 0.539479
vt 0.273852 0.503413
vt 0.308827 0.500504
vt 0.137269 0.530043
vt 0.125866 0.531262
vt 0.275406 0.491807
vt 0.308687 0.488372
vt 0.274818 0.479896
vt 0.308872 0.477007
vt 0.921205 0.632824
vt 0.917863 0.658835
vt 0.009836 0.394804
vt 0.015482 0.370488
vt 0.048818 0.375116
vt 0.020888 0.332504
vt 0.056154 0.334191
vt 0.924789 0.593872
vt 0.025743 0.291536
vt 0.060650 0.292491
vt 0.927733 0.552400
vt 0.023695 0.247806
vt 0.059511 0.249034
vt 0.930626 0.508621
vt 0.020532 0.201321
vt 0.056046 0.203823
vt 0.936378 0.462288
vt 0.018680 0.177043
vt 0.052314 0.178643
vt 0.940119 0.438117
vt 0.053787 0.163140
vt 0.018984 0.161359
vt 0.941134 0.422325
vt 0.936713 0.412372
vt 0.056409 0.135366
vt 0.052520 0.153058
vt 0.022596 0.151059
vt 0.023112 0.127569
vt 0.951395 0.395525
vt 0.947906 0.405073
vt 0.946112 0.420569
vt 0.947941 0.445904
vt 0.948170 0.491230
vt 0.948689 0.534661
vt 0.947758 0.576539
vt 0.947401 0.618080
vt 0.948063 0.689259
vt 0.948044 0.649626
vt 0.946764 0.731157
vt 0.942925 0.750230
vt 0.641477 0.963277
vt 0.641474 0.897805
vt 0.625369 0.965108
vt 0.627591 0.902470
vt 0.361710 0.436288
vt 0.383257 0.437394
vt 0.390163 0.465051
vt 0.360132 0.458873
vt 0.364417 0.396726
vt 0.384364 0.402941
vt 0.367290 0.355913
vt 0.388814 0.357263
vt 0.390603 0.328413
vt 0.369484 0.325252
vt 0.372485 0.283494
vt 0.392739 0.284361
vt 0.375377 0.241457
vt 0.394271 0.242179
vt 0.378316 0.198779
vt 0.396760 0.199455
vt 0.381295 0.155019
vt 0.400193 0.156828
vt 0.383380 0.124646
vt 0.403445 0.130302
vt 0.403046 0.113505
vt 0.385086 0.101096
vt 0.396752 0.103523
vt 0.910108 0.078618
vt 0.879170 0.077425
vt 0.882742 0.012073
vt 0.912914 0.017697
vt 0.932189 0.018132
vt 0.929564 0.079706
vt 0.957925 0.014425
vt 0.951557 0.080895
vt 0.986265 0.015787
vt 0.973429 0.083818
vt 0.576179 0.897180
vt 0.602985 0.897361
vt 0.601335 0.966481
vt 0.572308 0.966303
vt 0.199794 0.876763
vt 0.205510 0.910640
vt 0.713207 0.100588
vt 0.739925 0.119209
vt 0.762497 0.142685
vt 0.780054 0.170114
vt 0.791924 0.200440
vt 0.797649 0.232500
vt 0.797009 0.265060
vt 0.790030 0.296870
vt 0.367802 0.006149
vt 0.367575 0.008402
vt 0.334770 0.003326
vt 0.334605 0.005585
vt 0.301680 0.001452
vt 0.301578 0.003716
vt 0.268563 0.000500
vt 0.268521 0.002765
vt 0.235452 0.000500
vt 0.235471 0.002766
vt 0.202302 0.000516
vt 0.202385 0.002779
vt 0.169299 0.004526
vt 0.169149 0.002268
vt 0.136080 0.005072
vt 0.136297 0.007325
vt 0.365283 0.031053
vt 0.366092 0.023062
vt 0.332952 0.028295
vt 0.333535 0.020283
vt 0.300550 0.026464
vt 0.300912 0.018439
vt 0.268096 0.025531
vt 0.268252 0.017501
vt 0.235648 0.025538
vt 0.235583 0.017510
vt 0.203206 0.025543
vt 0.202912 0.017502
vt 0.170807 0.027220
vt 0.170279 0.019215
vt 0.138499 0.029962
vt 0.137719 0.021976
vt 0.366820 0.015872
vt 0.334062 0.013074
vt 0.301242 0.011218
vt 0.268388 0.010273
vt 0.235520 0.010281
vt 0.202643 0.010277
vt 0.169799 0.012010
vt 0.137023 0.014791
vt 0.211160 0.955587
vt 0.211872 0.969014
vt 0.243497 0.954066
vt 0.243991 0.967503
vt 0.275837 0.953132
vt 0.276097 0.966575
vt 0.308177 0.952803
vt 0.308212 0.966245
vt 0.340480 0.952813
vt 0.340235 0.966259
vt 0.372739 0.953886
vt 0.372171 0.967319
vt 0.404991 0.955696
vt 0.404154 0.969112
vt 0.437248 0.958102
vt 0.436185 0.971490
vt 0.363847 0.045351
vt 0.331929 0.042628
vt 0.299927 0.040820
vt 0.267866 0.039898
vt 0.235680 0.039897
vt 0.203615 0.039919
vt 0.171765 0.041554
vt 0.139919 0.044258
vt 0.210293 0.938610
vt 0.242892 0.937082
vt 0.275516 0.936141
vt 0.308172 0.935813
vt 0.340818 0.935825
vt 0.373423 0.936903
vt 0.406005 0.938746
vt 0.438567 0.941217
vt 0.241877 0.908923
vt 0.274951 0.907960
vt 0.308090 0.907643
vt 0.341355 0.907660
vt 0.374551 0.908734
vt 0.407775 0.910639
vt 0.440745 0.913261
vt 0.207643 0.886816
vt 0.219130 0.892079
vt 0.241557 0.882904
vt 0.231851 0.890580
vt 0.247908 0.875180
vt 0.255742 0.871902
vt 0.263823 0.873432
vt 0.308175 0.880187
vt 0.300666 0.877875
vt 0.279754 0.873928
vt 0.272127 0.879276
vt 0.327756 0.871806
vt 0.321329 0.873467
vt 0.342908 0.880624
vt 0.333641 0.873720
vt 0.350370 0.875585
vt 0.358309 0.873021
vt 0.375927 0.888310
vt 0.371900 0.881078
vt 0.394382 0.891549
vt 0.382988 0.891122
vt 0.411342 0.883438
vt 0.404977 0.888432
vt 0.365533 0.874847
vt 0.287494 0.871360
vt 0.294345 0.873693
vt 0.315373 0.877456
vt 0.443917 0.873661
vt 0.418559 0.868916
vt 0.423345 0.841734
vt 0.448168 0.826014
vt 0.422973 0.815069
vt 0.450454 0.791239
vt 0.422868 0.790807
vt 0.428361 0.773020
vt 0.434288 0.778236
vt 0.424959 0.781705
vt 0.195337 0.859271
vt 0.191683 0.837327
vt 0.191916 0.814893
vt 0.191426 0.793357
vt 0.179258 0.777314
vt 0.189087 0.780328
vt 0.274541 0.411401
vt 0.273856 0.364309
vt 0.313757 0.375755
vt 0.314231 0.399412
vt 0.312909 0.367486
vt 0.313793 0.425877
vt 0.313899 0.453365
vt 0.272839 0.445853
vt 0.313205 0.469399
vt 0.269376 0.474191
vt 0.794678 0.197241
vt 0.800285 0.191877
vt 0.831580 0.221429
vt 0.808787 0.185316
vt 0.817882 0.178850
vt 0.847334 0.210296
vt 0.824326 0.175138
vt 0.831591 0.171341
vt 0.839343 0.167363
vt 0.846035 0.165267
vt 0.852907 0.163600
vt 0.871746 0.201856
vt 0.861045 0.160758
vt 0.872254 0.160539
vt 0.878072 0.160139
vt 0.884286 0.159810
vt 0.900101 0.201842
vt 0.891290 0.159336
vt 0.898825 0.159703
vt 0.906393 0.161263
vt 0.913554 0.163361
vt 0.920349 0.165221
vt 0.927803 0.167144
vt 0.925374 0.210698
vt 0.936694 0.169145
vt 0.945483 0.173901
vt 0.951858 0.178622
vt 0.958119 0.183730
vt 0.944362 0.227202
vt 0.966124 0.189422
vt 0.975776 0.196846
vt 0.983976 0.206046
vt 0.954222 0.237769
vt 0.062048 0.405194
vt 0.063752 0.393167
vt 0.103584 0.393921
vt 0.099949 0.435361
vt 0.061354 0.426013
vt 0.060530 0.448031
vt 0.100497 0.477300
vt 0.060229 0.469967
vt 0.058740 0.487602
vt 0.100415 0.496564
vt 0.058868 0.499727
vt 0.990290 0.216700
vt 0.455795 0.753500
vt 0.453217 0.777311
vt 0.432418 0.751303
vt 0.304730 0.336054
vt 0.308088 0.358804
vt 0.270951 0.336726
vt 0.439277 0.708916
vt 0.460300 0.712276
vt 0.266071 0.292905
vt 0.299950 0.293092
vt 0.446436 0.668671
vt 0.464862 0.671371
vt 0.265226 0.250737
vt 0.299296 0.251954
vt 0.451284 0.625701
vt 0.469784 0.627505
vt 0.268190 0.208082
vt 0.303426 0.208667
vt 0.454407 0.581778
vt 0.474936 0.581818
vt 0.273293 0.165636
vt 0.310389 0.165155
vt 0.454051 0.549210
vt 0.478525 0.550364
vt 0.277497 0.139234
vt 0.313130 0.132848
vt 0.458813 0.536275
vt 0.278264 0.122439
vt 0.313232 0.119277
vt 0.480783 0.530927
vt 0.469355 0.529952
vt 0.279773 0.110809
vt 0.313047 0.107166
vt 0.279123 0.098896
vt 0.313174 0.095801
vt 0.180990 0.747794
vt 0.185023 0.771688
vt 0.068448 0.384282
vt 0.074077 0.359862
vt 0.107400 0.364574
vt 0.079571 0.321896
vt 0.114833 0.323658
vt 0.175988 0.710312
vt 0.084505 0.280943
vt 0.119410 0.281960
vt 0.171421 0.669856
vt 0.082526 0.237214
vt 0.118339 0.238494
vt 0.167714 0.626662
vt 0.079423 0.190728
vt 0.114933 0.193273
vt 0.167123 0.580199
vt 0.077599 0.166448
vt 0.111231 0.168087
vt 0.167616 0.555799
vt 0.112720 0.152584
vt 0.077919 0.150765
vt 0.166515 0.540025
vt 0.160802 0.530760
vt 0.115370 0.124811
vt 0.111464 0.142500
vt 0.081541 0.140469
vt 0.082081 0.116979
vt 0.367105 0.103056
vt 0.362967 0.112301
vt 0.360051 0.127580
vt 0.360047 0.153001
vt 0.357015 0.198272
vt 0.354495 0.241702
vt 0.350754 0.283490
vt 0.347687 0.324936
vt 0.343468 0.395904
vt 0.346297 0.354452
vt 0.339206 0.437591
vt 0.334055 0.456355
vt 0.853163 0.075254
vt 0.856677 0.009876
vt 0.836999 0.076220
vt 0.842548 0.013790
vt 0.365520 0.802397
vt 0.387070 0.802018
vt 0.395923 0.829096
vt 0.365535 0.825049
vt 0.365483 0.762748
vt 0.385857 0.767577
vt 0.365516 0.721088
vt 0.387122 0.720508
vt 0.386939 0.692777
vt 0.365622 0.691155
vt 0.365804 0.649277
vt 0.386007 0.648695
vt 0.365826 0.607095
vt 0.384628 0.606539
vt 0.365819 0.564275
vt 0.384216 0.563764
vt 0.365741 0.520407
vt 0.384756 0.520987
vt 0.365633 0.489987
vt 0.386098 0.494250
vt 0.384457 0.477439
vt 0.365581 0.466418
vt 0.377371 0.467930
vt 0.719919 0.074024
vt 0.688783 0.074577
vt 0.688749 0.009128
vt 0.719007 0.013046
vt 0.738022 0.012220
vt 0.739641 0.073827
vt 0.763205 0.006669
vt 0.761869 0.073430
vt 0.791456 0.005795
vt 0.783999 0.074623
vt 0.818232 0.007382
vt 0.812949 0.076320
vt 0.469806 0.881344
vt 0.470473 0.915735
vt 0.776979 0.326707
vt 0.758358 0.353425
vt 0.734882 0.375997
vt 0.707453 0.393555
vt 0.677127 0.405424
vt 0.645067 0.411149
vt 0.612508 0.410510
vt 0.103135 0.008891
vt 0.103411 0.011137
vt 0.070371 0.013721
vt 0.070686 0.015961
vt 0.037910 0.019584
vt 0.038208 0.021836
vt 0.005795 0.025910
vt 0.006067 0.028183
vt 0.492881 0.073035
vt 0.525013 0.079272
vt 0.524746 0.081546
vt 0.492588 0.075287
vt 0.460406 0.067276
vt 0.460096 0.069517
vt 0.427363 0.064810
vt 0.427637 0.062562
vt 0.106282 0.033678
vt 0.105251 0.025729
vt 0.074175 0.038341
vt 0.072874 0.030464
vt 0.042198 0.044043
vt 0.040551 0.036271
vt 0.010466 0.051309
vt 0.008156 0.043288
vt 0.522694 0.096655
vt 0.520406 0.104682
vt 0.488653 0.097506
vt 0.490280 0.089729
vt 0.456654 0.091908
vt 0.457938 0.084027
vt 0.424522 0.087361
vt 0.425543 0.079409
vt 0.104346 0.018576
vt 0.071784 0.023366
vt 0.039334 0.029234
vt 0.006824 0.035855
vt 0.524008 0.089219
vt 0.491480 0.082688
vt 0.459014 0.076926
vt 0.426441 0.072252
vt 0.469496 0.960898
vt 0.468220 0.974271
vt 0.501696 0.964165
vt 0.500164 0.977496
vt 0.533839 0.967971
vt 0.531848 0.981237
vt 0.565845 0.972951
vt 0.562870 0.986216
vt 0.493934 0.857206
vt 0.525899 0.851953
vt 0.528008 0.865201
vt 0.497029 0.870448
vt 0.558016 0.847877
vt 0.559673 0.861194
vt 0.590204 0.844330
vt 0.591622 0.857679
vt 0.108141 0.047920
vt 0.076508 0.052499
vt 0.045196 0.058066
vt 0.014636 0.065209
vt 0.516275 0.118593
vt 0.485697 0.111538
vt 0.454365 0.106074
vt 0.422705 0.101609
vt 0.471119 0.944022
vt 0.503651 0.947368
vt 0.536261 0.951261
vt 0.569137 0.955856
vt 0.490482 0.840125
vt 0.523322 0.835263
vt 0.555899 0.831091
vt 0.588410 0.827503
vt 0.506734 0.919465
vt 0.539631 0.923373
vt 0.572495 0.927506
vt 0.486884 0.811759
vt 0.519702 0.807412
vt 0.552552 0.803179
vt 0.585526 0.799624
vt 0.476086 0.892525
vt 0.486697 0.899412
vt 0.507663 0.895095
vt 0.497544 0.899495
vt 0.517429 0.886815
vt 0.525693 0.884931
vt 0.532959 0.887171
vt 0.574076 0.900283
vt 0.567473 0.895835
vt 0.548832 0.890324
vt 0.540676 0.894574
vt 0.500545 0.773799
vt 0.494174 0.777371
vt 0.517398 0.780407
vt 0.507058 0.774505
vt 0.525050 0.773118
vt 0.531355 0.770610
vt 0.550401 0.782204
vt 0.545111 0.775705
vt 0.564516 0.783665
vt 0.556498 0.784632
vt 0.583689 0.773332
vt 0.574059 0.781307
vt 0.539421 0.770980
vt 0.555145 0.888510
vt 0.561501 0.890797
vt 0.482302 0.784874
vt 0.487803 0.782643
vt 0.588817 0.758219
vt 0.587525 0.730405
vt 0.580921 0.705966
vt 0.574766 0.682289
vt 0.574777 0.662491
vt 0.584149 0.667258
vt 0.575167 0.672722
vt 0.468271 0.862972
vt 0.468982 0.843255
vt 0.473665 0.820006
vt 0.478031 0.800108
vt 0.472088 0.782716
vt 0.477973 0.786794
vt 0.212092 0.411462
vt 0.210962 0.366020
vt 0.250687 0.374544
vt 0.250988 0.399476
vt 0.249028 0.364766
vt 0.251220 0.425310
vt 0.252342 0.453642
vt 0.211056 0.445946
vt 0.251328 0.469914
vt 0.208047 0.474296
vt 0.794678 0.301923
vt 0.802291 0.292237
vt 0.833891 0.320841
vt 0.809082 0.285478
vt 0.814555 0.279823
vt 0.847681 0.307347
vt 0.819945 0.276277
vt 0.826493 0.271150
vt 0.832610 0.267230
vt 0.839166 0.263092
vt 0.844775 0.260894
vt 0.870590 0.295178
vt 0.853981 0.256086
vt 0.865619 0.254145
vt 0.871841 0.252737
vt 0.878483 0.251479
vt 0.898613 0.291034
vt 0.886570 0.250069
vt 0.892445 0.249343
vt 0.900308 0.250525
vt 0.908048 0.251488
vt 0.914731 0.252197
vt 0.920929 0.252643
vt 0.924913 0.296074
vt 0.930011 0.253313
vt 0.939735 0.257494
vt 0.946498 0.260514
vt 0.953240 0.265222
vt 0.946100 0.309661
vt 0.964534 0.270907
vt 0.973736 0.276593
vt 0.982045 0.282745
vt 0.957465 0.318628
vt 0.030348 0.791566
vt 0.031773 0.779144
vt 0.071719 0.779598
vt 0.068078 0.821794
vt 0.029558 0.811690
vt 0.029441 0.835530
vt 0.068647 0.863735
vt 0.028462 0.855406
vt 0.026973 0.873872
vt 0.068568 0.883005
vt 0.027017 0.886162
vt 0.989905 0.292313
vt 0.571175 0.642857
vt 0.241485 0.335824
vt 0.244714 0.355303
vt 0.207702 0.336641
vt 0.564975 0.599908
vt 0.202648 0.292824
vt 0.236530 0.292900
vt 0.560143 0.559105
vt 0.201692 0.250642
vt 0.235768 0.251781
vt 0.552600 0.516416
vt 0.204570 0.207970
vt 0.239810 0.208498
vt 0.543253 0.473345
vt 0.209617 0.165480
vt 0.246716 0.165012
vt 0.533764 0.442181
vt 0.213864 0.139002
vt 0.249532 0.132794
vt 0.534698 0.428428
vt 0.214755 0.122161
vt 0.249751 0.119278
vt 0.543037 0.419396
vt 0.216358 0.110543
vt 0.249663 0.107165
vt 0.215804 0.098624
vt 0.249882 0.095801
vt 0.478240 0.756024
vt 0.477398 0.779371
vt 0.036172 0.772255
vt 0.040873 0.748530
vt 0.075340 0.751001
vt 0.047391 0.708403
vt 0.082659 0.710063
vt 0.482905 0.715855
vt 0.052207 0.667435
vt 0.087115 0.668350
vt 0.487140 0.675018
vt 0.050098 0.623713
vt 0.085915 0.624886
vt 0.492173 0.631724
vt 0.046855 0.577236
vt 0.082374 0.579675
vt 0.500543 0.585902
vt 0.044958 0.552962
vt 0.078595 0.554499
vt 0.505675 0.562008
vt 0.080038 0.538991
vt 0.045231 0.537278
vt 0.507595 0.546302
vt 0.503750 0.536114
vt 0.082603 0.511209
vt 0.078750 0.528911
vt 0.048822 0.526971
vt 0.049290 0.503480
vt 0.347816 0.469648
vt 0.344327 0.479196
vt 0.342533 0.494692
vt 0.344362 0.520028
vt 0.344591 0.565356
vt 0.345110 0.608790
vt 0.344180 0.650671
vt 0.343822 0.692213
vt 0.344482 0.763387
vt 0.344418 0.721041
vt 0.343187 0.805284
vt 0.339349 0.824357
vt 0.662652 0.073815
vt 0.662648 0.008343
vt 0.646546 0.075648
vt 0.648763 0.013011
vt 0.441478 0.469108
vt 0.448412 0.496758
vt 0.442548 0.434658
vt 0.446948 0.389560
vt 0.448761 0.360159
vt 0.450947 0.316125
vt 0.452565 0.273960
vt 0.455160 0.231249
vt 0.458703 0.188633
vt 0.462023 0.162116
vt 0.461667 0.145318
vt 0.455398 0.135319
vt 0.888906 0.968179
vt 0.891754 0.907260
vt 0.911028 0.907709
vt 0.908361 0.969280
vt 0.936767 0.904019
vt 0.930353 0.970484
vt 0.965106 0.905400
vt 0.952223 0.973422
vt 0.597350 0.007727
vt 0.624156 0.007905
vt 0.622513 0.077025
vt 0.593487 0.076850
vt 0.810906 0.609802
vt 0.789365 0.624601
vt 0.730485 0.518699
vt 0.821667 0.597712
vt 0.836416 0.459869
vt 0.848115 0.488526
vt 0.851487 0.507696
vt 0.851596 0.529695
vt 0.847187 0.551286
vt 0.834556 0.577387
vt 0.821622 0.438315
vt 0.809530 0.427544
vt 0.671635 0.412781
vt 0.700298 0.401074
vt 0.719476 0.397698
vt 0.741484 0.397589
vt 0.763089 0.402002
vt 0.752922 0.438393
vt 0.789201 0.414644
vt 0.650077 0.427586
vt 0.639303 0.439688
vt 0.624595 0.577600
vt 0.612875 0.548943
vt 0.609490 0.529766
vt 0.609370 0.507755
vt 0.613774 0.486148
vt 0.626405 0.460029
vt 0.639407 0.599147
vt 0.651507 0.609911
vt 0.760718 0.636313
vt 0.741552 0.639695
vt 0.719553 0.639816
vt 0.697957 0.635417
vt 0.671845 0.622797
vt 0.319021 0.745134
vt 0.146897 0.782222
vt 0.137736 0.786281
s 1
usemtl WoodenTable_02
f 10/1/1 66/2/2 625/3/3 9/4/4
f 521/5/5 2/6/5 93/7/5
f 2/6/5 3/8/5 93/7/5
f 3/8/5 4/9/5 93/7/5
f 4/9/5 5/10/5 93/7/5
f 5/10/5 6/11/5 93/7/5
f 6/11/5 7/12/5 93/7/5
f 7/12/5 8/13/5 93/7/5
f 8/13/5 1/14/5 93/7/5
f 2/15/6 521/16/7 534/17/8 14/18/9
f 3/19/10 2/15/6 14/18/9 15/20/11
f 4/21/12 3/19/10 15/20/11 16/22/13
f 5/23/14 4/21/12 16/22/13 17/24/15
f 6/25/16 5/23/14 17/24/15 18/26/17
f 7/27/18 6/25/16 18/26/17 19/28/19
f 7/27/18 19/28/19 20/29/20 8/30/21
f 1/31/22 8/30/21 20/29/20 13/32/23
f 622/33/24 621/34/25 43/35/26 46/36/27
f 46/36/27 43/35/26 42/37/28 48/38/29
f 48/38/29 42/37/28 41/39/30 50/40/31
f 50/40/31 41/39/30 40/41/32 52/42/33
f 52/42/33 40/41/32 39/43/34 54/44/35
f 54/44/35 39/43/34 38/45/36 56/46/37
f 56/46/37 38/45/36 37/47/38 58/48/39
f 58/48/39 37/47/38 94/49/40 95/50/41
f 14/18/9 534/17/8 566/51/42 45/52/43
f 15/20/11 14/18/9 45/52/43 47/53/44
f 16/22/13 15/20/11 47/53/44 49/54/45
f 17/24/15 16/22/13 49/54/45 51/55/46
f 18/26/17 17/24/15 51/55/46 53/56/47
f 19/28/19 18/26/17 53/56/47 55/57/48
f 20/29/20 19/28/19 55/57/48 57/58/49
f 13/32/23 20/29/20 57/58/49 44/59/50
f 624/60/51 65/61/52 36/62/53 550/63/54
f 65/61/52 64/64/55 35/65/56 36/62/53
f 64/64/55 63/66/57 34/67/58 35/65/56
f 63/66/57 62/68/59 33/69/60 34/67/58
f 62/68/59 61/70/61 32/71/62 33/69/60
f 61/70/61 60/72/63 31/73/64 32/71/62
f 60/72/63 59/74/65 30/75/66 31/73/64
f 59/74/65 96/76/67 29/77/68 30/75/66
f 550/78/69 36/79/70 43/35/26 621/34/25
f 36/79/70 35/80/71 42/37/28 43/35/26
f 35/80/71 34/81/72 41/39/30 42/37/28
f 34/81/72 33/82/73 40/41/32 41/39/30
f 33/82/73 32/83/74 39/43/34 40/41/32
f 32/83/74 31/84/75 38/45/36 39/43/34
f 31/84/75 30/85/76 37/47/38 38/45/36
f 30/85/76 29/86/77 94/49/40 37/47/38
f 622/33/24 46/36/27 45/52/43 566/51/42
f 46/36/27 48/38/29 47/53/44 45/52/43
f 48/38/29 50/40/31 49/54/45 47/53/44
f 50/40/31 52/42/33 51/55/46 49/54/45
f 52/42/33 54/44/35 53/56/47 51/55/46
f 54/44/35 56/46/37 55/57/48 53/56/47
f 58/48/39 57/58/49 55/57/48 56/46/37
f 58/48/39 95/50/41 44/59/50 57/58/49
f 542/87/78 28/88/79 65/61/52 624/60/51
f 28/88/79 27/89/80 64/64/55 65/61/52
f 27/89/80 26/90/81 63/66/57 64/64/55
f 26/90/81 25/91/82 62/68/59 63/66/57
f 25/91/82 24/92/83 61/70/61 62/68/59
f 24/92/83 23/93/84 60/72/63 61/70/61
f 23/93/84 22/94/85 59/74/65 60/72/63
f 22/94/85 21/95/86 96/76/67 59/74/65
f 66/2/2 28/88/79 542/87/78 625/3/3
f 67/96/87 27/89/80 28/88/79 66/2/2
f 26/90/81 27/89/80 67/96/87 73/97/88
f 25/91/82 26/90/81 73/97/88 85/98/89
f 24/92/83 25/91/82 85/98/89 88/99/90
f 23/93/84 24/92/83 88/99/90 90/100/91
f 22/94/85 23/93/84 90/100/91 81/101/92
f 21/95/86 22/94/85 81/101/92 97/102/93
f 68/103/94 98/104/95 66/2/2
f 68/103/94 66/2/2 10/1/1
f 11/105/96 67/96/87 69/106/97
f 70/107/98 67/96/87 11/105/96
f 71/108/99 73/97/88 67/96/87 70/107/98
f 12/109/100 73/97/88 71/108/99
f 74/110/101 85/98/89 720/111/102
f 72/112/103 73/97/88 91/113/104
f 75/114/105 88/99/90 85/98/89 712/115/106
f 76/116/107 88/99/90 86/117/108
f 90/100/91 88/99/90 87/118/109 77/119/110
f 78/120/111 90/100/91 716/121/112
f 79/122/113 81/101/92 90/100/91 89/123/114
f 80/124/115 81/101/92 709/125/116
f 90/100/91 77/119/110 82/126/117
f 85/98/89 92/127/118 83/128/119
f 85/98/89 74/110/101 84/129/120
f 88/99/90 75/114/105 86/117/108
f 88/99/90 76/116/107 87/118/109
f 90/100/91 78/120/111 89/123/114
f 73/97/88 12/109/100 91/113/104
f 73/97/88 72/112/103 92/127/118 85/98/89
f 97/102/93 81/101/92 80/124/115 179/130/121
f 69/106/97 67/96/87 66/2/2 98/104/95
f 99/131/122 179/130/121 80/124/115
f 100/132/123 102/133/124 179/130/121 99/131/122
f 101/134/125 102/133/124 100/132/123
f 268/135/126 102/133/124 101/134/125 103/136/127
f 741/137/128 756/138/129 750/139/130
f 104/140/131 10/1/1 9/4/4
f 105/141/132 106/142/133 104/140/131 9/4/4
f 107/143/134 106/142/133 105/141/132
f 631/144/135 108/145/136 107/143/134 105/141/132
f 108/145/136 754/146/137 747/147/138
f 110/148/139 109/149/140 103/150/141 101/151/142
f 103/150/141 109/149/140 750/152/143
f 101/151/142 100/153/144 110/148/139
f 100/153/144 99/154/145 111/155/146 110/148/139
f 99/154/145 80/156/147 112/157/148 111/155/146
f 80/158/147 709/159/149 112/160/148
f 79/161/150 89/162/151 113/163/152 112/160/148
f 89/162/151 78/164/153 113/163/152
f 78/164/153 716/165/154 113/163/152
f 82/166/155 77/167/156 113/163/152
f 77/167/156 87/168/157 114/169/158 113/163/152
f 87/168/157 76/170/159 114/169/158
f 76/170/159 86/171/160 114/169/158
f 86/171/160 75/172/161 114/169/158
f 75/172/161 712/173/162 115/174/163 114/169/158
f 84/175/164 74/176/165 115/174/163
f 74/176/165 720/177/166 115/174/163
f 83/178/167 92/179/168 115/174/163
f 115/174/163 92/179/168 72/180/169 116/181/170
f 72/180/169 91/182/171 116/181/170
f 91/182/171 12/183/172 116/181/170
f 12/183/172 71/184/173 116/181/170
f 71/184/173 70/185/174 117/186/175 116/181/170
f 70/185/174 11/187/176 117/186/175
f 11/187/176 69/188/177 117/186/175
f 69/188/177 98/189/178 120/190/179 117/186/175
f 108/191/180 747/192/181 737/193/182
f 118/194/183 107/195/184 108/191/180 737/193/182
f 106/196/185 107/195/184 118/194/183
f 119/197/186 104/198/187 106/196/185 118/194/183
f 10/199/188 104/198/187 119/197/186
f 120/200/179 68/201/189 10/199/188 119/197/186
f 120/190/179 98/189/178 68/202/189
f 300/203/190 740/204/191 741/137/128 121/205/192
f 121/206/193 741/207/194 109/149/140 122/208/195
f 300/203/190 121/205/192 123/209/196 305/210/197
f 121/206/193 122/208/195 124/211/198 123/212/199
f 305/210/197 123/209/196 125/213/200 308/214/201
f 123/212/199 124/211/198 126/215/202 125/216/203
f 308/214/201 125/213/200 127/217/204 311/218/205
f 125/216/203 126/215/202 128/219/206 127/220/207
f 311/218/205 127/217/204 130/221/208 129/222/209
f 127/220/207 128/219/206 131/223/210 130/224/211
f 129/222/209 130/221/208 132/225/212 134/226/213
f 130/224/211 131/223/210 133/227/214 132/228/215
f 132/225/212 135/229/216 134/226/213
f 132/228/215 133/227/214 136/230/217 135/231/218
f 138/232/219 134/226/213 135/229/216 137/233/220
f 135/231/218 136/230/217 139/234/221 137/235/222
f 319/236/223 138/237/224 137/235/222 139/234/221
f 650/238/225 140/239/226 738/240/227 734/241/228
f 737/193/182 738/242/229 140/243/230 141/244/231
f 141/244/231 140/243/230 143/245/232 142/246/233
f 140/239/226 650/238/225 652/247/234 143/248/235
f 142/246/233 143/245/232 145/249/236 144/250/237
f 143/248/235 652/247/234 146/251/238 145/252/239
f 144/250/237 145/249/236 148/253/240 147/254/241
f 145/252/239 146/251/238 657/255/242 148/256/243
f 147/254/241 148/253/240 150/257/244 149/258/245
f 148/256/243 657/255/242 151/259/246 150/260/247
f 149/258/245 150/257/244 153/261/248 152/262/249
f 150/260/247 151/259/246 154/263/250 153/264/251
f 156/265/252 152/262/249 153/261/248 155/266/253
f 155/267/254 153/264/251 154/263/250
f 157/268/255 158/269/256 155/267/254 154/263/250
f 668/270/257 159/271/258 158/272/259 157/273/260
f 158/272/259 159/271/258 156/265/252 155/266/253
f 159/274/261 668/275/262 700/276/263 156/277/264
f 152/278/265 156/277/264 700/276/263
f 699/279/266 149/280/267 152/278/265 700/276/263
f 698/281/268 147/282/269 149/280/267 699/279/266
f 697/283/270 144/284/271 147/282/269 698/281/268
f 696/285/272 142/286/273 144/284/271 697/283/270
f 695/287/274 141/288/275 142/286/273 696/285/272
f 160/289/276 118/290/277 737/291/278 736/292/279
f 161/293/280 119/294/281 118/290/277 160/289/276
f 694/295/282 120/296/283 119/294/281 161/293/280
f 162/297/284 163/298/285 120/299/283 694/300/282
f 164/301/286 117/302/287 120/299/283 163/298/285
f 327/303/288 111/304/289 112/305/290 328/306/291
f 165/307/292 110/308/293 111/304/289 327/303/288
f 166/309/294 109/310/295 110/308/293 165/307/292
f 122/311/296 109/310/295 166/309/294 326/312/297
f 325/313/298 124/314/299 122/311/296 326/312/297
f 324/315/300 126/316/301 124/314/299 325/313/298
f 323/317/302 128/318/303 126/316/301 324/315/300
f 322/319/304 131/320/305 128/318/303 323/317/302
f 321/321/306 133/322/307 131/320/305 322/319/304
f 136/323/308 133/322/307 321/321/306
f 321/321/306 319/324/309 139/325/310 136/323/308
f 167/326/311 329/327/312 328/328/291 112/329/290
f 112/329/290 113/330/313 168/331/314 167/326/311
f 113/330/313 114/332/315 169/333/316 168/331/314
f 114/332/315 115/334/317 170/335/318 169/333/316
f 115/334/317 116/336/319 171/337/320 170/335/318
f 116/336/319 117/302/287 164/301/286 171/337/320
f 180/338/321 232/339/322 97/102/93 179/130/121
f 1/14/5 172/340/5 93/7/5
f 172/340/5 173/341/5 93/7/5
f 173/341/5 174/342/5 93/7/5
f 174/342/5 175/343/5 93/7/5
f 175/343/5 176/344/5 93/7/5
f 176/344/5 177/345/5 93/7/5
f 177/345/5 178/346/5 93/7/5
f 178/346/5 339/347/5 93/7/5
f 172/348/323 1/31/22 13/32/23 183/349/324
f 173/350/325 172/348/323 183/349/324 184/351/326
f 174/352/327 173/350/325 184/351/326 185/353/328
f 175/354/329 174/352/327 185/353/328 186/355/330
f 176/356/331 175/357/329 186/358/330 187/359/332
f 177/360/333 176/356/331 187/359/332 188/361/334
f 177/360/333 188/361/334 189/362/335 178/363/336
f 339/364/337 178/363/336 189/362/335 431/365/338
f 95/50/41 94/49/40 210/366/339 212/367/340
f 212/367/340 210/366/339 209/368/341 214/369/342
f 214/369/342 209/368/341 208/370/343 216/371/344
f 216/371/344 208/370/343 207/372/345 218/373/346
f 218/374/346 207/375/345 206/376/347 220/377/348
f 220/377/348 206/376/347 205/378/349 222/379/350
f 222/379/350 205/378/349 204/380/351 224/381/352
f 224/381/352 204/380/351 379/382/353 380/383/354
f 183/349/324 13/32/23 44/59/50 211/384/355
f 184/351/326 183/349/324 211/384/355 213/385/356
f 185/353/328 184/351/326 213/385/356 215/386/357
f 186/355/330 185/353/328 215/386/357 217/387/358
f 187/359/332 186/358/330 217/388/358 219/389/359
f 188/361/334 187/359/332 219/389/359 221/390/360
f 189/362/335 188/361/334 221/390/360 223/391/361
f 431/365/338 189/362/335 223/391/361 434/392/362
f 96/76/67 231/393/363 203/394/364 29/77/68
f 231/393/363 230/395/365 202/396/366 203/394/364
f 230/395/365 229/397/367 201/398/368 202/396/366
f 229/399/367 228/400/369 200/401/370 201/402/368
f 228/400/369 227/403/371 199/404/372 200/401/370
f 227/403/371 226/405/373 198/406/374 199/404/372
f 226/405/373 225/407/375 197/408/376 198/406/374
f 225/407/375 402/409/377 433/410/378 197/408/376
f 29/86/77 203/411/379 210/366/339 94/49/40
f 203/411/379 202/412/380 209/368/341 210/366/339
f 202/412/380 201/413/381 208/370/343 209/368/341
f 201/413/381 200/414/382 207/372/345 208/370/343
f 200/415/382 199/416/383 206/376/347 207/375/345
f 199/416/383 198/417/384 205/378/349 206/376/347
f 198/417/384 197/418/385 204/380/351 205/378/349
f 197/418/385 433/419/386 379/382/353 204/380/351
f 95/50/41 212/367/340 211/384/355 44/59/50
f 212/367/340 214/369/342 213/385/356 211/384/355
f 214/369/342 216/371/344 215/386/357 213/385/356
f 216/371/344 218/373/346 217/387/358 215/386/357
f 218/374/346 220/377/348 219/389/359 217/388/358
f 220/377/348 222/379/350 221/390/360 219/389/359
f 224/381/352 223/391/361 221/390/360 222/379/350
f 224/381/352 380/383/354 434/392/362 223/391/361
f 21/95/86 196/420/387 231/393/363 96/76/67
f 196/420/387 195/421/388 230/395/365 231/393/363
f 195/421/388 194/422/389 229/397/367 230/395/365
f 194/423/389 193/424/390 228/400/369 229/399/367
f 193/424/390 192/425/391 227/403/371 228/400/369
f 192/425/391 191/426/392 226/405/373 227/403/371
f 191/426/392 190/427/393 225/407/375 226/405/373
f 190/427/393 432/428/394 402/409/377 225/407/375
f 232/339/322 196/420/387 21/95/86 97/102/93
f 233/429/395 195/421/388 196/420/387 232/339/322
f 194/422/389 195/421/388 233/429/395 239/430/396
f 193/424/390 194/423/389 239/431/396 251/432/397
f 192/425/391 193/424/390 251/432/397 254/433/398
f 191/426/392 192/425/391 254/433/398 256/434/399
f 190/427/393 191/426/392 256/434/399 247/435/400
f 432/428/394 190/427/393 247/435/400 404/436/401
f 234/437/402 259/438/403 232/339/322
f 234/437/402 232/339/322 180/338/321
f 181/439/404 233/429/395 235/440/405
f 236/441/406 233/429/395 181/439/404
f 237/442/407 239/430/396 233/429/395 236/441/406
f 182/443/408 239/430/396 237/442/407
f 240/444/409 251/432/397 721/445/410
f 238/446/411 239/431/396 257/447/412
f 241/448/413 254/433/398 251/432/397 715/449/414
f 242/450/415 254/433/398 252/451/416
f 256/434/399 254/433/398 253/452/417 243/453/418
f 244/454/419 256/434/399 717/455/420
f 245/456/421 247/435/400 256/434/399 255/457/422
f 246/458/423 247/435/400 707/459/424
f 256/434/399 243/453/418 248/460/425
f 251/432/397 258/461/426 249/462/427
f 251/432/397 240/444/409 250/463/428
f 254/433/398 241/448/413 252/451/416
f 254/433/398 242/450/415 253/452/417
f 256/434/399 244/454/419 255/457/422
f 239/430/396 182/443/408 257/464/412
f 239/431/396 238/446/411 258/461/426 251/432/397
f 404/436/401 247/435/400 246/458/423 347/465/429
f 235/440/405 233/429/395 232/339/322 259/438/403
f 260/466/430 347/465/429 246/458/423
f 261/467/431 263/468/432 347/465/429 260/466/430
f 262/469/433 263/468/432 261/467/431
f 443/470/434 263/468/432 262/469/433 264/471/435
f 265/472/436 180/338/321 179/130/121
f 102/133/124 266/473/437 265/472/436 179/130/121
f 267/474/438 266/473/437 102/133/124
f 268/135/126 269/475/439 267/474/438 102/133/124
f 269/475/439 757/476/440 749/477/441
f 270/478/442 727/479/443 264/480/444 262/481/445
f 262/481/445 261/482/446 270/478/442
f 261/482/446 260/483/447 271/484/448 270/478/442
f 260/483/447 246/485/449 272/486/450 271/484/448
f 246/487/449 707/488/451 272/489/450
f 245/490/452 255/491/453 273/492/454 272/489/450
f 255/491/453 244/493/455 273/492/454
f 244/493/455 717/494/456 273/492/454
f 248/495/457 243/496/458 273/492/454
f 243/496/458 253/497/459 274/498/460 273/492/454
f 253/497/459 242/499/461 274/498/460
f 242/499/461 252/500/462 274/498/460
f 252/500/462 241/501/463 274/498/460
f 241/501/463 715/502/464 275/503/465 274/498/460
f 250/504/466 240/505/467 275/503/465
f 240/505/467 721/506/468 275/503/465
f 249/507/469 258/508/470 275/503/465
f 275/503/465 258/508/470 238/509/471 276/510/472
f 238/509/471 257/511/473 276/510/472
f 257/511/473 182/512/474 276/510/472
f 182/512/474 237/513/475 276/510/472
f 237/513/475 236/514/476 277/515/477 276/510/472
f 236/514/476 181/516/478 277/515/477
f 181/516/478 235/517/479 277/515/477
f 235/517/479 259/518/480 280/519/481 277/515/477
f 269/520/482 749/521/483 742/522/484
f 278/523/485 267/524/486 269/520/482 742/522/484
f 266/525/487 267/524/486 278/523/485
f 279/526/488 265/527/489 266/525/487 278/523/485
f 180/528/490 265/527/489 279/526/488
f 280/529/481 234/530/491 180/528/490 279/526/488
f 280/519/481 259/518/480 234/531/491
f 477/532/492 724/533/493 728/534/494 281/535/495
f 281/536/496 728/537/497 727/479/443 282/538/498
f 477/532/492 281/535/495 283/539/499 482/540/500
f 281/536/496 282/538/498 284/541/501 283/542/502
f 482/540/500 283/539/499 285/543/503 485/544/504
f 283/542/502 284/541/501 286/545/505 285/546/506
f 485/544/504 285/543/503 287/547/507 488/548/508
f 285/546/506 286/545/505 288/549/509 287/550/510
f 488/548/508 287/547/507 290/551/511 289/552/512
f 287/550/510 288/549/509 291/553/513 290/554/514
f 289/552/512 290/551/511 292/555/515 294/556/516
f 290/554/514 291/553/513 293/557/517 292/558/518
f 292/555/515 295/559/519 294/556/516
f 292/558/518 293/557/517 296/560/520 295/561/521
f 298/562/522 294/556/516 295/559/519 297/563/523
f 295/561/521 296/560/520 299/564/524 297/565/525
f 496/566/526 298/567/527 297/565/525 299/564/524
f 300/203/190 301/568/528 739/569/529 740/204/191
f 742/522/484 739/570/530 301/571/531 302/572/532
f 302/572/532 301/571/531 304/573/533 303/574/534
f 301/568/528 300/203/190 305/210/197 304/575/535
f 303/574/534 304/573/533 307/576/536 306/577/537
f 304/575/535 305/210/197 308/214/201 307/578/538
f 306/577/537 307/576/536 310/579/539 309/580/540
f 307/578/538 308/214/201 311/218/205 310/581/541
f 309/580/540 310/579/539 313/582/542 312/583/543
f 310/581/541 311/218/205 129/222/209 313/584/544
f 312/583/543 313/582/542 315/585/545 314/586/546
f 313/584/544 129/222/209 134/226/213 315/587/547
f 317/588/548 314/586/546 315/585/545 316/589/549
f 316/590/550 315/587/547 134/226/213
f 138/232/219 318/591/551 316/590/550 134/226/213
f 319/592/223 320/593/552 318/594/553 138/595/224
f 318/594/553 320/593/552 317/588/548 316/589/549
f 320/596/554 319/324/309 321/321/306 317/597/555
f 314/598/556 317/597/555 321/321/306
f 322/319/304 312/599/557 314/598/556 321/321/306
f 323/317/302 309/600/558 312/599/557 322/319/304
f 324/315/300 306/601/559 309/600/558 323/317/302
f 325/313/298 303/602/560 306/601/559 324/315/300
f 326/312/297 302/603/561 303/602/560 325/313/298
f 165/307/292 278/604/562 742/605/563 166/309/294
f 327/303/288 279/606/564 278/604/562 165/307/292
f 328/306/291 280/607/565 279/606/564 327/303/288
f 329/327/312 330/608/566 280/609/565 328/328/291
f 331/610/567 277/611/568 280/609/565 330/608/566
f 504/612/569 271/613/570 272/614/571 505/615/572
f 332/616/573 270/617/574 271/613/570 504/612/569
f 333/618/575 727/619/576 270/617/574 332/616/573
f 282/620/577 727/619/576 333/618/575 503/621/578
f 502/622/579 284/623/580 282/620/577 503/621/578
f 501/624/581 286/625/582 284/623/580 502/622/579
f 500/626/583 288/627/584 286/625/582 501/624/581
f 499/628/585 291/629/586 288/627/584 500/626/583
f 498/630/587 293/631/588 291/629/586 499/628/585
f 296/632/589 293/631/588 498/630/587
f 498/630/587 496/633/590 299/634/591 296/632/589
f 334/635/592 506/636/593 505/637/572 272/638/571
f 272/638/571 273/639/594 335/640/595 334/635/592
f 273/639/594 274/641/596 336/642/597 335/640/595
f 274/641/596 275/643/598 337/644/599 336/642/597
f 275/645/598 276/646/600 338/647/601 337/648/599
f 276/646/600 277/611/568 331/610/567 338/647/601
f 348/649/602 403/650/603 404/436/401 347/465/429
f 339/347/5 340/651/5 93/7/5
f 340/651/5 341/652/5 93/7/5
f 341/652/5 342/653/5 93/7/5
f 342/653/5 343/654/5 93/7/5
f 343/654/5 344/655/5 93/7/5
f 344/655/5 345/656/5 93/7/5
f 345/656/5 346/657/5 93/7/5
f 346/657/5 522/658/5 93/7/5
f 340/659/604 339/364/337 431/365/338 351/660/605
f 341/661/606 340/659/604 351/660/605 352/662/607
f 342/663/608 341/661/606 352/662/607 353/664/609
f 343/665/610 342/663/608 353/664/609 354/666/611
f 344/667/612 343/665/610 354/666/611 355/668/613
f 345/669/614 344/667/612 355/668/613 356/670/615
f 345/669/614 356/670/615 357/671/616 346/672/617
f 522/673/618 346/672/617 357/671/616 618/674/619
f 380/383/354 379/382/353 378/675/620 382/676/621
f 382/676/621 378/675/620 377/677/622 384/678/623
f 384/678/623 377/677/622 376/679/624 386/680/625
f 386/680/625 376/679/624 375/681/626 388/682/627
f 388/682/627 375/681/626 374/683/628 390/684/629
f 390/684/629 374/683/628 373/685/630 392/686/631
f 392/686/631 373/685/630 372/687/632 394/688/633
f 394/688/633 372/687/632 565/689/634 567/690/635
f 351/660/605 431/365/338 434/392/362 381/691/636
f 352/662/607 351/660/605 381/691/636 383/692/637
f 353/664/609 352/662/607 383/692/637 385/693/638
f 354/666/611 353/664/609 385/693/638 387/694/639
f 355/668/613 354/666/611 387/694/639 389/695/640
f 356/670/615 355/668/613 389/695/640 391/696/641
f 357/671/616 356/670/615 391/696/641 393/697/642
f 618/674/619 357/671/616 393/697/642 623/698/643
f 402/409/377 401/699/644 371/700/645 433/410/378
f 401/699/644 400/701/646 370/702/647 371/700/645
f 400/701/646 399/703/648 369/704/649 370/702/647
f 399/703/648 398/705/650 368/706/651 369/704/649
f 398/705/650 397/707/652 367/708/653 368/706/651
f 397/707/652 396/709/654 366/710/655 367/708/653
f 396/709/654 395/711/656 365/712/657 366/710/655
f 395/711/656 589/713/658 620/714/659 365/712/657
f 433/419/386 371/715/660 378/675/620 379/382/353
f 371/715/660 370/716/661 377/677/622 378/675/620
f 370/716/661 369/717/662 376/679/624 377/677/622
f 369/717/662 368/718/663 375/681/626 376/679/624
f 368/718/663 367/719/664 374/683/628 375/681/626
f 367/719/664 366/720/665 373/685/630 374/683/628
f 366/720/665 365/721/666 372/687/632 373/685/630
f 365/721/666 620/722/667 565/689/634 372/687/632
f 380/383/354 382/676/621 381/691/636 434/392/362
f 382/676/621 384/678/623 383/692/637 381/691/636
f 384/678/623 386/680/625 385/693/638 383/692/637
f 386/680/625 388/682/627 387/694/639 385/693/638
f 388/682/627 390/684/629 389/695/640 387/694/639
f 390/684/629 392/686/631 391/696/641 389/695/640
f 394/688/633 393/697/642 391/696/641 392/686/631
f 394/688/633 567/690/635 623/698/643 393/697/642
f 432/428/394 364/723/668 401/699/644 402/409/377
f 364/723/668 363/724/669 400/701/646 401/699/644
f 363/724/669 362/725/670 399/703/648 400/701/646
f 362/725/670 361/726/671 398/705/650 399/703/648
f 361/726/671 360/727/672 397/707/652 398/705/650
f 360/727/672 359/728/673 396/709/654 397/707/652
f 359/728/673 358/729/674 395/711/656 396/709/654
f 358/729/674 619/730/675 589/713/658 395/711/656
f 403/650/603 364/723/668 432/428/394 404/436/401
f 405/731/676 363/724/669 364/723/668 403/650/603
f 362/725/670 363/724/669 405/731/676 411/732/677
f 361/726/671 362/725/670 411/732/677 423/733/678
f 360/727/672 361/726/671 423/733/678 426/734/679
f 359/728/673 360/727/672 426/734/679 428/735/680
f 358/729/674 359/728/673 428/735/680 419/736/681
f 619/730/675 358/729/674 419/736/681 591/737/682
f 406/738/683 435/739/684 403/650/603
f 406/738/683 403/650/603 348/649/602
f 349/740/685 405/731/676 407/741/686
f 408/742/687 405/731/676 349/740/685
f 409/743/688 411/732/677 405/731/676 408/742/687
f 350/744/689 411/732/677 409/743/688
f 412/745/690 423/733/678 722/746/691
f 410/747/692 411/732/677 429/748/693
f 413/749/694 426/734/679 423/733/678 714/750/695
f 414/751/696 426/734/679 424/752/697
f 428/735/680 426/734/679 425/753/698 415/754/699
f 416/755/700 428/735/680 718/756/701
f 417/757/702 419/736/681 428/735/680 427/758/703
f 418/759/704 419/736/681 711/760/705
f 428/735/680 415/754/699 420/761/706
f 423/733/678 430/762/707 421/763/708
f 423/733/678 412/745/690 422/764/709
f 426/734/679 413/749/694 424/752/697
f 426/734/679 414/751/696 425/753/698
f 428/735/680 416/755/700 427/758/703
f 411/732/677 350/744/689 429/748/693
f 411/732/677 410/747/692 430/762/707 423/733/678
f 591/737/682 419/736/681 418/759/704 530/765/710
f 407/741/686 405/731/676 403/650/603 435/739/684
f 436/766/711 530/765/710 418/759/704
f 437/767/712 633/768/713 530/765/710 436/766/711
f 438/769/714 633/768/713 437/767/712
f 745/770/715 633/768/713 438/769/714 439/771/716
f 730/772/717 752/773/718 744/774/719
f 440/775/720 348/649/602 347/465/429
f 263/468/432 441/776/721 440/775/720 347/465/429
f 442/777/722 441/776/721 263/468/432
f 443/470/434 444/778/723 442/777/722 263/468/432
f 444/778/723 759/779/724 743/780/725
f 446/781/726 445/782/727 439/783/728 438/784/729
f 439/783/728 445/782/727 744/785/730
f 438/784/729 437/786/731 446/781/726
f 437/786/731 436/787/732 447/788/733 446/781/726
f 436/787/732 418/789/734 448/790/735 447/788/733
f 418/791/734 711/792/736 448/793/735
f 417/794/737 427/795/738 449/796/739 448/793/735
f 427/795/738 416/797/740 449/796/739
f 416/797/740 718/798/741 449/796/739
f 420/799/742 415/800/743 449/796/739
f 415/800/743 425/801/744 450/802/745 449/796/739
f 425/801/744 414/803/746 450/802/745
f 414/803/746 424/804/747 450/802/745
f 424/804/747 413/805/748 450/802/745
f 413/805/748 714/806/749 451/807/750 450/802/745
f 422/808/751 412/809/752 451/807/750
f 412/809/752 722/810/753 451/807/750
f 421/811/754 430/812/755 451/807/750
f 451/807/750 430/812/755 410/813/756 452/814/757
f 410/813/756 429/815/758 452/814/757
f 429/815/758 350/816/759 452/814/757
f 350/816/759 409/817/760 452/814/757
f 409/817/760 408/818/761 453/819/762 452/814/757
f 408/818/761 349/820/763 453/819/762
f 349/820/763 407/821/764 453/819/762
f 407/821/764 435/822/765 456/823/766 453/819/762
f 444/824/767 743/825/768 726/826/769
f 454/827/770 442/828/771 444/824/767 726/826/769
f 441/829/772 442/828/771 454/827/770
f 455/830/773 440/831/774 441/829/772 454/827/770
f 348/832/775 440/831/774 455/830/773
f 456/833/766 406/834/776 348/832/775 455/830/773
f 456/823/766 435/822/765 406/835/776
f 458/836/777 729/837/778 730/772/717 457/838/779
f 457/839/780 730/840/781 445/782/727 459/841/782
f 458/836/777 457/838/779 461/842/783 460/843/784
f 457/839/780 459/841/782 462/844/785 461/845/786
f 460/843/784 461/842/783 463/846/787 675/847/788
f 461/845/786 462/844/785 464/848/789 463/849/790
f 675/847/788 463/846/787 466/850/791 465/851/792
f 463/849/790 464/848/789 467/852/793 466/853/794
f 465/851/792 466/850/791 468/854/795 680/855/796
f 466/853/794 467/852/793 469/856/797 468/857/798
f 680/855/796 468/854/795 470/858/799 683/859/800
f 468/857/798 469/856/797 471/860/801 470/861/802
f 470/858/799 472/862/803 683/859/800
f 470/861/802 471/860/801 473/863/804 472/864/805
f 686/865/806 683/859/800 472/862/803 474/866/807
f 472/864/805 473/863/804 475/867/808 474/868/809
f 476/869/810 686/870/811 474/868/809 475/867/808
f 477/532/492 478/871/812 725/872/813 724/533/493
f 726/826/769 725/873/814 478/874/815 479/875/816
f 479/875/816 478/874/815 481/876/817 480/877/818
f 478/871/812 477/532/492 482/540/500 481/878/819
f 480/877/818 481/876/817 484/879/820 483/880/821
f 481/878/819 482/540/500 485/544/504 484/881/822
f 483/880/821 484/879/820 487/882/823 486/883/824
f 484/881/822 485/544/504 488/548/508 487/884/825
f 486/883/824 487/882/823 490/885/826 489/886/827
f 487/884/825 488/548/508 289/552/512 490/887/828
f 489/886/827 490/885/826 492/888/829 491/889/830
f 490/887/828 289/552/512 294/556/516 492/890/831
f 494/891/832 491/889/830 492/888/829 493/892/833
f 493/893/834 492/890/831 294/556/516
f 298/562/522 495/894/835 493/893/834 294/556/516
f 496/895/526 497/896/836 495/897/837 298/898/527
f 495/897/837 497/896/836 494/891/832 493/892/833
f 497/899/838 496/633/590 498/630/587 494/900/839
f 491/901/840 494/900/839 498/630/587
f 499/628/585 489/902/841 491/901/840 498/630/587
f 500/626/583 486/903/842 489/902/841 499/628/585
f 501/624/581 483/904/843 486/903/842 500/626/583
f 502/622/579 480/905/844 483/904/843 501/624/581
f 503/621/578 479/906/845 480/905/844 502/622/579
f 332/616/573 454/907/846 726/908/847 333/618/575
f 504/612/569 455/909/848 454/907/846 332/616/573
f 505/615/572 456/910/849 455/909/848 504/612/569
f 506/636/593 507/911/850 456/912/849 505/637/572
f 508/913/851 453/914/852 456/912/849 507/911/850
f 690/915/853 447/916/854 448/917/855 509/918/856
f 689/919/857 446/920/858 447/916/854 690/915/853
f 731/921/859 445/922/860 446/920/858 689/919/857
f 459/923/861 445/922/860 731/921/859 510/924/862
f 511/925/863 462/926/864 459/923/861 510/924/862
f 512/927/865 464/928/866 462/926/864 511/925/863
f 513/929/867 467/930/868 464/928/866 512/927/865
f 514/931/869 469/932/870 467/930/868 513/929/867
f 515/933/871 471/934/872 469/932/870 514/931/869
f 473/935/873 471/934/872 515/933/871
f 515/933/871 476/936/874 475/937/875 473/935/873
f 516/938/876 691/939/877 509/940/856 448/941/855
f 448/941/855 449/942/878 517/943/879 516/938/876
f 449/942/878 450/944/880 518/945/881 517/943/879
f 450/944/880 451/946/882 519/947/883 518/945/881
f 451/946/882 452/948/884 520/949/885 519/947/883
f 452/948/884 453/914/852 508/913/851 520/949/885
f 531/950/886 590/951/887 591/737/682 530/765/710
f 522/658/5 523/952/5 93/7/5
f 523/952/5 524/953/5 93/7/5
f 524/953/5 525/954/5 93/7/5
f 525/954/5 526/955/5 93/7/5
f 526/955/5 527/956/5 93/7/5
f 527/956/5 528/957/5 93/7/5
f 528/957/5 529/958/5 93/7/5
f 529/958/5 521/5/5 93/7/5
f 523/959/888 522/673/618 618/674/619 535/960/889
f 524/961/890 523/959/888 535/960/889 536/962/891
f 525/963/892 524/961/890 536/962/891 537/964/893
f 526/965/894 525/963/892 537/964/893 538/966/895
f 527/967/896 526/968/894 538/969/895 539/970/897
f 528/971/898 527/967/896 539/970/897 540/972/899
f 528/971/898 540/972/899 541/973/900 529/974/901
f 521/16/7 529/974/901 541/973/900 534/17/8
f 567/690/635 565/689/634 564/975/902 569/976/903
f 569/976/903 564/975/902 563/977/904 571/978/905
f 571/978/905 563/977/904 562/979/906 573/980/907
f 573/980/907 562/979/906 561/981/908 575/982/909
f 575/983/909 561/984/908 560/985/910 577/986/911
f 577/986/911 560/985/910 559/987/912 579/988/913
f 579/988/913 559/987/912 558/989/914 581/990/915
f 581/990/915 558/989/914 621/34/25 622/33/24
f 535/960/889 618/674/619 623/698/643 568/991/916
f 536/962/891 535/960/889 568/991/916 570/992/917
f 537/964/893 536/962/891 570/992/917 572/993/918
f 538/966/895 537/964/893 572/993/918 574/994/919
f 539/970/897 538/969/895 574/995/919 576/996/920
f 540/972/899 539/970/897 576/996/920 578/997/921
f 541/973/900 540/972/899 578/997/921 580/998/922
f 534/17/8 541/973/900 580/998/922 566/51/42
f 589/713/658 588/999/923 557/1000/924 620/714/659
f 588/999/923 587/1001/925 556/1002/926 557/1000/924
f 587/1001/925 586/1003/927 555/1004/928 556/1002/926
f 586/1003/927 585/1005/929 554/1006/930 555/1004/928
f 585/1007/929 584/1008/931 553/1009/932 554/1010/930
f 584/1008/931 583/1011/933 552/1012/934 553/1009/932
f 583/1011/933 582/1013/935 551/1014/936 552/1012/934
f 582/1013/935 624/60/51 550/63/54 551/1014/936
f 620/722/667 557/1015/937 564/975/902 565/689/634
f 557/1015/937 556/1016/938 563/977/904 564/975/902
f 556/1016/938 555/1017/939 562/979/906 563/977/904
f 555/1017/939 554/1018/940 561/981/908 562/979/906
f 554/1019/940 553/1020/941 560/985/910 561/984/908
f 553/1020/941 552/1021/942 559/987/912 560/985/910
f 552/1021/942 551/1022/943 558/989/914 559/987/912
f 551/1022/943 550/78/69 621/34/25 558/989/914
f 567/690/635 569/976/903 568/991/916 623/698/643
f 569/976/903 571/978/905 570/992/917 568/991/916
f 571/978/905 573/980/907 572/993/918 570/992/917
f 573/980/907 575/982/909 574/994/919 572/993/918
f 575/983/909 577/986/911 576/996/920 574/995/919
f 577/986/911 579/988/913 578/997/921 576/996/920
f 581/990/915 580/998/922 578/997/921 579/988/913
f 581/990/915 622/33/24 566/51/42 580/998/922
f 619/730/675 549/1023/944 588/999/923 589/713/658
f 549/1023/944 548/1024/945 587/1001/925 588/999/923
f 548/1024/945 547/1025/946 586/1003/927 587/1001/925
f 547/1025/946 546/1026/947 585/1005/929 586/1003/927
f 546/1027/947 545/1028/948 584/1008/931 585/1007/929
f 545/1028/948 544/1029/949 583/1011/933 584/1008/931
f 544/1029/949 543/1030/950 582/1013/935 583/1011/933
f 543/1030/950 542/87/78 624/60/51 582/1013/935
f 590/951/887 549/1023/944 619/730/675 591/737/682
f 592/1031/951 548/1024/945 549/1023/944 590/951/887
f 547/1025/946 548/1024/945 592/1031/951 598/1032/952
f 546/1026/947 547/1025/946 598/1032/952 610/1033/953
f 545/1028/948 546/1027/947 610/1034/953 613/1035/954
f 544/1029/949 545/1028/948 613/1035/954 615/1036/955
f 543/1030/950 544/1029/949 615/1036/955 606/1037/956
f 542/87/78 543/1030/950 606/1037/956 625/3/3
f 593/1038/957 626/1039/958 590/951/887
f 593/1038/957 590/951/887 531/950/886
f 532/1040/959 592/1031/951 594/1041/960
f 595/1042/961 592/1031/951 532/1040/959
f 596/1043/962 598/1032/952 592/1031/951 595/1042/961
f 533/1044/963 598/1032/952 596/1043/962
f 599/1045/964 610/1033/953 723/1046/965
f 597/1047/966 598/1032/952 616/1048/967
f 600/1049/968 613/1035/954 610/1034/953 713/1050/969
f 601/1051/970 613/1035/954 611/1052/971
f 615/1036/955 613/1035/954 612/1053/972 602/1054/973
f 603/1055/974 615/1036/955 719/1056/975
f 604/1057/976 606/1037/956 615/1036/955 614/1058/977
f 605/1059/978 606/1037/956 710/1060/979
f 615/1036/955 602/1054/973 607/1061/980
f 610/1033/953 617/1062/981 608/1063/982
f 610/1034/953 599/1064/964 609/1065/983
f 613/1035/954 600/1049/968 611/1052/971
f 613/1035/954 601/1051/970 612/1053/972
f 615/1036/955 603/1055/974 614/1058/977
f 598/1032/952 533/1044/963 616/1048/967
f 598/1032/952 597/1047/966 617/1062/981 610/1033/953
f 625/3/3 606/1037/956 605/1059/978 9/4/4
f 594/1041/960 592/1031/951 590/951/887 626/1039/958
f 627/1066/984 9/4/4 605/1059/978
f 628/1067/985 105/141/132 9/4/4 627/1066/984
f 629/1068/986 105/141/132 628/1067/985
f 631/144/135 105/141/132 629/1068/986 630/1069/987
f 735/1070/988 755/1071/989 748/1072/990
f 632/1073/991 531/950/886 530/765/710
f 633/768/713 634/1074/992 632/1073/991 530/765/710
f 635/1075/993 634/1074/992 633/768/713
f 745/770/715 636/1076/994 635/1075/993 633/768/713
f 636/1076/994 753/1077/995 746/1078/996
f 638/1079/997 637/1080/998 630/1081/999 629/1082/1000
f 630/1081/999 637/1080/998 748/1083/1001
f 629/1082/1000 628/1084/1002 638/1079/997
f 628/1084/1002 627/1085/1003 639/1086/1004 638/1079/997
f 627/1085/1003 605/1087/1005 640/1088/1006 639/1086/1004
f 605/1089/1005 710/1090/1007 640/1091/1006
f 604/1092/1008 614/1093/1009 641/1094/1010 640/1091/1006
f 614/1093/1009 603/1095/1011 641/1094/1010
f 603/1095/1011 719/1096/1012 641/1094/1010
f 607/1097/1013 602/1098/1014 641/1094/1010
f 602/1098/1014 612/1099/1015 642/1100/1016 641/1094/1010
f 612/1099/1015 601/1101/1017 642/1100/1016
f 601/1101/1017 611/1102/1018 642/1100/1016
f 611/1102/1018 600/1103/1019 642/1100/1016
f 600/1103/1019 713/1104/1020 643/1105/1021 642/1100/1016
f 609/1106/1022 599/1107/1023 643/1105/1021
f 599/1107/1023 723/1108/1024 643/1105/1021
f 608/1109/1025 617/1110/1026 643/1105/1021
f 643/1105/1021 617/1110/1026 597/1111/1027 644/1112/1028
f 597/1111/1027 616/1113/1029 644/1112/1028
f 616/1113/1029 533/1114/1030 644/1112/1028
f 533/1114/1030 596/1115/1031 644/1112/1028
f 596/1115/1031 595/1116/1032 645/1117/1033 644/1112/1028
f 595/1116/1032 532/1118/1034 645/1117/1033
f 532/1118/1034 594/1119/1035 645/1117/1033
f 594/1119/1035 626/1120/1036 648/1121/1037 645/1117/1033
f 636/1122/1038 746/1123/1039 732/1124/1040
f 646/1125/1041 635/1126/1042 636/1122/1038 732/1124/1040
f 634/1127/1043 635/1126/1042 646/1125/1041
f 647/1128/1044 632/1129/1045 634/1127/1043 646/1125/1041
f 531/1130/1046 632/1129/1045 647/1128/1044
f 648/1131/1037 593/1132/1047 531/1130/1046 647/1128/1044
f 648/1121/1037 626/1120/1036 593/1133/1047
f 649/1134/1048 650/238/225 734/241/228 735/1070/988
f 649/1135/1049 735/1136/1050 637/1080/998 651/1137/1051
f 650/238/225 649/1134/1048 653/1138/1052 652/247/234
f 649/1135/1049 651/1137/1051 654/1139/1053 653/1140/1054
f 652/247/234 653/1138/1052 655/1141/1055 146/251/238
f 653/1140/1054 654/1139/1053 656/1142/1056 655/1143/1057
f 146/251/238 655/1141/1055 658/1144/1058 657/255/242
f 655/1143/1057 656/1142/1056 659/1145/1059 658/1146/1060
f 657/255/242 658/1144/1058 660/1147/1061 151/259/246
f 658/1146/1060 659/1145/1059 661/1148/1062 660/1149/1063
f 151/259/246 660/1147/1061 662/1150/1064 154/263/250
f 660/1149/1063 661/1148/1062 663/1151/1065 662/1152/1066
f 662/1150/1064 664/1153/1067 154/263/250
f 662/1152/1066 663/1151/1065 665/1154/1068 664/1155/1069
f 157/268/255 154/263/250 664/1153/1067 666/1156/1070
f 664/1155/1069 665/1154/1068 667/1157/1071 666/1158/1072
f 668/1159/257 157/1160/260 666/1158/1072 667/1157/1071
f 458/836/777 669/1161/1073 733/1162/1074 729/837/778
f 732/1124/1040 733/1163/1075 669/1164/1076 670/1165/1077
f 670/1165/1077 669/1164/1076 672/1166/1078 671/1167/1079
f 669/1161/1073 458/836/777 460/843/784 672/1168/1080
f 671/1167/1079 672/1166/1078 674/1169/1081 673/1170/1082
f 672/1168/1080 460/843/784 675/847/788 674/1171/1083
f 673/1170/1082 674/1169/1081 677/1172/1084 676/1173/1085
f 674/1171/1083 675/847/788 465/851/792 677/1174/1086
f 676/1173/1085 677/1172/1084 679/1175/1087 678/1176/1088
f 677/1174/1086 465/851/792 680/855/796 679/1177/1089
f 678/1176/1088 679/1175/1087 682/1178/1090 681/1179/1091
f 679/1177/1089 680/855/796 683/859/800 682/1180/1092
f 685/1181/1093 681/1179/1091 682/1178/1090 684/1182/1094
f 684/1183/1095 682/1180/1092 683/859/800
f 686/865/806 687/1184/1096 684/1183/1095 683/859/800
f 476/1185/810 688/1186/1097 687/1187/1098 686/1188/811
f 687/1187/1098 688/1186/1097 685/1181/1093 684/1182/1094
f 688/1189/1099 476/936/874 515/933/871 685/1190/1100
f 681/1191/1101 685/1190/1100 515/933/871
f 514/931/869 678/1192/1102 681/1191/1101 515/933/871
f 513/929/867 676/1193/1103 678/1192/1102 514/931/869
f 512/927/865 673/1194/1104 676/1193/1103 513/929/867
f 511/925/863 671/1195/1105 673/1194/1104 512/927/865
f 510/924/862 670/1196/1106 671/1195/1105 511/925/863
f 689/919/857 646/1197/1107 732/1198/1108 731/921/859
f 690/915/853 647/1199/1109 646/1197/1107 689/919/857
f 509/918/856 648/1200/1110 647/1199/1109 690/915/853
f 691/939/877 692/1201/1111 648/1202/1110 509/940/856
f 693/1203/1112 645/1204/1113 648/1202/1110 692/1201/1111
f 161/293/280 639/1205/1114 640/1206/1115 694/295/282
f 160/289/276 638/1207/1116 639/1205/1114 161/293/280
f 736/292/279 637/1208/1117 638/1207/1116 160/289/276
f 651/1209/1118 637/1208/1117 736/292/279 695/287/274
f 696/285/272 654/1210/1119 651/1209/1118 695/287/274
f 697/283/270 656/1211/1120 654/1210/1119 696/285/272
f 698/281/268 659/1212/1121 656/1211/1120 697/283/270
f 699/279/266 661/1213/1122 659/1212/1121 698/281/268
f 700/276/263 663/1214/1123 661/1213/1122 699/279/266
f 665/1215/1124 663/1214/1123 700/276/263
f 700/276/263 668/275/262 667/1216/1125 665/1215/1124
f 701/1217/1126 162/297/284 694/300/282 640/1218/1115
f 640/1218/1115 641/1219/1127 702/1220/1128 701/1217/1126
f 641/1219/1127 642/1221/1129 703/1222/1130 702/1220/1128
f 642/1221/1129 643/1223/1131 704/1224/1132 703/1222/1130
f 643/1225/1131 644/1226/1133 705/1227/1134 704/1228/1132
f 644/1226/1133 645/1204/1113 693/1203/1112 705/1227/1134
f 163/1229/1135 162/1230/1136 706/1231/1137
f 164/1232/1138 163/1229/1135 706/1231/1137
f 329/1233/1139 167/1234/1140 706/1231/1137
f 167/1234/1140 168/1235/1141 706/1231/1137
f 168/1235/1141 169/1236/1142 706/1231/1137
f 169/1236/1142 170/1237/1143 706/1231/1137
f 170/1237/1143 171/1238/1144 706/1231/1137
f 171/1238/1144 164/1232/1138 706/1231/1137
f 330/1239/1145 329/1233/1139 706/1231/1137
f 331/1240/1146 330/1239/1145 706/1231/1137
f 506/1241/1147 334/1242/1148 706/1231/1137
f 334/1242/1148 335/1243/1149 706/1231/1137
f 335/1243/1149 336/1244/1150 706/1231/1137
f 336/1244/1150 337/1245/1151 708/1246/1152 706/1231/1137
f 338/1247/1153 706/1231/1137 708/1246/1152 337/1245/1151
f 338/1247/1153 331/1240/1146 706/1231/1137
f 507/1248/1154 506/1241/1147 706/1231/1137
f 508/1249/1155 507/1248/1154 706/1231/1137
f 691/1250/1156 516/1251/1157 706/1231/1137
f 516/1251/1157 517/1252/1158 706/1231/1137
f 517/1252/1158 518/1253/1159 706/1231/1137
f 518/1253/1159 519/1254/1160 706/1231/1137
f 519/1254/1160 520/1255/1161 706/1231/1137
f 520/1255/1161 508/1249/1155 706/1231/1137
f 692/1256/1162 691/1250/1156 706/1231/1137
f 693/1257/1163 692/1256/1162 706/1231/1137
f 162/1230/1136 701/1258/1164 706/1231/1137
f 701/1258/1164 702/1259/1165 706/1231/1137
f 702/1259/1165 703/1260/1166 706/1231/1137
f 703/1260/1166 704/1261/1167 706/1231/1137
f 704/1261/1167 705/1262/1168 706/1231/1137
f 705/1262/1168 693/1257/1163 706/1231/1137
f 247/435/400 245/456/421 707/459/424
f 707/488/451 245/490/452 272/489/450
f 81/101/92 79/122/113 709/125/116
f 709/159/149 79/161/150 112/160/148
f 606/1037/956 604/1057/976 710/1060/979
f 710/1090/1007 604/1092/1008 640/1091/1006
f 419/736/681 417/757/702 711/760/705
f 711/792/736 417/794/737 448/793/735
f 85/98/89 84/129/120 712/115/106
f 712/173/162 84/175/164 115/174/163
f 610/1034/953 609/1065/983 713/1050/969
f 713/1104/1020 609/1106/1022 643/1105/1021
f 423/733/678 422/764/709 714/750/695
f 714/806/749 422/808/751 451/807/750
f 251/432/397 250/463/428 715/449/414
f 715/502/464 250/504/466 275/503/465
f 90/100/91 82/126/117 716/121/112
f 716/165/154 82/166/155 113/163/152
f 256/434/399 248/460/425 717/455/420
f 717/494/456 248/495/457 273/492/454
f 428/735/680 420/761/706 718/756/701
f 718/798/741 420/799/742 449/796/739
f 615/1036/955 607/1061/980 719/1056/975
f 719/1096/1012 607/1097/1013 641/1094/1010
f 85/98/89 83/128/119 720/111/102
f 720/177/166 83/178/167 115/174/163
f 251/432/397 249/462/427 721/445/410
f 721/506/468 249/507/469 275/503/465
f 423/733/678 421/763/708 722/746/691
f 722/810/753 421/811/754 451/807/750
f 610/1033/953 608/1063/982 723/1046/965
f 723/1108/1024 608/1109/1025 643/1105/1021
f 479/906/845 503/621/578 333/618/575 726/908/847
f 670/1196/1106 510/924/862 731/921/859 732/1198/1108
f 141/288/275 695/287/274 736/292/279 737/291/278
f 302/603/561 326/312/297 166/309/294 742/605/563
f 743/825/768 725/873/814 726/826/769
f 745/770/715 439/771/716 752/773/718
f 445/782/727 730/840/781 744/785/730
f 745/770/715 729/837/778 753/1077/995
f 746/1123/1039 733/1163/1075 732/1124/1040
f 747/192/181 738/242/229 737/193/182
f 637/1080/998 735/1136/1050 748/1083/1001
f 109/149/140 741/207/194 750/152/143
f 749/521/483 739/570/530 742/522/484
f 727/479/443 728/537/497 751/1263/1169
f 264/480/444 727/479/443 751/1263/1169
f 443/470/434 758/1264/1170 724/533/493
f 751/1265/1171 758/1264/1170 264/471/435
f 729/837/778 745/770/715 752/773/718
f 729/837/778 733/1162/1074 753/1077/995
f 734/241/228 738/240/227 754/146/137
f 734/241/228 631/144/135 755/1071/989
f 631/144/135 630/1069/987 755/1071/989
f 631/144/135 734/241/228 754/146/137
f 740/204/191 268/135/126 756/138/129
f 268/135/126 103/136/127 756/138/129
f 268/135/126 740/204/191 757/476/440
f 740/204/191 739/569/529 757/476/440
f 758/1264/1170 728/534/494 724/533/493
f 443/470/434 724/533/493 759/779/724
f 724/533/493 725/872/813 759/779/724
f 730/772/717 729/837/778 752/773/718
f 439/771/716 744/774/719 752/773/718
f 733/1162/1074 746/1078/996 753/1077/995
f 636/1076/994 745/770/715 753/1077/995
f 735/1070/988 734/241/228 755/1071/989
f 630/1069/987 748/1072/990 755/1071/989
f 108/145/136 631/144/135 754/146/137
f 738/240/227 747/147/138 754/146/137
f 741/137/128 740/204/191 756/138/129
f 103/136/127 750/139/130 756/138/129
f 269/475/439 268/135/126 757/476/440
f 739/569/529 749/477/441 757/476/440
f 758/1264/1170 443/470/434 264/471/435
f 758/1264/1170 751/1265/1171 728/534/494
f 444/778/723 443/470/434 759/779/724
f 725/872/813 743/780/725 759/779/724
