# Blender 5.1.1
# www.blender.org
mtllib candleholder.mtl
o brass_candleholder_02
v -0.109225 0.186843 0.000023
v -0.108830 0.186844 -0.001450
v -0.106278 0.186849 -0.002923
v -0.103727 0.186854 -0.001450
v -0.108304 0.181506 0.000023
v -0.107936 0.181647 -0.001450
v -0.105552 0.182558 -0.002923
v -0.103168 0.183468 -0.001450
v -0.105727 0.177400 0.000023
v -0.105438 0.177669 -0.001450
v -0.103574 0.179412 -0.002923
v -0.101710 0.181155 -0.001450
v -0.101997 0.174655 0.000023
v -0.101812 0.175004 -0.001450
v -0.100620 0.177261 -0.002923
v -0.099427 0.179518 -0.001450
v -0.097684 0.173094 0.000023
v -0.097587 0.173477 -0.001450
v -0.096964 0.175952 -0.002923
v -0.096340 0.178427 -0.001450
v -0.096244 0.178810 0.000023
v -0.093129 0.172397 0.000023
v -0.093096 0.172790 -0.001450
v -0.092881 0.175334 -0.002923
v -0.092665 0.177877 -0.001450
v -0.092632 0.178271 0.000023
v -0.088447 0.172314 0.000023
v -0.088474 0.172708 -0.001450
v -0.088645 0.175255 -0.002923
v -0.088817 0.177802 -0.001450
v -0.088844 0.178196 0.000023
v -0.082704 0.173210 0.000023
v -0.082808 0.173591 -0.001450
v -0.083478 0.176054 -0.002923
v -0.084147 0.178517 -0.001450
v -0.084251 0.178898 0.000023
v -0.077510 0.175264 0.000023
v -0.077686 0.175617 -0.001450
v -0.078827 0.177900 -0.002923
v -0.079968 0.180184 -0.001450
v -0.080145 0.180537 0.000023
v -0.072897 0.178083 0.000023
v -0.073121 0.178408 -0.001450
v -0.074570 0.180509 -0.002923
v -0.076018 0.182610 -0.001450
v -0.076243 0.182935 0.000023
v -0.070610 0.179911 -0.000298
v -0.069732 0.181973 -0.001476
v -0.070581 0.183595 -0.002923
v -0.072189 0.185577 -0.001450
v -0.072438 0.185883 0.000023
v -0.064041 0.185724 -0.001915
v -0.066736 0.186874 -0.002923
v -0.068381 0.188826 -0.001450
v -0.068635 0.188858 0.000023
v -0.063443 0.189944 -0.001881
v -0.067210 0.189634 -0.001973
v -0.067210 0.189634 0.000000
v -0.093672 0.181623 0.000023
v -0.097786 0.182241 0.000023
v -0.100769 0.184127 0.000023
v -0.103170 0.186854 0.000023
v -0.095078 0.179702 0.000023
v -0.093672 0.181623 -0.001493
v -0.097786 0.182241 -0.001493
v -0.100769 0.184127 -0.001493
v -0.095078 0.179702 -0.001493
v -0.108830 0.186844 0.001496
v -0.106278 0.186849 0.002969
v -0.103727 0.186854 0.001496
v -0.107936 0.181647 0.001496
v -0.105552 0.182558 0.002969
v -0.103168 0.183468 0.001496
v -0.105438 0.177669 0.001496
v -0.103574 0.179412 0.002969
v -0.101710 0.181155 0.001496
v -0.101812 0.175004 0.001496
v -0.100620 0.177261 0.002969
v -0.099427 0.179518 0.001496
v -0.097587 0.173477 0.001496
v -0.096964 0.175952 0.002969
v -0.096340 0.178427 0.001496
v -0.093096 0.172790 0.001496
v -0.092881 0.175334 0.002969
v -0.092665 0.177877 0.001496
v -0.088474 0.172708 0.001496
v -0.088645 0.175255 0.002969
v -0.088817 0.177802 0.001496
v -0.082808 0.173591 0.001496
v -0.083478 0.176054 0.002969
v -0.084147 0.178517 0.001496
v -0.077686 0.175617 0.001496
v -0.078827 0.177900 0.002969
v -0.079968 0.180184 0.001496
v -0.073121 0.178408 0.001496
v -0.074570 0.180509 0.002969
v -0.076018 0.182610 0.001496
v -0.069732 0.181973 0.001470
v -0.070581 0.183595 0.002969
v -0.072189 0.185577 0.001496
v -0.064041 0.185724 0.001915
v -0.066736 0.186874 0.002969
v -0.068381 0.188826 0.001496
v -0.063443 0.189944 0.001881
v -0.067210 0.189634 0.001973
v -0.093672 0.181623 0.001539
v -0.097786 0.182241 0.001539
v -0.100769 0.184127 0.001539
v -0.095078 0.179702 0.001539
v -0.051937 0.176801 -0.001721
v -0.052359 0.176986 -0.000003
v -0.051937 0.176801 0.001716
v -0.049211 0.175605 0.003434
v -0.046486 0.174408 0.001716
v -0.045965 0.174213 -0.000003
v -0.046486 0.174408 -0.001721
v -0.049211 0.175605 -0.003440
v -0.049210 0.179351 -0.001476
v -0.049445 0.179669 -0.000003
v -0.049210 0.179351 0.001470
v -0.047693 0.177299 0.002944
v -0.046175 0.175247 0.001470
v -0.045941 0.174929 -0.000003
v -0.046175 0.175247 -0.001476
v -0.047693 0.177299 -0.002949
v -0.045977 0.180551 -0.001476
v -0.046004 0.180945 -0.000003
v -0.045977 0.180551 0.001470
v -0.045802 0.178005 0.002944
v -0.045627 0.175458 0.001470
v -0.045600 0.175064 -0.000003
v -0.045627 0.175458 -0.001476
v -0.045802 0.178005 -0.002949
v -0.042833 0.180107 -0.001476
v -0.042707 0.180481 -0.000003
v -0.042833 0.180107 0.001470
v -0.043647 0.177688 0.002944
v -0.044460 0.175268 0.001470
v -0.044586 0.174894 -0.000003
v -0.044460 0.175268 -0.001476
v -0.043647 0.177688 -0.002949
v -0.040094 0.178608 -0.001476
v -0.039851 0.178919 -0.000003
v -0.040094 0.178608 0.001470
v -0.041669 0.176599 0.002944
v -0.043243 0.174591 0.001470
v -0.043487 0.174280 -0.000003
v -0.043243 0.174591 -0.001476
v -0.041669 0.176599 -0.002949
v -0.037959 0.176279 -0.001476
v -0.037627 0.176493 -0.000003
v -0.037959 0.176279 0.001470
v -0.040104 0.174897 0.002944
v -0.042249 0.173514 0.001470
v -0.042581 0.173300 -0.000003
v -0.042249 0.173514 -0.001476
v -0.040104 0.174897 -0.002949
v -0.036698 0.173295 -0.001476
v -0.036313 0.173381 -0.000003
v -0.036698 0.173295 0.001470
v -0.039188 0.172736 0.002944
v -0.041677 0.172178 0.001470
v -0.042063 0.172091 -0.000003
v -0.041677 0.172178 -0.001476
v -0.039188 0.172736 -0.002949
v -0.036515 0.168642 -0.001476
v -0.036124 0.168585 -0.000003
v -0.036515 0.168642 0.001470
v -0.039039 0.169012 0.002944
v -0.041564 0.169382 0.001470
v -0.041955 0.169439 -0.000003
v -0.041564 0.169382 -0.001476
v -0.039039 0.169012 -0.002949
v -0.037968 0.164400 -0.001476
v -0.037624 0.164207 -0.000003
v -0.037968 0.164400 0.001470
v -0.040192 0.165652 0.002944
v -0.042415 0.166903 0.001470
v -0.042759 0.167097 -0.000003
v -0.042415 0.166903 -0.001476
v -0.040192 0.165652 -0.002949
v -0.040852 0.160925 -0.001476
v -0.040596 0.160625 -0.000003
v -0.040852 0.160925 0.001470
v -0.042511 0.162866 0.002944
v -0.044169 0.164806 0.001470
v -0.044425 0.165106 -0.000003
v -0.044169 0.164806 -0.001476
v -0.042511 0.162866 -0.002949
v -0.044903 0.158497 -0.001476
v -0.044754 0.158131 -0.000003
v -0.044903 0.158497 0.001470
v -0.045863 0.160862 0.002944
v -0.046824 0.163227 0.001470
v -0.046972 0.163593 -0.000003
v -0.046824 0.163227 -0.001476
v -0.045863 0.160862 -0.002949
v -0.049867 0.157310 -0.001476
v -0.049828 0.156917 -0.000003
v -0.049867 0.157310 0.001470
v -0.050116 0.159851 0.002944
v -0.050365 0.162392 0.001470
v -0.050403 0.162785 -0.000003
v -0.050365 0.162392 -0.001476
v -0.050116 0.159851 -0.002949
v -0.055586 0.157529 -0.001476
v -0.055656 0.157140 -0.000003
v -0.055586 0.157529 0.001470
v -0.055135 0.160041 0.002944
v -0.054685 0.162554 0.001470
v -0.054615 0.162943 -0.000003
v -0.054685 0.162554 -0.001476
v -0.055135 0.160041 -0.002949
v -0.060510 0.159153 -0.001476
v -0.060690 0.158802 -0.000003
v -0.060510 0.159153 0.001470
v -0.059346 0.161425 0.002944
v -0.058182 0.163696 0.001470
v -0.058002 0.164048 -0.000003
v -0.058182 0.163696 -0.001476
v -0.059346 0.161425 -0.002949
v -0.064696 0.162203 -0.001476
v -0.064973 0.161922 -0.000003
v -0.064696 0.162203 0.001470
v -0.062906 0.164022 0.002944
v -0.061115 0.165840 0.001470
v -0.060838 0.166122 -0.000003
v -0.061115 0.165840 -0.001476
v -0.062906 0.164022 -0.002949
v -0.067874 0.166423 -0.001476
v -0.068219 0.166231 -0.000003
v -0.067874 0.166423 0.001470
v -0.065644 0.167664 0.002944
v -0.063414 0.168904 0.001470
v -0.063069 0.169096 -0.000003
v -0.063414 0.168904 -0.001476
v -0.065644 0.167664 -0.002949
v -0.069872 0.171570 -0.001476
v -0.070255 0.171475 -0.000003
v -0.069872 0.171570 0.001470
v -0.067394 0.172180 0.002944
v -0.064917 0.172790 0.001470
v -0.064533 0.172885 -0.000003
v -0.064917 0.172790 -0.001476
v -0.067394 0.172180 -0.002949
v -0.070538 0.177419 -0.001476
v -0.070737 0.177418 -0.000003
v -0.070343 0.177416 0.001470
v -0.067791 0.177398 0.002944
v -0.065240 0.177381 0.001470
v -0.064845 0.177378 -0.000003
v -0.065435 0.177384 -0.001476
v -0.067987 0.177402 -0.002949
v -0.067253 0.181369 0.002944
v -0.064774 0.180765 0.001470
v -0.064390 0.180671 -0.000003
v -0.064774 0.180765 -0.001476
v -0.067253 0.181369 -0.002949
v -0.050261 0.172023 -0.003373
v -0.046576 0.173265 -0.001950
v -0.047402 0.171448 -0.001689
v -0.048891 0.170295 -0.000978
v -0.046066 0.173162 -0.000006
v -0.046960 0.171359 -0.000006
v -0.048636 0.170244 -0.000006
v -0.046576 0.173265 0.001938
v -0.047402 0.171448 0.001678
v -0.048891 0.170295 0.000966
v -0.049877 0.173930 0.003882
v -0.050261 0.172023 0.003361
v -0.050542 0.170628 0.001938
v -0.050644 0.170117 -0.000006
v -0.053178 0.174595 0.001938
v -0.053119 0.172599 0.001678
v -0.052192 0.170960 0.000966
v -0.053689 0.174698 -0.000006
v -0.053562 0.172688 -0.000006
v -0.052447 0.171012 -0.000006
v -0.053178 0.174595 -0.001950
v -0.053119 0.172599 -0.001689
v -0.052192 0.170960 -0.000978
v -0.049877 0.173930 -0.003894
v -0.050542 0.170628 -0.001950
v -0.066716 0.192145 -0.002901
v -0.071686 0.190899 -0.003946
v -0.070246 0.190199 -0.003946
v -0.067210 0.189634 -0.003946
v -0.063443 0.189944 -0.003762
v -0.064041 0.185724 -0.003831
v -0.063712 0.181072 -0.003723
v -0.059073 0.189182 -0.002577
v -0.060824 0.185815 -0.003206
v -0.061605 0.182847 -0.003398
v -0.062025 0.178643 -0.003723
v -0.033057 0.170457 -0.001442
v -0.032875 0.170785 0.000000
v -0.035590 0.165882 0.000000
v -0.035408 0.166211 -0.001442
v -0.034233 0.168334 -0.002839
v -0.030985 0.169340 -0.001537
v -0.030927 0.169736 0.000000
v -0.031800 0.163831 -0.000000
v -0.031741 0.164227 -0.001537
v -0.031363 0.166784 -0.003028
v -0.028239 0.169632 -0.001631
v -0.028353 0.170042 0.000000
v -0.026656 0.163922 -0.000000
v -0.026770 0.164332 -0.001631
v -0.027505 0.166982 -0.003217
v -0.026095 0.170943 -0.001726
v -0.026378 0.171296 0.000000
v -0.022160 0.166018 0.000000
v -0.022442 0.166372 -0.001726
v -0.024269 0.168657 -0.003406
v -0.024043 0.173204 -0.001821
v -0.024443 0.173462 0.000000
v -0.018477 0.169611 -0.000000
v -0.018877 0.169869 -0.001821
v -0.021460 0.171536 -0.003596
v -0.022794 0.176351 -0.001915
v -0.023271 0.176506 -0.000000
v -0.016160 0.174188 0.000000
v -0.016637 0.174343 -0.001915
v -0.019715 0.175347 -0.003785
v -0.022200 0.180076 -0.002010
v -0.022724 0.180116 0.000000
v -0.011067 0.176576 0.000000
v -0.011067 0.176576 0.001940
v -0.010951 0.182342 -0.002010
v -0.022381 0.183928 -0.002010
v -0.022898 0.183830 0.000000
v -0.015177 0.185286 -0.000000
v -0.015694 0.185189 -0.002010
v -0.019037 0.184558 -0.003974
v -0.023638 0.187663 -0.002010
v -0.024111 0.187432 0.000000
v -0.017051 0.190882 0.000000
v -0.017524 0.190651 -0.002010
v -0.020581 0.189157 -0.003974
v -0.025891 0.191069 -0.002010
v -0.020360 0.195882 0.000000
v -0.020757 0.195537 -0.002010
v -0.023324 0.193303 -0.003974
v -0.029031 0.193849 -0.002010
v -0.024978 0.199959 0.000000
v -0.025269 0.199521 -0.002010
v -0.027150 0.196685 -0.003974
v -0.032966 0.195745 -0.002010
v -0.030764 0.202741 0.000000
v -0.030922 0.202238 -0.002010
v -0.031944 0.198992 -0.003974
v -0.037776 0.196515 -0.002010
v -0.037805 0.195989 -0.000000
v -0.037377 0.203838 0.000000
v -0.037406 0.203312 -0.002010
v -0.037591 0.199913 -0.003974
v -0.042923 0.196272 -0.001987
v -0.042857 0.195756 -0.000000
v -0.043853 0.203462 0.000000
v -0.043786 0.202946 -0.001987
v -0.043355 0.199609 -0.003929
v -0.047377 0.195387 -0.001965
v -0.047236 0.194892 0.000000
v -0.049339 0.202279 0.000000
v -0.049198 0.201784 -0.001965
v -0.048288 0.198586 -0.003884
v -0.051131 0.194054 -0.001943
v -0.050926 0.193589 0.000000
v -0.053985 0.200535 0.000000
v -0.053780 0.200070 -0.001943
v -0.052455 0.197062 -0.003839
v -0.054279 0.192457 -0.001920
v -0.054025 0.192023 0.000000
v -0.057821 0.198492 0.000000
v -0.057566 0.198059 -0.001920
v -0.055923 0.195258 -0.003795
v -0.057096 0.191038 -0.002088
v -0.056621 0.190364 -0.000000
v -0.060890 0.196421 -0.000000
v -0.060604 0.196015 -0.001898
v -0.058755 0.193392 -0.003750
v -0.058772 0.188794 -0.000000
v -0.063263 0.194576 0.000000
v -0.062963 0.194188 -0.001875
v -0.061018 0.191685 -0.003705
v -0.071686 0.190890 0.000000
v -0.060705 0.185465 0.000000
v -0.070246 0.190199 0.000000
v -0.062025 0.177839 0.000000
v -0.061605 0.182042 -0.000000
v -0.067409 0.192231 -0.000000
v -0.063712 0.181072 -0.000000
v -0.064041 0.185724 -0.000000
v -0.033753 0.171474 -0.001229
v -0.033614 0.171578 0.000000
v -0.036731 0.169290 -0.000000
v -0.036585 0.169434 -0.001478
v -0.034602 0.170525 -0.002727
v -0.034115 0.172472 -0.001140
v -0.034026 0.172488 0.000000
v -0.035775 0.172248 0.000000
v -0.035686 0.172264 -0.001140
v -0.034691 0.172368 -0.002233
v -0.034691 0.173033 0.000000
v -0.034691 0.173033 -0.001130
v -0.061453 0.189597 -0.003797
v -0.062749 0.181883 -0.003810
v -0.062494 0.185977 -0.003816
v -0.066716 0.192145 0.002901
v -0.071686 0.190899 0.003946
v -0.070246 0.190199 0.003946
v -0.067210 0.189634 0.003946
v -0.063443 0.189944 0.003762
v -0.064041 0.185724 0.003831
v -0.063712 0.181072 0.003723
v -0.059073 0.189182 0.002577
v -0.060824 0.185815 0.003206
v -0.061605 0.182847 0.003398
v -0.062025 0.178643 0.003723
v -0.033057 0.170457 0.001442
v -0.035408 0.166211 0.001442
v -0.034233 0.168334 0.002839
v -0.030985 0.169340 0.001537
v -0.031741 0.164227 0.001537
v -0.031363 0.166784 0.003028
v -0.028239 0.169632 0.001631
v -0.026770 0.164332 0.001631
v -0.027505 0.166982 0.003217
v -0.026095 0.170943 0.001726
v -0.022442 0.166372 0.001726
v -0.024269 0.168657 0.003406
v -0.024043 0.173204 0.001821
v -0.018877 0.169869 0.001821
v -0.021460 0.171536 0.003596
v -0.022794 0.176351 0.001915
v -0.016637 0.174343 0.001915
v -0.019715 0.175347 0.003785
v -0.022200 0.180076 0.002010
v -0.010951 0.182342 0.002010
v -0.018807 0.179817 0.003974
v -0.022381 0.183928 0.002010
v -0.015694 0.185189 0.002010
v -0.019037 0.184558 0.003974
v -0.023638 0.187663 0.002010
v -0.017524 0.190651 0.002010
v -0.020581 0.189157 0.003974
v -0.025891 0.191069 0.002010
v -0.020757 0.195537 0.002010
v -0.023324 0.193303 0.003974
v -0.029031 0.193849 0.002010
v -0.025269 0.199521 0.002010
v -0.027150 0.196685 0.003974
v -0.032966 0.195745 0.002010
v -0.030922 0.202238 0.002010
v -0.031944 0.198992 0.003974
v -0.037776 0.196515 0.002010
v -0.037406 0.203312 0.002010
v -0.037591 0.199913 0.003974
v -0.042923 0.196272 0.001987
v -0.043786 0.202946 0.001987
v -0.043355 0.199609 0.003929
v -0.047377 0.195387 0.001965
v -0.049198 0.201784 0.001965
v -0.048288 0.198586 0.003884
v -0.051131 0.194054 0.001943
v -0.053780 0.200070 0.001943
v -0.052455 0.197062 0.003839
v -0.054279 0.192457 0.001920
v -0.057566 0.198059 0.001920
v -0.055923 0.195258 0.003795
v -0.057096 0.191038 0.002088
v -0.060604 0.196015 0.001898
v -0.058755 0.193392 0.003750
v -0.062963 0.194188 0.001875
v -0.061018 0.191685 0.003705
v -0.033753 0.171474 0.001229
v -0.036585 0.169434 0.001478
v -0.034602 0.170525 0.002727
v -0.034115 0.172472 0.001140
v -0.035686 0.172264 0.001140
v -0.034691 0.172368 0.002233
v -0.034691 0.173033 0.001130
v -0.061453 0.189597 0.003797
v -0.062749 0.181883 0.003810
v -0.062494 0.185977 0.003816
v -0.027241 0.189598 -0.002010
v -0.027639 0.189253 -0.000000
v -0.030382 0.191785 -0.002010
v -0.030673 0.191347 -0.000000
v -0.034376 0.193576 -0.002010
v -0.034463 0.193056 -0.000000
v -0.038162 0.193648 -0.002010
v -0.038147 0.193125 -0.000000
v -0.027241 0.189598 0.002010
v -0.030382 0.191785 0.002010
v -0.034376 0.193576 0.002010
v -0.038162 0.193648 0.002010
v -0.113074 0.193913 -0.000874
v -0.130572 0.193913 0.000023
v -0.128057 0.198271 0.000023
v -0.113225 0.198271 0.000023
v -0.114809 0.202445 0.000023
v -0.119295 0.212755 0.000023
v -0.120165 0.218169 0.000023
v -0.119287 0.221514 0.000023
v -0.117165 0.223843 0.000023
v -0.117468 0.234519 0.000023
v -0.122126 0.237417 0.000023
v -0.124357 0.240895 0.000023
v -0.112705 0.201370 0.000023
v -0.109812 0.188519 -0.000445
v -0.129743 0.193913 0.006316
v -0.127314 0.198271 0.005665
v -0.112987 0.198271 0.001826
v -0.114518 0.202445 0.002236
v -0.118850 0.212755 0.003397
v -0.119692 0.218169 0.003623
v -0.118843 0.221514 0.003395
v -0.116794 0.223843 0.002846
v -0.117086 0.234519 0.002924
v -0.121585 0.237417 0.004130
v -0.123741 0.240895 0.004708
v -0.112485 0.201370 0.001692
v -0.112084 0.191127 0.000790
v -0.112609 0.193913 0.002654
v -0.127314 0.193913 0.012180
v -0.125136 0.198271 0.010923
v -0.112291 0.198271 0.003506
v -0.113664 0.202445 0.004299
v -0.117548 0.212755 0.006541
v -0.118302 0.218169 0.006977
v -0.117541 0.221514 0.006537
v -0.115704 0.223843 0.005477
v -0.115966 0.234519 0.005628
v -0.120000 0.237417 0.007957
v -0.121932 0.240895 0.009073
v -0.111841 0.201370 0.003247
v -0.109570 0.188519 0.001395
v -0.123450 0.193913 0.017215
v -0.121672 0.198271 0.015437
v -0.111184 0.198271 0.004949
v -0.112305 0.202445 0.006070
v -0.115476 0.212755 0.009241
v -0.116092 0.218169 0.009857
v -0.115471 0.221514 0.009236
v -0.113971 0.223843 0.007736
v -0.114185 0.234519 0.007950
v -0.117478 0.237417 0.011244
v -0.119056 0.240895 0.012821
v -0.110817 0.201370 0.004582
v -0.110920 0.191127 0.003600
v -0.110443 0.193913 0.005477
v -0.118415 0.193913 0.021079
v -0.117157 0.198271 0.018902
v -0.109741 0.198271 0.006056
v -0.110534 0.202445 0.007429
v -0.112776 0.212755 0.011313
v -0.113212 0.218169 0.012067
v -0.112772 0.221514 0.011306
v -0.111712 0.223843 0.009469
v -0.111863 0.234519 0.009731
v -0.114192 0.237417 0.013765
v -0.115308 0.240895 0.015698
v -0.109481 0.201370 0.005606
v -0.108440 0.188519 0.002867
v -0.112551 0.193913 0.023508
v -0.111900 0.198271 0.021079
v -0.108061 0.198271 0.006752
v -0.108471 0.202445 0.008283
v -0.109632 0.212755 0.012615
v -0.109857 0.218169 0.013457
v -0.109630 0.221514 0.012608
v -0.109081 0.223843 0.010559
v -0.109159 0.234519 0.010851
v -0.110365 0.237417 0.015351
v -0.110942 0.240895 0.017506
v -0.107927 0.201370 0.006250
v -0.108507 0.191127 0.005452
v -0.107155 0.193913 0.006839
v -0.106258 0.193913 0.024337
v -0.106258 0.198271 0.021822
v -0.106258 0.198271 0.006990
v -0.106258 0.202445 0.008574
v -0.106258 0.212755 0.013060
v -0.106258 0.218169 0.013931
v -0.106258 0.221514 0.013052
v -0.106258 0.223843 0.010930
v -0.106258 0.234519 0.011233
v -0.106258 0.237417 0.015891
v -0.106258 0.240895 0.018122
v -0.106258 0.201370 0.006470
v -0.106726 0.188519 0.003577
v -0.099965 0.193913 0.023508
v -0.100616 0.198271 0.021079
v -0.104455 0.198271 0.006752
v -0.104045 0.202445 0.008283
v -0.102884 0.212755 0.012615
v -0.102658 0.218169 0.013457
v -0.102886 0.221514 0.012608
v -0.103435 0.223843 0.010559
v -0.103357 0.234519 0.010851
v -0.102151 0.237417 0.015351
v -0.101573 0.240895 0.017506
v -0.104589 0.201370 0.006250
v -0.105491 0.191127 0.005849
v -0.103627 0.193913 0.006374
v -0.094101 0.193913 0.021079
v -0.095358 0.198271 0.018902
v -0.102775 0.198271 0.006056
v -0.101982 0.202445 0.007429
v -0.099740 0.212755 0.011313
v -0.099304 0.218169 0.012067
v -0.099744 0.221514 0.011306
v -0.100804 0.223843 0.009469
v -0.100653 0.234519 0.009731
v -0.098324 0.237417 0.013765
v -0.097208 0.240895 0.015698
v -0.103034 0.201370 0.005606
v -0.104886 0.188519 0.003335
v -0.089066 0.193913 0.017215
v -0.090844 0.198271 0.015437
v -0.101332 0.198271 0.004949
v -0.100211 0.202445 0.006070
v -0.097040 0.212755 0.009241
v -0.096424 0.218169 0.009857
v -0.097045 0.221514 0.009236
v -0.098545 0.223843 0.007736
v -0.098331 0.234519 0.007950
v -0.095037 0.237417 0.011244
v -0.093460 0.240895 0.012821
v -0.101699 0.201370 0.004582
v -0.102681 0.191127 0.004685
v -0.100804 0.193913 0.004208
v -0.085202 0.193913 0.012180
v -0.087379 0.198271 0.010923
v -0.100224 0.198271 0.003506
v -0.098852 0.202445 0.004299
v -0.094968 0.212755 0.006541
v -0.094214 0.218169 0.006977
v -0.094975 0.221514 0.006537
v -0.096812 0.223843 0.005477
v -0.096550 0.234519 0.005628
v -0.092516 0.237417 0.007957
v -0.090583 0.240895 0.009073
v -0.100675 0.201370 0.003247
v -0.103414 0.188519 0.002205
v -0.082773 0.193913 0.006316
v -0.085202 0.198271 0.005665
v -0.099529 0.198271 0.001826
v -0.097998 0.202445 0.002236
v -0.093666 0.212755 0.003397
v -0.092824 0.218169 0.003623
v -0.093673 0.221514 0.003395
v -0.095722 0.223843 0.002846
v -0.095430 0.234519 0.002924
v -0.090930 0.237417 0.004130
v -0.088775 0.240895 0.004707
v -0.100031 0.201370 0.001692
v -0.100829 0.191127 0.002272
v -0.099442 0.193913 0.000920
v -0.081944 0.193913 0.000023
v -0.084459 0.198271 0.000023
v -0.099291 0.198271 0.000023
v -0.097707 0.202445 0.000023
v -0.093221 0.212755 0.000023
v -0.092350 0.218169 0.000023
v -0.093229 0.221514 0.000023
v -0.095351 0.223843 0.000023
v -0.095048 0.234519 0.000023
v -0.090390 0.237417 0.000023
v -0.088159 0.240895 0.000023
v -0.099811 0.201370 0.000023
v -0.102704 0.188519 0.000491
v -0.082773 0.193913 -0.006270
v -0.085202 0.198271 -0.005619
v -0.099529 0.198271 -0.001780
v -0.097998 0.202445 -0.002190
v -0.093666 0.212755 -0.003351
v -0.092824 0.218169 -0.003577
v -0.093673 0.221514 -0.003349
v -0.095722 0.223843 -0.002800
v -0.095430 0.234519 -0.002878
v -0.090930 0.237417 -0.004084
v -0.088775 0.240895 -0.004661
v -0.100031 0.201370 -0.001646
v -0.100432 0.191127 -0.000744
v -0.099907 0.193913 -0.002608
v -0.085202 0.193913 -0.012134
v -0.087379 0.198271 -0.010876
v -0.100225 0.198271 -0.003460
v -0.098852 0.202445 -0.004253
v -0.094968 0.212755 -0.006495
v -0.094214 0.218169 -0.006931
v -0.094975 0.221514 -0.006491
v -0.096812 0.223843 -0.005431
v -0.096550 0.234519 -0.005582
v -0.092516 0.237417 -0.007911
v -0.090583 0.240895 -0.009027
v -0.100675 0.201370 -0.003201
v -0.102946 0.188519 -0.001349
v -0.089066 0.193913 -0.017169
v -0.090844 0.198271 -0.015391
v -0.101332 0.198271 -0.004903
v -0.100211 0.202445 -0.006024
v -0.097040 0.212755 -0.009195
v -0.096424 0.218169 -0.009811
v -0.097045 0.221514 -0.009190
v -0.098545 0.223843 -0.007690
v -0.098331 0.234519 -0.007904
v -0.095037 0.237417 -0.011197
v -0.093460 0.240895 -0.012775
v -0.101699 0.201370 -0.004536
v -0.101596 0.191127 -0.003554
v -0.102073 0.193913 -0.005431
v -0.094101 0.193913 -0.021033
v -0.095358 0.198271 -0.018855
v -0.102775 0.198271 -0.006010
v -0.101982 0.202445 -0.007383
v -0.099740 0.212755 -0.011267
v -0.099304 0.218169 -0.012021
v -0.099744 0.221514 -0.011260
v -0.100804 0.223843 -0.009423
v -0.100653 0.234519 -0.009685
v -0.098324 0.237417 -0.013719
v -0.097208 0.240895 -0.015652
v -0.103034 0.201370 -0.005560
v -0.104076 0.188519 -0.002821
v -0.099965 0.193913 -0.023462
v -0.100616 0.198271 -0.021033
v -0.104455 0.198271 -0.006706
v -0.104045 0.202445 -0.008237
v -0.102884 0.212755 -0.012569
v -0.102658 0.218169 -0.013411
v -0.102886 0.221514 -0.012562
v -0.103435 0.223843 -0.010513
v -0.103357 0.234519 -0.010805
v -0.102151 0.237417 -0.015304
v -0.101574 0.240895 -0.017460
v -0.104589 0.201370 -0.006204
v -0.104009 0.191127 -0.005406
v -0.105361 0.193913 -0.006793
v -0.106258 0.193913 -0.024291
v -0.106258 0.198271 -0.021776
v -0.106258 0.198271 -0.006944
v -0.106258 0.202445 -0.008528
v -0.106258 0.212755 -0.013014
v -0.106258 0.218169 -0.013885
v -0.106258 0.221514 -0.013006
v -0.106258 0.223843 -0.010884
v -0.106258 0.234519 -0.011187
v -0.106258 0.237417 -0.015845
v -0.106258 0.240895 -0.018076
v -0.106258 0.201370 -0.006424
v -0.105790 0.188519 -0.003531
v -0.112551 0.193913 -0.023462
v -0.111900 0.198271 -0.021033
v -0.108061 0.198271 -0.006706
v -0.108471 0.202445 -0.008237
v -0.109632 0.212755 -0.012569
v -0.109858 0.218169 -0.013411
v -0.109630 0.221514 -0.012562
v -0.109081 0.223843 -0.010513
v -0.109159 0.234519 -0.010805
v -0.110365 0.237417 -0.015304
v -0.110942 0.240895 -0.017460
v -0.107927 0.201370 -0.006204
v -0.107025 0.191127 -0.005803
v -0.108889 0.193913 -0.006328
v -0.118415 0.193913 -0.021033
v -0.117157 0.198271 -0.018855
v -0.109741 0.198271 -0.006010
v -0.110534 0.202445 -0.007383
v -0.112776 0.212755 -0.011267
v -0.113212 0.218169 -0.012021
v -0.112772 0.221514 -0.011260
v -0.111712 0.223843 -0.009423
v -0.111863 0.234519 -0.009685
v -0.114192 0.237417 -0.013719
v -0.115308 0.240895 -0.015651
v -0.109481 0.201370 -0.005560
v -0.107630 0.188519 -0.003289
v -0.123450 0.193913 -0.017169
v -0.121672 0.198271 -0.015391
v -0.111184 0.198271 -0.004903
v -0.112305 0.202445 -0.006024
v -0.115476 0.212755 -0.009195
v -0.116092 0.218169 -0.009811
v -0.115471 0.221514 -0.009190
v -0.113971 0.223843 -0.007690
v -0.114185 0.234519 -0.007904
v -0.117478 0.237417 -0.011197
v -0.119056 0.240895 -0.012775
v -0.110817 0.201370 -0.004536
v -0.109835 0.191127 -0.004639
v -0.111712 0.193913 -0.004162
v -0.127314 0.193913 -0.012134
v -0.125136 0.198271 -0.010876
v -0.112291 0.198271 -0.003460
v -0.113664 0.202445 -0.004253
v -0.117548 0.212755 -0.006495
v -0.118302 0.218169 -0.006931
v -0.117541 0.221514 -0.006491
v -0.115704 0.223843 -0.005431
v -0.115966 0.234519 -0.005582
v -0.120000 0.237417 -0.007911
v -0.121933 0.240895 -0.009027
v -0.111841 0.201370 -0.003200
v -0.109102 0.188519 -0.002159
v -0.129743 0.193913 -0.006270
v -0.127314 0.198271 -0.005619
v -0.112987 0.198271 -0.001780
v -0.114518 0.202445 -0.002190
v -0.118850 0.212755 -0.003351
v -0.119692 0.218169 -0.003576
v -0.118843 0.221514 -0.003349
v -0.116794 0.223843 -0.002800
v -0.117086 0.234519 -0.002878
v -0.121585 0.237417 -0.004084
v -0.123741 0.240895 -0.004661
v -0.112485 0.201370 -0.001646
v -0.111687 0.191127 -0.002226
v -0.014950 0.176526 0.000000
v -0.014615 0.182342 -0.000000
v -0.014950 0.176712 -0.001940
v -0.014950 0.182342 -0.002010
v -0.018805 0.179817 -0.003973
v -0.014950 0.182342 0.002010
v -0.014950 0.176712 0.001940
v -0.011067 0.176576 -0.001940
v -0.010951 0.182342 -0.000000
v -0.009819 0.182342 0.005669
v -0.009930 0.176576 0.005733
v -0.008017 0.182342 0.008017
v -0.008108 0.176576 0.008108
v -0.005669 0.182342 0.009819
v -0.005733 0.176576 0.009930
v -0.002934 0.182342 0.010951
v -0.002968 0.176576 0.011075
v 0.000000 0.182342 0.011338
v 0.000000 0.176576 0.011466
v 0.000000 0.182342 -0.011338
v 0.000000 0.176576 -0.011466
v -0.002934 0.182342 -0.010951
v -0.002968 0.176576 -0.011075
v -0.005669 0.182342 -0.009819
v -0.005733 0.176576 -0.009930
v -0.008017 0.182342 -0.008017
v -0.008108 0.176576 -0.008108
v -0.009819 0.182342 -0.005669
v -0.009930 0.176576 -0.005733
v -0.008284 0.182342 0.000000
v -0.008412 0.176526 0.000000
v -0.008001 0.182342 0.002144
v -0.008125 0.176526 0.002177
v -0.007174 0.182342 0.004142
v -0.007285 0.176526 0.004206
v -0.005857 0.182342 0.005857
v -0.005948 0.176526 0.005948
v -0.004142 0.182342 0.007174
v -0.004206 0.176526 0.007285
v -0.002144 0.182342 0.008001
v -0.002177 0.176526 0.008125
v 0.000000 0.182342 0.008284
v 0.000000 0.176526 0.008412
v 0.000000 0.182342 -0.008284
v 0.000000 0.176526 -0.008412
v -0.002144 0.182342 -0.008001
v -0.002177 0.176526 -0.008125
v -0.004142 0.182342 -0.007174
v -0.004206 0.176526 -0.007285
v -0.005857 0.182342 -0.005857
v -0.005948 0.176526 -0.005948
v -0.007174 0.182342 -0.004142
v -0.007285 0.176526 -0.004206
v -0.008001 0.182342 -0.002144
v -0.008125 0.176526 -0.002177
v -0.122797 0.240895 0.000023
v -0.117052 0.207600 0.000023
v -0.116684 0.207600 0.002817
v -0.115606 0.207600 0.005420
v -0.113890 0.207600 0.007656
v -0.111655 0.207600 0.009371
v -0.109052 0.207600 0.010449
v -0.106258 0.207600 0.010817
v -0.103464 0.207600 0.010449
v -0.100861 0.207600 0.009371
v -0.098625 0.207600 0.007656
v -0.096910 0.207600 0.005420
v -0.095832 0.207600 0.002817
v -0.095464 0.207600 0.000023
v -0.095832 0.207600 -0.002771
v -0.096910 0.207600 -0.005374
v -0.098625 0.207600 -0.007609
v -0.100861 0.207600 -0.009325
v -0.103464 0.207600 -0.010403
v -0.106258 0.207600 -0.010771
v -0.109052 0.207600 -0.010403
v -0.111655 0.207600 -0.009325
v -0.113890 0.207600 -0.007609
v -0.115606 0.207600 -0.005374
v -0.116684 0.207600 -0.002771
v -0.117317 0.229181 0.000023
v -0.116940 0.229181 0.002885
v -0.115835 0.229181 0.005552
v -0.114078 0.229181 0.007843
v -0.111787 0.229181 0.009600
v -0.109120 0.229181 0.010705
v -0.106258 0.229181 0.011082
v -0.103396 0.229181 0.010705
v -0.100729 0.229181 0.009600
v -0.098438 0.229181 0.007843
v -0.096681 0.229181 0.005552
v -0.095576 0.229181 0.002885
v -0.095199 0.229181 0.000023
v -0.095576 0.229181 -0.002839
v -0.096681 0.229181 -0.005506
v -0.098438 0.229181 -0.007797
v -0.100729 0.229181 -0.009554
v -0.103396 0.229181 -0.010659
v -0.106258 0.229181 -0.011036
v -0.109120 0.229181 -0.010659
v -0.111787 0.229181 -0.009554
v -0.114078 0.229181 -0.007797
v -0.115835 0.229181 -0.005506
v -0.116940 0.229181 -0.002839
v -0.122234 0.240895 0.004304
v -0.120581 0.240895 0.008293
v -0.117953 0.240895 0.011718
v -0.114528 0.240895 0.014347
v -0.110539 0.240895 0.015999
v -0.106258 0.240895 0.016562
v -0.101977 0.240895 0.015999
v -0.097988 0.240895 0.014347
v -0.094563 0.240895 0.011718
v -0.091934 0.240895 0.008293
v -0.090282 0.240895 0.004304
v -0.089719 0.240895 0.000023
v -0.090282 0.240895 -0.004258
v -0.091934 0.240895 -0.008247
v -0.094563 0.240895 -0.011672
v -0.097988 0.240895 -0.014301
v -0.101977 0.240895 -0.015953
v -0.106258 0.240895 -0.016516
v -0.110539 0.240895 -0.015953
v -0.114528 0.240895 -0.014300
v -0.117953 0.240895 -0.011672
v -0.120581 0.240895 -0.008247
v -0.122234 0.240895 -0.004258
v -0.122797 0.239316 0.000023
v -0.122234 0.239316 0.004304
v -0.120581 0.239316 0.008293
v -0.117953 0.239316 0.011718
v -0.114528 0.239316 0.014347
v -0.110539 0.239316 0.015999
v -0.106258 0.239316 0.016562
v -0.101977 0.239316 0.015999
v -0.097988 0.239316 0.014347
v -0.094563 0.239316 0.011718
v -0.091934 0.239316 0.008293
v -0.090282 0.239316 0.004304
v -0.089719 0.239316 0.000023
v -0.090282 0.239316 -0.004258
v -0.091934 0.239316 -0.008247
v -0.094563 0.239316 -0.011672
v -0.097988 0.239316 -0.014301
v -0.101977 0.239316 -0.015953
v -0.106258 0.239316 -0.016516
v -0.110539 0.239316 -0.015953
v -0.114528 0.239316 -0.014300
v -0.117953 0.239316 -0.011672
v -0.120581 0.239316 -0.008247
v -0.122234 0.239316 -0.004258
v -0.106258 0.239316 0.000023
v 0.109225 0.186843 0.000023
v 0.108830 0.186844 -0.001450
v 0.106278 0.186849 -0.002923
v 0.103727 0.186854 -0.001450
v 0.108304 0.181506 0.000023
v 0.107936 0.181647 -0.001450
v 0.105552 0.182558 -0.002923
v 0.103168 0.183468 -0.001450
v 0.105727 0.177400 0.000023
v 0.105438 0.177669 -0.001450
v 0.103574 0.179412 -0.002923
v 0.101710 0.181155 -0.001450
v 0.101997 0.174655 0.000023
v 0.101812 0.175004 -0.001450
v 0.100620 0.177261 -0.002923
v 0.099427 0.179518 -0.001450
v 0.097684 0.173094 0.000023
v 0.097587 0.173477 -0.001450
v 0.096964 0.175952 -0.002923
v 0.096340 0.178427 -0.001450
v 0.096244 0.178810 0.000023
v 0.093129 0.172397 0.000023
v 0.093096 0.172790 -0.001450
v 0.092881 0.175334 -0.002923
v 0.092665 0.177877 -0.001450
v 0.092632 0.178271 0.000023
v 0.088447 0.172314 0.000023
v 0.088474 0.172708 -0.001450
v 0.088645 0.175255 -0.002923
v 0.088817 0.177802 -0.001450
v 0.088844 0.178196 0.000023
v 0.082704 0.173210 0.000023
v 0.082808 0.173591 -0.001450
v 0.083478 0.176054 -0.002923
v 0.084147 0.178517 -0.001450
v 0.084251 0.178898 0.000023
v 0.077510 0.175264 0.000023
v 0.077686 0.175617 -0.001450
v 0.078827 0.177900 -0.002923
v 0.079968 0.180184 -0.001450
v 0.080145 0.180537 0.000023
v 0.072897 0.178083 0.000023
v 0.073121 0.178408 -0.001450
v 0.074570 0.180509 -0.002923
v 0.076018 0.182610 -0.001450
v 0.076243 0.182935 0.000023
v 0.070610 0.179911 -0.000298
v 0.069732 0.181973 -0.001476
v 0.070581 0.183595 -0.002923
v 0.072189 0.185577 -0.001450
v 0.072438 0.185883 0.000023
v 0.064041 0.185724 -0.001915
v 0.066736 0.186874 -0.002923
v 0.068381 0.188826 -0.001450
v 0.068635 0.188858 0.000023
v 0.063443 0.189944 -0.001881
v 0.067210 0.189634 -0.001973
v 0.067210 0.189634 0.000000
v 0.093672 0.181623 0.000023
v 0.097786 0.182241 0.000023
v 0.100769 0.184127 0.000023
v 0.103170 0.186854 0.000023
v 0.095078 0.179702 0.000023
v 0.093672 0.181623 -0.001493
v 0.097786 0.182241 -0.001493
v 0.100769 0.184127 -0.001493
v 0.095078 0.179702 -0.001493
v 0.108830 0.186844 0.001496
v 0.106278 0.186849 0.002969
v 0.103727 0.186854 0.001496
v 0.107936 0.181647 0.001496
v 0.105552 0.182558 0.002969
v 0.103168 0.183468 0.001496
v 0.105438 0.177669 0.001496
v 0.103574 0.179412 0.002969
v 0.101710 0.181155 0.001496
v 0.101812 0.175004 0.001496
v 0.100620 0.177261 0.002969
v 0.099427 0.179518 0.001496
v 0.097587 0.173477 0.001496
v 0.096964 0.175952 0.002969
v 0.096340 0.178427 0.001496
v 0.093096 0.172790 0.001496
v 0.092881 0.175334 0.002969
v 0.092665 0.177877 0.001496
v 0.088474 0.172708 0.001496
v 0.088645 0.175255 0.002969
v 0.088817 0.177802 0.001496
v 0.082808 0.173591 0.001496
v 0.083478 0.176054 0.002969
v 0.084147 0.178517 0.001496
v 0.077686 0.175617 0.001496
v 0.078827 0.177900 0.002969
v 0.079968 0.180184 0.001496
v 0.073121 0.178408 0.001496
v 0.074570 0.180509 0.002969
v 0.076018 0.182610 0.001496
v 0.069732 0.181973 0.001470
v 0.070581 0.183595 0.002969
v 0.072189 0.185577 0.001496
v 0.064041 0.185724 0.001915
v 0.066736 0.186874 0.002969
v 0.068381 0.188826 0.001496
v 0.063443 0.189944 0.001881
v 0.067210 0.189634 0.001973
v 0.093672 0.181623 0.001539
v 0.097786 0.182241 0.001539
v 0.100769 0.184127 0.001539
v 0.095078 0.179702 0.001539
v 0.051937 0.176801 -0.001721
v 0.052359 0.176986 -0.000003
v 0.051937 0.176801 0.001716
v 0.049211 0.175605 0.003434
v 0.046486 0.174408 0.001716
v 0.045965 0.174213 -0.000003
v 0.046486 0.174408 -0.001721
v 0.049211 0.175605 -0.003440
v 0.049210 0.179351 -0.001476
v 0.049445 0.179669 -0.000003
v 0.049210 0.179351 0.001470
v 0.047693 0.177299 0.002944
v 0.046175 0.175247 0.001470
v 0.045941 0.174929 -0.000003
v 0.046175 0.175247 -0.001476
v 0.047693 0.177299 -0.002949
v 0.045977 0.180551 -0.001476
v 0.046004 0.180945 -0.000003
v 0.045977 0.180551 0.001470
v 0.045802 0.178005 0.002944
v 0.045627 0.175458 0.001470
v 0.045600 0.175064 -0.000003
v 0.045627 0.175458 -0.001476
v 0.045802 0.178005 -0.002949
v 0.042833 0.180107 -0.001476
v 0.042707 0.180481 -0.000003
v 0.042833 0.180107 0.001470
v 0.043647 0.177688 0.002944
v 0.044460 0.175268 0.001470
v 0.044586 0.174894 -0.000003
v 0.044460 0.175268 -0.001476
v 0.043647 0.177688 -0.002949
v 0.040094 0.178608 -0.001476
v 0.039851 0.178919 -0.000003
v 0.040094 0.178608 0.001470
v 0.041669 0.176599 0.002944
v 0.043243 0.174591 0.001470
v 0.043487 0.174280 -0.000003
v 0.043243 0.174591 -0.001476
v 0.041669 0.176599 -0.002949
v 0.037959 0.176279 -0.001476
v 0.037627 0.176493 -0.000003
v 0.037959 0.176279 0.001470
v 0.040104 0.174897 0.002944
v 0.042249 0.173514 0.001470
v 0.042581 0.173300 -0.000003
v 0.042249 0.173514 -0.001476
v 0.040104 0.174897 -0.002949
v 0.036698 0.173295 -0.001476
v 0.036313 0.173381 -0.000003
v 0.036698 0.173295 0.001470
v 0.039188 0.172736 0.002944
v 0.041677 0.172178 0.001470
v 0.042063 0.172091 -0.000003
v 0.041677 0.172178 -0.001476
v 0.039188 0.172736 -0.002949
v 0.036515 0.168642 -0.001476
v 0.036124 0.168585 -0.000003
v 0.036515 0.168642 0.001470
v 0.039039 0.169012 0.002944
v 0.041564 0.169382 0.001470
v 0.041955 0.169439 -0.000003
v 0.041564 0.169382 -0.001476
v 0.039039 0.169012 -0.002949
v 0.037968 0.164400 -0.001476
v 0.037624 0.164207 -0.000003
v 0.037968 0.164400 0.001470
v 0.040192 0.165652 0.002944
v 0.042415 0.166903 0.001470
v 0.042759 0.167097 -0.000003
v 0.042415 0.166903 -0.001476
v 0.040192 0.165652 -0.002949
v 0.040852 0.160925 -0.001476
v 0.040596 0.160625 -0.000003
v 0.040852 0.160925 0.001470
v 0.042511 0.162866 0.002944
v 0.044169 0.164806 0.001470
v 0.044425 0.165106 -0.000003
v 0.044169 0.164806 -0.001476
v 0.042511 0.162866 -0.002949
v 0.044903 0.158497 -0.001476
v 0.044754 0.158131 -0.000003
v 0.044903 0.158497 0.001470
v 0.045863 0.160862 0.002944
v 0.046824 0.163227 0.001470
v 0.046972 0.163593 -0.000003
v 0.046824 0.163227 -0.001476
v 0.045863 0.160862 -0.002949
v 0.049867 0.157310 -0.001476
v 0.049828 0.156917 -0.000003
v 0.049867 0.157310 0.001470
v 0.050116 0.159851 0.002944
v 0.050365 0.162392 0.001470
v 0.050403 0.162785 -0.000003
v 0.050365 0.162392 -0.001476
v 0.050116 0.159851 -0.002949
v 0.055586 0.157529 -0.001476
v 0.055656 0.157140 -0.000003
v 0.055586 0.157529 0.001470
v 0.055135 0.160041 0.002944
v 0.054685 0.162554 0.001470
v 0.054615 0.162943 -0.000003
v 0.054685 0.162554 -0.001476
v 0.055135 0.160041 -0.002949
v 0.060510 0.159153 -0.001476
v 0.060690 0.158802 -0.000003
v 0.060510 0.159153 0.001470
v 0.059346 0.161425 0.002944
v 0.058182 0.163696 0.001470
v 0.058002 0.164048 -0.000003
v 0.058182 0.163696 -0.001476
v 0.059346 0.161425 -0.002949
v 0.064696 0.162203 -0.001476
v 0.064973 0.161922 -0.000003
v 0.064696 0.162203 0.001470
v 0.062906 0.164022 0.002944
v 0.061115 0.165840 0.001470
v 0.060838 0.166122 -0.000003
v 0.061115 0.165840 -0.001476
v 0.062906 0.164022 -0.002949
v 0.067874 0.166423 -0.001476
v 0.068219 0.166231 -0.000003
v 0.067874 0.166423 0.001470
v 0.065644 0.167664 0.002944
v 0.063414 0.168904 0.001470
v 0.063069 0.169096 -0.000003
v 0.063414 0.168904 -0.001476
v 0.065644 0.167664 -0.002949
v 0.069872 0.171570 -0.001476
v 0.070255 0.171475 -0.000003
v 0.069872 0.171570 0.001470
v 0.067394 0.172180 0.002944
v 0.064917 0.172790 0.001470
v 0.064533 0.172885 -0.000003
v 0.064917 0.172790 -0.001476
v 0.067394 0.172180 -0.002949
v 0.070538 0.177419 -0.001476
v 0.070737 0.177418 -0.000003
v 0.070343 0.177416 0.001470
v 0.067791 0.177398 0.002944
v 0.065240 0.177381 0.001470
v 0.064845 0.177378 -0.000003
v 0.065435 0.177384 -0.001476
v 0.067987 0.177402 -0.002949
v 0.067253 0.181369 0.002944
v 0.064774 0.180765 0.001470
v 0.064390 0.180671 -0.000003
v 0.064774 0.180765 -0.001476
v 0.067253 0.181369 -0.002949
v 0.050261 0.172023 -0.003373
v 0.046576 0.173265 -0.001950
v 0.047402 0.171448 -0.001689
v 0.048891 0.170295 -0.000978
v 0.046066 0.173162 -0.000006
v 0.046960 0.171359 -0.000006
v 0.048636 0.170244 -0.000006
v 0.046576 0.173265 0.001938
v 0.047402 0.171448 0.001678
v 0.048891 0.170295 0.000966
v 0.049877 0.173930 0.003882
v 0.050261 0.172023 0.003361
v 0.050542 0.170628 0.001938
v 0.050644 0.170117 -0.000006
v 0.053178 0.174595 0.001938
v 0.053119 0.172599 0.001678
v 0.052192 0.170960 0.000966
v 0.053689 0.174698 -0.000006
v 0.053562 0.172688 -0.000006
v 0.052447 0.171012 -0.000006
v 0.053178 0.174595 -0.001950
v 0.053119 0.172599 -0.001689
v 0.052192 0.170960 -0.000978
v 0.049877 0.173930 -0.003894
v 0.050542 0.170628 -0.001950
v 0.066716 0.192145 -0.002901
v 0.071686 0.190899 -0.003946
v 0.070246 0.190199 -0.003946
v 0.067210 0.189634 -0.003946
v 0.063443 0.189944 -0.003762
v 0.064041 0.185724 -0.003831
v 0.063712 0.181072 -0.003723
v 0.059073 0.189182 -0.002577
v 0.060824 0.185815 -0.003206
v 0.061605 0.182847 -0.003398
v 0.062025 0.178643 -0.003723
v 0.033057 0.170457 -0.001442
v 0.032875 0.170785 0.000000
v 0.035590 0.165882 0.000000
v 0.035408 0.166211 -0.001442
v 0.034233 0.168334 -0.002839
v 0.030985 0.169340 -0.001537
v 0.030927 0.169736 0.000000
v 0.031800 0.163831 -0.000000
v 0.031741 0.164227 -0.001537
v 0.031363 0.166784 -0.003028
v 0.028239 0.169632 -0.001631
v 0.028353 0.170042 0.000000
v 0.026656 0.163922 -0.000000
v 0.026770 0.164332 -0.001631
v 0.027505 0.166982 -0.003217
v 0.026095 0.170943 -0.001726
v 0.026378 0.171296 0.000000
v 0.022160 0.166018 0.000000
v 0.022442 0.166372 -0.001726
v 0.024269 0.168657 -0.003406
v 0.024043 0.173204 -0.001821
v 0.024443 0.173462 0.000000
v 0.018477 0.169611 -0.000000
v 0.018877 0.169869 -0.001821
v 0.021460 0.171536 -0.003596
v 0.022794 0.176351 -0.001915
v 0.023271 0.176506 -0.000000
v 0.016160 0.174188 0.000000
v 0.016637 0.174343 -0.001915
v 0.019715 0.175347 -0.003785
v 0.022200 0.180076 -0.002010
v 0.022724 0.180116 0.000000
v 0.011067 0.176576 0.000000
v 0.011067 0.176576 0.001940
v 0.010951 0.182342 -0.002010
v 0.022381 0.183928 -0.002010
v 0.022898 0.183830 0.000000
v 0.015177 0.185286 -0.000000
v 0.015694 0.185189 -0.002010
v 0.019037 0.184558 -0.003974
v 0.023638 0.187663 -0.002010
v 0.024111 0.187432 0.000000
v 0.017051 0.190882 0.000000
v 0.017524 0.190651 -0.002010
v 0.020581 0.189157 -0.003974
v 0.025891 0.191069 -0.002010
v 0.020360 0.195882 0.000000
v 0.020757 0.195537 -0.002010
v 0.023324 0.193303 -0.003974
v 0.029031 0.193849 -0.002010
v 0.024978 0.199959 0.000000
v 0.025269 0.199521 -0.002010
v 0.027150 0.196685 -0.003974
v 0.032966 0.195745 -0.002010
v 0.030764 0.202741 0.000000
v 0.030922 0.202238 -0.002010
v 0.031944 0.198992 -0.003974
v 0.037776 0.196515 -0.002010
v 0.037805 0.195989 -0.000000
v 0.037377 0.203838 0.000000
v 0.037406 0.203312 -0.002010
v 0.037591 0.199913 -0.003974
v 0.042923 0.196272 -0.001987
v 0.042857 0.195756 -0.000000
v 0.043853 0.203462 0.000000
v 0.043786 0.202946 -0.001987
v 0.043355 0.199609 -0.003929
v 0.047377 0.195387 -0.001965
v 0.047236 0.194892 0.000000
v 0.049339 0.202279 0.000000
v 0.049198 0.201784 -0.001965
v 0.048288 0.198586 -0.003884
v 0.051131 0.194054 -0.001943
v 0.050926 0.193589 0.000000
v 0.053985 0.200535 0.000000
v 0.053780 0.200070 -0.001943
v 0.052455 0.197062 -0.003839
v 0.054279 0.192457 -0.001920
v 0.054025 0.192023 0.000000
v 0.057821 0.198492 0.000000
v 0.057566 0.198059 -0.001920
v 0.055923 0.195258 -0.003795
v 0.057096 0.191038 -0.002088
v 0.056621 0.190364 -0.000000
v 0.060890 0.196421 -0.000000
v 0.060604 0.196015 -0.001898
v 0.058755 0.193392 -0.003750
v 0.058772 0.188794 -0.000000
v 0.063263 0.194576 0.000000
v 0.062963 0.194188 -0.001875
v 0.061018 0.191685 -0.003705
v 0.071686 0.190890 0.000000
v 0.060705 0.185465 0.000000
v 0.070246 0.190199 0.000000
v 0.062025 0.177839 0.000000
v 0.061605 0.182042 -0.000000
v 0.067409 0.192231 -0.000000
v 0.063712 0.181072 -0.000000
v 0.064041 0.185724 -0.000000
v 0.033753 0.171474 -0.001229
v 0.033614 0.171578 0.000000
v 0.036731 0.169290 -0.000000
v 0.036585 0.169434 -0.001478
v 0.034602 0.170525 -0.002727
v 0.034115 0.172472 -0.001140
v 0.034026 0.172488 0.000000
v 0.035775 0.172248 0.000000
v 0.035686 0.172264 -0.001140
v 0.034691 0.172368 -0.002233
v 0.034691 0.173033 0.000000
v 0.034691 0.173033 -0.001130
v 0.061453 0.189597 -0.003797
v 0.062749 0.181883 -0.003810
v 0.062494 0.185977 -0.003816
v 0.066716 0.192145 0.002901
v 0.071686 0.190899 0.003946
v 0.070246 0.190199 0.003946
v 0.067210 0.189634 0.003946
v 0.063443 0.189944 0.003762
v 0.064041 0.185724 0.003831
v 0.063712 0.181072 0.003723
v 0.059073 0.189182 0.002577
v 0.060824 0.185815 0.003206
v 0.061605 0.182847 0.003398
v 0.062025 0.178643 0.003723
v 0.033057 0.170457 0.001442
v 0.035408 0.166211 0.001442
v 0.034233 0.168334 0.002839
v 0.030985 0.169340 0.001537
v 0.031741 0.164227 0.001537
v 0.031363 0.166784 0.003028
v 0.028239 0.169632 0.001631
v 0.026770 0.164332 0.001631
v 0.027505 0.166982 0.003217
v 0.026095 0.170943 0.001726
v 0.022442 0.166372 0.001726
v 0.024269 0.168657 0.003406
v 0.024043 0.173204 0.001821
v 0.018877 0.169869 0.001821
v 0.021460 0.171536 0.003596
v 0.022794 0.176351 0.001915
v 0.016637 0.174343 0.001915
v 0.019715 0.175347 0.003785
v 0.022200 0.180076 0.002010
v 0.010951 0.182342 0.002010
v 0.018807 0.179817 0.003974
v 0.022381 0.183928 0.002010
v 0.015694 0.185189 0.002010
v 0.019037 0.184558 0.003974
v 0.023638 0.187663 0.002010
v 0.017524 0.190651 0.002010
v 0.020581 0.189157 0.003974
v 0.025891 0.191069 0.002010
v 0.020757 0.195537 0.002010
v 0.023324 0.193303 0.003974
v 0.029031 0.193849 0.002010
v 0.025269 0.199521 0.002010
v 0.027150 0.196685 0.003974
v 0.032966 0.195745 0.002010
v 0.030922 0.202238 0.002010
v 0.031944 0.198992 0.003974
v 0.037776 0.196515 0.002010
v 0.037406 0.203312 0.002010
v 0.037591 0.199913 0.003974
v 0.042923 0.196272 0.001987
v 0.043786 0.202946 0.001987
v 0.043355 0.199609 0.003929
v 0.047377 0.195387 0.001965
v 0.049198 0.201784 0.001965
v 0.048288 0.198586 0.003884
v 0.051131 0.194054 0.001943
v 0.053780 0.200070 0.001943
v 0.052455 0.197062 0.003839
v 0.054279 0.192457 0.001920
v 0.057566 0.198059 0.001920
v 0.055923 0.195258 0.003795
v 0.057096 0.191038 0.002088
v 0.060604 0.196015 0.001898
v 0.058755 0.193392 0.003750
v 0.062963 0.194188 0.001875
v 0.061018 0.191685 0.003705
v 0.033753 0.171474 0.001229
v 0.036585 0.169434 0.001478
v 0.034602 0.170525 0.002727
v 0.034115 0.172472 0.001140
v 0.035686 0.172264 0.001140
v 0.034691 0.172368 0.002233
v 0.034691 0.173033 0.001130
v 0.061453 0.189597 0.003797
v 0.062749 0.181883 0.003810
v 0.062494 0.185977 0.003816
v 0.027241 0.189598 -0.002010
v 0.027639 0.189253 -0.000000
v 0.030382 0.191785 -0.002010
v 0.030673 0.191347 -0.000000
v 0.034376 0.193576 -0.002010
v 0.034463 0.193056 -0.000000
v 0.038162 0.193648 -0.002010
v 0.038147 0.193125 -0.000000
v 0.027241 0.189598 0.002010
v 0.030382 0.191785 0.002010
v 0.034376 0.193576 0.002010
v 0.038162 0.193648 0.002010
v 0.113074 0.193913 -0.000874
v 0.130572 0.193913 0.000023
v 0.128057 0.198271 0.000023
v 0.113225 0.198271 0.000023
v 0.114809 0.202445 0.000023
v 0.119295 0.212755 0.000023
v 0.120165 0.218169 0.000023
v 0.119287 0.221514 0.000023
v 0.117165 0.223843 0.000023
v 0.117468 0.234519 0.000023
v 0.122126 0.237417 0.000023
v 0.124357 0.240895 0.000023
v 0.112705 0.201370 0.000023
v 0.109812 0.188519 -0.000445
v 0.129743 0.193913 0.006316
v 0.127314 0.198271 0.005665
v 0.112987 0.198271 0.001826
v 0.114518 0.202445 0.002236
v 0.118850 0.212755 0.003397
v 0.119692 0.218169 0.003623
v 0.118843 0.221514 0.003395
v 0.116794 0.223843 0.002846
v 0.117086 0.234519 0.002924
v 0.121585 0.237417 0.004130
v 0.123741 0.240895 0.004708
v 0.112485 0.201370 0.001692
v 0.112084 0.191127 0.000790
v 0.112609 0.193913 0.002654
v 0.127314 0.193913 0.012180
v 0.125136 0.198271 0.010923
v 0.112291 0.198271 0.003506
v 0.113664 0.202445 0.004299
v 0.117548 0.212755 0.006541
v 0.118302 0.218169 0.006977
v 0.117541 0.221514 0.006537
v 0.115704 0.223843 0.005477
v 0.115966 0.234519 0.005628
v 0.120000 0.237417 0.007957
v 0.121932 0.240895 0.009073
v 0.111841 0.201370 0.003247
v 0.109570 0.188519 0.001395
v 0.123450 0.193913 0.017215
v 0.121672 0.198271 0.015437
v 0.111184 0.198271 0.004949
v 0.112305 0.202445 0.006070
v 0.115476 0.212755 0.009241
v 0.116092 0.218169 0.009857
v 0.115471 0.221514 0.009236
v 0.113971 0.223843 0.007736
v 0.114185 0.234519 0.007950
v 0.117478 0.237417 0.011244
v 0.119056 0.240895 0.012821
v 0.110817 0.201370 0.004582
v 0.110920 0.191127 0.003600
v 0.110443 0.193913 0.005477
v 0.118415 0.193913 0.021079
v 0.117157 0.198271 0.018902
v 0.109741 0.198271 0.006056
v 0.110534 0.202445 0.007429
v 0.112776 0.212755 0.011313
v 0.113212 0.218169 0.012067
v 0.112772 0.221514 0.011306
v 0.111712 0.223843 0.009469
v 0.111863 0.234519 0.009731
v 0.114192 0.237417 0.013765
v 0.115308 0.240895 0.015698
v 0.109481 0.201370 0.005606
v 0.108440 0.188519 0.002867
v 0.112551 0.193913 0.023508
v 0.111900 0.198271 0.021079
v 0.108061 0.198271 0.006752
v 0.108471 0.202445 0.008283
v 0.109632 0.212755 0.012615
v 0.109857 0.218169 0.013457
v 0.109630 0.221514 0.012608
v 0.109081 0.223843 0.010559
v 0.109159 0.234519 0.010851
v 0.110365 0.237417 0.015351
v 0.110942 0.240895 0.017506
v 0.107927 0.201370 0.006250
v 0.108507 0.191127 0.005452
v 0.107155 0.193913 0.006839
v 0.106258 0.193913 0.024337
v 0.106258 0.198271 0.021822
v 0.106258 0.198271 0.006990
v 0.106258 0.202445 0.008574
v 0.106258 0.212755 0.013060
v 0.106258 0.218169 0.013931
v 0.106258 0.221514 0.013052
v 0.106258 0.223843 0.010930
v 0.106258 0.234519 0.011233
v 0.106258 0.237417 0.015891
v 0.106258 0.240895 0.018122
v 0.106258 0.201370 0.006470
v 0.106726 0.188519 0.003577
v 0.099965 0.193913 0.023508
v 0.100616 0.198271 0.021079
v 0.104455 0.198271 0.006752
v 0.104045 0.202445 0.008283
v 0.102884 0.212755 0.012615
v 0.102658 0.218169 0.013457
v 0.102886 0.221514 0.012608
v 0.103435 0.223843 0.010559
v 0.103357 0.234519 0.010851
v 0.102151 0.237417 0.015351
v 0.101573 0.240895 0.017506
v 0.104589 0.201370 0.006250
v 0.105491 0.191127 0.005849
v 0.103627 0.193913 0.006374
v 0.094101 0.193913 0.021079
v 0.095358 0.198271 0.018902
v 0.102775 0.198271 0.006056
v 0.101982 0.202445 0.007429
v 0.099740 0.212755 0.011313
v 0.099304 0.218169 0.012067
v 0.099744 0.221514 0.011306
v 0.100804 0.223843 0.009469
v 0.100653 0.234519 0.009731
v 0.098324 0.237417 0.013765
v 0.097208 0.240895 0.015698
v 0.103034 0.201370 0.005606
v 0.104886 0.188519 0.003335
v 0.089066 0.193913 0.017215
v 0.090844 0.198271 0.015437
v 0.101332 0.198271 0.004949
v 0.100211 0.202445 0.006070
v 0.097040 0.212755 0.009241
v 0.096424 0.218169 0.009857
v 0.097045 0.221514 0.009236
v 0.098545 0.223843 0.007736
v 0.098331 0.234519 0.007950
v 0.095037 0.237417 0.011244
v 0.093460 0.240895 0.012821
v 0.101699 0.201370 0.004582
v 0.102681 0.191127 0.004685
v 0.100804 0.193913 0.004208
v 0.085202 0.193913 0.012180
v 0.087379 0.198271 0.010923
v 0.100224 0.198271 0.003506
v 0.098852 0.202445 0.004299
v 0.094968 0.212755 0.006541
v 0.094214 0.218169 0.006977
v 0.094975 0.221514 0.006537
v 0.096812 0.223843 0.005477
v 0.096550 0.234519 0.005628
v 0.092516 0.237417 0.007957
v 0.090583 0.240895 0.009073
v 0.100675 0.201370 0.003247
v 0.103414 0.188519 0.002205
v 0.082773 0.193913 0.006316
v 0.085202 0.198271 0.005665
v 0.099529 0.198271 0.001826
v 0.097998 0.202445 0.002236
v 0.093666 0.212755 0.003397
v 0.092824 0.218169 0.003623
v 0.093673 0.221514 0.003395
v 0.095722 0.223843 0.002846
v 0.095430 0.234519 0.002924
v 0.090930 0.237417 0.004130
v 0.088775 0.240895 0.004707
v 0.100031 0.201370 0.001692
v 0.100829 0.191127 0.002272
v 0.099442 0.193913 0.000920
v 0.081944 0.193913 0.000023
v 0.084459 0.198271 0.000023
v 0.099291 0.198271 0.000023
v 0.097707 0.202445 0.000023
v 0.093221 0.212755 0.000023
v 0.092350 0.218169 0.000023
v 0.093229 0.221514 0.000023
v 0.095351 0.223843 0.000023
v 0.095048 0.234519 0.000023
v 0.090390 0.237417 0.000023
v 0.088159 0.240895 0.000023
v 0.099811 0.201370 0.000023
v 0.102704 0.188519 0.000491
v 0.082773 0.193913 -0.006270
v 0.085202 0.198271 -0.005619
v 0.099529 0.198271 -0.001780
v 0.097998 0.202445 -0.002190
v 0.093666 0.212755 -0.003351
v 0.092824 0.218169 -0.003577
v 0.093673 0.221514 -0.003349
v 0.095722 0.223843 -0.002800
v 0.095430 0.234519 -0.002878
v 0.090930 0.237417 -0.004084
v 0.088775 0.240895 -0.004661
v 0.100031 0.201370 -0.001646
v 0.100432 0.191127 -0.000744
v 0.099907 0.193913 -0.002608
v 0.085202 0.193913 -0.012134
v 0.087379 0.198271 -0.010876
v 0.100225 0.198271 -0.003460
v 0.098852 0.202445 -0.004253
v 0.094968 0.212755 -0.006495
v 0.094214 0.218169 -0.006931
v 0.094975 0.221514 -0.006491
v 0.096812 0.223843 -0.005431
v 0.096550 0.234519 -0.005582
v 0.092516 0.237417 -0.007911
v 0.090583 0.240895 -0.009027
v 0.100675 0.201370 -0.003201
v 0.102946 0.188519 -0.001349
v 0.089066 0.193913 -0.017169
v 0.090844 0.198271 -0.015391
v 0.101332 0.198271 -0.004903
v 0.100211 0.202445 -0.006024
v 0.097040 0.212755 -0.009195
v 0.096424 0.218169 -0.009811
v 0.097045 0.221514 -0.009190
v 0.098545 0.223843 -0.007690
v 0.098331 0.234519 -0.007904
v 0.095037 0.237417 -0.011197
v 0.093460 0.240895 -0.012775
v 0.101699 0.201370 -0.004536
v 0.101596 0.191127 -0.003554
v 0.102073 0.193913 -0.005431
v 0.094101 0.193913 -0.021033
v 0.095358 0.198271 -0.018855
v 0.102775 0.198271 -0.006010
v 0.101982 0.202445 -0.007383
v 0.099740 0.212755 -0.011267
v 0.099304 0.218169 -0.012021
v 0.099744 0.221514 -0.011260
v 0.100804 0.223843 -0.009423
v 0.100653 0.234519 -0.009685
v 0.098324 0.237417 -0.013719
v 0.097208 0.240895 -0.015652
v 0.103034 0.201370 -0.005560
v 0.104076 0.188519 -0.002821
v 0.099965 0.193913 -0.023462
v 0.100616 0.198271 -0.021033
v 0.104455 0.198271 -0.006706
v 0.104045 0.202445 -0.008237
v 0.102884 0.212755 -0.012569
v 0.102658 0.218169 -0.013411
v 0.102886 0.221514 -0.012562
v 0.103435 0.223843 -0.010513
v 0.103357 0.234519 -0.010805
v 0.102151 0.237417 -0.015304
v 0.101574 0.240895 -0.017460
v 0.104589 0.201370 -0.006204
v 0.104009 0.191127 -0.005406
v 0.105361 0.193913 -0.006793
v 0.106258 0.193913 -0.024291
v 0.106258 0.198271 -0.021776
v 0.106258 0.198271 -0.006944
v 0.106258 0.202445 -0.008528
v 0.106258 0.212755 -0.013014
v 0.106258 0.218169 -0.013885
v 0.106258 0.221514 -0.013006
v 0.106258 0.223843 -0.010884
v 0.106258 0.234519 -0.011187
v 0.106258 0.237417 -0.015845
v 0.106258 0.240895 -0.018076
v 0.106258 0.201370 -0.006424
v 0.105790 0.188519 -0.003531
v 0.112551 0.193913 -0.023462
v 0.111900 0.198271 -0.021033
v 0.108061 0.198271 -0.006706
v 0.108471 0.202445 -0.008237
v 0.109632 0.212755 -0.012569
v 0.109858 0.218169 -0.013411
v 0.109630 0.221514 -0.012562
v 0.109081 0.223843 -0.010513
v 0.109159 0.234519 -0.010805
v 0.110365 0.237417 -0.015304
v 0.110942 0.240895 -0.017460
v 0.107927 0.201370 -0.006204
v 0.107025 0.191127 -0.005803
v 0.108889 0.193913 -0.006328
v 0.118415 0.193913 -0.021033
v 0.117157 0.198271 -0.018855
v 0.109741 0.198271 -0.006010
v 0.110534 0.202445 -0.007383
v 0.112776 0.212755 -0.011267
v 0.113212 0.218169 -0.012021
v 0.112772 0.221514 -0.011260
v 0.111712 0.223843 -0.009423
v 0.111863 0.234519 -0.009685
v 0.114192 0.237417 -0.013719
v 0.115308 0.240895 -0.015651
v 0.109481 0.201370 -0.005560
v 0.107630 0.188519 -0.003289
v 0.123450 0.193913 -0.017169
v 0.121672 0.198271 -0.015391
v 0.111184 0.198271 -0.004903
v 0.112305 0.202445 -0.006024
v 0.115476 0.212755 -0.009195
v 0.116092 0.218169 -0.009811
v 0.115471 0.221514 -0.009190
v 0.113971 0.223843 -0.007690
v 0.114185 0.234519 -0.007904
v 0.117478 0.237417 -0.011197
v 0.119056 0.240895 -0.012775
v 0.110817 0.201370 -0.004536
v 0.109835 0.191127 -0.004639
v 0.111712 0.193913 -0.004162
v 0.127314 0.193913 -0.012134
v 0.125136 0.198271 -0.010876
v 0.112291 0.198271 -0.003460
v 0.113664 0.202445 -0.004253
v 0.117548 0.212755 -0.006495
v 0.118302 0.218169 -0.006931
v 0.117541 0.221514 -0.006491
v 0.115704 0.223843 -0.005431
v 0.115966 0.234519 -0.005582
v 0.120000 0.237417 -0.007911
v 0.121933 0.240895 -0.009027
v 0.111841 0.201370 -0.003200
v 0.109102 0.188519 -0.002159
v 0.129743 0.193913 -0.006270
v 0.127314 0.198271 -0.005619
v 0.112987 0.198271 -0.001780
v 0.114518 0.202445 -0.002190
v 0.118850 0.212755 -0.003351
v 0.119692 0.218169 -0.003576
v 0.118843 0.221514 -0.003349
v 0.116794 0.223843 -0.002800
v 0.117086 0.234519 -0.002878
v 0.121585 0.237417 -0.004084
v 0.123741 0.240895 -0.004661
v 0.112485 0.201370 -0.001646
v 0.111687 0.191127 -0.002226
v 0.014950 0.176526 0.000000
v 0.014615 0.182342 -0.000000
v 0.014950 0.176712 -0.001940
v 0.014950 0.182342 -0.002010
v 0.018805 0.179817 -0.003973
v 0.014950 0.182342 0.002010
v 0.014950 0.176712 0.001940
v 0.011067 0.176576 -0.001940
v 0.010951 0.182342 -0.000000
v 0.009819 0.182342 0.005669
v 0.009930 0.176576 0.005733
v 0.008017 0.182342 0.008017
v 0.008108 0.176576 0.008108
v 0.005669 0.182342 0.009819
v 0.005733 0.176576 0.009930
v 0.002934 0.182342 0.010951
v 0.002968 0.176576 0.011075
v 0.002934 0.182342 -0.010951
v 0.002968 0.176576 -0.011075
v 0.005669 0.182342 -0.009819
v 0.005733 0.176576 -0.009930
v 0.008017 0.182342 -0.008017
v 0.008108 0.176576 -0.008108
v 0.009819 0.182342 -0.005669
v 0.009930 0.176576 -0.005733
v 0.008284 0.182342 0.000000
v 0.008412 0.176526 0.000000
v 0.008001 0.182342 0.002144
v 0.008125 0.176526 0.002177
v 0.007174 0.182342 0.004142
v 0.007285 0.176526 0.004206
v 0.005857 0.182342 0.005857
v 0.005948 0.176526 0.005948
v 0.004142 0.182342 0.007174
v 0.004206 0.176526 0.007285
v 0.002144 0.182342 0.008001
v 0.002177 0.176526 0.008125
v 0.002144 0.182342 -0.008001
v 0.002177 0.176526 -0.008125
v 0.004142 0.182342 -0.007174
v 0.004206 0.176526 -0.007285
v 0.005857 0.182342 -0.005857
v 0.005948 0.176526 -0.005948
v 0.007174 0.182342 -0.004142
v 0.007285 0.176526 -0.004206
v 0.008001 0.182342 -0.002144
v 0.008125 0.176526 -0.002177
v 0.122797 0.240895 0.000023
v 0.117052 0.207600 0.000023
v 0.116684 0.207600 0.002817
v 0.115606 0.207600 0.005420
v 0.113890 0.207600 0.007656
v 0.111655 0.207600 0.009371
v 0.109052 0.207600 0.010449
v 0.106258 0.207600 0.010817
v 0.103464 0.207600 0.010449
v 0.100861 0.207600 0.009371
v 0.098625 0.207600 0.007656
v 0.096910 0.207600 0.005420
v 0.095832 0.207600 0.002817
v 0.095464 0.207600 0.000023
v 0.095832 0.207600 -0.002771
v 0.096910 0.207600 -0.005374
v 0.098625 0.207600 -0.007609
v 0.100861 0.207600 -0.009325
v 0.103464 0.207600 -0.010403
v 0.106258 0.207600 -0.010771
v 0.109052 0.207600 -0.010403
v 0.111655 0.207600 -0.009325
v 0.113890 0.207600 -0.007609
v 0.115606 0.207600 -0.005374
v 0.116684 0.207600 -0.002771
v 0.117317 0.229181 0.000023
v 0.116940 0.229181 0.002885
v 0.115835 0.229181 0.005552
v 0.114078 0.229181 0.007843
v 0.111787 0.229181 0.009600
v 0.109120 0.229181 0.010705
v 0.106258 0.229181 0.011082
v 0.103396 0.229181 0.010705
v 0.100729 0.229181 0.009600
v 0.098438 0.229181 0.007843
v 0.096681 0.229181 0.005552
v 0.095576 0.229181 0.002885
v 0.095199 0.229181 0.000023
v 0.095576 0.229181 -0.002839
v 0.096681 0.229181 -0.005506
v 0.098438 0.229181 -0.007797
v 0.100729 0.229181 -0.009554
v 0.103396 0.229181 -0.010659
v 0.106258 0.229181 -0.011036
v 0.109120 0.229181 -0.010659
v 0.111787 0.229181 -0.009554
v 0.114078 0.229181 -0.007797
v 0.115835 0.229181 -0.005506
v 0.116940 0.229181 -0.002839
v 0.122234 0.240895 0.004304
v 0.120581 0.240895 0.008293
v 0.117953 0.240895 0.011718
v 0.114528 0.240895 0.014347
v 0.110539 0.240895 0.015999
v 0.106258 0.240895 0.016562
v 0.101977 0.240895 0.015999
v 0.097988 0.240895 0.014347
v 0.094563 0.240895 0.011718
v 0.091934 0.240895 0.008293
v 0.090282 0.240895 0.004304
v 0.089719 0.240895 0.000023
v 0.090282 0.240895 -0.004258
v 0.091934 0.240895 -0.008247
v 0.094563 0.240895 -0.011672
v 0.097988 0.240895 -0.014301
v 0.101977 0.240895 -0.015953
v 0.106258 0.240895 -0.016516
v 0.110539 0.240895 -0.015953
v 0.114528 0.240895 -0.014300
v 0.117953 0.240895 -0.011672
v 0.120581 0.240895 -0.008247
v 0.122234 0.240895 -0.004258
v 0.122797 0.239316 0.000023
v 0.122234 0.239316 0.004304
v 0.120581 0.239316 0.008293
v 0.117953 0.239316 0.011718
v 0.114528 0.239316 0.014347
v 0.110539 0.239316 0.015999
v 0.106258 0.239316 0.016562
v 0.101977 0.239316 0.015999
v 0.097988 0.239316 0.014347
v 0.094563 0.239316 0.011718
v 0.091934 0.239316 0.008293
v 0.090282 0.239316 0.004304
v 0.089719 0.239316 0.000023
v 0.090282 0.239316 -0.004258
v 0.091934 0.239316 -0.008247
v 0.094563 0.239316 -0.011672
v 0.097988 0.239316 -0.014301
v 0.101977 0.239316 -0.015953
v 0.106258 0.239316 -0.016516
v 0.110539 0.239316 -0.015953
v 0.114528 0.239316 -0.014300
v 0.117953 0.239316 -0.011672
v 0.120581 0.239316 -0.008247
v 0.122234 0.239316 -0.004258
v 0.106258 0.239316 0.000023
v -0.048703 0.000000 0.000000
v -0.048660 0.003144 0.000000
v -0.022529 0.022297 0.000000
v -0.022529 0.023828 0.000000
v -0.015983 0.025138 0.000000
v -0.009699 0.032473 0.000000
v -0.009699 0.038132 0.000000
v -0.007185 0.038547 0.000000
v -0.006242 0.050706 0.000000
v -0.007185 0.064224 0.000000
v -0.015040 0.112949 0.000000
v -0.013829 0.120009 0.000000
v -0.009555 0.125093 0.000000
v -0.005876 0.127794 0.000000
v -0.008494 0.131251 0.000000
v -0.009907 0.136476 0.000000
v -0.008052 0.141541 0.000000
v -0.005439 0.144385 0.000000
v -0.006269 0.151017 0.000000
v -0.010426 0.226628 -0.002794
v -0.007328 0.187072 0.000000
v -0.009012 0.191523 0.000000
v -0.006934 0.212941 0.000000
v -0.024314 0.212941 0.000000
v -0.021799 0.217299 0.000000
v -0.006967 0.217299 0.000000
v -0.008551 0.221473 0.000000
v -0.013037 0.231783 0.000000
v -0.013908 0.237197 0.000000
v -0.013029 0.240543 0.000000
v -0.010907 0.242871 0.000000
v -0.011210 0.253548 0.000000
v -0.015868 0.256445 0.000000
v -0.018099 0.259924 0.000000
v -0.006447 0.220398 0.000000
v -0.008603 0.147306 0.000000
v -0.010727 0.173908 0.000000
v -0.012209 0.173910 0.000000
v -0.012203 0.176583 0.000000
v -0.007990 0.183103 0.000000
v -0.008113 0.176598 0.000000
v -0.009856 0.172542 0.000000
v -0.010727 0.172544 0.000000
v -0.047044 0.000000 0.012605
v -0.047002 0.003144 0.012594
v -0.021761 0.022297 0.005831
v -0.021761 0.023828 0.005831
v -0.015438 0.025138 0.004137
v -0.009368 0.032473 0.002510
v -0.009368 0.038132 0.002510
v -0.006940 0.038547 0.001860
v -0.006030 0.050706 0.001616
v -0.006940 0.064224 0.001860
v -0.014528 0.112949 0.003893
v -0.013357 0.120009 0.003579
v -0.009229 0.125093 0.002473
v -0.005676 0.127794 0.001521
v -0.008205 0.131251 0.002198
v -0.009569 0.136476 0.002564
v -0.007777 0.141541 0.002084
v -0.005254 0.144385 0.001408
v -0.006055 0.151017 0.001622
v -0.009348 0.226628 -0.005397
v -0.007078 0.187072 0.001897
v -0.008705 0.191523 0.002333
v -0.006698 0.212941 0.001795
v -0.023485 0.212941 0.006293
v -0.021056 0.217299 0.005642
v -0.006729 0.217299 0.001803
v -0.008260 0.221473 0.002213
v -0.012592 0.231783 0.003374
v -0.013434 0.237197 0.003600
v -0.012585 0.240543 0.003372
v -0.010536 0.242871 0.002823
v -0.010828 0.253548 0.002901
v -0.015327 0.256445 0.004107
v -0.017483 0.259924 0.004685
v -0.006227 0.220398 0.001669
v -0.008310 0.147306 0.002227
v -0.010361 0.173908 0.002776
v -0.011793 0.173910 0.003160
v -0.011787 0.176583 0.003158
v -0.007717 0.183103 0.002068
v -0.007837 0.176598 0.002100
v -0.009520 0.172542 0.002551
v -0.010362 0.172544 0.002776
v -0.042178 0.000000 0.024352
v -0.042141 0.003144 0.024330
v -0.019511 0.022297 0.011265
v -0.019511 0.023828 0.011265
v -0.013842 0.025138 0.007992
v -0.008399 0.032473 0.004849
v -0.008399 0.038132 0.004849
v -0.006222 0.038547 0.003593
v -0.005406 0.050706 0.003121
v -0.006222 0.064224 0.003593
v -0.013025 0.112949 0.007520
v -0.011976 0.120009 0.006914
v -0.008275 0.125093 0.004777
v -0.005089 0.127794 0.002938
v -0.007356 0.131251 0.004247
v -0.008579 0.136476 0.004953
v -0.006973 0.141541 0.004026
v -0.004711 0.144385 0.002720
v -0.005429 0.151017 0.003134
v -0.007633 0.226628 -0.007632
v -0.006346 0.187072 0.003664
v -0.007805 0.191523 0.004506
v -0.006005 0.212941 0.003467
v -0.021056 0.212941 0.012157
v -0.018878 0.217299 0.010900
v -0.006033 0.217299 0.003483
v -0.007406 0.221473 0.004276
v -0.011290 0.231783 0.006518
v -0.012044 0.237197 0.006954
v -0.011283 0.240543 0.006514
v -0.009446 0.242871 0.005454
v -0.009708 0.253548 0.005605
v -0.013742 0.256445 0.007934
v -0.015675 0.259924 0.009050
v -0.005583 0.220398 0.003224
v -0.007451 0.147306 0.004302
v -0.009289 0.173908 0.005363
v -0.010573 0.173910 0.006105
v -0.010568 0.176583 0.006101
v -0.006919 0.183103 0.003995
v -0.007026 0.176598 0.004057
v -0.008536 0.172542 0.004928
v -0.009290 0.172544 0.005364
v 0.000000 0.000000 0.000000
v -0.034438 0.000000 0.034438
v -0.034408 0.003144 0.034408
v -0.015930 0.022297 0.015931
v -0.015930 0.023828 0.015931
v -0.011302 0.025138 0.011302
v -0.006858 0.032473 0.006858
v -0.006858 0.038132 0.006858
v -0.005081 0.038547 0.005081
v -0.004414 0.050706 0.004414
v -0.005081 0.064224 0.005081
v -0.010635 0.112949 0.010635
v -0.009778 0.120009 0.009778
v -0.006756 0.125093 0.006756
v -0.004155 0.127794 0.004155
v -0.006006 0.131251 0.006006
v -0.007005 0.136476 0.007005
v -0.005693 0.141541 0.005693
v -0.003846 0.144385 0.003846
v -0.004433 0.151017 0.004433
v -0.005397 0.226628 -0.009348
v -0.005181 0.187072 0.005181
v -0.006373 0.191523 0.006373
v -0.004903 0.212941 0.004903
v -0.017192 0.212941 0.017192
v -0.015414 0.217299 0.015414
v -0.004926 0.217299 0.004926
v -0.006047 0.221473 0.006047
v -0.009218 0.231783 0.009218
v -0.009834 0.237197 0.009834
v -0.009213 0.240543 0.009213
v -0.007713 0.242871 0.007713
v -0.007927 0.253548 0.007927
v -0.011220 0.256445 0.011221
v -0.012798 0.259924 0.012798
v -0.004559 0.220398 0.004559
v -0.006083 0.147306 0.006084
v -0.007585 0.173908 0.007585
v -0.008633 0.173910 0.008633
v -0.008629 0.176583 0.008629
v -0.005650 0.183103 0.005650
v -0.005737 0.176598 0.005737
v -0.006969 0.172542 0.006969
v -0.007585 0.172544 0.007585
v -0.024352 0.000000 0.042178
v -0.024330 0.003144 0.042141
v -0.011265 0.022297 0.019511
v -0.011265 0.023828 0.019511
v -0.007992 0.025138 0.013842
v -0.004849 0.032473 0.008399
v -0.004849 0.038132 0.008399
v -0.003593 0.038547 0.006222
v -0.003121 0.050706 0.005406
v -0.003593 0.064224 0.006222
v -0.007520 0.112949 0.013025
v -0.006914 0.120009 0.011976
v -0.004777 0.125093 0.008275
v -0.002938 0.127794 0.005089
v -0.004247 0.131251 0.007356
v -0.004953 0.136476 0.008579
v -0.004026 0.141541 0.006973
v -0.002720 0.144385 0.004711
v -0.003134 0.151017 0.005429
v -0.002794 0.226628 -0.010426
v -0.003664 0.187072 0.006346
v -0.004506 0.191523 0.007805
v -0.003467 0.212941 0.006005
v -0.012157 0.212941 0.021056
v -0.010899 0.217299 0.018879
v -0.003483 0.217299 0.006033
v -0.004276 0.221473 0.007406
v -0.006518 0.231783 0.011290
v -0.006954 0.237197 0.012044
v -0.006514 0.240543 0.011283
v -0.005454 0.242871 0.009446
v -0.005605 0.253548 0.009708
v -0.007934 0.256445 0.013742
v -0.009050 0.259924 0.015675
v -0.003224 0.220398 0.005583
v -0.004302 0.147306 0.007451
v -0.005363 0.173908 0.009289
v -0.006105 0.173910 0.010573
v -0.006101 0.176583 0.010568
v -0.003995 0.183103 0.006919
v -0.004057 0.176598 0.007026
v -0.004928 0.172542 0.008536
v -0.005364 0.172544 0.009290
v -0.012605 0.000000 0.047044
v -0.012594 0.003144 0.047002
v -0.005831 0.022297 0.021761
v -0.005831 0.023828 0.021761
v -0.004137 0.025138 0.015438
v -0.002510 0.032473 0.009368
v -0.002510 0.038132 0.009368
v -0.001860 0.038547 0.006940
v -0.001616 0.050706 0.006030
v -0.001860 0.064224 0.006940
v -0.003893 0.112949 0.014528
v -0.003579 0.120009 0.013357
v -0.002473 0.125093 0.009229
v -0.001521 0.127794 0.005676
v -0.002198 0.131251 0.008205
v -0.002564 0.136476 0.009569
v -0.002084 0.141541 0.007777
v -0.001408 0.144385 0.005254
v -0.001622 0.151017 0.006055
v -0.000000 0.226628 -0.010794
v -0.001897 0.187072 0.007078
v -0.002333 0.191523 0.008705
v -0.001795 0.212941 0.006698
v -0.006293 0.212941 0.023485
v -0.005642 0.217299 0.021056
v -0.001803 0.217299 0.006729
v -0.002213 0.221473 0.008260
v -0.003374 0.231783 0.012592
v -0.003600 0.237197 0.013434
v -0.003372 0.240543 0.012585
v -0.002823 0.242871 0.010536
v -0.002901 0.253548 0.010828
v -0.004107 0.256445 0.015327
v -0.004684 0.259924 0.017483
v -0.001669 0.220398 0.006227
v -0.002227 0.147306 0.008310
v -0.002776 0.173908 0.010361
v -0.003160 0.173910 0.011793
v -0.003158 0.176583 0.011787
v -0.002068 0.183103 0.007717
v -0.002100 0.176598 0.007837
v -0.002551 0.172542 0.009520
v -0.002776 0.172544 0.010362
v 0.000000 0.000000 0.048703
v 0.000000 0.003144 0.048660
v 0.000000 0.022297 0.022529
v 0.000000 0.023828 0.022529
v 0.000000 0.025138 0.015983
v 0.000000 0.032473 0.009699
v 0.000000 0.038132 0.009699
v 0.000000 0.038547 0.007185
v 0.000000 0.050706 0.006242
v 0.000000 0.064224 0.007185
v 0.000000 0.112949 0.015040
v 0.000000 0.120009 0.013829
v 0.000000 0.125093 0.009555
v 0.000000 0.127794 0.005876
v 0.000000 0.131251 0.008494
v 0.000000 0.136476 0.009907
v 0.000000 0.141541 0.008052
v 0.000000 0.144385 0.005439
v 0.000000 0.151017 0.006269
v 0.002794 0.226628 -0.010426
v 0.000000 0.187072 0.007328
v 0.000000 0.191523 0.009012
v 0.000000 0.212941 0.006934
v 0.000000 0.212941 0.024314
v 0.000000 0.217299 0.021799
v 0.000000 0.217299 0.006967
v 0.000000 0.221473 0.008551
v 0.000000 0.231783 0.013037
v 0.000000 0.237197 0.013908
v 0.000000 0.240543 0.013029
v 0.000000 0.242871 0.010907
v 0.000000 0.253548 0.011210
v 0.000000 0.256445 0.015868
v 0.000000 0.259924 0.018099
v 0.000000 0.220398 0.006447
v 0.000000 0.147306 0.008603
v 0.000000 0.173908 0.010727
v 0.000000 0.173910 0.012209
v 0.000000 0.176583 0.012203
v 0.000000 0.183103 0.007990
v 0.000000 0.176598 0.008113
v 0.000000 0.172542 0.009856
v 0.000000 0.172544 0.010727
v 0.012605 0.000000 0.047044
v 0.012594 0.003144 0.047002
v 0.005831 0.022297 0.021761
v 0.005831 0.023828 0.021761
v 0.004137 0.025138 0.015438
v 0.002510 0.032473 0.009368
v 0.002510 0.038132 0.009368
v 0.001860 0.038547 0.006940
v 0.001616 0.050706 0.006030
v 0.001860 0.064224 0.006940
v 0.003893 0.112949 0.014528
v 0.003579 0.120009 0.013357
v 0.002473 0.125093 0.009229
v 0.001521 0.127794 0.005676
v 0.002198 0.131251 0.008205
v 0.002564 0.136476 0.009569
v 0.002084 0.141541 0.007777
v 0.001408 0.144385 0.005254
v 0.001622 0.151017 0.006055
v 0.005397 0.226628 -0.009348
v 0.001897 0.187072 0.007078
v 0.002333 0.191523 0.008705
v 0.001795 0.212941 0.006698
v 0.006293 0.212941 0.023485
v 0.005642 0.217299 0.021056
v 0.001803 0.217299 0.006729
v 0.002213 0.221473 0.008260
v 0.003374 0.231783 0.012592
v 0.003600 0.237197 0.013434
v 0.003372 0.240543 0.012585
v 0.002823 0.242871 0.010536
v 0.002901 0.253548 0.010828
v 0.004107 0.256445 0.015327
v 0.004685 0.259924 0.017483
v 0.001669 0.220398 0.006227
v 0.002227 0.147306 0.008310
v 0.002776 0.173908 0.010361
v 0.003160 0.173910 0.011793
v 0.003158 0.176583 0.011787
v 0.002068 0.183103 0.007717
v 0.002100 0.176598 0.007837
v 0.002551 0.172542 0.009520
v 0.002776 0.172544 0.010362
v 0.024352 0.000000 0.042178
v 0.024330 0.003144 0.042141
v 0.011265 0.022297 0.019511
v 0.011265 0.023828 0.019511
v 0.007992 0.025138 0.013842
v 0.004849 0.032473 0.008399
v 0.004849 0.038132 0.008399
v 0.003593 0.038547 0.006222
v 0.003121 0.050706 0.005406
v 0.003593 0.064224 0.006222
v 0.007520 0.112949 0.013025
v 0.006914 0.120009 0.011976
v 0.004777 0.125093 0.008275
v 0.002938 0.127794 0.005089
v 0.004247 0.131251 0.007356
v 0.004953 0.136476 0.008579
v 0.004026 0.141541 0.006973
v 0.002720 0.144385 0.004711
v 0.003134 0.151017 0.005429
v 0.007632 0.226628 -0.007633
v 0.003664 0.187072 0.006346
v 0.004506 0.191523 0.007805
v 0.003467 0.212941 0.006005
v 0.012157 0.212941 0.021056
v 0.010900 0.217299 0.018878
v 0.003483 0.217299 0.006033
v 0.004276 0.221473 0.007406
v 0.006518 0.231783 0.011290
v 0.006954 0.237197 0.012044
v 0.006514 0.240543 0.011283
v 0.005454 0.242871 0.009446
v 0.005605 0.253548 0.009708
v 0.007934 0.256445 0.013742
v 0.009050 0.259924 0.015675
v 0.003224 0.220398 0.005583
v 0.004302 0.147306 0.007451
v 0.005363 0.173908 0.009289
v 0.006105 0.173910 0.010573
v 0.006101 0.176583 0.010568
v 0.003995 0.183103 0.006919
v 0.004057 0.176598 0.007026
v 0.004928 0.172542 0.008536
v 0.005364 0.172544 0.009290
v 0.034438 0.000000 0.034438
v 0.034408 0.003144 0.034408
v 0.015931 0.022297 0.015930
v 0.015931 0.023828 0.015930
v 0.011302 0.025138 0.011302
v 0.006858 0.032473 0.006858
v 0.006858 0.038132 0.006858
v 0.005081 0.038547 0.005081
v 0.004414 0.050706 0.004414
v 0.005081 0.064224 0.005081
v 0.010635 0.112949 0.010635
v 0.009778 0.120009 0.009778
v 0.006756 0.125093 0.006756
v 0.004155 0.127794 0.004155
v 0.006006 0.131251 0.006006
v 0.007005 0.136476 0.007005
v 0.005693 0.141541 0.005693
v 0.003846 0.144385 0.003846
v 0.004433 0.151017 0.004433
v 0.009348 0.226628 -0.005397
v 0.005181 0.187072 0.005181
v 0.006373 0.191523 0.006373
v 0.004903 0.212941 0.004903
v 0.017192 0.212941 0.017192
v 0.015414 0.217299 0.015414
v 0.004926 0.217299 0.004926
v 0.006047 0.221473 0.006047
v 0.009218 0.231783 0.009218
v 0.009834 0.237197 0.009834
v 0.009213 0.240543 0.009213
v 0.007713 0.242871 0.007713
v 0.007927 0.253548 0.007927
v 0.011221 0.256445 0.011220
v 0.012798 0.259924 0.012798
v 0.004559 0.220398 0.004559
v 0.006084 0.147306 0.006083
v 0.007585 0.173908 0.007585
v 0.008633 0.173910 0.008633
v 0.008629 0.176583 0.008629
v 0.005650 0.183103 0.005650
v 0.005737 0.176598 0.005737
v 0.006969 0.172542 0.006969
v 0.007585 0.172544 0.007585
v 0.042178 0.000000 0.024352
v 0.042141 0.003144 0.024330
v 0.019511 0.022297 0.011265
v 0.019511 0.023828 0.011265
v 0.013842 0.025138 0.007992
v 0.008399 0.032473 0.004849
v 0.008399 0.038132 0.004849
v 0.006222 0.038547 0.003593
v 0.005406 0.050706 0.003121
v 0.006222 0.064224 0.003593
v 0.013025 0.112949 0.007520
v 0.011976 0.120009 0.006914
v 0.008275 0.125093 0.004777
v 0.005089 0.127794 0.002938
v 0.007356 0.131251 0.004247
v 0.008579 0.136476 0.004953
v 0.006973 0.141541 0.004026
v 0.004711 0.144385 0.002720
v 0.005429 0.151017 0.003134
v 0.010426 0.226628 -0.002794
v 0.006346 0.187072 0.003664
v 0.007805 0.191523 0.004506
v 0.006005 0.212941 0.003467
v 0.021056 0.212941 0.012157
v 0.018879 0.217299 0.010899
v 0.006033 0.217299 0.003483
v 0.007406 0.221473 0.004276
v 0.011290 0.231783 0.006518
v 0.012044 0.237197 0.006954
v 0.011283 0.240543 0.006514
v 0.009446 0.242871 0.005454
v 0.009708 0.253548 0.005605
v 0.013742 0.256445 0.007934
v 0.015675 0.259924 0.009050
v 0.005583 0.220398 0.003224
v 0.007451 0.147306 0.004302
v 0.009289 0.173908 0.005363
v 0.010573 0.173910 0.006105
v 0.010568 0.176583 0.006101
v 0.006919 0.183103 0.003995
v 0.007026 0.176598 0.004057
v 0.008536 0.172542 0.004928
v 0.009290 0.172544 0.005364
v 0.047044 0.000000 0.012605
v 0.047002 0.003144 0.012594
v 0.021761 0.022297 0.005831
v 0.021761 0.023828 0.005831
v 0.015438 0.025138 0.004137
v 0.009368 0.032473 0.002510
v 0.009368 0.038132 0.002510
v 0.006940 0.038547 0.001860
v 0.006030 0.050706 0.001616
v 0.006940 0.064224 0.001860
v 0.014528 0.112949 0.003893
v 0.013357 0.120009 0.003579
v 0.009229 0.125093 0.002473
v 0.005676 0.127794 0.001521
v 0.008205 0.131251 0.002198
v 0.009569 0.136476 0.002564
v 0.007777 0.141541 0.002084
v 0.005254 0.144385 0.001408
v 0.006055 0.151017 0.001622
v 0.010794 0.226628 -0.000000
v 0.007078 0.187072 0.001897
v 0.008705 0.191523 0.002333
v 0.006698 0.212941 0.001795
v 0.023485 0.212941 0.006293
v 0.021056 0.217299 0.005642
v 0.006729 0.217299 0.001803
v 0.008260 0.221473 0.002213
v 0.012592 0.231783 0.003374
v 0.013434 0.237197 0.003600
v 0.012585 0.240543 0.003372
v 0.010536 0.242871 0.002823
v 0.010828 0.253548 0.002901
v 0.015327 0.256445 0.004107
v 0.017483 0.259924 0.004684
v 0.006227 0.220398 0.001669
v 0.008310 0.147306 0.002227
v 0.010361 0.173908 0.002776
v 0.011793 0.173910 0.003160
v 0.011787 0.176583 0.003158
v 0.007717 0.183103 0.002068
v 0.007837 0.176598 0.002100
v 0.009520 0.172542 0.002551
v 0.010362 0.172544 0.002776
v 0.048703 0.000000 -0.000000
v 0.048660 0.003144 -0.000000
v 0.022529 0.022297 -0.000000
v 0.022529 0.023828 -0.000000
v 0.015983 0.025138 -0.000000
v 0.009699 0.032473 -0.000000
v 0.009699 0.038132 -0.000000
v 0.007185 0.038547 -0.000000
v 0.006242 0.050706 -0.000000
v 0.007185 0.064224 -0.000000
v 0.015040 0.112949 -0.000000
v 0.013829 0.120009 -0.000000
v 0.009555 0.125093 -0.000000
v 0.005876 0.127794 -0.000000
v 0.008494 0.131251 -0.000000
v 0.009907 0.136476 -0.000000
v 0.008052 0.141541 -0.000000
v 0.005439 0.144385 -0.000000
v 0.006269 0.151017 -0.000000
v 0.010426 0.226628 0.002794
v 0.007328 0.187072 -0.000000
v 0.009012 0.191523 -0.000000
v 0.006934 0.212941 -0.000000
v 0.024314 0.212941 -0.000000
v 0.021799 0.217299 -0.000000
v 0.006967 0.217299 -0.000000
v 0.008551 0.221473 -0.000000
v 0.013037 0.231783 -0.000000
v 0.013908 0.237197 -0.000000
v 0.013029 0.240543 -0.000000
v 0.010907 0.242871 -0.000000
v 0.011210 0.253548 -0.000000
v 0.015868 0.256445 -0.000000
v 0.018099 0.259924 -0.000000
v 0.006447 0.220398 -0.000000
v 0.008603 0.147306 -0.000000
v 0.010727 0.173908 -0.000000
v 0.012209 0.173910 -0.000000
v 0.012203 0.176583 -0.000000
v 0.007990 0.183103 -0.000000
v 0.008113 0.176598 -0.000000
v 0.009856 0.172542 -0.000000
v 0.010727 0.172544 -0.000000
v 0.047044 0.000000 -0.012605
v 0.047002 0.003144 -0.012594
v 0.021761 0.022297 -0.005831
v 0.021761 0.023828 -0.005831
v 0.015438 0.025138 -0.004137
v 0.009368 0.032473 -0.002510
v 0.009368 0.038132 -0.002510
v 0.006940 0.038547 -0.001860
v 0.006030 0.050706 -0.001616
v 0.006940 0.064224 -0.001860
v 0.014528 0.112949 -0.003893
v 0.013357 0.120009 -0.003579
v 0.009229 0.125093 -0.002473
v 0.005676 0.127794 -0.001521
v 0.008205 0.131251 -0.002198
v 0.009569 0.136476 -0.002564
v 0.007777 0.141541 -0.002084
v 0.005254 0.144385 -0.001408
v 0.006055 0.151017 -0.001622
v 0.009348 0.226628 0.005397
v 0.007078 0.187072 -0.001897
v 0.008705 0.191523 -0.002333
v 0.006698 0.212941 -0.001795
v 0.023485 0.212941 -0.006293
v 0.021056 0.217299 -0.005642
v 0.006729 0.217299 -0.001803
v 0.008260 0.221473 -0.002213
v 0.012592 0.231783 -0.003374
v 0.013434 0.237197 -0.003600
v 0.012585 0.240543 -0.003372
v 0.010536 0.242871 -0.002823
v 0.010828 0.253548 -0.002901
v 0.015327 0.256445 -0.004107
v 0.017483 0.259924 -0.004685
v 0.006227 0.220398 -0.001669
v 0.008310 0.147306 -0.002227
v 0.010361 0.173908 -0.002776
v 0.011793 0.173910 -0.003160
v 0.011787 0.176583 -0.003158
v 0.007717 0.183103 -0.002068
v 0.007837 0.176598 -0.002100
v 0.009520 0.172542 -0.002551
v 0.010362 0.172544 -0.002776
v 0.042178 0.000000 -0.024352
v 0.042141 0.003144 -0.024330
v 0.019511 0.022297 -0.011265
v 0.019511 0.023828 -0.011265
v 0.013842 0.025138 -0.007992
v 0.008399 0.032473 -0.004849
v 0.008399 0.038132 -0.004849
v 0.006222 0.038547 -0.003593
v 0.005406 0.050706 -0.003121
v 0.006222 0.064224 -0.003593
v 0.013025 0.112949 -0.007520
v 0.011976 0.120009 -0.006914
v 0.008275 0.125093 -0.004777
v 0.005089 0.127794 -0.002938
v 0.007356 0.131251 -0.004247
v 0.008579 0.136476 -0.004953
v 0.006973 0.141541 -0.004026
v 0.004711 0.144385 -0.002720
v 0.005429 0.151017 -0.003134
v 0.007633 0.226628 0.007632
v 0.006346 0.187072 -0.003664
v 0.007805 0.191523 -0.004506
v 0.006005 0.212941 -0.003467
v 0.021056 0.212941 -0.012157
v 0.018878 0.217299 -0.010900
v 0.006033 0.217299 -0.003483
v 0.007406 0.221473 -0.004276
v 0.011290 0.231783 -0.006518
v 0.012044 0.237197 -0.006954
v 0.011283 0.240543 -0.006514
v 0.009446 0.242871 -0.005454
v 0.009708 0.253548 -0.005605
v 0.013742 0.256445 -0.007934
v 0.015675 0.259924 -0.009050
v 0.005583 0.220398 -0.003224
v 0.007451 0.147306 -0.004302
v 0.009289 0.173908 -0.005363
v 0.010573 0.173910 -0.006105
v 0.010568 0.176583 -0.006101
v 0.006919 0.183103 -0.003995
v 0.007026 0.176598 -0.004057
v 0.008536 0.172542 -0.004928
v 0.009290 0.172544 -0.005364
v 0.034438 0.000000 -0.034438
v 0.034408 0.003144 -0.034408
v 0.015930 0.022297 -0.015931
v 0.015930 0.023828 -0.015931
v 0.011302 0.025138 -0.011302
v 0.006858 0.032473 -0.006858
v 0.006858 0.038132 -0.006858
v 0.005081 0.038547 -0.005081
v 0.004414 0.050706 -0.004414
v 0.005081 0.064224 -0.005081
v 0.010635 0.112949 -0.010635
v 0.009778 0.120009 -0.009778
v 0.006756 0.125093 -0.006756
v 0.004155 0.127794 -0.004155
v 0.006006 0.131251 -0.006006
v 0.007005 0.136476 -0.007005
v 0.005693 0.141541 -0.005693
v 0.003846 0.144385 -0.003846
v 0.004433 0.151017 -0.004433
v 0.005397 0.226628 0.009348
v 0.005181 0.187072 -0.005181
v 0.006373 0.191523 -0.006373
v 0.004903 0.212941 -0.004903
v 0.017192 0.212941 -0.017192
v 0.015414 0.217299 -0.015414
v 0.004926 0.217299 -0.004926
v 0.006047 0.221473 -0.006047
v 0.009218 0.231783 -0.009218
v 0.009834 0.237197 -0.009834
v 0.009213 0.240543 -0.009213
v 0.007713 0.242871 -0.007713
v 0.007927 0.253548 -0.007927
v 0.011220 0.256445 -0.011221
v 0.012798 0.259924 -0.012798
v 0.004559 0.220398 -0.004559
v 0.006083 0.147306 -0.006084
v 0.007585 0.173908 -0.007585
v 0.008633 0.173910 -0.008633
v 0.008629 0.176583 -0.008629
v 0.005650 0.183103 -0.005650
v 0.005737 0.176598 -0.005737
v 0.006969 0.172542 -0.006969
v 0.007585 0.172544 -0.007585
v 0.024352 0.000000 -0.042178
v 0.024330 0.003144 -0.042141
v 0.011265 0.022297 -0.019511
v 0.011265 0.023828 -0.019511
v 0.007992 0.025138 -0.013842
v 0.004849 0.032473 -0.008399
v 0.004849 0.038132 -0.008399
v 0.003593 0.038547 -0.006222
v 0.003121 0.050706 -0.005406
v 0.003593 0.064224 -0.006222
v 0.007520 0.112949 -0.013025
v 0.006914 0.120009 -0.011976
v 0.004777 0.125093 -0.008275
v 0.002938 0.127794 -0.005089
v 0.004247 0.131251 -0.007356
v 0.004953 0.136476 -0.008579
v 0.004026 0.141541 -0.006973
v 0.002720 0.144385 -0.004711
v 0.003134 0.151017 -0.005429
v 0.002794 0.226628 0.010426
v 0.003664 0.187072 -0.006346
v 0.004506 0.191523 -0.007805
v 0.003467 0.212941 -0.006005
v 0.012157 0.212941 -0.021056
v 0.010899 0.217299 -0.018879
v 0.003483 0.217299 -0.006033
v 0.004276 0.221473 -0.007406
v 0.006518 0.231783 -0.011290
v 0.006954 0.237197 -0.012044
v 0.006514 0.240543 -0.011283
v 0.005454 0.242871 -0.009446
v 0.005605 0.253548 -0.009708
v 0.007934 0.256445 -0.013742
v 0.009050 0.259924 -0.015675
v 0.003224 0.220398 -0.005583
v 0.004302 0.147306 -0.007451
v 0.005363 0.173908 -0.009289
v 0.006105 0.173910 -0.010573
v 0.006101 0.176583 -0.010568
v 0.003995 0.183103 -0.006919
v 0.004057 0.176598 -0.007026
v 0.004928 0.172542 -0.008536
v 0.005364 0.172544 -0.009290
v 0.012605 0.000000 -0.047044
v 0.012594 0.003144 -0.047002
v 0.005831 0.022297 -0.021761
v 0.005831 0.023828 -0.021761
v 0.004137 0.025138 -0.015438
v 0.002510 0.032473 -0.009368
v 0.002510 0.038132 -0.009368
v 0.001860 0.038547 -0.006940
v 0.001616 0.050706 -0.006030
v 0.001860 0.064224 -0.006940
v 0.003893 0.112949 -0.014528
v 0.003579 0.120009 -0.013357
v 0.002473 0.125093 -0.009229
v 0.001521 0.127794 -0.005676
v 0.002198 0.131251 -0.008205
v 0.002564 0.136476 -0.009569
v 0.002084 0.141541 -0.007777
v 0.001408 0.144385 -0.005254
v 0.001622 0.151017 -0.006055
v 0.000000 0.226628 0.010794
v 0.001897 0.187072 -0.007078
v 0.002333 0.191523 -0.008705
v 0.001795 0.212941 -0.006698
v 0.006293 0.212941 -0.023485
v 0.005642 0.217299 -0.021056
v 0.001803 0.217299 -0.006729
v 0.002213 0.221473 -0.008260
v 0.003374 0.231783 -0.012592
v 0.003600 0.237197 -0.013434
v 0.003372 0.240543 -0.012585
v 0.002823 0.242871 -0.010536
v 0.002901 0.253548 -0.010828
v 0.004107 0.256445 -0.015327
v 0.004684 0.259924 -0.017483
v 0.001669 0.220398 -0.006227
v 0.002227 0.147306 -0.008310
v 0.002776 0.173908 -0.010361
v 0.003160 0.173910 -0.011793
v 0.003158 0.176583 -0.011787
v 0.002068 0.183103 -0.007717
v 0.002100 0.176598 -0.007837
v 0.002551 0.172542 -0.009520
v 0.002776 0.172544 -0.010362
v -0.000000 0.000000 -0.048703
v -0.000000 0.003144 -0.048660
v -0.000000 0.022297 -0.022529
v -0.000000 0.023828 -0.022529
v -0.000000 0.025138 -0.015983
v -0.000000 0.032473 -0.009699
v -0.000000 0.038132 -0.009699
v -0.000000 0.038547 -0.007185
v -0.000000 0.050706 -0.006242
v -0.000000 0.064224 -0.007185
v -0.000000 0.112949 -0.015040
v -0.000000 0.120009 -0.013829
v -0.000000 0.125093 -0.009555
v -0.000000 0.127794 -0.005876
v -0.000000 0.131251 -0.008494
v -0.000000 0.136476 -0.009907
v -0.000000 0.141541 -0.008052
v -0.000000 0.144385 -0.005439
v -0.000000 0.151017 -0.006269
v -0.002794 0.226628 0.010426
v -0.000000 0.187072 -0.007328
v -0.000000 0.191523 -0.009012
v -0.000000 0.212941 -0.006934
v -0.000000 0.212941 -0.024314
v -0.000000 0.217299 -0.021799
v -0.000000 0.217299 -0.006967
v -0.000000 0.221473 -0.008551
v -0.000000 0.231783 -0.013037
v -0.000000 0.237197 -0.013908
v -0.000000 0.240543 -0.013029
v -0.000000 0.242871 -0.010907
v -0.000000 0.253548 -0.011210
v -0.000000 0.256445 -0.015868
v -0.000000 0.259924 -0.018099
v -0.000000 0.220398 -0.006447
v -0.000000 0.147306 -0.008603
v -0.000000 0.173908 -0.010727
v -0.000000 0.173910 -0.012209
v -0.000000 0.176583 -0.012203
v -0.000000 0.183103 -0.007990
v -0.000000 0.176598 -0.008113
v -0.000000 0.172542 -0.009856
v -0.000000 0.172544 -0.010727
v -0.012605 0.000000 -0.047044
v -0.012594 0.003144 -0.047002
v -0.005831 0.022297 -0.021761
v -0.005831 0.023828 -0.021761
v -0.004137 0.025138 -0.015438
v -0.002510 0.032473 -0.009368
v -0.002510 0.038132 -0.009368
v -0.001860 0.038547 -0.006940
v -0.001616 0.050706 -0.006030
v -0.001860 0.064224 -0.006940
v -0.003893 0.112949 -0.014528
v -0.003579 0.120009 -0.013357
v -0.002473 0.125093 -0.009229
v -0.001521 0.127794 -0.005676
v -0.002198 0.131251 -0.008205
v -0.002564 0.136476 -0.009569
v -0.002084 0.141541 -0.007777
v -0.001408 0.144385 -0.005254
v -0.001622 0.151017 -0.006055
v -0.005397 0.226628 0.009348
v -0.001897 0.187072 -0.007078
v -0.002333 0.191523 -0.008705
v -0.001795 0.212941 -0.006698
v -0.006293 0.212941 -0.023485
v -0.005642 0.217299 -0.021056
v -0.001803 0.217299 -0.006729
v -0.002213 0.221473 -0.008260
v -0.003374 0.231783 -0.012592
v -0.003600 0.237197 -0.013434
v -0.003372 0.240543 -0.012585
v -0.002823 0.242871 -0.010536
v -0.002901 0.253548 -0.010828
v -0.004107 0.256445 -0.015327
v -0.004685 0.259924 -0.017483
v -0.001669 0.220398 -0.006227
v -0.002227 0.147306 -0.008310
v -0.002776 0.173908 -0.010361
v -0.003160 0.173910 -0.011793
v -0.003158 0.176583 -0.011787
v -0.002068 0.183103 -0.007717
v -0.002100 0.176598 -0.007837
v -0.002551 0.172542 -0.009520
v -0.002776 0.172544 -0.010362
v -0.024352 0.000000 -0.042178
v -0.024330 0.003144 -0.042141
v -0.011265 0.022297 -0.019511
v -0.011265 0.023828 -0.019511
v -0.007992 0.025138 -0.013842
v -0.004849 0.032473 -0.008399
v -0.004849 0.038132 -0.008399
v -0.003593 0.038547 -0.006222
v -0.003121 0.050706 -0.005406
v -0.003593 0.064224 -0.006222
v -0.007520 0.112949 -0.013025
v -0.006914 0.120009 -0.011976
v -0.004777 0.125093 -0.008275
v -0.002938 0.127794 -0.005089
v -0.004247 0.131251 -0.007356
v -0.004953 0.136476 -0.008579
v -0.004026 0.141541 -0.006973
v -0.002720 0.144385 -0.004711
v -0.003134 0.151017 -0.005429
v -0.007632 0.226628 0.007633
v -0.003664 0.187072 -0.006346
v -0.004506 0.191523 -0.007805
v -0.003467 0.212941 -0.006005
v -0.012157 0.212941 -0.021056
v -0.010900 0.217299 -0.018878
v -0.003483 0.217299 -0.006033
v -0.004276 0.221473 -0.007406
v -0.006518 0.231783 -0.011290
v -0.006954 0.237197 -0.012044
v -0.006514 0.240543 -0.011283
v -0.005454 0.242871 -0.009446
v -0.005605 0.253548 -0.009708
v -0.007934 0.256445 -0.013742
v -0.009050 0.259924 -0.015675
v -0.003224 0.220398 -0.005583
v -0.004302 0.147306 -0.007451
v -0.005363 0.173908 -0.009289
v -0.006105 0.173910 -0.010573
v -0.006101 0.176583 -0.010568
v -0.003995 0.183103 -0.006919
v -0.004057 0.176598 -0.007026
v -0.004928 0.172542 -0.008536
v -0.005364 0.172544 -0.009290
v -0.034438 0.000000 -0.034438
v -0.034408 0.003144 -0.034408
v -0.015931 0.022297 -0.015930
v -0.015931 0.023828 -0.015930
v -0.011302 0.025138 -0.011302
v -0.006858 0.032473 -0.006858
v -0.006858 0.038132 -0.006858
v -0.005081 0.038547 -0.005081
v -0.004414 0.050706 -0.004414
v -0.005081 0.064224 -0.005081
v -0.010635 0.112949 -0.010635
v -0.009778 0.120009 -0.009778
v -0.006756 0.125093 -0.006756
v -0.004155 0.127794 -0.004155
v -0.006006 0.131251 -0.006006
v -0.007005 0.136476 -0.007005
v -0.005693 0.141541 -0.005693
v -0.003846 0.144385 -0.003846
v -0.004433 0.151017 -0.004433
v -0.009348 0.226628 0.005397
v -0.005181 0.187072 -0.005181
v -0.006373 0.191523 -0.006373
v -0.004903 0.212941 -0.004903
v -0.017192 0.212941 -0.017192
v -0.015414 0.217299 -0.015414
v -0.004926 0.217299 -0.004926
v -0.006047 0.221473 -0.006047
v -0.009218 0.231783 -0.009218
v -0.009834 0.237197 -0.009834
v -0.009213 0.240543 -0.009213
v -0.007713 0.242871 -0.007713
v -0.007927 0.253548 -0.007927
v -0.011221 0.256445 -0.011220
v -0.012798 0.259924 -0.012798
v -0.004559 0.220398 -0.004559
v -0.006084 0.147306 -0.006083
v -0.007585 0.173908 -0.007585
v -0.008633 0.173910 -0.008633
v -0.008629 0.176583 -0.008629
v -0.005650 0.183103 -0.005650
v -0.005737 0.176598 -0.005737
v -0.006969 0.172542 -0.006969
v -0.007585 0.172544 -0.007585
v -0.042178 0.000000 -0.024352
v -0.042141 0.003144 -0.024330
v -0.019511 0.022297 -0.011265
v -0.019511 0.023828 -0.011265
v -0.013842 0.025138 -0.007991
v -0.008399 0.032473 -0.004849
v -0.008399 0.038132 -0.004849
v -0.006222 0.038547 -0.003593
v -0.005406 0.050706 -0.003121
v -0.006222 0.064224 -0.003593
v -0.013025 0.112949 -0.007520
v -0.011976 0.120009 -0.006914
v -0.008275 0.125093 -0.004777
v -0.005089 0.127794 -0.002938
v -0.007356 0.131251 -0.004247
v -0.008579 0.136476 -0.004953
v -0.006973 0.141541 -0.004026
v -0.004711 0.144385 -0.002720
v -0.005429 0.151017 -0.003134
v -0.010426 0.226628 0.002794
v -0.006346 0.187072 -0.003664
v -0.007805 0.191523 -0.004506
v -0.006005 0.212941 -0.003467
v -0.021056 0.212941 -0.012157
v -0.018879 0.217299 -0.010899
v -0.006033 0.217299 -0.003483
v -0.007406 0.221473 -0.004276
v -0.011290 0.231783 -0.006518
v -0.012044 0.237197 -0.006954
v -0.011283 0.240543 -0.006514
v -0.009446 0.242871 -0.005454
v -0.009708 0.253548 -0.005605
v -0.013742 0.256445 -0.007934
v -0.015675 0.259924 -0.009050
v -0.005583 0.220398 -0.003224
v -0.007451 0.147306 -0.004302
v -0.009289 0.173908 -0.005363
v -0.010573 0.173910 -0.006105
v -0.010568 0.176583 -0.006101
v -0.006919 0.183103 -0.003995
v -0.007026 0.176598 -0.004057
v -0.008536 0.172542 -0.004928
v -0.009290 0.172544 -0.005364
v -0.047044 0.000000 -0.012605
v -0.047002 0.003144 -0.012594
v -0.021761 0.022297 -0.005831
v -0.021761 0.023828 -0.005831
v -0.015438 0.025138 -0.004137
v -0.009368 0.032473 -0.002510
v -0.009368 0.038132 -0.002510
v -0.006940 0.038547 -0.001860
v -0.006030 0.050706 -0.001616
v -0.006940 0.064224 -0.001860
v -0.014528 0.112949 -0.003893
v -0.013357 0.120009 -0.003579
v -0.009229 0.125093 -0.002473
v -0.005676 0.127794 -0.001521
v -0.008205 0.131251 -0.002198
v -0.009569 0.136476 -0.002564
v -0.007777 0.141541 -0.002084
v -0.005254 0.144385 -0.001408
v -0.006055 0.151017 -0.001622
v -0.010794 0.226628 0.000000
v -0.007078 0.187072 -0.001897
v -0.008705 0.191523 -0.002333
v -0.006698 0.212941 -0.001795
v -0.023485 0.212941 -0.006293
v -0.021056 0.217299 -0.005642
v -0.006729 0.217299 -0.001803
v -0.008260 0.221473 -0.002213
v -0.012592 0.231783 -0.003374
v -0.013434 0.237197 -0.003600
v -0.012585 0.240543 -0.003372
v -0.010536 0.242871 -0.002823
v -0.010828 0.253548 -0.002901
v -0.015327 0.256445 -0.004107
v -0.017483 0.259924 -0.004684
v -0.006227 0.220398 -0.001669
v -0.008310 0.147306 -0.002227
v -0.010361 0.173908 -0.002776
v -0.011793 0.173910 -0.003160
v -0.011787 0.176583 -0.003158
v -0.007717 0.183103 -0.002068
v -0.007837 0.176598 -0.002100
v -0.009520 0.172542 -0.002551
v -0.010362 0.172544 -0.002776
v -0.000000 0.242871 0.000000
v -0.042340 0.007157 0.000000
v -0.026795 0.018649 0.000000
v -0.034397 0.012676 0.000000
v -0.025882 0.018649 0.006935
v -0.040897 0.007157 0.010958
v -0.033225 0.012676 0.008903
v -0.023205 0.018649 0.013398
v -0.036667 0.007157 0.021170
v -0.029788 0.012676 0.017198
v -0.018947 0.018649 0.018947
v -0.029939 0.007157 0.029939
v -0.024322 0.012676 0.024322
v -0.013398 0.018649 0.023205
v -0.021170 0.007157 0.036667
v -0.017198 0.012676 0.029788
v -0.006935 0.018649 0.025882
v -0.010958 0.007157 0.040897
v -0.008903 0.012676 0.033225
v 0.000000 0.018649 0.026795
v 0.000000 0.007157 0.042340
v 0.000000 0.012676 0.034397
v 0.006935 0.018649 0.025882
v 0.010958 0.007157 0.040897
v 0.008903 0.012676 0.033225
v 0.013398 0.018649 0.023205
v 0.021170 0.007157 0.036667
v 0.017198 0.012676 0.029788
v 0.018947 0.018649 0.018947
v 0.029939 0.007157 0.029939
v 0.024322 0.012676 0.024322
v 0.023205 0.018649 0.013398
v 0.036667 0.007157 0.021170
v 0.029788 0.012676 0.017198
v 0.025882 0.018649 0.006935
v 0.040897 0.007157 0.010958
v 0.033225 0.012676 0.008903
v 0.026795 0.018649 -0.000000
v 0.042340 0.007157 -0.000000
v 0.034397 0.012676 -0.000000
v 0.025882 0.018649 -0.006935
v 0.040897 0.007157 -0.010958
v 0.033225 0.012676 -0.008903
v 0.023205 0.018649 -0.013398
v 0.036667 0.007157 -0.021170
v 0.029788 0.012676 -0.017198
v 0.018947 0.018649 -0.018947
v 0.029939 0.007157 -0.029939
v 0.024322 0.012676 -0.024322
v 0.013398 0.018649 -0.023205
v 0.021170 0.007157 -0.036667
v 0.017198 0.012676 -0.029788
v 0.006935 0.018649 -0.025882
v 0.010958 0.007157 -0.040897
v 0.008903 0.012676 -0.033225
v -0.000000 0.018649 -0.026795
v -0.000000 0.007157 -0.042340
v -0.000000 0.012676 -0.034397
v -0.006935 0.018649 -0.025882
v -0.010958 0.007157 -0.040897
v -0.008903 0.012676 -0.033225
v -0.013398 0.018649 -0.023205
v -0.021170 0.007157 -0.036667
v -0.017198 0.012676 -0.029788
v -0.018947 0.018649 -0.018947
v -0.029939 0.007157 -0.029939
v -0.024322 0.012676 -0.024322
v -0.023205 0.018649 -0.013398
v -0.036667 0.007157 -0.021170
v -0.029788 0.012676 -0.017198
v -0.025882 0.018649 -0.006935
v -0.040897 0.007157 -0.010958
v -0.033225 0.012676 -0.008903
v -0.009069 0.077175 0.000000
v -0.012916 0.100907 0.000000
v -0.010855 0.088317 0.000000
v -0.012476 0.100907 0.003343
v -0.008760 0.077175 0.002347
v -0.010485 0.088317 0.002809
v -0.011186 0.100907 0.006458
v -0.007854 0.077175 0.004535
v -0.009400 0.088317 0.005427
v -0.009133 0.100907 0.009133
v -0.006413 0.077175 0.006413
v -0.007675 0.088317 0.007675
v -0.006458 0.100907 0.011186
v -0.004535 0.077175 0.007854
v -0.005427 0.088317 0.009400
v -0.003343 0.100907 0.012476
v -0.002347 0.077175 0.008760
v -0.002809 0.088317 0.010485
v 0.000000 0.100907 0.012916
v 0.000000 0.077175 0.009069
v 0.000000 0.088317 0.010855
v 0.003343 0.100907 0.012476
v 0.002347 0.077175 0.008760
v 0.002809 0.088317 0.010485
v 0.006458 0.100907 0.011186
v 0.004535 0.077175 0.007854
v 0.005427 0.088317 0.009400
v 0.009133 0.100907 0.009133
v 0.006413 0.077175 0.006413
v 0.007675 0.088317 0.007675
v 0.011186 0.100907 0.006458
v 0.007854 0.077175 0.004535
v 0.009400 0.088317 0.005427
v 0.012476 0.100907 0.003343
v 0.008760 0.077175 0.002347
v 0.010485 0.088317 0.002809
v 0.012916 0.100907 -0.000000
v 0.009069 0.077175 -0.000000
v 0.010855 0.088317 -0.000000
v 0.012476 0.100907 -0.003343
v 0.008760 0.077175 -0.002347
v 0.010485 0.088317 -0.002809
v 0.011186 0.100907 -0.006458
v 0.007854 0.077175 -0.004535
v 0.009400 0.088317 -0.005427
v 0.009133 0.100907 -0.009133
v 0.006413 0.077175 -0.006413
v 0.007675 0.088317 -0.007675
v 0.006458 0.100907 -0.011186
v 0.004535 0.077175 -0.007854
v 0.005427 0.088317 -0.009400
v 0.003343 0.100907 -0.012476
v 0.002347 0.077175 -0.008760
v 0.002809 0.088317 -0.010485
v -0.000000 0.100907 -0.012916
v -0.000000 0.077175 -0.009069
v -0.000000 0.088317 -0.010855
v -0.003343 0.100907 -0.012476
v -0.002347 0.077175 -0.008760
v -0.002809 0.088317 -0.010485
v -0.006458 0.100907 -0.011186
v -0.004535 0.077175 -0.007854
v -0.005427 0.088317 -0.009400
v -0.009133 0.100907 -0.009133
v -0.006413 0.077175 -0.006413
v -0.007675 0.088317 -0.007675
v -0.011186 0.100907 -0.006458
v -0.007854 0.077175 -0.004535
v -0.009400 0.088317 -0.005427
v -0.012476 0.100907 -0.003343
v -0.008760 0.077175 -0.002347
v -0.010485 0.088317 -0.002809
v -0.007126 0.158231 0.000000
v -0.008445 0.166077 0.000000
v -0.008157 0.166077 0.002186
v -0.006883 0.158231 0.001844
v -0.007314 0.166077 0.004223
v -0.006171 0.158231 0.003563
v -0.005972 0.166077 0.005972
v -0.005039 0.158231 0.005039
v -0.004223 0.166077 0.007314
v -0.003563 0.158231 0.006171
v -0.002186 0.166077 0.008157
v -0.001844 0.158231 0.006883
v 0.000000 0.166077 0.008445
v 0.000000 0.158231 0.007126
v 0.002186 0.166077 0.008157
v 0.001844 0.158231 0.006883
v 0.004223 0.166077 0.007314
v 0.003563 0.158231 0.006171
v 0.005972 0.166077 0.005972
v 0.005039 0.158231 0.005039
v 0.007314 0.166077 0.004223
v 0.006171 0.158231 0.003563
v 0.008157 0.166077 0.002186
v 0.006883 0.158231 0.001844
v 0.008445 0.166077 -0.000000
v 0.007126 0.158231 -0.000000
v 0.008157 0.166077 -0.002186
v 0.006883 0.158231 -0.001844
v 0.007314 0.166077 -0.004223
v 0.006171 0.158231 -0.003563
v 0.005972 0.166077 -0.005972
v 0.005039 0.158231 -0.005039
v 0.004223 0.166077 -0.007314
v 0.003563 0.158231 -0.006171
v 0.002186 0.166077 -0.008157
v 0.001844 0.158231 -0.006883
v -0.000000 0.166077 -0.008445
v -0.000000 0.158231 -0.007126
v -0.002186 0.166077 -0.008157
v -0.001844 0.158231 -0.006883
v -0.004223 0.166077 -0.007314
v -0.003563 0.158231 -0.006171
v -0.005972 0.166077 -0.005972
v -0.005039 0.158231 -0.005039
v -0.007314 0.166077 -0.004223
v -0.006171 0.158231 -0.003563
v -0.008157 0.166077 -0.002186
v -0.006883 0.158231 -0.001844
v -0.007163 0.207976 -0.001919
v -0.008240 0.196488 -0.002208
v -0.007388 0.196488 -0.004265
v -0.006422 0.207976 -0.003708
v -0.005244 0.207976 -0.005244
v -0.006032 0.196488 -0.006032
v -0.003708 0.207976 -0.006422
v -0.004265 0.196488 -0.007388
v -0.002208 0.196488 -0.008240
v -0.001919 0.207976 -0.007163
v -0.000000 0.207976 -0.007416
v -0.000000 0.196488 -0.008530
v 0.001919 0.207976 -0.007163
v 0.002208 0.196488 -0.008240
v 0.004265 0.196488 -0.007388
v 0.003708 0.207976 -0.006422
v 0.005244 0.207976 -0.005244
v 0.006032 0.196488 -0.006032
v 0.006422 0.207976 -0.003708
v 0.007388 0.196488 -0.004265
v 0.008240 0.196488 -0.002208
v 0.007163 0.207976 -0.001919
v 0.007416 0.207976 -0.000000
v 0.008530 0.196488 -0.000000
v 0.007163 0.207976 0.001919
v 0.008240 0.196488 0.002208
v 0.007388 0.196488 0.004265
v 0.006422 0.207976 0.003708
v 0.005244 0.207976 0.005244
v 0.006032 0.196488 0.006032
v 0.003708 0.207976 0.006422
v 0.004265 0.196488 0.007388
v 0.002208 0.196488 0.008240
v 0.001919 0.207976 0.007163
v 0.000000 0.207976 0.007416
v 0.000000 0.196488 0.008530
v -0.001919 0.207976 0.007163
v -0.002208 0.196488 0.008240
v -0.004265 0.196488 0.007388
v -0.003708 0.207976 0.006422
v -0.005244 0.207976 0.005244
v -0.006032 0.196488 0.006032
v -0.006422 0.207976 0.003708
v -0.007388 0.196488 0.004265
v -0.008240 0.196488 0.002208
v -0.007163 0.207976 0.001919
v -0.007416 0.207976 0.000000
v -0.008530 0.196488 0.000000
v -0.011059 0.248210 0.000000
v -0.010682 0.248210 0.002862
v -0.009577 0.248210 0.005529
v -0.007820 0.248210 0.007820
v -0.005529 0.248210 0.009577
v -0.002862 0.248210 0.010682
v 0.000000 0.248210 0.011059
v 0.002862 0.248210 0.010682
v 0.005529 0.248210 0.009577
v 0.007820 0.248210 0.007820
v 0.009577 0.248210 0.005529
v 0.010682 0.248210 0.002862
v 0.011059 0.248210 -0.000000
v 0.010682 0.248210 -0.002862
v 0.009577 0.248210 -0.005529
v 0.007820 0.248210 -0.007820
v 0.005529 0.248210 -0.009577
v 0.002862 0.248210 -0.010682
v -0.000000 0.248210 -0.011059
v -0.002862 0.248210 -0.010682
v -0.005529 0.248210 -0.009577
v -0.007820 0.248210 -0.007820
v -0.009577 0.248210 -0.005529
v -0.010682 0.248210 -0.002862
v -0.016845 0.259924 0.000000
v -0.016271 0.259924 0.004360
v -0.014588 0.259924 0.008422
v -0.011911 0.259924 0.011911
v -0.008422 0.259924 0.014588
v -0.004360 0.259924 0.016271
v 0.000000 0.259924 0.016845
v 0.004360 0.259924 0.016271
v 0.008422 0.259924 0.014588
v 0.011911 0.259924 0.011911
v 0.014588 0.259924 0.008422
v 0.016271 0.259924 0.004360
v 0.016845 0.259924 -0.000000
v 0.016271 0.259924 -0.004360
v 0.014588 0.259924 -0.008422
v 0.011911 0.259924 -0.011911
v 0.008422 0.259924 -0.014588
v 0.004360 0.259924 -0.016271
v -0.000000 0.259924 -0.016845
v -0.004360 0.259924 -0.016271
v -0.008422 0.259924 -0.014588
v -0.011911 0.259924 -0.011911
v -0.014588 0.259924 -0.008422
v -0.016271 0.259924 -0.004360
v -0.016845 0.258576 0.000000
v -0.016271 0.258576 0.004360
v -0.014588 0.258576 0.008422
v -0.011911 0.258576 0.011911
v -0.008422 0.258576 0.014588
v -0.004360 0.258576 0.016271
v 0.000000 0.258576 0.016845
v 0.004360 0.258576 0.016271
v 0.008422 0.258576 0.014588
v 0.011911 0.258576 0.011911
v 0.014588 0.258576 0.008422
v 0.016271 0.258576 0.004360
v 0.016845 0.258576 -0.000000
v 0.016271 0.258576 -0.004360
v 0.014588 0.258576 -0.008422
v 0.011911 0.258576 -0.011911
v 0.008422 0.258576 -0.014588
v 0.004360 0.258576 -0.016271
v -0.000000 0.258576 -0.016845
v -0.004360 0.258576 -0.016271
v -0.008422 0.258576 -0.014588
v -0.011911 0.258576 -0.011911
v -0.014588 0.258576 -0.008422
v -0.016271 0.258576 -0.004360
v -0.000000 0.258576 0.000000
v -0.102983 0.239426 -0.009054
v -0.107878 0.239530 -0.009417
v -0.112294 0.239612 -0.007307
v -0.115079 0.239643 -0.003306
v -0.115505 0.239643 0.001540
v -0.113451 0.239643 0.005949
v -0.109467 0.239643 0.008741
v -0.104622 0.239643 0.009166
v -0.100212 0.239643 0.007112
v -0.097421 0.239643 0.003129
v -0.096979 0.239612 -0.001726
v -0.099002 0.239530 -0.006183
v -0.105053 0.356849 -0.003372
v -0.106754 0.356706 -0.003522
v -0.108302 0.356827 -0.002801
v -0.109282 0.357132 -0.001402
v -0.109432 0.357175 0.000298
v -0.108710 0.356861 0.001846
v -0.107312 0.356718 0.002826
v -0.105611 0.356835 0.002976
v -0.104063 0.357144 0.002254
v -0.103084 0.357480 0.000856
v -0.102934 0.357499 -0.000845
v -0.103655 0.357168 -0.002393
v -0.110667 0.358538 -0.005401
v -0.110879 0.344174 -0.005874
v -0.111235 0.326435 -0.006298
v -0.111524 0.306445 -0.006628
v -0.111699 0.284216 -0.006613
v -0.111960 0.261473 -0.006734
v -0.114564 0.261473 -0.002976
v -0.114213 0.284187 -0.003004
v -0.113990 0.306434 -0.003105
v -0.113570 0.326435 -0.002965
v -0.113050 0.344174 -0.002776
v -0.112607 0.359453 -0.002455
v -0.099758 0.358295 0.001908
v -0.099315 0.344174 0.002229
v -0.098795 0.326435 0.002419
v -0.098384 0.306434 0.002582
v -0.098278 0.284187 0.002802
v -0.098027 0.261473 0.003049
v -0.097604 0.261473 -0.001503
v -0.097882 0.284216 -0.001578
v -0.098006 0.306445 -0.001702
v -0.098439 0.326435 -0.001636
v -0.098984 0.344174 -0.001540
v -0.099540 0.358246 -0.001623
v -0.108341 0.357960 0.006205
v -0.108685 0.344174 0.006594
v -0.108875 0.326435 0.007114
v -0.109030 0.306434 0.007541
v -0.109149 0.284187 0.007866
v -0.109309 0.261473 0.008305
v -0.104771 0.261473 0.008703
v -0.104776 0.284187 0.008250
v -0.104748 0.306434 0.007917
v -0.104820 0.326435 0.007470
v -0.104916 0.344174 0.006925
v -0.104840 0.357836 0.006428
v -0.114963 0.261473 0.001561
v -0.114597 0.284187 0.001369
v -0.114366 0.306434 0.001177
v -0.113926 0.326435 0.001089
v -0.113381 0.344174 0.000993
v -0.112826 0.359501 0.001076
v -0.099482 0.261473 -0.005702
v -0.099710 0.284292 -0.005595
v -0.099816 0.306472 -0.005606
v -0.100158 0.326435 -0.005325
v -0.100582 0.344174 -0.004969
v -0.101101 0.357929 -0.004792
v -0.104024 0.357659 -0.006751
v -0.103680 0.344174 -0.007141
v -0.103491 0.326435 -0.007661
v -0.103337 0.306502 -0.008083
v -0.103302 0.284387 -0.008178
v -0.103211 0.261473 -0.008430
v -0.107820 0.261473 -0.008740
v -0.107714 0.284292 -0.008511
v -0.107626 0.306472 -0.008452
v -0.107545 0.326435 -0.008017
v -0.107449 0.344174 -0.007472
v -0.107526 0.357783 -0.006974
v -0.100642 0.261473 0.006780
v -0.100797 0.284187 0.006397
v -0.100851 0.306434 0.006102
v -0.101131 0.326435 0.005752
v -0.101487 0.344174 0.005328
v -0.101698 0.358059 0.004855
v -0.113039 0.261473 0.005691
v -0.112743 0.284187 0.005347
v -0.112551 0.306434 0.005074
v -0.112208 0.326435 0.004779
v -0.111784 0.344174 0.004423
v -0.111265 0.358667 0.004246
v -0.105932 0.356983 -0.000963
v -0.106310 0.356960 -0.000996
v -0.106654 0.356979 -0.000836
v -0.106872 0.357035 -0.000524
v -0.106906 0.357055 -0.000146
v -0.106745 0.356996 0.000198
v -0.106434 0.356973 0.000416
v -0.106056 0.356992 0.000450
v -0.105711 0.357047 0.000289
v -0.105493 0.357122 -0.000022
v -0.105460 0.357117 -0.000400
v -0.105620 0.357042 -0.000745
v -0.106210 0.361010 -0.000708
v -0.106497 0.361002 -0.000733
v -0.106759 0.360998 -0.000612
v -0.106924 0.361004 -0.000376
v -0.106949 0.361012 -0.000089
v -0.106827 0.361006 0.000173
v -0.106592 0.361010 0.000338
v -0.106304 0.361017 0.000363
v -0.106043 0.361026 0.000241
v -0.105878 0.361039 0.000005
v -0.105853 0.361035 -0.000282
v -0.105974 0.361021 -0.000543
v -0.106022 0.363644 -0.000713
v -0.106255 0.363567 -0.000732
v -0.106469 0.363511 -0.000627
v -0.106606 0.363491 -0.000427
v -0.106629 0.363511 -0.000186
v -0.106533 0.363567 0.000031
v -0.106343 0.363644 0.000167
v -0.106110 0.363720 0.000185
v -0.105897 0.363776 0.000080
v -0.105760 0.363796 -0.000119
v -0.105736 0.363776 -0.000360
v -0.105832 0.363720 -0.000577
v -0.106299 0.363946 -0.000316
v -0.106241 0.239601 -0.000113
v 0.003248 0.257160 -0.009054
v -0.001647 0.257264 -0.009417
v -0.006062 0.257346 -0.007307
v -0.008847 0.257377 -0.003306
v -0.009273 0.257377 0.001540
v -0.007219 0.257377 0.005949
v -0.003236 0.257377 0.008741
v 0.001610 0.257377 0.009166
v 0.006019 0.257377 0.007112
v 0.008811 0.257377 0.003129
v 0.009253 0.257346 -0.001726
v 0.007230 0.257264 -0.006183
v 0.001178 0.375619 -0.003372
v -0.000523 0.375073 -0.003522
v -0.002070 0.374606 -0.002801
v -0.003050 0.374866 -0.001402
v -0.003200 0.374909 0.000298
v -0.002479 0.374595 0.001846
v -0.001080 0.374464 0.002826
v 0.000621 0.375064 0.002976
v 0.002168 0.375818 0.002254
v 0.003148 0.375822 0.000856
v 0.003298 0.375304 -0.000845
v 0.002577 0.375500 -0.002393
v -0.004436 0.376272 -0.005401
v -0.004647 0.361908 -0.005874
v -0.005003 0.344169 -0.006298
v -0.005292 0.324179 -0.006628
v -0.005467 0.301950 -0.006613
v -0.005728 0.279207 -0.006734
v -0.008332 0.279207 -0.002976
v -0.007981 0.301921 -0.003004
v -0.007758 0.324168 -0.003105
v -0.007339 0.344169 -0.002965
v -0.006819 0.361908 -0.002776
v -0.006376 0.377187 -0.002455
v 0.006473 0.377022 0.001908
v 0.006916 0.361908 0.002229
v 0.007436 0.344169 0.002419
v 0.007847 0.324168 0.002582
v 0.007953 0.301921 0.002802
v 0.008204 0.279207 0.003049
v 0.008628 0.279207 -0.001503
v 0.008350 0.301950 -0.001578
v 0.008226 0.324179 -0.001702
v 0.007793 0.344169 -0.001636
v 0.007248 0.361908 -0.001540
v 0.006692 0.375980 -0.001623
v -0.002110 0.375694 0.006205
v -0.002454 0.361908 0.006594
v -0.002643 0.344169 0.007114
v -0.002799 0.324168 0.007541
v -0.002917 0.301921 0.007866
v -0.003077 0.279207 0.008305
v 0.001461 0.279207 0.008703
v 0.001455 0.301921 0.008250
v 0.001484 0.324168 0.007917
v 0.001411 0.344169 0.007470
v 0.001315 0.361908 0.006925
v 0.001392 0.376572 0.006428
v -0.008731 0.279207 0.001561
v -0.008365 0.301921 0.001369
v -0.008134 0.324168 0.001177
v -0.007695 0.344169 0.001089
v -0.007150 0.361908 0.000993
v -0.006594 0.377235 0.001076
v 0.006750 0.279207 -0.005702
v 0.006521 0.302026 -0.005595
v 0.006415 0.324206 -0.005606
v 0.006074 0.344169 -0.005325
v 0.005650 0.361908 -0.004969
v 0.005131 0.376755 -0.004792
v 0.002208 0.377974 -0.006751
v 0.002551 0.361908 -0.007141
v 0.002741 0.344169 -0.007661
v 0.002895 0.324236 -0.008083
v 0.002929 0.302121 -0.008178
v 0.003021 0.279207 -0.008430
v -0.001588 0.279207 -0.008740
v -0.001482 0.302026 -0.008511
v -0.001394 0.324206 -0.008452
v -0.001314 0.344169 -0.008017
v -0.001218 0.361908 -0.007472
v -0.001294 0.376620 -0.006974
v 0.005590 0.279207 0.006780
v 0.005434 0.301921 0.006397
v 0.005380 0.324168 0.006102
v 0.005101 0.344169 0.005752
v 0.004745 0.361908 0.005328
v 0.004533 0.378149 0.004855
v -0.006807 0.279207 0.005691
v -0.006512 0.301921 0.005347
v -0.006319 0.324168 0.005074
v -0.005976 0.344169 0.004779
v -0.005552 0.361908 0.004423
v -0.005033 0.376401 0.004246
v 0.000300 0.374725 -0.000963
v -0.000078 0.374696 -0.000996
v -0.000423 0.374713 -0.000836
v -0.000641 0.374769 -0.000524
v -0.000674 0.374789 -0.000146
v -0.000513 0.374730 0.000198
v -0.000202 0.374707 0.000416
v 0.000176 0.374727 0.000450
v 0.000520 0.374788 0.000289
v 0.000739 0.374858 -0.000022
v 0.000772 0.374851 -0.000400
v 0.000611 0.374777 -0.000745
v 0.000532 0.377254 -0.000643
v 0.000269 0.377145 -0.000687
v 0.000016 0.377053 -0.000583
v -0.000159 0.377005 -0.000359
v -0.000207 0.377008 -0.000075
v -0.000111 0.377049 0.000194
v 0.000095 0.377137 0.000374
v 0.000359 0.377245 0.000418
v 0.000610 0.377342 0.000314
v 0.000778 0.377408 0.000089
v 0.000825 0.377408 -0.000195
v 0.000736 0.377348 -0.000463
v -0.000204 0.379187 -0.000747
v -0.000394 0.379034 -0.000777
v -0.000582 0.378909 -0.000684
v -0.000719 0.378846 -0.000494
v -0.000766 0.378861 -0.000256
v -0.000713 0.378950 -0.000035
v -0.000572 0.379090 0.000110
v -0.000382 0.379243 0.000140
v -0.000194 0.379368 0.000048
v -0.000057 0.379432 -0.000143
v -0.000010 0.379417 -0.000381
v -0.000063 0.379327 -0.000602
v -0.000598 0.379381 -0.000381
v -0.000009 0.257335 -0.000113
v 0.109669 0.238932 -0.009054
v 0.104774 0.239036 -0.009417
v 0.100358 0.239118 -0.007307
v 0.097573 0.239150 -0.003306
v 0.097147 0.239150 0.001540
v 0.099201 0.239150 0.005949
v 0.103185 0.239150 0.008741
v 0.108030 0.239150 0.009166
v 0.112440 0.239150 0.007112
v 0.115231 0.239150 0.003129
v 0.115673 0.239118 -0.001726
v 0.113650 0.239036 -0.006183
v 0.107621 0.358374 -0.003372
v 0.105926 0.358106 -0.003522
v 0.104384 0.357785 -0.002801
v 0.103404 0.357810 -0.001402
v 0.103254 0.357836 0.000298
v 0.103976 0.357748 0.001846
v 0.105374 0.357792 0.002826
v 0.107068 0.358136 0.002976
v 0.108607 0.358543 0.002254
v 0.109584 0.358680 0.000856
v 0.109740 0.358444 -0.000845
v 0.109017 0.358474 -0.002393
v 0.101994 0.358309 -0.005401
v 0.101773 0.343680 -0.005874
v 0.101418 0.325941 -0.006298
v 0.101129 0.305951 -0.006628
v 0.100954 0.283722 -0.006613
v 0.100693 0.260979 -0.006734
v 0.098088 0.260979 -0.002976
v 0.098439 0.283694 -0.003004
v 0.098662 0.305940 -0.003105
v 0.099082 0.325941 -0.002965
v 0.099602 0.343680 -0.002776
v 0.100058 0.358187 -0.002455
v 0.112881 0.359002 0.001908
v 0.113337 0.343680 0.002229
v 0.113857 0.325941 0.002419
v 0.114268 0.305940 0.002582
v 0.114374 0.283694 0.002802
v 0.114625 0.260979 0.003049
v 0.115048 0.260979 -0.001503
v 0.114771 0.283722 -0.001578
v 0.114647 0.305951 -0.001702
v 0.114213 0.325941 -0.001636
v 0.113668 0.343680 -0.001540
v 0.113099 0.359016 -0.001623
v 0.104315 0.358457 0.006205
v 0.103967 0.343680 0.006594
v 0.103777 0.325941 0.007114
v 0.103622 0.305940 0.007541
v 0.103503 0.283694 0.007866
v 0.103344 0.260979 0.008305
v 0.107881 0.260979 0.008703
v 0.107876 0.283694 0.008250
v 0.107904 0.305940 0.007917
v 0.107832 0.325941 0.007470
v 0.107736 0.343680 0.006925
v 0.107809 0.358679 0.006428
v 0.097690 0.260979 0.001561
v 0.098055 0.283694 0.001369
v 0.098286 0.305940 0.001177
v 0.098726 0.325941 0.001089
v 0.099271 0.343680 0.000993
v 0.099840 0.358174 0.001076
v 0.113170 0.260979 -0.005702
v 0.112942 0.283798 -0.005595
v 0.112836 0.305978 -0.005606
v 0.112494 0.325941 -0.005325
v 0.112070 0.343680 -0.004969
v 0.111541 0.358917 -0.004792
v 0.108624 0.358731 -0.006751
v 0.108972 0.343680 -0.007141
v 0.109161 0.325941 -0.007661
v 0.109315 0.306008 -0.008083
v 0.109350 0.283893 -0.008178
v 0.109442 0.260979 -0.008430
v 0.104832 0.260979 -0.008740
v 0.104938 0.283798 -0.008511
v 0.105026 0.305978 -0.008452
v 0.105107 0.325941 -0.008017
v 0.105203 0.343680 -0.007472
v 0.105129 0.358508 -0.006974
v 0.112011 0.260979 0.006780
v 0.111855 0.283694 0.006397
v 0.111801 0.305940 0.006102
v 0.111521 0.325941 0.005752
v 0.111166 0.343680 0.005328
v 0.110945 0.358879 0.004855
v 0.099613 0.260979 0.005691
v 0.099909 0.283694 0.005347
v 0.100101 0.305940 0.005074
v 0.100444 0.325941 0.004779
v 0.100868 0.343680 0.004423
v 0.101398 0.358272 0.004246
v 0.105787 0.357546 -0.000963
v 0.105400 0.357600 -0.000996
v 0.105037 0.357696 -0.000836
v 0.104791 0.357808 -0.000524
v 0.104749 0.357839 -0.000146
v 0.104931 0.357739 0.000198
v 0.105267 0.357645 0.000416
v 0.105677 0.357580 0.000450
v 0.106065 0.357564 0.000289
v 0.106339 0.357604 -0.000022
v 0.106299 0.357589 -0.000400
v 0.106109 0.357546 -0.000745
v 0.105605 0.359947 -0.000643
v 0.105311 0.360027 -0.000687
v 0.105049 0.360112 -0.000583
v 0.104879 0.360185 -0.000359
v 0.104847 0.360214 -0.000075
v 0.104959 0.360180 0.000194
v 0.105192 0.360117 0.000374
v 0.105489 0.360038 0.000418
v 0.105771 0.359964 0.000314
v 0.105960 0.359918 0.000089
v 0.105985 0.359890 -0.000195
v 0.105852 0.359896 -0.000463
v 0.106171 0.361898 -0.000747
v 0.105930 0.361940 -0.000777
v 0.105712 0.361999 -0.000684
v 0.105575 0.362060 -0.000494
v 0.105555 0.362105 -0.000256
v 0.105657 0.362124 -0.000035
v 0.105855 0.362110 0.000110
v 0.106095 0.362068 0.000140
v 0.106314 0.362009 0.000048
v 0.106451 0.361948 -0.000143
v 0.106471 0.361902 -0.000381
v 0.106369 0.361884 -0.000602
v 0.106057 0.362322 -0.000381
v 0.106411 0.239107 -0.000113
v 0.004192 0.377085 0.003876
v 0.004192 0.400857 0.003876
v -0.004212 0.377085 -0.004528
v -0.004212 0.400857 -0.004528
v -0.005953 0.377085 -0.000326
v -0.005953 0.400857 -0.000326
v 0.005933 0.377085 -0.000326
v 0.005933 0.400857 -0.000326
v -0.000010 0.377085 0.005617
v -0.000010 0.400857 0.005617
v -0.000010 0.377085 -0.006269
v -0.000010 0.400857 -0.006269
v -0.004212 0.377085 0.003876
v -0.004212 0.400857 0.003876
v 0.004192 0.377085 -0.004528
v 0.004192 0.400857 -0.004528
v -0.102005 0.359173 0.003876
v -0.102005 0.382945 0.003876
v -0.110410 0.359173 -0.004528
v -0.110410 0.382945 -0.004528
v -0.112151 0.359173 -0.000326
v -0.112151 0.382945 -0.000326
v -0.100265 0.359173 -0.000326
v -0.100265 0.382945 -0.000326
v -0.106208 0.359173 0.005617
v -0.106208 0.382945 0.005617
v -0.106208 0.359173 -0.006269
v -0.106208 0.382945 -0.006269
v -0.110410 0.359173 0.003876
v -0.110410 0.382945 0.003876
v -0.102005 0.359173 -0.004528
v -0.102005 0.382945 -0.004528
v 0.110294 0.358578 0.003876
v 0.110294 0.382350 0.003876
v 0.101889 0.358578 -0.004528
v 0.101889 0.382350 -0.004528
v 0.100149 0.358578 -0.000326
v 0.100149 0.382350 -0.000326
v 0.112035 0.358578 -0.000326
v 0.112035 0.382350 -0.000326
v 0.106092 0.358578 0.005617
v 0.106092 0.382350 0.005617
v 0.106092 0.358578 -0.006269
v 0.106092 0.382350 -0.006269
v 0.101889 0.358578 0.003876
v 0.101889 0.382350 0.003876
v 0.110294 0.358578 -0.004528
v 0.110294 0.382350 -0.004528
vn -0.0580 -0.0224 -0.9981
vn -0.7810 -0.2875 -0.5544
vn -0.0244 -0.2712 -0.9622
vn -0.7561 -0.2894 -0.5869
vn -0.9619 -0.2736 0.0022
vn 0.2629 0.1002 -0.9596
vn -0.0442 -0.0404 -0.9982
vn -0.5927 -0.5507 -0.5877
vn -0.7326 -0.6806 -0.0000
vn -0.9339 -0.3575 -0.0000
vn 0.2054 0.1921 -0.9596
vn -0.0216 -0.0392 -0.9990
vn -0.3792 -0.7108 -0.5924
vn -0.4711 -0.8821 -0.0000
vn 0.1273 0.2430 -0.9616
vn -0.0079 -0.0293 -0.9995
vn -0.1977 -0.7771 -0.5975
vn -0.2468 -0.9691 -0.0000
vn 0.2740 0.3691 -0.8881
vn -0.0018 -0.0206 -0.9998
vn -0.0676 -0.7964 -0.6010
vn -0.0847 -0.9964 -0.0000
vn 0.9897 0.1432 -0.0000
vn 0.0661 0.7846 -0.6165
vn -0.0520 0.7835 -0.6192
vn 0.0020 -0.0271 -0.9996
vn 0.0546 -0.7990 -0.5989
vn -0.0660 0.9978 -0.0000
vn 0.0840 0.9965 -0.0000
vn -0.2055 0.7550 -0.6227
vn 0.0093 -0.0342 -0.9994
vn 0.2108 -0.7747 -0.5962
vn 0.0684 -0.9977 -0.0000
vn -0.2626 0.9649 -0.0000
vn 0.0119 -0.0244 -0.9996
vn 0.3575 -0.7166 -0.5989
vn 0.4463 -0.8949 -0.0000
vn 0.2626 -0.9649 -0.0000
vn -0.3522 0.7018 -0.6192
vn 0.0292 -0.0138 -0.9995
vn 0.4687 -0.6369 -0.6121
vn 0.5749 -0.8182 0.0088
vn -0.4487 0.8937 -0.0000
vn -0.4484 0.6484 -0.6153
vn 0.0550 -0.0663 -0.9963
vn -0.0693 -0.2560 -0.9642
vn -0.5434 -0.8093 -0.2233
vn -0.5689 0.8224 -0.0000
vn -0.4946 0.6224 -0.6066
vn -0.0121 0.1337 -0.9909
vn -0.5701 0.8216 0.0004
vn -0.6143 0.7891 -0.0000
vn -0.4249 -0.6878 -0.5885
vn -0.5717 0.6595 -0.4881
vn -0.5642 -0.5353 -0.6286
vn -0.5730 -0.1069 -0.8126
vn 0.6885 -0.0541 -0.7233
vn -0.9832 -0.1827 -0.0007
vn 0.7146 -0.6995 -0.0000
vn 0.7656 0.3182 -0.5591
vn 0.9230 0.3848 -0.0000
vn 0.2263 0.6071 -0.7617
vn 0.6492 0.7607 -0.0000
vn 0.3490 0.9371 -0.0000
vn 0.4930 -0.4663 -0.7346
vn 0.4231 0.5147 -0.7457
vn 0.9656 0.2599 0.0052
vn -0.7793 -0.2923 0.5543
vn -0.0580 -0.0224 0.9981
vn -0.0273 -0.2711 0.9622
vn -0.7561 -0.2894 0.5869
vn 0.2629 0.1002 0.9596
vn -0.0442 -0.0404 0.9982
vn 0.2054 0.1921 0.9596
vn -0.5927 -0.5507 0.5877
vn -0.0216 -0.0392 0.9990
vn 0.1267 0.2430 0.9617
vn -0.3792 -0.7108 0.5924
vn -0.0079 -0.0293 0.9995
vn 0.2748 0.3635 0.8902
vn -0.1977 -0.7771 0.5975
vn -0.0018 -0.0206 0.9998
vn 0.0661 0.7846 0.6165
vn -0.0676 -0.7964 0.6010
vn -0.0520 0.7835 0.6192
vn 0.0020 -0.0271 0.9996
vn 0.0546 -0.7990 0.5989
vn -0.2055 0.7550 0.6227
vn 0.0093 -0.0342 0.9994
vn 0.2108 -0.7747 0.5962
vn 0.0119 -0.0244 0.9996
vn -0.3522 0.7018 0.6192
vn 0.3575 -0.7166 0.5989
vn 0.0316 -0.0137 0.9994
vn -0.4484 0.6484 0.6153
vn 0.4859 -0.6302 0.6056
vn 0.0605 -0.0730 0.9955
vn -0.4946 0.6224 0.6066
vn -0.0720 -0.2929 0.9534
vn -0.0048 0.1336 0.9910
vn -0.5664 0.6613 0.4917
vn -0.4284 -0.6803 0.5947
vn -0.5687 -0.1119 0.8149
vn -0.5628 -0.5340 0.6310
vn 0.6946 -0.0432 0.7181
vn 0.5360 -0.4947 0.6840
vn 0.2262 0.6071 0.7617
vn 0.4231 0.5147 0.7457
vn 0.7660 0.3194 0.5579
vn 0.0522 0.2314 0.9715
vn -0.4103 0.7101 0.5722
vn -0.6187 0.5406 0.5701
vn -0.5218 0.8530 -0.0000
vn -0.6185 0.5413 -0.5697
vn -0.7819 0.6234 0.0001
vn -0.4103 0.7101 -0.5722
vn -0.0119 0.0784 -0.9969
vn 0.0465 0.1502 -0.9876
vn 0.7978 -0.0582 -0.6001
vn 0.0528 0.2331 -0.9710
vn 0.9946 -0.1036 0.0003
vn 0.6290 -0.4423 0.6394
vn 0.7972 -0.0597 0.6008
vn 0.6290 -0.4423 -0.6393
vn 0.0806 -0.7618 0.6428
vn 0.0465 0.1502 0.9876
vn -0.0119 0.0784 0.9969
vn -0.0872 0.8089 -0.5814
vn -0.0872 0.8089 0.5814
vn 0.2550 0.7673 -0.5884
vn 0.0806 -0.7618 -0.6428
vn 0.1070 -0.9943 -0.0000
vn 0.8359 -0.5488 -0.0000
vn 0.0173 0.0532 0.9984
vn 0.2550 0.7673 0.5884
vn 0.3150 0.9491 -0.0000
vn -0.1060 0.9944 -0.0000
vn 0.4980 0.6354 -0.5902
vn 0.0172 0.0532 -0.9984
vn -0.2554 -0.7335 0.6299
vn -0.2554 -0.7335 -0.6299
vn 0.0316 0.0403 0.9987
vn 0.4980 0.6354 0.5902
vn 0.6168 0.7871 -0.0000
vn 0.0456 0.0291 -0.9985
vn 0.0316 0.0403 -0.9987
vn -0.3315 -0.9435 -0.0000
vn -0.4812 -0.6117 0.6279
vn -0.4812 -0.6117 -0.6279
vn -0.6520 -0.4224 0.6297
vn 0.0456 0.0291 0.9985
vn 0.6797 0.4366 -0.5895
vn 0.6797 0.4366 0.5895
vn 0.0558 0.0123 -0.9984
vn -0.6520 -0.4224 -0.6297
vn -0.8389 -0.5443 -0.0000
vn -0.6186 -0.7857 -0.0000
vn -0.7566 -0.1708 0.6311
vn 0.0558 0.0123 0.9984
vn 0.8414 0.5404 -0.0000
vn 0.7891 0.1761 -0.5885
vn 0.7891 0.1761 0.5885
vn 0.0580 -0.0085 -0.9983
vn -0.7566 -0.1708 -0.6311
vn -0.9753 -0.2208 -0.0000
vn -0.7672 0.1122 0.6316
vn 0.0580 -0.0085 0.9983
vn 0.9760 0.2178 -0.0000
vn 0.8003 -0.1171 -0.5880
vn 0.8003 -0.1171 0.5880
vn 0.7051 -0.3957 -0.5884
vn -0.7672 0.1122 -0.6315
vn -0.9895 0.1447 -0.0000
vn 0.0503 -0.0280 0.9983
vn 0.7051 -0.3957 0.5884
vn 0.8721 -0.4894 -0.0000
vn 0.9895 -0.1448 -0.0000
vn 0.5258 -0.6130 -0.5897
vn 0.0503 -0.0280 -0.9983
vn -0.6756 0.3809 0.6312
vn -0.6756 0.3809 -0.6312
vn 0.0350 -0.0404 0.9986
vn 0.5258 -0.6130 0.5897
vn 0.6511 -0.7590 -0.0000
vn 0.3045 -0.7466 -0.5915
vn 0.0350 -0.0404 -0.9986
vn -0.8709 0.4914 -0.0000
vn -0.5039 0.5914 0.6295
vn -0.5039 0.5914 -0.6295
vn 0.0184 -0.0446 0.9988
vn 0.3045 -0.7466 0.5915
vn 0.3778 -0.9259 -0.0000
vn 0.0789 -0.8011 -0.5933
vn 0.0184 -0.0446 -0.9988
vn -0.6481 0.7615 -0.0000
vn -0.2918 0.7219 0.6274
vn -0.2918 0.7219 -0.6274
vn 0.0043 -0.0427 0.9991
vn 0.0789 -0.8011 0.5933
vn 0.0981 -0.9952 -0.0000
vn -0.0080 -0.0435 -0.9990
vn 0.0043 -0.0427 -0.9991
vn -0.3744 0.9273 -0.0000
vn -0.0756 0.7768 0.6252
vn -0.0756 0.7768 -0.6251
vn 0.1370 0.7679 0.6257
vn -0.0080 -0.0435 0.9990
vn -0.1428 -0.7925 -0.5929
vn -0.1428 -0.7925 0.5929
vn -0.0227 -0.0440 -0.9988
vn 0.1370 0.7679 -0.6257
vn 0.1755 0.9845 -0.0000
vn -0.0968 0.9953 -0.0000
vn 0.3549 0.6924 0.6282
vn -0.0227 -0.0440 0.9988
vn -0.1774 -0.9841 -0.0000
vn -0.3683 -0.7175 -0.5913
vn -0.3683 -0.7175 0.5913
vn -0.5654 -0.5743 -0.5920
vn 0.3549 0.6924 -0.6282
vn 0.4560 0.8900 -0.0000
vn -0.0328 -0.0334 0.9989
vn -0.5654 -0.5743 0.5920
vn -0.7015 -0.7127 -0.0000
vn -0.4566 -0.8897 -0.0000
vn -0.7035 -0.3915 -0.5931
vn -0.0328 -0.0334 -0.9989
vn 0.5475 0.5544 0.6268
vn 0.5475 0.5544 -0.6268
vn -0.0380 -0.0213 0.9990
vn -0.7035 -0.3915 0.5931
vn -0.8738 -0.4863 -0.0000
vn -0.7855 -0.1858 -0.5903
vn -0.0380 -0.0213 -0.9990
vn 0.7028 0.7114 -0.0000
vn 0.6823 0.3784 0.6255
vn 0.6823 0.3784 -0.6255
vn -0.0452 -0.0099 0.9989
vn -0.7853 -0.1802 0.5923
vn -0.9746 -0.2240 -0.0000
vn -0.8311 -0.0034 -0.5561
vn -0.0395 -0.0098 -0.9992
vn 0.8746 0.4849 -0.0000
vn 0.7601 0.1699 0.6272
vn 0.7587 0.1862 -0.6243
vn -0.0330 0.0011 0.9995
vn -0.7987 0.0130 0.6016
vn -0.9977 -0.0169 0.0654
vn -0.0463 0.0020 -0.9989
vn 0.9742 0.2256 -0.0066
vn 0.7833 -0.0263 0.6211
vn 0.7443 -0.0371 -0.6668
vn -0.0134 -0.0212 0.9997
vn -0.0058 -0.0192 -0.9998
vn 0.9976 -0.0449 -0.0525
vn 0.7992 -0.1163 0.5897
vn 0.7948 -0.1274 -0.5934
vn 0.7735 -0.1858 -0.6059
vn -0.0922 -0.4578 -0.8843
vn -0.0196 -0.0057 -0.9998
vn 0.2553 -0.9041 0.3426
vn -0.1637 -0.8131 0.5587
vn -0.1974 -0.9803 -0.0000
vn 0.5931 -0.6008 -0.5360
vn -0.1637 -0.8131 -0.5587
vn 0.7734 -0.1873 0.6056
vn -0.0922 -0.4578 0.8843
vn 0.5931 -0.6008 0.5360
vn 0.2553 -0.9041 -0.3426
vn 0.7637 -0.6456 -0.0000
vn 0.3533 -0.9355 -0.0000
vn 0.9654 -0.2607 -0.0003
vn -0.0200 -0.0070 0.9998
vn -0.7793 -0.3246 0.5360
vn -0.5854 -0.7348 -0.3426
vn -0.7793 -0.3246 -0.5360
vn -0.7824 0.1791 -0.5964
vn -0.5853 -0.7348 0.3426
vn -0.6879 -0.7258 -0.0000
vn -0.7827 0.1785 0.5962
vn -0.9540 -0.2999 -0.0000
vn -0.9736 0.2282 -0.0001
vn -0.7327 -0.2655 -0.6266
vn -0.9546 -0.2980 -0.0000
vn 0.2062 -0.7750 -0.5973
vn 0.1692 -0.9856 -0.0000
vn -0.3471 0.9378 -0.0000
vn -0.7930 0.0846 -0.6033
vn -0.9975 0.0711 -0.0000
vn 0.9340 -0.3574 -0.0000
vn 0.6759 -0.3695 -0.6376
vn 0.7757 -0.6311 -0.0000
vn -0.1814 -0.5987 -0.7802
vn -0.3105 -0.9506 -0.0000
vn 0.7885 -0.1131 -0.6045
vn 0.9862 -0.1656 -0.0000
vn -0.2663 0.7265 -0.6335
vn -0.0725 -0.0725 -0.9947
vn 0.1190 0.7535 -0.6465
vn 0.1855 0.9827 -0.0000
vn 0.5507 0.5968 -0.5836
vn 0.6365 0.7713 -0.0000
vn -0.2023 -0.7923 -0.5756
vn -0.7543 -0.6566 -0.0000
vn -0.6450 -0.5389 -0.5418
vn -0.0273 -0.0774 -0.9966
vn -0.0136 -0.0726 -0.9973
vn -0.3344 0.9424 -0.0000
vn 0.1766 -0.7936 -0.5823
vn -0.2340 -0.9722 -0.0000
vn 0.4519 -0.6718 -0.5869
vn -0.6687 0.3964 -0.6291
vn -0.5161 0.5865 -0.6242
vn 0.5690 -0.8223 -0.0000
vn 0.2264 -0.9740 -0.0000
vn 0.0200 -0.0669 -0.9976
vn -0.0053 -0.0680 -0.9977
vn -0.8533 0.5215 -0.0000
vn -0.6475 0.7621 -0.0000
vn 0.6487 -0.4844 -0.5870
vn 0.6943 -0.4054 -0.5946
vn -0.7837 0.0368 -0.6201
vn -0.7621 0.1903 -0.6189
vn 0.8900 -0.4560 -0.0000
vn 0.8070 -0.5905 -0.0000
vn 0.0290 0.0189 -0.9994
vn 0.5415 0.0822 -0.8367
vn -0.0018 -0.0113 -0.9999
vn -0.7682 -0.1446 -0.6236
vn -0.9987 0.0519 -0.0000
vn -0.9669 0.2550 -0.0000
vn 0.9622 0.2722 -0.0000
vn 0.9823 0.1875 -0.0000
vn -0.0053 -0.0681 0.9977
vn 0.4831 -0.2575 0.8368
vn -0.0022 -0.0113 0.9999
vn 0.0372 0.0181 -0.9991
vn -0.9828 -0.1848 -0.0000
vn 0.5415 0.0822 0.8367
vn 0.7659 0.2280 0.6012
vn 0.7246 0.3536 -0.5915
vn 0.7659 0.2280 -0.6012
vn -0.2104 -0.1828 -0.9604
vn -0.6011 -0.4096 -0.6863
vn 0.8987 0.4385 -0.0000
vn 0.0314 0.0273 -0.9991
vn -0.1548 -0.2328 -0.9601
vn -0.2899 -0.5118 -0.8087
vn 0.6083 0.5292 -0.5915
vn 0.0241 0.0364 -0.9990
vn -0.0842 -0.2676 -0.9599
vn -0.2306 -0.5134 0.8266
vn -0.1209 -0.5441 0.8303
vn -0.0842 -0.2676 0.9599
vn 0.4460 0.6723 -0.5908
vn 0.7544 0.6564 -0.0000
vn 0.0138 0.0432 -0.9990
vn -0.0015 0.0337 -0.9994
vn -0.1209 -0.5441 -0.8303
vn 0.2433 0.7695 -0.5904
vn 0.5528 0.8333 -0.0000
vn 0.0419 0.8033 -0.5941
vn -0.2306 -0.5134 -0.8266
vn -0.0112 0.0228 -0.9997
vn -0.6402 -0.4472 -0.6246
vn 0.0531 0.9986 -0.0000
vn 0.3014 0.9535 -0.0000
vn -0.1098 0.7943 -0.5975
vn 0.0928 -0.7826 -0.6155
vn -0.0154 0.0197 -0.9997
vn -0.7989 -0.6015 -0.0000
vn -0.1348 0.9909 -0.0000
vn -0.2276 0.7685 -0.5980
vn 0.2061 -0.7609 -0.6152
vn -0.0181 0.0144 -0.9997
vn 0.1201 -0.9928 -0.0000
vn -0.2818 0.9595 -0.0000
vn -0.3315 0.7290 -0.5989
vn 0.3078 -0.7267 -0.6142
vn -0.0188 0.0077 -0.9998
vn 0.2640 -0.9645 -0.0000
vn -0.4116 0.9114 -0.0000
vn -0.4143 0.6840 -0.6004
vn 0.4492 -0.5998 -0.6622
vn 0.3823 -0.6929 -0.6114
vn 0.3927 -0.9196 -0.0000
vn -0.5155 0.8569 -0.0000
vn -0.4707 0.6445 -0.6025
vn -0.0017 0.1378 -0.9905
vn -0.0176 -0.0001 -0.9998
vn 0.5421 -0.8403 -0.0000
vn 0.4953 -0.8687 -0.0000
vn -0.5869 0.8097 -0.0000
vn -0.4108 0.6796 -0.6078
vn -0.1635 -0.0244 -0.9862
vn -0.5538 0.8327 -0.0000
vn -0.3321 -0.0526 -0.9418
vn -0.3321 -0.0526 0.9418
vn -0.1625 0.7571 -0.6327
vn -0.0108 -0.5967 -0.8024
vn 0.2197 -0.0190 -0.9754
vn -0.7240 0.0279 -0.6892
vn 0.1187 -0.0051 -0.9929
vn 0.7464 -0.2321 -0.6237
vn 0.0207 0.2388 -0.9709
vn 0.8058 0.4475 -0.3879
vn 0.8412 0.5407 -0.0000
vn -0.8776 0.0032 -0.4793
vn -0.9994 -0.0346 -0.0000
vn 0.8010 0.5441 -0.2496
vn 0.7965 0.6046 -0.0000
vn -0.8149 0.5796 -0.0000
vn -0.7808 0.5307 -0.3297
vn 0.0397 0.5415 -0.8398
vn 0.0388 0.9992 -0.0000
vn 0.0519 0.9690 -0.2415
vn 0.1633 -0.0233 -0.9863
vn -0.7240 0.0279 0.6892
vn 0.2062 -0.7750 0.5973
vn -0.7327 -0.2655 0.6266
vn -0.7930 0.0846 0.6033
vn -0.1625 0.7571 0.6327
vn 0.6759 -0.3695 0.6376
vn 0.7464 -0.2321 0.6237
vn -0.1814 -0.5987 0.7802
vn 0.7885 -0.1131 0.6045
vn -0.0725 -0.0725 0.9947
vn -0.2663 0.7265 0.6335
vn 0.1190 0.7535 0.6465
vn 0.5507 0.5968 0.5836
vn -0.2023 -0.7923 0.5756
vn -0.6450 -0.5389 0.5418
vn -0.0273 -0.0774 0.9966
vn -0.0136 -0.0726 0.9973
vn -0.5161 0.5865 0.6242
vn 0.1766 -0.7936 0.5823
vn 0.4519 -0.6718 0.5869
vn -0.6687 0.3964 0.6291
vn 0.0200 -0.0669 0.9976
vn -0.7621 0.1903 0.6189
vn 0.6487 -0.4844 0.5870
vn 0.6943 -0.4054 0.5946
vn -0.7838 0.0367 0.6199
vn 0.0290 0.0190 0.9994
vn -0.7683 -0.1445 0.6236
vn 0.8435 -0.5372 -0.0000
vn -0.0178 -0.9998 -0.0000
vn -0.0120 -0.9999 0.0119
vn -0.0030 -1.0000 -0.0000
vn 0.0372 0.0181 0.9991
vn -0.6011 -0.4096 0.6863
vn 0.4831 -0.2574 -0.8368
vn 0.7246 0.3536 0.5915
vn -0.2104 -0.1828 0.9604
vn -0.7519 -0.6593 -0.0000
vn 0.0314 0.0273 0.9991
vn -0.1548 -0.2328 0.9601
vn 0.6083 0.5292 0.5915
vn 0.0241 0.0364 0.9990
vn 0.4460 0.6723 0.5908
vn 0.0138 0.0432 0.9990
vn -0.0015 0.0337 0.9994
vn -0.3254 -0.5409 0.7756
vn 0.2433 0.7695 0.5904
vn 0.0419 0.8033 0.5941
vn -0.0112 0.0228 0.9997
vn 0.0928 -0.7826 0.6155
vn -0.6402 -0.4472 0.6246
vn -0.1098 0.7943 0.5975
vn -0.0154 0.0197 0.9997
vn 0.2061 -0.7609 0.6152
vn -0.2276 0.7685 0.5980
vn -0.0181 0.0144 0.9997
vn 0.3078 -0.7267 0.6142
vn -0.3315 0.7290 0.5989
vn -0.0188 0.0077 0.9998
vn 0.3823 -0.6929 0.6114
vn -0.4143 0.6840 0.6004
vn 0.4492 -0.5998 0.6622
vn -0.4707 0.6445 0.6025
vn -0.0176 -0.0001 0.9998
vn -0.0017 0.1378 0.9905
vn -0.4108 0.6796 0.6078
vn -0.1635 -0.0244 0.9862
vn -0.0108 -0.5967 0.8024
vn 0.2197 -0.0190 0.9754
vn 0.1187 -0.0051 0.9929
vn 0.1633 -0.0233 0.9863
vn 0.0207 0.2388 0.9709
vn 0.8058 0.4475 0.3879
vn -0.8776 0.0032 0.4793
vn 0.8010 0.5441 0.2496
vn -0.7808 0.5307 0.3297
vn 0.0397 0.5415 0.8398
vn 0.0519 0.9690 0.2415
vn -0.0325 -0.9995 -0.0000
vn -0.3254 -0.5409 -0.7756
vn -0.5183 -0.8552 -0.0000
vn -0.2205 -0.9754 -0.0000
vn -0.4907 -0.8714 -0.0000
vn -0.2899 -0.5118 0.8087
vn -0.6970 -0.7171 -0.0000
vn -0.0000 -1.0000 -0.0000
vn -0.8366 0.4998 0.2242
vn -0.8662 0.4998 -0.0000
vn -0.7501 0.4998 0.4331
vn -0.6125 0.4998 0.6125
vn -0.4331 0.4998 0.7501
vn -0.2242 0.4998 0.8366
vn -0.0000 0.4998 0.8662
vn 0.2242 0.4998 0.8366
vn 0.4331 0.4998 0.7501
vn 0.6125 0.4998 0.6125
vn 0.7501 0.4998 0.4331
vn 0.8366 0.4998 0.2242
vn 0.8662 0.4998 -0.0000
vn 0.8366 0.4998 -0.2242
vn 0.7501 0.4998 -0.4331
vn 0.6125 0.4998 -0.6125
vn 0.4331 0.4998 -0.7501
vn 0.2242 0.4998 -0.8366
vn -0.0000 0.4998 -0.8662
vn -0.2242 0.4998 -0.8366
vn -0.4331 0.4998 -0.7501
vn -0.6125 0.4998 -0.6125
vn -0.7501 0.4998 -0.4331
vn -0.8366 0.4998 -0.2242
vn -0.0000 1.0000 -0.0000
vn -0.8825 -0.4704 -0.0000
vn -0.4395 -0.8905 0.1178
vn -0.4550 -0.8905 -0.0000
vn -0.7642 -0.4704 0.4412
vn -0.8524 -0.4704 0.2284
vn -0.3217 -0.8905 0.3217
vn -0.3940 -0.8905 0.2275
vn -0.6240 -0.4704 0.6240
vn -0.2275 -0.8905 0.3940
vn -0.4412 -0.4704 0.7642
vn -0.1178 -0.8905 0.4395
vn -0.2284 -0.4704 0.8524
vn -0.0000 -0.8905 0.4550
vn -0.0000 -0.4704 0.8825
vn 0.1178 -0.8905 0.4395
vn 0.2284 -0.4704 0.8524
vn 0.2275 -0.8905 0.3940
vn 0.4412 -0.4704 0.7642
vn 0.3217 -0.8905 0.3217
vn 0.6240 -0.4704 0.6240
vn 0.3940 -0.8905 0.2275
vn 0.7642 -0.4704 0.4412
vn 0.4395 -0.8905 0.1178
vn 0.8524 -0.4704 0.2284
vn 0.4550 -0.8905 -0.0000
vn 0.8825 -0.4704 -0.0000
vn 0.4395 -0.8905 -0.1178
vn 0.8524 -0.4704 -0.2284
vn 0.3940 -0.8905 -0.2275
vn 0.7642 -0.4704 -0.4412
vn 0.3217 -0.8905 -0.3217
vn 0.6240 -0.4704 -0.6240
vn 0.2275 -0.8905 -0.3940
vn 0.4412 -0.4704 -0.7642
vn 0.1178 -0.8905 -0.4395
vn 0.2284 -0.4704 -0.8524
vn -0.0000 -0.8905 -0.4550
vn -0.0000 -0.4704 -0.8825
vn -0.1178 -0.8905 -0.4395
vn -0.2284 -0.4704 -0.8524
vn -0.2275 -0.8905 -0.3940
vn -0.4412 -0.4704 -0.7642
vn -0.3217 -0.8905 -0.3217
vn -0.6240 -0.4704 -0.6240
vn -0.3940 -0.8905 -0.2275
vn -0.7642 -0.4704 -0.4412
vn -0.4395 -0.8905 -0.1178
vn -0.8524 -0.4704 -0.2284
vn -0.9170 -0.3989 -0.0000
vn -0.9278 -0.2783 0.2486
vn -0.9605 -0.2783 -0.0000
vn -0.8857 -0.3989 0.2373
vn -0.8318 -0.2783 0.4803
vn -0.7941 -0.3989 0.4585
vn -0.6792 -0.2783 0.6792
vn -0.6484 -0.3989 0.6484
vn -0.4802 -0.2783 0.8318
vn -0.2373 -0.3989 0.8857
vn -0.4585 -0.3989 0.7941
vn -0.0000 -0.2783 0.9605
vn -0.2486 -0.2783 0.9278
vn -0.0000 -0.3989 0.9170
vn 0.2486 -0.2783 0.9278
vn 0.2373 -0.3989 0.8857
vn 0.4802 -0.2783 0.8318
vn 0.4585 -0.3989 0.7941
vn 0.6792 -0.2783 0.6792
vn 0.6484 -0.3989 0.6484
vn 0.8318 -0.2783 0.4802
vn 0.7941 -0.3989 0.4585
vn 0.9278 -0.2783 0.2486
vn 0.8857 -0.3989 0.2373
vn 0.9605 -0.2783 -0.0000
vn 0.9170 -0.3989 -0.0000
vn 0.9278 -0.2783 -0.2486
vn 0.8857 -0.3989 -0.2373
vn 0.8318 -0.2783 -0.4802
vn 0.7941 -0.3989 -0.4585
vn 0.6792 -0.2783 -0.6792
vn 0.4585 -0.3989 -0.7941
vn 0.6484 -0.3989 -0.6484
vn 0.2373 -0.3989 -0.8857
vn 0.4802 -0.2783 -0.8318
vn -0.0000 -0.2783 -0.9605
vn 0.2486 -0.2783 -0.9278
vn -0.2373 -0.3989 -0.8857
vn -0.0000 -0.3989 -0.9170
vn -0.4585 -0.3989 -0.7941
vn -0.2486 -0.2783 -0.9278
vn -0.6792 -0.2783 -0.6792
vn -0.4802 -0.2783 -0.8318
vn -0.6484 -0.3989 -0.6484
vn -0.8318 -0.2783 -0.4802
vn -0.7941 -0.3989 -0.4585
vn -0.9278 -0.2783 -0.2486
vn -0.8857 -0.3989 -0.2373
vn -0.9989 0.0479 -0.0000
vn -0.8650 0.0479 0.4994
vn -0.9648 0.0479 0.2585
vn -0.7063 0.0479 0.7063
vn -0.4994 0.0479 0.8650
vn -0.2585 0.0479 0.9648
vn 0.2585 0.0479 0.9648
vn -0.0000 0.0479 0.9989
vn 0.4994 0.0479 0.8650
vn 0.8650 0.0479 0.4994
vn 0.7063 0.0479 0.7063
vn 0.9648 0.0479 0.2585
vn 0.9989 0.0479 -0.0000
vn 0.9648 0.0479 -0.2585
vn 0.8650 0.0479 -0.4994
vn 0.7063 0.0479 -0.7063
vn 0.2585 0.0479 -0.9648
vn 0.4994 0.0479 -0.8650
vn -0.0000 0.0479 -0.9989
vn -0.2585 0.0479 -0.9648
vn -0.4994 0.0479 -0.8650
vn -0.7063 0.0479 -0.7063
vn -0.9648 0.0479 -0.2585
vn -0.8650 0.0479 -0.4994
vn -0.8830 0.4694 -0.0000
vn -0.8529 0.4694 0.2285
vn -0.6243 0.4694 0.6244
vn -0.7647 0.4695 0.4415
vn -0.4415 0.4694 0.7647
vn -0.2285 0.4694 0.8529
vn -0.0000 0.4694 0.8830
vn 0.2285 0.4694 0.8529
vn 0.4415 0.4694 0.7647
vn 0.6243 0.4694 0.6243
vn 0.7647 0.4694 0.4415
vn 0.8529 0.4694 0.2285
vn 0.8830 0.4694 -0.0000
vn 0.7647 0.4694 -0.4415
vn 0.8529 0.4694 -0.2285
vn 0.4415 0.4694 -0.7647
vn 0.6243 0.4694 -0.6243
vn 0.2285 0.4694 -0.8529
vn -0.0000 0.4694 -0.8830
vn -0.2285 0.4694 -0.8529
vn -0.4415 0.4694 -0.7647
vn -0.6244 0.4694 -0.6243
vn -0.7647 0.4694 -0.4415
vn -0.8529 0.4694 -0.2285
vn -0.7392 0.6735 -0.0000
vn -0.7140 0.6735 0.1913
vn -0.5227 0.6735 0.5227
vn -0.6402 0.6735 0.3696
vn -0.3696 0.6735 0.6402
vn -0.1913 0.6735 0.7140
vn -0.0000 0.6735 0.7392
vn 0.1913 0.6735 0.7140
vn 0.3696 0.6735 0.6402
vn 0.5227 0.6735 0.5227
vn 0.6402 0.6735 0.3696
vn 0.7140 0.6735 0.1913
vn 0.7392 0.6735 -0.0000
vn 0.7140 0.6735 -0.1913
vn 0.6402 0.6735 -0.3696
vn 0.5227 0.6735 -0.5227
vn 0.3696 0.6735 -0.6402
vn 0.1913 0.6735 -0.7140
vn -0.0000 0.6735 -0.7392
vn -0.1913 0.6735 -0.7140
vn -0.3696 0.6735 -0.6402
vn -0.6402 0.6735 -0.3696
vn -0.5227 0.6735 -0.5227
vn -0.7140 0.6735 -0.1913
vn -0.9655 -0.0284 0.2587
vn -0.9996 -0.0284 -0.0000
vn -0.8657 -0.0284 0.4998
vn -0.7068 -0.0284 0.7068
vn -0.4998 -0.0284 0.8657
vn -0.2587 -0.0284 0.9655
vn -0.0000 -0.0284 0.9996
vn 0.2587 -0.0284 0.9655
vn 0.4998 -0.0284 0.8657
vn 0.7068 -0.0284 0.7068
vn 0.8657 -0.0284 0.4998
vn 0.9655 -0.0284 0.2587
vn 0.9996 -0.0284 -0.0000
vn 0.9655 -0.0284 -0.2587
vn 0.8657 -0.0284 -0.4998
vn 0.7068 -0.0284 -0.7068
vn 0.4998 -0.0284 -0.8657
vn 0.2587 -0.0284 -0.9655
vn -0.0000 -0.0284 -0.9996
vn -0.2587 -0.0284 -0.9655
vn -0.4998 -0.0284 -0.8657
vn -0.7068 -0.0284 -0.7068
vn -0.8657 -0.0284 -0.4998
vn -0.9655 -0.0284 -0.2587
vn -0.5102 -0.8491 0.1367
vn -0.7112 -0.7029 -0.0000
vn -0.5282 -0.8491 -0.0000
vn -0.6160 -0.7029 0.3556
vn -0.6870 -0.7030 0.1841
vn -0.3735 -0.8491 0.3735
vn -0.4574 -0.8491 0.2641
vn -0.3556 -0.7029 0.6160
vn -0.5029 -0.7029 0.5029
vn -0.2641 -0.8491 0.4574
vn -0.1841 -0.7029 0.6870
vn -0.1367 -0.8491 0.5102
vn -0.0000 -0.7030 0.7112
vn -0.0000 -0.8491 0.5282
vn 0.1841 -0.7029 0.6870
vn 0.1367 -0.8491 0.5102
vn 0.3556 -0.7029 0.6160
vn 0.2641 -0.8491 0.4574
vn 0.5029 -0.7030 0.5029
vn 0.3735 -0.8491 0.3735
vn 0.6160 -0.7029 0.3556
vn 0.4574 -0.8491 0.2641
vn 0.6870 -0.7029 0.1841
vn 0.5102 -0.8491 0.1367
vn 0.7112 -0.7029 -0.0000
vn 0.5282 -0.8491 -0.0000
vn 0.6870 -0.7029 -0.1841
vn 0.5102 -0.8491 -0.1367
vn 0.6160 -0.7029 -0.3556
vn 0.3735 -0.8491 -0.3735
vn 0.4574 -0.8491 -0.2641
vn 0.3556 -0.7029 -0.6160
vn 0.5029 -0.7030 -0.5029
vn 0.2641 -0.8491 -0.4574
vn 0.1841 -0.7029 -0.6870
vn 0.1367 -0.8491 -0.5102
vn -0.0000 -0.7029 -0.7112
vn -0.0000 -0.8491 -0.5282
vn -0.1841 -0.7029 -0.6870
vn -0.1367 -0.8491 -0.5102
vn -0.3556 -0.7029 -0.6160
vn -0.2641 -0.8491 -0.4574
vn -0.5029 -0.7029 -0.5029
vn -0.4574 -0.8491 -0.2641
vn -0.3735 -0.8491 -0.3735
vn -0.6870 -0.7029 -0.1841
vn -0.6160 -0.7030 -0.3556
vn -0.5102 -0.8491 -0.1367
vn -0.8130 -0.5399 0.2179
vn -0.8417 -0.5399 -0.0000
vn -0.5952 -0.5399 0.5952
vn -0.7289 -0.5399 0.4209
vn -0.4209 -0.5399 0.7289
vn -0.2178 -0.5399 0.8130
vn -0.0000 -0.5399 0.8417
vn 0.4208 -0.5399 0.7289
vn 0.2179 -0.5399 0.8130
vn 0.5952 -0.5399 0.5952
vn 0.8130 -0.5399 0.2178
vn 0.7289 -0.5399 0.4209
vn 0.8417 -0.5399 -0.0000
vn 0.8130 -0.5399 -0.2178
vn 0.7289 -0.5399 -0.4209
vn 0.5952 -0.5399 -0.5952
vn 0.2178 -0.5399 -0.8130
vn 0.4208 -0.5399 -0.7289
vn -0.0000 -0.5399 -0.8417
vn -0.2178 -0.5399 -0.8130
vn -0.4208 -0.5399 -0.7289
vn -0.5952 -0.5399 -0.5952
vn -0.7289 -0.5399 -0.4209
vn -0.8130 -0.5399 -0.2178
vn -0.9862 0.1654 -0.0000
vn -0.8541 0.1654 0.4931
vn -0.9526 0.1654 0.2553
vn -0.6974 0.1654 0.6974
vn -0.4931 0.1654 0.8541
vn -0.2552 0.1654 0.9526
vn -0.0000 0.1654 0.9862
vn 0.2553 0.1654 0.9526
vn 0.4931 0.1654 0.8541
vn 0.8541 0.1654 0.4931
vn 0.6974 0.1654 0.6974
vn 0.9526 0.1654 0.2553
vn 0.9526 0.1654 -0.2553
vn 0.9862 0.1654 -0.0000
vn 0.8541 0.1654 -0.4931
vn 0.6974 0.1654 -0.6974
vn 0.4931 0.1654 -0.8541
vn 0.2553 0.1654 -0.9526
vn -0.2553 0.1654 -0.9526
vn -0.0000 0.1654 -0.9862
vn -0.4931 0.1654 -0.8541
vn -0.6974 0.1654 -0.6974
vn -0.8541 0.1654 -0.4931
vn -0.9526 0.1654 -0.2552
vn -0.8597 -0.4980 0.1132
vn -0.8775 -0.3129 0.3635
vn -0.9417 -0.3129 -0.1240
vn -0.6880 -0.4980 0.5279
vn -0.5782 -0.3129 0.7535
vn -0.3318 -0.4980 0.8012
vn -0.1240 -0.3129 0.9417
vn 0.1132 -0.4980 0.8597
vn 0.3635 -0.3129 0.8775
vn 0.5279 -0.4980 0.6880
vn 0.7535 -0.3129 0.5782
vn 0.8012 -0.4980 0.3318
vn 0.9417 -0.3129 0.1240
vn 0.8597 -0.4980 -0.1132
vn 0.8775 -0.3129 -0.3635
vn 0.6880 -0.4980 -0.5279
vn 0.5782 -0.3129 -0.7535
vn 0.3318 -0.4980 -0.8012
vn 0.1240 -0.3129 -0.9417
vn -0.1132 -0.4980 -0.8597
vn -0.3635 -0.3129 -0.8775
vn -0.5279 -0.4980 -0.6880
vn -0.7535 -0.3129 -0.5782
vn -0.8012 -0.4980 -0.3318
vn -0.7851 -0.5277 0.3243
vn -0.4892 -0.5692 0.6608
vn -0.1221 -0.5471 0.8281
vn 0.3265 -0.5733 0.7515
vn 0.6538 -0.5513 0.5182
vn 0.8482 -0.5149 0.1241
vn 0.7835 -0.5234 -0.3348
vn 0.4882 -0.5738 -0.6576
vn 0.1233 -0.5486 -0.8269
vn -0.3266 -0.5697 -0.7542
vn -0.6568 -0.5444 -0.5218
vn -0.8422 -0.5275 -0.1121
vn -0.0209 -0.9998 -0.0000
vn -0.0350 -0.9948 0.0957
vn -0.6019 0.0047 -0.7986
vn -0.0120 -0.9999 -0.0119
vn -0.0350 -0.9948 -0.0957
vn -0.6019 0.0047 0.7986
vn -0.8893 0.0203 0.4570
vn -0.5967 0.0023 0.8024
vn -0.7069 0.0222 0.7069
vn -0.8881 0.0222 0.4592
vn -0.4999 0.0222 0.8658
vn -0.2588 0.0222 0.9657
vn -0.0000 0.0222 0.9998
vn -0.2588 0.0222 -0.9657
vn -0.0000 0.0222 -0.9998
vn -0.4999 0.0222 -0.8658
vn -0.7069 0.0222 -0.7069
vn -0.8893 0.0203 -0.4570
vn -0.8881 0.0222 -0.4592
vn 0.9998 -0.0220 -0.0000
vn 0.9657 -0.0220 -0.2588
vn 0.8658 -0.0220 -0.4999
vn 0.7069 -0.0220 -0.7069
vn 0.4999 -0.0220 -0.8658
vn 0.2588 -0.0220 -0.9657
vn -0.0000 -0.0220 -0.9998
vn -0.0000 -0.0220 0.9998
vn 0.2588 -0.0220 0.9657
vn 0.4999 -0.0220 0.8658
vn 0.7069 -0.0220 0.7069
vn 0.8658 -0.0220 0.4999
vn 0.9657 -0.0220 0.2587
vn 0.9657 -0.0220 0.2588
vn -0.0148 -0.9999 0.0080
vn -0.0168 -0.9998 0.0043
vn -0.0142 -0.9999 0.0082
vn -0.0116 -0.9999 0.0116
vn -0.0082 -0.9999 0.0142
vn -0.0042 -0.9999 0.0159
vn -0.0043 -0.9999 0.0159
vn -0.0000 -0.9999 0.0164
vn -0.0000 -0.9999 -0.0164
vn -0.0042 -0.9999 -0.0159
vn -0.0043 -0.9999 -0.0159
vn -0.0082 -0.9999 -0.0142
vn -0.0116 -0.9999 -0.0116
vn -0.0148 -0.9999 -0.0080
vn -0.0142 -0.9999 -0.0082
vn -0.0168 -0.9998 -0.0043
vn 0.7071 -0.0000 -0.7071
vn 0.8660 -0.0000 -0.5000
vn -0.8660 -0.0000 -0.5000
vn -0.7071 -0.0000 -0.7071
vn -0.2588 -0.0000 0.9659
vn -0.5000 -0.0000 0.8660
vn 0.9659 -0.0000 -0.2588
vn 1.0000 -0.0000 -0.0000
vn 0.9659 -0.0000 0.2588
vn -0.5000 -0.0000 -0.8660
vn -0.7071 -0.0000 0.7071
vn 0.8660 -0.0000 0.5000
vn -0.2588 -0.0000 -0.9659
vn -0.8660 -0.0000 0.5000
vn 0.7071 -0.0000 0.7071
vn -0.0000 -0.0000 -1.0000
vn -0.9659 -0.0000 0.2588
vn 0.5000 -0.0000 0.8660
vn 0.2588 -0.0000 -0.9659
vn -1.0000 -0.0000 -0.0000
vn 0.2588 -0.0000 0.9659
vn 0.5000 -0.0000 -0.8660
vn -0.9659 -0.0000 -0.2588
vn -0.0000 -0.0000 1.0000
vn 0.7810 -0.2875 -0.5544
vn 0.0580 -0.0224 -0.9981
vn 0.0244 -0.2712 -0.9622
vn 0.9619 -0.2736 0.0022
vn 0.7561 -0.2894 -0.5869
vn -0.2629 0.1002 -0.9596
vn 0.0442 -0.0404 -0.9982
vn -0.2054 0.1921 -0.9596
vn 0.5927 -0.5507 -0.5877
vn 0.7326 -0.6806 -0.0000
vn 0.0216 -0.0392 -0.9990
vn -0.1267 0.2430 -0.9617
vn 0.3792 -0.7108 -0.5924
vn 0.4711 -0.8821 -0.0000
vn 0.0079 -0.0293 -0.9995
vn -0.2748 0.3635 -0.8902
vn 0.1977 -0.7771 -0.5975
vn 0.2468 -0.9691 -0.0000
vn 0.0018 -0.0206 -0.9998
vn -0.0661 0.7846 -0.6165
vn 0.0676 -0.7964 -0.6010
vn 0.0847 -0.9964 -0.0000
vn -0.9897 0.1432 -0.0000
vn -0.0840 0.9965 -0.0000
vn 0.0520 0.7835 -0.6192
vn -0.0020 -0.0271 -0.9996
vn -0.0546 -0.7990 -0.5989
vn 0.0660 0.9978 -0.0000
vn 0.2055 0.7550 -0.6227
vn -0.0093 -0.0342 -0.9994
vn -0.0684 -0.9977 -0.0000
vn -0.2108 -0.7747 -0.5962
vn 0.2626 0.9649 -0.0000
vn -0.0119 -0.0244 -0.9996
vn 0.3522 0.7018 -0.6192
vn -0.3575 -0.7166 -0.5989
vn -0.4463 -0.8949 -0.0000
vn 0.4487 0.8937 -0.0000
vn -0.0292 -0.0138 -0.9995
vn 0.4484 0.6484 -0.6153
vn -0.4687 -0.6369 -0.6121
vn -0.5749 -0.8182 0.0088
vn 0.5689 0.8224 -0.0000
vn -0.0550 -0.0663 -0.9963
vn 0.4946 0.6224 -0.6066
vn 0.0693 -0.2560 -0.9642
vn 0.5434 -0.8093 -0.2233
vn 0.6143 0.7891 -0.0000
vn 0.0121 0.1337 -0.9909
vn 0.5717 0.6595 -0.4881
vn 0.5701 0.8216 0.0004
vn 0.4249 -0.6878 -0.5885
vn 0.5730 -0.1069 -0.8126
vn 0.5642 -0.5353 -0.6286
vn -0.6885 -0.0541 -0.7233
vn 0.9832 -0.1827 -0.0007
vn -0.7146 -0.6995 -0.0000
vn -0.7660 0.3194 -0.5579
vn -0.5360 -0.4947 -0.6840
vn -0.6492 0.7607 -0.0000
vn -0.2263 0.6071 -0.7617
vn -0.3490 0.9371 -0.0000
vn -0.9656 0.2599 0.0052
vn -0.4231 0.5147 -0.7457
vn -0.9230 0.3848 -0.0000
vn 0.0580 -0.0224 0.9981
vn 0.7793 -0.2923 0.5543
vn 0.0273 -0.2711 0.9622
vn 0.7561 -0.2894 0.5869
vn -0.2629 0.1002 0.9596
vn 0.0442 -0.0404 0.9982
vn 0.5927 -0.5507 0.5877
vn 0.9339 -0.3575 -0.0000
vn -0.2054 0.1921 0.9596
vn 0.0216 -0.0392 0.9990
vn 0.3792 -0.7108 0.5924
vn -0.1273 0.2430 0.9616
vn 0.0079 -0.0293 0.9995
vn 0.1977 -0.7771 0.5975
vn -0.2740 0.3691 0.8881
vn 0.0018 -0.0206 0.9998
vn 0.0676 -0.7964 0.6010
vn -0.0661 0.7846 0.6165
vn 0.0520 0.7835 0.6192
vn -0.0020 -0.0271 0.9996
vn -0.0546 -0.7990 0.5989
vn 0.2055 0.7550 0.6227
vn -0.0093 -0.0342 0.9994
vn -0.2108 -0.7747 0.5962
vn -0.0119 -0.0244 0.9996
vn -0.3575 -0.7166 0.5989
vn -0.2626 -0.9649 -0.0000
vn 0.3522 0.7018 0.6192
vn -0.0316 -0.0137 0.9994
vn -0.4859 -0.6302 0.6056
vn 0.4484 0.6484 0.6153
vn -0.0605 -0.0730 0.9955
vn 0.0720 -0.2929 0.9534
vn 0.4946 0.6224 0.6066
vn 0.0048 0.1336 0.9910
vn 0.4284 -0.6803 0.5947
vn 0.5664 0.6613 0.4917
vn 0.5628 -0.5340 0.6310
vn 0.5686 -0.1119 0.8149
vn -0.6946 -0.0432 0.7181
vn -0.4930 -0.4663 0.7346
vn -0.2262 0.6071 0.7617
vn -0.4231 0.5147 0.7457
vn -0.7656 0.3182 0.5591
vn -0.0522 0.2314 0.9715
vn 0.4103 0.7101 0.5722
vn -0.0465 0.1502 0.9876
vn 0.6185 0.5413 -0.5697
vn 0.5218 0.8530 -0.0000
vn 0.7819 0.6234 0.0001
vn 0.6187 0.5406 0.5701
vn 0.4103 0.7101 -0.5722
vn 0.0119 0.0784 -0.9969
vn 0.0872 0.8089 -0.5814
vn -0.7978 -0.0582 -0.6001
vn -0.0465 0.1502 -0.9876
vn -0.0528 0.2331 -0.9710
vn -0.9946 -0.1036 0.0003
vn -0.6290 -0.4423 0.6394
vn -0.8359 -0.5488 -0.0000
vn -0.6290 -0.4423 -0.6393
vn -0.0806 -0.7618 0.6428
vn 0.0119 0.0784 0.9969
vn 0.1060 0.9944 -0.0000
vn 0.0872 0.8089 0.5814
vn -0.2550 0.7673 -0.5884
vn -0.0806 -0.7618 -0.6428
vn -0.1070 -0.9943 -0.0000
vn -0.0173 0.0532 0.9984
vn 0.2554 -0.7335 0.6299
vn -0.2550 0.7673 0.5884
vn -0.3150 0.9491 -0.0000
vn -0.0172 0.0532 -0.9984
vn -0.4980 0.6354 -0.5902
vn 0.3315 -0.9435 -0.0000
vn 0.2554 -0.7335 -0.6299
vn -0.0316 0.0403 0.9987
vn 0.4812 -0.6117 0.6279
vn -0.4980 0.6354 0.5902
vn -0.6169 0.7871 -0.0000
vn -0.0456 0.0291 -0.9985
vn -0.6797 0.4366 -0.5895
vn -0.0316 0.0403 -0.9987
vn 0.6186 -0.7857 -0.0000
vn 0.4812 -0.6117 -0.6279
vn 0.6520 -0.4224 0.6297
vn -0.0456 0.0291 0.9985
vn -0.8414 0.5404 -0.0000
vn -0.6797 0.4366 0.5895
vn -0.0558 0.0123 -0.9984
vn -0.7891 0.1761 -0.5885
vn 0.6520 -0.4224 -0.6297
vn 0.8389 -0.5443 -0.0000
vn 0.7566 -0.1708 0.6311
vn -0.0558 0.0123 0.9984
vn -0.9760 0.2178 -0.0000
vn -0.7891 0.1761 0.5885
vn -0.0580 -0.0085 -0.9983
vn -0.8003 -0.1171 -0.5880
vn 0.7566 -0.1708 -0.6311
vn 0.9753 -0.2208 -0.0000
vn 0.7672 0.1122 0.6316
vn -0.0580 -0.0085 0.9983
vn -0.9895 -0.1448 -0.0000
vn -0.8003 -0.1171 0.5880
vn -0.7051 -0.3957 -0.5884
vn 0.7672 0.1122 -0.6315
vn 0.9895 0.1447 -0.0000
vn -0.0503 -0.0280 0.9983
vn 0.6756 0.3809 0.6312
vn -0.7051 -0.3957 0.5884
vn -0.8721 -0.4894 -0.0000
vn -0.0503 -0.0280 -0.9983
vn -0.5258 -0.6130 -0.5897
vn 0.8709 0.4914 -0.0000
vn 0.6756 0.3809 -0.6312
vn -0.0350 -0.0404 0.9986
vn 0.5039 0.5914 0.6295
vn -0.5258 -0.6130 0.5897
vn -0.6511 -0.7590 -0.0000
vn -0.0350 -0.0404 -0.9986
vn -0.3045 -0.7466 -0.5915
vn 0.6481 0.7615 -0.0000
vn 0.5039 0.5914 -0.6295
vn -0.0184 -0.0446 0.9988
vn 0.2918 0.7219 0.6274
vn -0.3045 -0.7466 0.5915
vn -0.3778 -0.9259 -0.0000
vn -0.0184 -0.0446 -0.9988
vn -0.0789 -0.8011 -0.5933
vn 0.3744 0.9273 -0.0000
vn 0.2918 0.7219 -0.6274
vn -0.0043 -0.0427 0.9991
vn 0.0756 0.7768 0.6252
vn -0.0789 -0.8011 0.5933
vn -0.0981 -0.9952 -0.0000
vn 0.0080 -0.0435 -0.9990
vn 0.1428 -0.7925 -0.5929
vn -0.0043 -0.0427 -0.9991
vn 0.0968 0.9953 -0.0000
vn 0.0756 0.7768 -0.6251
vn -0.1370 0.7679 0.6257
vn 0.0080 -0.0435 0.9990
vn 0.1774 -0.9841 -0.0000
vn 0.1428 -0.7925 0.5929
vn 0.0227 -0.0440 -0.9988
vn 0.3683 -0.7175 -0.5913
vn -0.1370 0.7679 -0.6257
vn -0.1755 0.9845 -0.0000
vn -0.3549 0.6924 0.6282
vn 0.0227 -0.0440 0.9988
vn 0.4566 -0.8897 -0.0000
vn 0.3683 -0.7175 0.5913
vn 0.5654 -0.5743 -0.5920
vn -0.3549 0.6924 -0.6282
vn -0.4560 0.8900 -0.0000
vn 0.0328 -0.0334 0.9989
vn -0.5475 0.5544 0.6268
vn 0.5654 -0.5743 0.5920
vn 0.7015 -0.7127 -0.0000
vn 0.0328 -0.0334 -0.9989
vn 0.7035 -0.3915 -0.5931
vn -0.7028 0.7114 -0.0000
vn -0.5475 0.5544 -0.6268
vn 0.0380 -0.0213 0.9990
vn -0.6823 0.3784 0.6255
vn 0.7035 -0.3915 0.5931
vn 0.8738 -0.4863 -0.0000
vn 0.0380 -0.0213 -0.9990
vn 0.7855 -0.1858 -0.5903
vn -0.8746 0.4849 -0.0000
vn -0.6823 0.3784 -0.6255
vn 0.0452 -0.0099 0.9989
vn -0.7601 0.1699 0.6272
vn 0.7853 -0.1802 0.5923
vn 0.9746 -0.2240 -0.0000
vn 0.0395 -0.0098 -0.9992
vn 0.8311 -0.0034 -0.5561
vn -0.9742 0.2256 -0.0066
vn -0.7587 0.1862 -0.6243
vn 0.0330 0.0011 0.9995
vn -0.7833 -0.0263 0.6211
vn 0.7987 0.0130 0.6016
vn 0.9977 -0.0169 0.0654
vn 0.0463 0.0020 -0.9989
vn -0.9976 -0.0449 -0.0525
vn -0.7443 -0.0371 -0.6668
vn 0.0134 -0.0212 0.9997
vn -0.7992 -0.1163 0.5897
vn -0.7972 -0.0597 0.6008
vn 0.0058 -0.0192 -0.9998
vn -0.9946 -0.1036 -0.0000
vn -0.7948 -0.1274 -0.5934
vn -0.7735 -0.1858 -0.6059
vn 0.0922 -0.4578 -0.8843
vn -0.5931 -0.6008 -0.5360
vn -0.2553 -0.9041 0.3426
vn 0.1974 -0.9803 -0.0000
vn 0.1637 -0.8131 0.5587
vn 0.1637 -0.8131 -0.5587
vn -0.7734 -0.1873 0.6056
vn 0.0922 -0.4578 0.8843
vn 0.0200 -0.0070 0.9998
vn -0.2553 -0.9041 -0.3426
vn -0.7637 -0.6456 -0.0000
vn -0.3533 -0.9355 -0.0000
vn -0.9654 -0.2607 -0.0003
vn -0.5931 -0.6008 0.5360
vn 0.7793 -0.3246 0.5360
vn 0.7827 0.1785 0.5962
vn 0.5854 -0.7348 -0.3426
vn 0.7793 -0.3246 -0.5360
vn 0.0196 -0.0057 -0.9998
vn 0.7824 0.1791 -0.5964
vn 0.5853 -0.7348 0.3426
vn 0.6879 -0.7258 -0.0000
vn 0.9540 -0.2999 -0.0000
vn 0.9736 0.2282 -0.0001
vn 0.9546 -0.2980 -0.0000
vn 0.7240 0.0279 -0.6892
vn -0.2062 -0.7750 -0.5973
vn 0.7327 -0.2655 -0.6266
vn 0.3471 0.9378 -0.0000
vn 0.7930 0.0846 -0.6033
vn 0.1625 0.7571 -0.6327
vn -0.9340 -0.3574 -0.0000
vn -0.6759 -0.3695 -0.6376
vn -0.7464 -0.2321 -0.6237
vn 0.9975 0.0711 -0.0000
vn 0.1814 -0.5987 -0.7802
vn -0.7885 -0.1131 -0.6045
vn -0.9862 -0.1656 -0.0000
vn -0.1692 -0.9856 -0.0000
vn 0.0725 -0.0725 -0.9947
vn 0.2663 0.7265 -0.6335
vn -0.1190 0.7535 -0.6465
vn -0.5507 0.5968 -0.5836
vn -0.1855 0.9827 -0.0000
vn -0.6365 0.7713 -0.0000
vn 0.7543 -0.6566 -0.0000
vn 0.2023 -0.7923 -0.5756
vn 0.6450 -0.5389 -0.5418
vn 0.0273 -0.0774 -0.9966
vn 0.0136 -0.0726 -0.9973
vn 0.5161 0.5865 -0.6242
vn 0.3344 0.9424 -0.0000
vn 0.2340 -0.9722 -0.0000
vn -0.1766 -0.7936 -0.5823
vn -0.4519 -0.6718 -0.5869
vn 0.6687 0.3964 -0.6291
vn 0.6475 0.7621 -0.0000
vn -0.5690 -0.8223 -0.0000
vn -0.0200 -0.0669 -0.9976
vn 0.0053 -0.0680 -0.9977
vn 0.7621 0.1903 -0.6189
vn 0.8533 0.5215 -0.0000
vn -0.6487 -0.4844 -0.5870
vn -0.6943 -0.4054 -0.5946
vn 0.7837 0.0368 -0.6201
vn 0.9669 0.2550 -0.0000
vn -0.8900 -0.4560 -0.0000
vn -0.5415 0.0822 -0.8367
vn -0.0290 0.0189 -0.9994
vn 0.0018 -0.0113 -0.9999
vn 0.7682 -0.1446 -0.6236
vn 0.9987 0.0519 -0.0000
vn -0.9622 0.2722 -0.0000
vn -0.7659 0.2280 -0.6012
vn 0.0053 -0.0681 0.9977
vn -0.4831 -0.2575 0.8368
vn -0.6943 -0.4054 0.5946
vn -0.0372 0.0181 -0.9991
vn 0.6011 -0.4096 -0.6863
vn 0.9828 -0.1848 -0.0000
vn -0.5415 0.0822 0.8367
vn -0.9823 0.1875 -0.0000
vn -0.7246 0.3536 -0.5915
vn 0.2104 -0.1828 -0.9604
vn 0.7519 -0.6593 -0.0000
vn -0.8987 0.4385 -0.0000
vn -0.0314 0.0273 -0.9991
vn 0.1548 -0.2328 -0.9601
vn 0.2899 -0.5118 -0.8087
vn -0.6083 0.5292 -0.5915
vn -0.0241 0.0364 -0.9990
vn 0.0842 -0.2676 -0.9599
vn 0.1209 -0.5441 0.8303
vn 0.2306 -0.5134 0.8266
vn 0.0842 -0.2676 0.9599
vn -0.7544 0.6564 -0.0000
vn -0.4460 0.6723 -0.5908
vn -0.0138 0.0432 -0.9990
vn 0.0015 0.0337 -0.9994
vn 0.2306 -0.5134 -0.8266
vn -0.5528 0.8333 -0.0000
vn -0.2433 0.7695 -0.5904
vn -0.0419 0.8033 -0.5941
vn 0.0112 0.0228 -0.9997
vn -0.0928 -0.7826 -0.6155
vn 0.1209 -0.5441 -0.8303
vn -0.0531 0.9986 -0.0000
vn 0.1098 0.7943 -0.5975
vn 0.0154 0.0197 -0.9997
vn -0.2061 -0.7609 -0.6152
vn 0.7989 -0.6015 -0.0000
vn -0.1201 -0.9928 -0.0000
vn 0.1348 0.9909 -0.0000
vn 0.2276 0.7685 -0.5980
vn 0.0181 0.0144 -0.9997
vn -0.3078 -0.7267 -0.6142
vn -0.2640 -0.9645 -0.0000
vn 0.2818 0.9595 -0.0000
vn 0.3315 0.7290 -0.5989
vn 0.0188 0.0077 -0.9998
vn -0.3823 -0.6929 -0.6114
vn -0.3927 -0.9196 -0.0000
vn 0.4116 0.9114 -0.0000
vn 0.4143 0.6840 -0.6004
vn -0.4492 -0.5998 -0.6622
vn -0.4953 -0.8687 -0.0000
vn 0.5155 0.8569 -0.0000
vn 0.4707 0.6445 -0.6025
vn 0.0176 -0.0001 -0.9998
vn 0.0017 0.1378 -0.9905
vn -0.5421 -0.8403 -0.0000
vn 0.5869 0.8097 -0.0000
vn 0.4108 0.6796 -0.6078
vn 0.1635 -0.0244 -0.9862
vn -0.7757 -0.6311 -0.0000
vn 0.5538 0.8327 -0.0000
vn 0.3321 -0.0526 -0.9418
vn 0.3321 -0.0526 0.9418
vn 0.3105 -0.9506 -0.0000
vn 0.0108 -0.5967 -0.8024
vn -0.2197 -0.0190 -0.9754
vn -0.1187 -0.0051 -0.9929
vn -0.1633 -0.0233 -0.9863
vn -0.0207 0.2388 -0.9709
vn -0.8058 0.4475 -0.3879
vn 0.8776 0.0032 -0.4793
vn 0.9994 -0.0346 -0.0000
vn -0.8412 0.5407 -0.0000
vn -0.8010 0.5441 -0.2496
vn 0.8149 0.5796 -0.0000
vn 0.7808 0.5307 -0.3297
vn -0.0397 0.5415 -0.8398
vn -0.0388 0.9992 -0.0000
vn -0.0519 0.9690 -0.2415
vn 0.7327 -0.2655 0.6266
vn -0.2062 -0.7750 0.5973
vn 0.7930 0.0846 0.6033
vn -0.6759 -0.3695 0.6376
vn 0.1814 -0.5987 0.7802
vn -0.7885 -0.1131 0.6045
vn 0.2663 0.7265 0.6335
vn 0.0725 -0.0725 0.9947
vn -0.1190 0.7535 0.6465
vn -0.5507 0.5968 0.5836
vn 0.2023 -0.7923 0.5756
vn 0.6450 -0.5389 0.5418
vn 0.0273 -0.0774 0.9966
vn 0.0136 -0.0726 0.9973
vn -0.1766 -0.7936 0.5823
vn -0.4519 -0.6718 0.5869
vn 0.6687 0.3964 0.6291
vn 0.5161 0.5865 0.6242
vn -0.2264 -0.9740 -0.0000
vn -0.0200 -0.0669 0.9976
vn -0.6487 -0.4844 0.5870
vn 0.7838 0.0367 0.6199
vn 0.7621 0.1903 0.6189
vn -0.8070 -0.5905 -0.0000
vn -0.0290 0.0190 0.9994
vn 0.0022 -0.0113 0.9999
vn 0.7683 -0.1445 0.6236
vn -0.8435 -0.5372 -0.0000
vn -0.4831 -0.2574 -0.8368
vn 0.0120 -0.9999 0.0119
vn 0.0178 -0.9998 -0.0000
vn 0.0030 -1.0000 -0.0000
vn -0.0372 0.0181 0.9991
vn -0.7246 0.3536 0.5915
vn -0.7659 0.2280 0.6012
vn 0.2104 -0.1828 0.9604
vn 0.6011 -0.4096 0.6863
vn -0.0314 0.0273 0.9991
vn 0.1548 -0.2328 0.9601
vn -0.6083 0.5292 0.5915
vn -0.0241 0.0364 0.9990
vn -0.4460 0.6723 0.5908
vn -0.0138 0.0432 0.9990
vn 0.0015 0.0337 0.9994
vn 0.3254 -0.5409 0.7756
vn -0.2433 0.7695 0.5904
vn -0.0419 0.8033 0.5941
vn 0.0112 0.0228 0.9997
vn 0.6402 -0.4472 0.6246
vn -0.3014 0.9535 -0.0000
vn 0.1098 0.7943 0.5975
vn -0.0928 -0.7826 0.6155
vn 0.0154 0.0197 0.9997
vn 0.2276 0.7685 0.5980
vn -0.2061 -0.7609 0.6152
vn 0.0181 0.0144 0.9997
vn 0.3315 0.7290 0.5989
vn -0.3078 -0.7267 0.6142
vn 0.0188 0.0077 0.9998
vn 0.4143 0.6840 0.6004
vn -0.4492 -0.5998 0.6622
vn -0.3823 -0.6929 0.6114
vn 0.4707 0.6445 0.6025
vn 0.0017 0.1378 0.9905
vn 0.0176 -0.0001 0.9998
vn 0.4108 0.6796 0.6078
vn 0.1635 -0.0244 0.9862
vn 0.7240 0.0279 0.6892
vn 0.1625 0.7571 0.6327
vn 0.0108 -0.5967 0.8024
vn -0.2197 -0.0190 0.9754
vn -0.1187 -0.0051 0.9929
vn -0.7464 -0.2321 0.6237
vn -0.0207 0.2388 0.9709
vn -0.8058 0.4475 0.3879
vn 0.8776 0.0032 0.4793
vn -0.8010 0.5441 0.2496
vn -0.7965 0.6046 -0.0000
vn 0.7808 0.5307 0.3297
vn -0.0397 0.5415 0.8398
vn -0.0519 0.9690 0.2415
vn -0.1633 -0.0233 0.9863
vn 0.0325 -0.9995 -0.0000
vn 0.3254 -0.5409 -0.7756
vn 0.5183 -0.8552 -0.0000
vn 0.4907 -0.8714 -0.0000
vn 0.2205 -0.9754 -0.0000
vn 0.6402 -0.4472 -0.6246
vn 0.6970 -0.7171 -0.0000
vn 0.2899 -0.5118 0.8087
vn -0.8318 -0.2783 0.4802
vn 0.6243 0.4694 0.6244
vn -0.7647 0.4694 0.4415
vn -0.6243 0.4694 -0.6243
vn 0.6244 0.4694 -0.6243
vn -0.6243 0.4694 0.6243
vn -0.5029 -0.7030 0.5029
vn -0.6870 -0.7029 0.1841
vn -0.6160 -0.7029 -0.3556
vn -0.5029 -0.7030 -0.5029
vn 0.5029 -0.7029 -0.5029
vn 0.5029 -0.7029 0.5029
vn 0.4209 -0.5399 0.7289
vn 0.2178 -0.5399 0.8130
vn -0.4208 -0.5399 0.7289
vn -0.8130 -0.5399 0.2178
vn 0.6160 -0.7030 -0.3556
vn 0.2552 0.1654 0.9526
vn -0.2553 0.1654 0.9526
vn -0.9526 0.1654 -0.2553
vn 0.9526 0.1654 -0.2552
vn 0.8597 -0.4980 0.1132
vn 0.9417 -0.3129 -0.1240
vn 0.8775 -0.3129 0.3635
vn 0.6880 -0.4980 0.5279
vn 0.5782 -0.3129 0.7535
vn 0.3318 -0.4980 0.8012
vn 0.1240 -0.3129 0.9417
vn -0.1132 -0.4980 0.8597
vn -0.3635 -0.3129 0.8775
vn -0.5279 -0.4980 0.6880
vn -0.7535 -0.3129 0.5782
vn -0.8012 -0.4980 0.3318
vn -0.9417 -0.3129 0.1240
vn -0.8597 -0.4980 -0.1132
vn -0.8775 -0.3129 -0.3635
vn -0.6880 -0.4980 -0.5279
vn -0.5782 -0.3129 -0.7535
vn -0.3318 -0.4980 -0.8012
vn -0.1240 -0.3129 -0.9417
vn 0.1132 -0.4980 -0.8597
vn 0.3635 -0.3129 -0.8775
vn 0.5279 -0.4980 -0.6880
vn 0.7535 -0.3129 -0.5782
vn 0.8012 -0.4980 -0.3318
vn 0.7851 -0.5277 0.3243
vn 0.4892 -0.5692 0.6608
vn 0.1221 -0.5471 0.8281
vn -0.3265 -0.5733 0.7515
vn -0.6538 -0.5513 0.5182
vn -0.8482 -0.5149 0.1241
vn -0.7835 -0.5234 -0.3348
vn -0.4882 -0.5738 -0.6576
vn -0.1233 -0.5486 -0.8269
vn 0.3266 -0.5697 -0.7542
vn 0.6568 -0.5444 -0.5218
vn 0.8422 -0.5275 -0.1121
vn 0.0209 -0.9998 -0.0000
vn 0.6019 0.0047 -0.7986
vn 0.0120 -0.9999 -0.0119
vn 0.0350 -0.9948 -0.0957
vn 0.6019 0.0047 0.7986
vn 0.5967 0.0023 0.8024
vn 0.8893 0.0203 0.4570
vn 0.8881 0.0222 0.4592
vn 0.7069 0.0222 0.7069
vn 0.4999 0.0222 0.8658
vn 0.2588 0.0222 0.9657
vn 0.2588 0.0222 -0.9657
vn 0.4999 0.0222 -0.8658
vn 0.7069 0.0222 -0.7069
vn 0.8893 0.0203 -0.4570
vn 0.5967 0.0023 -0.8024
vn -0.9657 -0.0220 -0.2588
vn -0.9998 -0.0220 -0.0000
vn -0.8658 -0.0220 -0.4999
vn -0.7069 -0.0220 -0.7069
vn -0.4999 -0.0220 -0.8658
vn -0.2588 -0.0220 -0.9657
vn -0.2588 -0.0220 0.9657
vn -0.4999 -0.0220 0.8658
vn -0.7069 -0.0220 0.7069
vn -0.8658 -0.0220 0.4999
vn -0.9657 -0.0220 0.2587
vn -0.9657 -0.0220 0.2588
vn 0.0148 -0.9999 0.0080
vn 0.0168 -0.9998 0.0043
vn 0.0116 -0.9999 0.0116
vn 0.0082 -0.9999 0.0142
vn 0.0043 -0.9999 0.0159
vn 0.0042 -0.9999 -0.0159
vn 0.0082 -0.9999 -0.0142
vn 0.0116 -0.9999 -0.0116
vn 0.0142 -0.9999 -0.0082
vn 0.0148 -0.9999 -0.0080
vn 0.0168 -0.9998 -0.0043
vn -0.9658 0.0137 0.2588
vn -0.9999 0.0137 -0.0000
vn -0.8659 0.0137 0.5000
vn -0.7070 0.0137 0.7070
vn -0.5000 0.0137 0.8659
vn -0.2588 0.0137 0.9658
vn -0.0000 0.0137 0.9999
vn 0.2588 0.0137 0.9658
vn 0.5000 0.0137 0.8659
vn 0.7070 0.0137 0.7070
vn 0.8659 0.0137 0.5000
vn 0.9658 0.0137 0.2588
vn 0.9999 0.0137 -0.0000
vn 0.9658 0.0137 -0.2588
vn 0.8659 0.0137 -0.5000
vn 0.7070 0.0137 -0.7070
vn 0.5000 0.0137 -0.8659
vn 0.2588 0.0137 -0.9658
vn -0.0000 0.0137 -0.9999
vn -0.2588 0.0137 -0.9658
vn -0.5000 0.0137 -0.8659
vn -0.7070 0.0137 -0.7070
vn -0.8659 0.0137 -0.5000
vn -0.9658 0.0137 -0.2588
vn -0.6114 0.7741 -0.1638
vn -0.6500 0.7600 -0.0000
vn -0.6278 0.7600 -0.1682
vn -0.4476 0.7741 0.4476
vn -0.5629 0.7600 0.3250
vn -0.5482 0.7741 0.3165
vn -0.3165 0.7741 0.5482
vn -0.4596 0.7600 0.4596
vn -0.1638 0.7741 0.6114
vn -0.3250 0.7600 0.5629
vn -0.0000 0.7741 0.6330
vn -0.1682 0.7600 0.6278
vn 0.1638 0.7741 0.6114
vn -0.0000 0.7600 0.6500
vn 0.3165 0.7741 0.5482
vn 0.1682 0.7600 0.6278
vn 0.4476 0.7741 0.4476
vn 0.3250 0.7600 0.5629
vn 0.5482 0.7741 0.3165
vn 0.4596 0.7600 0.4596
vn 0.6114 0.7741 0.1638
vn 0.5629 0.7600 0.3250
vn 0.6330 0.7741 -0.0000
vn 0.6278 0.7600 0.1682
vn 0.6114 0.7741 -0.1638
vn 0.6500 0.7600 -0.0000
vn 0.5482 0.7741 -0.3165
vn 0.6278 0.7600 -0.1682
vn 0.4476 0.7741 -0.4476
vn 0.5629 0.7600 -0.3250
vn 0.3250 0.7600 -0.5629
vn 0.4596 0.7600 -0.4596
vn 0.1638 0.7741 -0.6114
vn 0.3165 0.7741 -0.5482
vn -0.0000 0.7741 -0.6330
vn 0.1682 0.7600 -0.6278
vn -0.1638 0.7741 -0.6114
vn -0.0000 0.7600 -0.6500
vn -0.3165 0.7741 -0.5482
vn -0.1682 0.7600 -0.6278
vn -0.4476 0.7741 -0.4476
vn -0.3250 0.7600 -0.5629
vn -0.5482 0.7741 -0.3165
vn -0.4596 0.7600 -0.4596
vn -0.5629 0.7600 -0.3250
vn -0.6114 0.7741 0.1638
vn -0.6330 0.7741 -0.0000
vn -0.5178 0.8442 0.1387
vn -0.5522 0.8337 -0.0000
vn -0.5361 0.8442 -0.0000
vn -0.4642 0.8442 0.2680
vn -0.5334 0.8337 0.1429
vn -0.3791 0.8442 0.3791
vn -0.4783 0.8337 0.2761
vn -0.2761 0.8337 0.4783
vn -0.3905 0.8337 0.3905
vn -0.1387 0.8442 0.5178
vn -0.2680 0.8442 0.4642
vn -0.0000 0.8442 0.5361
vn -0.1429 0.8337 0.5334
vn 0.1387 0.8442 0.5178
vn -0.0000 0.8337 0.5522
vn 0.2680 0.8442 0.4642
vn 0.1429 0.8337 0.5334
vn 0.3791 0.8442 0.3791
vn 0.2761 0.8337 0.4783
vn 0.4783 0.8337 0.2761
vn 0.3905 0.8337 0.3905
vn 0.5178 0.8442 0.1387
vn 0.4642 0.8442 0.2680
vn 0.5361 0.8442 -0.0000
vn 0.5334 0.8337 0.1429
vn 0.5178 0.8442 -0.1387
vn 0.5522 0.8337 -0.0000
vn 0.4642 0.8442 -0.2680
vn 0.5334 0.8337 -0.1429
vn 0.3791 0.8442 -0.3791
vn 0.4783 0.8337 -0.2761
vn 0.2761 0.8337 -0.4783
vn 0.3905 0.8337 -0.3905
vn 0.1387 0.8442 -0.5178
vn 0.2680 0.8442 -0.4642
vn -0.0000 0.8442 -0.5361
vn 0.1429 0.8337 -0.5334
vn -0.1387 0.8442 -0.5178
vn -0.0000 0.8337 -0.5522
vn -0.2680 0.8442 -0.4642
vn -0.1429 0.8337 -0.5334
vn -0.3791 0.8442 -0.3791
vn -0.2761 0.8337 -0.4783
vn -0.4642 0.8442 -0.2680
vn -0.3905 0.8337 -0.3905
vn -0.5178 0.8442 -0.1387
vn -0.4783 0.8337 -0.2761
vn -0.6278 0.7600 0.1682
vn -0.1895 0.9806 0.0508
vn -0.4847 0.8747 -0.0000
vn -0.1962 0.9806 -0.0000
vn -0.1699 0.9806 0.0981
vn -0.4682 0.8747 0.1255
vn -0.1387 0.9806 0.1387
vn -0.4198 0.8747 0.2423
vn -0.0981 0.9806 0.1699
vn -0.3427 0.8747 0.3427
vn -0.0508 0.9806 0.1895
vn -0.2423 0.8747 0.4198
vn -0.0000 0.9806 0.1962
vn -0.1254 0.8747 0.4682
vn 0.0508 0.9806 0.1895
vn -0.0000 0.8747 0.4847
vn 0.0981 0.9806 0.1699
vn 0.1255 0.8747 0.4682
vn 0.1387 0.9806 0.1387
vn 0.2423 0.8747 0.4198
vn 0.1699 0.9806 0.0981
vn 0.3427 0.8747 0.3427
vn 0.1895 0.9806 0.0508
vn 0.4198 0.8747 0.2423
vn 0.1962 0.9806 -0.0000
vn 0.4682 0.8747 0.1254
vn 0.4682 0.8747 -0.1254
vn 0.4847 0.8747 -0.0000
vn 0.1699 0.9806 -0.0981
vn 0.1895 0.9806 -0.0508
vn 0.3427 0.8747 -0.3427
vn 0.4198 0.8747 -0.2424
vn 0.0981 0.9806 -0.1699
vn 0.1387 0.9806 -0.1387
vn 0.0508 0.9806 -0.1895
vn 0.2423 0.8747 -0.4198
vn -0.0000 0.9806 -0.1962
vn 0.1254 0.8747 -0.4682
vn -0.0508 0.9806 -0.1895
vn -0.0000 0.8747 -0.4847
vn -0.0981 0.9806 -0.1699
vn -0.1254 0.8747 -0.4682
vn -0.1387 0.9806 -0.1387
vn -0.2424 0.8747 -0.4198
vn -0.1699 0.9806 -0.0981
vn -0.3427 0.8747 -0.3427
vn -0.1895 0.9806 -0.0508
vn -0.4198 0.8747 -0.2423
vn -0.4682 0.8747 -0.1254
vn -0.9343 0.3566 -0.0000
vn -0.9024 0.3566 0.2418
vn -0.8091 0.3566 0.4671
vn -0.6606 0.3566 0.6606
vn -0.4671 0.3566 0.8091
vn -0.2418 0.3566 0.9024
vn -0.0000 0.3566 0.9343
vn 0.2418 0.3566 0.9024
vn 0.4671 0.3566 0.8091
vn 0.6606 0.3566 0.6606
vn 0.8091 0.3566 0.4671
vn 0.9024 0.3566 0.2418
vn 0.9343 0.3566 -0.0000
vn 0.9024 0.3566 -0.2418
vn 0.8091 0.3566 -0.4671
vn 0.6606 0.3566 -0.6606
vn 0.4671 0.3566 -0.8091
vn 0.2418 0.3566 -0.9024
vn -0.0000 0.3566 -0.9343
vn -0.4671 0.3566 -0.8091
vn -0.2418 0.3566 -0.9024
vn -0.6606 0.3566 -0.6606
vn -0.8091 0.3566 -0.4671
vn -0.9024 0.3566 -0.2418
vn -0.1573 0.9867 0.0421
vn -0.1628 0.9867 -0.0000
vn -0.1410 0.9867 0.0814
vn -0.1151 0.9867 0.1151
vn -0.0814 0.9867 0.1410
vn -0.0421 0.9867 0.1573
vn -0.0000 0.9867 0.1628
vn 0.0421 0.9867 0.1573
vn 0.0814 0.9867 0.1410
vn 0.1151 0.9867 0.1151
vn 0.1410 0.9867 0.0814
vn 0.1573 0.9867 0.0421
vn 0.1628 0.9867 -0.0000
vn 0.1573 0.9867 -0.0421
vn 0.1410 0.9867 -0.0814
vn 0.1151 0.9867 -0.1151
vn 0.0814 0.9867 -0.1410
vn 0.0421 0.9867 -0.1573
vn -0.0000 0.9867 -0.1628
vn -0.0421 0.9867 -0.1573
vn -0.0814 0.9867 -0.1410
vn -0.1151 0.9867 -0.1151
vn -0.1410 0.9867 -0.0814
vn -0.1573 0.9867 -0.0421
vn -0.9630 0.0773 0.2580
vn -1.0000 0.0039 -0.0000
vn -0.9970 0.0773 -0.0000
vn -0.8634 0.0773 0.4985
vn -0.9659 0.0039 0.2588
vn -0.7050 0.0773 0.7050
vn -0.8660 0.0039 0.5000
vn -0.4985 0.0773 0.8634
vn -0.7071 0.0039 0.7071
vn -0.2580 0.0773 0.9630
vn -0.5000 0.0039 0.8660
vn -0.0000 0.0773 0.9970
vn -0.2588 0.0039 0.9659
vn 0.2580 0.0773 0.9630
vn -0.0000 0.0039 1.0000
vn 0.4985 0.0773 0.8634
vn 0.2588 0.0039 0.9659
vn 0.7050 0.0773 0.7050
vn 0.5000 0.0039 0.8660
vn 0.8634 0.0773 0.4985
vn 0.7071 0.0039 0.7071
vn 0.9630 0.0773 0.2580
vn 0.8660 0.0039 0.5000
vn 0.9970 0.0773 -0.0000
vn 0.9659 0.0039 0.2588
vn 0.9630 0.0773 -0.2580
vn 1.0000 0.0039 -0.0000
vn 0.8634 0.0773 -0.4985
vn 0.9659 0.0039 -0.2588
vn 0.7050 0.0773 -0.7050
vn 0.8660 0.0039 -0.5000
vn 0.4985 0.0773 -0.8634
vn 0.7071 0.0039 -0.7071
vn 0.2580 0.0773 -0.9630
vn 0.5000 0.0039 -0.8660
vn -0.0000 0.0773 -0.9970
vn 0.2588 0.0039 -0.9659
vn -0.2580 0.0773 -0.9630
vn -0.0000 0.0039 -1.0000
vn -0.4985 0.0773 -0.8634
vn -0.2588 0.0039 -0.9659
vn -0.7050 0.0773 -0.7050
vn -0.5000 0.0039 -0.8660
vn -0.8634 0.0773 -0.4985
vn -0.7071 0.0039 -0.7071
vn -0.9630 0.0773 -0.2580
vn -0.8660 0.0039 -0.5000
vn -0.9659 0.0039 -0.2588
vn -0.9942 -0.1072 -0.0000
vn -0.9604 -0.1072 0.2573
vn -0.8610 -0.1072 0.4971
vn -0.7030 -0.1072 0.7030
vn -0.4971 -0.1072 0.8610
vn -0.2573 -0.1072 0.9604
vn -0.0000 -0.1072 0.9942
vn 0.2573 -0.1072 0.9604
vn 0.4971 -0.1072 0.8610
vn 0.8610 -0.1072 0.4971
vn 0.7030 -0.1072 0.7030
vn 0.9604 -0.1072 0.2573
vn 0.9942 -0.1072 -0.0000
vn 0.9604 -0.1072 -0.2573
vn 0.8610 -0.1072 -0.4971
vn 0.7030 -0.1072 -0.7030
vn 0.4971 -0.1072 -0.8610
vn 0.2573 -0.1072 -0.9604
vn -0.2573 -0.1072 -0.9604
vn -0.0000 -0.1072 -0.9942
vn -0.4971 -0.1072 -0.8610
vn -0.7030 -0.1072 -0.7030
vn -0.8610 -0.1072 -0.4971
vn -0.9604 -0.1072 -0.2573
vn -0.9858 -0.1677 -0.0000
vn -0.9659 -0.0023 -0.2588
vn -0.9522 -0.1677 -0.2551
vn -0.8538 -0.1677 0.4929
vn -0.7071 -0.0023 0.7071
vn -0.8660 -0.0023 0.5000
vn -0.6971 -0.1677 0.6971
vn -0.5000 -0.0023 0.8660
vn -0.2551 -0.1677 0.9522
vn -0.4929 -0.1677 0.8538
vn -0.0000 -0.1677 0.9858
vn -0.2588 -0.0023 0.9659
vn 0.2588 -0.0023 0.9659
vn -0.0000 -0.0023 1.0000
vn 0.4929 -0.1677 0.8538
vn 0.2552 -0.1677 0.9522
vn 0.6971 -0.1677 0.6971
vn 0.5000 -0.0023 0.8660
vn 0.8538 -0.1677 0.4929
vn 0.7071 -0.0023 0.7071
vn 0.9522 -0.1677 0.2551
vn 0.8660 -0.0023 0.5000
vn 0.9858 -0.1677 -0.0000
vn 0.9659 -0.0023 0.2588
vn 0.9522 -0.1677 -0.2552
vn 1.0000 -0.0023 -0.0000
vn 0.8660 -0.0023 -0.5000
vn 0.9659 -0.0023 -0.2588
vn 0.6971 -0.1677 -0.6971
vn 0.8538 -0.1677 -0.4929
vn 0.5000 -0.0023 -0.8660
vn 0.7071 -0.0023 -0.7071
vn 0.2551 -0.1677 -0.9522
vn 0.4929 -0.1677 -0.8538
vn -0.0000 -0.1677 -0.9858
vn 0.2588 -0.0023 -0.9659
vn -0.2552 -0.1677 -0.9522
vn -0.0000 -0.0023 -1.0000
vn -0.4929 -0.1677 -0.8538
vn -0.2588 -0.0023 -0.9659
vn -0.6971 -0.1677 -0.6971
vn -0.5000 -0.0023 -0.8660
vn -0.8660 -0.0023 -0.5000
vn -0.7071 -0.0023 -0.7071
vn -0.8538 -0.1677 -0.4929
vn -0.9522 -0.1677 0.2552
vn -1.0000 -0.0023 -0.0000
vn -0.9885 -0.1512 -0.0000
vn -0.9548 -0.1512 0.2558
vn -0.6990 -0.1512 0.6990
vn -0.8561 -0.1512 0.4943
vn -0.4943 -0.1512 0.8561
vn -0.2558 -0.1512 0.9548
vn -0.0000 -0.1512 0.9885
vn 0.4943 -0.1512 0.8561
vn 0.2558 -0.1512 0.9548
vn 0.6990 -0.1512 0.6990
vn 0.8561 -0.1512 0.4943
vn 0.9548 -0.1512 0.2558
vn 0.9885 -0.1512 -0.0000
vn 0.9548 -0.1512 -0.2558
vn 0.8561 -0.1512 -0.4943
vn 0.6990 -0.1512 -0.6990
vn 0.4943 -0.1512 -0.8561
vn 0.2558 -0.1512 -0.9548
vn -0.0000 -0.1512 -0.9885
vn -0.4943 -0.1512 -0.8561
vn -0.2558 -0.1512 -0.9548
vn -0.6990 -0.1512 -0.6990
vn -0.8561 -0.1512 -0.4943
vn -0.9659 -0.0023 0.2588
vn -0.9108 0.4129 -0.0000
vn -0.8797 0.4129 0.2357
vn -0.7888 0.4129 0.4554
vn -0.6440 0.4129 0.6440
vn -0.4554 0.4129 0.7888
vn -0.2357 0.4129 0.8797
vn -0.0000 0.4129 0.9108
vn 0.2357 0.4129 0.8797
vn 0.4554 0.4129 0.7888
vn 0.6440 0.4129 0.6440
vn 0.7888 0.4129 0.4554
vn 0.8797 0.4129 0.2357
vn 0.9108 0.4129 -0.0000
vn 0.8797 0.4129 -0.2357
vn 0.7888 0.4129 -0.4554
vn 0.6440 0.4129 -0.6440
vn 0.4554 0.4129 -0.7888
vn 0.2357 0.4129 -0.8797
vn -0.0000 0.4129 -0.9108
vn -0.2357 0.4129 -0.8797
vn -0.4554 0.4129 -0.7888
vn -0.6440 0.4129 -0.6440
vn -0.7888 0.4129 -0.4554
vn -0.8797 0.4129 -0.2357
vn -0.6887 0.7251 -0.0000
vn -0.6652 0.7251 0.1782
vn -0.5964 0.7251 0.3443
vn -0.4870 0.7251 0.4870
vn -0.3443 0.7251 0.5964
vn -0.1782 0.7251 0.6652
vn -0.0000 0.7251 0.6887
vn 0.1782 0.7251 0.6652
vn 0.3443 0.7251 0.5964
vn 0.4870 0.7251 0.4870
vn 0.5964 0.7251 0.3443
vn 0.6652 0.7251 0.1782
vn 0.6887 0.7251 -0.0000
vn 0.6652 0.7251 -0.1782
vn 0.5964 0.7251 -0.3443
vn 0.4870 0.7251 -0.4870
vn 0.3443 0.7251 -0.5964
vn 0.1782 0.7251 -0.6652
vn -0.0000 0.7251 -0.6887
vn -0.1782 0.7251 -0.6652
vn -0.3443 0.7251 -0.5964
vn -0.4870 0.7251 -0.4870
vn -0.5964 0.7251 -0.3443
vn -0.6652 0.7251 -0.1782
vn -0.5919 0.8060 -0.0000
vn -0.5717 0.8060 0.1532
vn -0.5126 0.8060 0.2959
vn -0.4185 0.8060 0.4185
vn -0.2959 0.8060 0.5126
vn -0.1532 0.8060 0.5717
vn -0.0000 0.8060 0.5919
vn 0.1532 0.8060 0.5717
vn 0.2959 0.8060 0.5126
vn 0.4185 0.8060 0.4185
vn 0.5126 0.8060 0.2959
vn 0.5717 0.8060 0.1532
vn 0.5919 0.8060 -0.0000
vn 0.5717 0.8060 -0.1532
vn 0.5126 0.8060 -0.2959
vn 0.4185 0.8060 -0.4185
vn 0.2959 0.8060 -0.5126
vn 0.1532 0.8060 -0.5717
vn -0.0000 0.8060 -0.5919
vn -0.1532 0.8060 -0.5717
vn -0.2959 0.8060 -0.5126
vn -0.4185 0.8060 -0.4185
vn -0.5126 0.8060 -0.2959
vn -0.5717 0.8060 -0.1532
vn -0.7971 -0.6038 -0.0000
vn -0.8701 -0.4343 0.2331
vn -0.9008 -0.4343 -0.0000
vn -0.7699 -0.6038 0.2063
vn -0.7801 -0.4343 0.4504
vn -0.6903 -0.6038 0.3986
vn -0.6369 -0.4343 0.6369
vn -0.5636 -0.6038 0.5636
vn -0.4504 -0.4343 0.7801
vn -0.3985 -0.6038 0.6903
vn -0.2331 -0.4343 0.8701
vn -0.2063 -0.6038 0.7699
vn -0.0000 -0.4343 0.9008
vn -0.0000 -0.6038 0.7971
vn 0.2331 -0.4343 0.8701
vn 0.2063 -0.6038 0.7699
vn 0.4504 -0.4343 0.7801
vn 0.3986 -0.6038 0.6903
vn 0.6369 -0.4343 0.6369
vn 0.5636 -0.6038 0.5636
vn 0.7801 -0.4343 0.4504
vn 0.6903 -0.6038 0.3986
vn 0.8701 -0.4343 0.2331
vn 0.7699 -0.6038 0.2063
vn 0.9008 -0.4343 -0.0000
vn 0.7971 -0.6038 -0.0000
vn 0.8701 -0.4343 -0.2331
vn 0.7699 -0.6038 -0.2063
vn 0.7801 -0.4343 -0.4504
vn 0.6903 -0.6038 -0.3986
vn 0.6369 -0.4343 -0.6369
vn 0.5636 -0.6038 -0.5636
vn 0.4504 -0.4343 -0.7801
vn 0.3985 -0.6038 -0.6903
vn 0.2331 -0.4343 -0.8701
vn 0.2063 -0.6038 -0.7699
vn -0.0000 -0.4343 -0.9008
vn -0.0000 -0.6038 -0.7971
vn -0.2331 -0.4343 -0.8701
vn -0.2063 -0.6038 -0.7699
vn -0.4504 -0.4343 -0.7801
vn -0.3986 -0.6038 -0.6903
vn -0.6369 -0.4343 -0.6369
vn -0.5636 -0.6038 -0.5636
vn -0.7801 -0.4343 -0.4504
vn -0.6903 -0.6038 -0.3986
vn -0.8701 -0.4343 -0.2331
vn -0.7699 -0.6038 -0.2063
vn -0.9651 0.0424 0.2586
vn -0.9991 0.0424 -0.0000
vn -0.8652 0.0424 0.4996
vn -0.7065 0.0424 0.7065
vn -0.4995 0.0424 0.8652
vn -0.2586 0.0424 0.9651
vn -0.0000 0.0424 0.9991
vn 0.2586 0.0424 0.9651
vn 0.4996 0.0424 0.8652
vn 0.7065 0.0424 0.7065
vn 0.8652 0.0424 0.4995
vn 0.9651 0.0424 0.2586
vn 0.9991 0.0424 -0.0000
vn 0.9651 0.0424 -0.2586
vn 0.8652 0.0424 -0.4996
vn 0.7065 0.0424 -0.7065
vn 0.4995 0.0424 -0.8652
vn 0.2586 0.0424 -0.9651
vn -0.0000 0.0424 -0.9991
vn -0.2586 0.0424 -0.9651
vn -0.4996 0.0424 -0.8652
vn -0.7065 0.0424 -0.7065
vn -0.8652 0.0424 -0.4995
vn -0.9651 0.0424 -0.2586
vn -0.8584 0.5130 -0.0000
vn -0.8291 0.5130 0.2222
vn -0.7434 0.5130 0.4292
vn -0.6070 0.5130 0.6070
vn -0.4292 0.5130 0.7434
vn -0.2222 0.5130 0.8291
vn -0.0000 0.5130 0.8584
vn 0.2222 0.5130 0.8291
vn 0.4292 0.5130 0.7434
vn 0.6070 0.5130 0.6070
vn 0.7434 0.5130 0.4292
vn 0.8291 0.5130 0.2222
vn 0.8584 0.5130 -0.0000
vn 0.8291 0.5130 -0.2222
vn 0.7434 0.5130 -0.4292
vn 0.6070 0.5130 -0.6070
vn 0.4292 0.5130 -0.7434
vn 0.2222 0.5130 -0.8291
vn -0.0000 0.5130 -0.8584
vn -0.2222 0.5130 -0.8291
vn -0.4292 0.5130 -0.7434
vn -0.6070 0.5130 -0.6070
vn -0.7434 0.5130 -0.4292
vn -0.8291 0.5130 -0.2222
vn -0.7365 0.6765 -0.0000
vn -0.7114 0.6765 0.1906
vn -0.6378 0.6765 0.3682
vn -0.5208 0.6765 0.5208
vn -0.3682 0.6765 0.6378
vn -0.1906 0.6765 0.7114
vn -0.0000 0.6765 0.7365
vn 0.1906 0.6765 0.7114
vn 0.3682 0.6765 0.6378
vn 0.5208 0.6765 0.5208
vn 0.6378 0.6765 0.3682
vn 0.7114 0.6765 0.1906
vn 0.7365 0.6765 -0.0000
vn 0.7114 0.6765 -0.1906
vn 0.6378 0.6765 -0.3682
vn 0.5208 0.6765 -0.5208
vn 0.3682 0.6765 -0.6378
vn 0.1906 0.6765 -0.7114
vn -0.0000 0.6765 -0.7365
vn -0.1906 0.6765 -0.7114
vn -0.3682 0.6765 -0.6378
vn -0.5208 0.6765 -0.5208
vn -0.6378 0.6765 -0.3682
vn -0.7114 0.6765 -0.1906
vn -0.9583 -0.1251 0.2568
vn -0.8464 0.5325 -0.0000
vn -0.9921 -0.1251 -0.0000
vn -0.8592 -0.1251 0.4961
vn -0.8176 0.5325 0.2191
vn -0.7015 -0.1251 0.7016
vn -0.7330 0.5325 0.4232
vn -0.4961 -0.1251 0.8592
vn -0.5985 0.5325 0.5985
vn -0.2568 -0.1251 0.9583
vn -0.4232 0.5325 0.7330
vn -0.0000 -0.1251 0.9921
vn -0.2191 0.5325 0.8176
vn 0.2568 -0.1251 0.9583
vn -0.0000 0.5325 0.8464
vn 0.4961 -0.1251 0.8592
vn 0.2191 0.5325 0.8176
vn 0.7016 -0.1251 0.7015
vn 0.4232 0.5325 0.7330
vn 0.8592 -0.1251 0.4961
vn 0.5985 0.5325 0.5985
vn 0.9583 -0.1251 0.2568
vn 0.7330 0.5325 0.4232
vn 0.9921 -0.1251 -0.0000
vn 0.8176 0.5325 0.2191
vn 0.9583 -0.1251 -0.2568
vn 0.8464 0.5325 -0.0000
vn 0.7330 0.5325 -0.4232
vn 0.8176 0.5325 -0.2191
vn 0.7015 -0.1251 -0.7016
vn 0.8592 -0.1251 -0.4961
vn 0.4961 -0.1251 -0.8592
vn 0.5985 0.5325 -0.5985
vn 0.2568 -0.1251 -0.9583
vn 0.4232 0.5325 -0.7330
vn -0.0000 -0.1251 -0.9921
vn 0.2191 0.5325 -0.8176
vn -0.2568 -0.1251 -0.9583
vn -0.0000 0.5325 -0.8464
vn -0.4961 -0.1251 -0.8592
vn -0.2191 0.5325 -0.8176
vn -0.7016 -0.1251 -0.7015
vn -0.4232 0.5325 -0.7330
vn -0.8592 -0.1251 -0.4961
vn -0.5985 0.5325 -0.5985
vn -0.9583 -0.1251 -0.2568
vn -0.7330 0.5325 -0.4232
vn -0.8176 0.5325 -0.2191
vn -0.9483 -0.1900 -0.2541
vn -0.9770 -0.2133 -0.0000
vn -0.9437 -0.2133 -0.2529
vn -0.8503 -0.1900 0.4909
vn -0.6908 -0.2133 0.6908
vn -0.8461 -0.2133 0.4885
vn -0.6942 -0.1900 0.6942
vn -0.4885 -0.2133 0.8461
vn -0.4909 -0.1900 0.8503
vn -0.2529 -0.2133 0.9437
vn -0.2541 -0.1900 0.9483
vn -0.0000 -0.2133 0.9770
vn 0.2541 -0.1900 0.9483
vn -0.0000 -0.1900 0.9818
vn 0.4885 -0.2133 0.8461
vn 0.2529 -0.2133 0.9437
vn 0.4909 -0.1900 0.8503
vn 0.6908 -0.2133 0.6908
vn 0.6942 -0.1900 0.6942
vn 0.8461 -0.2133 0.4885
vn 0.8503 -0.1900 0.4909
vn 0.9437 -0.2133 0.2529
vn 0.9483 -0.1900 0.2541
vn 0.9770 -0.2133 -0.0000
vn 0.9483 -0.1900 -0.2541
vn 0.9818 -0.1900 -0.0000
vn 0.8461 -0.2133 -0.4885
vn 0.9437 -0.2133 -0.2529
vn 0.8503 -0.1900 -0.4909
vn 0.6908 -0.2133 -0.6908
vn 0.4909 -0.1900 -0.8503
vn 0.6942 -0.1900 -0.6942
vn 0.2541 -0.1900 -0.9483
vn 0.4885 -0.2133 -0.8461
vn -0.0000 -0.2133 -0.9770
vn 0.2529 -0.2133 -0.9437
vn -0.0000 -0.1900 -0.9818
vn -0.2529 -0.2133 -0.9437
vn -0.2541 -0.1900 -0.9483
vn -0.4885 -0.2133 -0.8461
vn -0.4909 -0.1900 -0.8503
vn -0.6908 -0.2133 -0.6908
vn -0.6942 -0.1900 -0.6942
vn -0.8461 -0.2133 -0.4885
vn -0.8503 -0.1900 -0.4909
vn -0.9953 0.0966 -0.0000
vn -0.9614 0.0966 -0.2576
vn -0.9818 -0.1900 -0.0000
vn -0.9437 -0.2133 0.2529
vn -0.9619 0.0914 0.2577
vn -0.9950 -0.1003 -0.0000
vn -0.9958 0.0914 -0.0000
vn -0.8624 0.0915 0.4979
vn -0.9611 -0.1003 0.2575
vn -0.7041 0.0914 0.7041
vn -0.8617 -0.1003 0.4975
vn -0.4979 0.0914 0.8624
vn -0.7035 -0.1003 0.7035
vn -0.2577 0.0914 0.9619
vn -0.4975 -0.1003 0.8617
vn -0.0000 0.0914 0.9958
vn -0.2575 -0.1003 0.9611
vn 0.2577 0.0914 0.9619
vn -0.0000 -0.1003 0.9950
vn 0.4979 0.0914 0.8624
vn 0.2575 -0.1003 0.9611
vn 0.7041 0.0914 0.7041
vn 0.4975 -0.1003 0.8617
vn 0.8624 0.0914 0.4979
vn 0.7035 -0.1003 0.7035
vn 0.9619 0.0914 0.2577
vn 0.8617 -0.1003 0.4975
vn 0.9958 0.0914 -0.0000
vn 0.9611 -0.1003 0.2575
vn 0.9619 0.0915 -0.2577
vn 0.9950 -0.1003 -0.0000
vn 0.8624 0.0915 -0.4979
vn 0.9611 -0.1003 -0.2575
vn 0.7041 0.0914 -0.7041
vn 0.8617 -0.1003 -0.4975
vn 0.4979 0.0914 -0.8624
vn 0.7035 -0.1003 -0.7035
vn 0.2577 0.0914 -0.9619
vn 0.4975 -0.1003 -0.8617
vn -0.0000 0.0914 -0.9958
vn 0.2575 -0.1003 -0.9611
vn -0.2577 0.0914 -0.9619
vn -0.0000 -0.1003 -0.9950
vn -0.4979 0.0914 -0.8624
vn -0.2575 -0.1003 -0.9611
vn -0.7041 0.0914 -0.7041
vn -0.4975 -0.1003 -0.8617
vn -0.8624 0.0914 -0.4979
vn -0.7035 -0.1003 -0.7035
vn -0.9619 0.0914 -0.2577
vn -0.8617 -0.1003 -0.4975
vn -0.9611 -0.1003 -0.2575
vn -0.9578 -0.1297 0.2566
vn -0.9915 -0.1297 -0.0000
vn -0.8587 -0.1297 0.4958
vn -0.7011 -0.1297 0.7011
vn -0.4958 -0.1297 0.8587
vn -0.2566 -0.1297 0.9578
vn -0.0000 -0.1297 0.9915
vn 0.2566 -0.1297 0.9578
vn 0.4958 -0.1297 0.8587
vn 0.7011 -0.1297 0.7011
vn 0.8587 -0.1297 0.4958
vn 0.9578 -0.1297 0.2566
vn 0.9915 -0.1297 -0.0000
vn 0.9578 -0.1297 -0.2566
vn 0.8587 -0.1297 -0.4958
vn 0.7011 -0.1297 -0.7011
vn 0.4958 -0.1297 -0.8587
vn 0.2566 -0.1297 -0.9578
vn -0.0000 -0.1297 -0.9915
vn -0.2566 -0.1297 -0.9578
vn -0.4958 -0.1297 -0.8587
vn -0.7011 -0.1297 -0.7011
vn -0.8587 -0.1297 -0.4958
vn -0.9578 -0.1297 -0.2566
vn -0.9614 0.0966 0.2576
vn -0.8620 0.0966 0.4977
vn -0.7038 0.0966 0.7038
vn -0.4977 0.0966 0.8620
vn -0.2576 0.0966 0.9614
vn -0.0000 0.0966 0.9953
vn 0.2576 0.0966 0.9614
vn 0.4977 0.0966 0.8620
vn 0.7038 0.0966 0.7038
vn 0.8620 0.0966 0.4977
vn 0.9614 0.0966 0.2576
vn 0.9953 0.0966 -0.0000
vn 0.9614 0.0966 -0.2576
vn 0.8620 0.0966 -0.4977
vn 0.7038 0.0966 -0.7038
vn 0.4977 0.0966 -0.8620
vn 0.2576 0.0966 -0.9614
vn -0.0000 0.0966 -0.9953
vn -0.2576 0.0966 -0.9614
vn -0.4977 0.0966 -0.8620
vn -0.7038 0.0966 -0.7038
vn 0.6244 0.4694 0.6243
vn 0.6243 0.4694 -0.6244
vn -0.0000 -0.7029 0.7112
vn 0.3556 -0.7029 0.6159
vn 0.4575 -0.8491 0.2641
vn -0.3556 -0.7029 -0.6159
vn -0.4575 -0.8491 -0.2641
vn -0.7289 -0.5399 -0.4208
vn 0.9526 0.1654 0.2552
vn 0.2552 0.1654 -0.9526
vn -0.6783 -0.7348 -0.0000
vn -0.6551 -0.7348 0.1755
vn -0.5874 -0.7348 0.3391
vn -0.4796 -0.7348 0.4796
vn -0.3391 -0.7348 0.5874
vn -0.1755 -0.7348 0.6551
vn -0.0000 -0.7348 0.6783
vn 0.1755 -0.7348 0.6551
vn 0.3391 -0.7348 0.5874
vn 0.4796 -0.7348 0.4796
vn 0.5874 -0.7348 0.3391
vn 0.6551 -0.7348 0.1755
vn 0.6783 -0.7348 -0.0000
vn 0.6551 -0.7348 -0.1755
vn 0.5874 -0.7348 -0.3391
vn 0.4796 -0.7348 -0.4796
vn 0.3391 -0.7348 -0.5874
vn 0.1755 -0.7348 -0.6551
vn -0.0000 -0.7348 -0.6783
vn -0.1755 -0.7348 -0.6551
vn -0.3391 -0.7348 -0.5874
vn -0.4796 -0.7348 -0.4796
vn -0.5874 -0.7348 -0.3391
vn -0.6551 -0.7348 -0.1755
vn -0.7101 -0.6779 0.1903
vn -1.0000 0.0007 -0.0000
vn -0.7351 -0.6779 -0.0000
vn -0.6366 -0.6779 0.3676
vn -0.9659 0.0007 0.2588
vn -0.5198 -0.6779 0.5198
vn -0.8660 0.0007 0.5000
vn -0.3676 -0.6779 0.6366
vn -0.7071 0.0007 0.7071
vn -0.1903 -0.6779 0.7101
vn -0.5000 0.0007 0.8660
vn -0.0000 -0.6779 0.7351
vn -0.2588 0.0007 0.9659
vn 0.1903 -0.6779 0.7101
vn -0.0000 0.0007 1.0000
vn 0.3676 -0.6779 0.6366
vn 0.2588 0.0007 0.9659
vn 0.5198 -0.6779 0.5198
vn 0.5000 0.0007 0.8660
vn 0.6366 -0.6779 0.3676
vn 0.7071 0.0007 0.7071
vn 0.7101 -0.6779 0.1903
vn 0.8660 0.0007 0.5000
vn 0.7351 -0.6779 -0.0000
vn 0.9659 0.0007 0.2588
vn 0.7101 -0.6779 -0.1903
vn 1.0000 0.0007 -0.0000
vn 0.6366 -0.6779 -0.3676
vn 0.9659 0.0007 -0.2588
vn 0.5198 -0.6779 -0.5198
vn 0.8660 0.0007 -0.5000
vn 0.3676 -0.6779 -0.6366
vn 0.7071 0.0007 -0.7071
vn 0.1903 -0.6779 -0.7101
vn 0.5000 0.0007 -0.8660
vn -0.0000 -0.6779 -0.7351
vn 0.2588 0.0007 -0.9659
vn -0.1903 -0.6779 -0.7101
vn -0.0000 0.0007 -1.0000
vn -0.3676 -0.6779 -0.6366
vn -0.2588 0.0007 -0.9659
vn -0.5198 -0.6779 -0.5198
vn -0.5000 0.0007 -0.8660
vn -0.6366 -0.6779 -0.3676
vn -0.7071 0.0007 -0.7071
vn -0.7101 -0.6779 -0.1903
vn -0.8660 0.0007 -0.5000
vn -0.9659 0.0007 -0.2588
vn -0.0015 -1.0000 -0.0000
vn -0.0015 -1.0000 0.0004
vn -0.0013 -1.0000 0.0008
vn -0.0011 -1.0000 0.0011
vn -0.0008 -1.0000 0.0013
vn -0.0004 -1.0000 0.0015
vn -0.0000 -1.0000 0.0015
vn 0.0004 -1.0000 0.0015
vn 0.0008 -1.0000 0.0013
vn 0.0011 -1.0000 0.0011
vn 0.0014 -1.0000 0.0008
vn 0.0015 -1.0000 0.0004
vn 0.0015 -1.0000 -0.0000
vn 0.0015 -1.0000 -0.0004
vn 0.0013 -1.0000 -0.0008
vn 0.0014 -1.0000 -0.0008
vn 0.0011 -1.0000 -0.0011
vn 0.0008 -1.0000 -0.0013
vn 0.0004 -1.0000 -0.0015
vn -0.0000 -1.0000 -0.0015
vn -0.0004 -1.0000 -0.0015
vn -0.0008 -1.0000 -0.0013
vn -0.0011 -1.0000 -0.0011
vn -0.0013 -1.0000 -0.0008
vn -0.0015 -1.0000 -0.0004
vn -0.9659 0.0024 0.2588
vn -1.0000 0.0024 -0.0000
vn -0.8660 0.0024 0.5000
vn -0.7071 0.0024 0.7071
vn -0.5000 0.0024 0.8660
vn -0.2588 0.0024 0.9659
vn -0.0000 0.0024 1.0000
vn 0.2588 0.0024 0.9659
vn 0.5000 0.0024 0.8660
vn 0.7071 0.0024 0.7071
vn 0.8660 0.0024 0.5000
vn 0.9659 0.0024 0.2588
vn 1.0000 0.0024 -0.0000
vn 0.9659 0.0024 -0.2588
vn 0.8660 0.0024 -0.5000
vn 0.7071 0.0024 -0.7071
vn 0.5000 0.0024 -0.8660
vn 0.2588 0.0024 -0.9659
vn -0.0000 0.0024 -1.0000
vn -0.2588 0.0024 -0.9659
vn -0.5000 0.0024 -0.8660
vn -0.7071 0.0024 -0.7071
vn -0.8660 0.0024 -0.5000
vn -0.9659 0.0024 -0.2588
vn -0.9657 0.0190 0.2588
vn -0.9998 0.0190 -0.0000
vn -0.8659 0.0190 0.4999
vn -0.7070 0.0190 0.7070
vn -0.4999 0.0190 0.8659
vn -0.2588 0.0190 0.9658
vn -0.0000 0.0190 0.9998
vn 0.2588 0.0190 0.9657
vn 0.4999 0.0190 0.8659
vn 0.7070 0.0190 0.7070
vn 0.8659 0.0190 0.4999
vn 0.9658 0.0190 0.2588
vn 0.9998 0.0190 -0.0000
vn 0.9657 0.0190 -0.2588
vn 0.8659 0.0190 -0.4999
vn 0.7070 0.0190 -0.7070
vn 0.4999 0.0190 -0.8659
vn 0.2588 0.0190 -0.9658
vn -0.0000 0.0190 -0.9998
vn -0.2588 0.0190 -0.9657
vn -0.4999 0.0190 -0.8659
vn -0.7070 0.0190 -0.7070
vn -0.8659 0.0190 -0.4999
vn -0.9658 0.0190 -0.2588
vn -0.0035 1.0000 0.0009
vn -0.0036 1.0000 -0.0000
vn -0.0031 1.0000 0.0018
vn -0.0026 1.0000 0.0026
vn -0.0018 1.0000 0.0031
vn -0.0009 1.0000 0.0035
vn -0.0000 1.0000 0.0036
vn 0.0009 1.0000 0.0035
vn 0.0018 1.0000 0.0031
vn 0.0026 1.0000 0.0026
vn 0.0031 1.0000 0.0018
vn 0.0035 1.0000 0.0009
vn 0.0036 1.0000 -0.0000
vn 0.0035 1.0000 -0.0009
vn 0.0032 1.0000 -0.0018
vn 0.0026 1.0000 -0.0026
vn 0.0031 1.0000 -0.0018
vn 0.0018 1.0000 -0.0031
vn 0.0009 1.0000 -0.0035
vn -0.0000 1.0000 -0.0036
vn -0.0009 1.0000 -0.0035
vn -0.0018 1.0000 -0.0031
vn -0.0026 1.0000 -0.0026
vn -0.0031 1.0000 -0.0018
vn -0.0035 1.0000 -0.0009
vn -0.9592 -0.1180 0.2570
vn -0.9898 -0.1422 -0.0000
vn -0.9930 -0.1180 -0.0000
vn -0.8600 -0.1180 0.4965
vn -0.9561 -0.1422 0.2562
vn -0.7022 -0.1180 0.7022
vn -0.8572 -0.1422 0.4949
vn -0.4949 -0.1422 0.8572
vn -0.6999 -0.1422 0.6999
vn -0.2570 -0.1180 0.9592
vn -0.4965 -0.1180 0.8600
vn -0.0000 -0.1180 0.9930
vn -0.2562 -0.1422 0.9561
vn 0.2562 -0.1422 0.9561
vn -0.0000 -0.1422 0.9898
vn 0.4965 -0.1180 0.8600
vn 0.2570 -0.1180 0.9592
vn 0.6999 -0.1422 0.6999
vn 0.4949 -0.1422 0.8572
vn 0.8600 -0.1180 0.4965
vn 0.7022 -0.1180 0.7022
vn 0.9561 -0.1422 0.2562
vn 0.8572 -0.1422 0.4949
vn 0.9930 -0.1180 -0.0000
vn 0.9592 -0.1180 0.2570
vn 0.9592 -0.1180 -0.2570
vn 0.9898 -0.1422 -0.0000
vn 0.8572 -0.1422 -0.4949
vn 0.9561 -0.1422 -0.2562
vn 0.7022 -0.1180 -0.7022
vn 0.8600 -0.1180 -0.4965
vn 0.4965 -0.1180 -0.8600
vn 0.6999 -0.1422 -0.6999
vn 0.2570 -0.1180 -0.9592
vn 0.4949 -0.1422 -0.8572
vn -0.0000 -0.1180 -0.9930
vn 0.2562 -0.1422 -0.9561
vn -0.2570 -0.1180 -0.9592
vn -0.0000 -0.1422 -0.9898
vn -0.4965 -0.1180 -0.8600
vn -0.2562 -0.1422 -0.9561
vn -0.7022 -0.1180 -0.7022
vn -0.4949 -0.1422 -0.8572
vn -0.8600 -0.1180 -0.4965
vn -0.6999 -0.1422 -0.6999
vn -0.9592 -0.1180 -0.2570
vn -0.8572 -0.1422 -0.4949
vn -0.9483 -0.1900 0.2541
vn -0.0021 -1.0000 -0.0000
vn -0.0020 -1.0000 0.0005
vn -0.0018 -1.0000 0.0010
vn -0.0015 -1.0000 0.0015
vn -0.0010 -1.0000 0.0018
vn -0.0005 -1.0000 0.0020
vn -0.0000 -1.0000 0.0021
vn 0.0005 -1.0000 0.0020
vn 0.0010 -1.0000 0.0018
vn 0.0015 -1.0000 0.0015
vn 0.0018 -1.0000 0.0010
vn 0.0020 -1.0000 0.0005
vn 0.0021 -1.0000 -0.0000
vn 0.0020 -1.0000 -0.0005
vn 0.0018 -1.0000 -0.0010
vn 0.0015 -1.0000 -0.0015
vn 0.0010 -1.0000 -0.0018
vn 0.0005 -1.0000 -0.0020
vn -0.0000 -1.0000 -0.0021
vn -0.0005 -1.0000 -0.0020
vn -0.0010 -1.0000 -0.0018
vn -0.0015 -1.0000 -0.0015
vn -0.0018 -1.0000 -0.0010
vn -0.0020 -1.0000 -0.0005
vn -0.5929 0.8053 -0.0000
vn -0.5727 0.8053 0.1535
vn -0.5135 0.8053 0.2964
vn -0.4192 0.8053 0.4192
vn -0.2964 0.8053 0.5135
vn -0.1534 0.8053 0.5727
vn -0.0000 0.8053 0.5929
vn 0.1534 0.8053 0.5727
vn 0.2964 0.8053 0.5135
vn 0.4192 0.8053 0.4192
vn 0.5135 0.8053 0.2964
vn 0.5727 0.8053 0.1535
vn 0.5929 0.8053 -0.0000
vn 0.5727 0.8053 -0.1535
vn 0.5135 0.8053 -0.2964
vn 0.4192 0.8053 -0.4192
vn 0.2964 0.8053 -0.5135
vn 0.1535 0.8053 -0.5727
vn -0.0000 0.8053 -0.5929
vn -0.1535 0.8053 -0.5727
vn -0.2964 0.8053 -0.5135
vn -0.4192 0.8053 -0.4192
vn -0.5135 0.8053 -0.2964
vn -0.5334 0.8337 -0.1429
vn -0.5727 0.8053 -0.1535
vn -0.9535 -0.1599 0.2555
vn -0.9871 -0.1599 -0.0000
vn -0.8549 -0.1599 0.4936
vn -0.6980 -0.1599 0.6980
vn -0.4936 -0.1599 0.8549
vn -0.2555 -0.1599 0.9535
vn -0.0000 -0.1599 0.9871
vn 0.2555 -0.1599 0.9535
vn 0.4936 -0.1599 0.8549
vn 0.6980 -0.1599 0.6980
vn 0.8549 -0.1599 0.4936
vn 0.9535 -0.1599 0.2555
vn 0.9871 -0.1599 -0.0000
vn 0.9535 -0.1599 -0.2555
vn 0.8549 -0.1599 -0.4936
vn 0.6980 -0.1599 -0.6980
vn 0.4936 -0.1599 -0.8549
vn 0.2555 -0.1599 -0.9535
vn -0.0000 -0.1599 -0.9871
vn -0.2555 -0.1599 -0.9535
vn -0.4936 -0.1599 -0.8549
vn -0.6980 -0.1599 -0.6980
vn -0.8549 -0.1599 -0.4936
vn -0.9535 -0.1599 -0.2555
vn -0.9548 -0.1512 -0.2558
vn -0.9561 -0.1422 -0.2562
vn -0.8620 0.0966 -0.4977
vn 0.4502 0.8732 0.1866
vn 0.3525 0.9358 0.0105
vn 0.2429 0.9678 0.0665
vn -0.2218 0.9741 -0.0433
vn -0.2020 0.9775 -0.0610
vn -0.2220 0.9750 0.0066
vn 0.1959 0.9379 -0.2863
vn -0.1273 0.9841 -0.1239
vn 0.0630 0.9881 -0.1401
vn 0.5590 0.8269 0.0613
vn 0.3616 0.9321 0.0185
vn -0.2366 0.9714 -0.0175
vn -0.2116 0.9762 -0.0476
vn -0.1094 0.9691 0.2212
vn 0.0318 0.9937 0.1073
vn -0.1431 0.9885 0.0489
vn -0.0771 0.9667 -0.2441
vn -0.2377 0.9710 -0.0257
vn 0.4755 0.8660 -0.1545
vn 0.5631 0.8263 -0.0146
vn -0.2380 0.9678 0.0818
vn 0.1691 0.9441 0.2830
vn -0.2128 0.9697 -0.1198
vn 0.2762 0.9603 -0.0387
vn -0.3423 0.0212 0.9394
vn -0.7658 0.0209 0.6428
vn -0.7664 0.0221 0.6420
vn -0.3423 0.0181 0.9394
vn -0.7661 0.0171 0.6424
vn -0.3423 0.0191 0.9394
vn -0.7663 0.0186 0.6422
vn -0.3422 0.0269 0.9392
vn -0.7660 0.0269 0.6423
vn -0.7659 0.0347 0.6421
vn -0.3353 0.0315 0.9416
vn -0.7710 0.0316 0.6360
vn 0.6430 0.0243 0.7655
vn 0.9381 0.0207 0.3457
vn 0.6417 0.0208 0.7667
vn 0.6424 0.0145 0.7663
vn 0.9390 0.0111 0.3438
vn 0.6428 0.0170 0.7658
vn 0.9395 0.0151 0.3421
vn 0.6423 0.0268 0.7660
vn 0.9392 0.0266 0.3422
vn 0.6423 0.0321 0.7658
vn 0.9391 0.0327 0.3420
vn 0.6697 0.0387 0.7416
vn -0.6451 0.0293 -0.7635
vn -0.1909 0.0208 -0.9814
vn -0.1810 0.0301 -0.9830
vn -0.6471 0.0082 -0.7624
vn -0.1838 0.0071 -0.9829
vn -0.6431 0.0135 -0.7657
vn -0.1751 0.0131 -0.9845
vn -0.6423 0.0266 -0.7660
vn -0.1733 0.0267 -0.9845
vn -0.1731 0.0318 -0.9844
vn -0.6422 0.0318 -0.7659
vn -0.2139 0.0372 -0.9761
vn 0.7710 0.0301 -0.6361
vn 0.3423 0.0210 -0.9394
vn 0.7775 0.0208 -0.6285
vn 0.7731 0.0071 -0.6343
vn 0.3424 0.0072 -0.9395
vn 0.7674 0.0131 -0.6410
vn 0.3423 0.0134 -0.9395
vn 0.7660 0.0267 -0.6422
vn 0.3432 0.0335 -0.9386
vn 0.7660 0.0355 -0.6419
vn 0.3251 0.0355 -0.9450
vn 0.7591 0.0339 -0.6501
vn -0.9845 0.0208 0.1741
vn -0.9847 0.0243 0.1724
vn -0.9848 0.0145 0.1733
vn -0.9848 0.0170 0.1728
vn -0.9845 0.0268 0.1732
vn -0.9841 0.0332 0.1742
vn -0.9827 0.0346 0.1822
vn 0.1737 0.0221 0.9845
vn 0.1727 0.0209 0.9847
vn 0.1732 0.0171 0.9847
vn 0.1735 0.0186 0.9847
vn 0.1732 0.0269 0.9845
vn 0.1722 0.0330 0.9845
vn 0.1982 0.0348 0.9795
vn 0.3422 0.0301 -0.9391
vn 0.3422 0.0269 -0.9392
vn 0.9851 0.0293 -0.1695
vn 0.9865 0.0207 -0.1624
vn 0.9859 0.0082 -0.1673
vn 0.9849 0.0135 -0.1724
vn 0.9845 0.0266 -0.1732
vn 0.9841 0.0344 -0.1741
vn 0.9807 0.0376 -0.1917
vn -0.9406 0.0207 -0.3389
vn -0.9393 0.0271 -0.3422
vn -0.9400 0.0111 -0.3409
vn -0.9394 0.0151 -0.3425
vn -0.9392 0.0266 -0.3423
vn -0.9391 0.0317 -0.3422
vn -0.9540 0.0369 -0.2975
vn -0.3423 0.0209 0.9394
vn -0.3423 0.0345 0.9390
vn 0.9392 0.0271 0.3423
vn 0.9489 0.0400 0.3131
vn -0.6507 0.0207 -0.7590
vn -0.6861 0.0367 -0.7265
vn -0.1635 0.9834 -0.0790
vn -0.0980 0.9926 0.0715
vn 0.0404 0.9919 0.1202
vn -0.0960 0.9919 -0.0830
vn -0.0214 0.9960 -0.0870
vn -0.1676 0.9849 0.0444
vn -0.0242 0.9959 0.0871
vn 0.0501 0.9926 -0.1107
vn 0.0617 0.9969 0.0493
vn 0.7336 0.0990 -0.6723
vn 0.3324 0.0295 -0.9427
vn 0.7631 0.0265 -0.6458
vn -0.9839 -0.0133 0.1784
vn -0.7680 0.0555 0.6381
vn -0.9828 0.0601 0.1749
vn 0.6177 0.0608 0.7840
vn 0.1605 0.0430 0.9861
vn 0.1621 0.0312 0.9863
vn -0.1656 0.0564 -0.9846
vn 0.3217 0.0819 -0.9433
vn 0.9740 0.1031 -0.2015
vn 0.9849 0.0273 -0.1708
vn -0.9405 0.0559 -0.3353
vn -0.9313 0.0015 -0.3643
vn -0.3349 0.0053 0.9422
vn -0.3517 0.0498 0.9348
vn 0.9306 0.0885 0.3552
vn 0.9361 0.0314 0.3503
vn -0.6509 0.0481 -0.7577
vn -0.6201 0.0275 -0.7841
vn -0.7528 -0.0112 0.6582
vn 0.6325 0.0375 0.7737
vn -0.1864 0.0382 -0.9817
vn -0.6408 0.3277 -0.6943
vn -0.2399 0.3488 -0.9060
vn 0.2228 0.4017 -0.8883
vn 0.6122 0.4761 -0.6313
vn -0.9280 0.3584 0.1020
vn 0.0530 0.5166 0.8546
vn 0.8136 0.5445 -0.2038
vn -0.8836 0.3336 -0.3285
vn -0.4079 0.4549 0.7917
vn 0.7683 0.5785 0.2741
vn -0.7625 0.3994 0.5090
vn 0.4879 0.5655 0.6650
vn -0.3199 0.9402 -0.1166
vn -0.0034 -1.0000 0.0029
vn -0.0044 -1.0000 0.0008
vn -0.0027 -1.0000 0.0074
vn -0.0063 -0.9998 0.0173
vn 0.0067 -0.9998 0.0198
vn -0.0100 -0.9999 0.0069
vn -0.0179 -0.9998 0.0108
vn 0.0031 -1.0000 0.0047
vn 0.0029 -1.0000 0.0035
vn -0.0015 -1.0000 0.0042
vn -0.0054 -1.0000 0.0016
vn 0.0032 -0.9999 0.0117
vn 0.0008 -1.0000 0.0044
vn 0.3141 0.9066 0.2817
vn 0.3471 0.9377 0.0174
vn 0.1118 0.9698 0.2166
vn -0.2125 0.9771 -0.0048
vn -0.2697 0.9305 -0.2477
vn -0.2611 0.8959 -0.3595
vn 0.0585 0.9428 -0.3282
vn -0.3792 0.8996 -0.2167
vn -0.0557 0.9814 -0.1838
vn -0.1489 0.9536 0.2616
vn -0.2060 0.9770 -0.0556
vn -0.1372 0.8888 0.4372
vn -0.2191 0.9010 0.3743
vn -0.1946 0.8315 0.5204
vn -0.3899 0.8716 -0.2972
vn -0.4033 0.8850 -0.2328
vn -0.1125 0.9003 0.4205
vn -0.1829 0.9157 0.3577
vn -0.4030 0.8327 -0.3798
vn 0.2741 0.9609 -0.0398
vn -0.3200 0.0335 0.9468
vn 0.6431 0.0321 0.7651
vn 0.9340 0.0300 0.3561
vn 0.6730 0.0303 0.7390
vn -0.6415 0.0329 -0.7664
vn -0.1735 0.0334 -0.9843
vn -0.6683 0.0334 -0.7431
vn -0.1687 0.0280 -0.9853
vn 0.3416 0.0319 -0.9393
vn 0.7662 0.0321 -0.6418
vn 0.7275 0.0349 -0.6852
vn 0.1729 0.0310 0.9844
vn 0.2404 0.0336 0.9701
vn 0.3228 0.0298 -0.9460
vn 0.9845 0.0345 -0.1722
vn 0.9811 0.0350 -0.1905
vn -0.9392 0.0271 -0.3422
vn -0.3432 0.0331 0.9387
vn 0.9392 0.0349 0.3417
vn -0.2383 0.9712 0.0069
vn -0.3709 0.9238 -0.0951
vn -0.3090 0.9442 0.1142
vn -0.0776 0.9927 0.0926
vn -0.3038 0.9430 -0.1359
vn -0.0229 0.9958 0.0885
vn 0.0509 0.9941 -0.0957
vn -0.1889 0.9814 -0.0333
vn 0.0617 0.9969 0.0492
vn 0.7337 0.0326 -0.6787
vn 0.4350 0.0882 -0.8961
vn 0.8195 0.1479 -0.5536
vn -0.7509 0.1399 0.6454
vn -0.9936 -0.0358 0.1075
vn -0.9640 0.2017 0.1733
vn 0.6195 -0.0271 0.7845
vn 0.1228 0.0756 0.9896
vn 0.1399 0.0072 0.9901
vn 0.2969 0.0906 -0.9506
vn -0.0880 0.0334 -0.9956
vn 0.9800 -0.0114 -0.1988
vn 0.9781 0.1913 -0.0817
vn -0.9124 -0.0267 -0.4084
vn -0.9025 0.2219 -0.3690
vn -0.3961 0.0169 0.9180
vn -0.3603 0.0686 0.9303
vn 0.9363 -0.0322 0.3496
vn 0.8950 0.1913 0.4030
vn -0.6111 0.1983 -0.7663
vn -0.5861 -0.0038 -0.8102
vn -0.8062 -0.0171 0.5914
vn 0.5934 0.1409 0.7925
vn -0.1931 0.1510 -0.9695
vn -0.6557 0.0462 -0.7536
vn -0.2783 0.2196 -0.9351
vn 0.1205 0.4461 -0.8868
vn 0.4278 0.6659 -0.6112
vn -0.9993 -0.0204 0.0304
vn -0.2124 0.5262 0.8234
vn 0.5553 0.8122 -0.1788
vn -0.9148 -0.0375 -0.4021
vn -0.6053 0.2931 0.7401
vn 0.4647 0.8366 0.2901
vn -0.8900 0.0959 0.4457
vn 0.1817 0.7291 0.6599
vn -0.6159 0.7677 -0.1770
vn -0.2430 0.9476 0.2072
vn 0.0619 0.9893 0.1321
vn 0.0849 0.9962 0.0178
vn 0.0080 0.9935 0.1135
vn -0.1128 0.9930 -0.0336
vn -0.1808 0.9835 -0.0045
vn -0.1660 0.9811 -0.0995
vn -0.0192 0.9843 -0.1755
vn -0.2192 0.9673 -0.1277
vn -0.0702 0.9855 -0.1546
vn 0.0936 0.9944 0.0497
vn 0.0754 0.9971 0.0130
vn -0.1552 0.9876 0.0237
vn -0.1660 0.9812 0.0983
vn -0.1048 0.9903 0.0908
vn -0.1316 0.9799 0.1497
vn -0.1576 0.9805 0.1174
vn -0.1042 0.9893 -0.1023
vn -0.2192 0.9736 -0.0635
vn 0.1070 0.9939 -0.0252
vn 0.0709 0.9958 -0.0579
vn -0.1250 0.9907 0.0535
vn -0.0471 0.9876 0.1495
vn -0.0975 0.9947 -0.0312
vn 0.0881 0.9878 -0.1284
vn -0.7661 0.0323 0.6419
vn -0.3426 0.0310 0.9390
vn -0.7484 0.0373 0.6623
vn 0.6424 0.0308 0.7658
vn 0.9392 0.0317 0.3420
vn 0.6685 0.0361 0.7428
vn -0.1734 0.0333 -0.9843
vn -0.6591 0.0307 -0.7514
vn -0.1906 0.0290 -0.9812
vn 0.7661 0.0337 -0.6419
vn 0.3289 0.0296 -0.9439
vn 0.7559 0.0314 -0.6539
vn -0.9843 0.0330 0.1732
vn -0.9794 0.0396 0.1982
vn 0.1731 0.0304 0.9844
vn 0.2070 0.0346 0.9777
vn 0.3423 0.0330 -0.9390
vn 0.9842 0.0331 -0.1739
vn 0.9798 0.0353 -0.1966
vn -0.9387 0.0341 -0.3429
vn -0.9464 0.0363 -0.3209
vn -0.3135 0.0350 0.9489
vn 0.9488 0.0376 0.3136
vn -0.6424 0.0344 -0.7656
vn -0.2579 0.9658 0.0266
vn -0.1783 0.9727 -0.1485
vn 0.1226 0.9838 0.1310
vn -0.2153 0.9669 0.1369
vn 0.1199 0.9867 0.1093
vn -0.2650 0.9606 -0.0839
vn 0.1460 0.9893 0.0028
vn 0.1649 0.9825 -0.0872
vn 0.0192 0.9916 -0.1279
vn 0.0630 0.9892 -0.1321
vn 0.3562 0.1536 -0.9217
vn 0.7561 -0.0308 -0.6537
vn 0.7160 0.1597 -0.6796
vn -0.9809 0.0292 0.1922
vn -0.7692 0.1770 0.6140
vn -0.9677 0.2060 0.1452
vn 0.1816 0.0245 0.9831
vn 0.5533 0.0101 0.8329
vn 0.0919 0.0603 0.9939
vn -0.0986 0.1275 -0.9869
vn 0.3602 0.0023 -0.9329
vn 0.9353 0.1521 -0.3194
vn 0.9832 -0.0374 -0.1785
vn -0.9099 0.1795 -0.3741
vn -0.9022 0.0618 -0.4269
vn -0.2890 0.0032 0.9573
vn -0.3815 0.1216 0.9163
vn 0.9466 0.1293 0.2954
vn 0.9101 -0.0236 0.4136
vn -0.5980 0.1212 -0.7923
vn -0.5486 0.0926 -0.8309
vn -0.7125 0.0039 0.7017
vn 0.5873 0.0665 0.8066
vn -0.1300 0.0563 -0.9899
vn -0.4383 0.4791 -0.7605
vn -0.0384 0.3526 -0.9350
vn 0.3988 0.2518 -0.8818
vn 0.7629 0.2045 -0.6133
vn -0.7436 0.6666 0.0514
vn 0.2378 0.5272 0.8157
vn 0.9560 0.2213 -0.1927
vn -0.6964 0.5952 -0.4009
vn -0.2065 0.6242 0.7535
vn 0.9165 0.2968 0.2682
vn -0.5649 0.6757 0.4736
vn 0.6508 0.4088 0.6399
vn 0.1720 0.9691 -0.1770
vn -0.0409 0.9750 0.2182
vn 0.9946 -0.1036 -0.0000
vn -0.5967 0.0023 -0.8024
vn -0.2179 -0.5399 0.8130
vn 0.0350 -0.9948 0.0957
vn 0.8881 0.0222 -0.4592
vn 0.0142 -0.9999 0.0082
vn -0.1519 0.9827 -0.1058
vn -0.1568 0.9841 0.0834
vn 0.0704 0.9940 -0.0840
vn 0.0191 0.9973 0.0712
vt 0.021397 0.025434
vt 0.010212 0.002447
vt 0.023471 0.005734
vt 0.008212 0.026017
vt 0.003080 0.001609
vt 0.034841 0.024891
vt 0.024553 0.042018
vt 0.011952 0.046011
vt 0.005299 0.047986
vt 0.001442 0.026380
vt 0.037577 0.037356
vt 0.032181 0.057544
vt 0.020084 0.064306
vt 0.013796 0.067581
vt 0.044757 0.049243
vt 0.043492 0.074166
vt 0.031082 0.081976
vt 0.025056 0.085747
vt 0.058307 0.063532
vt 0.053915 0.092045
vt 0.042269 0.099431
vt 0.036383 0.103275
vt 0.067669 0.064208
vt 0.065968 0.085148
vt 0.075928 0.101308
vt 0.064628 0.109072
vt 0.053738 0.116926
vt 0.081907 0.097302
vt 0.073168 0.081980
vt 0.089753 0.118937
vt 0.079455 0.128090
vt 0.069424 0.137045
vt 0.048136 0.120992
vt 0.094997 0.114283
vt 0.095842 0.144178
vt 0.086911 0.154130
vt 0.082286 0.159265
vt 0.064356 0.141578
vt 0.104827 0.133902
vt 0.113948 0.158720
vt 0.105628 0.169242
vt 0.101287 0.174776
vt 0.109506 0.128568
vt 0.122058 0.147448
vt 0.134846 0.172974
vt 0.126541 0.182580
vt 0.113012 0.181791
vt 0.126145 0.141561
vt 0.142031 0.159840
vt 0.161150 0.186269
vt 0.166417 0.161360
vt 0.145287 0.153149
vt 0.175541 0.172168
vt 0.166446 0.168854
vt 0.183146 0.190228
vt 0.166993 0.209593
vt 0.036676 0.009219
vt 0.173085 0.161640
vt 0.070898 0.058146
vt 0.068813 0.048502
vt 0.075032 0.048348
vt 0.057186 0.039901
vt 0.052521 0.021253
vt 0.063132 0.034520
vt 0.065011 0.055189
vt 0.046639 0.025427
vt 0.043501 0.007075
vt 0.231380 0.011739
vt 0.255193 0.021507
vt 0.235502 0.024853
vt 0.230097 0.004628
vt 0.254934 0.008256
vt 0.255553 0.035021
vt 0.271996 0.023594
vt 0.268209 0.036923
vt 0.275176 0.010750
vt 0.276733 0.003982
vt 0.287976 0.030191
vt 0.280548 0.043287
vt 0.293926 0.017704
vt 0.296788 0.011241
vt 0.305227 0.040329
vt 0.295637 0.055728
vt 0.312183 0.027501
vt 0.315542 0.021277
vt 0.323650 0.049508
vt 0.317592 0.061910
vt 0.330224 0.037475
vt 0.333658 0.031389
vt 0.296941 0.064969
vt 0.314920 0.069258
vt 0.334266 0.070740
vt 0.341235 0.059030
vt 0.348319 0.047720
vt 0.330680 0.076929
vt 0.352647 0.083312
vt 0.361061 0.072504
vt 0.351989 0.041901
vt 0.369290 0.061971
vt 0.348368 0.088814
vt 0.378102 0.087721
vt 0.368472 0.097313
vt 0.387386 0.078192
vt 0.392161 0.073267
vt 0.363465 0.102296
vt 0.393853 0.104771
vt 0.383046 0.113624
vt 0.403664 0.095701
vt 0.408783 0.091005
vt 0.377381 0.118040
vt 0.409763 0.125312
vt 0.396551 0.133158
vt 0.419724 0.116076
vt 0.418671 0.100082
vt 0.389902 0.136690
vt 0.423743 0.151983
vt 0.406254 0.157636
vt 0.398678 0.157761
vt 0.409560 0.166722
vt 0.447336 0.157957
vt 0.427861 0.174256
vt 0.239836 0.037925
vt 0.398894 0.164500
vt 0.281829 0.073348
vt 0.287835 0.062978
vt 0.291174 0.068579
vt 0.253121 0.053192
vt 0.272081 0.056416
vt 0.267385 0.062735
vt 0.238114 0.044995
vt 0.256965 0.046803
vt 0.281512 0.067229
vt 0.616658 0.111478
vt 0.633509 0.111607
vt 0.623234 0.122749
vt 0.114226 0.402095
vt 0.122674 0.386411
vt 0.128966 0.391177
vt 0.639241 0.115291
vt 0.627586 0.129250
vt 0.110851 0.396108
vt 0.095906 0.388361
vt 0.104361 0.385453
vt 0.100724 0.369398
vt 0.111707 0.379124
vt 0.601861 0.094550
vt 0.610599 0.096496
vt 0.607660 0.100059
vt 0.096965 0.372152
vt 0.095510 0.363238
vt 0.611713 0.093546
vt 0.623339 0.104573
vt 0.626700 0.096374
vt 0.097884 0.401035
vt 0.639129 0.099056
vt 0.085080 0.401301
vt 0.093928 0.373103
vt 0.604701 0.091110
vt 0.604006 0.092513
vt 0.091881 0.365899
vt 0.093335 0.365280
vt 0.627506 0.086742
vt 0.640124 0.086399
vt 0.084633 0.407843
vt 0.098999 0.407292
vt 0.646624 0.086331
vt 0.645257 0.100519
vt 0.072500 0.398757
vt 0.086159 0.388613
vt 0.612768 0.087174
vt 0.087450 0.373795
vt 0.626211 0.076708
vt 0.638325 0.073804
vt 0.070562 0.405223
vt 0.644835 0.072255
vt 0.066479 0.382728
vt 0.076129 0.386726
vt 0.605378 0.086738
vt 0.612284 0.079821
vt 0.080072 0.372881
vt 0.087439 0.366327
vt 0.609873 0.072688
vt 0.622805 0.066930
vt 0.060387 0.393864
vt 0.634173 0.061536
vt 0.057812 0.376700
vt 0.073028 0.370039
vt 0.603214 0.075549
vt 0.604883 0.081204
vt 0.076296 0.363499
vt 0.081894 0.365508
vt 0.606206 0.066451
vt 0.617334 0.058009
vt 0.057174 0.399630
vt 0.049343 0.386267
vt 0.627285 0.050173
vt 0.640064 0.058685
vt 0.046503 0.364380
vt 0.066960 0.365984
vt 0.600413 0.070522
vt 0.071396 0.360386
vt 0.596871 0.056716
vt 0.605786 0.046113
vt 0.045010 0.391215
vt 0.036030 0.372152
vt 0.614076 0.036191
vt 0.632430 0.046166
vt 0.026763 0.355909
vt 0.057699 0.356018
vt 0.592463 0.061887
vt 0.063162 0.351879
vt 0.592705 0.037367
vt 0.598528 0.026093
vt 0.020748 0.358637
vt 0.030846 0.375994
vt 0.601571 0.020295
vt 0.618174 0.031280
vt 0.021041 0.337882
vt 0.038455 0.350700
vt 0.586594 0.049584
vt 0.051113 0.345255
vt 0.577725 0.031650
vt 0.581013 0.019401
vt 0.014550 0.339301
vt 0.582788 0.013058
vt 0.018983 0.318078
vt 0.033567 0.335282
vt 0.583351 0.055804
vt 0.574402 0.044777
vt 0.046980 0.332698
vt 0.057564 0.342350
vt 0.560664 0.028916
vt 0.561530 0.016234
vt 0.012301 0.318207
vt 0.562039 0.009628
vt 0.020828 0.296415
vt 0.031805 0.317942
vt 0.572520 0.051567
vt 0.559914 0.042301
vt 0.045327 0.317963
vt 0.053927 0.331197
vt 0.541331 0.029391
vt 0.539985 0.016824
vt 0.014090 0.295329
vt 0.539294 0.010094
vt 0.038811 0.276704
vt 0.033405 0.298500
vt 0.559374 0.049313
vt 0.542725 0.042473
vt 0.046499 0.300663
vt 0.052420 0.317827
vt 0.522858 0.046404
vt 0.519450 0.033498
vt 0.026559 0.272561
vt 0.516049 0.021135
vt 0.046690 0.258531
vt 0.051610 0.280885
vt 0.524717 0.053102
vt 0.543434 0.049558
vt 0.058248 0.283145
vt 0.053592 0.301789
vt 0.506827 0.052489
vt 0.501014 0.040260
vt 0.020218 0.270394
vt 0.035192 0.252234
vt 0.495437 0.028520
vt 0.514266 0.014735
vt 0.047659 0.234058
vt 0.058667 0.265094
vt 0.509753 0.058625
vt 0.064678 0.268396
vt 0.484226 0.050240
vt 0.476733 0.039822
vt 0.042446 0.229867
vt 0.029442 0.249081
vt 0.472883 0.034423
vt 0.492645 0.022649
vt 0.063414 0.217863
vt 0.057711 0.242205
vt 0.492184 0.061018
vt 0.068103 0.250841
vt 0.468971 0.063512
vt 0.459796 0.054492
vt 0.058958 0.212832
vt 0.455072 0.049792
vt 0.082533 0.203714
vt 0.071948 0.227619
vt 0.496246 0.066645
vt 0.478625 0.072722
vt 0.080660 0.237858
vt 0.073537 0.255256
vt 0.455175 0.080204
vt 0.444710 0.072605
vt 0.078874 0.198029
vt 0.439276 0.068652
vt 0.105258 0.191590
vt 0.089515 0.214759
vt 0.483604 0.077563
vt 0.466220 0.087792
vt 0.096457 0.226266
vt 0.085258 0.243145
vt 0.443284 0.101274
vt 0.431495 0.094739
vt 0.102205 0.185603
vt 0.425582 0.091154
vt 0.110976 0.203562
vt 0.472036 0.091699
vt 0.455898 0.107013
vt 0.116050 0.216361
vt 0.100103 0.232259
vt 0.436068 0.120691
vt 0.130518 0.198140
vt 0.462586 0.109688
vt 0.450726 0.123480
vt 0.132850 0.212447
vt 0.118537 0.223459
vt 0.104260 0.366058
vt 0.118158 0.368037
vt 0.115588 0.373768
vt 0.594820 0.114726
vt 0.599486 0.119742
vt 0.591837 0.123067
vt 0.109814 0.360908
vt 0.121025 0.362316
vt 0.604144 0.103351
vt 0.605314 0.117229
vt 0.598730 0.108561
vt 0.116247 0.357329
vt 0.106424 0.354628
vt 0.115390 0.353152
vt 0.124817 0.354809
vt 0.098676 0.359816
vt 0.592704 0.104848
vt 0.590733 0.113640
vt 0.598278 0.097470
vt 0.611138 0.115012
vt 0.607601 0.127799
vt 0.127995 0.363302
vt 0.128663 0.370955
vt 0.127555 0.378049
vt 0.600063 0.126698
vt 0.597997 0.130885
vt 0.614688 0.127110
vt 0.606962 0.135190
vt 0.132332 0.361465
vt 0.136143 0.370745
vt 0.616485 0.134971
vt 0.176362 0.231330
vt 0.167260 0.236680
vt 0.178435 0.236518
vt 0.176509 0.245676
vt 0.200593 0.158745
vt 0.188337 0.161219
vt 0.185387 0.153772
vt 0.201097 0.230917
vt 0.210503 0.211927
vt 0.214169 0.223271
vt 0.186936 0.163386
vt 0.181657 0.156178
vt 0.184954 0.228792
vt 0.190857 0.240254
vt 0.380711 0.370329
vt 0.382642 0.388900
vt 0.373824 0.380336
vt 0.368527 0.375840
vt 0.366210 0.386846
vt 0.361595 0.382358
vt 0.389505 0.397210
vt 0.378041 0.407798
vt 0.376859 0.402579
vt 0.392347 0.377695
vt 0.398982 0.364751
vt 0.374517 0.366991
vt 0.402285 0.385158
vt 0.392800 0.402057
vt 0.411144 0.369860
vt 0.387709 0.347760
vt 0.385244 0.360215
vt 0.417485 0.372898
vt 0.407152 0.389156
vt 0.402801 0.349548
vt 0.403951 0.332063
vt 0.379640 0.347047
vt 0.377885 0.358095
vt 0.416714 0.352260
vt 0.419730 0.332072
vt 0.385395 0.316387
vt 0.387993 0.332758
vt 0.427925 0.333396
vt 0.424111 0.354158
vt 0.395915 0.293717
vt 0.416556 0.298147
vt 0.401828 0.312842
vt 0.379969 0.300399
vt 0.376847 0.318445
vt 0.379403 0.333431
vt 0.418767 0.283623
vt 0.424191 0.294693
vt 0.570940 0.394574
vt 0.559316 0.413422
vt 0.551700 0.392542
vt 0.386358 0.275411
vt 0.372159 0.303911
vt 0.537071 0.407364
vt 0.522550 0.409652
vt 0.526255 0.401990
vt 0.399944 0.266964
vt 0.411129 0.287365
vt 0.361795 0.268809
vt 0.371361 0.284407
vt 0.407180 0.262366
vt 0.374358 0.258406
vt 0.349429 0.256522
vt 0.343102 0.264748
vt 0.386304 0.248078
vt 0.359503 0.243833
vt 0.333572 0.246941
vt 0.478685 0.302871
vt 0.493434 0.317725
vt 0.485403 0.324599
vt 0.369403 0.231549
vt 0.392654 0.242511
vt 0.341212 0.231879
vt 0.318334 0.222020
vt 0.326744 0.255003
vt 0.349095 0.217600
vt 0.374679 0.225023
vt 0.324922 0.206501
vt 0.311823 0.240340
vt 0.295010 0.212363
vt 0.313815 0.252423
vt 0.328315 0.198628
vt 0.353215 0.210365
vt 0.300693 0.197091
vt 0.288880 0.227697
vt 0.274852 0.205212
vt 0.304298 0.247871
vt 0.303542 0.189147
vt 0.279424 0.190074
vt 0.270062 0.220706
vt 0.256777 0.200518
vt 0.284879 0.235983
vt 0.281750 0.182107
vt 0.260238 0.185202
vt 0.253448 0.216257
vt 0.240221 0.197591
vt 0.267350 0.228936
vt 0.262048 0.177160
vt 0.242954 0.181901
vt 0.223955 0.211604
vt 0.238328 0.213733
vt 0.251651 0.224584
vt 0.244464 0.173784
vt 0.227633 0.179336
vt 0.210719 0.194252
vt 0.224952 0.195832
vt 0.224660 0.221567
vt 0.237442 0.222251
vt 0.229351 0.171145
vt 0.214351 0.176335
vt 0.372751 0.394509
vt 0.217227 0.168258
vt 0.192665 0.191492
vt 0.429177 0.183799
vt 0.196095 0.170209
vt 0.185999 0.171931
vt 0.201232 0.200938
vt 0.178655 0.213172
vt 0.179819 0.229850
vt 0.193470 0.219660
vt 0.365962 0.393798
vt 0.362022 0.389002
vt 0.358205 0.385732
vt 0.366572 0.401014
vt 0.365040 0.405922
vt 0.359421 0.391265
vt 0.355714 0.389431
vt 0.356261 0.398770
vt 0.359763 0.396471
vt 0.361425 0.393316
vt 0.354581 0.393117
vt 0.358784 0.393302
vt 0.186176 0.214779
vt 0.474507 0.158321
vt 0.450935 0.169684
vt 0.474333 0.169488
vt 0.469145 0.167409
vt 0.396394 0.192041
vt 0.398719 0.179759
vt 0.407823 0.187425
vt 0.468734 0.192158
vt 0.449752 0.201621
vt 0.457455 0.184540
vt 0.391247 0.176914
vt 0.400871 0.178328
vt 0.466597 0.176009
vt 0.478065 0.181913
vt 0.483489 0.167569
vt 0.627699 0.372957
vt 0.609107 0.371122
vt 0.619084 0.364178
vt 0.625557 0.356527
vt 0.614558 0.358902
vt 0.621043 0.351932
vt 0.646583 0.368254
vt 0.636049 0.379780
vt 0.641355 0.367099
vt 0.616539 0.382726
vt 0.603622 0.389432
vt 0.599012 0.375710
vt 0.605735 0.364941
vt 0.640917 0.383052
vt 0.624057 0.392630
vt 0.608797 0.401575
vt 0.586562 0.378241
vt 0.596851 0.368357
vt 0.611870 0.407903
vt 0.588430 0.393332
vt 0.571553 0.378603
vt 0.585806 0.370171
vt 0.591216 0.407239
vt 0.571032 0.410363
vt 0.555160 0.376088
vt 0.572182 0.370005
vt 0.572400 0.418556
vt 0.532532 0.386734
vt 0.539134 0.370743
vt 0.557175 0.367525
vt 0.430253 0.322884
vt 0.550489 0.083037
vt 0.551754 0.068592
vt 0.558195 0.074222
vt 0.514165 0.377267
vt 0.523088 0.362214
vt 0.542607 0.362910
vt 0.422726 0.320347
vt 0.505784 0.390904
vt 0.507431 0.352724
vt 0.529134 0.354936
vt 0.501221 0.398169
vt 0.497088 0.365348
vt 0.495072 0.340415
vt 0.486816 0.377356
vt 0.482429 0.350561
vt 0.481279 0.383738
vt 0.470189 0.360530
vt 0.470372 0.332322
vt 0.460389 0.309482
vt 0.513062 0.346922
vt 0.463687 0.365844
vt 0.456127 0.340283
vt 0.444895 0.316155
vt 0.450604 0.286195
vt 0.465915 0.279981
vt 0.486181 0.295303
vt 0.490785 0.304802
vt 0.437035 0.319591
vt 0.435353 0.291961
vt 0.443343 0.266062
vt 0.458822 0.261188
vt 0.474185 0.275935
vt 0.427419 0.294853
vt 0.428220 0.270716
vt 0.438553 0.248000
vt 0.454285 0.244587
vt 0.467043 0.258433
vt 0.420261 0.273085
vt 0.423244 0.251543
vt 0.435537 0.231445
vt 0.451683 0.229470
vt 0.462608 0.242747
vt 0.415207 0.253397
vt 0.419848 0.234264
vt 0.449483 0.215093
vt 0.460202 0.228542
vt 0.411734 0.235820
vt 0.417195 0.218944
vt 0.433697 0.216167
vt 0.432039 0.201913
vt 0.459458 0.215756
vt 0.409009 0.220712
vt 0.414108 0.205663
vt 0.633259 0.363030
vt 0.461121 0.205253
vt 0.406043 0.208599
vt 0.393598 0.173158
vt 0.409442 0.177274
vt 0.438702 0.192369
vt 0.467658 0.170868
vt 0.452552 0.177232
vt 0.632512 0.356242
vt 0.627693 0.352325
vt 0.639736 0.356815
vt 0.644638 0.355256
vt 0.624402 0.348522
vt 0.629944 0.349711
vt 0.637437 0.346509
vt 0.635154 0.350025
vt 0.632006 0.351704
vt 0.631772 0.344858
vt 0.631978 0.349063
vt 0.159728 0.220918
vt 0.458794 0.150747
vt 0.364119 0.290487
vt 0.356026 0.274467
vt 0.350502 0.281066
vt 0.323122 0.263358
vt 0.338130 0.272067
vt 0.519636 0.341361
vt 0.503270 0.334041
vt 0.510567 0.329028
vt 0.501775 0.314057
vt 0.496418 0.300686
vt 0.309731 0.258074
vt 0.811825 0.749384
vt 0.803443 0.719827
vt 0.814184 0.719827
vt 0.805803 0.749384
vt 0.793068 0.722607
vt 0.783765 0.727977
vt 0.800587 0.752395
vt 0.776170 0.735573
vt 0.770799 0.744875
vt 0.797576 0.757610
vt 0.768019 0.755250
vt 0.768019 0.765992
vt 0.797576 0.763632
vt 0.770799 0.776367
vt 0.776170 0.785669
vt 0.800587 0.768848
vt 0.783765 0.793265
vt 0.793068 0.798635
vt 0.805803 0.771859
vt 0.803443 0.801416
vt 0.814184 0.801416
vt 0.811825 0.771859
vt 0.824560 0.798635
vt 0.833862 0.793265
vt 0.817040 0.768848
vt 0.841458 0.785669
vt 0.846828 0.776367
vt 0.820051 0.763632
vt 0.849608 0.765992
vt 0.849608 0.755250
vt 0.820051 0.757610
vt 0.846828 0.744875
vt 0.841458 0.735573
vt 0.817040 0.752394
vt 0.833862 0.727977
vt 0.824560 0.722607
vt 0.984298 0.327625
vt 0.962116 0.302536
vt 0.984298 0.302536
vt 0.984298 0.352720
vt 0.962116 0.327625
vt 0.984298 0.377809
vt 0.962116 0.352720
vt 0.984298 0.402904
vt 0.962116 0.377809
vt 0.984297 0.427992
vt 0.962116 0.402904
vt 0.984297 0.453088
vt 0.962116 0.427992
vt 0.984297 0.478176
vt 0.962116 0.453088
vt 0.962116 0.503271
vt 0.962116 0.478176
vt 0.984297 0.528360
vt 0.984297 0.503271
vt 0.984297 0.553455
vt 0.962116 0.528360
vt 0.984297 0.578543
vt 0.962116 0.553455
vt 0.984296 0.603638
vt 0.962116 0.578543
vt 0.984299 0.026522
vt 0.962116 0.001433
vt 0.984299 0.001433
vt 0.984299 0.051617
vt 0.962116 0.026522
vt 0.984299 0.076706
vt 0.962116 0.051617
vt 0.984299 0.101801
vt 0.962116 0.076706
vt 0.962116 0.126890
vt 0.962116 0.101801
vt 0.984298 0.151985
vt 0.984298 0.126890
vt 0.984298 0.177074
vt 0.962116 0.151985
vt 0.962116 0.202169
vt 0.962116 0.177074
vt 0.984298 0.227257
vt 0.984298 0.202169
vt 0.984298 0.252353
vt 0.962116 0.227257
vt 0.984298 0.277441
vt 0.962116 0.252353
vt 0.962116 0.277441
vt 0.369016 0.422773
vt 0.403152 0.480322
vt 0.351275 0.440513
vt 0.390744 0.410230
vt 0.408822 0.474653
vt 0.414978 0.403737
vt 0.415766 0.470644
vt 0.440067 0.403738
vt 0.423511 0.468569
vt 0.464300 0.410233
vt 0.431529 0.468570
vt 0.486027 0.422778
vt 0.439274 0.470645
vt 0.503767 0.440519
vt 0.446218 0.474654
vt 0.516310 0.462246
vt 0.451887 0.480324
vt 0.522803 0.486480
vt 0.455896 0.487268
vt 0.522802 0.511569
vt 0.457971 0.495013
vt 0.516307 0.535803
vt 0.457971 0.503031
vt 0.503762 0.557529
vt 0.455895 0.510776
vt 0.486022 0.575269
vt 0.451886 0.517720
vt 0.464294 0.587812
vt 0.446216 0.523390
vt 0.440060 0.594305
vt 0.439272 0.527398
vt 0.414971 0.594304
vt 0.431527 0.529473
vt 0.390738 0.587810
vt 0.423509 0.529473
vt 0.369011 0.575265
vt 0.415764 0.527398
vt 0.351271 0.557524
vt 0.408820 0.523388
vt 0.338728 0.535796
vt 0.403151 0.517718
vt 0.332235 0.511562
vt 0.399142 0.510774
vt 0.332236 0.486474
vt 0.397067 0.503029
vt 0.338730 0.462240
vt 0.397067 0.495011
vt 0.399143 0.487266
vt 0.601452 0.305649
vt 0.593693 0.294542
vt 0.601452 0.294542
vt 0.585933 0.305649
vt 0.593693 0.305649
vt 0.578174 0.294542
vt 0.585933 0.294542
vt 0.578174 0.305648
vt 0.570413 0.294542
vt 0.570413 0.305648
vt 0.562654 0.294542
vt 0.562654 0.305648
vt 0.554894 0.294542
vt 0.554894 0.305648
vt 0.547135 0.294542
vt 0.547135 0.305648
vt 0.539375 0.294542
vt 0.539375 0.305648
vt 0.531616 0.294542
vt 0.531616 0.305648
vt 0.523856 0.294542
vt 0.523856 0.305647
vt 0.516097 0.294542
vt 0.516097 0.305647
vt 0.508336 0.294542
vt 0.694566 0.305651
vt 0.686807 0.294543
vt 0.694565 0.294543
vt 0.686808 0.305650
vt 0.679047 0.294543
vt 0.679047 0.305650
vt 0.671288 0.294543
vt 0.671289 0.305650
vt 0.663528 0.294543
vt 0.663528 0.305650
vt 0.655769 0.294543
vt 0.655770 0.305650
vt 0.648009 0.294543
vt 0.648009 0.305649
vt 0.640251 0.294543
vt 0.640251 0.305649
vt 0.632490 0.294543
vt 0.632491 0.305649
vt 0.624732 0.294543
vt 0.624732 0.305649
vt 0.616971 0.294543
vt 0.616971 0.305649
vt 0.609213 0.294542
vt 0.609213 0.305649
vt 0.634701 0.267672
vt 0.622375 0.244587
vt 0.634701 0.244587
vt 0.622375 0.267672
vt 0.610046 0.244587
vt 0.610046 0.267672
vt 0.597720 0.244587
vt 0.597720 0.267672
vt 0.585391 0.244587
vt 0.573065 0.267673
vt 0.585391 0.267672
vt 0.560735 0.244587
vt 0.573065 0.244587
vt 0.560735 0.267673
vt 0.548409 0.244587
vt 0.548409 0.267673
vt 0.536080 0.244586
vt 0.536080 0.267673
vt 0.523754 0.244586
vt 0.523754 0.267673
vt 0.511425 0.244587
vt 0.511425 0.267673
vt 0.499099 0.244587
vt 0.499099 0.267673
vt 0.486770 0.244587
vt 0.782632 0.267675
vt 0.770306 0.244588
vt 0.782632 0.244588
vt 0.770306 0.267675
vt 0.757977 0.244588
vt 0.757977 0.267674
vt 0.745651 0.244588
vt 0.733321 0.267674
vt 0.745651 0.267674
vt 0.720995 0.267673
vt 0.733321 0.244588
vt 0.708666 0.244587
vt 0.720995 0.244587
vt 0.696340 0.267673
vt 0.708666 0.267673
vt 0.684011 0.267673
vt 0.696340 0.244587
vt 0.671685 0.244587
vt 0.684011 0.244587
vt 0.671685 0.267672
vt 0.659356 0.244587
vt 0.659356 0.267672
vt 0.647030 0.244587
vt 0.647030 0.267672
vt 0.634701 0.222068
vt 0.610046 0.222068
vt 0.622375 0.222068
vt 0.597720 0.222068
vt 0.585391 0.222068
vt 0.573065 0.222068
vt 0.548410 0.222067
vt 0.560735 0.222068
vt 0.536080 0.222067
vt 0.511425 0.222067
vt 0.523754 0.222067
vt 0.499099 0.222067
vt 0.486770 0.222067
vt 0.782632 0.222069
vt 0.770306 0.222069
vt 0.757977 0.222068
vt 0.745651 0.222068
vt 0.720996 0.222068
vt 0.733322 0.222068
vt 0.708666 0.222068
vt 0.696340 0.222068
vt 0.684011 0.222068
vt 0.671685 0.222068
vt 0.647030 0.222068
vt 0.659356 0.222068
vt 0.634701 0.207865
vt 0.622375 0.207865
vt 0.597720 0.207865
vt 0.610046 0.207865
vt 0.585391 0.207865
vt 0.573065 0.207864
vt 0.560735 0.207864
vt 0.548409 0.207863
vt 0.536080 0.207863
vt 0.523754 0.207863
vt 0.511425 0.207863
vt 0.499099 0.207863
vt 0.782632 0.207865
vt 0.757977 0.207865
vt 0.770306 0.207865
vt 0.733322 0.207865
vt 0.745651 0.207865
vt 0.720996 0.207865
vt 0.708666 0.207865
vt 0.696341 0.207865
vt 0.684011 0.207864
vt 0.671685 0.207864
vt 0.659356 0.207864
vt 0.647030 0.207865
vt 0.634701 0.194929
vt 0.622375 0.194929
vt 0.597720 0.194929
vt 0.610046 0.194929
vt 0.585391 0.194929
vt 0.573065 0.194929
vt 0.560735 0.194928
vt 0.548409 0.194927
vt 0.536080 0.194927
vt 0.523754 0.194927
vt 0.511425 0.194927
vt 0.486770 0.207863
vt 0.499099 0.194927
vt 0.782632 0.194930
vt 0.770306 0.194930
vt 0.757977 0.194930
vt 0.745651 0.194930
vt 0.733322 0.194929
vt 0.720996 0.194929
vt 0.708667 0.194929
vt 0.696341 0.194929
vt 0.684011 0.194929
vt 0.659356 0.194929
vt 0.671685 0.194929
vt 0.647030 0.194929
vt 0.278007 0.919616
vt 0.290557 0.896071
vt 0.290557 0.919616
vt 0.265454 0.919616
vt 0.278007 0.896071
vt 0.252904 0.919616
vt 0.265454 0.896071
vt 0.240351 0.919616
vt 0.252904 0.896071
vt 0.227801 0.919616
vt 0.240351 0.896072
vt 0.215248 0.919616
vt 0.227801 0.896072
vt 0.202698 0.919616
vt 0.215248 0.896071
vt 0.190145 0.896071
vt 0.202698 0.896071
vt 0.177594 0.919616
vt 0.190144 0.919616
vt 0.165041 0.919616
vt 0.177595 0.896071
vt 0.152491 0.919616
vt 0.165042 0.896071
vt 0.139938 0.919616
vt 0.152491 0.896072
vt 0.428622 0.919616
vt 0.441173 0.896071
vt 0.441172 0.919616
vt 0.416070 0.896071
vt 0.428623 0.896071
vt 0.416070 0.919616
vt 0.403521 0.896071
vt 0.403520 0.919616
vt 0.390968 0.896071
vt 0.378418 0.919616
vt 0.390967 0.919616
vt 0.365865 0.919616
vt 0.378418 0.896071
vt 0.353315 0.919616
vt 0.365865 0.896071
vt 0.340763 0.919616
vt 0.353316 0.896071
vt 0.328213 0.919616
vt 0.340763 0.896071
vt 0.315660 0.919616
vt 0.328213 0.896071
vt 0.303110 0.896071
vt 0.315660 0.896071
vt 0.303110 0.919616
vt 0.281511 0.892446
vt 0.294771 0.868294
vt 0.294771 0.892446
vt 0.268249 0.868294
vt 0.281511 0.868294
vt 0.254989 0.892446
vt 0.268249 0.892446
vt 0.241726 0.868294
vt 0.254989 0.868294
vt 0.241726 0.892446
vt 0.228467 0.868294
vt 0.228467 0.892446
vt 0.215204 0.868293
vt 0.215204 0.892446
vt 0.201945 0.868293
vt 0.201945 0.892446
vt 0.188682 0.868293
vt 0.188682 0.892446
vt 0.175423 0.868293
vt 0.175423 0.892446
vt 0.162160 0.868293
vt 0.162160 0.892446
vt 0.148901 0.868293
vt 0.148901 0.892446
vt 0.135638 0.868294
vt 0.453902 0.892447
vt 0.440643 0.868295
vt 0.453902 0.868295
vt 0.440643 0.892447
vt 0.427380 0.868295
vt 0.414121 0.892447
vt 0.427380 0.892447
vt 0.400859 0.868295
vt 0.414121 0.868295
vt 0.400859 0.892447
vt 0.387599 0.868295
vt 0.387599 0.892447
vt 0.374337 0.868295
vt 0.374337 0.892446
vt 0.361078 0.868295
vt 0.361078 0.892446
vt 0.347815 0.868294
vt 0.347815 0.892446
vt 0.334556 0.868294
vt 0.321293 0.892446
vt 0.334556 0.892446
vt 0.308034 0.868294
vt 0.321293 0.868294
vt 0.308034 0.892446
vt 0.281511 0.850100
vt 0.294771 0.850100
vt 0.254989 0.850100
vt 0.268249 0.850100
vt 0.241726 0.850100
vt 0.228467 0.850100
vt 0.215204 0.850100
vt 0.188682 0.850100
vt 0.201945 0.850100
vt 0.175423 0.850100
vt 0.148901 0.850100
vt 0.162160 0.850100
vt 0.135638 0.850100
vt 0.440643 0.850104
vt 0.453902 0.850104
vt 0.427380 0.850103
vt 0.414121 0.850103
vt 0.387600 0.850102
vt 0.400859 0.850102
vt 0.374337 0.850102
vt 0.361078 0.850101
vt 0.347815 0.850101
vt 0.334556 0.850101
vt 0.321293 0.850100
vt 0.308034 0.850100
vt 0.601452 0.320417
vt 0.585933 0.320416
vt 0.593693 0.320417
vt 0.578174 0.320416
vt 0.570413 0.320416
vt 0.562654 0.320415
vt 0.554894 0.320415
vt 0.547135 0.320415
vt 0.539375 0.320414
vt 0.523856 0.320413
vt 0.531616 0.320414
vt 0.516097 0.320413
vt 0.508336 0.305647
vt 0.686808 0.320417
vt 0.694566 0.320417
vt 0.679047 0.320417
vt 0.671289 0.320417
vt 0.663528 0.320417
vt 0.655770 0.320417
vt 0.640251 0.320417
vt 0.648009 0.320417
vt 0.632491 0.320417
vt 0.624732 0.320417
vt 0.616971 0.320417
vt 0.609213 0.320417
vt 0.052003 0.167074
vt 0.063856 0.158516
vt 0.064688 0.174322
vt 0.049775 0.154618
vt 0.059136 0.143388
vt 0.044522 0.143100
vt 0.050800 0.129911
vt 0.036593 0.133281
vt 0.039368 0.118944
vt 0.026447 0.125754
vt 0.025561 0.111180
vt 0.014691 0.121034
vt 0.010257 0.107020
vt 0.001593 0.119434
vt 0.007073 0.220524
vt 0.017239 0.231712
vt 0.001656 0.234637
vt 0.019852 0.217209
vt 0.031915 0.225682
vt 0.031067 0.211048
vt 0.044725 0.216333
vt 0.040318 0.202388
vt 0.054834 0.204135
vt 0.047135 0.191707
vt 0.061619 0.189837
vt 0.051100 0.179699
vt 0.035968 0.163504
vt 0.033436 0.155085
vt 0.028780 0.147670
vt 0.022583 0.141518
vt 0.015034 0.137284
vt 0.006880 0.134964
vt 0.001620 0.204877
vt 0.010099 0.203922
vt 0.018297 0.200829
vt 0.025345 0.195623
vt 0.031029 0.188928
vt 0.034676 0.180956
vt 0.036407 0.172312
vt 0.028274 0.170052
vt 0.021029 0.188340
vt 0.027406 0.176733
vt 0.002936 0.197011
vt 0.009768 0.195456
vt 0.021313 0.151532
vt 0.010292 0.144172
vt 0.027500 0.163313
vt 0.225575 0.500361
vt 0.207497 0.503908
vt 0.221029 0.492613
vt 0.569462 0.061334
vt 0.562997 0.055670
vt 0.561894 0.420940
vt 0.650176 0.188864
vt 0.668431 0.164500
vt 0.667797 0.189314
vt 0.218852 0.517513
vt 0.232385 0.506218
vt 0.564636 0.079853
vt 0.575939 0.066983
vt 0.956589 0.779568
vt 0.980952 0.761314
vt 0.981403 0.778934
vt 0.955056 0.745024
vt 0.955550 0.762472
vt 0.954788 0.731830
vt 0.980477 0.744433
vt 0.954596 0.718635
vt 0.980212 0.731387
vt 0.979909 0.705292
vt 0.980023 0.718340
vt 0.954443 0.692244
vt 0.954481 0.705440
vt 0.594302 0.162393
vt 0.581106 0.187783
vt 0.581106 0.162355
vt 0.607498 0.162508
vt 0.594155 0.187821
vt 0.620693 0.162699
vt 0.607203 0.187934
vt 0.633887 0.162967
vt 0.620250 0.188124
vt 0.633296 0.188389
vt 0.363522 0.656430
vt 0.354730 0.630490
vt 0.364407 0.630796
vt 0.353993 0.656128
vt 0.345053 0.630239
vt 0.344462 0.655882
vt 0.335373 0.630044
vt 0.334931 0.655690
vt 0.325693 0.629905
vt 0.325398 0.655552
vt 0.316012 0.629821
vt 0.315865 0.655470
vt 0.306331 0.629794
vt 0.717849 0.500171
vt 0.692228 0.509852
vt 0.692200 0.500171
vt 0.717877 0.509705
vt 0.692311 0.519533
vt 0.718096 0.528771
vt 0.692450 0.529214
vt 0.692645 0.538893
vt 0.718288 0.538303
vt 0.692896 0.548571
vt 0.718535 0.547833
vt 0.693202 0.558247
vt 0.225355 0.533098
vt 0.209246 0.526301
vt 0.535865 0.061361
vt 0.542431 0.077671
vt 0.533259 0.074574
vt 0.225890 0.546135
vt 0.212089 0.535401
vt 0.523598 0.073956
vt 0.522696 0.060519
vt 0.223032 0.558867
vt 0.212480 0.544926
vt 0.509757 0.063114
vt 0.514106 0.075859
vt 0.216977 0.570425
vt 0.210392 0.554229
vt 0.497930 0.068970
vt 0.505430 0.080155
vt 0.208136 0.580023
vt 0.205967 0.562673
vt 0.498161 0.086550
vt 0.488022 0.077687
vt 0.155102 0.496291
vt 0.152706 0.513610
vt 0.144078 0.503273
vt 0.564142 0.144228
vt 0.559368 0.127307
vt 0.571456 0.133244
vt 0.169860 0.505666
vt 0.160760 0.508509
vt 0.562466 0.118134
vt 0.575678 0.120741
vt 0.167557 0.492400
vt 0.179386 0.505275
vt 0.563083 0.108473
vt 0.576520 0.107571
vt 0.193327 0.494723
vt 0.180595 0.491865
vt 0.573925 0.094632
vt 0.561180 0.098981
vt 0.197133 0.511788
vt 0.188688 0.507363
vt 0.556884 0.090305
vt 0.204145 0.518247
vt 0.213174 0.510710
vt 0.363153 0.989944
vt 0.344117 0.996822
vt 0.344117 0.989944
vt 0.325077 0.996822
vt 0.325077 0.989944
vt 0.306042 0.996822
vt 0.306042 0.989944
vt 0.287001 0.989944
vt 0.287001 0.996822
vt 0.267966 0.989944
vt 0.267966 0.996822
vt 0.248926 0.989944
vt 0.229890 0.996822
vt 0.229890 0.989944
vt 0.210850 0.996822
vt 0.210850 0.989944
vt 0.191815 0.989944
vt 0.172774 0.996822
vt 0.172774 0.989944
vt 0.153739 0.989944
vt 0.134698 0.996823
vt 0.134698 0.989944
vt 0.401229 0.996822
vt 0.382193 0.989944
vt 0.401229 0.989944
vt 0.420269 0.996822
vt 0.420269 0.989944
vt 0.115663 0.996823
vt 0.115663 0.989944
vt 0.096622 0.996823
vt 0.096622 0.989944
vt 0.077587 0.996824
vt 0.077587 0.989944
vt 0.058546 0.989944
vt 0.039511 0.996824
vt 0.039511 0.989944
vt 0.020470 0.989944
vt 0.020470 0.996825
vt 0.001434 0.989944
vt 0.458345 0.989945
vt 0.439305 0.996822
vt 0.439305 0.989944
vt 0.363153 0.996822
vt 0.647030 0.290758
vt 0.659356 0.290758
vt 0.671685 0.290758
vt 0.684011 0.290758
vt 0.696340 0.290758
vt 0.708666 0.290758
vt 0.720995 0.290758
vt 0.733321 0.290758
vt 0.745651 0.290758
vt 0.757977 0.290759
vt 0.770306 0.290759
vt 0.782632 0.290759
vt 0.499099 0.290756
vt 0.486770 0.267673
vt 0.511425 0.290757
vt 0.523754 0.290757
vt 0.536080 0.290757
vt 0.548409 0.290758
vt 0.560735 0.290758
vt 0.573065 0.290758
vt 0.585391 0.290758
vt 0.597720 0.290758
vt 0.610046 0.290758
vt 0.622375 0.290758
vt 0.634701 0.290758
vt 0.290557 0.943161
vt 0.303110 0.943161
vt 0.315660 0.943161
vt 0.328213 0.943161
vt 0.340763 0.943161
vt 0.353315 0.943161
vt 0.365865 0.943161
vt 0.378418 0.943161
vt 0.390967 0.943161
vt 0.403520 0.943161
vt 0.416070 0.943161
vt 0.428622 0.943161
vt 0.441172 0.943162
vt 0.139938 0.943160
vt 0.152491 0.943160
vt 0.165041 0.943160
vt 0.177594 0.943160
vt 0.190144 0.943160
vt 0.202698 0.943160
vt 0.215248 0.943161
vt 0.227801 0.943161
vt 0.240351 0.943161
vt 0.252904 0.943161
vt 0.265454 0.943161
vt 0.278007 0.943161
vt 0.997357 0.632520
vt 0.990393 0.651555
vt 0.990393 0.632520
vt 0.997357 0.499273
vt 0.990393 0.518309
vt 0.990393 0.499273
vt 0.997357 0.822873
vt 0.990393 0.841908
vt 0.990393 0.822873
vt 0.997357 0.651555
vt 0.990393 0.670591
vt 0.997357 0.689626
vt 0.990393 0.708661
vt 0.990393 0.689626
vt 0.997357 0.518309
vt 0.990393 0.537344
vt 0.997357 0.841908
vt 0.990393 0.860943
vt 0.997357 0.670591
vt 0.997357 0.708661
vt 0.990393 0.727696
vt 0.997357 0.537344
vt 0.990393 0.556379
vt 0.997357 0.860943
vt 0.990393 0.879979
vt 0.997357 0.727696
vt 0.990393 0.746732
vt 0.997357 0.556379
vt 0.990393 0.575414
vt 0.997357 0.879979
vt 0.990393 0.899014
vt 0.997357 0.746732
vt 0.990393 0.765767
vt 0.997357 0.575414
vt 0.990393 0.594450
vt 0.997357 0.899014
vt 0.990393 0.918049
vt 0.997357 0.765767
vt 0.990393 0.784802
vt 0.997357 0.594450
vt 0.990393 0.613485
vt 0.997357 0.461203
vt 0.990393 0.480238
vt 0.990393 0.461203
vt 0.997357 0.784802
vt 0.990393 0.803837
vt 0.997357 0.613485
vt 0.997357 0.480238
vt 0.997357 0.803837
vt 0.229668 0.101636
vt 0.220151 0.118121
vt 0.162301 0.073731
vt 0.094934 0.101636
vt 0.090008 0.083249
vt 0.152784 0.001438
vt 0.171819 0.001438
vt 0.234595 0.083249
vt 0.104452 0.118121
vt 0.134397 0.006365
vt 0.234595 0.064214
vt 0.117912 0.131581
vt 0.117912 0.015882
vt 0.229668 0.045827
vt 0.134397 0.141098
vt 0.104452 0.029342
vt 0.220151 0.029342
vt 0.152784 0.146025
vt 0.190206 0.141098
vt 0.171819 0.146025
vt 0.094935 0.045827
vt 0.206691 0.015882
vt 0.206691 0.131581
vt 0.090008 0.064214
vt 0.190206 0.006365
vt 0.474760 0.659414
vt 0.452163 0.648481
vt 0.471489 0.646403
vt 0.475606 0.666415
vt 0.451621 0.661445
vt 0.452684 0.635276
vt 0.435854 0.645393
vt 0.440457 0.632576
vt 0.431935 0.657820
vt 0.430006 0.664386
vt 0.420545 0.637857
vt 0.428803 0.625461
vt 0.413848 0.649830
vt 0.410618 0.656065
vt 0.404105 0.626595
vt 0.414845 0.611984
vt 0.396291 0.638926
vt 0.392538 0.644935
vt 0.386228 0.616088
vt 0.393149 0.604052
vt 0.378841 0.627733
vt 0.374998 0.633622
vt 0.414223 0.602387
vt 0.396338 0.596829
vt 0.376974 0.594048
vt 0.369196 0.605358
vt 0.361334 0.616257
vt 0.380991 0.588060
vt 0.359324 0.580197
vt 0.350157 0.590509
vt 0.357265 0.621865
vt 0.341191 0.600553
vt 0.363985 0.574946
vt 0.334047 0.574100
vt 0.344337 0.565101
vt 0.324082 0.583043
vt 0.318940 0.587675
vt 0.349679 0.560415
vt 0.319484 0.555969
vt 0.330772 0.547846
vt 0.308948 0.564300
vt 0.303406 0.568648
vt 0.336667 0.543754
vt 0.305210 0.535042
vt 0.318361 0.527845
vt 0.295590 0.543358
vt 0.296380 0.556907
vt 0.325061 0.524585
vt 0.291894 0.508701
vt 0.309334 0.503397
vt 0.316838 0.503425
vt 0.306015 0.494289
vt 0.268537 0.502851
vt 0.287928 0.486674
vt 0.468034 0.633463
vt 0.316557 0.496748
vt 0.420701 0.598954
vt 0.429876 0.601473
vt 0.423778 0.605531
vt 0.456248 0.617983
vt 0.438093 0.613272
vt 0.443370 0.607608
vt 0.470120 0.626786
vt 0.452163 0.623714
vt 0.431002 0.596295
vt 0.459724 0.713559
vt 0.436189 0.723169
vt 0.440310 0.710225
vt 0.459448 0.726680
vt 0.434896 0.730191
vt 0.460056 0.700183
vt 0.476385 0.711501
vt 0.479530 0.724263
vt 0.481059 0.730994
vt 0.459370 0.733422
vt 0.472602 0.698276
vt 0.492286 0.704937
vt 0.498211 0.717380
vt 0.501053 0.723831
vt 0.484862 0.691922
vt 0.509512 0.694791
vt 0.516458 0.707611
vt 0.519809 0.713835
vt 0.499919 0.679401
vt 0.527928 0.685606
vt 0.534503 0.697641
vt 0.537936 0.703731
vt 0.501196 0.670155
vt 0.521865 0.673199
vt 0.538547 0.664361
vt 0.545520 0.676078
vt 0.552607 0.687394
vt 0.534957 0.658169
vt 0.519188 0.665849
vt 0.556938 0.651781
vt 0.565357 0.662596
vt 0.573591 0.673136
vt 0.556278 0.693217
vt 0.552657 0.646276
vt 0.582410 0.647371
vt 0.591699 0.656907
vt 0.596477 0.661835
vt 0.577758 0.678460
vt 0.572774 0.637773
vt 0.598172 0.630310
vt 0.607989 0.639387
vt 0.613111 0.644086
vt 0.567765 0.632786
vt 0.587358 0.621451
vt 0.614093 0.609757
vt 0.624060 0.619001
vt 0.623006 0.635004
vt 0.581690 0.617033
vt 0.600873 0.601906
vt 0.628084 0.583071
vt 0.603003 0.577288
vt 0.594221 0.598371
vt 0.613893 0.568321
vt 0.610584 0.577412
vt 0.632206 0.560783
vt 0.651692 0.577094
vt 0.444624 0.697348
vt 0.603220 0.570544
vt 0.492075 0.672208
vt 0.485935 0.661821
vt 0.495390 0.666558
vt 0.476397 0.678982
vt 0.457591 0.682405
vt 0.471443 0.672734
vt 0.461352 0.688511
vt 0.442938 0.690437
vt 0.485685 0.668003
vt 0.821119 0.623612
vt 0.837982 0.623485
vt 0.827804 0.630522
vt 0.091471 0.547241
vt 0.075766 0.555702
vt 0.086698 0.540940
vt 0.827701 0.612335
vt 0.843718 0.619799
vt 0.081762 0.559081
vt 0.089520 0.574047
vt 0.076828 0.572067
vt 0.108509 0.569221
vt 0.092431 0.565580
vt 0.098769 0.558223
vt 0.806313 0.640551
vt 0.815056 0.638604
vt 0.808458 0.642589
vt 0.114679 0.574442
vt 0.105752 0.572986
vt 0.816171 0.641556
vt 0.831167 0.638727
vt 0.070562 0.570950
vt 0.843604 0.636044
vt 0.076562 0.584889
vt 0.104800 0.576026
vt 0.809154 0.643992
vt 0.112014 0.578076
vt 0.831973 0.648365
vt 0.817226 0.647932
vt 0.844599 0.648709
vt 0.070011 0.585337
vt 0.851104 0.648778
vt 0.089268 0.583808
vt 0.079110 0.597486
vt 0.809831 0.648368
vt 0.104107 0.582514
vt 0.830676 0.658405
vt 0.816741 0.655289
vt 0.842799 0.661312
vt 0.072636 0.599427
vt 0.849312 0.662862
vt 0.095162 0.603515
vt 0.084011 0.609616
vt 0.091158 0.593852
vt 0.809335 0.653905
vt 0.111585 0.582525
vt 0.105022 0.589902
vt 0.814328 0.662427
vt 0.827268 0.668189
vt 0.078236 0.612834
vt 0.838643 0.673588
vt 0.101199 0.612193
vt 0.091619 0.620675
vt 0.107869 0.596955
vt 0.807665 0.659564
vt 0.114418 0.593683
vt 0.810659 0.668668
vt 0.821793 0.677116
vt 0.086664 0.625015
vt 0.844538 0.676441
vt 0.831750 0.684958
vt 0.113537 0.623518
vt 0.105754 0.634006
vt 0.111930 0.603032
vt 0.804862 0.664594
vt 0.117535 0.598590
vt 0.801317 0.678409
vt 0.810237 0.689019
vt 0.101907 0.639197
vt 0.836897 0.688968
vt 0.818531 0.698948
vt 0.122021 0.643285
vt 0.121910 0.612306
vt 0.796906 0.673234
vt 0.126055 0.606835
vt 0.797148 0.697769
vt 0.791033 0.685545
vt 0.802973 0.709052
vt 0.119289 0.649309
vt 0.806018 0.714853
vt 0.127237 0.631577
vt 0.140073 0.649015
vt 0.787788 0.679321
vt 0.132689 0.618901
vt 0.782157 0.703490
vt 0.778833 0.690354
vt 0.785447 0.715746
vt 0.138653 0.655514
vt 0.787222 0.722093
vt 0.142677 0.636471
vt 0.159905 0.651075
vt 0.776950 0.683560
vt 0.135598 0.612440
vt 0.145264 0.623039
vt 0.765085 0.706224
vt 0.764335 0.692831
vt 0.765951 0.718914
vt 0.159776 0.657767
vt 0.766460 0.725525
vt 0.160041 0.638235
vt 0.181599 0.649226
vt 0.763795 0.685814
vt 0.146767 0.616082
vt 0.160019 0.624694
vt 0.745740 0.705748
vt 0.747135 0.692657
vt 0.744392 0.718322
vt 0.182687 0.655973
vt 0.743700 0.725057
vt 0.201337 0.631217
vt 0.205486 0.643486
vt 0.179510 0.636632
vt 0.747845 0.685568
vt 0.160156 0.617591
vt 0.177344 0.623520
vt 0.727256 0.688723
vt 0.723845 0.701637
vt 0.207657 0.649836
vt 0.720441 0.714007
vt 0.219535 0.623326
vt 0.225842 0.634840
vt 0.197150 0.618400
vt 0.729116 0.682020
vt 0.194886 0.611753
vt 0.711215 0.682634
vt 0.705398 0.694869
vt 0.228999 0.640598
vt 0.718656 0.720411
vt 0.699817 0.706616
vt 0.244043 0.622355
vt 0.212963 0.611332
vt 0.714143 0.676494
vt 0.209656 0.605313
vt 0.688599 0.684882
vt 0.696563 0.674098
vt 0.681101 0.695306
vt 0.248240 0.627575
vt 0.677248 0.700709
vt 0.235884 0.612288
vt 0.260260 0.606576
vt 0.700628 0.668467
vt 0.227236 0.601882
vt 0.673335 0.671601
vt 0.682996 0.662385
vt 0.664154 0.680626
vt 0.265299 0.611038
vt 0.659427 0.685329
vt 0.250490 0.598030
vt 0.274428 0.587430
vt 0.687979 0.657542
vt 0.222814 0.596441
vt 0.240236 0.589307
vt 0.659531 0.654897
vt 0.670584 0.647305
vt 0.649059 0.662501
vt 0.280121 0.591094
vt 0.643622 0.666456
vt 0.263367 0.580439
vt 0.286568 0.564672
vt 0.676404 0.643396
vt 0.234942 0.584703
vt 0.251844 0.573488
vt 0.647634 0.633813
vt 0.660257 0.628071
vt 0.635837 0.640352
vt 0.292563 0.567729
vt 0.629920 0.643938
vt 0.274579 0.558947
vt 0.666950 0.625395
vt 0.245842 0.569837
vt 0.261761 0.553866
vt 0.640415 0.614383
vt 0.655082 0.611593
vt 0.812116 0.635039
vt 0.280008 0.539376
vt 0.663083 0.610717
vt 0.254653 0.551376
vt 0.265681 0.537043
vt 0.111854 0.565680
vt 0.109872 0.551763
vt 0.117011 0.560118
vt 0.799268 0.620361
vt 0.796284 0.612015
vt 0.803937 0.615343
vt 0.115600 0.548890
vt 0.808597 0.631744
vt 0.809769 0.617857
vt 0.815596 0.620077
vt 0.120595 0.553676
vt 0.123300 0.563512
vt 0.123118 0.545093
vt 0.124778 0.554534
vt 0.118105 0.571272
vt 0.797150 0.630246
vt 0.795179 0.621448
vt 0.803180 0.626531
vt 0.802727 0.637628
vt 0.812058 0.607281
vt 0.819149 0.607970
vt 0.114613 0.541912
vt 0.106949 0.541242
vt 0.104133 0.554336
vt 0.099845 0.542352
vt 0.804515 0.608382
vt 0.802448 0.604192
vt 0.811419 0.599885
vt 0.116452 0.537568
vt 0.107159 0.533752
vt 0.097568 0.534535
vt 0.832056 0.605830
vt 0.820948 0.600105
vt 0.241411 0.502585
vt 0.264952 0.491172
vt 0.241574 0.491394
vt 0.246768 0.493470
vt 0.319455 0.469201
vt 0.316978 0.481474
vt 0.307975 0.473705
vt 0.247181 0.468700
vt 0.266197 0.459279
vt 0.258454 0.476337
vt 0.324436 0.484428
vt 0.314809 0.482877
vt 0.249310 0.484866
vt 0.237832 0.478954
vt 0.232403 0.493323
vt 0.088966 0.286906
vt 0.107564 0.288839
vt 0.097543 0.295736
vt 0.091025 0.303361
vt 0.102046 0.301040
vt 0.095519 0.307982
vt 0.070042 0.291515
vt 0.080644 0.280034
vt 0.075269 0.292698
vt 0.100187 0.277186
vt 0.113149 0.270542
vt 0.117692 0.284299
vt 0.110907 0.295042
vt 0.075790 0.276734
vt 0.092713 0.267235
vt 0.108032 0.258362
vt 0.130165 0.281830
vt 0.119815 0.291669
vt 0.104989 0.252013
vt 0.128373 0.266717
vt 0.145883 0.265564
vt 0.145188 0.281545
vt 0.130879 0.289910
vt 0.125657 0.252784
vt 0.145873 0.249763
vt 0.161582 0.284146
vt 0.144514 0.290147
vt 0.144546 0.241556
vt 0.179846 0.252940
vt 0.184284 0.273609
vt 0.165130 0.267690
vt 0.177593 0.289578
vt 0.159521 0.292706
vt 0.194391 0.250725
vt 0.190643 0.258374
vt 0.775389 0.340333
vt 0.763759 0.321472
vt 0.775482 0.324534
vt 0.202615 0.283179
vt 0.193607 0.298198
vt 0.174076 0.297400
vt 0.741499 0.327533
vt 0.726969 0.325242
vt 0.738081 0.319870
vt 0.211073 0.269574
vt 0.209228 0.307776
vt 0.187519 0.305450
vt 0.215678 0.262327
vt 0.219645 0.295195
vt 0.221533 0.320159
vt 0.213295 0.326496
vt 0.229987 0.283232
vt 0.234239 0.310071
vt 0.231128 0.336039
vt 0.697829 0.417227
vt 0.683070 0.432089
vt 0.689793 0.410348
vt 0.235562 0.276873
vt 0.246540 0.300157
vt 0.246212 0.328387
vt 0.256085 0.351296
vt 0.237739 0.357818
vt 0.253075 0.294872
vt 0.260510 0.320493
vt 0.271625 0.344698
vt 0.265757 0.374653
vt 0.250401 0.380793
vt 0.223055 0.342876
vt 0.279509 0.341301
vt 0.281050 0.368961
vt 0.272919 0.394839
vt 0.257403 0.399637
vt 0.230198 0.365353
vt 0.242104 0.384800
vt 0.289005 0.366108
vt 0.288078 0.390260
vt 0.277620 0.412939
vt 0.261859 0.416274
vt 0.249162 0.402353
vt 0.296056 0.387930
vt 0.292958 0.409473
vt 0.280552 0.429519
vt 0.264387 0.431415
vt 0.253520 0.418074
vt 0.301011 0.407660
vt 0.296265 0.426781
vt 0.266521 0.445809
vt 0.255858 0.432303
vt 0.304392 0.425269
vt 0.298834 0.442124
vt 0.282315 0.444809
vt 0.283897 0.459063
vt 0.256543 0.445103
vt 0.307036 0.440403
vt 0.301840 0.455424
vt 0.083350 0.296811
vt 0.254837 0.455609
vt 0.309928 0.452544
vt 0.286662 0.477141
vt 0.633524 0.551235
vt 0.322026 0.488163
vt 0.306251 0.483816
vt 0.277202 0.468563
vt 0.248251 0.490007
vt 0.263342 0.483641
vt 0.084063 0.303610
vt 0.088865 0.307555
vt 0.076836 0.302999
vt 0.071922 0.304534
vt 0.092140 0.311377
vt 0.086599 0.310159
vt 0.079084 0.313325
vt 0.081386 0.309818
vt 0.084546 0.308153
vt 0.084744 0.315006
vt 0.084560 0.310797
vt 0.673515 0.567637
vt 0.678880 0.576731
vt 0.678707 0.565557
vt 0.687869 0.567478
vt 0.600720 0.542985
vt 0.603045 0.555275
vt 0.595568 0.558122
vt 0.673106 0.542873
vt 0.654112 0.533402
vt 0.665489 0.529768
vt 0.605199 0.556708
vt 0.597921 0.561880
vt 0.670967 0.559032
vt 0.682442 0.553125
vt 0.813580 0.363803
vt 0.832184 0.361967
vt 0.823562 0.370751
vt 0.819033 0.376031
vt 0.830039 0.378408
vt 0.825521 0.383005
vt 0.840539 0.355140
vt 0.851079 0.366674
vt 0.845847 0.367830
vt 0.821016 0.352191
vt 0.808091 0.345480
vt 0.810205 0.369987
vt 0.828540 0.342281
vt 0.845410 0.351867
vt 0.813271 0.333330
vt 0.791020 0.356678
vt 0.803478 0.359211
vt 0.816346 0.326998
vt 0.832569 0.337429
vt 0.792890 0.341577
vt 0.790263 0.364752
vt 0.801316 0.366568
vt 0.795679 0.327661
vt 0.759597 0.358830
vt 0.776001 0.356314
vt 0.776852 0.316336
vt 0.797618 0.320265
vt 0.736956 0.348176
vt 0.756136 0.342365
vt 0.743562 0.364177
vt 0.761614 0.367399
vt 0.776630 0.364918
vt 0.155074 0.239225
vt 0.157614 0.246762
vt 0.487528 0.142062
vt 0.501674 0.138878
vt 0.493969 0.147693
vt 0.718577 0.357648
vt 0.747036 0.372015
vt 0.710192 0.344001
vt 0.730676 0.332910
vt 0.711837 0.382206
vt 0.727505 0.372710
vt 0.705626 0.336732
vt 0.701488 0.369573
vt 0.699469 0.394522
vt 0.691211 0.357558
vt 0.686819 0.384369
vt 0.674572 0.374393
vt 0.685670 0.351171
vt 0.674753 0.402619
vt 0.664762 0.425473
vt 0.717472 0.388012
vt 0.660499 0.394651
vt 0.668066 0.369075
vt 0.649259 0.418794
vt 0.654970 0.448775
vt 0.695178 0.430158
vt 0.690570 0.439662
vt 0.641394 0.415356
vt 0.653277 0.390488
vt 0.639709 0.443004
vt 0.670290 0.454993
vt 0.647703 0.468919
vt 0.631770 0.440110
vt 0.632571 0.464262
vt 0.663192 0.473797
vt 0.642909 0.486993
vt 0.678565 0.459043
vt 0.624607 0.461891
vt 0.627591 0.483447
vt 0.658651 0.490409
vt 0.639891 0.503559
vt 0.671418 0.476555
vt 0.619548 0.481591
vt 0.624191 0.500736
vt 0.653844 0.519922
vt 0.656047 0.505536
vt 0.666979 0.492251
vt 0.616073 0.499179
vt 0.621536 0.516067
vt 0.636388 0.533109
vt 0.638048 0.518846
vt 0.663826 0.519259
vt 0.664571 0.506465
vt 0.613344 0.514296
vt 0.618446 0.529356
vt 0.837747 0.371900
vt 0.610376 0.526417
vt 0.655294 0.565360
vt 0.612156 0.547605
vt 0.613775 0.557763
vt 0.643055 0.542660
vt 0.672028 0.564175
vt 0.661819 0.550495
vt 0.836998 0.378694
vt 0.832176 0.382613
vt 0.828882 0.386417
vt 0.844227 0.378120
vt 0.849132 0.379681
vt 0.834428 0.385229
vt 0.832573 0.388931
vt 0.841926 0.388433
vt 0.839642 0.384915
vt 0.836492 0.383234
vt 0.836257 0.390084
vt 0.836464 0.385877
vt 0.656913 0.557807
vt 0.257196 0.510126
vt 0.257747 0.536458
vt 0.663157 0.584309
vt 0.203562 0.313554
vt 0.196955 0.319086
vt 0.205967 0.331475
vt 0.214689 0.346504
vt 0.225639 0.355823
vt 0.219981 0.359913
vt 0.733554 0.379994
vt 0.724049 0.393577
vt 0.707673 0.400900
vt 0.706175 0.420897
vt 0.714974 0.405917
vt 0.722025 0.611757
vt 0.729544 0.641545
vt 0.716809 0.614768
vt 0.719169 0.644325
vt 0.708427 0.644325
vt 0.710787 0.614768
vt 0.698052 0.641545
vt 0.688750 0.636174
vt 0.705571 0.611757
vt 0.681154 0.628579
vt 0.675784 0.619277
vt 0.702560 0.606542
vt 0.673004 0.608902
vt 0.673004 0.598160
vt 0.702560 0.600520
vt 0.675784 0.587785
vt 0.681154 0.578482
vt 0.705572 0.595304
vt 0.688750 0.570887
vt 0.698052 0.565516
vt 0.710787 0.592293
vt 0.708427 0.562736
vt 0.719169 0.562736
vt 0.716809 0.592293
vt 0.729544 0.565516
vt 0.738846 0.570887
vt 0.722025 0.595304
vt 0.746442 0.578482
vt 0.751812 0.587785
vt 0.725036 0.600520
vt 0.754593 0.598160
vt 0.754593 0.608901
vt 0.725036 0.606542
vt 0.751812 0.619277
vt 0.746442 0.628579
vt 0.738846 0.636174
vt 0.933768 0.595564
vt 0.911587 0.620646
vt 0.911587 0.595564
vt 0.933768 0.620646
vt 0.911587 0.645735
vt 0.933768 0.645735
vt 0.911586 0.670817
vt 0.933768 0.670817
vt 0.911587 0.695905
vt 0.933768 0.695905
vt 0.911587 0.720987
vt 0.933768 0.720987
vt 0.911587 0.746076
vt 0.933768 0.746076
vt 0.911586 0.771158
vt 0.933767 0.796246
vt 0.911586 0.796246
vt 0.911586 0.821328
vt 0.933767 0.821328
vt 0.911586 0.846416
vt 0.933767 0.846416
vt 0.911586 0.871498
vt 0.933767 0.871498
vt 0.911586 0.896587
vt 0.933770 0.294542
vt 0.911589 0.319624
vt 0.911589 0.294542
vt 0.933770 0.319624
vt 0.911588 0.344712
vt 0.933770 0.344712
vt 0.911588 0.369794
vt 0.933770 0.369794
vt 0.911588 0.394883
vt 0.933769 0.419965
vt 0.911587 0.419965
vt 0.911587 0.445053
vt 0.933769 0.445053
vt 0.911587 0.470135
vt 0.933769 0.495223
vt 0.911587 0.495223
vt 0.911587 0.520305
vt 0.933768 0.545394
vt 0.911587 0.545394
vt 0.911587 0.570476
vt 0.933768 0.570476
vt 0.726079 0.121088
vt 0.708001 0.185511
vt 0.686273 0.172968
vt 0.733023 0.125097
vt 0.732235 0.192004
vt 0.740768 0.127172
vt 0.757323 0.192003
vt 0.748786 0.127172
vt 0.781557 0.185509
vt 0.756531 0.125096
vt 0.803284 0.172964
vt 0.763475 0.121087
vt 0.821023 0.155223
vt 0.769144 0.115417
vt 0.833567 0.133495
vt 0.773153 0.108473
vt 0.840060 0.109261
vt 0.775228 0.100728
vt 0.840059 0.084173
vt 0.775228 0.092710
vt 0.833565 0.059939
vt 0.773152 0.084965
vt 0.821020 0.038212
vt 0.769143 0.078021
vt 0.803279 0.020472
vt 0.763473 0.072352
vt 0.781551 0.007929
vt 0.756529 0.068343
vt 0.757317 0.001436
vt 0.748784 0.066268
vt 0.732229 0.001437
vt 0.740766 0.066268
vt 0.707995 0.007931
vt 0.733021 0.068344
vt 0.686268 0.020476
vt 0.726077 0.072353
vt 0.668529 0.038217
vt 0.720408 0.078023
vt 0.655985 0.059945
vt 0.716399 0.084967
vt 0.649492 0.084179
vt 0.714324 0.092712
vt 0.649493 0.109267
vt 0.714324 0.100730
vt 0.655987 0.133501
vt 0.716400 0.108475
vt 0.668532 0.155228
vt 0.720409 0.115419
vt 0.976611 0.871234
vt 0.987524 0.878582
vt 0.976611 0.878582
vt 0.976611 0.885932
vt 0.987524 0.893280
vt 0.976611 0.893280
vt 0.987524 0.900630
vt 0.976611 0.900630
vt 0.987524 0.907978
vt 0.976611 0.907978
vt 0.987524 0.915328
vt 0.976611 0.915328
vt 0.987524 0.922676
vt 0.976611 0.922676
vt 0.987524 0.930026
vt 0.976611 0.930026
vt 0.987524 0.937374
vt 0.976611 0.937374
vt 0.987524 0.944724
vt 0.976611 0.944724
vt 0.987523 0.952072
vt 0.976611 0.952072
vt 0.987523 0.959422
vt 0.976611 0.959422
vt 0.976608 0.783048
vt 0.987522 0.790396
vt 0.976609 0.790396
vt 0.987523 0.797745
vt 0.976609 0.797746
vt 0.987523 0.805094
vt 0.976609 0.805094
vt 0.987523 0.812443
vt 0.976610 0.812443
vt 0.987524 0.819791
vt 0.976610 0.819791
vt 0.987524 0.827141
vt 0.976610 0.827141
vt 0.987524 0.834489
vt 0.976610 0.834489
vt 0.987524 0.841839
vt 0.976610 0.841839
vt 0.987525 0.849187
vt 0.976611 0.849187
vt 0.987525 0.856537
vt 0.976611 0.856537
vt 0.987524 0.863885
vt 0.976611 0.863885
vt 0.987524 0.871234
vt 0.865801 0.146083
vt 0.888665 0.158135
vt 0.865801 0.158135
vt 0.888665 0.170191
vt 0.865801 0.170191
vt 0.888666 0.182243
vt 0.865801 0.182243
vt 0.888666 0.194298
vt 0.865801 0.194298
vt 0.888666 0.206350
vt 0.865801 0.206350
vt 0.888666 0.218405
vt 0.865801 0.218406
vt 0.888666 0.230458
vt 0.865801 0.230458
vt 0.888666 0.242513
vt 0.865801 0.242513
vt 0.888666 0.254565
vt 0.865801 0.254565
vt 0.888666 0.266620
vt 0.865801 0.266620
vt 0.888666 0.278673
vt 0.865801 0.278673
vt 0.888665 0.290728
vt 0.865801 0.290728
vt 0.865798 0.001438
vt 0.888663 0.013490
vt 0.865799 0.013490
vt 0.888664 0.025545
vt 0.865799 0.025545
vt 0.888664 0.037597
vt 0.865799 0.037597
vt 0.865799 0.049653
vt 0.888664 0.049653
vt 0.865800 0.061705
vt 0.888664 0.061705
vt 0.865800 0.073760
vt 0.888665 0.073760
vt 0.865800 0.085813
vt 0.888665 0.085813
vt 0.865800 0.097868
vt 0.888665 0.109920
vt 0.865800 0.109920
vt 0.888665 0.121976
vt 0.865800 0.121976
vt 0.888665 0.134028
vt 0.865800 0.134028
vt 0.888665 0.146083
vt 0.910968 0.146083
vt 0.910968 0.158135
vt 0.910969 0.182243
vt 0.910969 0.194298
vt 0.910969 0.206350
vt 0.910969 0.230458
vt 0.910969 0.242513
vt 0.910969 0.266620
vt 0.910969 0.278672
vt 0.910969 0.290728
vt 0.888662 0.001438
vt 0.910966 0.013490
vt 0.910966 0.025545
vt 0.910967 0.037597
vt 0.910967 0.061705
vt 0.910968 0.073760
vt 0.910968 0.085813
vt 0.910968 0.097868
vt 0.888665 0.097868
vt 0.910968 0.109920
vt 0.910968 0.134028
vt 0.925036 0.146083
vt 0.925036 0.170191
vt 0.910968 0.170191
vt 0.925036 0.182243
vt 0.925036 0.194298
vt 0.925036 0.206350
vt 0.910969 0.218405
vt 0.925037 0.218405
vt 0.925037 0.230457
vt 0.925037 0.242513
vt 0.910969 0.254565
vt 0.925037 0.266620
vt 0.925038 0.278672
vt 0.925032 0.001438
vt 0.910965 0.001438
vt 0.925034 0.025545
vt 0.925035 0.037597
vt 0.925035 0.049653
vt 0.910967 0.049653
vt 0.925035 0.061705
vt 0.925035 0.073760
vt 0.925036 0.085813
vt 0.925036 0.097868
vt 0.925036 0.109920
vt 0.910968 0.121976
vt 0.925036 0.121976
vt 0.925036 0.134028
vt 0.937848 0.146083
vt 0.925036 0.158135
vt 0.937848 0.158135
vt 0.937848 0.182243
vt 0.937848 0.194298
vt 0.937848 0.206350
vt 0.937848 0.218405
vt 0.937848 0.230457
vt 0.937848 0.242513
vt 0.925037 0.254565
vt 0.937848 0.254565
vt 0.937848 0.266620
vt 0.937848 0.278672
vt 0.925038 0.290727
vt 0.937844 0.001438
vt 0.925033 0.013490
vt 0.937845 0.013490
vt 0.937846 0.025545
vt 0.937846 0.037597
vt 0.937847 0.049653
vt 0.937847 0.061705
vt 0.937847 0.073761
vt 0.937848 0.085813
vt 0.937848 0.097868
vt 0.937848 0.109920
vt 0.937848 0.121976
vt 0.937848 0.134028
vt 0.223084 0.709444
vt 0.210185 0.685900
vt 0.223084 0.685900
vt 0.210185 0.709444
vt 0.197283 0.685900
vt 0.197283 0.709444
vt 0.184385 0.685900
vt 0.184385 0.709444
vt 0.171483 0.685900
vt 0.171483 0.709444
vt 0.158584 0.685900
vt 0.158584 0.709444
vt 0.145683 0.685900
vt 0.145683 0.709444
vt 0.132784 0.685900
vt 0.119883 0.709444
vt 0.119883 0.685899
vt 0.106985 0.685899
vt 0.106985 0.709444
vt 0.094083 0.685899
vt 0.094083 0.709444
vt 0.081184 0.685900
vt 0.081184 0.709444
vt 0.068283 0.685900
vt 0.377882 0.709446
vt 0.364984 0.685900
vt 0.377882 0.685901
vt 0.352083 0.709445
vt 0.352083 0.685900
vt 0.339185 0.709445
vt 0.339185 0.685900
vt 0.326283 0.685900
vt 0.326283 0.709445
vt 0.313385 0.685900
vt 0.313385 0.709445
vt 0.300484 0.685900
vt 0.300484 0.709444
vt 0.287586 0.685900
vt 0.287586 0.709444
vt 0.274684 0.685900
vt 0.274684 0.709444
vt 0.261785 0.685900
vt 0.261785 0.709444
vt 0.248884 0.685900
vt 0.248884 0.709444
vt 0.235985 0.685900
vt 0.235985 0.709444
vt 0.896486 0.551039
vt 0.872202 0.529667
vt 0.896486 0.529667
vt 0.872202 0.508289
vt 0.896486 0.508289
vt 0.896486 0.486917
vt 0.872202 0.465539
vt 0.896486 0.465539
vt 0.872202 0.444167
vt 0.896486 0.444167
vt 0.872202 0.422789
vt 0.896486 0.422789
vt 0.872202 0.401417
vt 0.896486 0.401417
vt 0.872202 0.380039
vt 0.896485 0.380039
vt 0.872202 0.358667
vt 0.896486 0.358667
vt 0.872202 0.337289
vt 0.896486 0.337289
vt 0.872202 0.315917
vt 0.896486 0.315917
vt 0.872202 0.294539
vt 0.896485 0.294539
vt 0.896484 0.807537
vt 0.872202 0.786165
vt 0.896484 0.786165
vt 0.872202 0.764788
vt 0.896484 0.764788
vt 0.872202 0.743416
vt 0.896484 0.743415
vt 0.872202 0.722038
vt 0.896485 0.722038
vt 0.872202 0.700666
vt 0.896485 0.700666
vt 0.872202 0.679288
vt 0.896485 0.679288
vt 0.872202 0.657916
vt 0.896485 0.657916
vt 0.872202 0.636539
vt 0.896486 0.636538
vt 0.872202 0.615167
vt 0.896486 0.615166
vt 0.896486 0.593789
vt 0.872202 0.572417
vt 0.896486 0.572416
vt 0.872202 0.551039
vt 0.853910 0.529667
vt 0.853910 0.486917
vt 0.872202 0.486917
vt 0.853910 0.465539
vt 0.853910 0.444167
vt 0.853910 0.422789
vt 0.853910 0.380039
vt 0.853910 0.358667
vt 0.853910 0.315917
vt 0.853910 0.294539
vt 0.872201 0.807537
vt 0.853910 0.786165
vt 0.853910 0.764788
vt 0.853910 0.743416
vt 0.853910 0.700666
vt 0.853910 0.679288
vt 0.853910 0.657916
vt 0.853910 0.636539
vt 0.853910 0.615167
vt 0.853910 0.593789
vt 0.872202 0.593789
vt 0.853910 0.551039
vt 0.962099 0.878582
vt 0.962099 0.871234
vt 0.962099 0.885932
vt 0.962099 0.893280
vt 0.962099 0.900630
vt 0.962099 0.907978
vt 0.962099 0.915328
vt 0.962099 0.922676
vt 0.962099 0.930026
vt 0.962099 0.937374
vt 0.962099 0.944724
vt 0.962099 0.952072
vt 0.962099 0.959422
vt 0.962098 0.790396
vt 0.962097 0.783048
vt 0.962098 0.797746
vt 0.962098 0.805094
vt 0.962098 0.812443
vt 0.962098 0.819791
vt 0.962099 0.827141
vt 0.962099 0.834489
vt 0.962099 0.841839
vt 0.962099 0.849187
vt 0.962099 0.856537
vt 0.962099 0.863885
vt 0.407101 0.051998
vt 0.414350 0.064682
vt 0.398544 0.063852
vt 0.394645 0.049771
vt 0.383416 0.059133
vt 0.383126 0.044520
vt 0.369937 0.050799
vt 0.373305 0.036592
vt 0.358969 0.039368
vt 0.365777 0.026447
vt 0.351203 0.025563
vt 0.361056 0.014691
vt 0.347041 0.010259
vt 0.359455 0.001594
vt 0.460545 0.007062
vt 0.474657 0.001642
vt 0.471735 0.017226
vt 0.457232 0.019841
vt 0.465707 0.031903
vt 0.451072 0.031056
vt 0.456359 0.044713
vt 0.442413 0.040309
vt 0.444162 0.054825
vt 0.431733 0.047127
vt 0.429865 0.061611
vt 0.419725 0.051093
vt 0.403529 0.035963
vt 0.395109 0.033432
vt 0.387694 0.028777
vt 0.381541 0.022580
vt 0.377307 0.015033
vt 0.374985 0.006879
vt 0.444898 0.001610
vt 0.443944 0.010089
vt 0.440852 0.018288
vt 0.435647 0.025336
vt 0.428952 0.031021
vt 0.420980 0.034669
vt 0.412337 0.036401
vt 0.410076 0.028269
vt 0.416757 0.027399
vt 0.428363 0.021021
vt 0.435478 0.009760
vt 0.437031 0.002928
vt 0.384194 0.010290
vt 0.391555 0.021310
vt 0.403337 0.027496
vt 0.126639 0.582935
vt 0.133362 0.565782
vt 0.139040 0.572585
vt 0.482702 0.160581
vt 0.766339 0.313950
vt 0.493781 0.164500
vt 0.512036 0.188864
vt 0.494415 0.189314
vt 0.144718 0.579388
vt 0.131185 0.590683
vt 0.500410 0.153323
vt 0.489167 0.166245
vt 0.956589 0.604919
vt 0.980952 0.623174
vt 0.955550 0.622015
vt 0.955056 0.639463
vt 0.980477 0.640054
vt 0.954788 0.652657
vt 0.980212 0.653100
vt 0.954596 0.665852
vt 0.979909 0.679195
vt 0.954481 0.679048
vt 0.568057 0.187821
vt 0.567910 0.162393
vt 0.554714 0.162508
vt 0.555009 0.187934
vt 0.541519 0.162699
vt 0.541962 0.188124
vt 0.528326 0.162967
vt 0.510877 0.163461
vt 0.257932 0.630490
vt 0.249141 0.656430
vt 0.248256 0.630796
vt 0.267610 0.630239
vt 0.258670 0.656128
vt 0.277289 0.630044
vt 0.268200 0.655881
vt 0.286969 0.629905
vt 0.277732 0.655690
vt 0.296650 0.629821
vt 0.287264 0.655552
vt 0.296798 0.655470
vt 0.692228 0.490490
vt 0.692311 0.480809
vt 0.717877 0.490637
vt 0.718096 0.471571
vt 0.717959 0.481104
vt 0.692645 0.461449
vt 0.692450 0.471129
vt 0.692896 0.451771
vt 0.718288 0.462040
vt 0.693202 0.442095
vt 0.718535 0.452509
vt 0.155082 0.571508
vt 0.158888 0.588573
vt 0.478239 0.127282
vt 0.495280 0.131609
vt 0.163526 0.575932
vt 0.171620 0.591431
vt 0.489080 0.113441
vt 0.475644 0.114343
vt 0.172829 0.578020
vt 0.184658 0.590896
vt 0.476486 0.101174
vt 0.182354 0.577629
vt 0.197113 0.587005
vt 0.480708 0.088671
vt 0.489698 0.103780
vt 0.191454 0.574787
vt 0.135237 0.512870
vt 0.546734 0.141760
vt 0.554233 0.152945
vt 0.141822 0.529067
vt 0.129182 0.524429
vt 0.538058 0.146055
vt 0.542407 0.158800
vt 0.139734 0.538369
vt 0.126324 0.537161
vt 0.528566 0.147959
vt 0.529468 0.161395
vt 0.126859 0.550198
vt 0.518905 0.147341
vt 0.516298 0.160553
vt 0.142968 0.556995
vt 0.509732 0.144244
vt 0.148070 0.565049
vt 0.906236 0.398677
vt 0.899357 0.419502
vt 0.899357 0.398677
vt 0.906236 0.419502
vt 0.899357 0.440333
vt 0.906236 0.440333
vt 0.899357 0.461158
vt 0.906236 0.481988
vt 0.906236 0.461158
vt 0.906236 0.502813
vt 0.899357 0.481988
vt 0.906236 0.523643
vt 0.899357 0.502813
vt 0.899357 0.544468
vt 0.899357 0.523643
vt 0.906236 0.544468
vt 0.899357 0.565299
vt 0.906236 0.586124
vt 0.906236 0.565299
vt 0.899357 0.606954
vt 0.899357 0.586124
vt 0.906236 0.627780
vt 0.906236 0.606954
vt 0.899357 0.648610
vt 0.899357 0.627780
vt 0.906236 0.377847
vt 0.899357 0.357022
vt 0.906236 0.357022
vt 0.899357 0.336191
vt 0.906236 0.336191
vt 0.906235 0.648610
vt 0.899357 0.669435
vt 0.906235 0.669435
vt 0.899357 0.690266
vt 0.906235 0.690266
vt 0.899357 0.711091
vt 0.906235 0.731922
vt 0.906235 0.711091
vt 0.899357 0.752747
vt 0.899357 0.731922
vt 0.906235 0.773578
vt 0.906235 0.752747
vt 0.906235 0.794403
vt 0.899357 0.773578
vt 0.906236 0.294536
vt 0.899357 0.315366
vt 0.899356 0.294536
vt 0.906236 0.315366
vt 0.899357 0.377847
vt 0.842936 0.134028
vt 0.842936 0.146083
vt 0.842936 0.121976
vt 0.842935 0.109920
vt 0.842935 0.097868
vt 0.842935 0.085813
vt 0.842935 0.073760
vt 0.842935 0.061705
vt 0.842935 0.049653
vt 0.842935 0.037597
vt 0.842934 0.025545
vt 0.842934 0.013490
vt 0.842934 0.001438
vt 0.842936 0.278673
vt 0.842936 0.290728
vt 0.842936 0.266620
vt 0.842936 0.254565
vt 0.842936 0.242513
vt 0.842936 0.230458
vt 0.842936 0.218405
vt 0.842936 0.206350
vt 0.842936 0.194298
vt 0.842936 0.182243
vt 0.842936 0.170191
vt 0.842936 0.158135
vt 0.223084 0.662355
vt 0.235985 0.662355
vt 0.248884 0.662355
vt 0.261786 0.662355
vt 0.274684 0.662355
vt 0.287586 0.662355
vt 0.300484 0.662355
vt 0.313385 0.662355
vt 0.326283 0.662355
vt 0.339185 0.662355
vt 0.352083 0.662355
vt 0.364984 0.662355
vt 0.377882 0.662355
vt 0.068283 0.662355
vt 0.081185 0.662355
vt 0.094083 0.662355
vt 0.106985 0.662355
vt 0.119883 0.662355
vt 0.132785 0.662355
vt 0.145683 0.662355
vt 0.158585 0.662355
vt 0.171483 0.662355
vt 0.184385 0.662355
vt 0.197284 0.662355
vt 0.210185 0.662355
vt 0.987174 0.267934
vt 0.994138 0.286970
vt 0.987174 0.286970
vt 0.987174 0.401181
vt 0.994138 0.420217
vt 0.987174 0.420217
vt 0.987174 0.077582
vt 0.994138 0.096617
vt 0.987174 0.096617
vt 0.987174 0.248899
vt 0.994138 0.267934
vt 0.987174 0.210829
vt 0.994138 0.229864
vt 0.987174 0.229864
vt 0.987174 0.382146
vt 0.994138 0.401181
vt 0.987174 0.058547
vt 0.994138 0.077582
vt 0.994138 0.248899
vt 0.987174 0.191793
vt 0.994138 0.210829
vt 0.987174 0.363111
vt 0.994138 0.382146
vt 0.987174 0.039511
vt 0.994138 0.058547
vt 0.987174 0.172758
vt 0.994138 0.191793
vt 0.987174 0.344076
vt 0.994138 0.363111
vt 0.987174 0.020476
vt 0.994138 0.039511
vt 0.987174 0.153723
vt 0.994138 0.172758
vt 0.987174 0.325040
vt 0.994138 0.344076
vt 0.987174 0.001441
vt 0.994138 0.020476
vt 0.987174 0.134688
vt 0.994138 0.153723
vt 0.987174 0.306005
vt 0.994138 0.325040
vt 0.987174 0.439252
vt 0.994138 0.458287
vt 0.987174 0.458287
vt 0.987174 0.115652
vt 0.994138 0.134688
vt 0.994138 0.306005
vt 0.994138 0.439252
vt 0.994138 0.115652
vt 0.903789 0.854254
vt 0.836422 0.882158
vt 0.894271 0.837769
vt 0.769055 0.854254
vt 0.764128 0.872640
vt 0.826904 0.954452
vt 0.845940 0.954452
vt 0.908716 0.872641
vt 0.778573 0.837769
vt 0.808518 0.949525
vt 0.908716 0.891676
vt 0.792033 0.824309
vt 0.792033 0.940008
vt 0.903789 0.910063
vt 0.808518 0.814791
vt 0.778573 0.926548
vt 0.894271 0.926548
vt 0.826904 0.809865
vt 0.864326 0.814791
vt 0.845940 0.809865
vt 0.769055 0.910063
vt 0.880811 0.940008
vt 0.880811 0.824309
vt 0.764128 0.891676
vt 0.864326 0.949525
vt 0.743924 0.097083
vt 0.717266 0.093554
vt 0.717263 0.100577
vt 0.743922 0.097082
vt 0.719087 0.086772
vt 0.743927 0.097079
vt 0.722602 0.080691
vt 0.743930 0.097071
vt 0.727569 0.075726
vt 0.743931 0.097065
vt 0.733652 0.072216
vt 0.743929 0.097060
vt 0.740435 0.070400
vt 0.743929 0.097058
vt 0.747457 0.070403
vt 0.743932 0.097062
vt 0.754240 0.072223
vt 0.743937 0.097063
vt 0.760321 0.075736
vt 0.743941 0.097063
vt 0.765286 0.080704
vt 0.743944 0.097061
vt 0.768795 0.086787
vt 0.743944 0.097064
vt 0.770610 0.093571
vt 0.743946 0.097067
vt 0.770608 0.100595
vt 0.743950 0.097067
vt 0.768787 0.107377
vt 0.743947 0.097070
vt 0.765272 0.113458
vt 0.743946 0.097072
vt 0.760303 0.118423
vt 0.743945 0.097074
vt 0.754218 0.121932
vt 0.743938 0.097071
vt 0.747431 0.123747
vt 0.743933 0.097087
vt 0.740408 0.123745
vt 0.743932 0.097094
vt 0.733627 0.121925
vt 0.743931 0.097096
vt 0.727549 0.118412
vt 0.743930 0.097091
vt 0.722586 0.113444
vt 0.743928 0.097091
vt 0.719078 0.107361
vt 0.743930 0.097086
vt 0.947742 0.041357
vt 0.959239 0.001919
vt 0.949383 0.001496
vt 0.956102 0.081577
vt 0.957599 0.041745
vt 0.944887 0.121096
vt 0.946243 0.081224
vt 0.953535 0.161255
vt 0.954747 0.121414
vt 0.942604 0.200853
vt 0.943674 0.160972
vt 0.941676 0.240737
vt 0.952466 0.201100
vt 0.940891 0.280624
vt 0.951539 0.240949
vt 0.940249 0.320514
vt 0.950754 0.280801
vt 0.939749 0.360406
vt 0.950113 0.320656
vt 0.939392 0.400300
vt 0.949613 0.360512
vt 0.939178 0.440194
vt 0.949257 0.400370
vt 0.948972 0.480089
vt 0.949043 0.440229
vt 0.939178 0.519984
vt 0.939106 0.480089
vt 0.939392 0.559878
vt 0.949043 0.519949
vt 0.949613 0.599666
vt 0.949257 0.559808
vt 0.940249 0.639664
vt 0.939749 0.599772
vt 0.940891 0.679553
vt 0.950113 0.639522
vt 0.941676 0.719441
vt 0.950754 0.679377
vt 0.942604 0.759325
vt 0.951539 0.719229
vt 0.943674 0.799206
vt 0.952466 0.759078
vt 0.944888 0.839082
vt 0.953535 0.798923
vt 0.946244 0.878954
vt 0.954747 0.838764
vt 0.947742 0.918821
vt 0.956102 0.878601
vt 0.949383 0.958682
vt 0.957600 0.918433
vt 0.524192 0.760067
vt 0.546920 0.742003
vt 0.524192 0.742003
vt 0.069624 0.760066
vt 0.046895 0.742001
vt 0.046895 0.760065
vt 0.092352 0.760066
vt 0.069624 0.742001
vt 0.115080 0.760066
vt 0.092352 0.742001
vt 0.137809 0.760066
vt 0.115080 0.742001
vt 0.160537 0.760066
vt 0.137809 0.742001
vt 0.183266 0.760066
vt 0.160537 0.742001
vt 0.205994 0.760066
vt 0.183266 0.742001
vt 0.228723 0.760066
vt 0.205994 0.742001
vt 0.251451 0.760066
vt 0.228723 0.742001
vt 0.274180 0.760066
vt 0.251451 0.742002
vt 0.296908 0.760066
vt 0.274180 0.742002
vt 0.319636 0.760066
vt 0.296908 0.742002
vt 0.342365 0.760066
vt 0.319636 0.742002
vt 0.365093 0.742002
vt 0.342365 0.742002
vt 0.387822 0.760066
vt 0.365093 0.760066
vt 0.410550 0.760066
vt 0.387822 0.742002
vt 0.433279 0.760066
vt 0.410550 0.742002
vt 0.456007 0.760066
vt 0.433278 0.742002
vt 0.478735 0.760067
vt 0.456007 0.742002
vt 0.501464 0.760067
vt 0.478735 0.742002
vt 0.501464 0.742002
vt 0.024167 0.760065
vt 0.001438 0.742001
vt 0.001438 0.760065
vt 0.024166 0.846393
vt 0.001438 0.822301
vt 0.001438 0.846393
vt 0.046895 0.846393
vt 0.024167 0.822301
vt 0.069623 0.846393
vt 0.046895 0.822301
vt 0.092352 0.822301
vt 0.069624 0.822301
vt 0.115080 0.846393
vt 0.092352 0.846393
vt 0.137809 0.846393
vt 0.115080 0.822301
vt 0.160537 0.846393
vt 0.137809 0.822301
vt 0.183266 0.846393
vt 0.160537 0.822301
vt 0.205994 0.846393
vt 0.183266 0.822301
vt 0.228723 0.822301
vt 0.205994 0.822301
vt 0.251451 0.846393
vt 0.228723 0.846393
vt 0.274180 0.846393
vt 0.251451 0.822301
vt 0.296908 0.846393
vt 0.274180 0.822301
vt 0.319636 0.846393
vt 0.296908 0.822301
vt 0.342365 0.846393
vt 0.319636 0.822301
vt 0.365093 0.822301
vt 0.342365 0.822301
vt 0.387822 0.846393
vt 0.365093 0.846393
vt 0.410550 0.846393
vt 0.387822 0.822301
vt 0.433279 0.846393
vt 0.410550 0.822301
vt 0.456007 0.846393
vt 0.433279 0.822301
vt 0.478736 0.846393
vt 0.456007 0.822301
vt 0.501464 0.846393
vt 0.478736 0.822301
vt 0.524193 0.846393
vt 0.501464 0.822301
vt 0.024166 0.742001
vt 0.024167 0.742001
vt 0.001438 0.737074
vt 0.046895 0.742001
vt 0.024166 0.737074
vt 0.046895 0.737074
vt 0.092352 0.742001
vt 0.069623 0.737074
vt 0.092352 0.737074
vt 0.137809 0.742001
vt 0.115080 0.737074
vt 0.160537 0.742001
vt 0.137809 0.737074
vt 0.160537 0.737075
vt 0.183266 0.737075
vt 0.205994 0.737075
vt 0.228723 0.737075
vt 0.251451 0.737075
vt 0.296908 0.742002
vt 0.274180 0.737075
vt 0.319636 0.742002
vt 0.296908 0.737075
vt 0.319636 0.737075
vt 0.365093 0.742002
vt 0.342365 0.737075
vt 0.387822 0.742002
vt 0.365093 0.737075
vt 0.410550 0.742002
vt 0.387822 0.737075
vt 0.433279 0.742002
vt 0.410550 0.737075
vt 0.456007 0.742002
vt 0.433279 0.737075
vt 0.478736 0.742002
vt 0.456007 0.737075
vt 0.501464 0.742002
vt 0.478736 0.737075
vt 0.524193 0.742002
vt 0.501464 0.737075
vt 0.546921 0.742002
vt 0.524193 0.737075
vt 0.209776 0.411407
vt 0.218833 0.434739
vt 0.218834 0.411407
vt 0.200718 0.411407
vt 0.209775 0.434739
vt 0.209776 0.411407
vt 0.191660 0.411407
vt 0.200717 0.434739
vt 0.200718 0.411407
vt 0.182602 0.411406
vt 0.191659 0.434739
vt 0.173543 0.411406
vt 0.182601 0.434738
vt 0.164485 0.411406
vt 0.173542 0.434738
vt 0.155427 0.411406
vt 0.164484 0.434738
vt 0.164485 0.411406
vt 0.146369 0.411406
vt 0.155426 0.434738
vt 0.155427 0.411406
vt 0.137311 0.411406
vt 0.146368 0.434738
vt 0.128252 0.411405
vt 0.137309 0.434737
vt 0.119194 0.411405
vt 0.128251 0.434737
vt 0.128252 0.411405
vt 0.110136 0.411405
vt 0.119193 0.434737
vt 0.119194 0.411405
vt 0.110136 0.411405
vt 0.101077 0.434736
vt 0.110135 0.434736
vt 0.092019 0.411404
vt 0.101078 0.411404
vt 0.082960 0.434735
vt 0.092018 0.434735
vt 0.073903 0.411403
vt 0.082961 0.411403
vt 0.064845 0.411403
vt 0.073902 0.434735
vt 0.073903 0.411403
vt 0.055787 0.411403
vt 0.064844 0.434734
vt 0.046728 0.411403
vt 0.055786 0.434734
vt 0.037670 0.411403
vt 0.046727 0.434734
vt 0.046728 0.411403
vt 0.028612 0.411402
vt 0.037669 0.434734
vt 0.019554 0.411402
vt 0.028611 0.434734
vt 0.028612 0.411403
vt 0.010496 0.411402
vt 0.019553 0.434733
vt 0.019554 0.411402
vt 0.001437 0.411401
vt 0.010495 0.434733
vt 0.218832 0.468497
vt 0.209774 0.468497
vt 0.200715 0.468496
vt 0.191657 0.468496
vt 0.182599 0.468496
vt 0.173541 0.468496
vt 0.164483 0.468495
vt 0.155424 0.468495
vt 0.146366 0.468495
vt 0.137308 0.468495
vt 0.128250 0.468494
vt 0.119191 0.468494
vt 0.110133 0.468494
vt 0.101075 0.468493
vt 0.092017 0.468493
vt 0.082959 0.468492
vt 0.073901 0.468492
vt 0.064842 0.468491
vt 0.055784 0.468491
vt 0.037668 0.468491
vt 0.046726 0.468491
vt 0.028609 0.468490
vt 0.019551 0.468490
vt 0.001436 0.434733
vt 0.010493 0.468490
vt 0.218831 0.488273
vt 0.209773 0.488273
vt 0.200715 0.488273
vt 0.191656 0.488273
vt 0.182598 0.488272
vt 0.173540 0.488272
vt 0.164482 0.488272
vt 0.155423 0.488271
vt 0.146365 0.488271
vt 0.137307 0.488271
vt 0.128249 0.488270
vt 0.119191 0.488270
vt 0.101075 0.468493
vt 0.110132 0.488269
vt 0.092017 0.468493
vt 0.101074 0.488269
vt 0.082959 0.468493
vt 0.092016 0.488269
vt 0.073900 0.468492
vt 0.082958 0.488269
vt 0.064842 0.468492
vt 0.073900 0.488268
vt 0.055784 0.468492
vt 0.064841 0.488268
vt 0.046726 0.468491
vt 0.055783 0.488268
vt 0.037667 0.468491
vt 0.046725 0.488268
vt 0.028609 0.468491
vt 0.037666 0.488268
vt 0.019551 0.468491
vt 0.028608 0.488268
vt 0.010493 0.468491
vt 0.019550 0.488268
vt 0.001434 0.468491
vt 0.010492 0.488268
vt 0.703322 0.304454
vt 0.697437 0.296460
vt 0.697437 0.304455
vt 0.709208 0.304454
vt 0.703322 0.296460
vt 0.715093 0.304454
vt 0.709208 0.296460
vt 0.720979 0.304454
vt 0.715093 0.296460
vt 0.726864 0.304454
vt 0.720979 0.296460
vt 0.732750 0.304454
vt 0.726864 0.296460
vt 0.738635 0.304454
vt 0.732750 0.296460
vt 0.744521 0.304454
vt 0.738635 0.296460
vt 0.750407 0.304454
vt 0.744521 0.296460
vt 0.756293 0.304454
vt 0.750407 0.296460
vt 0.762178 0.304454
vt 0.756293 0.296460
vt 0.768064 0.304454
vt 0.762178 0.296460
vt 0.773950 0.304453
vt 0.768064 0.296459
vt 0.779835 0.304453
vt 0.773950 0.296459
vt 0.785721 0.304453
vt 0.779835 0.296459
vt 0.791607 0.304453
vt 0.785721 0.296459
vt 0.797492 0.304453
vt 0.791607 0.296459
vt 0.803378 0.304453
vt 0.797492 0.296458
vt 0.809263 0.304453
vt 0.803378 0.296458
vt 0.815149 0.304453
vt 0.809263 0.296459
vt 0.821034 0.304453
vt 0.815149 0.296459
vt 0.826920 0.304453
vt 0.821034 0.296459
vt 0.832805 0.304453
vt 0.826920 0.296459
vt 0.838691 0.304453
vt 0.832805 0.296459
vt 0.761259 0.922366
vt 0.733668 0.930756
vt 0.761259 0.930756
vt 0.761259 0.913977
vt 0.733668 0.922366
vt 0.761259 0.905587
vt 0.733668 0.913977
vt 0.761259 0.897198
vt 0.733668 0.905587
vt 0.761259 0.888809
vt 0.733668 0.897198
vt 0.761259 0.880419
vt 0.733668 0.888809
vt 0.761259 0.872030
vt 0.733668 0.880419
vt 0.761259 0.863640
vt 0.733668 0.872030
vt 0.761259 0.855251
vt 0.733668 0.863640
vt 0.761259 0.846862
vt 0.733668 0.855251
vt 0.761259 0.838472
vt 0.733668 0.846862
vt 0.761259 0.830083
vt 0.733668 0.838472
vt 0.761259 0.821693
vt 0.733668 0.830083
vt 0.761259 0.813304
vt 0.733668 0.821693
vt 0.761259 0.804914
vt 0.733668 0.813304
vt 0.761259 0.796525
vt 0.733668 0.804914
vt 0.761259 0.788136
vt 0.733668 0.796525
vt 0.761259 0.779746
vt 0.733668 0.788136
vt 0.761259 0.771357
vt 0.733668 0.779746
vt 0.761259 0.762967
vt 0.733668 0.771357
vt 0.761259 0.754578
vt 0.733668 0.762967
vt 0.761259 0.746189
vt 0.733668 0.754578
vt 0.761259 0.737799
vt 0.733668 0.746189
vt 0.761259 0.729410
vt 0.733668 0.737799
vt 0.703014 0.930756
vt 0.703014 0.922366
vt 0.703014 0.913977
vt 0.703014 0.905587
vt 0.703014 0.897198
vt 0.703014 0.888809
vt 0.703014 0.880419
vt 0.703014 0.872030
vt 0.703014 0.863640
vt 0.703014 0.846862
vt 0.703014 0.855251
vt 0.703014 0.838472
vt 0.703014 0.830083
vt 0.703014 0.821693
vt 0.703014 0.813304
vt 0.703014 0.804914
vt 0.703014 0.796525
vt 0.703014 0.788136
vt 0.703014 0.771357
vt 0.703014 0.779746
vt 0.703014 0.762967
vt 0.703014 0.754578
vt 0.703014 0.746189
vt 0.733668 0.729410
vt 0.703014 0.737799
vt 0.619018 0.729410
vt 0.591354 0.737799
vt 0.619018 0.737799
vt 0.619018 0.913977
vt 0.591354 0.905587
vt 0.591354 0.913977
vt 0.619018 0.905587
vt 0.591354 0.897198
vt 0.619018 0.888809
vt 0.619018 0.897198
vt 0.619018 0.880419
vt 0.591354 0.888809
vt 0.591354 0.872030
vt 0.591354 0.880419
vt 0.619018 0.863640
vt 0.619018 0.872030
vt 0.619018 0.855251
vt 0.591354 0.863640
vt 0.619018 0.846862
vt 0.591354 0.855251
vt 0.619018 0.838472
vt 0.591354 0.846862
vt 0.619018 0.830083
vt 0.591354 0.838472
vt 0.619018 0.821693
vt 0.591354 0.830083
vt 0.591354 0.813304
vt 0.591354 0.821693
vt 0.619018 0.804914
vt 0.619018 0.813304
vt 0.591354 0.796525
vt 0.591354 0.804914
vt 0.619018 0.788136
vt 0.619018 0.796525
vt 0.619018 0.779746
vt 0.591354 0.788136
vt 0.619018 0.771357
vt 0.591354 0.779746
vt 0.619018 0.762967
vt 0.591354 0.771357
vt 0.619018 0.754578
vt 0.591354 0.762967
vt 0.591354 0.746189
vt 0.591354 0.754578
vt 0.619018 0.746189
vt 0.619018 0.922366
vt 0.591354 0.930756
vt 0.619018 0.930756
vt 0.673406 0.930756
vt 0.673406 0.922366
vt 0.673406 0.905587
vt 0.673406 0.913977
vt 0.673406 0.897198
vt 0.673406 0.888809
vt 0.673406 0.880419
vt 0.673406 0.863640
vt 0.673406 0.872030
vt 0.673406 0.855251
vt 0.673406 0.846862
vt 0.673406 0.838472
vt 0.673406 0.830083
vt 0.673406 0.821693
vt 0.673406 0.813304
vt 0.673406 0.804914
vt 0.673406 0.796525
vt 0.673406 0.788136
vt 0.673406 0.779746
vt 0.673406 0.762967
vt 0.673406 0.771357
vt 0.673406 0.754578
vt 0.673406 0.746189
vt 0.591354 0.922366
vt 0.575149 0.930756
vt 0.575149 0.922366
vt 0.575149 0.913977
vt 0.575149 0.905587
vt 0.575149 0.897198
vt 0.575149 0.888809
vt 0.575149 0.880419
vt 0.575149 0.872030
vt 0.575149 0.863640
vt 0.575149 0.855251
vt 0.575149 0.846862
vt 0.575149 0.838472
vt 0.575149 0.830083
vt 0.575149 0.821693
vt 0.575149 0.813304
vt 0.575149 0.804914
vt 0.575149 0.796525
vt 0.575149 0.788136
vt 0.575149 0.779746
vt 0.575149 0.771357
vt 0.575149 0.762967
vt 0.575149 0.754578
vt 0.575149 0.746189
vt 0.591354 0.729410
vt 0.575149 0.737799
vt 0.560125 0.930756
vt 0.560125 0.922366
vt 0.560125 0.913977
vt 0.560125 0.905587
vt 0.560125 0.897198
vt 0.560125 0.888809
vt 0.560125 0.880419
vt 0.560125 0.872030
vt 0.560125 0.863640
vt 0.560125 0.855251
vt 0.560125 0.846862
vt 0.560125 0.838472
vt 0.560125 0.830083
vt 0.560125 0.821693
vt 0.560125 0.813304
vt 0.560125 0.804914
vt 0.560125 0.796525
vt 0.560125 0.788136
vt 0.560125 0.779746
vt 0.560125 0.771357
vt 0.560125 0.762967
vt 0.560125 0.754578
vt 0.560125 0.746189
vt 0.575149 0.729410
vt 0.560125 0.737799
vt 0.549799 0.930756
vt 0.549799 0.922366
vt 0.549799 0.913977
vt 0.549799 0.905587
vt 0.549799 0.897198
vt 0.549799 0.888809
vt 0.549799 0.880419
vt 0.549799 0.872030
vt 0.549799 0.863640
vt 0.549799 0.855251
vt 0.549799 0.846862
vt 0.549799 0.838472
vt 0.549799 0.830083
vt 0.549799 0.821693
vt 0.549799 0.813304
vt 0.549799 0.804914
vt 0.549799 0.796525
vt 0.549799 0.788136
vt 0.549799 0.779746
vt 0.549799 0.771357
vt 0.549799 0.762967
vt 0.549799 0.754578
vt 0.549799 0.746189
vt 0.560125 0.729410
vt 0.549799 0.737799
vt 0.589556 0.579324
vt 0.568571 0.576751
vt 0.570161 0.586473
vt 0.587458 0.572391
vt 0.567763 0.567988
vt 0.586062 0.565428
vt 0.567444 0.559968
vt 0.585149 0.558530
vt 0.567361 0.552336
vt 0.584579 0.551708
vt 0.567498 0.545124
vt 0.584236 0.544994
vt 0.567705 0.538127
vt 0.584050 0.538383
vt 0.567918 0.531351
vt 0.584488 0.531752
vt 0.568182 0.524689
vt 0.584412 0.525114
vt 0.568481 0.518208
vt 0.584343 0.518603
vt 0.568700 0.511831
vt 0.584264 0.512203
vt 0.568898 0.505590
vt 0.584169 0.505921
vt 0.569074 0.499468
vt 0.584057 0.499757
vt 0.569230 0.493453
vt 0.583932 0.493711
vt 0.569373 0.487533
vt 0.583800 0.487783
vt 0.569514 0.481695
vt 0.583674 0.481972
vt 0.569667 0.475923
vt 0.583570 0.476277
vt 0.569856 0.470196
vt 0.583511 0.470697
vt 0.570114 0.464483
vt 0.583529 0.465232
vt 0.570393 0.458716
vt 0.584057 0.459837
vt 0.570786 0.452828
vt 0.584727 0.454387
vt 0.571409 0.446767
vt 0.585238 0.448899
vt 0.572280 0.440450
vt 0.586078 0.443528
vt 0.573527 0.433780
vt 0.587552 0.438332
vt 0.575550 0.426575
vt 0.547333 0.577099
vt 0.545794 0.587731
vt 0.548627 0.567775
vt 0.549652 0.559242
vt 0.550640 0.551502
vt 0.551420 0.544120
vt 0.552225 0.537141
vt 0.552850 0.530342
vt 0.553522 0.523777
vt 0.554017 0.517342
vt 0.554559 0.511084
vt 0.555037 0.504939
vt 0.555460 0.498900
vt 0.555834 0.492956
vt 0.556161 0.487094
vt 0.556446 0.481298
vt 0.556691 0.475546
vt 0.556898 0.469810
vt 0.557065 0.464050
vt 0.557189 0.458209
vt 0.557264 0.452209
vt 0.557286 0.445939
vt 0.557239 0.439228
vt 0.557098 0.431766
vt 0.556824 0.422934
vt 0.522619 0.579382
vt 0.526737 0.570826
vt 0.529748 0.562890
vt 0.532054 0.555408
vt 0.533888 0.548290
vt 0.535381 0.541440
vt 0.536618 0.534807
vt 0.537770 0.528316
vt 0.538716 0.521944
vt 0.539581 0.515704
vt 0.540373 0.509589
vt 0.541092 0.503589
vt 0.541739 0.497691
vt 0.542314 0.491887
vt 0.542814 0.486167
vt 0.543237 0.480517
vt 0.543573 0.474921
vt 0.543809 0.469362
vt 0.543926 0.463812
vt 0.543894 0.458238
vt 0.543665 0.452595
vt 0.543170 0.446826
vt 0.542298 0.440854
vt 0.540864 0.434583
vt 0.507528 0.568118
vt 0.511248 0.562368
vt 0.514252 0.556364
vt 0.516717 0.550251
vt 0.518780 0.544116
vt 0.520536 0.538008
vt 0.522052 0.531960
vt 0.522895 0.525756
vt 0.524162 0.519640
vt 0.525316 0.513633
vt 0.526373 0.507728
vt 0.527340 0.501922
vt 0.528222 0.496214
vt 0.529021 0.490599
vt 0.529733 0.485077
vt 0.530353 0.479643
vt 0.530870 0.474294
vt 0.531268 0.469025
vt 0.531522 0.463832
vt 0.531598 0.458712
vt 0.531447 0.453660
vt 0.531003 0.448679
vt 0.530170 0.443782
vt 0.538589 0.427946
vt 0.528822 0.439005
vt 0.824864 0.287822
vt 0.811107 0.292943
vt 0.824865 0.292944
vt 0.824864 0.282700
vt 0.811107 0.287821
vt 0.824864 0.277578
vt 0.811107 0.282700
vt 0.824864 0.272456
vt 0.811107 0.277578
vt 0.824864 0.267334
vt 0.811107 0.272456
vt 0.824864 0.262213
vt 0.811106 0.267334
vt 0.824864 0.257091
vt 0.811106 0.262212
vt 0.824864 0.251969
vt 0.811106 0.257091
vt 0.824863 0.246847
vt 0.811106 0.251969
vt 0.824863 0.241725
vt 0.811106 0.246847
vt 0.824863 0.236604
vt 0.811106 0.241725
vt 0.824863 0.231482
vt 0.811106 0.236603
vt 0.824863 0.226360
vt 0.811106 0.231482
vt 0.811106 0.221238
vt 0.811106 0.226360
vt 0.824863 0.216117
vt 0.824863 0.221238
vt 0.824863 0.210995
vt 0.811106 0.216116
vt 0.824864 0.205873
vt 0.811106 0.210995
vt 0.824864 0.200752
vt 0.811106 0.205873
vt 0.824864 0.195630
vt 0.811106 0.200752
vt 0.824864 0.190509
vt 0.811107 0.195630
vt 0.824864 0.185387
vt 0.811107 0.190509
vt 0.824865 0.180265
vt 0.811107 0.185387
vt 0.824865 0.175144
vt 0.811108 0.180265
vt 0.824865 0.170022
vt 0.811108 0.175144
vt 0.477557 0.855119
vt 0.456778 0.850098
vt 0.456778 0.855119
vt 0.477557 0.960559
vt 0.456779 0.955538
vt 0.456779 0.960559
vt 0.477557 0.955538
vt 0.456779 0.950517
vt 0.477557 0.950517
vt 0.456778 0.945495
vt 0.456779 0.950517
vt 0.477557 0.945495
vt 0.456778 0.940474
vt 0.477556 0.935453
vt 0.477557 0.940474
vt 0.477556 0.935453
vt 0.456778 0.930432
vt 0.456778 0.935454
vt 0.477556 0.930432
vt 0.456778 0.925411
vt 0.477556 0.925411
vt 0.456778 0.920391
vt 0.456778 0.925411
vt 0.477556 0.920391
vt 0.456778 0.915370
vt 0.477556 0.915370
vt 0.456778 0.910349
vt 0.456778 0.915370
vt 0.477556 0.905328
vt 0.456778 0.910349
vt 0.477556 0.910349
vt 0.477556 0.905328
vt 0.456778 0.900307
vt 0.456778 0.905328
vt 0.477556 0.900307
vt 0.456778 0.895286
vt 0.477556 0.890265
vt 0.477556 0.895286
vt 0.477557 0.885244
vt 0.456778 0.890265
vt 0.456778 0.880223
vt 0.456778 0.885244
vt 0.477557 0.880223
vt 0.456778 0.875202
vt 0.477557 0.875202
vt 0.456778 0.870181
vt 0.477557 0.870181
vt 0.456778 0.865160
vt 0.477557 0.865160
vt 0.456778 0.860139
vt 0.477557 0.860139
vt 0.742058 0.397986
vt 0.725070 0.404799
vt 0.742059 0.404799
vt 0.477558 0.970601
vt 0.456779 0.965580
vt 0.456779 0.970601
vt 0.828270 0.554697
vt 0.814566 0.561510
vt 0.828270 0.561510
vt 0.828270 0.547883
vt 0.814566 0.554697
vt 0.828270 0.541070
vt 0.814566 0.547883
vt 0.828270 0.534257
vt 0.814566 0.541070
vt 0.828270 0.527443
vt 0.814566 0.534257
vt 0.828270 0.520630
vt 0.814566 0.527443
vt 0.828271 0.513816
vt 0.814566 0.520630
vt 0.828271 0.507003
vt 0.814566 0.513816
vt 0.828271 0.500189
vt 0.814566 0.507003
vt 0.828271 0.493376
vt 0.814566 0.500189
vt 0.828271 0.486563
vt 0.814566 0.493376
vt 0.828271 0.479749
vt 0.814566 0.486563
vt 0.828271 0.472936
vt 0.814566 0.479749
vt 0.828271 0.466122
vt 0.814566 0.472936
vt 0.828271 0.459309
vt 0.814566 0.466122
vt 0.828271 0.452495
vt 0.814566 0.459309
vt 0.828271 0.445681
vt 0.814566 0.452495
vt 0.828270 0.438868
vt 0.814565 0.445681
vt 0.828270 0.432054
vt 0.814565 0.438868
vt 0.828270 0.425240
vt 0.814565 0.432054
vt 0.828270 0.418427
vt 0.814565 0.425240
vt 0.828270 0.411613
vt 0.814565 0.418427
vt 0.828270 0.404799
vt 0.814565 0.411613
vt 0.828270 0.397986
vt 0.814564 0.404799
vt 0.798359 0.554697
vt 0.798359 0.561510
vt 0.798359 0.547883
vt 0.798359 0.554697
vt 0.798358 0.541070
vt 0.798358 0.534257
vt 0.798358 0.527443
vt 0.798358 0.520630
vt 0.798358 0.527443
vt 0.798358 0.513816
vt 0.798358 0.507003
vt 0.798358 0.513816
vt 0.798358 0.500189
vt 0.798357 0.493376
vt 0.798357 0.486563
vt 0.798357 0.479749
vt 0.798357 0.486563
vt 0.798357 0.472936
vt 0.798357 0.466122
vt 0.814566 0.466122
vt 0.798357 0.459309
vt 0.814566 0.459309
vt 0.798357 0.452495
vt 0.814566 0.452495
vt 0.798357 0.445682
vt 0.814566 0.445682
vt 0.798357 0.438868
vt 0.814566 0.438868
vt 0.798357 0.432055
vt 0.814566 0.432055
vt 0.798357 0.425241
vt 0.814566 0.425241
vt 0.798357 0.418428
vt 0.814566 0.418428
vt 0.798357 0.411614
vt 0.814567 0.411614
vt 0.798357 0.404801
vt 0.814567 0.404801
vt 0.798357 0.397987
vt 0.001441 0.722753
vt 0.016852 0.732792
vt 0.016851 0.722753
vt 0.781372 0.561510
vt 0.781372 0.554696
vt 0.781372 0.547883
vt 0.781371 0.541070
vt 0.781371 0.534256
vt 0.781371 0.527443
vt 0.781371 0.520630
vt 0.781370 0.513816
vt 0.781370 0.507003
vt 0.781370 0.500189
vt 0.781369 0.493376
vt 0.781370 0.486563
vt 0.781370 0.479749
vt 0.798357 0.466122
vt 0.781370 0.472936
vt 0.798357 0.459308
vt 0.781370 0.466122
vt 0.798357 0.452495
vt 0.781369 0.459309
vt 0.798357 0.445681
vt 0.781369 0.452495
vt 0.798357 0.438868
vt 0.781369 0.445681
vt 0.798357 0.432054
vt 0.781369 0.438868
vt 0.798356 0.425241
vt 0.781368 0.432054
vt 0.798356 0.418427
vt 0.781368 0.425241
vt 0.798355 0.397987
vt 0.781367 0.404800
vt 0.798356 0.404800
vt 0.798356 0.411614
vt 0.781368 0.418427
vt 0.303112 0.312969
vt 0.273255 0.305913
vt 0.273259 0.316910
vt 0.303111 0.309833
vt 0.276098 0.295290
vt 0.303921 0.306803
vt 0.281593 0.285764
vt 0.305488 0.304087
vt 0.289366 0.277986
vt 0.307705 0.301868
vt 0.298888 0.272484
vt 0.310421 0.300299
vt 0.309509 0.269634
vt 0.313450 0.299487
vt 0.320506 0.269630
vt 0.316586 0.299486
vt 0.331129 0.272473
vt 0.319616 0.300296
vt 0.340654 0.277968
vt 0.322332 0.301863
vt 0.348433 0.285741
vt 0.324550 0.304080
vt 0.353935 0.295263
vt 0.326119 0.306796
vt 0.356785 0.305884
vt 0.326932 0.309825
vt 0.356789 0.316881
vt 0.326933 0.312961
vt 0.353946 0.327504
vt 0.326122 0.315991
vt 0.348451 0.337029
vt 0.324555 0.318707
vt 0.340678 0.344808
vt 0.322339 0.320925
vt 0.331156 0.350310
vt 0.319623 0.322494
vt 0.320535 0.353160
vt 0.316594 0.323307
vt 0.309538 0.353164
vt 0.313458 0.323308
vt 0.298915 0.350321
vt 0.310428 0.322498
vt 0.289389 0.344826
vt 0.307712 0.320930
vt 0.281611 0.337053
vt 0.305493 0.318714
vt 0.276109 0.327531
vt 0.303924 0.315998
vt 0.546084 0.986571
vt 0.528228 0.970783
vt 0.528228 0.986570
vt 0.563941 0.986571
vt 0.546084 0.970783
vt 0.581797 0.986571
vt 0.563941 0.970783
vt 0.599653 0.986571
vt 0.581797 0.970784
vt 0.617510 0.986571
vt 0.599653 0.970784
vt 0.635366 0.970784
vt 0.617510 0.970784
vt 0.653222 0.986572
vt 0.635366 0.986572
vt 0.671079 0.986572
vt 0.653222 0.970784
vt 0.688935 0.986572
vt 0.671079 0.970784
vt 0.706792 0.986572
vt 0.688935 0.970784
vt 0.724648 0.986572
vt 0.706792 0.970784
vt 0.742505 0.986572
vt 0.724648 0.970784
vt 0.760361 0.986572
vt 0.742505 0.970784
vt 0.778218 0.986572
vt 0.760361 0.970784
vt 0.796074 0.986572
vt 0.778218 0.970784
vt 0.813931 0.986572
vt 0.796074 0.970784
vt 0.831787 0.986572
vt 0.813931 0.970784
vt 0.849644 0.986572
vt 0.831787 0.970784
vt 0.867501 0.986571
vt 0.849644 0.970784
vt 0.885357 0.986571
vt 0.867501 0.970784
vt 0.903214 0.986571
vt 0.885357 0.970784
vt 0.921071 0.986571
vt 0.903214 0.970784
vt 0.938927 0.986571
vt 0.921071 0.970783
vt 0.956784 0.986571
vt 0.938927 0.970783
vt 0.001433 0.926838
vt 0.047576 0.915057
vt 0.001433 0.908982
vt 0.006054 0.944086
vt 0.047576 0.920763
vt 0.014983 0.959550
vt 0.049053 0.926276
vt 0.027609 0.972177
vt 0.051906 0.931218
vt 0.043073 0.981105
vt 0.055942 0.935253
vt 0.060321 0.985727
vt 0.060884 0.938107
vt 0.078178 0.985727
vt 0.066396 0.939584
vt 0.095426 0.981105
vt 0.072103 0.939584
vt 0.110890 0.972177
vt 0.077616 0.938107
vt 0.123517 0.959550
vt 0.082558 0.935253
vt 0.132445 0.944086
vt 0.086593 0.931218
vt 0.137067 0.926838
vt 0.089447 0.926276
vt 0.137067 0.908982
vt 0.090924 0.920763
vt 0.132445 0.891733
vt 0.090924 0.915056
vt 0.123517 0.876269
vt 0.089447 0.909544
vt 0.110890 0.863643
vt 0.086593 0.904602
vt 0.095426 0.854715
vt 0.082558 0.900566
vt 0.078178 0.850093
vt 0.077615 0.897713
vt 0.060321 0.850093
vt 0.072103 0.896236
vt 0.043073 0.854715
vt 0.066396 0.896236
vt 0.027609 0.863643
vt 0.060884 0.897713
vt 0.014983 0.876269
vt 0.055942 0.900566
vt 0.006054 0.891734
vt 0.051906 0.904602
vt 0.049053 0.909544
vt 0.522577 0.330979
vt 0.528607 0.323276
vt 0.522577 0.323277
vt 0.528607 0.330979
vt 0.534637 0.323276
vt 0.534637 0.330979
vt 0.540667 0.323276
vt 0.540667 0.330979
vt 0.546697 0.323276
vt 0.540667 0.323276
vt 0.546697 0.330979
vt 0.552727 0.323276
vt 0.546697 0.323276
vt 0.552727 0.330979
vt 0.558757 0.323276
vt 0.558757 0.330979
vt 0.564787 0.323276
vt 0.564787 0.330979
vt 0.570817 0.323276
vt 0.564787 0.323276
vt 0.570817 0.330979
vt 0.576847 0.323276
vt 0.576847 0.330979
vt 0.582877 0.323276
vt 0.576847 0.323276
vt 0.582877 0.330979
vt 0.588907 0.323276
vt 0.588907 0.330979
vt 0.594937 0.323276
vt 0.594937 0.330979
vt 0.600967 0.323276
vt 0.600967 0.330979
vt 0.606998 0.323276
vt 0.606998 0.330979
vt 0.613028 0.323276
vt 0.613028 0.330979
vt 0.619058 0.323276
vt 0.619058 0.330978
vt 0.625088 0.323276
vt 0.625088 0.330978
vt 0.631118 0.323276
vt 0.631118 0.330978
vt 0.637148 0.323276
vt 0.637148 0.330979
vt 0.643178 0.323276
vt 0.643178 0.330979
vt 0.649208 0.323276
vt 0.649208 0.330979
vt 0.655238 0.323276
vt 0.655238 0.330979
vt 0.661268 0.323276
vt 0.661268 0.330979
vt 0.667298 0.323277
vt 0.016850 0.491856
vt 0.032262 0.501895
vt 0.032262 0.491856
vt 0.016850 0.501895
vt 0.032262 0.511934
vt 0.016850 0.511934
vt 0.032262 0.521972
vt 0.016850 0.521972
vt 0.032262 0.532011
vt 0.016850 0.532011
vt 0.032262 0.542050
vt 0.016850 0.542051
vt 0.032262 0.552089
vt 0.016850 0.562128
vt 0.016850 0.552089
vt 0.032262 0.572167
vt 0.032262 0.562128
vt 0.016850 0.572167
vt 0.032262 0.582206
vt 0.016850 0.582206
vt 0.032262 0.592245
vt 0.016850 0.592246
vt 0.032262 0.602284
vt 0.016850 0.602284
vt 0.032262 0.612323
vt 0.016850 0.622363
vt 0.016850 0.612324
vt 0.016850 0.622363
vt 0.032262 0.632402
vt 0.032262 0.622363
vt 0.016850 0.632402
vt 0.032262 0.642440
vt 0.016850 0.642440
vt 0.032262 0.652480
vt 0.016850 0.652480
vt 0.032262 0.662519
vt 0.016851 0.662519
vt 0.032262 0.672558
vt 0.016851 0.672558
vt 0.032262 0.682597
vt 0.016851 0.682597
vt 0.032262 0.692636
vt 0.016851 0.692636
vt 0.032262 0.702675
vt 0.016851 0.702675
vt 0.032262 0.712714
vt 0.016851 0.712714
vt 0.032262 0.722753
vt 0.032262 0.732792
vt 0.047295 0.501895
vt 0.047295 0.491856
vt 0.047295 0.511934
vt 0.047295 0.521972
vt 0.047295 0.532011
vt 0.047295 0.542050
vt 0.047295 0.562128
vt 0.047295 0.552089
vt 0.047295 0.572167
vt 0.047295 0.582206
vt 0.047295 0.592245
vt 0.047295 0.602284
vt 0.047295 0.612323
vt 0.047295 0.632402
vt 0.047295 0.622363
vt 0.047295 0.642440
vt 0.047294 0.652480
vt 0.047294 0.672558
vt 0.047294 0.662519
vt 0.047294 0.682597
vt 0.047294 0.692636
vt 0.047294 0.702675
vt 0.047294 0.712714
vt 0.047294 0.722753
vt 0.047294 0.732792
vt 0.056777 0.491856
vt 0.056777 0.501895
vt 0.056777 0.511934
vt 0.056777 0.521972
vt 0.056777 0.532011
vt 0.056777 0.542050
vt 0.056777 0.552089
vt 0.056777 0.562128
vt 0.056777 0.572167
vt 0.056777 0.582206
vt 0.056777 0.592245
vt 0.047295 0.612324
vt 0.056777 0.602284
vt 0.047295 0.622363
vt 0.056777 0.612324
vt 0.047295 0.632402
vt 0.056777 0.622363
vt 0.047295 0.642441
vt 0.056777 0.632402
vt 0.047295 0.652480
vt 0.056777 0.642441
vt 0.047295 0.662519
vt 0.056777 0.652480
vt 0.047295 0.672558
vt 0.056777 0.662519
vt 0.047295 0.682597
vt 0.056777 0.672558
vt 0.047295 0.692636
vt 0.056777 0.682597
vt 0.047295 0.702675
vt 0.056777 0.692636
vt 0.047294 0.712714
vt 0.056777 0.702675
vt 0.047294 0.722753
vt 0.056777 0.712714
vt 0.047294 0.732792
vt 0.056777 0.722753
vt 0.065413 0.491856
vt 0.065413 0.501894
vt 0.065413 0.511934
vt 0.065413 0.521972
vt 0.065413 0.532011
vt 0.065413 0.542050
vt 0.065413 0.552089
vt 0.065413 0.562128
vt 0.065413 0.572167
vt 0.065413 0.582206
vt 0.065413 0.592245
vt 0.056777 0.612324
vt 0.065413 0.602284
vt 0.056777 0.622363
vt 0.065413 0.612324
vt 0.056777 0.632402
vt 0.065413 0.622363
vt 0.056777 0.642440
vt 0.065413 0.632402
vt 0.056777 0.652479
vt 0.065413 0.642441
vt 0.056777 0.662518
vt 0.065413 0.652480
vt 0.056777 0.672557
vt 0.065413 0.662519
vt 0.056777 0.682596
vt 0.065413 0.672558
vt 0.056778 0.692635
vt 0.065413 0.682597
vt 0.056778 0.702674
vt 0.065413 0.692636
vt 0.056778 0.712713
vt 0.065413 0.702675
vt 0.056777 0.722752
vt 0.065413 0.712714
vt 0.065413 0.732792
vt 0.065413 0.722753
vt 0.733723 0.951146
vt 0.742658 0.967903
vt 0.742658 0.951146
vt 0.724788 0.951146
vt 0.733723 0.967904
vt 0.715854 0.951146
vt 0.724788 0.967904
vt 0.706919 0.951147
vt 0.715854 0.967904
vt 0.697985 0.951147
vt 0.706919 0.967904
vt 0.689050 0.951147
vt 0.697985 0.967904
vt 0.680116 0.967905
vt 0.689050 0.967904
vt 0.671181 0.951147
vt 0.680116 0.951147
vt 0.662246 0.951147
vt 0.671181 0.967904
vt 0.653312 0.951147
vt 0.662246 0.967904
vt 0.644377 0.951147
vt 0.653312 0.967904
vt 0.635443 0.951147
vt 0.644377 0.967904
vt 0.626508 0.951147
vt 0.635443 0.967904
vt 0.617573 0.951147
vt 0.626508 0.967904
vt 0.608639 0.967905
vt 0.617573 0.967905
vt 0.599704 0.951147
vt 0.608639 0.951147
vt 0.590770 0.951147
vt 0.599704 0.967905
vt 0.581835 0.951146
vt 0.590770 0.967905
vt 0.572901 0.951146
vt 0.581835 0.967905
vt 0.563966 0.951146
vt 0.572901 0.967905
vt 0.555032 0.951146
vt 0.563966 0.967905
vt 0.546097 0.951146
vt 0.555032 0.967905
vt 0.537163 0.951146
vt 0.546097 0.967905
vt 0.528229 0.951146
vt 0.537163 0.967905
vt 0.358513 0.947800
vt 0.349167 0.964920
vt 0.358513 0.964919
vt 0.349167 0.947800
vt 0.339821 0.964920
vt 0.339821 0.947801
vt 0.330475 0.964920
vt 0.330475 0.947801
vt 0.321130 0.964920
vt 0.321130 0.947801
vt 0.311784 0.964920
vt 0.311784 0.947801
vt 0.302438 0.964920
vt 0.302438 0.947802
vt 0.293093 0.964921
vt 0.293093 0.947802
vt 0.283747 0.964921
vt 0.283747 0.947802
vt 0.274401 0.964921
vt 0.274401 0.947802
vt 0.265056 0.964921
vt 0.265056 0.947802
vt 0.255710 0.964921
vt 0.255710 0.947802
vt 0.246364 0.964921
vt 0.246364 0.947802
vt 0.237019 0.964921
vt 0.237019 0.947802
vt 0.227673 0.964921
vt 0.227673 0.947802
vt 0.218328 0.964921
vt 0.218328 0.947802
vt 0.208983 0.964921
vt 0.208983 0.947802
vt 0.199637 0.964921
vt 0.199637 0.947802
vt 0.190292 0.964921
vt 0.190292 0.947802
vt 0.180946 0.964921
vt 0.180946 0.947802
vt 0.171601 0.964921
vt 0.171601 0.947802
vt 0.162256 0.964921
vt 0.162256 0.947802
vt 0.152910 0.964921
vt 0.152910 0.947802
vt 0.143565 0.964921
vt 0.143565 0.947802
vt 0.134220 0.964921
vt 0.349167 0.977815
vt 0.358513 0.977815
vt 0.339821 0.977815
vt 0.330475 0.977815
vt 0.321130 0.977816
vt 0.311784 0.977816
vt 0.302438 0.977816
vt 0.293093 0.977816
vt 0.283747 0.977816
vt 0.274401 0.977816
vt 0.265056 0.977816
vt 0.255710 0.977817
vt 0.246364 0.977817
vt 0.237019 0.977817
vt 0.227674 0.977817
vt 0.218328 0.977816
vt 0.208983 0.977816
vt 0.199637 0.977816
vt 0.190292 0.977816
vt 0.180946 0.977816
vt 0.171601 0.977816
vt 0.162256 0.977816
vt 0.152910 0.977816
vt 0.143565 0.977816
vt 0.134220 0.977816
vt 0.528607 0.341220
vt 0.522577 0.341220
vt 0.534637 0.341220
vt 0.540667 0.341220
vt 0.546697 0.341220
vt 0.552727 0.341220
vt 0.558757 0.341220
vt 0.564787 0.341220
vt 0.570817 0.341220
vt 0.576847 0.341220
vt 0.582877 0.341220
vt 0.588907 0.341220
vt 0.594937 0.341220
vt 0.588907 0.330979
vt 0.600967 0.341220
vt 0.594937 0.330978
vt 0.606998 0.341220
vt 0.600967 0.330978
vt 0.613028 0.341219
vt 0.606998 0.330978
vt 0.619058 0.341219
vt 0.613028 0.330977
vt 0.625088 0.341219
vt 0.619058 0.330977
vt 0.631118 0.341218
vt 0.625088 0.330977
vt 0.637148 0.341218
vt 0.631118 0.330976
vt 0.643178 0.341218
vt 0.637148 0.330976
vt 0.649209 0.341217
vt 0.643178 0.330975
vt 0.655239 0.341217
vt 0.649209 0.330975
vt 0.661269 0.341216
vt 0.655239 0.330974
vt 0.667299 0.341216
vt 0.661269 0.330973
vt 0.838375 0.292944
vt 0.838374 0.287822
vt 0.838374 0.282700
vt 0.838374 0.277578
vt 0.838374 0.272456
vt 0.838374 0.267334
vt 0.838374 0.262213
vt 0.838374 0.257091
vt 0.838374 0.251969
vt 0.838374 0.246847
vt 0.838373 0.241725
vt 0.838373 0.236604
vt 0.838373 0.231482
vt 0.824863 0.226360
vt 0.838373 0.226360
vt 0.824863 0.221238
vt 0.838373 0.221238
vt 0.824863 0.216116
vt 0.838373 0.216116
vt 0.824863 0.210995
vt 0.838373 0.210995
vt 0.824863 0.205873
vt 0.838373 0.205873
vt 0.824863 0.200751
vt 0.838373 0.200751
vt 0.824862 0.195629
vt 0.838373 0.195629
vt 0.824862 0.190507
vt 0.838373 0.190507
vt 0.824862 0.185385
vt 0.838373 0.185385
vt 0.824862 0.180263
vt 0.838373 0.180263
vt 0.824861 0.175141
vt 0.838373 0.175141
vt 0.824861 0.170019
vt 0.642824 0.992876
vt 0.651472 0.997477
vt 0.651472 0.992876
vt 0.634177 0.992876
vt 0.642824 0.997477
vt 0.625529 0.992876
vt 0.634177 0.997477
vt 0.616881 0.992876
vt 0.625529 0.997477
vt 0.608233 0.992876
vt 0.616881 0.997477
vt 0.599585 0.992876
vt 0.608233 0.997477
vt 0.590938 0.992876
vt 0.599585 0.997477
vt 0.582290 0.992876
vt 0.590938 0.997477
vt 0.573642 0.992876
vt 0.582290 0.997477
vt 0.564994 0.992876
vt 0.573642 0.997477
vt 0.556347 0.992876
vt 0.564994 0.997477
vt 0.547699 0.992876
vt 0.556347 0.997477
vt 0.539051 0.992876
vt 0.547699 0.997477
vt 0.530403 0.992876
vt 0.539051 0.997477
vt 0.521756 0.992876
vt 0.530403 0.997477
vt 0.513108 0.992876
vt 0.521756 0.997477
vt 0.504460 0.992876
vt 0.513108 0.997477
vt 0.495812 0.992876
vt 0.504460 0.997477
vt 0.487164 0.992876
vt 0.495812 0.997477
vt 0.478517 0.992876
vt 0.487164 0.997477
vt 0.469869 0.992876
vt 0.478517 0.997477
vt 0.461221 0.992876
vt 0.469869 0.997477
vt 0.660120 0.992876
vt 0.668767 0.997477
vt 0.668768 0.992876
vt 0.660120 0.997477
vt 0.503858 0.001440
vt 0.495071 0.006093
vt 0.503858 0.006092
vt 0.495071 0.001441
vt 0.486285 0.006093
vt 0.486285 0.001441
vt 0.477498 0.006093
vt 0.688377 0.001438
vt 0.679590 0.006090
vt 0.688377 0.006090
vt 0.679590 0.001438
vt 0.670804 0.006090
vt 0.670804 0.001438
vt 0.662017 0.006090
vt 0.662017 0.001438
vt 0.653230 0.006090
vt 0.653230 0.001438
vt 0.644444 0.006091
vt 0.644444 0.001438
vt 0.635657 0.006091
vt 0.635657 0.001438
vt 0.626871 0.006091
vt 0.626871 0.001438
vt 0.618084 0.006091
vt 0.618084 0.001438
vt 0.609297 0.006091
vt 0.609297 0.001439
vt 0.600511 0.006091
vt 0.600511 0.001439
vt 0.591724 0.006091
vt 0.591724 0.001439
vt 0.582937 0.006091
vt 0.582937 0.001439
vt 0.574151 0.006091
vt 0.574151 0.001439
vt 0.565364 0.006091
vt 0.565364 0.001439
vt 0.556578 0.006091
vt 0.556578 0.001439
vt 0.547791 0.006092
vt 0.547791 0.001439
vt 0.539005 0.006092
vt 0.539005 0.001440
vt 0.530218 0.006092
vt 0.530218 0.001440
vt 0.521431 0.006092
vt 0.521431 0.001440
vt 0.512645 0.006092
vt 0.512645 0.001440
vt 0.078288 0.722544
vt 0.068349 0.714087
vt 0.068288 0.722474
vt 0.088289 0.722609
vt 0.078345 0.714158
vt 0.098290 0.722667
vt 0.088341 0.714222
vt 0.108291 0.722719
vt 0.098336 0.714281
vt 0.118292 0.722766
vt 0.108332 0.714333
vt 0.128293 0.722806
vt 0.118328 0.714379
vt 0.138294 0.722839
vt 0.128324 0.714419
vt 0.148295 0.722867
vt 0.138319 0.714453
vt 0.158296 0.722889
vt 0.148315 0.714480
vt 0.168297 0.722904
vt 0.158311 0.714502
vt 0.178298 0.722913
vt 0.168307 0.714517
vt 0.188299 0.722916
vt 0.178303 0.714527
vt 0.198300 0.722913
vt 0.188299 0.714530
vt 0.208291 0.714517
vt 0.198295 0.714527
vt 0.218302 0.722889
vt 0.208301 0.722904
vt 0.228303 0.722867
vt 0.218286 0.714502
vt 0.238304 0.722839
vt 0.228282 0.714480
vt 0.248305 0.722806
vt 0.238278 0.714453
vt 0.258306 0.722766
vt 0.248274 0.714419
vt 0.268307 0.722719
vt 0.258270 0.714379
vt 0.278308 0.722667
vt 0.268265 0.714333
vt 0.288308 0.722609
vt 0.278261 0.714281
vt 0.298309 0.722544
vt 0.288257 0.714223
vt 0.308310 0.722474
vt 0.298252 0.714158
vt 0.850425 0.554697
vt 0.850424 0.561510
vt 0.850425 0.547883
vt 0.850425 0.541070
vt 0.850426 0.534257
vt 0.850426 0.527443
vt 0.850426 0.520630
vt 0.850427 0.513816
vt 0.850427 0.507003
vt 0.850427 0.500189
vt 0.850427 0.493376
vt 0.850428 0.486563
vt 0.850427 0.479749
vt 0.850427 0.472936
vt 0.850427 0.466122
vt 0.850427 0.459309
vt 0.850427 0.452495
vt 0.850427 0.445681
vt 0.850427 0.438868
vt 0.850427 0.432054
vt 0.850427 0.425240
vt 0.850427 0.418427
vt 0.850427 0.411613
vt 0.850427 0.404799
vt 0.850427 0.397986
vt 0.161136 0.325861
vt 0.172466 0.335996
vt 0.170791 0.323274
vt 0.152479 0.330859
vt 0.166047 0.337716
vt 0.145411 0.337927
vt 0.160291 0.341039
vt 0.140413 0.346584
vt 0.155592 0.345739
vt 0.137826 0.356239
vt 0.152268 0.351495
vt 0.137826 0.366235
vt 0.150548 0.357914
vt 0.140413 0.375890
vt 0.150548 0.364560
vt 0.145411 0.384547
vt 0.152269 0.370980
vt 0.152479 0.391615
vt 0.155592 0.376735
vt 0.161136 0.396613
vt 0.160291 0.381435
vt 0.170791 0.399200
vt 0.166047 0.384758
vt 0.180787 0.399200
vt 0.172466 0.386478
vt 0.190442 0.396613
vt 0.179112 0.386478
vt 0.199099 0.391615
vt 0.185531 0.384758
vt 0.206167 0.384547
vt 0.191287 0.381435
vt 0.211165 0.375890
vt 0.195987 0.376735
vt 0.213752 0.366235
vt 0.199310 0.370980
vt 0.213752 0.356239
vt 0.201030 0.364560
vt 0.211165 0.346584
vt 0.201030 0.357914
vt 0.206167 0.337927
vt 0.199310 0.351494
vt 0.199099 0.330859
vt 0.195987 0.345739
vt 0.190442 0.325861
vt 0.191287 0.341039
vt 0.180787 0.323274
vt 0.185531 0.337716
vt 0.179112 0.335996
vt 0.525355 0.965580
vt 0.502541 0.970601
vt 0.525355 0.970601
vt 0.525355 0.960559
vt 0.502541 0.965580
vt 0.525355 0.955538
vt 0.502541 0.960559
vt 0.502541 0.950517
vt 0.502541 0.955538
vt 0.525354 0.945496
vt 0.525354 0.950517
vt 0.525354 0.940474
vt 0.502540 0.945496
vt 0.502540 0.935453
vt 0.502540 0.940474
vt 0.525354 0.930432
vt 0.525354 0.935453
vt 0.502540 0.925411
vt 0.502540 0.930432
vt 0.525353 0.920390
vt 0.525353 0.925411
vt 0.502540 0.915369
vt 0.502540 0.920390
vt 0.525354 0.910349
vt 0.525354 0.915369
vt 0.525354 0.905328
vt 0.502540 0.910349
vt 0.502540 0.900307
vt 0.502540 0.905328
vt 0.525354 0.895286
vt 0.525354 0.900307
vt 0.525354 0.890265
vt 0.502540 0.895286
vt 0.525354 0.885244
vt 0.502540 0.890265
vt 0.525354 0.880223
vt 0.502540 0.885244
vt 0.525354 0.875202
vt 0.502540 0.880223
vt 0.525354 0.870181
vt 0.502540 0.875202
vt 0.525354 0.865160
vt 0.502541 0.870181
vt 0.525354 0.860139
vt 0.502541 0.865160
vt 0.525355 0.855118
vt 0.502541 0.860139
vt 0.477558 0.965580
vt 0.456779 0.965580
vt 0.651472 0.989938
vt 0.642824 0.989939
vt 0.634177 0.989939
vt 0.625529 0.989939
vt 0.616881 0.989939
vt 0.608233 0.989939
vt 0.599586 0.989939
vt 0.590938 0.989939
vt 0.582290 0.989939
vt 0.573642 0.989939
vt 0.564994 0.989939
vt 0.556347 0.989939
vt 0.547699 0.989939
vt 0.539051 0.989938
vt 0.530403 0.989939
vt 0.521756 0.989938
vt 0.513108 0.989938
vt 0.504460 0.989939
vt 0.495812 0.989939
vt 0.487164 0.989939
vt 0.478517 0.989939
vt 0.677415 0.989938
vt 0.677415 0.992876
vt 0.668768 0.989938
vt 0.660120 0.989938
vt 0.525060 0.584845
vt 0.531377 0.591162
vt 0.504225 0.611998
vt 0.472605 0.625095
vt 0.470292 0.616465
vt 0.535845 0.625095
vt 0.531377 0.632833
vt 0.491127 0.580377
vt 0.499757 0.578065
vt 0.499757 0.645930
vt 0.491127 0.643618
vt 0.535845 0.598900
vt 0.470292 0.607530
vt 0.525060 0.639150
vt 0.508692 0.578065
vt 0.483390 0.639151
vt 0.538157 0.607530
vt 0.472605 0.598900
vt 0.517322 0.643618
vt 0.517322 0.580377
vt 0.477072 0.632833
vt 0.538157 0.616465
vt 0.477072 0.591162
vt 0.508692 0.645930
vt 0.483390 0.584845
vt 0.024167 0.822301
vt 0.001438 0.791176
vt 0.001438 0.822300
vt 0.024167 0.791176
vt 0.001438 0.791176
vt 0.046895 0.791176
vt 0.046895 0.822301
vt 0.046895 0.791176
vt 0.069624 0.791176
vt 0.069624 0.822301
vt 0.069624 0.791176
vt 0.092352 0.822301
vt 0.092352 0.791176
vt 0.115081 0.822301
vt 0.092352 0.791176
vt 0.115080 0.791176
vt 0.137809 0.822301
vt 0.115081 0.791176
vt 0.137809 0.791176
vt 0.160538 0.791176
vt 0.160537 0.822301
vt 0.160537 0.791176
vt 0.183266 0.791176
vt 0.183266 0.822301
vt 0.205994 0.791176
vt 0.228723 0.791176
vt 0.228723 0.791176
vt 0.251451 0.791176
vt 0.274180 0.791176
vt 0.296908 0.791176
vt 0.319636 0.791176
vt 0.319636 0.791176
vt 0.342365 0.760066
vt 0.342365 0.791176
vt 0.365093 0.760066
vt 0.365093 0.791176
vt 0.387822 0.791176
vt 0.410550 0.791176
vt 0.410550 0.822301
vt 0.410550 0.760066
vt 0.410550 0.791176
vt 0.433279 0.822301
vt 0.433278 0.791176
vt 0.456007 0.791176
vt 0.456007 0.822301
vt 0.456007 0.760066
vt 0.456007 0.791176
vt 0.478735 0.822301
vt 0.478735 0.791176
vt 0.501464 0.791176
vt 0.501464 0.822301
vt 0.501464 0.760066
vt 0.501464 0.791176
vt 0.524192 0.822302
vt 0.524192 0.791176
vt 0.546921 0.791176
vt 0.546921 0.822302
vt 0.546920 0.760066
vt 0.546920 0.791176
vt 0.546921 0.822301
vt 0.524192 0.822301
vt 0.647878 0.922366
vt 0.647878 0.930756
vt 0.647878 0.913977
vt 0.647878 0.905587
vt 0.647878 0.897198
vt 0.647878 0.888809
vt 0.647878 0.880419
vt 0.647878 0.872030
vt 0.647878 0.863640
vt 0.647878 0.855251
vt 0.647878 0.846862
vt 0.647878 0.838472
vt 0.647878 0.830083
vt 0.647878 0.821693
vt 0.647878 0.813304
vt 0.647878 0.804914
vt 0.647878 0.796525
vt 0.647878 0.788136
vt 0.647878 0.779746
vt 0.647878 0.771357
vt 0.647878 0.762967
vt 0.647878 0.754578
vt 0.647878 0.746189
vt 0.647878 0.737799
vt 0.673406 0.737799
vt 0.647878 0.729410
vt 0.673406 0.729410
vt 0.703014 0.729410
vt 0.477556 0.910349
vt 0.502540 0.895286
vt 0.477557 0.890265
vt 0.502540 0.890265
vt 0.477557 0.885244
vt 0.502540 0.885244
vt 0.477557 0.880223
vt 0.502541 0.880223
vt 0.502541 0.875202
vt 0.477557 0.870182
vt 0.502541 0.870182
vt 0.477557 0.865161
vt 0.502541 0.865161
vt 0.477557 0.860140
vt 0.502542 0.860140
vt 0.477558 0.855120
vt 0.502542 0.855119
vt 0.477558 0.850099
vt 0.502543 0.850099
vt 0.502541 0.850097
vt 0.502541 0.855118
vt 0.725070 0.411613
vt 0.742059 0.411613
vt 0.725070 0.418427
vt 0.742059 0.418427
vt 0.725070 0.425241
vt 0.742059 0.425241
vt 0.725071 0.432054
vt 0.742059 0.432054
vt 0.725071 0.438868
vt 0.742059 0.438868
vt 0.725071 0.445682
vt 0.742059 0.445682
vt 0.725071 0.452495
vt 0.742059 0.452495
vt 0.725071 0.459309
vt 0.742059 0.459309
vt 0.725072 0.466123
vt 0.742059 0.466122
vt 0.725072 0.472936
vt 0.742059 0.472936
vt 0.725072 0.479750
vt 0.742059 0.479750
vt 0.725071 0.486563
vt 0.742059 0.486563
vt 0.742058 0.486562
vt 0.725070 0.493375
vt 0.742058 0.493375
vt 0.725071 0.500188
vt 0.742059 0.500189
vt 0.725072 0.507002
vt 0.742060 0.507003
vt 0.725072 0.513816
vt 0.742060 0.513816
vt 0.742061 0.513817
vt 0.725074 0.520630
vt 0.742062 0.520630
vt 0.725075 0.527443
vt 0.742062 0.527443
vt 0.742061 0.527442
vt 0.725075 0.534256
vt 0.742062 0.534256
vt 0.725075 0.541069
vt 0.742063 0.541069
vt 0.725076 0.547883
vt 0.742063 0.547883
vt 0.725077 0.554696
vt 0.742064 0.554696
vt 0.742065 0.554697
vt 0.725079 0.561511
vt 0.742065 0.561511
vt 0.781371 0.527443
vt 0.781369 0.486562
vt 0.781370 0.466122
vt 0.742059 0.452495
vt 0.781369 0.445681
vt 0.742059 0.445681
vt 0.742058 0.432054
vt 0.781368 0.425240
vt 0.742058 0.425240
vt 0.742058 0.411613
vt 0.781368 0.404800
vt 0.742058 0.404799
vt 0.781369 0.459309
vt 0.742059 0.438868
vt 0.742058 0.418427
vt 0.781368 0.397986
vt 0.742057 0.397986
vt 0.781371 0.513816
vt 0.781369 0.438868
vt 0.781368 0.411613
vt 0.781368 0.411614
vt 0.001441 0.712714
vt 0.016851 0.722753
vt 0.001440 0.702675
vt 0.016851 0.712714
vt 0.001440 0.692636
vt 0.001440 0.682597
vt 0.001440 0.672558
vt 0.001439 0.662518
vt 0.016851 0.672558
vt 0.001439 0.652480
vt 0.016851 0.662519
vt 0.001439 0.642440
vt 0.001439 0.632402
vt 0.016850 0.642440
vt 0.001438 0.622362
vt 0.001438 0.612324
vt 0.001438 0.602284
vt 0.016850 0.612323
vt 0.001438 0.592246
vt 0.016850 0.602285
vt 0.001438 0.582207
vt 0.016850 0.592245
vt 0.001438 0.572167
vt 0.001438 0.562129
vt 0.016850 0.572167
vt 0.001438 0.552089
vt 0.001438 0.542051
vt 0.001438 0.532012
vt 0.001438 0.521972
vt 0.016850 0.532011
vt 0.001438 0.511934
vt 0.001438 0.501895
vt 0.001438 0.491856
vt 0.016850 0.501895
vt 0.528228 0.934389
vt 0.537162 0.951146
vt 0.537162 0.934389
vt 0.546097 0.951146
vt 0.546097 0.934389
vt 0.555031 0.951146
vt 0.555031 0.934389
vt 0.563966 0.951146
vt 0.563966 0.934389
vt 0.572900 0.951147
vt 0.572900 0.934389
vt 0.581835 0.951147
vt 0.581835 0.934389
vt 0.590770 0.951147
vt 0.590770 0.934389
vt 0.599704 0.951147
vt 0.599704 0.934389
vt 0.608639 0.951147
vt 0.608639 0.934389
vt 0.617573 0.951147
vt 0.617573 0.934389
vt 0.626508 0.934389
vt 0.635443 0.934389
vt 0.644377 0.934389
vt 0.653312 0.934389
vt 0.662246 0.934389
vt 0.671181 0.934389
vt 0.680116 0.934389
vt 0.689050 0.934389
vt 0.697985 0.934389
vt 0.706919 0.934389
vt 0.715854 0.934389
vt 0.724788 0.934389
vt 0.733723 0.934389
vt 0.742658 0.934389
vt 0.289054 0.727490
vt 0.275256 0.731428
vt 0.289054 0.731428
vt 0.137276 0.731428
vt 0.123478 0.727490
vt 0.123478 0.731428
vt 0.275256 0.727490
vt 0.261458 0.731428
vt 0.261458 0.727490
vt 0.247660 0.731428
vt 0.247660 0.727490
vt 0.233862 0.731428
vt 0.109680 0.731428
vt 0.233862 0.727490
vt 0.220064 0.731428
vt 0.220064 0.727490
vt 0.206266 0.731428
vt 0.206266 0.727490
vt 0.192468 0.731428
vt 0.192468 0.727490
vt 0.178670 0.731428
vt 0.095882 0.727490
vt 0.095882 0.731428
vt 0.399439 0.727489
vt 0.385641 0.731427
vt 0.399439 0.731427
vt 0.164872 0.727490
vt 0.164872 0.731428
vt 0.082084 0.727490
vt 0.082084 0.731428
vt 0.385641 0.727490
vt 0.371843 0.731427
vt 0.151074 0.727490
vt 0.151074 0.731428
vt 0.371843 0.727490
vt 0.358045 0.731427
vt 0.358045 0.727490
vt 0.344246 0.731427
vt 0.068287 0.727490
vt 0.068287 0.731427
vt 0.330448 0.727490
vt 0.330448 0.731427
vt 0.316650 0.731427
vt 0.316650 0.727490
vt 0.302852 0.731428
vt 0.959205 0.330208
vt 0.954976 0.316410
vt 0.954976 0.330208
vt 0.959205 0.537180
vt 0.954976 0.523382
vt 0.954976 0.537180
vt 0.959204 0.233621
vt 0.954976 0.219823
vt 0.954976 0.233621
vt 0.959205 0.440593
vt 0.954976 0.426795
vt 0.954976 0.440593
vt 0.959205 0.344006
vt 0.954976 0.344006
vt 0.959205 0.550978
vt 0.954976 0.550978
vt 0.959205 0.247419
vt 0.954976 0.247419
vt 0.959205 0.454391
vt 0.954976 0.454391
vt 0.959205 0.357804
vt 0.954976 0.357804
vt 0.959204 0.261217
vt 0.954976 0.261217
vt 0.959204 0.468189
vt 0.954976 0.468189
vt 0.959205 0.371603
vt 0.954976 0.371603
vt 0.959204 0.275016
vt 0.954976 0.275016
vt 0.959205 0.481988
vt 0.954976 0.481988
vt 0.959204 0.385401
vt 0.954976 0.385401
vt 0.959204 0.288814
vt 0.954976 0.288814
vt 0.959204 0.495786
vt 0.954976 0.495786
vt 0.959205 0.399199
vt 0.954976 0.399199
vt 0.959204 0.302612
vt 0.954976 0.302612
vt 0.959205 0.509584
vt 0.954976 0.509584
vt 0.959205 0.412997
vt 0.954976 0.412997
vt 0.959205 0.316410
vt 0.959205 0.523382
vt 0.959205 0.426795
vt 0.289681 0.074232
vt 0.296580 0.126636
vt 0.303479 0.074232
vt 0.348984 0.133535
vt 0.345413 0.146863
vt 0.254647 0.158812
vt 0.247748 0.146863
vt 0.276353 0.077803
vt 0.348984 0.119737
vt 0.264404 0.168569
vt 0.264404 0.084702
vt 0.345413 0.106409
vt 0.276353 0.175468
vt 0.254647 0.094459
vt 0.338514 0.094459
vt 0.289681 0.179039
vt 0.316807 0.175468
vt 0.303479 0.179039
vt 0.247748 0.106409
vt 0.328757 0.084702
vt 0.328757 0.168569
vt 0.244177 0.119737
vt 0.316807 0.077803
vt 0.338514 0.158812
vt 0.244177 0.133535
vt 0.740076 0.195987
vt 0.764795 0.206969
vt 0.756217 0.212989
vt 0.782264 0.267390
vt 0.766572 0.246401
vt 0.777040 0.246107
vt 0.812370 0.216198
vt 0.790810 0.231165
vt 0.790565 0.221135
vt 0.763697 0.180858
vt 0.777065 0.206687
vt 0.766651 0.206255
vt 0.760528 0.267390
vt 0.757356 0.241144
vt 0.730630 0.237532
vt 0.751610 0.222005
vt 0.751953 0.232178
vt 0.811847 0.237858
vt 0.785949 0.240351
vt 0.802780 0.196168
vt 0.785274 0.182674
vt 0.741610 0.256403
vt 0.730264 0.215806
vt 0.800957 0.256483
vt 0.785749 0.212399
vt 0.003952 0.907903
vt 0.137819 0.930707
vt 0.005198 0.937395
vt 0.275268 0.898947
vt 0.276117 0.925640
vt 0.409773 0.895512
vt 0.410736 0.921380
vt 0.530042 0.891193
vt 0.531222 0.915698
vt 0.638349 0.909074
vt 0.720691 0.880758
vt 0.726247 0.901923
vt 0.002322 0.848885
vt 0.135277 0.819295
vt 0.135483 0.847233
vt 0.274373 0.845494
vt 0.274327 0.818746
vt 0.408794 0.843906
vt 0.408722 0.818157
vt 0.528714 0.842291
vt 0.528531 0.817874
vt 0.635518 0.840440
vt 0.635288 0.817583
vt 0.719809 0.837951
vt 0.005590 0.670864
vt 0.137317 0.706305
vt 0.003512 0.700503
vt 0.277116 0.684212
vt 0.276707 0.711077
vt 0.411650 0.689142
vt 0.410881 0.715050
vt 0.532186 0.695585
vt 0.530852 0.720126
vt 0.637902 0.726143
vt 0.639455 0.703240
vt 0.720550 0.730440
vt 0.001596 0.760082
vt 0.136355 0.734601
vt 0.135709 0.762953
vt 0.275473 0.765023
vt 0.276561 0.738052
vt 0.409533 0.766670
vt 0.410332 0.740891
vt 0.529107 0.769041
vt 0.636711 0.749021
vt 0.635893 0.771880
vt 0.718609 0.751755
vt 0.719405 0.773261
vt 0.139173 0.958412
vt 0.006753 0.966866
vt 0.277231 0.952303
vt 0.411974 0.947304
vt 0.532731 0.940251
vt 0.640020 0.931983
vt 0.732937 0.923016
vt 0.002993 0.878395
vt 0.135975 0.875117
vt 0.274677 0.872229
vt 0.409140 0.869689
vt 0.529216 0.866727
vt 0.636101 0.863306
vt 0.719027 0.859410
vt 0.001714 0.730265
vt 0.529836 0.744603
vt 0.001746 0.789794
vt 0.135352 0.791216
vt 0.274670 0.791934
vt 0.408966 0.792420
vt 0.528663 0.793461
vt 0.635419 0.794730
vt 0.720845 0.794844
vt 0.140817 0.986042
vt 0.008662 0.996329
vt 0.278571 0.978938
vt 0.413444 0.973308
vt 0.534571 0.964857
vt 0.642060 0.954908
vt 0.734640 0.944514
vt 0.136754 0.902941
vt 0.637047 0.886183
vt 0.001960 0.819373
vt 0.721013 0.816420
vt 0.007766 0.641366
vt 0.138560 0.678208
vt 0.277936 0.657517
vt 0.412736 0.663154
vt 0.533876 0.670962
vt 0.641388 0.680323
vt 0.726678 0.709418
vt 0.770205 0.230856
vt 0.775680 0.227441
vt 0.774513 0.223044
vt 0.766895 0.227686
vt 0.766812 0.225354
vt 0.772543 0.230791
vt 0.775642 0.225103
vt 0.767865 0.223261
vt 0.772512 0.221790
vt 0.973496 0.043622
vt 0.976599 0.018386
vt 0.978394 0.018764
vt 0.990314 0.044877
vt 0.989105 0.020087
vt 0.990894 0.020002
vt 0.980638 0.044565
vt 0.985553 0.019894
vt 0.983030 0.045046
vt 0.968753 0.042899
vt 0.971088 0.043418
vt 0.975923 0.043605
vt 0.980202 0.019063
vt 0.992714 0.019935
vt 0.992714 0.045095
vt 0.985438 0.045249
vt 0.987329 0.020038
vt 0.978287 0.043893
vt 0.981995 0.019357
vt 0.964324 0.040950
vt 0.973077 0.017424
vt 0.966502 0.042054
vt 0.987868 0.045172
vt 0.983774 0.019674
vt 0.974824 0.017947
vt 0.979227 0.004088
vt 0.980345 0.004957
vt 0.981353 0.005456
vt 0.982248 0.005773
vt 0.989068 0.005402
vt 0.985516 0.006310
vt 0.983065 0.005992
vt 0.990635 0.004045
vt 0.986512 0.006273
vt 0.983850 0.006142
vt 0.978078 0.002534
vt 0.987685 0.006039
vt 0.984646 0.006254
vt 0.984510 0.001643
vt 0.891808 0.001602
vt 0.921310 0.001600
vt 0.906675 0.056768
vt 0.947496 0.097586
vt 0.921504 0.112117
vt 0.961729 0.041906
vt 0.962025 0.071593
vt 0.866258 0.096958
vt 0.851508 0.071407
vt 0.866259 0.016354
vt 0.946862 0.016348
vt 0.891817 0.111822
vt 0.851508 0.041905
vt 0.929091 0.178885
vt 0.935368 0.152549
vt 0.942432 0.160108
vt 0.996413 0.151499
vt 0.974529 0.136207
vt 0.995981 0.128757
vt 0.941061 0.104824
vt 0.957603 0.124225
vt 0.947311 0.125849
vt 0.909983 0.155696
vt 0.934354 0.140292
vt 0.934846 0.150623
vt 0.971002 0.157114
vt 0.974960 0.147231
vt 0.948983 0.187460
vt 0.962779 0.163814
vt 0.971921 0.188217
vt 0.963109 0.101846
vt 0.968382 0.127633
vt 0.921918 0.115788
vt 0.909983 0.134181
vt 0.988257 0.172238
vt 0.951857 0.164412
vt 0.985726 0.108436
vt 0.939212 0.131248
vt 0.003991 0.268200
vt 0.137840 0.290967
vt 0.005243 0.297687
vt 0.275259 0.259181
vt 0.276114 0.285870
vt 0.409748 0.255724
vt 0.410713 0.281588
vt 0.530018 0.251402
vt 0.531192 0.275909
vt 0.638340 0.269349
vt 0.720717 0.241210
vt 0.726225 0.262373
vt 0.002346 0.209194
vt 0.135271 0.179574
vt 0.135484 0.207508
vt 0.274354 0.205736
vt 0.274301 0.178990
vt 0.408763 0.204121
vt 0.408686 0.178373
vt 0.528694 0.202490
vt 0.528506 0.178069
vt 0.635600 0.200653
vt 0.727154 0.176569
vt 0.734223 0.197989
vt 0.005564 0.031201
vt 0.137281 0.066600
vt 0.003495 0.060836
vt 0.277056 0.044472
vt 0.276654 0.071334
vt 0.411578 0.049362
vt 0.410819 0.075268
vt 0.532117 0.055753
vt 0.530803 0.080299
vt 0.639414 0.063267
vt 0.637921 0.086187
vt 0.726639 0.069155
vt 0.727277 0.090645
vt 0.001596 0.120406
vt 0.136327 0.094893
vt 0.135689 0.123241
vt 0.275434 0.125274
vt 0.276516 0.098305
vt 0.409486 0.126887
vt 0.410277 0.101108
vt 0.529064 0.129225
vt 0.636773 0.109095
vt 0.635949 0.131990
vt 0.726132 0.133549
vt 0.139200 0.318667
vt 0.006806 0.327152
vt 0.277233 0.312528
vt 0.411952 0.307509
vt 0.532694 0.300462
vt 0.639981 0.292259
vt 0.732870 0.283464
vt 0.003024 0.238699
vt 0.135983 0.235387
vt 0.274664 0.232467
vt 0.409113 0.229903
vt 0.529196 0.226930
vt 0.636167 0.223551
vt 0.725185 0.219630
vt 0.001706 0.090595
vt 0.529805 0.104783
vt 0.734355 0.112422
vt 0.001754 0.150113
vt 0.135339 0.151499
vt 0.274638 0.152182
vt 0.408925 0.152636
vt 0.528631 0.153651
vt 0.635463 0.154874
vt 0.720944 0.154969
vt 0.140850 0.346292
vt 0.008722 0.356610
vt 0.278578 0.339157
vt 0.413423 0.333508
vt 0.534525 0.325065
vt 0.641993 0.315180
vt 0.734535 0.304951
vt 0.136768 0.263206
vt 0.637069 0.246448
vt 0.001976 0.179687
vt 0.635358 0.177758
vt 0.007731 0.001707
vt 0.138516 0.038507
vt 0.277868 0.017780
vt 0.412655 0.023375
vt 0.533785 0.031129
vt 0.641293 0.040347
vt 0.958992 0.144841
vt 0.957226 0.140669
vt 0.950788 0.141309
vt 0.957916 0.146986
vt 0.953650 0.148646
vt 0.958744 0.142497
vt 0.952718 0.139996
vt 0.951445 0.147773
vt 0.955040 0.139756
vt 0.949728 0.143407
vt 0.575045 0.001816
vt 0.574173 0.017647
vt 0.572543 0.017792
vt 0.559311 0.002002
vt 0.561020 0.017519
vt 0.556912 0.002773
vt 0.567048 0.001926
vt 0.566333 0.017425
vt 0.564394 0.001603
vt 0.577673 0.001603
vt 0.575906 0.017507
vt 0.572383 0.002272
vt 0.570982 0.017878
vt 0.559165 0.018085
vt 0.554391 0.003305
vt 0.564657 0.017219
vt 0.561811 0.001614
vt 0.569727 0.002335
vt 0.569456 0.017844
vt 0.582654 0.002284
vt 0.579620 0.017907
vt 0.577748 0.017543
vt 0.562873 0.017192
vt 0.567920 0.017647
vt 0.580224 0.001699
vt 0.574425 0.028670
vt 0.573208 0.027893
vt 0.572143 0.027477
vt 0.571199 0.027248
vt 0.564485 0.028812
vt 0.567796 0.027217
vt 0.570334 0.027129
vt 0.563175 0.030437
vt 0.566822 0.027454
vt 0.569510 0.027093
vt 0.575776 0.030140
vt 0.565721 0.027922
vt 0.568680 0.027111
vt 0.569530 0.031593
vt 0.832800 0.101816
vt 0.862303 0.101814
vt 0.847667 0.156982
vt 0.888488 0.197800
vt 0.862497 0.212331
vt 0.902721 0.142120
vt 0.903018 0.171808
vt 0.807251 0.197172
vt 0.792500 0.171621
vt 0.807251 0.116569
vt 0.887855 0.116563
vt 0.832810 0.212037
vt 0.792500 0.142119
vt 0.955981 0.148341
vt 0.963471 0.235132
vt 0.937881 0.239054
vt 0.942487 0.229791
vt 0.893691 0.195383
vt 0.917138 0.205665
vt 0.907992 0.210808
vt 0.892056 0.253667
vt 0.903222 0.230428
vt 0.908563 0.239473
vt 0.950753 0.256553
vt 0.927726 0.245131
vt 0.936879 0.240248
vt 0.912340 0.184964
vt 0.927550 0.205387
vt 0.952286 0.195507
vt 0.942149 0.219285
vt 0.936697 0.210338
vt 0.882048 0.234936
vt 0.902922 0.219838
vt 0.931558 0.266148
vt 0.917370 0.244798
vt 0.933740 0.184964
vt 0.963109 0.213806
vt 0.882549 0.213655
vt 0.910113 0.265113
vt 0.727535 0.409967
vt 0.593734 0.386921
vt 0.726344 0.380477
vt 0.456247 0.418418
vt 0.455449 0.391727
vt 0.321751 0.421591
vt 0.320841 0.395725
vt 0.201471 0.425659
vt 0.200350 0.401148
vt 0.093190 0.407477
vt 0.094401 0.430382
vt 0.004705 0.414331
vt 0.729056 0.468977
vt 0.596069 0.498320
vt 0.595914 0.470385
vt 0.457040 0.471866
vt 0.457036 0.498611
vt 0.322627 0.473196
vt 0.322649 0.498945
vt 0.202692 0.474571
vt 0.202826 0.498995
vt 0.095792 0.476180
vt 0.095973 0.499071
vt 0.003506 0.478521
vt 0.725467 0.646964
vt 0.593823 0.611291
vt 0.727598 0.617333
vt 0.453998 0.633126
vt 0.454456 0.606264
vt 0.319483 0.627951
vt 0.320297 0.602046
vt 0.198955 0.621303
vt 0.200322 0.596760
vt 0.093217 0.590640
vt 0.002851 0.607275
vt 0.003169 0.585882
vt 0.729621 0.557767
vt 0.594835 0.582999
vt 0.595533 0.554652
vt 0.455790 0.552326
vt 0.454652 0.579293
vt 0.321739 0.550429
vt 0.320893 0.576207
vt 0.202164 0.547837
vt 0.201372 0.572278
vt 0.095283 0.544846
vt 0.003008 0.564514
vt 0.002744 0.543083
vt 0.592431 0.359218
vt 0.724843 0.351009
vt 0.454386 0.365067
vt 0.319657 0.369801
vt 0.198901 0.376590
vt 0.091614 0.384566
vt 0.003761 0.392825
vt 0.728440 0.439471
vt 0.595474 0.442505
vt 0.456786 0.445133
vt 0.322331 0.447414
vt 0.202242 0.450130
vt 0.095266 0.453283
vt 0.004217 0.457130
vt 0.729449 0.587578
vt 0.094419 0.567737
vt 0.729525 0.528059
vt 0.595942 0.526394
vt 0.456643 0.525419
vt 0.322355 0.524681
vt 0.202649 0.523413
vt 0.095799 0.521958
vt 0.002666 0.521558
vt 0.590839 0.331589
vt 0.722988 0.321547
vt 0.453097 0.338435
vt 0.318240 0.343799
vt 0.197122 0.351985
vt 0.089639 0.361644
vt 0.001743 0.371361
vt 0.594747 0.414684
vt 0.004744 0.435765
vt 0.729365 0.498484
vt 0.002929 0.500007
vt 0.723238 0.676454
vt 0.592529 0.639382
vt 0.453130 0.659817
vt 0.318351 0.653936
vt 0.197234 0.645924
vt 0.091669 0.613557
vt 0.001684 0.628729
vt 0.924072 0.226272
vt 0.920921 0.229364
vt 0.924230 0.235526
vt 0.926469 0.226442
vt 0.929897 0.229513
vt 0.921898 0.227037
vt 0.922155 0.234140
vt 0.930125 0.231976
vt 0.920969 0.231908
vt 0.928685 0.234586
vt 0.546227 0.023995
vt 0.532350 0.016368
vt 0.547090 0.021752
vt 0.548115 0.003989
vt 0.533528 0.005137
vt 0.533358 0.003378
vt 0.548950 0.011919
vt 0.533722 0.010726
vt 0.533761 0.008803
vt 0.544924 0.026057
vt 0.531367 0.018215
vt 0.547559 0.019352
vt 0.533029 0.014467
vt 0.533366 0.001596
vt 0.548468 0.001595
vt 0.548851 0.009239
vt 0.533672 0.006929
vt 0.548056 0.017063
vt 0.533458 0.012622
vt 0.541348 0.029882
vt 0.528985 0.021381
vt 0.543238 0.028008
vt 0.548526 0.006584
vt 0.548699 0.014568
vt 0.530199 0.019889
vt 0.519835 0.014245
vt 0.521101 0.013465
vt 0.521976 0.012630
vt 0.522579 0.011791
vt 0.522206 0.004956
vt 0.523383 0.008388
vt 0.522981 0.010965
vt 0.520893 0.003469
vt 0.523245 0.007379
vt 0.523229 0.010140
vt 0.517941 0.014856
vt 0.522895 0.006246
vt 0.523369 0.009300
vt 0.519136 0.009120
vt 0.778104 0.001604
vt 0.807606 0.001602
vt 0.792970 0.056769
vt 0.833791 0.097587
vt 0.807800 0.112119
vt 0.848024 0.041908
vt 0.848321 0.071595
vt 0.752554 0.096960
vt 0.737803 0.071409
vt 0.752554 0.016356
vt 0.833158 0.016350
vt 0.778113 0.111824
vt 0.737803 0.041907
vt 0.928546 0.227563
vt 0.707642 0.084717
vt 0.292358 0.915283
vt 0.292358 0.084717
vt 0.707642 0.915283
vt 0.254877 0.001447
vt 0.373455 0.056651
vt 0.458722 0.124357
vt 0.133433 0.220369
vt 0.135362 0.380322
vt 0.533655 0.415022
vt 0.628083 0.397479
vt 0.593153 0.414631
vt 0.448909 0.344444
vt 0.628090 0.346011
vt 0.962116 0.603638
vt 0.486770 0.194927
vt 0.139938 0.896072
vt 0.135638 0.892446
vt 0.508336 0.320413
vt 0.003527 0.142231
vt 0.651335 0.163461
vt 0.979871 0.692244
vt 0.306331 0.655443
vt 0.717959 0.519238
vt 0.718836 0.557362
vt 0.199508 0.569685
vt 0.554003 0.135365
vt 0.248926 0.996822
vt 0.191815 0.996822
vt 0.153739 0.996822
vt 0.382193 0.996822
vt 0.058546 0.996824
vt 0.001434 0.996825
vt 0.458345 0.996822
vt 0.486770 0.290756
vt 0.997357 0.918049
vt 0.451285 0.668103
vt 0.336652 0.605628
vt 0.112634 0.576620
vt 0.849737 0.634581
vt 0.112406 0.588077
vt 0.822631 0.703862
vt 0.176216 0.616416
vt 0.697022 0.712492
vt 0.088709 0.262361
vt 0.123756 0.245376
vt 0.183305 0.245294
vt 0.267755 0.316366
vt 0.088436 0.313872
vt 0.700814 0.434276
vt 0.933768 0.771158
vt 0.933767 0.896587
vt 0.933769 0.394883
vt 0.933769 0.470135
vt 0.933768 0.520305
vt 0.987524 0.885932
vt 0.987522 0.783047
vt 0.937848 0.170191
vt 0.937849 0.290727
vt 0.132784 0.709444
vt 0.068283 0.709444
vt 0.364984 0.709445
vt 0.853910 0.508289
vt 0.853910 0.401417
vt 0.853910 0.337289
vt 0.853910 0.807537
vt 0.853910 0.722038
vt 0.853910 0.572417
vt 0.382252 0.003525
vt 0.119830 0.577077
vt 0.476225 0.154931
vt 0.981403 0.605553
vt 0.980023 0.666147
vt 0.528916 0.188389
vt 0.718836 0.442980
vt 0.490984 0.122933
vt 0.492796 0.094608
vt 0.146247 0.520622
vt 0.140125 0.547895
vt 0.899357 0.794403
vt 0.994138 0.001441
vt 0.959239 0.958259
vt 0.546920 0.760067
vt 0.024167 0.737074
vt 0.046895 0.737074
vt 0.069624 0.737074
vt 0.092352 0.737074
vt 0.137809 0.737074
vt 0.160537 0.737074
vt 0.251451 0.737075
vt 0.546921 0.737075
vt 0.082961 0.411403
vt 0.001435 0.468490
vt 0.001433 0.488268
vt 0.838691 0.296459
vt 0.549799 0.729410
vt 0.589508 0.433225
vt 0.526812 0.434479
vt 0.811107 0.282700
vt 0.811107 0.277578
vt 0.811107 0.272456
vt 0.811107 0.267334
vt 0.811106 0.257091
vt 0.811106 0.246847
vt 0.811108 0.170022
vt 0.477557 0.850098
vt 0.456778 0.935453
vt 0.725069 0.397986
vt 0.814564 0.397986
vt 0.814567 0.397987
vt 0.001441 0.732792
vt 0.781372 0.554697
vt 0.781367 0.397987
vt 0.956784 0.970783
vt 0.667298 0.330979
vt 0.056777 0.732792
vt 0.065413 0.501895
vt 0.065413 0.511934
vt 0.065413 0.521972
vt 0.065413 0.552089
vt 0.065413 0.562128
vt 0.065413 0.582207
vt 0.056777 0.732791
vt 0.528229 0.967905
vt 0.134220 0.947802
vt 0.667299 0.330973
vt 0.838373 0.170019
vt 0.461221 0.997477
vt 0.660120 0.997477
vt 0.651472 0.997477
vt 0.477498 0.001441
vt 0.308248 0.714087
vt 0.625529 0.989939
vt 0.616881 0.989939
vt 0.599586 0.989939
vt 0.590938 0.989939
vt 0.582290 0.989939
vt 0.573642 0.989939
vt 0.556347 0.989939
vt 0.547699 0.989939
vt 0.539051 0.989938
vt 0.530403 0.989938
vt 0.521756 0.989939
vt 0.504460 0.989939
vt 0.495812 0.989939
vt 0.469869 0.989939
vt 0.024167 0.791176
vt 0.137809 0.791176
vt 0.387822 0.791176
vt 0.387822 0.760066
vt 0.433278 0.791176
vt 0.433278 0.760066
vt 0.478735 0.791176
vt 0.478735 0.760066
vt 0.524192 0.791176
vt 0.524192 0.760066
vt 0.546921 0.846393
vt 0.477557 0.875203
vt 0.525355 0.850097
vt 0.725070 0.486562
vt 0.725074 0.513817
vt 0.725074 0.527442
vt 0.725078 0.554697
vt 0.781369 0.432054
vt 0.781368 0.418427
vt 0.001441 0.722753
vt 0.001440 0.712714
vt 0.001440 0.672558
vt 0.001439 0.662519
vt 0.001439 0.642440
vt 0.001438 0.622363
vt 0.001438 0.612323
vt 0.001438 0.602285
vt 0.001438 0.592245
vt 0.001438 0.572167
vt 0.001438 0.562128
vt 0.001438 0.542051
vt 0.001438 0.532011
vt 0.001438 0.501895
vt 0.528228 0.951146
vt 0.137276 0.727490
vt 0.109680 0.727490
vt 0.178670 0.727490
vt 0.344246 0.727490
vt 0.302852 0.727490
vt 0.959205 0.219823
vt 0.757654 0.182580
vt 0.140075 0.650405
vt 0.734154 0.688514
vt 0.768129 0.229698
vt 0.774556 0.229521
vt 0.769831 0.221947
vt 0.770165 0.221706
vt 0.971375 0.016789
vt 0.912677 0.164045
vt 0.140023 0.010708
vt 0.734044 0.048236
vt 0.949920 0.145930
vt 0.949857 0.145743
vt 0.585004 0.003382
vt 0.953257 0.253928
vt 0.590963 0.667178
vt 0.089742 0.636474
vt 0.926663 0.235719
vt 0.929154 0.234281
vt 0.527773 0.022789
s 1
usemtl brass_candleholders_02
f 7/1/1 2/2/2 3/3/3
f 6/4/4 1/5/5 2/2/2
f 8/6/6 11/7/7 7/1/1
f 7/1/1 10/8/8 6/4/4
f 6/4/4 9/9/9 5/10/10
f 12/11/11 15/12/12 11/7/7
f 11/7/7 14/13/13 10/8/8
f 10/8/8 13/14/14 9/9/9
f 16/15/15 19/16/16 15/12/12
f 15/12/12 18/17/17 14/13/13
f 14/13/13 17/18/18 13/14/14
f 20/19/19 24/20/20 19/16/16
f 19/16/16 23/21/21 18/17/17
f 18/17/17 22/22/22 17/18/18
f 21/23/23 25/24/24 20/19/19
f 30/25/25 24/20/20 25/24/24
f 29/26/26 23/21/21 24/20/20
f 28/27/27 22/22/22 23/21/21
f 31/28/28 25/24/24 26/29/29
f 35/30/30 29/26/26 30/25/25
f 34/31/31 28/27/27 29/26/26
f 33/32/32 27/33/33 28/27/27
f 36/34/34 30/25/25 31/28/28
f 35/30/30 39/35/35 34/31/31
f 34/31/31 38/36/36 33/32/32
f 33/32/32 37/37/37 32/38/38
f 36/34/34 40/39/39 35/30/30
f 40/39/39 44/40/40 39/35/35
f 39/35/35 43/41/41 38/36/36
f 38/36/36 42/42/42 37/37/37
f 41/43/43 45/44/44 40/39/39
f 45/44/44 49/45/45 44/40/40
f 44/40/40 48/46/46 43/41/41
f 43/41/41 47/47/47 42/42/42
f 46/48/48 50/49/49 45/44/44
f 50/49/49 53/50/50 49/45/45
f 55/51/51 50/49/49 51/52/52
f 57/53/53 53/50/50 54/54/54
f 53/50/50 56/55/55 52/56/56
f 8/6/6 3/3/3 4/57/57
f 58/58/58 54/54/54 55/51/51
f 63/59/59 64/60/60 59/61/61
f 65/62/62 61/63/63 60/64/64
f 21/23/23 67/65/65 63/59/59
f 66/66/66 62/67/67 61/63/63
f 64/60/60 60/64/64 59/61/61
f 66/66/66 8/6/6 4/57/57
f 64/60/60 20/19/19 16/15/15
f 65/62/62 12/11/11 66/66/66
f 68/68/68 72/69/69 69/70/70
f 1/71/5 71/72/71 68/68/68
f 73/73/72 75/74/73 76/75/74
f 72/69/69 74/76/75 75/74/73
f 71/72/71 9/77/9 74/76/75
f 76/75/74 78/78/76 79/79/77
f 75/74/73 77/80/78 78/78/76
f 74/76/75 13/81/14 77/80/78
f 79/79/77 81/82/79 82/83/80
f 78/78/76 80/84/81 81/82/79
f 77/80/78 17/85/18 80/84/81
f 82/83/80 84/86/82 85/87/83
f 81/82/79 83/88/84 84/86/82
f 80/84/81 22/89/22 83/88/84
f 21/90/23 85/87/83 26/91/29
f 84/86/82 88/92/85 85/87/83
f 83/88/84 87/93/86 84/86/82
f 22/89/22 86/94/87 83/88/84
f 85/87/83 31/95/28 26/91/29
f 87/93/86 91/96/88 88/92/85
f 86/94/87 90/97/89 87/93/86
f 27/98/33 89/99/90 86/94/87
f 88/92/85 36/100/34 31/95/28
f 91/96/88 93/101/91 94/102/92
f 90/97/89 92/103/93 93/101/91
f 89/99/90 37/104/37 92/103/93
f 36/100/34 94/102/92 41/105/43
f 94/102/92 96/106/94 97/107/95
f 93/101/91 95/108/96 96/106/94
f 92/103/93 42/109/42 95/108/96
f 41/105/43 97/107/95 46/110/48
f 97/107/95 99/111/97 100/112/98
f 96/106/94 98/113/99 99/111/97
f 95/108/96 47/114/47 98/113/99
f 46/110/48 100/112/98 51/115/52
f 100/112/98 102/116/100 103/117/101
f 100/112/98 55/118/51 51/115/52
f 102/116/100 105/119/102 103/117/101
f 102/116/100 101/120/103 104/121/104
f 69/70/70 73/73/72 70/122/105
f 103/117/101 58/123/58 55/118/51
f 59/124/61 109/125/106 63/126/59
f 61/127/63 107/128/107 60/129/64
f 21/90/23 109/125/106 82/83/80
f 62/130/67 108/131/108 61/127/63
f 59/124/61 107/128/107 106/132/109
f 108/131/108 73/73/72 76/75/74
f 79/79/77 109/125/106 106/132/109
f 76/75/74 107/128/107 108/131/108
f 113/133/110 120/134/111 112/135/112
f 119/136/113 110/137/114 111/138/115
f 112/135/112 119/139/113 111/140/115
f 118/141/116 133/142/117 125/143/118
f 125/143/118 116/144/119 117/145/120
f 115/146/121 122/147/122 114/148/123
f 124/149/124 115/150/121 116/144/119
f 130/151/125 121/152/126 122/147/122
f 129/153/127 120/134/111 121/152/126
f 119/136/113 126/154/128 118/141/116
f 128/155/129 119/139/113 120/134/111
f 134/156/130 133/142/117 126/154/128
f 125/143/118 132/157/131 124/149/124
f 131/158/132 122/147/122 123/159/133
f 124/149/124 131/160/132 123/161/133
f 130/151/125 137/162/134 129/153/127
f 129/153/127 136/163/135 128/155/129
f 135/164/136 126/154/128 127/165/137
f 128/155/129 135/166/136 127/167/137
f 142/168/138 141/169/139 134/156/130
f 141/169/139 132/157/131 133/142/117
f 131/158/132 138/170/140 130/151/125
f 140/171/141 131/160/132 132/157/131
f 138/170/140 145/172/142 137/162/134
f 137/162/134 144/173/143 136/163/135
f 143/174/144 134/156/130 135/164/136
f 136/163/135 143/175/144 135/166/136
f 142/168/138 157/176/145 149/177/146
f 149/177/146 140/171/141 141/169/139
f 139/178/147 146/179/148 138/170/140
f 148/180/149 139/181/147 140/171/141
f 154/182/150 145/172/142 146/179/148
f 153/183/151 144/173/143 145/172/142
f 143/174/144 150/184/152 142/168/138
f 152/185/153 143/175/144 144/173/143
f 150/184/152 165/186/154 157/176/145
f 149/177/146 156/187/155 148/180/149
f 155/188/156 146/179/148 147/189/157
f 148/180/149 155/190/156 147/191/157
f 162/192/158 153/183/151 154/182/150
f 161/193/159 152/185/153 153/183/151
f 151/194/160 158/195/161 150/184/152
f 160/196/162 151/197/160 152/185/153
f 158/195/161 173/198/163 165/186/154
f 157/176/145 164/199/164 156/187/155
f 163/200/165 154/182/150 155/188/156
f 156/187/155 163/201/165 155/190/156
f 170/202/166 161/193/159 162/192/158
f 169/203/167 160/196/162 161/193/159
f 159/204/168 166/205/169 158/195/161
f 168/206/170 159/207/168 160/196/162
f 174/208/171 173/198/163 166/205/169
f 165/186/154 172/209/172 164/199/164
f 171/210/173 162/192/158 163/200/165
f 164/199/164 171/211/173 163/201/165
f 170/202/166 177/212/174 169/203/167
f 169/203/167 176/213/175 168/206/170
f 175/214/176 166/205/169 167/215/177
f 168/206/170 175/216/176 167/217/177
f 182/218/178 181/219/179 174/208/171
f 181/219/179 172/209/172 173/198/163
f 171/210/173 178/220/180 170/202/166
f 180/221/181 171/211/173 172/209/172
f 178/220/180 185/222/182 177/212/174
f 177/212/174 184/223/183 176/213/175
f 183/224/184 174/208/171 175/214/176
f 176/213/175 183/225/184 175/216/176
f 190/226/185 189/227/186 182/218/178
f 189/227/186 180/221/181 181/219/179
f 179/228/187 186/229/188 178/220/180
f 188/230/189 179/231/187 180/221/181
f 186/229/188 193/232/190 185/222/182
f 185/222/182 192/233/191 184/223/183
f 191/234/192 182/218/178 183/224/184
f 184/223/183 191/235/192 183/225/184
f 198/236/193 197/237/194 190/226/185
f 197/237/194 188/230/189 189/227/186
f 187/238/195 194/239/196 186/229/188
f 196/240/197 187/241/195 188/230/189
f 194/239/196 201/242/198 193/232/190
f 193/232/190 200/243/199 192/233/191
f 199/244/200 190/226/185 191/234/192
f 192/233/191 199/245/200 191/235/192
f 198/236/193 213/246/201 205/247/202
f 205/247/202 196/240/197 197/237/194
f 195/248/203 202/249/204 194/239/196
f 204/250/205 195/251/203 196/240/197
f 210/252/206 201/242/198 202/249/204
f 209/253/207 200/243/199 201/242/198
f 199/244/200 206/254/208 198/236/193
f 208/255/209 199/245/200 200/243/199
f 206/254/208 221/256/210 213/246/201
f 205/247/202 212/257/211 204/250/205
f 211/258/212 202/249/204 203/259/213
f 204/250/205 211/260/212 203/261/213
f 218/262/214 209/253/207 210/252/206
f 217/263/215 208/255/209 209/253/207
f 207/264/216 214/265/217 206/254/208
f 216/266/218 207/267/216 208/255/209
f 222/268/219 221/256/210 214/265/217
f 213/246/201 220/269/220 212/257/211
f 219/270/221 210/252/206 211/258/212
f 212/257/211 219/271/221 211/260/212
f 218/262/214 225/272/222 217/263/215
f 217/263/215 224/273/223 216/266/218
f 223/274/224 214/265/217 215/275/225
f 216/266/218 223/276/224 215/277/225
f 230/278/226 229/279/227 222/268/219
f 229/279/227 220/269/220 221/256/210
f 219/270/221 226/280/228 218/262/214
f 228/281/229 219/271/221 220/269/220
f 226/280/228 233/282/230 225/272/222
f 225/272/222 232/283/231 224/273/223
f 231/284/232 222/268/219 223/274/224
f 224/273/223 231/285/232 223/276/224
f 238/286/233 237/287/234 230/278/226
f 237/287/234 228/281/229 229/279/227
f 227/288/235 234/289/236 226/280/228
f 236/290/237 227/291/235 228/281/229
f 234/289/236 241/292/238 233/282/230
f 233/282/230 240/293/239 232/283/231
f 239/294/240 230/278/226 231/284/232
f 232/283/231 239/295/240 231/285/232
f 246/296/241 245/297/242 238/286/233
f 245/297/242 236/290/237 237/287/234
f 235/298/243 242/299/244 234/289/236
f 244/300/245 235/301/243 236/290/237
f 242/299/244 249/302/246 241/292/238
f 241/292/238 248/303/247 240/293/239
f 247/304/248 238/286/233 239/294/240
f 240/293/239 247/305/248 239/295/240
f 48/46/46 253/306/249 246/296/241
f 253/306/249 244/300/245 245/297/242
f 243/307/250 250/308/251 242/299/244
f 252/309/252 243/310/250 244/300/245
f 250/308/251 254/311/253 249/302/246
f 249/302/246 98/113/99 248/303/247
f 47/47/47 246/296/241 247/304/248
f 248/303/247 47/114/47 247/305/248
f 114/148/123 121/152/126 113/133/110
f 258/312/254 252/309/252 253/306/249
f 251/313/255 255/314/256 250/308/251
f 257/315/257 251/316/255 252/309/252
f 260/317/258 259/318/259 282/319/260
f 268/320/261 271/321/262 272/322/263
f 261/323/264 283/324/265 259/318/259
f 266/325/266 270/326/267 267/327/268
f 262/328/269 264/329/270 265/330/271
f 272/331/263 262/328/269 265/330/271
f 261/323/264 263/332/272 264/329/270
f 264/333/270 268/320/261 265/334/271
f 272/322/263 265/334/271 268/320/261
f 263/335/272 267/327/268 264/333/270
f 269/336/273 274/337/274 270/326/267
f 281/338/275 283/324/265 272/331/263
f 267/327/268 271/321/262 268/320/261
f 282/319/260 280/339/276 279/340/277
f 270/326/267 275/341/278 271/321/262
f 271/321/262 275/341/278 272/322/263
f 272/322/263 275/341/278 278/342/279
f 273/343/280 277/344/281 274/337/274
f 274/337/274 278/342/279 275/341/278
f 272/331/263 278/345/279 281/338/275
f 277/346/281 279/340/277 280/339/276
f 278/345/279 280/339/276 281/338/275
f 269/336/273 112/135/112 273/343/280
f 259/318/259 281/338/275 280/339/276
f 262/328/269 272/331/263 283/324/265
f 279/340/277 111/138/115 110/137/114
f 273/343/280 111/140/115 276/347/282
f 266/325/266 113/133/110 269/336/273
f 260/317/258 117/145/120 116/144/119
f 263/335/272 114/148/123 266/325/266
f 263/332/272 116/144/119 115/150/121
f 110/137/114 282/319/260 279/340/277
f 118/141/116 117/145/120 110/137/114
f 99/111/97 98/113/99 102/116/100
f 49/45/45 53/50/50 48/46/46
f 102/116/100 98/113/99 254/311/253
f 258/312/254 48/46/46 53/50/50
f 52/56/56 258/312/254 53/50/50
f 101/120/103 254/311/253 255/314/256
f 52/56/56 290/348/283 392/349/284
f 392/349/284 294/350/285 389/351/286
f 391/352/287 285/353/288 386/354/289
f 387/355/290 291/356/291 382/357/292
f 386/354/289 286/358/293 388/359/294
f 293/360/295 387/355/290 390/361/296
f 294/350/285 390/361/296 389/351/286
f 305/362/297 304/363/298 300/364/299
f 301/365/300 295/366/301 296/367/302
f 303/368/303 297/369/304 298/370/305
f 309/371/306 303/368/303 304/363/298
f 305/362/297 314/372/307 309/371/306
f 306/373/308 300/364/299 301/365/300
f 308/374/309 302/375/310 303/368/303
f 309/371/306 313/376/311 308/374/309
f 315/377/312 314/372/307 310/378/313
f 306/373/308 310/378/313 305/362/297
f 308/374/309 312/379/314 307/380/315
f 319/381/316 313/376/311 314/372/307
f 315/377/312 324/382/317 319/381/316
f 316/383/318 310/378/313 311/384/319
f 318/385/320 312/379/314 313/376/311
f 319/381/316 323/386/321 318/385/320
f 325/387/322 324/382/317 320/388/323
f 316/383/318 320/388/323 315/377/312
f 318/385/320 322/389/324 317/390/325
f 334/391/326 825/392/327 826/393/328
f 330/394/329 826/393/328 325/387/322
f 326/395/330 320/388/323 321/396/331
f 825/392/327 332/397/332 823/398/333
f 437/399/334 828/400/335 440/401/336
f 330/394/329 339/402/337 334/391/326
f 331/403/338 325/387/322 326/395/330
f 827/404/339 332/405/332 442/406/340
f 334/391/326 338/407/341 333/408/342
f 340/409/343 339/402/337 335/410/344
f 331/403/338 335/410/344 330/394/329
f 333/408/342 337/411/345 332/397/332
f 343/412/346 338/407/341 339/402/337
f 344/413/347 343/412/346 340/409/343
f 340/409/343 488/414/348 344/413/347
f 342/415/349 337/411/345 338/407/341
f 347/416/350 342/415/349 343/412/346
f 348/417/351 347/416/350 344/413/347
f 456/418/352 496/419/353 453/420/354
f 346/421/355 341/422/356 342/415/349
f 351/423/357 346/421/355 347/416/350
f 348/417/351 356/424/358 351/423/357
f 348/417/351 488/414/348 490/425/359
f 350/426/360 345/427/361 346/421/355
f 351/423/357 355/428/362 350/426/360
f 352/429/363 361/430/364 356/424/358
f 352/429/363 490/425/359 492/431/365
f 350/426/360 354/432/366 349/433/367
f 356/424/358 360/434/368 355/428/362
f 357/435/369 366/436/370 361/430/364
f 353/437/371 357/435/369 352/429/363
f 355/428/362 359/438/372 354/432/366
f 361/430/364 365/439/373 360/434/368
f 362/440/374 371/441/375 366/436/370
f 358/442/376 362/440/374 357/435/369
f 360/434/368 364/443/377 359/438/372
f 366/436/370 370/444/378 365/439/373
f 367/445/379 376/446/380 371/441/375
f 363/447/381 367/445/379 362/440/374
f 365/439/373 369/448/382 364/443/377
f 371/441/375 375/449/383 370/444/378
f 377/450/384 376/446/380 372/451/385
f 368/452/386 372/451/385 367/445/379
f 370/444/378 374/453/387 369/448/382
f 376/446/380 380/454/388 375/449/383
f 377/450/384 385/455/389 381/456/390
f 378/457/391 372/451/385 373/458/392
f 375/449/383 379/459/393 374/453/387
f 381/456/390 384/460/394 380/454/388
f 304/363/298 298/370/305 299/461/395
f 382/357/292 377/450/384 378/457/391
f 300/364/299 299/461/395 295/366/301
f 380/454/388 383/462/396 379/459/393
f 288/463/397 52/56/56 56/55/55
f 413/464/398 105/119/102 104/121/104
f 384/460/394 391/352/287 383/462/396
f 57/53/53 388/359/294 286/358/293
f 284/465/399 287/466/400 286/358/293
f 288/463/397 287/466/400 284/465/399
f 288/463/397 385/455/389 406/467/401
f 289/468/402 407/469/403 290/348/283
f 294/350/285 407/469/403 293/360/295
f 292/470/404 406/467/401 291/356/291
f 295/366/301 398/471/405 394/472/406
f 296/367/302 394/472/406 395/473/407
f 299/461/395 397/474/408 398/471/405
f 298/370/305 396/475/409 397/474/408
f 395/473/407 399/476/410 400/477/411
f 397/474/408 401/478/412 402/479/413
f 398/471/405 402/479/413 403/480/414
f 394/472/406 403/480/414 399/476/410
f 402/479/413 404/481/415 405/482/416
f 404/481/415 399/476/410 405/482/416
f 403/480/414 402/479/413 405/482/416
f 403/480/414 405/482/416 399/476/410
f 406/467/401 385/455/389 291/356/291
f 407/469/403 294/350/285 290/348/283
f 408/483/417 293/360/295 407/469/403
f 408/483/417 288/463/397 406/467/401
f 385/455/389 288/463/397 384/460/394
f 285/353/288 284/465/399 286/358/293
f 384/460/394 288/463/397 284/465/399
f 392/484/284 414/485/418 101/120/103
f 392/484/284 419/486/419 415/487/420
f 391/488/287 410/489/421 409/490/422
f 387/491/290 416/492/423 417/493/424
f 386/494/289 411/495/425 410/489/421
f 387/491/290 418/496/426 390/497/296
f 390/497/296 419/486/419 389/498/286
f 425/499/427 426/500/428 423/501/429
f 420/502/430 301/503/300 296/504/302
f 297/505/304 424/506/431 421/507/432
f 424/506/431 428/508/433 425/499/427
f 426/500/428 431/509/434 429/510/435
f 423/501/429 306/511/308 301/503/300
f 302/512/310 427/513/436 424/506/431
f 428/508/433 430/514/437 431/509/434
f 431/509/434 432/515/438 429/510/435
f 306/511/308 429/510/435 311/516/319
f 427/513/436 312/517/314 430/514/437
f 430/514/437 434/518/439 431/509/434
f 432/515/438 437/399/334 435/519/440
f 429/510/435 316/520/318 311/516/319
f 312/517/314 433/521/441 430/514/437
f 434/518/439 436/522/442 437/399/334
f 437/399/334 438/523/443 435/519/440
f 316/520/318 435/519/440 321/524/331
f 433/521/441 322/525/324 436/522/442
f 827/404/339 443/526/444 440/401/336
f 440/401/336 441/527/445 438/523/443
f 435/519/440 326/528/330 321/524/331
f 323/386/321 822/529/446 322/389/324
f 852/530/447 328/531/448 327/532/449
f 441/527/445 446/533/450 444/534/451
f 438/523/443 331/535/338 326/528/330
f 324/382/317 824/536/452 323/386/321
f 443/526/444 445/537/453 446/533/450
f 446/533/450 447/538/454 444/534/451
f 331/535/338 444/534/451 336/539/455
f 442/406/340 337/540/345 445/537/453
f 445/537/453 449/541/456 446/533/450
f 449/541/456 450/542/457 447/538/454
f 337/540/345 448/543/458 445/537/453
f 448/543/458 452/544/459 449/541/456
f 452/544/459 453/420/354 450/542/457
f 341/545/356 451/546/460 448/543/458
f 451/546/460 455/547/461 452/544/459
f 453/420/354 458/548/462 456/418/352
f 444/534/451 447/538/454 494/549/463
f 345/550/361 454/551/464 451/546/460
f 455/547/461 457/552/465 458/548/462
f 456/418/352 461/553/466 459/554/467
f 353/555/371 497/556/468 456/418/352
f 454/551/464 354/557/366 457/552/465
f 458/548/462 460/558/469 461/553/466
f 459/554/467 464/559/470 462/560/471
f 353/555/371 459/554/467 358/561/376
f 457/552/465 359/562/372 460/558/469
f 461/553/466 463/563/472 464/559/470
f 462/560/471 467/564/473 465/565/474
f 358/561/376 462/560/471 363/566/381
f 460/558/469 364/567/377 463/563/472
f 464/559/470 466/568/475 467/564/473
f 465/565/474 470/569/476 468/570/477
f 363/566/381 465/565/474 368/571/386
f 463/563/472 369/572/382 466/568/475
f 467/564/473 469/573/478 470/569/476
f 470/569/476 471/574/479 468/570/477
f 368/571/386 468/570/477 373/575/392
f 466/568/475 374/576/387 469/573/478
f 470/569/476 472/577/480 473/578/481
f 471/574/479 475/579/482 416/492/423
f 468/570/477 378/580/391 373/575/392
f 469/573/478 379/581/393 472/577/480
f 473/578/481 474/582/483 475/579/482
f 421/507/432 425/499/427 422/583/484
f 471/574/479 382/584/292 378/580/391
f 422/583/484 423/501/429 420/502/430
f 472/577/480 383/585/396 474/582/483
f 101/120/103 413/464/398 104/121/104
f 57/53/53 288/463/397 56/55/55
f 391/488/287 474/582/483 383/585/396
f 388/586/294 105/119/102 411/495/425
f 409/490/422 411/495/425 412/587/485
f 413/464/398 409/490/422 412/587/485
f 413/464/398 483/588/486 475/579/482
f 414/485/418 484/589/487 485/590/488
f 419/486/419 418/496/426 484/589/487
f 417/493/424 483/588/486 485/590/488
f 420/502/430 478/591/489 422/583/484
f 296/504/302 476/592/490 420/502/430
f 422/583/484 477/593/491 421/507/432
f 421/507/432 396/594/409 297/505/304
f 395/595/407 479/596/492 476/592/490
f 477/593/491 401/597/412 396/594/409
f 478/591/489 480/598/493 477/593/491
f 476/592/490 481/599/494 478/591/489
f 480/598/493 404/600/415 401/597/412
f 479/596/492 404/600/415 482/601/495
f 481/599/494 482/601/495 480/598/493
f 481/599/494 479/596/492 482/601/495
f 483/588/486 416/492/423 475/579/482
f 484/589/487 415/487/420 419/486/419
f 418/496/426 485/590/488 484/589/487
f 413/464/398 485/590/488 483/588/486
f 475/579/482 474/582/483 413/464/398
f 410/489/421 411/495/425 409/490/422
f 474/582/483 409/490/422 413/464/398
f 393/602/496 257/315/257 52/56/56
f 255/314/256 393/603/496 101/120/103
f 412/587/485 411/495/425 105/119/102
f 287/466/400 57/53/53 286/358/293
f 336/604/455 486/605/497 335/410/344
f 487/606/498 488/414/348 486/605/497
f 491/607/499 488/414/348 489/608/500
f 491/607/499 492/431/365 490/425/359
f 336/539/455 494/549/463 487/609/498
f 487/609/498 495/610/501 489/611/500
f 495/610/501 491/612/499 489/611/500
f 491/612/499 497/556/468 493/613/502
f 353/437/371 492/431/365 493/614/502
f 453/420/354 495/610/501 450/542/457
f 340/409/343 335/410/344 486/605/497
f 447/538/454 495/610/501 494/549/463
f 498/615/503 512/616/503 499/617/503
f 525/618/503 526/619/503 512/616/503
f 525/618/503 539/620/503 526/619/503
f 552/621/503 553/622/503 539/620/503
f 552/621/503 566/623/503 553/622/503
f 579/624/503 580/625/503 566/623/503
f 579/624/503 593/626/503 580/625/503
f 606/627/503 607/628/503 593/626/503
f 606/627/503 620/629/503 607/628/503
f 633/630/503 634/631/503 620/629/503
f 633/630/503 647/632/503 634/631/503
f 660/633/503 661/634/503 647/632/503
f 660/633/503 674/635/503 661/634/503
f 687/636/503 688/637/503 674/635/503
f 687/636/503 701/638/503 688/637/503
f 714/639/503 715/640/503 701/638/503
f 714/639/503 728/641/503 715/640/503
f 741/642/503 742/643/503 728/641/503
f 741/642/503 755/644/503 742/643/503
f 768/645/503 769/646/503 755/644/503
f 768/645/503 782/647/503 769/646/503
f 795/648/503 796/649/503 782/647/503
f 795/648/503 809/650/503 796/649/503
f 498/615/503 499/617/503 809/650/503
f 512/651/504 500/652/505 499/653/505
f 526/654/506 513/655/504 512/651/504
f 539/656/507 527/657/506 526/654/506
f 553/658/508 540/659/507 539/656/507
f 566/660/509 554/661/508 553/658/508
f 580/662/510 567/663/509 566/660/509
f 593/664/511 581/665/510 580/662/510
f 593/664/511 608/666/512 594/667/511
f 620/668/513 608/666/512 607/669/512
f 634/670/514 621/671/513 620/668/513
f 647/672/515 635/673/514 634/670/514
f 661/674/516 648/675/515 647/672/515
f 674/676/517 662/677/516 661/678/516
f 688/679/518 675/680/517 674/676/517
f 701/681/519 689/682/518 688/679/518
f 715/683/520 702/684/519 701/681/519
f 715/683/520 729/685/521 716/686/520
f 742/687/522 729/685/521 728/688/521
f 755/689/523 743/690/522 742/687/522
f 755/689/523 770/691/524 756/692/523
f 782/693/525 770/691/524 769/694/524
f 796/695/526 783/696/525 782/693/525
f 809/697/527 797/698/526 796/695/526
f 499/653/505 810/699/527 809/697/527
f 513/700/528 501/701/528 500/702/528
f 527/703/528 514/704/528 513/700/528
f 540/705/528 528/706/528 527/703/528
f 554/707/528 541/708/528 540/705/528
f 567/709/528 555/710/528 554/707/528
f 581/711/528 568/712/528 567/709/528
f 594/713/528 582/714/528 581/711/528
f 608/715/528 595/716/528 594/713/528
f 621/717/528 609/718/528 608/715/528
f 635/719/528 622/720/528 621/717/528
f 648/721/528 636/722/528 635/719/528
f 662/723/528 649/724/528 648/721/528
f 675/725/528 663/726/528 662/723/528
f 689/727/528 676/728/528 675/725/528
f 702/729/528 690/730/528 689/727/528
f 716/731/528 703/732/528 702/729/528
f 729/733/528 717/734/528 716/731/528
f 743/735/528 730/736/528 729/733/528
f 756/737/528 744/738/528 743/735/528
f 770/739/528 757/740/528 756/737/528
f 783/741/528 771/742/528 770/739/528
f 797/743/528 784/744/528 783/741/528
f 810/745/528 798/746/528 797/743/528
f 500/702/528 811/747/528 810/745/528
f 510/748/529 515/749/530 502/750/531
f 537/751/532 515/749/530 523/752/533
f 537/751/532 542/753/534 529/754/535
f 550/755/536 556/756/537 542/753/534
f 564/757/538 569/758/539 556/756/537
f 577/759/540 583/760/541 569/758/539
f 591/761/542 596/762/543 583/760/541
f 604/763/544 610/764/545 596/762/543
f 618/765/546 623/766/547 610/764/545
f 631/767/548 637/768/549 623/766/547
f 645/769/550 650/770/551 637/768/549
f 658/771/552 664/772/553 650/770/551
f 672/773/554 677/774/555 664/775/553
f 685/776/556 691/777/557 677/774/555
f 699/778/558 704/779/559 691/777/557
f 712/780/560 718/781/561 704/779/559
f 726/782/562 731/783/563 718/781/561
f 739/784/564 745/785/565 731/783/563
f 753/786/566 758/787/567 745/785/565
f 766/788/568 772/789/569 758/787/567
f 780/790/570 785/791/571 772/789/569
f 793/792/572 799/793/573 785/791/571
f 807/794/574 812/795/575 799/793/573
f 510/748/529 812/795/575 820/796/576
f 878/797/577 516/798/578 503/799/579
f 879/800/580 530/801/581 516/798/578
f 880/802/582 543/803/583 530/801/581
f 881/804/584 557/805/585 543/803/583
f 883/806/586 557/805/585 882/807/587
f 883/806/586 584/808/588 570/809/589
f 884/810/590 597/811/591 584/808/588
f 885/812/592 611/813/593 597/811/591
f 886/814/594 624/815/595 611/813/593
f 887/816/596 638/817/597 624/815/595
f 888/818/598 651/819/599 638/817/597
f 889/820/600 665/821/601 651/819/599
f 890/822/602 678/823/603 665/824/601
f 891/825/604 692/826/605 678/823/603
f 892/827/606 705/828/607 692/826/605
f 894/829/608 705/828/607 893/830/609
f 895/831/610 719/832/611 894/829/608
f 895/831/610 746/833/612 732/834/613
f 897/835/614 746/833/612 896/836/615
f 898/837/616 759/838/617 897/835/614
f 898/837/616 786/839/618 773/840/619
f 899/841/620 800/842/621 786/839/618
f 900/843/622 813/844/623 800/842/621
f 878/797/577 813/844/623 901/845/624
f 516/798/578 504/846/625 503/799/579
f 516/798/578 531/847/626 517/848/627
f 530/801/581 544/849/628 531/847/626
f 557/805/585 544/849/628 543/803/583
f 570/809/589 558/850/629 557/805/585
f 584/808/588 571/851/630 570/809/589
f 584/808/588 598/852/631 585/853/632
f 611/813/593 598/852/631 597/811/591
f 624/815/595 612/854/633 611/813/593
f 624/815/595 639/855/634 625/856/635
f 638/817/597 652/857/636 639/855/634
f 651/819/599 666/858/637 652/857/636
f 678/823/603 666/859/637 665/824/601
f 692/826/605 679/860/638 678/823/603
f 705/828/607 693/861/639 692/826/605
f 719/832/611 706/862/640 705/828/607
f 719/832/611 733/863/641 720/864/642
f 732/834/613 747/865/643 733/863/641
f 746/833/612 760/866/644 747/865/643
f 759/838/617 774/867/645 760/866/644
f 773/840/619 787/868/646 774/867/645
f 800/842/621 787/868/646 786/839/618
f 800/842/621 814/869/647 801/870/648
f 503/799/579 814/869/647 813/844/623
f 517/848/627 505/871/649 504/846/625
f 531/847/626 518/872/650 517/848/627
f 531/847/626 545/873/651 532/874/652
f 558/850/629 545/873/651 544/849/628
f 571/851/630 559/875/653 558/850/629
f 585/853/632 572/876/654 571/851/630
f 598/852/631 586/877/655 585/853/632
f 612/854/633 599/878/656 598/852/631
f 625/856/635 613/879/657 612/854/633
f 639/855/634 626/880/658 625/856/635
f 652/857/636 640/881/659 639/855/634
f 666/858/637 653/882/660 652/857/636
f 679/860/638 667/883/661 666/859/637
f 679/860/638 694/884/662 680/885/663
f 706/862/640 694/884/662 693/861/639
f 706/862/640 721/886/664 707/887/665
f 733/863/641 721/886/664 720/864/642
f 747/865/643 734/888/666 733/863/641
f 760/866/644 748/889/667 747/865/643
f 774/867/645 761/890/668 760/866/644
f 787/868/646 775/891/669 774/867/645
f 801/870/648 788/892/670 787/868/646
f 814/869/647 802/893/671 801/870/648
f 504/846/625 815/894/672 814/869/647
f 518/872/650 506/895/673 505/871/649
f 532/874/652 519/896/674 518/872/650
f 532/874/652 546/897/675 533/898/676
f 559/875/653 546/897/675 545/873/651
f 572/876/654 560/899/677 559/875/653
f 586/877/655 573/900/678 572/876/654
f 599/878/656 587/901/679 586/877/655
f 613/879/657 600/902/680 599/878/656
f 626/880/658 614/903/681 613/879/657
f 640/881/659 627/904/682 626/880/658
f 653/882/660 641/905/683 640/881/659
f 667/906/661 654/907/684 653/882/660
f 680/885/663 668/908/685 667/883/661
f 694/884/662 681/909/686 680/885/663
f 707/887/665 695/910/687 694/884/662
f 721/886/664 708/911/688 707/887/665
f 734/888/666 722/912/689 721/886/664
f 748/889/667 735/913/690 734/888/666
f 761/890/668 749/914/691 748/889/667
f 775/891/669 762/915/692 761/890/668
f 788/892/670 776/916/693 775/891/669
f 788/892/670 803/917/694 789/918/695
f 815/894/672 803/917/694 802/893/671
f 505/871/649 816/919/696 815/894/672
f 903/920/697 507/921/698 902/922/698
f 904/923/699 520/924/697 903/920/697
f 905/925/700 534/926/699 904/923/699
f 906/927/701 547/928/700 905/925/700
f 907/929/702 561/930/701 906/927/701
f 908/931/703 574/932/702 907/929/702
f 909/933/704 588/934/703 908/931/703
f 909/933/704 615/935/705 601/936/704
f 911/937/706 615/935/705 910/938/705
f 912/939/707 628/940/706 911/937/706
f 913/941/708 642/942/707 912/939/707
f 914/943/709 655/944/708 913/941/708
f 915/945/710 669/946/709 914/947/709
f 915/945/710 696/948/711 682/949/710
f 916/950/711 709/951/712 696/948/711
f 917/952/712 723/953/713 709/951/712
f 919/954/714 723/953/713 918/955/713
f 920/956/715 736/957/714 919/954/714
f 921/958/716 750/959/715 920/956/715
f 922/960/717 763/961/716 921/958/716
f 923/962/718 777/963/717 922/960/717
f 924/964/719 790/965/718 923/962/718
f 924/964/719 817/966/720 804/967/719
f 902/922/698 817/966/720 925/968/720
f 520/969/721 508/970/722 507/971/723
f 520/969/721 535/972/724 521/973/725
f 547/974/726 535/972/724 534/975/727
f 547/974/726 562/976/728 548/977/729
f 561/978/730 575/979/731 562/976/728
f 574/980/732 589/981/733 575/979/731
f 588/982/734 602/983/735 589/981/733
f 601/984/736 616/985/737 602/983/735
f 615/986/738 629/987/739 616/985/737
f 628/988/740 643/989/741 629/987/739
f 642/990/742 656/991/743 643/989/741
f 655/992/744 670/993/745 656/991/743
f 669/994/746 683/995/747 670/996/745
f 682/997/748 697/998/749 683/995/747
f 709/999/750 697/998/749 696/1000/751
f 709/999/750 724/1001/752 710/1002/753
f 723/1003/754 737/1004/755 724/1001/752
f 736/1005/756 751/1006/757 737/1004/755
f 750/1007/758 764/1008/759 751/1006/757
f 763/1009/760 778/1010/761 764/1008/759
f 777/1011/762 791/1012/763 778/1010/761
f 804/1013/764 791/1012/763 790/1014/765
f 804/1013/764 818/1015/766 805/1016/767
f 817/1017/768 508/970/722 818/1015/766
f 508/970/722 522/1018/769 509/1019/770
f 535/972/724 522/1018/769 521/973/725
f 535/972/724 549/1020/771 536/1021/772
f 548/977/729 563/1022/773 549/1020/771
f 562/976/728 576/1023/774 563/1022/773
f 575/979/731 590/1024/775 576/1023/774
f 602/983/735 590/1024/775 589/981/733
f 602/983/735 617/1025/776 603/1026/777
f 616/985/737 630/1027/778 617/1025/776
f 643/989/741 630/1027/778 629/987/739
f 643/989/741 657/1028/779 644/1029/780
f 656/991/743 671/1030/781 657/1028/779
f 670/996/745 684/1031/782 671/1032/781
f 683/995/747 698/1033/783 684/1031/782
f 697/998/749 711/1034/784 698/1033/783
f 724/1001/752 711/1034/784 710/1002/753
f 724/1001/752 738/1035/785 725/1036/786
f 737/1004/755 752/1037/787 738/1035/785
f 751/1006/757 765/1038/788 752/1037/787
f 764/1008/759 779/1039/789 765/1038/788
f 778/1010/761 792/1040/790 779/1039/789
f 791/1012/763 806/1041/791 792/1040/790
f 818/1015/766 806/1041/791 805/1016/767
f 818/1015/766 509/1019/770 819/1042/792
f 501/1043/793 523/752/533 510/748/529
f 528/1044/794 523/752/533 514/1045/795
f 541/1046/796 537/751/532 528/1044/794
f 555/1047/797 550/755/536 541/1046/796
f 568/1048/798 564/757/538 555/1047/797
f 582/1049/799 577/759/540 568/1048/798
f 595/1050/800 591/761/542 582/1049/799
f 609/1051/801 604/763/544 595/1050/800
f 609/1051/801 631/767/548 618/765/546
f 636/1052/802 631/767/548 622/1053/803
f 649/1054/804 645/769/550 636/1052/802
f 649/1054/804 672/1055/554 658/771/552
f 676/1056/805 672/773/554 663/1057/806
f 690/1058/807 685/776/556 676/1056/805
f 703/1059/808 699/778/558 690/1058/807
f 717/1060/809 712/780/560 703/1059/808
f 717/1060/809 739/784/564 726/782/562
f 730/1061/810 753/786/566 739/784/564
f 757/1062/811 753/786/566 744/1063/812
f 771/1064/813 766/788/568 757/1062/811
f 784/1065/814 780/790/570 771/1064/813
f 798/1066/815 793/792/572 784/1065/814
f 811/1067/816 807/794/574 798/1066/815
f 501/1043/793 820/796/576 811/1067/816
f 524/1068/817 525/1069/818 498/1070/819
f 524/1068/817 551/1071/820 525/1069/818
f 551/1071/820 552/1072/821 525/1069/818
f 551/1071/820 578/1073/822 552/1072/821
f 578/1073/822 579/1074/823 552/1072/821
f 578/1073/822 605/1075/824 579/1074/823
f 605/1075/824 606/1076/825 579/1074/823
f 605/1075/824 632/1077/826 606/1076/825
f 632/1077/826 633/1078/827 606/1076/825
f 632/1077/826 659/1079/828 633/1078/827
f 659/1079/828 660/1080/829 633/1078/827
f 659/1079/828 686/1081/830 660/1080/829
f 686/1082/830 687/1083/831 660/1084/829
f 686/1082/830 713/1085/832 687/1083/831
f 713/1085/832 714/1086/833 687/1083/831
f 713/1085/832 740/1087/834 714/1086/833
f 740/1087/834 741/1088/835 714/1086/833
f 740/1087/834 767/1089/836 741/1088/835
f 767/1089/836 768/1090/837 741/1088/835
f 767/1089/836 794/1091/838 768/1090/837
f 794/1091/838 795/1092/839 768/1090/837
f 794/1091/838 821/1093/840 795/1092/839
f 821/1093/840 498/1070/819 795/1092/839
f 821/1093/840 524/1068/817 498/1070/819
f 538/1094/841 551/1071/820 524/1068/817
f 538/1094/841 565/1095/842 551/1071/820
f 565/1095/842 578/1073/822 551/1071/820
f 565/1095/842 592/1096/843 578/1073/822
f 592/1096/843 605/1075/824 578/1073/822
f 592/1096/843 619/1097/844 605/1075/824
f 619/1097/844 632/1077/826 605/1075/824
f 619/1097/844 646/1098/845 632/1077/826
f 646/1098/845 659/1079/828 632/1077/826
f 646/1098/845 673/1099/846 659/1079/828
f 673/1099/846 686/1081/830 659/1079/828
f 673/1100/846 700/1101/847 686/1082/830
f 700/1101/847 713/1085/832 686/1082/830
f 700/1101/847 727/1102/848 713/1085/832
f 727/1102/848 740/1087/834 713/1085/832
f 727/1102/848 754/1103/849 740/1087/834
f 754/1103/849 767/1089/836 740/1087/834
f 754/1103/849 781/1104/850 767/1089/836
f 781/1104/850 794/1091/838 767/1089/836
f 781/1104/850 808/1105/851 794/1091/838
f 808/1105/851 821/1093/840 794/1091/838
f 808/1105/851 511/1106/852 821/1093/840
f 511/1106/852 524/1068/817 821/1093/840
f 511/1106/852 1/1107/5 538/1094/841
f 781/1104/850 3/1108/3 2/1109/2
f 700/1101/847 62/1110/67 4/1111/57
f 619/1097/844 69/1112/70 70/1113/105
f 538/1094/841 1/1107/5 68/1114/68
f 781/1104/850 2/1109/2 808/1105/851
f 700/1101/847 4/1111/57 727/1102/848
f 619/1097/844 70/1113/105 646/1098/845
f 538/1094/841 68/1114/68 565/1095/842
f 2/1109/2 511/1106/852 808/1105/851
f 727/1102/848 3/1108/3 754/1103/849
f 70/1113/105 673/1099/846 646/1098/845
f 565/1095/842 69/1112/70 592/1096/843
f 754/1103/849 3/1108/3 781/1104/850
f 673/1100/846 62/1110/67 700/1101/847
f 592/1096/843 69/1112/70 619/1097/844
f 511/1106/852 538/1094/841 524/1068/817
f 824/536/452 826/393/328 825/392/327
f 827/404/339 440/401/336 828/400/335
f 823/1115/528 329/1116/528 825/1117/528
f 822/1118/853 328/531/448 828/1119/854
f 436/522/442 822/1120/446 828/400/335
f 329/1121/855 824/1122/452 825/1123/327
f 439/1124/528 823/1115/528 827/1125/528
f 829/1126/856 822/1118/853 824/1127/857
f 828/1128/335 439/1129/858 827/1130/339
f 832/1131/859 439/1129/858 328/1132/860
f 834/1133/861 831/1134/862 832/1131/859
f 836/1135/863 833/1136/861 834/1133/861
f 836/1135/863 837/1137/864 835/1138/863
f 840/1139/865 837/1137/864 838/1140/864
f 844/1141/866 841/1142/867 842/1143/867
f 846/1144/868 843/1145/866 844/1141/866
f 848/1146/869 845/1147/868 846/1144/868
f 850/1148/870 847/1149/869 848/1146/869
f 850/1148/870 329/1121/855 849/1150/871
f 851/1151/872 854/1152/873 852/1153/872
f 853/1154/873 856/1155/874 854/1152/873
f 855/1156/874 858/1157/875 856/1155/874
f 857/1158/875 860/1159/876 858/1157/875
f 859/1160/876 862/1161/877 860/1159/876
f 861/1162/877 864/1163/878 862/1161/877
f 865/1164/879 868/1165/880 866/1166/879
f 867/1167/880 870/1168/881 868/1165/880
f 870/1168/881 871/1169/882 872/1170/882
f 871/1169/882 874/1171/883 872/1170/882
f 873/1172/883 876/1173/884 874/1171/883
f 875/1174/885 852/1175/872 876/1173/884
f 831/1176/528 853/1177/528 439/1124/528
f 832/1178/886 854/1179/887 856/1180/888
f 833/1181/528 855/1182/528 831/1176/528
f 832/1178/886 858/1183/889 834/1184/889
f 835/1185/528 857/1186/528 833/1181/528
f 836/1187/890 858/1183/889 860/1188/890
f 837/1189/528 859/1190/528 835/1185/528
f 838/1191/891 860/1188/890 862/1192/892
f 839/1193/528 861/1194/528 837/1189/528
f 838/1191/891 864/1195/893 840/1196/893
f 843/1197/528 865/1198/528 841/1199/528
f 842/1200/894 868/1201/895 844/1202/896
f 843/1197/528 869/1203/528 867/1204/528
f 844/1202/896 870/1205/897 846/1206/897
f 845/1207/528 871/1208/528 869/1203/528
f 846/1206/897 872/1209/898 848/1210/898
f 849/1211/528 871/1208/528 847/1212/528
f 850/1213/899 872/1209/898 874/1214/900
f 849/1211/528 875/1215/528 873/1216/528
f 850/1213/899 876/1217/901 829/1126/856
f 851/1218/528 329/1116/528 830/1219/528
f 829/1126/856 852/530/447 327/532/449
f 439/1124/528 851/1218/528 830/1219/528
f 603/1220/528 931/1221/528 590/1222/528
f 590/1222/528 930/1223/528 576/1224/528
f 576/1224/528 929/1225/528 563/1226/528
f 929/1225/528 549/1227/528 563/1226/528
f 928/1228/528 536/1229/528 549/1227/528
f 927/1230/528 522/1231/528 536/1229/528
f 522/1231/528 877/1232/528 509/1233/528
f 509/1233/528 948/1234/528 819/1235/528
f 948/1234/528 806/1236/528 819/1235/528
f 806/1236/528 946/1237/528 792/1238/528
f 946/1237/528 779/1239/528 792/1238/528
f 779/1239/528 944/1240/528 765/1241/528
f 934/1242/528 617/1243/528 630/1244/528
f 935/1245/528 630/1244/528 644/1246/528
f 765/1241/528 943/1247/528 752/1248/528
f 752/1248/528 942/1249/528 738/1250/528
f 738/1250/528 941/1251/528 725/1252/528
f 941/1251/528 711/1253/528 725/1252/528
f 711/1253/528 939/1254/528 698/1255/528
f 939/1254/528 684/1256/528 698/1255/528
f 938/1257/528 671/1258/528 684/1256/528
f 671/1259/528 936/1260/528 657/1261/528
f 936/1260/528 644/1246/528 657/1261/528
f 617/1243/528 932/1262/528 603/1220/528
f 812/1263/624 878/797/577 901/845/624
f 799/1264/622 901/845/624 900/843/622
f 785/1265/620 900/843/622 899/841/620
f 772/1266/616 899/841/620 898/837/616
f 758/1267/614 898/837/616 897/835/614
f 745/1268/615 897/835/614 896/836/615
f 731/1269/610 896/836/615 895/831/610
f 718/1270/608 895/831/610 894/829/608
f 704/1271/609 894/829/608 893/830/609
f 691/1272/606 893/830/609 892/827/606
f 691/1272/606 891/825/604 677/1273/604
f 664/1274/602 891/825/604 890/822/602
f 650/1275/600 890/1276/602 889/820/600
f 637/1277/598 889/820/600 888/818/598
f 637/1277/598 887/816/596 623/1278/596
f 610/1279/594 887/816/596 886/814/594
f 596/1280/592 886/814/594 885/812/592
f 583/1281/590 885/812/592 884/810/590
f 569/1282/586 884/810/590 883/806/586
f 556/1283/587 883/806/586 882/807/587
f 556/1283/587 881/804/584 542/1284/584
f 529/1285/582 881/804/584 880/802/582
f 529/1285/582 879/800/580 515/1286/580
f 502/1287/577 879/800/580 878/797/577
f 506/1288/698 925/968/720 816/1289/720
f 816/1289/720 924/964/719 803/1290/719
f 789/1291/718 924/964/719 923/962/718
f 789/1291/718 922/960/717 776/1292/717
f 776/1292/717 921/958/716 762/1293/716
f 749/1294/715 921/958/716 920/956/715
f 749/1294/715 919/954/714 735/1295/714
f 735/1295/714 918/955/713 722/1296/713
f 708/1297/712 918/955/713 917/952/712
f 708/1297/712 916/950/711 695/1298/711
f 695/1298/711 915/945/710 681/1299/710
f 681/1299/710 914/947/709 668/1300/709
f 668/1301/709 913/941/708 654/1302/708
f 654/1302/708 912/939/707 641/1303/707
f 641/1303/707 911/937/706 627/1304/706
f 614/1305/705 911/937/706 910/938/705
f 614/1305/705 909/933/704 600/1306/704
f 600/1306/704 908/931/703 587/1307/703
f 573/1308/702 908/931/703 907/929/702
f 573/1308/702 906/927/701 560/1309/701
f 546/1310/700 906/927/701 905/925/700
f 546/1310/700 904/923/699 533/1311/699
f 533/1311/699 903/920/697 519/1312/697
f 519/1312/697 902/922/698 506/1288/698
f 952/1313/902 927/1314/903 928/1315/902
f 959/1316/904 934/1317/905 935/1318/904
f 966/1319/906 941/1320/907 942/1321/906
f 951/1322/903 926/1323/908 927/1314/903
f 949/1324/909 948/1325/910 877/1326/909
f 958/1327/905 933/1328/911 934/1317/905
f 965/1329/907 940/1330/912 941/1320/907
f 950/1331/908 877/1326/909 926/1323/908
f 972/1332/910 947/1333/913 948/1325/910
f 957/1334/911 932/1335/914 933/1328/911
f 964/1336/912 939/1337/915 940/1330/912
f 971/1338/913 946/1339/916 947/1333/913
f 956/1340/914 931/1341/917 932/1335/914
f 963/1342/915 938/1343/918 939/1337/915
f 970/1344/916 945/1345/919 946/1339/916
f 955/1346/917 930/1347/920 931/1341/917
f 962/1348/918 937/1349/921 938/1343/918
f 969/1350/919 944/1351/922 945/1345/919
f 954/1352/920 929/1353/923 930/1347/920
f 961/1354/921 936/1355/924 937/1356/921
f 968/1357/922 943/1358/925 944/1351/922
f 953/1359/923 928/1315/902 929/1353/923
f 960/1360/924 935/1318/904 936/1355/924
f 967/1361/925 942/1321/906 943/1358/925
f 968/1362/528 969/1363/528 973/1364/528
f 953/1365/528 954/1366/528 973/1364/528
f 960/1367/528 961/1368/528 973/1364/528
f 967/1369/528 968/1362/528 973/1364/528
f 952/1370/528 953/1365/528 973/1364/528
f 959/1371/528 960/1367/528 973/1364/528
f 966/1372/528 967/1369/528 973/1364/528
f 951/1373/528 952/1370/528 973/1364/528
f 958/1374/528 959/1371/528 973/1364/528
f 965/1375/528 966/1372/528 973/1364/528
f 950/1376/528 951/1373/528 973/1364/528
f 957/1377/528 958/1374/528 973/1364/528
f 964/1378/528 965/1375/528 973/1364/528
f 949/1379/528 950/1376/528 973/1364/528
f 971/1380/528 972/1381/528 973/1364/528
f 956/1382/528 957/1377/528 973/1364/528
f 963/1383/528 964/1378/528 973/1364/528
f 970/1384/528 971/1380/528 973/1364/528
f 955/1385/528 956/1382/528 973/1364/528
f 962/1386/528 963/1383/528 973/1364/528
f 969/1363/528 970/1384/528 973/1364/528
f 954/1366/528 955/1385/528 973/1364/528
f 961/1368/528 962/1386/528 973/1364/528
f 972/1381/528 949/1379/528 973/1364/528
f 975/1387/926 980/1388/927 976/1389/928
f 974/1390/929 979/1391/930 975/1387/926
f 981/1392/931 984/1393/932 985/1394/933
f 980/1388/927 983/1395/934 984/1393/932
f 979/1391/930 982/1396/935 983/1395/934
f 985/1394/933 988/1397/936 989/1398/937
f 984/1393/932 987/1399/938 988/1397/936
f 983/1395/934 986/1400/939 987/1399/938
f 989/1398/937 992/1401/940 993/1402/941
f 988/1397/936 991/1403/942 992/1401/940
f 987/1399/938 990/1404/943 991/1403/942
f 993/1402/941 997/1405/944 998/1406/945
f 992/1401/940 996/1407/946 997/1405/944
f 991/1403/942 995/1408/947 996/1407/946
f 994/1409/948 998/1406/945 999/1410/949
f 997/1405/944 1003/1411/950 998/1406/945
f 996/1407/946 1002/1412/951 997/1405/944
f 995/1408/947 1001/1413/952 996/1407/946
f 998/1406/945 1004/1414/953 999/1410/949
f 1002/1412/951 1008/1415/954 1003/1411/950
f 1001/1413/952 1007/1416/955 1002/1412/951
f 1000/1417/956 1006/1418/957 1001/1413/952
f 1003/1411/950 1009/1419/958 1004/1414/953
f 1008/1415/954 1012/1420/959 1013/1421/960
f 1007/1416/955 1011/1422/961 1012/1420/959
f 1006/1418/957 1010/1423/962 1011/1422/961
f 1009/1419/958 1013/1421/960 1014/1424/963
f 1013/1421/960 1017/1425/964 1018/1426/965
f 1012/1420/959 1016/1427/966 1017/1425/964
f 1011/1422/961 1015/1428/967 1016/1427/966
f 1014/1424/963 1018/1426/965 1019/1429/968
f 1018/1426/965 1022/1430/969 1023/1431/970
f 1017/1425/964 1021/1432/971 1022/1430/969
f 1016/1427/966 1020/1433/972 1021/1432/971
f 1019/1429/968 1023/1431/970 1024/1434/973
f 1023/1431/970 1026/1435/974 1027/1436/975
f 1023/1431/970 1028/1437/976 1024/1434/973
f 1026/1435/974 1030/1438/977 1027/1436/975
f 1026/1435/974 1025/1439/978 1029/1440/979
f 976/1389/928 981/1392/931 977/1441/980
f 1027/1436/975 1031/1442/981 1028/1437/976
f 1036/1443/982 1037/1444/983 1040/1445/984
f 1034/1446/985 1038/1447/986 1033/1448/987
f 994/1409/948 1040/1445/984 993/1402/941
f 1035/1449/988 1039/1450/989 1034/1446/985
f 1033/1448/987 1037/1444/983 1032/1451/990
f 1039/1450/989 981/1392/931 985/1394/933
f 989/1398/937 1040/1445/984 1037/1444/983
f 985/1394/933 1038/1447/986 1039/1450/989
f 1045/1452/991 1041/1453/992 1042/1454/993
f 1044/1455/994 974/1456/929 1041/1453/992
f 1046/1457/995 1048/1458/996 1045/1452/991
f 1045/1452/991 1047/1459/997 1044/1455/994
f 1044/1455/994 982/1460/935 978/1461/998
f 1049/1462/999 1051/1463/1000 1048/1458/996
f 1048/1458/996 1050/1464/1001 1047/1459/997
f 1047/1459/997 986/1465/939 982/1460/935
f 1052/1466/1002 1054/1467/1003 1051/1463/1000
f 1051/1463/1000 1053/1468/1004 1050/1464/1001
f 1050/1464/1001 990/1469/943 986/1465/939
f 1055/1470/1005 1057/1471/1006 1054/1467/1003
f 1054/1467/1003 1056/1472/1007 1053/1468/1004
f 1053/1468/1004 995/1473/947 990/1469/943
f 994/1474/948 1058/1475/1008 1055/1470/1005
f 1061/1476/1009 1057/1471/1006 1058/1475/1008
f 1060/1477/1010 1056/1472/1007 1057/1471/1006
f 1059/1478/1011 995/1473/947 1056/1472/1007
f 1004/1479/953 1058/1475/1008 999/1480/949
f 1064/1481/1012 1060/1477/1010 1061/1476/1009
f 1063/1482/1013 1059/1478/1011 1060/1477/1010
f 1062/1483/1014 1000/1484/956 1059/1478/1011
f 1009/1485/958 1061/1476/1009 1004/1479/953
f 1064/1481/1012 1066/1486/1015 1063/1482/1013
f 1063/1482/1013 1065/1487/1016 1062/1483/1014
f 1062/1483/1014 1010/1488/962 1005/1489/1017
f 1009/1485/958 1067/1490/1018 1064/1481/1012
f 1067/1490/1018 1069/1491/1019 1066/1486/1015
f 1066/1486/1015 1068/1492/1020 1065/1487/1016
f 1065/1487/1016 1015/1493/967 1010/1488/962
f 1014/1494/963 1070/1495/1021 1067/1490/1018
f 1070/1495/1021 1072/1496/1022 1069/1491/1019
f 1069/1491/1019 1071/1497/1023 1068/1492/1020
f 1068/1492/1020 1020/1498/972 1015/1493/967
f 1019/1499/968 1073/1500/1024 1070/1495/1021
f 1073/1500/1024 1075/1501/1025 1072/1496/1022
f 1028/1502/976 1073/1500/1024 1024/1503/973
f 1078/1504/1026 1075/1501/1025 1076/1505/1027
f 1075/1501/1025 1077/1506/1028 1074/1507/1029
f 1046/1457/995 1042/1454/993 1043/1508/1030
f 1031/1509/981 1076/1505/1027 1028/1502/976
f 1082/1510/1031 1032/1511/990 1036/1512/982
f 1080/1513/1032 1034/1514/985 1033/1515/987
f 994/1474/948 1082/1510/1031 1036/1512/982
f 1081/1516/1033 1035/1517/988 1034/1514/985
f 1079/1518/1034 1033/1515/987 1032/1511/990
f 1081/1516/1033 1046/1457/995 1043/1508/1030
f 1079/1518/1034 1055/1470/1005 1052/1466/1002
f 1080/1513/1032 1049/1462/999 1081/1516/1033
f 1086/1519/1035 1093/1520/1036 1094/1521/1037
f 1083/1522/1038 1092/1523/1039 1084/1524/1040
f 1085/1525/1041 1092/1526/1039 1093/1520/1036
f 1091/1527/1042 1106/1528/1043 1099/1529/1044
f 1089/1530/1045 1098/1531/1046 1090/1532/1047
f 1088/1533/1048 1095/1534/1049 1096/1535/1050
f 1088/1536/1048 1097/1537/1051 1089/1530/1045
f 1094/1521/1037 1103/1538/1052 1095/1534/1049
f 1093/1520/1036 1102/1539/1053 1094/1521/1037
f 1092/1523/1039 1099/1529/1044 1100/1540/1054
f 1092/1526/1039 1101/1541/1055 1093/1520/1036
f 1106/1528/1043 1107/1542/1056 1099/1529/1044
f 1098/1531/1046 1105/1543/1057 1106/1528/1043
f 1095/1534/1049 1104/1544/1058 1096/1535/1050
f 1097/1537/1051 1104/1545/1058 1105/1543/1057
f 1103/1538/1052 1110/1546/1059 1111/1547/1060
f 1102/1539/1053 1109/1548/1061 1110/1546/1059
f 1099/1529/1044 1108/1549/1062 1100/1540/1054
f 1101/1541/1055 1108/1550/1062 1109/1548/1061
f 1114/1551/1063 1115/1552/1064 1107/1542/1056
f 1105/1543/1057 1114/1551/1063 1106/1528/1043
f 1104/1544/1058 1111/1547/1060 1112/1553/1065
f 1104/1545/1058 1113/1554/1066 1105/1543/1057
f 1111/1547/1060 1118/1555/1067 1119/1556/1068
f 1110/1546/1059 1117/1557/1069 1118/1555/1067
f 1107/1542/1056 1116/1558/1070 1108/1549/1062
f 1109/1548/1061 1116/1559/1070 1117/1557/1069
f 1115/1552/1064 1130/1560/1071 1123/1561/1072
f 1113/1554/1066 1122/1562/1073 1114/1551/1063
f 1112/1553/1065 1119/1556/1068 1120/1563/1074
f 1112/1564/1065 1121/1565/1075 1113/1554/1066
f 1118/1555/1067 1127/1566/1076 1119/1556/1068
f 1117/1557/1069 1126/1567/1077 1118/1555/1067
f 1116/1558/1070 1123/1561/1072 1124/1568/1078
f 1116/1559/1070 1125/1569/1079 1117/1557/1069
f 1123/1561/1072 1138/1570/1080 1131/1571/1081
f 1122/1562/1073 1129/1572/1082 1130/1560/1071
f 1119/1556/1068 1128/1573/1083 1120/1563/1074
f 1121/1565/1075 1128/1574/1083 1129/1572/1082
f 1126/1567/1077 1135/1575/1084 1127/1566/1076
f 1125/1569/1079 1134/1576/1085 1126/1567/1077
f 1124/1568/1078 1131/1571/1081 1132/1577/1086
f 1124/1578/1078 1133/1579/1087 1125/1569/1079
f 1131/1571/1081 1146/1580/1088 1139/1581/1089
f 1130/1560/1071 1137/1582/1090 1138/1570/1080
f 1127/1566/1076 1136/1583/1091 1128/1573/1083
f 1129/1572/1082 1136/1584/1091 1137/1582/1090
f 1134/1576/1085 1143/1585/1092 1135/1575/1084
f 1133/1579/1087 1142/1586/1093 1134/1576/1085
f 1132/1577/1086 1139/1581/1089 1140/1587/1094
f 1132/1588/1086 1141/1589/1095 1133/1579/1087
f 1146/1580/1088 1147/1590/1096 1139/1581/1089
f 1138/1570/1080 1145/1591/1097 1146/1580/1088
f 1135/1575/1084 1144/1592/1098 1136/1583/1091
f 1137/1582/1090 1144/1593/1098 1145/1591/1097
f 1143/1585/1092 1150/1594/1099 1151/1595/1100
f 1142/1586/1093 1149/1596/1101 1150/1594/1099
f 1139/1581/1089 1148/1597/1102 1140/1587/1094
f 1141/1589/1095 1148/1598/1102 1149/1596/1101
f 1154/1599/1103 1155/1600/1104 1147/1590/1096
f 1145/1591/1097 1154/1599/1103 1146/1580/1088
f 1144/1592/1098 1151/1595/1100 1152/1601/1105
f 1144/1593/1098 1153/1602/1106 1145/1591/1097
f 1151/1595/1100 1158/1603/1107 1159/1604/1108
f 1150/1594/1099 1157/1605/1109 1158/1603/1107
f 1147/1590/1096 1156/1606/1110 1148/1597/1102
f 1149/1596/1101 1156/1607/1110 1157/1605/1109
f 1162/1608/1111 1163/1609/1112 1155/1600/1104
f 1153/1602/1106 1162/1608/1111 1154/1599/1103
f 1152/1601/1105 1159/1604/1108 1160/1610/1113
f 1152/1611/1105 1161/1612/1114 1153/1602/1106
f 1159/1604/1108 1166/1613/1115 1167/1614/1116
f 1158/1603/1107 1165/1615/1117 1166/1613/1115
f 1155/1600/1104 1164/1616/1118 1156/1606/1110
f 1157/1605/1109 1164/1617/1118 1165/1615/1117
f 1170/1618/1119 1171/1619/1120 1163/1609/1112
f 1161/1612/1114 1170/1618/1119 1162/1608/1111
f 1160/1610/1113 1167/1614/1116 1168/1620/1121
f 1160/1621/1113 1169/1622/1122 1161/1612/1114
f 1167/1614/1116 1174/1623/1123 1175/1624/1124
f 1166/1613/1115 1173/1625/1125 1174/1623/1123
f 1163/1609/1112 1172/1626/1126 1164/1616/1118
f 1165/1615/1117 1172/1627/1126 1173/1625/1125
f 1171/1619/1120 1186/1628/1127 1179/1629/1128
f 1169/1622/1122 1178/1630/1129 1170/1618/1119
f 1168/1620/1121 1175/1624/1124 1176/1631/1130
f 1168/1632/1121 1177/1633/1131 1169/1622/1122
f 1174/1623/1123 1183/1634/1132 1175/1624/1124
f 1173/1625/1125 1182/1635/1133 1174/1623/1123
f 1172/1626/1126 1179/1629/1128 1180/1636/1134
f 1172/1627/1126 1181/1637/1135 1173/1625/1125
f 1179/1629/1128 1194/1638/1136 1187/1639/1137
f 1178/1630/1129 1185/1640/1138 1186/1628/1127
f 1175/1624/1124 1184/1641/1139 1176/1631/1130
f 1177/1633/1131 1184/1642/1139 1185/1640/1138
f 1182/1635/1133 1191/1643/1140 1183/1634/1132
f 1181/1637/1135 1190/1644/1141 1182/1635/1133
f 1180/1636/1134 1187/1639/1137 1188/1645/1142
f 1180/1646/1134 1189/1647/1143 1181/1637/1135
f 1194/1638/1136 1195/1648/1144 1187/1639/1137
f 1186/1628/1127 1193/1649/1145 1194/1638/1136
f 1183/1634/1132 1192/1650/1146 1184/1641/1139
f 1185/1640/1138 1192/1651/1146 1193/1649/1145
f 1191/1643/1140 1198/1652/1147 1199/1653/1148
f 1190/1644/1141 1197/1654/1149 1198/1652/1147
f 1187/1639/1137 1196/1655/1150 1188/1645/1142
f 1189/1647/1143 1196/1656/1150 1197/1654/1149
f 1202/1657/1151 1203/1658/1152 1195/1648/1144
f 1193/1649/1145 1202/1657/1151 1194/1638/1136
f 1192/1650/1146 1199/1653/1148 1200/1659/1153
f 1192/1651/1146 1201/1660/1154 1193/1649/1145
f 1199/1653/1148 1206/1661/1155 1207/1662/1156
f 1198/1652/1147 1205/1663/1157 1206/1661/1155
f 1195/1648/1144 1204/1664/1158 1196/1655/1150
f 1197/1654/1149 1204/1665/1158 1205/1663/1157
f 1210/1666/1159 1211/1667/1160 1203/1658/1152
f 1201/1660/1154 1210/1666/1159 1202/1657/1151
f 1200/1659/1153 1207/1662/1156 1208/1668/1161
f 1200/1669/1153 1209/1670/1162 1201/1660/1154
f 1207/1662/1156 1214/1671/1163 1215/1672/1164
f 1206/1661/1155 1213/1673/1165 1214/1671/1163
f 1203/1658/1152 1212/1674/1166 1204/1664/1158
f 1205/1663/1157 1212/1675/1166 1213/1673/1165
f 1218/1676/1167 1219/1677/1168 1211/1667/1160
f 1209/1670/1162 1218/1676/1167 1210/1666/1159
f 1208/1668/1161 1215/1672/1164 1216/1678/1169
f 1208/1679/1161 1217/1680/1170 1209/1670/1162
f 1215/1672/1164 1222/1681/1171 1223/1682/1172
f 1214/1671/1163 1221/1683/1173 1222/1681/1171
f 1211/1667/1160 1220/1684/1174 1212/1674/1166
f 1213/1673/1165 1220/1685/1174 1221/1683/1173
f 1226/1686/1175 1021/1432/971 1219/1677/1168
f 1217/1680/1170 1226/1686/1175 1218/1676/1167
f 1216/1678/1169 1223/1682/1172 1224/1687/1176
f 1216/1688/1169 1225/1689/1177 1217/1680/1170
f 1223/1682/1172 1227/1690/1178 1228/1691/1179
f 1222/1681/1171 1071/1497/1023 1227/1690/1178
f 1219/1677/1168 1020/1433/972 1220/1684/1174
f 1221/1683/1173 1020/1498/972 1071/1497/1023
f 1087/1692/1180 1094/1521/1037 1095/1534/1049
f 1225/1689/1177 1231/1693/1181 1226/1686/1175
f 1224/1687/1176 1228/1691/1179 1229/1694/1182
f 1224/1695/1176 1230/1696/1183 1225/1689/1177
f 1233/1697/1184 1232/1698/1185 1234/1699/1186
f 1241/1700/1187 1245/1701/1188 1244/1702/1189
f 1256/1703/1190 1234/1699/1186 1232/1698/1185
f 1239/1704/1191 1243/1705/1192 1242/1706/1193
f 1235/1707/1194 1237/1708/1195 1234/1699/1186
f 1245/1709/1188 1238/1710/1196 1235/1707/1194
f 1234/1699/1186 1236/1711/1197 1233/1697/1184
f 1241/1700/1187 1237/1712/1195 1238/1713/1196
f 1245/1701/1188 1241/1700/1187 1238/1713/1196
f 1240/1714/1198 1236/1715/1197 1237/1712/1195
f 1242/1706/1193 1247/1716/1199 1246/1717/1200
f 1254/1718/1201 1245/1709/1188 1256/1703/1190
f 1240/1714/1198 1244/1702/1189 1243/1705/1192
f 1253/1719/1202 1255/1720/1203 1252/1721/1204
f 1243/1705/1192 1248/1722/1205 1247/1716/1199
f 1244/1702/1189 1245/1701/1188 1248/1722/1205
f 1245/1701/1188 1251/1723/1206 1248/1722/1205
f 1250/1724/1207 1246/1717/1200 1247/1716/1199
f 1251/1723/1206 1247/1716/1199 1248/1722/1205
f 1245/1709/1188 1254/1718/1201 1251/1725/1206
f 1250/1726/1207 1252/1721/1204 1249/1727/1208
f 1251/1725/1206 1253/1719/1202 1250/1726/1207
f 1242/1706/1193 1085/1525/1041 1086/1519/1035
f 1254/1718/1201 1232/1698/1185 1253/1719/1202
f 1235/1707/1194 1256/1703/1190 1245/1709/1188
f 1252/1721/1204 1084/1524/1040 1249/1727/1208
f 1084/1728/1040 1246/1717/1200 1249/1729/1208
f 1239/1704/1191 1086/1519/1035 1087/1692/1180
f 1233/1697/1184 1090/1532/1047 1255/1720/1203
f 1087/1692/1180 1236/1715/1197 1239/1704/1191
f 1236/1711/1197 1089/1530/1045 1233/1697/1184
f 1255/1720/1203 1083/1522/1038 1252/1721/1204
f 1090/1532/1047 1091/1527/1042 1083/1522/1038
f 1072/1496/1022 1075/1501/1025 1071/1497/1023
f 1022/1430/969 1021/1432/971 1026/1435/974
f 1075/1501/1025 1227/1690/1178 1071/1497/1023
f 1231/1693/1181 1026/1435/974 1021/1432/971
f 1231/1693/1181 1025/1439/978 1026/1435/974
f 1074/1507/1029 1227/1690/1178 1075/1501/1025
f 1365/1730/1209 1262/1731/1210 1025/1439/978
f 1365/1730/1209 1267/1732/1211 1263/1733/1212
f 1364/1734/1213 1258/1735/1214 1257/1736/1215
f 1360/1737/1216 1264/1738/1217 1265/1739/1218
f 1359/1740/1219 1259/1741/1220 1258/1735/1214
f 1360/1737/1216 1266/1742/1221 1363/1743/1222
f 1363/1743/1222 1267/1732/1211 1362/1744/1223
f 1277/1745/1224 1278/1746/1225 1273/1747/1226
f 1268/1748/1227 1274/1749/1228 1269/1750/1229
f 1270/1751/1230 1276/1752/1231 1271/1753/1232
f 1276/1752/1231 1282/1754/1233 1277/1745/1224
f 1278/1746/1225 1287/1755/1234 1283/1756/1235
f 1273/1747/1226 1279/1757/1236 1274/1749/1228
f 1275/1758/1237 1281/1759/1238 1276/1752/1231
f 1282/1754/1233 1286/1760/1239 1287/1755/1234
f 1287/1755/1234 1288/1761/1240 1283/1756/1235
f 1279/1757/1236 1283/1756/1235 1284/1762/1241
f 1281/1759/1238 1285/1763/1242 1286/1760/1239
f 1286/1760/1239 1292/1764/1243 1287/1755/1234
f 1288/1761/1240 1297/1765/1244 1293/1766/1245
f 1283/1756/1235 1289/1767/1246 1284/1762/1241
f 1285/1763/1242 1291/1768/1247 1286/1760/1239
f 1292/1764/1243 1296/1769/1248 1297/1765/1244
f 1297/1765/1244 1298/1770/1249 1293/1766/1245
f 1289/1767/1246 1293/1766/1245 1294/1771/1250
f 1291/1768/1247 1295/1772/1251 1296/1769/1248
f 1798/1773/1252 1307/1774/1253 1799/1775/1254
f 1799/1775/1254 1303/1776/1255 1298/1770/1249
f 1293/1766/1245 1299/1777/1256 1294/1771/1250
f 1798/1773/1252 1305/1778/1257 1306/1779/1258
f 1410/1780/1259 1801/1781/1260 1409/1782/1261
f 1303/1776/1255 1312/1783/1262 1308/1784/1263
f 1298/1770/1249 1304/1785/1264 1299/1777/1256
f 1800/1786/1265 1305/1787/1257 1796/1788/1266
f 1307/1774/1253 1311/1789/1267 1312/1783/1262
f 1312/1783/1262 1313/1790/1268 1308/1784/1263
f 1304/1785/1264 1308/1784/1263 1309/1791/1269
f 1306/1779/1258 1310/1792/1270 1311/1789/1267
f 1311/1789/1267 1316/1793/1271 1312/1783/1262
f 1316/1793/1271 1317/1794/1272 1313/1790/1268
f 1461/1795/1273 1313/1790/1268 1317/1794/1272
f 1310/1792/1270 1315/1796/1274 1311/1789/1267
f 1315/1796/1274 1320/1797/1275 1316/1793/1271
f 1320/1797/1275 1321/1798/1276 1317/1794/1272
f 1469/1799/1277 1429/1800/1278 1426/1801/1279
f 1314/1802/1280 1319/1803/1281 1315/1796/1274
f 1319/1803/1281 1324/1804/1282 1320/1797/1275
f 1321/1798/1276 1329/1805/1283 1325/1806/1284
f 1321/1798/1276 1461/1795/1273 1317/1794/1272
f 1318/1807/1285 1323/1808/1286 1319/1803/1281
f 1324/1804/1282 1328/1809/1287 1329/1805/1283
f 1325/1806/1284 1334/1810/1288 1330/1811/1289
f 1325/1806/1284 1463/1812/1290 1321/1798/1276
f 1323/1808/1286 1327/1813/1291 1328/1809/1287
f 1329/1805/1283 1333/1814/1292 1334/1810/1288
f 1330/1811/1289 1339/1815/1293 1335/1816/1294
f 1326/1817/1295 1330/1811/1289 1331/1818/1296
f 1328/1809/1287 1332/1819/1297 1333/1814/1292
f 1334/1810/1288 1338/1820/1298 1339/1815/1293
f 1335/1816/1294 1344/1821/1299 1340/1822/1300
f 1331/1818/1296 1335/1816/1294 1336/1823/1301
f 1333/1814/1292 1337/1824/1302 1338/1820/1298
f 1339/1815/1293 1343/1825/1303 1344/1821/1299
f 1340/1822/1300 1349/1826/1304 1345/1827/1305
f 1336/1823/1301 1340/1822/1300 1341/1828/1306
f 1338/1820/1298 1342/1829/1307 1343/1825/1303
f 1344/1821/1299 1348/1830/1308 1349/1826/1304
f 1349/1826/1304 1350/1831/1309 1345/1827/1305
f 1341/1828/1306 1345/1827/1305 1346/1832/1310
f 1343/1825/1303 1347/1833/1311 1348/1830/1308
f 1349/1826/1304 1353/1834/1312 1354/1835/1313
f 1350/1831/1309 1358/1836/1314 1264/1738/1217
f 1345/1827/1305 1351/1837/1315 1346/1832/1310
f 1348/1830/1308 1352/1838/1316 1353/1834/1312
f 1354/1835/1313 1357/1839/1317 1358/1836/1314
f 1271/1753/1232 1277/1745/1224 1272/1840/1318
f 1350/1831/1309 1355/1841/1319 1351/1837/1315
f 1272/1840/1318 1273/1747/1226 1268/1748/1227
f 1353/1834/1312 1356/1842/1320 1357/1839/1317
f 1261/1843/1321 1025/1439/978 1262/1731/1210
f 1078/1504/1026 1386/1844/1322 1077/1506/1028
f 1364/1734/1213 1357/1839/1317 1356/1842/1320
f 1030/1438/977 1361/1845/1323 1031/1442/981
f 1257/1736/1215 1259/1741/1220 1260/1846/1324
f 1261/1843/1321 1257/1736/1215 1260/1846/1324
f 1261/1843/1321 1379/1847/1325 1358/1836/1314
f 1262/1731/1210 1380/1848/1326 1381/1849/1327
f 1267/1732/1211 1266/1742/1221 1380/1848/1326
f 1265/1739/1218 1379/1847/1325 1381/1849/1327
f 1268/1748/1227 1371/1850/1328 1272/1840/1318
f 1269/1750/1229 1367/1851/1329 1268/1748/1227
f 1272/1840/1318 1370/1852/1330 1271/1753/1232
f 1271/1753/1232 1369/1853/1331 1270/1751/1230
f 1368/1854/1332 1372/1855/1333 1367/1851/1329
f 1370/1852/1330 1374/1856/1334 1369/1853/1331
f 1371/1850/1328 1375/1857/1335 1370/1852/1330
f 1367/1851/1329 1376/1858/1336 1371/1850/1328
f 1375/1857/1335 1377/1859/1337 1374/1856/1334
f 1372/1855/1333 1377/1859/1337 1378/1860/1338
f 1376/1858/1336 1378/1860/1338 1375/1857/1335
f 1376/1858/1336 1372/1855/1333 1378/1860/1338
f 1379/1847/1325 1264/1738/1217 1358/1836/1314
f 1380/1848/1326 1263/1733/1212 1267/1732/1211
f 1266/1742/1221 1381/1849/1327 1380/1848/1326
f 1261/1843/1321 1381/1849/1327 1379/1847/1325
f 1358/1836/1314 1357/1839/1317 1261/1843/1321
f 1258/1735/1214 1259/1741/1220 1257/1736/1215
f 1357/1839/1317 1257/1736/1215 1261/1843/1321
f 1074/1507/1029 1388/1861/1339 1365/1862/1209
f 1365/1862/1209 1392/1863/1340 1362/1864/1223
f 1364/1865/1213 1383/1866/1341 1359/1867/1219
f 1360/1868/1216 1389/1869/1342 1355/1870/1319
f 1359/1867/1219 1384/1871/1343 1361/1872/1323
f 1391/1873/1344 1360/1868/1216 1363/1874/1222
f 1392/1863/1340 1363/1874/1222 1362/1864/1223
f 1399/1875/1345 1398/1876/1346 1396/1877/1347
f 1274/1878/1228 1393/1879/1348 1269/1880/1229
f 1397/1881/1349 1270/1882/1230 1394/1883/1350
f 1401/1884/1351 1397/1881/1349 1398/1876/1346
f 1399/1875/1345 1404/1885/1352 1401/1884/1351
f 1279/1886/1236 1396/1877/1347 1274/1878/1228
f 1400/1887/1353 1275/1888/1237 1397/1881/1349
f 1401/1884/1351 1403/1889/1354 1400/1887/1353
f 1405/1890/1355 1404/1885/1352 1402/1891/1356
f 1279/1886/1236 1402/1891/1356 1399/1875/1345
f 1400/1887/1353 1285/1892/1242 1280/1893/1357
f 1407/1894/1358 1403/1889/1354 1404/1885/1352
f 1405/1890/1355 1410/1780/1259 1407/1894/1358
f 1289/1895/1246 1402/1891/1356 1284/1896/1241
f 1406/1897/1359 1285/1892/1242 1403/1889/1354
f 1407/1894/1358 1409/1782/1261 1406/1897/1359
f 1411/1898/1360 1410/1780/1259 1408/1899/1361
f 1289/1895/1246 1408/1899/1361 1405/1890/1355
f 1406/1897/1359 1295/1900/1251 1290/1901/1362
f 1416/1902/1363 1800/1786/1265 1413/1903/1364
f 1414/1904/1365 1413/1903/1364 1411/1898/1360
f 1299/1905/1256 1408/1899/1361 1294/1906/1250
f 1296/1769/1248 1795/1907/1366 1797/1908/1367
f 1301/1909/1368 1821/1910/1369 1300/1911/1370
f 1414/1904/1365 1419/1912/1371 1416/1902/1363
f 1304/1913/1264 1411/1898/1360 1299/1905/1256
f 1297/1765/1244 1797/1908/1367 1799/1775/1254
f 1416/1902/1363 1418/1914/1372 1415/1915/1373
f 1420/1916/1374 1419/1912/1371 1417/1917/1375
f 1304/1913/1264 1417/1917/1375 1414/1904/1365
f 1415/1915/1373 1310/1918/1270 1305/1787/1257
f 1422/1919/1376 1418/1914/1372 1419/1912/1371
f 1423/1920/1377 1422/1919/1376 1420/1916/1374
f 1421/1921/1378 1310/1918/1270 1418/1914/1372
f 1425/1922/1379 1421/1921/1378 1422/1919/1376
f 1426/1801/1279 1425/1922/1379 1423/1920/1377
f 1424/1923/1380 1314/1924/1280 1421/1921/1378
f 1428/1925/1381 1424/1923/1380 1425/1922/1379
f 1426/1801/1279 1431/1926/1382 1428/1925/1381
f 1417/1917/1375 1467/1927/1383 1420/1916/1374
f 1427/1928/1384 1318/1929/1285 1424/1923/1380
f 1428/1925/1381 1430/1930/1385 1427/1928/1384
f 1429/1800/1278 1434/1931/1386 1431/1926/1382
f 1470/1932/1387 1326/1933/1295 1429/1800/1278
f 1427/1928/1384 1327/1934/1291 1322/1935/1388
f 1431/1926/1382 1433/1936/1389 1430/1930/1385
f 1432/1937/1390 1437/1938/1391 1434/1931/1386
f 1326/1933/1295 1432/1937/1390 1429/1800/1278
f 1430/1930/1385 1332/1939/1297 1327/1934/1291
f 1434/1931/1386 1436/1940/1392 1433/1936/1389
f 1435/1941/1393 1440/1942/1394 1437/1938/1391
f 1331/1943/1296 1435/1941/1393 1432/1937/1390
f 1433/1936/1389 1337/1944/1302 1332/1939/1297
f 1437/1938/1391 1439/1945/1395 1436/1940/1392
f 1438/1946/1396 1443/1947/1397 1440/1942/1394
f 1336/1948/1301 1438/1946/1396 1435/1941/1393
f 1436/1940/1392 1342/1949/1307 1337/1944/1302
f 1440/1942/1394 1442/1950/1398 1439/1945/1395
f 1444/1951/1399 1443/1947/1397 1441/1952/1400
f 1341/1953/1306 1441/1952/1400 1438/1946/1396
f 1439/1945/1395 1347/1954/1311 1342/1949/1307
f 1443/1947/1397 1445/1955/1401 1442/1950/1398
f 1444/1951/1399 1448/1956/1402 1446/1957/1403
f 1351/1958/1315 1441/1952/1400 1346/1959/1310
f 1442/1950/1398 1352/1960/1316 1347/1954/1311
f 1446/1957/1403 1447/1961/1404 1445/1955/1401
f 1398/1876/1346 1394/1883/1350 1395/1962/1405
f 1355/1870/1319 1444/1951/1399 1351/1958/1315
f 1396/1877/1347 1395/1962/1405 1393/1879/1348
f 1445/1955/1401 1356/1963/1320 1352/1960/1316
f 1074/1507/1029 1386/1844/1322 1387/1964/1406
f 1261/1843/1321 1030/1438/977 1029/1440/979
f 1447/1961/1404 1364/1865/1213 1356/1963/1320
f 1078/1504/1026 1361/1872/1323 1384/1871/1343
f 1382/1965/1407 1385/1966/1408 1384/1871/1343
f 1386/1844/1322 1385/1966/1408 1382/1965/1407
f 1386/1844/1322 1448/1956/1402 1456/1967/1409
f 1387/1964/1406 1457/1968/1410 1388/1861/1339
f 1392/1863/1340 1457/1968/1410 1391/1873/1344
f 1390/1969/1411 1456/1967/1409 1389/1869/1342
f 1393/1879/1348 1451/1970/1412 1449/1971/1413
f 1269/1880/1229 1449/1971/1413 1368/1972/1332
f 1395/1962/1405 1450/1973/1414 1451/1970/1412
f 1394/1883/1350 1369/1974/1331 1450/1973/1414
f 1368/1972/1332 1452/1975/1415 1373/1976/1416
f 1450/1973/1414 1374/1977/1334 1453/1978/1417
f 1451/1970/1412 1453/1978/1417 1454/1979/1418
f 1449/1971/1413 1454/1979/1418 1452/1975/1415
f 1453/1978/1417 1377/1980/1337 1455/1981/1419
f 1377/1980/1337 1452/1975/1415 1455/1981/1419
f 1454/1979/1418 1453/1978/1417 1455/1981/1419
f 1454/1979/1418 1455/1981/1419 1452/1975/1415
f 1456/1967/1409 1448/1956/1402 1389/1869/1342
f 1457/1968/1410 1392/1863/1340 1388/1861/1339
f 1458/1982/1420 1391/1873/1344 1457/1968/1410
f 1458/1982/1420 1386/1844/1322 1456/1967/1409
f 1448/1956/1402 1386/1844/1322 1447/1961/1404
f 1383/1866/1341 1382/1965/1407 1384/1871/1343
f 1447/1961/1404 1386/1844/1322 1382/1965/1407
f 1366/1983/1421 1230/1696/1183 1229/1984/1182
f 1366/1985/1421 1228/1691/1179 1074/1507/1029
f 1385/1966/1408 1078/1504/1026 1384/1871/1343
f 1260/1846/1324 1259/1741/1220 1030/1438/977
f 1309/1791/1269 1459/1986/1422 1460/1987/1423
f 1460/1987/1423 1461/1795/1273 1462/1988/1424
f 1461/1795/1273 1464/1989/1425 1462/1988/1424
f 1464/1989/1425 1465/1990/1426 1466/1991/1427
f 1309/1992/1269 1467/1927/1383 1417/1917/1375
f 1460/1993/1423 1468/1994/1428 1467/1927/1383
f 1464/1995/1425 1468/1994/1428 1462/1996/1424
f 1464/1995/1425 1470/1932/1387 1469/1799/1277
f 1326/1817/1295 1465/1990/1426 1325/1806/1284
f 1468/1994/1428 1426/1801/1279 1423/1920/1377
f 1313/1790/1268 1459/1986/1422 1308/1784/1263
f 1420/1916/1374 1468/1994/1428 1423/1920/1377
f 1471/1997/503 1485/1998/503 1498/1999/503
f 1498/1999/503 1485/1998/503 1499/2000/503
f 1498/1999/503 1512/2001/503 1525/2002/503
f 1525/2002/503 1512/2001/503 1526/2003/503
f 1525/2002/503 1539/2004/503 1552/2005/503
f 1552/2005/503 1539/2004/503 1553/2006/503
f 1552/2005/503 1566/2007/503 1579/2008/503
f 1579/2008/503 1566/2007/503 1580/2009/503
f 1579/2008/503 1593/2010/503 1606/2011/503
f 1606/2011/503 1593/2010/503 1607/2012/503
f 1606/2011/503 1620/2013/503 1633/2014/503
f 1633/2014/503 1620/2013/503 1634/2015/503
f 1633/2014/503 1647/2016/503 1660/2017/503
f 1660/2017/503 1647/2016/503 1661/2018/503
f 1660/2017/503 1674/2019/503 1687/2020/503
f 1687/2020/503 1674/2019/503 1688/2021/503
f 1687/2020/503 1701/2022/503 1714/2023/503
f 1714/2023/503 1701/2022/503 1715/2024/503
f 1714/2023/503 1728/2025/503 1741/2026/503
f 1741/2026/503 1728/2025/503 1742/2027/503
f 1741/2026/503 1755/2028/503 1768/2029/503
f 1768/2029/503 1755/2028/503 1769/2030/503
f 1768/2029/503 1782/2031/503 1471/1997/503
f 1471/1997/503 1782/2031/503 1472/2032/503
f 1473/2033/516 1485/2034/515 1472/2035/516
f 1486/2036/515 1499/2037/514 1485/2034/515
f 1500/2038/514 1512/2039/513 1499/2037/514
f 1513/2040/513 1526/2041/512 1512/2039/513
f 1527/2042/512 1539/2043/511 1526/2041/512
f 1540/2044/511 1553/2045/510 1539/2043/511
f 1554/2046/510 1566/2047/509 1553/2045/510
f 1566/2047/509 1581/2048/508 1580/2049/508
f 1581/2048/508 1593/2050/507 1580/2049/508
f 1594/2051/507 1607/2052/506 1593/2050/507
f 1608/2053/506 1620/2054/504 1607/2052/506
f 1621/2055/504 1634/2056/505 1620/2054/504
f 1635/2057/505 1647/2058/527 1634/2059/505
f 1648/2060/527 1661/2061/526 1647/2058/527
f 1662/2062/526 1674/2063/525 1661/2061/526
f 1675/2064/525 1688/2065/524 1674/2063/525
f 1688/2065/524 1702/2066/523 1701/2067/523
f 1702/2066/523 1715/2068/522 1701/2067/523
f 1716/2069/522 1728/2070/521 1715/2068/522
f 1728/2070/521 1743/2071/520 1742/2072/520
f 1743/2071/520 1755/2073/519 1742/2072/520
f 1755/2073/519 1770/2074/518 1769/2075/518
f 1770/2074/518 1782/2076/517 1769/2075/518
f 1783/2077/517 1472/2035/516 1782/2076/517
f 1474/2078/528 1486/2079/528 1473/2080/528
f 1487/2081/528 1500/2082/528 1486/2079/528
f 1501/2083/528 1513/2084/528 1500/2082/528
f 1514/2085/528 1527/2086/528 1513/2084/528
f 1528/2087/528 1540/2088/528 1527/2086/528
f 1541/2089/528 1554/2090/528 1540/2088/528
f 1555/2091/528 1567/2092/528 1554/2090/528
f 1568/2093/528 1581/2094/528 1567/2092/528
f 1582/2095/528 1594/2096/528 1581/2094/528
f 1595/2097/528 1608/2098/528 1594/2096/528
f 1609/2099/528 1621/2100/528 1608/2098/528
f 1622/2101/528 1635/2102/528 1621/2100/528
f 1636/2103/528 1648/2104/528 1635/2102/528
f 1649/2105/528 1662/2106/528 1648/2104/528
f 1663/2107/528 1675/2108/528 1662/2106/528
f 1676/2109/528 1689/2110/528 1675/2108/528
f 1690/2111/528 1702/2112/528 1689/2110/528
f 1703/2113/528 1716/2114/528 1702/2112/528
f 1717/2115/528 1729/2116/528 1716/2114/528
f 1730/2117/528 1743/2118/528 1729/2116/528
f 1744/2119/528 1756/2120/528 1743/2118/528
f 1757/2121/528 1770/2122/528 1756/2120/528
f 1771/2123/528 1783/2124/528 1770/2122/528
f 1784/2125/528 1473/2080/528 1783/2124/528
f 1483/2126/554 1488/2127/551 1496/2128/552
f 1488/2127/551 1510/2129/550 1496/2128/552
f 1510/2129/550 1515/2130/547 1523/2131/548
f 1523/2131/548 1529/2132/545 1537/2133/546
f 1537/2133/546 1542/2134/543 1550/2135/544
f 1550/2135/544 1556/2136/541 1564/2137/542
f 1564/2137/542 1569/2138/539 1577/2139/540
f 1577/2139/540 1583/2140/537 1591/2141/538
f 1591/2141/538 1596/2142/534 1604/2143/536
f 1604/2143/536 1610/2144/535 1618/2145/532
f 1618/2145/532 1623/2146/530 1631/2147/533
f 1631/2147/533 1637/2148/531 1645/2149/529
f 1645/2150/529 1650/2151/575 1658/2152/576
f 1658/2152/576 1664/2153/573 1672/2154/574
f 1672/2154/574 1677/2155/571 1685/2156/572
f 1685/2156/572 1691/2157/569 1699/2158/570
f 1699/2158/570 1704/2159/567 1712/2160/568
f 1712/2160/568 1718/2161/565 1726/2162/566
f 1726/2162/566 1731/2163/563 1739/2164/564
f 1739/2164/564 1745/2165/561 1753/2166/562
f 1753/2166/562 1758/2167/559 1766/2168/560
f 1766/2168/560 1772/2169/557 1780/2170/558
f 1780/2170/558 1785/2171/555 1793/2172/556
f 1793/2172/556 1475/2173/553 1483/2126/554
f 1843/2174/602 1489/2175/599 1844/2176/600
f 1844/2176/600 1503/2177/597 1845/2178/598
f 1845/2178/598 1516/2179/595 1846/2180/596
f 1846/2180/596 1530/2181/593 1847/2182/594
f 1847/2182/594 1543/2183/591 1848/2184/592
f 1848/2184/592 1557/2185/588 1849/2186/590
f 1849/2186/590 1570/2187/589 1850/2188/586
f 1850/2188/586 1584/2189/585 1851/2190/587
f 1851/2190/587 1597/2191/583 1852/2192/584
f 1852/2192/584 1611/2193/1429 1853/2194/582
f 1853/2194/582 1624/2195/578 1854/2196/580
f 1854/2196/580 1638/2197/579 1855/2198/577
f 1855/2199/577 1651/2200/623 1856/2201/624
f 1856/2201/624 1665/2202/621 1857/2203/622
f 1857/2203/622 1678/2204/618 1858/2205/620
f 1678/2204/618 1859/2206/616 1858/2205/620
f 1692/2207/619 1860/2208/614 1859/2206/616
f 1705/2209/617 1861/2210/615 1860/2208/614
f 1719/2211/612 1862/2212/610 1861/2210/615
f 1732/2213/613 1863/2214/608 1862/2212/610
f 1863/2214/608 1759/2215/607 1864/2216/609
f 1864/2216/609 1773/2217/605 1865/2218/606
f 1865/2218/606 1786/2219/603 1866/2220/604
f 1866/2220/604 1476/2221/601 1843/2174/602
f 1477/2222/637 1489/2175/599 1476/2221/601
f 1490/2223/636 1503/2177/597 1489/2175/599
f 1503/2177/597 1517/2224/635 1516/2179/595
f 1517/2224/635 1530/2181/593 1516/2179/595
f 1531/2225/633 1543/2183/591 1530/2181/593
f 1544/2226/631 1557/2185/588 1543/2183/591
f 1557/2185/588 1571/2227/630 1570/2187/589
f 1570/2187/589 1585/2228/629 1584/2189/585
f 1585/2228/629 1597/2191/583 1584/2189/585
f 1597/2191/583 1612/2229/626 1611/2193/1429
f 1611/2193/1429 1625/2230/627 1624/2195/578
f 1624/2195/578 1639/2231/625 1638/2197/579
f 1638/2232/579 1652/2233/647 1651/2200/623
f 1652/2233/647 1665/2202/621 1651/2200/623
f 1666/2234/648 1678/2204/618 1665/2202/621
f 1679/2235/646 1692/2207/619 1678/2204/618
f 1692/2207/619 1706/2236/644 1705/2209/617
f 1705/2209/617 1720/2237/643 1719/2211/612
f 1719/2211/612 1733/2238/641 1732/2213/613
f 1732/2213/613 1747/2239/642 1746/2240/611
f 1746/2240/611 1760/2241/640 1759/2215/607
f 1760/2241/640 1773/2217/605 1759/2215/607
f 1773/2217/605 1787/2242/638 1786/2219/603
f 1786/2219/603 1477/2222/637 1476/2221/601
f 1478/2243/661 1490/2223/636 1477/2222/637
f 1490/2223/636 1505/2244/659 1504/2245/634
f 1504/2245/634 1518/2246/1430 1517/2224/635
f 1518/2246/1430 1531/2225/633 1517/2224/635
f 1532/2247/657 1544/2226/631 1531/2225/633
f 1545/2248/656 1558/2249/632 1544/2226/631
f 1559/2250/655 1571/2227/630 1558/2249/632
f 1572/2251/654 1585/2228/629 1571/2227/630
f 1586/2252/653 1598/2253/628 1585/2228/629
f 1598/2253/628 1613/2254/1431 1612/2229/626
f 1613/2254/1431 1625/2230/627 1612/2229/626
f 1626/2255/650 1639/2231/625 1625/2230/627
f 1640/2256/649 1652/2233/647 1639/2257/625
f 1652/2233/647 1667/2258/671 1666/2234/648
f 1666/2234/648 1680/2259/1432 1679/2235/646
f 1679/2235/646 1694/2260/669 1693/2261/645
f 1694/2260/669 1706/2236/644 1693/2261/645
f 1707/2262/668 1720/2237/643 1706/2236/644
f 1721/2263/667 1733/2238/641 1720/2237/643
f 1734/2264/666 1747/2239/642 1733/2238/641
f 1748/2265/664 1760/2241/640 1747/2239/642
f 1761/2266/1433 1774/2267/639 1760/2241/640
f 1775/2268/662 1787/2242/638 1774/2267/639
f 1788/2269/663 1477/2222/637 1787/2242/638
f 1479/2270/685 1491/2271/660 1478/2243/661
f 1492/2272/684 1505/2244/659 1491/2271/660
f 1505/2244/659 1519/2273/682 1518/2246/1430
f 1519/2273/682 1532/2247/657 1518/2246/1430
f 1533/2274/681 1545/2248/656 1532/2247/657
f 1546/2275/680 1559/2250/655 1545/2248/656
f 1560/2276/679 1572/2251/654 1559/2250/655
f 1573/2277/678 1586/2252/653 1572/2251/654
f 1587/2278/677 1599/2279/1434 1586/2252/653
f 1600/2280/675 1613/2254/1431 1599/2279/1434
f 1614/2281/676 1626/2255/650 1613/2254/1431
f 1627/2282/674 1640/2283/649 1626/2255/650
f 1641/2284/673 1653/2285/672 1640/2256/649
f 1654/2286/696 1667/2258/671 1653/2285/672
f 1668/2287/694 1680/2259/1432 1667/2258/671
f 1681/2288/695 1694/2260/669 1680/2259/1432
f 1695/2289/693 1707/2262/668 1694/2260/669
f 1708/2290/692 1721/2263/667 1707/2262/668
f 1722/2291/691 1734/2264/666 1721/2263/667
f 1735/2292/690 1748/2265/664 1734/2264/666
f 1749/2293/689 1761/2266/1433 1748/2265/664
f 1762/2294/688 1775/2268/662 1761/2266/1433
f 1776/2295/687 1788/2269/663 1775/2268/662
f 1789/2296/686 1478/2243/661 1788/2269/663
f 1480/2297/709 1868/2298/708 1867/2299/709
f 1493/2300/708 1869/2301/707 1868/2298/708
f 1507/2302/707 1870/2303/706 1869/2301/707
f 1520/2304/706 1871/2305/705 1870/2303/706
f 1534/2306/705 1872/2307/704 1871/2305/705
f 1547/2308/704 1873/2309/703 1872/2307/704
f 1561/2310/703 1874/2311/702 1873/2309/703
f 1874/2311/702 1588/2312/701 1875/2313/701
f 1588/2312/701 1876/2314/700 1875/2313/701
f 1601/2315/700 1877/2316/699 1876/2314/700
f 1615/2317/699 1878/2318/697 1877/2316/699
f 1628/2319/697 1879/2320/698 1878/2318/697
f 1642/2321/698 1880/2322/720 1879/2323/698
f 1880/2322/720 1669/2324/719 1881/2325/719
f 1881/2325/719 1682/2326/718 1882/2327/718
f 1682/2326/718 1883/2328/717 1882/2327/718
f 1696/2329/717 1884/2330/716 1883/2328/717
f 1709/2331/716 1885/2332/715 1884/2330/716
f 1723/2333/715 1886/2334/714 1885/2332/715
f 1736/2335/714 1887/2336/713 1886/2334/714
f 1750/2337/713 1888/2338/712 1887/2336/713
f 1763/2339/712 1889/2340/711 1888/2338/712
f 1777/2341/711 1890/2342/710 1889/2340/711
f 1790/2343/710 1867/2299/709 1890/2342/710
f 1480/2344/746 1494/2345/743 1493/2346/744
f 1493/2346/744 1508/2347/741 1507/2348/742
f 1508/2347/741 1520/2349/740 1507/2348/742
f 1520/2349/740 1535/2350/737 1534/2351/738
f 1534/2351/738 1548/2352/735 1547/2353/736
f 1547/2353/736 1562/2354/733 1561/2355/734
f 1561/2355/734 1575/2356/731 1574/2357/732
f 1574/2357/732 1589/2358/728 1588/2359/730
f 1588/2359/730 1602/2360/1435 1601/2361/726
f 1601/2361/726 1616/2362/724 1615/2363/727
f 1615/2363/727 1629/2364/1436 1628/2365/721
f 1628/2365/721 1643/2366/722 1642/2367/723
f 1642/2368/723 1656/2369/766 1655/2370/768
f 1655/2370/768 1670/2371/1437 1669/2372/764
f 1669/2372/764 1683/2373/1438 1682/2374/765
f 1682/2374/765 1697/2375/761 1696/2376/762
f 1696/2376/762 1710/2377/759 1709/2378/760
f 1709/2378/760 1724/2379/757 1723/2380/758
f 1723/2380/758 1737/2381/755 1736/2382/756
f 1736/2382/756 1751/2383/752 1750/2384/754
f 1750/2384/754 1764/2385/1439 1763/2386/750
f 1764/2385/1439 1777/2387/751 1763/2386/750
f 1777/2387/751 1791/2388/747 1790/2389/748
f 1790/2389/748 1481/2390/745 1480/2344/746
f 1481/2390/745 1495/2391/779 1494/2345/743
f 1495/2391/779 1508/2347/741 1494/2345/743
f 1508/2347/741 1522/2392/778 1521/2393/1440
f 1521/2393/1440 1536/2394/1441 1535/2350/737
f 1535/2350/737 1549/2395/1442 1548/2352/735
f 1548/2352/735 1563/2396/775 1562/2354/733
f 1563/2396/775 1575/2356/731 1562/2354/733
f 1575/2356/731 1590/2397/1443 1589/2358/728
f 1589/2358/728 1603/2398/771 1602/2360/1435
f 1603/2398/771 1616/2362/724 1602/2360/1435
f 1616/2362/724 1630/2399/1444 1629/2364/1436
f 1629/2364/1436 1644/2400/770 1643/2366/722
f 1643/2401/722 1657/2402/792 1656/2369/766
f 1656/2369/766 1671/2403/791 1670/2371/1437
f 1670/2371/1437 1684/2404/790 1683/2373/1438
f 1684/2404/790 1697/2375/761 1683/2373/1438
f 1697/2375/761 1711/2405/788 1710/2377/759
f 1710/2377/759 1725/2406/787 1724/2379/757
f 1724/2379/757 1738/2407/785 1737/2381/755
f 1737/2381/755 1752/2408/786 1751/2383/752
f 1751/2383/752 1765/2409/784 1764/2385/1439
f 1764/2385/1439 1779/2410/783 1778/2411/1445
f 1779/2410/783 1791/2388/747 1778/2411/1445
f 1791/2388/747 1482/2412/781 1481/2390/745
f 1483/2126/554 1487/2413/804 1474/2414/806
f 1496/2128/552 1501/2415/802 1487/2413/804
f 1510/2129/550 1514/2416/803 1501/2415/802
f 1523/2131/548 1528/2417/801 1514/2416/803
f 1537/2133/546 1541/2418/1446 1528/2417/801
f 1550/2135/544 1555/2419/799 1541/2418/1446
f 1564/2137/542 1568/2420/1447 1555/2419/799
f 1577/2139/540 1582/2421/797 1568/2420/1447
f 1582/2421/797 1604/2143/536 1595/2422/796
f 1604/2143/536 1609/2423/794 1595/2422/796
f 1618/2145/532 1622/2424/795 1609/2423/794
f 1622/2424/795 1645/2149/529 1636/2425/793
f 1645/2150/529 1649/2426/1448 1636/2427/793
f 1658/2152/576 1663/2428/815 1649/2426/1448
f 1672/2154/574 1676/2429/814 1663/2428/815
f 1685/2156/572 1690/2430/813 1676/2429/814
f 1690/2430/813 1712/2160/568 1703/2431/811
f 1703/2431/811 1726/2162/566 1717/2432/812
f 1726/2162/566 1730/2433/810 1717/2432/812
f 1739/2164/564 1744/2434/809 1730/2433/810
f 1753/2166/562 1757/2435/808 1744/2434/809
f 1766/2168/560 1771/2436/807 1757/2435/808
f 1780/2170/558 1784/2437/1449 1771/2436/807
f 1793/2172/556 1474/2414/806 1784/2437/1449
f 1497/2438/1450 1471/2439/1451 1498/2440/1452
f 1497/2438/1450 1498/2440/1452 1524/2441/1453
f 1524/2441/1453 1498/2440/1452 1525/2442/1454
f 1524/2441/1453 1525/2442/1454 1551/2443/1455
f 1551/2443/1455 1525/2442/1454 1552/2444/1456
f 1551/2443/1455 1552/2444/1456 1578/2445/1457
f 1578/2445/1457 1552/2444/1456 1579/2446/1458
f 1578/2445/1457 1579/2446/1458 1605/2447/1459
f 1605/2447/1459 1579/2446/1458 1606/2448/1460
f 1605/2447/1459 1606/2448/1460 1632/2449/1461
f 1632/2449/1461 1606/2448/1460 1633/2450/1462
f 1632/2449/1461 1633/2450/1462 1659/2451/1463
f 1659/2452/1463 1633/2453/1462 1660/2454/1464
f 1659/2452/1463 1660/2454/1464 1686/2455/1465
f 1686/2455/1465 1660/2454/1464 1687/2456/1466
f 1686/2455/1465 1687/2456/1466 1713/2457/1467
f 1713/2457/1467 1687/2456/1466 1714/2458/1468
f 1713/2457/1467 1714/2458/1468 1740/2459/1469
f 1740/2459/1469 1714/2458/1468 1741/2460/1470
f 1740/2459/1469 1741/2460/1470 1767/2461/1471
f 1767/2461/1471 1741/2460/1470 1768/2462/1472
f 1767/2461/1471 1768/2462/1472 1794/2463/1473
f 1794/2463/1473 1768/2462/1472 1471/2439/1451
f 1794/2463/1473 1471/2439/1451 1497/2438/1450
f 1511/2464/1474 1497/2438/1450 1524/2441/1453
f 1511/2464/1474 1524/2441/1453 1538/2465/1475
f 1538/2465/1475 1524/2441/1453 1551/2443/1455
f 1538/2465/1475 1551/2443/1455 1565/2466/1476
f 1565/2466/1476 1551/2443/1455 1578/2445/1457
f 1565/2466/1476 1578/2445/1457 1592/2467/1477
f 1592/2467/1477 1578/2445/1457 1605/2447/1459
f 1592/2467/1477 1605/2447/1459 1619/2468/1478
f 1619/2468/1478 1605/2447/1459 1632/2449/1461
f 1619/2468/1478 1632/2449/1461 1646/2469/1479
f 1646/2469/1479 1632/2449/1461 1659/2451/1463
f 1646/2470/1479 1659/2452/1463 1673/2471/1480
f 1673/2471/1480 1659/2452/1463 1686/2455/1465
f 1673/2471/1480 1686/2455/1465 1700/2472/1481
f 1700/2472/1481 1686/2455/1465 1713/2457/1467
f 1700/2472/1481 1713/2457/1467 1727/2473/1482
f 1727/2473/1482 1713/2457/1467 1740/2459/1469
f 1727/2473/1482 1740/2459/1469 1754/2474/1483
f 1754/2474/1483 1740/2459/1469 1767/2461/1471
f 1754/2474/1483 1767/2461/1471 1781/2475/1484
f 1781/2475/1484 1767/2461/1471 1794/2463/1473
f 1781/2475/1484 1794/2463/1473 1484/2476/1485
f 1484/2476/1485 1794/2463/1473 1497/2438/1450
f 1484/2476/1485 1511/2464/1474 974/2477/929
f 1754/2474/1483 975/2478/926 976/2479/928
f 1673/2471/1480 977/2480/980 1035/2481/988
f 1592/2467/1477 1043/2482/1030 1042/2483/993
f 1511/2464/1474 1041/2484/992 974/2477/929
f 1754/2474/1483 1781/2475/1484 975/2478/926
f 1673/2471/1480 1700/2472/1481 977/2480/980
f 1592/2467/1477 1619/2468/1478 1043/2482/1030
f 1511/2464/1474 1538/2465/1475 1041/2484/992
f 1484/2476/1485 975/2478/926 1781/2475/1484
f 1700/2472/1481 976/2479/928 977/2480/980
f 1646/2469/1479 1043/2482/1030 1619/2468/1478
f 1538/2465/1475 1042/2483/993 1041/2484/992
f 1727/2473/1482 1754/2474/1483 976/2479/928
f 1646/2470/1479 1673/2471/1480 1035/2481/988
f 1565/2466/1476 1592/2467/1477 1042/2483/993
f 1484/2476/1485 1497/2438/1450 1511/2464/1474
f 1797/1908/1367 1798/1773/1252 1799/1775/1254
f 1800/1786/1265 1801/1781/1260 1413/1903/1364
f 1796/2485/528 1302/2486/528 1803/2487/528
f 1795/2488/1486 1301/1909/1368 1300/1911/1370
f 1409/1782/1261 1795/2489/1366 1295/1900/1251
f 1797/2490/1367 1302/2491/1487 1798/2492/1252
f 1796/2485/528 1412/2493/528 1800/2494/528
f 1795/2488/1486 1802/2495/1488 1797/2496/1489
f 1801/2497/1260 1412/2498/1490 1301/2499/1491
f 1412/2498/1490 1805/2500/1492 1301/2499/1491
f 1804/2501/1493 1807/2502/1494 1805/2500/1492
f 1806/2503/1494 1809/2504/1495 1807/2502/1494
f 1809/2504/1495 1810/2505/1496 1811/2506/1496
f 1810/2505/1496 840/1139/865 1811/2506/1496
f 842/1143/867 1812/2507/1497 1813/2508/1497
f 1812/2507/1497 1815/2509/1498 1813/2508/1497
f 1814/2510/1498 1817/2511/1499 1815/2509/1498
f 1816/2512/1499 1819/2513/1500 1817/2511/1499
f 1819/2513/1500 1302/2491/1487 1802/2514/1501
f 1823/2515/1502 1820/2516/1503 1821/2517/1503
f 1825/2518/1504 1822/2519/1502 1823/2515/1502
f 1827/2520/1505 1824/2521/1504 1825/2518/1504
f 1829/2522/1506 1826/2523/1505 1827/2520/1505
f 1831/2524/1507 1828/2525/1506 1829/2522/1506
f 864/1163/878 1830/2526/1507 1831/2524/1507
f 1833/2527/1508 865/1164/879 866/1166/879
f 1835/2528/1509 1832/2529/1508 1833/2527/1508
f 1835/2528/1509 1836/2530/1510 1834/2531/1509
f 1839/2532/1511 1836/2530/1510 1837/2533/1510
f 1841/2534/1512 1838/2535/1511 1839/2532/1511
f 1821/2536/1503 1840/2537/1513 1841/2534/1512
f 1822/2538/528 1804/2539/528 1412/2493/528
f 1805/2540/1514 1823/2541/1515 1301/1909/1368
f 1824/2542/528 1806/2543/528 1804/2539/528
f 1827/2544/1516 1805/2540/1514 1807/2545/1516
f 1826/2546/528 1808/2547/528 1806/2543/528
f 1809/2548/1517 1827/2544/1516 1807/2545/1516
f 1828/2549/528 1810/2550/528 1808/2547/528
f 1811/2551/1518 1829/2552/1517 1809/2548/1517
f 1830/2553/528 839/1193/528 1810/2550/528
f 864/1195/893 1811/2551/1518 840/1196/893
f 865/1198/528 1812/2554/528 841/1199/528
f 1833/2555/1519 842/1200/894 1813/2556/1519
f 1812/2554/528 1834/2557/528 1814/2558/528
f 1835/2559/1520 1813/2556/1519 1815/2560/1520
f 1814/2558/528 1836/2561/528 1816/2562/528
f 1837/2563/1521 1815/2560/1520 1817/2564/1521
f 1836/2561/528 1818/2565/528 1816/2562/528
f 1839/2566/1522 1817/2564/1521 1819/2567/1523
f 1818/2565/528 1840/2568/528 1302/2486/528
f 1841/2569/1524 1819/2567/1523 1802/2495/1488
f 1302/2486/528 1820/2570/528 1803/2487/528
f 1802/2495/1488 1821/1910/1369 1841/2569/1524
f 1820/2570/528 1412/2493/528 1803/2487/528
f 1576/2571/528 1896/2572/528 1897/2573/528
f 1563/2574/528 1895/2575/528 1896/2572/528
f 1549/2576/528 1894/2577/528 1895/2575/528
f 1522/2578/528 1894/2577/528 1536/2579/528
f 1509/2580/528 1893/2581/528 1522/2578/528
f 1495/2582/528 1892/2583/528 1509/2580/528
f 1495/2582/528 1842/2584/528 1891/2585/528
f 1482/2586/528 1913/2587/528 1842/2584/528
f 1779/2588/528 1913/2587/528 1792/2589/528
f 1779/2588/528 1911/2590/528 1912/2591/528
f 1752/2592/528 1911/2590/528 1765/2593/528
f 1752/2592/528 1909/2594/528 1910/2595/528
f 1590/2596/528 1899/2597/528 1603/2598/528
f 1603/2598/528 1900/2599/528 1617/2600/528
f 1738/2601/528 1908/2602/528 1909/2594/528
f 1725/2603/528 1907/2604/528 1908/2602/528
f 1711/2605/528 1906/2606/528 1907/2604/528
f 1684/2607/528 1906/2606/528 1698/2608/528
f 1684/2607/528 1904/2609/528 1905/2610/528
f 1657/2611/528 1904/2609/528 1671/2612/528
f 1644/2613/528 1903/2614/528 1657/2611/528
f 1644/2615/528 1901/2616/528 1902/2617/528
f 1617/2600/528 1901/2616/528 1630/2618/528
f 1590/2596/528 1897/2573/528 1898/2619/528
f 1785/2620/604 1843/2174/602 1475/2621/602
f 1772/2622/606 1866/2220/604 1785/2620/604
f 1758/2623/609 1865/2218/606 1772/2622/606
f 1745/2624/608 1864/2216/609 1758/2623/609
f 1731/2625/610 1863/2214/608 1745/2624/608
f 1718/2626/615 1862/2212/610 1731/2625/610
f 1704/2627/614 1861/2210/615 1718/2626/615
f 1859/2206/616 1704/2627/614 1691/2628/616
f 1677/2629/620 1859/2206/616 1691/2628/616
f 1664/2630/622 1858/2205/620 1677/2629/620
f 1856/2201/624 1664/2630/622 1650/2631/624
f 1637/2632/577 1856/2201/624 1650/2631/624
f 1623/2633/580 1855/2198/577 1637/2634/577
f 1610/2635/582 1854/2196/580 1623/2633/580
f 1852/2192/584 1610/2635/582 1596/2636/584
f 1583/2637/587 1852/2192/584 1596/2636/584
f 1569/2638/586 1851/2190/587 1583/2637/587
f 1556/2639/590 1850/2188/586 1569/2638/586
f 1542/2640/592 1849/2186/590 1556/2639/590
f 1529/2641/594 1848/2184/592 1542/2640/592
f 1846/2180/596 1529/2641/594 1515/2642/596
f 1502/2643/598 1846/2180/596 1515/2642/596
f 1488/2644/600 1845/2178/598 1502/2643/598
f 1475/2621/602 1844/2176/600 1488/2644/600
f 1890/2342/710 1479/2645/709 1789/2646/710
f 1889/2340/711 1789/2646/710 1776/2647/711
f 1762/2648/712 1889/2340/711 1776/2647/711
f 1749/2649/713 1888/2338/712 1762/2648/712
f 1886/2334/714 1749/2649/713 1735/2650/714
f 1722/2651/715 1886/2334/714 1735/2650/714
f 1884/2330/716 1722/2651/715 1708/2652/716
f 1695/2653/717 1884/2330/716 1708/2652/716
f 1882/2327/718 1695/2653/717 1681/2654/718
f 1881/2325/719 1681/2654/718 1668/2655/719
f 1880/2322/720 1668/2655/719 1654/2656/720
f 1879/2323/698 1654/2656/720 1641/2657/698
f 1878/2318/697 1641/2658/698 1627/2659/697
f 1877/2316/699 1627/2659/697 1614/2660/699
f 1876/2314/700 1614/2660/699 1600/2661/700
f 1587/2662/701 1876/2314/700 1600/2661/700
f 1874/2311/702 1587/2662/701 1573/2663/702
f 1873/2309/703 1573/2663/702 1560/2664/703
f 1546/2665/704 1873/2309/703 1560/2664/703
f 1871/2305/705 1546/2665/704 1533/2666/705
f 1519/2667/706 1871/2305/705 1533/2666/705
f 1869/2301/707 1519/2667/706 1506/2668/707
f 1868/2298/708 1506/2668/707 1492/2669/708
f 1867/2299/709 1492/2669/708 1479/2645/709
f 1892/2670/904 1917/2671/905 1893/2672/905
f 1899/2673/902 1924/2674/903 1900/2675/903
f 1906/2676/919 1931/2677/922 1907/2678/922
f 1891/2679/924 1916/2680/904 1892/2670/904
f 1913/2681/918 1914/2682/921 1842/2683/921
f 1898/2684/923 1923/2685/902 1899/2673/902
f 1905/2686/916 1930/2687/919 1906/2676/919
f 1842/2683/921 1915/2688/924 1891/2679/924
f 1912/2689/915 1937/2690/918 1913/2681/918
f 1897/2691/920 1922/2692/923 1898/2684/923
f 1904/2693/913 1929/2694/916 1905/2686/916
f 1911/2695/912 1936/2696/915 1912/2689/915
f 1896/2697/917 1921/2698/920 1897/2691/920
f 1903/2699/910 1928/2700/913 1904/2693/913
f 1910/2701/907 1935/2702/912 1911/2695/912
f 1895/2703/914 1920/2704/917 1896/2697/917
f 1902/2705/909 1927/2706/910 1903/2699/910
f 1909/2707/906 1934/2708/907 1910/2701/907
f 1894/2709/911 1919/2710/914 1895/2703/914
f 1901/2711/908 1926/2712/909 1902/2713/909
f 1908/2714/925 1933/2715/906 1909/2707/906
f 1893/2672/905 1918/2716/911 1894/2709/911
f 1900/2675/903 1925/2717/908 1901/2711/908
f 1907/2678/922 1932/2718/925 1908/2714/925
f 1933/2719/528 1938/2720/528 1934/2721/528
f 1918/2722/528 1938/2720/528 1919/2723/528
f 1925/2724/528 1938/2720/528 1926/2725/528
f 1932/2726/528 1938/2720/528 1933/2719/528
f 1917/2727/528 1938/2720/528 1918/2722/528
f 1924/2728/528 1938/2720/528 1925/2724/528
f 1931/2729/528 1938/2720/528 1932/2726/528
f 1916/2730/528 1938/2720/528 1917/2727/528
f 1923/2731/528 1938/2720/528 1924/2728/528
f 1930/2732/528 1938/2720/528 1931/2729/528
f 1915/2733/528 1938/2720/528 1916/2730/528
f 1922/2734/528 1938/2720/528 1923/2731/528
f 1929/2735/528 1938/2720/528 1930/2732/528
f 1914/2736/528 1938/2720/528 1915/2733/528
f 1936/2737/528 1938/2720/528 1937/2738/528
f 1921/2739/528 1938/2720/528 1922/2734/528
f 1928/2740/528 1938/2720/528 1929/2735/528
f 1935/2741/528 1938/2720/528 1936/2737/528
f 1920/2742/528 1938/2720/528 1921/2739/528
f 1927/2743/528 1938/2720/528 1928/2740/528
f 1934/2721/528 1938/2720/528 1935/2741/528
f 1919/2723/528 1938/2720/528 1920/2742/528
f 1926/2725/528 1938/2720/528 1927/2743/528
f 1937/2738/528 1938/2720/528 1914/2736/528
f 2068/2744/503 1982/2745/503 1939/2746/503
f 2068/2747/503 2025/2748/503 1982/2745/503
f 2068/2749/503 2069/2750/503 2025/2748/503
f 2068/2751/503 2112/2752/503 2069/2750/503
f 2068/2753/503 2155/2754/503 2112/2752/503
f 2068/2755/503 2198/2756/503 2155/2754/503
f 2068/2757/503 2241/2758/503 2198/2756/503
f 2068/2759/503 2284/2760/503 2241/2758/503
f 2068/2761/503 2327/2762/503 2284/2760/503
f 2068/2763/503 2370/2764/503 2327/2762/503
f 2068/2765/503 2413/2766/503 2370/2764/503
f 2068/2767/503 2456/2768/503 2413/2766/503
f 2068/2769/503 2499/2770/503 2456/2768/503
f 2068/2771/503 2542/2772/503 2499/2770/503
f 2068/2773/503 2585/2774/503 2542/2772/503
f 2068/2775/503 2628/2776/503 2585/2774/503
f 2068/2777/503 2671/2778/503 2628/2776/503
f 2068/2779/503 2714/2780/503 2671/2778/503
f 2068/2781/503 2757/2782/503 2714/2780/503
f 2068/2783/503 2800/2784/503 2757/2782/503
f 2068/2785/503 2843/2786/503 2800/2784/503
f 2068/2787/503 2886/2788/503 2843/2786/503
f 2068/2789/503 2929/2790/503 2886/2788/503
f 2068/2791/503 1939/2746/503 2929/2790/503
f 1982/2792/1525 1940/2793/1526 1939/2794/1526
f 1982/2792/1525 2026/2795/1527 1983/2796/1525
f 2069/2797/1528 2026/2795/1527 2025/2798/1527
f 2069/2797/1528 2113/2799/1529 2070/2800/1528
f 2155/2801/1530 2113/2799/1529 2112/2802/1529
f 2198/2803/1531 2156/2804/1530 2155/2801/1530
f 2241/2805/1532 2199/2806/1531 2198/2803/1531
f 2284/2807/1533 2242/2808/1532 2241/2805/1532
f 2327/2809/1534 2285/2810/1533 2284/2807/1533
f 2370/2811/1535 2328/2812/1534 2327/2809/1534
f 2413/2813/1536 2371/2814/1535 2370/2811/1535
f 2413/2813/1536 2457/2815/1537 2414/2816/1536
f 2499/2817/1538 2457/2815/1537 2456/2818/1537
f 2542/2819/1539 2500/2820/1538 2499/2817/1538
f 2542/2819/1539 2586/2821/1540 2543/2822/1539
f 2628/2823/1541 2586/2821/1540 2585/2824/1540
f 2671/2825/1542 2629/2826/1541 2628/2823/1541
f 2714/2827/1543 2672/2828/1542 2671/2825/1542
f 2757/2829/1544 2715/2830/1543 2714/2827/1543
f 2800/2831/1545 2758/2832/1544 2757/2829/1544
f 2843/2833/1546 2801/2834/1545 2800/2831/1545
f 2886/2835/1547 2844/2836/1546 2843/2833/1546
f 2929/2837/1548 2887/2838/1547 2886/2835/1547
f 1939/2839/1526 2930/2840/1548 2929/2837/1548
f 3042/2841/1549 1941/2842/1550 2931/2843/1551
f 2982/2844/1552 2027/2845/1553 2979/2846/1554
f 2985/2847/1555 2071/2848/1556 2982/2844/1552
f 2988/2849/1557 2114/2850/1558 2985/2847/1555
f 2991/2851/1559 2157/2852/1560 2988/2849/1557
f 2994/2853/1561 2200/2854/1562 2991/2851/1559
f 2997/2855/1563 2243/2856/1564 2994/2853/1561
f 3000/2857/1565 2286/2858/1566 2997/2855/1563
f 3003/2859/1567 2329/2860/1568 3000/2857/1565
f 3006/2861/1569 2372/2862/1570 3003/2859/1567
f 3009/2863/1571 2415/2864/1572 3006/2861/1569
f 3012/2865/1573 2458/2866/1574 3009/2863/1571
f 3015/2867/1575 2501/2868/1576 3012/2865/1573
f 3018/2869/1577 2544/2870/1578 3015/2867/1575
f 3018/2869/1577 2630/2871/1579 2587/2872/1580
f 3024/2873/1581 2630/2871/1579 3021/2874/1582
f 3027/2875/1583 2673/2876/1584 3024/2873/1581
f 3030/2877/1585 2716/2878/1586 3027/2875/1583
f 3033/2879/1587 2759/2880/1588 3030/2877/1585
f 3036/2881/1589 2802/2882/1590 3033/2879/1587
f 3039/2883/1591 2845/2884/1592 3036/2881/1589
f 3042/2841/1549 2888/2885/1593 3039/2883/1591
f 2976/2886/1594 1941/2887/1550 2974/2888/1595
f 1983/2889/1596 2973/2890/1597 1940/2891/1598
f 2026/2892/1599 2977/2893/1600 1983/2889/1596
f 2070/2894/1601 2980/2895/1602 2026/2892/1599
f 2070/2894/1601 2986/2896/1603 2983/2897/1604
f 2156/2898/1605 2986/2896/1603 2113/2899/1606
f 2199/2900/1607 2989/2901/1608 2156/2898/1605
f 2242/2902/1609 2992/2903/1610 2199/2900/1607
f 2285/2904/1611 2995/2905/1612 2242/2902/1609
f 2328/2906/1613 2998/2907/1614 2285/2904/1611
f 2328/2906/1613 3004/2908/1615 3001/2909/1616
f 2414/2910/1617 3004/2908/1615 2371/2911/1618
f 2457/2912/1619 3007/2913/1620 2414/2910/1617
f 2500/2914/1621 3010/2915/1622 2457/2912/1619
f 2543/2916/1623 3013/2917/1624 2500/2914/1621
f 2586/2918/1625 3016/2919/1626 2543/2916/1623
f 2586/2918/1625 3022/2920/1627 3019/2921/1628
f 2672/2922/1629 3022/2920/1627 2629/2923/1630
f 2715/2924/1631 3025/2925/1632 2672/2922/1629
f 2758/2926/1633 3028/2927/1634 2715/2924/1631
f 2801/2928/1635 3031/2929/1636 2758/2926/1633
f 2844/2930/1637 3034/2931/1638 2801/2928/1635
f 2887/2932/1639 3037/2933/1640 2844/2930/1637
f 2930/2934/1641 3040/2935/1642 2887/2932/1639
f 2979/2846/1554 1984/2936/1643 2976/2886/1594
f 1984/2937/918 1942/2938/921 1941/2887/921
f 2027/2939/915 1985/2940/918 1984/2936/918
f 2071/2848/912 2028/2941/915 2027/2845/915
f 2114/2942/907 2072/2943/912 2071/2848/912
f 2157/2852/906 2115/2944/907 2114/2850/907
f 2200/2945/925 2158/2946/906 2157/2852/906
f 2243/2947/922 2201/2948/925 2200/2854/925
f 2286/2858/919 2244/2949/922 2243/2856/922
f 2329/2860/916 2287/2950/919 2286/2858/919
f 2372/2862/913 2330/2951/916 2329/2860/916
f 2415/2864/910 2373/2952/913 2372/2862/913
f 2458/2866/909 2416/2953/910 2415/2864/910
f 2501/2954/908 2459/2955/909 2458/2866/909
f 2544/2956/903 2502/2957/908 2501/2954/908
f 2587/2872/902 2545/2958/903 2544/2956/903
f 2630/2959/923 2588/2960/902 2587/2872/902
f 2673/2961/920 2631/2962/923 2630/2959/923
f 2716/2963/917 2674/2964/920 2673/2961/920
f 2759/2965/914 2717/2966/917 2716/2963/917
f 2802/2967/911 2760/2968/914 2759/2965/914
f 2845/2969/905 2803/2970/911 2802/2967/911
f 2888/2971/904 2846/2972/905 2845/2969/905
f 2931/2973/924 2889/2974/904 2888/2971/904
f 1941/2975/921 2932/2976/924 2931/2973/924
f 1985/2977/1644 1943/2978/1645 1942/2979/1646
f 2028/2980/1647 1986/2981/1648 1985/2982/1644
f 2072/2983/1649 2029/2984/1650 2028/2985/1647
f 2115/2986/1651 2073/2987/1652 2072/2983/1649
f 2158/2988/1653 2116/2989/1654 2115/2986/1651
f 2201/2990/1655 2159/2991/1656 2158/2988/1653
f 2244/2992/1657 2202/2993/1658 2201/2994/1655
f 2287/2995/1659 2245/2996/1660 2244/2997/1657
f 2330/2998/1661 2288/2999/1662 2287/2995/1659
f 2373/3000/1663 2331/3001/1664 2330/2998/1661
f 2416/3002/1665 2374/3003/1666 2373/3004/1663
f 2459/3005/1667 2417/3006/1668 2416/3007/1665
f 2459/3008/1667 2503/3009/1669 2460/3010/1670
f 2545/3011/1671 2503/3009/1669 2502/3012/1672
f 2545/3011/1671 2589/3013/1673 2546/3014/1674
f 2631/3015/1675 2589/3013/1673 2588/3016/1676
f 2674/3017/1677 2632/3018/1678 2631/3019/1675
f 2717/3020/1679 2675/3021/1680 2674/3017/1677
f 2760/3022/1681 2718/3023/1682 2717/3020/1679
f 2803/3024/1683 2761/3025/1684 2760/3026/1681
f 2846/3027/1685 2804/3028/1686 2803/3024/1683
f 2889/3029/1687 2847/3030/1688 2846/3031/1685
f 2932/3032/1689 2890/3033/1690 2889/3034/1687
f 1942/3035/1646 2933/3036/1691 2932/3032/1689
f 1986/2981/1648 1944/3037/1692 1943/2978/1645
f 2029/2984/1650 1987/3038/1693 1986/2981/1648
f 2073/2987/1652 2030/3039/1694 2029/2984/1650
f 2116/2989/1654 2074/3040/1695 2073/2987/1652
f 2159/2991/1656 2117/3041/1696 2116/2989/1654
f 2202/2993/1658 2160/3042/1697 2159/2991/1656
f 2245/2996/1660 2203/3043/1698 2202/2993/1658
f 2288/2999/1662 2246/3044/1699 2245/2996/1660
f 2331/3001/1664 2289/3045/1700 2288/2999/1662
f 2374/3003/1666 2332/3046/1701 2331/3001/1664
f 2417/3006/1668 2375/3047/1702 2374/3003/1666
f 2460/3010/1670 2418/3048/1703 2417/3006/1668
f 2503/3009/1669 2461/3049/1704 2460/3010/1670
f 2546/3014/1674 2504/3050/1705 2503/3009/1669
f 2589/3013/1673 2547/3051/1706 2546/3014/1674
f 2632/3018/1678 2590/3052/1707 2589/3013/1673
f 2675/3021/1680 2633/3053/1708 2632/3018/1678
f 2718/3023/1682 2676/3054/1709 2675/3021/1680
f 2761/3025/1684 2719/3055/1710 2718/3023/1682
f 2761/3025/1684 2805/3056/1711 2762/3057/1712
f 2847/3030/1688 2805/3056/1711 2804/3028/1686
f 2890/3033/1690 2848/3058/1713 2847/3030/1688
f 2933/3036/1691 2891/3059/1714 2890/3033/1690
f 1943/3060/1645 2934/3061/1715 2933/3036/1691
f 1987/3038/1693 1945/3062/921 1944/3037/1692
f 2030/3039/1694 1988/3063/918 1987/3038/1693
f 2074/3040/1695 2031/3064/915 2030/3039/1694
f 2117/3041/1696 2075/3065/912 2074/3040/1695
f 2160/3042/1697 2118/3066/907 2117/3041/1696
f 2203/3043/1698 2161/3067/906 2160/3042/1697
f 2246/3044/1699 2204/3068/925 2203/3043/1698
f 2289/3045/1700 2247/3069/922 2246/3044/1699
f 2332/3046/1701 2290/3070/919 2289/3045/1700
f 2375/3047/1702 2333/3071/916 2332/3046/1701
f 2418/3048/1703 2376/3072/913 2375/3047/1702
f 2461/3049/1704 2419/3073/910 2418/3048/1703
f 2504/3074/1705 2462/3075/909 2461/3049/1704
f 2547/3076/1706 2505/3077/908 2504/3074/1705
f 2590/3078/1707 2548/3079/903 2547/3076/1706
f 2633/3080/1708 2591/3081/902 2590/3078/1707
f 2676/3082/1709 2634/3083/923 2633/3080/1708
f 2719/3084/1710 2677/3085/920 2676/3082/1709
f 2762/3086/1712 2720/3087/917 2719/3084/1710
f 2805/3088/1711 2763/3089/914 2762/3086/1712
f 2848/3090/1713 2806/3091/911 2805/3088/1711
f 2891/3092/1714 2849/3093/905 2848/3090/1713
f 2934/3094/1715 2892/3095/904 2891/3092/1714
f 1944/3096/1692 2935/3097/924 2934/3094/1715
f 1988/3098/1716 1946/3099/1717 1945/3100/1717
f 2031/3101/1718 1989/3102/1716 1988/3098/1716
f 2075/3103/1719 2032/3104/1718 2031/3101/1718
f 2118/3105/1720 2076/3106/1719 2075/3103/1719
f 2161/3107/1721 2119/3108/1720 2118/3105/1720
f 2204/3109/1722 2162/3110/1721 2161/3107/1721
f 2247/3111/1723 2205/3112/1722 2204/3109/1722
f 2290/3113/1724 2248/3114/1723 2247/3111/1723
f 2333/3115/1725 2291/3116/1724 2290/3113/1724
f 2376/3117/1726 2334/3118/1725 2333/3115/1725
f 2419/3119/1727 2377/3120/1726 2376/3117/1726
f 2462/3121/1728 2420/3122/1727 2419/3119/1727
f 2505/3123/1729 2463/3124/1728 2462/3121/1728
f 2548/3125/1730 2506/3126/1729 2505/3123/1729
f 2591/3127/1731 2549/3128/1730 2548/3125/1730
f 2634/3129/1732 2592/3130/1731 2591/3127/1731
f 2677/3131/1733 2635/3132/1732 2634/3129/1732
f 2720/3133/1734 2678/3134/1733 2677/3131/1733
f 2763/3135/1735 2721/3136/1734 2720/3133/1734
f 2806/3137/1736 2764/3138/1735 2763/3135/1735
f 2849/3139/1737 2807/3140/1736 2806/3137/1736
f 2892/3141/1738 2850/3142/1737 2849/3139/1737
f 2935/3143/1739 2893/3144/1738 2892/3141/1738
f 1945/3145/1717 2936/3146/1739 2935/3143/1739
f 1989/3147/1740 1947/3148/1741 1946/3149/1742
f 2032/3150/1743 1990/3151/1744 1989/3147/1740
f 2076/3152/1745 2033/3153/1746 2032/3150/1743
f 2119/3154/1747 2077/3155/1748 2076/3152/1745
f 2162/3156/1749 2120/3157/1750 2119/3154/1747
f 2205/3158/1751 2163/3159/1752 2162/3156/1749
f 2248/3160/1753 2206/3161/1754 2205/3158/1751
f 2291/3162/1755 2249/3163/1756 2248/3160/1753
f 2334/3164/1757 2292/3165/1758 2291/3162/1755
f 2377/3166/1759 2335/3167/1760 2334/3164/1757
f 2420/3168/1761 2378/3169/1762 2377/3166/1759
f 2463/3170/1763 2421/3171/1764 2420/3168/1761
f 2506/3172/1765 2464/3173/1766 2463/3170/1763
f 2549/3174/1767 2507/3175/1768 2506/3172/1765
f 2592/3176/1769 2550/3177/1770 2549/3174/1767
f 2635/3178/1771 2593/3179/1772 2592/3176/1769
f 2678/3180/1773 2636/3181/1774 2635/3178/1771
f 2721/3182/1775 2679/3183/1776 2678/3180/1773
f 2764/3184/1777 2722/3185/1778 2721/3182/1775
f 2807/3186/1779 2765/3187/1780 2764/3184/1777
f 2850/3188/1781 2808/3189/1782 2807/3186/1779
f 2893/3190/1783 2851/3191/1784 2850/3188/1781
f 2936/3192/1785 2894/3193/1786 2893/3190/1783
f 1946/3194/1742 2937/3195/1787 2936/3192/1785
f 1990/3151/1744 1948/3196/1788 1947/3148/1741
f 2033/3153/1746 1991/3197/1789 1990/3151/1744
f 2077/3155/1748 2034/3198/1790 2033/3153/1746
f 2120/3157/1750 2078/3199/1791 2077/3155/1748
f 2163/3159/1752 2121/3200/1792 2120/3157/1750
f 2206/3161/1754 2164/3201/1793 2163/3159/1752
f 2249/3163/1756 2207/3202/1794 2206/3161/1754
f 2292/3165/1758 2250/3203/1795 2249/3163/1756
f 2335/3167/1760 2293/3204/1796 2292/3165/1758
f 2335/3167/1760 2379/3205/1797 2336/3206/1798
f 2421/3171/1764 2379/3205/1797 2378/3169/1762
f 2464/3173/1766 2422/3207/1799 2421/3171/1764
f 2507/3175/1768 2465/3208/1800 2464/3173/1766
f 2550/3177/1770 2508/3209/1801 2507/3175/1768
f 2593/3179/1772 2551/3210/1802 2550/3177/1770
f 2636/3181/1774 2594/3211/1803 2593/3179/1772
f 2679/3183/1776 2637/3212/1804 2636/3181/1774
f 2722/3185/1778 2680/3213/1805 2679/3183/1776
f 2722/3185/1778 2766/3214/1806 2723/3215/1807
f 2808/3189/1782 2766/3214/1806 2765/3187/1780
f 2851/3191/1784 2809/3216/1808 2808/3189/1782
f 2894/3193/1786 2852/3217/1809 2851/3191/1784
f 2937/3195/1787 2895/3218/1810 2894/3193/1786
f 1947/3219/1741 2938/3220/1811 2937/3195/1787
f 3046/3221/1812 2939/3222/1813 3114/3223/1814
f 3051/3224/1815 2079/3225/1816 2035/3226/1817
f 3054/3227/1818 2122/3228/1819 2079/3225/1816
f 3060/3229/1820 2122/3228/1819 3057/3230/1821
f 3063/3231/1822 2165/3232/1823 3060/3229/1820
f 3063/3231/1822 2251/3233/1824 2208/3234/1825
f 3069/3235/1826 2251/3233/1824 3066/3236/1827
f 3072/3237/1828 2294/3238/1829 3069/3235/1826
f 3075/3239/1830 2337/3240/1831 3072/3237/1828
f 3078/3241/1832 2380/3242/1833 3075/3239/1830
f 3081/3243/1834 2423/3244/1835 3078/3241/1832
f 3084/3245/1836 2466/3246/1837 3081/3243/1834
f 3084/3245/1836 2552/3247/1838 2509/3248/1839
f 3090/3249/1840 2552/3247/1838 3087/3250/1841
f 3090/3249/1840 2638/3251/1842 2595/3252/1843
f 3096/3253/1844 2638/3251/1842 3093/3254/1845
f 3099/3255/1846 2681/3256/1847 3096/3253/1844
f 3102/3257/1848 2724/3258/1849 3099/3255/1846
f 3105/3259/1850 2767/3260/1851 3102/3257/1848
f 3108/3261/1852 2810/3262/1853 3105/3259/1850
f 3108/3261/1852 2896/3263/1854 2853/3264/1855
f 3114/3223/1814 2896/3263/1854 3111/3265/1856
f 3048/3266/1857 1949/3267/1858 3046/3268/1812
f 1991/3197/1789 3045/3269/1859 1948/3196/1788
f 2034/3198/1790 3049/3270/1860 1991/3197/1789
f 2034/3198/1790 3055/3271/1861 3052/3272/1862
f 2121/3200/1792 3055/3271/1861 2078/3199/1791
f 2164/3201/1793 3058/3273/1863 2121/3200/1792
f 2207/3202/1794 3061/3274/1864 2164/3201/1793
f 2250/3203/1795 3064/3275/1865 2207/3202/1794
f 2250/3203/1795 3070/3276/1866 3067/3277/1867
f 2293/3204/1796 3073/3278/1868 3070/3276/1866
f 2379/3205/1797 3073/3278/1868 2336/3206/1798
f 2422/3207/1799 3076/3279/1869 2379/3205/1797
f 2465/3208/1800 3079/3280/1870 2422/3207/1799
f 2508/3209/1801 3082/3281/1871 2465/3208/1800
f 2551/3210/1802 3085/3282/1872 2508/3209/1801
f 2594/3211/1803 3088/3283/1873 2551/3210/1802
f 2637/3212/1804 3091/3284/1874 2594/3211/1803
f 2680/3213/1805 3094/3285/1875 2637/3212/1804
f 2723/3215/1807 3097/3286/1876 2680/3213/1805
f 2766/3214/1806 3100/3287/1877 2723/3215/1807
f 2766/3214/1806 3106/3288/1878 3103/3289/1879
f 2809/3216/1808 3109/3290/1880 3106/3288/1878
f 2895/3218/1810 3109/3290/1880 2852/3217/1809
f 2938/3220/1811 3112/3291/1881 2895/3218/1810
f 3051/3224/1815 1992/3292/1882 3048/3266/1857
f 1992/3292/1882 1950/3293/1883 1949/3267/1858
f 2035/3226/1817 1993/3294/1884 1992/3292/1882
f 2079/3225/1816 2036/3295/1885 2035/3226/1817
f 2122/3228/1819 2080/3296/1886 2079/3225/1816
f 2165/3232/1823 2123/3297/1887 2122/3228/1819
f 2208/3234/1825 2166/3298/1888 2165/3232/1823
f 2251/3233/1824 2209/3299/1889 2208/3234/1825
f 2294/3238/1829 2252/3300/1890 2251/3233/1824
f 2337/3240/1831 2295/3301/1891 2294/3238/1829
f 2380/3242/1833 2338/3302/1892 2337/3240/1831
f 2423/3244/1835 2381/3303/1893 2380/3242/1833
f 2466/3246/1837 2424/3304/1894 2423/3244/1835
f 2509/3248/1839 2467/3305/1895 2466/3246/1837
f 2552/3247/1838 2510/3306/1896 2509/3248/1839
f 2595/3252/1843 2553/3307/1897 2552/3247/1838
f 2638/3251/1842 2596/3308/1898 2595/3252/1843
f 2681/3256/1847 2639/3309/1899 2638/3251/1842
f 2724/3258/1849 2682/3310/1900 2681/3256/1847
f 2767/3260/1851 2725/3311/1901 2724/3258/1849
f 2810/3262/1853 2768/3312/1902 2767/3260/1851
f 2853/3264/1855 2811/3313/1903 2810/3262/1853
f 2896/3263/1854 2854/3314/1904 2853/3264/1855
f 2939/3222/1813 2897/3315/1905 2896/3263/1854
f 1949/3316/1858 2940/3317/1906 2939/3222/1813
f 1993/3294/1884 1951/3318/1907 1950/3293/1883
f 2036/3295/1885 1994/3319/1908 1993/3294/1884
f 2080/3296/1886 2037/3320/1909 2036/3295/1885
f 2123/3297/1887 2081/3321/1910 2080/3296/1886
f 2166/3298/1888 2124/3322/1911 2123/3297/1887
f 2209/3299/1889 2167/3323/1912 2166/3298/1888
f 2252/3300/1890 2210/3324/1913 2209/3299/1889
f 2295/3301/1891 2253/3325/1914 2252/3300/1890
f 2338/3302/1892 2296/3326/1915 2295/3301/1891
f 2381/3303/1893 2339/3327/1916 2338/3302/1892
f 2424/3304/1894 2382/3328/1917 2381/3303/1893
f 2467/3305/1895 2425/3329/1918 2424/3304/1894
f 2510/3306/1896 2468/3330/1919 2467/3305/1895
f 2553/3307/1897 2511/3331/1920 2510/3306/1896
f 2596/3308/1898 2554/3332/1921 2553/3307/1897
f 2639/3309/1899 2597/3333/1922 2596/3308/1898
f 2682/3310/1900 2640/3334/1923 2639/3309/1899
f 2725/3311/1901 2683/3335/1924 2682/3310/1900
f 2768/3312/1902 2726/3336/1925 2725/3311/1901
f 2811/3313/1903 2769/3337/1926 2768/3312/1902
f 2854/3314/1904 2812/3338/1927 2811/3313/1903
f 2897/3315/1905 2855/3339/1928 2854/3314/1904
f 2940/3317/1906 2898/3340/1929 2897/3315/1905
f 1950/3341/1883 2941/3342/1930 2940/3317/1906
f 1994/3319/1908 1952/3343/1931 1951/3318/1907
f 2037/3320/1909 1995/3344/1932 1994/3319/1908
f 2081/3321/1910 2038/3345/1933 2037/3320/1909
f 2124/3322/1911 2082/3346/1934 2081/3321/1910
f 2167/3323/1912 2125/3347/1935 2124/3322/1911
f 2210/3324/1913 2168/3348/1936 2167/3323/1912
f 2253/3325/1914 2211/3349/1937 2210/3324/1913
f 2296/3326/1915 2254/3350/1938 2253/3325/1914
f 2339/3327/1916 2297/3351/1939 2296/3326/1915
f 2382/3328/1917 2340/3352/1940 2339/3327/1916
f 2425/3329/1918 2383/3353/1941 2382/3328/1917
f 2468/3330/1919 2426/3354/1942 2425/3329/1918
f 2511/3331/1920 2469/3355/1943 2468/3330/1919
f 2554/3332/1921 2512/3356/1944 2511/3331/1920
f 2597/3333/1922 2555/3357/1945 2554/3332/1921
f 2640/3334/1923 2598/3358/1946 2597/3333/1922
f 2683/3335/1924 2641/3359/1947 2640/3334/1923
f 2726/3336/1925 2684/3360/1948 2683/3335/1924
f 2769/3337/1926 2727/3361/1949 2726/3336/1925
f 2812/3338/1927 2770/3362/1950 2769/3337/1926
f 2855/3339/1928 2813/3363/1951 2812/3338/1927
f 2898/3340/1929 2856/3364/1952 2855/3339/1928
f 2941/3342/1930 2899/3365/1953 2898/3340/1929
f 1951/3366/1907 2942/3367/1954 2941/3342/1930
f 1952/3368/1955 1996/3369/1956 1953/3370/1957
f 1995/3371/1958 2039/3372/1959 1996/3369/1956
f 2038/3373/1960 2083/3374/1961 2039/3372/1959
f 2082/3375/1962 2126/3376/1963 2083/3374/1961
f 2125/3377/1964 2169/3378/1965 2126/3376/1963
f 2168/3379/1966 2212/3380/1967 2169/3378/1965
f 2211/3381/1968 2255/3382/1969 2212/3380/1967
f 2254/3383/1970 2298/3384/1971 2255/3382/1969
f 2297/3385/1972 2341/3386/1973 2298/3384/1971
f 2340/3387/1974 2384/3388/1975 2341/3386/1973
f 2383/3389/1976 2427/3390/1977 2384/3388/1975
f 2426/3391/1978 2470/3392/1979 2427/3390/1977
f 2469/3393/1980 2513/3394/1981 2470/3392/1979
f 2512/3395/1982 2556/3396/1983 2513/3394/1981
f 2555/3397/1984 2599/3398/1985 2556/3396/1983
f 2598/3399/1986 2642/3400/1987 2599/3398/1985
f 2641/3401/1988 2685/3402/1989 2642/3400/1987
f 2684/3403/1990 2728/3404/1991 2685/3402/1989
f 2727/3405/1992 2771/3406/1993 2728/3404/1991
f 2770/3407/1994 2814/3408/1995 2771/3406/1993
f 2813/3409/1996 2857/3410/1997 2814/3408/1995
f 2856/3411/1998 2900/3412/1999 2857/3410/1997
f 2899/3413/2000 2943/3414/2001 2900/3412/1999
f 2942/3415/2002 1953/3416/1957 2943/3414/2001
f 1953/3370/1957 1997/3417/2003 1954/3418/2004
f 1996/3369/1956 2040/3419/2005 1997/3417/2003
f 2039/3372/1959 2084/3420/2006 2040/3419/2005
f 2083/3374/1961 2127/3421/2007 2084/3420/2006
f 2126/3376/1963 2170/3422/2008 2127/3421/2007
f 2169/3378/1965 2213/3423/2009 2170/3422/2008
f 2212/3380/1967 2256/3424/2010 2213/3423/2009
f 2255/3382/1969 2299/3425/2011 2256/3424/2010
f 2298/3384/1971 2342/3426/2012 2299/3425/2011
f 2341/3386/1973 2385/3427/2013 2342/3426/2012
f 2384/3388/1975 2428/3428/2014 2385/3427/2013
f 2427/3390/1977 2471/3429/2015 2428/3428/2014
f 2470/3392/1979 2514/3430/2016 2471/3429/2015
f 2513/3394/1981 2557/3431/2017 2514/3430/2016
f 2556/3396/1983 2600/3432/2018 2557/3431/2017
f 2599/3398/1985 2643/3433/2019 2600/3432/2018
f 2642/3400/1987 2686/3434/2020 2643/3433/2019
f 2685/3402/1989 2729/3435/2021 2686/3434/2020
f 2728/3404/1991 2772/3436/2022 2729/3435/2021
f 2771/3406/1993 2815/3437/2023 2772/3436/2022
f 2814/3408/1995 2858/3438/2024 2815/3437/2023
f 2857/3410/1997 2901/3439/2025 2858/3438/2024
f 2900/3412/1999 2944/3440/2026 2901/3439/2025
f 2943/3414/2001 1954/3441/2004 2944/3440/2026
f 1997/3417/2003 1955/3442/2027 1954/3418/2004
f 2040/3419/2005 1998/3443/2028 1997/3417/2003
f 2084/3420/2006 2041/3444/2029 2040/3419/2005
f 2127/3421/2007 2085/3445/2030 2084/3420/2006
f 2170/3422/2008 2128/3446/2031 2127/3421/2007
f 2213/3423/2009 2171/3447/2032 2170/3422/2008
f 2256/3424/2010 2214/3448/2033 2213/3423/2009
f 2299/3425/2011 2257/3449/2034 2256/3424/2010
f 2342/3426/2012 2300/3450/2035 2299/3425/2011
f 2385/3427/2013 2343/3451/2036 2342/3426/2012
f 2428/3428/2014 2386/3452/2037 2385/3427/2013
f 2471/3429/2015 2429/3453/2038 2428/3428/2014
f 2514/3430/2016 2472/3454/2039 2471/3429/2015
f 2557/3431/2017 2515/3455/2040 2514/3430/2016
f 2600/3432/2018 2558/3456/2041 2557/3431/2017
f 2643/3433/2019 2601/3457/2042 2600/3432/2018
f 2686/3434/2020 2644/3458/2043 2643/3433/2019
f 2729/3435/2021 2687/3459/2044 2686/3434/2020
f 2772/3436/2022 2730/3460/2045 2729/3435/2021
f 2815/3437/2023 2773/3461/2046 2772/3436/2022
f 2858/3438/2024 2816/3462/2047 2815/3437/2023
f 2901/3439/2025 2859/3463/2048 2858/3438/2024
f 2944/3440/2026 2902/3464/2049 2901/3439/2025
f 1954/3441/2004 2945/3465/2050 2944/3440/2026
f 1998/3443/2028 1956/3466/2051 1955/3442/2027
f 2041/3444/2029 1999/3467/2052 1998/3443/2028
f 2085/3445/2030 2042/3468/2053 2041/3444/2029
f 2128/3446/2031 2086/3469/2054 2085/3445/2030
f 2171/3447/2032 2129/3470/2055 2128/3446/2031
f 2214/3448/2033 2172/3471/2056 2171/3447/2032
f 2257/3449/2034 2215/3472/2057 2214/3448/2033
f 2300/3450/2035 2258/3473/2058 2257/3449/2034
f 2343/3451/2036 2301/3474/2059 2300/3450/2035
f 2386/3452/2037 2344/3475/2060 2343/3451/2036
f 2429/3453/2038 2387/3476/2061 2386/3452/2037
f 2472/3454/2039 2430/3477/2062 2429/3453/2038
f 2515/3455/2040 2473/3478/2063 2472/3454/2039
f 2558/3456/2041 2516/3479/2064 2515/3455/2040
f 2601/3457/2042 2559/3480/2065 2558/3456/2041
f 2644/3458/2043 2602/3481/2066 2601/3457/2042
f 2687/3459/2044 2645/3482/2067 2644/3458/2043
f 2730/3460/2045 2688/3483/2068 2687/3459/2044
f 2773/3461/2046 2731/3484/2069 2730/3460/2045
f 2816/3462/2047 2774/3485/2070 2773/3461/2046
f 2859/3463/2048 2817/3486/2071 2816/3462/2047
f 2902/3464/2049 2860/3487/2072 2859/3463/2048
f 2945/3465/2050 2903/3488/2073 2902/3464/2049
f 1955/3489/2027 2946/3490/2074 2945/3465/2050
f 2017/3491/2075 1957/3492/2076 1974/3493/2077
f 2060/3494/2078 2000/3495/2079 2017/3491/2075
f 2104/3496/2080 2043/3497/2081 2060/3494/2078
f 2147/3498/2082 2087/3499/2083 2104/3496/2080
f 2190/3500/2084 2130/3501/2085 2147/3498/2082
f 2233/3502/2086 2173/3503/2087 2190/3500/2084
f 2276/3504/2088 2216/3505/2089 2233/3502/2086
f 2319/3506/2090 2259/3507/2091 2276/3504/2088
f 2362/3508/2092 2302/3509/2093 2319/3506/2090
f 2405/3510/2094 2345/3511/2095 2362/3508/2092
f 2448/3512/2096 2388/3513/2097 2405/3510/2094
f 2491/3514/2098 2431/3515/2099 2448/3512/2096
f 2534/3516/2100 2474/3517/2101 2491/3514/2098
f 2534/3516/2100 2560/3518/2102 2517/3519/2103
f 2620/3520/2104 2560/3518/2102 2577/3521/2105
f 2663/3522/2106 2603/3523/2107 2620/3520/2104
f 2706/3524/2108 2646/3525/2109 2663/3522/2106
f 2749/3526/2110 2689/3527/2111 2706/3524/2108
f 2792/3528/2112 2732/3529/2113 2749/3526/2110
f 2835/3530/2114 2775/3531/2115 2792/3528/2112
f 2878/3532/2116 2818/3533/2117 2835/3530/2114
f 2921/3534/2118 2861/3535/2119 2878/3532/2116
f 2964/3536/2120 2904/3537/2121 2921/3534/2118
f 1974/3538/2077 2947/3539/2122 2964/3536/2120
f 3163/3540/2123 1980/3541/2124 2970/3542/2125
f 3121/3543/2126 2110/3544/2127 2066/3545/2128
f 3123/3546/2129 2153/3547/2130 2110/3544/2127
f 3125/3548/2131 2196/3549/2132 2153/3550/2130
f 3127/3551/2133 2239/3552/2134 2196/3549/2132
f 3131/3553/2135 2239/3552/2134 3129/3554/2136
f 3131/3555/2135 2325/3556/2137 2282/3557/2138
f 3133/3558/2139 2368/3559/2140 2325/3556/2137
f 3135/3560/2141 2411/3561/2142 2368/3562/2140
f 3137/3563/2143 2454/3564/2144 2411/3561/2142
f 3139/3565/2145 2497/3566/2146 2454/3567/2144
f 3143/3568/2147 2497/3569/2146 3141/3570/2148
f 3143/3571/2147 2583/3572/2149 2540/3573/2150
f 3145/3574/2151 2626/3575/2152 2583/3572/2149
f 3149/3576/2153 2626/3575/2152 3147/3577/2154
f 3151/3578/2155 2669/3579/2156 3149/3576/2153
f 3151/3578/2155 2755/3580/2157 2712/3581/2158
f 3153/3582/2159 2798/3583/2160 2755/3580/2157
f 3155/3584/2161 2841/3585/2162 2798/3583/2160
f 3157/3586/2163 2884/3587/2164 2841/3585/2162
f 3159/3588/2165 2927/3589/2166 2884/3587/2164
f 3161/3590/2167 2970/3542/2125 2927/3589/2166
f 3211/3591/2168 2951/3592/2169 3165/3593/2169
f 3118/3594/2170 2023/3595/2171 1980/3596/2124
f 2021/3597/2172 1959/3598/2173 1978/3599/2174
f 2064/3600/2175 2002/3601/2176 2021/3597/2172
f 2108/3602/2177 2045/3603/2178 2064/3600/2175
f 2151/3604/2179 2089/3605/2180 2108/3602/2177
f 2194/3606/2181 2132/3607/2182 2151/3604/2179
f 2237/3608/2183 2175/3609/2184 2194/3606/2181
f 2280/3610/2185 2218/3611/2186 2237/3608/2183
f 2323/3612/2187 2261/3613/2188 2280/3610/2185
f 2366/3614/2189 2304/3615/2190 2323/3612/2187
f 2409/3616/2191 2347/3617/2192 2366/3614/2189
f 2452/3618/2193 2390/3619/2194 2409/3616/2191
f 2495/3620/2195 2433/3621/2196 2452/3618/2193
f 2538/3622/2197 2476/3623/2198 2495/3620/2195
f 2581/3624/2199 2519/3625/2200 2538/3622/2197
f 2624/3626/2201 2562/3627/2202 2581/3624/2199
f 2667/3628/2203 2605/3629/2204 2624/3626/2201
f 2710/3630/2205 2648/3631/2206 2667/3628/2203
f 2753/3632/2207 2691/3633/2208 2710/3630/2205
f 2796/3634/2209 2734/3635/2210 2753/3632/2207
f 2839/3636/2211 2777/3637/2212 2796/3634/2209
f 2882/3638/2213 2820/3639/2214 2839/3636/2211
f 2925/3640/2215 2863/3641/2216 2882/3638/2213
f 2968/3642/2217 2906/3643/2218 2925/3640/2215
f 1978/3644/2174 2949/3645/2219 2968/3642/2217
f 1959/3598/2173 2003/3646/2220 1960/3647/2221
f 2002/3601/2176 2046/3648/2222 2003/3649/2220
f 2045/3603/2178 2090/3650/2223 2046/3648/2222
f 2089/3605/2180 2133/3651/2224 2090/3650/2223
f 2132/3607/2182 2176/3652/2225 2133/3651/2224
f 2175/3609/2184 2219/3653/2226 2176/3654/2225
f 2218/3611/2186 2262/3655/2227 2219/3653/2226
f 2261/3613/2188 2305/3656/2228 2262/3657/2227
f 2304/3615/2190 2348/3658/2229 2305/3656/2228
f 2347/3617/2192 2391/3659/2230 2348/3658/2229
f 2390/3619/2194 2434/3660/2231 2391/3659/2230
f 2433/3621/2196 2477/3661/2232 2434/3662/2231
f 2476/3623/2198 2520/3663/2233 2477/3661/2232
f 2519/3625/2200 2563/3664/2234 2520/3663/2233
f 2562/3665/2202 2606/3666/2235 2563/3664/2234
f 2605/3667/2204 2649/3668/2236 2606/3666/2235
f 2648/3669/2206 2692/3670/2237 2649/3668/2236
f 2691/3671/2208 2735/3672/2238 2692/3670/2237
f 2734/3673/2210 2778/3674/2239 2735/3672/2238
f 2777/3675/2212 2821/3676/2240 2778/3674/2239
f 2820/3677/2214 2864/3678/2241 2821/3676/2240
f 2863/3679/2216 2907/3680/2242 2864/3678/2241
f 2906/3681/2218 2950/3682/2243 2907/3680/2242
f 2949/3683/2219 1960/3684/2221 2950/3682/2243
f 2955/3685/624 2948/3686/577 1958/3687/624
f 2003/3646/2220 3212/3688/2168 1960/3647/2221
f 2046/3648/2222 3209/3689/2244 2003/3649/2220
f 2090/3650/2223 3208/3690/2245 2046/3648/2222
f 2133/3651/2224 3206/3691/2246 2090/3650/2223
f 2176/3652/2225 3203/3692/2247 2133/3651/2224
f 2219/3653/2226 3202/3693/2248 2176/3654/2225
f 2262/3655/2227 3200/3694/2249 2219/3653/2226
f 2305/3656/2228 3197/3695/2250 2262/3657/2227
f 2348/3658/2229 3196/3696/2251 2305/3656/2228
f 2391/3659/2230 3194/3697/2252 2348/3658/2229
f 2434/3660/2231 3191/3698/2253 2391/3659/2230
f 2477/3661/2232 3190/3699/2254 2434/3662/2231
f 2520/3663/2233 3188/3700/2255 2477/3661/2232
f 2563/3701/2234 3185/3702/2256 2520/3663/2233
f 2606/3703/2235 3184/3704/2257 2563/3701/2234
f 2649/3705/2236 3182/3706/2258 2606/3703/2235
f 2692/3707/2237 3179/3708/2259 2649/3705/2236
f 2735/3709/2238 3178/3710/2260 2692/3707/2237
f 2778/3711/2239 3176/3712/2261 2735/3709/2238
f 2821/3713/2240 3173/3714/2262 2778/3711/2239
f 2864/3715/2241 3172/3716/2263 2821/3713/2240
f 1960/3717/2221 3166/3718/2169 2950/3719/2243
f 2907/3720/2242 3170/3721/2264 2864/3715/2241
f 1961/3722/503 2005/3723/503 1962/3724/503
f 2004/3725/503 2048/3726/503 2005/3723/503
f 2047/3727/503 2092/3728/503 2048/3726/503
f 2091/3729/503 2135/3730/503 2092/3728/503
f 2134/3731/503 2178/3732/503 2135/3730/503
f 2177/3733/503 2221/3734/503 2178/3732/503
f 2220/3735/503 2264/3736/503 2221/3734/503
f 2263/3737/503 2307/3738/503 2264/3736/503
f 2306/3739/503 2350/3740/503 2307/3738/503
f 2349/3741/503 2393/3742/503 2350/3740/503
f 2392/3743/503 2436/3744/503 2393/3742/503
f 2435/3745/503 2479/3746/503 2436/3744/503
f 2478/3747/503 2522/3748/503 2479/3746/503
f 2521/3749/503 2565/3750/503 2522/3748/503
f 2564/3751/503 2608/3752/503 2565/3750/503
f 2607/3753/503 2651/3754/503 2608/3752/503
f 2650/3755/503 2694/3756/503 2651/3754/503
f 2693/3757/503 2737/3758/503 2694/3756/503
f 2736/3759/503 2780/3760/503 2737/3758/503
f 2779/3761/503 2823/3762/503 2780/3760/503
f 2822/3763/503 2866/3764/503 2823/3762/503
f 2865/3765/503 2909/3766/503 2866/3764/503
f 2908/3767/503 2952/3768/503 2909/3766/503
f 2951/3769/503 1962/3724/503 2952/3768/503
f 2005/3770/504 1963/3771/505 1962/3772/505
f 2048/3773/506 2006/3774/504 2005/3770/504
f 2092/3775/507 2049/3776/506 2048/3773/506
f 2135/3777/508 2093/3778/507 2092/3775/507
f 2178/3779/509 2136/3780/508 2135/3777/508
f 2178/3779/509 2222/3781/510 2179/3782/509
f 2264/3783/511 2222/3781/510 2221/3784/510
f 2307/3785/512 2265/3786/511 2264/3783/511
f 2350/3787/513 2308/3788/512 2307/3785/512
f 2393/3789/514 2351/3790/513 2350/3787/513
f 2436/3791/515 2394/3792/514 2393/3789/514
f 2479/3793/516 2437/3794/515 2436/3791/515
f 2522/3795/517 2480/3796/516 2479/3793/516
f 2565/3797/518 2523/3798/517 2522/3795/517
f 2608/3799/519 2566/3800/518 2565/3797/518
f 2651/3801/520 2609/3802/519 2608/3799/519
f 2694/3803/521 2652/3804/520 2651/3801/520
f 2737/3805/522 2695/3806/521 2694/3803/521
f 2780/3807/523 2738/3808/522 2737/3805/522
f 2823/3809/524 2781/3810/523 2780/3807/523
f 2866/3811/525 2824/3812/524 2823/3809/524
f 2909/3813/526 2867/3814/525 2866/3811/525
f 2952/3815/527 2910/3816/526 2909/3813/526
f 1962/3817/505 2953/3818/527 2952/3815/527
f 2006/3819/528 1964/3820/528 1963/3821/528
f 2049/3822/528 2007/3823/528 2006/3819/528
f 2093/3824/528 2050/3825/528 2049/3822/528
f 2136/3826/528 2094/3827/528 2093/3824/528
f 2179/3828/528 2137/3829/528 2136/3826/528
f 2222/3830/528 2180/3831/528 2179/3828/528
f 2265/3832/528 2223/3833/528 2222/3830/528
f 2308/3834/528 2266/3835/528 2265/3832/528
f 2351/3836/528 2309/3837/528 2308/3834/528
f 2394/3838/528 2352/3839/528 2351/3836/528
f 2437/3840/528 2395/3841/528 2394/3838/528
f 2480/3842/528 2438/3843/528 2437/3840/528
f 2523/3844/528 2481/3845/528 2480/3842/528
f 2566/3846/528 2524/3847/528 2523/3844/528
f 2609/3848/528 2567/3849/528 2566/3846/528
f 2652/3850/528 2610/3851/528 2609/3848/528
f 2695/3852/528 2653/3853/528 2652/3850/528
f 2738/3854/528 2696/3855/528 2695/3852/528
f 2781/3856/528 2739/3857/528 2738/3854/528
f 2824/3858/528 2782/3859/528 2781/3856/528
f 2867/3860/528 2825/3861/528 2824/3858/528
f 2910/3862/528 2868/3863/528 2867/3860/528
f 2953/3864/528 2911/3865/528 2910/3862/528
f 1963/3821/528 2954/3866/528 2953/3864/528
f 1973/3867/529 2008/3868/530 1965/3869/531
f 2016/3870/533 2051/3871/535 2008/3868/530
f 2059/3872/532 2095/3873/534 2051/3871/535
f 2103/3874/536 2138/3875/537 2095/3876/534
f 2146/3877/538 2181/3878/539 2138/3879/537
f 2189/3880/540 2224/3881/541 2181/3878/539
f 2232/3882/542 2267/3883/543 2224/3881/541
f 2275/3884/544 2310/3885/545 2267/3886/543
f 2318/3887/546 2353/3888/547 2310/3885/545
f 2361/3889/548 2396/3890/549 2353/3891/547
f 2404/3892/550 2439/3893/551 2396/3890/549
f 2447/3894/552 2482/3895/553 2439/3893/551
f 2490/3896/554 2525/3897/555 2482/3895/553
f 2533/3898/556 2568/3899/557 2525/3897/555
f 2576/3900/558 2611/3901/559 2568/3899/557
f 2619/3902/560 2654/3903/561 2611/3901/559
f 2662/3904/562 2697/3905/563 2654/3903/561
f 2705/3906/564 2740/3907/565 2697/3905/563
f 2748/3908/566 2783/3909/567 2740/3907/565
f 2791/3910/568 2826/3911/569 2783/3909/567
f 2834/3912/570 2869/3913/571 2826/3911/569
f 2877/3914/572 2912/3915/573 2869/3913/571
f 2920/3916/574 2955/3917/575 2912/3915/573
f 2963/3918/576 1965/3919/531 2955/3917/575
f 2948/3920/577 2009/3921/578 1966/3922/579
f 2905/3923/580 2052/3924/1429 2009/3921/578
f 2862/3925/582 2096/3926/583 2052/3924/1429
f 2819/3927/584 2139/3928/585 2096/3926/583
f 2776/3929/587 2182/3930/589 2139/3928/585
f 2733/3931/586 2225/3932/588 2182/3930/589
f 2647/3933/592 2225/3932/588 2690/3934/590
f 2647/3933/592 2311/3935/593 2268/3936/591
f 2604/3937/594 2354/3938/595 2311/3935/593
f 2561/3939/596 2397/3940/597 2354/3938/595
f 2518/3941/598 2440/3942/599 2397/3940/597
f 2475/3943/600 2483/3944/601 2440/3942/599
f 2389/3945/604 2483/3944/601 2432/3946/602
f 2389/3947/604 2569/3948/605 2526/3949/603
f 2346/3950/606 2612/3951/607 2569/3948/605
f 2303/3952/609 2655/3953/611 2612/3951/607
f 2260/3954/608 2698/3955/613 2655/3953/611
f 2217/3956/610 2741/3957/612 2698/3955/613
f 2174/3958/615 2784/3959/617 2741/3957/612
f 2131/3960/614 2827/3961/619 2784/3959/617
f 2088/3962/616 2870/3963/618 2827/3961/619
f 2044/3964/620 2913/3965/621 2870/3963/618
f 2001/3966/622 2956/3967/623 2913/3965/621
f 1958/3687/624 1966/3968/579 2956/3967/623
f 1966/3922/579 2010/3969/627 1967/3970/625
f 2009/3921/578 2053/3971/626 2010/3969/627
f 2052/3924/1429 2097/3972/628 2053/3971/626
f 2139/3928/585 2097/3972/628 2096/3926/583
f 2182/3930/589 2140/3973/629 2139/3928/585
f 2225/3932/588 2183/3974/630 2182/3930/589
f 2225/3932/588 2269/3975/631 2226/3976/632
f 2268/3936/591 2312/3977/633 2269/3975/631
f 2311/3935/593 2355/3978/635 2312/3977/633
f 2354/3938/595 2398/3979/634 2355/3978/635
f 2397/3940/597 2441/3980/636 2398/3979/634
f 2440/3942/599 2484/3981/637 2441/3980/636
f 2526/3949/603 2484/3981/637 2483/3944/601
f 2526/3949/603 2570/3982/639 2527/3983/638
f 2569/3948/605 2613/3984/640 2570/3982/639
f 2612/3951/607 2656/3985/642 2613/3984/640
f 2698/3955/613 2656/3985/642 2655/3953/611
f 2698/3955/613 2742/3986/643 2699/3987/641
f 2741/3957/612 2785/3988/644 2742/3986/643
f 2784/3959/617 2828/3989/645 2785/3988/644
f 2827/3961/619 2871/3990/646 2828/3989/645
f 2870/3963/618 2914/3991/648 2871/3990/646
f 2913/3965/621 2957/3992/647 2914/3991/648
f 2956/3967/623 1967/3993/625 2957/3992/647
f 2010/3969/627 1968/3994/649 1967/3970/625
f 2053/3971/626 2011/3995/650 2010/3969/627
f 2097/3972/628 2054/3996/1431 2053/3971/626
f 2140/3973/629 2098/3997/651 2097/3972/628
f 2183/3974/630 2141/3998/653 2140/3973/629
f 2226/3976/632 2184/3999/654 2183/3974/630
f 2269/3975/631 2227/4000/655 2226/3976/632
f 2312/3977/633 2270/4001/656 2269/3975/631
f 2355/3978/635 2313/4002/657 2312/3977/633
f 2398/3979/634 2356/4003/2265 2355/3978/635
f 2441/3980/636 2399/4004/659 2398/3979/634
f 2484/4005/637 2442/4006/660 2441/3980/636
f 2527/4007/638 2485/4008/661 2484/4005/637
f 2570/4009/639 2528/4010/663 2527/4007/638
f 2613/4011/640 2571/4012/662 2570/4009/639
f 2656/4013/642 2614/4014/2266 2613/4011/640
f 2699/4015/641 2657/4016/664 2656/4013/642
f 2742/4017/643 2700/4018/666 2699/4015/641
f 2785/4019/644 2743/4020/667 2742/4017/643
f 2828/4021/645 2786/4022/668 2785/4019/644
f 2871/4023/646 2829/4024/669 2828/4021/645
f 2914/4025/648 2872/4026/670 2871/4023/646
f 2957/4027/647 2915/4028/671 2914/4025/648
f 1967/4029/625 2958/4030/672 2957/4027/647
f 2011/3995/650 1969/4031/673 1968/3994/649
f 2054/3996/1431 2012/4032/674 2011/3995/650
f 2098/3997/651 2055/4033/676 2054/3996/1431
f 2141/3998/653 2099/4034/675 2098/3997/651
f 2184/3999/654 2142/4035/677 2141/3998/653
f 2227/4000/655 2185/4036/678 2184/3999/654
f 2270/4001/656 2228/4037/679 2227/4000/655
f 2313/4002/657 2271/4038/680 2270/4001/656
f 2356/4003/2265 2314/4039/681 2313/4002/657
f 2399/4004/659 2357/4040/682 2356/4003/2265
f 2442/4006/660 2400/4041/683 2399/4004/659
f 2485/4042/661 2443/4043/684 2442/4006/660
f 2528/4044/663 2486/4045/685 2485/4042/661
f 2571/4046/662 2529/4047/686 2528/4044/663
f 2614/4048/2266 2572/4049/687 2571/4046/662
f 2657/4050/664 2615/4051/688 2614/4048/2266
f 2700/4052/666 2658/4053/689 2657/4050/664
f 2743/4054/667 2701/4055/690 2700/4052/666
f 2786/4056/668 2744/4057/691 2743/4054/667
f 2829/4058/669 2787/4059/692 2786/4056/668
f 2872/4060/670 2830/4061/693 2829/4058/669
f 2915/4062/671 2873/4063/695 2872/4060/670
f 2958/4064/672 2916/4065/694 2915/4062/671
f 2958/4064/672 1969/4066/673 2959/4067/696
f 3214/4068/697 1970/4069/698 3213/4070/698
f 3215/4071/699 2013/4072/697 3214/4068/697
f 3216/4073/700 2056/4074/699 3215/4071/699
f 3217/4075/701 2100/4076/700 3216/4073/700
f 3218/4077/702 2143/4078/701 3217/4075/701
f 3219/4079/703 2186/4080/702 3218/4077/702
f 3219/4079/703 2272/4081/704 2229/4082/703
f 3221/4083/705 2272/4081/704 3220/4084/704
f 3222/4085/706 2315/4086/705 3221/4083/705
f 3223/4087/707 2358/4088/706 3222/4085/706
f 3224/4089/708 2401/4090/707 3223/4087/707
f 3225/4091/709 2444/4092/708 3224/4089/708
f 3226/4093/710 2487/4094/709 3225/4091/709
f 3227/4095/711 2530/4096/710 3226/4093/710
f 3227/4095/711 2616/4097/712 2573/4098/711
f 3229/4099/713 2616/4097/712 3228/4100/712
f 3230/4101/714 2659/4102/713 3229/4099/713
f 3231/4103/715 2702/4104/714 3230/4101/714
f 3232/4105/716 2745/4106/715 3231/4103/715
f 3233/4107/717 2788/4108/716 3232/4105/716
f 3234/4109/718 2831/4110/717 3233/4107/717
f 3235/4111/719 2874/4112/718 3234/4109/718
f 3236/4113/720 2917/4114/719 3235/4111/719
f 3213/4115/698 2960/4116/720 3236/4113/720
f 1970/4117/723 2014/4118/1436 1971/4119/722
f 2013/4120/721 2057/4121/724 2014/4118/1436
f 2056/4122/727 2101/4123/729 2057/4121/724
f 2100/4124/726 2144/4125/728 2101/4123/729
f 2143/4126/730 2187/4127/731 2144/4125/728
f 2186/4128/732 2230/4129/2267 2187/4127/731
f 2229/4130/734 2273/4131/735 2230/4129/2267
f 2272/4132/736 2316/4133/2268 2273/4131/735
f 2315/4134/738 2359/4135/1440 2316/4133/2268
f 2358/4136/740 2402/4137/741 2359/4135/1440
f 2401/4138/2269 2445/4139/743 2402/4137/741
f 2444/4140/744 2488/4141/745 2445/4139/743
f 2487/4142/746 2531/4143/747 2488/4141/745
f 2530/4144/748 2574/4145/749 2531/4143/747
f 2573/4146/751 2617/4147/1439 2574/4145/749
f 2616/4148/750 2660/4149/752 2617/4147/1439
f 2659/4150/754 2703/4151/755 2660/4149/752
f 2702/4152/756 2746/4153/757 2703/4151/755
f 2745/4154/758 2789/4155/759 2746/4153/757
f 2788/4156/760 2832/4157/2270 2789/4155/759
f 2831/4158/762 2875/4159/763 2832/4157/2270
f 2874/4160/765 2918/4161/1437 2875/4159/763
f 2917/4162/2271 2961/4163/766 2918/4161/1437
f 2960/4164/768 1971/4165/722 2961/4163/766
f 1971/4119/722 2015/4166/1444 1972/4167/770
f 2014/4118/1436 2058/4168/772 2015/4166/1444
f 2057/4121/724 2102/4169/771 2058/4168/772
f 2101/4123/729 2145/4170/1443 2102/4169/771
f 2144/4125/728 2188/4171/774 2145/4170/1443
f 2187/4127/731 2231/4172/775 2188/4171/774
f 2230/4129/2267 2274/4173/1442 2231/4172/775
f 2273/4131/735 2317/4174/776 2274/4173/1442
f 2316/4133/2268 2360/4175/778 2317/4174/776
f 2359/4135/1440 2403/4176/780 2360/4175/778
f 2402/4137/741 2446/4177/779 2403/4176/780
f 2445/4139/743 2489/4178/781 2446/4177/779
f 2488/4141/745 2532/4179/782 2489/4178/781
f 2531/4143/747 2575/4180/783 2532/4179/782
f 2574/4145/749 2618/4181/784 2575/4180/783
f 2617/4147/1439 2661/4182/786 2618/4181/784
f 2660/4149/752 2704/4183/785 2661/4182/786
f 2703/4151/755 2747/4184/787 2704/4183/785
f 2746/4153/757 2790/4185/788 2747/4184/787
f 2789/4155/759 2833/4186/789 2790/4185/788
f 2832/4157/2270 2876/4187/790 2833/4186/789
f 2875/4159/763 2919/4188/2272 2876/4187/790
f 2918/4161/1437 2962/4189/792 2919/4188/2272
f 2961/4163/766 1972/4190/770 2962/4189/792
f 2007/4191/795 1973/3867/529 1964/4192/793
f 2050/4193/794 2016/3870/533 2007/4191/795
f 2094/4194/796 2059/3872/532 2050/4193/794
f 2137/4195/797 2103/3874/536 2094/4194/796
f 2180/4196/798 2146/3877/538 2137/4195/797
f 2223/4197/799 2189/3880/540 2180/4196/798
f 2266/4198/800 2232/3882/542 2223/4197/799
f 2309/4199/801 2275/3884/544 2266/4198/800
f 2352/4200/803 2318/3887/546 2309/4199/801
f 2395/4201/802 2361/3889/548 2352/4200/803
f 2438/4202/2273 2404/3892/550 2395/4201/802
f 2481/4203/806 2447/4204/552 2438/4202/2273
f 2524/4205/805 2490/4206/554 2481/4203/806
f 2567/4207/807 2533/4208/556 2524/4205/805
f 2610/4209/808 2576/4210/558 2567/4207/807
f 2653/4211/809 2619/4212/560 2610/4209/808
f 2696/4213/2274 2662/4214/562 2653/4211/809
f 2739/4215/812 2705/4216/564 2696/4213/2274
f 2782/4217/811 2748/4218/566 2739/4215/812
f 2825/4219/813 2791/4220/568 2782/4217/811
f 2868/4221/814 2834/4222/570 2825/4219/813
f 2911/4223/815 2877/4224/572 2868/4221/814
f 2954/4225/816 2920/4226/574 2911/4223/815
f 1964/4227/793 2963/4228/576 2954/4225/816
f 1956/4229/2275 2017/3491/2075 1974/3493/2077
f 1999/4230/2276 2060/3494/2078 2017/3491/2075
f 2042/4231/2277 2104/3496/2080 2060/3494/2078
f 2086/4232/2278 2147/3498/2082 2104/3496/2080
f 2129/4233/2279 2190/3500/2084 2147/3498/2082
f 2172/4234/2280 2233/3502/2086 2190/3500/2084
f 2215/4235/2281 2276/3504/2088 2233/3502/2086
f 2258/4236/2282 2319/3506/2090 2276/3504/2088
f 2301/4237/2283 2362/3508/2092 2319/3506/2090
f 2344/4238/2284 2405/3510/2094 2362/3508/2092
f 2387/4239/2285 2448/3512/2096 2405/3510/2094
f 2430/4240/2286 2491/3514/2098 2448/3512/2096
f 2473/4241/2287 2534/4242/2100 2491/3514/2098
f 2516/4243/2288 2577/4244/2105 2534/4242/2100
f 2559/4245/2289 2620/4246/2104 2577/4244/2105
f 2602/4247/2290 2663/4248/2106 2620/4246/2104
f 2645/4249/2291 2706/4250/2108 2663/4248/2106
f 2688/4251/2292 2749/4252/2110 2706/4250/2108
f 2731/4253/2293 2792/4254/2112 2749/4252/2110
f 2774/4255/2294 2835/4256/2114 2792/4254/2112
f 2817/4257/2295 2878/4258/2116 2835/4256/2114
f 2860/4259/2296 2921/4260/2118 2878/4258/2116
f 2903/4261/2297 2964/4262/2120 2921/4260/2118
f 2946/4263/2298 1974/4264/2077 2964/4262/2120
f 2024/4265/2299 1975/4266/2300 1981/4267/2301
f 2067/4268/2302 2018/4269/2303 2024/4265/2299
f 2111/4270/2304 2061/4271/2305 2067/4268/2302
f 2154/4272/2306 2105/4273/2307 2111/4270/2304
f 2197/4274/2308 2148/4275/2309 2154/4272/2306
f 2240/4276/2310 2191/4277/2311 2197/4274/2308
f 2283/4278/2312 2234/4279/2313 2240/4276/2310
f 2326/4280/2314 2277/4281/2315 2283/4278/2312
f 2369/4282/2316 2320/4283/2317 2326/4280/2314
f 2412/4284/2318 2363/4285/2319 2369/4282/2316
f 2455/4286/2320 2406/4287/2321 2412/4284/2318
f 2498/4288/2322 2449/4289/2323 2455/4286/2320
f 2541/4290/2324 2492/4291/2325 2498/4288/2322
f 2584/4292/2326 2535/4293/2327 2541/4290/2324
f 2627/4294/2328 2578/4295/2329 2584/4292/2326
f 2670/4296/2330 2621/4297/2331 2627/4294/2328
f 2713/4298/2332 2664/4299/2333 2670/4296/2330
f 2756/4300/2334 2707/4301/2335 2713/4298/2332
f 2799/4302/2336 2750/4303/2337 2756/4300/2334
f 2842/4304/2338 2793/4305/2339 2799/4302/2336
f 2885/4306/2340 2836/4307/2341 2842/4304/2338
f 2928/4308/2342 2879/4309/2343 2885/4306/2340
f 2971/4310/2344 2922/4311/2345 2928/4312/2342
f 1981/4267/2301 2965/4313/2346 2971/4310/2344
f 1975/4314/2347 2019/4315/2348 1976/4316/2347
f 2018/4317/2348 2062/4318/2349 2019/4315/2348
f 2061/4319/2349 2106/4320/2350 2062/4318/2349
f 2105/4321/2350 2149/4322/2351 2106/4323/2350
f 2148/4324/2351 2192/4325/2352 2149/4322/2351
f 2191/4326/2352 2235/4327/2353 2192/4325/2352
f 2234/4328/2353 2278/4329/2354 2235/4327/2353
f 2277/4330/2354 2321/4331/2355 2278/4329/2354
f 2320/4332/2355 2364/4333/2356 2321/4331/2355
f 2363/4334/2356 2407/4335/2357 2364/4333/2356
f 2406/4336/2357 2450/4337/2358 2407/4335/2357
f 2449/4338/2358 2493/4339/2359 2450/4337/2358
f 2492/4340/2359 2536/4341/2360 2493/4339/2359
f 2535/4342/2360 2579/4343/2361 2536/4341/2360
f 2578/4344/2362 2622/4345/2363 2579/4343/2361
f 2621/4346/2363 2665/4347/2364 2622/4345/2363
f 2664/4348/2364 2708/4349/2365 2665/4347/2364
f 2707/4350/2365 2751/4351/2366 2708/4349/2365
f 2750/4352/2366 2794/4353/2367 2751/4351/2366
f 2793/4354/2367 2837/4355/2368 2794/4353/2367
f 2836/4356/2368 2880/4357/2369 2837/4355/2368
f 2879/4358/2369 2923/4359/2370 2880/4357/2369
f 2922/4360/2370 2966/4361/2371 2923/4359/2370
f 2965/4362/2371 1976/4316/2347 2966/4361/2371
f 2019/4363/2372 1977/4364/2373 1976/4365/2373
f 2062/4366/2374 2020/4367/2372 2019/4363/2372
f 2106/4368/2375 2063/4369/2374 2062/4366/2374
f 2149/4370/2376 2107/4371/2375 2106/4368/2375
f 2192/4372/2377 2150/4373/2376 2149/4370/2376
f 2235/4374/2378 2193/4375/2377 2192/4372/2377
f 2278/4376/2379 2236/4377/2378 2235/4374/2378
f 2321/4378/2380 2279/4379/2379 2278/4376/2379
f 2364/4380/2381 2322/4381/2380 2321/4378/2380
f 2407/4382/2382 2365/4383/2381 2364/4380/2381
f 2450/4384/2383 2408/4385/2382 2407/4382/2382
f 2493/4386/2384 2451/4387/2383 2450/4384/2383
f 2536/4388/2385 2494/4389/2384 2493/4386/2384
f 2536/4388/2385 2580/4390/2386 2537/4391/2385
f 2622/4392/2387 2580/4390/2386 2579/4393/2386
f 2665/4394/2388 2623/4395/2387 2622/4392/2387
f 2708/4396/2389 2666/4397/2388 2665/4394/2388
f 2751/4398/2390 2709/4399/2389 2708/4396/2389
f 2794/4400/2391 2752/4401/2390 2751/4398/2390
f 2837/4402/2392 2795/4403/2391 2794/4400/2391
f 2880/4404/2393 2838/4405/2392 2837/4402/2392
f 2923/4406/2394 2881/4407/2393 2880/4404/2393
f 2966/4408/2395 2924/4409/2394 2923/4406/2394
f 1976/4410/2373 2967/4411/2395 2966/4408/2395
f 2022/4412/2396 1978/3599/2174 1979/4413/2397
f 2065/4414/2398 2021/3597/2172 2022/4412/2396
f 2109/4415/2399 2064/3600/2175 2065/4414/2398
f 2152/4416/2400 2108/3602/2177 2109/4415/2399
f 2195/4417/2401 2151/3604/2179 2152/4416/2400
f 2238/4418/2402 2194/3606/2181 2195/4417/2401
f 2281/4419/2403 2237/3608/2183 2238/4418/2402
f 2324/4420/2404 2280/3610/2185 2281/4419/2403
f 2367/4421/2405 2323/3612/2187 2324/4420/2404
f 2410/4422/2406 2366/3614/2189 2367/4421/2405
f 2453/4423/2407 2409/3616/2191 2410/4422/2406
f 2496/4424/2408 2452/3618/2193 2453/4423/2407
f 2539/4425/2409 2495/3620/2195 2496/4424/2408
f 2582/4426/2410 2538/3622/2197 2539/4425/2409
f 2625/4427/2411 2581/3624/2199 2582/4426/2410
f 2668/4428/2412 2624/3626/2201 2625/4427/2411
f 2711/4429/2413 2667/3628/2203 2668/4428/2412
f 2754/4430/2414 2710/3630/2205 2711/4429/2413
f 2797/4431/2415 2753/3632/2207 2754/4430/2414
f 2840/4432/2416 2796/3634/2209 2797/4431/2415
f 2883/4433/2417 2839/3636/2211 2840/4432/2416
f 2926/4434/2418 2882/3638/2213 2883/4433/2417
f 2969/4435/2419 2925/3640/2215 2926/4434/2418
f 1979/4436/2397 2968/3642/2217 2969/4435/2419
f 2020/4437/2420 1979/4438/2421 1977/4439/2421
f 2063/4440/2422 2022/4441/2420 2020/4437/2420
f 2107/4442/2423 2065/4443/2422 2063/4440/2422
f 2150/4444/2424 2109/4445/2423 2107/4442/2423
f 2193/4446/2425 2152/4447/2424 2150/4444/2424
f 2236/4448/2426 2195/4449/2425 2193/4446/2425
f 2279/4450/2427 2238/4451/2426 2236/4448/2426
f 2322/4452/2428 2281/4453/2427 2279/4450/2427
f 2365/4454/2429 2324/4455/2428 2322/4452/2428
f 2408/4456/2430 2367/4457/2429 2365/4454/2429
f 2451/4458/2431 2410/4459/2430 2408/4456/2430
f 2494/4460/2432 2453/4461/2431 2451/4458/2431
f 2537/4462/2433 2496/4463/2432 2494/4460/2432
f 2580/4464/2434 2539/4465/2433 2537/4462/2433
f 2623/4466/2435 2582/4467/2436 2580/4464/2434
f 2666/4468/2437 2625/4469/2435 2623/4466/2435
f 2709/4470/2438 2668/4471/2437 2666/4468/2437
f 2752/4472/2439 2711/4473/2438 2709/4470/2438
f 2795/4474/2440 2754/4475/2439 2752/4472/2439
f 2838/4476/2441 2797/4477/2440 2795/4474/2440
f 2881/4478/2442 2840/4479/2441 2838/4476/2441
f 2924/4480/2443 2883/4481/2442 2881/4478/2442
f 2967/4482/2444 2926/4483/2443 2924/4480/2443
f 1977/4439/2421 2969/4484/2444 2967/4482/2444
f 2000/4485/2445 3117/4486/2446 1957/4487/2447
f 2043/4488/2448 3120/4489/2449 2000/4485/2445
f 2087/4490/2450 3122/4491/2451 2043/4488/2448
f 2087/4490/2450 3126/4492/2452 3124/4493/2453
f 2173/4494/2454 3126/4492/2452 2130/4495/2455
f 2216/4496/2456 3128/4497/2457 2173/4494/2454
f 2216/4496/2456 3132/4498/2458 3130/4499/2459
f 2302/4500/2460 3132/4498/2458 2259/4501/2461
f 2302/4500/2460 3136/4502/2462 3134/4503/2463
f 2388/4504/2464 3136/4502/2462 2345/4505/2465
f 2388/4504/2464 3140/4506/2466 3138/4507/2467
f 2474/4508/2468 3140/4506/2466 2431/4509/2469
f 2517/4510/2470 3142/4511/2471 2474/4508/2468
f 2517/4510/2470 3146/4512/2472 3144/4513/2473
f 2603/4514/2474 3146/4512/2472 2560/4515/2475
f 2646/4516/2476 3148/4517/2477 2603/4514/2474
f 2689/4518/2478 3150/4519/2479 2646/4516/2476
f 2732/4520/2480 3152/4521/2481 2689/4518/2478
f 2775/4522/2482 3154/4523/2483 2732/4520/2480
f 2818/4524/2484 3156/4525/2485 2775/4522/2482
f 2861/4526/2486 3158/4527/2487 2818/4524/2484
f 2904/4528/2488 3160/4529/2489 2861/4526/2486
f 2947/4530/2490 3162/4531/2491 2904/4528/2488
f 3119/4532/2492 2066/3545/2128 2023/4533/2171
f 1980/4534/2493 2024/4265/2299 1981/4267/2301
f 2023/4535/2494 2067/4268/2302 2024/4265/2299
f 2066/4536/2495 2111/4270/2304 2067/4268/2302
f 2110/4537/2496 2154/4272/2306 2111/4270/2304
f 2153/4538/2497 2197/4274/2308 2154/4272/2306
f 2196/4539/2498 2240/4276/2310 2197/4274/2308
f 2239/4540/2499 2283/4278/2312 2240/4276/2310
f 2282/4541/2500 2326/4280/2314 2283/4278/2312
f 2325/4542/2501 2369/4282/2316 2326/4280/2314
f 2368/4543/2502 2412/4284/2318 2369/4282/2316
f 2411/4544/2503 2455/4286/2320 2412/4284/2318
f 2454/4545/2504 2498/4288/2322 2455/4286/2320
f 2497/4546/2505 2541/4290/2324 2498/4288/2322
f 2540/4547/2506 2584/4292/2326 2541/4290/2324
f 2583/4548/2507 2627/4294/2328 2584/4292/2326
f 2626/4549/2508 2670/4296/2330 2627/4294/2328
f 2669/4550/2509 2713/4298/2332 2670/4296/2330
f 2712/4551/2510 2756/4300/2334 2713/4298/2332
f 2755/4552/2511 2799/4302/2336 2756/4300/2334
f 2798/4553/2512 2842/4304/2338 2799/4302/2336
f 2841/4554/2513 2885/4306/2340 2842/4304/2338
f 2884/4555/2514 2928/4312/2342 2885/4556/2340
f 2927/4557/2515 2971/4310/2344 2928/4312/2342
f 2970/4558/2516 1981/4267/2301 2971/4310/2344
f 2185/4559/528 2228/4560/528 2972/4561/528
f 2787/4562/528 2830/4563/528 2972/4561/528
f 2400/4564/528 2443/4565/528 2972/4561/528
f 2012/4566/528 2055/4567/528 2972/4561/528
f 2615/4568/528 2658/4569/528 2972/4561/528
f 2228/4560/528 2271/4570/528 2972/4561/528
f 2830/4563/528 2873/4571/528 2972/4561/528
f 2443/4565/528 2486/4572/528 2972/4561/528
f 2055/4567/528 2099/4573/528 2972/4561/528
f 2658/4569/528 2701/4574/528 2972/4561/528
f 2271/4570/528 2314/4575/528 2972/4561/528
f 2873/4571/528 2916/4576/528 2972/4561/528
f 2486/4572/528 2529/4577/528 2972/4561/528
f 2099/4573/528 2142/4578/528 2972/4561/528
f 2701/4574/528 2744/4579/528 2972/4561/528
f 2314/4575/528 2357/4580/528 2972/4561/528
f 2916/4576/528 2959/4581/528 2972/4561/528
f 2529/4577/528 2572/4582/528 2972/4561/528
f 2142/4578/528 2185/4559/528 2972/4561/528
f 2744/4579/528 2787/4562/528 2972/4561/528
f 2357/4580/528 2400/4564/528 2972/4561/528
f 2959/4581/528 1969/4583/528 2972/4561/528
f 1969/4583/528 2012/4566/528 2972/4561/528
f 2572/4582/528 2615/4568/528 2972/4561/528
f 2977/4584/1600 2975/4585/2517 2973/4586/1597
f 2978/4587/2518 2974/2888/1595 2975/4588/2517
f 2981/4589/2519 2977/4584/1600 2980/4590/1602
f 2979/2846/1554 2978/4587/2518 2981/4591/2519
f 2984/4592/2520 2980/4590/1602 2983/4593/1604
f 2984/4594/2520 2979/2846/1554 2981/4591/2519
f 2986/4595/1603 2984/4592/2520 2983/4593/1604
f 2985/2847/1555 2984/4594/2520 2987/4596/2521
f 2989/4597/1608 2987/4598/2521 2986/4595/1603
f 2988/2849/1557 2987/4596/2521 2990/4599/2522
f 2992/4600/1610 2990/4601/2522 2989/4597/1608
f 2993/4602/2523 2988/2849/1557 2990/4599/2522
f 2996/4603/2524 2992/4600/1610 2995/4604/1612
f 2996/4605/2524 2991/2851/1559 2993/4602/2523
f 2999/4606/2525 2995/4604/1612 2998/4607/1614
f 2997/2855/1563 2996/4605/2524 2999/4606/2525
f 3001/2909/1616 2999/4606/2525 2998/4607/1614
f 3000/2857/1565 2999/4606/2525 3002/4608/2526
f 3005/4609/2527 3001/2909/1616 3004/2908/1615
f 3005/4610/2527 3000/2857/1565 3002/4608/2526
f 3008/4611/2528 3004/2908/1615 3007/2913/1620
f 3008/4611/2528 3003/2859/1567 3005/4610/2527
f 3011/4612/2529 3007/2913/1620 3010/2915/1622
f 3009/2863/1571 3008/4611/2528 3011/4612/2529
f 3013/2917/1624 3011/4612/2529 3010/2915/1622
f 3014/4613/2530 3009/2863/1571 3011/4612/2529
f 3017/4614/2531 3013/2917/1624 3016/2919/1626
f 3015/2867/1575 3014/4613/2530 3017/4615/2531
f 3019/2921/1628 3017/4614/2531 3016/2919/1626
f 3018/4616/1577 3017/4615/2531 3020/4617/2532
f 3022/2920/1627 3020/4617/2532 3019/2921/1628
f 3021/4618/1582 3020/4617/2532 3023/4619/2533
f 3025/2925/1632 3023/4619/2533 3022/2920/1627
f 3026/4620/2534 3021/4618/1582 3023/4619/2533
f 3029/4621/2535 3025/2925/1632 3028/4622/1634
f 3027/4623/1583 3026/4620/2534 3029/4624/2535
f 3031/4625/1636 3029/4621/2535 3028/4622/1634
f 3032/4626/2536 3027/4623/1583 3029/4624/2535
f 3035/4627/2537 3031/4625/1636 3034/4628/1638
f 3033/4629/1587 3032/4626/2536 3035/4630/2537
f 3037/4631/1640 3035/4627/2537 3034/4628/1638
f 3038/4632/2538 3033/4629/1587 3035/4630/2537
f 3041/4633/2539 3037/4631/1640 3040/4634/1642
f 3039/4635/1591 3038/4632/2538 3041/4636/2539
f 3043/4637/2540 3041/4633/2539 3040/4634/1642
f 3044/4638/2541 3039/4635/1591 3041/4636/2539
f 2975/4639/2517 3043/4637/2540 2973/4640/1597
f 2974/4641/1595 3044/4638/2541 2975/4642/2517
f 2930/2934/1641 2973/4643/1597 3043/4644/2540
f 3050/4645/2542 3045/3269/1859 3049/3270/1860
f 3048/3266/1857 3047/4646/2543 3050/4645/2542
f 3053/4647/2544 3049/3270/1860 3052/3272/1862
f 3051/3224/1815 3050/4645/2542 3053/4647/2544
f 3055/3271/1861 3053/4647/2544 3052/3272/1862
f 3054/3227/1818 3053/4647/2544 3056/4648/2545
f 3059/4649/2546 3055/3271/1861 3058/3273/1863
f 3059/4649/2546 3054/3227/1818 3056/4648/2545
f 3062/4650/2547 3058/3273/1863 3061/3274/1864
f 3060/3229/1820 3059/4649/2546 3062/4650/2547
f 3065/4651/2548 3061/3274/1864 3064/3275/1865
f 3063/3231/1822 3062/4650/2547 3065/4651/2548
f 3068/4652/2549 3064/3275/1865 3067/3277/1867
f 3066/3236/1827 3065/4651/2548 3068/4652/2549
f 3071/4653/2550 3067/3277/1867 3070/3276/1866
f 3069/3235/1826 3068/4652/2549 3071/4653/2550
f 3074/4654/2551 3070/3276/1866 3073/3278/1868
f 3074/4654/2551 3069/3235/1826 3071/4653/2550
f 3077/4655/2552 3073/3278/1868 3076/3279/1869
f 3075/3239/1830 3074/4654/2551 3077/4655/2552
f 3080/4656/2553 3076/3279/1869 3079/3280/1870
f 3078/3241/1832 3077/4655/2552 3080/4656/2553
f 3083/4657/2554 3079/3280/1870 3082/3281/1871
f 3081/3243/1834 3080/4656/2553 3083/4657/2554
f 3085/3282/1872 3083/4657/2554 3082/3281/1871
f 3084/3245/1836 3083/4657/2554 3086/4658/2555
f 3089/4659/2556 3085/3282/1872 3088/3283/1873
f 3087/3250/1841 3086/4658/2555 3089/4659/2556
f 3092/4660/2557 3088/3283/1873 3091/3284/1874
f 3090/3249/1840 3089/4659/2556 3092/4660/2557
f 3095/4661/2558 3091/3284/1874 3094/3285/1875
f 3093/3254/1845 3092/4660/2557 3095/4661/2558
f 3098/4662/2559 3094/3285/1875 3097/3286/1876
f 3096/3253/1844 3095/4661/2558 3098/4662/2559
f 3101/4663/2560 3097/3286/1876 3100/3287/1877
f 3101/4663/2560 3096/3253/1844 3098/4662/2559
f 3104/4664/2561 3100/3287/1877 3103/3289/1879
f 3102/3257/1848 3101/4663/2560 3104/4664/2561
f 3107/4665/2562 3103/3289/1879 3106/3288/1878
f 3105/3259/1850 3104/4664/2561 3107/4665/2562
f 3110/4666/2563 3106/3288/1878 3109/3290/1880
f 3108/3261/1852 3107/4665/2562 3110/4666/2563
f 3113/4667/2564 3109/3290/1880 3112/3291/1881
f 3111/3265/1856 3110/4666/2563 3113/4667/2564
f 3116/4668/2565 3112/3291/1881 3115/4669/2566
f 3114/3223/1814 3113/4667/2564 3116/4668/2565
f 3047/4670/2543 3115/4669/2566 3045/4671/1859
f 3046/3221/1812 3116/4668/2565 3047/4670/2543
f 1948/4672/1788 3115/4669/2566 2938/3220/1811
f 3119/4532/2492 3117/4486/2446 3120/4489/2449
f 3121/3543/2126 3120/4489/2449 3122/4491/2451
f 3123/3546/2129 3122/4491/2451 3124/4493/2453
f 3125/3548/2131 3124/4493/2453 3126/4492/2452
f 3127/3551/2133 3126/4492/2452 3128/4497/2457
f 3129/3554/2136 3128/4497/2457 3130/4499/2459
f 3131/3553/2135 3130/4499/2459 3132/4498/2458
f 3133/3558/2139 3132/4498/2458 3134/4503/2463
f 3135/3560/2141 3134/4503/2463 3136/4502/2462
f 3137/3563/2143 3136/4502/2462 3138/4507/2467
f 3139/3565/2145 3138/4507/2467 3140/4506/2466
f 3141/4673/2148 3140/4506/2466 3142/4511/2471
f 3143/3568/2147 3142/4511/2471 3144/4513/2473
f 3145/3574/2151 3144/4513/2473 3146/4512/2472
f 3147/3577/2154 3146/4512/2472 3148/4674/2477
f 3149/4675/2153 3148/4674/2477 3150/4676/2479
f 3151/4677/2155 3150/4676/2479 3152/4678/2481
f 3153/4679/2159 3152/4678/2481 3154/4680/2483
f 3156/4681/2485 3153/4679/2159 3154/4680/2483
f 3157/4682/2163 3156/4681/2485 3158/4683/2487
f 3159/4684/2165 3158/4683/2487 3160/4685/2489
f 3161/4686/2167 3160/4685/2489 3162/4687/2491
f 3163/4688/2123 3162/4687/2491 3164/4689/2567
f 3118/4690/2170 3164/4689/2567 3117/4691/2446
f 2947/4530/2490 3117/4692/2446 3164/4693/2567
f 3165/3593/2169 2908/4694/2568 3168/4695/2568
f 3168/4695/2568 2865/4696/2264 3169/4697/2264
f 3169/4697/2264 2822/4698/2263 3171/4699/2263
f 3171/4699/2263 2779/4700/2262 3174/4701/2262
f 3174/4701/2262 2736/4702/2261 3175/4703/2261
f 3175/4703/2261 2693/4704/2260 3177/4705/2260
f 3177/4705/2260 2650/4706/2259 3180/4707/2259
f 3180/4707/2259 2607/4708/2258 3181/4709/2258
f 3181/4709/2258 2564/4710/2257 3183/4711/2257
f 3183/4711/2257 2521/4712/2256 3186/4713/2256
f 3186/4713/2256 2478/4714/2255 3187/4715/2255
f 3187/4715/2255 2435/4716/2254 3189/4717/2254
f 3189/4718/2254 2392/4719/2253 3192/4720/2253
f 3192/4720/2253 2349/4721/2252 3193/4722/2252
f 3193/4722/2252 2306/4723/2251 3195/4724/2251
f 3195/4724/2251 2263/4725/2250 3198/4726/2250
f 3198/4727/2250 2220/4728/2249 3199/4729/2249
f 3199/4729/2249 2177/4730/2248 3201/4731/2248
f 3201/4732/2248 2134/4733/2247 3204/4734/2247
f 3204/4734/2247 2091/4735/2246 3205/4736/2246
f 3205/4736/2246 2047/4737/2245 3207/4738/2245
f 3207/4738/2245 2004/4739/2244 3210/4740/2244
f 3210/4741/2244 1961/4742/2168 3211/4743/2168
f 3209/3689/2244 3207/4738/2245 3210/4740/2244
f 3204/4734/2247 3202/4744/2248 3201/4732/2248
f 3198/4726/2250 3196/3696/2251 3195/4724/2251
f 3192/4720/2253 3190/4745/2254 3189/4718/2254
f 3186/4713/2256 3184/4746/2257 3183/4711/2257
f 3180/4747/2259 3178/4748/2260 3177/4749/2260
f 3174/4750/2262 3172/4751/2263 3171/4752/2263
f 3168/4753/2568 3166/4754/2169 3165/4755/2169
f 3207/4738/2245 3206/3691/2246 3205/4736/2246
f 3201/4731/2248 3200/3694/2249 3199/4729/2249
f 3196/3696/2251 3193/4722/2252 3195/4724/2251
f 3190/3699/2254 3187/4715/2255 3189/4717/2254
f 3183/4711/2257 3182/4756/2258 3181/4709/2258
f 3178/4748/2260 3175/4757/2261 3177/4749/2260
f 3172/4751/2263 3169/4758/2264 3171/4752/2263
f 3165/4755/2169 3212/4759/2168 3211/4760/2168
f 3212/3688/2168 3210/4741/2244 3211/4743/2168
f 3206/3691/2246 3204/4734/2247 3205/4736/2246
f 3199/4729/2249 3197/4761/2250 3198/4727/2250
f 3193/4722/2252 3191/3698/2253 3192/4720/2253
f 3187/4715/2255 3185/3702/2256 3186/4713/2256
f 3181/4709/2258 3179/3708/2259 3180/4747/2259
f 3176/4762/2261 3174/4750/2262 3175/4757/2261
f 3169/4758/2264 3167/4763/2568 3168/4753/2568
f 2950/3719/2243 3167/4764/2568 2907/3720/2242
f 2912/4765/622 1958/4766/624 2001/3966/622
f 2869/4767/620 2001/4768/622 2044/3964/620
f 2826/4769/616 2044/3964/620 2088/3962/616
f 2783/4770/614 2088/3962/616 2131/3960/614
f 2740/4771/615 2131/3960/614 2174/3958/615
f 2697/4772/610 2174/4773/615 2217/3956/610
f 2654/4774/608 2217/4775/610 2260/3954/608
f 2611/4776/609 2260/3954/608 2303/3952/609
f 2568/4777/606 2303/4778/609 2346/3950/606
f 2525/4779/604 2346/3950/606 2389/3947/604
f 2482/4780/602 2389/3945/604 2432/3946/602
f 2439/4781/600 2432/4782/602 2475/3943/600
f 2396/4783/598 2475/4784/600 2518/3941/598
f 2353/4785/596 2518/4786/598 2561/3939/596
f 2310/4787/594 2561/3939/596 2604/3937/594
f 2267/4788/592 2604/4789/594 2647/3933/592
f 2224/4790/590 2647/3933/592 2690/3934/590
f 2181/4791/586 2690/3934/590 2733/3931/586
f 2138/4792/587 2733/3931/586 2776/3929/587
f 2095/4793/584 2776/4794/587 2819/3927/584
f 2051/4795/582 2819/3927/584 2862/3925/582
f 2051/4795/582 2905/3923/580 2008/4796/580
f 1965/4797/577 2905/4798/580 2948/3920/577
f 1969/4799/698 3236/4800/720 2959/4801/720
f 2959/4801/720 3235/4802/719 2916/4803/719
f 2916/4803/719 3234/4804/718 2873/4805/718
f 2873/4805/718 3233/4806/717 2830/4807/717
f 2830/4807/717 3232/4808/716 2787/4809/716
f 2787/4809/716 3231/4810/715 2744/4811/715
f 2744/4811/715 3230/4812/714 2701/4813/714
f 2701/4813/714 3229/4814/713 2658/4815/713
f 2658/4815/713 3228/4816/712 2615/4817/712
f 2615/4817/712 3227/4818/711 2572/4819/711
f 2572/4819/711 3226/4093/710 2529/4820/710
f 2529/4820/710 3225/4091/709 2486/4821/709
f 2486/4821/709 3224/4089/708 2443/4822/708
f 2443/4822/708 3223/4087/707 2400/4823/707
f 2400/4823/707 3222/4085/706 2357/4824/706
f 2357/4824/706 3221/4083/705 2314/4825/705
f 2314/4825/705 3220/4084/704 2271/4826/704
f 2271/4826/704 3219/4079/703 2228/4827/703
f 2228/4827/703 3218/4077/702 2185/4828/702
f 2185/4828/702 3217/4075/701 2142/4829/701
f 2142/4829/701 3216/4073/700 2099/4830/700
f 2099/4830/700 3215/4071/699 2055/4831/699
f 2055/4831/699 3214/4068/697 2012/4832/697
f 2012/4832/697 3213/4070/698 1969/4833/698
f 3253/4834/528 2618/4835/528 2661/4836/528
f 2188/4837/528 3241/4838/528 2145/4839/528
f 3252/4840/528 2575/4841/528 2618/4835/528
f 3251/4842/528 2532/4843/528 2575/4841/528
f 3250/4844/528 2489/4845/528 2532/4843/528
f 3241/4838/528 2102/4846/528 2145/4839/528
f 3249/4847/528 2446/4848/528 2489/4845/528
f 3248/4849/528 2403/4850/528 2446/4848/528
f 3247/4851/528 2360/4852/528 2403/4850/528
f 3246/4853/528 2317/4854/528 2360/4852/528
f 2102/4846/528 3239/4855/528 2058/4856/528
f 3237/4857/528 2962/4858/528 1972/4859/528
f 2317/4854/528 3244/4860/528 2274/4861/528
f 2058/4856/528 3238/4862/528 2015/4863/528
f 3260/4864/528 2919/4865/528 2962/4858/528
f 2274/4861/528 3243/4866/528 2231/4867/528
f 3259/4868/528 2876/4869/528 2919/4865/528
f 3258/4870/528 2833/4871/528 2876/4869/528
f 2015/4863/528 3237/4872/528 1972/4873/528
f 2833/4871/528 3256/4874/528 2790/4875/528
f 3243/4866/528 2188/4837/528 2231/4867/528
f 3256/4874/528 2747/4876/528 2790/4875/528
f 3255/4877/528 2704/4878/528 2747/4876/528
f 2704/4878/528 3253/4834/528 2661/4836/528
f 3269/4879/911 3244/4880/914 3245/4881/911
f 3284/4882/910 3259/4883/913 3260/4884/910
f 3262/4885/908 3237/4886/909 3238/4887/908
f 3277/4888/907 3252/4889/912 3253/4890/907
f 3270/4891/905 3245/4881/911 3246/4892/905
f 3261/4893/909 3260/4884/910 3237/4894/909
f 3263/4895/903 3238/4887/908 3239/4896/903
f 3278/4897/906 3253/4890/907 3254/4898/906
f 3271/4899/904 3246/4892/905 3247/4900/904
f 3264/4901/902 3239/4896/903 3240/4902/902
f 3279/4903/925 3254/4898/906 3255/4904/925
f 3272/4905/924 3247/4900/904 3248/4906/924
f 3265/4907/923 3240/4902/902 3241/4908/923
f 3280/4909/922 3255/4904/925 3256/4910/922
f 3273/4911/921 3248/4906/924 3249/4912/921
f 3266/4913/920 3241/4908/923 3242/4914/920
f 3281/4915/919 3256/4910/922 3257/4916/919
f 3274/4917/918 3249/4912/921 3250/4918/918
f 3267/4919/917 3242/4914/920 3243/4920/917
f 3282/4921/916 3257/4916/919 3258/4922/916
f 3275/4923/915 3250/4918/918 3251/4924/915
f 3268/4925/914 3243/4920/917 3244/4880/914
f 3283/4926/913 3258/4922/916 3259/4883/913
f 3276/4927/912 3251/4924/915 3252/4889/912
f 3273/4928/528 3285/4929/528 3272/4930/528
f 3266/4931/528 3285/4929/528 3265/4932/528
f 3281/4933/528 3285/4929/528 3280/4934/528
f 3274/4935/528 3285/4929/528 3273/4928/528
f 3267/4936/528 3285/4929/528 3266/4931/528
f 3282/4937/528 3285/4929/528 3281/4933/528
f 3275/4938/528 3285/4929/528 3274/4935/528
f 3268/4939/528 3285/4929/528 3267/4936/528
f 3283/4940/528 3285/4929/528 3282/4937/528
f 3276/4941/528 3285/4929/528 3275/4938/528
f 3269/4942/528 3285/4929/528 3268/4939/528
f 3284/4943/528 3285/4929/528 3283/4940/528
f 3262/4944/528 3285/4929/528 3261/4945/528
f 3277/4946/528 3285/4929/528 3276/4941/528
f 3270/4947/528 3285/4929/528 3269/4942/528
f 3261/4945/528 3285/4929/528 3284/4943/528
f 3263/4948/528 3285/4929/528 3262/4944/528
f 3278/4949/528 3285/4929/528 3277/4946/528
f 3271/4950/528 3285/4929/528 3270/4947/528
f 3264/4951/528 3285/4929/528 3263/4948/528
f 3279/4952/528 3285/4929/528 3278/4949/528
f 3272/4930/528 3285/4929/528 3271/4950/528
f 3265/4932/528 3285/4929/528 3264/4951/528
f 3280/4934/528 3285/4929/528 3279/4952/528
f 7/1/1 6/4/4 2/2/2
f 6/4/4 5/10/10 1/5/5
f 8/6/6 12/11/11 11/7/7
f 7/1/1 11/7/7 10/8/8
f 6/4/4 10/8/8 9/9/9
f 12/11/11 16/15/15 15/12/12
f 11/7/7 15/12/12 14/13/13
f 10/8/8 14/13/13 13/14/14
f 16/15/15 20/19/19 19/16/16
f 15/12/12 19/16/16 18/17/17
f 14/13/13 18/17/17 17/18/18
f 20/19/19 25/24/24 24/20/20
f 19/16/16 24/20/20 23/21/21
f 18/17/17 23/21/21 22/22/22
f 21/23/23 26/29/29 25/24/24
f 30/25/25 29/26/26 24/20/20
f 29/26/26 28/27/27 23/21/21
f 28/27/27 27/33/33 22/22/22
f 31/28/28 30/25/25 25/24/24
f 35/30/30 34/31/31 29/26/26
f 34/31/31 33/32/32 28/27/27
f 33/32/32 32/38/38 27/33/33
f 36/34/34 35/30/30 30/25/25
f 35/30/30 40/39/39 39/35/35
f 34/31/31 39/35/35 38/36/36
f 33/32/32 38/36/36 37/37/37
f 36/34/34 41/43/43 40/39/39
f 40/39/39 45/44/44 44/40/40
f 39/35/35 44/40/40 43/41/41
f 38/36/36 43/41/41 42/42/42
f 41/43/43 46/48/48 45/44/44
f 45/44/44 50/49/49 49/45/45
f 44/40/40 49/45/45 48/46/46
f 43/41/41 48/46/46 47/47/47
f 46/48/48 51/52/52 50/49/49
f 50/49/49 54/54/54 53/50/50
f 55/51/51 54/54/54 50/49/49
f 57/53/53 56/55/55 53/50/50
f 8/6/6 7/1/1 3/3/3
f 58/58/58 57/53/53 54/54/54
f 63/59/59 67/65/65 64/60/60
f 65/62/62 66/66/66 61/63/63
f 21/23/23 20/19/19 67/65/65
f 66/66/66 4/57/57 62/67/67
f 64/60/60 65/62/62 60/64/64
f 66/66/66 12/11/11 8/6/6
f 16/15/15 65/62/62 64/60/60
f 64/60/60 67/65/65 20/19/19
f 65/62/62 16/15/15 12/11/11
f 68/68/68 71/72/71 72/69/69
f 1/71/5 5/5486/10 71/72/71
f 73/73/72 72/69/69 75/74/73
f 72/69/69 71/72/71 74/76/75
f 71/72/71 5/5486/10 9/77/9
f 76/75/74 75/74/73 78/78/76
f 75/74/73 74/76/75 77/80/78
f 74/76/75 9/77/9 13/81/14
f 79/79/77 78/78/76 81/82/79
f 78/78/76 77/80/78 80/84/81
f 77/80/78 13/81/14 17/85/18
f 82/83/80 81/82/79 84/86/82
f 81/82/79 80/84/81 83/88/84
f 80/84/81 17/85/18 22/89/22
f 21/90/23 82/83/80 85/87/83
f 84/86/82 87/93/86 88/92/85
f 83/88/84 86/94/87 87/93/86
f 22/89/22 27/98/33 86/94/87
f 85/87/83 88/92/85 31/95/28
f 87/93/86 90/97/89 91/96/88
f 86/94/87 89/99/90 90/97/89
f 27/98/33 32/5487/38 89/99/90
f 88/92/85 91/96/88 36/100/34
f 91/96/88 90/97/89 93/101/91
f 90/97/89 89/99/90 92/103/93
f 89/99/90 32/5487/38 37/104/37
f 36/100/34 91/96/88 94/102/92
f 94/102/92 93/101/91 96/106/94
f 93/101/91 92/103/93 95/108/96
f 92/103/93 37/104/37 42/109/42
f 41/105/43 94/102/92 97/107/95
f 97/107/95 96/106/94 99/111/97
f 96/106/94 95/108/96 98/113/99
f 95/108/96 42/109/42 47/114/47
f 46/110/48 97/107/95 100/112/98
f 100/112/98 99/111/97 102/116/100
f 100/112/98 103/117/101 55/118/51
f 102/116/100 104/121/104 105/119/102
f 69/70/70 72/69/69 73/73/72
f 103/117/101 105/119/102 58/123/58
f 59/124/61 106/132/109 109/125/106
f 61/127/63 108/131/108 107/128/107
f 21/90/23 63/126/59 109/125/106
f 62/130/67 70/122/105 108/131/108
f 59/124/61 60/129/64 107/128/107
f 108/131/108 70/122/105 73/73/72
f 106/132/109 107/128/107 79/79/77
f 79/79/77 82/83/80 109/125/106
f 76/75/74 79/79/77 107/128/107
f 113/133/110 121/152/126 120/134/111
f 119/136/113 118/141/116 110/137/114
f 112/135/112 120/134/111 119/139/113
f 118/141/116 126/154/128 133/142/117
f 125/143/118 124/149/124 116/144/119
f 115/146/121 123/159/133 122/147/122
f 124/149/124 123/161/133 115/150/121
f 130/151/125 129/153/127 121/152/126
f 129/153/127 128/155/129 120/134/111
f 119/136/113 127/165/137 126/154/128
f 128/155/129 127/167/137 119/139/113
f 134/156/130 141/169/139 133/142/117
f 125/143/118 133/142/117 132/157/131
f 131/158/132 130/151/125 122/147/122
f 124/149/124 132/157/131 131/160/132
f 130/151/125 138/170/140 137/162/134
f 129/153/127 137/162/134 136/163/135
f 135/164/136 134/156/130 126/154/128
f 128/155/129 136/163/135 135/166/136
f 142/168/138 149/177/146 141/169/139
f 141/169/139 140/171/141 132/157/131
f 131/158/132 139/178/147 138/170/140
f 140/171/141 139/181/147 131/160/132
f 138/170/140 146/179/148 145/172/142
f 137/162/134 145/172/142 144/173/143
f 143/174/144 142/168/138 134/156/130
f 136/163/135 144/173/143 143/175/144
f 142/168/138 150/184/152 157/176/145
f 149/177/146 148/180/149 140/171/141
f 139/178/147 147/189/157 146/179/148
f 148/180/149 147/191/157 139/181/147
f 154/182/150 153/183/151 145/172/142
f 153/183/151 152/185/153 144/173/143
f 143/174/144 151/194/160 150/184/152
f 152/185/153 151/197/160 143/175/144
f 150/184/152 158/195/161 165/186/154
f 149/177/146 157/176/145 156/187/155
f 155/188/156 154/182/150 146/179/148
f 148/180/149 156/187/155 155/190/156
f 162/192/158 161/193/159 153/183/151
f 161/193/159 160/196/162 152/185/153
f 151/194/160 159/204/168 158/195/161
f 160/196/162 159/207/168 151/197/160
f 158/195/161 166/205/169 173/198/163
f 157/176/145 165/186/154 164/199/164
f 163/200/165 162/192/158 154/182/150
f 156/187/155 164/199/164 163/201/165
f 170/202/166 169/203/167 161/193/159
f 169/203/167 168/206/170 160/196/162
f 159/204/168 167/215/177 166/205/169
f 168/206/170 167/217/177 159/207/168
f 174/208/171 181/219/179 173/198/163
f 165/186/154 173/198/163 172/209/172
f 171/210/173 170/202/166 162/192/158
f 164/199/164 172/209/172 171/211/173
f 170/202/166 178/220/180 177/212/174
f 169/203/167 177/212/174 176/213/175
f 175/214/176 174/208/171 166/205/169
f 168/206/170 176/213/175 175/216/176
f 182/218/178 189/227/186 181/219/179
f 181/219/179 180/221/181 172/209/172
f 171/210/173 179/228/187 178/220/180
f 180/221/181 179/231/187 171/211/173
f 178/220/180 186/229/188 185/222/182
f 177/212/174 185/222/182 184/223/183
f 183/224/184 182/218/178 174/208/171
f 176/213/175 184/223/183 183/225/184
f 190/226/185 197/237/194 189/227/186
f 189/227/186 188/230/189 180/221/181
f 179/228/187 187/238/195 186/229/188
f 188/230/189 187/241/195 179/231/187
f 186/229/188 194/239/196 193/232/190
f 185/222/182 193/232/190 192/233/191
f 191/234/192 190/226/185 182/218/178
f 184/223/183 192/233/191 191/235/192
f 198/236/193 205/247/202 197/237/194
f 197/237/194 196/240/197 188/230/189
f 187/238/195 195/248/203 194/239/196
f 196/240/197 195/251/203 187/241/195
f 194/239/196 202/249/204 201/242/198
f 193/232/190 201/242/198 200/243/199
f 199/244/200 198/236/193 190/226/185
f 192/233/191 200/243/199 199/245/200
f 198/236/193 206/254/208 213/246/201
f 205/247/202 204/250/205 196/240/197
f 195/248/203 203/259/213 202/249/204
f 204/250/205 203/261/213 195/251/203
f 210/252/206 209/253/207 201/242/198
f 209/253/207 208/255/209 200/243/199
f 199/244/200 207/264/216 206/254/208
f 208/255/209 207/267/216 199/245/200
f 206/254/208 214/265/217 221/256/210
f 205/247/202 213/246/201 212/257/211
f 211/258/212 210/252/206 202/249/204
f 204/250/205 212/257/211 211/260/212
f 218/262/214 217/263/215 209/253/207
f 217/263/215 216/266/218 208/255/209
f 207/264/216 215/275/225 214/265/217
f 216/266/218 215/277/225 207/267/216
f 222/268/219 229/279/227 221/256/210
f 213/246/201 221/256/210 220/269/220
f 219/270/221 218/262/214 210/252/206
f 212/257/211 220/269/220 219/271/221
f 218/262/214 226/280/228 225/272/222
f 217/263/215 225/272/222 224/273/223
f 223/274/224 222/268/219 214/265/217
f 216/266/218 224/273/223 223/276/224
f 230/278/226 237/287/234 229/279/227
f 229/279/227 228/281/229 220/269/220
f 219/270/221 227/288/235 226/280/228
f 228/281/229 227/291/235 219/271/221
f 226/280/228 234/289/236 233/282/230
f 225/272/222 233/282/230 232/283/231
f 231/284/232 230/278/226 222/268/219
f 224/273/223 232/283/231 231/285/232
f 238/286/233 245/297/242 237/287/234
f 237/287/234 236/290/237 228/281/229
f 227/288/235 235/298/243 234/289/236
f 236/290/237 235/301/243 227/291/235
f 234/289/236 242/299/244 241/292/238
f 233/282/230 241/292/238 240/293/239
f 239/294/240 238/286/233 230/278/226
f 232/283/231 240/293/239 239/295/240
f 246/296/241 253/306/249 245/297/242
f 245/297/242 244/300/245 236/290/237
f 235/298/243 243/307/250 242/299/244
f 244/300/245 243/310/250 235/301/243
f 242/299/244 250/308/251 249/302/246
f 241/292/238 249/302/246 248/303/247
f 247/304/248 246/296/241 238/286/233
f 240/293/239 248/303/247 247/305/248
f 48/46/46 258/312/254 253/306/249
f 253/306/249 252/309/252 244/300/245
f 243/307/250 251/313/255 250/308/251
f 252/309/252 251/316/255 243/310/250
f 250/308/251 255/314/256 254/311/253
f 249/302/246 254/311/253 98/113/99
f 47/47/47 48/46/46 246/296/241
f 248/303/247 98/113/99 47/114/47
f 114/148/123 122/147/122 121/152/126
f 258/312/254 257/315/257 252/309/252
f 251/313/255 256/5488/2918 255/314/256
f 257/315/257 256/5489/2918 251/316/255
f 260/317/258 261/323/264 259/318/259
f 261/323/264 262/328/269 283/324/265
f 266/325/266 269/336/273 270/326/267
f 262/328/269 261/323/264 264/329/270
f 261/323/264 260/317/258 263/332/272
f 264/333/270 267/327/268 268/320/261
f 263/335/272 266/325/266 267/327/268
f 269/336/273 273/343/280 274/337/274
f 267/327/268 270/326/267 271/321/262
f 282/319/260 259/318/259 280/339/276
f 270/326/267 274/337/274 275/341/278
f 273/343/280 276/347/282 277/344/281
f 274/337/274 277/344/281 278/342/279
f 277/346/281 276/5490/282 279/340/277
f 278/345/279 277/346/281 280/339/276
f 269/336/273 113/133/110 112/135/112
f 259/318/259 283/324/265 281/338/275
f 279/340/277 276/5490/282 111/138/115
f 273/343/280 112/135/112 111/140/115
f 266/325/266 114/148/123 113/133/110
f 260/317/258 282/319/260 117/145/120
f 263/335/272 115/146/121 114/148/123
f 263/332/272 260/317/258 116/144/119
f 110/137/114 117/145/120 282/319/260
f 118/141/116 125/143/118 117/145/120
f 52/56/56 257/315/257 258/312/254
f 101/120/103 102/116/100 254/311/253
f 392/349/284 393/602/496 52/56/56
f 52/56/56 289/468/402 290/348/283
f 392/349/284 290/348/283 294/350/285
f 391/352/287 284/465/399 285/353/288
f 387/355/290 292/470/404 291/356/291
f 386/354/289 285/353/288 286/358/293
f 293/360/295 292/470/404 387/355/290
f 294/350/285 293/360/295 390/361/296
f 305/362/297 309/371/306 304/363/298
f 301/365/300 300/364/299 295/366/301
f 303/368/303 302/375/310 297/369/304
f 309/371/306 308/374/309 303/368/303
f 305/362/297 310/378/313 314/372/307
f 306/373/308 305/362/297 300/364/299
f 308/374/309 307/380/315 302/375/310
f 309/371/306 314/372/307 313/376/311
f 315/377/312 319/381/316 314/372/307
f 306/373/308 311/384/319 310/378/313
f 308/374/309 313/376/311 312/379/314
f 319/381/316 318/385/320 313/376/311
f 315/377/312 320/388/323 324/382/317
f 316/383/318 315/377/312 310/378/313
f 318/385/320 317/390/325 312/379/314
f 319/381/316 324/382/317 323/386/321
f 325/387/322 826/393/328 324/382/317
f 316/383/318 321/396/331 320/388/323
f 318/385/320 323/386/321 322/389/324
f 334/391/326 333/408/342 825/392/327
f 330/394/329 334/391/326 826/393/328
f 326/395/330 325/387/322 320/388/323
f 825/392/327 333/408/342 332/397/332
f 437/399/334 436/522/442 828/400/335
f 330/394/329 335/410/344 339/402/337
f 331/403/338 330/394/329 325/387/322
f 827/404/339 823/5491/333 332/405/332
f 334/391/326 339/402/337 338/407/341
f 340/409/343 343/412/346 339/402/337
f 331/403/338 336/604/455 335/410/344
f 333/408/342 338/407/341 337/411/345
f 343/412/346 342/415/349 338/407/341
f 344/413/347 347/416/350 343/412/346
f 340/409/343 486/605/497 488/414/348
f 342/415/349 341/422/356 337/411/345
f 347/416/350 346/421/355 342/415/349
f 348/417/351 351/423/357 347/416/350
f 456/418/352 497/556/468 496/419/353
f 346/421/355 345/427/361 341/422/356
f 351/423/357 350/426/360 346/421/355
f 348/417/351 352/429/363 356/424/358
f 348/417/351 344/413/347 488/414/348
f 350/426/360 349/433/367 345/427/361
f 351/423/357 356/424/358 355/428/362
f 352/429/363 357/435/369 361/430/364
f 352/429/363 348/417/351 490/425/359
f 350/426/360 355/428/362 354/432/366
f 356/424/358 361/430/364 360/434/368
f 357/435/369 362/440/374 366/436/370
f 353/437/371 358/442/376 357/435/369
f 355/428/362 360/434/368 359/438/372
f 361/430/364 366/436/370 365/439/373
f 362/440/374 367/445/379 371/441/375
f 358/442/376 363/447/381 362/440/374
f 360/434/368 365/439/373 364/443/377
f 366/436/370 371/441/375 370/444/378
f 367/445/379 372/451/385 376/446/380
f 363/447/381 368/452/386 367/445/379
f 365/439/373 370/444/378 369/448/382
f 371/441/375 376/446/380 375/449/383
f 377/450/384 381/456/390 376/446/380
f 368/452/386 373/458/392 372/451/385
f 370/444/378 375/449/383 374/453/387
f 376/446/380 381/456/390 380/454/388
f 377/450/384 291/356/291 385/455/389
f 378/457/391 377/450/384 372/451/385
f 375/449/383 380/454/388 379/459/393
f 381/456/390 385/455/389 384/460/394
f 304/363/298 303/368/303 298/370/305
f 382/357/292 291/356/291 377/450/384
f 300/364/299 304/363/298 299/461/395
f 380/454/388 384/460/394 383/462/396
f 288/463/397 289/468/402 52/56/56
f 413/464/398 412/587/485 105/119/102
f 384/460/394 284/465/399 391/352/287
f 57/53/53 58/58/58 388/359/294
f 289/468/402 408/483/417 407/469/403
f 292/470/404 408/483/417 406/467/401
f 295/366/301 299/461/395 398/471/405
f 296/367/302 295/366/301 394/472/406
f 299/461/395 298/370/305 397/474/408
f 298/370/305 297/369/304 396/475/409
f 395/473/407 394/472/406 399/476/410
f 397/474/408 396/475/409 401/478/412
f 398/471/405 397/474/408 402/479/413
f 394/472/406 398/471/405 403/480/414
f 402/479/413 401/478/412 404/481/415
f 404/481/415 400/477/411 399/476/410
f 408/483/417 292/470/404 293/360/295
f 408/483/417 289/468/402 288/463/397
f 101/120/103 393/603/496 392/484/284
f 392/484/284 415/487/420 414/485/418
f 392/484/284 389/498/286 419/486/419
f 391/488/287 386/494/289 410/489/421
f 387/491/290 382/584/292 416/492/423
f 386/494/289 388/586/294 411/495/425
f 387/491/290 417/493/424 418/496/426
f 390/497/296 418/496/426 419/486/419
f 425/499/427 428/508/433 426/500/428
f 420/502/430 423/501/429 301/503/300
f 297/505/304 302/512/310 424/506/431
f 424/506/431 427/513/436 428/508/433
f 426/500/428 428/508/433 431/509/434
f 423/501/429 426/500/428 306/511/308
f 302/512/310 307/5492/315 427/513/436
f 428/508/433 427/513/436 430/514/437
f 431/509/434 434/518/439 432/515/438
f 306/511/308 426/500/428 429/510/435
f 427/513/436 307/5492/315 312/517/314
f 430/514/437 433/521/441 434/518/439
f 432/515/438 434/518/439 437/399/334
f 429/510/435 432/515/438 316/520/318
f 312/517/314 317/5493/325 433/521/441
f 434/518/439 433/521/441 436/522/442
f 437/399/334 440/401/336 438/523/443
f 316/520/318 432/515/438 435/519/440
f 433/521/441 317/5493/325 322/525/324
f 827/404/339 442/406/340 443/526/444
f 440/401/336 443/526/444 441/527/445
f 435/519/440 438/523/443 326/528/330
f 323/386/321 824/536/452 822/529/446
f 852/530/447 854/1179/887 328/531/448
f 441/527/445 443/526/444 446/533/450
f 438/523/443 441/527/445 331/535/338
f 324/382/317 826/393/328 824/536/452
f 443/526/444 442/406/340 445/537/453
f 446/533/450 449/541/456 447/538/454
f 331/535/338 441/527/445 444/534/451
f 442/406/340 332/405/332 337/540/345
f 445/537/453 448/543/458 449/541/456
f 449/541/456 452/544/459 450/542/457
f 337/540/345 341/545/356 448/543/458
f 448/543/458 451/546/460 452/544/459
f 452/544/459 455/547/461 453/420/354
f 341/545/356 345/550/361 451/546/460
f 451/546/460 454/551/464 455/547/461
f 453/420/354 455/547/461 458/548/462
f 345/550/361 349/5494/367 454/551/464
f 455/547/461 454/551/464 457/552/465
f 456/418/352 458/548/462 461/553/466
f 353/555/371 493/613/502 497/556/468
f 454/551/464 349/5494/367 354/557/366
f 458/548/462 457/552/465 460/558/469
f 459/554/467 461/553/466 464/559/470
f 353/555/371 456/418/352 459/554/467
f 457/552/465 354/557/366 359/562/372
f 461/553/466 460/558/469 463/563/472
f 462/560/471 464/559/470 467/564/473
f 358/561/376 459/554/467 462/560/471
f 460/558/469 359/562/372 364/567/377
f 464/559/470 463/563/472 466/568/475
f 465/565/474 467/564/473 470/569/476
f 363/566/381 462/560/471 465/565/474
f 463/563/472 364/567/377 369/572/382
f 467/564/473 466/568/475 469/573/478
f 470/569/476 473/578/481 471/574/479
f 368/571/386 465/565/474 468/570/477
f 466/568/475 369/572/382 374/576/387
f 470/569/476 469/573/478 472/577/480
f 471/574/479 473/578/481 475/579/482
f 468/570/477 471/574/479 378/580/391
f 469/573/478 374/576/387 379/581/393
f 473/578/481 472/577/480 474/582/483
f 421/507/432 424/506/431 425/499/427
f 471/574/479 416/492/423 382/584/292
f 422/583/484 425/499/427 423/501/429
f 472/577/480 379/581/393 383/585/396
f 101/120/103 414/485/418 413/464/398
f 57/53/53 287/466/400 288/463/397
f 391/488/287 409/490/422 474/582/483
f 388/586/294 58/123/58 105/119/102
f 414/485/418 415/487/420 484/589/487
f 417/493/424 416/492/423 483/588/486
f 420/502/430 476/592/490 478/591/489
f 296/504/302 395/595/407 476/592/490
f 422/583/484 478/591/489 477/593/491
f 421/507/432 477/593/491 396/594/409
f 395/595/407 400/5495/411 479/596/492
f 477/593/491 480/598/493 401/597/412
f 478/591/489 481/599/494 480/598/493
f 476/592/490 479/596/492 481/599/494
f 480/598/493 482/601/495 404/600/415
f 479/596/492 400/5495/411 404/600/415
f 418/496/426 417/493/424 485/590/488
f 413/464/398 414/485/418 485/590/488
f 393/602/496 256/5489/2918 257/315/257
f 255/314/256 256/5488/2918 393/603/496
f 336/604/455 487/606/498 486/605/497
f 487/606/498 489/608/500 488/414/348
f 491/607/499 490/425/359 488/414/348
f 491/607/499 493/614/502 492/431/365
f 336/539/455 444/534/451 494/549/463
f 487/609/498 494/549/463 495/610/501
f 495/610/501 496/419/353 491/612/499
f 491/612/499 496/419/353 497/556/468
f 353/437/371 352/429/363 492/431/365
f 453/420/354 496/419/353 495/610/501
f 447/538/454 450/542/457 495/610/501
f 498/615/503 525/618/503 512/616/503
f 525/618/503 552/621/503 539/620/503
f 552/621/503 579/624/503 566/623/503
f 579/624/503 606/627/503 593/626/503
f 606/627/503 633/630/503 620/629/503
f 633/630/503 660/633/503 647/632/503
f 660/633/503 687/636/503 674/635/503
f 687/636/503 714/639/503 701/638/503
f 714/639/503 741/642/503 728/641/503
f 741/642/503 768/645/503 755/644/503
f 768/645/503 795/648/503 782/647/503
f 795/648/503 498/615/503 809/650/503
f 512/651/504 513/655/504 500/652/505
f 526/654/506 527/657/506 513/655/504
f 539/656/507 540/659/507 527/657/506
f 553/658/508 554/661/508 540/659/507
f 566/660/509 567/663/509 554/661/508
f 580/662/510 581/665/510 567/663/509
f 593/664/511 594/667/511 581/665/510
f 593/664/511 607/669/512 608/666/512
f 620/668/513 621/671/513 608/666/512
f 634/670/514 635/673/514 621/671/513
f 647/672/515 648/675/515 635/673/514
f 661/674/516 662/5496/516 648/675/515
f 674/676/517 675/680/517 662/677/516
f 688/679/518 689/682/518 675/680/517
f 701/681/519 702/684/519 689/682/518
f 715/683/520 716/686/520 702/684/519
f 715/683/520 728/688/521 729/685/521
f 742/687/522 743/690/522 729/685/521
f 755/689/523 756/692/523 743/690/522
f 755/689/523 769/694/524 770/691/524
f 782/693/525 783/696/525 770/691/524
f 796/695/526 797/698/526 783/696/525
f 809/697/527 810/699/527 797/698/526
f 499/653/505 500/652/505 810/699/527
f 513/700/528 514/704/528 501/701/528
f 527/703/528 528/706/528 514/704/528
f 540/705/528 541/708/528 528/706/528
f 554/707/528 555/710/528 541/708/528
f 567/709/528 568/712/528 555/710/528
f 581/711/528 582/714/528 568/712/528
f 594/713/528 595/716/528 582/714/528
f 608/715/528 609/718/528 595/716/528
f 621/717/528 622/720/528 609/718/528
f 635/719/528 636/722/528 622/720/528
f 648/721/528 649/724/528 636/722/528
f 662/723/528 663/726/528 649/724/528
f 675/725/528 676/728/528 663/726/528
f 689/727/528 690/730/528 676/728/528
f 702/729/528 703/732/528 690/730/528
f 716/731/528 717/734/528 703/732/528
f 729/733/528 730/736/528 717/734/528
f 743/735/528 744/738/528 730/736/528
f 756/737/528 757/740/528 744/738/528
f 770/739/528 771/742/528 757/740/528
f 783/741/528 784/744/528 771/742/528
f 797/743/528 798/746/528 784/744/528
f 810/745/528 811/747/528 798/746/528
f 500/702/528 501/701/528 811/747/528
f 510/748/529 523/752/533 515/749/530
f 537/751/532 529/754/535 515/749/530
f 537/751/532 550/755/536 542/753/534
f 550/755/536 564/757/538 556/756/537
f 564/757/538 577/759/540 569/758/539
f 577/759/540 591/761/542 583/760/541
f 591/761/542 604/763/544 596/762/543
f 604/763/544 618/765/546 610/764/545
f 618/765/546 631/767/548 623/766/547
f 631/767/548 645/769/550 637/768/549
f 645/769/550 658/771/552 650/770/551
f 658/771/552 672/1055/554 664/772/553
f 672/773/554 685/776/556 677/774/555
f 685/776/556 699/778/558 691/777/557
f 699/778/558 712/780/560 704/779/559
f 712/780/560 726/782/562 718/781/561
f 726/782/562 739/784/564 731/783/563
f 739/784/564 753/786/566 745/785/565
f 753/786/566 766/788/568 758/787/567
f 766/788/568 780/790/570 772/789/569
f 780/790/570 793/792/572 785/791/571
f 793/792/572 807/794/574 799/793/573
f 807/794/574 820/796/576 812/795/575
f 510/748/529 502/750/531 812/795/575
f 878/797/577 879/800/580 516/798/578
f 879/800/580 880/802/582 530/801/581
f 880/802/582 881/804/584 543/803/583
f 881/804/584 882/807/587 557/805/585
f 883/806/586 570/809/589 557/805/585
f 883/806/586 884/810/590 584/808/588
f 884/810/590 885/812/592 597/811/591
f 885/812/592 886/814/594 611/813/593
f 886/814/594 887/816/596 624/815/595
f 887/816/596 888/818/598 638/817/597
f 888/818/598 889/820/600 651/819/599
f 889/820/600 890/1276/602 665/821/601
f 890/822/602 891/825/604 678/823/603
f 891/825/604 892/827/606 692/826/605
f 892/827/606 893/830/609 705/828/607
f 894/829/608 719/832/611 705/828/607
f 895/831/610 732/834/613 719/832/611
f 895/831/610 896/836/615 746/833/612
f 897/835/614 759/838/617 746/833/612
f 898/837/616 773/840/619 759/838/617
f 898/837/616 899/841/620 786/839/618
f 899/841/620 900/843/622 800/842/621
f 900/843/622 901/845/624 813/844/623
f 878/797/577 503/799/579 813/844/623
f 516/798/578 517/848/627 504/846/625
f 516/798/578 530/801/581 531/847/626
f 530/801/581 543/803/583 544/849/628
f 557/805/585 558/850/629 544/849/628
f 570/809/589 571/851/630 558/850/629
f 584/808/588 585/853/632 571/851/630
f 584/808/588 597/811/591 598/852/631
f 611/813/593 612/854/633 598/852/631
f 624/815/595 625/856/635 612/854/633
f 624/815/595 638/817/597 639/855/634
f 638/817/597 651/819/599 652/857/636
f 651/819/599 665/821/601 666/858/637
f 678/823/603 679/860/638 666/859/637
f 692/826/605 693/861/639 679/860/638
f 705/828/607 706/862/640 693/861/639
f 719/832/611 720/864/642 706/862/640
f 719/832/611 732/834/613 733/863/641
f 732/834/613 746/833/612 747/865/643
f 746/833/612 759/838/617 760/866/644
f 759/838/617 773/840/619 774/867/645
f 773/840/619 786/839/618 787/868/646
f 800/842/621 801/870/648 787/868/646
f 800/842/621 813/844/623 814/869/647
f 503/799/579 504/846/625 814/869/647
f 517/848/627 518/872/650 505/871/649
f 531/847/626 532/874/652 518/872/650
f 531/847/626 544/849/628 545/873/651
f 558/850/629 559/875/653 545/873/651
f 571/851/630 572/876/654 559/875/653
f 585/853/632 586/877/655 572/876/654
f 598/852/631 599/878/656 586/877/655
f 612/854/633 613/879/657 599/878/656
f 625/856/635 626/880/658 613/879/657
f 639/855/634 640/881/659 626/880/658
f 652/857/636 653/882/660 640/881/659
f 666/858/637 667/906/661 653/882/660
f 679/860/638 680/885/663 667/883/661
f 679/860/638 693/861/639 694/884/662
f 706/862/640 707/887/665 694/884/662
f 706/862/640 720/864/642 721/886/664
f 733/863/641 734/888/666 721/886/664
f 747/865/643 748/889/667 734/888/666
f 760/866/644 761/890/668 748/889/667
f 774/867/645 775/891/669 761/890/668
f 787/868/646 788/892/670 775/891/669
f 801/870/648 802/893/671 788/892/670
f 814/869/647 815/894/672 802/893/671
f 504/846/625 505/871/649 815/894/672
f 518/872/650 519/896/674 506/895/673
f 532/874/652 533/898/676 519/896/674
f 532/874/652 545/873/651 546/897/675
f 559/875/653 560/899/677 546/897/675
f 572/876/654 573/900/678 560/899/677
f 586/877/655 587/901/679 573/900/678
f 599/878/656 600/902/680 587/901/679
f 613/879/657 614/903/681 600/902/680
f 626/880/658 627/904/682 614/903/681
f 640/881/659 641/905/683 627/904/682
f 653/882/660 654/907/684 641/905/683
f 667/906/661 668/5497/685 654/907/684
f 680/885/663 681/909/686 668/908/685
f 694/884/662 695/910/687 681/909/686
f 707/887/665 708/911/688 695/910/687
f 721/886/664 722/912/689 708/911/688
f 734/888/666 735/913/690 722/912/689
f 748/889/667 749/914/691 735/913/690
f 761/890/668 762/915/692 749/914/691
f 775/891/669 776/916/693 762/915/692
f 788/892/670 789/918/695 776/916/693
f 788/892/670 802/893/671 803/917/694
f 815/894/672 816/919/696 803/917/694
f 505/871/649 506/895/673 816/919/696
f 903/920/697 520/924/697 507/921/698
f 904/923/699 534/926/699 520/924/697
f 905/925/700 547/928/700 534/926/699
f 906/927/701 561/930/701 547/928/700
f 907/929/702 574/932/702 561/930/701
f 908/931/703 588/934/703 574/932/702
f 909/933/704 601/936/704 588/934/703
f 909/933/704 910/938/705 615/935/705
f 911/937/706 628/940/706 615/935/705
f 912/939/707 642/942/707 628/940/706
f 913/941/708 655/944/708 642/942/707
f 914/943/709 669/5498/709 655/944/708
f 915/945/710 682/949/710 669/946/709
f 915/945/710 916/950/711 696/948/711
f 916/950/711 917/952/712 709/951/712
f 917/952/712 918/955/713 723/953/713
f 919/954/714 736/957/714 723/953/713
f 920/956/715 750/959/715 736/957/714
f 921/958/716 763/961/716 750/959/715
f 922/960/717 777/963/717 763/961/716
f 923/962/718 790/965/718 777/963/717
f 924/964/719 804/967/719 790/965/718
f 924/964/719 925/968/720 817/966/720
f 902/922/698 507/921/698 817/966/720
f 520/969/721 521/973/725 508/970/722
f 520/969/721 534/975/727 535/972/724
f 547/974/726 548/977/729 535/972/724
f 547/974/726 561/978/730 562/976/728
f 561/978/730 574/980/732 575/979/731
f 574/980/732 588/982/734 589/981/733
f 588/982/734 601/984/736 602/983/735
f 601/984/736 615/986/738 616/985/737
f 615/986/738 628/988/740 629/987/739
f 628/988/740 642/990/742 643/989/741
f 642/990/742 655/992/744 656/991/743
f 655/992/744 669/5499/746 670/993/745
f 669/994/746 682/997/748 683/995/747
f 682/997/748 696/1000/751 697/998/749
f 709/999/750 710/1002/753 697/998/749
f 709/999/750 723/1003/754 724/1001/752
f 723/1003/754 736/1005/756 737/1004/755
f 736/1005/756 750/1007/758 751/1006/757
f 750/1007/758 763/1009/760 764/1008/759
f 763/1009/760 777/1011/762 778/1010/761
f 777/1011/762 790/1014/765 791/1012/763
f 804/1013/764 805/1016/767 791/1012/763
f 804/1013/764 817/1017/768 818/1015/766
f 817/1017/768 507/971/723 508/970/722
f 508/970/722 521/973/725 522/1018/769
f 535/972/724 536/1021/772 522/1018/769
f 535/972/724 548/977/729 549/1020/771
f 548/977/729 562/976/728 563/1022/773
f 562/976/728 575/979/731 576/1023/774
f 575/979/731 589/981/733 590/1024/775
f 602/983/735 603/1026/777 590/1024/775
f 602/983/735 616/985/737 617/1025/776
f 616/985/737 629/987/739 630/1027/778
f 643/989/741 644/1029/780 630/1027/778
f 643/989/741 656/991/743 657/1028/779
f 656/991/743 670/993/745 671/1030/781
f 670/996/745 683/995/747 684/1031/782
f 683/995/747 697/998/749 698/1033/783
f 697/998/749 710/1002/753 711/1034/784
f 724/1001/752 725/1036/786 711/1034/784
f 724/1001/752 737/1004/755 738/1035/785
f 737/1004/755 751/1006/757 752/1037/787
f 751/1006/757 764/1008/759 765/1038/788
f 764/1008/759 778/1010/761 779/1039/789
f 778/1010/761 791/1012/763 792/1040/790
f 791/1012/763 805/1016/767 806/1041/791
f 818/1015/766 819/1042/792 806/1041/791
f 818/1015/766 508/970/722 509/1019/770
f 501/1043/793 514/1045/795 523/752/533
f 528/1044/794 537/751/532 523/752/533
f 541/1046/796 550/755/536 537/751/532
f 555/1047/797 564/757/538 550/755/536
f 568/1048/798 577/759/540 564/757/538
f 582/1049/799 591/761/542 577/759/540
f 595/1050/800 604/763/544 591/761/542
f 609/1051/801 618/765/546 604/763/544
f 609/1051/801 622/1053/803 631/767/548
f 636/1052/802 645/769/550 631/767/548
f 649/1054/804 658/771/552 645/769/550
f 649/1054/804 663/5500/806 672/1055/554
f 676/1056/805 685/776/556 672/773/554
f 690/1058/807 699/778/558 685/776/556
f 703/1059/808 712/780/560 699/778/558
f 717/1060/809 726/782/562 712/780/560
f 717/1060/809 730/1061/810 739/784/564
f 730/1061/810 744/1063/812 753/786/566
f 757/1062/811 766/788/568 753/786/566
f 771/1064/813 780/790/570 766/788/568
f 784/1065/814 793/792/572 780/790/570
f 798/1066/815 807/794/574 793/792/572
f 811/1067/816 820/796/576 807/794/574
f 501/1043/793 510/748/529 820/796/576
f 2/1109/2 1/1107/5 511/1106/852
f 727/1102/848 4/1111/57 3/1108/3
f 70/1113/105 62/5501/67 673/1099/846
f 565/1095/842 68/1114/68 69/1112/70
f 823/1115/528 830/1219/528 329/1116/528
f 822/1118/853 327/532/449 328/531/448
f 436/522/442 322/525/324 822/1120/446
f 329/1121/855 829/5502/2919 824/1122/452
f 439/1124/528 830/1219/528 823/1115/528
f 829/1126/856 327/532/449 822/1118/853
f 828/1128/335 328/1132/860 439/1129/858
f 832/1131/859 831/1134/862 439/1129/858
f 834/1133/861 833/1136/861 831/1134/862
f 836/1135/863 835/1138/863 833/1136/861
f 836/1135/863 838/1140/864 837/1137/864
f 840/1139/865 839/5503/865 837/1137/864
f 844/1141/866 843/1145/866 841/1142/867
f 846/1144/868 845/1147/868 843/1145/866
f 848/1146/869 847/1149/869 845/1147/868
f 850/1148/870 849/1150/871 847/1149/869
f 850/1148/870 829/5502/2919 329/1121/855
f 851/1151/872 853/1154/873 854/1152/873
f 853/1154/873 855/1156/874 856/1155/874
f 855/1156/874 857/1158/875 858/1157/875
f 857/1158/875 859/1160/876 860/1159/876
f 859/1160/876 861/1162/877 862/1161/877
f 861/1162/877 863/5504/878 864/1163/878
f 865/1164/879 867/1167/880 868/1165/880
f 867/1167/880 869/5505/881 870/1168/881
f 870/1168/881 869/5505/881 871/1169/882
f 871/1169/882 873/1172/883 874/1171/883
f 873/1172/883 875/1174/885 876/1173/884
f 875/1174/885 851/5506/872 852/1175/872
f 831/1176/528 855/1182/528 853/1177/528
f 832/1178/886 328/531/448 854/1179/887
f 833/1181/528 857/1186/528 855/1182/528
f 832/1178/886 856/1180/888 858/1183/889
f 835/1185/528 859/1190/528 857/1186/528
f 836/1187/890 834/1184/889 858/1183/889
f 837/1189/528 861/1194/528 859/1190/528
f 838/1191/891 836/1187/890 860/1188/890
f 839/1193/528 863/5507/528 861/1194/528
f 838/1191/891 862/1192/892 864/1195/893
f 843/1197/528 867/1204/528 865/1198/528
f 842/1200/894 866/5508/894 868/1201/895
f 843/1197/528 845/1207/528 869/1203/528
f 844/1202/896 868/1201/895 870/1205/897
f 845/1207/528 847/1212/528 871/1208/528
f 846/1206/897 870/1205/897 872/1209/898
f 849/1211/528 873/1216/528 871/1208/528
f 850/1213/899 848/1210/898 872/1209/898
f 849/1211/528 329/1116/528 875/1215/528
f 850/1213/899 874/1214/900 876/1217/901
f 851/1218/528 875/1215/528 329/1116/528
f 829/1126/856 876/1217/901 852/530/447
f 439/1124/528 853/1177/528 851/1218/528
f 603/1220/528 932/1262/528 931/1221/528
f 590/1222/528 931/1221/528 930/1223/528
f 576/1224/528 930/1223/528 929/1225/528
f 929/1225/528 928/1228/528 549/1227/528
f 928/1228/528 927/1230/528 536/1229/528
f 927/1230/528 926/5509/528 522/1231/528
f 522/1231/528 926/5509/528 877/1232/528
f 509/1233/528 877/1232/528 948/1234/528
f 948/1234/528 947/5510/528 806/1236/528
f 806/1236/528 947/5510/528 946/1237/528
f 946/1237/528 945/5511/528 779/1239/528
f 779/1239/528 945/5511/528 944/1240/528
f 934/1242/528 933/5512/528 617/1243/528
f 935/1245/528 934/1242/528 630/1244/528
f 765/1241/528 944/1240/528 943/1247/528
f 752/1248/528 943/1247/528 942/1249/528
f 738/1250/528 942/1249/528 941/1251/528
f 941/1251/528 940/5513/528 711/1253/528
f 711/1253/528 940/5513/528 939/1254/528
f 939/1254/528 938/1257/528 684/1256/528
f 938/1257/528 937/5514/528 671/1258/528
f 671/1259/528 937/5515/528 936/1260/528
f 936/1260/528 935/1245/528 644/1246/528
f 617/1243/528 933/5512/528 932/1262/528
f 812/1263/624 502/1287/577 878/797/577
f 799/1264/622 812/1263/624 901/845/624
f 785/1265/620 799/1264/622 900/843/622
f 772/1266/616 785/1265/620 899/841/620
f 758/1267/614 772/1266/616 898/837/616
f 745/1268/615 758/1267/614 897/835/614
f 731/1269/610 745/1268/615 896/836/615
f 718/1270/608 731/1269/610 895/831/610
f 704/1271/609 718/1270/608 894/829/608
f 691/1272/606 704/1271/609 893/830/609
f 691/1272/606 892/827/606 891/825/604
f 664/1274/602 677/1273/604 891/825/604
f 650/1275/600 664/5516/602 890/1276/602
f 637/1277/598 650/1275/600 889/820/600
f 637/1277/598 888/818/598 887/816/596
f 610/1279/594 623/1278/596 887/816/596
f 596/1280/592 610/1279/594 886/814/594
f 583/1281/590 596/1280/592 885/812/592
f 569/1282/586 583/1281/590 884/810/590
f 556/1283/587 569/1282/586 883/806/586
f 556/1283/587 882/807/587 881/804/584
f 529/1285/582 542/1284/584 881/804/584
f 529/1285/582 880/802/582 879/800/580
f 502/1287/577 515/1286/580 879/800/580
f 506/1288/698 902/922/698 925/968/720
f 816/1289/720 925/968/720 924/964/719
f 789/1291/718 803/1290/719 924/964/719
f 789/1291/718 923/962/718 922/960/717
f 776/1292/717 922/960/717 921/958/716
f 749/1294/715 762/1293/716 921/958/716
f 749/1294/715 920/956/715 919/954/714
f 735/1295/714 919/954/714 918/955/713
f 708/1297/712 722/1296/713 918/955/713
f 708/1297/712 917/952/712 916/950/711
f 695/1298/711 916/950/711 915/945/710
f 681/1299/710 915/945/710 914/947/709
f 668/1301/709 914/943/709 913/941/708
f 654/1302/708 913/941/708 912/939/707
f 641/1303/707 912/939/707 911/937/706
f 614/1305/705 627/1304/706 911/937/706
f 614/1305/705 910/938/705 909/933/704
f 600/1306/704 909/933/704 908/931/703
f 573/1308/702 587/1307/703 908/931/703
f 573/1308/702 907/929/702 906/927/701
f 546/1310/700 560/1309/701 906/927/701
f 546/1310/700 905/925/700 904/923/699
f 533/1311/699 904/923/699 903/920/697
f 519/1312/697 903/920/697 902/922/698
f 952/1313/902 951/1322/903 927/1314/903
f 959/1316/904 958/1327/905 934/1317/905
f 966/1319/906 965/1329/907 941/1320/907
f 951/1322/903 950/1331/908 926/1323/908
f 949/1324/909 972/1332/910 948/1325/910
f 958/1327/905 957/1334/911 933/1328/911
f 965/1329/907 964/1336/912 940/1330/912
f 950/1331/908 949/1324/909 877/1326/909
f 972/1332/910 971/1338/913 947/1333/913
f 957/1334/911 956/1340/914 932/1335/914
f 964/1336/912 963/1342/915 939/1337/915
f 971/1338/913 970/1344/916 946/1339/916
f 956/1340/914 955/1346/917 931/1341/917
f 963/1342/915 962/1348/918 938/1343/918
f 970/1344/916 969/1350/919 945/1345/919
f 955/1346/917 954/1352/920 930/1347/920
f 962/1348/918 961/5517/921 937/1349/921
f 969/1350/919 968/1357/922 944/1351/922
f 954/1352/920 953/1359/923 929/1353/923
f 961/1354/921 960/1360/924 936/1355/924
f 968/1357/922 967/1361/925 943/1358/925
f 953/1359/923 952/1313/902 928/1315/902
f 960/1360/924 959/1316/904 935/1318/904
f 967/1361/925 966/1319/906 942/1321/906
f 975/1387/926 979/1391/930 980/1388/927
f 974/1390/929 978/5518/998 979/1391/930
f 981/1392/931 980/1388/927 984/1393/932
f 980/1388/927 979/1391/930 983/1395/934
f 979/1391/930 978/5518/998 982/1396/935
f 985/1394/933 984/1393/932 988/1397/936
f 984/1393/932 983/1395/934 987/1399/938
f 983/1395/934 982/1396/935 986/1400/939
f 989/1398/937 988/1397/936 992/1401/940
f 988/1397/936 987/1399/938 991/1403/942
f 987/1399/938 986/1400/939 990/1404/943
f 993/1402/941 992/1401/940 997/1405/944
f 992/1401/940 991/1403/942 996/1407/946
f 991/1403/942 990/1404/943 995/1408/947
f 994/1409/948 993/1402/941 998/1406/945
f 997/1405/944 1002/1412/951 1003/1411/950
f 996/1407/946 1001/1413/952 1002/1412/951
f 995/1408/947 1000/1417/956 1001/1413/952
f 998/1406/945 1003/1411/950 1004/1414/953
f 1002/1412/951 1007/1416/955 1008/1415/954
f 1001/1413/952 1006/1418/957 1007/1416/955
f 1000/1417/956 1005/5519/1017 1006/1418/957
f 1003/1411/950 1008/1415/954 1009/1419/958
f 1008/1415/954 1007/1416/955 1012/1420/959
f 1007/1416/955 1006/1418/957 1011/1422/961
f 1006/1418/957 1005/5519/1017 1010/1423/962
f 1009/1419/958 1008/1415/954 1013/1421/960
f 1013/1421/960 1012/1420/959 1017/1425/964
f 1012/1420/959 1011/1422/961 1016/1427/966
f 1011/1422/961 1010/1423/962 1015/1428/967
f 1014/1424/963 1013/1421/960 1018/1426/965
f 1018/1426/965 1017/1425/964 1022/1430/969
f 1017/1425/964 1016/1427/966 1021/1432/971
f 1016/1427/966 1015/1428/967 1020/1433/972
f 1019/1429/968 1018/1426/965 1023/1431/970
f 1023/1431/970 1022/1430/969 1026/1435/974
f 1023/1431/970 1027/1436/975 1028/1437/976
f 1026/1435/974 1029/1440/979 1030/1438/977
f 976/1389/928 980/1388/927 981/1392/931
f 1027/1436/975 1030/1438/977 1031/1442/981
f 1036/1443/982 1032/1451/990 1037/1444/983
f 1034/1446/985 1039/1450/989 1038/1447/986
f 994/1409/948 1036/1443/982 1040/1445/984
f 1035/1449/988 977/1441/980 1039/1450/989
f 1033/1448/987 1038/1447/986 1037/1444/983
f 1039/1450/989 977/1441/980 981/1392/931
f 1037/1444/983 1038/1447/986 989/1398/937
f 989/1398/937 993/1402/941 1040/1445/984
f 985/1394/933 989/1398/937 1038/1447/986
f 1045/1452/991 1044/1455/994 1041/1453/992
f 1044/1455/994 978/1461/998 974/1456/929
f 1046/1457/995 1049/1462/999 1048/1458/996
f 1045/1452/991 1048/1458/996 1047/1459/997
f 1044/1455/994 1047/1459/997 982/1460/935
f 1049/1462/999 1052/1466/1002 1051/1463/1000
f 1048/1458/996 1051/1463/1000 1050/1464/1001
f 1047/1459/997 1050/1464/1001 986/1465/939
f 1052/1466/1002 1055/1470/1005 1054/1467/1003
f 1051/1463/1000 1054/1467/1003 1053/1468/1004
f 1050/1464/1001 1053/1468/1004 990/1469/943
f 1055/1470/1005 1058/1475/1008 1057/1471/1006
f 1054/1467/1003 1057/1471/1006 1056/1472/1007
f 1053/1468/1004 1056/1472/1007 995/1473/947
f 994/1474/948 999/1480/949 1058/1475/1008
f 1061/1476/1009 1060/1477/1010 1057/1471/1006
f 1060/1477/1010 1059/1478/1011 1056/1472/1007
f 1059/1478/1011 1000/1484/956 995/1473/947
f 1004/1479/953 1061/1476/1009 1058/1475/1008
f 1064/1481/1012 1063/1482/1013 1060/1477/1010
f 1063/1482/1013 1062/1483/1014 1059/1478/1011
f 1062/1483/1014 1005/1489/1017 1000/1484/956
f 1009/1485/958 1064/1481/1012 1061/1476/1009
f 1064/1481/1012 1067/1490/1018 1066/1486/1015
f 1063/1482/1013 1066/1486/1015 1065/1487/1016
f 1062/1483/1014 1065/1487/1016 1010/1488/962
f 1009/1485/958 1014/1494/963 1067/1490/1018
f 1067/1490/1018 1070/1495/1021 1069/1491/1019
f 1066/1486/1015 1069/1491/1019 1068/1492/1020
f 1065/1487/1016 1068/1492/1020 1015/1493/967
f 1014/1494/963 1019/1499/968 1070/1495/1021
f 1070/1495/1021 1073/1500/1024 1072/1496/1022
f 1069/1491/1019 1072/1496/1022 1071/1497/1023
f 1068/1492/1020 1071/1497/1023 1020/1498/972
f 1019/1499/968 1024/1503/973 1073/1500/1024
f 1073/1500/1024 1076/1505/1027 1075/1501/1025
f 1028/1502/976 1076/1505/1027 1073/1500/1024
f 1078/1504/1026 1077/1506/1028 1075/1501/1025
f 1046/1457/995 1045/1452/991 1042/1454/993
f 1031/1509/981 1078/1504/1026 1076/1505/1027
f 1082/1510/1031 1079/1518/1034 1032/1511/990
f 1080/1513/1032 1081/1516/1033 1034/1514/985
f 994/1474/948 1055/1470/1005 1082/1510/1031
f 1081/1516/1033 1043/1508/1030 1035/1517/988
f 1079/1518/1034 1080/1513/1032 1033/1515/987
f 1081/1516/1033 1049/1462/999 1046/1457/995
f 1052/1466/1002 1080/1513/1032 1079/1518/1034
f 1079/1518/1034 1082/1510/1031 1055/1470/1005
f 1080/1513/1032 1052/1466/1002 1049/1462/999
f 1086/1519/1035 1085/1525/1041 1093/1520/1036
f 1083/1522/1038 1091/1527/1042 1092/1523/1039
f 1085/1525/1041 1084/1728/1040 1092/1526/1039
f 1091/1527/1042 1098/1531/1046 1106/1528/1043
f 1089/1530/1045 1097/1537/1051 1098/1531/1046
f 1088/1533/1048 1087/1692/1180 1095/1534/1049
f 1088/1536/1048 1096/5520/1050 1097/1537/1051
f 1094/1521/1037 1102/1539/1053 1103/1538/1052
f 1093/1520/1036 1101/1541/1055 1102/1539/1053
f 1092/1523/1039 1091/1527/1042 1099/1529/1044
f 1092/1526/1039 1100/5521/1054 1101/1541/1055
f 1106/1528/1043 1114/1551/1063 1107/1542/1056
f 1098/1531/1046 1097/1537/1051 1105/1543/1057
f 1095/1534/1049 1103/1538/1052 1104/1544/1058
f 1097/1537/1051 1096/5520/1050 1104/1545/1058
f 1103/1538/1052 1102/1539/1053 1110/1546/1059
f 1102/1539/1053 1101/1541/1055 1109/1548/1061
f 1099/1529/1044 1107/1542/1056 1108/1549/1062
f 1101/1541/1055 1100/5521/1054 1108/1550/1062
f 1114/1551/1063 1122/1562/1073 1115/1552/1064
f 1105/1543/1057 1113/1554/1066 1114/1551/1063
f 1104/1544/1058 1103/1538/1052 1111/1547/1060
f 1104/1545/1058 1112/1564/1065 1113/1554/1066
f 1111/1547/1060 1110/1546/1059 1118/1555/1067
f 1110/1546/1059 1109/1548/1061 1117/1557/1069
f 1107/1542/1056 1115/1552/1064 1116/1558/1070
f 1109/1548/1061 1108/1550/1062 1116/1559/1070
f 1115/1552/1064 1122/1562/1073 1130/1560/1071
f 1113/1554/1066 1121/1565/1075 1122/1562/1073
f 1112/1553/1065 1111/1547/1060 1119/1556/1068
f 1112/1564/1065 1120/5522/1074 1121/1565/1075
f 1118/1555/1067 1126/1567/1077 1127/1566/1076
f 1117/1557/1069 1125/1569/1079 1126/1567/1077
f 1116/1558/1070 1115/1552/1064 1123/1561/1072
f 1116/1559/1070 1124/1578/1078 1125/1569/1079
f 1123/1561/1072 1130/1560/1071 1138/1570/1080
f 1122/1562/1073 1121/1565/1075 1129/1572/1082
f 1119/1556/1068 1127/1566/1076 1128/1573/1083
f 1121/1565/1075 1120/5522/1074 1128/1574/1083
f 1126/1567/1077 1134/1576/1085 1135/1575/1084
f 1125/1569/1079 1133/1579/1087 1134/1576/1085
f 1124/1568/1078 1123/1561/1072 1131/1571/1081
f 1124/1578/1078 1132/1588/1086 1133/1579/1087
f 1131/1571/1081 1138/1570/1080 1146/1580/1088
f 1130/1560/1071 1129/1572/1082 1137/1582/1090
f 1127/1566/1076 1135/1575/1084 1136/1583/1091
f 1129/1572/1082 1128/1574/1083 1136/1584/1091
f 1134/1576/1085 1142/1586/1093 1143/1585/1092
f 1133/1579/1087 1141/1589/1095 1142/1586/1093
f 1132/1577/1086 1131/1571/1081 1139/1581/1089
f 1132/1588/1086 1140/5523/1094 1141/1589/1095
f 1146/1580/1088 1154/1599/1103 1147/1590/1096
f 1138/1570/1080 1137/1582/1090 1145/1591/1097
f 1135/1575/1084 1143/1585/1092 1144/1592/1098
f 1137/1582/1090 1136/1584/1091 1144/1593/1098
f 1143/1585/1092 1142/1586/1093 1150/1594/1099
f 1142/1586/1093 1141/1589/1095 1149/1596/1101
f 1139/1581/1089 1147/1590/1096 1148/1597/1102
f 1141/1589/1095 1140/5523/1094 1148/1598/1102
f 1154/1599/1103 1162/1608/1111 1155/1600/1104
f 1145/1591/1097 1153/1602/1106 1154/1599/1103
f 1144/1592/1098 1143/1585/1092 1151/1595/1100
f 1144/1593/1098 1152/1611/1105 1153/1602/1106
f 1151/1595/1100 1150/1594/1099 1158/1603/1107
f 1150/1594/1099 1149/1596/1101 1157/1605/1109
f 1147/1590/1096 1155/1600/1104 1156/1606/1110
f 1149/1596/1101 1148/1598/1102 1156/1607/1110
f 1162/1608/1111 1170/1618/1119 1163/1609/1112
f 1153/1602/1106 1161/1612/1114 1162/1608/1111
f 1152/1601/1105 1151/1595/1100 1159/1604/1108
f 1152/1611/1105 1160/1621/1113 1161/1612/1114
f 1159/1604/1108 1158/1603/1107 1166/1613/1115
f 1158/1603/1107 1157/1605/1109 1165/1615/1117
f 1155/1600/1104 1163/1609/1112 1164/1616/1118
f 1157/1605/1109 1156/1607/1110 1164/1617/1118
f 1170/1618/1119 1178/1630/1129 1171/1619/1120
f 1161/1612/1114 1169/1622/1122 1170/1618/1119
f 1160/1610/1113 1159/1604/1108 1167/1614/1116
f 1160/1621/1113 1168/1632/1121 1169/1622/1122
f 1167/1614/1116 1166/1613/1115 1174/1623/1123
f 1166/1613/1115 1165/1615/1117 1173/1625/1125
f 1163/1609/1112 1171/1619/1120 1172/1626/1126
f 1165/1615/1117 1164/1617/1118 1172/1627/1126
f 1171/1619/1120 1178/1630/1129 1186/1628/1127
f 1169/1622/1122 1177/1633/1131 1178/1630/1129
f 1168/1620/1121 1167/1614/1116 1175/1624/1124
f 1168/1632/1121 1176/5524/1130 1177/1633/1131
f 1174/1623/1123 1182/1635/1133 1183/1634/1132
f 1173/1625/1125 1181/1637/1135 1182/1635/1133
f 1172/1626/1126 1171/1619/1120 1179/1629/1128
f 1172/1627/1126 1180/1646/1134 1181/1637/1135
f 1179/1629/1128 1186/1628/1127 1194/1638/1136
f 1178/1630/1129 1177/1633/1131 1185/1640/1138
f 1175/1624/1124 1183/1634/1132 1184/1641/1139
f 1177/1633/1131 1176/5524/1130 1184/1642/1139
f 1182/1635/1133 1190/1644/1141 1191/1643/1140
f 1181/1637/1135 1189/1647/1143 1190/1644/1141
f 1180/1636/1134 1179/1629/1128 1187/1639/1137
f 1180/1646/1134 1188/5525/1142 1189/1647/1143
f 1194/1638/1136 1202/1657/1151 1195/1648/1144
f 1186/1628/1127 1185/1640/1138 1193/1649/1145
f 1183/1634/1132 1191/1643/1140 1192/1650/1146
f 1185/1640/1138 1184/1642/1139 1192/1651/1146
f 1191/1643/1140 1190/1644/1141 1198/1652/1147
f 1190/1644/1141 1189/1647/1143 1197/1654/1149
f 1187/1639/1137 1195/1648/1144 1196/1655/1150
f 1189/1647/1143 1188/5525/1142 1196/1656/1150
f 1202/1657/1151 1210/1666/1159 1203/1658/1152
f 1193/1649/1145 1201/1660/1154 1202/1657/1151
f 1192/1650/1146 1191/1643/1140 1199/1653/1148
f 1192/1651/1146 1200/1669/1153 1201/1660/1154
f 1199/1653/1148 1198/1652/1147 1206/1661/1155
f 1198/1652/1147 1197/1654/1149 1205/1663/1157
f 1195/1648/1144 1203/1658/1152 1204/1664/1158
f 1197/1654/1149 1196/1656/1150 1204/1665/1158
f 1210/1666/1159 1218/1676/1167 1211/1667/1160
f 1201/1660/1154 1209/1670/1162 1210/1666/1159
f 1200/1659/1153 1199/1653/1148 1207/1662/1156
f 1200/1669/1153 1208/1679/1161 1209/1670/1162
f 1207/1662/1156 1206/1661/1155 1214/1671/1163
f 1206/1661/1155 1205/1663/1157 1213/1673/1165
f 1203/1658/1152 1211/1667/1160 1212/1674/1166
f 1205/1663/1157 1204/1665/1158 1212/1675/1166
f 1218/1676/1167 1226/1686/1175 1219/1677/1168
f 1209/1670/1162 1217/1680/1170 1218/1676/1167
f 1208/1668/1161 1207/1662/1156 1215/1672/1164
f 1208/1679/1161 1216/1688/1169 1217/1680/1170
f 1215/1672/1164 1214/1671/1163 1222/1681/1171
f 1214/1671/1163 1213/1673/1165 1221/1683/1173
f 1211/1667/1160 1219/1677/1168 1220/1684/1174
f 1213/1673/1165 1212/1675/1166 1220/1685/1174
f 1226/1686/1175 1231/1693/1181 1021/1432/971
f 1217/1680/1170 1225/1689/1177 1226/1686/1175
f 1216/1678/1169 1215/1672/1164 1223/1682/1172
f 1216/1688/1169 1224/1695/1176 1225/1689/1177
f 1223/1682/1172 1222/1681/1171 1227/1690/1178
f 1222/1681/1171 1221/1683/1173 1071/1497/1023
f 1219/1677/1168 1021/1432/971 1020/1433/972
f 1221/1683/1173 1220/1685/1174 1020/1498/972
f 1087/1692/1180 1086/1519/1035 1094/1521/1037
f 1225/1689/1177 1230/1696/1183 1231/1693/1181
f 1224/1687/1176 1223/1682/1172 1228/1691/1179
f 1224/1695/1176 1229/1984/1182 1230/1696/1183
f 1233/1697/1184 1255/1720/1203 1232/1698/1185
f 1256/1703/1190 1235/1707/1194 1234/1699/1186
f 1239/1704/1191 1240/1714/1198 1243/1705/1192
f 1235/1707/1194 1238/1710/1196 1237/1708/1195
f 1234/1699/1186 1237/1708/1195 1236/1711/1197
f 1241/1700/1187 1240/1714/1198 1237/1712/1195
f 1240/1714/1198 1239/1704/1191 1236/1715/1197
f 1242/1706/1193 1243/1705/1192 1247/1716/1199
f 1240/1714/1198 1241/1700/1187 1244/1702/1189
f 1253/1719/1202 1232/1698/1185 1255/1720/1203
f 1243/1705/1192 1244/1702/1189 1248/1722/1205
f 1250/1724/1207 1249/1729/1208 1246/1717/1200
f 1251/1723/1206 1250/1724/1207 1247/1716/1199
f 1250/1726/1207 1253/1719/1202 1252/1721/1204
f 1251/1725/1206 1254/1718/1201 1253/1719/1202
f 1242/1706/1193 1246/1717/1200 1085/1525/1041
f 1254/1718/1201 1256/1703/1190 1232/1698/1185
f 1252/1721/1204 1083/1522/1038 1084/1524/1040
f 1084/1728/1040 1085/1525/1041 1246/1717/1200
f 1239/1704/1191 1242/1706/1193 1086/1519/1035
f 1233/1697/1184 1089/1530/1045 1090/1532/1047
f 1087/1692/1180 1088/1533/1048 1236/1715/1197
f 1236/1711/1197 1088/1536/1048 1089/1530/1045
f 1255/1720/1203 1090/1532/1047 1083/1522/1038
f 1090/1532/1047 1098/1531/1046 1091/1527/1042
f 1231/1693/1181 1230/1696/1183 1025/1439/978
f 1074/1507/1029 1228/1691/1179 1227/1690/1178
f 1025/1439/978 1366/1983/1421 1365/1730/1209
f 1365/1730/1209 1263/1733/1212 1262/1731/1210
f 1365/1730/1209 1362/1744/1223 1267/1732/1211
f 1364/1734/1213 1359/1740/1219 1258/1735/1214
f 1360/1737/1216 1355/1841/1319 1264/1738/1217
f 1359/1740/1219 1361/1845/1323 1259/1741/1220
f 1360/1737/1216 1265/1739/1218 1266/1742/1221
f 1363/1743/1222 1266/1742/1221 1267/1732/1211
f 1277/1745/1224 1282/1754/1233 1278/1746/1225
f 1268/1748/1227 1273/1747/1226 1274/1749/1228
f 1270/1751/1230 1275/1758/1237 1276/1752/1231
f 1276/1752/1231 1281/1759/1238 1282/1754/1233
f 1278/1746/1225 1282/1754/1233 1287/1755/1234
f 1273/1747/1226 1278/1746/1225 1279/1757/1236
f 1275/1758/1237 1280/5526/1357 1281/1759/1238
f 1282/1754/1233 1281/1759/1238 1286/1760/1239
f 1287/1755/1234 1292/1764/1243 1288/1761/1240
f 1279/1757/1236 1278/1746/1225 1283/1756/1235
f 1281/1759/1238 1280/5526/1357 1285/1763/1242
f 1286/1760/1239 1291/1768/1247 1292/1764/1243
f 1288/1761/1240 1292/1764/1243 1297/1765/1244
f 1283/1756/1235 1288/1761/1240 1289/1767/1246
f 1285/1763/1242 1290/5527/1362 1291/1768/1247
f 1292/1764/1243 1291/1768/1247 1296/1769/1248
f 1297/1765/1244 1799/1775/1254 1298/1770/1249
f 1289/1767/1246 1288/1761/1240 1293/1766/1245
f 1291/1768/1247 1290/5527/1362 1295/1772/1251
f 1798/1773/1252 1306/1779/1258 1307/1774/1253
f 1799/1775/1254 1307/1774/1253 1303/1776/1255
f 1293/1766/1245 1298/1770/1249 1299/1777/1256
f 1798/1773/1252 1796/5528/1266 1305/1778/1257
f 1410/1780/1259 1413/1903/1364 1801/1781/1260
f 1303/1776/1255 1307/1774/1253 1312/1783/1262
f 1298/1770/1249 1303/1776/1255 1304/1785/1264
f 1800/1786/1265 1415/1915/1373 1305/1787/1257
f 1307/1774/1253 1306/1779/1258 1311/1789/1267
f 1312/1783/1262 1316/1793/1271 1313/1790/1268
f 1304/1785/1264 1303/1776/1255 1308/1784/1263
f 1306/1779/1258 1305/1778/1257 1310/1792/1270
f 1311/1789/1267 1315/1796/1274 1316/1793/1271
f 1316/1793/1271 1320/1797/1275 1317/1794/1272
f 1461/1795/1273 1459/1986/1422 1313/1790/1268
f 1310/1792/1270 1314/1802/1280 1315/1796/1274
f 1315/1796/1274 1319/1803/1281 1320/1797/1275
f 1320/1797/1275 1324/1804/1282 1321/1798/1276
f 1469/1799/1277 1470/1932/1387 1429/1800/1278
f 1314/1802/1280 1318/1807/1285 1319/1803/1281
f 1319/1803/1281 1323/1808/1286 1324/1804/1282
f 1321/1798/1276 1324/1804/1282 1329/1805/1283
f 1321/1798/1276 1463/1812/1290 1461/1795/1273
f 1318/1807/1285 1322/5529/1388 1323/1808/1286
f 1324/1804/1282 1323/1808/1286 1328/1809/1287
f 1325/1806/1284 1329/1805/1283 1334/1810/1288
f 1325/1806/1284 1465/1990/1426 1463/1812/1290
f 1323/1808/1286 1322/5529/1388 1327/1813/1291
f 1329/1805/1283 1328/1809/1287 1333/1814/1292
f 1330/1811/1289 1334/1810/1288 1339/1815/1293
f 1326/1817/1295 1325/1806/1284 1330/1811/1289
f 1328/1809/1287 1327/1813/1291 1332/1819/1297
f 1334/1810/1288 1333/1814/1292 1338/1820/1298
f 1335/1816/1294 1339/1815/1293 1344/1821/1299
f 1331/1818/1296 1330/1811/1289 1335/1816/1294
f 1333/1814/1292 1332/1819/1297 1337/1824/1302
f 1339/1815/1293 1338/1820/1298 1343/1825/1303
f 1340/1822/1300 1344/1821/1299 1349/1826/1304
f 1336/1823/1301 1335/1816/1294 1340/1822/1300
f 1338/1820/1298 1337/1824/1302 1342/1829/1307
f 1344/1821/1299 1343/1825/1303 1348/1830/1308
f 1349/1826/1304 1354/1835/1313 1350/1831/1309
f 1341/1828/1306 1340/1822/1300 1345/1827/1305
f 1343/1825/1303 1342/1829/1307 1347/1833/1311
f 1349/1826/1304 1348/1830/1308 1353/1834/1312
f 1350/1831/1309 1354/1835/1313 1358/1836/1314
f 1345/1827/1305 1350/1831/1309 1351/1837/1315
f 1348/1830/1308 1347/1833/1311 1352/1838/1316
f 1354/1835/1313 1353/1834/1312 1357/1839/1317
f 1271/1753/1232 1276/1752/1231 1277/1745/1224
f 1350/1831/1309 1264/1738/1217 1355/1841/1319
f 1272/1840/1318 1277/1745/1224 1273/1747/1226
f 1353/1834/1312 1352/1838/1316 1356/1842/1320
f 1261/1843/1321 1029/1440/979 1025/1439/978
f 1078/1504/1026 1385/1966/1408 1386/1844/1322
f 1364/1734/1213 1257/1736/1215 1357/1839/1317
f 1030/1438/977 1259/1741/1220 1361/1845/1323
f 1262/1731/1210 1263/1733/1212 1380/1848/1326
f 1265/1739/1218 1264/1738/1217 1379/1847/1325
f 1268/1748/1227 1367/1851/1329 1371/1850/1328
f 1269/1750/1229 1368/1854/1332 1367/1851/1329
f 1272/1840/1318 1371/1850/1328 1370/1852/1330
f 1271/1753/1232 1370/1852/1330 1369/1853/1331
f 1368/1854/1332 1373/5530/1416 1372/1855/1333
f 1370/1852/1330 1375/1857/1335 1374/1856/1334
f 1371/1850/1328 1376/1858/1336 1375/1857/1335
f 1367/1851/1329 1372/1855/1333 1376/1858/1336
f 1375/1857/1335 1378/1860/1338 1377/1859/1337
f 1372/1855/1333 1373/5530/1416 1377/1859/1337
f 1266/1742/1221 1265/1739/1218 1381/1849/1327
f 1261/1843/1321 1262/1731/1210 1381/1849/1327
f 1365/1862/1209 1366/1985/1421 1074/1507/1029
f 1074/1507/1029 1387/1964/1406 1388/1861/1339
f 1365/1862/1209 1388/1861/1339 1392/1863/1340
f 1364/1865/1213 1382/1965/1407 1383/1866/1341
f 1360/1868/1216 1390/1969/1411 1389/1869/1342
f 1359/1867/1219 1383/1866/1341 1384/1871/1343
f 1391/1873/1344 1390/1969/1411 1360/1868/1216
f 1392/1863/1340 1391/1873/1344 1363/1874/1222
f 1399/1875/1345 1401/1884/1351 1398/1876/1346
f 1274/1878/1228 1396/1877/1347 1393/1879/1348
f 1397/1881/1349 1275/1888/1237 1270/1882/1230
f 1401/1884/1351 1400/1887/1353 1397/1881/1349
f 1399/1875/1345 1402/1891/1356 1404/1885/1352
f 1279/1886/1236 1399/1875/1345 1396/1877/1347
f 1400/1887/1353 1280/1893/1357 1275/1888/1237
f 1401/1884/1351 1404/1885/1352 1403/1889/1354
f 1405/1890/1355 1407/1894/1358 1404/1885/1352
f 1279/1886/1236 1284/1896/1241 1402/1891/1356
f 1400/1887/1353 1403/1889/1354 1285/1892/1242
f 1407/1894/1358 1406/1897/1359 1403/1889/1354
f 1405/1890/1355 1408/1899/1361 1410/1780/1259
f 1289/1895/1246 1405/1890/1355 1402/1891/1356
f 1406/1897/1359 1290/1901/1362 1285/1892/1242
f 1407/1894/1358 1410/1780/1259 1409/1782/1261
f 1411/1898/1360 1413/1903/1364 1410/1780/1259
f 1289/1895/1246 1294/1906/1250 1408/1899/1361
f 1406/1897/1359 1409/1782/1261 1295/1900/1251
f 1416/1902/1363 1415/1915/1373 1800/1786/1265
f 1414/1904/1365 1416/1902/1363 1413/1903/1364
f 1299/1905/1256 1411/1898/1360 1408/1899/1361
f 1296/1769/1248 1295/1772/1251 1795/1907/1366
f 1301/1909/1368 1823/2541/1515 1821/1910/1369
f 1414/1904/1365 1417/1917/1375 1419/1912/1371
f 1304/1913/1264 1414/1904/1365 1411/1898/1360
f 1297/1765/1244 1296/1769/1248 1797/1908/1367
f 1416/1902/1363 1419/1912/1371 1418/1914/1372
f 1420/1916/1374 1422/1919/1376 1419/1912/1371
f 1304/1913/1264 1309/1992/1269 1417/1917/1375
f 1415/1915/1373 1418/1914/1372 1310/1918/1270
f 1422/1919/1376 1421/1921/1378 1418/1914/1372
f 1423/1920/1377 1425/1922/1379 1422/1919/1376
f 1421/1921/1378 1314/1924/1280 1310/1918/1270
f 1425/1922/1379 1424/1923/1380 1421/1921/1378
f 1426/1801/1279 1428/1925/1381 1425/1922/1379
f 1424/1923/1380 1318/1929/1285 1314/1924/1280
f 1428/1925/1381 1427/1928/1384 1424/1923/1380
f 1426/1801/1279 1429/1800/1278 1431/1926/1382
f 1427/1928/1384 1322/1935/1388 1318/1929/1285
f 1428/1925/1381 1431/1926/1382 1430/1930/1385
f 1429/1800/1278 1432/1937/1390 1434/1931/1386
f 1470/1932/1387 1466/5531/1427 1326/1933/1295
f 1427/1928/1384 1430/1930/1385 1327/1934/1291
f 1431/1926/1382 1434/1931/1386 1433/1936/1389
f 1432/1937/1390 1435/1941/1393 1437/1938/1391
f 1326/1933/1295 1331/1943/1296 1432/1937/1390
f 1430/1930/1385 1433/1936/1389 1332/1939/1297
f 1434/1931/1386 1437/1938/1391 1436/1940/1392
f 1435/1941/1393 1438/1946/1396 1440/1942/1394
f 1331/1943/1296 1336/1948/1301 1435/1941/1393
f 1433/1936/1389 1436/1940/1392 1337/1944/1302
f 1437/1938/1391 1440/1942/1394 1439/1945/1395
f 1438/1946/1396 1441/1952/1400 1443/1947/1397
f 1336/1948/1301 1341/1953/1306 1438/1946/1396
f 1436/1940/1392 1439/1945/1395 1342/1949/1307
f 1440/1942/1394 1443/1947/1397 1442/1950/1398
f 1444/1951/1399 1446/1957/1403 1443/1947/1397
f 1341/1953/1306 1346/1959/1310 1441/1952/1400
f 1439/1945/1395 1442/1950/1398 1347/1954/1311
f 1443/1947/1397 1446/1957/1403 1445/1955/1401
f 1444/1951/1399 1389/1869/1342 1448/1956/1402
f 1351/1958/1315 1444/1951/1399 1441/1952/1400
f 1442/1950/1398 1445/1955/1401 1352/1960/1316
f 1446/1957/1403 1448/1956/1402 1447/1961/1404
f 1398/1876/1346 1397/1881/1349 1394/1883/1350
f 1355/1870/1319 1389/1869/1342 1444/1951/1399
f 1396/1877/1347 1398/1876/1346 1395/1962/1405
f 1445/1955/1401 1447/1961/1404 1356/1963/1320
f 1074/1507/1029 1077/1506/1028 1386/1844/1322
f 1261/1843/1321 1260/1846/1324 1030/1438/977
f 1447/1961/1404 1382/1965/1407 1364/1865/1213
f 1078/1504/1026 1031/1509/981 1361/1872/1323
f 1387/1964/1406 1458/1982/1420 1457/1968/1410
f 1390/1969/1411 1458/1982/1420 1456/1967/1409
f 1393/1879/1348 1395/1962/1405 1451/1970/1412
f 1269/1880/1229 1393/1879/1348 1449/1971/1413
f 1395/1962/1405 1394/1883/1350 1450/1973/1414
f 1394/1883/1350 1270/1882/1230 1369/1974/1331
f 1368/1972/1332 1449/1971/1413 1452/1975/1415
f 1450/1973/1414 1369/1974/1331 1374/1977/1334
f 1451/1970/1412 1450/1973/1414 1453/1978/1417
f 1449/1971/1413 1451/1970/1412 1454/1979/1418
f 1453/1978/1417 1374/1977/1334 1377/1980/1337
f 1377/1980/1337 1373/1976/1416 1452/1975/1415
f 1458/1982/1420 1390/1969/1411 1391/1873/1344
f 1458/1982/1420 1387/1964/1406 1386/1844/1322
f 1366/1983/1421 1025/1439/978 1230/1696/1183
f 1366/1985/1421 1229/1694/1182 1228/1691/1179
f 1309/1791/1269 1308/1784/1263 1459/1986/1422
f 1460/1987/1423 1459/1986/1422 1461/1795/1273
f 1461/1795/1273 1463/1812/1290 1464/1989/1425
f 1464/1989/1425 1463/1812/1290 1465/1990/1426
f 1309/1992/1269 1460/1993/1423 1467/1927/1383
f 1460/1993/1423 1462/1996/1424 1468/1994/1428
f 1464/1995/1425 1469/1799/1277 1468/1994/1428
f 1464/1995/1425 1466/5531/1427 1470/1932/1387
f 1326/1817/1295 1466/1991/1427 1465/1990/1426
f 1468/1994/1428 1469/1799/1277 1426/1801/1279
f 1420/1916/1374 1467/1927/1383 1468/1994/1428
f 1471/1997/503 1472/2032/503 1485/1998/503
f 1498/1999/503 1499/2000/503 1512/2001/503
f 1525/2002/503 1526/2003/503 1539/2004/503
f 1552/2005/503 1553/2006/503 1566/2007/503
f 1579/2008/503 1580/2009/503 1593/2010/503
f 1606/2011/503 1607/2012/503 1620/2013/503
f 1633/2014/503 1634/2015/503 1647/2016/503
f 1660/2017/503 1661/2018/503 1674/2019/503
f 1687/2020/503 1688/2021/503 1701/2022/503
f 1714/2023/503 1715/2024/503 1728/2025/503
f 1741/2026/503 1742/2027/503 1755/2028/503
f 1768/2029/503 1769/2030/503 1782/2031/503
f 1473/2033/516 1486/2036/515 1485/2034/515
f 1486/2036/515 1500/2038/514 1499/2037/514
f 1500/2038/514 1513/2040/513 1512/2039/513
f 1513/2040/513 1527/2042/512 1526/2041/512
f 1527/2042/512 1540/2044/511 1539/2043/511
f 1540/2044/511 1554/2046/510 1553/2045/510
f 1554/2046/510 1567/5532/509 1566/2047/509
f 1566/2047/509 1567/5532/509 1581/2048/508
f 1581/2048/508 1594/2051/507 1593/2050/507
f 1594/2051/507 1608/2053/506 1607/2052/506
f 1608/2053/506 1621/2055/504 1620/2054/504
f 1621/2055/504 1635/5533/505 1634/2056/505
f 1635/2057/505 1648/2060/527 1647/2058/527
f 1648/2060/527 1662/2062/526 1661/2061/526
f 1662/2062/526 1675/2064/525 1674/2063/525
f 1675/2064/525 1689/5534/524 1688/2065/524
f 1688/2065/524 1689/5534/524 1702/2066/523
f 1702/2066/523 1716/2069/522 1715/2068/522
f 1716/2069/522 1729/5535/521 1728/2070/521
f 1728/2070/521 1729/5535/521 1743/2071/520
f 1743/2071/520 1756/5536/519 1755/2073/519
f 1755/2073/519 1756/5536/519 1770/2074/518
f 1770/2074/518 1783/2077/517 1782/2076/517
f 1783/2077/517 1473/2033/516 1472/2035/516
f 1474/2078/528 1487/2081/528 1486/2079/528
f 1487/2081/528 1501/2083/528 1500/2082/528
f 1501/2083/528 1514/2085/528 1513/2084/528
f 1514/2085/528 1528/2087/528 1527/2086/528
f 1528/2087/528 1541/2089/528 1540/2088/528
f 1541/2089/528 1555/2091/528 1554/2090/528
f 1555/2091/528 1568/2093/528 1567/2092/528
f 1568/2093/528 1582/2095/528 1581/2094/528
f 1582/2095/528 1595/2097/528 1594/2096/528
f 1595/2097/528 1609/2099/528 1608/2098/528
f 1609/2099/528 1622/2101/528 1621/2100/528
f 1622/2101/528 1636/2103/528 1635/2102/528
f 1636/2103/528 1649/2105/528 1648/2104/528
f 1649/2105/528 1663/2107/528 1662/2106/528
f 1663/2107/528 1676/2109/528 1675/2108/528
f 1676/2109/528 1690/2111/528 1689/2110/528
f 1690/2111/528 1703/2113/528 1702/2112/528
f 1703/2113/528 1717/2115/528 1716/2114/528
f 1717/2115/528 1730/2117/528 1729/2116/528
f 1730/2117/528 1744/2119/528 1743/2118/528
f 1744/2119/528 1757/2121/528 1756/2120/528
f 1757/2121/528 1771/2123/528 1770/2122/528
f 1771/2123/528 1784/2125/528 1783/2124/528
f 1784/2125/528 1474/2078/528 1473/2080/528
f 1483/2126/554 1475/2173/553 1488/2127/551
f 1488/2127/551 1502/5537/549 1510/2129/550
f 1510/2129/550 1502/5537/549 1515/2130/547
f 1523/2131/548 1515/2130/547 1529/2132/545
f 1537/2133/546 1529/2132/545 1542/2134/543
f 1550/2135/544 1542/2134/543 1556/2136/541
f 1564/2137/542 1556/2136/541 1569/2138/539
f 1577/2139/540 1569/2138/539 1583/2140/537
f 1591/2141/538 1583/2140/537 1596/2142/534
f 1604/2143/536 1596/2142/534 1610/2144/535
f 1618/2145/532 1610/2144/535 1623/2146/530
f 1631/2147/533 1623/2146/530 1637/2148/531
f 1645/2150/529 1637/5538/531 1650/2151/575
f 1658/2152/576 1650/2151/575 1664/2153/573
f 1672/2154/574 1664/2153/573 1677/2155/571
f 1685/2156/572 1677/2155/571 1691/2157/569
f 1699/2158/570 1691/2157/569 1704/2159/567
f 1712/2160/568 1704/2159/567 1718/2161/565
f 1726/2162/566 1718/2161/565 1731/2163/563
f 1739/2164/564 1731/2163/563 1745/2165/561
f 1753/2166/562 1745/2165/561 1758/2167/559
f 1766/2168/560 1758/2167/559 1772/2169/557
f 1780/2170/558 1772/2169/557 1785/2171/555
f 1793/2172/556 1785/2171/555 1475/2173/553
f 1843/2174/602 1476/2221/601 1489/2175/599
f 1844/2176/600 1489/2175/599 1503/2177/597
f 1845/2178/598 1503/2177/597 1516/2179/595
f 1846/2180/596 1516/2179/595 1530/2181/593
f 1847/2182/594 1530/2181/593 1543/2183/591
f 1848/2184/592 1543/2183/591 1557/2185/588
f 1849/2186/590 1557/2185/588 1570/2187/589
f 1850/2188/586 1570/2187/589 1584/2189/585
f 1851/2190/587 1584/2189/585 1597/2191/583
f 1852/2192/584 1597/2191/583 1611/2193/1429
f 1853/2194/582 1611/2193/1429 1624/2195/578
f 1854/2196/580 1624/2195/578 1638/2197/579
f 1855/2199/577 1638/2232/579 1651/2200/623
f 1856/2201/624 1651/2200/623 1665/2202/621
f 1857/2203/622 1665/2202/621 1678/2204/618
f 1678/2204/618 1692/2207/619 1859/2206/616
f 1692/2207/619 1705/2209/617 1860/2208/614
f 1705/2209/617 1719/2211/612 1861/2210/615
f 1719/2211/612 1732/2213/613 1862/2212/610
f 1732/2213/613 1746/2240/611 1863/2214/608
f 1863/2214/608 1746/2240/611 1759/2215/607
f 1864/2216/609 1759/2215/607 1773/2217/605
f 1865/2218/606 1773/2217/605 1786/2219/603
f 1866/2220/604 1786/2219/603 1476/2221/601
f 1477/2222/637 1490/2223/636 1489/2175/599
f 1490/2223/636 1504/2245/634 1503/2177/597
f 1503/2177/597 1504/2245/634 1517/2224/635
f 1517/2224/635 1531/2225/633 1530/2181/593
f 1531/2225/633 1544/2226/631 1543/2183/591
f 1544/2226/631 1558/2249/632 1557/2185/588
f 1557/2185/588 1558/2249/632 1571/2227/630
f 1570/2187/589 1571/2227/630 1585/2228/629
f 1585/2228/629 1598/2253/628 1597/2191/583
f 1597/2191/583 1598/2253/628 1612/2229/626
f 1611/2193/1429 1612/2229/626 1625/2230/627
f 1624/2195/578 1625/2230/627 1639/2231/625
f 1638/2232/579 1639/2257/625 1652/2233/647
f 1652/2233/647 1666/2234/648 1665/2202/621
f 1666/2234/648 1679/2235/646 1678/2204/618
f 1679/2235/646 1693/2261/645 1692/2207/619
f 1692/2207/619 1693/2261/645 1706/2236/644
f 1705/2209/617 1706/2236/644 1720/2237/643
f 1719/2211/612 1720/2237/643 1733/2238/641
f 1732/2213/613 1733/2238/641 1747/2239/642
f 1746/2240/611 1747/2239/642 1760/2241/640
f 1760/2241/640 1774/2267/639 1773/2217/605
f 1773/2217/605 1774/2267/639 1787/2242/638
f 1786/2219/603 1787/2242/638 1477/2222/637
f 1478/2243/661 1491/2271/660 1490/2223/636
f 1490/2223/636 1491/2271/660 1505/2244/659
f 1504/2245/634 1505/2244/659 1518/2246/1430
f 1518/2246/1430 1532/2247/657 1531/2225/633
f 1532/2247/657 1545/2248/656 1544/2226/631
f 1545/2248/656 1559/2250/655 1558/2249/632
f 1559/2250/655 1572/2251/654 1571/2227/630
f 1572/2251/654 1586/2252/653 1585/2228/629
f 1586/2252/653 1599/2279/1434 1598/2253/628
f 1598/2253/628 1599/2279/1434 1613/2254/1431
f 1613/2254/1431 1626/2255/650 1625/2230/627
f 1626/2255/650 1640/2283/649 1639/2231/625
f 1640/2256/649 1653/2285/672 1652/2233/647
f 1652/2233/647 1653/2285/672 1667/2258/671
f 1666/2234/648 1667/2258/671 1680/2259/1432
f 1679/2235/646 1680/2259/1432 1694/2260/669
f 1694/2260/669 1707/2262/668 1706/2236/644
f 1707/2262/668 1721/2263/667 1720/2237/643
f 1721/2263/667 1734/2264/666 1733/2238/641
f 1734/2264/666 1748/2265/664 1747/2239/642
f 1748/2265/664 1761/2266/1433 1760/2241/640
f 1761/2266/1433 1775/2268/662 1774/2267/639
f 1775/2268/662 1788/2269/663 1787/2242/638
f 1788/2269/663 1478/2243/661 1477/2222/637
f 1479/2270/685 1492/2272/684 1491/2271/660
f 1492/2272/684 1506/5539/683 1505/2244/659
f 1505/2244/659 1506/5539/683 1519/2273/682
f 1519/2273/682 1533/2274/681 1532/2247/657
f 1533/2274/681 1546/2275/680 1545/2248/656
f 1546/2275/680 1560/2276/679 1559/2250/655
f 1560/2276/679 1573/2277/678 1572/2251/654
f 1573/2277/678 1587/2278/677 1586/2252/653
f 1587/2278/677 1600/2280/675 1599/2279/1434
f 1600/2280/675 1614/2281/676 1613/2254/1431
f 1614/2281/676 1627/2282/674 1626/2255/650
f 1627/2282/674 1641/5540/673 1640/2283/649
f 1641/2284/673 1654/2286/696 1653/2285/672
f 1654/2286/696 1668/2287/694 1667/2258/671
f 1668/2287/694 1681/2288/695 1680/2259/1432
f 1681/2288/695 1695/2289/693 1694/2260/669
f 1695/2289/693 1708/2290/692 1707/2262/668
f 1708/2290/692 1722/2291/691 1721/2263/667
f 1722/2291/691 1735/2292/690 1734/2264/666
f 1735/2292/690 1749/2293/689 1748/2265/664
f 1749/2293/689 1762/2294/688 1761/2266/1433
f 1762/2294/688 1776/2295/687 1775/2268/662
f 1776/2295/687 1789/2296/686 1788/2269/663
f 1789/2296/686 1479/2270/685 1478/2243/661
f 1480/2297/709 1493/2300/708 1868/2298/708
f 1493/2300/708 1507/2302/707 1869/2301/707
f 1507/2302/707 1520/2304/706 1870/2303/706
f 1520/2304/706 1534/2306/705 1871/2305/705
f 1534/2306/705 1547/2308/704 1872/2307/704
f 1547/2308/704 1561/2310/703 1873/2309/703
f 1561/2310/703 1574/5541/702 1874/2311/702
f 1874/2311/702 1574/5541/702 1588/2312/701
f 1588/2312/701 1601/2315/700 1876/2314/700
f 1601/2315/700 1615/2317/699 1877/2316/699
f 1615/2317/699 1628/2319/697 1878/2318/697
f 1628/2319/697 1642/5542/698 1879/2320/698
f 1642/2321/698 1655/5543/720 1880/2322/720
f 1880/2322/720 1655/5543/720 1669/2324/719
f 1881/2325/719 1669/2324/719 1682/2326/718
f 1682/2326/718 1696/2329/717 1883/2328/717
f 1696/2329/717 1709/2331/716 1884/2330/716
f 1709/2331/716 1723/2333/715 1885/2332/715
f 1723/2333/715 1736/2335/714 1886/2334/714
f 1736/2335/714 1750/2337/713 1887/2336/713
f 1750/2337/713 1763/2339/712 1888/2338/712
f 1763/2339/712 1777/2341/711 1889/2340/711
f 1777/2341/711 1790/2343/710 1890/2342/710
f 1790/2343/710 1480/2297/709 1867/2299/709
f 1480/2344/746 1481/2390/745 1494/2345/743
f 1493/2346/744 1494/2345/743 1508/2347/741
f 1508/2347/741 1521/2393/1440 1520/2349/740
f 1520/2349/740 1521/2393/1440 1535/2350/737
f 1534/2351/738 1535/2350/737 1548/2352/735
f 1547/2353/736 1548/2352/735 1562/2354/733
f 1561/2355/734 1562/2354/733 1575/2356/731
f 1574/2357/732 1575/2356/731 1589/2358/728
f 1588/2359/730 1589/2358/728 1602/2360/1435
f 1601/2361/726 1602/2360/1435 1616/2362/724
f 1615/2363/727 1616/2362/724 1629/2364/1436
f 1628/2365/721 1629/2364/1436 1643/2366/722
f 1642/2368/723 1643/2401/722 1656/2369/766
f 1655/2370/768 1656/2369/766 1670/2371/1437
f 1669/2372/764 1670/2371/1437 1683/2373/1438
f 1682/2374/765 1683/2373/1438 1697/2375/761
f 1696/2376/762 1697/2375/761 1710/2377/759
f 1709/2378/760 1710/2377/759 1724/2379/757
f 1723/2380/758 1724/2379/757 1737/2381/755
f 1736/2382/756 1737/2381/755 1751/2383/752
f 1750/2384/754 1751/2383/752 1764/2385/1439
f 1764/2385/1439 1778/2411/1445 1777/2387/751
f 1777/2387/751 1778/2411/1445 1791/2388/747
f 1790/2389/748 1791/2388/747 1481/2390/745
f 1481/2390/745 1482/2412/781 1495/2391/779
f 1495/2391/779 1509/5544/780 1508/2347/741
f 1508/2347/741 1509/5544/780 1522/2392/778
f 1521/2393/1440 1522/2392/778 1536/2394/1441
f 1535/2350/737 1536/2394/1441 1549/2395/1442
f 1548/2352/735 1549/2395/1442 1563/2396/775
f 1563/2396/775 1576/5545/2920 1575/2356/731
f 1575/2356/731 1576/5545/2920 1590/2397/1443
f 1589/2358/728 1590/2397/1443 1603/2398/771
f 1603/2398/771 1617/5546/772 1616/2362/724
f 1616/2362/724 1617/5546/772 1630/2399/1444
f 1629/2364/1436 1630/2399/1444 1644/2400/770
f 1643/2401/722 1644/5547/770 1657/2402/792
f 1656/2369/766 1657/2402/792 1671/2403/791
f 1670/2371/1437 1671/2403/791 1684/2404/790
f 1684/2404/790 1698/5548/789 1697/2375/761
f 1697/2375/761 1698/5548/789 1711/2405/788
f 1710/2377/759 1711/2405/788 1725/2406/787
f 1724/2379/757 1725/2406/787 1738/2407/785
f 1737/2381/755 1738/2407/785 1752/2408/786
f 1751/2383/752 1752/2408/786 1765/2409/784
f 1764/2385/1439 1765/2409/784 1779/2410/783
f 1779/2410/783 1792/5549/782 1791/2388/747
f 1791/2388/747 1792/5549/782 1482/2412/781
f 1483/2126/554 1496/2128/552 1487/2413/804
f 1496/2128/552 1510/2129/550 1501/2415/802
f 1510/2129/550 1523/2131/548 1514/2416/803
f 1523/2131/548 1537/2133/546 1528/2417/801
f 1537/2133/546 1550/2135/544 1541/2418/1446
f 1550/2135/544 1564/2137/542 1555/2419/799
f 1564/2137/542 1577/2139/540 1568/2420/1447
f 1577/2139/540 1591/2141/538 1582/2421/797
f 1582/2421/797 1591/2141/538 1604/2143/536
f 1604/2143/536 1618/2145/532 1609/2423/794
f 1618/2145/532 1631/2147/533 1622/2424/795
f 1622/2424/795 1631/2147/533 1645/2149/529
f 1645/2150/529 1658/2152/576 1649/2426/1448
f 1658/2152/576 1672/2154/574 1663/2428/815
f 1672/2154/574 1685/2156/572 1676/2429/814
f 1685/2156/572 1699/2158/570 1690/2430/813
f 1690/2430/813 1699/2158/570 1712/2160/568
f 1703/2431/811 1712/2160/568 1726/2162/566
f 1726/2162/566 1739/2164/564 1730/2433/810
f 1739/2164/564 1753/2166/562 1744/2434/809
f 1753/2166/562 1766/2168/560 1757/2435/808
f 1766/2168/560 1780/2170/558 1771/2436/807
f 1780/2170/558 1793/2172/556 1784/2437/1449
f 1793/2172/556 1483/2126/554 1474/2414/806
f 1484/2476/1485 974/2477/929 975/2478/926
f 1700/2472/1481 1727/2473/1482 976/2479/928
f 1646/2469/1479 1035/5550/988 1043/2482/1030
f 1538/2465/1475 1565/2466/1476 1042/2483/993
f 1796/2485/528 1798/5551/528 1302/2486/528
f 1795/2488/1486 1801/5552/2921 1301/1909/1368
f 1409/1782/1261 1801/1781/1260 1795/2489/1366
f 1797/2490/1367 1802/2514/1501 1302/2491/1487
f 1796/2485/528 1803/2487/528 1412/2493/528
f 1795/2488/1486 1300/1911/1370 1802/2495/1488
f 1801/2497/1260 1800/5553/1265 1412/2498/1490
f 1412/2498/1490 1804/2501/1493 1805/2500/1492
f 1804/2501/1493 1806/2503/1494 1807/2502/1494
f 1806/2503/1494 1808/5554/1495 1809/2504/1495
f 1809/2504/1495 1808/5554/1495 1810/2505/1496
f 1810/2505/1496 839/5503/865 840/1139/865
f 842/1143/867 841/1142/867 1812/2507/1497
f 1812/2507/1497 1814/2510/1498 1815/2509/1498
f 1814/2510/1498 1816/2512/1499 1817/2511/1499
f 1816/2512/1499 1818/5555/2922 1819/2513/1500
f 1819/2513/1500 1818/5555/2922 1302/2491/1487
f 1823/2515/1502 1822/2519/1502 1820/2516/1503
f 1825/2518/1504 1824/2521/1504 1822/2519/1502
f 1827/2520/1505 1826/2523/1505 1824/2521/1504
f 1829/2522/1506 1828/2525/1506 1826/2523/1505
f 1831/2524/1507 1830/2526/1507 1828/2525/1506
f 864/1163/878 863/5504/878 1830/2526/1507
f 1833/2527/1508 1832/2529/1508 865/1164/879
f 1835/2528/1509 1834/2531/1509 1832/2529/1508
f 1835/2528/1509 1837/2533/1510 1836/2530/1510
f 1839/2532/1511 1838/2535/1511 1836/2530/1510
f 1841/2534/1512 1840/2537/1513 1838/2535/1511
f 1821/2536/1503 1820/5556/1503 1840/2537/1513
f 1822/2538/528 1824/2542/528 1804/2539/528
f 1805/2540/1514 1825/5557/2923 1823/2541/1515
f 1824/2542/528 1826/2546/528 1806/2543/528
f 1827/2544/1516 1825/5557/2923 1805/2540/1514
f 1826/2546/528 1828/2549/528 1808/2547/528
f 1809/2548/1517 1829/2552/1517 1827/2544/1516
f 1828/2549/528 1830/2553/528 1810/2550/528
f 1811/2551/1518 1831/5558/1518 1829/2552/1517
f 1830/2553/528 863/5507/528 839/1193/528
f 864/1195/893 1831/5558/1518 1811/2551/1518
f 865/1198/528 1832/5559/528 1812/2554/528
f 1833/2555/1519 866/5508/894 842/1200/894
f 1812/2554/528 1832/5559/528 1834/2557/528
f 1835/2559/1520 1833/2555/1519 1813/2556/1519
f 1814/2558/528 1834/2557/528 1836/2561/528
f 1837/2563/1521 1835/2559/1520 1815/2560/1520
f 1836/2561/528 1838/5560/528 1818/2565/528
f 1839/2566/1522 1837/2563/1521 1817/2564/1521
f 1818/2565/528 1838/5560/528 1840/2568/528
f 1841/2569/1524 1839/2566/1522 1819/2567/1523
f 1302/2486/528 1840/2568/528 1820/2570/528
f 1802/2495/1488 1300/1911/1370 1821/1910/1369
f 1820/2570/528 1822/2538/528 1412/2493/528
f 1576/2571/528 1563/2574/528 1896/2572/528
f 1563/2574/528 1549/2576/528 1895/2575/528
f 1549/2576/528 1536/2579/528 1894/2577/528
f 1522/2578/528 1893/2581/528 1894/2577/528
f 1509/2580/528 1892/2583/528 1893/2581/528
f 1495/2582/528 1891/2585/528 1892/2583/528
f 1495/2582/528 1482/2586/528 1842/2584/528
f 1482/2586/528 1792/2589/528 1913/2587/528
f 1779/2588/528 1912/2591/528 1913/2587/528
f 1779/2588/528 1765/2593/528 1911/2590/528
f 1752/2592/528 1910/2595/528 1911/2590/528
f 1752/2592/528 1738/2601/528 1909/2594/528
f 1590/2596/528 1898/2619/528 1899/2597/528
f 1603/2598/528 1899/2597/528 1900/2599/528
f 1738/2601/528 1725/2603/528 1908/2602/528
f 1725/2603/528 1711/2605/528 1907/2604/528
f 1711/2605/528 1698/2608/528 1906/2606/528
f 1684/2607/528 1905/2610/528 1906/2606/528
f 1684/2607/528 1671/2612/528 1904/2609/528
f 1657/2611/528 1903/2614/528 1904/2609/528
f 1644/2613/528 1902/5561/528 1903/2614/528
f 1644/2615/528 1630/2618/528 1901/2616/528
f 1617/2600/528 1900/2599/528 1901/2616/528
f 1590/2596/528 1576/2571/528 1897/2573/528
f 1785/2620/604 1866/2220/604 1843/2174/602
f 1772/2622/606 1865/2218/606 1866/2220/604
f 1758/2623/609 1864/2216/609 1865/2218/606
f 1745/2624/608 1863/2214/608 1864/2216/609
f 1731/2625/610 1862/2212/610 1863/2214/608
f 1718/2626/615 1861/2210/615 1862/2212/610
f 1704/2627/614 1860/2208/614 1861/2210/615
f 1859/2206/616 1860/2208/614 1704/2627/614
f 1677/2629/620 1858/2205/620 1859/2206/616
f 1664/2630/622 1857/2203/622 1858/2205/620
f 1856/2201/624 1857/2203/622 1664/2630/622
f 1637/2632/577 1855/2199/577 1856/2201/624
f 1623/2633/580 1854/2196/580 1855/2198/577
f 1610/2635/582 1853/2194/582 1854/2196/580
f 1852/2192/584 1853/2194/582 1610/2635/582
f 1583/2637/587 1851/2190/587 1852/2192/584
f 1569/2638/586 1850/2188/586 1851/2190/587
f 1556/2639/590 1849/2186/590 1850/2188/586
f 1542/2640/592 1848/2184/592 1849/2186/590
f 1529/2641/594 1847/2182/594 1848/2184/592
f 1846/2180/596 1847/2182/594 1529/2641/594
f 1502/2643/598 1845/2178/598 1846/2180/596
f 1488/2644/600 1844/2176/600 1845/2178/598
f 1475/2621/602 1843/2174/602 1844/2176/600
f 1890/2342/710 1867/2299/709 1479/2645/709
f 1889/2340/711 1890/2342/710 1789/2646/710
f 1762/2648/712 1888/2338/712 1889/2340/711
f 1749/2649/713 1887/2336/713 1888/2338/712
f 1886/2334/714 1887/2336/713 1749/2649/713
f 1722/2651/715 1885/2332/715 1886/2334/714
f 1884/2330/716 1885/2332/715 1722/2651/715
f 1695/2653/717 1883/2328/717 1884/2330/716
f 1882/2327/718 1883/2328/717 1695/2653/717
f 1881/2325/719 1882/2327/718 1681/2654/718
f 1880/2322/720 1881/2325/719 1668/2655/719
f 1879/2323/698 1880/2322/720 1654/2656/720
f 1878/2318/697 1879/2320/698 1641/2658/698
f 1877/2316/699 1878/2318/697 1627/2659/697
f 1876/2314/700 1877/2316/699 1614/2660/699
f 1587/2662/701 1875/2313/701 1876/2314/700
f 1874/2311/702 1875/2313/701 1587/2662/701
f 1873/2309/703 1874/2311/702 1573/2663/702
f 1546/2665/704 1872/2307/704 1873/2309/703
f 1871/2305/705 1872/2307/704 1546/2665/704
f 1519/2667/706 1870/2303/706 1871/2305/705
f 1869/2301/707 1870/2303/706 1519/2667/706
f 1868/2298/708 1869/2301/707 1506/2668/707
f 1867/2299/709 1868/2298/708 1492/2669/708
f 1892/2670/904 1916/2680/904 1917/2671/905
f 1899/2673/902 1923/2685/902 1924/2674/903
f 1906/2676/919 1930/2687/919 1931/2677/922
f 1891/2679/924 1915/2688/924 1916/2680/904
f 1913/2681/918 1937/2690/918 1914/2682/921
f 1898/2684/923 1922/2692/923 1923/2685/902
f 1905/2686/916 1929/2694/916 1930/2687/919
f 1842/2683/921 1914/2682/921 1915/2688/924
f 1912/2689/915 1936/2696/915 1937/2690/918
f 1897/2691/920 1921/2698/920 1922/2692/923
f 1904/2693/913 1928/2700/913 1929/2694/916
f 1911/2695/912 1935/2702/912 1936/2696/915
f 1896/2697/917 1920/2704/917 1921/2698/920
f 1903/2699/910 1927/2706/910 1928/2700/913
f 1910/2701/907 1934/2708/907 1935/2702/912
f 1895/2703/914 1919/2710/914 1920/2704/917
f 1902/2705/909 1926/5562/909 1927/2706/910
f 1909/2707/906 1933/2715/906 1934/2708/907
f 1894/2709/911 1918/2716/911 1919/2710/914
f 1901/2711/908 1925/2717/908 1926/2712/909
f 1908/2714/925 1932/2718/925 1933/2715/906
f 1893/2672/905 1917/2671/905 1918/2716/911
f 1900/2675/903 1924/2674/903 1925/2717/908
f 1907/2678/922 1931/2677/922 1932/2718/925
f 1982/2792/1525 1983/2796/1525 1940/2793/1526
f 1982/2792/1525 2025/2798/1527 2026/2795/1527
f 2069/2797/1528 2070/2800/1528 2026/2795/1527
f 2069/2797/1528 2112/2802/1529 2113/2799/1529
f 2155/2801/1530 2156/2804/1530 2113/2799/1529
f 2198/2803/1531 2199/2806/1531 2156/2804/1530
f 2241/2805/1532 2242/2808/1532 2199/2806/1531
f 2284/2807/1533 2285/2810/1533 2242/2808/1532
f 2327/2809/1534 2328/2812/1534 2285/2810/1533
f 2370/2811/1535 2371/2814/1535 2328/2812/1534
f 2413/2813/1536 2414/2816/1536 2371/2814/1535
f 2413/2813/1536 2456/2818/1537 2457/2815/1537
f 2499/2817/1538 2500/2820/1538 2457/2815/1537
f 2542/2819/1539 2543/2822/1539 2500/2820/1538
f 2542/2819/1539 2585/2824/1540 2586/2821/1540
f 2628/2823/1541 2629/2826/1541 2586/2821/1540
f 2671/2825/1542 2672/2828/1542 2629/2826/1541
f 2714/2827/1543 2715/2830/1543 2672/2828/1542
f 2757/2829/1544 2758/2832/1544 2715/2830/1543
f 2800/2831/1545 2801/2834/1545 2758/2832/1544
f 2843/2833/1546 2844/2836/1546 2801/2834/1545
f 2886/2835/1547 2887/2838/1547 2844/2836/1546
f 2929/2837/1548 2930/2840/1548 2887/2838/1547
f 1939/2839/1526 1940/5563/1526 2930/2840/1548
f 3042/2841/1549 2974/5564/1595 1941/2842/1550
f 2982/2844/1552 2071/2848/1556 2027/2845/1553
f 2985/2847/1555 2114/2942/1558 2071/2848/1556
f 2988/2849/1557 2157/2852/1560 2114/2850/1558
f 2991/2851/1559 2200/2945/1562 2157/2852/1560
f 2994/2853/1561 2243/2947/1564 2200/2854/1562
f 2997/2855/1563 2286/2858/1566 2243/2856/1564
f 3000/2857/1565 2329/2860/1568 2286/2858/1566
f 3003/2859/1567 2372/2862/1570 2329/2860/1568
f 3006/2861/1569 2415/2864/1572 2372/2862/1570
f 3009/2863/1571 2458/2866/1574 2415/2864/1572
f 3012/2865/1573 2501/2868/1576 2458/2866/1574
f 3015/2867/1575 2544/2870/1578 2501/2868/1576
f 3018/2869/1577 2587/2872/1580 2544/2870/1578
f 3018/2869/1577 3021/2874/1582 2630/2871/1579
f 3024/2873/1581 2673/2876/1584 2630/2871/1579
f 3027/2875/1583 2716/2878/1586 2673/2876/1584
f 3030/2877/1585 2759/2880/1588 2716/2878/1586
f 3033/2879/1587 2802/2882/1590 2759/2880/1588
f 3036/2881/1589 2845/2884/1592 2802/2882/1590
f 3039/2883/1591 2888/2885/1593 2845/2884/1592
f 3042/2841/1549 2931/2843/1551 2888/2885/1593
f 2976/2886/1594 1984/2937/1643 1941/2887/1550
f 1983/2889/1596 2977/2893/1600 2973/2890/1597
f 2026/2892/1599 2980/2895/1602 2977/2893/1600
f 2070/2894/1601 2983/2897/1604 2980/2895/1602
f 2070/2894/1601 2113/2899/1606 2986/2896/1603
f 2156/2898/1605 2989/2901/1608 2986/2896/1603
f 2199/2900/1607 2992/2903/1610 2989/2901/1608
f 2242/2902/1609 2995/2905/1612 2992/2903/1610
f 2285/2904/1611 2998/2907/1614 2995/2905/1612
f 2328/2906/1613 3001/2909/1616 2998/2907/1614
f 2328/2906/1613 2371/2911/1618 3004/2908/1615
f 2414/2910/1617 3007/2913/1620 3004/2908/1615
f 2457/2912/1619 3010/2915/1622 3007/2913/1620
f 2500/2914/1621 3013/2917/1624 3010/2915/1622
f 2543/2916/1623 3016/2919/1626 3013/2917/1624
f 2586/2918/1625 3019/2921/1628 3016/2919/1626
f 2586/2918/1625 2629/2923/1630 3022/2920/1627
f 2672/2922/1629 3025/2925/1632 3022/2920/1627
f 2715/2924/1631 3028/2927/1634 3025/2925/1632
f 2758/2926/1633 3031/2929/1636 3028/2927/1634
f 2801/2928/1635 3034/2931/1638 3031/2929/1636
f 2844/2930/1637 3037/2933/1640 3034/2931/1638
f 2887/2932/1639 3040/2935/1642 3037/2933/1640
f 2930/2934/1641 3043/4644/2540 3040/2935/1642
f 2979/2846/1554 2027/2939/1553 1984/2936/1643
f 1984/2937/918 1985/5565/918 1942/2938/921
f 2027/2939/915 2028/5566/915 1985/2940/918
f 2071/2848/912 2072/5567/912 2028/2941/915
f 2114/2942/907 2115/5568/907 2072/2943/912
f 2157/2852/906 2158/2946/906 2115/2944/907
f 2200/2945/925 2201/5569/925 2158/2946/906
f 2243/2947/922 2244/5570/922 2201/2948/925
f 2286/2858/919 2287/2950/919 2244/2949/922
f 2329/2860/916 2330/2951/916 2287/2950/919
f 2372/2862/913 2373/2952/913 2330/2951/916
f 2415/2864/910 2416/5571/910 2373/2952/913
f 2458/2866/909 2459/2955/909 2416/2953/910
f 2501/2954/908 2502/2957/908 2459/2955/909
f 2544/2956/903 2545/2958/903 2502/2957/908
f 2587/2872/902 2588/2960/902 2545/2958/903
f 2630/2959/923 2631/2962/923 2588/2960/902
f 2673/2961/920 2674/2964/920 2631/2962/923
f 2716/2963/917 2717/2966/917 2674/2964/920
f 2759/2965/914 2760/2968/914 2717/2966/917
f 2802/2967/911 2803/2970/911 2760/2968/914
f 2845/2969/905 2846/2972/905 2803/2970/911
f 2888/2971/904 2889/2974/904 2846/2972/905
f 2931/2973/924 2932/2976/924 2889/2974/904
f 1941/2975/921 1942/5572/921 2932/2976/924
f 1985/2977/1644 1986/2981/1648 1943/2978/1645
f 2028/2980/1647 2029/2984/1650 1986/2981/1648
f 2072/2983/1649 2073/2987/1652 2029/2984/1650
f 2115/2986/1651 2116/2989/1654 2073/2987/1652
f 2158/2988/1653 2159/2991/1656 2116/2989/1654
f 2201/2990/1655 2202/2993/1658 2159/2991/1656
f 2244/2992/1657 2245/2996/1660 2202/2993/1658
f 2287/2995/1659 2288/2999/1662 2245/2996/1660
f 2330/2998/1661 2331/3001/1664 2288/2999/1662
f 2373/3000/1663 2374/3003/1666 2331/3001/1664
f 2416/3002/1665 2417/3006/1668 2374/3003/1666
f 2459/3005/1667 2460/3010/1670 2417/3006/1668
f 2459/3008/1667 2502/3012/1672 2503/3009/1669
f 2545/3011/1671 2546/3014/1674 2503/3009/1669
f 2545/3011/1671 2588/5573/1676 2589/3013/1673
f 2631/3015/1675 2632/3018/1678 2589/3013/1673
f 2674/3017/1677 2675/3021/1680 2632/3018/1678
f 2717/3020/1679 2718/3023/1682 2675/3021/1680
f 2760/3022/1681 2761/3025/1684 2718/3023/1682
f 2803/3024/1683 2804/3028/1686 2761/3025/1684
f 2846/3027/1685 2847/3030/1688 2804/3028/1686
f 2889/3029/1687 2890/3033/1690 2847/3030/1688
f 2932/3032/1689 2933/3036/1691 2890/3033/1690
f 1942/3035/1646 1943/3060/1645 2933/3036/1691
f 1986/2981/1648 1987/3038/1693 1944/3037/1692
f 2029/2984/1650 2030/3039/1694 1987/3038/1693
f 2073/2987/1652 2074/3040/1695 2030/3039/1694
f 2116/2989/1654 2117/3041/1696 2074/3040/1695
f 2159/2991/1656 2160/3042/1697 2117/3041/1696
f 2202/2993/1658 2203/3043/1698 2160/3042/1697
f 2245/2996/1660 2246/3044/1699 2203/3043/1698
f 2288/2999/1662 2289/3045/1700 2246/3044/1699
f 2331/3001/1664 2332/3046/1701 2289/3045/1700
f 2374/3003/1666 2375/3047/1702 2332/3046/1701
f 2417/3006/1668 2418/3048/1703 2375/3047/1702
f 2460/3010/1670 2461/3049/1704 2418/3048/1703
f 2503/3009/1669 2504/3050/1705 2461/3049/1704
f 2546/3014/1674 2547/3051/1706 2504/3050/1705
f 2589/3013/1673 2590/3052/1707 2547/3051/1706
f 2632/3018/1678 2633/3053/1708 2590/3052/1707
f 2675/3021/1680 2676/3054/1709 2633/3053/1708
f 2718/3023/1682 2719/3055/1710 2676/3054/1709
f 2761/3025/1684 2762/3057/1712 2719/3055/1710
f 2761/3025/1684 2804/3028/1686 2805/3056/1711
f 2847/3030/1688 2848/3058/1713 2805/3056/1711
f 2890/3033/1690 2891/3059/1714 2848/3058/1713
f 2933/3036/1691 2934/3061/1715 2891/3059/1714
f 1943/3060/1645 1944/5574/1692 2934/3061/1715
f 1987/3038/1693 1988/3063/918 1945/3062/921
f 2030/3039/1694 2031/3064/915 1988/3063/918
f 2074/3040/1695 2075/3065/912 2031/3064/915
f 2117/3041/1696 2118/3066/907 2075/3065/912
f 2160/3042/1697 2161/3067/906 2118/3066/907
f 2203/3043/1698 2204/3068/925 2161/3067/906
f 2246/3044/1699 2247/3069/922 2204/3068/925
f 2289/3045/1700 2290/3070/919 2247/3069/922
f 2332/3046/1701 2333/3071/916 2290/3070/919
f 2375/3047/1702 2376/3072/913 2333/3071/916
f 2418/3048/1703 2419/3073/910 2376/3072/913
f 2461/3049/1704 2462/3075/909 2419/3073/910
f 2504/3074/1705 2505/3077/908 2462/3075/909
f 2547/3076/1706 2548/3079/903 2505/3077/908
f 2590/3078/1707 2591/3081/902 2548/3079/903
f 2633/3080/1708 2634/3083/923 2591/3081/902
f 2676/3082/1709 2677/3085/920 2634/3083/923
f 2719/3084/1710 2720/3087/917 2677/3085/920
f 2762/3086/1712 2763/3089/914 2720/3087/917
f 2805/3088/1711 2806/3091/911 2763/3089/914
f 2848/3090/1713 2849/3093/905 2806/3091/911
f 2891/3092/1714 2892/3095/904 2849/3093/905
f 2934/3094/1715 2935/3097/924 2892/3095/904
f 1944/3096/1692 1945/5575/921 2935/3097/924
f 1988/3098/1716 1989/3102/1716 1946/3099/1717
f 2031/3101/1718 2032/3104/1718 1989/3102/1716
f 2075/3103/1719 2076/3106/1719 2032/3104/1718
f 2118/3105/1720 2119/3108/1720 2076/3106/1719
f 2161/3107/1721 2162/3110/1721 2119/3108/1720
f 2204/3109/1722 2205/3112/1722 2162/3110/1721
f 2247/3111/1723 2248/3114/1723 2205/3112/1722
f 2290/3113/1724 2291/3116/1724 2248/3114/1723
f 2333/3115/1725 2334/3118/1725 2291/3116/1724
f 2376/3117/1726 2377/3120/1726 2334/3118/1725
f 2419/3119/1727 2420/3122/1727 2377/3120/1726
f 2462/3121/1728 2463/3124/1728 2420/3122/1727
f 2505/3123/1729 2506/3126/1729 2463/3124/1728
f 2548/3125/1730 2549/3128/1730 2506/3126/1729
f 2591/3127/1731 2592/3130/1731 2549/3128/1730
f 2634/3129/1732 2635/3132/1732 2592/3130/1731
f 2677/3131/1733 2678/3134/1733 2635/3132/1732
f 2720/3133/1734 2721/3136/1734 2678/3134/1733
f 2763/3135/1735 2764/3138/1735 2721/3136/1734
f 2806/3137/1736 2807/3140/1736 2764/3138/1735
f 2849/3139/1737 2850/3142/1737 2807/3140/1736
f 2892/3141/1738 2893/3144/1738 2850/3142/1737
f 2935/3143/1739 2936/3146/1739 2893/3144/1738
f 1945/3145/1717 1946/5576/1717 2936/3146/1739
f 1989/3147/1740 1990/3151/1744 1947/3148/1741
f 2032/3150/1743 2033/3153/1746 1990/3151/1744
f 2076/3152/1745 2077/3155/1748 2033/3153/1746
f 2119/3154/1747 2120/3157/1750 2077/3155/1748
f 2162/3156/1749 2163/3159/1752 2120/3157/1750
f 2205/3158/1751 2206/3161/1754 2163/3159/1752
f 2248/3160/1753 2249/3163/1756 2206/3161/1754
f 2291/3162/1755 2292/3165/1758 2249/3163/1756
f 2334/3164/1757 2335/3167/1760 2292/3165/1758
f 2377/3166/1759 2378/3169/1762 2335/3167/1760
f 2420/3168/1761 2421/3171/1764 2378/3169/1762
f 2463/3170/1763 2464/3173/1766 2421/3171/1764
f 2506/3172/1765 2507/3175/1768 2464/3173/1766
f 2549/3174/1767 2550/3177/1770 2507/3175/1768
f 2592/3176/1769 2593/3179/1772 2550/3177/1770
f 2635/3178/1771 2636/3181/1774 2593/3179/1772
f 2678/3180/1773 2679/3183/1776 2636/3181/1774
f 2721/3182/1775 2722/3185/1778 2679/3183/1776
f 2764/3184/1777 2765/3187/1780 2722/3185/1778
f 2807/3186/1779 2808/3189/1782 2765/3187/1780
f 2850/3188/1781 2851/3191/1784 2808/3189/1782
f 2893/3190/1783 2894/3193/1786 2851/3191/1784
f 2936/3192/1785 2937/3195/1787 2894/3193/1786
f 1946/3194/1742 1947/3219/1741 2937/3195/1787
f 1990/3151/1744 1991/3197/1789 1948/3196/1788
f 2033/3153/1746 2034/3198/1790 1991/3197/1789
f 2077/3155/1748 2078/3199/1791 2034/3198/1790
f 2120/3157/1750 2121/3200/1792 2078/3199/1791
f 2163/3159/1752 2164/3201/1793 2121/3200/1792
f 2206/3161/1754 2207/3202/1794 2164/3201/1793
f 2249/3163/1756 2250/3203/1795 2207/3202/1794
f 2292/3165/1758 2293/3204/1796 2250/3203/1795
f 2335/3167/1760 2336/3206/1798 2293/3204/1796
f 2335/3167/1760 2378/3169/1762 2379/3205/1797
f 2421/3171/1764 2422/3207/1799 2379/3205/1797
f 2464/3173/1766 2465/3208/1800 2422/3207/1799
f 2507/3175/1768 2508/3209/1801 2465/3208/1800
f 2550/3177/1770 2551/3210/1802 2508/3209/1801
f 2593/3179/1772 2594/3211/1803 2551/3210/1802
f 2636/3181/1774 2637/3212/1804 2594/3211/1803
f 2679/3183/1776 2680/3213/1805 2637/3212/1804
f 2722/3185/1778 2723/3215/1807 2680/3213/1805
f 2722/3185/1778 2765/3187/1780 2766/3214/1806
f 2808/3189/1782 2809/3216/1808 2766/3214/1806
f 2851/3191/1784 2852/3217/1809 2809/3216/1808
f 2894/3193/1786 2895/3218/1810 2852/3217/1809
f 2937/3195/1787 2938/3220/1811 2895/3218/1810
f 1947/3219/1741 1948/4672/1788 2938/3220/1811
f 3046/3221/1812 1949/3316/1858 2939/3222/1813
f 3051/3224/1815 3054/3227/1818 2079/3225/1816
f 3054/3227/1818 3057/3230/1821 2122/3228/1819
f 3060/3229/1820 2165/3232/1823 2122/3228/1819
f 3063/3231/1822 2208/3234/1825 2165/3232/1823
f 3063/3231/1822 3066/3236/1827 2251/3233/1824
f 3069/3235/1826 2294/3238/1829 2251/3233/1824
f 3072/3237/1828 2337/3240/1831 2294/3238/1829
f 3075/3239/1830 2380/3242/1833 2337/3240/1831
f 3078/3241/1832 2423/3244/1835 2380/3242/1833
f 3081/3243/1834 2466/3246/1837 2423/3244/1835
f 3084/3245/1836 2509/3248/1839 2466/3246/1837
f 3084/3245/1836 3087/3250/1841 2552/3247/1838
f 3090/3249/1840 2595/3252/1843 2552/3247/1838
f 3090/3249/1840 3093/3254/1845 2638/3251/1842
f 3096/3253/1844 2681/3256/1847 2638/3251/1842
f 3099/3255/1846 2724/3258/1849 2681/3256/1847
f 3102/3257/1848 2767/3260/1851 2724/3258/1849
f 3105/3259/1850 2810/3262/1853 2767/3260/1851
f 3108/3261/1852 2853/3264/1855 2810/3262/1853
f 3108/3261/1852 3111/3265/1856 2896/3263/1854
f 3114/3223/1814 2939/3222/1813 2896/3263/1854
f 3048/3266/1857 1992/3292/1882 1949/3267/1858
f 1991/3197/1789 3049/3270/1860 3045/3269/1859
f 2034/3198/1790 3052/3272/1862 3049/3270/1860
f 2034/3198/1790 2078/3199/1791 3055/3271/1861
f 2121/3200/1792 3058/3273/1863 3055/3271/1861
f 2164/3201/1793 3061/3274/1864 3058/3273/1863
f 2207/3202/1794 3064/3275/1865 3061/3274/1864
f 2250/3203/1795 3067/3277/1867 3064/3275/1865
f 2250/3203/1795 2293/3204/1796 3070/3276/1866
f 2293/3204/1796 2336/3206/1798 3073/3278/1868
f 2379/3205/1797 3076/3279/1869 3073/3278/1868
f 2422/3207/1799 3079/3280/1870 3076/3279/1869
f 2465/3208/1800 3082/3281/1871 3079/3280/1870
f 2508/3209/1801 3085/3282/1872 3082/3281/1871
f 2551/3210/1802 3088/3283/1873 3085/3282/1872
f 2594/3211/1803 3091/3284/1874 3088/3283/1873
f 2637/3212/1804 3094/3285/1875 3091/3284/1874
f 2680/3213/1805 3097/3286/1876 3094/3285/1875
f 2723/3215/1807 3100/3287/1877 3097/3286/1876
f 2766/3214/1806 3103/3289/1879 3100/3287/1877
f 2766/3214/1806 2809/3216/1808 3106/3288/1878
f 2809/3216/1808 2852/3217/1809 3109/3290/1880
f 2895/3218/1810 3112/3291/1881 3109/3290/1880
f 2938/3220/1811 3115/4669/2566 3112/3291/1881
f 3051/3224/1815 2035/3226/1817 1992/3292/1882
f 1992/3292/1882 1993/3294/1884 1950/3293/1883
f 2035/3226/1817 2036/3295/1885 1993/3294/1884
f 2079/3225/1816 2080/3296/1886 2036/3295/1885
f 2122/3228/1819 2123/3297/1887 2080/3296/1886
f 2165/3232/1823 2166/3298/1888 2123/3297/1887
f 2208/3234/1825 2209/3299/1889 2166/3298/1888
f 2251/3233/1824 2252/3300/1890 2209/3299/1889
f 2294/3238/1829 2295/3301/1891 2252/3300/1890
f 2337/3240/1831 2338/3302/1892 2295/3301/1891
f 2380/3242/1833 2381/3303/1893 2338/3302/1892
f 2423/3244/1835 2424/3304/1894 2381/3303/1893
f 2466/3246/1837 2467/3305/1895 2424/3304/1894
f 2509/3248/1839 2510/3306/1896 2467/3305/1895
f 2552/3247/1838 2553/3307/1897 2510/3306/1896
f 2595/3252/1843 2596/3308/1898 2553/3307/1897
f 2638/3251/1842 2639/3309/1899 2596/3308/1898
f 2681/3256/1847 2682/3310/1900 2639/3309/1899
f 2724/3258/1849 2725/3311/1901 2682/3310/1900
f 2767/3260/1851 2768/3312/1902 2725/3311/1901
f 2810/3262/1853 2811/3313/1903 2768/3312/1902
f 2853/3264/1855 2854/3314/1904 2811/3313/1903
f 2896/3263/1854 2897/3315/1905 2854/3314/1904
f 2939/3222/1813 2940/3317/1906 2897/3315/1905
f 1949/3316/1858 1950/3341/1883 2940/3317/1906
f 1993/3294/1884 1994/3319/1908 1951/3318/1907
f 2036/3295/1885 2037/3320/1909 1994/3319/1908
f 2080/3296/1886 2081/3321/1910 2037/3320/1909
f 2123/3297/1887 2124/3322/1911 2081/3321/1910
f 2166/3298/1888 2167/3323/1912 2124/3322/1911
f 2209/3299/1889 2210/3324/1913 2167/3323/1912
f 2252/3300/1890 2253/3325/1914 2210/3324/1913
f 2295/3301/1891 2296/3326/1915 2253/3325/1914
f 2338/3302/1892 2339/3327/1916 2296/3326/1915
f 2381/3303/1893 2382/3328/1917 2339/3327/1916
f 2424/3304/1894 2425/3329/1918 2382/3328/1917
f 2467/3305/1895 2468/3330/1919 2425/3329/1918
f 2510/3306/1896 2511/3331/1920 2468/3330/1919
f 2553/3307/1897 2554/3332/1921 2511/3331/1920
f 2596/3308/1898 2597/3333/1922 2554/3332/1921
f 2639/3309/1899 2640/3334/1923 2597/3333/1922
f 2682/3310/1900 2683/3335/1924 2640/3334/1923
f 2725/3311/1901 2726/3336/1925 2683/3335/1924
f 2768/3312/1902 2769/3337/1926 2726/3336/1925
f 2811/3313/1903 2812/3338/1927 2769/3337/1926
f 2854/3314/1904 2855/3339/1928 2812/3338/1927
f 2897/3315/1905 2898/3340/1929 2855/3339/1928
f 2940/3317/1906 2941/3342/1930 2898/3340/1929
f 1950/3341/1883 1951/3366/1907 2941/3342/1930
f 1994/3319/1908 1995/3344/1932 1952/3343/1931
f 2037/3320/1909 2038/3345/1933 1995/3344/1932
f 2081/3321/1910 2082/3346/1934 2038/3345/1933
f 2124/3322/1911 2125/3347/1935 2082/3346/1934
f 2167/3323/1912 2168/3348/1936 2125/3347/1935
f 2210/3324/1913 2211/3349/1937 2168/3348/1936
f 2253/3325/1914 2254/3350/1938 2211/3349/1937
f 2296/3326/1915 2297/3351/1939 2254/3350/1938
f 2339/3327/1916 2340/3352/1940 2297/3351/1939
f 2382/3328/1917 2383/3353/1941 2340/3352/1940
f 2425/3329/1918 2426/3354/1942 2383/3353/1941
f 2468/3330/1919 2469/3355/1943 2426/3354/1942
f 2511/3331/1920 2512/3356/1944 2469/3355/1943
f 2554/3332/1921 2555/3357/1945 2512/3356/1944
f 2597/3333/1922 2598/3358/1946 2555/3357/1945
f 2640/3334/1923 2641/3359/1947 2598/3358/1946
f 2683/3335/1924 2684/3360/1948 2641/3359/1947
f 2726/3336/1925 2727/3361/1949 2684/3360/1948
f 2769/3337/1926 2770/3362/1950 2727/3361/1949
f 2812/3338/1927 2813/3363/1951 2770/3362/1950
f 2855/3339/1928 2856/3364/1952 2813/3363/1951
f 2898/3340/1929 2899/3365/1953 2856/3364/1952
f 2941/3342/1930 2942/3367/1954 2899/3365/1953
f 1951/3366/1907 1952/5577/1931 2942/3367/1954
f 1952/3368/1955 1995/3371/1958 1996/3369/1956
f 1995/3371/1958 2038/3373/1960 2039/3372/1959
f 2038/3373/1960 2082/3375/1962 2083/3374/1961
f 2082/3375/1962 2125/3377/1964 2126/3376/1963
f 2125/3377/1964 2168/3379/1966 2169/3378/1965
f 2168/3379/1966 2211/3381/1968 2212/3380/1967
f 2211/3381/1968 2254/3383/1970 2255/3382/1969
f 2254/3383/1970 2297/3385/1972 2298/3384/1971
f 2297/3385/1972 2340/3387/1974 2341/3386/1973
f 2340/3387/1974 2383/3389/1976 2384/3388/1975
f 2383/3389/1976 2426/3391/1978 2427/3390/1977
f 2426/3391/1978 2469/3393/1980 2470/3392/1979
f 2469/3393/1980 2512/3395/1982 2513/3394/1981
f 2512/3395/1982 2555/3397/1984 2556/3396/1983
f 2555/3397/1984 2598/3399/1986 2599/3398/1985
f 2598/3399/1986 2641/3401/1988 2642/3400/1987
f 2641/3401/1988 2684/3403/1990 2685/3402/1989
f 2684/3403/1990 2727/3405/1992 2728/3404/1991
f 2727/3405/1992 2770/3407/1994 2771/3406/1993
f 2770/3407/1994 2813/3409/1996 2814/3408/1995
f 2813/3409/1996 2856/3411/1998 2857/3410/1997
f 2856/3411/1998 2899/3413/2000 2900/3412/1999
f 2899/3413/2000 2942/3415/2002 2943/3414/2001
f 2942/3415/2002 1952/5578/1955 1953/3416/1957
f 1953/3370/1957 1996/3369/1956 1997/3417/2003
f 1996/3369/1956 2039/3372/1959 2040/3419/2005
f 2039/3372/1959 2083/3374/1961 2084/3420/2006
f 2083/3374/1961 2126/3376/1963 2127/3421/2007
f 2126/3376/1963 2169/3378/1965 2170/3422/2008
f 2169/3378/1965 2212/3380/1967 2213/3423/2009
f 2212/3380/1967 2255/3382/1969 2256/3424/2010
f 2255/3382/1969 2298/3384/1971 2299/3425/2011
f 2298/3384/1971 2341/3386/1973 2342/3426/2012
f 2341/3386/1973 2384/3388/1975 2385/3427/2013
f 2384/3388/1975 2427/3390/1977 2428/3428/2014
f 2427/3390/1977 2470/3392/1979 2471/3429/2015
f 2470/3392/1979 2513/3394/1981 2514/3430/2016
f 2513/3394/1981 2556/3396/1983 2557/3431/2017
f 2556/3396/1983 2599/3398/1985 2600/3432/2018
f 2599/3398/1985 2642/3400/1987 2643/3433/2019
f 2642/3400/1987 2685/3402/1989 2686/3434/2020
f 2685/3402/1989 2728/3404/1991 2729/3435/2021
f 2728/3404/1991 2771/3406/1993 2772/3436/2022
f 2771/3406/1993 2814/3408/1995 2815/3437/2023
f 2814/3408/1995 2857/3410/1997 2858/3438/2024
f 2857/3410/1997 2900/3412/1999 2901/3439/2025
f 2900/3412/1999 2943/3414/2001 2944/3440/2026
f 2943/3414/2001 1953/3416/1957 1954/3441/2004
f 1997/3417/2003 1998/3443/2028 1955/3442/2027
f 2040/3419/2005 2041/3444/2029 1998/3443/2028
f 2084/3420/2006 2085/3445/2030 2041/3444/2029
f 2127/3421/2007 2128/3446/2031 2085/3445/2030
f 2170/3422/2008 2171/3447/2032 2128/3446/2031
f 2213/3423/2009 2214/3448/2033 2171/3447/2032
f 2256/3424/2010 2257/3449/2034 2214/3448/2033
f 2299/3425/2011 2300/3450/2035 2257/3449/2034
f 2342/3426/2012 2343/3451/2036 2300/3450/2035
f 2385/3427/2013 2386/3452/2037 2343/3451/2036
f 2428/3428/2014 2429/3453/2038 2386/3452/2037
f 2471/3429/2015 2472/3454/2039 2429/3453/2038
f 2514/3430/2016 2515/3455/2040 2472/3454/2039
f 2557/3431/2017 2558/3456/2041 2515/3455/2040
f 2600/3432/2018 2601/3457/2042 2558/3456/2041
f 2643/3433/2019 2644/3458/2043 2601/3457/2042
f 2686/3434/2020 2687/3459/2044 2644/3458/2043
f 2729/3435/2021 2730/3460/2045 2687/3459/2044
f 2772/3436/2022 2773/3461/2046 2730/3460/2045
f 2815/3437/2023 2816/3462/2047 2773/3461/2046
f 2858/3438/2024 2859/3463/2048 2816/3462/2047
f 2901/3439/2025 2902/3464/2049 2859/3463/2048
f 2944/3440/2026 2945/3465/2050 2902/3464/2049
f 1954/3441/2004 1955/3489/2027 2945/3465/2050
f 1998/3443/2028 1999/3467/2052 1956/3466/2051
f 2041/3444/2029 2042/3468/2053 1999/3467/2052
f 2085/3445/2030 2086/3469/2054 2042/3468/2053
f 2128/3446/2031 2129/3470/2055 2086/3469/2054
f 2171/3447/2032 2172/3471/2056 2129/3470/2055
f 2214/3448/2033 2215/3472/2057 2172/3471/2056
f 2257/3449/2034 2258/3473/2058 2215/3472/2057
f 2300/3450/2035 2301/3474/2059 2258/3473/2058
f 2343/3451/2036 2344/3475/2060 2301/3474/2059
f 2386/3452/2037 2387/3476/2061 2344/3475/2060
f 2429/3453/2038 2430/3477/2062 2387/3476/2061
f 2472/3454/2039 2473/3478/2063 2430/3477/2062
f 2515/3455/2040 2516/3479/2064 2473/3478/2063
f 2558/3456/2041 2559/3480/2065 2516/3479/2064
f 2601/3457/2042 2602/3481/2066 2559/3480/2065
f 2644/3458/2043 2645/3482/2067 2602/3481/2066
f 2687/3459/2044 2688/3483/2068 2645/3482/2067
f 2730/3460/2045 2731/3484/2069 2688/3483/2068
f 2773/3461/2046 2774/3485/2070 2731/3484/2069
f 2816/3462/2047 2817/3486/2071 2774/3485/2070
f 2859/3463/2048 2860/3487/2072 2817/3486/2071
f 2902/3464/2049 2903/3488/2073 2860/3487/2072
f 2945/3465/2050 2946/3490/2074 2903/3488/2073
f 1955/3489/2027 1956/5579/2051 2946/3490/2074
f 2017/3491/2075 2000/3495/2079 1957/3492/2076
f 2060/3494/2078 2043/5580/2081 2000/3495/2079
f 2104/3496/2080 2087/5581/2083 2043/3497/2081
f 2147/3498/2082 2130/5582/2085 2087/3499/2083
f 2190/3500/2084 2173/5583/2087 2130/3501/2085
f 2233/3502/2086 2216/3505/2089 2173/3503/2087
f 2276/3504/2088 2259/5584/2091 2216/3505/2089
f 2319/3506/2090 2302/3509/2093 2259/3507/2091
f 2362/3508/2092 2345/5585/2095 2302/3509/2093
f 2405/3510/2094 2388/3513/2097 2345/3511/2095
f 2448/3512/2096 2431/3515/2099 2388/3513/2097
f 2491/3514/2098 2474/3517/2101 2431/3515/2099
f 2534/3516/2100 2517/3519/2103 2474/3517/2101
f 2534/3516/2100 2577/3521/2105 2560/3518/2102
f 2620/3520/2104 2603/3523/2107 2560/3518/2102
f 2663/3522/2106 2646/3525/2109 2603/3523/2107
f 2706/3524/2108 2689/3527/2111 2646/3525/2109
f 2749/3526/2110 2732/3529/2113 2689/3527/2111
f 2792/3528/2112 2775/3531/2115 2732/3529/2113
f 2835/3530/2114 2818/3533/2117 2775/3531/2115
f 2878/3532/2116 2861/3535/2119 2818/3533/2117
f 2921/3534/2118 2904/3537/2121 2861/3535/2119
f 2964/3536/2120 2947/3539/2122 2904/3537/2121
f 1974/3538/2077 1957/5586/2076 2947/3539/2122
f 3163/3540/2123 3118/5587/2170 1980/3541/2124
f 3121/3543/2126 3123/3546/2129 2110/3544/2127
f 3123/3546/2129 3125/3548/2131 2153/3547/2130
f 3125/3548/2131 3127/3551/2133 2196/3549/2132
f 3127/3551/2133 3129/3554/2136 2239/3552/2134
f 3131/3553/2135 2282/5588/2138 2239/3552/2134
f 3131/3555/2135 3133/3558/2139 2325/3556/2137
f 3133/3558/2139 3135/3560/2141 2368/3559/2140
f 3135/3560/2141 3137/3563/2143 2411/3561/2142
f 3137/3563/2143 3139/3565/2145 2454/3564/2144
f 3139/3565/2145 3141/4673/2148 2497/3566/2146
f 3143/3568/2147 2540/3573/2150 2497/3569/2146
f 3143/3571/2147 3145/3574/2151 2583/3572/2149
f 3145/3574/2151 3147/3577/2154 2626/3575/2152
f 3149/3576/2153 2669/3579/2156 2626/3575/2152
f 3151/3578/2155 2712/3581/2158 2669/3579/2156
f 3151/3578/2155 3153/3582/2159 2755/3580/2157
f 3153/3582/2159 3155/3584/2161 2798/3583/2160
f 3155/3584/2161 3157/3586/2163 2841/3585/2162
f 3157/3586/2163 3159/3588/2165 2884/3587/2164
f 3159/3588/2165 3161/3590/2167 2927/3589/2166
f 3161/3590/2167 3163/3540/2123 2970/3542/2125
f 3211/3591/2168 1961/5589/2168 2951/3592/2169
f 3118/3594/2170 3119/4532/2492 2023/3595/2171
f 2021/3597/2172 2002/3601/2176 1959/3598/2173
f 2064/3600/2175 2045/3603/2178 2002/3601/2176
f 2108/3602/2177 2089/3605/2180 2045/3603/2178
f 2151/3604/2179 2132/3607/2182 2089/3605/2180
f 2194/3606/2181 2175/3609/2184 2132/3607/2182
f 2237/3608/2183 2218/3611/2186 2175/3609/2184
f 2280/3610/2185 2261/3613/2188 2218/3611/2186
f 2323/3612/2187 2304/3615/2190 2261/3613/2188
f 2366/3614/2189 2347/3617/2192 2304/3615/2190
f 2409/3616/2191 2390/3619/2194 2347/3617/2192
f 2452/3618/2193 2433/3621/2196 2390/3619/2194
f 2495/3620/2195 2476/3623/2198 2433/3621/2196
f 2538/3622/2197 2519/3625/2200 2476/3623/2198
f 2581/3624/2199 2562/3627/2202 2519/3625/2200
f 2624/3626/2201 2605/3629/2204 2562/3627/2202
f 2667/3628/2203 2648/3631/2206 2605/3629/2204
f 2710/3630/2205 2691/3633/2208 2648/3631/2206
f 2753/3632/2207 2734/3635/2210 2691/3633/2208
f 2796/3634/2209 2777/3637/2212 2734/3635/2210
f 2839/3636/2211 2820/3639/2214 2777/3637/2212
f 2882/3638/2213 2863/3641/2216 2820/3639/2214
f 2925/3640/2215 2906/3643/2218 2863/3641/2216
f 2968/3642/2217 2949/3645/2219 2906/3643/2218
f 1978/3644/2174 1959/5590/2173 2949/3645/2219
f 1959/3598/2173 2002/3601/2176 2003/3646/2220
f 2002/3601/2176 2045/3603/2178 2046/3648/2222
f 2045/3603/2178 2089/3605/2180 2090/3650/2223
f 2089/3605/2180 2132/3607/2182 2133/3651/2224
f 2132/3607/2182 2175/3609/2184 2176/3652/2225
f 2175/3609/2184 2218/3611/2186 2219/3653/2226
f 2218/3611/2186 2261/3613/2188 2262/3655/2227
f 2261/3613/2188 2304/3615/2190 2305/3656/2228
f 2304/3615/2190 2347/3617/2192 2348/3658/2229
f 2347/3617/2192 2390/3619/2194 2391/3659/2230
f 2390/3619/2194 2433/3621/2196 2434/3660/2231
f 2433/3621/2196 2476/3623/2198 2477/3661/2232
f 2476/3623/2198 2519/3625/2200 2520/3663/2233
f 2519/3625/2200 2562/3665/2202 2563/3664/2234
f 2562/3665/2202 2605/3667/2204 2606/3666/2235
f 2605/3667/2204 2648/3669/2206 2649/3668/2236
f 2648/3669/2206 2691/3671/2208 2692/3670/2237
f 2691/3671/2208 2734/3673/2210 2735/3672/2238
f 2734/3673/2210 2777/3675/2212 2778/3674/2239
f 2777/3675/2212 2820/3677/2214 2821/3676/2240
f 2820/3677/2214 2863/3679/2216 2864/3678/2241
f 2863/3679/2216 2906/3681/2218 2907/3680/2242
f 2906/3681/2218 2949/3683/2219 2950/3682/2243
f 2949/3683/2219 1959/5591/2173 1960/3684/2221
f 2955/3685/624 1965/5592/577 2948/3686/577
f 2003/3646/2220 3209/5593/2244 3212/3688/2168
f 2046/3648/2222 3208/3690/2245 3209/3689/2244
f 2090/3650/2223 3206/3691/2246 3208/3690/2245
f 2133/3651/2224 3203/3692/2247 3206/3691/2246
f 2176/3652/2225 3202/4744/2248 3203/3692/2247
f 2219/3653/2226 3200/3694/2249 3202/3693/2248
f 2262/3655/2227 3197/4761/2250 3200/3694/2249
f 2305/3656/2228 3196/3696/2251 3197/3695/2250
f 2348/3658/2229 3194/3697/2252 3196/3696/2251
f 2391/3659/2230 3191/3698/2253 3194/3697/2252
f 2434/3660/2231 3190/4745/2254 3191/3698/2253
f 2477/3661/2232 3188/3700/2255 3190/3699/2254
f 2520/3663/2233 3185/3702/2256 3188/3700/2255
f 2563/3701/2234 3184/3704/2257 3185/3702/2256
f 2606/3703/2235 3182/3706/2258 3184/3704/2257
f 2649/3705/2236 3179/3708/2259 3182/3706/2258
f 2692/3707/2237 3178/3710/2260 3179/3708/2259
f 2735/3709/2238 3176/3712/2261 3178/3710/2260
f 2778/3711/2239 3173/3714/2262 3176/3712/2261
f 2821/3713/2240 3172/3716/2263 3173/3714/2262
f 2864/3715/2241 3170/3721/2264 3172/3716/2263
f 1960/3717/2221 3212/5594/2168 3166/3718/2169
f 2907/3720/2242 3167/4764/2568 3170/3721/2264
f 1961/3722/503 2004/3725/503 2005/3723/503
f 2004/3725/503 2047/3727/503 2048/3726/503
f 2047/3727/503 2091/3729/503 2092/3728/503
f 2091/3729/503 2134/3731/503 2135/3730/503
f 2134/3731/503 2177/3733/503 2178/3732/503
f 2177/3733/503 2220/3735/503 2221/3734/503
f 2220/3735/503 2263/3737/503 2264/3736/503
f 2263/3737/503 2306/3739/503 2307/3738/503
f 2306/3739/503 2349/3741/503 2350/3740/503
f 2349/3741/503 2392/3743/503 2393/3742/503
f 2392/3743/503 2435/3745/503 2436/3744/503
f 2435/3745/503 2478/3747/503 2479/3746/503
f 2478/3747/503 2521/3749/503 2522/3748/503
f 2521/3749/503 2564/3751/503 2565/3750/503
f 2564/3751/503 2607/3753/503 2608/3752/503
f 2607/3753/503 2650/3755/503 2651/3754/503
f 2650/3755/503 2693/3757/503 2694/3756/503
f 2693/3757/503 2736/3759/503 2737/3758/503
f 2736/3759/503 2779/3761/503 2780/3760/503
f 2779/3761/503 2822/3763/503 2823/3762/503
f 2822/3763/503 2865/3765/503 2866/3764/503
f 2865/3765/503 2908/3767/503 2909/3766/503
f 2908/3767/503 2951/3769/503 2952/3768/503
f 2951/3769/503 1961/3722/503 1962/3724/503
f 2005/3770/504 2006/3774/504 1963/3771/505
f 2048/3773/506 2049/3776/506 2006/3774/504
f 2092/3775/507 2093/3778/507 2049/3776/506
f 2135/3777/508 2136/3780/508 2093/3778/507
f 2178/3779/509 2179/3782/509 2136/3780/508
f 2178/3779/509 2221/3784/510 2222/3781/510
f 2264/3783/511 2265/3786/511 2222/3781/510
f 2307/3785/512 2308/3788/512 2265/3786/511
f 2350/3787/513 2351/3790/513 2308/3788/512
f 2393/3789/514 2394/3792/514 2351/3790/513
f 2436/3791/515 2437/3794/515 2394/3792/514
f 2479/3793/516 2480/3796/516 2437/3794/515
f 2522/3795/517 2523/3798/517 2480/3796/516
f 2565/3797/518 2566/3800/518 2523/3798/517
f 2608/3799/519 2609/3802/519 2566/3800/518
f 2651/3801/520 2652/3804/520 2609/3802/519
f 2694/3803/521 2695/3806/521 2652/3804/520
f 2737/3805/522 2738/3808/522 2695/3806/521
f 2780/3807/523 2781/3810/523 2738/3808/522
f 2823/3809/524 2824/3812/524 2781/3810/523
f 2866/3811/525 2867/3814/525 2824/3812/524
f 2909/3813/526 2910/3816/526 2867/3814/525
f 2952/3815/527 2953/3818/527 2910/3816/526
f 1962/3817/505 1963/5595/505 2953/3818/527
f 2006/3819/528 2007/3823/528 1964/3820/528
f 2049/3822/528 2050/3825/528 2007/3823/528
f 2093/3824/528 2094/3827/528 2050/3825/528
f 2136/3826/528 2137/3829/528 2094/3827/528
f 2179/3828/528 2180/3831/528 2137/3829/528
f 2222/3830/528 2223/3833/528 2180/3831/528
f 2265/3832/528 2266/3835/528 2223/3833/528
f 2308/3834/528 2309/3837/528 2266/3835/528
f 2351/3836/528 2352/3839/528 2309/3837/528
f 2394/3838/528 2395/3841/528 2352/3839/528
f 2437/3840/528 2438/3843/528 2395/3841/528
f 2480/3842/528 2481/3845/528 2438/3843/528
f 2523/3844/528 2524/3847/528 2481/3845/528
f 2566/3846/528 2567/3849/528 2524/3847/528
f 2609/3848/528 2610/3851/528 2567/3849/528
f 2652/3850/528 2653/3853/528 2610/3851/528
f 2695/3852/528 2696/3855/528 2653/3853/528
f 2738/3854/528 2739/3857/528 2696/3855/528
f 2781/3856/528 2782/3859/528 2739/3857/528
f 2824/3858/528 2825/3861/528 2782/3859/528
f 2867/3860/528 2868/3863/528 2825/3861/528
f 2910/3862/528 2911/3865/528 2868/3863/528
f 2953/3864/528 2954/3866/528 2911/3865/528
f 1963/3821/528 1964/3820/528 2954/3866/528
f 1973/3867/529 2016/3870/533 2008/3868/530
f 2016/3870/533 2059/3872/532 2051/3871/535
f 2059/3872/532 2103/3874/536 2095/3873/534
f 2103/3874/536 2146/3877/538 2138/3875/537
f 2146/3877/538 2189/3880/540 2181/3878/539
f 2189/3880/540 2232/3882/542 2224/3881/541
f 2232/3882/542 2275/3884/544 2267/3883/543
f 2275/3884/544 2318/3887/546 2310/3885/545
f 2318/3887/546 2361/3889/548 2353/3888/547
f 2361/3889/548 2404/3892/550 2396/3890/549
f 2404/3892/550 2447/3894/552 2439/3893/551
f 2447/3894/552 2490/3896/554 2482/3895/553
f 2490/3896/554 2533/3898/556 2525/3897/555
f 2533/3898/556 2576/3900/558 2568/3899/557
f 2576/3900/558 2619/3902/560 2611/3901/559
f 2619/3902/560 2662/3904/562 2654/3903/561
f 2662/3904/562 2705/3906/564 2697/3905/563
f 2705/3906/564 2748/3908/566 2740/3907/565
f 2748/3908/566 2791/3910/568 2783/3909/567
f 2791/3910/568 2834/3912/570 2826/3911/569
f 2834/3912/570 2877/3914/572 2869/3913/571
f 2877/3914/572 2920/3916/574 2912/3915/573
f 2920/3916/574 2963/3918/576 2955/3917/575
f 2963/3918/576 1973/5596/529 1965/3919/531
f 2948/3920/577 2905/4798/580 2009/3921/578
f 2905/3923/580 2862/3925/582 2052/3924/1429
f 2862/3925/582 2819/3927/584 2096/3926/583
f 2819/3927/584 2776/4794/587 2139/3928/585
f 2776/3929/587 2733/3931/586 2182/3930/589
f 2733/3931/586 2690/3934/590 2225/3932/588
f 2647/3933/592 2268/3936/591 2225/3932/588
f 2647/3933/592 2604/4789/594 2311/3935/593
f 2604/3937/594 2561/3939/596 2354/3938/595
f 2561/3939/596 2518/4786/598 2397/3940/597
f 2518/3941/598 2475/4784/600 2440/3942/599
f 2475/3943/600 2432/4782/602 2483/3944/601
f 2389/3945/604 2526/3949/603 2483/3944/601
f 2389/3947/604 2346/3950/606 2569/3948/605
f 2346/3950/606 2303/4778/609 2612/3951/607
f 2303/3952/609 2260/3954/608 2655/3953/611
f 2260/3954/608 2217/4775/610 2698/3955/613
f 2217/3956/610 2174/4773/615 2741/3957/612
f 2174/3958/615 2131/3960/614 2784/3959/617
f 2131/3960/614 2088/3962/616 2827/3961/619
f 2088/3962/616 2044/3964/620 2870/3963/618
f 2044/3964/620 2001/4768/622 2913/3965/621
f 2001/3966/622 1958/4766/624 2956/3967/623
f 1958/3687/624 2948/3686/577 1966/3968/579
f 1966/3922/579 2009/3921/578 2010/3969/627
f 2009/3921/578 2052/3924/1429 2053/3971/626
f 2052/3924/1429 2096/3926/583 2097/3972/628
f 2139/3928/585 2140/3973/629 2097/3972/628
f 2182/3930/589 2183/3974/630 2140/3973/629
f 2225/3932/588 2226/3976/632 2183/3974/630
f 2225/3932/588 2268/3936/591 2269/3975/631
f 2268/3936/591 2311/3935/593 2312/3977/633
f 2311/3935/593 2354/3938/595 2355/3978/635
f 2354/3938/595 2397/3940/597 2398/3979/634
f 2397/3940/597 2440/3942/599 2441/3980/636
f 2440/3942/599 2483/3944/601 2484/3981/637
f 2526/3949/603 2527/3983/638 2484/3981/637
f 2526/3949/603 2569/3948/605 2570/3982/639
f 2569/3948/605 2612/3951/607 2613/3984/640
f 2612/3951/607 2655/3953/611 2656/3985/642
f 2698/3955/613 2699/3987/641 2656/3985/642
f 2698/3955/613 2741/3957/612 2742/3986/643
f 2741/3957/612 2784/3959/617 2785/3988/644
f 2784/3959/617 2827/3961/619 2828/3989/645
f 2827/3961/619 2870/3963/618 2871/3990/646
f 2870/3963/618 2913/3965/621 2914/3991/648
f 2913/3965/621 2956/3967/623 2957/3992/647
f 2956/3967/623 1966/3968/579 1967/3993/625
f 2010/3969/627 2011/3995/650 1968/3994/649
f 2053/3971/626 2054/3996/1431 2011/3995/650
f 2097/3972/628 2098/3997/651 2054/3996/1431
f 2140/3973/629 2141/3998/653 2098/3997/651
f 2183/3974/630 2184/3999/654 2141/3998/653
f 2226/3976/632 2227/4000/655 2184/3999/654
f 2269/3975/631 2270/4001/656 2227/4000/655
f 2312/3977/633 2313/4002/657 2270/4001/656
f 2355/3978/635 2356/4003/2265 2313/4002/657
f 2398/3979/634 2399/4004/659 2356/4003/2265
f 2441/3980/636 2442/4006/660 2399/4004/659
f 2484/4005/637 2485/4008/661 2442/4006/660
f 2527/4007/638 2528/4010/663 2485/4008/661
f 2570/4009/639 2571/4012/662 2528/4010/663
f 2613/4011/640 2614/4014/2266 2571/4012/662
f 2656/4013/642 2657/4016/664 2614/4014/2266
f 2699/4015/641 2700/4018/666 2657/4016/664
f 2742/4017/643 2743/4020/667 2700/4018/666
f 2785/4019/644 2786/4022/668 2743/4020/667
f 2828/4021/645 2829/4024/669 2786/4022/668
f 2871/4023/646 2872/4026/670 2829/4024/669
f 2914/4025/648 2915/4028/671 2872/4026/670
f 2957/4027/647 2958/4030/672 2915/4028/671
f 1967/4029/625 1968/5597/649 2958/4030/672
f 2011/3995/650 2012/5598/674 1969/4031/673
f 2054/3996/1431 2055/5599/676 2012/4032/674
f 2098/3997/651 2099/5600/675 2055/4033/676
f 2141/3998/653 2142/4035/677 2099/4034/675
f 2184/3999/654 2185/4036/678 2142/4035/677
f 2227/4000/655 2228/5601/679 2185/4036/678
f 2270/4001/656 2271/5602/680 2228/4037/679
f 2313/4002/657 2314/4039/681 2271/4038/680
f 2356/4003/2265 2357/5603/682 2314/4039/681
f 2399/4004/659 2400/4041/683 2357/4040/682
f 2442/4006/660 2443/4043/684 2400/4041/683
f 2485/4042/661 2486/4045/685 2443/4043/684
f 2528/4044/663 2529/4047/686 2486/4045/685
f 2571/4046/662 2572/4049/687 2529/4047/686
f 2614/4048/2266 2615/4051/688 2572/4049/687
f 2657/4050/664 2658/4053/689 2615/4051/688
f 2700/4052/666 2701/4055/690 2658/4053/689
f 2743/4054/667 2744/4057/691 2701/4055/690
f 2786/4056/668 2787/4059/692 2744/4057/691
f 2829/4058/669 2830/4061/693 2787/4059/692
f 2872/4060/670 2873/4063/695 2830/4061/693
f 2915/4062/671 2916/4065/694 2873/4063/695
f 2958/4064/672 2959/4067/696 2916/4065/694
f 2958/4064/672 1968/5604/649 1969/4066/673
f 3214/4068/697 2013/4072/697 1970/4069/698
f 3215/4071/699 2056/4074/699 2013/4072/697
f 3216/4073/700 2100/4076/700 2056/4074/699
f 3217/4075/701 2143/4078/701 2100/4076/700
f 3218/4077/702 2186/4080/702 2143/4078/701
f 3219/4079/703 2229/4082/703 2186/4080/702
f 3219/4079/703 3220/4084/704 2272/4081/704
f 3221/4083/705 2315/4086/705 2272/4081/704
f 3222/4085/706 2358/4088/706 2315/4086/705
f 3223/4087/707 2401/4090/707 2358/4088/706
f 3224/4089/708 2444/4092/708 2401/4090/707
f 3225/4091/709 2487/4094/709 2444/4092/708
f 3226/4093/710 2530/4096/710 2487/4094/709
f 3227/4095/711 2573/4098/711 2530/4096/710
f 3227/4095/711 3228/4100/712 2616/4097/712
f 3229/4099/713 2659/4102/713 2616/4097/712
f 3230/4101/714 2702/4104/714 2659/4102/713
f 3231/4103/715 2745/4106/715 2702/4104/714
f 3232/4105/716 2788/4108/716 2745/4106/715
f 3233/4107/717 2831/4110/717 2788/4108/716
f 3234/4109/718 2874/4112/718 2831/4110/717
f 3235/4111/719 2917/4114/719 2874/4112/718
f 3236/4113/720 2960/4116/720 2917/4114/719
f 3213/4115/698 1970/5605/698 2960/4116/720
f 1970/4117/723 2013/4120/721 2014/4118/1436
f 2013/4120/721 2056/4122/727 2057/4121/724
f 2056/4122/727 2100/4124/726 2101/4123/729
f 2100/4124/726 2143/4126/730 2144/4125/728
f 2143/4126/730 2186/4128/732 2187/4127/731
f 2186/4128/732 2229/4130/734 2230/4129/2267
f 2229/4130/734 2272/4132/736 2273/4131/735
f 2272/4132/736 2315/4134/738 2316/4133/2268
f 2315/4134/738 2358/4136/740 2359/4135/1440
f 2358/4136/740 2401/4138/2269 2402/4137/741
f 2401/4138/2269 2444/4140/744 2445/4139/743
f 2444/4140/744 2487/4142/746 2488/4141/745
f 2487/4142/746 2530/4144/748 2531/4143/747
f 2530/4144/748 2573/4146/751 2574/4145/749
f 2573/4146/751 2616/4148/750 2617/4147/1439
f 2616/4148/750 2659/4150/754 2660/4149/752
f 2659/4150/754 2702/4152/756 2703/4151/755
f 2702/4152/756 2745/4154/758 2746/4153/757
f 2745/4154/758 2788/4156/760 2789/4155/759
f 2788/4156/760 2831/4158/762 2832/4157/2270
f 2831/4158/762 2874/4160/765 2875/4159/763
f 2874/4160/765 2917/4162/2271 2918/4161/1437
f 2917/4162/2271 2960/4164/768 2961/4163/766
f 2960/4164/768 1970/5606/723 1971/4165/722
f 1971/4119/722 2014/4118/1436 2015/4166/1444
f 2014/4118/1436 2057/4121/724 2058/4168/772
f 2057/4121/724 2101/4123/729 2102/4169/771
f 2101/4123/729 2144/4125/728 2145/4170/1443
f 2144/4125/728 2187/4127/731 2188/4171/774
f 2187/4127/731 2230/4129/2267 2231/4172/775
f 2230/4129/2267 2273/4131/735 2274/4173/1442
f 2273/4131/735 2316/4133/2268 2317/4174/776
f 2316/4133/2268 2359/4135/1440 2360/4175/778
f 2359/4135/1440 2402/4137/741 2403/4176/780
f 2402/4137/741 2445/4139/743 2446/4177/779
f 2445/4139/743 2488/4141/745 2489/4178/781
f 2488/4141/745 2531/4143/747 2532/4179/782
f 2531/4143/747 2574/4145/749 2575/4180/783
f 2574/4145/749 2617/4147/1439 2618/4181/784
f 2617/4147/1439 2660/4149/752 2661/4182/786
f 2660/4149/752 2703/4151/755 2704/4183/785
f 2703/4151/755 2746/4153/757 2747/4184/787
f 2746/4153/757 2789/4155/759 2790/4185/788
f 2789/4155/759 2832/4157/2270 2833/4186/789
f 2832/4157/2270 2875/4159/763 2876/4187/790
f 2875/4159/763 2918/4161/1437 2919/4188/2272
f 2918/4161/1437 2961/4163/766 2962/4189/792
f 2961/4163/766 1971/4165/722 1972/4190/770
f 2007/4191/795 2016/3870/533 1973/3867/529
f 2050/4193/794 2059/3872/532 2016/3870/533
f 2094/4194/796 2103/3874/536 2059/3872/532
f 2137/4195/797 2146/3877/538 2103/3874/536
f 2180/4196/798 2189/3880/540 2146/3877/538
f 2223/4197/799 2232/3882/542 2189/3880/540
f 2266/4198/800 2275/3884/544 2232/3882/542
f 2309/4199/801 2318/3887/546 2275/3884/544
f 2352/4200/803 2361/3889/548 2318/3887/546
f 2395/4201/802 2404/3892/550 2361/3889/548
f 2438/4202/2273 2447/4204/552 2404/3892/550
f 2481/4203/806 2490/4206/554 2447/4204/552
f 2524/4205/805 2533/4208/556 2490/4206/554
f 2567/4207/807 2576/4210/558 2533/4208/556
f 2610/4209/808 2619/4212/560 2576/4210/558
f 2653/4211/809 2662/4214/562 2619/4212/560
f 2696/4213/2274 2705/4216/564 2662/4214/562
f 2739/4215/812 2748/4218/566 2705/4216/564
f 2782/4217/811 2791/4220/568 2748/4218/566
f 2825/4219/813 2834/4222/570 2791/4220/568
f 2868/4221/814 2877/4224/572 2834/4222/570
f 2911/4223/815 2920/4226/574 2877/4224/572
f 2954/4225/816 2963/4228/576 2920/4226/574
f 1964/4227/793 1973/5607/529 2963/4228/576
f 1956/4229/2275 1999/4230/2276 2017/3491/2075
f 1999/4230/2276 2042/4231/2277 2060/3494/2078
f 2042/4231/2277 2086/4232/2278 2104/3496/2080
f 2086/4232/2278 2129/4233/2279 2147/3498/2082
f 2129/4233/2279 2172/4234/2280 2190/3500/2084
f 2172/4234/2280 2215/4235/2281 2233/3502/2086
f 2215/4235/2281 2258/4236/2282 2276/3504/2088
f 2258/4236/2282 2301/4237/2283 2319/3506/2090
f 2301/4237/2283 2344/4238/2284 2362/3508/2092
f 2344/4238/2284 2387/4239/2285 2405/3510/2094
f 2387/4239/2285 2430/4240/2286 2448/3512/2096
f 2430/4240/2286 2473/4241/2287 2491/3514/2098
f 2473/4241/2287 2516/4243/2288 2534/4242/2100
f 2516/4243/2288 2559/4245/2289 2577/4244/2105
f 2559/4245/2289 2602/4247/2290 2620/4246/2104
f 2602/4247/2290 2645/4249/2291 2663/4248/2106
f 2645/4249/2291 2688/4251/2292 2706/4250/2108
f 2688/4251/2292 2731/4253/2293 2749/4252/2110
f 2731/4253/2293 2774/4255/2294 2792/4254/2112
f 2774/4255/2294 2817/4257/2295 2835/4256/2114
f 2817/4257/2295 2860/4259/2296 2878/4258/2116
f 2860/4259/2296 2903/4261/2297 2921/4260/2118
f 2903/4261/2297 2946/4263/2298 2964/4262/2120
f 2946/4263/2298 1956/5608/2275 1974/4264/2077
f 2024/4265/2299 2018/4269/2303 1975/4266/2300
f 2067/4268/2302 2061/4271/2305 2018/4269/2303
f 2111/4270/2304 2105/4273/2307 2061/4271/2305
f 2154/4272/2306 2148/4275/2309 2105/4273/2307
f 2197/4274/2308 2191/4277/2311 2148/4275/2309
f 2240/4276/2310 2234/4279/2313 2191/4277/2311
f 2283/4278/2312 2277/4281/2315 2234/4279/2313
f 2326/4280/2314 2320/4283/2317 2277/4281/2315
f 2369/4282/2316 2363/4285/2319 2320/4283/2317
f 2412/4284/2318 2406/4287/2321 2363/4285/2319
f 2455/4286/2320 2449/4289/2323 2406/4287/2321
f 2498/4288/2322 2492/4291/2325 2449/4289/2323
f 2541/4290/2324 2535/4293/2327 2492/4291/2325
f 2584/4292/2326 2578/4295/2329 2535/4293/2327
f 2627/4294/2328 2621/4297/2331 2578/4295/2329
f 2670/4296/2330 2664/4299/2333 2621/4297/2331
f 2713/4298/2332 2707/4301/2335 2664/4299/2333
f 2756/4300/2334 2750/4303/2337 2707/4301/2335
f 2799/4302/2336 2793/4305/2339 2750/4303/2337
f 2842/4304/2338 2836/4307/2341 2793/4305/2339
f 2885/4306/2340 2879/4309/2343 2836/4307/2341
f 2928/4308/2342 2922/5609/2345 2879/4309/2343
f 2971/4310/2344 2965/5610/2346 2922/4311/2345
f 1981/4267/2301 1975/5611/2300 2965/4313/2346
f 1975/4314/2347 2018/4317/2348 2019/4315/2348
f 2018/4317/2348 2061/4319/2349 2062/4318/2349
f 2061/4319/2349 2105/5612/2350 2106/4320/2350
f 2105/4321/2350 2148/4324/2351 2149/4322/2351
f 2148/4324/2351 2191/4326/2352 2192/4325/2352
f 2191/4326/2352 2234/4328/2353 2235/4327/2353
f 2234/4328/2353 2277/4330/2354 2278/4329/2354
f 2277/4330/2354 2320/4332/2355 2321/4331/2355
f 2320/4332/2355 2363/4334/2356 2364/4333/2356
f 2363/4334/2356 2406/4336/2357 2407/4335/2357
f 2406/4336/2357 2449/4338/2358 2450/4337/2358
f 2449/4338/2358 2492/4340/2359 2493/4339/2359
f 2492/4340/2359 2535/4342/2360 2536/4341/2360
f 2535/4342/2360 2578/4344/2362 2579/4343/2361
f 2578/4344/2362 2621/4346/2363 2622/4345/2363
f 2621/4346/2363 2664/4348/2364 2665/4347/2364
f 2664/4348/2364 2707/4350/2365 2708/4349/2365
f 2707/4350/2365 2750/4352/2366 2751/4351/2366
f 2750/4352/2366 2793/4354/2367 2794/4353/2367
f 2793/4354/2367 2836/4356/2368 2837/4355/2368
f 2836/4356/2368 2879/4358/2369 2880/4357/2369
f 2879/4358/2369 2922/4360/2370 2923/4359/2370
f 2922/4360/2370 2965/4362/2371 2966/4361/2371
f 2965/4362/2371 1975/4314/2347 1976/4316/2347
f 2019/4363/2372 2020/4367/2372 1977/4364/2373
f 2062/4366/2374 2063/4369/2374 2020/4367/2372
f 2106/4368/2375 2107/4371/2375 2063/4369/2374
f 2149/4370/2376 2150/4373/2376 2107/4371/2375
f 2192/4372/2377 2193/4375/2377 2150/4373/2376
f 2235/4374/2378 2236/4377/2378 2193/4375/2377
f 2278/4376/2379 2279/4379/2379 2236/4377/2378
f 2321/4378/2380 2322/4381/2380 2279/4379/2379
f 2364/4380/2381 2365/4383/2381 2322/4381/2380
f 2407/4382/2382 2408/4385/2382 2365/4383/2381
f 2450/4384/2383 2451/4387/2383 2408/4385/2382
f 2493/4386/2384 2494/4389/2384 2451/4387/2383
f 2536/4388/2385 2537/4391/2385 2494/4389/2384
f 2536/4388/2385 2579/4393/2386 2580/4390/2386
f 2622/4392/2387 2623/4395/2387 2580/4390/2386
f 2665/4394/2388 2666/4397/2388 2623/4395/2387
f 2708/4396/2389 2709/4399/2389 2666/4397/2388
f 2751/4398/2390 2752/4401/2390 2709/4399/2389
f 2794/4400/2391 2795/4403/2391 2752/4401/2390
f 2837/4402/2392 2838/4405/2392 2795/4403/2391
f 2880/4404/2393 2881/4407/2393 2838/4405/2392
f 2923/4406/2394 2924/4409/2394 2881/4407/2393
f 2966/4408/2395 2967/4411/2395 2924/4409/2394
f 1976/4410/2373 1977/5613/2373 2967/4411/2395
f 2022/4412/2396 2021/3597/2172 1978/3599/2174
f 2065/4414/2398 2064/3600/2175 2021/3597/2172
f 2109/4415/2399 2108/3602/2177 2064/3600/2175
f 2152/4416/2400 2151/3604/2179 2108/3602/2177
f 2195/4417/2401 2194/3606/2181 2151/3604/2179
f 2238/4418/2402 2237/3608/2183 2194/3606/2181
f 2281/4419/2403 2280/3610/2185 2237/3608/2183
f 2324/4420/2404 2323/3612/2187 2280/3610/2185
f 2367/4421/2405 2366/3614/2189 2323/3612/2187
f 2410/4422/2406 2409/3616/2191 2366/3614/2189
f 2453/4423/2407 2452/3618/2193 2409/3616/2191
f 2496/4424/2408 2495/3620/2195 2452/3618/2193
f 2539/4425/2409 2538/3622/2197 2495/3620/2195
f 2582/4426/2410 2581/3624/2199 2538/3622/2197
f 2625/4427/2411 2624/3626/2201 2581/3624/2199
f 2668/4428/2412 2667/3628/2203 2624/3626/2201
f 2711/4429/2413 2710/3630/2205 2667/3628/2203
f 2754/4430/2414 2753/3632/2207 2710/3630/2205
f 2797/4431/2415 2796/3634/2209 2753/3632/2207
f 2840/4432/2416 2839/3636/2211 2796/3634/2209
f 2883/4433/2417 2882/3638/2213 2839/3636/2211
f 2926/4434/2418 2925/3640/2215 2882/3638/2213
f 2969/4435/2419 2968/3642/2217 2925/3640/2215
f 1979/4436/2397 1978/3644/2174 2968/3642/2217
f 2020/4437/2420 2022/4441/2420 1979/4438/2421
f 2063/4440/2422 2065/4443/2422 2022/4441/2420
f 2107/4442/2423 2109/4445/2423 2065/4443/2422
f 2150/4444/2424 2152/4447/2424 2109/4445/2423
f 2193/4446/2425 2195/4449/2425 2152/4447/2424
f 2236/4448/2426 2238/4451/2426 2195/4449/2425
f 2279/4450/2427 2281/4453/2427 2238/4451/2426
f 2322/4452/2428 2324/4455/2428 2281/4453/2427
f 2365/4454/2429 2367/4457/2429 2324/4455/2428
f 2408/4456/2430 2410/4459/2430 2367/4457/2429
f 2451/4458/2431 2453/4461/2431 2410/4459/2430
f 2494/4460/2432 2496/4463/2432 2453/4461/2431
f 2537/4462/2433 2539/4465/2433 2496/4463/2432
f 2580/4464/2434 2582/4467/2436 2539/4465/2433
f 2623/4466/2435 2625/4469/2435 2582/4467/2436
f 2666/4468/2437 2668/4471/2437 2625/4469/2435
f 2709/4470/2438 2711/4473/2438 2668/4471/2437
f 2752/4472/2439 2754/4475/2439 2711/4473/2438
f 2795/4474/2440 2797/4477/2440 2754/4475/2439
f 2838/4476/2441 2840/4479/2441 2797/4477/2440
f 2881/4478/2442 2883/4481/2442 2840/4479/2441
f 2924/4480/2443 2926/4483/2443 2883/4481/2442
f 2967/4482/2444 2969/4484/2444 2926/4483/2443
f 1977/4439/2421 1979/4438/2421 2969/4484/2444
f 2000/4485/2445 3120/4489/2449 3117/4486/2446
f 2043/4488/2448 3122/4491/2451 3120/4489/2449
f 2087/4490/2450 3124/4493/2453 3122/4491/2451
f 2087/4490/2450 2130/4495/2455 3126/4492/2452
f 2173/4494/2454 3128/4497/2457 3126/4492/2452
f 2216/4496/2456 3130/4499/2459 3128/4497/2457
f 2216/4496/2456 2259/4501/2461 3132/4498/2458
f 2302/4500/2460 3134/4503/2463 3132/4498/2458
f 2302/4500/2460 2345/4505/2465 3136/4502/2462
f 2388/4504/2464 3138/4507/2467 3136/4502/2462
f 2388/4504/2464 2431/4509/2469 3140/4506/2466
f 2474/4508/2468 3142/4511/2471 3140/4506/2466
f 2517/4510/2470 3144/4513/2473 3142/4511/2471
f 2517/4510/2470 2560/4515/2475 3146/4512/2472
f 2603/4514/2474 3148/4517/2477 3146/4512/2472
f 2646/4516/2476 3150/4519/2479 3148/4517/2477
f 2689/4518/2478 3152/4521/2481 3150/4519/2479
f 2732/4520/2480 3154/4523/2483 3152/4521/2481
f 2775/4522/2482 3156/4525/2485 3154/4523/2483
f 2818/4524/2484 3158/4527/2487 3156/4525/2485
f 2861/4526/2486 3160/4529/2489 3158/4527/2487
f 2904/4528/2488 3162/4531/2491 3160/4529/2489
f 2947/4530/2490 3164/4693/2567 3162/4531/2491
f 3119/4532/2492 3121/3543/2126 2066/3545/2128
f 1980/4534/2493 2023/4535/2494 2024/4265/2299
f 2023/4535/2494 2066/4536/2495 2067/4268/2302
f 2066/4536/2495 2110/5614/2496 2111/4270/2304
f 2110/4537/2496 2153/5615/2497 2154/4272/2306
f 2153/4538/2497 2196/4539/2498 2197/4274/2308
f 2196/4539/2498 2239/5616/2499 2240/4276/2310
f 2239/4540/2499 2282/5617/2500 2283/4278/2312
f 2282/4541/2500 2325/5618/2501 2326/4280/2314
f 2325/4542/2501 2368/5619/2502 2369/4282/2316
f 2368/4543/2502 2411/4544/2503 2412/4284/2318
f 2411/4544/2503 2454/5620/2504 2455/4286/2320
f 2454/4545/2504 2497/5621/2505 2498/4288/2322
f 2497/4546/2505 2540/5622/2506 2541/4290/2324
f 2540/4547/2506 2583/5623/2507 2584/4292/2326
f 2583/4548/2507 2626/5624/2508 2627/4294/2328
f 2626/4549/2508 2669/4550/2509 2670/4296/2330
f 2669/4550/2509 2712/5625/2510 2713/4298/2332
f 2712/4551/2510 2755/5626/2511 2756/4300/2334
f 2755/4552/2511 2798/4553/2512 2799/4302/2336
f 2798/4553/2512 2841/4554/2513 2842/4304/2338
f 2841/4554/2513 2884/5627/2514 2885/4306/2340
f 2884/4555/2514 2927/4557/2515 2928/4312/2342
f 2927/4557/2515 2970/4558/2516 2971/4310/2344
f 2970/4558/2516 1980/4534/2493 1981/4267/2301
f 2977/4584/1600 2978/5628/2518 2975/4585/2517
f 2978/4587/2518 2976/2886/1594 2974/2888/1595
f 2981/4589/2519 2978/5628/2518 2977/4584/1600
f 2979/2846/1554 2976/2886/1594 2978/4587/2518
f 2984/4592/2520 2981/4589/2519 2980/4590/1602
f 2984/4594/2520 2982/2844/1552 2979/2846/1554
f 2986/4595/1603 2987/4598/2521 2984/4592/2520
f 2985/2847/1555 2982/2844/1552 2984/4594/2520
f 2989/4597/1608 2990/4601/2522 2987/4598/2521
f 2988/2849/1557 2985/2847/1555 2987/4596/2521
f 2992/4600/1610 2993/5629/2523 2990/4601/2522
f 2993/4602/2523 2991/2851/1559 2988/2849/1557
f 2996/4603/2524 2993/5629/2523 2992/4600/1610
f 2996/4605/2524 2994/2853/1561 2991/2851/1559
f 2999/4606/2525 2996/4603/2524 2995/4604/1612
f 2997/2855/1563 2994/2853/1561 2996/4605/2524
f 3001/2909/1616 3002/4608/2526 2999/4606/2525
f 3000/2857/1565 2997/2855/1563 2999/4606/2525
f 3005/4609/2527 3002/4608/2526 3001/2909/1616
f 3005/4610/2527 3003/2859/1567 3000/2857/1565
f 3008/4611/2528 3005/4609/2527 3004/2908/1615
f 3008/4611/2528 3006/2861/1569 3003/2859/1567
f 3011/4612/2529 3008/4611/2528 3007/2913/1620
f 3009/2863/1571 3006/2861/1569 3008/4611/2528
f 3013/2917/1624 3014/4613/2530 3011/4612/2529
f 3014/4613/2530 3012/2865/1573 3009/2863/1571
f 3017/4614/2531 3014/4613/2530 3013/2917/1624
f 3015/2867/1575 3012/2865/1573 3014/4613/2530
f 3019/2921/1628 3020/4617/2532 3017/4614/2531
f 3018/4616/1577 3015/2867/1575 3017/4615/2531
f 3022/2920/1627 3023/4619/2533 3020/4617/2532
f 3021/4618/1582 3018/4616/1577 3020/4617/2532
f 3025/2925/1632 3026/5630/2534 3023/4619/2533
f 3026/4620/2534 3024/5631/1581 3021/4618/1582
f 3029/4621/2535 3026/5630/2534 3025/2925/1632
f 3027/4623/1583 3024/5631/1581 3026/4620/2534
f 3031/4625/1636 3032/5632/2536 3029/4621/2535
f 3032/4626/2536 3030/5633/1585 3027/4623/1583
f 3035/4627/2537 3032/5632/2536 3031/4625/1636
f 3033/4629/1587 3030/5633/1585 3032/4626/2536
f 3037/4631/1640 3038/5634/2538 3035/4627/2537
f 3038/4632/2538 3036/5635/1589 3033/4629/1587
f 3041/4633/2539 3038/5634/2538 3037/4631/1640
f 3039/4635/1591 3036/5635/1589 3038/4632/2538
f 3043/4637/2540 3044/5636/2541 3041/4633/2539
f 3044/4638/2541 3042/5637/1549 3039/4635/1591
f 2975/4639/2517 3044/5636/2541 3043/4637/2540
f 2974/4641/1595 3042/5637/1549 3044/4638/2541
f 2930/2934/1641 1940/5638/1598 2973/4643/1597
f 3050/4645/2542 3047/4646/2543 3045/3269/1859
f 3048/3266/1857 3046/3268/1812 3047/4646/2543
f 3053/4647/2544 3050/4645/2542 3049/3270/1860
f 3051/3224/1815 3048/3266/1857 3050/4645/2542
f 3055/3271/1861 3056/4648/2545 3053/4647/2544
f 3054/3227/1818 3051/3224/1815 3053/4647/2544
f 3059/4649/2546 3056/4648/2545 3055/3271/1861
f 3059/4649/2546 3057/3230/1821 3054/3227/1818
f 3062/4650/2547 3059/4649/2546 3058/3273/1863
f 3060/3229/1820 3057/3230/1821 3059/4649/2546
f 3065/4651/2548 3062/4650/2547 3061/3274/1864
f 3063/3231/1822 3060/3229/1820 3062/4650/2547
f 3068/4652/2549 3065/4651/2548 3064/3275/1865
f 3066/3236/1827 3063/3231/1822 3065/4651/2548
f 3071/4653/2550 3068/4652/2549 3067/3277/1867
f 3069/3235/1826 3066/3236/1827 3068/4652/2549
f 3074/4654/2551 3071/4653/2550 3070/3276/1866
f 3074/4654/2551 3072/3237/1828 3069/3235/1826
f 3077/4655/2552 3074/4654/2551 3073/3278/1868
f 3075/3239/1830 3072/3237/1828 3074/4654/2551
f 3080/4656/2553 3077/4655/2552 3076/3279/1869
f 3078/3241/1832 3075/3239/1830 3077/4655/2552
f 3083/4657/2554 3080/4656/2553 3079/3280/1870
f 3081/3243/1834 3078/3241/1832 3080/4656/2553
f 3085/3282/1872 3086/4658/2555 3083/4657/2554
f 3084/3245/1836 3081/3243/1834 3083/4657/2554
f 3089/4659/2556 3086/4658/2555 3085/3282/1872
f 3087/3250/1841 3084/3245/1836 3086/4658/2555
f 3092/4660/2557 3089/4659/2556 3088/3283/1873
f 3090/3249/1840 3087/3250/1841 3089/4659/2556
f 3095/4661/2558 3092/4660/2557 3091/3284/1874
f 3093/3254/1845 3090/3249/1840 3092/4660/2557
f 3098/4662/2559 3095/4661/2558 3094/3285/1875
f 3096/3253/1844 3093/3254/1845 3095/4661/2558
f 3101/4663/2560 3098/4662/2559 3097/3286/1876
f 3101/4663/2560 3099/3255/1846 3096/3253/1844
f 3104/4664/2561 3101/4663/2560 3100/3287/1877
f 3102/3257/1848 3099/3255/1846 3101/4663/2560
f 3107/4665/2562 3104/4664/2561 3103/3289/1879
f 3105/3259/1850 3102/3257/1848 3104/4664/2561
f 3110/4666/2563 3107/4665/2562 3106/3288/1878
f 3108/3261/1852 3105/3259/1850 3107/4665/2562
f 3113/4667/2564 3110/4666/2563 3109/3290/1880
f 3111/3265/1856 3108/3261/1852 3110/4666/2563
f 3116/4668/2565 3113/4667/2564 3112/3291/1881
f 3114/3223/1814 3111/3265/1856 3113/4667/2564
f 3047/4670/2543 3116/4668/2565 3115/4669/2566
f 3046/3221/1812 3114/3223/1814 3116/4668/2565
f 1948/4672/1788 3045/4671/1859 3115/4669/2566
f 3119/4532/2492 3118/3594/2170 3117/4486/2446
f 3121/3543/2126 3119/4532/2492 3120/4489/2449
f 3123/3546/2129 3121/3543/2126 3122/4491/2451
f 3125/3548/2131 3123/3546/2129 3124/4493/2453
f 3127/3551/2133 3125/3548/2131 3126/4492/2452
f 3129/3554/2136 3127/3551/2133 3128/4497/2457
f 3131/3553/2135 3129/3554/2136 3130/4499/2459
f 3133/3558/2139 3131/3555/2135 3132/4498/2458
f 3135/3560/2141 3133/3558/2139 3134/4503/2463
f 3137/3563/2143 3135/3560/2141 3136/4502/2462
f 3139/3565/2145 3137/3563/2143 3138/4507/2467
f 3141/4673/2148 3139/3565/2145 3140/4506/2466
f 3143/3568/2147 3141/3570/2148 3142/4511/2471
f 3145/3574/2151 3143/3571/2147 3144/4513/2473
f 3147/3577/2154 3145/3574/2151 3146/4512/2472
f 3149/4675/2153 3147/3577/2154 3148/4674/2477
f 3151/4677/2155 3149/4675/2153 3150/4676/2479
f 3153/4679/2159 3151/4677/2155 3152/4678/2481
f 3156/4681/2485 3155/5639/2161 3153/4679/2159
f 3157/4682/2163 3155/5639/2161 3156/4681/2485
f 3159/4684/2165 3157/4682/2163 3158/4683/2487
f 3161/4686/2167 3159/4684/2165 3160/4685/2489
f 3163/4688/2123 3161/4686/2167 3162/4687/2491
f 3118/4690/2170 3163/4688/2123 3164/4689/2567
f 2947/4530/2490 1957/5640/2447 3117/4692/2446
f 3165/3593/2169 2951/3592/2169 2908/4694/2568
f 3168/4695/2568 2908/4694/2568 2865/4696/2264
f 3169/4697/2264 2865/4696/2264 2822/4698/2263
f 3171/4699/2263 2822/4698/2263 2779/4700/2262
f 3174/4701/2262 2779/4700/2262 2736/4702/2261
f 3175/4703/2261 2736/4702/2261 2693/4704/2260
f 3177/4705/2260 2693/4704/2260 2650/4706/2259
f 3180/4707/2259 2650/4706/2259 2607/4708/2258
f 3181/4709/2258 2607/4708/2258 2564/4710/2257
f 3183/4711/2257 2564/4710/2257 2521/4712/2256
f 3186/4713/2256 2521/4712/2256 2478/4714/2255
f 3187/4715/2255 2478/4714/2255 2435/4716/2254
f 3189/4718/2254 2435/5641/2254 2392/4719/2253
f 3192/4720/2253 2392/4719/2253 2349/4721/2252
f 3193/4722/2252 2349/4721/2252 2306/4723/2251
f 3195/4724/2251 2306/4723/2251 2263/4725/2250
f 3198/4727/2250 2263/5642/2250 2220/4728/2249
f 3199/4729/2249 2220/4728/2249 2177/4730/2248
f 3201/4732/2248 2177/5643/2248 2134/4733/2247
f 3204/4734/2247 2134/4733/2247 2091/4735/2246
f 3205/4736/2246 2091/4735/2246 2047/4737/2245
f 3207/4738/2245 2047/4737/2245 2004/4739/2244
f 3210/4741/2244 2004/5644/2244 1961/4742/2168
f 3209/3689/2244 3208/3690/2245 3207/4738/2245
f 3204/4734/2247 3203/3692/2247 3202/4744/2248
f 3198/4726/2250 3197/3695/2250 3196/3696/2251
f 3192/4720/2253 3191/3698/2253 3190/4745/2254
f 3186/4713/2256 3185/3702/2256 3184/4746/2257
f 3180/4747/2259 3179/3708/2259 3178/4748/2260
f 3174/4750/2262 3173/5645/2262 3172/4751/2263
f 3168/4753/2568 3167/4763/2568 3166/4754/2169
f 3207/4738/2245 3208/3690/2245 3206/3691/2246
f 3201/4731/2248 3202/3693/2248 3200/3694/2249
f 3196/3696/2251 3194/3697/2252 3193/4722/2252
f 3190/3699/2254 3188/3700/2255 3187/4715/2255
f 3183/4711/2257 3184/4746/2257 3182/4756/2258
f 3178/4748/2260 3176/4762/2261 3175/4757/2261
f 3172/4751/2263 3170/5646/2264 3169/4758/2264
f 3165/4755/2169 3166/4754/2169 3212/4759/2168
f 3212/3688/2168 3209/5593/2244 3210/4741/2244
f 3206/3691/2246 3203/3692/2247 3204/4734/2247
f 3199/4729/2249 3200/3694/2249 3197/4761/2250
f 3193/4722/2252 3194/3697/2252 3191/3698/2253
f 3187/4715/2255 3188/3700/2255 3185/3702/2256
f 3181/4709/2258 3182/4756/2258 3179/3708/2259
f 3176/4762/2261 3173/5645/2262 3174/4750/2262
f 3169/4758/2264 3170/5646/2264 3167/4763/2568
f 2950/3719/2243 3166/3718/2169 3167/4764/2568
f 2912/4765/622 2955/5647/624 1958/4766/624
f 2869/4767/620 2912/5648/622 2001/4768/622
f 2826/4769/616 2869/4767/620 2044/3964/620
f 2783/4770/614 2826/4769/616 2088/3962/616
f 2740/4771/615 2783/4770/614 2131/3960/614
f 2697/4772/610 2740/5649/615 2174/4773/615
f 2654/4774/608 2697/5650/610 2217/4775/610
f 2611/4776/609 2654/4774/608 2260/3954/608
f 2568/4777/606 2611/5651/609 2303/4778/609
f 2525/4779/604 2568/4777/606 2346/3950/606
f 2482/4780/602 2525/5652/604 2389/3945/604
f 2439/4781/600 2482/5653/602 2432/4782/602
f 2396/4783/598 2439/5654/600 2475/4784/600
f 2353/4785/596 2396/5655/598 2518/4786/598
f 2310/4787/594 2353/4785/596 2561/3939/596
f 2267/4788/592 2310/5656/594 2604/4789/594
f 2224/4790/590 2267/5657/592 2647/3933/592
f 2181/4791/586 2224/4790/590 2690/3934/590
f 2138/4792/587 2181/5658/586 2733/3931/586
f 2095/4793/584 2138/5659/587 2776/4794/587
f 2051/4795/582 2095/4793/584 2819/3927/584
f 2051/4795/582 2862/3925/582 2905/3923/580
f 1965/4797/577 2008/5660/580 2905/4798/580
f 1969/4799/698 3213/5661/698 3236/4800/720
f 2959/4801/720 3236/4800/720 3235/4802/719
f 2916/4803/719 3235/4802/719 3234/4804/718
f 2873/4805/718 3234/4804/718 3233/4806/717
f 2830/4807/717 3233/4806/717 3232/4808/716
f 2787/4809/716 3232/4808/716 3231/4810/715
f 2744/4811/715 3231/4810/715 3230/4812/714
f 2701/4813/714 3230/4812/714 3229/4814/713
f 2658/4815/713 3229/4814/713 3228/4816/712
f 2615/4817/712 3228/4816/712 3227/4818/711
f 2572/4819/711 3227/4818/711 3226/4093/710
f 2529/4820/710 3226/4093/710 3225/4091/709
f 2486/4821/709 3225/4091/709 3224/4089/708
f 2443/4822/708 3224/4089/708 3223/4087/707
f 2400/4823/707 3223/4087/707 3222/4085/706
f 2357/4824/706 3222/4085/706 3221/4083/705
f 2314/4825/705 3221/4083/705 3220/4084/704
f 2271/4826/704 3220/4084/704 3219/4079/703
f 2228/4827/703 3219/4079/703 3218/4077/702
f 2185/4828/702 3218/4077/702 3217/4075/701
f 2142/4829/701 3217/4075/701 3216/4073/700
f 2099/4830/700 3216/4073/700 3215/4071/699
f 2055/4831/699 3215/4071/699 3214/4068/697
f 2012/4832/697 3214/4068/697 3213/4070/698
f 3253/4834/528 3252/4840/528 2618/4835/528
f 2188/4837/528 3242/5662/528 3241/4838/528
f 3252/4840/528 3251/4842/528 2575/4841/528
f 3251/4842/528 3250/4844/528 2532/4843/528
f 3250/4844/528 3249/4847/528 2489/4845/528
f 3241/4838/528 3240/5663/528 2102/4846/528
f 3249/4847/528 3248/4849/528 2446/4848/528
f 3248/4849/528 3247/4851/528 2403/4850/528
f 3247/4851/528 3246/4853/528 2360/4852/528
f 3246/4853/528 3245/5664/528 2317/4854/528
f 2102/4846/528 3240/5663/528 3239/4855/528
f 3237/4857/528 3260/4864/528 2962/4858/528
f 2317/4854/528 3245/5664/528 3244/4860/528
f 2058/4856/528 3239/4855/528 3238/4862/528
f 3260/4864/528 3259/4868/528 2919/4865/528
f 2274/4861/528 3244/4860/528 3243/4866/528
f 3259/4868/528 3258/4870/528 2876/4869/528
f 3258/4870/528 3257/5665/528 2833/4871/528
f 2015/4863/528 3238/4862/528 3237/4872/528
f 2833/4871/528 3257/5665/528 3256/4874/528
f 3243/4866/528 3242/5662/528 2188/4837/528
f 3256/4874/528 3255/4877/528 2747/4876/528
f 3255/4877/528 3254/5666/528 2704/4878/528
f 2704/4878/528 3254/5666/528 3253/4834/528
f 3269/4879/911 3268/4925/914 3244/4880/914
f 3284/4882/910 3283/4926/913 3259/4883/913
f 3262/4885/908 3261/5667/909 3237/4886/909
f 3277/4888/907 3276/4927/912 3252/4889/912
f 3270/4891/905 3269/4879/911 3245/4881/911
f 3261/4893/909 3284/4882/910 3260/4884/910
f 3263/4895/903 3262/4885/908 3238/4887/908
f 3278/4897/906 3277/4888/907 3253/4890/907
f 3271/4899/904 3270/4891/905 3246/4892/905
f 3264/4901/902 3263/4895/903 3239/4896/903
f 3279/4903/925 3278/4897/906 3254/4898/906
f 3272/4905/924 3271/4899/904 3247/4900/904
f 3265/4907/923 3264/4901/902 3240/4902/902
f 3280/4909/922 3279/4903/925 3255/4904/925
f 3273/4911/921 3272/4905/924 3248/4906/924
f 3266/4913/920 3265/4907/923 3241/4908/923
f 3281/4915/919 3280/4909/922 3256/4910/922
f 3274/4917/918 3273/4911/921 3249/4912/921
f 3267/4919/917 3266/4913/920 3242/4914/920
f 3282/4921/916 3281/4915/919 3257/4916/919
f 3275/4923/915 3274/4917/918 3250/4918/918
f 3268/4925/914 3267/4919/917 3243/4920/917
f 3283/4926/913 3282/4921/916 3258/4922/916
f 3276/4927/912 3275/4923/915 3251/4924/915
usemtl brass_candleholders_candles
f 3310/4953/2569 3301/4954/2570 3300/4955/2571
f 3322/4956/2572 3308/4957/2573 3307/4958/2574
f 3334/4959/2575 3305/4960/2576 3304/4961/2577
f 3321/4962/2578 3302/4963/2579 3301/4964/2570
f 3333/4965/2580 3309/4966/2581 3308/4957/2573
f 3358/4967/2582 3299/4968/2583 3298/4969/2584
f 3345/4970/2585 3306/4971/2586 3305/4960/2576
f 3381/4972/2587 3302/4963/2579 3351/4973/2588
f 3357/4974/2589 3298/4969/2584 3309/4966/2581
f 3369/4975/2590 3300/4955/2571 3299/4968/2583
f 3375/4976/2591 3307/4958/2574 3306/4971/2586
f 3334/4959/2575 3303/4977/2592 3381/4972/2587
f 3292/4978/2593 3376/4979/2594 3291/4980/2595
f 3376/4979/2594 3338/4981/2596 3377/4982/2597
f 3377/4982/2597 3337/4983/2598 3378/4984/2599
f 3378/4984/2599 3336/4985/2600 3379/4986/2601
f 3336/4985/2600 3380/4987/2602 3379/4986/2601
f 3380/4987/2602 3334/4988/2603 3381/4989/2604
f 3294/4990/2605 3327/4991/2606 3370/4992/2607
f 3327/4991/2606 3371/4993/2608 3370/4992/2607
f 3326/4994/2609 3372/4995/2610 3371/4993/2608
f 3325/4996/2611 3373/4997/2612 3372/4995/2610
f 3324/4998/2613 3374/4999/2614 3373/4997/2612
f 3323/5000/2615 3375/5001/2616 3374/4999/2614
f 3288/5002/2617 3364/5003/2618 3287/5004/2619
f 3364/5003/2618 3314/5005/2620 3365/5006/2621
f 3365/5006/2621 3313/5007/2622 3366/5008/2623
f 3366/5008/2623 3312/5009/2624 3367/5010/2625
f 3312/5009/2624 3368/5011/2626 3367/5010/2625
f 3311/5012/2627 3369/5013/2628 3368/5011/2626
f 3297/5014/2629 3363/5015/2630 3352/5016/2631
f 3363/5015/2630 3353/5017/2632 3352/5016/2631
f 3362/5018/2633 3354/5019/2634 3353/5017/2632
f 3361/5020/2635 3355/5021/2636 3354/5019/2634
f 3355/5021/2636 3359/5022/2637 3356/5023/2638
f 3356/5023/2638 3358/5024/2639 3357/5025/2640
f 3291/4980/2595 3346/5026/2641 3290/5027/2642
f 3346/5026/2641 3377/4982/2597 3347/5028/2643
f 3347/5028/2643 3378/4984/2599 3348/5029/2644
f 3348/5029/2644 3379/4986/2601 3349/5030/2645
f 3379/4986/2601 3350/5031/2646 3349/5030/2645
f 3350/5031/2646 3381/4989/2604 3351/5032/2647
f 3293/5033/2648 3370/4992/2607 3340/5034/2649
f 3370/4992/2607 3341/5035/2650 3340/5034/2649
f 3371/4993/2608 3342/5036/2651 3341/5035/2650
f 3372/4995/2610 3343/5037/2652 3342/5036/2651
f 3373/4997/2612 3344/5038/2653 3343/5037/2652
f 3374/4999/2614 3345/5039/2654 3344/5038/2653
f 3287/5004/2619 3363/5015/2630 3286/5040/2655
f 3363/5015/2630 3365/5006/2621 3362/5018/2633
f 3362/5018/2633 3366/5008/2623 3361/5020/2635
f 3361/5020/2635 3367/5010/2625 3360/5041/2656
f 3360/5041/2656 3368/5011/2626 3359/5022/2637
f 3368/5011/2626 3358/5024/2639 3359/5022/2637
f 3296/5042/2657 3352/5016/2631 3328/5043/2658
f 3352/5016/2631 3329/5044/2659 3328/5043/2658
f 3353/5017/2632 3330/5045/2660 3329/5044/2659
f 3354/5019/2634 3331/5046/2661 3330/5045/2660
f 3355/5021/2636 3332/5047/2662 3331/5046/2661
f 3332/5047/2662 3357/5025/2640 3333/5048/2663
f 3290/5027/2642 3316/5049/2664 3289/5050/2665
f 3316/5049/2664 3347/5028/2643 3317/5051/2666
f 3317/5051/2666 3348/5029/2644 3318/5052/2667
f 3318/5052/2667 3349/5030/2645 3319/5053/2668
f 3319/5053/2668 3350/5031/2646 3320/5054/2669
f 3350/5031/2646 3321/5055/2670 3320/5054/2669
f 3292/4978/2593 3340/5034/2649 3339/5056/2671
f 3340/5034/2649 3338/4981/2596 3339/5056/2671
f 3341/5035/2650 3337/4983/2598 3338/4981/2596
f 3342/5036/2651 3336/4985/2600 3337/4983/2598
f 3343/5037/2652 3335/5057/2672 3336/4985/2600
f 3335/5057/2672 3345/5039/2654 3334/4988/2603
f 3295/5058/2673 3328/5043/2658 3327/4991/2606
f 3328/5043/2658 3326/4994/2609 3327/4991/2606
f 3329/5044/2659 3325/4996/2611 3326/4994/2609
f 3330/5045/2660 3324/4998/2613 3325/4996/2611
f 3331/5046/2661 3323/5000/2615 3324/4998/2613
f 3332/5047/2662 3322/5059/2674 3323/5000/2615
f 3289/5060/2665 3315/5061/2675 3288/5002/2617
f 3315/5061/2675 3317/5062/2666 3314/5005/2620
f 3314/5005/2620 3318/5063/2667 3313/5007/2622
f 3313/5007/2622 3319/5064/2668 3312/5009/2624
f 3312/5009/2624 3320/5065/2669 3311/5012/2627
f 3320/5065/2669 3310/5066/2676 3311/5012/2627
f 3309/4966/2581 3392/5067/2677 3308/4957/2573
f 3306/4971/2586 3389/5068/2678 3305/4960/2576
f 3387/5069/2679 3302/4963/2579 3303/4977/2592
f 3382/5070/2680 3309/4966/2581 3298/4969/2584
f 3300/4955/2571 3383/5071/2681 3299/4968/2583
f 3391/5072/2682 3306/4971/2586 3307/4958/2574
f 3388/5073/2683 3303/4977/2592 3304/4961/2577
f 3301/4954/2570 3384/5074/2684 3300/4955/2571
f 3308/4957/2573 3391/5072/2682 3307/4958/2574
f 3305/4960/2576 3388/5073/2683 3304/4961/2577
f 3386/5075/2685 3301/4964/2570 3302/4963/2579
f 3393/5076/2686 3394/5077/2687 3405/5078/2688
f 3386/5079/2689 3399/5080/2690 3398/5081/2691
f 3390/5082/2692 3401/5083/2693 3389/5084/2694
f 3383/5085/2695 3394/5077/2687 3382/5086/2696
f 3392/5087/2697 3405/5078/2688 3404/5088/2698
f 3386/5079/2689 3397/5089/2699 3385/5090/2700
f 3388/5091/2701 3401/5083/2693 3400/5092/2702
f 3391/5093/2703 3404/5088/2698 3403/5094/2704
f 3385/5095/2700 3396/5096/2705 3384/5097/2706
f 3387/5098/2707 3400/5092/2702 3399/5080/2690
f 3391/5093/2703 3402/5099/2708 3390/5082/2692
f 3384/5097/2706 3395/5100/2709 3383/5085/2695
f 3395/5100/2709 3408/5101/2710 3407/5102/2711
f 3405/5078/2688 3406/5103/2712 3417/5104/2713
f 3399/5080/2690 3410/5105/2714 3398/5081/2691
f 3402/5099/2708 3413/5106/2715 3401/5083/2693
f 3394/5077/2687 3407/5102/2711 3406/5103/2712
f 3404/5088/2698 3417/5104/2713 3416/5107/2716
f 3398/5081/2691 3409/5108/2717 3397/5089/2699
f 3401/5083/2693 3412/5109/2718 3400/5092/2702
f 3403/5094/2704 3416/5107/2716 3415/5110/2719
f 3396/5096/2705 3409/5111/2717 3408/5101/2710
f 3400/5092/2702 3411/5112/2720 3399/5080/2690
f 3403/5094/2704 3414/5113/2721 3402/5099/2708
f 3414/5113/2721 3415/5110/2719 3418/5114/2722
f 3407/5102/2711 3408/5101/2710 3418/5114/2722
f 3417/5104/2713 3406/5103/2712 3418/5114/2722
f 3410/5105/2714 3411/5112/2720 3418/5114/2722
f 3413/5106/2715 3414/5113/2721 3418/5114/2722
f 3406/5103/2712 3407/5102/2711 3418/5114/2722
f 3416/5107/2716 3417/5104/2713 3418/5114/2722
f 3409/5108/2717 3410/5105/2714 3418/5114/2722
f 3412/5109/2718 3413/5106/2715 3418/5114/2722
f 3415/5110/2719 3416/5107/2716 3418/5114/2722
f 3408/5101/2710 3409/5111/2717 3418/5114/2722
f 3411/5112/2720 3412/5109/2718 3418/5114/2722
f 3291/5115/2723 3290/5116/2724 3419/5117/2725
f 3286/5118/2726 3297/5119/2727 3419/5117/2725
f 3288/5120/2728 3287/5121/2729 3419/5117/2725
f 3295/5122/2730 3294/5123/2731 3419/5117/2725
f 3292/5124/2732 3291/5115/2723 3419/5117/2725
f 3289/5125/2733 3288/5120/2728 3419/5117/2725
f 3296/5126/2734 3295/5122/2730 3419/5117/2725
f 3293/5127/2735 3292/5124/2732 3419/5117/2725
f 3290/5116/2724 3289/5125/2733 3419/5117/2725
f 3297/5119/2727 3296/5126/2734 3419/5117/2725
f 3287/5121/2729 3286/5118/2726 3419/5117/2725
f 3294/5123/2731 3293/5127/2735 3419/5117/2725
f 3383/5071/2681 3298/4969/2584 3299/4968/2583
f 3444/5128/2736 3435/5129/2737 3434/5130/2738
f 3467/5131/2739 3441/5132/2740 3456/5133/2741
f 3468/5134/2742 3439/5135/2743 3438/5136/2744
f 3455/5137/2578 3436/5138/2579 3435/5139/2737
f 3467/5131/2739 3443/5140/2745 3442/5141/2746
f 3503/5142/2747 3432/5143/2748 3492/5144/2749
f 3479/5145/2750 3440/5146/2751 3439/5135/2743
f 3515/5147/2587 3436/5138/2579 3485/5148/2588
f 3491/5149/2752 3432/5143/2748 3443/5140/2745
f 3444/5128/2736 3433/5150/2753 3503/5142/2747
f 3456/5133/2741 3440/5146/2751 3509/5151/2754
f 3468/5134/2742 3437/5152/2755 3515/5147/2587
f 3426/5153/2593 3510/5154/2594 3425/5155/2595
f 3510/5154/2594 3472/5156/2596 3511/5157/2597
f 3511/5157/2597 3471/5158/2598 3512/5159/2599
f 3512/5159/2599 3470/5160/2600 3513/5161/2601
f 3470/5160/2600 3514/5162/2602 3513/5161/2601
f 3514/5162/2602 3468/5163/2756 3515/5164/2604
f 3428/5165/2605 3461/5166/2606 3504/5167/2607
f 3461/5166/2606 3505/5168/2608 3504/5167/2607
f 3460/5169/2609 3506/5170/2610 3505/5168/2608
f 3459/5171/2611 3507/5172/2612 3506/5170/2610
f 3458/5173/2613 3508/5174/2757 3507/5172/2612
f 3508/5174/2757 3456/5175/2758 3509/5176/2759
f 3422/5177/2617 3498/5178/2618 3421/5179/2619
f 3498/5178/2618 3448/5180/2620 3499/5181/2621
f 3499/5181/2621 3447/5182/2622 3500/5183/2623
f 3500/5183/2623 3446/5184/2624 3501/5185/2625
f 3501/5185/2625 3445/5186/2760 3502/5187/2761
f 3502/5187/2761 3444/5188/2762 3503/5189/2763
f 3431/5190/2629 3497/5191/2630 3486/5192/2631
f 3497/5191/2630 3487/5193/2632 3486/5192/2631
f 3496/5194/2633 3488/5195/2634 3487/5193/2632
f 3495/5196/2635 3489/5197/2636 3488/5195/2634
f 3489/5197/2636 3493/5198/2764 3490/5199/2765
f 3493/5198/2764 3491/5200/2766 3490/5199/2765
f 3425/5155/2595 3480/5201/2641 3424/5202/2642
f 3480/5201/2641 3511/5157/2597 3481/5203/2643
f 3481/5203/2643 3512/5159/2599 3482/5204/2644
f 3482/5204/2644 3513/5161/2601 3483/5205/2645
f 3513/5161/2601 3484/5206/2646 3483/5205/2645
f 3484/5206/2646 3515/5164/2604 3485/5207/2647
f 3427/5208/2648 3504/5167/2607 3474/5209/2649
f 3504/5167/2607 3475/5210/2650 3474/5209/2649
f 3505/5168/2608 3476/5211/2651 3475/5210/2650
f 3506/5170/2610 3477/5212/2652 3476/5211/2651
f 3507/5172/2612 3478/5213/2767 3477/5212/2652
f 3508/5174/2757 3479/5214/2768 3478/5213/2767
f 3421/5179/2619 3497/5191/2630 3420/5215/2655
f 3497/5191/2630 3499/5181/2621 3496/5194/2633
f 3496/5194/2633 3500/5183/2623 3495/5196/2635
f 3495/5196/2635 3501/5185/2625 3494/5216/2656
f 3494/5216/2656 3502/5187/2761 3493/5198/2764
f 3493/5198/2764 3503/5189/2763 3492/5217/2769
f 3430/5218/2657 3486/5192/2631 3462/5219/2658
f 3486/5192/2631 3463/5220/2659 3462/5219/2658
f 3487/5193/2632 3464/5221/2660 3463/5220/2659
f 3488/5195/2634 3465/5222/2661 3464/5221/2660
f 3489/5197/2636 3466/5223/2770 3465/5222/2661
f 3490/5199/2765 3467/5224/2771 3466/5223/2770
f 3424/5202/2642 3450/5225/2664 3423/5226/2772
f 3450/5225/2664 3481/5203/2643 3451/5227/2666
f 3451/5227/2666 3482/5204/2644 3452/5228/2667
f 3452/5228/2667 3483/5205/2645 3453/5229/2668
f 3453/5229/2668 3484/5206/2646 3454/5230/2669
f 3484/5206/2646 3455/5231/2670 3454/5230/2669
f 3426/5153/2593 3474/5209/2649 3473/5232/2671
f 3474/5209/2649 3472/5156/2596 3473/5232/2671
f 3475/5210/2650 3471/5158/2598 3472/5156/2596
f 3476/5211/2651 3470/5160/2600 3471/5158/2598
f 3477/5212/2652 3469/5233/2773 3470/5160/2600
f 3478/5213/2767 3468/5163/2756 3469/5233/2773
f 3429/5234/2673 3462/5219/2658 3461/5166/2606
f 3462/5219/2658 3460/5169/2609 3461/5166/2606
f 3463/5220/2659 3459/5171/2611 3460/5169/2609
f 3464/5221/2660 3458/5173/2613 3459/5171/2611
f 3465/5222/2661 3457/5235/2774 3458/5173/2613
f 3457/5235/2774 3467/5224/2771 3456/5175/2758
f 3423/5236/2772 3449/5237/2675 3422/5177/2617
f 3449/5237/2675 3451/5238/2666 3448/5180/2620
f 3448/5180/2620 3452/5239/2667 3447/5182/2622
f 3447/5182/2622 3453/5240/2668 3446/5184/2624
f 3453/5240/2668 3445/5186/2760 3446/5184/2624
f 3454/5241/2669 3444/5188/2762 3445/5186/2760
f 3443/5140/2745 3526/5242/2775 3442/5141/2746
f 3524/5243/2776 3439/5135/2743 3440/5146/2751
f 3521/5244/2679 3436/5138/2579 3437/5152/2755
f 3432/5143/2748 3527/5245/2777 3443/5140/2745
f 3434/5130/2738 3517/5246/2778 3433/5150/2753
f 3525/5247/2779 3440/5146/2751 3441/5132/2740
f 3522/5248/2780 3437/5152/2755 3438/5136/2744
f 3435/5129/2737 3518/5249/2781 3434/5130/2738
f 3442/5141/2746 3525/5247/2779 3441/5132/2740
f 3523/5250/2782 3438/5136/2744 3439/5135/2743
f 3520/5251/2783 3435/5139/2737 3436/5138/2579
f 3527/5252/2784 3528/5253/2785 3539/5254/2786
f 3521/5255/2787 3532/5256/2788 3520/5257/2789
f 3524/5258/2790 3535/5259/2791 3523/5260/2792
f 3516/5261/2793 3529/5262/2794 3528/5253/2785
f 3526/5263/2795 3539/5254/2786 3538/5264/2796
f 3520/5257/2789 3531/5265/2797 3519/5266/2798
f 3523/5260/2792 3534/5267/2799 3522/5268/2800
f 3525/5269/2801 3538/5264/2796 3537/5270/2802
f 3518/5271/2803 3531/5272/2797 3530/5273/2804
f 3522/5268/2800 3533/5274/2805 3521/5255/2787
f 3525/5269/2801 3536/5275/2806 3524/5258/2790
f 3517/5276/2807 3530/5273/2804 3529/5262/2794
f 3529/5262/2794 3542/5277/2808 3541/5278/2809
f 3539/5254/2786 3540/5279/2810 3551/5280/2811
f 3533/5274/2805 3544/5281/2812 3532/5256/2788
f 3536/5275/2806 3547/5282/2813 3535/5259/2791
f 3528/5253/2785 3541/5278/2809 3540/5279/2810
f 3538/5264/2796 3551/5280/2811 3550/5283/2814
f 3532/5256/2788 3543/5284/2815 3531/5265/2797
f 3535/5259/2791 3546/5285/2816 3534/5267/2799
f 3537/5270/2802 3550/5283/2814 3549/5286/2817
f 3530/5273/2804 3543/5287/2815 3542/5277/2808
f 3534/5267/2799 3545/5288/2818 3533/5274/2805
f 3537/5270/2802 3548/5289/2819 3536/5275/2806
f 3548/5289/2819 3549/5286/2817 3552/5290/2820
f 3541/5278/2809 3542/5277/2808 3552/5290/2820
f 3551/5280/2811 3540/5279/2810 3552/5290/2820
f 3544/5281/2812 3545/5288/2818 3552/5290/2820
f 3547/5282/2813 3548/5289/2819 3552/5290/2820
f 3540/5279/2810 3541/5278/2809 3552/5290/2820
f 3550/5283/2814 3551/5280/2811 3552/5290/2820
f 3543/5284/2815 3544/5281/2812 3552/5290/2820
f 3546/5285/2816 3547/5282/2813 3552/5290/2820
f 3549/5286/2817 3550/5283/2814 3552/5290/2820
f 3542/5277/2808 3543/5287/2815 3552/5290/2820
f 3545/5288/2818 3546/5285/2816 3552/5290/2820
f 3425/5291/2723 3424/5292/2724 3553/5293/2725
f 3420/5294/2726 3431/5295/2727 3553/5293/2725
f 3422/5296/2728 3421/5297/2729 3553/5293/2725
f 3429/5298/2730 3428/5299/2731 3553/5293/2725
f 3426/5300/2732 3425/5291/2723 3553/5293/2725
f 3423/5301/2733 3422/5296/2728 3553/5293/2725
f 3430/5302/2734 3429/5298/2730 3553/5293/2725
f 3427/5303/2735 3426/5300/2732 3553/5293/2725
f 3424/5292/2724 3423/5301/2733 3553/5293/2725
f 3431/5295/2727 3430/5302/2734 3553/5293/2725
f 3421/5297/2729 3420/5294/2726 3553/5293/2725
f 3428/5299/2731 3427/5303/2735 3553/5293/2725
f 3433/5150/2753 3516/5304/2821 3432/5143/2748
f 3578/5305/2822 3569/5306/2823 3568/5307/2824
f 3590/5308/2825 3576/5309/2826 3575/5310/2827
f 3602/5311/2828 3573/5312/2829 3572/5313/2830
f 3589/5314/2831 3570/5315/2832 3569/5316/2823
f 3601/5317/2833 3577/5318/2834 3576/5309/2826
f 3626/5319/2835 3567/5320/2836 3566/5321/2837
f 3613/5322/2838 3574/5323/2839 3573/5312/2829
f 3619/5324/2840 3571/5325/2841 3570/5315/2832
f 3625/5326/2842 3566/5321/2837 3577/5318/2834
f 3637/5327/2843 3568/5307/2824 3567/5320/2836
f 3643/5328/2844 3575/5310/2827 3574/5323/2839
f 3649/5329/2845 3572/5313/2830 3571/5325/2841
f 3560/5330/2593 3644/5331/2594 3559/5332/2595
f 3644/5331/2594 3606/5333/2596 3645/5334/2597
f 3645/5334/2597 3605/5335/2598 3646/5336/2599
f 3646/5336/2599 3604/5337/2600 3647/5338/2601
f 3604/5337/2600 3648/5339/2846 3647/5338/2601
f 3603/5340/2847 3649/5341/2848 3648/5339/2846
f 3562/5342/2605 3595/5343/2606 3638/5344/2607
f 3595/5343/2606 3639/5345/2608 3638/5344/2607
f 3594/5346/2609 3640/5347/2610 3639/5345/2608
f 3593/5348/2611 3641/5349/2612 3640/5347/2610
f 3592/5350/2613 3642/5351/2849 3641/5349/2612
f 3591/5352/2850 3643/5353/2851 3642/5351/2849
f 3556/5354/2617 3632/5355/2618 3555/5356/2619
f 3632/5355/2618 3582/5357/2620 3633/5358/2621
f 3633/5358/2621 3581/5359/2622 3634/5360/2623
f 3634/5360/2623 3580/5361/2624 3635/5362/2625
f 3580/5361/2624 3636/5363/2852 3635/5362/2625
f 3636/5363/2852 3578/5364/2853 3637/5365/2854
f 3565/5366/2629 3631/5367/2630 3620/5368/2631
f 3631/5367/2630 3621/5369/2632 3620/5368/2631
f 3630/5370/2633 3622/5371/2634 3621/5369/2632
f 3629/5372/2635 3623/5373/2636 3622/5371/2634
f 3628/5374/2656 3624/5375/2855 3623/5373/2636
f 3624/5375/2855 3626/5376/2856 3625/5377/2857
f 3559/5332/2595 3614/5378/2641 3558/5379/2642
f 3614/5378/2641 3645/5334/2597 3615/5380/2643
f 3615/5380/2643 3646/5336/2599 3616/5381/2644
f 3616/5381/2644 3647/5338/2601 3617/5382/2645
f 3647/5338/2601 3618/5383/2858 3617/5382/2645
f 3648/5339/2846 3619/5384/2859 3618/5383/2858
f 3561/5385/2648 3638/5344/2607 3608/5386/2649
f 3638/5344/2607 3609/5387/2650 3608/5386/2649
f 3639/5345/2608 3610/5388/2651 3609/5387/2650
f 3640/5347/2610 3611/5389/2652 3610/5388/2651
f 3641/5349/2612 3612/5390/2860 3611/5389/2652
f 3642/5351/2849 3613/5391/2861 3612/5390/2860
f 3555/5356/2619 3631/5367/2630 3554/5392/2655
f 3631/5367/2630 3633/5358/2621 3630/5370/2633
f 3630/5370/2633 3634/5360/2623 3629/5372/2635
f 3629/5372/2635 3635/5362/2625 3628/5374/2656
f 3628/5374/2656 3636/5363/2852 3627/5393/2862
f 3627/5393/2862 3637/5365/2854 3626/5376/2856
f 3564/5394/2657 3620/5368/2631 3596/5395/2658
f 3620/5368/2631 3597/5396/2659 3596/5395/2658
f 3621/5369/2632 3598/5397/2660 3597/5396/2659
f 3622/5371/2634 3599/5398/2661 3598/5397/2660
f 3623/5373/2636 3600/5399/2863 3599/5398/2661
f 3600/5399/2863 3625/5377/2857 3601/5400/2864
f 3558/5379/2642 3584/5401/2664 3557/5402/2665
f 3584/5401/2664 3615/5380/2643 3585/5403/2666
f 3585/5403/2666 3616/5381/2644 3586/5404/2667
f 3586/5404/2667 3617/5382/2645 3587/5405/2668
f 3617/5382/2645 3588/5406/2865 3587/5405/2668
f 3618/5383/2858 3589/5407/2866 3588/5406/2865
f 3560/5330/2593 3608/5386/2649 3607/5408/2671
f 3608/5386/2649 3606/5333/2596 3607/5408/2671
f 3609/5387/2650 3605/5335/2598 3606/5333/2596
f 3610/5388/2651 3604/5337/2600 3605/5335/2598
f 3611/5389/2652 3603/5340/2847 3604/5337/2600
f 3612/5390/2860 3602/5409/2867 3603/5340/2847
f 3563/5410/2673 3596/5395/2658 3595/5343/2606
f 3596/5395/2658 3594/5346/2609 3595/5343/2606
f 3597/5396/2659 3593/5348/2611 3594/5346/2609
f 3598/5397/2660 3592/5350/2613 3593/5348/2611
f 3599/5398/2661 3591/5352/2850 3592/5350/2613
f 3600/5399/2863 3590/5411/2868 3591/5352/2850
f 3557/5412/2665 3583/5413/2675 3556/5354/2617
f 3583/5413/2675 3585/5414/2666 3582/5357/2620
f 3582/5357/2620 3586/5415/2667 3581/5359/2622
f 3581/5359/2622 3587/5416/2668 3580/5361/2624
f 3587/5416/2668 3579/5417/2869 3580/5361/2624
f 3579/5417/2869 3589/5418/2866 3578/5364/2853
f 3577/5318/2834 3660/5419/2870 3576/5309/2826
f 3658/5420/2871 3573/5312/2829 3574/5323/2839
f 3655/5421/2872 3570/5315/2832 3571/5325/2841
f 3566/5321/2837 3661/5422/2873 3577/5318/2834
f 3568/5307/2824 3651/5423/2874 3567/5320/2836
f 3659/5424/2875 3574/5323/2839 3575/5310/2827
f 3656/5425/2876 3571/5325/2841 3572/5313/2830
f 3569/5306/2823 3652/5426/2877 3568/5307/2824
f 3576/5309/2826 3659/5424/2875 3575/5310/2827
f 3657/5427/2878 3572/5313/2830 3573/5312/2829
f 3570/5315/2832 3653/5428/2879 3569/5316/2823
f 3650/5429/2880 3673/5430/2881 3661/5431/2882
f 3654/5432/2883 3667/5433/2884 3666/5434/2885
f 3657/5435/2886 3670/5436/2887 3669/5437/2888
f 3651/5438/2889 3662/5439/2890 3650/5429/2880
f 3660/5440/2891 3673/5430/2881 3672/5441/2892
f 3654/5432/2883 3665/5442/2893 3653/5443/2894
f 3656/5444/2895 3669/5437/2888 3668/5445/2896
f 3659/5446/2897 3672/5441/2892 3671/5447/2898
f 3653/5448/2894 3664/5449/2899 3652/5450/2900
f 3655/5451/2901 3668/5445/2896 3667/5433/2884
f 3658/5452/2902 3671/5447/2898 3670/5436/2887
f 3652/5450/2900 3663/5453/2903 3651/5438/2889
f 3663/5453/2903 3676/5454/2904 3675/5455/2905
f 3673/5430/2881 3674/5456/2906 3685/5457/2907
f 3667/5433/2884 3678/5458/2908 3666/5434/2885
f 3670/5436/2887 3681/5459/2909 3669/5437/2888
f 3662/5439/2890 3675/5455/2905 3674/5456/2906
f 3672/5441/2892 3685/5457/2907 3684/5460/2910
f 3666/5434/2885 3677/5461/2911 3665/5442/2893
f 3669/5437/2888 3680/5462/2912 3668/5445/2896
f 3671/5447/2898 3684/5460/2910 3683/5463/2913
f 3664/5449/2899 3677/5464/2911 3676/5454/2904
f 3668/5445/2896 3679/5465/2914 3667/5433/2884
f 3671/5447/2898 3682/5466/2915 3670/5436/2887
f 3682/5466/2915 3683/5463/2913 3686/5467/2916
f 3675/5455/2905 3676/5454/2904 3686/5467/2916
f 3685/5457/2907 3674/5456/2906 3686/5467/2916
f 3678/5458/2908 3679/5465/2914 3686/5467/2916
f 3681/5459/2909 3682/5466/2915 3686/5467/2916
f 3674/5456/2906 3675/5455/2905 3686/5467/2916
f 3684/5460/2910 3685/5457/2907 3686/5467/2916
f 3677/5461/2911 3678/5458/2908 3686/5467/2916
f 3680/5462/2912 3681/5459/2909 3686/5467/2916
f 3683/5463/2913 3684/5460/2910 3686/5467/2916
f 3676/5454/2904 3677/5464/2911 3686/5467/2916
f 3679/5465/2914 3680/5462/2912 3686/5467/2916
f 3559/5468/2723 3558/5469/2724 3687/5470/2725
f 3554/5471/2726 3565/5472/2727 3687/5470/2725
f 3556/5473/2728 3555/5474/2729 3687/5470/2725
f 3563/5475/2730 3562/5476/2731 3687/5470/2725
f 3560/5477/2732 3559/5468/2723 3687/5470/2725
f 3557/5478/2733 3556/5473/2728 3687/5470/2725
f 3564/5479/2734 3563/5475/2730 3687/5470/2725
f 3561/5480/2735 3560/5477/2732 3687/5470/2725
f 3558/5469/2724 3557/5478/2733 3687/5470/2725
f 3565/5472/2727 3564/5479/2734 3687/5470/2725
f 3555/5474/2729 3554/5471/2726 3687/5470/2725
f 3562/5476/2731 3561/5480/2735 3687/5470/2725
f 3567/5320/2836 3650/5481/2917 3566/5321/2837
f 3310/4953/2569 3321/5668/2578 3301/4954/2570
f 3322/4956/2572 3333/4965/2580 3308/4957/2573
f 3334/4959/2575 3345/4970/2585 3305/4960/2576
f 3321/4962/2578 3351/4973/2588 3302/4963/2579
f 3333/4965/2580 3357/4974/2589 3309/4966/2581
f 3358/4967/2582 3369/4975/2590 3299/4968/2583
f 3345/4970/2585 3375/4976/2591 3306/4971/2586
f 3381/4972/2587 3303/4977/2592 3302/4963/2579
f 3357/4974/2589 3358/4967/2582 3298/4969/2584
f 3369/4975/2590 3310/4953/2569 3300/4955/2571
f 3375/4976/2591 3322/4956/2572 3307/4958/2574
f 3334/4959/2575 3304/4961/2577 3303/4977/2592
f 3292/4978/2593 3339/5056/2671 3376/4979/2594
f 3376/4979/2594 3339/5056/2671 3338/4981/2596
f 3377/4982/2597 3338/4981/2596 3337/4983/2598
f 3378/4984/2599 3337/4983/2598 3336/4985/2600
f 3336/4985/2600 3335/5057/2672 3380/4987/2602
f 3380/4987/2602 3335/5057/2672 3334/4988/2603
f 3294/4990/2605 3295/5058/2673 3327/4991/2606
f 3327/4991/2606 3326/4994/2609 3371/4993/2608
f 3326/4994/2609 3325/4996/2611 3372/4995/2610
f 3325/4996/2611 3324/4998/2613 3373/4997/2612
f 3324/4998/2613 3323/5000/2615 3374/4999/2614
f 3323/5000/2615 3322/5059/2674 3375/5001/2616
f 3288/5002/2617 3315/5061/2675 3364/5003/2618
f 3364/5003/2618 3315/5061/2675 3314/5005/2620
f 3365/5006/2621 3314/5005/2620 3313/5007/2622
f 3366/5008/2623 3313/5007/2622 3312/5009/2624
f 3312/5009/2624 3311/5012/2627 3368/5011/2626
f 3311/5012/2627 3310/5066/2676 3369/5013/2628
f 3297/5014/2629 3286/5040/2655 3363/5015/2630
f 3363/5015/2630 3362/5018/2633 3353/5017/2632
f 3362/5018/2633 3361/5020/2635 3354/5019/2634
f 3361/5020/2635 3360/5041/2656 3355/5021/2636
f 3355/5021/2636 3360/5041/2656 3359/5022/2637
f 3356/5023/2638 3359/5022/2637 3358/5024/2639
f 3291/4980/2595 3376/4979/2594 3346/5026/2641
f 3346/5026/2641 3376/4979/2594 3377/4982/2597
f 3347/5028/2643 3377/4982/2597 3378/4984/2599
f 3348/5029/2644 3378/4984/2599 3379/4986/2601
f 3379/4986/2601 3380/4987/2602 3350/5031/2646
f 3350/5031/2646 3380/4987/2602 3381/4989/2604
f 3293/5033/2648 3294/4990/2605 3370/4992/2607
f 3370/4992/2607 3371/4993/2608 3341/5035/2650
f 3371/4993/2608 3372/4995/2610 3342/5036/2651
f 3372/4995/2610 3373/4997/2612 3343/5037/2652
f 3373/4997/2612 3374/4999/2614 3344/5038/2653
f 3374/4999/2614 3375/5001/2616 3345/5039/2654
f 3287/5004/2619 3364/5003/2618 3363/5015/2630
f 3363/5015/2630 3364/5003/2618 3365/5006/2621
f 3362/5018/2633 3365/5006/2621 3366/5008/2623
f 3361/5020/2635 3366/5008/2623 3367/5010/2625
f 3360/5041/2656 3367/5010/2625 3368/5011/2626
f 3368/5011/2626 3369/5013/2628 3358/5024/2639
f 3296/5042/2657 3297/5014/2629 3352/5016/2631
f 3352/5016/2631 3353/5017/2632 3329/5044/2659
f 3353/5017/2632 3354/5019/2634 3330/5045/2660
f 3354/5019/2634 3355/5021/2636 3331/5046/2661
f 3355/5021/2636 3356/5023/2638 3332/5047/2662
f 3332/5047/2662 3356/5023/2638 3357/5025/2640
f 3290/5027/2642 3346/5026/2641 3316/5049/2664
f 3316/5049/2664 3346/5026/2641 3347/5028/2643
f 3317/5051/2666 3347/5028/2643 3348/5029/2644
f 3318/5052/2667 3348/5029/2644 3349/5030/2645
f 3319/5053/2668 3349/5030/2645 3350/5031/2646
f 3350/5031/2646 3351/5032/2647 3321/5055/2670
f 3292/4978/2593 3293/5033/2648 3340/5034/2649
f 3340/5034/2649 3341/5035/2650 3338/4981/2596
f 3341/5035/2650 3342/5036/2651 3337/4983/2598
f 3342/5036/2651 3343/5037/2652 3336/4985/2600
f 3343/5037/2652 3344/5038/2653 3335/5057/2672
f 3335/5057/2672 3344/5038/2653 3345/5039/2654
f 3295/5058/2673 3296/5042/2657 3328/5043/2658
f 3328/5043/2658 3329/5044/2659 3326/4994/2609
f 3329/5044/2659 3330/5045/2660 3325/4996/2611
f 3330/5045/2660 3331/5046/2661 3324/4998/2613
f 3331/5046/2661 3332/5047/2662 3323/5000/2615
f 3332/5047/2662 3333/5048/2663 3322/5059/2674
f 3289/5060/2665 3316/5669/2664 3315/5061/2675
f 3315/5061/2675 3316/5669/2664 3317/5062/2666
f 3314/5005/2620 3317/5062/2666 3318/5063/2667
f 3313/5007/2622 3318/5063/2667 3319/5064/2668
f 3312/5009/2624 3319/5064/2668 3320/5065/2669
f 3320/5065/2669 3321/5670/2670 3310/5066/2676
f 3309/4966/2581 3393/5671/2924 3392/5067/2677
f 3306/4971/2586 3390/5672/2925 3389/5068/2678
f 3387/5069/2679 3386/5075/2685 3302/4963/2579
f 3382/5070/2680 3393/5671/2924 3309/4966/2581
f 3300/4955/2571 3384/5074/2684 3383/5071/2681
f 3391/5072/2682 3390/5672/2925 3306/4971/2586
f 3388/5073/2683 3387/5069/2679 3303/4977/2592
f 3301/4954/2570 3385/5673/2926 3384/5074/2684
f 3308/4957/2573 3392/5067/2677 3391/5072/2682
f 3305/4960/2576 3389/5068/2678 3388/5073/2683
f 3386/5075/2685 3385/5674/2926 3301/4964/2570
f 3393/5076/2686 3382/5086/2696 3394/5077/2687
f 3386/5079/2689 3387/5098/2707 3399/5080/2690
f 3390/5082/2692 3402/5099/2708 3401/5083/2693
f 3383/5085/2695 3395/5100/2709 3394/5077/2687
f 3392/5087/2697 3393/5076/2686 3405/5078/2688
f 3386/5079/2689 3398/5081/2691 3397/5089/2699
f 3388/5091/2701 3389/5084/2694 3401/5083/2693
f 3391/5093/2703 3392/5087/2697 3404/5088/2698
f 3385/5095/2700 3397/5675/2699 3396/5096/2705
f 3387/5098/2707 3388/5091/2701 3400/5092/2702
f 3391/5093/2703 3403/5094/2704 3402/5099/2708
f 3384/5097/2706 3396/5096/2705 3395/5100/2709
f 3395/5100/2709 3396/5096/2705 3408/5101/2710
f 3405/5078/2688 3394/5077/2687 3406/5103/2712
f 3399/5080/2690 3411/5112/2720 3410/5105/2714
f 3402/5099/2708 3414/5113/2721 3413/5106/2715
f 3394/5077/2687 3395/5100/2709 3407/5102/2711
f 3404/5088/2698 3405/5078/2688 3417/5104/2713
f 3398/5081/2691 3410/5105/2714 3409/5108/2717
f 3401/5083/2693 3413/5106/2715 3412/5109/2718
f 3403/5094/2704 3404/5088/2698 3416/5107/2716
f 3396/5096/2705 3397/5675/2699 3409/5111/2717
f 3400/5092/2702 3412/5109/2718 3411/5112/2720
f 3403/5094/2704 3415/5110/2719 3414/5113/2721
f 3383/5071/2681 3382/5070/2680 3298/4969/2584
f 3444/5128/2736 3455/5676/2578 3435/5129/2737
f 3467/5131/2739 3442/5141/2746 3441/5132/2740
f 3468/5134/2742 3479/5145/2750 3439/5135/2743
f 3455/5137/2578 3485/5148/2588 3436/5138/2579
f 3467/5131/2739 3491/5149/2752 3443/5140/2745
f 3503/5142/2747 3433/5150/2753 3432/5143/2748
f 3479/5145/2750 3509/5151/2754 3440/5146/2751
f 3515/5147/2587 3437/5152/2755 3436/5138/2579
f 3491/5149/2752 3492/5144/2749 3432/5143/2748
f 3444/5128/2736 3434/5130/2738 3433/5150/2753
f 3456/5133/2741 3441/5132/2740 3440/5146/2751
f 3468/5134/2742 3438/5136/2744 3437/5152/2755
f 3426/5153/2593 3473/5232/2671 3510/5154/2594
f 3510/5154/2594 3473/5232/2671 3472/5156/2596
f 3511/5157/2597 3472/5156/2596 3471/5158/2598
f 3512/5159/2599 3471/5158/2598 3470/5160/2600
f 3470/5160/2600 3469/5233/2773 3514/5162/2602
f 3514/5162/2602 3469/5233/2773 3468/5163/2756
f 3428/5165/2605 3429/5234/2673 3461/5166/2606
f 3461/5166/2606 3460/5169/2609 3505/5168/2608
f 3460/5169/2609 3459/5171/2611 3506/5170/2610
f 3459/5171/2611 3458/5173/2613 3507/5172/2612
f 3458/5173/2613 3457/5235/2774 3508/5174/2757
f 3508/5174/2757 3457/5235/2774 3456/5175/2758
f 3422/5177/2617 3449/5237/2675 3498/5178/2618
f 3498/5178/2618 3449/5237/2675 3448/5180/2620
f 3499/5181/2621 3448/5180/2620 3447/5182/2622
f 3500/5183/2623 3447/5182/2622 3446/5184/2624
f 3501/5185/2625 3446/5184/2624 3445/5186/2760
f 3502/5187/2761 3445/5186/2760 3444/5188/2762
f 3431/5190/2629 3420/5215/2655 3497/5191/2630
f 3497/5191/2630 3496/5194/2633 3487/5193/2632
f 3496/5194/2633 3495/5196/2635 3488/5195/2634
f 3495/5196/2635 3494/5216/2656 3489/5197/2636
f 3489/5197/2636 3494/5216/2656 3493/5198/2764
f 3493/5198/2764 3492/5217/2769 3491/5200/2766
f 3425/5155/2595 3510/5154/2594 3480/5201/2641
f 3480/5201/2641 3510/5154/2594 3511/5157/2597
f 3481/5203/2643 3511/5157/2597 3512/5159/2599
f 3482/5204/2644 3512/5159/2599 3513/5161/2601
f 3513/5161/2601 3514/5162/2602 3484/5206/2646
f 3484/5206/2646 3514/5162/2602 3515/5164/2604
f 3427/5208/2648 3428/5165/2605 3504/5167/2607
f 3504/5167/2607 3505/5168/2608 3475/5210/2650
f 3505/5168/2608 3506/5170/2610 3476/5211/2651
f 3506/5170/2610 3507/5172/2612 3477/5212/2652
f 3507/5172/2612 3508/5174/2757 3478/5213/2767
f 3508/5174/2757 3509/5176/2759 3479/5214/2768
f 3421/5179/2619 3498/5178/2618 3497/5191/2630
f 3497/5191/2630 3498/5178/2618 3499/5181/2621
f 3496/5194/2633 3499/5181/2621 3500/5183/2623
f 3495/5196/2635 3500/5183/2623 3501/5185/2625
f 3494/5216/2656 3501/5185/2625 3502/5187/2761
f 3493/5198/2764 3502/5187/2761 3503/5189/2763
f 3430/5218/2657 3431/5190/2629 3486/5192/2631
f 3486/5192/2631 3487/5193/2632 3463/5220/2659
f 3487/5193/2632 3488/5195/2634 3464/5221/2660
f 3488/5195/2634 3489/5197/2636 3465/5222/2661
f 3489/5197/2636 3490/5199/2765 3466/5223/2770
f 3490/5199/2765 3491/5200/2766 3467/5224/2771
f 3424/5202/2642 3480/5201/2641 3450/5225/2664
f 3450/5225/2664 3480/5201/2641 3481/5203/2643
f 3451/5227/2666 3481/5203/2643 3482/5204/2644
f 3452/5228/2667 3482/5204/2644 3483/5205/2645
f 3453/5229/2668 3483/5205/2645 3484/5206/2646
f 3484/5206/2646 3485/5207/2647 3455/5231/2670
f 3426/5153/2593 3427/5208/2648 3474/5209/2649
f 3474/5209/2649 3475/5210/2650 3472/5156/2596
f 3475/5210/2650 3476/5211/2651 3471/5158/2598
f 3476/5211/2651 3477/5212/2652 3470/5160/2600
f 3477/5212/2652 3478/5213/2767 3469/5233/2773
f 3478/5213/2767 3479/5214/2768 3468/5163/2756
f 3429/5234/2673 3430/5218/2657 3462/5219/2658
f 3462/5219/2658 3463/5220/2659 3460/5169/2609
f 3463/5220/2659 3464/5221/2660 3459/5171/2611
f 3464/5221/2660 3465/5222/2661 3458/5173/2613
f 3465/5222/2661 3466/5223/2770 3457/5235/2774
f 3457/5235/2774 3466/5223/2770 3467/5224/2771
f 3423/5236/2772 3450/5677/2664 3449/5237/2675
f 3449/5237/2675 3450/5677/2664 3451/5238/2666
f 3448/5180/2620 3451/5238/2666 3452/5239/2667
f 3447/5182/2622 3452/5239/2667 3453/5240/2668
f 3453/5240/2668 3454/5241/2669 3445/5186/2760
f 3454/5241/2669 3455/5678/2670 3444/5188/2762
f 3443/5140/2745 3527/5245/2777 3526/5242/2775
f 3524/5243/2776 3523/5250/2782 3439/5135/2743
f 3521/5244/2679 3520/5251/2783 3436/5138/2579
f 3432/5143/2748 3516/5304/2821 3527/5245/2777
f 3434/5130/2738 3518/5249/2781 3517/5246/2778
f 3525/5247/2779 3524/5243/2776 3440/5146/2751
f 3522/5248/2780 3521/5244/2679 3437/5152/2755
f 3435/5129/2737 3519/5679/2926 3518/5249/2781
f 3442/5141/2746 3526/5242/2775 3525/5247/2779
f 3523/5250/2782 3522/5248/2780 3438/5136/2744
f 3520/5251/2783 3519/5680/2926 3435/5139/2737
f 3527/5252/2784 3516/5261/2793 3528/5253/2785
f 3521/5255/2787 3533/5274/2805 3532/5256/2788
f 3524/5258/2790 3536/5275/2806 3535/5259/2791
f 3516/5261/2793 3517/5276/2807 3529/5262/2794
f 3526/5263/2795 3527/5252/2784 3539/5254/2786
f 3520/5257/2789 3532/5256/2788 3531/5265/2797
f 3523/5260/2792 3535/5259/2791 3534/5267/2799
f 3525/5269/2801 3526/5263/2795 3538/5264/2796
f 3518/5271/2803 3519/5681/2798 3531/5272/2797
f 3522/5268/2800 3534/5267/2799 3533/5274/2805
f 3525/5269/2801 3537/5270/2802 3536/5275/2806
f 3517/5276/2807 3518/5271/2803 3530/5273/2804
f 3529/5262/2794 3530/5273/2804 3542/5277/2808
f 3539/5254/2786 3528/5253/2785 3540/5279/2810
f 3533/5274/2805 3545/5288/2818 3544/5281/2812
f 3536/5275/2806 3548/5289/2819 3547/5282/2813
f 3528/5253/2785 3529/5262/2794 3541/5278/2809
f 3538/5264/2796 3539/5254/2786 3551/5280/2811
f 3532/5256/2788 3544/5281/2812 3543/5284/2815
f 3535/5259/2791 3547/5282/2813 3546/5285/2816
f 3537/5270/2802 3538/5264/2796 3550/5283/2814
f 3530/5273/2804 3531/5272/2797 3543/5287/2815
f 3534/5267/2799 3546/5285/2816 3545/5288/2818
f 3537/5270/2802 3549/5286/2817 3548/5289/2819
f 3433/5150/2753 3517/5246/2778 3516/5304/2821
f 3578/5305/2822 3589/5682/2831 3569/5306/2823
f 3590/5308/2825 3601/5317/2833 3576/5309/2826
f 3602/5311/2828 3613/5322/2838 3573/5312/2829
f 3589/5314/2831 3619/5324/2840 3570/5315/2832
f 3601/5317/2833 3625/5326/2842 3577/5318/2834
f 3626/5319/2835 3637/5327/2843 3567/5320/2836
f 3613/5322/2838 3643/5328/2844 3574/5323/2839
f 3619/5324/2840 3649/5329/2845 3571/5325/2841
f 3625/5326/2842 3626/5319/2835 3566/5321/2837
f 3637/5327/2843 3578/5305/2822 3568/5307/2824
f 3643/5328/2844 3590/5308/2825 3575/5310/2827
f 3649/5329/2845 3602/5311/2828 3572/5313/2830
f 3560/5330/2593 3607/5408/2671 3644/5331/2594
f 3644/5331/2594 3607/5408/2671 3606/5333/2596
f 3645/5334/2597 3606/5333/2596 3605/5335/2598
f 3646/5336/2599 3605/5335/2598 3604/5337/2600
f 3604/5337/2600 3603/5340/2847 3648/5339/2846
f 3603/5340/2847 3602/5409/2867 3649/5341/2848
f 3562/5342/2605 3563/5410/2673 3595/5343/2606
f 3595/5343/2606 3594/5346/2609 3639/5345/2608
f 3594/5346/2609 3593/5348/2611 3640/5347/2610
f 3593/5348/2611 3592/5350/2613 3641/5349/2612
f 3592/5350/2613 3591/5352/2850 3642/5351/2849
f 3591/5352/2850 3590/5411/2868 3643/5353/2851
f 3556/5354/2617 3583/5413/2675 3632/5355/2618
f 3632/5355/2618 3583/5413/2675 3582/5357/2620
f 3633/5358/2621 3582/5357/2620 3581/5359/2622
f 3634/5360/2623 3581/5359/2622 3580/5361/2624
f 3580/5361/2624 3579/5417/2869 3636/5363/2852
f 3636/5363/2852 3579/5417/2869 3578/5364/2853
f 3565/5366/2629 3554/5392/2655 3631/5367/2630
f 3631/5367/2630 3630/5370/2633 3621/5369/2632
f 3630/5370/2633 3629/5372/2635 3622/5371/2634
f 3629/5372/2635 3628/5374/2656 3623/5373/2636
f 3628/5374/2656 3627/5393/2862 3624/5375/2855
f 3624/5375/2855 3627/5393/2862 3626/5376/2856
f 3559/5332/2595 3644/5331/2594 3614/5378/2641
f 3614/5378/2641 3644/5331/2594 3645/5334/2597
f 3615/5380/2643 3645/5334/2597 3646/5336/2599
f 3616/5381/2644 3646/5336/2599 3647/5338/2601
f 3647/5338/2601 3648/5339/2846 3618/5383/2858
f 3648/5339/2846 3649/5341/2848 3619/5384/2859
f 3561/5385/2648 3562/5342/2605 3638/5344/2607
f 3638/5344/2607 3639/5345/2608 3609/5387/2650
f 3639/5345/2608 3640/5347/2610 3610/5388/2651
f 3640/5347/2610 3641/5349/2612 3611/5389/2652
f 3641/5349/2612 3642/5351/2849 3612/5390/2860
f 3642/5351/2849 3643/5353/2851 3613/5391/2861
f 3555/5356/2619 3632/5355/2618 3631/5367/2630
f 3631/5367/2630 3632/5355/2618 3633/5358/2621
f 3630/5370/2633 3633/5358/2621 3634/5360/2623
f 3629/5372/2635 3634/5360/2623 3635/5362/2625
f 3628/5374/2656 3635/5362/2625 3636/5363/2852
f 3627/5393/2862 3636/5363/2852 3637/5365/2854
f 3564/5394/2657 3565/5366/2629 3620/5368/2631
f 3620/5368/2631 3621/5369/2632 3597/5396/2659
f 3621/5369/2632 3622/5371/2634 3598/5397/2660
f 3622/5371/2634 3623/5373/2636 3599/5398/2661
f 3623/5373/2636 3624/5375/2855 3600/5399/2863
f 3600/5399/2863 3624/5375/2855 3625/5377/2857
f 3558/5379/2642 3614/5378/2641 3584/5401/2664
f 3584/5401/2664 3614/5378/2641 3615/5380/2643
f 3585/5403/2666 3615/5380/2643 3616/5381/2644
f 3586/5404/2667 3616/5381/2644 3617/5382/2645
f 3617/5382/2645 3618/5383/2858 3588/5406/2865
f 3618/5383/2858 3619/5384/2859 3589/5407/2866
f 3560/5330/2593 3561/5385/2648 3608/5386/2649
f 3608/5386/2649 3609/5387/2650 3606/5333/2596
f 3609/5387/2650 3610/5388/2651 3605/5335/2598
f 3610/5388/2651 3611/5389/2652 3604/5337/2600
f 3611/5389/2652 3612/5390/2860 3603/5340/2847
f 3612/5390/2860 3613/5391/2861 3602/5409/2867
f 3563/5410/2673 3564/5394/2657 3596/5395/2658
f 3596/5395/2658 3597/5396/2659 3594/5346/2609
f 3597/5396/2659 3598/5397/2660 3593/5348/2611
f 3598/5397/2660 3599/5398/2661 3592/5350/2613
f 3599/5398/2661 3600/5399/2863 3591/5352/2850
f 3600/5399/2863 3601/5400/2864 3590/5411/2868
f 3557/5412/2665 3584/5683/2664 3583/5413/2675
f 3583/5413/2675 3584/5683/2664 3585/5414/2666
f 3582/5357/2620 3585/5414/2666 3586/5415/2667
f 3581/5359/2622 3586/5415/2667 3587/5416/2668
f 3587/5416/2668 3588/5684/2865 3579/5417/2869
f 3579/5417/2869 3588/5684/2865 3589/5418/2866
f 3577/5318/2834 3661/5422/2873 3660/5419/2870
f 3658/5420/2871 3657/5427/2878 3573/5312/2829
f 3655/5421/2872 3654/5685/2927 3570/5315/2832
f 3566/5321/2837 3650/5481/2917 3661/5422/2873
f 3568/5307/2824 3652/5426/2877 3651/5423/2874
f 3659/5424/2875 3658/5420/2871 3574/5323/2839
f 3656/5425/2876 3655/5421/2872 3571/5325/2841
f 3569/5306/2823 3653/5686/2879 3652/5426/2877
f 3576/5309/2826 3660/5419/2870 3659/5424/2875
f 3657/5427/2878 3656/5425/2876 3572/5313/2830
f 3570/5315/2832 3654/5685/2927 3653/5428/2879
f 3650/5429/2880 3662/5439/2890 3673/5430/2881
f 3654/5432/2883 3655/5451/2901 3667/5433/2884
f 3657/5435/2886 3658/5452/2902 3670/5436/2887
f 3651/5438/2889 3663/5453/2903 3662/5439/2890
f 3660/5440/2891 3661/5431/2882 3673/5430/2881
f 3654/5432/2883 3666/5434/2885 3665/5442/2893
f 3656/5444/2895 3657/5435/2886 3669/5437/2888
f 3659/5446/2897 3660/5440/2891 3672/5441/2892
f 3653/5448/2894 3665/5687/2893 3664/5449/2899
f 3655/5451/2901 3656/5444/2895 3668/5445/2896
f 3658/5452/2902 3659/5446/2897 3671/5447/2898
f 3652/5450/2900 3664/5449/2899 3663/5453/2903
f 3663/5453/2903 3664/5449/2899 3676/5454/2904
f 3673/5430/2881 3662/5439/2890 3674/5456/2906
f 3667/5433/2884 3679/5465/2914 3678/5458/2908
f 3670/5436/2887 3682/5466/2915 3681/5459/2909
f 3662/5439/2890 3663/5453/2903 3675/5455/2905
f 3672/5441/2892 3673/5430/2881 3685/5457/2907
f 3666/5434/2885 3678/5458/2908 3677/5461/2911
f 3669/5437/2888 3681/5459/2909 3680/5462/2912
f 3671/5447/2898 3672/5441/2892 3684/5460/2910
f 3664/5449/2899 3665/5687/2893 3677/5464/2911
f 3668/5445/2896 3680/5462/2912 3679/5465/2914
f 3671/5447/2898 3683/5463/2913 3682/5466/2915
f 3567/5320/2836 3651/5423/2874 3650/5481/2917
usemtl brass_candleholders_flame
f 3690/5482/902 3689/5483/902 3688/5484/902
f 3694/5482/925 3693/5483/925 3692/5484/925
f 3698/5482/909 3697/5483/909 3696/5484/909
f 3700/5484/916 3703/5485/916 3701/5483/916
f 3706/5482/902 3705/5483/902 3704/5484/902
f 3710/5482/925 3709/5483/925 3708/5484/925
f 3712/5484/909 3715/5485/909 3713/5483/909
f 3718/5482/916 3717/5483/916 3716/5484/916
f 3722/5482/902 3721/5483/902 3720/5484/902
f 3726/5482/925 3725/5483/925 3724/5484/925
f 3728/5484/909 3731/5485/909 3729/5483/909
f 3734/5482/916 3733/5483/916 3732/5484/916
f 3690/5482/902 3691/5485/902 3689/5483/902
f 3694/5482/925 3695/5485/925 3693/5483/925
f 3698/5482/909 3699/5485/909 3697/5483/909
f 3700/5484/916 3702/5482/916 3703/5485/916
f 3706/5482/902 3707/5485/902 3705/5483/902
f 3710/5482/925 3711/5485/925 3709/5483/925
f 3712/5484/909 3714/5482/909 3715/5485/909
f 3718/5482/916 3719/5485/916 3717/5483/916
f 3722/5482/902 3723/5485/902 3721/5483/902
f 3726/5482/925 3727/5485/925 3725/5483/925
f 3728/5484/909 3730/5482/909 3731/5485/909
f 3734/5482/916 3735/5485/916 3733/5483/916
