# Blender 5.1.2
# www.blender.org
mtllib fancy_picture_frame_01_1k.mtl
o fancy_picture_frame_01
v -3.430518 2.224121 -1.292240
v -3.430518 2.231396 -1.300764
v -3.435715 2.205409 -1.274800
v -3.436414 2.214206 -1.282583
v -3.431567 2.219309 -1.287412
v -3.435182 2.215461 -1.283811
v -3.439803 2.196125 -1.265629
v -3.444178 2.195741 -1.265397
v -3.444178 2.191968 -1.261330
v -3.447185 2.191968 -1.261330
v -3.443081 2.195837 -1.265455
v -3.444983 2.191968 -1.261330
v -3.439526 2.196753 -1.266249
v -3.450511 2.231396 -1.300764
v -3.443081 2.195837 -1.260331
v -3.444178 2.195741 -1.260273
v -3.444983 2.192427 -1.259840
v -3.447185 2.192427 -1.259840
v -3.436414 2.214206 -1.277459
v -3.435715 2.205409 -1.269676
v -3.430518 2.232063 -1.295610
v -3.430518 2.224121 -1.287117
v -3.444178 2.192427 -1.259840
v -3.439526 2.196753 -1.261125
v -3.431567 2.219309 -1.282288
v -3.435182 2.215461 -1.278687
v -3.439803 2.196125 -1.260505
v -3.450511 2.232063 -1.295610
v -3.430518 2.227175 -1.301515
v -3.430518 2.219233 -1.292240
v -3.444178 2.190852 -1.265397
v -3.439803 2.191237 -1.265629
v -3.435182 2.210573 -1.283811
v -3.431567 2.214421 -1.287412
v -3.436414 2.209318 -1.282583
v -3.444178 2.190490 -1.261878
v -3.435715 2.200521 -1.274800
v -3.447185 2.190490 -1.261878
v -3.443081 2.190949 -1.265455
v -3.444983 2.190490 -1.261878
v -3.439526 2.191865 -1.266249
v -3.450511 2.227175 -1.301515
v -3.432483 2.231396 -1.300764
v -3.432483 2.232063 -1.295610
v -3.432483 2.227175 -1.301515
v -3.430518 2.230161 -1.299322
v -3.430518 2.230828 -1.294172
v -3.430518 2.225940 -1.300073
v -3.430518 2.189887 -1.292240
v -3.444178 2.165305 -1.265397
v -3.435182 2.182386 -1.283811
v -3.436414 2.181299 -1.282583
v -3.444178 2.162480 -1.261878
v -3.447185 2.162480 -1.261878
v -3.443081 2.165389 -1.265455
v -3.444983 2.162480 -1.261878
v -3.439526 2.166182 -1.266249
v -3.430518 2.196766 -1.301496
v -3.439803 2.165638 -1.265629
v -3.431567 2.185719 -1.287412
v -3.435715 2.173680 -1.274800
v -3.450511 2.196766 -1.301496
v -3.432483 2.196766 -1.301496
v -3.430518 2.195696 -1.300057
v -3.443081 2.195837 -1.228833
v -3.444983 2.192427 -1.225698
v -3.436414 2.214206 -1.243889
v -3.430518 2.232063 -1.259844
v -3.431567 2.219309 -1.248134
v -3.439803 2.196125 -1.228986
v -3.450511 2.232063 -1.259844
v -3.444178 2.195741 -1.228782
v -3.447185 2.192427 -1.225698
v -3.435715 2.205409 -1.237048
v -3.430518 2.224121 -1.252378
v -3.444178 2.192427 -1.225698
v -3.439526 2.196753 -1.229531
v -3.435182 2.215461 -1.244968
v -3.432483 2.232063 -1.259844
v -3.430518 2.230828 -1.258580
v -3.450511 2.192594 -1.263481
v -3.450511 2.192594 -1.257577
v -3.450511 2.187706 -1.263481
v -3.450511 2.180947 -1.263477
v -3.450511 2.192594 -1.221810
v -3.450511 2.229450 -1.257326
v -3.450511 2.194152 -1.298977
v -3.450511 2.224562 -1.298997
v -3.450511 2.229450 -1.293092
v -3.450511 2.228782 -1.298246
v -3.448685 2.231396 -1.300764
v -3.448685 2.232063 -1.295610
v -3.448685 2.227175 -1.301515
v -3.448685 2.196766 -1.301496
v -3.448685 2.232063 -1.259844
v -3.450511 2.179471 -1.257577
v -3.450511 2.179471 -1.221810
v -3.450511 2.186094 -1.221810
v -3.450511 2.186094 -1.257577
v -3.430518 2.224121 -0.707760
v -3.430518 2.231396 -0.699236
v -3.435715 2.205409 -0.725200
v -3.436414 2.214206 -0.717417
v -3.431567 2.219309 -0.712588
v -3.435182 2.215461 -0.716189
v -3.439803 2.196125 -0.734371
v -3.444178 2.195741 -0.734603
v -3.444178 2.191968 -0.738670
v -3.447185 2.191968 -0.738670
v -3.443081 2.195837 -0.734545
v -3.444983 2.191968 -0.738670
v -3.439526 2.196753 -0.733751
v -3.430518 2.224121 -1.000000
v -3.430518 2.232063 -1.000000
v -3.435715 2.205409 -1.000000
v -3.436414 2.214206 -1.000000
v -3.431567 2.219309 -1.000000
v -3.435182 2.215461 -1.000000
v -3.439803 2.196125 -1.000000
v -3.444178 2.195741 -1.000000
v -3.444178 2.192427 -1.000000
v -3.447185 2.192427 -1.000000
v -3.443081 2.195837 -1.000000
v -3.444983 2.192427 -1.000000
v -3.439526 2.196753 -1.000000
v -3.450511 2.231396 -0.699236
v -3.450511 2.232063 -1.000000
v -3.443081 2.195837 -0.739669
v -3.444178 2.195741 -0.739727
v -3.444983 2.192427 -0.740160
v -3.447185 2.192427 -0.740160
v -3.436414 2.214206 -0.722541
v -3.435715 2.205409 -0.730324
v -3.430518 2.232063 -0.704390
v -3.430518 2.224121 -0.712883
v -3.444178 2.192427 -0.740160
v -3.439526 2.196753 -0.738875
v -3.431567 2.219309 -0.717712
v -3.435182 2.215461 -0.721313
v -3.439803 2.196125 -0.739495
v -3.450511 2.232063 -0.704390
v -3.430518 2.227175 -0.698485
v -3.430518 2.219233 -0.707760
v -3.444178 2.190852 -0.734603
v -3.439803 2.191237 -0.734371
v -3.435182 2.210573 -0.716189
v -3.431567 2.214421 -0.712588
v -3.436414 2.209318 -0.717417
v -3.444178 2.190490 -0.738122
v -3.435715 2.200521 -0.725200
v -3.447185 2.190490 -0.738122
v -3.443081 2.190949 -0.734545
v -3.444983 2.190490 -0.738122
v -3.439526 2.191865 -0.733751
v -3.450511 2.227175 -0.698485
v -3.432483 2.231396 -0.699236
v -3.432483 2.232063 -1.000000
v -3.432483 2.232063 -0.704390
v -3.432483 2.227175 -0.698485
v -3.430518 2.230161 -0.700678
v -3.430518 2.230828 -1.000000
v -3.430518 2.230828 -0.705828
v -3.430518 2.225940 -0.699927
v -3.430518 2.189887 -0.707760
v -3.444178 2.165305 -0.734603
v -3.435182 2.182386 -0.716189
v -3.436414 2.181299 -0.717417
v -3.444178 2.162480 -0.738122
v -3.447185 2.162480 -0.738122
v -3.443081 2.165389 -0.734545
v -3.444983 2.162480 -0.738122
v -3.439526 2.166182 -0.733751
v -3.430518 2.196766 -0.698504
v -3.439803 2.165638 -0.734371
v -3.431567 2.185719 -0.712588
v -3.435715 2.173680 -0.725200
v -3.450511 2.196766 -0.698504
v -3.432483 2.196766 -0.698504
v -3.430518 2.195696 -0.699943
v -3.443081 2.195837 -0.771167
v -3.444983 2.192427 -0.774302
v -3.436414 2.214206 -0.756111
v -3.430518 2.232063 -0.740156
v -3.431567 2.219309 -0.751866
v -3.439803 2.196125 -0.771014
v -3.450511 2.232063 -0.740156
v -3.444178 2.195741 -0.771218
v -3.447185 2.192427 -0.774302
v -3.435715 2.205409 -0.762952
v -3.430518 2.224121 -0.747622
v -3.444178 2.192427 -0.774302
v -3.439526 2.196753 -0.770469
v -3.435182 2.215461 -0.755032
v -3.432483 2.232063 -0.740156
v -3.430518 2.230828 -0.741420
v -3.450511 2.192594 -0.736519
v -3.450511 2.192594 -1.000000
v -3.450511 2.192594 -0.742423
v -3.450511 2.187706 -0.736519
v -3.450511 2.180947 -0.736523
v -3.450511 2.192594 -0.778190
v -3.450511 2.229450 -0.742674
v -3.450511 2.229450 -1.000000
v -3.450511 2.194152 -0.701023
v -3.450511 2.224562 -0.701003
v -3.450511 2.229450 -0.706908
v -3.450511 2.228782 -0.701754
v -3.448685 2.231396 -0.699236
v -3.448685 2.232063 -0.704390
v -3.448685 2.227175 -0.698485
v -3.448685 2.232063 -1.000000
v -3.448685 2.196766 -0.698504
v -3.448685 2.232063 -0.740156
v -3.450511 2.179471 -0.742423
v -3.450511 2.179471 -0.778190
v -3.450511 2.186094 -0.778190
v -3.450511 2.186094 -0.742423
v -3.450511 2.179471 -1.000000
v -3.450511 2.186094 -1.000000
v -3.430518 2.000000 -1.301371
v -3.430518 2.000000 -1.292240
v -3.430518 1.775879 -1.292240
v -3.430518 1.768604 -1.300764
v -3.435715 1.794591 -1.274800
v -3.436414 1.785794 -1.282583
v -3.431567 1.780691 -1.287412
v -3.435182 1.784539 -1.283811
v -3.439803 1.803875 -1.265629
v -3.444178 1.804259 -1.265397
v -3.444178 1.808032 -1.261330
v -3.435715 2.000000 -1.274800
v -3.436414 2.000000 -1.282583
v -3.431567 2.000000 -1.287412
v -3.435182 2.000000 -1.283811
v -3.439803 2.000000 -1.265629
v -3.444178 2.000000 -1.265397
v -3.444178 2.000000 -1.261878
v -3.447185 1.808032 -1.261330
v -3.447185 2.000000 -1.261878
v -3.443081 1.804163 -1.265455
v -3.443081 2.000000 -1.265455
v -3.444983 1.808032 -1.261330
v -3.444983 2.000000 -1.261878
v -3.439526 1.803247 -1.266249
v -3.439526 2.000000 -1.266249
v -3.450511 2.000000 -1.301371
v -3.450511 1.768604 -1.300764
v -3.443081 1.804163 -1.260331
v -3.444178 1.804259 -1.260273
v -3.444983 1.807573 -1.259840
v -3.447185 1.807573 -1.259840
v -3.436414 1.785794 -1.277459
v -3.435715 1.794591 -1.269676
v -3.430518 1.767937 -1.295610
v -3.430518 1.775879 -1.287117
v -3.444178 1.807573 -1.259840
v -3.439526 1.803247 -1.261125
v -3.431567 1.780691 -1.282288
v -3.435182 1.784539 -1.278687
v -3.439803 1.803875 -1.260505
v -3.450511 1.767937 -1.295610
v -3.430518 1.772825 -1.301515
v -3.430518 1.780767 -1.292240
v -3.444178 1.809148 -1.265397
v -3.439803 1.808763 -1.265629
v -3.435182 1.789427 -1.283811
v -3.431567 1.785579 -1.287412
v -3.436414 1.790682 -1.282583
v -3.444178 1.809510 -1.261878
v -3.435715 1.799479 -1.274800
v -3.447185 1.809510 -1.261878
v -3.443081 1.809051 -1.265455
v -3.444983 1.809510 -1.261878
v -3.439526 1.808135 -1.266249
v -3.450511 1.772825 -1.301515
v -3.432482 1.768604 -1.300764
v -3.432483 2.000000 -1.301371
v -3.432482 1.767937 -1.295610
v -3.432482 1.772825 -1.301515
v -3.430518 2.000000 -1.299951
v -3.430518 1.769839 -1.299322
v -3.430518 1.769171 -1.294172
v -3.430518 1.774060 -1.300073
v -3.430518 1.810113 -1.292240
v -3.444178 1.834695 -1.265397
v -3.435182 1.817614 -1.283811
v -3.436414 1.818701 -1.282583
v -3.444178 1.837520 -1.261878
v -3.447185 1.837520 -1.261878
v -3.443081 1.834611 -1.265455
v -3.444983 1.837520 -1.261878
v -3.439526 1.833818 -1.266249
v -3.430518 1.803234 -1.301496
v -3.439803 1.834362 -1.265629
v -3.431567 1.814281 -1.287412
v -3.435715 1.826320 -1.274800
v -3.450511 1.803234 -1.301496
v -3.432482 1.803234 -1.301496
v -3.430518 1.804304 -1.300057
v -3.443081 1.804163 -1.228833
v -3.444983 1.807573 -1.225698
v -3.436414 1.785794 -1.243889
v -3.430518 1.767937 -1.259844
v -3.431567 1.780691 -1.248134
v -3.439803 1.803875 -1.228986
v -3.450511 1.767937 -1.259844
v -3.444178 1.804259 -1.228782
v -3.447185 1.807573 -1.225698
v -3.435715 1.794591 -1.237048
v -3.430518 1.775879 -1.252378
v -3.444178 1.807573 -1.225698
v -3.439526 1.803247 -1.229531
v -3.435182 1.784539 -1.244968
v -3.432482 1.767937 -1.259844
v -3.430518 1.769171 -1.258580
v -3.450511 2.000000 -1.263337
v -3.450511 1.807406 -1.263481
v -3.450511 1.807406 -1.257577
v -3.450511 1.812294 -1.263481
v -3.450511 1.819053 -1.263477
v -3.450511 1.807406 -1.221810
v -3.450511 1.770550 -1.257326
v -3.450511 1.805848 -1.298977
v -3.450511 1.775438 -1.298997
v -3.450511 1.770550 -1.293092
v -3.450511 2.000000 -1.298852
v -3.450511 1.771218 -1.298246
v -3.448685 1.768604 -1.300764
v -3.448685 2.000000 -1.301371
v -3.448685 1.767937 -1.295610
v -3.448685 1.772825 -1.301515
v -3.448685 1.803234 -1.301496
v -3.448685 1.767937 -1.259844
v -3.450511 2.000000 -1.257577
v -3.450511 2.000000 -1.221810
v -3.450511 1.820529 -1.257577
v -3.450511 1.820529 -1.221810
v -3.450511 1.813906 -1.221810
v -3.450511 1.813906 -1.257577
v -3.430518 2.000000 -0.698629
v -3.430518 2.000000 -0.707760
v -3.430518 1.775879 -0.707760
v -3.430518 1.768604 -0.699236
v -3.435715 1.794591 -0.725200
v -3.436414 1.785794 -0.717417
v -3.431567 1.780691 -0.712588
v -3.435182 1.784539 -0.716189
v -3.439803 1.803875 -0.734371
v -3.444178 1.804259 -0.734603
v -3.444178 1.808032 -0.738670
v -3.435715 2.000000 -0.725200
v -3.436414 2.000000 -0.717417
v -3.431567 2.000000 -0.712588
v -3.435182 2.000000 -0.716189
v -3.439803 2.000000 -0.734371
v -3.444178 2.000000 -0.734603
v -3.444178 2.000000 -0.738122
v -3.447185 1.808032 -0.738670
v -3.447185 2.000000 -0.738122
v -3.443081 1.804163 -0.734545
v -3.443081 2.000000 -0.734545
v -3.444983 1.808032 -0.738670
v -3.444983 2.000000 -0.738122
v -3.439526 1.803247 -0.733751
v -3.439526 2.000000 -0.733751
v -3.430518 1.775879 -1.000000
v -3.430518 1.767937 -1.000000
v -3.435715 1.794591 -1.000000
v -3.436414 1.785794 -1.000000
v -3.431567 1.780691 -1.000000
v -3.435182 1.784539 -1.000000
v -3.439803 1.803875 -1.000000
v -3.444178 1.804259 -1.000000
v -3.444178 1.807573 -1.000000
v -3.447185 1.807573 -1.000000
v -3.443081 1.804163 -1.000000
v -3.444983 1.807573 -1.000000
v -3.439526 1.803247 -1.000000
v -3.450511 2.000000 -0.698629
v -3.450511 1.768604 -0.699236
v -3.450511 1.767937 -1.000000
v -3.443081 1.804163 -0.739669
v -3.444178 1.804259 -0.739727
v -3.444983 1.807573 -0.740160
v -3.447185 1.807573 -0.740160
v -3.436414 1.785794 -0.722541
v -3.435715 1.794591 -0.730324
v -3.430518 1.767937 -0.704390
v -3.430518 1.775879 -0.712883
v -3.444178 1.807573 -0.740160
v -3.439526 1.803247 -0.738875
v -3.431567 1.780691 -0.717712
v -3.435182 1.784539 -0.721313
v -3.439803 1.803875 -0.739495
v -3.450511 1.767937 -0.704390
v -3.430518 1.772825 -0.698485
v -3.430518 1.780767 -0.707760
v -3.444178 1.809148 -0.734603
v -3.439803 1.808763 -0.734371
v -3.435182 1.789427 -0.716189
v -3.431567 1.785579 -0.712588
v -3.436414 1.790682 -0.717417
v -3.444178 1.809510 -0.738122
v -3.435715 1.799479 -0.725200
v -3.447185 1.809510 -0.738122
v -3.443081 1.809051 -0.734545
v -3.444983 1.809510 -0.738122
v -3.439526 1.808135 -0.733751
v -3.450511 1.772825 -0.698485
v -3.432482 1.768604 -0.699236
v -3.432482 1.767937 -1.000000
v -3.432483 2.000000 -0.698629
v -3.432482 1.767937 -0.704390
v -3.432482 1.772825 -0.698485
v -3.430518 2.000000 -0.700049
v -3.430518 1.769839 -0.700678
v -3.430518 1.769171 -1.000000
v -3.430518 1.769171 -0.705828
v -3.430518 1.774060 -0.699927
v -3.430518 1.810113 -0.707760
v -3.444178 1.834695 -0.734603
v -3.435182 1.817614 -0.716189
v -3.436414 1.818701 -0.717417
v -3.444178 1.837520 -0.738122
v -3.447185 1.837520 -0.738122
v -3.443081 1.834611 -0.734545
v -3.444983 1.837520 -0.738122
v -3.439526 1.833818 -0.733751
v -3.430518 1.803234 -0.698504
v -3.439803 1.834362 -0.734371
v -3.431567 1.814281 -0.712588
v -3.435715 1.826320 -0.725200
v -3.450511 1.803234 -0.698504
v -3.432482 1.803234 -0.698504
v -3.430518 1.804304 -0.699943
v -3.443081 1.804163 -0.771167
v -3.444983 1.807573 -0.774302
v -3.436414 1.785794 -0.756111
v -3.430518 1.767937 -0.740156
v -3.431567 1.780691 -0.751866
v -3.439803 1.803875 -0.771014
v -3.450511 1.767937 -0.740156
v -3.444178 1.804259 -0.771218
v -3.447185 1.807573 -0.774302
v -3.435715 1.794591 -0.762952
v -3.430518 1.775879 -0.747622
v -3.444178 1.807573 -0.774302
v -3.439526 1.803247 -0.770469
v -3.435182 1.784539 -0.755032
v -3.432482 1.767937 -0.740156
v -3.430518 1.769171 -0.741420
v -3.450511 2.000000 -0.736663
v -3.450511 1.807406 -0.736519
v -3.450511 1.807406 -1.000000
v -3.450511 1.807406 -0.742423
v -3.450511 1.812294 -0.736519
v -3.450511 1.819053 -0.736523
v -3.450511 1.807406 -0.778190
v -3.450511 1.770550 -0.742674
v -3.450511 1.770550 -1.000000
v -3.450511 1.805848 -0.701023
v -3.450511 1.775438 -0.701003
v -3.450511 1.770550 -0.706908
v -3.450511 2.000000 -0.701148
v -3.450511 1.771218 -0.701754
v -3.448685 1.768604 -0.699236
v -3.448685 2.000000 -0.698629
v -3.448685 1.767937 -0.704390
v -3.448685 1.772825 -0.698485
v -3.448685 1.767937 -1.000000
v -3.448685 1.803234 -0.698504
v -3.448685 1.767937 -0.740156
v -3.450511 2.000000 -0.742423
v -3.450511 2.000000 -0.778190
v -3.450511 1.820529 -0.742423
v -3.450511 1.820529 -0.778190
v -3.450511 1.813906 -0.778190
v -3.450511 1.813906 -0.742423
v -3.450511 2.000000 -1.000000
v -3.450511 1.820529 -1.000000
v -3.450511 1.813906 -1.000000
vn 0.9967 -0.0000 0.0817
vn 1.0000 -0.0000 -0.0000
vn 0.9559 -0.0000 0.2936
vn 0.0534 -0.0000 0.9986
vn 0.0532 -0.0000 0.9986
vn 0.7058 -0.0000 0.7084
vn 0.8764 -0.0000 0.4816
vn 0.8765 -0.0000 0.4813
vn 0.9981 -0.0000 0.0623
vn 0.9748 -0.0000 0.2230
vn 0.9553 -0.0000 0.2956
vn 0.2186 -0.0000 0.9758
vn 0.9132 -0.0000 0.4075
vn 0.9834 -0.0000 0.1816
vn 0.9966 -0.0000 0.0819
vn 0.9330 -0.2605 0.2485
vn 0.8762 -0.0000 0.4820
vn -0.0000 -0.7250 0.6887
vn 0.0001 -0.0187 0.9998
vn -0.0000 -0.0187 0.9998
vn 0.2184 -0.0000 0.9758
vn 0.9959 -0.0658 0.0625
vn 0.9762 -0.0040 0.2170
vn 0.9834 -0.0000 0.1817
vn 0.9519 -0.3065 -0.0001
vn 0.0874 -0.9962 -0.0000
vn 0.9513 -0.3081 -0.0000
vn -0.0000 -1.0000 -0.0000
vn 0.9851 -0.1718 -0.0000
vn 0.9985 -0.0550 -0.0001
vn 0.5313 0.8472 0.0001
vn 0.9717 -0.2361 0.0001
vn 0.9721 -0.2347 -0.0000
vn 0.9152 -0.4029 -0.0000
vn 0.9153 -0.4028 -0.0000
vn 0.7251 -0.6886 -0.0000
vn 0.8814 -0.4723 -0.0000
vn 0.8814 -0.4724 -0.0000
vn 0.9960 -0.0896 -0.0000
vn 0.2498 -0.9683 -0.0000
vn 0.2499 -0.9683 -0.0000
vn 0.9985 -0.0549 -0.0000
vn -0.0000 0.7703 -0.6377
vn -0.8238 0.5669 -0.0093
vn -0.0000 0.9999 -0.0163
vn -0.0000 -0.0000 -1.0000
vn -0.8077 -0.0003 -0.5895
vn -0.0000 -0.0006 -1.0000
vn -0.8185 0.5745 -0.0000
vn -0.0000 1.0000 -0.0000
vn 0.9992 -0.0286 0.0273
vn 0.9985 -0.0548 -0.0000
vn 0.3224 -0.6849 0.6534
vn 0.9152 -0.4030 -0.0000
vn 0.0997 -0.7200 0.6868
vn 0.9960 -0.0897 -0.0000
vn 0.8813 -0.4726 -0.0000
vn 0.9730 -0.2309 0.0030
vn -0.0000 -0.9999 0.0130
vn 0.8231 -0.4109 0.3920
vn 0.9543 -0.2163 0.2063
vn 0.9850 -0.1723 -0.0000
vn 0.9517 -0.3071 -0.0001
vn 0.5386 0.8425 -0.0138
vn 0.9916 -0.0934 0.0891
vn -0.0000 -0.7250 0.6888
vn -0.0000 -0.9999 0.0129
vn 0.9571 -0.2097 0.2000
vn -0.0000 0.0212 -0.9998
vn -0.8927 0.3471 -0.2873
vn 0.9832 -0.0000 0.1825
vn -0.0000 -0.0000 1.0000
vn 0.2184 -0.0000 0.9759
vn 0.9981 -0.0000 0.0620
vn 0.9134 -0.0000 0.4071
vn 0.9558 -0.0000 0.2939
vn 0.9981 -0.0448 0.0428
vn 0.5973 0.0170 -0.8018
vn 0.6894 0.5580 -0.4620
vn 0.5312 0.8472 -0.0000
vn 0.5872 -0.0000 -0.8094
vn 0.5876 -0.0005 -0.8092
vn 0.9752 -0.0000 0.2214
vn -0.8154 0.0122 -0.5787
vn -0.8184 0.5747 -0.0000
vn -1.0000 -0.0000 -0.0000
vn -0.8075 -0.0000 -0.5899
vn 0.9967 -0.0000 -0.0817
vn 0.0534 -0.0000 -0.9986
vn 0.9559 0.0001 -0.2936
vn 0.0532 -0.0000 -0.9986
vn 0.8764 -0.0000 -0.4815
vn 0.7058 -0.0000 -0.7084
vn 0.8765 -0.0000 -0.4815
vn 0.9981 -0.0000 -0.0623
vn 0.9553 -0.0000 -0.2956
vn 0.9748 -0.0000 -0.2230
vn 0.9132 -0.0000 -0.4075
vn 0.2186 -0.0000 -0.9758
vn 0.9834 -0.0000 -0.1816
vn 0.9966 -0.0000 -0.0819
vn 0.9330 -0.2605 -0.2485
vn 0.9981 -0.0448 -0.0428
vn -0.0000 -0.0187 -0.9998
vn -0.0000 -0.7249 -0.6888
vn 0.2185 -0.0000 -0.9758
vn 0.9959 -0.0658 -0.0625
vn 0.9762 -0.0040 -0.2170
vn 0.9834 -0.0000 -0.1817
vn 0.9519 -0.3065 0.0001
vn 0.9717 -0.2361 -0.0000
vn 0.8815 -0.4723 -0.0000
vn -0.8238 0.5669 0.0093
vn -0.0000 0.7703 0.6377
vn -0.0000 0.9999 0.0163
vn -0.8077 -0.0004 0.5895
vn -0.0000 -0.0006 1.0000
vn 0.9992 -0.0286 -0.0273
vn 0.8231 -0.4109 -0.3920
vn 0.3224 -0.6848 -0.6535
vn 0.9151 -0.4033 -0.0000
vn 0.9543 -0.2163 -0.2063
vn 0.0997 -0.7200 -0.6868
vn 0.9730 -0.2309 -0.0029
vn 0.8813 -0.4725 -0.0000
vn 0.9916 -0.0934 -0.0891
vn 0.9517 -0.3071 -0.0000
vn 0.9571 -0.2097 -0.1999
vn 0.5386 0.8425 0.0138
vn 0.6894 0.5580 0.4619
vn -0.0000 -0.7250 -0.6888
vn -0.0000 -0.9999 -0.0130
vn -0.8927 0.3471 0.2873
vn -0.0000 0.0212 0.9998
vn 0.9832 -0.0000 -0.1825
vn 0.2184 -0.0000 -0.9759
vn 0.8762 -0.0000 -0.4819
vn 0.9981 -0.0000 -0.0620
vn 0.9133 -0.0000 -0.4072
vn 0.9558 -0.0000 -0.2939
vn 0.5973 0.0170 0.8018
vn 0.5872 -0.0000 0.8094
vn 0.5876 -0.0005 0.8092
vn 0.9752 -0.0002 -0.2214
vn -0.8154 0.0123 0.5788
vn -0.0001 -0.9999 -0.0129
vn -0.8075 -0.0000 0.5899
vn 0.9559 -0.0001 0.2936
vn 0.8764 -0.0000 0.4815
vn 0.9330 0.2605 0.2485
vn 0.9981 0.0448 0.0428
vn -0.0000 0.0187 0.9998
vn -0.0000 0.7250 0.6887
vn 0.9959 0.0658 0.0625
vn 0.9762 0.0040 0.2170
vn 0.9519 0.3065 -0.0001
vn 0.0874 0.9962 -0.0000
vn 0.9851 0.1718 -0.0000
vn 0.9985 0.0550 -0.0000
vn 0.9985 0.0549 -0.0000
vn 0.5313 -0.8472 -0.0000
vn 0.5312 -0.8472 -0.0000
vn 0.9717 0.2361 -0.0000
vn 0.9513 0.3081 -0.0000
vn 0.9152 0.4029 -0.0000
vn 0.7251 0.6886 -0.0000
vn 0.8814 0.4723 -0.0000
vn 0.9960 0.0896 -0.0000
vn 0.2498 0.9683 -0.0000
vn 0.2499 0.9683 -0.0000
vn 0.9152 0.4030 -0.0000
vn -0.8238 -0.5669 -0.0093
vn -0.0000 -0.7703 -0.6377
vn -0.0000 -0.9999 -0.0163
vn -0.8077 0.0004 -0.5895
vn -0.0000 0.0006 -1.0000
vn -0.8185 -0.5745 -0.0000
vn 0.9992 0.0286 0.0273
vn 0.8231 0.4109 0.3920
vn 0.3224 0.6848 0.6535
vn 0.9151 0.4033 -0.0000
vn 0.9543 0.2163 0.2063
vn 0.0997 0.7200 0.6868
vn -0.0000 0.9999 0.0129
vn 0.8813 0.4726 -0.0000
vn 0.9850 0.1723 -0.0000
vn 0.9916 0.0934 0.0891
vn 0.9517 0.3071 -0.0000
vn 0.9571 0.2097 0.1999
vn 0.5386 -0.8425 -0.0138
vn 0.6894 -0.5580 -0.4619
vn 0.9985 0.0548 -0.0000
vn -0.0000 0.7250 0.6888
vn -0.8927 -0.3471 -0.2873
vn -0.0000 -0.0212 -0.9998
vn 0.8762 -0.0000 0.4819
vn 0.9133 -0.0000 0.4072
vn 0.5973 -0.0170 -0.8018
vn 0.5876 0.0005 -0.8092
vn -0.0000 -0.0211 -0.9998
vn -0.8154 -0.0123 -0.5788
vn -0.8184 -0.5747 -0.0000
vn 0.9730 0.2309 0.0030
vn 0.9559 -0.0000 -0.2936
vn 0.8765 -0.0000 -0.4813
vn 0.9330 0.2605 -0.2485
vn -0.0000 0.7250 -0.6887
vn 0.0001 0.0187 -0.9998
vn -0.0000 0.0187 -0.9998
vn 0.9959 0.0658 -0.0625
vn 0.9762 0.0040 -0.2170
vn 0.9519 0.3065 0.0001
vn 0.9717 0.2361 -0.0001
vn 0.9721 0.2347 -0.0000
vn 0.8815 0.4723 -0.0000
vn -0.0000 -0.7703 0.6377
vn -0.8238 -0.5669 0.0093
vn -0.0000 -0.9999 0.0163
vn -0.8077 0.0004 0.5895
vn -0.0000 0.0006 1.0000
vn 0.9992 0.0286 -0.0273
vn 0.3224 0.6849 -0.6534
vn 0.0997 0.7200 -0.6868
vn 0.8813 0.4725 -0.0000
vn -0.0000 0.9999 -0.0130
vn 0.8231 0.4109 -0.3920
vn 0.9543 0.2163 -0.2063
vn 0.9517 0.3071 0.0001
vn 0.9730 0.2309 -0.0029
vn 0.5386 -0.8425 0.0138
vn 0.9916 0.0934 -0.0891
vn -0.0000 0.7250 -0.6888
vn 0.9571 0.2097 -0.2000
vn -0.0000 -0.0212 0.9998
vn -0.8927 -0.3471 0.2873
vn 0.9134 -0.0000 -0.4071
vn 0.9981 0.0448 -0.0428
vn 0.5973 -0.0170 0.8018
vn 0.6894 -0.5580 0.4620
vn 0.5876 0.0005 0.8092
vn -0.8154 -0.0122 0.5787
vt 0.073236 0.840393
vt 0.381763 0.853062
vt 0.063800 0.853097
vt 0.090448 0.942334
vt 0.359028 0.944118
vt 0.090313 0.944118
vt 0.085425 0.824071
vt 0.381763 0.832504
vt 0.080008 0.832363
vt 0.087191 0.821245
vt 0.381763 0.824213
vt 0.579362 0.657813
vt 0.585096 0.393578
vt 0.585069 0.662397
vt 0.089907 0.949452
vt 0.359028 0.950556
vt 0.089023 0.950556
vt 0.076842 0.965767
vt 0.359028 0.978463
vt 0.064462 0.978463
vt 0.025529 0.840454
vt 0.025391 0.832397
vt 0.033347 0.832398
vt 0.577768 0.705519
vt 0.574528 0.702993
vt 0.578045 0.703092
vt 0.359028 0.949453
vt 0.578842 0.705670
vt 0.579406 0.703215
vt 0.359028 0.965767
vt 0.773754 0.161089
vt 0.775541 0.532798
vt 0.773753 0.532798
vt 0.072680 0.026998
vt 0.439739 0.030576
vt 0.072679 0.030570
vt 0.797371 0.147659
vt 0.811709 0.532798
vt 0.797371 0.532798
vt 0.961997 0.087247
vt 0.964005 0.507329
vt 0.961990 0.507329
vt 0.072680 0.025693
vt 0.439739 0.020293
vt 0.439739 0.025682
vt 0.782004 0.159872
vt 0.782004 0.532798
vt 0.934511 0.109355
vt 0.943092 0.507329
vt 0.934513 0.507329
vt 0.439739 0.026993
vt 0.943091 0.104214
vt 0.951093 0.507329
vt 0.775543 0.161006
vt 0.780888 0.532798
vt 0.780890 0.160758
vt 0.931654 0.111107
vt 0.931654 0.507329
vt 0.993456 0.018645
vt 0.996454 0.027112
vt 0.993483 0.027117
vt 0.381763 0.884888
vt 0.062062 0.887916
vt 0.062063 0.884951
vt 0.996487 0.085191
vt 0.993521 0.085192
vt 0.931683 0.048227
vt 0.934541 0.054560
vt 0.931682 0.056554
vt 0.780890 0.101223
vt 0.782005 0.108540
vt 0.780890 0.109548
vt 0.775543 0.101506
vt 0.775543 0.109831
vt 0.943122 0.040373
vt 0.951149 0.040865
vt 0.943126 0.048709
vt 0.014926 0.027247
vt 0.017253 0.025658
vt 0.017357 0.027014
vt 0.934541 0.046233
vt 0.782005 0.100216
vt 0.797371 0.094647
vt 0.014794 0.026132
vt 0.016635 0.020280
vt 0.961363 0.021045
vt 0.964076 0.027225
vt 0.962109 0.029485
vt 0.797371 0.086322
vt 0.811709 0.082002
vt 0.015043 0.030632
vt 0.017439 0.030549
vt 0.773754 0.101600
vt 0.773754 0.109925
vt 0.012689 0.884902
vt 0.005686 0.887859
vt 0.005692 0.884878
vt 0.039354 0.950556
vt 0.033231 0.965767
vt 0.025289 0.965767
vt 0.578059 0.657814
vt 0.040842 0.944119
vt 0.048315 0.949453
vt 0.040374 0.949453
vt 0.574493 0.657815
vt 0.018938 0.978463
vt 0.010996 0.978463
vt 0.047295 0.950556
vt 0.585101 0.703707
vt 0.585375 0.711305
vt 0.033692 0.821271
vt 0.039601 0.824097
vt 0.031653 0.824098
vt 0.040998 0.942334
vt 0.048784 0.944119
vt 0.017526 0.840473
vt 0.014728 0.853243
vt 0.007781 0.852330
vt 0.012836 0.855528
vt 0.005785 0.858422
vt 0.005930 0.855053
vt 0.967208 0.085199
vt 0.964012 0.085196
vt 0.381763 0.855368
vt 0.062070 0.858639
vt 0.062065 0.855444
vt 0.963715 0.018821
vt 0.967189 0.027176
vt 0.951164 0.032478
vt 0.951094 0.097320
vt 0.012760 0.858615
vt 0.381763 0.840533
vt 0.574433 0.393578
vt 0.578031 0.393578
vt 0.579358 0.393578
vt 0.012683 0.887875
vt 0.041639 0.821268
vt 0.048940 0.942334
vt 0.967198 0.507330
vt 0.996489 0.507330
vt 0.993521 0.507330
vt 0.067670 0.020312
vt 0.811709 0.136544
vt 0.013670 0.386423
vt 0.056447 0.128975
vt 0.056447 0.386423
vt 0.054639 0.039409
vt 0.062120 0.080608
vt 0.019343 0.039387
vt 0.013670 0.087753
vt 0.056447 0.087462
vt 0.279985 0.039554
vt 0.069965 0.080613
vt 0.056447 0.080608
vt 0.014445 0.040258
vt 0.013670 0.046240
vt 0.010636 0.043317
vt 0.016310 0.036464
vt 0.011411 0.037335
vt 0.279985 0.036630
vt 0.051605 0.036486
vt 0.010635 0.084829
vt 0.010636 0.386423
vt 0.381763 0.858564
vt 0.967036 0.018729
vt 0.071679 0.087462
vt 0.279985 0.128974
vt 0.071679 0.128975
vt 0.063991 0.087462
vt 0.063991 0.128975
vt 0.279985 0.080776
vt 0.279985 0.087462
vt 0.063992 0.386423
vt 0.071679 0.386423
vt 0.381759 0.774745
vt 0.690284 0.762077
vt 0.699720 0.774780
vt 0.362130 0.895014
vt 0.630708 0.893230
vt 0.630843 0.895015
vt 0.381759 0.754187
vt 0.678095 0.745754
vt 0.683512 0.754047
vt 0.381759 0.745897
vt 0.676330 0.742929
vt 0.606378 0.393599
vt 0.600643 0.129379
vt 0.606351 0.124795
vt 0.362130 0.901452
vt 0.631249 0.900349
vt 0.632132 0.901452
vt 0.362130 0.929360
vt 0.644314 0.916663
vt 0.656693 0.929359
vt 0.737990 0.762136
vt 0.738128 0.754079
vt 0.745993 0.762155
vt 0.595810 0.084201
vt 0.599050 0.081676
vt 0.599327 0.084103
vt 0.362130 0.900347
vt 0.600123 0.081525
vt 0.600688 0.083979
vt 0.362130 0.916663
vt 0.773750 0.904498
vt 0.775539 0.904581
vt 0.806904 0.027001
vt 0.806904 0.030572
vt 0.797371 0.917930
vt 0.811709 0.929045
vt 0.961989 0.927430
vt 0.964009 0.929486
vt 0.806903 0.025692
vt 0.811914 0.020311
vt 0.782004 0.905717
vt 0.934501 0.905320
vt 0.943082 0.910462
vt 0.951086 0.917357
vt 0.780887 0.904829
vt 0.931645 0.903569
vt 0.996454 0.987575
vt 0.993456 0.996042
vt 0.993482 0.987569
vt 0.701457 0.809599
vt 0.381759 0.806571
vt 0.701456 0.806633
vt 0.996489 0.929490
vt 0.993521 0.929490
vt 0.931674 0.966457
vt 0.934532 0.960123
vt 0.934532 0.968452
vt 0.780889 0.964367
vt 0.782003 0.957050
vt 0.782003 0.965375
vt 0.775542 0.964085
vt 0.780889 0.956042
vt 0.943115 0.974312
vt 0.951143 0.973820
vt 0.951158 0.982208
vt 0.864661 0.027247
vt 0.862334 0.025658
vt 0.864794 0.026132
vt 0.943118 0.965974
vt 0.797371 0.970944
vt 0.797371 0.979269
vt 0.862952 0.020279
vt 0.870973 0.020026
vt 0.961359 0.993642
vt 0.964073 0.987461
vt 0.963712 0.995866
vt 0.811709 0.983590
vt 0.811709 0.991915
vt 0.864544 0.030632
vt 0.862231 0.027014
vt 0.773753 0.963990
vt 0.775541 0.955759
vt 0.757833 0.809541
vt 0.750830 0.806584
vt 0.757827 0.806560
vt 0.687923 0.916663
vt 0.681801 0.901452
vt 0.695865 0.916663
vt 0.599342 0.129378
vt 0.672839 0.900349
vt 0.680313 0.895016
vt 0.680781 0.900349
vt 0.595776 0.129377
vt 0.730172 0.754081
vt 0.702215 0.929359
vt 0.710157 0.929359
vt 0.673859 0.901452
vt 0.606382 0.083488
vt 0.606657 0.075890
vt 0.723918 0.745779
vt 0.729827 0.742954
vt 0.731866 0.745781
vt 0.672371 0.895015
vt 0.680156 0.893231
vt 0.748791 0.774925
vt 0.755738 0.774011
vt 0.757734 0.780104
vt 0.750683 0.777210
vt 0.757589 0.776735
vt 0.967206 0.929483
vt 0.701449 0.780321
vt 0.381759 0.777052
vt 0.701454 0.777125
vt 0.967187 0.987511
vt 0.962105 0.985201
vt 0.750759 0.780296
vt 0.381759 0.762216
vt 0.595713 0.393599
vt 0.599311 0.393599
vt 0.600640 0.393599
vt 0.750837 0.809557
vt 0.721880 0.742951
vt 0.672214 0.893231
vt 0.931673 0.958130
vt 0.862148 0.030549
vt 0.773752 0.955665
vt 0.056447 0.643872
vt 0.013670 0.685093
vt 0.062121 0.692238
vt 0.054639 0.733437
vt 0.019344 0.733460
vt 0.056447 0.685385
vt 0.013670 0.726607
vt 0.069966 0.692233
vt 0.279986 0.733292
vt 0.056447 0.692238
vt 0.014445 0.732588
vt 0.010637 0.729530
vt 0.011412 0.735512
vt 0.016310 0.736383
vt 0.279986 0.736216
vt 0.051606 0.736361
vt 0.010636 0.688017
vt 0.381759 0.780246
vt 0.967033 0.995959
vt 0.279986 0.643872
vt 0.071680 0.685385
vt 0.071680 0.643872
vt 0.063992 0.685385
vt 0.063992 0.643872
vt 0.279986 0.692070
vt 0.279986 0.685385
vt 0.690281 0.840392
vt 0.699717 0.853095
vt 0.627605 0.942333
vt 0.627741 0.944117
vt 0.678092 0.824070
vt 0.683509 0.832362
vt 0.676327 0.821245
vt 0.579363 0.129377
vt 0.585069 0.124793
vt 0.628146 0.949451
vt 0.629031 0.950556
vt 0.641213 0.965767
vt 0.653592 0.978463
vt 0.737987 0.840451
vt 0.738125 0.832395
vt 0.745990 0.840470
vt 0.574529 0.084201
vt 0.577769 0.081675
vt 0.578045 0.084102
vt 0.578842 0.081525
vt 0.579406 0.083979
vt 0.819050 0.904517
vt 0.820836 0.532800
vt 0.820839 0.904600
vt 0.436224 0.013209
vt 0.803012 0.009597
vt 0.803013 0.013166
vt 0.842666 0.917947
vt 0.857005 0.532800
vt 0.857004 0.929063
vt 0.893188 0.927412
vt 0.895206 0.507335
vt 0.895211 0.929471
vt 0.803011 0.008292
vt 0.436224 0.002896
vt 0.808018 0.002915
vt 0.827299 0.905734
vt 0.842667 0.532800
vt 0.865700 0.905303
vt 0.874294 0.507335
vt 0.874281 0.910444
vt 0.436224 0.009619
vt 0.882295 0.507335
vt 0.882285 0.917338
vt 0.826183 0.532800
vt 0.826185 0.904849
vt 0.827299 0.532800
vt 0.862840 0.903548
vt 0.865714 0.507335
vt 0.927653 0.987560
vt 0.924655 0.996027
vt 0.924682 0.987554
vt 0.701456 0.887916
vt 0.701455 0.884949
vt 0.927689 0.929476
vt 0.924722 0.929475
vt 0.862873 0.966441
vt 0.865730 0.960107
vt 0.865731 0.968435
vt 0.826185 0.964384
vt 0.827299 0.957067
vt 0.827299 0.965392
vt 0.820838 0.964101
vt 0.826185 0.956059
vt 0.874314 0.974296
vt 0.882343 0.973804
vt 0.882358 0.982192
vt 0.858282 0.009608
vt 0.860841 0.008726
vt 0.860709 0.009840
vt 0.874317 0.965958
vt 0.842666 0.970961
vt 0.842666 0.979286
vt 0.859002 0.002881
vt 0.867012 0.002626
vt 0.892559 0.993626
vt 0.895273 0.987446
vt 0.894912 0.995850
vt 0.857004 0.983606
vt 0.857004 0.991931
vt 0.858199 0.013139
vt 0.860593 0.013222
vt 0.819048 0.964007
vt 0.820838 0.955776
vt 0.757833 0.887855
vt 0.750830 0.884898
vt 0.757827 0.884874
vt 0.684822 0.965767
vt 0.678700 0.950556
vt 0.692764 0.965767
vt 0.578059 0.129376
vt 0.669738 0.949453
vt 0.677212 0.944119
vt 0.677680 0.949453
vt 0.574493 0.129375
vt 0.730169 0.832396
vt 0.699115 0.978463
vt 0.707056 0.978463
vt 0.670758 0.950556
vt 0.585101 0.083487
vt 0.585375 0.075890
vt 0.723915 0.824095
vt 0.729823 0.821269
vt 0.731862 0.824096
vt 0.669270 0.944119
vt 0.677055 0.942335
vt 0.748788 0.853240
vt 0.755734 0.852326
vt 0.757731 0.858417
vt 0.750680 0.855524
vt 0.757585 0.855049
vt 0.898408 0.929468
vt 0.701448 0.858638
vt 0.701453 0.855442
vt 0.898387 0.987495
vt 0.893305 0.985185
vt 0.893191 0.507335
vt 0.750756 0.858611
vt 0.750836 0.887871
vt 0.721877 0.821267
vt 0.669114 0.942334
vt 0.898399 0.507335
vt 0.927689 0.507335
vt 0.924721 0.507335
vt 0.862872 0.958113
vt 0.858385 0.008253
vt 0.819048 0.955682
vt 0.546301 0.386423
vt 0.503524 0.128974
vt 0.546301 0.087753
vt 0.497850 0.080608
vt 0.505332 0.039409
vt 0.540627 0.039387
vt 0.503524 0.087462
vt 0.546300 0.046240
vt 0.490005 0.080613
vt 0.503524 0.080608
vt 0.545526 0.040258
vt 0.549334 0.043317
vt 0.548559 0.037335
vt 0.543661 0.036463
vt 0.508366 0.036486
vt 0.549336 0.084828
vt 0.549335 0.386423
vt 0.898233 0.995942
vt 0.488292 0.087461
vt 0.488292 0.128974
vt 0.495979 0.087461
vt 0.495979 0.128974
vt 0.495980 0.386423
vt 0.488292 0.386423
vt 0.503524 0.386423
vt 0.073236 0.762073
vt 0.063799 0.774776
vt 0.093548 0.893230
vt 0.093412 0.895015
vt 0.085425 0.745751
vt 0.080008 0.754043
vt 0.087191 0.742925
vt 0.600644 0.657805
vt 0.606351 0.662389
vt 0.093007 0.900349
vt 0.092123 0.901452
vt 0.079941 0.916663
vt 0.067562 0.929360
vt 0.025529 0.762132
vt 0.025391 0.754075
vt 0.033347 0.754076
vt 0.599050 0.705506
vt 0.595810 0.702981
vt 0.599327 0.703079
vt 0.600124 0.705657
vt 0.600688 0.703203
vt 0.819050 0.161090
vt 0.819048 0.532800
vt 0.069337 0.009597
vt 0.069336 0.013167
vt 0.842667 0.147660
vt 0.893194 0.087248
vt 0.069338 0.008293
vt 0.436224 0.008294
vt 0.827300 0.159873
vt 0.865709 0.109356
vt 0.874288 0.104215
vt 0.820839 0.161007
vt 0.826186 0.160758
vt 0.862851 0.111108
vt 0.862856 0.507335
vt 0.924654 0.018645
vt 0.927652 0.027112
vt 0.924680 0.027117
vt 0.062061 0.809599
vt 0.062062 0.806632
vt 0.927685 0.085192
vt 0.924719 0.085193
vt 0.862880 0.048228
vt 0.865738 0.054561
vt 0.862880 0.056555
vt 0.826186 0.101224
vt 0.827300 0.108541
vt 0.826186 0.109548
vt 0.820839 0.101506
vt 0.820839 0.109831
vt 0.874319 0.040374
vt 0.882347 0.040865
vt 0.874323 0.048710
vt 0.011511 0.008726
vt 0.014071 0.009608
vt 0.011643 0.009840
vt 0.865738 0.046233
vt 0.827300 0.100216
vt 0.842667 0.094647
vt 0.013350 0.002881
vt 0.013968 0.008253
vt 0.892560 0.021045
vt 0.895273 0.027225
vt 0.893306 0.029485
vt 0.842667 0.086322
vt 0.857005 0.082002
vt 0.014153 0.013139
vt 0.011759 0.013222
vt 0.819050 0.101601
vt 0.819050 0.109926
vt 0.012685 0.806581
vt 0.005680 0.809538
vt 0.005688 0.806556
vt 0.042453 0.901452
vt 0.036331 0.916663
vt 0.028389 0.916663
vt 0.599342 0.657806
vt 0.043941 0.895015
vt 0.051415 0.900349
vt 0.043473 0.900349
vt 0.595775 0.657808
vt 0.022038 0.929360
vt 0.014096 0.929360
vt 0.050395 0.901452
vt 0.606382 0.703694
vt 0.606656 0.711292
vt 0.033692 0.742949
vt 0.039601 0.745775
vt 0.031653 0.745777
vt 0.044098 0.893230
vt 0.051883 0.895015
vt 0.017525 0.762151
vt 0.014727 0.774921
vt 0.007780 0.774007
vt 0.012835 0.777206
vt 0.005784 0.780099
vt 0.005929 0.776730
vt 0.898406 0.085200
vt 0.895209 0.085197
vt 0.062069 0.780320
vt 0.062064 0.777123
vt 0.894912 0.018822
vt 0.898387 0.027176
vt 0.882361 0.032478
vt 0.882292 0.097321
vt 0.012759 0.780293
vt 0.012679 0.809554
vt 0.041639 0.742947
vt 0.052040 0.893230
vt 0.064332 0.002915
vt 0.857005 0.136545
vt 0.503524 0.643871
vt 0.505333 0.733437
vt 0.497851 0.692238
vt 0.540628 0.733460
vt 0.546301 0.685093
vt 0.503524 0.685385
vt 0.490006 0.692233
vt 0.503524 0.692238
vt 0.545527 0.732588
vt 0.546301 0.726606
vt 0.549335 0.729529
vt 0.543661 0.736383
vt 0.548560 0.735511
vt 0.508366 0.736360
vt 0.549336 0.688017
vt 0.898233 0.018729
vt 0.488292 0.685385
vt 0.488292 0.643872
vt 0.495980 0.685385
vt 0.495980 0.643872
vt 0.359028 0.942333
vt 0.381763 0.821389
vt 0.574431 0.705383
vt 0.996434 0.018638
vt 0.381763 0.887856
vt 0.008615 0.020026
vt 0.811709 0.073677
vt 0.279986 0.386423
vt 0.362130 0.893229
vt 0.381759 0.743072
vt 0.595713 0.081812
vt 0.996434 0.996049
vt 0.381759 0.809536
vt 0.574432 0.081811
vt 0.927634 0.996034
vt 0.595713 0.705370
vt 0.927632 0.018638
vt 0.005340 0.002627
vt 0.857005 0.073677
s 1
usemtl fancy_picture_frame_01
f 49/1/1 280/2/2 64/3/2
f 50/4/3 241/5/4 55/6/5
f 51/7/6 233/8/7 60/9/8
f 52/10/9 234/11/6 51/7/6
f 53/12/10 236/13/11 50/14/3
f 59/15/12 245/16/13 57/17/13
f 61/18/14 232/19/9 52/20/9
f 30/21/15 5/22/16 34/23/17
f 12/24/18 38/25/19 40/26/20
f 55/6/5 235/27/21 59/15/12
f 9/28/22 40/26/20 36/29/23
f 57/17/13 231/30/24 61/18/14
f 72/31/25 123/32/26 120/33/27
f 66/34/28 122/35/28 73/36/28
f 74/37/29 116/38/30 115/39/29
f 80/40/2 114/41/31 161/42/2
f 76/43/32 120/44/27 121/45/33
f 77/46/34 115/39/29 125/47/35
f 78/48/36 117/49/37 118/50/36
f 76/43/32 124/51/28 66/34/28
f 69/52/38 113/53/39 117/49/37
f 65/54/26 119/55/40 123/32/26
f 70/56/41 125/47/35 119/55/40
f 67/57/42 118/50/36 116/58/30
f 91/59/43 28/60/44 92/61/45
f 329/62/46 62/63/47 94/64/48
f 92/61/45 71/65/49 95/66/50
f 4/67/51 26/68/36 19/69/52
f 7/70/53 24/71/54 27/72/40
f 11/73/55 27/72/40 15/74/26
f 5/75/16 22/76/56 25/77/57
f 12/78/18 23/79/58 17/80/59
f 6/81/60 25/77/57 26/68/36
f 13/82/61 20/83/62 24/71/54
f 9/84/22 16/85/63 23/79/58
f 46/86/2 21/87/64 47/88/2
f 3/89/65 19/90/52 20/83/62
f 10/91/66 17/80/59 18/92/67
f 8/93/68 15/74/26 16/94/63
f 93/95/69 14/96/70 91/97/43
f 13/98/61 37/99/71 3/100/65
f 36/29/23 56/101/72 53/12/10
f 11/102/55 32/103/73 7/104/53
f 40/26/20 54/105/72 56/101/72
f 49/1/1 34/23/17 60/9/8
f 3/100/65 35/106/74 4/107/51
f 7/104/53 41/108/75 13/98/61
f 9/28/22 31/109/76 8/110/68
f 4/111/51 33/112/6 6/113/60
f 6/113/60 34/23/17 5/22/16
f 8/114/68 39/115/4 11/102/55
f 1/116/77 48/117/2 46/118/2
f 29/119/78 43/120/43 2/121/79
f 21/87/64 79/122/50 68/123/80
f 220/124/81 63/125/48 58/126/82
f 2/127/79 44/128/45 21/87/64
f 46/118/2 29/119/78 2/121/79
f 1/129/77 47/88/2 22/76/56
f 75/130/39 161/42/2 113/53/39
f 64/3/2 220/124/81 58/126/82
f 48/117/2 58/126/82 29/119/78
f 58/126/82 45/131/69 29/119/78
f 221/132/1 60/9/8 233/8/7
f 56/101/72 239/133/72 243/134/72
f 53/12/10 243/134/72 237/135/83
f 94/64/48 42/136/84 93/95/69
f 41/108/75 61/18/14 37/99/71
f 39/115/4 59/15/12 32/103/73
f 37/99/71 52/20/9 35/106/74
f 32/103/73 57/17/13 41/108/75
f 36/29/23 50/14/3 31/109/76
f 35/137/74 51/7/6 33/112/6
f 33/112/6 60/9/8 34/23/17
f 31/138/76 55/6/5 39/115/4
f 30/21/15 64/3/2 48/117/2
f 22/76/56 80/40/2 75/130/39
f 68/123/80 157/139/50 114/41/31
f 95/66/50 127/140/85 211/141/50
f 19/69/52 78/48/36 67/57/42
f 27/72/40 77/46/34 70/56/41
f 15/74/26 70/56/41 65/54/26
f 25/77/57 75/130/39 69/52/38
f 23/79/58 66/34/28 17/80/59
f 26/68/36 69/52/38 78/48/36
f 24/71/54 74/37/29 77/46/34
f 23/79/58 72/142/25 76/43/32
f 47/88/2 68/123/80 80/40/2
f 20/83/62 67/143/42 74/37/29
f 17/80/59 73/36/28 18/92/67
f 16/94/63 65/54/26 72/31/25
f 203/144/86 85/145/86 197/146/86
f 87/147/86 83/148/86 88/149/86
f 86/150/86 82/151/86 85/145/86
f 326/152/86 84/153/86 87/147/86
f 88/149/86 81/154/86 90/155/86
f 89/156/86 81/154/86 82/151/86
f 28/157/44 90/155/86 89/156/86
f 42/158/84 90/155/86 14/159/70
f 246/160/87 87/147/86 62/161/47
f 71/162/49 89/156/86 86/150/86
f 62/161/47 88/149/86 42/158/84
f 127/163/85 86/150/86 203/144/86
f 79/122/50 211/141/50 157/139/50
f 45/131/69 94/64/48 93/95/69
f 43/120/43 93/95/69 91/97/43
f 44/128/45 95/66/50 79/122/50
f 277/164/46 94/64/48 63/125/48
f 43/165/43 92/61/45 44/128/45
f 96/166/86 335/167/86 97/168/86
f 99/169/86 97/168/86 98/170/86
f 82/151/86 98/170/86 85/145/86
f 82/151/86 83/148/86 99/169/86
f 99/169/86 84/153/86 96/166/86
f 96/166/86 316/171/86 334/172/86
f 97/168/86 219/173/86 98/170/86
f 335/167/86 218/174/86 97/168/86
f 98/170/86 197/146/86 85/145/86
f 415/175/2 164/176/88 179/177/2
f 361/178/89 165/179/90 170/180/91
f 353/181/92 166/182/93 175/183/94
f 354/184/93 167/185/95 166/182/93
f 356/186/96 168/187/97 165/188/90
f 365/189/98 174/190/99 172/191/98
f 352/192/95 176/193/100 167/194/95
f 143/195/101 104/196/102 100/197/103
f 151/198/104 111/199/105 153/200/104
f 355/201/106 170/180/91 174/190/99
f 153/200/104 108/202/107 149/203/108
f 351/204/109 172/191/98 176/193/100
f 187/205/110 123/32/26 180/206/26
f 122/35/28 181/207/28 188/208/28
f 189/209/29 116/38/30 182/210/42
f 195/211/2 114/41/31 183/212/80
f 191/213/111 120/44/27 187/214/110
f 192/215/34 115/39/29 189/209/29
f 193/216/36 117/49/37 184/217/112
f 124/51/28 191/213/111 181/207/28
f 184/217/112 113/53/39 190/218/39
f 180/206/26 119/55/40 185/219/41
f 185/219/41 125/47/35 192/215/34
f 182/220/42 118/50/36 193/216/36
f 141/221/113 208/222/114 209/223/115
f 177/224/116 467/225/72 212/226/117
f 186/227/49 209/223/115 213/228/50
f 103/229/118 139/230/36 105/231/119
f 106/232/120 137/233/121 112/234/122
f 110/235/123 140/236/40 106/232/120
f 104/237/102 135/238/39 100/239/103
f 111/240/105 136/241/124 108/242/107
f 105/231/119 138/243/125 104/237/102
f 112/234/122 133/244/62 102/245/126
f 108/242/107 129/246/127 107/247/128
f 160/248/2 134/249/129 101/250/130
f 102/245/126 132/251/52 103/252/118
f 109/253/131 130/254/132 111/240/105
f 107/255/128 128/256/26 110/235/123
f 126/257/133 210/258/134 208/259/114
f 150/260/135 112/261/122 102/262/126
f 171/263/46 149/203/108 168/187/97
f 145/264/136 110/265/123 106/266/120
f 169/267/46 153/200/104 171/263/46
f 164/176/88 147/268/137 143/195/101
f 148/269/138 102/262/126 103/270/118
f 154/271/139 106/266/120 112/261/122
f 144/272/140 108/202/107 107/273/128
f 146/274/93 103/275/118 105/276/119
f 147/268/137 105/276/119 104/196/102
f 152/277/89 107/278/128 110/265/123
f 163/279/2 100/197/103 160/280/2
f 156/281/114 142/282/141 101/283/130
f 194/284/50 134/249/129 183/212/80
f 178/285/117 340/286/142 173/287/143
f 158/288/115 101/250/130 134/249/129
f 142/282/141 160/280/2 101/283/130
f 100/239/103 162/289/2 160/248/2
f 190/218/39 161/42/2 195/211/2
f 340/286/142 179/177/2 173/287/143
f 173/287/143 163/279/2 142/282/141
f 159/290/134 173/287/143 142/282/141
f 341/291/88 175/183/94 164/176/88
f 359/292/46 171/263/46 363/293/46
f 363/293/46 168/187/97 357/294/144
f 155/295/145 212/226/117 210/258/134
f 176/193/100 154/271/139 150/260/135
f 174/190/99 152/277/89 145/264/136
f 167/194/95 150/260/135 148/269/138
f 172/191/98 145/264/136 154/271/139
f 165/188/90 149/203/108 144/272/140
f 166/182/93 148/296/138 146/274/93
f 175/183/94 146/274/93 147/268/137
f 170/180/91 144/297/140 152/277/89
f 179/177/2 143/195/101 163/279/2
f 135/238/39 195/211/2 162/289/2
f 157/139/50 183/212/80 114/41/31
f 127/140/85 213/228/50 211/141/50
f 132/298/52 193/216/36 139/230/36
f 140/236/40 192/215/34 137/233/121
f 128/256/26 185/219/41 140/236/40
f 138/243/125 190/218/39 135/238/39
f 181/207/28 136/241/124 130/254/132
f 139/230/36 184/217/112 138/243/125
f 137/233/121 189/209/29 133/244/62
f 136/241/124 187/214/110 129/246/127
f 162/289/2 183/212/80 134/249/129
f 133/244/62 182/210/42 132/251/52
f 188/208/28 130/254/132 131/299/146
f 129/300/127 180/206/26 128/256/26
f 203/144/86 201/301/86 202/302/86
f 199/303/86 204/304/86 205/305/86
f 202/302/86 198/306/86 206/307/86
f 200/308/86 464/309/86 204/304/86
f 196/310/86 205/305/86 207/311/86
f 206/307/86 196/310/86 207/311/86
f 141/312/113 207/311/86 126/313/133
f 207/311/86 155/314/145 126/313/133
f 204/304/86 379/315/147 177/316/116
f 186/317/49 206/307/86 141/312/113
f 205/305/86 177/316/116 155/314/145
f 127/163/85 202/302/86 186/317/49
f 211/141/50 194/284/50 157/139/50
f 159/290/134 212/226/117 178/285/117
f 156/281/114 210/258/134 159/290/134
f 213/228/50 158/288/115 194/284/50
f 212/226/117 412/318/72 178/285/117
f 209/223/115 156/319/114 158/288/115
f 474/320/86 214/321/86 215/322/86
f 215/322/86 217/323/86 216/324/86
f 216/324/86 198/306/86 201/301/86
f 199/303/86 198/306/86 217/323/86
f 200/308/86 217/323/86 214/321/86
f 452/325/86 214/321/86 473/326/86
f 219/173/86 215/322/86 216/324/86
f 218/174/86 474/320/86 215/322/86
f 197/146/86 216/324/86 201/301/86
f 280/2/2 284/327/1 299/328/2
f 241/5/4 285/329/148 290/330/5
f 233/8/7 286/331/6 295/332/149
f 234/11/6 287/333/9 286/331/6
f 236/13/11 288/334/10 285/335/148
f 245/16/13 294/336/12 292/337/13
f 232/19/9 296/338/14 287/339/9
f 263/340/15 226/341/150 222/342/151
f 271/343/152 242/344/153 273/345/152
f 235/27/21 290/330/5 294/336/12
f 273/345/152 230/346/154 269/347/155
f 231/30/24 292/337/13 296/338/14
f 307/348/156 376/349/157 300/350/157
f 375/351/50 301/352/50 308/353/50
f 309/354/158 369/355/159 302/356/160
f 315/357/2 367/358/161 303/359/162
f 311/360/163 373/361/164 307/362/156
f 312/363/165 368/364/158 309/354/158
f 313/365/166 370/366/167 304/367/167
f 377/368/50 311/360/163 301/352/50
f 304/367/167 366/369/168 310/370/168
f 300/350/157 372/371/169 305/372/170
f 305/372/170 378/373/171 312/363/165
f 302/374/160 371/375/166 313/365/166
f 261/376/172 328/377/173 330/378/174
f 297/379/175 329/62/46 332/380/176
f 306/381/177 330/378/174 333/382/28
f 225/383/178 259/384/166 227/385/179
f 228/386/180 257/387/181 244/388/182
f 240/389/183 260/390/169 228/386/180
f 226/391/150 255/392/168 222/393/151
f 250/394/184 230/395/154 242/396/153
f 227/385/179 258/397/185 226/391/150
f 244/388/182 253/398/186 224/399/187
f 230/395/154 249/400/188 229/401/189
f 281/402/2 254/403/190 223/404/191
f 224/399/187 252/405/192 225/406/178
f 251/407/184 242/396/153 238/408/193
f 229/409/189 248/410/157 240/389/183
f 247/411/194 331/412/195 328/413/173
f 270/414/71 244/415/182 224/416/187
f 291/417/72 269/347/155 288/334/10
f 265/418/73 240/419/183 228/420/180
f 289/421/72 273/345/152 291/417/72
f 284/327/1 267/422/196 263/340/15
f 268/423/74 224/416/187 225/424/178
f 274/425/197 228/420/180 244/415/182
f 264/426/76 230/346/154 229/427/189
f 266/428/6 225/429/178 227/430/179
f 267/422/196 227/430/179 226/341/150
f 272/431/4 229/432/189 240/419/183
f 283/433/2 222/342/151 281/434/2
f 276/435/173 262/436/198 223/437/191
f 314/438/28 254/403/190 303/359/162
f 298/439/176 220/124/81 293/440/199
f 278/441/174 223/404/191 254/403/190
f 262/436/198 281/434/2 223/437/191
f 222/393/151 282/442/2 281/402/2
f 310/370/168 417/443/2 315/357/2
f 220/124/81 299/328/2 293/440/199
f 293/440/199 283/433/2 262/436/198
f 279/444/200 293/440/199 262/436/198
f 221/132/1 295/332/149 284/327/1
f 243/134/72 289/421/72 291/417/72
f 243/134/72 288/334/10 237/135/83
f 275/445/201 332/380/176 331/412/195
f 296/338/14 274/425/197 270/414/71
f 294/336/12 272/431/4 265/418/73
f 287/339/9 270/414/71 268/423/74
f 292/337/13 265/418/73 274/425/197
f 285/335/148 269/347/155 264/426/76
f 286/331/6 268/446/74 266/428/6
f 295/332/149 266/428/6 267/422/196
f 290/330/5 264/447/76 272/431/4
f 299/328/2 263/340/15 283/433/2
f 255/392/168 315/357/2 282/442/2
f 411/448/28 303/359/162 367/358/161
f 381/449/202 333/382/28 470/450/28
f 252/451/192 313/365/166 259/384/166
f 260/390/169 312/363/165 257/387/181
f 248/410/157 305/372/170 260/390/169
f 258/397/185 310/370/168 255/392/168
f 301/352/50 256/452/203 250/394/184
f 259/384/166 304/367/167 258/397/185
f 257/387/181 309/354/158 253/398/186
f 256/452/203 307/362/156 249/400/188
f 282/442/2 303/359/162 254/403/190
f 253/398/186 302/356/160 252/405/192
f 308/353/50 250/394/184 251/407/184
f 249/453/188 300/350/157 248/410/157
f 460/454/86 321/455/86 322/456/86
f 319/457/86 323/458/86 324/459/86
f 322/456/86 318/460/86 325/461/86
f 320/462/86 326/152/86 323/458/86
f 317/463/86 324/459/86 327/464/86
f 325/461/86 317/463/86 327/464/86
f 261/465/172 327/464/86 247/466/194
f 327/464/86 275/467/201 247/466/194
f 323/458/86 246/160/87 297/468/175
f 306/469/177 325/461/86 261/465/172
f 324/459/86 297/468/175 275/467/201
f 381/470/202 322/456/86 306/469/177
f 470/450/28 314/438/28 411/448/28
f 331/412/195 298/439/176 279/444/200
f 328/413/173 279/444/200 276/435/173
f 333/382/28 278/441/174 314/438/28
f 332/380/176 277/164/46 298/439/176
f 330/378/174 276/471/173 278/441/174
f 335/167/86 336/472/86 337/473/86
f 337/473/86 339/474/86 338/475/86
f 338/475/86 318/460/86 321/455/86
f 319/457/86 318/460/86 339/474/86
f 320/462/86 339/474/86 336/472/86
f 316/171/86 336/472/86 334/172/86
f 481/476/86 337/473/86 338/475/86
f 480/477/86 335/167/86 337/473/86
f 454/478/86 338/475/86 321/455/86
f 420/479/88 415/175/2 435/480/2
f 421/481/204 361/178/89 426/482/91
f 422/483/93 353/181/92 431/484/205
f 423/485/95 354/184/93 422/483/93
f 424/486/97 356/186/96 421/487/204
f 430/488/106 365/189/98 428/489/98
f 432/490/100 352/192/95 423/491/95
f 397/492/101 346/493/206 401/494/137
f 362/495/207 405/496/208 407/497/209
f 426/482/91 355/201/106 430/488/106
f 350/498/210 407/497/209 403/499/211
f 428/489/98 351/204/109 432/490/100
f 443/500/212 376/349/157 373/501/164
f 437/502/50 375/351/50 444/503/50
f 445/504/158 369/355/159 368/364/158
f 451/505/2 367/358/161 417/443/2
f 447/506/213 373/361/164 374/507/214
f 448/508/165 368/364/158 378/373/171
f 449/509/166 370/366/167 371/375/166
f 447/506/213 377/368/50 437/502/50
f 440/510/215 366/369/168 370/366/167
f 436/511/157 372/371/169 376/349/157
f 441/512/170 378/373/171 372/371/169
f 438/513/160 371/375/166 369/514/159
f 466/515/216 395/516/217 468/517/218
f 467/225/72 433/518/219 471/519/220
f 468/517/218 442/520/177 472/521/28
f 345/522/221 393/523/166 386/524/192
f 348/525/222 391/526/171 394/527/169
f 360/528/223 394/527/169 382/529/157
f 346/530/206 389/531/168 392/532/224
f 350/533/210 384/534/225 362/535/207
f 347/536/226 392/532/224 393/523/166
f 364/537/227 387/538/186 391/526/171
f 350/533/210 383/539/228 390/540/229
f 416/541/2 388/542/230 418/543/2
f 344/544/231 386/545/192 387/538/186
f 362/535/207 385/546/225 358/547/232
f 349/548/233 382/529/157 383/549/228
f 469/550/234 380/551/235 466/552/216
f 364/553/227 404/554/135 344/555/231
f 403/499/211 427/556/46 424/486/97
f 360/557/223 399/558/136 348/559/222
f 407/497/209 425/560/46 427/556/46
f 420/479/88 401/494/137 431/484/205
f 344/555/231 402/561/138 345/562/221
f 348/559/222 408/563/236 364/553/227
f 350/498/210 398/564/140 349/565/233
f 345/566/221 400/567/93 347/568/226
f 347/568/226 401/494/137 346/493/206
f 349/569/233 406/570/89 360/557/223
f 342/571/237 419/572/2 416/573/2
f 396/574/238 410/575/216 343/576/239
f 388/542/230 450/577/28 439/578/162
f 340/286/142 434/579/220 429/580/240
f 343/581/239 413/582/218 388/542/230
f 416/573/2 396/574/238 343/576/239
f 342/583/237 418/543/2 389/531/168
f 446/584/168 417/443/2 366/369/168
f 435/480/2 340/286/142 429/580/240
f 419/572/2 429/580/240 396/574/238
f 429/580/240 414/585/234 396/574/238
f 341/291/88 431/484/205 353/181/92
f 363/293/46 425/560/46 359/292/46
f 424/486/97 363/293/46 357/294/144
f 471/519/220 409/586/241 469/550/234
f 408/563/236 432/490/100 404/554/135
f 406/570/89 430/488/106 399/558/136
f 404/554/135 423/491/95 402/561/138
f 399/558/136 428/489/98 408/563/236
f 403/499/211 421/487/204 398/564/140
f 402/587/138 422/483/93 400/567/93
f 400/567/93 431/484/205 401/494/137
f 398/588/140 426/482/91 406/570/89
f 397/492/101 435/480/2 419/572/2
f 389/531/168 451/505/2 446/584/168
f 439/578/162 411/448/28 367/358/161
f 472/521/28 381/449/202 470/450/28
f 386/524/192 449/509/166 438/513/160
f 394/527/169 448/508/165 441/512/170
f 382/529/157 441/512/170 436/511/157
f 392/532/224 446/584/168 440/510/215
f 390/540/229 437/502/50 384/534/225
f 393/523/166 440/510/215 449/509/166
f 391/526/171 445/504/158 448/508/165
f 390/540/229 443/589/212 447/506/213
f 418/543/2 439/578/162 451/505/2
f 387/538/186 438/590/160 445/504/158
f 384/534/225 444/503/50 385/546/225
f 383/549/228 436/511/157 443/500/212
f 460/454/86 458/591/86 454/478/86
f 461/592/86 456/593/86 462/594/86
f 459/595/86 455/596/86 458/591/86
f 464/309/86 457/597/86 461/592/86
f 462/594/86 453/598/86 465/599/86
f 463/600/86 453/598/86 455/596/86
f 395/601/217 465/599/86 463/600/86
f 409/602/241 465/599/86 380/603/235
f 379/315/147 461/592/86 433/604/219
f 442/605/177 463/600/86 459/595/86
f 433/604/219 462/594/86 409/602/241
f 381/470/202 459/595/86 460/454/86
f 450/577/28 470/450/28 411/448/28
f 434/579/220 469/550/234 414/585/234
f 414/585/234 466/552/216 410/575/216
f 413/582/218 472/521/28 450/577/28
f 412/318/72 471/519/220 434/579/220
f 410/606/216 468/517/218 413/582/218
f 475/607/86 474/320/86 476/608/86
f 478/609/86 476/608/86 477/610/86
f 455/596/86 477/610/86 458/591/86
f 455/596/86 456/593/86 478/609/86
f 478/609/86 457/597/86 475/607/86
f 475/607/86 452/325/86 473/326/86
f 476/608/86 481/476/86 477/610/86
f 474/320/86 480/477/86 476/608/86
f 477/610/86 454/478/86 458/591/86
f 49/1/1 221/132/1 280/2/2
f 50/4/3 236/611/11 241/5/4
f 51/7/6 234/11/6 233/8/7
f 52/10/9 232/612/9 234/11/6
f 53/12/10 237/135/83 236/13/11
f 59/15/12 235/27/21 245/16/13
f 61/18/14 231/30/24 232/19/9
f 30/21/15 1/116/77 5/22/16
f 12/24/18 10/613/66 38/25/19
f 55/6/5 241/5/4 235/27/21
f 9/28/22 12/24/18 40/26/20
f 57/17/13 245/16/13 231/30/24
f 72/31/25 65/54/26 123/32/26
f 66/34/28 124/51/28 122/35/28
f 74/37/29 67/143/42 116/38/30
f 80/40/2 68/123/80 114/41/31
f 76/43/32 72/142/25 120/44/27
f 77/46/34 74/37/29 115/39/29
f 78/48/36 69/52/38 117/49/37
f 76/43/32 121/45/33 124/51/28
f 69/52/38 75/130/39 113/53/39
f 65/54/26 70/56/41 119/55/40
f 70/56/41 77/46/34 125/47/35
f 67/57/42 78/48/36 118/50/36
f 91/59/43 14/614/70 28/60/44
f 329/62/46 246/615/87 62/63/47
f 92/61/45 28/60/44 71/65/49
f 4/67/51 6/81/60 26/68/36
f 7/70/53 13/82/61 24/71/54
f 11/73/55 7/70/53 27/72/40
f 5/75/16 1/129/77 22/76/56
f 12/78/18 9/84/22 23/79/58
f 6/81/60 5/75/16 25/77/57
f 13/82/61 3/89/65 20/83/62
f 9/84/22 8/616/68 16/85/63
f 46/86/2 2/127/79 21/87/64
f 3/89/65 4/617/51 19/90/52
f 10/91/66 12/78/18 17/80/59
f 8/93/68 11/73/55 15/74/26
f 93/95/69 42/136/84 14/96/70
f 13/98/61 41/108/75 37/99/71
f 36/29/23 40/26/20 56/101/72
f 11/102/55 39/115/4 32/103/73
f 40/26/20 38/25/19 54/105/72
f 49/1/1 30/21/15 34/23/17
f 3/100/65 37/99/71 35/106/74
f 7/104/53 32/103/73 41/108/75
f 9/28/22 36/29/23 31/109/76
f 4/111/51 35/137/74 33/112/6
f 6/113/60 33/112/6 34/23/17
f 8/114/68 31/138/76 39/115/4
f 1/116/77 30/21/15 48/117/2
f 29/119/78 45/131/69 43/120/43
f 21/87/64 44/128/45 79/122/50
f 220/124/81 277/164/46 63/125/48
f 2/127/79 43/165/43 44/128/45
f 46/118/2 48/117/2 29/119/78
f 1/129/77 46/86/2 47/88/2
f 75/130/39 80/40/2 161/42/2
f 64/3/2 280/2/2 220/124/81
f 48/117/2 64/3/2 58/126/82
f 58/126/82 63/125/48 45/131/69
f 221/132/1 49/1/1 60/9/8
f 56/101/72 54/105/72 239/133/72
f 53/12/10 56/101/72 243/134/72
f 94/64/48 62/63/47 42/136/84
f 41/108/75 57/17/13 61/18/14
f 39/115/4 55/6/5 59/15/12
f 37/99/71 61/18/14 52/20/9
f 32/103/73 59/15/12 57/17/13
f 36/29/23 53/12/10 50/14/3
f 35/137/74 52/10/9 51/7/6
f 33/112/6 51/7/6 60/9/8
f 31/138/76 50/4/3 55/6/5
f 30/21/15 49/1/1 64/3/2
f 22/76/56 47/88/2 80/40/2
f 68/123/80 79/122/50 157/139/50
f 95/66/50 71/65/49 127/140/85
f 19/69/52 26/68/36 78/48/36
f 27/72/40 24/71/54 77/46/34
f 15/74/26 27/72/40 70/56/41
f 25/77/57 22/76/56 75/130/39
f 23/79/58 76/43/32 66/34/28
f 26/68/36 25/77/57 69/52/38
f 24/71/54 20/83/62 74/37/29
f 23/79/58 16/85/63 72/142/25
f 47/88/2 21/87/64 68/123/80
f 20/83/62 19/90/52 67/143/42
f 17/80/59 66/34/28 73/36/28
f 16/94/63 15/74/26 65/54/26
f 203/144/86 86/150/86 85/145/86
f 87/147/86 84/153/86 83/148/86
f 86/150/86 89/156/86 82/151/86
f 326/152/86 316/171/86 84/153/86
f 88/149/86 83/148/86 81/154/86
f 89/156/86 90/155/86 81/154/86
f 28/157/44 14/159/70 90/155/86
f 42/158/84 88/149/86 90/155/86
f 246/160/87 326/152/86 87/147/86
f 71/162/49 28/157/44 89/156/86
f 62/161/47 87/147/86 88/149/86
f 127/163/85 71/162/49 86/150/86
f 79/122/50 95/66/50 211/141/50
f 45/131/69 63/125/48 94/64/48
f 43/120/43 45/131/69 93/95/69
f 44/128/45 92/61/45 95/66/50
f 277/164/46 329/62/46 94/64/48
f 43/165/43 91/59/43 92/61/45
f 96/166/86 334/172/86 335/167/86
f 99/169/86 96/166/86 97/168/86
f 82/151/86 99/169/86 98/170/86
f 82/151/86 81/154/86 83/148/86
f 99/169/86 83/148/86 84/153/86
f 96/166/86 84/153/86 316/171/86
f 97/168/86 218/174/86 219/173/86
f 335/167/86 479/618/86 218/174/86
f 98/170/86 219/173/86 197/146/86
f 415/175/2 341/291/88 164/176/88
f 361/178/89 356/619/96 165/179/90
f 353/181/92 354/184/93 166/182/93
f 354/184/93 352/620/95 167/185/95
f 356/186/96 357/294/144 168/187/97
f 365/189/98 355/201/106 174/190/99
f 352/192/95 351/204/109 176/193/100
f 143/195/101 147/268/137 104/196/102
f 151/198/104 109/621/131 111/199/105
f 355/201/106 361/178/89 170/180/91
f 153/200/104 111/199/105 108/202/107
f 351/204/109 365/189/98 172/191/98
f 187/205/110 120/33/27 123/32/26
f 122/35/28 124/51/28 181/207/28
f 189/209/29 115/39/29 116/38/30
f 195/211/2 161/42/2 114/41/31
f 191/213/111 121/45/33 120/44/27
f 192/215/34 125/47/35 115/39/29
f 193/216/36 118/50/36 117/49/37
f 124/51/28 121/45/33 191/213/111
f 184/217/112 117/49/37 113/53/39
f 180/206/26 123/32/26 119/55/40
f 185/219/41 119/55/40 125/47/35
f 182/220/42 116/58/30 118/50/36
f 141/221/113 126/622/133 208/222/114
f 177/224/116 379/623/147 467/225/72
f 186/227/49 141/221/113 209/223/115
f 103/229/118 132/298/52 139/230/36
f 106/232/120 140/236/40 137/233/121
f 110/235/123 128/256/26 140/236/40
f 104/237/102 138/243/125 135/238/39
f 111/240/105 130/254/132 136/241/124
f 105/231/119 139/230/36 138/243/125
f 112/234/122 137/233/121 133/244/62
f 108/242/107 136/241/124 129/246/127
f 160/248/2 162/289/2 134/249/129
f 102/245/126 133/244/62 132/251/52
f 109/253/131 131/299/146 130/254/132
f 107/255/128 129/300/127 128/256/26
f 126/257/133 155/295/145 210/258/134
f 150/260/135 154/271/139 112/261/122
f 171/263/46 153/200/104 149/203/108
f 145/264/136 152/277/89 110/265/123
f 169/267/46 151/198/104 153/200/104
f 164/176/88 175/183/94 147/268/137
f 148/269/138 150/260/135 102/262/126
f 154/271/139 145/264/136 106/266/120
f 144/272/140 149/203/108 108/202/107
f 146/274/93 148/296/138 103/275/118
f 147/268/137 146/274/93 105/276/119
f 152/277/89 144/297/140 107/278/128
f 163/279/2 143/195/101 100/197/103
f 156/281/114 159/290/134 142/282/141
f 194/284/50 158/288/115 134/249/129
f 178/285/117 412/318/72 340/286/142
f 158/288/115 156/319/114 101/250/130
f 142/282/141 163/279/2 160/280/2
f 100/239/103 135/238/39 162/289/2
f 190/218/39 113/53/39 161/42/2
f 340/286/142 415/175/2 179/177/2
f 173/287/143 179/177/2 163/279/2
f 159/290/134 178/285/117 173/287/143
f 341/291/88 353/181/92 175/183/94
f 359/292/46 169/267/46 171/263/46
f 363/293/46 171/263/46 168/187/97
f 155/295/145 177/224/116 212/226/117
f 176/193/100 172/191/98 154/271/139
f 174/190/99 170/180/91 152/277/89
f 167/194/95 176/193/100 150/260/135
f 172/191/98 174/190/99 145/264/136
f 165/188/90 168/187/97 149/203/108
f 166/182/93 167/185/95 148/296/138
f 175/183/94 166/182/93 146/274/93
f 170/180/91 165/179/90 144/297/140
f 179/177/2 164/176/88 143/195/101
f 135/238/39 190/218/39 195/211/2
f 157/139/50 194/284/50 183/212/80
f 127/140/85 186/227/49 213/228/50
f 132/298/52 182/220/42 193/216/36
f 140/236/40 185/219/41 192/215/34
f 128/256/26 180/206/26 185/219/41
f 138/243/125 184/217/112 190/218/39
f 181/207/28 191/213/111 136/241/124
f 139/230/36 193/216/36 184/217/112
f 137/233/121 192/215/34 189/209/29
f 136/241/124 191/213/111 187/214/110
f 162/289/2 195/211/2 183/212/80
f 133/244/62 189/209/29 182/210/42
f 188/208/28 181/207/28 130/254/132
f 129/300/127 187/205/110 180/206/26
f 203/144/86 197/146/86 201/301/86
f 199/303/86 200/308/86 204/304/86
f 202/302/86 201/301/86 198/306/86
f 200/308/86 452/325/86 464/309/86
f 196/310/86 199/303/86 205/305/86
f 206/307/86 198/306/86 196/310/86
f 141/312/113 206/307/86 207/311/86
f 207/311/86 205/305/86 155/314/145
f 204/304/86 464/309/86 379/315/147
f 186/317/49 202/302/86 206/307/86
f 205/305/86 204/304/86 177/316/116
f 127/163/85 203/144/86 202/302/86
f 211/141/50 213/228/50 194/284/50
f 159/290/134 210/258/134 212/226/117
f 156/281/114 208/259/114 210/258/134
f 213/228/50 209/223/115 158/288/115
f 212/226/117 467/225/72 412/318/72
f 209/223/115 208/222/114 156/319/114
f 474/320/86 473/326/86 214/321/86
f 215/322/86 214/321/86 217/323/86
f 216/324/86 217/323/86 198/306/86
f 199/303/86 196/310/86 198/306/86
f 200/308/86 199/303/86 217/323/86
f 452/325/86 200/308/86 214/321/86
f 219/173/86 218/174/86 215/322/86
f 218/174/86 479/618/86 474/320/86
f 197/146/86 219/173/86 216/324/86
f 280/2/2 221/132/1 284/327/1
f 241/5/4 236/611/11 285/329/148
f 233/8/7 234/11/6 286/331/6
f 234/11/6 232/612/9 287/333/9
f 236/13/11 237/135/83 288/334/10
f 245/16/13 235/27/21 294/336/12
f 232/19/9 231/30/24 296/338/14
f 263/340/15 267/422/196 226/341/150
f 271/343/152 238/624/193 242/344/153
f 235/27/21 241/5/4 290/330/5
f 273/345/152 242/344/153 230/346/154
f 231/30/24 245/16/13 292/337/13
f 307/348/156 373/501/164 376/349/157
f 375/351/50 377/368/50 301/352/50
f 309/354/158 368/364/158 369/355/159
f 315/357/2 417/443/2 367/358/161
f 311/360/163 374/507/214 373/361/164
f 312/363/165 378/373/171 368/364/158
f 313/365/166 371/375/166 370/366/167
f 377/368/50 374/507/214 311/360/163
f 304/367/167 370/366/167 366/369/168
f 300/350/157 376/349/157 372/371/169
f 305/372/170 372/371/169 378/373/171
f 302/374/160 369/514/159 371/375/166
f 261/376/172 247/625/194 328/377/173
f 297/379/175 246/615/87 329/62/46
f 306/381/177 261/376/172 330/378/174
f 225/383/178 252/451/192 259/384/166
f 228/386/180 260/390/169 257/387/181
f 240/389/183 248/410/157 260/390/169
f 226/391/150 258/397/185 255/392/168
f 250/394/184 256/452/203 230/395/154
f 227/385/179 259/384/166 258/397/185
f 244/388/182 257/387/181 253/398/186
f 230/395/154 256/452/203 249/400/188
f 281/402/2 282/442/2 254/403/190
f 224/399/187 253/398/186 252/405/192
f 251/407/184 250/394/184 242/396/153
f 229/409/189 249/453/188 248/410/157
f 247/411/194 275/445/201 331/412/195
f 270/414/71 274/425/197 244/415/182
f 291/417/72 273/345/152 269/347/155
f 265/418/73 272/431/4 240/419/183
f 289/421/72 271/343/152 273/345/152
f 284/327/1 295/332/149 267/422/196
f 268/423/74 270/414/71 224/416/187
f 274/425/197 265/418/73 228/420/180
f 264/426/76 269/347/155 230/346/154
f 266/428/6 268/446/74 225/429/178
f 267/422/196 266/428/6 227/430/179
f 272/431/4 264/447/76 229/432/189
f 283/433/2 263/340/15 222/342/151
f 276/435/173 279/444/200 262/436/198
f 314/438/28 278/441/174 254/403/190
f 298/439/176 277/164/46 220/124/81
f 278/441/174 276/471/173 223/404/191
f 262/436/198 283/433/2 281/434/2
f 222/393/151 255/392/168 282/442/2
f 310/370/168 366/369/168 417/443/2
f 220/124/81 280/2/2 299/328/2
f 293/440/199 299/328/2 283/433/2
f 279/444/200 298/439/176 293/440/199
f 221/132/1 233/8/7 295/332/149
f 243/134/72 239/133/72 289/421/72
f 243/134/72 291/417/72 288/334/10
f 275/445/201 297/379/175 332/380/176
f 296/338/14 292/337/13 274/425/197
f 294/336/12 290/330/5 272/431/4
f 287/339/9 296/338/14 270/414/71
f 292/337/13 294/336/12 265/418/73
f 285/335/148 288/334/10 269/347/155
f 286/331/6 287/333/9 268/446/74
f 295/332/149 286/331/6 266/428/6
f 290/330/5 285/329/148 264/447/76
f 299/328/2 284/327/1 263/340/15
f 255/392/168 310/370/168 315/357/2
f 411/448/28 314/438/28 303/359/162
f 381/449/202 306/381/177 333/382/28
f 252/451/192 302/374/160 313/365/166
f 260/390/169 305/372/170 312/363/165
f 248/410/157 300/350/157 305/372/170
f 258/397/185 304/367/167 310/370/168
f 301/352/50 311/360/163 256/452/203
f 259/384/166 313/365/166 304/367/167
f 257/387/181 312/363/165 309/354/158
f 256/452/203 311/360/163 307/362/156
f 282/442/2 315/357/2 303/359/162
f 253/398/186 309/354/158 302/356/160
f 308/353/50 301/352/50 250/394/184
f 249/453/188 307/348/156 300/350/157
f 460/454/86 454/478/86 321/455/86
f 319/457/86 320/462/86 323/458/86
f 322/456/86 321/455/86 318/460/86
f 320/462/86 316/171/86 326/152/86
f 317/463/86 319/457/86 324/459/86
f 325/461/86 318/460/86 317/463/86
f 261/465/172 325/461/86 327/464/86
f 327/464/86 324/459/86 275/467/201
f 323/458/86 326/152/86 246/160/87
f 306/469/177 322/456/86 325/461/86
f 324/459/86 323/458/86 297/468/175
f 381/470/202 460/454/86 322/456/86
f 470/450/28 333/382/28 314/438/28
f 331/412/195 332/380/176 298/439/176
f 328/413/173 331/412/195 279/444/200
f 333/382/28 330/378/174 278/441/174
f 332/380/176 329/62/46 277/164/46
f 330/378/174 328/377/173 276/471/173
f 335/167/86 334/172/86 336/472/86
f 337/473/86 336/472/86 339/474/86
f 338/475/86 339/474/86 318/460/86
f 319/457/86 317/463/86 318/460/86
f 320/462/86 319/457/86 339/474/86
f 316/171/86 320/462/86 336/472/86
f 481/476/86 480/477/86 337/473/86
f 480/477/86 479/618/86 335/167/86
f 454/478/86 481/476/86 338/475/86
f 420/479/88 341/291/88 415/175/2
f 421/481/204 356/619/96 361/178/89
f 422/483/93 354/184/93 353/181/92
f 423/485/95 352/620/95 354/184/93
f 424/486/97 357/294/144 356/186/96
f 430/488/106 355/201/106 365/189/98
f 432/490/100 351/204/109 352/192/95
f 397/492/101 342/571/237 346/493/206
f 362/495/207 358/626/232 405/496/208
f 426/482/91 361/178/89 355/201/106
f 350/498/210 362/495/207 407/497/209
f 428/489/98 365/189/98 351/204/109
f 443/500/212 436/511/157 376/349/157
f 437/502/50 377/368/50 375/351/50
f 445/504/158 438/590/160 369/355/159
f 451/505/2 439/578/162 367/358/161
f 447/506/213 443/589/212 373/361/164
f 448/508/165 445/504/158 368/364/158
f 449/509/166 440/510/215 370/366/167
f 447/506/213 374/507/214 377/368/50
f 440/510/215 446/584/168 366/369/168
f 436/511/157 441/512/170 372/371/169
f 441/512/170 448/508/165 378/373/171
f 438/513/160 449/509/166 371/375/166
f 466/515/216 380/627/235 395/516/217
f 467/225/72 379/623/147 433/518/219
f 468/517/218 395/516/217 442/520/177
f 345/522/221 347/536/226 393/523/166
f 348/525/222 364/537/227 391/526/171
f 360/528/223 348/525/222 394/527/169
f 346/530/206 342/583/237 389/531/168
f 350/533/210 390/540/229 384/534/225
f 347/536/226 346/530/206 392/532/224
f 364/537/227 344/544/231 387/538/186
f 350/533/210 349/628/233 383/539/228
f 416/541/2 343/581/239 388/542/230
f 344/544/231 345/629/221 386/545/192
f 362/535/207 384/534/225 385/546/225
f 349/548/233 360/528/223 382/529/157
f 469/550/234 409/586/241 380/551/235
f 364/553/227 408/563/236 404/554/135
f 403/499/211 407/497/209 427/556/46
f 360/557/223 406/570/89 399/558/136
f 407/497/209 405/496/208 425/560/46
f 420/479/88 397/492/101 401/494/137
f 344/555/231 404/554/135 402/561/138
f 348/559/222 399/558/136 408/563/236
f 350/498/210 403/499/211 398/564/140
f 345/566/221 402/587/138 400/567/93
f 347/568/226 400/567/93 401/494/137
f 349/569/233 398/588/140 406/570/89
f 342/571/237 397/492/101 419/572/2
f 396/574/238 414/585/234 410/575/216
f 388/542/230 413/582/218 450/577/28
f 340/286/142 412/318/72 434/579/220
f 343/581/239 410/606/216 413/582/218
f 416/573/2 419/572/2 396/574/238
f 342/583/237 416/541/2 418/543/2
f 446/584/168 451/505/2 417/443/2
f 435/480/2 415/175/2 340/286/142
f 419/572/2 435/480/2 429/580/240
f 429/580/240 434/579/220 414/585/234
f 341/291/88 420/479/88 431/484/205
f 363/293/46 427/556/46 425/560/46
f 424/486/97 427/556/46 363/293/46
f 471/519/220 433/518/219 409/586/241
f 408/563/236 428/489/98 432/490/100
f 406/570/89 426/482/91 430/488/106
f 404/554/135 432/490/100 423/491/95
f 399/558/136 430/488/106 428/489/98
f 403/499/211 424/486/97 421/487/204
f 402/587/138 423/485/95 422/483/93
f 400/567/93 422/483/93 431/484/205
f 398/588/140 421/481/204 426/482/91
f 397/492/101 420/479/88 435/480/2
f 389/531/168 418/543/2 451/505/2
f 439/578/162 450/577/28 411/448/28
f 472/521/28 442/520/177 381/449/202
f 386/524/192 393/523/166 449/509/166
f 394/527/169 391/526/171 448/508/165
f 382/529/157 394/527/169 441/512/170
f 392/532/224 389/531/168 446/584/168
f 390/540/229 447/506/213 437/502/50
f 393/523/166 392/532/224 440/510/215
f 391/526/171 387/538/186 445/504/158
f 390/540/229 383/539/228 443/589/212
f 418/543/2 388/542/230 439/578/162
f 387/538/186 386/545/192 438/590/160
f 384/534/225 437/502/50 444/503/50
f 383/549/228 382/529/157 436/511/157
f 460/454/86 459/595/86 458/591/86
f 461/592/86 457/597/86 456/593/86
f 459/595/86 463/600/86 455/596/86
f 464/309/86 452/325/86 457/597/86
f 462/594/86 456/593/86 453/598/86
f 463/600/86 465/599/86 453/598/86
f 395/601/217 380/603/235 465/599/86
f 409/602/241 462/594/86 465/599/86
f 379/315/147 464/309/86 461/592/86
f 442/605/177 395/601/217 463/600/86
f 433/604/219 461/592/86 462/594/86
f 381/470/202 442/605/177 459/595/86
f 450/577/28 472/521/28 470/450/28
f 434/579/220 471/519/220 469/550/234
f 414/585/234 469/550/234 466/552/216
f 413/582/218 468/517/218 472/521/28
f 412/318/72 467/225/72 471/519/220
f 410/606/216 466/515/216 468/517/218
f 475/607/86 473/326/86 474/320/86
f 478/609/86 475/607/86 476/608/86
f 455/596/86 478/609/86 477/610/86
f 455/596/86 453/598/86 456/593/86
f 478/609/86 456/593/86 457/597/86
f 475/607/86 457/597/86 452/325/86
f 476/608/86 480/477/86 481/476/86
f 474/320/86 479/618/86 480/477/86
f 477/610/86 481/476/86 454/478/86
o fancy_picture_frame_01_canvas
v -3.445836 2.199143 -1.269317
v -3.445836 2.199143 -0.729942
v -3.445836 1.798855 -1.269317
v -3.445836 1.798855 -0.729942
vn 1.0000 -0.0000 -0.0000
vt 0.032255 0.874701
vt 0.968632 0.179783
vt 0.968633 0.874701
vt 0.032254 0.179784
s 1
usemtl fancy_picture_frame_01_canvas
f 483/630/242 484/631/242 482/632/242
f 483/630/242 485/633/242 484/631/242
o fancy_picture_frame_01.001
v -3.430522 2.224121 0.707760
v -3.430522 2.231396 0.699236
v -3.435719 2.205409 0.725200
v -3.436419 2.214206 0.717417
v -3.431571 2.219309 0.712588
v -3.435187 2.215461 0.716189
v -3.439807 2.196125 0.734371
v -3.444182 2.195741 0.734603
v -3.444182 2.191968 0.738670
v -3.447190 2.191968 0.738670
v -3.443085 2.195837 0.734545
v -3.444988 2.191968 0.738670
v -3.439531 2.196753 0.733751
v -3.450516 2.231396 0.699236
v -3.443085 2.195837 0.739669
v -3.444182 2.195741 0.739727
v -3.444988 2.192427 0.740160
v -3.447190 2.192427 0.740160
v -3.436419 2.214206 0.722541
v -3.435719 2.205409 0.730324
v -3.430522 2.232063 0.704390
v -3.430522 2.224121 0.712883
v -3.444182 2.192427 0.740160
v -3.439531 2.196753 0.738875
v -3.431571 2.219309 0.717712
v -3.435187 2.215461 0.721313
v -3.439807 2.196125 0.739495
v -3.450516 2.232063 0.704390
v -3.430522 2.227175 0.698485
v -3.430522 2.219233 0.707760
v -3.444182 2.190852 0.734603
v -3.439807 2.191237 0.734371
v -3.435187 2.210573 0.716189
v -3.431571 2.214421 0.712588
v -3.436419 2.209318 0.717417
v -3.444182 2.190490 0.738122
v -3.435719 2.200521 0.725200
v -3.447190 2.190490 0.738122
v -3.443085 2.190949 0.734545
v -3.444988 2.190490 0.738122
v -3.439531 2.191865 0.733751
v -3.450516 2.227175 0.698485
v -3.432487 2.231396 0.699236
v -3.432487 2.232063 0.704390
v -3.432487 2.227175 0.698485
v -3.430522 2.230161 0.700678
v -3.430522 2.230828 0.705828
v -3.430522 2.225940 0.699927
v -3.430522 2.189887 0.707760
v -3.444182 2.165305 0.734603
v -3.435186 2.182386 0.716189
v -3.436419 2.181299 0.717417
v -3.444182 2.162480 0.738122
v -3.447190 2.162480 0.738122
v -3.443085 2.165389 0.734545
v -3.444988 2.162480 0.738122
v -3.439531 2.166182 0.733751
v -3.430522 2.196766 0.698504
v -3.439807 2.165638 0.734371
v -3.431571 2.185719 0.712588
v -3.435719 2.173680 0.725200
v -3.450516 2.196766 0.698504
v -3.432487 2.196766 0.698504
v -3.430522 2.195696 0.699943
v -3.443085 2.195837 0.771167
v -3.444988 2.192427 0.774302
v -3.436419 2.214206 0.756111
v -3.430522 2.232063 0.740156
v -3.431571 2.219309 0.751866
v -3.439807 2.196125 0.771014
v -3.450516 2.232063 0.740156
v -3.444182 2.195741 0.771218
v -3.447190 2.192427 0.774302
v -3.435719 2.205409 0.762952
v -3.430522 2.224121 0.747622
v -3.444182 2.192427 0.774302
v -3.439531 2.196753 0.770469
v -3.435187 2.215461 0.755032
v -3.432487 2.232063 0.740156
v -3.430522 2.230828 0.741420
v -3.450516 2.192594 0.736519
v -3.450516 2.192594 0.742423
v -3.450516 2.187706 0.736519
v -3.450516 2.180947 0.736523
v -3.450516 2.192594 0.778190
v -3.450516 2.229450 0.742674
v -3.450516 2.194152 0.701023
v -3.450516 2.224562 0.701003
v -3.450516 2.229450 0.706908
v -3.450516 2.228782 0.701754
v -3.448689 2.231396 0.699236
v -3.448689 2.232063 0.704390
v -3.448689 2.227175 0.698485
v -3.448689 2.196766 0.698504
v -3.448689 2.232063 0.740156
v -3.450516 2.179471 0.742423
v -3.450516 2.179471 0.778190
v -3.450516 2.186094 0.778190
v -3.450516 2.186094 0.742423
v -3.430522 2.224121 1.292240
v -3.430522 2.231396 1.300764
v -3.435719 2.205409 1.274800
v -3.436419 2.214206 1.282583
v -3.431571 2.219309 1.287412
v -3.435187 2.215461 1.283811
v -3.439808 2.196125 1.265629
v -3.444183 2.195741 1.265397
v -3.444183 2.191968 1.261330
v -3.447190 2.191968 1.261330
v -3.443085 2.195837 1.265455
v -3.444988 2.191968 1.261330
v -3.439531 2.196753 1.266249
v -3.430522 2.224121 1.000000
v -3.430522 2.232063 1.000000
v -3.435719 2.205409 1.000000
v -3.436419 2.214206 1.000000
v -3.431571 2.219309 1.000000
v -3.435187 2.215461 1.000000
v -3.439807 2.196125 1.000000
v -3.444183 2.195741 1.000000
v -3.444183 2.192427 1.000000
v -3.447190 2.192427 1.000000
v -3.443085 2.195837 1.000000
v -3.444988 2.192427 1.000000
v -3.439531 2.196753 1.000000
v -3.450516 2.231396 1.300764
v -3.450516 2.232063 1.000000
v -3.443085 2.195837 1.260331
v -3.444183 2.195741 1.260273
v -3.444988 2.192427 1.259840
v -3.447190 2.192427 1.259840
v -3.436419 2.214206 1.277459
v -3.435719 2.205409 1.269676
v -3.430522 2.232063 1.295610
v -3.430522 2.224121 1.287117
v -3.444183 2.192427 1.259840
v -3.439531 2.196753 1.261125
v -3.431571 2.219309 1.282288
v -3.435187 2.215461 1.278687
v -3.439808 2.196125 1.260505
v -3.450516 2.232063 1.295610
v -3.430522 2.227175 1.301515
v -3.430522 2.219233 1.292240
v -3.444183 2.190852 1.265397
v -3.439808 2.191237 1.265629
v -3.435187 2.210573 1.283811
v -3.431571 2.214421 1.287412
v -3.436419 2.209318 1.282583
v -3.444183 2.190490 1.261878
v -3.435719 2.200521 1.274800
v -3.447190 2.190490 1.261878
v -3.443085 2.190949 1.265455
v -3.444988 2.190490 1.261878
v -3.439531 2.191865 1.266249
v -3.450516 2.227175 1.301515
v -3.432487 2.231396 1.300764
v -3.432487 2.232063 1.000000
v -3.432487 2.232063 1.295610
v -3.432487 2.227175 1.301515
v -3.430522 2.230161 1.299322
v -3.430522 2.230828 1.000000
v -3.430522 2.230828 1.294172
v -3.430522 2.225940 1.300073
v -3.430522 2.189887 1.292240
v -3.444183 2.165305 1.265397
v -3.435187 2.182386 1.283811
v -3.436419 2.181299 1.282583
v -3.444183 2.162480 1.261878
v -3.447190 2.162480 1.261878
v -3.443085 2.165389 1.265455
v -3.444988 2.162480 1.261878
v -3.439531 2.166182 1.266249
v -3.430522 2.196766 1.301496
v -3.439808 2.165638 1.265629
v -3.431571 2.185719 1.287412
v -3.435719 2.173680 1.274800
v -3.450516 2.196766 1.301496
v -3.432487 2.196766 1.301496
v -3.430522 2.195696 1.300057
v -3.443085 2.195837 1.228833
v -3.444988 2.192427 1.225698
v -3.436419 2.214206 1.243889
v -3.430522 2.232063 1.259844
v -3.431571 2.219309 1.248134
v -3.439808 2.196125 1.228986
v -3.450516 2.232063 1.259844
v -3.444183 2.195741 1.228782
v -3.447190 2.192427 1.225698
v -3.435719 2.205409 1.237048
v -3.430522 2.224121 1.252378
v -3.444183 2.192427 1.225698
v -3.439531 2.196753 1.229531
v -3.435187 2.215461 1.244968
v -3.432487 2.232063 1.259844
v -3.430522 2.230828 1.258580
v -3.450516 2.192594 1.263481
v -3.450516 2.192594 1.000000
v -3.450516 2.192594 1.257577
v -3.450516 2.187706 1.263481
v -3.450516 2.180947 1.263477
v -3.450516 2.192594 1.221810
v -3.450516 2.229450 1.257326
v -3.450516 2.229450 1.000000
v -3.450516 2.194152 1.298977
v -3.450516 2.224562 1.298997
v -3.450516 2.229450 1.293092
v -3.450516 2.228782 1.298246
v -3.448689 2.231396 1.300764
v -3.448689 2.232063 1.295610
v -3.448689 2.227175 1.301515
v -3.448689 2.232063 1.000000
v -3.448689 2.196766 1.301496
v -3.448689 2.232063 1.259844
v -3.450516 2.179471 1.257577
v -3.450516 2.179471 1.221810
v -3.450516 2.186094 1.221810
v -3.450516 2.186094 1.257577
v -3.450516 2.179471 1.000000
v -3.450516 2.186094 1.000000
v -3.430522 2.000000 0.698629
v -3.430522 2.000000 0.707760
v -3.430522 1.775879 0.707760
v -3.430522 1.768604 0.699236
v -3.435719 1.794591 0.725200
v -3.436419 1.785794 0.717417
v -3.431571 1.780691 0.712588
v -3.435186 1.784539 0.716189
v -3.439807 1.803875 0.734371
v -3.444182 1.804259 0.734603
v -3.444182 1.808032 0.738670
v -3.435719 2.000000 0.725200
v -3.436419 2.000000 0.717417
v -3.431571 2.000000 0.712588
v -3.435186 2.000000 0.716189
v -3.439807 2.000000 0.734371
v -3.444182 2.000000 0.734603
v -3.444182 2.000000 0.738122
v -3.447190 1.808032 0.738670
v -3.447190 2.000000 0.738122
v -3.443085 1.804163 0.734545
v -3.443085 2.000000 0.734545
v -3.444988 1.808032 0.738670
v -3.444988 2.000000 0.738122
v -3.439530 1.803247 0.733751
v -3.439530 2.000000 0.733751
v -3.450516 2.000000 0.698629
v -3.450516 1.768604 0.699236
v -3.443085 1.804163 0.739669
v -3.444182 1.804259 0.739727
v -3.444988 1.807573 0.740160
v -3.447190 1.807573 0.740160
v -3.436419 1.785794 0.722541
v -3.435719 1.794591 0.730324
v -3.430522 1.767937 0.704390
v -3.430522 1.775879 0.712883
v -3.444182 1.807573 0.740160
v -3.439530 1.803247 0.738875
v -3.431571 1.780691 0.717712
v -3.435186 1.784539 0.721313
v -3.439807 1.803875 0.739495
v -3.450516 1.767937 0.704390
v -3.430522 1.772825 0.698485
v -3.430522 1.780767 0.707760
v -3.444182 1.809148 0.734603
v -3.439807 1.808763 0.734371
v -3.435186 1.789427 0.716189
v -3.431571 1.785579 0.712588
v -3.436419 1.790682 0.717417
v -3.444182 1.809510 0.738122
v -3.435719 1.799479 0.725200
v -3.447190 1.809510 0.738122
v -3.443085 1.809051 0.734545
v -3.444988 1.809510 0.738122
v -3.439530 1.808135 0.733751
v -3.450516 1.772825 0.698485
v -3.432487 1.768604 0.699236
v -3.432487 2.000000 0.698629
v -3.432487 1.767937 0.704390
v -3.432487 1.772825 0.698485
v -3.430522 2.000000 0.700049
v -3.430522 1.769839 0.700678
v -3.430522 1.769171 0.705828
v -3.430522 1.774060 0.699927
v -3.430522 1.810113 0.707760
v -3.444182 1.834695 0.734603
v -3.435186 1.817614 0.716189
v -3.436419 1.818701 0.717417
v -3.444182 1.837520 0.738122
v -3.447190 1.837520 0.738122
v -3.443085 1.834611 0.734545
v -3.444988 1.837520 0.738122
v -3.439530 1.833818 0.733751
v -3.430522 1.803234 0.698504
v -3.439807 1.834362 0.734371
v -3.431571 1.814281 0.712588
v -3.435719 1.826320 0.725200
v -3.450516 1.803234 0.698504
v -3.432487 1.803234 0.698504
v -3.430522 1.804304 0.699943
v -3.443085 1.804163 0.771167
v -3.444988 1.807573 0.774302
v -3.436419 1.785794 0.756111
v -3.430522 1.767937 0.740156
v -3.431571 1.780691 0.751866
v -3.439807 1.803875 0.771014
v -3.450516 1.767937 0.740156
v -3.444182 1.804259 0.771218
v -3.447190 1.807573 0.774302
v -3.435719 1.794591 0.762952
v -3.430522 1.775879 0.747622
v -3.444182 1.807573 0.774302
v -3.439530 1.803247 0.770469
v -3.435186 1.784539 0.755032
v -3.432487 1.767937 0.740156
v -3.430522 1.769171 0.741420
v -3.450516 2.000000 0.736663
v -3.450516 1.807406 0.736519
v -3.450516 1.807406 0.742423
v -3.450516 1.812294 0.736519
v -3.450516 1.819053 0.736523
v -3.450516 1.807406 0.778190
v -3.450516 1.770550 0.742674
v -3.450516 1.805848 0.701023
v -3.450516 1.775438 0.701003
v -3.450516 1.770550 0.706908
v -3.450516 2.000000 0.701148
v -3.450516 1.771218 0.701754
v -3.448689 1.768604 0.699236
v -3.448689 2.000000 0.698629
v -3.448689 1.767937 0.704390
v -3.448689 1.772825 0.698485
v -3.448689 1.803234 0.698504
v -3.448689 1.767937 0.740156
v -3.450516 2.000000 0.742423
v -3.450516 2.000000 0.778190
v -3.450516 1.820529 0.742423
v -3.450516 1.820529 0.778190
v -3.450516 1.813906 0.778190
v -3.450516 1.813906 0.742423
v -3.430522 2.000000 1.301371
v -3.430522 2.000000 1.292240
v -3.430522 1.775879 1.292240
v -3.430522 1.768604 1.300764
v -3.435719 1.794591 1.274800
v -3.436419 1.785794 1.282583
v -3.431571 1.780691 1.287412
v -3.435187 1.784539 1.283811
v -3.439807 1.803875 1.265629
v -3.444183 1.804259 1.265397
v -3.444183 1.808032 1.261330
v -3.435719 2.000000 1.274800
v -3.436419 2.000000 1.282583
v -3.431571 2.000000 1.287412
v -3.435187 2.000000 1.283811
v -3.439807 2.000000 1.265629
v -3.444183 2.000000 1.265397
v -3.444183 2.000000 1.261878
v -3.447190 1.808032 1.261330
v -3.447190 2.000000 1.261878
v -3.443085 1.804163 1.265455
v -3.443085 2.000000 1.265455
v -3.444988 1.808032 1.261330
v -3.444988 2.000000 1.261878
v -3.439531 1.803247 1.266249
v -3.439531 2.000000 1.266249
v -3.430522 1.775879 1.000000
v -3.430522 1.767937 1.000000
v -3.435719 1.794591 1.000000
v -3.436419 1.785794 1.000000
v -3.431571 1.780691 1.000000
v -3.435186 1.784539 1.000000
v -3.439807 1.803875 1.000000
v -3.444182 1.804259 1.000000
v -3.444182 1.807573 1.000000
v -3.447190 1.807573 1.000000
v -3.443085 1.804163 1.000000
v -3.444988 1.807573 1.000000
v -3.439531 1.803247 1.000000
v -3.450516 2.000000 1.301371
v -3.450516 1.768604 1.300764
v -3.450516 1.767937 1.000000
v -3.443085 1.804163 1.260331
v -3.444183 1.804259 1.260273
v -3.444988 1.807573 1.259840
v -3.447190 1.807573 1.259840
v -3.436419 1.785794 1.277459
v -3.435719 1.794591 1.269676
v -3.430522 1.767937 1.295610
v -3.430522 1.775879 1.287117
v -3.444183 1.807573 1.259840
v -3.439531 1.803247 1.261125
v -3.431571 1.780691 1.282288
v -3.435187 1.784539 1.278687
v -3.439807 1.803875 1.260505
v -3.450516 1.767937 1.295610
v -3.430522 1.772825 1.301515
v -3.430522 1.780767 1.292240
v -3.444183 1.809148 1.265397
v -3.439807 1.808763 1.265629
v -3.435187 1.789427 1.283811
v -3.431571 1.785579 1.287412
v -3.436419 1.790682 1.282583
v -3.444183 1.809510 1.261878
v -3.435719 1.799479 1.274800
v -3.447190 1.809510 1.261878
v -3.443085 1.809051 1.265455
v -3.444988 1.809510 1.261878
v -3.439531 1.808135 1.266249
v -3.450516 1.772825 1.301515
v -3.432487 1.768604 1.300764
v -3.432487 1.767937 1.000000
v -3.432487 2.000000 1.301371
v -3.432487 1.767937 1.295610
v -3.432487 1.772825 1.301515
v -3.430522 2.000000 1.299951
v -3.430522 1.769839 1.299322
v -3.430522 1.769171 1.000000
v -3.430522 1.769171 1.294172
v -3.430522 1.774060 1.300073
v -3.430522 1.810113 1.292240
v -3.444183 1.834695 1.265397
v -3.435187 1.817614 1.283811
v -3.436419 1.818701 1.282583
v -3.444183 1.837520 1.261878
v -3.447190 1.837520 1.261878
v -3.443085 1.834611 1.265455
v -3.444988 1.837520 1.261878
v -3.439531 1.833818 1.266249
v -3.430522 1.803234 1.301496
v -3.439807 1.834362 1.265629
v -3.431571 1.814281 1.287412
v -3.435719 1.826320 1.274800
v -3.450516 1.803234 1.301496
v -3.432487 1.803234 1.301496
v -3.430522 1.804304 1.300057
v -3.443085 1.804163 1.228833
v -3.444988 1.807573 1.225698
v -3.436419 1.785794 1.243889
v -3.430522 1.767937 1.259844
v -3.431571 1.780691 1.248134
v -3.439807 1.803875 1.228986
v -3.450516 1.767937 1.259844
v -3.444182 1.804259 1.228782
v -3.447190 1.807573 1.225698
v -3.435719 1.794591 1.237048
v -3.430522 1.775879 1.252378
v -3.444182 1.807573 1.225698
v -3.439531 1.803247 1.229531
v -3.435187 1.784539 1.244968
v -3.432487 1.767937 1.259844
v -3.430522 1.769171 1.258580
v -3.450516 2.000000 1.263337
v -3.450516 1.807406 1.263481
v -3.450516 1.807406 1.000000
v -3.450516 1.807406 1.257577
v -3.450516 1.812294 1.263481
v -3.450516 1.819053 1.263477
v -3.450516 1.807406 1.221810
v -3.450516 1.770550 1.257326
v -3.450516 1.770550 1.000000
v -3.450516 1.805848 1.298977
v -3.450516 1.775438 1.298997
v -3.450516 1.770550 1.293092
v -3.450516 2.000000 1.298852
v -3.450516 1.771218 1.298246
v -3.448689 1.768604 1.300764
v -3.448689 2.000000 1.301371
v -3.448689 1.767937 1.295610
v -3.448689 1.772825 1.301515
v -3.448689 1.767937 1.000000
v -3.448689 1.803234 1.301496
v -3.448689 1.767937 1.259844
v -3.450516 2.000000 1.257577
v -3.450516 2.000000 1.221810
v -3.450516 1.820529 1.257577
v -3.450516 1.820529 1.221810
v -3.450516 1.813906 1.221810
v -3.450516 1.813906 1.257577
v -3.450516 2.000000 1.000000
v -3.450516 1.820529 1.000000
v -3.450516 1.813906 1.000000
vn 0.9967 -0.0000 0.0817
vn 1.0000 -0.0000 -0.0000
vn 0.9559 -0.0000 0.2936
vn 0.0534 -0.0000 0.9986
vn 0.0532 -0.0000 0.9986
vn 0.7058 -0.0000 0.7084
vn 0.8764 -0.0000 0.4816
vn 0.8765 -0.0000 0.4813
vn 0.9981 -0.0000 0.0623
vn 0.9748 -0.0000 0.2230
vn 0.9553 -0.0000 0.2956
vn 0.2186 -0.0000 0.9758
vn 0.9132 -0.0000 0.4075
vn 0.9834 -0.0000 0.1816
vn 0.9966 -0.0000 0.0819
vn 0.9330 -0.2605 0.2485
vn 0.8762 -0.0000 0.4820
vn -0.0000 -0.7250 0.6887
vn 0.0001 -0.0187 0.9998
vn -0.0000 -0.0187 0.9998
vn 0.2184 -0.0000 0.9758
vn 0.9959 -0.0658 0.0625
vn 0.9762 -0.0040 0.2170
vn 0.9834 -0.0000 0.1817
vn 0.9519 -0.3065 -0.0001
vn 0.0874 -0.9962 -0.0000
vn 0.9513 -0.3081 -0.0000
vn -0.0000 -1.0000 -0.0000
vn 0.9851 -0.1718 -0.0000
vn 0.9985 -0.0550 -0.0001
vn 0.5313 0.8472 0.0001
vn 0.9717 -0.2361 0.0001
vn 0.9721 -0.2347 -0.0000
vn 0.9152 -0.4029 -0.0000
vn 0.9153 -0.4028 -0.0000
vn 0.7251 -0.6886 -0.0000
vn 0.8814 -0.4723 -0.0000
vn 0.8814 -0.4724 -0.0000
vn 0.9960 -0.0896 -0.0000
vn 0.2498 -0.9683 -0.0000
vn 0.2499 -0.9683 -0.0000
vn 0.9985 -0.0549 -0.0000
vn -0.0000 0.7703 -0.6377
vn -0.8238 0.5669 -0.0093
vn -0.0000 0.9999 -0.0163
vn -0.0000 -0.0000 -1.0000
vn -0.8077 -0.0003 -0.5895
vn -0.0000 -0.0006 -1.0000
vn -0.8185 0.5745 -0.0000
vn -0.0000 1.0000 -0.0000
vn 0.9992 -0.0286 0.0273
vn 0.9985 -0.0548 -0.0000
vn 0.3224 -0.6849 0.6534
vn 0.9152 -0.4030 -0.0000
vn 0.0997 -0.7200 0.6868
vn 0.9960 -0.0897 -0.0000
vn 0.8813 -0.4726 -0.0000
vn 0.9730 -0.2309 0.0030
vn -0.0000 -0.9999 0.0130
vn 0.8231 -0.4109 0.3920
vn 0.9543 -0.2163 0.2063
vn 0.9850 -0.1723 -0.0000
vn 0.9517 -0.3071 -0.0001
vn 0.5386 0.8425 -0.0138
vn 0.9916 -0.0934 0.0891
vn -0.0000 -0.7250 0.6888
vn -0.0000 -0.9999 0.0129
vn 0.9571 -0.2097 0.2000
vn -0.0000 0.0212 -0.9998
vn -0.8927 0.3471 -0.2873
vn 0.9832 -0.0000 0.1825
vn -0.0000 -0.0000 1.0000
vn 0.2184 -0.0000 0.9759
vn 0.9981 -0.0000 0.0620
vn 0.9134 -0.0000 0.4071
vn 0.9558 -0.0000 0.2939
vn 0.9981 -0.0448 0.0428
vn 0.5973 0.0170 -0.8018
vn 0.6894 0.5580 -0.4620
vn 0.5312 0.8472 -0.0000
vn 0.5872 -0.0000 -0.8094
vn 0.5876 -0.0005 -0.8092
vn 0.9752 -0.0000 0.2214
vn -0.8154 0.0122 -0.5787
vn -0.8184 0.5747 -0.0000
vn -1.0000 -0.0000 -0.0000
vn -0.8075 -0.0000 -0.5899
vn 0.9967 -0.0000 -0.0817
vn 0.0534 -0.0000 -0.9986
vn 0.9559 0.0001 -0.2936
vn 0.0532 -0.0000 -0.9986
vn 0.8764 -0.0000 -0.4815
vn 0.7058 -0.0000 -0.7084
vn 0.8765 -0.0000 -0.4815
vn 0.9981 -0.0000 -0.0623
vn 0.9553 -0.0000 -0.2956
vn 0.9748 -0.0000 -0.2230
vn 0.9132 -0.0000 -0.4075
vn 0.2186 -0.0000 -0.9758
vn 0.9834 -0.0000 -0.1816
vn 0.9966 -0.0000 -0.0819
vn 0.9330 -0.2605 -0.2485
vn 0.9981 -0.0448 -0.0428
vn -0.0000 -0.0187 -0.9998
vn -0.0000 -0.7249 -0.6888
vn 0.2185 -0.0000 -0.9758
vn 0.9959 -0.0658 -0.0625
vn 0.9762 -0.0040 -0.2170
vn 0.9834 -0.0000 -0.1817
vn 0.9519 -0.3065 0.0001
vn 0.9717 -0.2361 -0.0000
vn 0.8815 -0.4723 -0.0000
vn -0.8238 0.5669 0.0093
vn -0.0000 0.7703 0.6377
vn -0.0000 0.9999 0.0163
vn -0.8077 -0.0004 0.5895
vn -0.0000 -0.0006 1.0000
vn 0.9992 -0.0286 -0.0273
vn 0.8231 -0.4109 -0.3920
vn 0.3224 -0.6848 -0.6535
vn 0.9151 -0.4033 -0.0000
vn 0.9543 -0.2163 -0.2063
vn 0.0997 -0.7200 -0.6868
vn 0.9730 -0.2309 -0.0029
vn 0.8813 -0.4725 -0.0000
vn 0.9916 -0.0934 -0.0891
vn 0.9517 -0.3071 -0.0000
vn 0.9571 -0.2097 -0.1999
vn 0.5386 0.8425 0.0138
vn 0.6894 0.5580 0.4619
vn -0.0000 -0.7250 -0.6888
vn -0.0000 -0.9999 -0.0130
vn -0.8927 0.3471 0.2873
vn -0.0000 0.0212 0.9998
vn 0.9832 -0.0000 -0.1825
vn 0.2184 -0.0000 -0.9759
vn 0.8762 -0.0000 -0.4819
vn 0.9981 -0.0000 -0.0620
vn 0.9133 -0.0000 -0.4072
vn 0.9558 -0.0000 -0.2939
vn 0.5973 0.0170 0.8018
vn 0.5872 -0.0000 0.8094
vn 0.5876 -0.0005 0.8092
vn 0.9752 -0.0002 -0.2214
vn -0.8154 0.0123 0.5788
vn -0.0001 -0.9999 -0.0129
vn -0.8075 -0.0000 0.5899
vn 0.9559 -0.0001 0.2936
vn 0.8764 -0.0000 0.4815
vn 0.9330 0.2605 0.2485
vn 0.9981 0.0448 0.0428
vn -0.0000 0.0187 0.9998
vn -0.0000 0.7250 0.6887
vn 0.9959 0.0658 0.0625
vn 0.9762 0.0040 0.2170
vn 0.9519 0.3065 -0.0001
vn 0.0874 0.9962 -0.0000
vn 0.9851 0.1718 -0.0000
vn 0.9985 0.0550 -0.0000
vn 0.9985 0.0549 -0.0000
vn 0.5313 -0.8472 -0.0000
vn 0.5312 -0.8472 -0.0000
vn 0.9717 0.2361 -0.0000
vn 0.9513 0.3081 -0.0000
vn 0.9152 0.4029 -0.0000
vn 0.7251 0.6886 -0.0000
vn 0.8814 0.4723 -0.0000
vn 0.9960 0.0896 -0.0000
vn 0.2498 0.9683 -0.0000
vn 0.2499 0.9683 -0.0000
vn 0.9152 0.4030 -0.0000
vn -0.8238 -0.5669 -0.0093
vn -0.0000 -0.7703 -0.6377
vn -0.0000 -0.9999 -0.0163
vn -0.8077 0.0004 -0.5895
vn -0.0000 0.0006 -1.0000
vn -0.8185 -0.5745 -0.0000
vn 0.9992 0.0286 0.0273
vn 0.8231 0.4109 0.3920
vn 0.3224 0.6848 0.6535
vn 0.9151 0.4033 -0.0000
vn 0.9543 0.2163 0.2063
vn 0.0997 0.7200 0.6868
vn -0.0000 0.9999 0.0129
vn 0.8813 0.4726 -0.0000
vn 0.9850 0.1723 -0.0000
vn 0.9916 0.0934 0.0891
vn 0.9517 0.3071 -0.0000
vn 0.9571 0.2097 0.1999
vn 0.5386 -0.8425 -0.0138
vn 0.6894 -0.5580 -0.4619
vn 0.9985 0.0548 -0.0000
vn -0.0000 0.7250 0.6888
vn -0.8927 -0.3471 -0.2873
vn -0.0000 -0.0212 -0.9998
vn 0.8762 -0.0000 0.4819
vn 0.9133 -0.0000 0.4072
vn 0.5973 -0.0170 -0.8018
vn 0.5876 0.0005 -0.8092
vn -0.0000 -0.0211 -0.9998
vn -0.8154 -0.0123 -0.5788
vn -0.8184 -0.5747 -0.0000
vn 0.9730 0.2309 0.0030
vn 0.9559 -0.0000 -0.2936
vn 0.8765 -0.0000 -0.4813
vn 0.9330 0.2605 -0.2485
vn -0.0000 0.7250 -0.6887
vn 0.0001 0.0187 -0.9998
vn -0.0000 0.0187 -0.9998
vn 0.9959 0.0658 -0.0625
vn 0.9762 0.0040 -0.2170
vn 0.9519 0.3065 0.0001
vn 0.9717 0.2361 -0.0001
vn 0.9721 0.2347 -0.0000
vn 0.8815 0.4723 -0.0000
vn -0.0000 -0.7703 0.6377
vn -0.8238 -0.5669 0.0093
vn -0.0000 -0.9999 0.0163
vn -0.8077 0.0004 0.5895
vn -0.0000 0.0006 1.0000
vn 0.9992 0.0286 -0.0273
vn 0.3224 0.6849 -0.6534
vn 0.0997 0.7200 -0.6868
vn 0.8813 0.4725 -0.0000
vn -0.0000 0.9999 -0.0130
vn 0.8231 0.4109 -0.3920
vn 0.9543 0.2163 -0.2063
vn 0.9517 0.3071 0.0001
vn 0.9730 0.2309 -0.0029
vn 0.5386 -0.8425 0.0138
vn 0.9916 0.0934 -0.0891
vn -0.0000 0.7250 -0.6888
vn 0.9571 0.2097 -0.2000
vn -0.0000 -0.0212 0.9998
vn -0.8927 -0.3471 0.2873
vn 0.9134 -0.0000 -0.4071
vn 0.9981 0.0448 -0.0428
vn 0.5973 -0.0170 0.8018
vn 0.6894 -0.5580 0.4620
vn 0.5876 0.0005 0.8092
vn -0.8154 -0.0122 0.5787
vt 0.073236 0.840393
vt 0.381763 0.853062
vt 0.063800 0.853097
vt 0.090448 0.942334
vt 0.359028 0.944118
vt 0.090313 0.944118
vt 0.085425 0.824071
vt 0.381763 0.832504
vt 0.080008 0.832363
vt 0.087191 0.821245
vt 0.381763 0.824213
vt 0.579362 0.657813
vt 0.585096 0.393578
vt 0.585069 0.662397
vt 0.089907 0.949452
vt 0.359028 0.950556
vt 0.089023 0.950556
vt 0.076842 0.965767
vt 0.359028 0.978463
vt 0.064462 0.978463
vt 0.025529 0.840454
vt 0.025391 0.832397
vt 0.033347 0.832398
vt 0.577768 0.705519
vt 0.574528 0.702993
vt 0.578045 0.703092
vt 0.359028 0.949453
vt 0.578842 0.705670
vt 0.579406 0.703215
vt 0.359028 0.965767
vt 0.773754 0.161089
vt 0.775541 0.532798
vt 0.773753 0.532798
vt 0.072680 0.026998
vt 0.439739 0.030576
vt 0.072679 0.030570
vt 0.797371 0.147659
vt 0.811709 0.532798
vt 0.797371 0.532798
vt 0.961997 0.087247
vt 0.964005 0.507329
vt 0.961990 0.507329
vt 0.072680 0.025693
vt 0.439739 0.020293
vt 0.439739 0.025682
vt 0.782004 0.159872
vt 0.782004 0.532798
vt 0.934511 0.109355
vt 0.943092 0.507329
vt 0.934513 0.507329
vt 0.439739 0.026993
vt 0.943091 0.104214
vt 0.951093 0.507329
vt 0.775543 0.161006
vt 0.780888 0.532798
vt 0.780890 0.160758
vt 0.931654 0.111107
vt 0.931654 0.507329
vt 0.993456 0.018645
vt 0.996454 0.027112
vt 0.993483 0.027117
vt 0.381763 0.884888
vt 0.062062 0.887916
vt 0.062063 0.884951
vt 0.996487 0.085191
vt 0.993521 0.085192
vt 0.931683 0.048227
vt 0.934541 0.054560
vt 0.931682 0.056554
vt 0.780890 0.101223
vt 0.782005 0.108540
vt 0.780890 0.109548
vt 0.775543 0.101506
vt 0.775543 0.109831
vt 0.943122 0.040373
vt 0.951149 0.040865
vt 0.943126 0.048709
vt 0.014926 0.027247
vt 0.017253 0.025658
vt 0.017357 0.027014
vt 0.934541 0.046233
vt 0.782005 0.100216
vt 0.797371 0.094647
vt 0.014794 0.026132
vt 0.016635 0.020280
vt 0.961363 0.021045
vt 0.964076 0.027225
vt 0.962109 0.029485
vt 0.797371 0.086322
vt 0.811709 0.082002
vt 0.015043 0.030632
vt 0.017439 0.030549
vt 0.773754 0.101600
vt 0.773754 0.109925
vt 0.012689 0.884902
vt 0.005686 0.887859
vt 0.005692 0.884878
vt 0.039354 0.950556
vt 0.033231 0.965767
vt 0.025289 0.965767
vt 0.578059 0.657814
vt 0.040842 0.944119
vt 0.048315 0.949453
vt 0.040374 0.949453
vt 0.574493 0.657815
vt 0.018938 0.978463
vt 0.010996 0.978463
vt 0.047295 0.950556
vt 0.585101 0.703707
vt 0.585375 0.711305
vt 0.033692 0.821271
vt 0.039601 0.824097
vt 0.031653 0.824098
vt 0.040998 0.942334
vt 0.048784 0.944119
vt 0.017526 0.840473
vt 0.014728 0.853243
vt 0.007781 0.852330
vt 0.012836 0.855528
vt 0.005785 0.858422
vt 0.005930 0.855053
vt 0.967208 0.085199
vt 0.964012 0.085196
vt 0.381763 0.855368
vt 0.062070 0.858639
vt 0.062065 0.855444
vt 0.963715 0.018821
vt 0.967189 0.027176
vt 0.951164 0.032478
vt 0.951094 0.097320
vt 0.012760 0.858615
vt 0.381763 0.840533
vt 0.574433 0.393578
vt 0.578031 0.393578
vt 0.579358 0.393578
vt 0.012683 0.887875
vt 0.041639 0.821268
vt 0.048940 0.942334
vt 0.967198 0.507330
vt 0.996489 0.507330
vt 0.993521 0.507330
vt 0.067670 0.020312
vt 0.811709 0.136544
vt 0.013670 0.386423
vt 0.056447 0.128975
vt 0.056447 0.386423
vt 0.054639 0.039409
vt 0.062120 0.080608
vt 0.019343 0.039387
vt 0.013670 0.087753
vt 0.056447 0.087462
vt 0.279985 0.039554
vt 0.069965 0.080613
vt 0.056447 0.080608
vt 0.014445 0.040258
vt 0.013670 0.046240
vt 0.010636 0.043317
vt 0.016310 0.036464
vt 0.011411 0.037335
vt 0.279985 0.036630
vt 0.051605 0.036486
vt 0.010635 0.084829
vt 0.010636 0.386423
vt 0.381763 0.858564
vt 0.967036 0.018729
vt 0.071679 0.087462
vt 0.279985 0.128974
vt 0.071679 0.128975
vt 0.063991 0.087462
vt 0.063991 0.128975
vt 0.279985 0.080776
vt 0.279985 0.087462
vt 0.063992 0.386423
vt 0.071679 0.386423
vt 0.381759 0.774745
vt 0.690284 0.762077
vt 0.699720 0.774780
vt 0.362130 0.895014
vt 0.630708 0.893230
vt 0.630843 0.895015
vt 0.381759 0.754187
vt 0.678095 0.745754
vt 0.683512 0.754047
vt 0.381759 0.745897
vt 0.676330 0.742929
vt 0.606378 0.393599
vt 0.600643 0.129379
vt 0.606351 0.124795
vt 0.362130 0.901452
vt 0.631249 0.900349
vt 0.632132 0.901452
vt 0.362130 0.929360
vt 0.644314 0.916663
vt 0.656693 0.929359
vt 0.737990 0.762136
vt 0.738128 0.754079
vt 0.745993 0.762155
vt 0.595810 0.084201
vt 0.599050 0.081676
vt 0.599327 0.084103
vt 0.362130 0.900347
vt 0.600123 0.081525
vt 0.600688 0.083979
vt 0.362130 0.916663
vt 0.773750 0.904498
vt 0.775539 0.904581
vt 0.806904 0.027001
vt 0.806904 0.030572
vt 0.797371 0.917930
vt 0.811709 0.929045
vt 0.961989 0.927430
vt 0.964009 0.929486
vt 0.806903 0.025692
vt 0.811914 0.020311
vt 0.782004 0.905717
vt 0.934501 0.905320
vt 0.943082 0.910462
vt 0.951086 0.917357
vt 0.780887 0.904829
vt 0.931645 0.903569
vt 0.996454 0.987575
vt 0.993456 0.996042
vt 0.993482 0.987569
vt 0.701457 0.809599
vt 0.381759 0.806571
vt 0.701456 0.806633
vt 0.996489 0.929490
vt 0.993521 0.929490
vt 0.931674 0.966457
vt 0.934532 0.960123
vt 0.934532 0.968452
vt 0.780889 0.964367
vt 0.782003 0.957050
vt 0.782003 0.965375
vt 0.775542 0.964085
vt 0.780889 0.956042
vt 0.943115 0.974312
vt 0.951143 0.973820
vt 0.951158 0.982208
vt 0.864661 0.027247
vt 0.862334 0.025658
vt 0.864794 0.026132
vt 0.943118 0.965974
vt 0.797371 0.970944
vt 0.797371 0.979269
vt 0.862952 0.020279
vt 0.870973 0.020026
vt 0.961359 0.993642
vt 0.964073 0.987461
vt 0.963712 0.995866
vt 0.811709 0.983590
vt 0.811709 0.991915
vt 0.864544 0.030632
vt 0.862231 0.027014
vt 0.773753 0.963990
vt 0.775541 0.955759
vt 0.757833 0.809541
vt 0.750830 0.806584
vt 0.757827 0.806560
vt 0.687923 0.916663
vt 0.681801 0.901452
vt 0.695865 0.916663
vt 0.599342 0.129378
vt 0.672839 0.900349
vt 0.680313 0.895016
vt 0.680781 0.900349
vt 0.595776 0.129377
vt 0.730172 0.754081
vt 0.702215 0.929359
vt 0.710157 0.929359
vt 0.673859 0.901452
vt 0.606382 0.083488
vt 0.606657 0.075890
vt 0.723918 0.745779
vt 0.729827 0.742954
vt 0.731866 0.745781
vt 0.672371 0.895015
vt 0.680156 0.893231
vt 0.748791 0.774925
vt 0.755738 0.774011
vt 0.757734 0.780104
vt 0.750683 0.777210
vt 0.757589 0.776735
vt 0.967206 0.929483
vt 0.701449 0.780321
vt 0.381759 0.777052
vt 0.701454 0.777125
vt 0.967187 0.987511
vt 0.962105 0.985201
vt 0.750759 0.780296
vt 0.381759 0.762216
vt 0.595713 0.393599
vt 0.599311 0.393599
vt 0.600640 0.393599
vt 0.750837 0.809557
vt 0.721880 0.742951
vt 0.672214 0.893231
vt 0.931673 0.958130
vt 0.862148 0.030549
vt 0.773752 0.955665
vt 0.056447 0.643872
vt 0.013670 0.685093
vt 0.062121 0.692238
vt 0.054639 0.733437
vt 0.019344 0.733460
vt 0.056447 0.685385
vt 0.013670 0.726607
vt 0.069966 0.692233
vt 0.279986 0.733292
vt 0.056447 0.692238
vt 0.014445 0.732588
vt 0.010637 0.729530
vt 0.011412 0.735512
vt 0.016310 0.736383
vt 0.279986 0.736216
vt 0.051606 0.736361
vt 0.010636 0.688017
vt 0.381759 0.780246
vt 0.967033 0.995959
vt 0.279986 0.643872
vt 0.071680 0.685385
vt 0.071680 0.643872
vt 0.063992 0.685385
vt 0.063992 0.643872
vt 0.279986 0.692070
vt 0.279986 0.685385
vt 0.690281 0.840392
vt 0.699717 0.853095
vt 0.627605 0.942333
vt 0.627741 0.944117
vt 0.678092 0.824070
vt 0.683509 0.832362
vt 0.676327 0.821245
vt 0.579363 0.129377
vt 0.585069 0.124793
vt 0.628146 0.949451
vt 0.629031 0.950556
vt 0.641213 0.965767
vt 0.653592 0.978463
vt 0.737987 0.840451
vt 0.738125 0.832395
vt 0.745990 0.840470
vt 0.574529 0.084201
vt 0.577769 0.081675
vt 0.578045 0.084102
vt 0.578842 0.081525
vt 0.579406 0.083979
vt 0.819050 0.904517
vt 0.820836 0.532800
vt 0.820839 0.904600
vt 0.436224 0.013209
vt 0.803012 0.009597
vt 0.803013 0.013166
vt 0.842666 0.917947
vt 0.857005 0.532800
vt 0.857004 0.929063
vt 0.893188 0.927412
vt 0.895206 0.507335
vt 0.895211 0.929471
vt 0.803011 0.008292
vt 0.436224 0.002896
vt 0.808018 0.002915
vt 0.827299 0.905734
vt 0.842667 0.532800
vt 0.865700 0.905303
vt 0.874294 0.507335
vt 0.874281 0.910444
vt 0.436224 0.009619
vt 0.882295 0.507335
vt 0.882285 0.917338
vt 0.826183 0.532800
vt 0.826185 0.904849
vt 0.827299 0.532800
vt 0.862840 0.903548
vt 0.865714 0.507335
vt 0.927653 0.987560
vt 0.924655 0.996027
vt 0.924682 0.987554
vt 0.701456 0.887916
vt 0.701455 0.884949
vt 0.927689 0.929476
vt 0.924722 0.929475
vt 0.862873 0.966441
vt 0.865730 0.960107
vt 0.865731 0.968435
vt 0.826185 0.964384
vt 0.827299 0.957067
vt 0.827299 0.965392
vt 0.820838 0.964101
vt 0.826185 0.956059
vt 0.874314 0.974296
vt 0.882343 0.973804
vt 0.882358 0.982192
vt 0.858282 0.009608
vt 0.860841 0.008726
vt 0.860709 0.009840
vt 0.874317 0.965958
vt 0.842666 0.970961
vt 0.842666 0.979286
vt 0.859002 0.002881
vt 0.867012 0.002626
vt 0.892559 0.993626
vt 0.895273 0.987446
vt 0.894912 0.995850
vt 0.857004 0.983606
vt 0.857004 0.991931
vt 0.858199 0.013139
vt 0.860593 0.013222
vt 0.819048 0.964007
vt 0.820838 0.955776
vt 0.757833 0.887855
vt 0.750830 0.884898
vt 0.757827 0.884874
vt 0.684822 0.965767
vt 0.678700 0.950556
vt 0.692764 0.965767
vt 0.578059 0.129376
vt 0.669738 0.949453
vt 0.677212 0.944119
vt 0.677680 0.949453
vt 0.574493 0.129375
vt 0.730169 0.832396
vt 0.699115 0.978463
vt 0.707056 0.978463
vt 0.670758 0.950556
vt 0.585101 0.083487
vt 0.585375 0.075890
vt 0.723915 0.824095
vt 0.729823 0.821269
vt 0.731862 0.824096
vt 0.669270 0.944119
vt 0.677055 0.942335
vt 0.748788 0.853240
vt 0.755734 0.852326
vt 0.757731 0.858417
vt 0.750680 0.855524
vt 0.757585 0.855049
vt 0.898408 0.929468
vt 0.701448 0.858638
vt 0.701453 0.855442
vt 0.898387 0.987495
vt 0.893305 0.985185
vt 0.893191 0.507335
vt 0.750756 0.858611
vt 0.750836 0.887871
vt 0.721877 0.821267
vt 0.669114 0.942334
vt 0.898399 0.507335
vt 0.927689 0.507335
vt 0.924721 0.507335
vt 0.862872 0.958113
vt 0.858385 0.008253
vt 0.819048 0.955682
vt 0.546301 0.386423
vt 0.503524 0.128974
vt 0.546301 0.087753
vt 0.497850 0.080608
vt 0.505332 0.039409
vt 0.540627 0.039387
vt 0.503524 0.087462
vt 0.546300 0.046240
vt 0.490005 0.080613
vt 0.503524 0.080608
vt 0.545526 0.040258
vt 0.549334 0.043317
vt 0.548559 0.037335
vt 0.543661 0.036463
vt 0.508366 0.036486
vt 0.549336 0.084828
vt 0.549335 0.386423
vt 0.898233 0.995942
vt 0.488292 0.087461
vt 0.488292 0.128974
vt 0.495979 0.087461
vt 0.495979 0.128974
vt 0.495980 0.386423
vt 0.488292 0.386423
vt 0.503524 0.386423
vt 0.073236 0.762073
vt 0.063799 0.774776
vt 0.093548 0.893230
vt 0.093412 0.895015
vt 0.085425 0.745751
vt 0.080008 0.754043
vt 0.087191 0.742925
vt 0.600644 0.657805
vt 0.606351 0.662389
vt 0.093007 0.900349
vt 0.092123 0.901452
vt 0.079941 0.916663
vt 0.067562 0.929360
vt 0.025529 0.762132
vt 0.025391 0.754075
vt 0.033347 0.754076
vt 0.599050 0.705506
vt 0.595810 0.702981
vt 0.599327 0.703079
vt 0.600124 0.705657
vt 0.600688 0.703203
vt 0.819050 0.161090
vt 0.819048 0.532800
vt 0.069337 0.009597
vt 0.069336 0.013167
vt 0.842667 0.147660
vt 0.893194 0.087248
vt 0.069338 0.008293
vt 0.436224 0.008294
vt 0.827300 0.159873
vt 0.865709 0.109356
vt 0.874288 0.104215
vt 0.820839 0.161007
vt 0.826186 0.160758
vt 0.862851 0.111108
vt 0.862856 0.507335
vt 0.924654 0.018645
vt 0.927652 0.027112
vt 0.924680 0.027117
vt 0.062061 0.809599
vt 0.062062 0.806632
vt 0.927685 0.085192
vt 0.924719 0.085193
vt 0.862880 0.048228
vt 0.865738 0.054561
vt 0.862880 0.056555
vt 0.826186 0.101224
vt 0.827300 0.108541
vt 0.826186 0.109548
vt 0.820839 0.101506
vt 0.820839 0.109831
vt 0.874319 0.040374
vt 0.882347 0.040865
vt 0.874323 0.048710
vt 0.011511 0.008726
vt 0.014071 0.009608
vt 0.011643 0.009840
vt 0.865738 0.046233
vt 0.827300 0.100216
vt 0.842667 0.094647
vt 0.013350 0.002881
vt 0.013968 0.008253
vt 0.892560 0.021045
vt 0.895273 0.027225
vt 0.893306 0.029485
vt 0.842667 0.086322
vt 0.857005 0.082002
vt 0.014153 0.013139
vt 0.011759 0.013222
vt 0.819050 0.101601
vt 0.819050 0.109926
vt 0.012685 0.806581
vt 0.005680 0.809538
vt 0.005688 0.806556
vt 0.042453 0.901452
vt 0.036331 0.916663
vt 0.028389 0.916663
vt 0.599342 0.657806
vt 0.043941 0.895015
vt 0.051415 0.900349
vt 0.043473 0.900349
vt 0.595775 0.657808
vt 0.022038 0.929360
vt 0.014096 0.929360
vt 0.050395 0.901452
vt 0.606382 0.703694
vt 0.606656 0.711292
vt 0.033692 0.742949
vt 0.039601 0.745775
vt 0.031653 0.745777
vt 0.044098 0.893230
vt 0.051883 0.895015
vt 0.017525 0.762151
vt 0.014727 0.774921
vt 0.007780 0.774007
vt 0.012835 0.777206
vt 0.005784 0.780099
vt 0.005929 0.776730
vt 0.898406 0.085200
vt 0.895209 0.085197
vt 0.062069 0.780320
vt 0.062064 0.777123
vt 0.894912 0.018822
vt 0.898387 0.027176
vt 0.882361 0.032478
vt 0.882292 0.097321
vt 0.012759 0.780293
vt 0.012679 0.809554
vt 0.041639 0.742947
vt 0.052040 0.893230
vt 0.064332 0.002915
vt 0.857005 0.136545
vt 0.503524 0.643871
vt 0.505333 0.733437
vt 0.497851 0.692238
vt 0.540628 0.733460
vt 0.546301 0.685093
vt 0.503524 0.685385
vt 0.490006 0.692233
vt 0.503524 0.692238
vt 0.545527 0.732588
vt 0.546301 0.726606
vt 0.549335 0.729529
vt 0.543661 0.736383
vt 0.548560 0.735511
vt 0.508366 0.736360
vt 0.549336 0.688017
vt 0.898233 0.018729
vt 0.488292 0.685385
vt 0.488292 0.643872
vt 0.495980 0.685385
vt 0.495980 0.643872
vt 0.359028 0.942333
vt 0.381763 0.821389
vt 0.574431 0.705383
vt 0.996434 0.018638
vt 0.381763 0.887856
vt 0.008615 0.020026
vt 0.811709 0.073677
vt 0.279986 0.386423
vt 0.362130 0.893229
vt 0.381759 0.743072
vt 0.595713 0.081812
vt 0.996434 0.996049
vt 0.381759 0.809536
vt 0.574432 0.081811
vt 0.927634 0.996034
vt 0.595713 0.705370
vt 0.927632 0.018638
vt 0.005340 0.002627
vt 0.857005 0.073677
s 1
usemtl fancy_picture_frame_01.001
f 534/634/243 765/635/244 549/636/244
f 535/637/245 726/638/246 540/639/247
f 536/640/248 718/641/249 545/642/250
f 537/643/251 719/644/248 536/640/248
f 538/645/252 721/646/253 535/647/245
f 544/648/254 730/649/255 542/650/255
f 546/651/256 717/652/251 537/653/251
f 515/654/257 490/655/258 519/656/259
f 497/657/260 523/658/261 525/659/262
f 540/639/247 720/660/263 544/648/254
f 494/661/264 525/659/262 521/662/265
f 542/650/255 716/663/266 546/651/256
f 557/664/267 608/665/268 605/666/269
f 551/667/270 607/668/270 558/669/270
f 559/670/271 601/671/272 600/672/271
f 565/673/244 599/674/273 646/675/244
f 561/676/274 605/677/269 606/678/275
f 562/679/276 600/672/271 610/680/277
f 563/681/278 602/682/279 603/683/278
f 561/676/274 609/684/270 551/667/270
f 554/685/280 598/686/281 602/682/279
f 550/687/268 604/688/282 608/665/268
f 555/689/283 610/680/277 604/688/282
f 552/690/284 603/683/278 601/691/272
f 576/692/285 513/693/286 577/694/287
f 814/695/288 547/696/289 579/697/290
f 577/694/287 556/698/291 580/699/292
f 489/700/293 511/701/278 504/702/294
f 492/703/295 509/704/296 512/705/282
f 496/706/297 512/705/282 500/707/268
f 490/708/258 507/709/298 510/710/299
f 497/711/260 508/712/300 502/713/301
f 491/714/302 510/710/299 511/701/278
f 498/715/303 505/716/304 509/704/296
f 494/717/264 501/718/305 508/712/300
f 531/719/244 506/720/306 532/721/244
f 488/722/307 504/723/294 505/716/304
f 495/724/308 502/713/301 503/725/309
f 493/726/310 500/707/268 501/727/305
f 578/728/311 499/729/312 576/730/285
f 498/731/303 522/732/313 488/733/307
f 521/662/265 541/734/314 538/645/252
f 496/735/297 517/736/315 492/737/295
f 525/659/262 539/738/314 541/734/314
f 534/634/243 519/656/259 545/642/250
f 488/733/307 520/739/316 489/740/293
f 492/737/295 526/741/317 498/731/303
f 494/661/264 516/742/318 493/743/310
f 489/744/293 518/745/248 491/746/302
f 491/746/302 519/656/259 490/655/258
f 493/747/310 524/748/246 496/735/297
f 486/749/319 533/750/244 531/751/244
f 514/752/320 528/753/285 487/754/321
f 506/720/306 564/755/292 553/756/322
f 705/757/323 548/758/290 543/759/324
f 487/760/321 529/761/287 506/720/306
f 531/751/244 514/752/320 487/754/321
f 486/762/319 532/721/244 507/709/298
f 560/763/281 646/675/244 598/686/281
f 549/636/244 705/757/323 543/759/324
f 533/750/244 543/759/324 514/752/320
f 543/759/324 530/764/311 514/752/320
f 706/765/243 545/642/250 718/641/249
f 541/734/314 724/766/314 728/767/314
f 538/645/252 728/767/314 722/768/325
f 579/697/290 527/769/326 578/728/311
f 526/741/317 546/651/256 522/732/313
f 524/748/246 544/648/254 517/736/315
f 522/732/313 537/653/251 520/739/316
f 517/736/315 542/650/255 526/741/317
f 521/662/265 535/647/245 516/742/318
f 520/770/316 536/640/248 518/745/248
f 518/745/248 545/642/250 519/656/259
f 516/771/318 540/639/247 524/748/246
f 515/654/257 549/636/244 533/750/244
f 507/709/298 565/673/244 560/763/281
f 553/756/322 642/772/292 599/674/273
f 580/699/292 612/773/327 696/774/292
f 504/702/294 563/681/278 552/690/284
f 512/705/282 562/679/276 555/689/283
f 500/707/268 555/689/283 550/687/268
f 510/710/299 560/763/281 554/685/280
f 508/712/300 551/667/270 502/713/301
f 511/701/278 554/685/280 563/681/278
f 509/704/296 559/670/271 562/679/276
f 508/712/300 557/775/267 561/676/274
f 532/721/244 553/756/322 565/673/244
f 505/716/304 552/776/284 559/670/271
f 502/713/301 558/669/270 503/725/309
f 501/727/305 550/687/268 557/664/267
f 688/777/328 570/778/328 682/779/328
f 572/780/328 568/781/328 573/782/328
f 571/783/328 567/784/328 570/778/328
f 811/785/328 569/786/328 572/780/328
f 573/782/328 566/787/328 575/788/328
f 574/789/328 566/787/328 567/784/328
f 513/790/286 575/788/328 574/789/328
f 527/791/326 575/788/328 499/792/312
f 731/793/329 572/780/328 547/794/289
f 556/795/291 574/789/328 571/783/328
f 547/794/289 573/782/328 527/791/326
f 612/796/327 571/783/328 688/777/328
f 564/755/292 696/774/292 642/772/292
f 530/764/311 579/697/290 578/728/311
f 528/753/285 578/728/311 576/730/285
f 529/761/287 580/699/292 564/755/292
f 762/797/288 579/697/290 548/758/290
f 528/798/285 577/694/287 529/761/287
f 581/799/328 820/800/328 582/801/328
f 584/802/328 582/801/328 583/803/328
f 567/784/328 583/803/328 570/778/328
f 567/784/328 568/781/328 584/802/328
f 584/802/328 569/786/328 581/799/328
f 581/799/328 801/804/328 819/805/328
f 582/801/328 704/806/328 583/803/328
f 820/800/328 703/807/328 582/801/328
f 583/803/328 682/779/328 570/778/328
f 900/808/244 649/809/330 664/810/244
f 846/811/331 650/812/332 655/813/333
f 838/814/334 651/815/335 660/816/336
f 839/817/335 652/818/337 651/815/335
f 841/819/338 653/820/339 650/821/332
f 850/822/340 659/823/341 657/824/340
f 837/825/337 661/826/342 652/827/337
f 628/828/343 589/829/344 585/830/345
f 636/831/346 596/832/347 638/833/346
f 840/834/348 655/813/333 659/823/341
f 638/833/346 593/835/349 634/836/350
f 836/837/351 657/824/340 661/826/342
f 672/838/352 608/665/268 665/839/268
f 607/668/270 666/840/270 673/841/270
f 674/842/271 601/671/272 667/843/284
f 680/844/244 599/674/273 668/845/322
f 676/846/353 605/677/269 672/847/352
f 677/848/276 600/672/271 674/842/271
f 678/849/278 602/682/279 669/850/354
f 609/684/270 676/846/353 666/840/270
f 669/850/354 598/686/281 675/851/281
f 665/839/268 604/688/282 670/852/283
f 670/852/283 610/680/277 677/848/276
f 667/853/284 603/683/278 678/849/278
f 626/854/355 693/855/356 694/856/357
f 662/857/358 952/858/314 697/859/359
f 671/860/291 694/856/357 698/861/292
f 588/862/360 624/863/278 590/864/361
f 591/865/362 622/866/363 597/867/364
f 595/868/365 625/869/282 591/865/362
f 589/870/344 620/871/281 585/872/345
f 596/873/347 621/874/366 593/875/349
f 590/864/361 623/876/367 589/870/344
f 597/867/364 618/877/304 587/878/368
f 593/875/349 614/879/369 592/880/370
f 645/881/244 619/882/371 586/883/372
f 587/878/368 617/884/294 588/885/360
f 594/886/373 615/887/374 596/873/347
f 592/888/370 613/889/268 595/868/365
f 611/890/375 695/891/376 693/892/356
f 635/893/377 597/894/364 587/895/368
f 656/896/288 634/836/350 653/820/339
f 630/897/378 595/898/365 591/899/362
f 654/900/288 638/833/346 656/896/288
f 649/809/330 632/901/379 628/828/343
f 633/902/380 587/895/368 588/903/360
f 639/904/381 591/899/362 597/894/364
f 629/905/382 593/835/349 592/906/370
f 631/907/335 588/908/360 590/909/361
f 632/901/379 590/909/361 589/829/344
f 637/910/331 592/911/370 595/898/365
f 648/912/244 585/830/345 645/913/244
f 641/914/356 627/915/383 586/916/372
f 679/917/292 619/882/371 668/845/322
f 663/918/359 825/919/384 658/920/385
f 643/921/357 586/883/372 619/882/371
f 627/915/383 645/913/244 586/916/372
f 585/872/345 647/922/244 645/881/244
f 675/851/281 646/675/244 680/844/244
f 825/919/384 664/810/244 658/920/385
f 658/920/385 648/912/244 627/915/383
f 644/923/376 658/920/385 627/915/383
f 826/924/330 660/816/336 649/809/330
f 844/925/288 656/896/288 848/926/288
f 848/926/288 653/820/339 842/927/386
f 640/928/387 697/859/359 695/891/376
f 661/826/342 639/904/381 635/893/377
f 659/823/341 637/910/331 630/897/378
f 652/827/337 635/893/377 633/902/380
f 657/824/340 630/897/378 639/904/381
f 650/821/332 634/836/350 629/905/382
f 651/815/335 633/929/380 631/907/335
f 660/816/336 631/907/335 632/901/379
f 655/813/333 629/930/382 637/910/331
f 664/810/244 628/828/343 648/912/244
f 620/871/281 680/844/244 647/922/244
f 642/772/292 668/845/322 599/674/273
f 612/773/327 698/861/292 696/774/292
f 617/931/294 678/849/278 624/863/278
f 625/869/282 677/848/276 622/866/363
f 613/889/268 670/852/283 625/869/282
f 623/876/367 675/851/281 620/871/281
f 666/840/270 621/874/366 615/887/374
f 624/863/278 669/850/354 623/876/367
f 622/866/363 674/842/271 618/877/304
f 621/874/366 672/847/352 614/879/369
f 647/922/244 668/845/322 619/882/371
f 618/877/304 667/843/284 617/884/294
f 673/841/270 615/887/374 616/932/388
f 614/933/369 665/839/268 613/889/268
f 688/777/328 686/934/328 687/935/328
f 684/936/328 689/937/328 690/938/328
f 687/935/328 683/939/328 691/940/328
f 685/941/328 949/942/328 689/937/328
f 681/943/328 690/938/328 692/944/328
f 691/940/328 681/943/328 692/944/328
f 626/945/355 692/944/328 611/946/375
f 692/944/328 640/947/387 611/946/375
f 689/937/328 864/948/389 662/949/358
f 671/950/291 691/940/328 626/945/355
f 690/938/328 662/949/358 640/947/387
f 612/796/327 687/935/328 671/950/291
f 696/774/292 679/917/292 642/772/292
f 644/923/376 697/859/359 663/918/359
f 641/914/356 695/891/376 644/923/376
f 698/861/292 643/921/357 679/917/292
f 697/859/359 897/951/314 663/918/359
f 694/856/357 641/952/356 643/921/357
f 959/953/328 699/954/328 700/955/328
f 700/955/328 702/956/328 701/957/328
f 701/957/328 683/939/328 686/934/328
f 684/936/328 683/939/328 702/956/328
f 685/941/328 702/956/328 699/954/328
f 937/958/328 699/954/328 958/959/328
f 704/806/328 700/955/328 701/957/328
f 703/807/328 959/953/328 700/955/328
f 682/779/328 701/957/328 686/934/328
f 765/635/244 769/960/243 784/961/244
f 726/638/246 770/962/390 775/963/247
f 718/641/249 771/964/248 780/965/391
f 719/644/248 772/966/251 771/964/248
f 721/646/253 773/967/252 770/968/390
f 730/649/255 779/969/254 777/970/255
f 717/652/251 781/971/256 772/972/251
f 748/973/257 711/974/392 707/975/393
f 756/976/394 727/977/395 758/978/394
f 720/660/263 775/963/247 779/969/254
f 758/978/394 715/979/396 754/980/397
f 716/663/266 777/970/255 781/971/256
f 792/981/398 861/982/399 785/983/399
f 860/984/292 786/985/292 793/986/292
f 794/987/400 854/988/401 787/989/402
f 800/990/244 852/991/403 788/992/404
f 796/993/405 858/994/406 792/995/398
f 797/996/407 853/997/400 794/987/400
f 798/998/408 855/999/409 789/1000/409
f 862/1001/292 796/993/405 786/985/292
f 789/1000/409 851/1002/410 795/1003/410
f 785/983/399 857/1004/411 790/1005/412
f 790/1005/412 863/1006/413 797/996/407
f 787/1007/402 856/1008/408 798/998/408
f 746/1009/414 813/1010/415 815/1011/416
f 782/1012/417 814/695/288 817/1013/418
f 791/1014/419 815/1011/416 818/1015/270
f 710/1016/420 744/1017/408 712/1018/421
f 713/1019/422 742/1020/423 729/1021/424
f 725/1022/425 745/1023/411 713/1019/422
f 711/1024/392 740/1025/410 707/1026/393
f 735/1027/426 715/1028/396 727/1029/395
f 712/1018/421 743/1030/427 711/1024/392
f 729/1021/424 738/1031/428 709/1032/429
f 715/1028/396 734/1033/430 714/1034/431
f 766/1035/244 739/1036/432 708/1037/433
f 709/1032/429 737/1038/434 710/1039/420
f 736/1040/426 727/1029/395 723/1041/435
f 714/1042/431 733/1043/399 725/1022/425
f 732/1044/436 816/1045/437 813/1046/415
f 755/1047/313 729/1048/424 709/1049/429
f 776/1050/314 754/980/397 773/967/252
f 750/1051/315 725/1052/425 713/1053/422
f 774/1054/314 758/978/394 776/1050/314
f 769/960/243 752/1055/438 748/973/257
f 753/1056/316 709/1049/429 710/1057/420
f 759/1058/439 713/1053/422 729/1048/424
f 749/1059/318 715/979/396 714/1060/431
f 751/1061/248 710/1062/420 712/1063/421
f 752/1055/438 712/1063/421 711/974/392
f 757/1064/246 714/1065/431 725/1052/425
f 768/1066/244 707/975/393 766/1067/244
f 761/1068/415 747/1069/440 708/1070/433
f 799/1071/270 739/1036/432 788/992/404
f 783/1072/418 705/757/323 778/1073/441
f 763/1074/416 708/1037/433 739/1036/432
f 747/1069/440 766/1067/244 708/1070/433
f 707/1026/393 767/1075/244 766/1035/244
f 795/1003/410 902/1076/244 800/990/244
f 705/757/323 784/961/244 778/1073/441
f 778/1073/441 768/1066/244 747/1069/440
f 764/1077/442 778/1073/441 747/1069/440
f 706/765/243 780/965/391 769/960/243
f 728/767/314 774/1054/314 776/1050/314
f 728/767/314 773/967/252 722/768/325
f 760/1078/443 817/1013/418 816/1045/437
f 781/971/256 759/1058/439 755/1047/313
f 779/969/254 757/1064/246 750/1051/315
f 772/972/251 755/1047/313 753/1056/316
f 777/970/255 750/1051/315 759/1058/439
f 770/968/390 754/980/397 749/1059/318
f 771/964/248 753/1079/316 751/1061/248
f 780/965/391 751/1061/248 752/1055/438
f 775/963/247 749/1080/318 757/1064/246
f 784/961/244 748/973/257 768/1066/244
f 740/1025/410 800/990/244 767/1075/244
f 896/1081/270 788/992/404 852/991/403
f 866/1082/444 818/1015/270 955/1083/270
f 737/1084/434 798/998/408 744/1017/408
f 745/1023/411 797/996/407 742/1020/423
f 733/1043/399 790/1005/412 745/1023/411
f 743/1030/427 795/1003/410 740/1025/410
f 786/985/292 741/1085/445 735/1027/426
f 744/1017/408 789/1000/409 743/1030/427
f 742/1020/423 794/987/400 738/1031/428
f 741/1085/445 792/995/398 734/1033/430
f 767/1075/244 788/992/404 739/1036/432
f 738/1031/428 787/989/402 737/1038/434
f 793/986/292 735/1027/426 736/1040/426
f 734/1086/430 785/983/399 733/1043/399
f 945/1087/328 806/1088/328 807/1089/328
f 804/1090/328 808/1091/328 809/1092/328
f 807/1089/328 803/1093/328 810/1094/328
f 805/1095/328 811/785/328 808/1091/328
f 802/1096/328 809/1092/328 812/1097/328
f 810/1094/328 802/1096/328 812/1097/328
f 746/1098/414 812/1097/328 732/1099/436
f 812/1097/328 760/1100/443 732/1099/436
f 808/1091/328 731/793/329 782/1101/417
f 791/1102/419 810/1094/328 746/1098/414
f 809/1092/328 782/1101/417 760/1100/443
f 866/1103/444 807/1089/328 791/1102/419
f 955/1083/270 799/1071/270 896/1081/270
f 816/1045/437 783/1072/418 764/1077/442
f 813/1046/415 764/1077/442 761/1068/415
f 818/1015/270 763/1074/416 799/1071/270
f 817/1013/418 762/797/288 783/1072/418
f 815/1011/416 761/1104/415 763/1074/416
f 820/800/328 821/1105/328 822/1106/328
f 822/1106/328 824/1107/328 823/1108/328
f 823/1108/328 803/1093/328 806/1088/328
f 804/1090/328 803/1093/328 824/1107/328
f 805/1095/328 824/1107/328 821/1105/328
f 801/804/328 821/1105/328 819/805/328
f 966/1109/328 822/1106/328 823/1108/328
f 965/1110/328 820/800/328 822/1106/328
f 939/1111/328 823/1108/328 806/1088/328
f 905/1112/330 900/808/244 920/1113/244
f 906/1114/446 846/811/331 911/1115/333
f 907/1116/335 838/814/334 916/1117/447
f 908/1118/337 839/817/335 907/1116/335
f 909/1119/339 841/819/338 906/1120/446
f 915/1121/348 850/822/340 913/1122/340
f 917/1123/342 837/825/337 908/1124/337
f 882/1125/343 831/1126/448 886/1127/379
f 847/1128/449 890/1129/450 892/1130/451
f 911/1115/333 840/834/348 915/1121/348
f 835/1131/452 892/1130/451 888/1132/453
f 913/1122/340 836/837/351 917/1123/342
f 928/1133/454 861/982/399 858/1134/406
f 922/1135/292 860/984/292 929/1136/292
f 930/1137/400 854/988/401 853/997/400
f 936/1138/244 852/991/403 902/1076/244
f 932/1139/455 858/994/406 859/1140/456
f 933/1141/407 853/997/400 863/1006/413
f 934/1142/408 855/999/409 856/1008/408
f 932/1139/455 862/1001/292 922/1135/292
f 925/1143/457 851/1002/410 855/999/409
f 921/1144/399 857/1004/411 861/982/399
f 926/1145/412 863/1006/413 857/1004/411
f 923/1146/402 856/1008/408 854/1147/401
f 951/1148/458 880/1149/459 953/1150/460
f 952/858/314 918/1151/461 956/1152/462
f 953/1150/460 927/1153/419 957/1154/270
f 830/1155/463 878/1156/408 871/1157/434
f 833/1158/464 876/1159/413 879/1160/411
f 845/1161/465 879/1160/411 867/1162/399
f 831/1163/448 874/1164/410 877/1165/466
f 835/1166/452 869/1167/467 847/1168/449
f 832/1169/468 877/1165/466 878/1156/408
f 849/1170/469 872/1171/428 876/1159/413
f 835/1166/452 868/1172/470 875/1173/471
f 901/1174/244 873/1175/472 903/1176/244
f 829/1177/473 871/1178/434 872/1171/428
f 847/1168/449 870/1179/467 843/1180/474
f 834/1181/475 867/1162/399 868/1182/470
f 954/1183/476 865/1184/477 951/1185/458
f 849/1186/469 889/1187/377 829/1188/473
f 888/1132/453 912/1189/288 909/1119/339
f 845/1190/465 884/1191/378 833/1192/464
f 892/1130/451 910/1193/288 912/1189/288
f 905/1112/330 886/1127/379 916/1117/447
f 829/1188/473 887/1194/380 830/1195/463
f 833/1192/464 893/1196/478 849/1186/469
f 835/1131/452 883/1197/382 834/1198/475
f 830/1199/463 885/1200/335 832/1201/468
f 832/1201/468 886/1127/379 831/1126/448
f 834/1202/475 891/1203/331 845/1190/465
f 827/1204/479 904/1205/244 901/1206/244
f 881/1207/480 895/1208/458 828/1209/481
f 873/1175/472 935/1210/270 924/1211/404
f 825/919/384 919/1212/462 914/1213/482
f 828/1214/481 898/1215/460 873/1175/472
f 901/1206/244 881/1207/480 828/1209/481
f 827/1216/479 903/1176/244 874/1164/410
f 931/1217/410 902/1076/244 851/1002/410
f 920/1113/244 825/919/384 914/1213/482
f 904/1205/244 914/1213/482 881/1207/480
f 914/1213/482 899/1218/476 881/1207/480
f 826/924/330 916/1117/447 838/814/334
f 848/926/288 910/1193/288 844/925/288
f 909/1119/339 848/926/288 842/927/386
f 956/1152/462 894/1219/483 954/1183/476
f 893/1196/478 917/1123/342 889/1187/377
f 891/1203/331 915/1121/348 884/1191/378
f 889/1187/377 908/1124/337 887/1194/380
f 884/1191/378 913/1122/340 893/1196/478
f 888/1132/453 906/1120/446 883/1197/382
f 887/1220/380 907/1116/335 885/1200/335
f 885/1200/335 916/1117/447 886/1127/379
f 883/1221/382 911/1115/333 891/1203/331
f 882/1125/343 920/1113/244 904/1205/244
f 874/1164/410 936/1138/244 931/1217/410
f 924/1211/404 896/1081/270 852/991/403
f 957/1154/270 866/1082/444 955/1083/270
f 871/1157/434 934/1142/408 923/1146/402
f 879/1160/411 933/1141/407 926/1145/412
f 867/1162/399 926/1145/412 921/1144/399
f 877/1165/466 931/1217/410 925/1143/457
f 875/1173/471 922/1135/292 869/1167/467
f 878/1156/408 925/1143/457 934/1142/408
f 876/1159/413 930/1137/400 933/1141/407
f 875/1173/471 928/1222/454 932/1139/455
f 903/1176/244 924/1211/404 936/1138/244
f 872/1171/428 923/1223/402 930/1137/400
f 869/1167/467 929/1136/292 870/1179/467
f 868/1182/470 921/1144/399 928/1133/454
f 945/1087/328 943/1224/328 939/1111/328
f 946/1225/328 941/1226/328 947/1227/328
f 944/1228/328 940/1229/328 943/1224/328
f 949/942/328 942/1230/328 946/1225/328
f 947/1227/328 938/1231/328 950/1232/328
f 948/1233/328 938/1231/328 940/1229/328
f 880/1234/459 950/1232/328 948/1233/328
f 894/1235/483 950/1232/328 865/1236/477
f 864/948/389 946/1225/328 918/1237/461
f 927/1238/419 948/1233/328 944/1228/328
f 918/1237/461 947/1227/328 894/1235/483
f 866/1103/444 944/1228/328 945/1087/328
f 935/1210/270 955/1083/270 896/1081/270
f 919/1212/462 954/1183/476 899/1218/476
f 899/1218/476 951/1185/458 895/1208/458
f 898/1215/460 957/1154/270 935/1210/270
f 897/951/314 956/1152/462 919/1212/462
f 895/1239/458 953/1150/460 898/1215/460
f 960/1240/328 959/953/328 961/1241/328
f 963/1242/328 961/1241/328 962/1243/328
f 940/1229/328 962/1243/328 943/1224/328
f 940/1229/328 941/1226/328 963/1242/328
f 963/1242/328 942/1230/328 960/1240/328
f 960/1240/328 937/958/328 958/959/328
f 961/1241/328 966/1109/328 962/1243/328
f 959/953/328 965/1110/328 961/1241/328
f 962/1243/328 939/1111/328 943/1224/328
f 534/634/243 706/765/243 765/635/244
f 535/637/245 721/1244/253 726/638/246
f 536/640/248 719/644/248 718/641/249
f 537/643/251 717/1245/251 719/644/248
f 538/645/252 722/768/325 721/646/253
f 544/648/254 720/660/263 730/649/255
f 546/651/256 716/663/266 717/652/251
f 515/654/257 486/749/319 490/655/258
f 497/657/260 495/1246/308 523/658/261
f 540/639/247 726/638/246 720/660/263
f 494/661/264 497/657/260 525/659/262
f 542/650/255 730/649/255 716/663/266
f 557/664/267 550/687/268 608/665/268
f 551/667/270 609/684/270 607/668/270
f 559/670/271 552/776/284 601/671/272
f 565/673/244 553/756/322 599/674/273
f 561/676/274 557/775/267 605/677/269
f 562/679/276 559/670/271 600/672/271
f 563/681/278 554/685/280 602/682/279
f 561/676/274 606/678/275 609/684/270
f 554/685/280 560/763/281 598/686/281
f 550/687/268 555/689/283 604/688/282
f 555/689/283 562/679/276 610/680/277
f 552/690/284 563/681/278 603/683/278
f 576/692/285 499/1247/312 513/693/286
f 814/695/288 731/1248/329 547/696/289
f 577/694/287 513/693/286 556/698/291
f 489/700/293 491/714/302 511/701/278
f 492/703/295 498/715/303 509/704/296
f 496/706/297 492/703/295 512/705/282
f 490/708/258 486/762/319 507/709/298
f 497/711/260 494/717/264 508/712/300
f 491/714/302 490/708/258 510/710/299
f 498/715/303 488/722/307 505/716/304
f 494/717/264 493/1249/310 501/718/305
f 531/719/244 487/760/321 506/720/306
f 488/722/307 489/1250/293 504/723/294
f 495/724/308 497/711/260 502/713/301
f 493/726/310 496/706/297 500/707/268
f 578/728/311 527/769/326 499/729/312
f 498/731/303 526/741/317 522/732/313
f 521/662/265 525/659/262 541/734/314
f 496/735/297 524/748/246 517/736/315
f 525/659/262 523/658/261 539/738/314
f 534/634/243 515/654/257 519/656/259
f 488/733/307 522/732/313 520/739/316
f 492/737/295 517/736/315 526/741/317
f 494/661/264 521/662/265 516/742/318
f 489/744/293 520/770/316 518/745/248
f 491/746/302 518/745/248 519/656/259
f 493/747/310 516/771/318 524/748/246
f 486/749/319 515/654/257 533/750/244
f 514/752/320 530/764/311 528/753/285
f 506/720/306 529/761/287 564/755/292
f 705/757/323 762/797/288 548/758/290
f 487/760/321 528/798/285 529/761/287
f 531/751/244 533/750/244 514/752/320
f 486/762/319 531/719/244 532/721/244
f 560/763/281 565/673/244 646/675/244
f 549/636/244 765/635/244 705/757/323
f 533/750/244 549/636/244 543/759/324
f 543/759/324 548/758/290 530/764/311
f 706/765/243 534/634/243 545/642/250
f 541/734/314 539/738/314 724/766/314
f 538/645/252 541/734/314 728/767/314
f 579/697/290 547/696/289 527/769/326
f 526/741/317 542/650/255 546/651/256
f 524/748/246 540/639/247 544/648/254
f 522/732/313 546/651/256 537/653/251
f 517/736/315 544/648/254 542/650/255
f 521/662/265 538/645/252 535/647/245
f 520/770/316 537/643/251 536/640/248
f 518/745/248 536/640/248 545/642/250
f 516/771/318 535/637/245 540/639/247
f 515/654/257 534/634/243 549/636/244
f 507/709/298 532/721/244 565/673/244
f 553/756/322 564/755/292 642/772/292
f 580/699/292 556/698/291 612/773/327
f 504/702/294 511/701/278 563/681/278
f 512/705/282 509/704/296 562/679/276
f 500/707/268 512/705/282 555/689/283
f 510/710/299 507/709/298 560/763/281
f 508/712/300 561/676/274 551/667/270
f 511/701/278 510/710/299 554/685/280
f 509/704/296 505/716/304 559/670/271
f 508/712/300 501/718/305 557/775/267
f 532/721/244 506/720/306 553/756/322
f 505/716/304 504/723/294 552/776/284
f 502/713/301 551/667/270 558/669/270
f 501/727/305 500/707/268 550/687/268
f 688/777/328 571/783/328 570/778/328
f 572/780/328 569/786/328 568/781/328
f 571/783/328 574/789/328 567/784/328
f 811/785/328 801/804/328 569/786/328
f 573/782/328 568/781/328 566/787/328
f 574/789/328 575/788/328 566/787/328
f 513/790/286 499/792/312 575/788/328
f 527/791/326 573/782/328 575/788/328
f 731/793/329 811/785/328 572/780/328
f 556/795/291 513/790/286 574/789/328
f 547/794/289 572/780/328 573/782/328
f 612/796/327 556/795/291 571/783/328
f 564/755/292 580/699/292 696/774/292
f 530/764/311 548/758/290 579/697/290
f 528/753/285 530/764/311 578/728/311
f 529/761/287 577/694/287 580/699/292
f 762/797/288 814/695/288 579/697/290
f 528/798/285 576/692/285 577/694/287
f 581/799/328 819/805/328 820/800/328
f 584/802/328 581/799/328 582/801/328
f 567/784/328 584/802/328 583/803/328
f 567/784/328 566/787/328 568/781/328
f 584/802/328 568/781/328 569/786/328
f 581/799/328 569/786/328 801/804/328
f 582/801/328 703/807/328 704/806/328
f 820/800/328 964/1251/328 703/807/328
f 583/803/328 704/806/328 682/779/328
f 900/808/244 826/924/330 649/809/330
f 846/811/331 841/1252/338 650/812/332
f 838/814/334 839/817/335 651/815/335
f 839/817/335 837/1253/337 652/818/337
f 841/819/338 842/927/386 653/820/339
f 850/822/340 840/834/348 659/823/341
f 837/825/337 836/837/351 661/826/342
f 628/828/343 632/901/379 589/829/344
f 636/831/346 594/1254/373 596/832/347
f 840/834/348 846/811/331 655/813/333
f 638/833/346 596/832/347 593/835/349
f 836/837/351 850/822/340 657/824/340
f 672/838/352 605/666/269 608/665/268
f 607/668/270 609/684/270 666/840/270
f 674/842/271 600/672/271 601/671/272
f 680/844/244 646/675/244 599/674/273
f 676/846/353 606/678/275 605/677/269
f 677/848/276 610/680/277 600/672/271
f 678/849/278 603/683/278 602/682/279
f 609/684/270 606/678/275 676/846/353
f 669/850/354 602/682/279 598/686/281
f 665/839/268 608/665/268 604/688/282
f 670/852/283 604/688/282 610/680/277
f 667/853/284 601/691/272 603/683/278
f 626/854/355 611/1255/375 693/855/356
f 662/857/358 864/1256/389 952/858/314
f 671/860/291 626/854/355 694/856/357
f 588/862/360 617/931/294 624/863/278
f 591/865/362 625/869/282 622/866/363
f 595/868/365 613/889/268 625/869/282
f 589/870/344 623/876/367 620/871/281
f 596/873/347 615/887/374 621/874/366
f 590/864/361 624/863/278 623/876/367
f 597/867/364 622/866/363 618/877/304
f 593/875/349 621/874/366 614/879/369
f 645/881/244 647/922/244 619/882/371
f 587/878/368 618/877/304 617/884/294
f 594/886/373 616/932/388 615/887/374
f 592/888/370 614/933/369 613/889/268
f 611/890/375 640/928/387 695/891/376
f 635/893/377 639/904/381 597/894/364
f 656/896/288 638/833/346 634/836/350
f 630/897/378 637/910/331 595/898/365
f 654/900/288 636/831/346 638/833/346
f 649/809/330 660/816/336 632/901/379
f 633/902/380 635/893/377 587/895/368
f 639/904/381 630/897/378 591/899/362
f 629/905/382 634/836/350 593/835/349
f 631/907/335 633/929/380 588/908/360
f 632/901/379 631/907/335 590/909/361
f 637/910/331 629/930/382 592/911/370
f 648/912/244 628/828/343 585/830/345
f 641/914/356 644/923/376 627/915/383
f 679/917/292 643/921/357 619/882/371
f 663/918/359 897/951/314 825/919/384
f 643/921/357 641/952/356 586/883/372
f 627/915/383 648/912/244 645/913/244
f 585/872/345 620/871/281 647/922/244
f 675/851/281 598/686/281 646/675/244
f 825/919/384 900/808/244 664/810/244
f 658/920/385 664/810/244 648/912/244
f 644/923/376 663/918/359 658/920/385
f 826/924/330 838/814/334 660/816/336
f 844/925/288 654/900/288 656/896/288
f 848/926/288 656/896/288 653/820/339
f 640/928/387 662/857/358 697/859/359
f 661/826/342 657/824/340 639/904/381
f 659/823/341 655/813/333 637/910/331
f 652/827/337 661/826/342 635/893/377
f 657/824/340 659/823/341 630/897/378
f 650/821/332 653/820/339 634/836/350
f 651/815/335 652/818/337 633/929/380
f 660/816/336 651/815/335 631/907/335
f 655/813/333 650/812/332 629/930/382
f 664/810/244 649/809/330 628/828/343
f 620/871/281 675/851/281 680/844/244
f 642/772/292 679/917/292 668/845/322
f 612/773/327 671/860/291 698/861/292
f 617/931/294 667/853/284 678/849/278
f 625/869/282 670/852/283 677/848/276
f 613/889/268 665/839/268 670/852/283
f 623/876/367 669/850/354 675/851/281
f 666/840/270 676/846/353 621/874/366
f 624/863/278 678/849/278 669/850/354
f 622/866/363 677/848/276 674/842/271
f 621/874/366 676/846/353 672/847/352
f 647/922/244 680/844/244 668/845/322
f 618/877/304 674/842/271 667/843/284
f 673/841/270 666/840/270 615/887/374
f 614/933/369 672/838/352 665/839/268
f 688/777/328 682/779/328 686/934/328
f 684/936/328 685/941/328 689/937/328
f 687/935/328 686/934/328 683/939/328
f 685/941/328 937/958/328 949/942/328
f 681/943/328 684/936/328 690/938/328
f 691/940/328 683/939/328 681/943/328
f 626/945/355 691/940/328 692/944/328
f 692/944/328 690/938/328 640/947/387
f 689/937/328 949/942/328 864/948/389
f 671/950/291 687/935/328 691/940/328
f 690/938/328 689/937/328 662/949/358
f 612/796/327 688/777/328 687/935/328
f 696/774/292 698/861/292 679/917/292
f 644/923/376 695/891/376 697/859/359
f 641/914/356 693/892/356 695/891/376
f 698/861/292 694/856/357 643/921/357
f 697/859/359 952/858/314 897/951/314
f 694/856/357 693/855/356 641/952/356
f 959/953/328 958/959/328 699/954/328
f 700/955/328 699/954/328 702/956/328
f 701/957/328 702/956/328 683/939/328
f 684/936/328 681/943/328 683/939/328
f 685/941/328 684/936/328 702/956/328
f 937/958/328 685/941/328 699/954/328
f 704/806/328 703/807/328 700/955/328
f 703/807/328 964/1251/328 959/953/328
f 682/779/328 704/806/328 701/957/328
f 765/635/244 706/765/243 769/960/243
f 726/638/246 721/1244/253 770/962/390
f 718/641/249 719/644/248 771/964/248
f 719/644/248 717/1245/251 772/966/251
f 721/646/253 722/768/325 773/967/252
f 730/649/255 720/660/263 779/969/254
f 717/652/251 716/663/266 781/971/256
f 748/973/257 752/1055/438 711/974/392
f 756/976/394 723/1257/435 727/977/395
f 720/660/263 726/638/246 775/963/247
f 758/978/394 727/977/395 715/979/396
f 716/663/266 730/649/255 777/970/255
f 792/981/398 858/1134/406 861/982/399
f 860/984/292 862/1001/292 786/985/292
f 794/987/400 853/997/400 854/988/401
f 800/990/244 902/1076/244 852/991/403
f 796/993/405 859/1140/456 858/994/406
f 797/996/407 863/1006/413 853/997/400
f 798/998/408 856/1008/408 855/999/409
f 862/1001/292 859/1140/456 796/993/405
f 789/1000/409 855/999/409 851/1002/410
f 785/983/399 861/982/399 857/1004/411
f 790/1005/412 857/1004/411 863/1006/413
f 787/1007/402 854/1147/401 856/1008/408
f 746/1009/414 732/1258/436 813/1010/415
f 782/1012/417 731/1248/329 814/695/288
f 791/1014/419 746/1009/414 815/1011/416
f 710/1016/420 737/1084/434 744/1017/408
f 713/1019/422 745/1023/411 742/1020/423
f 725/1022/425 733/1043/399 745/1023/411
f 711/1024/392 743/1030/427 740/1025/410
f 735/1027/426 741/1085/445 715/1028/396
f 712/1018/421 744/1017/408 743/1030/427
f 729/1021/424 742/1020/423 738/1031/428
f 715/1028/396 741/1085/445 734/1033/430
f 766/1035/244 767/1075/244 739/1036/432
f 709/1032/429 738/1031/428 737/1038/434
f 736/1040/426 735/1027/426 727/1029/395
f 714/1042/431 734/1086/430 733/1043/399
f 732/1044/436 760/1078/443 816/1045/437
f 755/1047/313 759/1058/439 729/1048/424
f 776/1050/314 758/978/394 754/980/397
f 750/1051/315 757/1064/246 725/1052/425
f 774/1054/314 756/976/394 758/978/394
f 769/960/243 780/965/391 752/1055/438
f 753/1056/316 755/1047/313 709/1049/429
f 759/1058/439 750/1051/315 713/1053/422
f 749/1059/318 754/980/397 715/979/396
f 751/1061/248 753/1079/316 710/1062/420
f 752/1055/438 751/1061/248 712/1063/421
f 757/1064/246 749/1080/318 714/1065/431
f 768/1066/244 748/973/257 707/975/393
f 761/1068/415 764/1077/442 747/1069/440
f 799/1071/270 763/1074/416 739/1036/432
f 783/1072/418 762/797/288 705/757/323
f 763/1074/416 761/1104/415 708/1037/433
f 747/1069/440 768/1066/244 766/1067/244
f 707/1026/393 740/1025/410 767/1075/244
f 795/1003/410 851/1002/410 902/1076/244
f 705/757/323 765/635/244 784/961/244
f 778/1073/441 784/961/244 768/1066/244
f 764/1077/442 783/1072/418 778/1073/441
f 706/765/243 718/641/249 780/965/391
f 728/767/314 724/766/314 774/1054/314
f 728/767/314 776/1050/314 773/967/252
f 760/1078/443 782/1012/417 817/1013/418
f 781/971/256 777/970/255 759/1058/439
f 779/969/254 775/963/247 757/1064/246
f 772/972/251 781/971/256 755/1047/313
f 777/970/255 779/969/254 750/1051/315
f 770/968/390 773/967/252 754/980/397
f 771/964/248 772/966/251 753/1079/316
f 780/965/391 771/964/248 751/1061/248
f 775/963/247 770/962/390 749/1080/318
f 784/961/244 769/960/243 748/973/257
f 740/1025/410 795/1003/410 800/990/244
f 896/1081/270 799/1071/270 788/992/404
f 866/1082/444 791/1014/419 818/1015/270
f 737/1084/434 787/1007/402 798/998/408
f 745/1023/411 790/1005/412 797/996/407
f 733/1043/399 785/983/399 790/1005/412
f 743/1030/427 789/1000/409 795/1003/410
f 786/985/292 796/993/405 741/1085/445
f 744/1017/408 798/998/408 789/1000/409
f 742/1020/423 797/996/407 794/987/400
f 741/1085/445 796/993/405 792/995/398
f 767/1075/244 800/990/244 788/992/404
f 738/1031/428 794/987/400 787/989/402
f 793/986/292 786/985/292 735/1027/426
f 734/1086/430 792/981/398 785/983/399
f 945/1087/328 939/1111/328 806/1088/328
f 804/1090/328 805/1095/328 808/1091/328
f 807/1089/328 806/1088/328 803/1093/328
f 805/1095/328 801/804/328 811/785/328
f 802/1096/328 804/1090/328 809/1092/328
f 810/1094/328 803/1093/328 802/1096/328
f 746/1098/414 810/1094/328 812/1097/328
f 812/1097/328 809/1092/328 760/1100/443
f 808/1091/328 811/785/328 731/793/329
f 791/1102/419 807/1089/328 810/1094/328
f 809/1092/328 808/1091/328 782/1101/417
f 866/1103/444 945/1087/328 807/1089/328
f 955/1083/270 818/1015/270 799/1071/270
f 816/1045/437 817/1013/418 783/1072/418
f 813/1046/415 816/1045/437 764/1077/442
f 818/1015/270 815/1011/416 763/1074/416
f 817/1013/418 814/695/288 762/797/288
f 815/1011/416 813/1010/415 761/1104/415
f 820/800/328 819/805/328 821/1105/328
f 822/1106/328 821/1105/328 824/1107/328
f 823/1108/328 824/1107/328 803/1093/328
f 804/1090/328 802/1096/328 803/1093/328
f 805/1095/328 804/1090/328 824/1107/328
f 801/804/328 805/1095/328 821/1105/328
f 966/1109/328 965/1110/328 822/1106/328
f 965/1110/328 964/1251/328 820/800/328
f 939/1111/328 966/1109/328 823/1108/328
f 905/1112/330 826/924/330 900/808/244
f 906/1114/446 841/1252/338 846/811/331
f 907/1116/335 839/817/335 838/814/334
f 908/1118/337 837/1253/337 839/817/335
f 909/1119/339 842/927/386 841/819/338
f 915/1121/348 840/834/348 850/822/340
f 917/1123/342 836/837/351 837/825/337
f 882/1125/343 827/1204/479 831/1126/448
f 847/1128/449 843/1259/474 890/1129/450
f 911/1115/333 846/811/331 840/834/348
f 835/1131/452 847/1128/449 892/1130/451
f 913/1122/340 850/822/340 836/837/351
f 928/1133/454 921/1144/399 861/982/399
f 922/1135/292 862/1001/292 860/984/292
f 930/1137/400 923/1223/402 854/988/401
f 936/1138/244 924/1211/404 852/991/403
f 932/1139/455 928/1222/454 858/994/406
f 933/1141/407 930/1137/400 853/997/400
f 934/1142/408 925/1143/457 855/999/409
f 932/1139/455 859/1140/456 862/1001/292
f 925/1143/457 931/1217/410 851/1002/410
f 921/1144/399 926/1145/412 857/1004/411
f 926/1145/412 933/1141/407 863/1006/413
f 923/1146/402 934/1142/408 856/1008/408
f 951/1148/458 865/1260/477 880/1149/459
f 952/858/314 864/1256/389 918/1151/461
f 953/1150/460 880/1149/459 927/1153/419
f 830/1155/463 832/1169/468 878/1156/408
f 833/1158/464 849/1170/469 876/1159/413
f 845/1161/465 833/1158/464 879/1160/411
f 831/1163/448 827/1216/479 874/1164/410
f 835/1166/452 875/1173/471 869/1167/467
f 832/1169/468 831/1163/448 877/1165/466
f 849/1170/469 829/1177/473 872/1171/428
f 835/1166/452 834/1261/475 868/1172/470
f 901/1174/244 828/1214/481 873/1175/472
f 829/1177/473 830/1262/463 871/1178/434
f 847/1168/449 869/1167/467 870/1179/467
f 834/1181/475 845/1161/465 867/1162/399
f 954/1183/476 894/1219/483 865/1184/477
f 849/1186/469 893/1196/478 889/1187/377
f 888/1132/453 892/1130/451 912/1189/288
f 845/1190/465 891/1203/331 884/1191/378
f 892/1130/451 890/1129/450 910/1193/288
f 905/1112/330 882/1125/343 886/1127/379
f 829/1188/473 889/1187/377 887/1194/380
f 833/1192/464 884/1191/378 893/1196/478
f 835/1131/452 888/1132/453 883/1197/382
f 830/1199/463 887/1220/380 885/1200/335
f 832/1201/468 885/1200/335 886/1127/379
f 834/1202/475 883/1221/382 891/1203/331
f 827/1204/479 882/1125/343 904/1205/244
f 881/1207/480 899/1218/476 895/1208/458
f 873/1175/472 898/1215/460 935/1210/270
f 825/919/384 897/951/314 919/1212/462
f 828/1214/481 895/1239/458 898/1215/460
f 901/1206/244 904/1205/244 881/1207/480
f 827/1216/479 901/1174/244 903/1176/244
f 931/1217/410 936/1138/244 902/1076/244
f 920/1113/244 900/808/244 825/919/384
f 904/1205/244 920/1113/244 914/1213/482
f 914/1213/482 919/1212/462 899/1218/476
f 826/924/330 905/1112/330 916/1117/447
f 848/926/288 912/1189/288 910/1193/288
f 909/1119/339 912/1189/288 848/926/288
f 956/1152/462 918/1151/461 894/1219/483
f 893/1196/478 913/1122/340 917/1123/342
f 891/1203/331 911/1115/333 915/1121/348
f 889/1187/377 917/1123/342 908/1124/337
f 884/1191/378 915/1121/348 913/1122/340
f 888/1132/453 909/1119/339 906/1120/446
f 887/1220/380 908/1118/337 907/1116/335
f 885/1200/335 907/1116/335 916/1117/447
f 883/1221/382 906/1114/446 911/1115/333
f 882/1125/343 905/1112/330 920/1113/244
f 874/1164/410 903/1176/244 936/1138/244
f 924/1211/404 935/1210/270 896/1081/270
f 957/1154/270 927/1153/419 866/1082/444
f 871/1157/434 878/1156/408 934/1142/408
f 879/1160/411 876/1159/413 933/1141/407
f 867/1162/399 879/1160/411 926/1145/412
f 877/1165/466 874/1164/410 931/1217/410
f 875/1173/471 932/1139/455 922/1135/292
f 878/1156/408 877/1165/466 925/1143/457
f 876/1159/413 872/1171/428 930/1137/400
f 875/1173/471 868/1172/470 928/1222/454
f 903/1176/244 873/1175/472 924/1211/404
f 872/1171/428 871/1178/434 923/1223/402
f 869/1167/467 922/1135/292 929/1136/292
f 868/1182/470 867/1162/399 921/1144/399
f 945/1087/328 944/1228/328 943/1224/328
f 946/1225/328 942/1230/328 941/1226/328
f 944/1228/328 948/1233/328 940/1229/328
f 949/942/328 937/958/328 942/1230/328
f 947/1227/328 941/1226/328 938/1231/328
f 948/1233/328 950/1232/328 938/1231/328
f 880/1234/459 865/1236/477 950/1232/328
f 894/1235/483 947/1227/328 950/1232/328
f 864/948/389 949/942/328 946/1225/328
f 927/1238/419 880/1234/459 948/1233/328
f 918/1237/461 946/1225/328 947/1227/328
f 866/1103/444 927/1238/419 944/1228/328
f 935/1210/270 957/1154/270 955/1083/270
f 919/1212/462 956/1152/462 954/1183/476
f 899/1218/476 954/1183/476 951/1185/458
f 898/1215/460 953/1150/460 957/1154/270
f 897/951/314 952/858/314 956/1152/462
f 895/1239/458 951/1148/458 953/1150/460
f 960/1240/328 958/959/328 959/953/328
f 963/1242/328 960/1240/328 961/1241/328
f 940/1229/328 963/1242/328 962/1243/328
f 940/1229/328 938/1231/328 941/1226/328
f 963/1242/328 941/1226/328 942/1230/328
f 960/1240/328 942/1230/328 937/958/328
f 961/1241/328 965/1110/328 966/1109/328
f 959/953/328 964/1251/328 965/1110/328
f 962/1243/328 966/1109/328 939/1111/328
