# Blender 5.1.2
# www.blender.org
mtllib gamepad_1k.mtl
o gamepad
v 0.434339 0.016920 -0.128393
v 0.435442 0.016920 -0.126079
v 0.434587 0.016920 -0.123663
v 0.432272 0.016920 -0.122558
v 0.429855 0.016920 -0.123414
v 0.428751 0.016920 -0.125729
v 0.429607 0.016920 -0.128146
v 0.431921 0.016920 -0.129250
v 0.316337 0.016920 -0.234642
v 0.313921 0.016920 -0.235498
v 0.311607 0.016920 -0.234394
v 0.310750 0.016920 -0.231977
v 0.311854 0.016920 -0.229663
v 0.314271 0.016920 -0.228806
v 0.316586 0.016920 -0.229911
v 0.317442 0.016920 -0.232327
v 0.423432 0.016920 -0.173900
v 0.424536 0.016920 -0.171586
v 0.423680 0.016920 -0.169169
v 0.421366 0.016920 -0.168066
v 0.418950 0.016920 -0.168921
v 0.417846 0.016920 -0.171235
v 0.418702 0.016920 -0.173652
v 0.421016 0.016920 -0.174755
v 0.362735 0.016920 -0.228552
v 0.360318 0.016920 -0.229408
v 0.358004 0.016920 -0.228304
v 0.357148 0.016920 -0.225888
v 0.358252 0.016920 -0.223574
v 0.360669 0.016920 -0.222718
v 0.362982 0.016920 -0.223822
v 0.363838 0.016920 -0.226238
v 0.361974 0.016920 -0.166675
v 0.363077 0.016920 -0.164361
v 0.362222 0.016920 -0.161945
v 0.359908 0.016920 -0.160841
v 0.357491 0.016920 -0.161697
v 0.378595 0.029302 -0.157068
v 0.359557 0.016920 -0.167531
v 0.357243 0.016920 -0.166427
v 0.364638 0.029302 -0.169634
v 0.356387 0.016920 -0.164011
v 0.350682 0.029302 -0.182201
v 0.385210 0.031235 -0.163334
v 0.370681 0.031235 -0.176346
v 0.387976 0.031235 -0.157564
v 0.385575 0.031235 -0.150783
v 0.379084 0.031235 -0.147688
v 0.373056 0.031235 -0.149835
v 0.436418 0.031235 -0.161552
v 0.438593 0.031235 -0.120055
v 0.397096 0.031235 -0.117881
v 0.394922 0.031235 -0.159377
v 0.399177 0.010000 -0.163259
v 0.404107 0.010000 -0.166236
v 0.409525 0.010000 -0.168195
v 0.429640 0.010000 -0.165971
v 0.431780 0.031235 -0.164968
v 0.426565 0.031235 -0.167414
v 0.420973 0.031235 -0.168795
v 0.415220 0.031235 -0.169059
v 0.409525 0.031235 -0.168195
v 0.404107 0.031235 -0.166236
v 0.399177 0.031235 -0.163259
v 0.442009 0.031235 -0.124693
v 0.444454 0.031235 -0.129908
v 0.445836 0.031235 -0.135500
v 0.356222 0.031235 -0.189435
v 0.446100 0.031235 -0.141254
v 0.445236 0.031235 -0.146949
v 0.443278 0.031235 -0.152365
v 0.440300 0.031235 -0.157297
v 0.401733 0.031235 -0.114464
v 0.406950 0.031235 -0.112019
v 0.412541 0.031235 -0.110638
v 0.418295 0.031235 -0.110374
v 0.423990 0.031235 -0.111238
v 0.429406 0.031235 -0.113196
v 0.434337 0.031235 -0.116174
v 0.394922 0.010000 -0.159377
v 0.438593 0.010000 -0.120055
v 0.397096 0.010000 -0.117881
v 0.436418 0.010000 -0.161552
v 0.391506 0.031235 -0.154739
v 0.389060 0.031235 -0.149524
v 0.387679 0.031235 -0.143932
v 0.387415 0.031235 -0.138178
v 0.388279 0.031235 -0.132484
v 0.390237 0.031235 -0.127067
v 0.393214 0.031235 -0.122135
v 0.431780 0.010000 -0.164968
v 0.440300 0.010000 -0.157297
v 0.443278 0.010000 -0.152365
v 0.445236 0.010000 -0.146949
v 0.446100 0.010000 -0.141254
v 0.445836 0.010000 -0.135500
v 0.444454 0.010000 -0.129908
v 0.442009 0.010000 -0.124693
v 0.393214 0.010000 -0.122135
v 0.390237 0.010000 -0.127067
v 0.388279 0.010000 -0.132484
v 0.350194 0.031235 -0.191582
v 0.343701 0.031235 -0.188486
v 0.349097 0.031235 -0.240176
v 0.307601 0.031235 -0.238001
v 0.309775 0.031235 -0.196505
v 0.351272 0.031235 -0.198680
v 0.354687 0.010000 -0.203318
v 0.357133 0.010000 -0.208532
v 0.358515 0.010000 -0.214125
v 0.354201 0.010000 -0.233897
v 0.352979 0.031235 -0.235921
v 0.355957 0.031235 -0.230990
v 0.357915 0.031235 -0.225573
v 0.358779 0.031235 -0.219878
v 0.358515 0.031235 -0.214125
v 0.357133 0.031235 -0.208532
v 0.354687 0.031235 -0.203318
v 0.311856 0.031235 -0.241883
v 0.316786 0.031235 -0.244860
v 0.322204 0.031235 -0.246819
v 0.373097 0.010000 -0.179028
v 0.376932 0.010000 -0.183288
v 0.327898 0.031235 -0.247683
v 0.333652 0.031235 -0.247419
v 0.339244 0.031235 -0.246038
v 0.344459 0.031235 -0.243592
v 0.305892 0.031235 -0.200759
v 0.302915 0.031235 -0.205691
v 0.300957 0.031235 -0.211108
v 0.300094 0.031235 -0.216803
v 0.300358 0.031235 -0.222556
v 0.301739 0.031235 -0.228148
v 0.304185 0.031235 -0.233364
v 0.351272 0.010000 -0.198680
v 0.307601 0.010000 -0.238001
v 0.309775 0.010000 -0.196505
v 0.349097 0.010000 -0.240176
v 0.347016 0.031235 -0.194798
v 0.342085 0.031235 -0.191820
v 0.336668 0.031235 -0.189862
v 0.330974 0.031235 -0.188998
v 0.325220 0.031235 -0.189262
v 0.319628 0.031235 -0.190643
v 0.314412 0.031235 -0.193088
v 0.352979 0.010000 -0.235921
v 0.344459 0.010000 -0.243592
v 0.339244 0.010000 -0.246038
v 0.333652 0.010000 -0.247419
v 0.327898 0.010000 -0.247683
v 0.322204 0.010000 -0.246819
v 0.316786 0.010000 -0.244860
v 0.311856 0.010000 -0.241883
v 0.314412 0.010000 -0.193088
v 0.319628 0.010000 -0.190643
v 0.325220 0.010000 -0.189262
v 0.387415 0.010000 -0.138178
v 0.387679 0.010000 -0.143932
v 0.389060 0.010000 -0.149524
v 0.391506 0.010000 -0.154739
v 0.434337 0.010000 -0.116174
v 0.429406 0.010000 -0.113196
v 0.423990 0.010000 -0.111238
v 0.418295 0.010000 -0.110374
v 0.412541 0.010000 -0.110638
v 0.406950 0.010000 -0.112019
v 0.401733 0.010000 -0.114464
v 0.380119 0.010000 -0.172705
v 0.383955 0.010000 -0.176965
v 0.415475 0.031235 -0.164182
v 0.410495 0.031235 -0.160966
v 0.405861 0.031235 -0.157400
v 0.401673 0.031235 -0.153298
v 0.398030 0.031235 -0.148703
v 0.394968 0.031235 -0.143722
v 0.392291 0.031235 -0.138434
v 0.420764 0.031235 -0.161504
v 0.415839 0.031235 -0.157240
v 0.411243 0.031235 -0.153025
v 0.406937 0.031235 -0.148558
v 0.402945 0.031235 -0.143809
v 0.399233 0.031235 -0.138798
v 0.395507 0.031235 -0.133454
v 0.425744 0.031235 -0.158443
v 0.420849 0.031235 -0.153527
v 0.416279 0.031235 -0.148851
v 0.411879 0.031235 -0.144109
v 0.407622 0.031235 -0.139237
v 0.403448 0.031235 -0.134202
v 0.399071 0.031235 -0.128820
v 0.430339 0.031235 -0.154801
v 0.425599 0.031235 -0.149536
v 0.421150 0.031235 -0.144595
v 0.416757 0.031235 -0.139716
v 0.412364 0.031235 -0.134837
v 0.407915 0.031235 -0.129896
v 0.403175 0.031235 -0.124632
v 0.434441 0.031235 -0.150612
v 0.430065 0.031235 -0.145229
v 0.425892 0.031235 -0.140195
v 0.421636 0.031235 -0.135324
v 0.417236 0.031235 -0.130581
v 0.412665 0.031235 -0.125904
v 0.407769 0.031235 -0.120989
v 0.438007 0.031235 -0.145978
v 0.434282 0.031235 -0.140635
v 0.430569 0.031235 -0.135624
v 0.426577 0.031235 -0.130874
v 0.422271 0.031235 -0.126407
v 0.417676 0.031235 -0.122192
v 0.412751 0.031235 -0.117928
v 0.441223 0.031235 -0.140998
v 0.438545 0.031235 -0.135710
v 0.435483 0.031235 -0.130729
v 0.431842 0.031235 -0.126134
v 0.427652 0.031235 -0.122031
v 0.423018 0.031235 -0.118465
v 0.418039 0.031235 -0.115250
v 0.415475 0.010000 -0.164182
v 0.420764 0.010000 -0.161504
v 0.425744 0.010000 -0.158443
v 0.430339 0.010000 -0.154801
v 0.434441 0.010000 -0.150612
v 0.438007 0.010000 -0.145978
v 0.441223 0.010000 -0.140998
v 0.410495 0.010000 -0.160966
v 0.415839 0.010000 -0.157240
v 0.420849 0.010000 -0.153527
v 0.425599 0.010000 -0.149536
v 0.430065 0.010000 -0.145229
v 0.434282 0.010000 -0.140635
v 0.438545 0.010000 -0.135710
v 0.405861 0.010000 -0.157400
v 0.411243 0.010000 -0.153025
v 0.416279 0.010000 -0.148851
v 0.421150 0.010000 -0.144595
v 0.425892 0.010000 -0.140195
v 0.430570 0.010000 -0.135623
v 0.437660 0.010000 -0.133146
v 0.401673 0.010000 -0.153298
v 0.406937 0.010000 -0.148558
v 0.411879 0.010000 -0.144109
v 0.416757 0.010000 -0.139716
v 0.421636 0.010000 -0.135324
v 0.424699 0.010000 -0.132565
v 0.398030 0.010000 -0.148703
v 0.402945 0.010000 -0.143809
v 0.407622 0.010000 -0.139237
v 0.412364 0.010000 -0.134837
v 0.417236 0.010000 -0.130581
v 0.422270 0.010000 -0.126408
v 0.330974 0.010000 -0.188998
v 0.336668 0.010000 -0.189862
v 0.342085 0.010000 -0.191820
v 0.347016 0.010000 -0.194798
v 0.304185 0.010000 -0.233364
v 0.301739 0.010000 -0.228148
v 0.300358 0.010000 -0.222556
v 0.300094 0.010000 -0.216803
v 0.300957 0.010000 -0.211108
v 0.302915 0.010000 -0.205691
v 0.305892 0.010000 -0.200759
v 0.366074 0.010000 -0.185352
v 0.369910 0.010000 -0.189611
v 0.353902 0.031235 -0.219623
v 0.351224 0.031235 -0.214334
v 0.348162 0.031235 -0.209353
v 0.344521 0.031235 -0.204758
v 0.340331 0.031235 -0.200656
v 0.335697 0.031235 -0.197090
v 0.330718 0.031235 -0.193875
v 0.350686 0.031235 -0.224603
v 0.346960 0.031235 -0.219259
v 0.343248 0.031235 -0.214248
v 0.339256 0.031235 -0.209499
v 0.334950 0.031235 -0.205032
v 0.330354 0.031235 -0.200816
v 0.325429 0.031235 -0.196553
v 0.347121 0.031235 -0.229235
v 0.342744 0.031235 -0.223854
v 0.338571 0.031235 -0.218819
v 0.334314 0.031235 -0.213948
v 0.329915 0.031235 -0.209206
v 0.325343 0.031235 -0.204528
v 0.320448 0.031235 -0.199612
v 0.343018 0.031235 -0.233425
v 0.338278 0.031235 -0.228161
v 0.333829 0.031235 -0.223219
v 0.329436 0.031235 -0.218341
v 0.325043 0.031235 -0.213461
v 0.320594 0.031235 -0.208521
v 0.315854 0.031235 -0.203256
v 0.338424 0.031235 -0.237067
v 0.333528 0.031235 -0.232152
v 0.328957 0.031235 -0.227476
v 0.324558 0.031235 -0.222733
v 0.320301 0.031235 -0.217862
v 0.316127 0.031235 -0.212826
v 0.311751 0.031235 -0.207444
v 0.333443 0.031235 -0.240129
v 0.328518 0.031235 -0.235865
v 0.323923 0.031235 -0.231648
v 0.319616 0.031235 -0.227183
v 0.315624 0.031235 -0.222433
v 0.311912 0.031235 -0.217422
v 0.308186 0.031235 -0.212078
v 0.328154 0.031235 -0.242807
v 0.323174 0.031235 -0.239590
v 0.318540 0.031235 -0.236025
v 0.425475 0.010000 -0.119613
v 0.394968 0.010000 -0.143722
v 0.399233 0.010000 -0.138798
v 0.403448 0.010000 -0.134202
v 0.407915 0.010000 -0.129896
v 0.412665 0.010000 -0.125904
v 0.417676 0.010000 -0.122192
v 0.423018 0.010000 -0.118465
v 0.392291 0.010000 -0.138434
v 0.395506 0.010000 -0.133453
v 0.399071 0.010000 -0.128820
v 0.403175 0.010000 -0.124632
v 0.407769 0.010000 -0.120989
v 0.314352 0.031235 -0.231923
v 0.310709 0.031235 -0.227327
v 0.307647 0.031235 -0.222346
v 0.304970 0.031235 -0.217058
v 0.353902 0.010000 -0.219623
v 0.350686 0.010000 -0.224603
v 0.347121 0.010000 -0.229235
v 0.343018 0.010000 -0.233425
v 0.338424 0.010000 -0.237067
v 0.412751 0.010000 -0.117928
v 0.380620 0.031235 -0.187384
v 0.333443 0.010000 -0.240129
v 0.418039 0.010000 -0.115250
v 0.384020 0.031235 -0.191160
v 0.328154 0.010000 -0.242807
v 0.380620 0.010000 -0.187384
v 0.351224 0.010000 -0.214334
v 0.384020 0.010000 -0.191160
v 0.346960 0.010000 -0.219259
v 0.369261 0.010000 -0.174769
v 0.380666 0.031235 -0.167389
v 0.374553 0.029302 -0.160707
v 0.376932 0.031235 -0.183288
v 0.342744 0.010000 -0.223854
v 0.338278 0.010000 -0.228161
v 0.333528 0.010000 -0.232152
v 0.328518 0.010000 -0.235865
v 0.323174 0.010000 -0.239590
v 0.348162 0.010000 -0.209353
v 0.343248 0.010000 -0.214248
v 0.338571 0.010000 -0.218819
v 0.333829 0.010000 -0.223219
v 0.328957 0.010000 -0.227476
v 0.387643 0.031235 -0.181061
v 0.391042 0.031235 -0.184837
v 0.387643 0.010000 -0.181061
v 0.391042 0.010000 -0.184837
v 0.376284 0.010000 -0.168445
v 0.366755 0.010000 -0.157863
v 0.383955 0.031235 -0.176965
v 0.390977 0.010000 -0.170642
v 0.387142 0.010000 -0.166382
v 0.394665 0.031235 -0.174738
v 0.398065 0.031235 -0.178514
v 0.394665 0.010000 -0.174738
v 0.398065 0.010000 -0.178514
v 0.383306 0.010000 -0.162122
v 0.373777 0.010000 -0.151540
v 0.390977 0.031235 -0.170642
v 0.394680 0.020618 -0.102608
v 0.459876 0.020618 -0.141975
v 0.445649 0.020618 -0.171804
v 0.453865 0.020618 -0.117639
v 0.458607 0.020618 -0.150344
v 0.427386 0.020618 -0.097866
v 0.457459 0.020618 -0.125303
v 0.423733 0.020618 -0.183221
v 0.323922 0.010000 -0.231649
v 0.320717 0.010000 -0.238442
v 0.344521 0.010000 -0.204758
v 0.339256 0.010000 -0.209499
v 0.350863 0.020618 -0.154335
v 0.397853 0.020618 -0.206523
v 0.334314 0.010000 -0.213948
v 0.372791 0.020618 -0.134591
v 0.438835 0.020618 -0.176824
v 0.442591 0.020618 -0.105118
v 0.382160 0.020618 -0.113881
v 0.329436 0.010000 -0.218341
v 0.324558 0.010000 -0.222733
v 0.321494 0.010000 -0.225492
v 0.340331 0.010000 -0.200656
v 0.334950 0.010000 -0.205032
v 0.329915 0.010000 -0.209206
v 0.325043 0.010000 -0.213461
v 0.320301 0.010000 -0.217862
v 0.315625 0.010000 -0.222432
v 0.308532 0.010000 -0.224910
v 0.335697 0.010000 -0.197090
v 0.330354 0.010000 -0.200816
v 0.435346 0.020618 -0.100744
v 0.374907 0.020618 -0.129088
v 0.427248 0.020618 -0.181387
v 0.448845 0.020618 -0.110824
v 0.459489 0.020618 -0.133520
v 0.402343 0.020618 -0.099013
v 0.419017 0.020618 -0.096596
v 0.410561 0.020618 -0.096984
v 0.373929 0.020618 -0.133066
v 0.374576 0.020618 -0.131271
v 0.455730 0.020618 -0.158305
v 0.425376 0.020618 -0.182132
v 0.451354 0.020618 -0.165551
v 0.377784 0.020618 -0.121127
v 0.325343 0.010000 -0.204528
v 0.431170 0.020618 -0.180418
v 0.387865 0.020618 -0.107628
v 0.404876 0.020618 -0.200200
v 0.357885 0.020618 -0.148012
v 0.320594 0.010000 -0.208521
v 0.411898 0.020618 -0.193877
v 0.364908 0.020618 -0.141689
v 0.316127 0.010000 -0.212826
v 0.311912 0.010000 -0.217422
v 0.363418 0.010000 -0.168279
v 0.360021 0.010000 -0.158684
v 0.425286 0.010000 -0.167724
v 0.421480 0.010000 -0.165909
v 0.307647 0.010000 -0.222346
v 0.424878 0.010000 -0.175505
v 0.403431 0.010000 -0.184474
v 0.330718 0.010000 -0.193875
v 0.325429 0.010000 -0.196551
v 0.396409 0.010000 -0.190797
v 0.389386 0.010000 -0.197120
v 0.420904 0.010000 -0.176912
v 0.411853 0.010000 -0.176891
v 0.417097 0.010000 -0.175096
v 0.320448 0.010000 -0.199612
v 0.315854 0.010000 -0.203256
v 0.311751 0.010000 -0.207444
v 0.308186 0.010000 -0.212078
v 0.304970 0.010000 -0.217058
v 0.436191 0.010000 -0.122218
v 0.437598 0.010000 -0.126192
v 0.432385 0.010000 -0.120403
v 0.435783 0.010000 -0.129997
v 0.428411 0.010000 -0.121809
v 0.426595 0.010000 -0.125616
v 0.354724 0.029302 -0.178562
v 0.348611 0.031235 -0.171881
v 0.373598 0.031235 -0.193707
v 0.376997 0.031235 -0.197483
v 0.373598 0.010000 -0.193707
v 0.376997 0.010000 -0.197483
v 0.362239 0.010000 -0.181092
v 0.352710 0.010000 -0.170509
v 0.369910 0.031235 -0.189611
v 0.362887 0.010000 -0.195934
v 0.359052 0.010000 -0.191675
v 0.366575 0.031235 -0.200030
v 0.369975 0.031235 -0.203806
v 0.366575 0.010000 -0.200030
v 0.369975 0.010000 -0.203806
v 0.355216 0.010000 -0.187415
v 0.345687 0.010000 -0.176832
v 0.362887 0.031235 -0.195934
v 0.294839 0.020618 -0.192505
v 0.327175 0.020618 -0.261459
v 0.358328 0.020618 -0.250429
v 0.303601 0.020618 -0.252937
v 0.335631 0.020618 -0.261072
v 0.286704 0.020618 -0.224536
v 0.310848 0.020618 -0.257313
v 0.371973 0.020618 -0.229825
v 0.328935 0.020618 -0.174080
v 0.364033 0.020618 -0.244176
v 0.292327 0.020618 -0.240417
v 0.307359 0.020618 -0.181233
v 0.288734 0.020618 -0.232753
v 0.363826 0.010000 -0.160500
v 0.356046 0.010000 -0.160092
v 0.365235 0.010000 -0.164474
v 0.417505 0.010000 -0.167317
v 0.415691 0.010000 -0.171122
v 0.426693 0.010000 -0.171699
v 0.431808 0.010000 -0.131405
v 0.428003 0.010000 -0.129591
v 0.323240 0.020618 -0.175609
v 0.369782 0.020618 -0.233130
v 0.297348 0.020618 -0.247233
v 0.318808 0.020618 -0.260191
v 0.290463 0.020618 -0.199751
v 0.286316 0.020618 -0.216081
v 0.287586 0.020618 -0.207712
v 0.327299 0.020618 -0.175051
v 0.325447 0.020618 -0.175508
v 0.343849 0.020618 -0.259042
v 0.370719 0.020618 -0.231345
v 0.351513 0.020618 -0.255448
v 0.315022 0.020618 -0.177638
v 0.368408 0.020618 -0.236929
v 0.300544 0.020618 -0.186253
v 0.390830 0.020618 -0.212846
v 0.343840 0.020618 -0.160658
v 0.383808 0.020618 -0.219169
v 0.336818 0.020618 -0.166982
v 0.354230 0.010000 -0.163897
v 0.356399 0.010000 -0.229750
v 0.354992 0.010000 -0.225776
v 0.364180 0.010000 -0.230158
v 0.375341 0.010000 -0.209766
v 0.382364 0.010000 -0.203443
v 0.365994 0.010000 -0.226352
v 0.366919 0.010000 -0.217349
v 0.364587 0.010000 -0.222377
v 0.310002 0.010000 -0.235839
v 0.313808 0.010000 -0.237653
v 0.308595 0.010000 -0.231864
v 0.317782 0.010000 -0.236246
v 0.310409 0.010000 -0.228058
v 0.314384 0.010000 -0.226651
v 0.355639 0.010000 -0.167872
v 0.359444 0.010000 -0.169688
v 0.356807 0.010000 -0.221969
v 0.360782 0.010000 -0.220563
v 0.360205 0.010000 -0.231565
v 0.319597 0.010000 -0.232440
v 0.318191 0.010000 -0.228466
v 0.360730 0.031235 -0.185340
v 0.341302 0.031235 -0.181707
v 0.344067 0.031235 -0.175936
v 0.368548 0.031235 -0.153930
v 0.358596 0.031235 -0.162923
v 0.328935 0.028473 -0.174080
v 0.330581 0.031235 -0.176314
v 0.329306 0.030612 -0.174583
v 0.356471 0.031235 -0.248365
v 0.358328 0.028473 -0.250429
v 0.357910 0.030612 -0.249964
v 0.350094 0.031235 -0.253063
v 0.351513 0.028473 -0.255448
v 0.351193 0.030612 -0.254910
v 0.327175 0.028473 -0.261459
v 0.327321 0.031235 -0.258688
v 0.327209 0.030612 -0.260835
v 0.319490 0.031235 -0.257500
v 0.318808 0.028473 -0.260191
v 0.318962 0.030612 -0.259583
v 0.297348 0.028473 -0.247233
v 0.299410 0.031235 -0.245376
v 0.297813 0.030612 -0.246814
v 0.292327 0.028473 -0.240417
v 0.294713 0.031235 -0.238998
v 0.292865 0.030612 -0.240098
v 0.286316 0.028473 -0.216081
v 0.289087 0.031235 -0.216226
v 0.286941 0.030612 -0.216112
v 0.290276 0.031235 -0.208395
v 0.287586 0.028473 -0.207712
v 0.288192 0.030612 -0.207865
v 0.361809 0.010000 -0.242514
v 0.364033 0.012762 -0.244176
v 0.363531 0.010623 -0.243801
v 0.358328 0.012762 -0.250429
v 0.356471 0.010000 -0.248365
v 0.357910 0.010623 -0.249964
v 0.365904 0.010000 -0.235734
v 0.368408 0.012762 -0.236929
v 0.367844 0.010623 -0.236660
v 0.323240 0.012762 -0.175609
v 0.323639 0.010000 -0.178355
v 0.323329 0.010623 -0.176228
v 0.315022 0.012762 -0.177638
v 0.315949 0.010000 -0.180253
v 0.315232 0.010623 -0.178228
v 0.302401 0.010000 -0.188315
v 0.300544 0.012762 -0.186253
v 0.300963 0.010623 -0.186718
v 0.374841 0.031235 -0.136462
v 0.372791 0.028473 -0.134591
v 0.373253 0.030612 -0.135013
v 0.443792 0.031235 -0.169741
v 0.445649 0.028473 -0.171804
v 0.445231 0.030612 -0.171339
v 0.449131 0.031235 -0.163890
v 0.451354 0.028473 -0.165551
v 0.450853 0.030612 -0.165176
v 0.457105 0.031235 -0.141830
v 0.459876 0.028473 -0.141975
v 0.459251 0.030612 -0.141943
v 0.456742 0.031235 -0.133918
v 0.459489 0.028473 -0.133520
v 0.458869 0.030612 -0.133610
v 0.448845 0.028473 -0.110824
v 0.446783 0.031235 -0.112681
v 0.448380 0.030612 -0.111243
v 0.440931 0.031235 -0.107343
v 0.442591 0.028473 -0.105118
v 0.442218 0.030612 -0.105620
v 0.419017 0.028473 -0.096596
v 0.418872 0.031235 -0.099367
v 0.418983 0.030612 -0.097221
v 0.410960 0.031235 -0.099731
v 0.410561 0.028473 -0.096984
v 0.410650 0.030612 -0.097603
v 0.438835 0.012762 -0.176824
v 0.437415 0.010000 -0.174439
v 0.438514 0.010623 -0.176286
v 0.443792 0.010000 -0.169741
v 0.445649 0.012762 -0.171804
v 0.445231 0.010623 -0.171339
v 0.431170 0.012762 -0.180418
v 0.430244 0.010000 -0.177802
v 0.430961 0.010623 -0.179829
v 0.374907 0.012762 -0.129088
v 0.377597 0.010000 -0.129771
v 0.375513 0.010623 -0.129241
v 0.380289 0.010000 -0.122322
v 0.377784 0.012762 -0.121127
v 0.378349 0.010623 -0.121397
v 0.387865 0.012762 -0.107628
v 0.389722 0.010000 -0.109690
v 0.388284 0.010623 -0.108093
v 0.396099 0.010000 -0.104992
v 0.394680 0.012762 -0.102608
v 0.395000 0.010623 -0.103145
v 0.418872 0.010000 -0.099367
v 0.419017 0.012762 -0.096596
v 0.418983 0.010623 -0.097221
v 0.426703 0.010000 -0.100556
v 0.427386 0.012762 -0.097866
v 0.427231 0.010623 -0.098472
v 0.446783 0.010000 -0.112681
v 0.448845 0.012762 -0.110824
v 0.448380 0.010623 -0.111243
v 0.294839 0.012762 -0.192505
v 0.297062 0.010000 -0.194166
v 0.295340 0.010623 -0.192879
v 0.289087 0.010000 -0.216226
v 0.286316 0.012762 -0.216081
v 0.286941 0.010623 -0.216112
v 0.286704 0.012762 -0.224536
v 0.289451 0.010000 -0.224138
v 0.287323 0.010623 -0.224446
v 0.299410 0.010000 -0.245376
v 0.297348 0.012762 -0.247233
v 0.297813 0.010623 -0.246814
v 0.303601 0.012762 -0.252937
v 0.305261 0.010000 -0.250713
v 0.303975 0.010623 -0.252437
v 0.327175 0.012762 -0.261459
v 0.327321 0.010000 -0.258688
v 0.327209 0.010623 -0.260835
v 0.335631 0.012762 -0.261072
v 0.335233 0.010000 -0.258325
v 0.335542 0.010623 -0.260452
v 0.343849 0.028473 -0.259042
v 0.342923 0.031235 -0.256427
v 0.343640 0.030612 -0.258453
v 0.310848 0.028473 -0.257313
v 0.312042 0.031235 -0.254807
v 0.311116 0.030612 -0.256747
v 0.453865 0.012762 -0.117639
v 0.451479 0.010000 -0.119058
v 0.453328 0.010623 -0.117959
v 0.457105 0.010000 -0.141830
v 0.459876 0.012762 -0.141975
v 0.459251 0.010623 -0.141943
v 0.455917 0.010000 -0.149661
v 0.458607 0.012762 -0.150344
v 0.458000 0.010623 -0.150191
v 0.453225 0.031235 -0.157110
v 0.455730 0.028473 -0.158305
v 0.455165 0.030612 -0.158035
v 0.457459 0.028473 -0.125303
v 0.454842 0.031235 -0.126229
v 0.456869 0.030612 -0.125511
v 0.435346 0.028473 -0.100744
v 0.434151 0.031235 -0.103249
v 0.435076 0.030612 -0.101308
v 0.402343 0.028473 -0.099013
v 0.403270 0.031235 -0.101629
v 0.402553 0.030612 -0.099604
v 0.389722 0.031235 -0.109690
v 0.387865 0.028473 -0.107628
v 0.388284 0.030612 -0.108093
v 0.384383 0.031235 -0.115541
v 0.382160 0.028473 -0.113881
v 0.382661 0.030612 -0.114255
v 0.291350 0.031235 -0.231827
v 0.288734 0.028473 -0.232753
v 0.289324 0.030612 -0.232545
v 0.382160 0.012762 -0.113881
v 0.384383 0.010000 -0.115541
v 0.382661 0.010623 -0.114255
v 0.402343 0.012762 -0.099013
v 0.403270 0.010000 -0.101629
v 0.402553 0.010623 -0.099604
v 0.434151 0.010000 -0.103249
v 0.435346 0.012762 -0.100744
v 0.435076 0.010623 -0.101308
v 0.454842 0.010000 -0.126229
v 0.457459 0.012762 -0.125303
v 0.456869 0.010623 -0.125511
v 0.455730 0.012762 -0.158305
v 0.453225 0.010000 -0.157110
v 0.455165 0.010623 -0.158035
v 0.430244 0.031235 -0.177802
v 0.431170 0.028473 -0.180418
v 0.430961 0.030612 -0.179829
v 0.438835 0.028473 -0.176824
v 0.437415 0.031235 -0.174439
v 0.438514 0.030612 -0.176286
v 0.458607 0.028473 -0.150344
v 0.455917 0.031235 -0.149661
v 0.458000 0.030612 -0.150191
v 0.453865 0.028473 -0.117639
v 0.451479 0.031235 -0.119058
v 0.453328 0.030612 -0.117959
v 0.426703 0.031235 -0.100556
v 0.427386 0.028473 -0.097866
v 0.427231 0.030612 -0.098472
v 0.394680 0.028473 -0.102608
v 0.396099 0.031235 -0.104992
v 0.395000 0.030612 -0.103145
v 0.380289 0.031235 -0.122322
v 0.377784 0.028473 -0.121127
v 0.378349 0.030612 -0.121397
v 0.290463 0.028473 -0.199751
v 0.292967 0.031235 -0.200946
v 0.291028 0.030612 -0.200021
v 0.302401 0.031235 -0.188315
v 0.300544 0.028473 -0.186253
v 0.300963 0.030612 -0.186718
v 0.307359 0.028473 -0.181233
v 0.308778 0.031235 -0.183617
v 0.307678 0.030612 -0.181770
v 0.308778 0.010000 -0.183617
v 0.307359 0.012762 -0.181233
v 0.307678 0.010623 -0.181770
v 0.292967 0.010000 -0.200946
v 0.290463 0.012762 -0.199751
v 0.291028 0.010623 -0.200021
v 0.288734 0.012762 -0.232753
v 0.291350 0.010000 -0.231827
v 0.289324 0.010623 -0.232545
v 0.312042 0.010000 -0.254807
v 0.310848 0.012762 -0.257313
v 0.311116 0.010623 -0.256747
v 0.342923 0.010000 -0.256427
v 0.343849 0.012762 -0.259042
v 0.343640 0.010623 -0.258453
v 0.368408 0.028473 -0.236929
v 0.365904 0.031235 -0.235734
v 0.367844 0.030612 -0.236660
v 0.361809 0.031235 -0.242514
v 0.364033 0.028473 -0.244176
v 0.363531 0.030612 -0.243801
v 0.352711 0.031235 -0.156388
v 0.350863 0.028473 -0.154335
v 0.351280 0.030612 -0.154798
v 0.350863 0.012762 -0.154335
v 0.352711 0.010000 -0.156388
v 0.351280 0.010623 -0.154798
v 0.397853 0.028473 -0.206523
v 0.396005 0.031235 -0.204471
v 0.397437 0.030612 -0.206061
v 0.410561 0.012762 -0.096984
v 0.410960 0.010000 -0.099731
v 0.410650 0.010623 -0.097603
v 0.396005 0.010000 -0.204471
v 0.397853 0.012762 -0.206523
v 0.397437 0.010623 -0.206061
v 0.442591 0.012762 -0.105118
v 0.440931 0.010000 -0.107343
v 0.442218 0.010623 -0.105620
v 0.459489 0.012762 -0.133520
v 0.456742 0.010000 -0.133918
v 0.458869 0.010623 -0.133610
v 0.451354 0.012762 -0.165551
v 0.449131 0.010000 -0.163890
v 0.450853 0.010623 -0.165176
v 0.374907 0.028473 -0.129088
v 0.377597 0.031235 -0.129771
v 0.375513 0.030612 -0.129241
v 0.374576 0.028473 -0.131271
v 0.377266 0.031235 -0.131955
v 0.375181 0.030612 -0.131425
v 0.376387 0.031235 -0.134388
v 0.373929 0.028473 -0.133066
v 0.374482 0.030612 -0.133364
v 0.427247 0.012762 -0.181386
v 0.426401 0.010000 -0.178752
v 0.427056 0.010623 -0.180793
v 0.424087 0.010000 -0.179673
v 0.425376 0.012762 -0.182132
v 0.425084 0.010623 -0.181578
v 0.422037 0.010000 -0.181031
v 0.423733 0.012762 -0.183221
v 0.423352 0.010623 -0.182728
v 0.423733 0.028473 -0.183221
v 0.422036 0.031235 -0.181032
v 0.423351 0.030612 -0.182729
v 0.335233 0.031235 -0.258325
v 0.335631 0.028473 -0.261072
v 0.335542 0.030612 -0.260452
v 0.305261 0.031235 -0.250713
v 0.303601 0.028473 -0.252937
v 0.303975 0.030612 -0.252437
v 0.289451 0.031235 -0.224138
v 0.286704 0.028473 -0.224536
v 0.287323 0.030612 -0.224446
v 0.294839 0.028473 -0.192505
v 0.297062 0.031235 -0.194166
v 0.295340 0.030612 -0.192879
v 0.315949 0.031235 -0.180253
v 0.315022 0.028473 -0.177638
v 0.315232 0.030612 -0.178228
v 0.425376 0.028473 -0.182132
v 0.424088 0.031235 -0.179672
v 0.425085 0.030612 -0.181579
v 0.427249 0.028473 -0.181386
v 0.426404 0.031235 -0.178751
v 0.427059 0.030612 -0.180792
v 0.372791 0.012762 -0.134591
v 0.374843 0.010000 -0.136460
v 0.373254 0.010623 -0.135012
v 0.376387 0.010000 -0.134388
v 0.373929 0.012762 -0.133066
v 0.374482 0.010623 -0.133364
v 0.287586 0.012762 -0.207712
v 0.290276 0.010000 -0.208395
v 0.288192 0.010623 -0.207865
v 0.292327 0.012762 -0.240417
v 0.294713 0.010000 -0.238998
v 0.292865 0.010623 -0.240098
v 0.319490 0.010000 -0.257500
v 0.318808 0.012762 -0.260191
v 0.318962 0.010623 -0.259583
v 0.377265 0.010000 -0.131954
v 0.374576 0.012762 -0.131271
v 0.375181 0.010623 -0.131425
v 0.351513 0.012762 -0.255448
v 0.350094 0.010000 -0.253063
v 0.351193 0.010623 -0.254910
v 0.323240 0.028473 -0.175609
v 0.323639 0.031235 -0.178355
v 0.323329 0.030612 -0.176228
v 0.325845 0.031235 -0.178254
v 0.325447 0.028473 -0.175508
v 0.325537 0.030612 -0.176126
v 0.328357 0.031235 -0.177635
v 0.327299 0.028473 -0.175051
v 0.327537 0.030612 -0.175633
v 0.367250 0.010000 -0.232012
v 0.369781 0.012762 -0.233129
v 0.369211 0.010623 -0.232876
v 0.370719 0.012762 -0.231345
v 0.368408 0.010000 -0.229807
v 0.370198 0.010623 -0.230997
v 0.369973 0.010000 -0.227910
v 0.371973 0.012762 -0.229825
v 0.371523 0.010623 -0.229395
v 0.371973 0.028473 -0.229825
v 0.369974 0.031235 -0.227909
v 0.371524 0.030612 -0.229394
v 0.368407 0.031235 -0.229808
v 0.370719 0.028473 -0.231345
v 0.370199 0.030612 -0.230998
v 0.369781 0.028473 -0.233131
v 0.367248 0.031235 -0.232015
v 0.369210 0.030612 -0.232879
v 0.328935 0.012762 -0.174080
v 0.330579 0.010000 -0.176316
v 0.329305 0.010623 -0.174584
v 0.327299 0.012762 -0.175051
v 0.328357 0.010000 -0.177635
v 0.327537 0.010623 -0.175633
v 0.325844 0.010000 -0.178253
v 0.325447 0.012762 -0.175508
v 0.325537 0.010623 -0.176126
v 0.403027 0.010000 -0.198147
v 0.404876 0.012762 -0.200200
v 0.404460 0.010623 -0.199738
v 0.357885 0.012762 -0.148012
v 0.359734 0.010000 -0.150065
v 0.358302 0.010623 -0.148475
v 0.359734 0.031235 -0.150065
v 0.357885 0.028473 -0.148012
v 0.358302 0.030612 -0.148475
v 0.404876 0.028473 -0.200200
v 0.403027 0.031235 -0.198147
v 0.404460 0.030612 -0.199738
v 0.364908 0.012762 -0.141689
v 0.366756 0.010000 -0.143742
v 0.365325 0.010623 -0.142152
v 0.411898 0.028473 -0.193877
v 0.410050 0.031235 -0.191824
v 0.411482 0.030612 -0.193415
v 0.411898 0.012762 -0.193877
v 0.410050 0.010000 -0.191824
v 0.411482 0.010623 -0.193415
v 0.364908 0.028473 -0.141689
v 0.366756 0.031235 -0.143742
v 0.365325 0.030612 -0.142152
v 0.390830 0.012762 -0.212846
v 0.388982 0.010000 -0.210794
v 0.390415 0.010623 -0.212384
v 0.345689 0.010000 -0.162711
v 0.343840 0.012762 -0.160658
v 0.344257 0.010623 -0.161121
v 0.343840 0.028473 -0.160658
v 0.345689 0.031235 -0.162711
v 0.344257 0.030612 -0.161121
v 0.388982 0.031235 -0.210794
v 0.390830 0.028473 -0.212846
v 0.390415 0.030612 -0.212384
v 0.338666 0.010000 -0.169034
v 0.336818 0.012762 -0.166982
v 0.337235 0.010623 -0.167444
v 0.381960 0.031235 -0.217117
v 0.383808 0.028473 -0.219169
v 0.383392 0.030612 -0.218707
v 0.383808 0.012762 -0.219169
v 0.381960 0.010000 -0.217117
v 0.383392 0.010623 -0.218707
v 0.338666 0.031235 -0.169034
v 0.336818 0.028473 -0.166982
v 0.337235 0.030612 -0.167444
v 0.382114 0.029967 -0.160915
v 0.381271 0.029302 -0.160040
v 0.381752 0.029497 -0.160521
v 0.383821 0.029966 -0.157342
v 0.382562 0.029302 -0.157327
v 0.383260 0.029496 -0.157338
v 0.381533 0.029302 -0.154422
v 0.382485 0.029966 -0.153566
v 0.382063 0.029496 -0.153946
v 0.378752 0.029302 -0.153095
v 0.378869 0.029966 -0.151842
v 0.378815 0.029496 -0.152401
v 0.375920 0.029302 -0.154097
v 0.375138 0.029967 -0.153167
v 0.375492 0.029497 -0.153568
v 0.361961 0.029302 -0.166661
v 0.361159 0.029974 -0.165770
v 0.361506 0.029498 -0.166155
v 0.368119 0.029974 -0.173500
v 0.367316 0.029302 -0.172609
v 0.367772 0.029498 -0.173115
v 0.354140 0.029967 -0.186103
v 0.353358 0.029302 -0.185173
v 0.353786 0.029497 -0.185702
v 0.350408 0.029966 -0.187427
v 0.350525 0.029302 -0.186174
v 0.350463 0.029496 -0.186869
v 0.346792 0.029966 -0.185703
v 0.347743 0.029302 -0.184847
v 0.347214 0.029496 -0.185323
v 0.346715 0.029302 -0.181942
v 0.345455 0.029966 -0.181927
v 0.346018 0.029496 -0.181932
v 0.348007 0.029302 -0.179230
v 0.347163 0.029967 -0.178355
v 0.347526 0.029497 -0.178749
v 0.360923 0.030563 -0.165508
v 0.360132 0.031235 -0.164630
v 0.360580 0.031039 -0.165127
v 0.343784 0.031235 -0.181840
v 0.345062 0.030570 -0.181907
v 0.344496 0.031040 -0.181877
v 0.345939 0.031235 -0.177340
v 0.346884 0.030570 -0.178100
v 0.346472 0.031040 -0.177765
v 0.378060 0.029970 -0.164558
v 0.377230 0.029302 -0.163680
v 0.377698 0.029497 -0.164179
v 0.371877 0.029302 -0.157735
v 0.371091 0.029970 -0.156818
v 0.371429 0.029497 -0.157217
v 0.370866 0.030566 -0.156530
v 0.370090 0.031235 -0.155630
v 0.370530 0.031040 -0.156138
v 0.358411 0.030566 -0.182740
v 0.359187 0.031235 -0.183639
v 0.358748 0.031040 -0.183132
v 0.357401 0.029302 -0.181535
v 0.358187 0.029970 -0.182452
v 0.357848 0.029497 -0.182052
v 0.351218 0.029970 -0.174712
v 0.352048 0.029302 -0.175590
v 0.351579 0.029497 -0.175090
v 0.378957 0.031235 -0.150170
v 0.378890 0.030570 -0.151448
v 0.378919 0.031040 -0.150882
v 0.374913 0.030570 -0.152862
v 0.374257 0.031235 -0.151843
v 0.374624 0.031040 -0.152418
v 0.383728 0.031235 -0.152446
v 0.382778 0.030570 -0.153301
v 0.383199 0.031040 -0.152923
v 0.384215 0.030570 -0.157362
v 0.385494 0.031235 -0.157430
v 0.384782 0.031040 -0.157393
v 0.383337 0.031235 -0.161929
v 0.382394 0.030570 -0.161170
v 0.382804 0.031040 -0.161504
v 0.355020 0.031235 -0.187426
v 0.354365 0.030570 -0.186408
v 0.354653 0.031040 -0.186851
v 0.350321 0.031235 -0.189100
v 0.350387 0.030570 -0.187821
v 0.350358 0.031040 -0.188388
v 0.346499 0.030570 -0.185968
v 0.345549 0.031235 -0.186823
v 0.346078 0.031040 -0.186346
v 0.379136 0.031235 -0.165677
v 0.378323 0.030566 -0.164811
v 0.378678 0.031040 -0.165187
v 0.369146 0.031235 -0.174640
v 0.368354 0.030563 -0.173761
v 0.368697 0.031039 -0.174143
v 0.350141 0.031235 -0.173592
v 0.350955 0.030566 -0.174459
v 0.350600 0.031040 -0.174083
v 0.432097 0.017877 -0.125904
v 0.314096 0.017877 -0.232153
v 0.421191 0.017877 -0.171411
v 0.360493 0.017877 -0.226063
v 0.359732 0.017877 -0.164186
v 0.434883 0.018137 -0.126050
v 0.433964 0.018137 -0.127976
v 0.434170 0.018137 -0.124038
v 0.432242 0.018137 -0.123118
v 0.430230 0.018137 -0.123830
v 0.429310 0.018137 -0.125758
v 0.430024 0.018137 -0.127771
v 0.431950 0.018137 -0.128690
v 0.313950 0.018137 -0.234938
v 0.315962 0.018137 -0.234225
v 0.312023 0.018137 -0.234019
v 0.316882 0.018137 -0.232298
v 0.316170 0.018137 -0.230286
v 0.311310 0.018137 -0.232006
v 0.423978 0.018137 -0.171557
v 0.423058 0.018137 -0.173484
v 0.423265 0.018137 -0.169543
v 0.421338 0.018137 -0.168624
v 0.419324 0.018137 -0.169337
v 0.418406 0.018137 -0.171265
v 0.419117 0.018137 -0.173278
v 0.421046 0.018137 -0.174197
v 0.312229 0.018137 -0.230079
v 0.314242 0.018137 -0.229366
v 0.360347 0.018137 -0.228850
v 0.362360 0.018137 -0.228137
v 0.362519 0.018137 -0.164331
v 0.361600 0.018137 -0.166259
v 0.361806 0.018137 -0.162319
v 0.359878 0.018137 -0.161399
v 0.357865 0.018137 -0.162112
v 0.358420 0.018137 -0.227930
v 0.357659 0.018137 -0.166053
v 0.359585 0.018137 -0.166972
v 0.358626 0.018137 -0.223989
v 0.357707 0.018137 -0.225918
v 0.356945 0.018137 -0.164040
v 0.362567 0.018137 -0.224196
v 0.360639 0.018137 -0.223278
v 0.363279 0.018137 -0.226210
v 0.435442 0.018306 -0.126079
v 0.434339 0.018306 -0.128393
v 0.434587 0.018306 -0.123663
v 0.432272 0.018306 -0.122558
v 0.429855 0.018306 -0.123414
v 0.428751 0.018306 -0.125729
v 0.429607 0.018306 -0.128146
v 0.431921 0.018306 -0.129250
v 0.313921 0.018306 -0.235498
v 0.316337 0.018306 -0.234642
v 0.311607 0.018306 -0.234394
v 0.317442 0.018306 -0.232327
v 0.316586 0.018306 -0.229911
v 0.310750 0.018306 -0.231977
v 0.424536 0.018306 -0.171586
v 0.423432 0.018306 -0.173900
v 0.423680 0.018306 -0.169169
v 0.421366 0.018306 -0.168066
v 0.418950 0.018306 -0.168921
v 0.417846 0.018306 -0.171235
v 0.418702 0.018306 -0.173652
v 0.421016 0.018306 -0.174755
v 0.311854 0.018306 -0.229663
v 0.314271 0.018306 -0.228806
v 0.360318 0.018306 -0.229408
v 0.362735 0.018306 -0.228552
v 0.363077 0.018306 -0.164361
v 0.361974 0.018306 -0.166675
v 0.362222 0.018306 -0.161945
v 0.359908 0.018306 -0.160841
v 0.357491 0.018306 -0.161697
v 0.358004 0.018306 -0.228304
v 0.357243 0.018306 -0.166427
v 0.359557 0.018306 -0.167531
v 0.358252 0.018306 -0.223574
v 0.357148 0.018306 -0.225888
v 0.356387 0.018306 -0.164011
v 0.362982 0.018306 -0.223822
v 0.360669 0.018306 -0.222718
v 0.363838 0.018306 -0.226238
v 0.417296 0.010000 -0.171206
v 0.417846 0.010510 -0.171235
v 0.417668 0.010149 -0.171226
v 0.360697 0.010000 -0.222168
v 0.360669 0.010510 -0.222718
v 0.360678 0.010149 -0.222540
v 0.362222 0.010510 -0.161945
v 0.362632 0.010000 -0.161575
v 0.362354 0.010149 -0.161825
v 0.357122 0.010000 -0.161286
v 0.357491 0.010510 -0.161697
v 0.357372 0.010149 -0.161564
v 0.363629 0.010000 -0.164390
v 0.363077 0.010510 -0.164361
v 0.363255 0.010149 -0.164370
v 0.425088 0.010000 -0.171615
v 0.424536 0.010510 -0.171586
v 0.424714 0.010149 -0.171595
v 0.418580 0.010000 -0.168511
v 0.418950 0.010510 -0.168921
v 0.418830 0.010149 -0.168789
v 0.431921 0.010510 -0.129250
v 0.431892 0.010000 -0.129800
v 0.431912 0.010149 -0.129428
v 0.429198 0.010000 -0.128515
v 0.429607 0.010510 -0.128146
v 0.429475 0.010149 -0.128265
v 0.359937 0.010000 -0.160289
v 0.359908 0.010510 -0.160841
v 0.359917 0.010149 -0.160663
v 0.361974 0.010510 -0.166675
v 0.362343 0.010000 -0.167085
v 0.362093 0.010149 -0.166808
v 0.423680 0.010510 -0.169169
v 0.424090 0.010000 -0.168800
v 0.423813 0.010149 -0.169050
v 0.421396 0.010000 -0.167515
v 0.421366 0.010510 -0.168066
v 0.421376 0.010149 -0.167888
v 0.418702 0.010510 -0.173652
v 0.418292 0.010000 -0.174021
v 0.418569 0.010149 -0.173771
v 0.420988 0.010000 -0.175306
v 0.421016 0.010510 -0.174755
v 0.421006 0.010149 -0.174933
v 0.423802 0.010000 -0.174310
v 0.423432 0.010510 -0.173900
v 0.423552 0.010149 -0.174032
v 0.434587 0.010510 -0.123663
v 0.434997 0.010000 -0.123293
v 0.434719 0.010149 -0.123543
v 0.432301 0.010000 -0.122008
v 0.432272 0.010510 -0.122558
v 0.432281 0.010149 -0.122380
v 0.435992 0.010000 -0.126108
v 0.435442 0.010510 -0.126079
v 0.435620 0.010149 -0.126089
v 0.434339 0.010510 -0.128393
v 0.434708 0.010000 -0.128803
v 0.434458 0.010149 -0.128526
v 0.429487 0.010000 -0.123004
v 0.429855 0.010510 -0.123414
v 0.429736 0.010149 -0.123281
v 0.428201 0.010000 -0.125700
v 0.428751 0.010510 -0.125729
v 0.428573 0.010149 -0.125719
v 0.356833 0.010000 -0.166797
v 0.357243 0.010510 -0.166427
v 0.357111 0.010149 -0.166546
v 0.359528 0.010000 -0.168083
v 0.359557 0.010510 -0.167531
v 0.359548 0.010149 -0.167709
v 0.360289 0.010000 -0.229960
v 0.360318 0.010510 -0.229408
v 0.360309 0.010149 -0.229586
v 0.358252 0.010510 -0.223574
v 0.357883 0.010000 -0.223163
v 0.358133 0.010149 -0.223441
v 0.317992 0.010000 -0.232356
v 0.317442 0.010510 -0.232327
v 0.317620 0.010149 -0.232337
v 0.316586 0.010510 -0.229911
v 0.316995 0.010000 -0.229542
v 0.316719 0.010149 -0.229791
v 0.356387 0.010510 -0.164011
v 0.355836 0.010000 -0.163982
v 0.356210 0.010149 -0.164001
v 0.358004 0.010510 -0.228304
v 0.357594 0.010000 -0.228674
v 0.357872 0.010149 -0.228424
v 0.356598 0.010000 -0.225860
v 0.357148 0.010510 -0.225888
v 0.356970 0.010149 -0.225878
v 0.362982 0.010510 -0.223822
v 0.363393 0.010000 -0.223452
v 0.363115 0.010149 -0.223702
v 0.364389 0.010000 -0.226268
v 0.363838 0.010510 -0.226238
v 0.364016 0.010149 -0.226248
v 0.362735 0.010510 -0.228552
v 0.363104 0.010000 -0.228962
v 0.362854 0.010149 -0.228685
v 0.311196 0.010000 -0.234764
v 0.311607 0.010510 -0.234394
v 0.311474 0.010149 -0.234514
v 0.310200 0.010000 -0.231948
v 0.310750 0.010510 -0.231977
v 0.310572 0.010149 -0.231967
v 0.313921 0.010510 -0.235498
v 0.313892 0.010000 -0.236048
v 0.313911 0.010149 -0.235676
v 0.316337 0.010510 -0.234642
v 0.316707 0.010000 -0.235052
v 0.316457 0.010149 -0.234775
v 0.311854 0.010510 -0.229663
v 0.311485 0.010000 -0.229253
v 0.311734 0.010149 -0.229530
v 0.314300 0.010000 -0.228256
v 0.314271 0.010510 -0.228806
v 0.314281 0.010149 -0.228628
v 0.396814 0.027264 -0.205369
v 0.396814 0.013971 -0.205369
v 0.430061 0.020618 -0.175433
v 0.402358 0.020618 -0.211527
v 0.430269 0.023712 -0.175245
v 0.402358 0.023694 -0.211527
v 0.430269 0.017523 -0.175245
v 0.402358 0.017541 -0.211527
v 0.430754 0.025093 -0.174809
v 0.429986 0.027264 -0.175500
v 0.431097 0.025924 -0.174500
v 0.431072 0.026629 -0.174523
v 0.430682 0.027099 -0.174874
v 0.429986 0.013971 -0.175500
v 0.430754 0.016143 -0.174809
v 0.430682 0.014137 -0.174874
v 0.431072 0.014607 -0.174523
v 0.431097 0.015312 -0.174500
v 0.363567 0.020618 -0.235305
v 0.363358 0.023712 -0.235492
v 0.363358 0.017523 -0.235492
v 0.362873 0.025093 -0.235929
v 0.363641 0.027264 -0.235238
v 0.362530 0.025924 -0.236238
v 0.362556 0.026629 -0.236215
v 0.362946 0.027099 -0.235864
v 0.363641 0.013971 -0.235238
v 0.362873 0.016143 -0.235929
v 0.362946 0.014137 -0.235864
v 0.362556 0.014607 -0.236215
v 0.362530 0.015312 -0.236238
v 0.434089 0.017524 -0.182957
v 0.433891 0.020618 -0.183135
v 0.434089 0.023711 -0.182957
v 0.402358 0.025318 -0.211527
v 0.434385 0.025326 -0.182690
v 0.402358 0.015918 -0.211527
v 0.434385 0.015909 -0.182690
v 0.370628 0.017524 -0.240097
v 0.370826 0.020618 -0.239919
v 0.370628 0.023711 -0.240097
v 0.370331 0.025326 -0.240364
v 0.370331 0.015909 -0.240364
v 0.402358 0.026310 -0.211527
v 0.401612 0.027264 -0.210698
v 0.402090 0.027103 -0.211229
v 0.401612 0.013971 -0.210698
v 0.402358 0.014925 -0.211527
v 0.402090 0.014132 -0.211229
v 0.434853 0.020618 -0.182268
v 0.434859 0.020618 -0.180762
v 0.435218 0.020618 -0.181401
v 0.435071 0.023885 -0.182072
v 0.435067 0.023712 -0.180574
v 0.435425 0.023756 -0.181212
v 0.435067 0.017523 -0.180574
v 0.435071 0.017350 -0.182072
v 0.435425 0.017479 -0.181212
v 0.435309 0.026312 -0.181858
v 0.434784 0.027264 -0.180829
v 0.435252 0.027102 -0.181370
v 0.435552 0.025093 -0.180137
v 0.435570 0.025427 -0.181623
v 0.435924 0.025166 -0.180765
v 0.435719 0.026214 -0.181488
v 0.435480 0.027099 -0.180203
v 0.435900 0.026937 -0.180788
v 0.435870 0.026629 -0.179851
v 0.435795 0.026122 -0.181420
v 0.436215 0.026542 -0.180505
v 0.435800 0.025985 -0.181415
v 0.435895 0.025924 -0.179829
v 0.436244 0.025965 -0.180478
v 0.435570 0.015809 -0.181623
v 0.435552 0.016143 -0.180137
v 0.435924 0.016069 -0.180765
v 0.434784 0.013971 -0.180829
v 0.435309 0.014924 -0.181858
v 0.435252 0.014134 -0.181370
v 0.435800 0.015251 -0.181415
v 0.435895 0.015312 -0.179829
v 0.436244 0.015271 -0.180478
v 0.435870 0.014607 -0.179851
v 0.435795 0.015113 -0.181420
v 0.436215 0.014693 -0.180505
v 0.435719 0.015021 -0.181488
v 0.435480 0.014137 -0.180203
v 0.435900 0.014298 -0.180788
v 0.369863 0.020618 -0.240785
v 0.368365 0.020618 -0.240634
v 0.368963 0.020618 -0.241057
v 0.368156 0.023712 -0.240821
v 0.369645 0.023885 -0.240981
v 0.368754 0.023756 -0.241243
v 0.369645 0.017350 -0.240981
v 0.368156 0.017523 -0.240821
v 0.368754 0.017479 -0.241243
v 0.368439 0.027264 -0.240566
v 0.369408 0.026312 -0.241196
v 0.368928 0.027102 -0.241088
v 0.369147 0.025427 -0.241430
v 0.367671 0.025093 -0.241258
v 0.368257 0.025166 -0.241693
v 0.368997 0.026214 -0.241565
v 0.367744 0.027099 -0.241193
v 0.368282 0.026937 -0.241672
v 0.367353 0.026629 -0.241544
v 0.368922 0.026122 -0.241633
v 0.367967 0.026542 -0.241955
v 0.368916 0.025985 -0.241638
v 0.367328 0.025924 -0.241567
v 0.367938 0.025965 -0.241982
v 0.367671 0.016143 -0.241258
v 0.369147 0.015809 -0.241430
v 0.368257 0.016069 -0.241693
v 0.369408 0.014924 -0.241196
v 0.368439 0.013971 -0.240566
v 0.368928 0.014134 -0.241088
v 0.368916 0.015251 -0.241638
v 0.367328 0.015312 -0.241567
v 0.367938 0.015271 -0.241982
v 0.367353 0.014607 -0.241544
v 0.368922 0.015113 -0.241633
v 0.367967 0.014693 -0.241955
v 0.368997 0.015021 -0.241565
v 0.367744 0.014137 -0.241193
v 0.368282 0.014298 -0.241672
v 0.426618 0.031235 -0.159883
v 0.426920 0.034275 -0.154088
v 0.429985 0.031235 -0.159396
v 0.428048 0.034275 -0.153925
v 0.432910 0.031235 -0.157656
v 0.429027 0.034275 -0.153343
v 0.434947 0.031235 -0.154929
v 0.429708 0.034275 -0.152430
v 0.435783 0.031235 -0.151631
v 0.429987 0.034275 -0.151327
v 0.435295 0.031235 -0.148262
v 0.429825 0.034275 -0.150201
v 0.433556 0.031235 -0.145338
v 0.429242 0.034275 -0.149222
v 0.430829 0.031235 -0.143302
v 0.428330 0.034275 -0.148541
v 0.427530 0.031235 -0.142464
v 0.427226 0.034275 -0.148260
v 0.424163 0.031235 -0.142952
v 0.426100 0.034275 -0.148423
v 0.421238 0.031235 -0.144692
v 0.425122 0.034275 -0.149006
v 0.419201 0.031235 -0.147420
v 0.424439 0.034275 -0.149917
v 0.418364 0.031235 -0.150717
v 0.424159 0.034275 -0.151021
v 0.418852 0.031235 -0.154085
v 0.424324 0.034275 -0.152148
v 0.420592 0.031235 -0.157010
v 0.424906 0.034275 -0.153127
v 0.423319 0.031235 -0.159046
v 0.425818 0.034275 -0.153808
v 0.427074 0.034197 -0.151174
v 0.426781 0.034550 -0.156774
v 0.428945 0.034550 -0.156460
v 0.430826 0.034550 -0.155341
v 0.432135 0.034550 -0.153588
v 0.432674 0.034550 -0.151468
v 0.432361 0.034550 -0.149302
v 0.431241 0.034550 -0.147422
v 0.429489 0.034550 -0.146112
v 0.427368 0.034550 -0.145574
v 0.425202 0.034550 -0.145888
v 0.423321 0.034550 -0.147006
v 0.422012 0.034550 -0.148760
v 0.421474 0.034550 -0.150881
v 0.421788 0.034550 -0.153046
v 0.422907 0.034550 -0.154926
v 0.424660 0.034550 -0.156236
v 0.429490 0.034990 -0.157996
v 0.429985 0.033880 -0.159396
v 0.429840 0.034831 -0.158986
v 0.426618 0.033880 -0.159883
v 0.426694 0.034990 -0.158401
v 0.426640 0.034831 -0.159450
v 0.431917 0.034990 -0.156552
v 0.432910 0.033880 -0.157656
v 0.432619 0.034831 -0.157332
v 0.433606 0.034990 -0.154290
v 0.434947 0.033880 -0.154929
v 0.434554 0.034831 -0.154742
v 0.434301 0.034990 -0.151552
v 0.435783 0.033880 -0.151631
v 0.435349 0.034831 -0.151608
v 0.433896 0.034990 -0.148758
v 0.435295 0.033880 -0.148262
v 0.434886 0.034831 -0.148408
v 0.432452 0.034990 -0.146332
v 0.433556 0.033880 -0.145338
v 0.433233 0.034831 -0.145629
v 0.430189 0.034990 -0.144641
v 0.430829 0.033880 -0.143302
v 0.430642 0.034831 -0.143695
v 0.427453 0.034990 -0.143947
v 0.427530 0.033880 -0.142464
v 0.427508 0.034831 -0.142899
v 0.424658 0.034990 -0.144352
v 0.424163 0.033880 -0.142952
v 0.424308 0.034831 -0.143363
v 0.422232 0.034990 -0.145796
v 0.421238 0.033880 -0.144692
v 0.421529 0.034831 -0.145015
v 0.420542 0.034990 -0.148058
v 0.419201 0.033880 -0.147420
v 0.419595 0.034831 -0.147607
v 0.419847 0.034990 -0.150795
v 0.418364 0.033880 -0.150717
v 0.418799 0.034831 -0.150741
v 0.420251 0.034990 -0.153589
v 0.418852 0.033880 -0.154085
v 0.419263 0.034831 -0.153941
v 0.421696 0.034990 -0.156017
v 0.420592 0.033880 -0.157010
v 0.420915 0.034831 -0.156720
v 0.423958 0.034990 -0.157706
v 0.423319 0.033880 -0.159046
v 0.423506 0.034831 -0.158654
v 0.357371 0.029302 -0.179485
v 0.354083 0.029302 -0.175834
v 0.348525 0.029302 -0.180838
v 0.348390 0.029302 -0.183438
v 0.347919 0.029302 -0.182109
v 0.348525 0.030999 -0.180838
v 0.349757 0.032841 -0.182207
v 0.348390 0.030999 -0.183438
v 0.348886 0.032301 -0.181239
v 0.348257 0.032062 -0.182127
v 0.348790 0.032301 -0.183077
v 0.347919 0.030999 -0.182109
v 0.349213 0.029302 -0.184353
v 0.351813 0.029302 -0.184490
v 0.350485 0.029302 -0.184960
v 0.350580 0.032841 -0.183121
v 0.351813 0.030999 -0.184490
v 0.349213 0.030999 -0.184353
v 0.351452 0.032301 -0.184089
v 0.350503 0.032062 -0.184622
v 0.350485 0.030999 -0.184960
v 0.349614 0.032301 -0.183992
v 0.362241 0.029302 -0.170966
v 0.359641 0.029302 -0.170829
v 0.360969 0.029302 -0.170359
v 0.360873 0.032841 -0.172198
v 0.359641 0.030999 -0.170829
v 0.362241 0.030999 -0.170966
v 0.360002 0.032301 -0.171230
v 0.360952 0.032062 -0.170696
v 0.360969 0.030999 -0.170359
v 0.361840 0.032301 -0.171327
v 0.362929 0.029302 -0.174481
v 0.363064 0.029302 -0.171881
v 0.363535 0.029302 -0.173209
v 0.361696 0.032841 -0.173112
v 0.363064 0.030999 -0.171881
v 0.362929 0.030999 -0.174481
v 0.362663 0.032301 -0.172242
v 0.363198 0.032062 -0.173191
v 0.363535 0.030999 -0.173209
v 0.362568 0.032301 -0.174080
v 0.357371 0.030999 -0.179485
v 0.356138 0.032841 -0.178117
v 0.357010 0.032301 -0.179084
v 0.354083 0.030999 -0.175834
v 0.355315 0.032841 -0.177202
v 0.354444 0.032301 -0.176234
v 0.316426 0.035485 -0.230055
v 0.315246 0.031235 -0.231118
v 0.342446 0.035485 -0.206626
v 0.343627 0.031235 -0.205563
v 0.341150 0.035485 -0.231350
v 0.342213 0.031235 -0.232531
v 0.317721 0.035485 -0.205330
v 0.316658 0.031235 -0.204149
v 0.329436 0.034503 -0.218341
v 0.315876 0.031235 -0.222191
v 0.324189 0.031235 -0.231424
v 0.320033 0.034945 -0.226807
v 0.325585 0.031235 -0.204779
v 0.316352 0.031235 -0.213093
v 0.320968 0.034945 -0.208936
v 0.333286 0.031235 -0.231901
v 0.342519 0.031235 -0.223587
v 0.337903 0.034945 -0.227744
v 0.342996 0.031235 -0.214490
v 0.334683 0.031235 -0.205257
v 0.338839 0.034945 -0.209874
v 0.319719 0.031235 -0.216833
v 0.319615 0.031235 -0.218824
v 0.320277 0.031235 -0.217861
v 0.320839 0.034753 -0.219902
v 0.321049 0.034753 -0.215887
v 0.327928 0.031235 -0.228057
v 0.329920 0.031235 -0.228162
v 0.328956 0.031235 -0.227500
v 0.330998 0.034753 -0.226937
v 0.326984 0.034753 -0.226727
v 0.330944 0.031235 -0.208624
v 0.328952 0.031235 -0.208520
v 0.329916 0.031235 -0.209182
v 0.327873 0.034753 -0.209743
v 0.331887 0.034753 -0.209954
v 0.339153 0.031235 -0.219848
v 0.339257 0.031235 -0.217857
v 0.338595 0.031235 -0.218821
v 0.338032 0.034753 -0.216778
v 0.337822 0.034753 -0.220793
v 0.312136 0.031235 -0.225558
v 0.312032 0.031235 -0.227548
v 0.311475 0.031235 -0.226521
v 0.313345 0.035621 -0.226639
v 0.319501 0.035621 -0.233476
v 0.318459 0.031235 -0.234686
v 0.320449 0.031235 -0.234791
v 0.319423 0.031235 -0.235348
v 0.336653 0.031235 -0.235640
v 0.338644 0.031235 -0.235744
v 0.337617 0.031235 -0.236302
v 0.337735 0.035621 -0.234431
v 0.344571 0.035621 -0.228276
v 0.345782 0.031235 -0.229318
v 0.345886 0.031235 -0.227326
v 0.346444 0.031235 -0.228354
v 0.346736 0.031235 -0.211123
v 0.346841 0.031235 -0.209131
v 0.347398 0.031235 -0.210159
v 0.345528 0.035621 -0.210041
v 0.339372 0.035621 -0.203205
v 0.340413 0.031235 -0.201993
v 0.338423 0.031235 -0.201890
v 0.339450 0.031235 -0.201332
v 0.322218 0.031235 -0.201040
v 0.320227 0.031235 -0.200936
v 0.321254 0.031235 -0.200378
v 0.321136 0.035621 -0.202249
v 0.314300 0.035621 -0.208404
v 0.313090 0.031235 -0.207362
v 0.312985 0.031235 -0.209354
v 0.312428 0.031235 -0.208326
v 0.323775 0.034677 -0.223438
v 0.324339 0.034677 -0.212679
v 0.335097 0.034677 -0.213243
v 0.334533 0.034677 -0.224002
v 0.322176 0.034694 -0.217959
v 0.329056 0.034694 -0.225600
v 0.329816 0.034694 -0.211080
v 0.336696 0.034694 -0.218721
v 0.317550 0.035029 -0.212003
v 0.316952 0.035029 -0.223401
v 0.334496 0.035029 -0.230823
v 0.323097 0.035029 -0.230226
v 0.335774 0.035029 -0.206454
v 0.324376 0.035029 -0.205857
v 0.341919 0.035029 -0.213279
v 0.341321 0.035029 -0.224677
v 0.316365 0.035048 -0.222741
v 0.315876 0.034633 -0.222191
v 0.316036 0.034930 -0.222337
v 0.324189 0.034633 -0.231424
v 0.323693 0.035048 -0.230879
v 0.324060 0.034930 -0.231249
v 0.325035 0.035048 -0.205269
v 0.325585 0.034633 -0.204779
v 0.325440 0.034930 -0.204940
v 0.316352 0.034633 -0.213093
v 0.316896 0.035048 -0.212597
v 0.316527 0.034930 -0.212966
v 0.333836 0.035048 -0.231411
v 0.333286 0.034633 -0.231901
v 0.333432 0.034930 -0.231741
v 0.342519 0.034633 -0.223587
v 0.341975 0.035048 -0.224083
v 0.342345 0.034930 -0.223715
v 0.342506 0.035048 -0.213939
v 0.342996 0.034633 -0.214490
v 0.342835 0.034930 -0.214343
v 0.334683 0.034633 -0.205257
v 0.335178 0.035048 -0.205802
v 0.334811 0.034930 -0.205431
v 0.320277 0.034306 -0.217861
v 0.321140 0.034717 -0.217905
v 0.320584 0.034601 -0.217876
v 0.328956 0.034306 -0.227500
v 0.329001 0.034717 -0.226636
v 0.328972 0.034601 -0.227192
v 0.329916 0.034306 -0.209182
v 0.329870 0.034717 -0.210044
v 0.329899 0.034601 -0.209488
v 0.338595 0.034306 -0.218821
v 0.337731 0.034717 -0.218775
v 0.338287 0.034601 -0.218804
v 0.320171 0.034770 -0.219315
v 0.319615 0.034354 -0.218824
v 0.319788 0.034653 -0.218960
v 0.319719 0.034354 -0.216833
v 0.320324 0.034770 -0.216403
v 0.319905 0.034653 -0.216715
v 0.330410 0.034770 -0.227604
v 0.329920 0.034354 -0.228162
v 0.330055 0.034653 -0.227988
v 0.327928 0.034354 -0.228057
v 0.327498 0.034770 -0.227452
v 0.327812 0.034653 -0.227871
v 0.328461 0.034770 -0.209076
v 0.328952 0.034354 -0.208520
v 0.328816 0.034653 -0.208692
v 0.330944 0.034354 -0.208624
v 0.331373 0.034770 -0.209228
v 0.331060 0.034653 -0.208810
v 0.338700 0.034770 -0.217366
v 0.339257 0.034354 -0.217857
v 0.339084 0.034653 -0.217721
v 0.339153 0.034354 -0.219848
v 0.338547 0.034770 -0.220278
v 0.338966 0.034653 -0.219965
v 0.312326 0.035719 -0.226578
v 0.311475 0.035379 -0.226521
v 0.311780 0.035650 -0.226530
v 0.312631 0.035723 -0.227134
v 0.312032 0.035381 -0.227548
v 0.312212 0.035658 -0.227431
v 0.312136 0.035247 -0.225558
v 0.312689 0.035652 -0.226052
v 0.312319 0.035541 -0.225681
v 0.318459 0.035381 -0.234686
v 0.318934 0.035723 -0.234135
v 0.318594 0.035658 -0.234519
v 0.319454 0.035719 -0.234495
v 0.319423 0.035379 -0.235348
v 0.319445 0.035650 -0.235042
v 0.320016 0.035652 -0.234189
v 0.320449 0.035247 -0.234791
v 0.320345 0.035541 -0.234596
v 0.337673 0.035719 -0.235451
v 0.337617 0.035379 -0.236302
v 0.337625 0.035650 -0.235995
v 0.338230 0.035723 -0.235146
v 0.338644 0.035381 -0.235744
v 0.338526 0.035658 -0.235563
v 0.336653 0.035247 -0.235640
v 0.337147 0.035652 -0.235088
v 0.336776 0.035541 -0.235457
v 0.345782 0.035381 -0.229318
v 0.345230 0.035723 -0.228843
v 0.345614 0.035658 -0.229181
v 0.345591 0.035719 -0.228321
v 0.346444 0.035379 -0.228354
v 0.346138 0.035650 -0.228330
v 0.345286 0.035652 -0.227760
v 0.345886 0.035247 -0.227326
v 0.345691 0.035541 -0.227429
v 0.346545 0.035719 -0.210102
v 0.347398 0.035379 -0.210159
v 0.347091 0.035650 -0.210150
v 0.346242 0.035723 -0.209546
v 0.346841 0.035381 -0.209131
v 0.346659 0.035658 -0.209249
v 0.346736 0.035247 -0.211123
v 0.346183 0.035652 -0.210629
v 0.346552 0.035541 -0.210999
v 0.340413 0.035381 -0.201993
v 0.339939 0.035723 -0.202546
v 0.340277 0.035658 -0.202161
v 0.339417 0.035719 -0.202185
v 0.339450 0.035379 -0.201332
v 0.339426 0.035650 -0.201638
v 0.338855 0.035652 -0.202491
v 0.338423 0.035247 -0.201890
v 0.338526 0.035541 -0.202085
v 0.321199 0.035719 -0.201231
v 0.321254 0.035379 -0.200378
v 0.321246 0.035650 -0.200685
v 0.320642 0.035723 -0.201534
v 0.320227 0.035381 -0.200936
v 0.320346 0.035658 -0.201117
v 0.322218 0.035247 -0.201040
v 0.321724 0.035652 -0.201592
v 0.322095 0.035541 -0.201223
v 0.313090 0.035381 -0.207362
v 0.313641 0.035723 -0.207837
v 0.313257 0.035658 -0.207500
v 0.313281 0.035719 -0.208360
v 0.312428 0.035379 -0.208326
v 0.312733 0.035650 -0.208350
v 0.313585 0.035652 -0.208920
v 0.312985 0.035247 -0.209354
v 0.313180 0.035541 -0.209251
v 0.315781 0.035587 -0.230635
v 0.315246 0.035243 -0.231118
v 0.315403 0.035521 -0.230976
v 0.341730 0.035587 -0.231994
v 0.342213 0.035243 -0.232531
v 0.342072 0.035521 -0.232374
v 0.343091 0.035587 -0.206046
v 0.343627 0.035243 -0.205563
v 0.343470 0.035521 -0.205705
v 0.317141 0.035587 -0.204686
v 0.316658 0.035243 -0.204149
v 0.316799 0.035521 -0.204306
v 0.463069 0.018095 -0.670631
v 0.391119 0.021634 -0.674892
v 0.392010 0.024723 -0.687370
v 0.391270 0.024723 -0.674882
v 0.390531 0.024723 -0.662395
v 0.390105 0.018287 -0.660541
v 0.390956 0.018287 -0.674901
v 0.391806 0.018287 -0.689263
v 0.390327 0.021634 -0.661505
v 0.391912 0.021634 -0.688278
v 0.400279 0.012676 -0.698695
v 0.400573 0.016245 -0.700705
v 0.402312 0.011829 -0.699301
v 0.399938 0.011127 -0.694215
v 0.401935 0.010081 -0.694402
v 0.397406 0.012676 -0.650174
v 0.397595 0.011127 -0.654662
v 0.399353 0.011829 -0.649332
v 0.397460 0.016245 -0.648142
v 0.399417 0.015909 -0.647049
v 0.401119 0.029777 -0.698663
v 0.400930 0.031335 -0.694194
v 0.403224 0.030440 -0.699247
v 0.401062 0.026220 -0.700677
v 0.403158 0.026360 -0.701530
v 0.398243 0.029777 -0.650106
v 0.397949 0.026220 -0.648112
v 0.400266 0.030440 -0.649278
v 0.398584 0.031335 -0.654568
v 0.400640 0.032188 -0.654177
v 0.397701 0.021235 -0.648065
v 0.399756 0.031349 -0.674380
v 0.398765 0.011120 -0.674438
v 0.400821 0.021235 -0.700754
v 0.401831 0.032221 -0.674257
v 0.399669 0.021134 -0.646973
v 0.400744 0.010048 -0.674321
v 0.402904 0.021134 -0.701606
v 0.402646 0.015909 -0.701560
v 0.399557 0.010081 -0.654242
v 0.403020 0.032188 -0.694337
v 0.399930 0.026360 -0.647018
v 0.399547 0.027058 -0.674393
v 0.399026 0.026845 -0.674424
v 0.399389 0.026896 -0.674402
v 0.398478 0.015674 -0.674456
v 0.398972 0.015329 -0.674427
v 0.398834 0.015562 -0.674435
v 0.399701 0.021259 -0.690455
v 0.400246 0.021235 -0.691034
v 0.400070 0.021215 -0.690619
v 0.398277 0.021235 -0.657785
v 0.397804 0.021259 -0.658425
v 0.398152 0.021215 -0.658218
v 0.398056 0.017813 -0.656895
v 0.397588 0.017929 -0.657556
v 0.397934 0.017866 -0.657343
v 0.397592 0.015674 -0.659496
v 0.398059 0.015336 -0.659012
v 0.397935 0.015578 -0.659242
v 0.397528 0.016335 -0.657880
v 0.397992 0.016072 -0.657244
v 0.397873 0.016259 -0.657633
v 0.398809 0.027046 -0.661928
v 0.398314 0.026845 -0.662411
v 0.398662 0.026878 -0.662133
v 0.398019 0.024590 -0.659294
v 0.398497 0.024641 -0.658664
v 0.398367 0.024565 -0.659078
v 0.398166 0.026184 -0.660450
v 0.398651 0.026333 -0.659872
v 0.398514 0.026181 -0.660195
v 0.399885 0.015336 -0.689841
v 0.399364 0.015674 -0.689416
v 0.399734 0.015578 -0.689628
v 0.399590 0.017929 -0.691343
v 0.400131 0.017813 -0.691944
v 0.399958 0.017866 -0.691513
v 0.399492 0.016335 -0.691027
v 0.400025 0.016072 -0.691604
v 0.399862 0.016259 -0.691233
v 0.400360 0.024641 -0.690135
v 0.399811 0.024590 -0.689566
v 0.400182 0.024565 -0.689739
v 0.399737 0.026845 -0.686437
v 0.400284 0.027046 -0.686856
v 0.400115 0.026878 -0.686671
v 0.399820 0.026184 -0.688400
v 0.400372 0.026333 -0.688917
v 0.400196 0.026181 -0.688612
v 0.391945 0.027194 -0.674842
v 0.391366 0.026667 -0.674876
v 0.391547 0.027051 -0.674866
v 0.390873 0.016603 -0.674906
v 0.391398 0.016022 -0.674876
v 0.391016 0.016204 -0.674898
v 0.392033 0.021634 -0.690334
v 0.392620 0.021607 -0.690873
v 0.392221 0.021657 -0.690722
v 0.390723 0.021607 -0.658844
v 0.390206 0.021634 -0.659448
v 0.390345 0.021657 -0.659043
v 0.392072 0.026667 -0.686800
v 0.392657 0.027194 -0.686855
v 0.392256 0.027048 -0.686852
v 0.392730 0.024938 -0.689985
v 0.392138 0.024723 -0.689511
v 0.392328 0.024885 -0.689856
v 0.392740 0.026532 -0.688820
v 0.392145 0.026092 -0.688510
v 0.392337 0.026406 -0.688735
v 0.389993 0.016603 -0.660055
v 0.390512 0.016022 -0.659915
v 0.390131 0.016208 -0.659971
v 0.390507 0.018278 -0.657975
v 0.389989 0.018287 -0.658575
v 0.390127 0.018292 -0.658170
v 0.390449 0.016682 -0.658299
v 0.389945 0.017110 -0.658814
v 0.390075 0.016838 -0.658486
v 0.390404 0.024723 -0.660255
v 0.390939 0.024938 -0.659712
v 0.390553 0.024885 -0.659890
v 0.391233 0.027194 -0.662830
v 0.390659 0.026667 -0.662955
v 0.390837 0.027048 -0.662881
v 0.391086 0.026532 -0.660870
v 0.390531 0.026092 -0.661247
v 0.390695 0.026406 -0.661001
v 0.391921 0.018287 -0.691228
v 0.392509 0.018278 -0.691762
v 0.392108 0.018292 -0.691612
v 0.392283 0.016022 -0.689835
v 0.391752 0.016603 -0.689757
v 0.391899 0.016208 -0.689825
v 0.391850 0.017110 -0.690995
v 0.392412 0.016682 -0.691447
v 0.392019 0.016838 -0.691306
v 0.461932 0.012194 -0.670699
v 0.462973 0.013371 -0.670637
v 0.462661 0.012592 -0.670655
v 0.463518 0.018089 -0.675854
v 0.462622 0.018137 -0.677299
v 0.463294 0.018102 -0.676711
v 0.461839 0.018137 -0.664063
v 0.462897 0.018089 -0.665392
v 0.462574 0.018102 -0.664567
v 0.463437 0.022806 -0.670610
v 0.462515 0.024079 -0.670665
v 0.463201 0.023612 -0.670623
v 0.463147 0.013749 -0.672711
v 0.462123 0.012613 -0.673344
v 0.462838 0.013023 -0.673072
v 0.463439 0.016352 -0.675481
v 0.462495 0.015796 -0.676844
v 0.463177 0.016005 -0.676279
v 0.462325 0.013868 -0.675471
v 0.463259 0.014724 -0.674301
v 0.463002 0.014181 -0.674968
v 0.462864 0.016352 -0.665772
v 0.461766 0.015796 -0.664529
v 0.462509 0.016005 -0.665010
v 0.462901 0.013749 -0.668557
v 0.461809 0.012613 -0.668049
v 0.462552 0.013023 -0.668235
v 0.461759 0.013868 -0.665914
v 0.462825 0.014724 -0.666966
v 0.462491 0.014181 -0.666333
v 0.463609 0.019822 -0.675471
v 0.462725 0.020476 -0.676831
v 0.463383 0.020197 -0.676267
v 0.463573 0.022426 -0.672686
v 0.462664 0.023659 -0.673312
v 0.463335 0.023182 -0.673043
v 0.462743 0.022404 -0.675446
v 0.463589 0.021453 -0.674281
v 0.463387 0.022022 -0.674945
v 0.463326 0.022426 -0.668532
v 0.462350 0.023659 -0.668017
v 0.463050 0.023182 -0.668206
v 0.463034 0.019822 -0.665762
v 0.461996 0.020476 -0.664516
v 0.462716 0.020197 -0.664998
v 0.462178 0.022404 -0.665890
v 0.463154 0.021453 -0.666946
v 0.462875 0.022022 -0.666309
v 0.403225 0.029933 -0.674175
v 0.401793 0.031459 -0.674260
v 0.402184 0.030411 -0.674236
v 0.401315 0.021061 -0.649297
v 0.399719 0.021134 -0.647823
v 0.400226 0.021113 -0.648902
v 0.402355 0.012189 -0.674226
v 0.400781 0.010811 -0.674320
v 0.401271 0.011815 -0.674290
v 0.404265 0.021061 -0.699104
v 0.402855 0.021134 -0.700757
v 0.403230 0.021113 -0.699625
v 0.402606 0.016073 -0.700773
v 0.404032 0.016327 -0.699118
v 0.402991 0.016283 -0.699640
v 0.402307 0.012315 -0.698823
v 0.403798 0.013401 -0.697593
v 0.402739 0.013113 -0.697991
v 0.403519 0.012189 -0.693894
v 0.401962 0.010813 -0.694261
v 0.402441 0.011816 -0.694039
v 0.399601 0.010813 -0.654377
v 0.401191 0.012189 -0.654560
v 0.400102 0.011816 -0.654542
v 0.399405 0.012315 -0.649807
v 0.401030 0.013401 -0.650853
v 0.399932 0.013113 -0.650582
v 0.401084 0.016327 -0.649311
v 0.399471 0.016073 -0.647835
v 0.399989 0.016283 -0.648915
v 0.402974 0.031456 -0.694202
v 0.404390 0.029933 -0.693843
v 0.403352 0.030410 -0.693985
v 0.403171 0.029954 -0.698771
v 0.404550 0.028721 -0.697548
v 0.403523 0.029113 -0.697944
v 0.404497 0.025795 -0.699090
v 0.403103 0.026196 -0.700745
v 0.403466 0.025944 -0.699613
v 0.399968 0.026196 -0.647805
v 0.401547 0.025795 -0.649284
v 0.400463 0.025944 -0.648887
v 0.400270 0.029954 -0.649756
v 0.401782 0.028721 -0.650808
v 0.400716 0.029113 -0.650537
v 0.402061 0.029933 -0.654508
v 0.400612 0.031456 -0.654317
v 0.401014 0.030410 -0.654488
v 0.399730 0.010099 -0.674382
v 0.398340 0.011853 -0.649422
v 0.398403 0.015946 -0.647112
v 0.402211 0.030508 -0.699287
v 0.400817 0.032270 -0.674318
v 0.398656 0.021184 -0.647033
v 0.398547 0.010119 -0.654372
v 0.400918 0.010119 -0.694392
v 0.401632 0.015946 -0.701617
v 0.402003 0.032248 -0.694346
v 0.402144 0.026419 -0.701587
v 0.399254 0.030508 -0.649358
v 0.399631 0.032248 -0.654288
v 0.401891 0.021184 -0.701665
v 0.401295 0.011853 -0.699330
v 0.398916 0.026419 -0.647081
v 0.398716 0.010149 -0.674441
v 0.399899 0.010156 -0.694381
v 0.397391 0.015983 -0.647176
v 0.397328 0.011877 -0.649513
v 0.400618 0.015983 -0.701674
v 0.400878 0.021235 -0.701725
v 0.401132 0.026480 -0.701645
v 0.397644 0.021235 -0.647093
v 0.397538 0.010156 -0.654502
v 0.397905 0.026480 -0.647144
v 0.398243 0.030574 -0.649437
v 0.401197 0.030574 -0.699327
v 0.398622 0.032306 -0.654400
v 0.400988 0.032306 -0.694355
v 0.399803 0.032320 -0.674377
v 0.400280 0.011877 -0.699360
v 0.447245 0.027327 -0.671569
v 0.442200 0.028016 -0.671867
v 0.444649 0.027767 -0.671722
v 0.440998 0.019138 -0.657212
v 0.446139 0.018895 -0.660069
v 0.443490 0.019021 -0.658942
v 0.436979 0.028274 -0.672176
v 0.426628 0.028782 -0.672789
v 0.431803 0.028527 -0.672483
v 0.441330 0.010270 -0.671918
v 0.446417 0.010462 -0.671617
v 0.443792 0.010279 -0.671773
v 0.424718 0.019910 -0.647911
v 0.435136 0.019410 -0.651900
v 0.430108 0.019648 -0.648940
v 0.425758 0.011036 -0.672840
v 0.436109 0.010528 -0.672228
v 0.430933 0.010781 -0.672534
v 0.447504 0.018895 -0.683118
v 0.442737 0.019138 -0.686562
v 0.445006 0.019021 -0.684550
v 0.437542 0.019410 -0.692528
v 0.427667 0.019910 -0.697719
v 0.432898 0.019648 -0.696060
v 0.446854 0.027254 -0.665266
v 0.441666 0.028003 -0.662514
v 0.444207 0.027736 -0.664260
v 0.441222 0.023845 -0.657212
v 0.446339 0.023247 -0.660143
v 0.443710 0.023622 -0.658969
v 0.446558 0.026034 -0.661696
v 0.441431 0.026780 -0.658763
v 0.443935 0.026513 -0.660536
v 0.445912 0.014544 -0.660169
v 0.440760 0.014433 -0.657239
v 0.443259 0.014421 -0.658995
v 0.440796 0.010282 -0.662566
v 0.446035 0.010535 -0.665314
v 0.443354 0.010310 -0.664311
v 0.445858 0.011758 -0.661738
v 0.440681 0.011501 -0.658808
v 0.443199 0.011532 -0.660579
v 0.436064 0.028270 -0.657370
v 0.425464 0.028782 -0.653147
v 0.430908 0.028517 -0.654248
v 0.424949 0.024643 -0.647897
v 0.435387 0.024130 -0.651912
v 0.430345 0.024378 -0.648935
v 0.435680 0.027058 -0.653521
v 0.425185 0.027570 -0.649430
v 0.430597 0.027304 -0.650491
v 0.442772 0.028003 -0.681217
v 0.447601 0.027254 -0.677872
v 0.445092 0.027736 -0.679184
v 0.447693 0.023247 -0.683020
v 0.442958 0.023845 -0.686535
v 0.445222 0.023622 -0.684496
v 0.447728 0.026034 -0.681453
v 0.442982 0.026780 -0.684970
v 0.445259 0.026513 -0.682914
v 0.424594 0.011036 -0.653198
v 0.435195 0.010535 -0.657421
v 0.430038 0.010774 -0.654299
v 0.434924 0.014689 -0.651940
v 0.424487 0.015177 -0.647925
v 0.429882 0.014920 -0.648961
v 0.434930 0.011755 -0.653563
v 0.424434 0.012250 -0.649474
v 0.429846 0.011990 -0.650534
v 0.442496 0.014433 -0.686562
v 0.447267 0.014544 -0.683046
v 0.444770 0.014421 -0.684524
v 0.446782 0.010535 -0.677920
v 0.441903 0.010282 -0.681269
v 0.444237 0.010310 -0.679234
v 0.447028 0.011758 -0.681494
v 0.442233 0.011501 -0.685014
v 0.444525 0.011532 -0.682958
v 0.437789 0.024130 -0.692486
v 0.427900 0.024643 -0.697704
v 0.433134 0.024378 -0.696037
v 0.427790 0.028782 -0.692431
v 0.437818 0.028270 -0.686987
v 0.433067 0.028517 -0.690696
v 0.437891 0.027058 -0.690855
v 0.427952 0.027570 -0.696154
v 0.433202 0.027304 -0.694464
v 0.436948 0.010535 -0.687039
v 0.426920 0.011036 -0.692483
v 0.432197 0.010774 -0.690747
v 0.427435 0.015177 -0.697732
v 0.437326 0.014689 -0.692513
v 0.432671 0.014920 -0.696066
v 0.437142 0.011755 -0.690899
v 0.427201 0.012250 -0.696200
v 0.432451 0.011990 -0.694508
v 0.398868 0.013224 -0.674432
v 0.400533 0.021235 -0.695894
v 0.398223 0.025430 -0.653388
v 0.397758 0.017029 -0.652518
v 0.397699 0.014374 -0.653709
v 0.400152 0.014375 -0.695150
v 0.400745 0.028056 -0.693789
v 0.400607 0.029191 -0.690524
v 0.399652 0.029204 -0.674386
v 0.398696 0.029191 -0.658248
v 0.399911 0.013232 -0.692027
v 0.397828 0.013232 -0.656838
v 0.400711 0.025430 -0.695406
v 0.400352 0.017029 -0.696324
v 0.397989 0.021235 -0.652925
v 0.398448 0.028056 -0.654989
v 0.443437 0.026581 -0.169954
v 0.449145 0.026581 -0.163703
v 0.457689 0.026581 -0.140144
v 0.436182 0.014655 -0.174517
v 0.443437 0.014655 -0.169954
v 0.457689 0.014655 -0.140144
v 0.456411 0.014655 -0.148507
v 0.453526 0.026581 -0.156462
v 0.453526 0.014655 -0.156462
v 0.436182 0.026581 -0.174517
v 0.456411 0.026581 -0.148507
v 0.449145 0.014655 -0.163703
v 0.457629 0.014655 -0.138743
v 0.457423 0.018003 -0.134356
v 0.457485 0.015636 -0.135642
v 0.457423 0.023232 -0.134356
v 0.457629 0.026581 -0.138743
v 0.457485 0.025600 -0.135642
v 0.434436 0.026581 -0.174915
v 0.430532 0.023232 -0.175924
v 0.431675 0.025600 -0.175628
v 0.430532 0.018003 -0.175924
v 0.434436 0.014655 -0.174915
v 0.431675 0.015636 -0.175628
v 0.447586 0.026581 -0.173155
v 0.448241 0.025785 -0.173660
v 0.448033 0.026347 -0.173527
v 0.453284 0.026581 -0.166898
v 0.453945 0.025785 -0.167407
v 0.453753 0.026347 -0.167255
v 0.461779 0.026581 -0.143302
v 0.462468 0.025785 -0.143832
v 0.462270 0.026347 -0.143563
v 0.441349 0.014655 -0.178776
v 0.441981 0.015450 -0.179296
v 0.441777 0.014888 -0.179160
v 0.447586 0.014655 -0.173155
v 0.448241 0.015450 -0.173660
v 0.448033 0.014888 -0.173527
v 0.462468 0.015450 -0.143832
v 0.461779 0.014655 -0.143302
v 0.462270 0.014888 -0.143563
v 0.460521 0.014655 -0.151678
v 0.461199 0.015450 -0.152201
v 0.461015 0.014888 -0.151978
v 0.457653 0.026581 -0.159645
v 0.458321 0.025785 -0.160161
v 0.458139 0.026347 -0.159978
v 0.458321 0.015450 -0.160161
v 0.457653 0.014655 -0.159645
v 0.458139 0.014888 -0.159978
v 0.441981 0.025785 -0.179296
v 0.441349 0.026581 -0.178776
v 0.441777 0.026347 -0.179160
v 0.461199 0.025785 -0.152201
v 0.460521 0.026581 -0.151678
v 0.461015 0.026347 -0.151978
v 0.453945 0.015450 -0.167407
v 0.453284 0.014655 -0.166898
v 0.453753 0.014888 -0.167255
v 0.462239 0.018205 -0.138838
v 0.461514 0.018003 -0.137513
v 0.462012 0.018089 -0.138118
v 0.462409 0.015450 -0.142550
v 0.461709 0.014655 -0.141891
v 0.462196 0.014910 -0.142178
v 0.462286 0.016297 -0.139872
v 0.461570 0.015636 -0.138795
v 0.462063 0.015894 -0.139271
v 0.462409 0.025785 -0.142550
v 0.461709 0.026581 -0.141891
v 0.462196 0.026326 -0.142178
v 0.462239 0.023030 -0.138838
v 0.461514 0.023232 -0.137513
v 0.462012 0.023146 -0.138118
v 0.462286 0.024938 -0.139872
v 0.461570 0.025600 -0.138795
v 0.462063 0.025342 -0.139271
v 0.438769 0.023074 -0.182189
v 0.437573 0.023232 -0.182183
v 0.438178 0.023182 -0.182404
v 0.440798 0.025785 -0.180361
v 0.440074 0.026581 -0.179927
v 0.440526 0.026339 -0.180289
v 0.439362 0.024989 -0.181654
v 0.438307 0.025600 -0.181523
v 0.438873 0.025396 -0.181777
v 0.440798 0.015450 -0.180361
v 0.440074 0.014655 -0.179927
v 0.440526 0.014897 -0.180289
v 0.438769 0.018161 -0.182189
v 0.437573 0.018003 -0.182183
v 0.438178 0.018054 -0.182404
v 0.439362 0.016246 -0.181654
v 0.438307 0.015636 -0.181523
v 0.438873 0.015840 -0.181777
v 0.448241 0.023074 -0.173660
v 0.448241 0.018161 -0.173660
v 0.453945 0.023074 -0.167407
v 0.453945 0.018161 -0.167407
v 0.441981 0.023074 -0.179296
v 0.441981 0.018161 -0.179296
v 0.458321 0.018161 -0.160161
v 0.458321 0.023074 -0.160161
v 0.461199 0.018161 -0.152201
v 0.461199 0.023074 -0.152201
v 0.462468 0.018161 -0.143832
v 0.462468 0.023074 -0.143832
v 0.440180 0.018161 -0.180918
v 0.440180 0.023074 -0.180918
v 0.462356 0.018183 -0.141394
v 0.462356 0.023053 -0.141394
v 0.427759 0.031235 -0.138109
v 0.428063 0.035849 -0.132312
v 0.431126 0.031235 -0.137621
v 0.429189 0.035849 -0.132150
v 0.434052 0.031235 -0.135881
v 0.430168 0.035849 -0.131568
v 0.436088 0.031235 -0.133154
v 0.430849 0.035849 -0.130655
v 0.436924 0.031235 -0.129856
v 0.431129 0.035849 -0.129551
v 0.436436 0.031235 -0.126487
v 0.430965 0.035849 -0.128425
v 0.434697 0.031235 -0.123563
v 0.430384 0.035849 -0.127447
v 0.431970 0.031235 -0.121527
v 0.429471 0.035849 -0.126766
v 0.428671 0.031235 -0.120689
v 0.428368 0.035849 -0.126484
v 0.425304 0.031235 -0.121177
v 0.427241 0.035849 -0.126648
v 0.422379 0.031235 -0.122918
v 0.426262 0.035849 -0.127230
v 0.420343 0.031235 -0.125645
v 0.425581 0.035849 -0.128143
v 0.419505 0.031235 -0.128942
v 0.425301 0.035849 -0.129246
v 0.419993 0.031235 -0.132311
v 0.425465 0.035849 -0.130373
v 0.421734 0.031235 -0.135236
v 0.426047 0.035849 -0.131352
v 0.424460 0.031235 -0.137271
v 0.426959 0.035849 -0.132032
v 0.428215 0.035952 -0.129399
v 0.427886 0.035390 -0.135672
v 0.430312 0.035390 -0.135320
v 0.432418 0.035390 -0.134067
v 0.433885 0.035390 -0.132103
v 0.434488 0.035390 -0.129727
v 0.434137 0.035390 -0.127302
v 0.432883 0.035390 -0.125196
v 0.430920 0.035390 -0.123729
v 0.428544 0.035390 -0.123125
v 0.426118 0.035390 -0.123477
v 0.424011 0.035390 -0.124730
v 0.422545 0.035390 -0.126694
v 0.421941 0.035390 -0.129071
v 0.422293 0.035390 -0.131497
v 0.423547 0.035390 -0.133602
v 0.425510 0.035390 -0.135070
v 0.430892 0.034660 -0.136957
v 0.431126 0.033611 -0.137621
v 0.431056 0.034230 -0.137420
v 0.427759 0.033611 -0.138109
v 0.427796 0.034660 -0.137405
v 0.427769 0.034230 -0.137898
v 0.433580 0.034660 -0.135357
v 0.434052 0.033611 -0.135881
v 0.433909 0.034230 -0.135723
v 0.435451 0.034660 -0.132851
v 0.436088 0.033611 -0.133154
v 0.435895 0.034230 -0.133063
v 0.436221 0.034660 -0.129819
v 0.436924 0.033611 -0.129856
v 0.436714 0.034230 -0.129844
v 0.435772 0.034660 -0.126723
v 0.436436 0.033611 -0.126487
v 0.436237 0.034230 -0.126558
v 0.434173 0.034660 -0.124035
v 0.434697 0.033611 -0.123563
v 0.434539 0.034230 -0.123705
v 0.431666 0.034660 -0.122162
v 0.431970 0.033611 -0.121527
v 0.431879 0.034230 -0.121717
v 0.428634 0.034660 -0.121393
v 0.428671 0.033611 -0.120689
v 0.428661 0.034230 -0.120900
v 0.425539 0.034660 -0.121842
v 0.425304 0.033611 -0.121177
v 0.425374 0.034230 -0.121377
v 0.422851 0.034660 -0.123442
v 0.422379 0.033611 -0.122918
v 0.422520 0.034230 -0.123074
v 0.420979 0.034660 -0.125948
v 0.420343 0.033611 -0.125645
v 0.420534 0.034230 -0.125735
v 0.420209 0.034660 -0.128979
v 0.419505 0.033611 -0.128942
v 0.419716 0.034230 -0.128954
v 0.420657 0.034660 -0.132075
v 0.419993 0.033611 -0.132311
v 0.420192 0.034230 -0.132240
v 0.422257 0.034660 -0.134764
v 0.421734 0.033611 -0.135236
v 0.421891 0.034230 -0.135093
v 0.424764 0.034660 -0.136635
v 0.424460 0.033611 -0.137271
v 0.424551 0.034230 -0.137080
v 0.459879 0.022319 -0.670436
v 0.470671 0.021450 -0.669623
v 0.459901 0.021269 -0.672980
v 0.470782 0.020393 -0.672162
v 0.459767 0.018732 -0.674038
v 0.470642 0.017857 -0.673221
v 0.459555 0.016195 -0.672993
v 0.470335 0.015327 -0.672180
v 0.459387 0.015145 -0.670454
v 0.470040 0.014287 -0.669650
v 0.459364 0.016195 -0.667911
v 0.469929 0.015344 -0.667111
v 0.459499 0.018732 -0.666852
v 0.470068 0.017880 -0.666053
v 0.459713 0.021269 -0.667898
v 0.470376 0.020410 -0.667092
v 0.481407 0.020414 -0.668818
v 0.481360 0.019372 -0.671366
v 0.481136 0.016843 -0.672429
v 0.480865 0.014311 -0.671388
v 0.480709 0.013256 -0.668851
v 0.480756 0.014298 -0.666303
v 0.480981 0.016826 -0.665239
v 0.481250 0.019361 -0.666281
v 0.492081 0.019369 -0.669326
v 0.491614 0.018367 -0.671846
v 0.491228 0.015854 -0.672901
v 0.491146 0.013303 -0.671872
v 0.491417 0.012208 -0.669361
v 0.491883 0.013211 -0.666840
v 0.492271 0.015722 -0.665786
v 0.492352 0.018273 -0.666816
v 0.502394 0.018490 -0.671966
v 0.501452 0.017529 -0.674367
v 0.500897 0.015030 -0.675379
v 0.501052 0.012459 -0.674409
v 0.501827 0.011321 -0.672027
v 0.502769 0.012284 -0.669626
v 0.503325 0.014781 -0.668615
v 0.503170 0.017352 -0.669583
v 0.512030 0.017854 -0.676547
v 0.510729 0.016917 -0.678783
v 0.510052 0.014427 -0.679741
v 0.510396 0.011843 -0.678858
v 0.511558 0.010680 -0.676651
v 0.512859 0.011617 -0.674415
v 0.513536 0.014107 -0.673457
v 0.513192 0.016691 -0.674340
v 0.521032 0.017415 -0.682352
v 0.519491 0.016490 -0.684436
v 0.518737 0.014004 -0.685344
v 0.519210 0.011413 -0.684543
v 0.520634 0.010236 -0.682504
v 0.522175 0.011162 -0.680420
v 0.522929 0.013648 -0.679512
v 0.522455 0.016239 -0.680312
v 0.529435 0.017148 -0.689060
v 0.527747 0.016226 -0.691030
v 0.526946 0.013742 -0.691901
v 0.527502 0.011150 -0.691164
v 0.529088 0.009967 -0.689250
v 0.530775 0.010888 -0.687282
v 0.531576 0.013372 -0.686410
v 0.531021 0.015966 -0.687147
v 0.537336 0.017016 -0.696350
v 0.535605 0.016096 -0.698281
v 0.534797 0.013611 -0.699148
v 0.535386 0.011018 -0.698439
v 0.537026 0.009834 -0.696573
v 0.538756 0.010753 -0.694642
v 0.539565 0.013238 -0.693775
v 0.538976 0.015831 -0.694484
v 0.545029 0.016940 -0.703881
v 0.543296 0.016020 -0.705811
v 0.542497 0.013535 -0.706686
v 0.543099 0.010941 -0.705989
v 0.544751 0.009758 -0.704132
v 0.546484 0.010678 -0.702202
v 0.547283 0.013163 -0.701330
v 0.546680 0.015756 -0.702025
v 0.553137 0.016914 -0.710943
v 0.551558 0.015994 -0.713001
v 0.550834 0.013510 -0.713937
v 0.551389 0.010915 -0.713202
v 0.552899 0.009732 -0.711229
v 0.554478 0.010653 -0.709172
v 0.555201 0.013137 -0.708234
v 0.554646 0.015731 -0.708969
v 0.561609 0.016914 -0.717511
v 0.560299 0.015994 -0.719750
v 0.559701 0.013508 -0.720770
v 0.560167 0.010915 -0.719975
v 0.561422 0.009732 -0.717832
v 0.562732 0.010653 -0.715593
v 0.563330 0.013137 -0.714573
v 0.562865 0.015731 -0.715366
v 0.571461 0.016914 -0.721815
v 0.570611 0.015994 -0.724266
v 0.570225 0.013508 -0.725383
v 0.570526 0.010915 -0.724514
v 0.571340 0.009732 -0.722166
v 0.572189 0.010653 -0.719715
v 0.572577 0.013137 -0.718597
v 0.572275 0.015731 -0.719468
v 0.581867 0.016914 -0.724140
v 0.581511 0.015994 -0.726709
v 0.581347 0.013508 -0.727881
v 0.581475 0.010915 -0.726969
v 0.581817 0.009732 -0.724507
v 0.582173 0.010653 -0.721939
v 0.582337 0.013137 -0.720766
v 0.582210 0.015731 -0.721679
v 0.592531 0.016914 -0.724669
v 0.592658 0.015994 -0.727260
v 0.592716 0.013508 -0.728442
v 0.592671 0.010915 -0.727522
v 0.592549 0.009732 -0.725040
v 0.592422 0.010653 -0.722449
v 0.592365 0.013137 -0.721268
v 0.592410 0.015731 -0.722188
v 0.603213 0.016914 -0.723412
v 0.603779 0.015994 -0.725943
v 0.604038 0.013508 -0.727098
v 0.603836 0.010915 -0.726200
v 0.603295 0.009732 -0.723774
v 0.602728 0.010653 -0.721243
v 0.602470 0.013137 -0.720088
v 0.602671 0.015731 -0.720987
v 0.613401 0.016914 -0.719964
v 0.614317 0.015994 -0.722390
v 0.614736 0.013508 -0.723497
v 0.614410 0.010915 -0.722636
v 0.613533 0.009732 -0.720311
v 0.612615 0.010653 -0.717885
v 0.612197 0.013137 -0.716778
v 0.612523 0.015731 -0.717639
v 0.623128 0.016914 -0.715455
v 0.624343 0.015994 -0.717746
v 0.624897 0.013508 -0.718791
v 0.624465 0.010915 -0.717977
v 0.623302 0.009732 -0.715782
v 0.622087 0.010653 -0.713491
v 0.621532 0.013137 -0.712446
v 0.621964 0.015731 -0.713259
v 0.632410 0.016914 -0.710025
v 0.633878 0.015994 -0.712165
v 0.634546 0.013508 -0.713141
v 0.634026 0.010915 -0.712381
v 0.632621 0.009732 -0.710331
v 0.631153 0.010653 -0.708193
v 0.630484 0.013137 -0.707218
v 0.631005 0.015731 -0.707976
v 0.640862 0.016914 -0.703352
v 0.642536 0.015994 -0.705334
v 0.643298 0.013508 -0.706238
v 0.642705 0.010915 -0.705534
v 0.641102 0.009732 -0.703636
v 0.639429 0.010653 -0.701654
v 0.638665 0.013137 -0.700749
v 0.639259 0.015731 -0.701453
v 0.648679 0.016914 -0.695981
v 0.650533 0.015994 -0.697793
v 0.651380 0.013508 -0.698620
v 0.650721 0.010915 -0.697977
v 0.648945 0.009732 -0.696241
v 0.647088 0.010653 -0.694428
v 0.646242 0.013137 -0.693601
v 0.646901 0.015731 -0.694244
v 0.655981 0.016914 -0.688078
v 0.657999 0.015994 -0.689709
v 0.658918 0.013508 -0.690453
v 0.658203 0.010915 -0.689874
v 0.656270 0.009732 -0.688312
v 0.654254 0.010653 -0.686680
v 0.653334 0.013137 -0.685935
v 0.654050 0.015731 -0.686515
v 0.662234 0.016914 -0.679309
v 0.664396 0.015994 -0.680741
v 0.665382 0.013508 -0.681394
v 0.664614 0.010915 -0.680886
v 0.662544 0.009732 -0.679513
v 0.660382 0.010653 -0.678081
v 0.659394 0.013137 -0.677427
v 0.660162 0.015731 -0.677936
v 0.667694 0.016914 -0.670059
v 0.669988 0.015994 -0.671266
v 0.671035 0.013508 -0.671817
v 0.670220 0.010915 -0.671388
v 0.668020 0.009732 -0.670231
v 0.665726 0.010653 -0.669024
v 0.664679 0.013137 -0.668473
v 0.665494 0.015731 -0.668902
v 0.672416 0.016914 -0.660398
v 0.674828 0.015994 -0.661353
v 0.675928 0.013508 -0.661787
v 0.675073 0.010915 -0.661449
v 0.672762 0.009732 -0.660535
v 0.670350 0.010653 -0.659580
v 0.669250 0.013137 -0.659146
v 0.670105 0.015731 -0.659484
v 0.675680 0.016914 -0.650140
v 0.678192 0.015994 -0.650786
v 0.679338 0.013508 -0.651080
v 0.678446 0.010915 -0.650851
v 0.676039 0.009732 -0.650232
v 0.673527 0.010653 -0.649587
v 0.672382 0.013137 -0.649293
v 0.673273 0.015731 -0.649521
v 0.677561 0.016914 -0.639590
v 0.680140 0.015994 -0.639865
v 0.681316 0.013508 -0.639990
v 0.680401 0.010915 -0.639892
v 0.677930 0.009732 -0.639630
v 0.675352 0.010653 -0.639354
v 0.674176 0.013137 -0.639228
v 0.675091 0.015731 -0.639326
v 0.678032 0.016914 -0.628904
v 0.680622 0.015994 -0.628753
v 0.681803 0.013508 -0.628685
v 0.680884 0.010915 -0.628739
v 0.678403 0.009732 -0.628882
v 0.675813 0.010653 -0.629033
v 0.674634 0.013137 -0.629103
v 0.675552 0.015731 -0.629050
v 0.676786 0.016914 -0.618224
v 0.679303 0.015994 -0.617593
v 0.680449 0.013508 -0.617305
v 0.679556 0.010915 -0.617530
v 0.677146 0.009732 -0.618133
v 0.674630 0.010653 -0.618764
v 0.673483 0.013137 -0.619051
v 0.674376 0.015731 -0.618828
v 0.672824 0.016914 -0.608242
v 0.675157 0.015994 -0.607109
v 0.676221 0.013508 -0.606592
v 0.675393 0.010915 -0.606995
v 0.673158 0.009732 -0.608080
v 0.670825 0.010653 -0.609213
v 0.669761 0.013137 -0.609729
v 0.670589 0.015731 -0.609327
v 0.667109 0.016914 -0.599256
v 0.669171 0.015994 -0.597683
v 0.670112 0.013508 -0.596966
v 0.669381 0.010915 -0.597525
v 0.667404 0.009732 -0.599032
v 0.665343 0.010653 -0.600604
v 0.664402 0.013137 -0.601322
v 0.665134 0.015731 -0.600764
v 0.660006 0.016914 -0.591269
v 0.661760 0.015994 -0.589358
v 0.662560 0.013508 -0.588485
v 0.661938 0.010915 -0.589164
v 0.660257 0.009732 -0.590995
v 0.658503 0.010653 -0.592906
v 0.657704 0.013137 -0.593776
v 0.658325 0.015731 -0.593098
v 0.651299 0.016914 -0.584933
v 0.652843 0.015994 -0.582850
v 0.653547 0.013508 -0.581899
v 0.653000 0.010915 -0.582639
v 0.651519 0.009732 -0.584636
v 0.649976 0.010653 -0.586719
v 0.649271 0.013137 -0.587670
v 0.649818 0.015731 -0.586930
v 0.642338 0.016914 -0.578951
v 0.643803 0.015994 -0.576811
v 0.644472 0.013508 -0.575835
v 0.643951 0.010915 -0.576594
v 0.642547 0.009732 -0.578644
v 0.641082 0.010653 -0.580785
v 0.640413 0.013137 -0.581760
v 0.640933 0.015731 -0.581001
v 0.633201 0.016914 -0.573213
v 0.634686 0.015994 -0.571086
v 0.635364 0.013508 -0.570116
v 0.634836 0.010915 -0.570871
v 0.633414 0.009732 -0.572908
v 0.631928 0.010653 -0.575034
v 0.631251 0.013137 -0.576004
v 0.631778 0.015731 -0.575250
v 0.624065 0.016914 -0.567473
v 0.625569 0.015994 -0.565361
v 0.626256 0.013508 -0.564397
v 0.625721 0.010915 -0.565147
v 0.624279 0.009732 -0.567172
v 0.622775 0.010653 -0.569284
v 0.622088 0.013137 -0.570247
v 0.622622 0.015731 -0.569498
v 0.615636 0.016914 -0.560727
v 0.617250 0.015994 -0.558697
v 0.617986 0.013508 -0.557771
v 0.617413 0.010915 -0.558491
v 0.615868 0.009732 -0.560437
v 0.614254 0.010653 -0.562467
v 0.613517 0.013137 -0.563393
v 0.614089 0.015731 -0.562672
v 0.607224 0.016914 -0.553958
v 0.608944 0.015994 -0.552017
v 0.609728 0.013508 -0.551132
v 0.609118 0.010915 -0.551821
v 0.607470 0.009732 -0.553680
v 0.605749 0.010653 -0.555622
v 0.604965 0.013137 -0.556507
v 0.605575 0.015731 -0.555818
v 0.599404 0.016914 -0.546548
v 0.601245 0.015994 -0.544721
v 0.602085 0.013508 -0.543888
v 0.601431 0.010915 -0.544536
v 0.599667 0.009732 -0.546286
v 0.597826 0.010653 -0.548114
v 0.596987 0.013137 -0.548946
v 0.597639 0.015731 -0.548297
v 0.592024 0.016914 -0.538661
v 0.593992 0.015994 -0.536972
v 0.594889 0.013508 -0.536202
v 0.594190 0.010915 -0.536801
v 0.592306 0.009732 -0.538420
v 0.590337 0.010653 -0.540109
v 0.589440 0.013137 -0.540880
v 0.590138 0.015731 -0.540280
v 0.585209 0.016914 -0.530330
v 0.587308 0.015994 -0.528807
v 0.588266 0.013508 -0.528112
v 0.587521 0.010915 -0.528654
v 0.585509 0.009732 -0.530111
v 0.583409 0.010653 -0.531634
v 0.582451 0.013137 -0.532329
v 0.583197 0.015731 -0.531788
v 0.579309 0.016914 -0.521277
v 0.581547 0.015994 -0.519968
v 0.582568 0.013508 -0.519370
v 0.581775 0.010915 -0.519835
v 0.579629 0.009732 -0.521089
v 0.577390 0.010653 -0.522398
v 0.576369 0.013137 -0.522996
v 0.577163 0.015731 -0.522531
v 0.574217 0.016914 -0.511812
v 0.576587 0.015994 -0.510758
v 0.577669 0.013508 -0.510277
v 0.576827 0.010915 -0.510652
v 0.574556 0.009732 -0.511661
v 0.572186 0.010653 -0.512715
v 0.571105 0.013137 -0.513194
v 0.571946 0.015731 -0.512820
v 0.570411 0.016914 -0.501692
v 0.572897 0.015994 -0.500956
v 0.574033 0.013508 -0.500620
v 0.573150 0.010915 -0.500881
v 0.570767 0.009732 -0.501587
v 0.568279 0.010653 -0.502322
v 0.567145 0.013137 -0.502658
v 0.568028 0.015731 -0.502397
v 0.568113 0.016914 -0.491219
v 0.570680 0.015994 -0.490850
v 0.571851 0.013508 -0.490682
v 0.570940 0.010915 -0.490813
v 0.568480 0.009732 -0.491165
v 0.565912 0.010653 -0.491534
v 0.564742 0.013137 -0.491702
v 0.565653 0.015731 -0.491571
v 0.567060 0.016914 -0.480453
v 0.569655 0.015994 -0.480491
v 0.570837 0.013508 -0.480508
v 0.569916 0.010915 -0.480495
v 0.567431 0.009732 -0.480458
v 0.564839 0.010653 -0.480421
v 0.563656 0.013137 -0.480404
v 0.564576 0.015731 -0.480417
v 0.568477 0.016914 -0.469803
v 0.571031 0.015994 -0.470252
v 0.572196 0.013508 -0.470456
v 0.571289 0.010915 -0.470297
v 0.568841 0.009732 -0.469867
v 0.566288 0.010653 -0.469419
v 0.565122 0.013137 -0.469213
v 0.566029 0.015731 -0.469374
v 0.570571 0.016914 -0.459196
v 0.573021 0.015994 -0.460044
v 0.574139 0.013508 -0.460432
v 0.573269 0.010915 -0.460129
v 0.570922 0.009732 -0.459317
v 0.568470 0.010653 -0.458468
v 0.567353 0.013137 -0.458082
v 0.568222 0.015731 -0.458383
v 0.575470 0.016914 -0.449609
v 0.577815 0.015991 -0.450717
v 0.578893 0.013507 -0.451200
v 0.578074 0.010913 -0.450775
v 0.575837 0.009732 -0.449690
v 0.573493 0.010654 -0.448583
v 0.572415 0.013140 -0.448099
v 0.573234 0.015732 -0.448525
v 0.580456 0.016945 -0.440098
v 0.582660 0.016018 -0.441460
v 0.583692 0.013531 -0.442029
v 0.582949 0.010941 -0.441469
v 0.580863 0.009766 -0.440111
v 0.578659 0.010694 -0.438749
v 0.577627 0.013181 -0.438180
v 0.578370 0.015770 -0.438739
v 0.586871 0.017735 -0.431815
v 0.588906 0.016790 -0.433408
v 0.589963 0.014307 -0.433944
v 0.589424 0.011740 -0.433109
v 0.587605 0.010593 -0.431392
v 0.585569 0.011539 -0.429800
v 0.584511 0.014023 -0.429264
v 0.585050 0.016590 -0.430098
v 0.594094 0.019161 -0.424079
v 0.595991 0.018188 -0.425821
v 0.597032 0.015701 -0.426373
v 0.596606 0.013157 -0.425416
v 0.594963 0.012044 -0.423508
v 0.593065 0.013017 -0.421769
v 0.592025 0.015504 -0.421214
v 0.592451 0.018050 -0.422172
v 0.602087 0.020732 -0.416991
v 0.603781 0.019720 -0.418909
v 0.604730 0.017216 -0.419543
v 0.604375 0.014685 -0.418521
v 0.602927 0.013611 -0.416442
v 0.601234 0.014622 -0.414524
v 0.600285 0.017127 -0.413890
v 0.600640 0.019658 -0.414912
v 0.610940 0.022141 -0.410804
v 0.612314 0.021081 -0.412941
v 0.613072 0.018548 -0.413702
v 0.612770 0.016025 -0.412645
v 0.611586 0.014990 -0.410387
v 0.610211 0.016051 -0.408251
v 0.609454 0.018585 -0.407488
v 0.609756 0.021108 -0.408546
v 0.620950 0.022944 -0.406275
v 0.621727 0.021838 -0.408674
v 0.622097 0.019276 -0.409605
v 0.621846 0.016757 -0.408527
v 0.621121 0.015756 -0.406067
v 0.620344 0.016862 -0.403668
v 0.619974 0.019424 -0.402737
v 0.620224 0.021944 -0.403816
v 0.631823 0.022798 -0.404561
v 0.631659 0.021709 -0.407082
v 0.631463 0.019155 -0.408091
v 0.631351 0.016634 -0.406996
v 0.631387 0.015620 -0.404437
v 0.631552 0.016709 -0.401915
v 0.631748 0.019261 -0.400906
v 0.631860 0.021784 -0.402001
v 0.642488 0.021760 -0.406717
v 0.641696 0.020727 -0.409142
v 0.641142 0.018204 -0.410095
v 0.641153 0.015671 -0.409017
v 0.641721 0.014611 -0.406542
v 0.642513 0.015646 -0.404117
v 0.643067 0.018167 -0.403165
v 0.643056 0.020700 -0.404242
v 0.652655 0.020436 -0.410258
v 0.651650 0.019429 -0.412615
v 0.650974 0.016923 -0.413526
v 0.651021 0.014384 -0.412462
v 0.651766 0.013303 -0.410043
v 0.652770 0.014311 -0.407687
v 0.653447 0.016817 -0.406775
v 0.653399 0.019355 -0.407840
v 0.662662 0.019058 -0.414002
v 0.661733 0.018040 -0.416385
v 0.661094 0.015528 -0.417311
v 0.661122 0.012993 -0.416240
v 0.661799 0.011921 -0.413796
v 0.662727 0.012938 -0.411414
v 0.663365 0.015450 -0.410487
v 0.663337 0.017985 -0.411559
v 0.672913 0.017854 -0.416716
v 0.672389 0.016790 -0.419200
v 0.671973 0.014253 -0.420181
v 0.671911 0.011729 -0.419088
v 0.672235 0.010695 -0.416557
v 0.672759 0.011760 -0.414074
v 0.673175 0.014297 -0.413091
v 0.673238 0.016821 -0.414187
v 0.683453 0.017063 -0.417266
v 0.683742 0.015940 -0.419762
v 0.683744 0.013372 -0.420752
v 0.683460 0.010864 -0.419656
v 0.683056 0.009884 -0.417116
v 0.682766 0.011007 -0.414620
v 0.682764 0.013575 -0.413630
v 0.683048 0.016083 -0.414726
v 0.693500 0.016723 -0.413860
v 0.694665 0.015565 -0.416068
v 0.695052 0.012981 -0.416935
v 0.694433 0.010486 -0.415953
v 0.693171 0.009540 -0.413697
v 0.692004 0.010698 -0.411490
v 0.691618 0.013282 -0.410622
v 0.692237 0.015776 -0.411604
v 0.701694 0.016504 -0.407435
v 0.703635 0.015324 -0.408988
v 0.704334 0.012731 -0.409593
v 0.703380 0.010245 -0.408897
v 0.701334 0.009322 -0.407305
v 0.699392 0.010503 -0.405752
v 0.698694 0.013095 -0.405146
v 0.699647 0.015581 -0.405843
v 0.706160 0.016375 -0.397877
v 0.708576 0.015181 -0.398436
v 0.709458 0.012584 -0.398656
v 0.708290 0.010105 -0.398411
v 0.705755 0.009194 -0.397842
v 0.703339 0.010389 -0.397283
v 0.702457 0.012986 -0.397062
v 0.703625 0.015466 -0.397308
v 0.706446 0.016341 -0.387188
v 0.708894 0.015145 -0.386806
v 0.709789 0.012545 -0.386666
v 0.708606 0.010067 -0.386849
v 0.706037 0.009162 -0.387249
v 0.703590 0.010358 -0.387630
v 0.702694 0.012957 -0.387769
v 0.703877 0.015436 -0.387588
v 0.703302 0.016378 -0.376855
v 0.705505 0.015183 -0.375715
v 0.706306 0.012585 -0.375286
v 0.705236 0.010106 -0.375818
v 0.702922 0.009197 -0.376999
v 0.700720 0.010392 -0.378138
v 0.699920 0.012990 -0.378567
v 0.700989 0.015469 -0.378035
v 0.696825 0.016471 -0.368167
v 0.698568 0.015283 -0.366398
v 0.699194 0.012687 -0.365731
v 0.698339 0.010205 -0.366556
v 0.696502 0.009291 -0.368391
v 0.694762 0.010479 -0.370160
v 0.694133 0.013073 -0.370827
v 0.694988 0.015557 -0.370002
v 0.687949 0.016594 -0.362150
v 0.689007 0.015415 -0.359900
v 0.689378 0.012823 -0.359051
v 0.688843 0.010336 -0.360102
v 0.687716 0.009411 -0.362437
v 0.686658 0.010590 -0.364687
v 0.686288 0.013182 -0.365535
v 0.686822 0.015668 -0.364484
v 0.677738 0.016723 -0.359388
v 0.678015 0.015555 -0.356912
v 0.678092 0.012966 -0.355979
v 0.677927 0.010474 -0.357138
v 0.677615 0.009540 -0.359706
v 0.677338 0.010709 -0.362183
v 0.677260 0.013297 -0.363114
v 0.677426 0.015789 -0.361957
v 0.667064 0.016848 -0.359491
v 0.666607 0.015687 -0.357037
v 0.666412 0.013102 -0.356114
v 0.666592 0.010607 -0.357260
v 0.667042 0.009663 -0.359806
v 0.667499 0.010824 -0.362260
v 0.667693 0.013409 -0.363184
v 0.667512 0.015905 -0.362038
v 0.656895 0.016948 -0.363205
v 0.655948 0.015793 -0.360893
v 0.655572 0.013209 -0.360022
v 0.655985 0.010712 -0.361102
v 0.656947 0.009764 -0.363499
v 0.657894 0.010919 -0.365810
v 0.658270 0.013502 -0.366681
v 0.657857 0.016000 -0.365602
v 0.647420 0.017030 -0.368207
v 0.646055 0.015879 -0.366115
v 0.645522 0.013297 -0.365324
v 0.646135 0.010797 -0.366300
v 0.647535 0.009844 -0.368470
v 0.648901 0.010997 -0.370562
v 0.649434 0.013579 -0.371353
v 0.648820 0.016078 -0.370378
v 0.638772 0.017090 -0.374695
v 0.637067 0.015940 -0.372866
v 0.636410 0.013359 -0.372174
v 0.637185 0.010859 -0.373023
v 0.638940 0.009904 -0.374915
v 0.640646 0.011053 -0.376744
v 0.641303 0.013636 -0.377436
v 0.640528 0.016136 -0.376587
v 0.631630 0.017114 -0.382819
v 0.629660 0.015966 -0.381280
v 0.628904 0.013385 -0.380694
v 0.629807 0.010885 -0.381405
v 0.631839 0.009928 -0.382995
v 0.633810 0.011077 -0.384535
v 0.634565 0.013657 -0.385120
v 0.633663 0.016158 -0.384410
v 0.625790 0.017118 -0.391858
v 0.623590 0.015970 -0.390669
v 0.622748 0.013389 -0.390213
v 0.623759 0.010888 -0.390758
v 0.626031 0.009932 -0.391983
v 0.628231 0.011080 -0.393172
v 0.629072 0.013661 -0.393628
v 0.628061 0.016163 -0.393083
v 0.621436 0.017104 -0.401687
v 0.619057 0.015954 -0.400916
v 0.618149 0.013374 -0.400617
v 0.619244 0.010872 -0.400965
v 0.621702 0.009916 -0.401755
v 0.624080 0.011066 -0.402526
v 0.624989 0.013647 -0.402824
v 0.623893 0.016148 -0.402477
v 0.618919 0.017073 -0.412167
v 0.616434 0.015922 -0.411899
v 0.615486 0.013341 -0.411788
v 0.616631 0.010841 -0.411902
v 0.619198 0.009887 -0.412172
v 0.621684 0.011036 -0.412441
v 0.622631 0.013619 -0.412551
v 0.621487 0.016119 -0.412437
v 0.618875 0.017029 -0.422990
v 0.616397 0.015877 -0.423323
v 0.615453 0.013294 -0.423440
v 0.616594 0.010796 -0.423276
v 0.619152 0.009843 -0.422923
v 0.621630 0.010997 -0.422591
v 0.622573 0.013579 -0.422473
v 0.621433 0.016078 -0.422639
v 0.621909 0.016984 -0.433355
v 0.619617 0.015828 -0.434349
v 0.618744 0.013245 -0.434721
v 0.619799 0.010747 -0.434249
v 0.622166 0.009798 -0.433213
v 0.624457 0.010954 -0.432217
v 0.625331 0.013536 -0.431847
v 0.624275 0.016035 -0.432318
v 0.627681 0.016947 -0.442388
v 0.625755 0.015789 -0.443977
v 0.625021 0.013204 -0.444576
v 0.625909 0.010708 -0.443833
v 0.627898 0.009761 -0.442183
v 0.629824 0.010919 -0.440594
v 0.630558 0.013504 -0.439996
v 0.629671 0.016000 -0.440739
v 0.635598 0.016926 -0.449546
v 0.634096 0.015766 -0.451540
v 0.633524 0.013181 -0.452293
v 0.634218 0.010685 -0.451363
v 0.635770 0.009740 -0.449297
v 0.637272 0.010899 -0.447303
v 0.637844 0.013484 -0.446550
v 0.637149 0.015980 -0.447480
v 0.644798 0.016916 -0.455141
v 0.643679 0.015756 -0.457372
v 0.643255 0.013171 -0.458217
v 0.643773 0.010675 -0.457178
v 0.644931 0.009731 -0.454867
v 0.646048 0.010890 -0.452636
v 0.646472 0.013476 -0.451791
v 0.645955 0.015971 -0.452829
v 0.654818 0.016916 -0.459176
v 0.653945 0.015756 -0.461515
v 0.653614 0.013171 -0.462399
v 0.654020 0.010675 -0.461312
v 0.654924 0.009731 -0.458890
v 0.655796 0.010890 -0.456552
v 0.656127 0.013476 -0.455668
v 0.655722 0.015971 -0.456754
v 0.665108 0.016916 -0.462375
v 0.664476 0.015756 -0.464790
v 0.664238 0.013171 -0.465704
v 0.664531 0.010675 -0.464583
v 0.665184 0.009731 -0.462081
v 0.665815 0.010890 -0.459666
v 0.666054 0.013476 -0.458752
v 0.665760 0.015971 -0.459873
v 0.675601 0.016916 -0.464936
v 0.675211 0.015756 -0.467401
v 0.675064 0.013171 -0.468333
v 0.675246 0.010675 -0.467188
v 0.675650 0.009731 -0.464635
v 0.676040 0.010890 -0.462169
v 0.676188 0.013476 -0.461238
v 0.676007 0.015971 -0.462382
v 0.686371 0.016916 -0.465734
v 0.686273 0.015756 -0.468228
v 0.686236 0.013171 -0.469172
v 0.686281 0.010675 -0.468013
v 0.686383 0.009731 -0.465430
v 0.686480 0.010890 -0.462936
v 0.686519 0.013476 -0.461993
v 0.686472 0.015971 -0.463151
v 0.697125 0.016916 -0.465629
v 0.697337 0.015756 -0.468115
v 0.697417 0.013171 -0.469057
v 0.697318 0.010675 -0.467902
v 0.697100 0.009731 -0.465326
v 0.696889 0.010890 -0.462838
v 0.696810 0.013476 -0.461898
v 0.696907 0.015971 -0.463054
v 0.707834 0.016916 -0.464173
v 0.708373 0.015756 -0.466610
v 0.708578 0.013171 -0.467532
v 0.708327 0.010675 -0.466400
v 0.707769 0.009731 -0.463875
v 0.707230 0.010890 -0.461438
v 0.707025 0.013476 -0.460515
v 0.707276 0.015971 -0.461648
v 0.718089 0.016916 -0.460891
v 0.718945 0.015756 -0.463234
v 0.719270 0.013171 -0.464121
v 0.718871 0.010675 -0.463032
v 0.717984 0.009731 -0.460604
v 0.717128 0.010890 -0.458260
v 0.716802 0.013476 -0.457372
v 0.717201 0.015971 -0.458462
v 0.728062 0.016916 -0.456816
v 0.729217 0.015756 -0.459028
v 0.729653 0.013171 -0.459866
v 0.729118 0.010675 -0.458837
v 0.727921 0.009731 -0.456546
v 0.726767 0.010890 -0.454334
v 0.726329 0.013476 -0.453496
v 0.726867 0.015971 -0.454524
v 0.737151 0.016916 -0.450973
v 0.738556 0.015756 -0.453035
v 0.739086 0.013171 -0.453816
v 0.738435 0.010675 -0.452858
v 0.736979 0.009731 -0.450721
v 0.735575 0.010890 -0.448658
v 0.735043 0.013476 -0.447877
v 0.735696 0.015971 -0.448835
v 0.745740 0.016916 -0.444501
v 0.747357 0.015756 -0.446402
v 0.747970 0.013171 -0.447121
v 0.747218 0.010675 -0.446237
v 0.745543 0.009731 -0.444269
v 0.743924 0.010890 -0.442368
v 0.743313 0.013476 -0.441649
v 0.744065 0.015971 -0.442533
v 0.753496 0.016916 -0.436982
v 0.755280 0.015756 -0.438727
v 0.755955 0.013171 -0.439388
v 0.755126 0.010675 -0.438576
v 0.753278 0.009731 -0.436769
v 0.751493 0.010890 -0.435025
v 0.750818 0.013476 -0.434364
v 0.751648 0.015971 -0.435175
v 0.760743 0.016916 -0.429024
v 0.762671 0.015756 -0.430611
v 0.763402 0.013171 -0.431210
v 0.762505 0.010675 -0.430473
v 0.760509 0.009731 -0.428831
v 0.758581 0.010890 -0.427245
v 0.757853 0.013476 -0.426645
v 0.758749 0.015971 -0.427382
v 0.767120 0.016916 -0.420308
v 0.769162 0.015756 -0.421745
v 0.769934 0.013171 -0.422288
v 0.768985 0.010675 -0.421620
v 0.766871 0.009731 -0.420133
v 0.764830 0.010890 -0.418698
v 0.764057 0.013476 -0.418154
v 0.765006 0.015971 -0.418821
v 0.773413 0.016916 -0.411541
v 0.775562 0.015756 -0.412813
v 0.776374 0.013171 -0.413293
v 0.775376 0.010675 -0.412704
v 0.773150 0.009731 -0.411387
v 0.771003 0.010890 -0.410117
v 0.770190 0.013476 -0.409635
v 0.771188 0.015971 -0.410226
v 0.778124 0.016916 -0.401813
v 0.780432 0.015756 -0.402766
v 0.781304 0.013171 -0.403125
v 0.780232 0.010675 -0.402683
v 0.777842 0.009731 -0.401697
v 0.775536 0.010890 -0.400745
v 0.774662 0.013476 -0.400385
v 0.775735 0.015971 -0.400827
v 0.781405 0.016916 -0.391582
v 0.783834 0.015756 -0.392151
v 0.784754 0.013171 -0.392367
v 0.783624 0.010675 -0.392102
v 0.781108 0.009731 -0.391512
v 0.778678 0.010890 -0.390942
v 0.777759 0.013476 -0.390725
v 0.778888 0.015971 -0.390991
v 0.783054 0.016916 -0.380951
v 0.785544 0.015756 -0.381100
v 0.786487 0.013171 -0.381157
v 0.785329 0.010675 -0.381088
v 0.782750 0.009731 -0.380933
v 0.780257 0.010890 -0.380785
v 0.779314 0.013476 -0.380727
v 0.780472 0.015971 -0.380797
v 0.782923 0.016916 -0.370151
v 0.785405 0.015756 -0.369889
v 0.786344 0.013171 -0.369787
v 0.785191 0.010675 -0.369911
v 0.782620 0.009731 -0.370184
v 0.780138 0.010890 -0.370448
v 0.779199 0.013476 -0.370548
v 0.780352 0.015971 -0.370424
v 0.780844 0.016916 -0.359543
v 0.783262 0.015756 -0.358928
v 0.784178 0.013171 -0.358694
v 0.783054 0.010675 -0.358980
v 0.780549 0.009731 -0.359619
v 0.778131 0.010890 -0.360236
v 0.777215 0.013476 -0.360468
v 0.778339 0.015971 -0.360182
v 0.777389 0.016916 -0.349325
v 0.779718 0.015756 -0.348424
v 0.780599 0.013171 -0.348085
v 0.779516 0.010675 -0.348503
v 0.777105 0.009731 -0.349434
v 0.774777 0.010890 -0.350334
v 0.773896 0.013476 -0.350674
v 0.774978 0.015971 -0.350256
v 0.772926 0.016916 -0.339508
v 0.775154 0.015756 -0.338386
v 0.775997 0.013171 -0.337960
v 0.774962 0.010675 -0.338482
v 0.772654 0.009731 -0.339646
v 0.770425 0.010890 -0.340769
v 0.769580 0.013476 -0.341194
v 0.770617 0.015971 -0.340672
v 0.767653 0.016916 -0.330095
v 0.769785 0.015756 -0.328799
v 0.770593 0.013171 -0.328308
v 0.769602 0.010675 -0.328910
v 0.767393 0.009731 -0.330253
v 0.765260 0.010890 -0.331551
v 0.764454 0.013476 -0.332041
v 0.765445 0.015971 -0.331438
v 0.761741 0.016916 -0.321065
v 0.763779 0.015756 -0.319624
v 0.764550 0.013171 -0.319079
v 0.763603 0.010675 -0.319748
v 0.761492 0.009731 -0.321241
v 0.759454 0.010890 -0.322682
v 0.758684 0.013476 -0.323227
v 0.759630 0.015971 -0.322558
v 0.755288 0.016916 -0.312412
v 0.757203 0.015756 -0.310812
v 0.757927 0.013171 -0.310207
v 0.757038 0.010675 -0.310950
v 0.755053 0.009731 -0.312606
v 0.753138 0.010890 -0.314207
v 0.752412 0.013476 -0.314813
v 0.753302 0.015971 -0.314068
v 0.747966 0.016916 -0.304469
v 0.749726 0.015756 -0.302700
v 0.750392 0.013171 -0.302030
v 0.749574 0.010675 -0.302852
v 0.747751 0.009731 -0.304686
v 0.745992 0.010890 -0.306455
v 0.745326 0.013476 -0.307125
v 0.746144 0.015971 -0.306302
v 0.739983 0.016916 -0.297252
v 0.741551 0.015756 -0.295309
v 0.742144 0.013171 -0.294573
v 0.741416 0.010675 -0.295476
v 0.739794 0.009731 -0.297489
v 0.738226 0.010890 -0.299432
v 0.737633 0.013476 -0.300168
v 0.738361 0.015971 -0.299265
v 0.731375 0.016916 -0.290725
v 0.732706 0.015756 -0.288613
v 0.733210 0.013171 -0.287815
v 0.732593 0.010675 -0.288796
v 0.731212 0.009731 -0.290982
v 0.729879 0.010890 -0.293092
v 0.729376 0.013476 -0.293892
v 0.729995 0.015971 -0.292910
v 0.721778 0.016916 -0.285758
v 0.722861 0.015756 -0.283510
v 0.723272 0.013171 -0.282659
v 0.722769 0.010675 -0.283704
v 0.721647 0.009731 -0.286033
v 0.720564 0.010890 -0.288281
v 0.720153 0.013476 -0.289132
v 0.720656 0.015971 -0.288087
v 0.711822 0.016916 -0.281659
v 0.712648 0.015756 -0.279303
v 0.712961 0.013171 -0.278411
v 0.712577 0.010675 -0.279506
v 0.711721 0.009731 -0.281945
v 0.710895 0.010890 -0.284300
v 0.710583 0.013476 -0.285191
v 0.710967 0.015971 -0.284097
v 0.701518 0.016916 -0.278431
v 0.702082 0.015756 -0.276000
v 0.702296 0.013171 -0.275080
v 0.702034 0.010675 -0.276209
v 0.701450 0.009731 -0.278727
v 0.700886 0.010890 -0.281159
v 0.700673 0.013476 -0.282079
v 0.700934 0.015971 -0.280950
v 0.690844 0.016916 -0.276763
v 0.691151 0.015756 -0.274286
v 0.691267 0.013171 -0.273349
v 0.691125 0.010675 -0.274500
v 0.690807 0.009731 -0.277065
v 0.690500 0.010890 -0.279542
v 0.690384 0.013476 -0.280479
v 0.690526 0.015971 -0.279328
v 0.680095 0.016916 -0.276036
v 0.680151 0.015756 -0.273540
v 0.680171 0.013171 -0.272596
v 0.680145 0.010675 -0.273756
v 0.680089 0.009731 -0.276341
v 0.680035 0.010890 -0.278836
v 0.680013 0.013476 -0.279781
v 0.680039 0.015971 -0.278620
v 0.669305 0.016916 -0.276139
v 0.669112 0.015756 -0.273651
v 0.669039 0.013171 -0.272709
v 0.669128 0.010675 -0.273866
v 0.669327 0.009731 -0.276443
v 0.669519 0.010890 -0.278931
v 0.669592 0.013476 -0.279873
v 0.669502 0.015971 -0.278716
v 0.658606 0.016916 -0.277644
v 0.658178 0.015756 -0.275185
v 0.658016 0.013171 -0.274255
v 0.658215 0.010675 -0.275398
v 0.658660 0.009731 -0.277944
v 0.659088 0.010890 -0.280402
v 0.659250 0.013476 -0.281333
v 0.659051 0.015971 -0.280190
v 0.648104 0.016916 -0.280051
v 0.647463 0.015756 -0.277639
v 0.647221 0.013171 -0.276726
v 0.647519 0.010675 -0.277846
v 0.648183 0.009731 -0.280346
v 0.648823 0.010890 -0.282758
v 0.649065 0.013476 -0.283670
v 0.648768 0.015971 -0.282549
v 0.637763 0.016916 -0.283148
v 0.636920 0.015756 -0.280798
v 0.636600 0.013171 -0.279911
v 0.636992 0.010675 -0.281002
v 0.637865 0.009731 -0.283435
v 0.638708 0.010890 -0.285784
v 0.639027 0.013476 -0.286674
v 0.638636 0.015971 -0.285582
v 0.627861 0.016916 -0.287458
v 0.626776 0.015756 -0.285210
v 0.626364 0.013171 -0.284359
v 0.626869 0.010675 -0.285404
v 0.627993 0.009731 -0.287731
v 0.629079 0.010890 -0.289979
v 0.629489 0.013476 -0.290830
v 0.628985 0.015971 -0.289785
v 0.618325 0.016916 -0.292517
v 0.617064 0.015756 -0.290365
v 0.616586 0.013171 -0.289549
v 0.617172 0.010675 -0.290551
v 0.618479 0.009731 -0.292781
v 0.619741 0.010890 -0.294934
v 0.620219 0.013476 -0.295748
v 0.619633 0.015971 -0.294748
v 0.609208 0.016916 -0.298300
v 0.607775 0.015756 -0.296256
v 0.607233 0.013171 -0.295482
v 0.607898 0.010675 -0.296433
v 0.609381 0.009731 -0.298549
v 0.610814 0.010890 -0.300593
v 0.611356 0.013476 -0.301366
v 0.610691 0.015971 -0.300416
v 0.600662 0.016916 -0.304901
v 0.599052 0.015756 -0.302994
v 0.598442 0.013171 -0.302272
v 0.599191 0.010675 -0.303159
v 0.600860 0.009731 -0.305133
v 0.602470 0.010890 -0.307040
v 0.603080 0.013476 -0.307761
v 0.602331 0.015971 -0.306875
v 0.592785 0.016916 -0.312281
v 0.590985 0.015756 -0.310553
v 0.590305 0.013171 -0.309898
v 0.591141 0.010675 -0.310702
v 0.593005 0.009731 -0.312493
v 0.594805 0.010890 -0.314221
v 0.595487 0.013476 -0.314875
v 0.594650 0.015971 -0.314073
v 0.585782 0.016916 -0.320492
v 0.583791 0.015756 -0.318987
v 0.583037 0.013171 -0.318418
v 0.583963 0.010675 -0.319116
v 0.586026 0.009731 -0.320674
v 0.588017 0.010890 -0.322178
v 0.588772 0.013476 -0.322747
v 0.587845 0.015971 -0.322048
v 0.579828 0.016913 -0.329491
v 0.577682 0.015752 -0.328218
v 0.576869 0.013167 -0.327734
v 0.577869 0.010671 -0.328324
v 0.580092 0.009727 -0.329642
v 0.582239 0.010888 -0.330915
v 0.583049 0.013473 -0.331399
v 0.582051 0.015969 -0.330808
v 0.574787 0.016900 -0.339036
v 0.572535 0.015741 -0.337961
v 0.571683 0.013156 -0.337553
v 0.572733 0.010660 -0.338048
v 0.575067 0.009715 -0.339158
v 0.577320 0.010876 -0.340233
v 0.578170 0.013461 -0.340642
v 0.577122 0.015956 -0.340146
v 0.570552 0.016882 -0.348963
v 0.568220 0.015721 -0.348076
v 0.567339 0.013136 -0.347737
v 0.568426 0.010640 -0.348144
v 0.570843 0.009697 -0.349059
v 0.573176 0.010856 -0.349948
v 0.574056 0.013443 -0.350286
v 0.572970 0.015937 -0.349880
v 0.567133 0.016862 -0.359197
v 0.564735 0.015701 -0.358504
v 0.563830 0.013115 -0.358239
v 0.564947 0.010620 -0.358557
v 0.567432 0.009676 -0.359271
v 0.569828 0.010837 -0.359965
v 0.570733 0.013423 -0.360230
v 0.569617 0.015918 -0.359913
v 0.564576 0.016845 -0.369680
v 0.562127 0.015684 -0.369196
v 0.561202 0.013099 -0.369012
v 0.562343 0.010603 -0.369233
v 0.564880 0.009660 -0.369732
v 0.567327 0.010821 -0.370214
v 0.568252 0.013408 -0.370398
v 0.567113 0.015902 -0.370176
v 0.562972 0.016841 -0.380345
v 0.560488 0.015678 -0.380100
v 0.559550 0.013093 -0.380009
v 0.560705 0.010599 -0.380123
v 0.563279 0.009655 -0.380378
v 0.565762 0.010817 -0.380622
v 0.566701 0.013402 -0.380714
v 0.565545 0.015896 -0.380599
v 0.562464 0.016852 -0.391115
v 0.559969 0.015691 -0.391150
v 0.559026 0.013106 -0.391168
v 0.560187 0.010610 -0.391159
v 0.562773 0.009667 -0.391128
v 0.565268 0.010828 -0.391093
v 0.566211 0.013413 -0.391075
v 0.565050 0.015909 -0.391084
v 0.563251 0.016890 -0.401796
v 0.560783 0.015732 -0.402173
v 0.559854 0.013149 -0.402365
v 0.561010 0.010653 -0.402262
v 0.563571 0.009707 -0.401923
v 0.566040 0.010865 -0.401546
v 0.566967 0.013449 -0.401353
v 0.565813 0.015944 -0.401457
v 0.565384 0.017383 -0.411959
v 0.563036 0.016262 -0.412856
v 0.562207 0.013711 -0.413470
v 0.563384 0.011222 -0.413442
v 0.565876 0.010255 -0.412787
v 0.568224 0.011376 -0.411890
v 0.569053 0.013927 -0.411275
v 0.567876 0.016416 -0.411304
v 0.569202 0.019441 -0.421512
v 0.566991 0.018389 -0.422769
v 0.566276 0.015895 -0.423687
v 0.567478 0.013420 -0.423729
v 0.569891 0.012412 -0.422871
v 0.572103 0.013464 -0.421614
v 0.572816 0.015959 -0.420696
v 0.571615 0.018435 -0.420654
v 0.573994 0.021745 -0.430995
v 0.571848 0.020724 -0.432384
v 0.571138 0.018234 -0.433313
v 0.572277 0.015729 -0.433238
v 0.574601 0.014680 -0.432201
v 0.576746 0.015700 -0.430810
v 0.577457 0.018191 -0.429882
v 0.576318 0.020694 -0.429958
v 0.579469 0.023405 -0.440497
v 0.577326 0.022387 -0.441891
v 0.576526 0.019870 -0.442665
v 0.577538 0.017328 -0.442366
v 0.579770 0.016250 -0.441167
v 0.581913 0.017268 -0.439773
v 0.582712 0.019785 -0.439000
v 0.581700 0.022328 -0.439300
v 0.585295 0.023969 -0.450038
v 0.583115 0.022948 -0.451372
v 0.582174 0.020420 -0.451913
v 0.583022 0.017864 -0.451344
v 0.585163 0.016778 -0.449997
v 0.587343 0.017799 -0.448663
v 0.588285 0.020327 -0.448121
v 0.587437 0.022883 -0.448690
v 0.591185 0.023170 -0.459426
v 0.588996 0.022151 -0.460747
v 0.587948 0.019634 -0.461118
v 0.588649 0.017095 -0.460321
v 0.590692 0.016021 -0.458822
v 0.592881 0.017042 -0.457501
v 0.593931 0.019559 -0.457129
v 0.593228 0.022097 -0.457928
v 0.597365 0.021729 -0.468199
v 0.595254 0.020693 -0.469629
v 0.594222 0.018171 -0.470025
v 0.594872 0.015644 -0.469154
v 0.596825 0.014588 -0.467525
v 0.598936 0.015625 -0.466095
v 0.599967 0.018146 -0.465700
v 0.599317 0.020674 -0.466571
v 0.603973 0.020383 -0.476563
v 0.601981 0.019324 -0.478140
v 0.601006 0.016793 -0.478606
v 0.601619 0.014271 -0.477688
v 0.603462 0.013238 -0.475924
v 0.605454 0.014295 -0.474347
v 0.606428 0.016828 -0.473882
v 0.605814 0.019348 -0.474798
v 0.611174 0.019243 -0.484409
v 0.609357 0.018159 -0.486167
v 0.608484 0.015612 -0.486740
v 0.609070 0.013095 -0.485793
v 0.610769 0.012082 -0.483880
v 0.612588 0.013167 -0.482122
v 0.613460 0.015714 -0.481548
v 0.612875 0.018231 -0.482496
v 0.619365 0.018426 -0.491270
v 0.617753 0.017319 -0.493205
v 0.616997 0.014761 -0.493880
v 0.617542 0.012248 -0.492896
v 0.619066 0.011254 -0.490832
v 0.620679 0.012361 -0.488896
v 0.621435 0.014921 -0.488222
v 0.620892 0.017432 -0.489205
v 0.628128 0.017799 -0.497381
v 0.626739 0.016676 -0.499476
v 0.626107 0.014108 -0.500236
v 0.626599 0.011600 -0.499217
v 0.627929 0.010620 -0.497015
v 0.629316 0.011743 -0.494921
v 0.629950 0.014311 -0.494160
v 0.629456 0.016819 -0.495180
v 0.637427 0.017353 -0.502684
v 0.636276 0.016219 -0.504912
v 0.635768 0.013644 -0.505742
v 0.636201 0.011138 -0.504689
v 0.637320 0.010170 -0.502369
v 0.638469 0.011304 -0.500142
v 0.638978 0.013878 -0.499310
v 0.638546 0.016383 -0.500364
v 0.647221 0.017076 -0.507100
v 0.646309 0.015935 -0.509433
v 0.645922 0.013357 -0.510317
v 0.646286 0.010854 -0.509233
v 0.647186 0.009890 -0.506819
v 0.648097 0.011031 -0.504486
v 0.648485 0.013609 -0.503602
v 0.648122 0.016113 -0.504684
v 0.657496 0.016962 -0.510299
v 0.656805 0.015817 -0.512705
v 0.656521 0.013239 -0.513623
v 0.656811 0.010736 -0.512515
v 0.657504 0.009776 -0.510031
v 0.658196 0.010920 -0.507625
v 0.658479 0.013500 -0.506707
v 0.658190 0.016003 -0.507815
v 0.667975 0.016911 -0.512744
v 0.667486 0.015766 -0.515197
v 0.667291 0.013187 -0.516137
v 0.667505 0.010684 -0.515011
v 0.668004 0.009724 -0.512480
v 0.668492 0.010871 -0.510026
v 0.668687 0.013450 -0.509087
v 0.668472 0.015952 -0.510212
v 0.678606 0.016903 -0.514523
v 0.678318 0.015756 -0.517008
v 0.678207 0.013177 -0.517961
v 0.678339 0.010675 -0.516822
v 0.678636 0.009715 -0.514260
v 0.678925 0.010862 -0.511775
v 0.679036 0.013442 -0.510821
v 0.678903 0.015945 -0.511960
v 0.689367 0.016913 -0.515422
v 0.689334 0.015768 -0.517924
v 0.689323 0.013187 -0.518883
v 0.689339 0.010685 -0.517737
v 0.689374 0.009727 -0.515158
v 0.689407 0.010872 -0.512656
v 0.689419 0.013451 -0.511696
v 0.689403 0.015954 -0.512842
v 0.700103 0.016917 -0.514818
v 0.700347 0.015770 -0.517308
v 0.700441 0.013191 -0.518263
v 0.700330 0.010688 -0.517122
v 0.700080 0.009730 -0.514555
v 0.699836 0.010875 -0.512065
v 0.699742 0.013456 -0.511110
v 0.699852 0.015957 -0.512250
v 0.710825 0.016917 -0.513494
v 0.711352 0.015770 -0.515939
v 0.711555 0.013191 -0.516877
v 0.711314 0.010688 -0.515757
v 0.710770 0.009730 -0.513234
v 0.710243 0.010875 -0.510789
v 0.710040 0.013454 -0.509851
v 0.710281 0.015957 -0.510971
v 0.721124 0.016917 -0.510635
v 0.721931 0.015770 -0.513003
v 0.722242 0.013191 -0.513911
v 0.721871 0.010688 -0.512827
v 0.721039 0.009730 -0.510385
v 0.720232 0.010875 -0.508017
v 0.719922 0.013454 -0.507109
v 0.720292 0.015957 -0.508193
v 0.731012 0.016917 -0.506281
v 0.732091 0.015770 -0.508538
v 0.732506 0.013191 -0.509403
v 0.732011 0.010688 -0.508370
v 0.730897 0.009730 -0.506043
v 0.729816 0.010875 -0.503785
v 0.729402 0.013454 -0.502921
v 0.729897 0.015957 -0.503955
v 0.740532 0.016917 -0.501304
v 0.741852 0.015770 -0.503430
v 0.742359 0.013191 -0.504244
v 0.741753 0.010688 -0.503271
v 0.740392 0.009730 -0.501081
v 0.739072 0.010875 -0.498955
v 0.738566 0.013454 -0.498140
v 0.739170 0.015957 -0.499112
v 0.749156 0.016917 -0.494804
v 0.750657 0.015770 -0.496806
v 0.751234 0.013191 -0.497573
v 0.750545 0.010688 -0.496656
v 0.748997 0.009730 -0.494594
v 0.747495 0.010875 -0.492592
v 0.746919 0.013454 -0.491825
v 0.747607 0.015957 -0.492741
v 0.757779 0.016917 -0.488304
v 0.759451 0.015770 -0.490165
v 0.760092 0.013191 -0.490879
v 0.759326 0.010688 -0.490026
v 0.757602 0.009730 -0.488107
v 0.755931 0.010875 -0.486245
v 0.755290 0.013454 -0.485531
v 0.756056 0.015957 -0.486384
v 0.765160 0.016917 -0.480435
v 0.766953 0.015770 -0.482181
v 0.767641 0.013191 -0.482849
v 0.766821 0.010688 -0.482051
v 0.764970 0.009730 -0.480252
v 0.763178 0.010875 -0.478507
v 0.762491 0.013454 -0.477838
v 0.763312 0.015957 -0.478636
v 0.772481 0.016917 -0.472501
v 0.774386 0.015770 -0.474123
v 0.775117 0.013191 -0.474745
v 0.774245 0.010688 -0.474002
v 0.772280 0.009730 -0.472329
v 0.770376 0.010875 -0.470706
v 0.769645 0.013454 -0.470085
v 0.770518 0.015957 -0.470828
v 0.779188 0.016917 -0.464078
v 0.781187 0.015770 -0.465583
v 0.781954 0.013191 -0.466160
v 0.781038 0.010688 -0.465470
v 0.778977 0.009730 -0.463919
v 0.776978 0.010875 -0.462414
v 0.776211 0.013454 -0.461838
v 0.777126 0.015957 -0.462526
v 0.785277 0.016917 -0.455165
v 0.787355 0.015770 -0.456559
v 0.788151 0.013191 -0.457094
v 0.787199 0.010688 -0.456455
v 0.785057 0.009730 -0.455018
v 0.782980 0.010875 -0.453623
v 0.782183 0.013454 -0.453089
v 0.783135 0.015957 -0.453727
v 0.791365 0.016917 -0.446250
v 0.793515 0.015770 -0.447530
v 0.794339 0.013191 -0.448020
v 0.793355 0.010688 -0.447434
v 0.791138 0.009730 -0.446115
v 0.788988 0.010875 -0.444836
v 0.788164 0.013454 -0.444346
v 0.789148 0.015957 -0.444931
v 0.796301 0.016917 -0.436654
v 0.798513 0.015770 -0.437825
v 0.799362 0.013191 -0.438274
v 0.798349 0.010688 -0.437739
v 0.796068 0.009730 -0.436531
v 0.793857 0.010875 -0.435360
v 0.793010 0.013454 -0.434911
v 0.794022 0.015957 -0.435447
v 0.801202 0.016917 -0.427037
v 0.803469 0.015770 -0.428096
v 0.804338 0.013191 -0.428502
v 0.803300 0.010688 -0.428017
v 0.800963 0.009730 -0.426925
v 0.798696 0.010875 -0.425865
v 0.797826 0.013454 -0.425459
v 0.798865 0.015957 -0.425945
v 0.805567 0.016917 -0.417188
v 0.807886 0.015770 -0.418129
v 0.808774 0.013191 -0.418492
v 0.807712 0.010688 -0.418059
v 0.805323 0.009730 -0.417088
v 0.803005 0.010875 -0.416144
v 0.802116 0.013454 -0.415784
v 0.803177 0.015957 -0.416216
v 0.809239 0.016917 -0.407035
v 0.811604 0.015770 -0.407855
v 0.812510 0.013191 -0.408169
v 0.811427 0.010688 -0.407794
v 0.808990 0.009730 -0.406949
v 0.806624 0.010875 -0.406130
v 0.805718 0.013454 -0.405816
v 0.806801 0.015957 -0.406192
v 0.812910 0.016917 -0.396884
v 0.815314 0.015770 -0.397578
v 0.816235 0.013191 -0.397844
v 0.815134 0.010688 -0.397527
v 0.812656 0.009730 -0.396811
v 0.810252 0.010875 -0.396118
v 0.809330 0.013454 -0.395853
v 0.810431 0.015957 -0.396170
v 0.815213 0.016917 -0.386340
v 0.817657 0.015770 -0.386881
v 0.818593 0.013191 -0.387089
v 0.817475 0.010688 -0.386841
v 0.814957 0.009730 -0.386283
v 0.812513 0.010875 -0.385742
v 0.811577 0.013454 -0.385534
v 0.812696 0.015957 -0.385782
v 0.817484 0.016917 -0.375786
v 0.819956 0.015770 -0.376173
v 0.820904 0.013191 -0.376320
v 0.819771 0.010688 -0.376143
v 0.817223 0.009730 -0.375744
v 0.814751 0.010875 -0.375358
v 0.813804 0.013454 -0.375209
v 0.814935 0.015957 -0.375387
v 0.818645 0.016917 -0.365078
v 0.821142 0.015770 -0.365247
v 0.822099 0.013191 -0.365311
v 0.820956 0.010688 -0.365234
v 0.818383 0.009730 -0.365059
v 0.815886 0.010875 -0.364891
v 0.814928 0.013454 -0.364826
v 0.816072 0.015957 -0.364903
v 0.819080 0.016917 -0.354299
v 0.821580 0.015770 -0.354217
v 0.822539 0.013191 -0.354186
v 0.821393 0.010688 -0.354223
v 0.818816 0.009730 -0.354308
v 0.816315 0.010875 -0.354389
v 0.815356 0.013454 -0.354420
v 0.816501 0.015957 -0.354384
v 0.817999 0.016917 -0.343552
v 0.820478 0.015770 -0.343212
v 0.821428 0.013191 -0.343080
v 0.820293 0.010688 -0.343237
v 0.817738 0.009730 -0.343588
v 0.815259 0.010875 -0.343928
v 0.814308 0.013454 -0.344058
v 0.815444 0.015957 -0.343902
v 0.815931 0.016917 -0.332982
v 0.818362 0.015770 -0.332388
v 0.819293 0.013191 -0.332161
v 0.818180 0.010688 -0.332434
v 0.815674 0.009730 -0.333044
v 0.813243 0.010875 -0.333639
v 0.812312 0.013454 -0.333865
v 0.813424 0.015957 -0.333594
v 0.813024 0.016917 -0.322592
v 0.815381 0.015770 -0.321754
v 0.816284 0.013191 -0.321432
v 0.815206 0.010688 -0.321817
v 0.812776 0.009730 -0.322681
v 0.810418 0.010875 -0.323519
v 0.809513 0.013454 -0.323841
v 0.810594 0.015957 -0.323456
v 0.808765 0.016917 -0.312667
v 0.811031 0.015770 -0.311601
v 0.811897 0.013191 -0.311192
v 0.810861 0.010688 -0.311681
v 0.808527 0.009730 -0.312779
v 0.806263 0.010875 -0.313844
v 0.805395 0.013454 -0.314253
v 0.806431 0.015957 -0.313764
v 0.803650 0.016917 -0.303183
v 0.805804 0.015770 -0.301911
v 0.806629 0.013191 -0.301423
v 0.805643 0.010688 -0.302006
v 0.803422 0.009730 -0.303318
v 0.801268 0.010875 -0.304591
v 0.800442 0.013454 -0.305079
v 0.801428 0.015957 -0.304496
v 0.797872 0.016917 -0.294073
v 0.799903 0.015770 -0.292611
v 0.800682 0.013191 -0.292050
v 0.799752 0.010688 -0.292720
v 0.797658 0.009730 -0.294227
v 0.795627 0.010875 -0.295689
v 0.794848 0.013454 -0.296250
v 0.795778 0.015957 -0.295580
v 0.791100 0.016917 -0.285661
v 0.793001 0.015770 -0.284035
v 0.793730 0.013191 -0.283411
v 0.792860 0.010688 -0.284156
v 0.790900 0.009730 -0.285833
v 0.788999 0.010875 -0.287460
v 0.788269 0.013454 -0.288084
v 0.789140 0.015957 -0.287340
v 0.783715 0.016917 -0.277809
v 0.785482 0.015770 -0.276037
v 0.786159 0.013191 -0.275357
v 0.785351 0.010688 -0.276169
v 0.783529 0.009730 -0.277996
v 0.781763 0.010875 -0.279769
v 0.781086 0.013454 -0.280447
v 0.781895 0.015957 -0.279636
v 0.775904 0.016917 -0.270365
v 0.777527 0.015770 -0.268461
v 0.778150 0.013191 -0.267731
v 0.777404 0.010688 -0.268602
v 0.775730 0.009730 -0.270563
v 0.774107 0.010875 -0.272467
v 0.773485 0.013454 -0.273198
v 0.774229 0.015957 -0.272326
v 0.767362 0.016917 -0.263785
v 0.768812 0.015772 -0.261744
v 0.769358 0.013192 -0.260956
v 0.768683 0.010689 -0.261880
v 0.767180 0.009730 -0.263976
v 0.765731 0.010875 -0.266016
v 0.765184 0.013454 -0.266806
v 0.765861 0.015957 -0.265882
v 0.758371 0.016999 -0.257936
v 0.759563 0.015857 -0.255735
v 0.759990 0.013279 -0.254870
v 0.759403 0.010776 -0.255851
v 0.758144 0.009813 -0.258101
v 0.756952 0.010956 -0.260303
v 0.756524 0.013534 -0.261167
v 0.757111 0.016037 -0.260187
v 0.748736 0.017237 -0.253299
v 0.749562 0.016106 -0.250931
v 0.749810 0.013532 -0.249985
v 0.749337 0.011025 -0.251019
v 0.748419 0.010054 -0.253423
v 0.747594 0.011185 -0.255792
v 0.747344 0.013757 -0.256738
v 0.747818 0.016264 -0.255705
v 0.738441 0.017727 -0.250375
v 0.738816 0.016617 -0.247884
v 0.738843 0.014055 -0.246879
v 0.738506 0.011542 -0.247948
v 0.738002 0.010549 -0.250466
v 0.737625 0.011658 -0.252955
v 0.737599 0.014220 -0.253960
v 0.737936 0.016734 -0.252891
v 0.727772 0.018464 -0.249504
v 0.727672 0.017387 -0.246973
v 0.727468 0.014842 -0.245948
v 0.727280 0.012317 -0.247030
v 0.727218 0.011295 -0.249584
v 0.727318 0.012373 -0.252115
v 0.727521 0.014918 -0.253140
v 0.727710 0.017442 -0.252058
v 0.717151 0.019389 -0.250635
v 0.716552 0.018354 -0.248156
v 0.716112 0.015828 -0.247156
v 0.716086 0.013290 -0.248221
v 0.716492 0.012227 -0.250726
v 0.717092 0.013262 -0.253205
v 0.717533 0.015787 -0.254205
v 0.717557 0.018326 -0.253141
v 0.706966 0.020441 -0.253799
v 0.705837 0.019461 -0.251488
v 0.705150 0.016961 -0.250566
v 0.705308 0.014404 -0.251572
v 0.706219 0.013289 -0.253918
v 0.707348 0.014268 -0.256229
v 0.708035 0.016770 -0.257150
v 0.707877 0.019327 -0.256144
v 0.697754 0.021556 -0.259170
v 0.696051 0.020646 -0.257210
v 0.695105 0.018177 -0.256446
v 0.695472 0.015595 -0.257325
v 0.696938 0.014413 -0.259331
v 0.698644 0.015323 -0.261291
v 0.699589 0.017792 -0.262056
v 0.699221 0.020374 -0.261177
v 0.690813 0.022591 -0.267222
v 0.688520 0.021769 -0.265941
v 0.687319 0.019337 -0.265470
v 0.687915 0.016722 -0.266084
v 0.689958 0.015453 -0.267424
v 0.692252 0.016276 -0.268704
v 0.693451 0.018708 -0.269175
v 0.692857 0.021324 -0.268561
v 0.687345 0.023295 -0.277332
v 0.684758 0.022526 -0.276789
v 0.683440 0.020118 -0.276611
v 0.684162 0.017478 -0.276904
v 0.686501 0.016154 -0.277496
v 0.689088 0.016923 -0.278039
v 0.690406 0.019332 -0.278217
v 0.689685 0.021971 -0.277923
v 0.686106 0.023636 -0.288062
v 0.683461 0.022883 -0.287960
v 0.682122 0.020478 -0.287937
v 0.682873 0.017832 -0.288009
v 0.685275 0.016492 -0.288134
v 0.687919 0.017247 -0.288238
v 0.689258 0.019651 -0.288261
v 0.688507 0.022297 -0.288188
v 0.686366 0.023627 -0.298885
v 0.683724 0.022874 -0.299064
v 0.682386 0.020470 -0.299131
v 0.683135 0.017823 -0.299049
v 0.685533 0.016484 -0.298866
v 0.688174 0.017237 -0.298687
v 0.689512 0.019641 -0.298620
v 0.688763 0.022288 -0.298702
v 0.687606 0.023401 -0.309618
v 0.684980 0.022645 -0.309949
v 0.683647 0.020240 -0.310069
v 0.684390 0.017595 -0.309907
v 0.686770 0.016259 -0.309559
v 0.689395 0.017015 -0.309228
v 0.690728 0.019419 -0.309108
v 0.689986 0.022065 -0.309269
v 0.689230 0.023111 -0.320270
v 0.686606 0.022355 -0.320618
v 0.685276 0.019949 -0.320751
v 0.686016 0.017304 -0.320589
v 0.688396 0.015967 -0.320228
v 0.691018 0.016723 -0.319878
v 0.692349 0.019128 -0.319746
v 0.691608 0.021774 -0.319909
v 0.690594 0.022921 -0.330932
v 0.687957 0.022168 -0.331155
v 0.686623 0.019763 -0.331258
v 0.687373 0.017115 -0.331177
v 0.689769 0.015777 -0.330963
v 0.692406 0.016532 -0.330739
v 0.693739 0.018937 -0.330637
v 0.692990 0.021583 -0.330717
v 0.691069 0.022993 -0.341644
v 0.688425 0.022236 -0.341614
v 0.687087 0.019831 -0.341647
v 0.687844 0.017186 -0.341724
v 0.690248 0.015850 -0.341799
v 0.692893 0.016607 -0.341829
v 0.694231 0.019012 -0.341796
v 0.693474 0.021658 -0.341719
v 0.690159 0.023446 -0.352288
v 0.687543 0.022675 -0.351916
v 0.686215 0.020265 -0.351854
v 0.686953 0.017629 -0.352138
v 0.689323 0.016310 -0.352602
v 0.691938 0.017081 -0.352974
v 0.693267 0.019491 -0.353037
v 0.692529 0.022128 -0.352752
v 0.687594 0.024341 -0.362663
v 0.685068 0.023540 -0.361918
v 0.683775 0.021119 -0.361715
v 0.684470 0.018496 -0.362175
v 0.686749 0.017207 -0.363026
v 0.689274 0.018009 -0.363772
v 0.690567 0.020429 -0.363974
v 0.689871 0.023051 -0.363514
v 0.683490 0.025333 -0.372600
v 0.681106 0.024498 -0.371503
v 0.679887 0.022062 -0.371125
v 0.680544 0.019448 -0.371684
v 0.682694 0.018190 -0.372856
v 0.685076 0.019024 -0.373953
v 0.686295 0.021461 -0.374332
v 0.685639 0.024075 -0.373772
v 0.678189 0.026204 -0.382068
v 0.675984 0.025345 -0.380661
v 0.674875 0.022891 -0.380091
v 0.675507 0.020282 -0.380694
v 0.677512 0.019043 -0.382116
v 0.679717 0.019903 -0.383524
v 0.680826 0.022356 -0.384093
v 0.680194 0.024965 -0.383491
v 0.671529 0.026603 -0.390723
v 0.669521 0.025730 -0.389056
v 0.668541 0.023268 -0.388313
v 0.669163 0.020659 -0.388931
v 0.671021 0.019431 -0.390547
v 0.673029 0.020305 -0.392214
v 0.674010 0.022767 -0.392956
v 0.673388 0.025376 -0.392339
v 0.663976 0.026714 -0.398542
v 0.662171 0.025836 -0.396659
v 0.661318 0.023371 -0.395781
v 0.661918 0.020762 -0.396421
v 0.663618 0.019539 -0.398206
v 0.665424 0.020415 -0.400089
v 0.666276 0.022880 -0.400967
v 0.665676 0.025489 -0.400326
v 0.655821 0.026647 -0.405704
v 0.654229 0.025772 -0.403637
v 0.653504 0.023308 -0.402647
v 0.654071 0.020700 -0.403316
v 0.655599 0.019474 -0.405249
v 0.657191 0.020349 -0.407317
v 0.657916 0.022813 -0.408306
v 0.657349 0.025423 -0.407638
v 0.646978 0.026406 -0.411994
v 0.645608 0.025536 -0.409772
v 0.645008 0.023075 -0.408695
v 0.645529 0.020465 -0.409396
v 0.646866 0.019235 -0.411463
v 0.648236 0.020105 -0.413685
v 0.648837 0.022566 -0.414761
v 0.648316 0.025176 -0.414060
v 0.637468 0.026065 -0.417134
v 0.636342 0.025203 -0.414776
v 0.635866 0.022745 -0.413629
v 0.636318 0.020134 -0.414368
v 0.637434 0.018896 -0.416559
v 0.638559 0.019758 -0.418917
v 0.639034 0.022215 -0.420063
v 0.638583 0.024827 -0.419325
v 0.627569 0.025706 -0.421406
v 0.626719 0.024853 -0.418931
v 0.626373 0.022401 -0.417730
v 0.626736 0.019787 -0.418506
v 0.627594 0.018539 -0.420805
v 0.628447 0.019392 -0.423279
v 0.628791 0.021844 -0.424480
v 0.628427 0.024460 -0.423704
v 0.617286 0.025350 -0.424702
v 0.616741 0.024508 -0.422139
v 0.616533 0.022060 -0.420900
v 0.616783 0.019441 -0.421708
v 0.617344 0.018186 -0.424092
v 0.617888 0.019028 -0.426654
v 0.618096 0.021477 -0.427895
v 0.617847 0.024095 -0.427085
v 0.606594 0.025138 -0.426044
v 0.606429 0.024303 -0.423427
v 0.606372 0.021858 -0.422164
v 0.606456 0.019236 -0.422997
v 0.606635 0.017973 -0.425436
v 0.606801 0.018808 -0.428053
v 0.606857 0.021253 -0.429315
v 0.606772 0.023875 -0.428483
v 0.595864 0.025120 -0.425842
v 0.596083 0.024286 -0.423229
v 0.596189 0.021841 -0.421968
v 0.596121 0.019218 -0.422799
v 0.595917 0.017953 -0.425234
v 0.595698 0.018787 -0.427849
v 0.595591 0.021232 -0.429109
v 0.595661 0.023854 -0.428278
v 0.585186 0.025189 -0.424175
v 0.585786 0.024354 -0.421621
v 0.586080 0.021909 -0.420392
v 0.585899 0.019287 -0.421207
v 0.585346 0.018023 -0.423589
v 0.584747 0.018858 -0.426141
v 0.584452 0.021301 -0.427371
v 0.584634 0.023925 -0.426556
v 0.574753 0.025057 -0.420904
v 0.575721 0.024231 -0.418465
v 0.576262 0.021790 -0.417311
v 0.576057 0.019167 -0.418121
v 0.575226 0.017898 -0.420418
v 0.574258 0.018726 -0.422857
v 0.573718 0.021167 -0.424010
v 0.573924 0.023789 -0.423201
v 0.564797 0.024355 -0.416298
v 0.566150 0.023554 -0.414039
v 0.566973 0.021134 -0.413018
v 0.566780 0.018513 -0.413832
v 0.565686 0.017224 -0.416005
v 0.564332 0.018026 -0.418263
v 0.563511 0.020445 -0.419285
v 0.563703 0.023067 -0.418470
v 0.555764 0.023139 -0.410193
v 0.557528 0.022394 -0.408216
v 0.558620 0.020010 -0.407379
v 0.558400 0.017384 -0.408174
v 0.556998 0.016055 -0.410133
v 0.555234 0.016800 -0.412109
v 0.554141 0.019184 -0.412945
v 0.554362 0.021810 -0.412151
v 0.548152 0.021645 -0.402576
v 0.550254 0.020965 -0.400935
v 0.551531 0.018617 -0.400282
v 0.551236 0.015976 -0.401000
v 0.549542 0.014590 -0.402668
v 0.547440 0.015271 -0.404309
v 0.546163 0.017619 -0.404962
v 0.546457 0.020260 -0.404244
v 0.542004 0.020305 -0.393880
v 0.544308 0.019666 -0.392516
v 0.545657 0.017333 -0.391958
v 0.545260 0.014672 -0.392533
v 0.543351 0.013241 -0.393903
v 0.541047 0.013878 -0.395267
v 0.539699 0.016211 -0.395826
v 0.540095 0.018874 -0.395250
v 0.536789 0.019438 -0.384587
v 0.539248 0.018827 -0.383514
v 0.540637 0.016499 -0.383031
v 0.540141 0.013821 -0.383420
v 0.538051 0.012360 -0.384454
v 0.535591 0.012972 -0.385528
v 0.534203 0.015298 -0.386012
v 0.534700 0.017976 -0.385622
v 0.533085 0.019001 -0.374452
v 0.535634 0.018401 -0.373605
v 0.537063 0.016080 -0.373227
v 0.536535 0.013396 -0.373538
v 0.534360 0.011924 -0.374355
v 0.531811 0.012523 -0.375203
v 0.530382 0.014845 -0.375581
v 0.530909 0.017527 -0.375270
v 0.529462 0.018581 -0.364273
v 0.532077 0.017990 -0.363653
v 0.533538 0.015674 -0.363384
v 0.532989 0.012989 -0.363620
v 0.530750 0.011505 -0.364225
v 0.528134 0.012095 -0.364845
v 0.526674 0.014411 -0.365114
v 0.527223 0.017098 -0.364877
v 0.527798 0.018232 -0.353630
v 0.530468 0.017652 -0.353295
v 0.531956 0.015340 -0.353170
v 0.531392 0.012652 -0.353331
v 0.529106 0.011159 -0.353682
v 0.526436 0.011740 -0.354018
v 0.524948 0.014052 -0.354142
v 0.525512 0.016740 -0.353981
v 0.526779 0.017907 -0.342838
v 0.529470 0.017336 -0.342805
v 0.530971 0.015029 -0.342841
v 0.530401 0.012337 -0.342923
v 0.528094 0.010838 -0.343006
v 0.525403 0.011410 -0.343038
v 0.523902 0.013716 -0.343003
v 0.524471 0.016407 -0.342919
v 0.527428 0.017649 -0.332075
v 0.530109 0.017086 -0.332327
v 0.531604 0.014782 -0.332513
v 0.531037 0.012090 -0.332524
v 0.528740 0.010583 -0.332354
v 0.526058 0.011147 -0.332102
v 0.524562 0.013450 -0.331915
v 0.525129 0.016143 -0.331904
v 0.528823 0.017421 -0.321326
v 0.531466 0.016863 -0.321851
v 0.532940 0.014563 -0.322181
v 0.532383 0.011869 -0.322125
v 0.530120 0.010358 -0.321712
v 0.527477 0.010916 -0.321187
v 0.526002 0.013216 -0.320856
v 0.526560 0.015911 -0.320913
v 0.531601 0.017250 -0.310896
v 0.534184 0.016696 -0.311666
v 0.535628 0.014399 -0.312126
v 0.535085 0.011703 -0.312009
v 0.532874 0.010188 -0.311380
v 0.530291 0.010743 -0.310610
v 0.528849 0.013041 -0.310149
v 0.529391 0.015736 -0.310267
v 0.535020 0.017105 -0.300613
v 0.537525 0.016555 -0.301611
v 0.538926 0.014260 -0.302194
v 0.538402 0.011563 -0.302020
v 0.536261 0.010045 -0.301191
v 0.533756 0.010596 -0.300193
v 0.532355 0.012892 -0.299610
v 0.532877 0.015589 -0.299784
v 0.539598 0.017008 -0.290827
v 0.542011 0.016460 -0.292030
v 0.543364 0.014165 -0.292723
v 0.542862 0.011468 -0.292500
v 0.540801 0.009949 -0.291491
v 0.538386 0.010497 -0.290288
v 0.537035 0.012792 -0.289595
v 0.537536 0.015489 -0.289818
v 0.544656 0.016928 -0.281248
v 0.546965 0.016382 -0.282641
v 0.548261 0.014089 -0.283436
v 0.547784 0.011390 -0.283167
v 0.545815 0.009870 -0.281991
v 0.543505 0.010418 -0.280598
v 0.542209 0.012711 -0.279802
v 0.542686 0.015408 -0.280072
v 0.550770 0.016886 -0.272327
v 0.552961 0.016341 -0.273899
v 0.554193 0.014047 -0.274792
v 0.553743 0.011349 -0.274482
v 0.551875 0.009829 -0.273151
v 0.549684 0.010374 -0.271578
v 0.548452 0.012667 -0.270686
v 0.548902 0.015365 -0.270995
v 0.557189 0.016853 -0.263596
v 0.559250 0.016308 -0.265337
v 0.560409 0.014015 -0.266322
v 0.559989 0.011318 -0.265974
v 0.558235 0.009796 -0.264496
v 0.556174 0.010341 -0.262755
v 0.555014 0.012635 -0.261771
v 0.555434 0.015331 -0.262119
v 0.564728 0.016848 -0.255810
v 0.566624 0.016303 -0.257727
v 0.567693 0.014011 -0.258811
v 0.567309 0.011312 -0.258425
v 0.565696 0.009790 -0.256796
v 0.563800 0.010336 -0.254878
v 0.562730 0.012629 -0.253795
v 0.563114 0.015326 -0.254180
v 0.572615 0.016846 -0.248401
v 0.574334 0.016301 -0.250481
v 0.575303 0.014008 -0.251655
v 0.574956 0.011311 -0.251235
v 0.573497 0.009789 -0.249467
v 0.571778 0.010334 -0.247387
v 0.570809 0.012626 -0.246213
v 0.571155 0.015324 -0.246634
v 0.581384 0.016851 -0.242013
v 0.582912 0.016305 -0.244237
v 0.583775 0.014012 -0.245491
v 0.583466 0.011315 -0.245041
v 0.582167 0.009793 -0.243152
v 0.580638 0.010338 -0.240930
v 0.579776 0.012630 -0.239675
v 0.580084 0.015329 -0.240124
v 0.590564 0.016852 -0.236316
v 0.592001 0.016307 -0.238599
v 0.592812 0.014013 -0.239888
v 0.592522 0.011317 -0.239425
v 0.591300 0.009795 -0.237485
v 0.589864 0.010340 -0.235202
v 0.589052 0.012632 -0.233914
v 0.589343 0.015330 -0.234376
v 0.599829 0.016852 -0.230786
v 0.601256 0.016307 -0.233076
v 0.602061 0.014013 -0.234368
v 0.601773 0.011317 -0.233906
v 0.600559 0.009795 -0.231959
v 0.599134 0.010340 -0.229669
v 0.598328 0.012632 -0.228377
v 0.598616 0.015330 -0.228840
v 0.608937 0.016852 -0.225060
v 0.610459 0.016307 -0.227287
v 0.611319 0.014013 -0.228543
v 0.611011 0.011317 -0.228093
v 0.609717 0.009795 -0.226200
v 0.608193 0.010340 -0.223973
v 0.607335 0.012632 -0.222717
v 0.607642 0.015330 -0.223167
v 0.617562 0.016852 -0.218690
v 0.619263 0.016307 -0.220784
v 0.620221 0.014013 -0.221967
v 0.619878 0.011317 -0.221543
v 0.618433 0.009795 -0.219764
v 0.616734 0.010340 -0.217669
v 0.615774 0.012632 -0.216487
v 0.616118 0.015330 -0.216911
v 0.625637 0.016852 -0.211717
v 0.627572 0.016307 -0.213596
v 0.628663 0.014013 -0.214658
v 0.628272 0.011317 -0.214279
v 0.626628 0.009795 -0.212680
v 0.624695 0.010340 -0.210799
v 0.623603 0.012632 -0.209739
v 0.623994 0.015330 -0.210118
v 0.632816 0.016852 -0.203824
v 0.635043 0.016307 -0.205347
v 0.636299 0.014013 -0.206207
v 0.635849 0.011317 -0.205898
v 0.633956 0.009795 -0.204604
v 0.631730 0.010340 -0.203080
v 0.630473 0.012632 -0.202221
v 0.630924 0.015330 -0.202529
v 0.637508 0.016852 -0.194341
v 0.640058 0.016307 -0.195225
v 0.641496 0.014013 -0.195723
v 0.640981 0.011317 -0.195545
v 0.638815 0.009795 -0.194794
v 0.636266 0.010340 -0.193909
v 0.634827 0.012632 -0.193412
v 0.635342 0.015330 -0.193590
v 0.639327 0.016852 -0.184116
v 0.642023 0.016307 -0.184228
v 0.643543 0.014013 -0.184292
v 0.642999 0.011317 -0.184269
v 0.640709 0.009795 -0.184173
v 0.638013 0.010340 -0.184061
v 0.636492 0.012632 -0.183996
v 0.637037 0.015330 -0.184020
v 0.638387 0.016852 -0.173748
v 0.641013 0.016307 -0.173129
v 0.642494 0.014013 -0.172778
v 0.641963 0.011317 -0.172904
v 0.639732 0.009795 -0.173430
v 0.637107 0.010340 -0.174051
v 0.635625 0.012632 -0.174400
v 0.636155 0.015330 -0.174275
v 0.634577 0.016852 -0.163813
v 0.637013 0.016307 -0.162654
v 0.638388 0.014013 -0.162000
v 0.637896 0.011317 -0.162234
v 0.635825 0.009795 -0.163218
v 0.633388 0.010340 -0.164377
v 0.632013 0.012632 -0.165029
v 0.632506 0.015330 -0.164796
v 0.628913 0.016852 -0.154869
v 0.631154 0.016307 -0.153365
v 0.632418 0.014013 -0.152518
v 0.631966 0.011317 -0.152822
v 0.630061 0.009795 -0.154098
v 0.627820 0.010340 -0.155601
v 0.626557 0.012632 -0.156449
v 0.627009 0.015330 -0.156145
v 0.622366 0.016852 -0.146396
v 0.624417 0.016307 -0.144643
v 0.625574 0.014013 -0.143654
v 0.625160 0.011317 -0.144008
v 0.623417 0.009795 -0.145498
v 0.621366 0.010340 -0.147251
v 0.620209 0.012632 -0.148240
v 0.620623 0.015330 -0.147886
v 0.615028 0.016852 -0.138693
v 0.616859 0.016307 -0.136711
v 0.617892 0.014013 -0.135594
v 0.617522 0.011317 -0.135994
v 0.615966 0.009795 -0.137677
v 0.614136 0.010340 -0.139659
v 0.613102 0.012632 -0.140776
v 0.613472 0.015330 -0.140377
v 0.606766 0.016852 -0.131884
v 0.608349 0.016307 -0.129699
v 0.609242 0.014013 -0.128467
v 0.608922 0.011317 -0.128909
v 0.607578 0.009795 -0.130765
v 0.605995 0.010340 -0.132951
v 0.605102 0.012632 -0.134183
v 0.605421 0.015330 -0.133742
v 0.598170 0.016852 -0.125670
v 0.599441 0.016307 -0.123290
v 0.600158 0.014013 -0.121947
v 0.599901 0.011317 -0.122428
v 0.598822 0.009795 -0.124451
v 0.597550 0.010340 -0.126830
v 0.596833 0.012632 -0.128173
v 0.597090 0.015330 -0.127692
v 0.588263 0.016852 -0.121770
v 0.589027 0.016307 -0.119181
v 0.589457 0.014013 -0.117721
v 0.589303 0.011317 -0.118245
v 0.588655 0.009795 -0.120444
v 0.587892 0.010340 -0.123032
v 0.587461 0.012632 -0.124492
v 0.587615 0.015330 -0.123969
v 0.578047 0.016852 -0.119767
v 0.578177 0.016307 -0.117073
v 0.578250 0.014013 -0.115551
v 0.578224 0.011317 -0.116097
v 0.578114 0.009795 -0.118387
v 0.577984 0.010340 -0.121082
v 0.577910 0.012632 -0.122601
v 0.577936 0.015330 -0.122057
v 0.567454 0.016852 -0.120001
v 0.566835 0.016307 -0.117375
v 0.566487 0.014013 -0.115894
v 0.566612 0.011317 -0.116424
v 0.567137 0.009795 -0.118656
v 0.567755 0.010340 -0.121282
v 0.568104 0.012632 -0.122763
v 0.567979 0.015330 -0.122233
v 0.557877 0.016852 -0.124519
v 0.556549 0.016307 -0.122172
v 0.555799 0.014013 -0.120846
v 0.556067 0.011317 -0.121321
v 0.557198 0.009795 -0.123317
v 0.558525 0.010340 -0.125665
v 0.559276 0.012632 -0.126990
v 0.559007 0.015330 -0.126516
v 0.549672 0.016852 -0.130981
v 0.547798 0.016307 -0.129042
v 0.546739 0.014013 -0.127947
v 0.547119 0.011317 -0.128338
v 0.548712 0.009795 -0.129988
v 0.550586 0.010340 -0.131927
v 0.551645 0.012632 -0.133022
v 0.551265 0.015330 -0.132631
v 0.542824 0.016852 -0.139014
v 0.540563 0.016307 -0.137541
v 0.539288 0.014013 -0.136711
v 0.539745 0.011317 -0.137009
v 0.541667 0.009795 -0.138259
v 0.543927 0.010340 -0.139731
v 0.545202 0.012632 -0.140561
v 0.544746 0.015330 -0.140263
v 0.538057 0.016852 -0.148544
v 0.535561 0.016307 -0.147525
v 0.534151 0.014013 -0.146950
v 0.534655 0.011317 -0.147156
v 0.536778 0.009795 -0.148022
v 0.539276 0.010340 -0.149041
v 0.540686 0.012632 -0.149616
v 0.540181 0.015330 -0.149410
v 0.535169 0.016852 -0.158729
v 0.532531 0.016307 -0.158161
v 0.531044 0.014013 -0.157841
v 0.531576 0.011317 -0.157956
v 0.533818 0.009795 -0.158439
v 0.536455 0.010340 -0.159006
v 0.537943 0.012632 -0.159325
v 0.537409 0.015330 -0.159211
v 0.533456 0.016852 -0.169225
v 0.530762 0.016307 -0.169079
v 0.529243 0.014013 -0.168995
v 0.529787 0.011317 -0.169025
v 0.532076 0.009795 -0.169149
v 0.534771 0.010340 -0.169297
v 0.536290 0.012632 -0.169378
v 0.535746 0.015330 -0.169350
v 0.534161 0.016852 -0.179930
v 0.531464 0.016307 -0.180014
v 0.529943 0.014013 -0.180061
v 0.530487 0.011317 -0.180044
v 0.532780 0.009795 -0.179972
v 0.535475 0.010340 -0.179890
v 0.536997 0.012632 -0.179843
v 0.536452 0.015330 -0.179860
v 0.534932 0.016852 -0.190686
v 0.532236 0.016307 -0.190787
v 0.530714 0.014013 -0.190845
v 0.531260 0.011317 -0.190824
v 0.533552 0.009795 -0.190738
v 0.536247 0.010340 -0.190635
v 0.537767 0.012632 -0.190579
v 0.537223 0.015330 -0.190598
v 0.535764 0.016852 -0.201484
v 0.533067 0.016307 -0.201415
v 0.531546 0.014013 -0.201375
v 0.532090 0.011317 -0.201390
v 0.534382 0.009795 -0.201449
v 0.537080 0.010340 -0.201519
v 0.538600 0.012632 -0.201558
v 0.538057 0.015330 -0.201544
v 0.534498 0.016852 -0.212250
v 0.531828 0.016307 -0.211868
v 0.530322 0.014013 -0.211652
v 0.530861 0.011317 -0.211729
v 0.533131 0.009795 -0.212054
v 0.535801 0.010340 -0.212436
v 0.537308 0.012632 -0.212652
v 0.536768 0.015330 -0.212575
v 0.532544 0.016852 -0.222912
v 0.529940 0.016307 -0.222209
v 0.528471 0.014013 -0.221811
v 0.528997 0.011317 -0.221953
v 0.531211 0.009795 -0.222552
v 0.533814 0.010340 -0.223256
v 0.535284 0.012632 -0.223653
v 0.534757 0.015330 -0.223510
v 0.528912 0.016852 -0.233152
v 0.526404 0.016307 -0.232159
v 0.524989 0.014013 -0.231599
v 0.525496 0.011317 -0.231800
v 0.527628 0.009795 -0.232644
v 0.530136 0.010340 -0.233638
v 0.531551 0.012632 -0.234198
v 0.531044 0.015330 -0.233997
v 0.524381 0.016852 -0.242976
v 0.522002 0.016307 -0.241702
v 0.520661 0.014013 -0.240984
v 0.521142 0.011317 -0.241241
v 0.523163 0.009795 -0.242324
v 0.525540 0.010340 -0.243597
v 0.526883 0.012632 -0.244316
v 0.526402 0.015330 -0.244060
v 0.518878 0.016852 -0.252348
v 0.516666 0.016307 -0.250807
v 0.515416 0.014013 -0.249937
v 0.515864 0.011317 -0.250249
v 0.517745 0.009795 -0.251559
v 0.519958 0.010340 -0.253100
v 0.521207 0.012632 -0.253970
v 0.520760 0.015330 -0.253660
v 0.511958 0.016852 -0.260696
v 0.509966 0.016307 -0.258877
v 0.508842 0.014013 -0.257851
v 0.509244 0.011317 -0.258219
v 0.510938 0.009795 -0.259764
v 0.512930 0.010340 -0.261582
v 0.514055 0.012632 -0.262608
v 0.513653 0.015330 -0.262241
v 0.504386 0.016852 -0.268456
v 0.502669 0.016307 -0.266376
v 0.501700 0.014013 -0.265202
v 0.502047 0.011317 -0.265623
v 0.503507 0.009795 -0.267391
v 0.505224 0.010340 -0.269472
v 0.506193 0.012632 -0.270645
v 0.505846 0.015330 -0.270224
v 0.495383 0.016852 -0.274609
v 0.494042 0.016307 -0.272269
v 0.493285 0.014013 -0.270948
v 0.493556 0.011317 -0.271420
v 0.494696 0.009795 -0.273410
v 0.496038 0.010340 -0.275751
v 0.496795 0.012632 -0.277071
v 0.496523 0.015330 -0.276598
v 0.485519 0.016852 -0.279040
v 0.484655 0.016307 -0.276484
v 0.484168 0.014013 -0.275042
v 0.484343 0.011317 -0.275560
v 0.485077 0.009795 -0.277731
v 0.485941 0.010340 -0.280287
v 0.486428 0.012632 -0.281729
v 0.486255 0.015330 -0.281212
v 0.475053 0.016852 -0.281977
v 0.474736 0.016307 -0.279298
v 0.474555 0.014013 -0.277786
v 0.474617 0.011317 -0.278329
v 0.474885 0.009795 -0.280606
v 0.475202 0.010340 -0.283285
v 0.475381 0.012632 -0.284796
v 0.475319 0.015330 -0.284254
v 0.464162 0.016852 -0.281609
v 0.464366 0.016305 -0.278920
v 0.464466 0.014011 -0.277403
v 0.464402 0.011314 -0.277947
v 0.464213 0.009793 -0.280233
v 0.464009 0.010341 -0.282922
v 0.463908 0.012635 -0.284440
v 0.463973 0.015331 -0.283896
v 0.453573 0.016981 -0.279700
v 0.454264 0.016426 -0.277095
v 0.454603 0.014128 -0.275618
v 0.454387 0.011434 -0.276134
v 0.453747 0.009921 -0.278341
v 0.453055 0.010474 -0.280947
v 0.452716 0.012772 -0.282424
v 0.452932 0.015467 -0.281908
v 0.443430 0.017321 -0.276141
v 0.444608 0.016744 -0.273721
v 0.445153 0.014437 -0.272323
v 0.444751 0.011751 -0.272767
v 0.443634 0.010259 -0.274791
v 0.442458 0.010835 -0.277213
v 0.441912 0.013143 -0.278610
v 0.442315 0.015828 -0.278167
v 0.434590 0.018246 -0.270203
v 0.436376 0.017605 -0.268211
v 0.437168 0.015271 -0.266985
v 0.436503 0.012613 -0.267245
v 0.434768 0.011188 -0.268839
v 0.432983 0.011830 -0.270832
v 0.432191 0.014165 -0.272058
v 0.432857 0.016822 -0.271797
v 0.428395 0.019739 -0.261558
v 0.430668 0.018990 -0.260198
v 0.431675 0.016608 -0.259256
v 0.430826 0.013989 -0.259282
v 0.428620 0.012669 -0.260261
v 0.426347 0.013419 -0.261620
v 0.425340 0.015800 -0.262563
v 0.426188 0.018418 -0.262537
v 0.424381 0.021317 -0.251587
v 0.426805 0.020514 -0.250561
v 0.427897 0.018102 -0.249806
v 0.427015 0.015496 -0.249766
v 0.424678 0.014220 -0.250463
v 0.422254 0.015023 -0.251488
v 0.421163 0.017435 -0.252242
v 0.422044 0.020042 -0.252283
v 0.420717 0.022612 -0.241412
v 0.423122 0.021814 -0.240336
v 0.424226 0.019397 -0.239620
v 0.423384 0.016778 -0.239681
v 0.421089 0.015490 -0.240485
v 0.418685 0.016289 -0.241560
v 0.417580 0.018705 -0.242278
v 0.418422 0.021324 -0.242216
v 0.416162 0.023492 -0.231594
v 0.418458 0.022713 -0.230292
v 0.419541 0.020301 -0.229530
v 0.418776 0.017666 -0.229756
v 0.416611 0.016354 -0.230834
v 0.414315 0.017132 -0.232137
v 0.413231 0.019545 -0.232899
v 0.413997 0.022179 -0.232674
v 0.410445 0.023977 -0.222427
v 0.412604 0.023211 -0.220902
v 0.413650 0.020802 -0.220082
v 0.412972 0.018159 -0.220447
v 0.410965 0.016832 -0.221783
v 0.408806 0.017598 -0.223308
v 0.407759 0.020008 -0.224127
v 0.408438 0.022649 -0.223763
v 0.403872 0.024191 -0.213813
v 0.405891 0.023429 -0.212103
v 0.406897 0.021021 -0.211229
v 0.406302 0.018377 -0.211704
v 0.404454 0.017044 -0.213249
v 0.402436 0.017806 -0.214960
v 0.401430 0.020214 -0.215834
v 0.402025 0.022859 -0.215359
v 0.396644 0.024191 -0.205785
v 0.398610 0.023431 -0.204015
v 0.399600 0.021023 -0.203123
v 0.399035 0.018377 -0.203632
v 0.397245 0.017044 -0.205243
v 0.395279 0.017805 -0.207014
v 0.394289 0.020213 -0.207905
v 0.394854 0.022859 -0.207396
v 0.375195 0.029302 -0.163436
v 0.371907 0.029302 -0.159785
v 0.377465 0.029302 -0.154780
v 0.380065 0.029302 -0.154918
v 0.378793 0.029302 -0.154311
v 0.377465 0.030999 -0.154780
v 0.378697 0.032841 -0.156149
v 0.380065 0.030999 -0.154918
v 0.377826 0.032301 -0.155181
v 0.378775 0.032062 -0.154648
v 0.379664 0.032301 -0.155278
v 0.378793 0.030999 -0.154311
v 0.380888 0.029302 -0.155832
v 0.380753 0.029302 -0.158432
v 0.381359 0.029302 -0.157161
v 0.379521 0.032841 -0.157063
v 0.380753 0.030999 -0.158432
v 0.380888 0.030999 -0.155832
v 0.380392 0.032301 -0.158031
v 0.381021 0.032062 -0.157143
v 0.381359 0.030999 -0.157161
v 0.380487 0.032301 -0.156193
v 0.366214 0.029302 -0.167389
v 0.366349 0.029302 -0.164789
v 0.365743 0.029302 -0.166061
v 0.367581 0.032841 -0.166158
v 0.366349 0.030999 -0.164789
v 0.366214 0.030999 -0.167389
v 0.366710 0.032301 -0.165190
v 0.366080 0.032062 -0.166079
v 0.365743 0.030999 -0.166061
v 0.366614 0.032301 -0.167029
v 0.369637 0.029302 -0.168441
v 0.367037 0.029302 -0.168304
v 0.368309 0.029302 -0.168911
v 0.368404 0.032841 -0.167072
v 0.367037 0.030999 -0.168304
v 0.369637 0.030999 -0.168441
v 0.367438 0.032301 -0.167943
v 0.368326 0.032062 -0.168574
v 0.368309 0.030999 -0.168911
v 0.369276 0.032301 -0.168040
v 0.375195 0.030999 -0.163436
v 0.373962 0.032841 -0.162068
v 0.374834 0.032301 -0.163036
v 0.371907 0.030999 -0.159785
v 0.373139 0.032841 -0.161153
v 0.372268 0.032301 -0.160186
v 0.404842 0.031235 -0.158743
v 0.405146 0.034275 -0.152947
v 0.408210 0.031235 -0.158255
v 0.406273 0.034275 -0.152784
v 0.411135 0.031235 -0.156515
v 0.407252 0.034275 -0.152201
v 0.413172 0.031235 -0.153788
v 0.407933 0.034275 -0.151289
v 0.414008 0.031235 -0.150489
v 0.408212 0.034275 -0.150186
v 0.413520 0.031235 -0.147121
v 0.408049 0.034275 -0.149058
v 0.411781 0.031235 -0.144197
v 0.407468 0.034275 -0.148081
v 0.409054 0.031235 -0.142160
v 0.406555 0.034275 -0.147399
v 0.405755 0.031235 -0.141323
v 0.405451 0.034275 -0.147119
v 0.402388 0.031235 -0.141811
v 0.404325 0.034275 -0.147281
v 0.399463 0.031235 -0.143551
v 0.403346 0.034275 -0.147864
v 0.397427 0.031235 -0.146278
v 0.402665 0.034275 -0.148776
v 0.396588 0.031235 -0.149577
v 0.402384 0.034275 -0.149880
v 0.397077 0.031235 -0.152944
v 0.402549 0.034275 -0.151007
v 0.398818 0.031235 -0.155869
v 0.403131 0.034275 -0.151985
v 0.401544 0.031235 -0.157905
v 0.404043 0.034275 -0.152666
v 0.405299 0.034197 -0.150033
v 0.405006 0.034550 -0.155633
v 0.407170 0.034550 -0.155319
v 0.409051 0.034550 -0.154200
v 0.410360 0.034550 -0.152446
v 0.410899 0.034550 -0.150327
v 0.410586 0.034550 -0.148161
v 0.409467 0.034550 -0.146281
v 0.407714 0.034550 -0.144971
v 0.405593 0.034550 -0.144433
v 0.403427 0.034550 -0.144746
v 0.401546 0.034550 -0.145865
v 0.400237 0.034550 -0.147619
v 0.399699 0.034550 -0.149740
v 0.400013 0.034550 -0.151905
v 0.401132 0.034550 -0.153785
v 0.402885 0.034550 -0.155095
v 0.407715 0.034990 -0.156855
v 0.408210 0.033880 -0.158255
v 0.408066 0.034831 -0.157845
v 0.404842 0.033880 -0.158743
v 0.404920 0.034990 -0.157260
v 0.404866 0.034831 -0.158308
v 0.410142 0.034990 -0.155411
v 0.411135 0.033880 -0.156515
v 0.410844 0.034831 -0.156191
v 0.411831 0.034990 -0.153149
v 0.413172 0.033880 -0.153788
v 0.412779 0.034831 -0.153601
v 0.412526 0.034990 -0.150411
v 0.414008 0.033880 -0.150489
v 0.413575 0.034831 -0.150467
v 0.412121 0.034990 -0.147617
v 0.413520 0.033880 -0.147121
v 0.413111 0.034831 -0.147267
v 0.410677 0.034990 -0.145191
v 0.411781 0.033880 -0.144197
v 0.411458 0.034831 -0.144488
v 0.408414 0.034990 -0.143500
v 0.409054 0.033880 -0.142160
v 0.408867 0.034831 -0.142554
v 0.405678 0.034990 -0.142805
v 0.405755 0.033880 -0.141323
v 0.405732 0.034831 -0.141757
v 0.402883 0.034990 -0.143211
v 0.402388 0.033880 -0.141811
v 0.402533 0.034831 -0.142222
v 0.400457 0.034990 -0.144655
v 0.399463 0.033880 -0.143551
v 0.399754 0.034831 -0.143874
v 0.398767 0.034990 -0.146917
v 0.397427 0.033880 -0.146278
v 0.397820 0.034831 -0.146465
v 0.398072 0.034990 -0.149654
v 0.396588 0.033880 -0.149577
v 0.397023 0.034831 -0.149598
v 0.398477 0.034990 -0.152448
v 0.397077 0.033880 -0.152944
v 0.397488 0.034831 -0.152799
v 0.399921 0.034990 -0.154876
v 0.398818 0.033880 -0.155869
v 0.399140 0.034831 -0.155578
v 0.402183 0.034990 -0.156565
v 0.401544 0.033880 -0.157905
v 0.401732 0.034831 -0.157513
v 0.405984 0.031235 -0.136967
v 0.406287 0.035849 -0.131172
v 0.409352 0.031235 -0.136480
v 0.407414 0.035849 -0.131009
v 0.412277 0.031235 -0.134740
v 0.408393 0.035849 -0.130426
v 0.414313 0.031235 -0.132013
v 0.409074 0.035849 -0.129514
v 0.415150 0.031235 -0.128715
v 0.409353 0.035849 -0.128411
v 0.414661 0.031235 -0.125346
v 0.409190 0.035849 -0.127284
v 0.412922 0.031235 -0.122422
v 0.408609 0.035849 -0.126306
v 0.410195 0.031235 -0.120385
v 0.407696 0.035849 -0.125624
v 0.406896 0.031235 -0.119548
v 0.406592 0.035849 -0.125344
v 0.403529 0.031235 -0.120036
v 0.405466 0.035849 -0.125507
v 0.400604 0.031235 -0.121776
v 0.404487 0.035849 -0.126089
v 0.398568 0.031235 -0.124503
v 0.403806 0.035849 -0.127001
v 0.397730 0.031235 -0.127801
v 0.403525 0.035849 -0.128105
v 0.398218 0.031235 -0.131169
v 0.403690 0.035849 -0.129232
v 0.399959 0.031235 -0.134094
v 0.404272 0.035849 -0.130211
v 0.402685 0.031235 -0.136130
v 0.405184 0.035849 -0.130891
v 0.406440 0.035952 -0.128258
v 0.406111 0.035390 -0.134531
v 0.408537 0.035390 -0.134179
v 0.410644 0.035390 -0.132926
v 0.412110 0.035390 -0.130962
v 0.412713 0.035390 -0.128586
v 0.412362 0.035390 -0.126161
v 0.411108 0.035390 -0.124055
v 0.409144 0.035390 -0.122587
v 0.406769 0.035390 -0.121984
v 0.404343 0.035390 -0.122336
v 0.402236 0.035390 -0.123589
v 0.400770 0.035390 -0.125553
v 0.400166 0.035390 -0.127929
v 0.400518 0.035390 -0.130355
v 0.401772 0.035390 -0.132461
v 0.403735 0.035390 -0.133928
v 0.409117 0.034660 -0.135815
v 0.409352 0.033611 -0.136480
v 0.409281 0.034230 -0.136279
v 0.405984 0.033611 -0.136967
v 0.406021 0.034660 -0.136264
v 0.405994 0.034230 -0.136756
v 0.411805 0.034660 -0.134216
v 0.412277 0.033611 -0.134740
v 0.412135 0.034230 -0.134582
v 0.413676 0.034660 -0.131710
v 0.414313 0.033611 -0.132013
v 0.414120 0.034230 -0.131922
v 0.414446 0.034660 -0.128678
v 0.415150 0.033611 -0.128715
v 0.414939 0.034230 -0.128703
v 0.413998 0.034660 -0.125582
v 0.414661 0.033611 -0.125346
v 0.414462 0.034230 -0.125417
v 0.412398 0.034660 -0.122894
v 0.412922 0.033611 -0.122422
v 0.412764 0.034230 -0.122564
v 0.409891 0.034660 -0.121021
v 0.410195 0.033611 -0.120385
v 0.410104 0.034230 -0.120576
v 0.406859 0.034660 -0.120252
v 0.406896 0.033611 -0.119548
v 0.406886 0.034230 -0.119759
v 0.403764 0.034660 -0.120701
v 0.403529 0.033611 -0.120036
v 0.403599 0.034230 -0.120236
v 0.401076 0.034660 -0.122300
v 0.400604 0.033611 -0.121776
v 0.400745 0.034230 -0.121933
v 0.399204 0.034660 -0.124807
v 0.398568 0.033611 -0.124503
v 0.398759 0.034230 -0.124594
v 0.398434 0.034660 -0.127838
v 0.397730 0.033611 -0.127801
v 0.397941 0.034230 -0.127813
v 0.398882 0.034660 -0.130933
v 0.398218 0.033611 -0.131169
v 0.398418 0.034230 -0.131099
v 0.400483 0.034660 -0.133623
v 0.399959 0.033611 -0.134094
v 0.400116 0.034230 -0.133952
v 0.402989 0.034660 -0.135494
v 0.402685 0.033611 -0.136130
v 0.402776 0.034230 -0.135939
v 0.356720 0.026581 -0.248035
v 0.349906 0.026581 -0.253059
v 0.325583 0.026581 -0.259092
v 0.362016 0.014655 -0.241296
v 0.356720 0.014655 -0.248035
v 0.325583 0.014655 -0.259092
v 0.334033 0.014655 -0.258696
v 0.342247 0.026581 -0.256658
v 0.342247 0.014655 -0.256658
v 0.362016 0.026581 -0.241296
v 0.334033 0.026581 -0.258696
v 0.349906 0.014655 -0.253059
v 0.324196 0.014655 -0.258886
v 0.319855 0.018003 -0.258223
v 0.321127 0.015636 -0.258419
v 0.319855 0.023232 -0.258223
v 0.324196 0.026581 -0.258886
v 0.321127 0.025600 -0.258419
v 0.362595 0.026581 -0.239601
v 0.364005 0.023232 -0.235824
v 0.363592 0.025600 -0.236930
v 0.364005 0.018003 -0.235824
v 0.362595 0.014655 -0.239601
v 0.363592 0.015636 -0.236930
v 0.359469 0.026581 -0.252495
v 0.359903 0.025785 -0.253200
v 0.359792 0.026347 -0.252979
v 0.352650 0.026581 -0.257509
v 0.353088 0.025785 -0.258219
v 0.352957 0.026347 -0.258012
v 0.328296 0.026581 -0.263491
v 0.328751 0.025785 -0.264232
v 0.328504 0.026347 -0.264006
v 0.365712 0.014655 -0.246880
v 0.366163 0.015450 -0.247563
v 0.366049 0.014888 -0.247346
v 0.359469 0.014655 -0.252495
v 0.359903 0.015450 -0.253200
v 0.359792 0.014888 -0.252979
v 0.328751 0.015450 -0.264232
v 0.328296 0.014655 -0.263491
v 0.328504 0.014888 -0.264006
v 0.336758 0.014655 -0.263114
v 0.337207 0.015450 -0.263844
v 0.337004 0.014888 -0.263638
v 0.344981 0.026581 -0.261095
v 0.345424 0.025785 -0.261813
v 0.345261 0.026347 -0.261613
v 0.345424 0.015450 -0.261813
v 0.344981 0.014655 -0.261095
v 0.345261 0.014888 -0.261613
v 0.366163 0.025785 -0.247563
v 0.365712 0.026581 -0.246880
v 0.366049 0.026347 -0.247346
v 0.337207 0.025785 -0.263844
v 0.336758 0.026581 -0.263114
v 0.337004 0.026347 -0.263638
v 0.353088 0.015450 -0.258219
v 0.352650 0.014655 -0.257509
v 0.352957 0.014888 -0.258012
v 0.323809 0.018205 -0.263481
v 0.322566 0.018003 -0.262622
v 0.323117 0.018089 -0.263180
v 0.327482 0.015450 -0.264039
v 0.326900 0.014655 -0.263273
v 0.327135 0.014910 -0.263788
v 0.324832 0.016297 -0.263636
v 0.323836 0.015636 -0.262811
v 0.324257 0.015894 -0.263351
v 0.327482 0.025785 -0.264039
v 0.326900 0.026581 -0.263273
v 0.327135 0.026326 -0.263788
v 0.323809 0.023030 -0.263481
v 0.322566 0.023232 -0.262622
v 0.323117 0.023146 -0.263180
v 0.324832 0.024938 -0.263636
v 0.323836 0.025600 -0.262811
v 0.324257 0.025342 -0.263351
v 0.369375 0.023074 -0.244671
v 0.369494 0.023232 -0.243482
v 0.369651 0.023182 -0.244106
v 0.367345 0.025785 -0.246499
v 0.366990 0.026581 -0.245733
v 0.367302 0.026339 -0.246220
v 0.368782 0.024989 -0.245205
v 0.368761 0.025600 -0.244142
v 0.368955 0.025396 -0.244731
v 0.367345 0.015450 -0.246499
v 0.366990 0.014655 -0.245733
v 0.367302 0.014897 -0.246220
v 0.369375 0.018161 -0.244671
v 0.369494 0.018003 -0.243482
v 0.369651 0.018054 -0.244106
v 0.368782 0.016246 -0.245205
v 0.368761 0.015636 -0.244142
v 0.368955 0.015840 -0.244731
v 0.359903 0.023074 -0.253200
v 0.359903 0.018161 -0.253200
v 0.353088 0.023074 -0.258219
v 0.353088 0.018161 -0.258219
v 0.366163 0.023074 -0.247563
v 0.366163 0.018161 -0.247563
v 0.345424 0.018161 -0.261813
v 0.345424 0.023074 -0.261813
v 0.337207 0.018161 -0.263844
v 0.337207 0.023074 -0.263844
v 0.328751 0.018161 -0.264232
v 0.328751 0.023074 -0.264232
v 0.367964 0.018161 -0.245942
v 0.367964 0.023074 -0.245942
v 0.326339 0.018183 -0.263864
v 0.326339 0.023053 -0.263864
vn -0.0078 -0.9888 -0.1490
vn -0.0000 -1.0000 -0.0000
vn -0.0367 -0.9888 -0.1446
vn -0.9333 -0.1405 -0.3305
vn -0.8594 -0.0000 -0.5113
vn -0.8509 -0.1405 -0.5062
vn -0.0000 1.0000 -0.0000
vn 0.0957 0.9897 -0.1063
vn 0.1095 -0.9913 -0.0728
vn 0.1234 -0.9909 -0.0544
vn -0.0481 -0.9919 0.1174
vn 0.0998 -0.9888 -0.1108
vn -0.3305 0.1407 0.9333
vn -0.1434 -0.0000 0.9897
vn -0.1419 0.1405 0.9798
vn -0.9333 0.1405 -0.3305
vn -0.9896 -0.0000 -0.1435
vn -0.9798 0.1406 -0.1421
vn 0.0926 0.9904 -0.1029
vn 0.0941 0.9901 -0.1045
vn -0.9594 -0.1429 0.2433
vn -0.8807 -0.0000 0.4737
vn -0.8715 -0.1444 0.4687
vn -0.6625 0.1406 0.7358
vn -0.5113 -0.0000 0.8594
vn -0.5063 0.1404 0.8508
vn 0.5199 0.6296 -0.5774
vn 0.5149 0.6377 -0.5729
vn 0.5159 0.6351 -0.5749
vn 0.7358 -0.1406 0.6625
vn 0.8594 -0.0000 0.5113
vn 0.7432 -0.0000 0.6691
vn 0.8013 -0.0000 -0.5983
vn 0.8936 -0.1405 -0.4262
vn 0.7933 -0.1407 -0.5923
vn 0.9426 -0.0000 0.3338
vn 0.9798 0.1408 0.1421
vn 0.9333 0.1406 0.3305
vn -0.5658 0.6483 -0.5095
vn -0.0372 0.6843 -0.7283
vn -0.5418 0.6845 -0.4878
vn 0.9986 -0.0000 -0.0524
vn 0.9798 -0.1408 0.1421
vn 0.9887 -0.1406 -0.0518
vn 0.5062 0.1407 -0.8509
vn 0.6691 -0.0000 -0.7431
vn 0.5113 -0.0000 -0.8594
vn 0.8937 0.1405 -0.4262
vn 0.9692 -0.0000 -0.2461
vn 0.9026 -0.0000 -0.4305
vn 0.7933 0.1407 -0.5923
vn 0.1195 0.9888 -0.0893
vn -0.9596 -0.1405 0.2436
vn -0.9026 -0.0000 0.4305
vn -0.9693 -0.0000 0.2461
vn 0.0944 0.9900 -0.1049
vn 0.0822 0.9909 -0.1061
vn 0.1445 0.9888 -0.0367
vn -0.0998 -0.9888 0.1109
vn 0.0498 -0.9888 -0.1406
vn -0.1435 -0.0000 0.9897
vn -0.3305 -0.1407 0.9333
vn -0.1420 -0.1405 0.9798
vn -0.0498 0.9888 0.1407
vn 0.0367 -0.9888 0.1446
vn -0.1289 0.9874 0.0919
vn -0.0928 0.9903 0.1031
vn -0.0998 0.9888 0.1109
vn -0.0523 -0.0000 -0.9986
vn 0.1420 0.1405 -0.9798
vn 0.1435 -0.0000 -0.9897
vn 0.0927 0.9904 -0.1029
vn -0.8936 0.1407 0.4262
vn -0.9596 0.1405 0.2436
vn 0.1281 0.9888 0.0762
vn -0.8012 -0.0000 0.5984
vn -0.7933 0.1404 0.5925
vn 0.4636 -0.0003 -0.8860
vn 0.3025 -0.1423 -0.9425
vn 0.4590 -0.1432 -0.8768
vn -0.1347 -0.9888 0.0642
vn 0.5924 0.1405 0.7933
vn 0.4305 -0.0000 0.9026
vn 0.5983 -0.0000 0.8013
vn 0.0892 0.9888 0.1195
vn -0.7392 -0.0000 0.6735
vn -0.7313 -0.1431 0.6668
vn -0.8936 -0.1407 0.4262
vn -0.7933 -0.1404 0.5925
vn -0.0498 -0.9888 0.1407
vn -0.0763 -0.9888 0.1282
vn -0.6691 -0.0000 0.7431
vn -0.5063 -0.1404 0.8508
vn 0.2462 -0.0000 0.9692
vn 0.4262 0.1405 0.8936
vn 0.2437 0.1406 0.9596
vn -0.9986 -0.0000 0.0523
vn 0.1346 -0.9888 -0.0642
vn 0.0944 -0.9900 -0.1049
vn -0.9887 -0.1406 0.0518
vn -0.9798 -0.1406 -0.1421
vn -0.1445 -0.9888 0.0367
vn -0.0642 0.9888 -0.1346
vn 0.0214 0.9888 -0.1476
vn -0.9426 -0.0000 -0.3338
vn -0.8509 0.1405 -0.5062
vn -0.0975 0.9913 0.0888
vn -0.0945 0.9900 0.1049
vn 0.8241 0.1431 -0.5480
vn 0.7222 -0.0000 -0.6917
vn 0.8328 -0.0000 -0.5536
vn 0.0892 -0.9888 0.1195
vn 0.0998 0.9888 -0.1108
vn 0.3305 0.1405 -0.9333
vn 0.3338 -0.0000 -0.9427
vn -0.6625 -0.1406 0.7358
vn 0.7213 -0.2411 0.6493
vn 0.9986 -0.0000 -0.0523
vn 0.9692 -0.2411 -0.0508
vn -0.1117 0.9919 0.0601
vn -0.1279 0.9913 0.0324
vn 0.0412 -0.9909 -0.1285
vn 0.5157 0.6380 -0.5719
vn 0.5178 0.6351 -0.5731
vn -0.0945 -0.9900 0.1049
vn 0.0609 0.9913 -0.1164
vn 0.1406 -0.9888 0.0498
vn 0.1476 -0.9888 0.0214
vn 0.0078 -0.9888 0.1490
vn -0.0189 0.9913 0.1305
vn -0.0214 0.9888 0.1476
vn 0.5658 0.6483 0.5095
vn 0.7282 0.6843 -0.0392
vn 0.7621 0.6463 -0.0388
vn -0.1281 0.9888 -0.0762
vn 0.1490 0.9888 -0.0078
vn 0.6625 -0.1409 -0.7357
vn -0.7431 -0.0000 -0.6691
vn -0.7357 -0.1406 -0.6625
vn 0.6625 0.1409 -0.7357
vn 0.6124 -0.0000 -0.7905
vn -0.7279 0.6846 0.0389
vn -0.7623 0.6461 0.0386
vn -0.9596 0.1405 0.2437
vn -0.9692 -0.0000 0.2461
vn 0.5924 -0.1405 0.7933
vn -0.1476 0.9888 -0.0214
vn 0.1406 0.9888 0.0498
vn 0.1476 0.9888 0.0214
vn -0.1347 0.9888 0.0642
vn -0.1195 0.9888 0.0893
vn 0.0518 0.1406 0.9887
vn -0.1420 0.1405 0.9798
vn 0.6625 -0.1406 -0.7358
vn 0.5062 -0.1407 -0.8509
vn 0.3055 -0.0000 -0.9522
vn 0.3304 -0.1405 -0.9333
vn -0.0780 0.9874 0.1379
vn 0.0518 -0.1406 0.9887
vn 0.2437 -0.1406 0.9596
vn -0.6169 0.6360 0.4635
vn -0.5159 0.6352 0.5749
vn -0.5146 0.6384 0.5724
vn 0.0523 -0.0000 0.9986
vn 0.3024 0.1423 -0.9425
vn 0.3338 -0.0000 -0.9426
vn 0.0970 -0.9909 -0.0929
vn -0.0782 -0.9913 0.1062
vn 0.6625 0.1406 -0.7358
vn 0.0823 -0.9909 -0.1061
vn -0.0069 0.9857 -0.1684
vn -0.1230 0.9862 -0.1108
vn -0.3338 -0.0000 0.9426
vn 0.1420 -0.1405 -0.9798
vn 0.3305 -0.1405 -0.9333
vn -0.9693 -0.0000 0.2458
vn -0.8714 0.1449 0.4687
vn 0.9887 0.1406 -0.0518
vn 0.9897 -0.0000 0.1435
vn 0.0763 0.9888 -0.1282
vn 0.0498 0.9888 -0.1406
vn 0.9596 0.1405 -0.2437
vn 0.0367 0.9888 0.1446
vn -0.1445 0.9888 0.0367
vn -0.0410 0.6463 -0.7620
vn 0.3889 0.6544 -0.6485
vn -0.1677 0.9858 0.0108
vn 0.9596 -0.1405 -0.2437
vn 0.0509 -0.2409 0.9692
vn 0.7431 -0.0000 0.6691
vn 0.1682 0.9857 -0.0108
vn 0.1289 0.9874 -0.0919
vn 0.4589 0.1431 -0.8769
vn 0.0372 0.6848 0.7278
vn 0.0413 0.6461 0.7622
vn -0.0213 0.9889 0.1472
vn 0.3966 0.6361 -0.6619
vn -0.3791 -0.0000 0.9254
vn -0.1417 -0.1429 0.9795
vn -0.3750 -0.1444 0.9157
vn -0.0211 -0.9888 0.1475
vn 0.7213 -0.2410 0.6493
vn 0.9986 -0.0000 -0.0522
vn -0.5924 -0.1404 -0.7933
vn -0.4305 -0.0000 -0.9026
vn -0.4262 -0.1406 -0.8936
vn -0.0075 -0.9898 -0.1423
vn -0.0213 -0.9889 0.1472
vn 0.9333 -0.1406 0.3305
vn -0.0642 -0.9888 -0.1346
vn -0.0763 0.9888 0.1282
vn 0.1423 -0.9898 -0.0071
vn -0.5867 0.1431 0.7970
vn -0.5926 -0.0000 0.8055
vn -0.1431 -0.0000 0.9897
vn 0.1094 0.9913 -0.0727
vn -0.5198 0.6297 0.5773
vn -0.5190 0.6311 0.5764
vn -0.0078 0.9888 -0.1490
vn 0.9151 -0.0000 -0.4033
vn 0.8937 -0.1405 -0.4262
vn 0.6494 -0.2408 -0.7213
vn -0.0508 -0.2411 -0.9692
vn -0.0892 -0.9888 -0.1194
vn -0.3755 0.1445 0.9155
vn 0.7148 -0.1422 -0.6847
vn -0.5924 0.1404 -0.7933
vn -0.7358 0.1406 -0.6625
vn -0.0892 0.9888 -0.1194
vn -0.1109 0.9888 -0.0998
vn 0.1059 -0.9898 0.0957
vn 0.6627 -0.1403 -0.7356
vn 0.0214 -0.9888 -0.1476
vn -0.6492 -0.2413 0.7213
vn 0.0508 -0.2409 0.9692
vn -0.2461 -0.0000 -0.9692
vn 0.0970 0.9909 -0.0929
vn -0.5155 0.6384 0.5716
vn 0.1234 0.9909 -0.0544
vn -0.7213 -0.2412 -0.6493
vn -0.9986 -0.0000 0.0524
vn -0.9692 -0.2410 0.0508
vn -0.1058 -0.9898 -0.0956
vn 0.8936 0.1405 -0.4262
vn -0.1476 -0.9888 -0.0214
vn 0.0630 0.9925 -0.1044
vn 0.0943 0.9900 -0.1048
vn 0.9057 -0.1423 -0.3994
vn 0.8240 -0.1432 -0.5482
vn 0.6043 0.6544 -0.4546
vn 0.6169 0.6361 -0.4636
vn -0.1279 -0.9913 0.0325
vn 0.4262 -0.1405 0.8936
vn 0.8509 -0.1404 0.5062
vn 0.8509 0.1404 0.5062
vn 0.7358 0.1406 0.6625
vn -0.1443 -0.9888 0.0370
vn -0.6624 -0.1412 0.7357
vn -0.3890 0.6539 0.6489
vn -0.3965 0.6360 0.6620
vn -0.6493 -0.2412 0.7213
vn -0.9596 -0.1405 0.2437
vn -0.0782 0.9913 0.1062
vn -0.0941 0.9901 0.1046
vn -0.1281 -0.9888 -0.0762
vn -0.2437 0.1408 -0.9596
vn -0.4262 0.1406 -0.8936
vn -0.5865 -0.1430 0.7972
vn 0.1060 -0.9898 0.0954
vn -0.6624 0.1412 0.7357
vn -0.5175 0.6352 0.5733
vn 0.0763 -0.9888 -0.1282
vn -0.0518 -0.1406 -0.9887
vn -0.7314 0.1431 0.6668
vn -0.5983 -0.0000 -0.8013
vn -0.0481 0.9919 0.1174
vn -0.9887 0.1406 0.0518
vn 0.0780 0.9874 -0.1378
vn -0.0975 -0.9913 0.0888
vn -0.1346 -0.9888 0.0646
vn 0.9057 0.1423 -0.3993
vn 0.0073 0.9858 0.1679
vn 0.1281 -0.9888 0.0762
vn 0.1346 0.9888 -0.0642
vn 0.0642 -0.9888 0.1346
vn 0.1445 -0.9888 -0.0367
vn 0.1490 -0.9888 -0.0078
vn 0.0642 0.9888 0.1346
vn -0.0518 0.1406 -0.9887
vn 0.0078 0.9888 0.1490
vn 0.1109 0.9888 0.0998
vn 0.0610 -0.9913 -0.1165
vn 0.0412 0.9909 -0.1284
vn -0.1117 -0.9919 0.0601
vn -0.0189 -0.9913 0.1306
vn -0.1195 -0.9888 0.0893
vn -0.2437 -0.1408 -0.9596
vn -0.0052 0.9950 -0.0997
vn -0.7212 -0.2412 -0.6494
vn 0.1195 -0.9888 -0.0893
vn 0.9692 -0.2410 -0.0510
vn 0.6494 -0.2411 -0.7212
vn -0.1425 -0.9898 0.0075
vn -0.0957 -0.9897 0.1062
vn -0.7212 -0.2413 -0.6494
vn 0.7212 -0.2412 0.6494
vn 0.0508 -0.2411 0.9692
vn -0.0524 -0.0000 -0.9986
vn -0.0508 -0.2410 -0.9692
vn -0.6692 -0.0000 0.7431
vn 0.0508 -0.2410 0.9692
vn -0.6494 -0.2411 0.7212
vn 0.6691 -0.0000 -0.7432
vn 0.6494 -0.2412 -0.7212
vn -0.6494 -0.2412 0.7212
vn -0.9692 -0.2411 0.0508
vn -0.0956 -0.9897 0.1062
vn -0.1061 -0.9898 -0.0955
vn -0.0629 0.9926 0.1041
vn -0.0949 0.9900 0.1047
vn 0.7431 -0.0000 0.6692
vn 0.9692 -0.2409 -0.0508
vn 0.7212 -0.2413 0.6493
vn 0.0522 -0.0000 0.9986
vn 0.0956 -0.9898 -0.1057
vn -0.0954 -0.9898 0.1060
vn -0.1063 -0.9898 -0.0950
vn 0.7213 -0.2413 0.6492
vn -0.6493 -0.2411 0.7213
vn -0.9692 -0.2410 0.0509
vn -0.9692 -0.2409 0.0508
vn 0.6062 -0.1422 -0.7825
vn 0.6493 -0.2412 -0.7213
vn 0.0071 -0.9898 0.1424
vn -0.0075 -0.9898 -0.1425
vn 0.1062 -0.9897 0.0956
vn 0.0068 -0.9899 0.1419
vn 0.0998 0.9950 -0.0053
vn 0.0744 0.9950 0.0670
vn 0.0955 -0.9898 -0.1061
vn -0.0075 -0.9897 -0.1427
vn -0.7432 -0.0000 -0.6691
vn -0.1424 -0.9898 0.0075
vn -0.0955 -0.9898 0.1061
vn 0.0957 -0.9897 -0.1063
vn -0.0075 -0.9898 -0.1424
vn 0.1423 -0.9898 -0.0075
vn 0.0075 -0.9898 0.1424
vn 0.0071 -0.9898 0.1423
vn 0.0954 -0.9898 -0.1060
vn 0.6692 -0.0000 -0.7431
vn -0.6690 -0.0000 0.7432
vn -0.1001 0.9950 0.0053
vn -0.0747 0.9949 -0.0672
vn -0.0970 0.9926 0.0734
vn -0.0954 0.9898 0.1059
vn 0.0052 0.9950 0.0998
vn 0.0972 0.9925 -0.0736
vn -0.0942 0.9900 0.1053
vn 0.0940 0.9900 -0.1051
vn -0.1048 -0.9899 -0.0954
vn -0.1049 -0.9899 -0.0954
vn -0.1034 0.6932 0.7133
vn -0.2405 0.6934 0.6793
vn -0.4092 0.7234 0.5561
vn -0.2580 0.7322 0.6303
vn 0.3684 -0.6934 -0.6193
vn 0.2406 -0.6932 -0.6794
vn -0.7132 -0.6933 -0.1034
vn -0.7197 -0.6933 0.0377
vn -0.1490 -0.9888 0.0078
vn 0.4312 0.6932 0.5775
vn 0.5356 0.6933 0.4822
vn 0.0377 -0.6933 0.7197
vn -0.1034 -0.6933 0.7132
vn 0.2127 0.7181 -0.6626
vn 0.2406 0.6932 -0.6794
vn -0.4822 0.6932 0.5356
vn -0.3686 0.6932 0.6194
vn 0.7197 0.6933 -0.0377
vn 0.6985 0.6933 -0.1774
vn 0.3684 0.6934 -0.6193
vn 0.4822 0.6933 -0.5355
vn -0.2405 -0.6934 0.6793
vn 0.5774 0.6934 -0.4311
vn -0.6985 -0.6933 0.1774
vn -0.6504 -0.6934 0.3102
vn 0.3199 0.7241 -0.6110
vn 0.6194 0.6932 0.3685
vn -0.6985 -0.6932 0.1774
vn -0.5999 0.7322 0.3225
vn -0.6693 0.7234 0.1698
vn -0.9594 0.1429 0.2433
vn -0.7132 0.6933 -0.1034
vn -0.1490 0.9888 0.0078
vn 0.6505 0.6932 -0.3103
vn 0.1774 -0.6933 0.6985
vn 0.7131 -0.6934 0.1034
vn 0.0377 0.6933 0.7197
vn -0.6985 0.6932 0.1774
vn -0.5999 -0.7322 0.3224
vn -0.5103 -0.7234 0.4651
vn 0.3198 -0.7244 -0.6107
vn 0.2127 -0.7181 -0.6627
vn -0.4731 -0.7071 0.5255
vn -0.4092 -0.7234 0.5561
vn -0.6504 0.6934 0.3102
vn -0.5775 0.6932 0.4313
vn 0.6194 -0.6932 0.3685
vn 0.6793 -0.6933 0.2406
vn 0.4732 -0.7070 -0.5256
vn 0.5018 -0.7190 -0.4809
vn 0.6368 -0.7181 -0.2808
vn 0.5739 -0.7244 -0.3819
vn -0.1034 0.6933 0.7132
vn 0.4822 -0.6933 -0.5355
vn 0.5774 -0.6934 -0.4311
vn 0.1109 -0.9888 0.0998
vn 0.4312 -0.6932 0.5775
vn 0.3103 -0.6932 0.6505
vn -0.0990 0.7231 0.6836
vn -0.1417 0.1429 0.9795
vn -0.4822 -0.6932 0.5356
vn -0.6985 0.6933 0.1774
vn -0.5355 0.6933 -0.4823
vn -0.4312 0.6932 -0.5775
vn -0.0377 0.6933 -0.7197
vn 0.1034 0.6933 -0.7132
vn -0.3686 -0.6932 0.6194
vn -0.6794 -0.6932 -0.2406
vn -0.2580 -0.7322 0.6303
vn 0.7197 -0.6933 -0.0377
vn 0.4258 -0.7192 -0.5491
vn -0.5775 -0.6932 0.4313
vn -0.5103 0.7234 0.4651
vn 0.4257 0.7190 -0.5494
vn 0.6062 0.1422 -0.7825
vn 0.6505 -0.6932 -0.3103
vn 0.3103 0.6932 0.6505
vn 0.6793 0.6933 0.2406
vn -0.6194 0.6932 -0.3685
vn -0.1774 -0.6934 -0.6984
vn 0.1774 0.6933 0.6985
vn 0.7148 0.1422 -0.6847
vn 0.4733 0.7070 -0.5256
vn 0.5019 0.7190 -0.4808
vn -0.6694 -0.7232 0.1696
vn 0.7131 0.6934 0.1034
vn 0.6985 -0.6933 -0.1774
vn 0.5356 -0.6933 0.4822
vn -0.1774 0.6934 -0.6984
vn -0.3102 0.6933 -0.6505
vn -0.0367 0.9888 -0.1446
vn -0.1035 -0.6932 0.7133
vn -0.0989 -0.7233 0.6834
vn 0.4732 0.7070 -0.5256
vn -0.1406 -0.9888 -0.0498
vn 0.6368 0.7181 -0.2808
vn 0.5742 0.7241 -0.3820
vn -0.5355 -0.6933 -0.4823
vn -0.1109 -0.9888 -0.0998
vn -0.3102 -0.6933 -0.6505
vn -0.6794 0.6932 -0.2406
vn -0.1406 0.9888 -0.0498
vn -0.0377 -0.6933 -0.7197
vn -0.4312 -0.6932 -0.5775
vn 0.1034 -0.6933 -0.7132
vn -0.6194 -0.6932 -0.3685
vn -0.4731 0.7071 0.5255
vn 0.4733 -0.7070 -0.5256
vn 0.6506 -0.6932 -0.3103
vn -0.7197 0.6933 0.0377
vn 0.2537 0.8622 -0.4384
vn -0.0221 0.8631 -0.5046
vn -0.2536 0.8624 0.4381
vn -0.3249 0.8742 0.3608
vn -0.5044 0.8629 0.0307
vn -0.3719 0.8657 -0.3350
vn 0.2365 0.8882 -0.3940
vn -0.0213 0.9083 -0.4178
vn -0.3109 0.9083 -0.2799
vn -0.4174 0.9085 0.0225
vn -0.3673 0.8881 0.2765
vn -0.4092 0.8624 0.2980
vn 0.4095 0.8622 -0.2982
vn 0.3249 0.8743 -0.3607
vn 0.0223 0.8628 0.5050
vn -0.2365 0.8881 0.3941
vn -0.3292 0.8713 0.3639
vn 0.0213 0.9086 0.4171
vn 0.5418 0.6845 0.4878
vn 0.4177 0.9083 -0.0225
vn 0.3109 0.9083 0.2799
vn 0.3721 0.8656 0.3350
vn 0.1225 0.9864 0.1097
vn 0.3671 0.8882 -0.2764
vn -0.6045 0.6542 0.4545
vn -0.3275 0.8713 0.3655
vn 0.3291 0.8714 -0.3637
vn 0.3251 0.8740 -0.3611
vn 0.3308 0.8692 -0.3674
vn -0.3280 0.8716 0.3643
vn -0.3304 0.8696 0.3670
vn 0.3278 0.8718 -0.3640
vn 0.5187 0.6318 -0.5760
vn 0.5043 0.8630 -0.0306
vn 0.3273 0.8714 -0.3653
vn 0.2147 -0.9766 -0.0113
vn 0.1438 -0.9766 -0.1598
vn 0.0119 -0.9766 0.2146
vn 0.1595 -0.9767 0.1437
vn -0.0112 -0.9766 -0.2146
vn 0.1436 -0.9767 -0.1594
vn 0.0118 -0.9765 0.2150
vn 0.1595 -0.9767 0.1436
vn 0.0113 -0.9766 0.2147
vn 0.1598 -0.9766 0.1438
vn -0.2147 -0.9766 0.0113
vn -0.1438 -0.9766 0.1598
vn -0.0112 -0.9766 -0.2147
vn -0.1597 -0.9766 -0.1439
vn -0.2147 -0.9766 0.0112
vn -0.1439 -0.9766 0.1597
vn 0.2150 -0.9765 -0.0118
vn 0.1436 -0.9767 -0.1596
vn -0.1443 -0.9766 0.1597
vn -0.0111 -0.9766 -0.2150
vn -0.1596 -0.9766 -0.1443
vn 0.2147 -0.9766 -0.0112
vn 0.1439 -0.9766 -0.1597
vn 0.2142 -0.9767 -0.0113
vn 0.1596 -0.9767 0.1437
vn 0.0112 -0.9768 0.2141
vn -0.1437 -0.9767 0.1596
vn -0.2145 -0.9767 0.0112
vn -0.1595 -0.9767 -0.1436
vn -0.2150 -0.9765 0.0117
vn -0.1444 -0.9766 0.1594
vn -0.0118 -0.9766 -0.2147
vn -0.1594 -0.9766 -0.1445
vn -0.0113 -0.9766 -0.2147
vn 0.2149 -0.9766 -0.0116
vn 0.1444 -0.9766 -0.1595
vn -0.4674 -0.7157 0.5190
vn -0.6975 -0.7157 0.0366
vn -0.5191 -0.7157 -0.4673
vn -0.0366 -0.7156 -0.6975
vn 0.4673 -0.7157 -0.5191
vn 0.6975 -0.7156 -0.0366
vn 0.5190 -0.7157 0.4674
vn 0.0365 -0.7156 0.6975
vn 0.0366 -0.7157 0.6975
vn -0.6975 -0.7156 0.0366
vn 0.6975 -0.7156 -0.0365
vn -0.4675 -0.7155 0.5191
vn -0.6971 -0.7160 0.0360
vn -0.5185 -0.7159 -0.4675
vn -0.0363 -0.7159 -0.6972
vn 0.4672 -0.7158 -0.5189
vn 0.6975 -0.7157 -0.0366
vn 0.5185 -0.7159 0.4675
vn 0.0362 -0.7158 0.6973
vn 0.4674 -0.7157 -0.5190
vn -0.4673 -0.7157 0.5191
vn 0.0366 -0.7156 0.6976
vn -0.4674 -0.7156 0.5191
vn -0.6973 -0.7158 0.0360
vn -0.5185 -0.7160 -0.4675
vn -0.0360 -0.7160 -0.6971
vn 0.5191 -0.7155 0.4675
vn 0.5191 -0.7156 0.4674
vn 0.4674 -0.7156 -0.5191
vn 0.6976 -0.7155 -0.0366
vn 0.6973 -0.7158 -0.0360
vn -0.5191 -0.7156 -0.4674
vn -0.0362 -0.7158 -0.6974
vn -0.6973 -0.7158 0.0366
vn -0.4674 -0.7159 0.5186
vn 0.4675 -0.7160 -0.5185
vn 0.0363 -0.7159 0.6972
vn 0.6242 -0.7806 -0.0326
vn 0.4181 -0.7808 -0.4642
vn 0.1424 -0.9898 -0.0075
vn 0.6240 -0.7807 -0.0327
vn 0.1415 -0.9899 -0.0073
vn -0.0327 -0.7809 -0.6237
vn -0.4644 -0.7807 -0.4181
vn 0.0943 -0.9899 -0.1058
vn -0.6238 -0.7809 0.0327
vn -0.4643 -0.7808 -0.4180
vn -0.0328 -0.7807 -0.6240
vn 0.0328 -0.7808 0.6239
vn -0.4181 -0.7808 0.4642
vn 0.4179 -0.7814 -0.4634
vn 0.6240 -0.7808 -0.0327
vn 0.4635 -0.7813 0.4180
vn -0.4639 -0.7813 -0.4176
vn -0.0328 -0.7808 -0.6240
vn -0.6242 -0.7806 0.0327
vn -0.4178 -0.7810 0.4641
vn 0.4180 -0.7808 -0.4643
vn 0.4642 -0.7808 0.4181
vn 0.0326 -0.7808 0.6240
vn -0.6240 -0.7808 0.0328
vn -0.0327 -0.7808 -0.6240
vn 0.4640 -0.7811 0.4178
vn 0.0078 -0.9898 0.1420
vn 0.0327 -0.7808 0.6240
vn -0.1418 -0.9899 0.0081
vn -0.4181 -0.7808 0.4644
vn -0.6240 -0.7807 0.0328
vn 0.0327 -0.7809 0.6238
vn 0.4643 -0.7808 0.4181
vn 0.6237 -0.7809 -0.0327
vn 0.4644 -0.7807 0.4181
vn 0.1063 -0.9898 0.0947
vn 0.0327 -0.7810 0.6237
vn -0.0327 -0.7805 -0.6242
vn -0.4642 -0.7810 -0.4179
vn 0.4180 -0.7813 -0.4636
vn 0.4181 -0.7815 -0.4630
vn -0.4185 -0.7812 0.4633
vn 0.8078 -0.0000 -0.5895
vn 0.7991 0.0475 -0.5993
vn 0.7171 -0.2624 0.6457
vn 0.7331 -0.4523 0.5079
vn 0.6611 -0.4567 0.5953
vn -0.5768 0.4262 -0.6968
vn -0.3250 0.8993 -0.2926
vn -0.2420 0.8917 -0.3826
vn -0.5768 -0.4262 -0.6968
vn -0.7237 0.2274 -0.6516
vn -0.6365 0.2238 -0.7381
vn -0.5818 0.4523 -0.6760
vn -0.7170 0.2629 -0.6456
vn -0.6346 0.2612 -0.7273
vn 0.7170 0.2629 0.6456
vn 0.7329 0.4523 0.5082
vn 0.7898 0.2609 0.5551
vn 0.5014 -0.0000 -0.8652
vn 0.6510 -0.2314 -0.7230
vn 0.6362 0.2397 -0.7334
vn 0.4983 0.0995 -0.8613
vn 0.5789 0.2208 -0.7850
vn 0.7991 -0.0475 -0.5993
vn 0.5125 -0.0475 -0.8574
vn -0.5818 -0.4523 -0.6760
vn -0.7171 -0.2625 -0.6457
vn -0.6611 -0.4567 -0.5953
vn 0.1412 -0.9897 -0.0247
vn 0.0739 -0.9939 -0.0821
vn -0.6611 0.4567 -0.5953
vn 0.5139 -0.0950 -0.8526
vn 0.6627 -0.2393 -0.7096
vn 0.8045 -0.0995 -0.5855
vn 0.7203 -0.2208 -0.6576
vn 0.8045 0.0995 -0.5856
vn 0.7942 -0.0950 -0.6002
vn 0.6710 0.4297 0.6042
vn 0.8006 -0.2238 0.5559
vn 0.7533 0.4263 0.5008
vn 0.6611 0.4567 0.5953
vn 0.8006 0.2238 0.5559
vn 0.3250 0.8993 0.2926
vn 0.4058 0.8917 0.2007
vn 0.7945 0.0947 -0.5999
vn 0.6710 -0.4297 0.6042
vn 0.4058 -0.8917 0.2007
vn 0.7533 -0.4262 0.5008
vn -0.6639 -0.0000 -0.7478
vn -0.6346 -0.2612 -0.7273
vn 0.7237 0.2274 0.6516
vn 0.6509 0.2315 -0.7230
vn 0.5125 0.0475 -0.8574
vn -0.6365 -0.2238 -0.7381
vn -0.6709 0.4300 -0.6041
vn 0.6365 -0.2388 -0.7334
vn 0.4983 -0.0995 -0.8613
vn 0.5139 0.0947 -0.8526
vn -0.2420 -0.8917 -0.3826
vn -0.6709 -0.4300 -0.6041
vn 0.1412 0.9897 -0.0247
vn 0.0741 0.9938 -0.0823
vn 0.8131 -0.0000 0.5821
vn 0.6629 0.2397 -0.7093
vn 0.7236 -0.2277 0.6516
vn 0.0650 0.9962 0.0585
vn 0.3250 -0.8993 0.2926
vn 0.7897 -0.2612 0.5551
vn 0.0098 -0.9897 -0.1430
vn -0.0648 0.9962 -0.0583
vn 0.0098 0.9897 -0.1430
vn -0.7237 -0.2274 -0.6516
vn -0.3250 -0.8993 -0.2926
vn -0.1138 0.3374 -0.9345
vn -0.1641 -0.1648 -0.9726
vn 0.4820 -0.0623 -0.8739
vn -0.0907 -0.3516 -0.9317
vn 0.9992 -0.0000 0.0396
vn 0.7204 0.2212 -0.6573
vn 0.4636 0.7901 -0.4010
vn 0.6767 0.7052 -0.2115
vn 0.9413 0.3374 0.0155
vn 0.9844 -0.1648 0.0616
vn 0.8189 -0.0620 -0.5706
vn 0.9361 -0.3516 -0.0072
vn 0.8188 0.0623 -0.5707
vn 0.9361 0.3516 -0.0072
vn 0.9845 0.1643 0.0618
vn 0.9412 -0.3374 0.0155
vn 0.6767 -0.7053 -0.2116
vn 0.4637 -0.7900 -0.4011
vn 0.4115 0.7885 -0.4571
vn 0.9800 -0.1989 0.0027
vn 0.4117 -0.7883 -0.4572
vn 0.9800 0.1989 0.0027
vn -0.1642 0.1646 -0.9726
vn -0.0907 0.3516 -0.9317
vn 0.4820 0.0623 -0.8739
vn -0.1441 -0.0000 -0.9896
vn 0.1397 0.7052 -0.6951
vn 0.1397 -0.7053 -0.6951
vn 0.3504 -0.7900 -0.5031
vn 0.5786 -0.2211 -0.7851
vn -0.1138 -0.3374 -0.9345
vn 0.3505 0.7903 -0.5026
vn -0.1049 -0.1993 -0.9743
vn -0.1051 0.1989 -0.9744
vn 0.0100 0.9815 0.1913
vn -0.0104 0.9995 0.0295
vn 0.0016 0.9995 0.0314
vn 0.3266 0.2074 -0.9221
vn 0.3337 -0.0000 -0.9427
vn -0.1282 0.9815 0.1423
vn -0.0639 0.9815 0.1805
vn -0.0282 0.9995 0.0135
vn -0.0209 0.9995 0.0232
vn -0.1913 0.9815 0.0101
vn -0.1729 0.9815 0.0824
vn -0.1806 0.9815 -0.0640
vn -0.0314 0.9995 0.0017
vn -0.0233 0.9995 -0.0210
vn -0.0296 0.9995 -0.0105
vn -0.0825 0.9815 -0.1729
vn -0.1423 0.9815 -0.1282
vn -0.0100 0.9815 -0.1913
vn -0.0135 0.9995 -0.0282
vn 0.0639 0.9815 -0.1806
vn -0.0016 0.9995 -0.0312
vn 0.1282 0.9815 -0.1424
vn 0.0105 0.9995 -0.0296
vn 0.0283 0.9995 -0.0135
vn 0.0211 0.9995 -0.0234
vn 0.1730 0.9815 -0.0825
vn 0.0312 0.9995 -0.0016
vn 0.1913 0.9815 -0.0100
vn 0.0295 0.9995 0.0104
vn 0.1806 0.9815 0.0640
vn 0.0233 0.9995 0.0210
vn 0.0230 0.9976 -0.0649
vn -0.0036 0.9976 -0.0687
vn 0.0825 0.9815 0.1729
vn 0.1423 0.9815 0.1282
vn 0.0135 0.9995 0.0283
vn 0.0649 0.9976 0.0230
vn 0.0688 0.9976 -0.0036
vn 0.0296 0.9976 0.0621
vn 0.0036 0.9976 0.0687
vn -0.0649 0.9976 -0.0230
vn -0.0687 0.9976 0.0036
vn 0.0621 0.9976 -0.0297
vn 0.0460 0.9976 -0.0511
vn -0.0621 0.9976 0.0296
vn -0.0461 0.9976 0.0512
vn -0.0230 0.9976 0.0649
vn -0.0296 0.9976 -0.0621
vn -0.0512 0.9976 -0.0461
vn -0.0513 0.2073 -0.9769
vn -0.0525 -0.0000 -0.9986
vn -0.4210 0.2077 -0.8830
vn -0.4304 -0.0000 -0.9026
vn 0.8828 0.2078 -0.4213
vn 0.9027 -0.0000 -0.4304
vn 0.9769 0.2073 -0.0511
vn 0.9427 -0.0000 0.3337
vn 0.9222 0.2074 0.3265
vn 0.7271 0.2076 0.6544
vn 0.4213 0.2074 0.8829
vn 0.0511 0.2077 0.9769
vn -0.3265 0.2076 0.9221
vn -0.6544 0.2076 0.7271
vn -0.8829 0.2076 0.4211
vn -0.9769 0.2077 0.0513
vn -0.9427 -0.0000 -0.3338
vn -0.9221 0.2076 -0.3265
vn -0.7431 -0.0000 -0.6692
vn -0.7272 0.2075 -0.6544
vn 0.6547 0.2076 -0.7268
vn 0.0512 0.9976 0.0461
vn -0.0334 0.7706 -0.6365
vn 0.2127 0.7708 -0.6005
vn 0.4261 0.7710 -0.4733
vn 0.5750 0.7708 -0.2743
vn 0.6365 0.7706 -0.0333
vn 0.6008 0.7706 0.2126
vn 0.4736 0.7706 0.4265
vn 0.2743 0.7708 0.5750
vn 0.0334 0.7708 0.6362
vn -0.2127 0.7708 0.6005
vn -0.4265 0.7706 0.4737
vn -0.5750 0.7708 0.2743
vn -0.6362 0.7708 0.0333
vn -0.6006 0.7708 -0.2127
vn -0.4737 0.7706 -0.4264
vn -0.2742 0.7706 -0.5752
vn -0.6563 0.1951 0.7289
vn -0.8013 -0.0000 0.5982
vn -0.5138 0.1793 0.8390
vn -0.5112 -0.0000 0.8595
vn -0.0134 0.9672 -0.2535
vn -0.1305 0.9808 0.1450
vn 0.1305 0.9808 -0.1450
vn 0.5138 0.1794 -0.8390
vn 0.5112 -0.0000 -0.8595
vn 0.6563 0.1951 -0.7289
vn 0.8014 -0.0000 -0.5982
vn 0.0134 0.9673 0.2534
vn 0.2534 0.9673 -0.0131
vn 0.8387 0.1797 0.5141
vn 0.5984 -0.0000 0.8012
vn -0.7807 0.1794 0.5986
vn -0.8154 0.5773 0.0426
vn -0.9876 0.1481 0.0516
vn -0.2535 0.9673 0.0131
vn -0.5781 0.6993 0.4205
vn -0.8389 0.1794 -0.5139
vn -0.6189 0.6992 -0.3580
vn -0.0429 0.5773 -0.8154
vn -0.4207 0.6992 -0.5781
vn 0.3578 0.6993 -0.6189
vn -0.5988 0.1794 -0.7806
vn -0.0519 0.1481 -0.9876
vn 0.0428 0.5774 0.8154
vn 0.4210 0.6993 0.5777
vn -0.3579 0.6993 0.6188
vn 0.5989 0.1793 0.7805
vn 0.0518 0.1477 0.9877
vn 0.8154 0.5773 -0.0427
vn 0.5780 0.6993 -0.4206
vn 0.6186 0.6993 0.3583
vn 0.7806 0.1793 -0.5987
vn 0.9877 0.1477 -0.0517
vn -0.9986 -0.0000 0.0522
vn 0.4731 0.7071 -0.5255
vn 0.9986 -0.0000 -0.0521
vn 0.0525 -0.0000 0.9986
vn -0.5984 -0.0000 -0.8012
vn 0.0291 0.9992 0.0262
vn 0.0780 0.9961 0.0420
vn 0.0413 0.9990 0.0163
vn -0.0597 0.9927 0.1045
vn 0.0043 1.0000 -0.0047
vn 0.0167 0.9998 -0.0049
vn 0.6379 0.3168 0.7019
vn 0.6593 -0.0000 0.7519
vn 0.0499 0.9961 0.0731
vn 0.0865 0.9932 0.0779
vn 0.0608 0.9966 0.0548
vn -0.1046 0.9927 -0.0599
vn 0.0049 1.0000 0.0044
vn 0.0049 0.9998 0.0168
vn 0.7018 0.3170 -0.6379
vn 0.7519 -0.0000 -0.6592
vn -0.0731 0.9961 0.0499
vn -0.0779 0.9932 0.0866
vn -0.0548 0.9966 0.0608
vn 0.0597 0.9927 -0.1045
vn -0.0043 1.0000 0.0047
vn -0.0171 0.9998 0.0050
vn -0.0420 0.9961 0.0779
vn -0.0498 0.9988 0.0026
vn 0.0270 0.9996 -0.0014
vn -0.0499 0.9961 -0.0731
vn -0.0865 0.9932 -0.0779
vn -0.0608 0.9966 -0.0548
vn -0.0779 0.9961 -0.0420
vn -0.6380 0.3169 -0.7018
vn -0.6593 -0.0000 -0.7519
vn 0.0731 0.9961 -0.0499
vn 0.0779 0.9932 -0.0866
vn 0.0548 0.9966 -0.0608
vn -0.5700 0.3112 0.7605
vn -0.5770 -0.0000 0.8167
vn 0.0001 0.9913 -0.1317
vn 0.5700 0.3115 -0.7603
vn 0.5769 -0.0000 -0.8168
vn 0.1045 0.9927 0.0600
vn -0.0001 0.9913 0.1318
vn -0.0262 0.9992 0.0291
vn -0.0163 0.9990 0.0413
vn -0.0291 0.9992 -0.0262
vn -0.0413 0.9990 -0.0163
vn -0.7604 0.3113 -0.5700
vn -0.8167 -0.0000 -0.5770
vn 0.1316 0.9913 0.0003
vn 0.0420 0.9961 -0.0779
vn 0.7604 0.3113 0.5700
vn 0.8167 -0.0000 0.5770
vn -0.1318 0.9913 -0.0001
vn 0.0262 0.9992 -0.0291
vn 0.0163 0.9990 -0.0413
vn 0.0205 0.9990 0.0393
vn -0.0953 0.9946 -0.0402
vn 0.0394 0.9990 -0.0205
vn -0.0404 0.9946 0.0954
vn 0.0402 0.9946 -0.0953
vn -0.0205 0.9990 -0.0393
vn -0.0394 0.9990 0.0205
vn -0.0701 0.9928 -0.0973
vn -0.1310 0.9913 0.0138
vn -0.1442 0.9895 0.0105
vn 0.0701 0.9928 0.0972
vn 0.1310 0.9913 -0.0138
vn 0.1442 0.9895 -0.0106
vn -0.0270 0.9996 0.0014
vn 0.0953 0.9946 0.0402
vn -0.0050 1.0000 -0.0045
vn -0.0048 0.9999 -0.0166
vn -0.0977 0.9927 0.0703
vn 0.0139 0.9913 0.1311
vn 0.0105 0.9895 0.1441
vn -0.0026 0.9988 -0.0498
vn 0.0014 0.9996 0.0270
vn -0.0499 0.9946 -0.0906
vn 0.0906 0.9946 -0.0499
vn 0.0026 0.9988 0.0498
vn -0.0014 0.9996 -0.0270
vn 0.0502 0.9987 -0.0026
vn 0.0499 0.9946 0.0906
vn -0.0459 0.9968 0.0651
vn -0.0906 0.9946 0.0498
vn -0.6967 0.3112 0.6464
vn -0.9242 0.3769 0.0620
vn -0.8168 -0.0000 -0.5769
vn -0.7055 0.3141 -0.6353
vn -0.0649 0.9968 -0.0459
vn -0.6464 0.3108 -0.6968
vn -0.0618 0.3774 -0.9240
vn 0.5770 -0.0000 -0.8167
vn 0.6354 0.3134 -0.7057
vn 0.0459 0.9968 -0.0651
vn 0.6966 0.3115 -0.6463
vn 0.9241 0.3772 -0.0618
vn 0.8167 -0.0000 0.5771
vn 0.7055 0.3141 0.6353
vn 0.0652 0.9968 0.0461
vn 0.6463 0.3113 0.6967
vn 0.0618 0.3774 0.9240
vn -0.6354 0.3134 0.7057
vn 0.0977 0.9927 -0.0703
vn -0.0138 0.9913 -0.1310
vn -0.0105 0.9895 -0.1442
vn -0.9015 0.4303 0.0469
vn -0.7519 -0.0000 0.6593
vn -0.0472 0.4311 -0.9011
vn 0.5611 0.3170 -0.7647
vn 0.0472 0.4308 0.9012
vn -0.5611 0.3173 0.7645
vn 0.9011 0.4311 -0.0472
vn 0.7646 0.3169 0.5611
vn 0.5410 0.3265 -0.7751
vn 0.7755 0.3266 0.5402
vn 0.6591 -0.0000 0.7520
vn -0.5408 0.3266 0.7752
vn -0.7519 -0.0000 0.6592
vn -0.6907 0.3004 -0.6578
vn -0.6183 0.3009 0.7261
vn -0.7520 -0.0000 0.6591
vn -0.7263 0.3005 -0.6182
vn -0.6592 -0.0000 -0.7519
vn 0.6576 0.3013 -0.6904
vn -0.6577 0.3010 0.6906
vn 0.7266 0.3006 0.6178
vn 0.6183 0.3017 -0.7258
vn 0.6906 0.3009 0.6577
vn -0.0350 0.3778 -0.9252
vn 0.0605 0.9968 -0.0526
vn -0.0174 0.9998 -0.0034
vn 0.9254 0.3774 -0.0351
vn 0.0526 0.9968 0.0605
vn 0.0034 0.9998 -0.0175
vn 0.0355 0.3776 0.9253
vn -0.0605 0.9968 0.0526
vn 0.0174 0.9998 0.0037
vn -0.9254 0.3774 0.0351
vn -0.7648 0.3168 -0.5610
vn -0.0525 0.9968 -0.0606
vn -0.0037 0.9998 0.0175
vn -0.7753 0.3252 -0.5415
vn -0.3682 0.8483 0.3804
vn -0.7018 0.3169 0.6380
vn -0.3765 0.9262 0.0199
vn -0.4059 0.8484 -0.3398
vn -0.3805 0.8483 -0.3683
vn -0.0197 0.9263 -0.3763
vn 0.3401 0.8481 -0.4062
vn 0.3803 0.8484 0.3681
vn 0.0200 0.9262 0.3764
vn -0.3398 0.8483 0.4060
vn 0.3684 0.8483 -0.3804
vn 0.3763 0.9263 -0.0197
vn 0.4061 0.8483 0.3399
vn -0.4263 0.8543 -0.2974
vn -0.4846 0.8713 0.0779
vn -0.3623 0.8258 0.4322
vn 0.0046 0.9895 0.1445
vn -0.3402 0.8543 -0.3931
vn 0.0268 0.8714 -0.4899
vn -0.6196 0.3252 -0.7143
vn 0.3920 0.8258 -0.4054
vn 0.2973 0.8544 -0.4262
vn -0.0778 0.8713 -0.4846
vn -0.4322 0.8258 -0.3623
vn -0.1444 0.9895 0.0046
vn 0.3927 0.8545 -0.3401
vn 0.4902 0.8712 0.0267
vn 0.7137 0.3272 -0.6194
vn 0.4055 0.8258 0.3920
vn 0.4264 0.8542 0.2975
vn 0.4846 0.8713 -0.0778
vn 0.3622 0.8258 -0.4322
vn -0.0046 0.9895 -0.1445
vn 0.3404 0.8542 0.3929
vn -0.0271 0.8713 0.4901
vn 0.6189 0.3279 0.7138
vn -0.3920 0.8258 0.4055
vn -0.2974 0.8543 0.4264
vn 0.0781 0.8712 0.4846
vn 0.4322 0.8258 0.3623
vn 0.1445 0.9895 -0.0047
vn -0.3929 0.8543 0.3403
vn -0.4901 0.8712 -0.0270
vn -0.7137 0.3272 0.6194
vn -0.4055 0.8258 -0.3920
vn -0.3616 0.8305 -0.4237
vn -0.3151 0.8307 0.4590
vn -0.4591 0.8306 -0.3152
vn 0.4233 0.8309 -0.3611
vn -0.4236 0.8306 0.3615
vn 0.4591 0.8306 0.3152
vn 0.3149 0.8309 -0.4587
vn 0.3615 0.8306 0.4236
vn -0.3750 0.8633 -0.3377
vn 0.3380 0.8630 -0.3754
vn 0.3749 0.8634 0.3375
vn -0.3381 0.8630 0.3755
vn 0.1977 0.9802 0.0117
vn 0.4200 0.8489 0.3208
vn 0.3894 0.9208 0.0230
vn 0.4385 -0.0188 -0.8985
vn 0.5122 -0.3601 -0.7797
vn 0.4467 -0.2618 -0.8555
vn 0.0727 0.2284 0.9708
vn 0.1434 -0.0098 0.9896
vn 0.0644 -0.0061 0.9979
vn 0.0488 0.9988 0.0029
vn -0.6407 0.7633 0.0824
vn 0.0389 0.9845 0.1711
vn 0.9955 -0.0119 -0.0936
vn 0.7441 -0.0346 -0.6671
vn 0.7066 0.1605 -0.6892
vn 0.9879 -0.1519 -0.0321
vn 0.6880 -0.2244 -0.6902
vn 0.9920 -0.0847 -0.0932
vn 0.2177 0.7359 0.6412
vn 0.1675 0.2239 0.9601
vn 0.3294 -0.0189 0.9440
vn 0.4170 -0.3602 0.8345
vn 0.4047 -0.0224 0.9142
vn 0.5455 0.3127 -0.7776
vn 0.5093 -0.0229 -0.8603
vn 0.4549 0.8489 -0.2691
vn 0.2666 0.9532 -0.1425
vn 0.9970 -0.0491 0.0591
vn 0.9955 0.0171 -0.0935
vn 0.9961 0.0744 -0.0467
vn 0.0620 0.9830 0.1728
vn 0.2364 0.9715 0.0140
vn 0.2332 0.9578 0.1678
vn 0.5835 0.1650 0.7951
vn 0.6222 -0.0327 0.7821
vn 0.6292 0.1583 0.7610
vn 0.9774 -0.2113 -0.0055
vn 0.9842 -0.1710 -0.0471
vn -0.9971 0.0489 -0.0591
vn -0.9971 0.0490 -0.0590
vn -0.9970 0.0490 -0.0591
vn 0.2920 0.7359 -0.6109
vn 0.1869 0.2285 -0.9554
vn 0.2798 0.2239 -0.9336
vn 0.1007 -0.9949 0.0060
vn 0.3703 -0.8876 -0.2740
vn 0.2975 -0.9545 0.0176
vn -0.0459 0.9989 -0.0022
vn -0.1398 0.9759 -0.1676
vn -0.1465 0.9892 -0.0086
vn 0.1118 -0.9842 -0.1375
vn -0.0486 -0.9988 -0.0029
vn 0.1104 -0.9820 -0.1535
vn 0.9903 -0.0482 -0.1305
vn 0.9860 0.1143 0.1217
vn 0.9838 0.0741 0.1635
vn 0.6542 -0.2258 -0.7219
vn 0.7102 -0.0328 -0.7032
vn 0.6958 -0.2237 -0.6825
vn 0.4499 0.3130 0.8364
vn 0.3663 0.2218 0.9037
vn 0.3350 -0.8878 0.3157
vn 0.1532 -0.9739 0.1675
vn 0.2592 -0.0099 -0.9658
vn 0.1819 -0.0060 -0.9833
vn 0.1906 0.9693 0.1555
vn 0.0492 0.9988 0.0029
vn 0.1870 0.9673 0.1712
vn 0.5644 -0.2257 0.7940
vn 0.5912 -0.0313 0.8059
vn 0.5392 0.6344 -0.5538
vn 0.4222 0.7188 -0.5524
vn 0.1379 -0.9771 0.1623
vn 0.0084 -0.7515 0.6597
vn 0.1451 -0.7573 0.6367
vn 0.3500 -0.7535 -0.5566
vn 0.4745 -0.6808 -0.5580
vn 0.1719 -0.9739 -0.1482
vn 0.3977 -0.7158 0.5740
vn 0.6105 -0.2236 0.7598
vn 0.9707 -0.2245 0.0861
vn 0.6699 -0.7414 0.0396
vn 0.9667 -0.2494 0.0572
vn 0.9775 -0.0120 0.2105
vn 0.6602 -0.0346 0.7503
vn 0.9679 -0.0482 0.2465
vn 0.9980 0.0551 -0.0310
vn 0.7132 0.6955 -0.0876
vn 0.9914 0.1276 0.0302
vn 0.5306 0.6702 -0.5189
vn 0.7146 0.1585 -0.6813
vn 0.6733 0.1649 -0.7208
vn 0.0818 0.7434 0.6638
vn 0.4656 0.6702 0.5779
vn 0.4704 0.2218 -0.8541
vn 0.0915 -0.9820 0.1654
vn 0.4224 -0.7236 0.5459
vn 0.4839 -0.7235 -0.4923
vn 0.4627 -0.7158 -0.5230
vn 0.4053 -0.6809 0.6101
vn 0.2819 -0.7535 0.5939
vn 0.3427 -0.2618 0.9022
vn 0.6933 0.5544 -0.4605
vn 0.1441 -0.2450 0.9588
vn 0.0497 -0.2400 0.9695
vn 0.3540 0.7189 0.5982
vn 0.4697 0.6347 0.6136
vn 0.2478 0.9532 0.1731
vn 0.1639 -0.2400 -0.9569
vn -0.1165 0.8228 -0.5563
vn -0.1334 0.7980 -0.5878
vn -0.9649 -0.1035 -0.2412
vn -0.9971 0.0490 -0.0589
vn -0.9593 0.0540 -0.2773
vn 0.9740 -0.0847 0.2100
vn 0.6016 -0.2244 0.7666
vn -0.9970 0.0495 -0.0590
vn -0.9970 0.0492 -0.0590
vn -0.9971 0.0488 -0.0590
vn -0.9510 0.3093 0.0045
vn -0.9971 0.0491 -0.0589
vn 0.9879 0.1283 0.0871
vn 0.7393 0.6720 0.0438
vn 0.6978 0.6956 0.1710
vn -0.2627 -0.6253 -0.7349
vn -0.1424 0.0372 -0.9891
vn -0.1869 0.0505 -0.9811
vn -0.0345 -0.9853 0.1672
vn 0.1405 -0.9900 0.0083
vn -0.0490 -0.9988 -0.0029
vn 0.0863 -0.7515 -0.6540
vn 0.1565 -0.9770 -0.1448
vn 0.2190 -0.7574 -0.6152
vn 0.9873 0.0552 0.1490
vn 0.6336 0.5544 0.5397
vn 0.6202 0.1605 0.7679
vn 0.9769 -0.1526 0.1493
vn 0.6257 -0.7617 0.1683
vn 0.6411 -0.7618 -0.0928
vn 0.6355 -0.6157 -0.4658
vn 0.9864 0.1534 0.0584
vn -0.2650 0.2589 0.9288
vn -0.2297 0.4310 0.8726
vn -0.2387 0.2592 0.9359
vn 0.2563 -0.2449 -0.9351
vn -0.9971 0.0488 -0.0591
vn 0.2059 0.9673 -0.1479
vn 0.5526 0.6755 -0.4882
vn -0.1753 -0.9845 -0.0104
vn -0.2574 -0.9501 0.1765
vn -0.2428 -0.9700 -0.0144
vn -0.2594 0.4356 0.8619
vn -0.2011 0.7983 0.5676
vn -0.0653 0.9898 0.1270
vn -0.1588 0.9758 0.1500
vn -0.0003 0.7642 0.6450
vn -0.1555 0.4355 -0.8866
vn -0.1253 0.4310 -0.8936
vn 0.0699 0.2574 -0.9638
vn 0.0759 0.7641 -0.6406
vn -0.3468 -0.6251 0.6993
vn -0.2581 0.0370 0.9654
vn -0.3047 -0.6079 0.7333
vn 0.5753 -0.6161 0.5380
vn -0.0704 -0.2581 0.9636
vn -0.0755 -0.7650 0.6396
vn -0.9970 0.0490 -0.0592
vn 0.0006 -0.7650 -0.6441
vn -0.0373 -0.9848 -0.1699
vn -0.0145 -0.9853 -0.1701
vn -0.9704 0.0918 -0.2234
vn -0.9970 0.0492 -0.0591
vn -0.9970 0.0491 -0.0590
vn 0.0440 -0.2581 -0.9651
vn -0.6606 0.0346 -0.7499
vn 0.0587 -0.0000 -0.9983
vn 0.2512 0.9579 -0.1393
vn 0.1596 0.7434 -0.6495
vn 0.6821 -0.0314 -0.7306
vn -0.7121 -0.6980 0.0756
vn -0.0491 -0.9988 -0.0029
vn -0.0567 -0.9848 0.1644
vn -0.7443 0.0345 0.6670
vn -0.0595 -0.0001 0.9982
vn -0.6983 -0.6978 -0.1592
vn -0.6266 0.7633 -0.1575
vn 0.0589 0.9845 -0.1652
vn -0.9443 0.3079 -0.1163
vn 0.0948 -0.9842 0.1498
vn -0.1854 -0.9678 -0.1703
vn -0.2352 -0.9500 -0.2056
vn -0.9867 -0.1038 0.1255
vn -0.9854 0.0542 0.1616
vn 0.9740 -0.2247 0.0291
vn -0.1541 0.2582 -0.9537
vn -0.1255 0.2591 -0.9577
vn -0.0452 0.2576 0.9652
vn -0.9970 0.0491 -0.0591
vn -0.9970 0.0492 -0.0592
vn -0.9971 0.0491 -0.0590
vn -0.9970 0.0494 -0.0590
vn -0.9971 0.0489 -0.0589
vn -0.9971 0.0491 -0.0588
vn -0.9970 0.0493 -0.0590
vn -0.2041 -0.9678 0.1474
vn -0.3021 0.0508 0.9519
vn -0.9576 0.1403 -0.2515
vn -0.2159 -0.6077 -0.7643
vn -0.8207 0.0574 0.5685
vn -0.8629 -0.3232 0.3887
vn -0.9952 0.0517 0.0831
vn -0.7109 -0.6947 0.1097
vn -0.9877 -0.1561 -0.0051
vn -0.9990 -0.0230 0.0376
vn -0.1797 0.8230 0.5388
vn -0.5466 0.8304 0.1076
vn -0.7220 0.5835 0.3719
vn -0.7794 0.3067 0.5463
vn -0.9825 0.1781 0.0538
vn -0.6925 -0.6950 -0.1931
vn -0.8116 -0.3225 -0.4872
vn -0.9813 -0.1567 -0.1116
vn -0.7480 0.0576 -0.6612
vn -0.9785 0.0518 -0.1994
vn -0.9876 -0.0227 -0.1550
vn -0.6727 0.5837 -0.4548
vn -0.7093 0.3068 -0.6346
vn -0.9692 0.1782 -0.1700
vn -0.9733 0.1117 -0.2007
vn -0.5310 0.8299 -0.1713
vn -0.6202 -0.7836 -0.0367
vn -0.9692 -0.2396 -0.0574
vn -0.7704 0.2061 0.6033
vn -0.9900 0.0918 0.1069
vn -0.4510 0.8921 -0.0267
vn -0.9148 0.4001 -0.0547
vn -0.9901 0.1115 0.0848
vn -0.6937 0.2062 -0.6901
vn -0.0484 0.9899 -0.1331
vn -0.9874 -0.1470 -0.0585
vn -0.9541 0.2305 -0.1911
vn -0.6490 0.7446 -0.1562
vn -0.6335 0.6173 -0.4665
vn -0.6362 0.3450 -0.6901
vn -0.7311 -0.6748 0.1007
vn -0.7526 -0.4200 0.5071
vn -0.7291 0.0513 0.6825
vn -0.9701 0.2302 0.0770
vn -0.7129 0.3451 0.6105
vn -0.6842 0.6172 0.3884
vn -0.6626 0.7448 0.0788
vn -0.9659 0.2580 -0.0224
vn -0.7145 -0.6744 -0.1862
vn -0.9815 -0.1635 -0.0999
vn -0.6874 -0.4200 -0.5925
vn -0.6433 0.0512 -0.7639
vn -0.9865 -0.1631 -0.0165
vn -0.7396 -0.6716 -0.0438
vn -0.7365 0.2146 0.6415
vn -0.9866 0.0977 0.1304
vn -0.6705 0.7409 -0.0397
vn -0.9684 0.2429 -0.0574
vn -0.9804 0.1409 0.1374
vn -0.6552 0.2147 -0.7243
vn -0.9643 0.0980 -0.2459
vn -0.9621 0.2570 -0.0909
vn -0.9971 0.0489 -0.0590
vn 0.8082 -0.4791 -0.3425
vn 0.7587 -0.6282 -0.1726
vn 0.8241 -0.2732 -0.4962
vn 0.9890 -0.1141 -0.0941
vn 0.7599 -0.2732 0.5899
vn 0.7619 -0.4794 0.4355
vn 0.9710 -0.1137 0.2103
vn 0.7332 -0.6281 0.2608
vn 0.9717 -0.1711 0.1630
vn 0.8472 0.1940 -0.4946
vn 0.8512 0.3998 -0.3399
vn 0.8160 0.5527 -0.1694
vn 0.8051 0.3998 0.4382
vn 0.7905 0.5524 0.2645
vn 0.7829 0.1941 0.5911
vn 0.9775 0.0169 0.2103
vn 0.7607 -0.0393 0.6479
vn 0.9733 -0.0483 0.2246
vn 0.7883 0.6135 0.0467
vn 0.9700 -0.2110 0.1204
vn 0.7245 -0.6880 0.0429
vn 0.9737 -0.2203 0.0578
vn 0.8315 -0.0391 -0.5541
vn 0.9933 0.1153 -0.0045
vn 0.9905 0.1247 0.0585
vn 0.9930 -0.0483 -0.1082
vn 0.4911 0.6755 0.5500
vn 0.7464 0.6476 0.1533
vn 0.7715 0.4462 0.4535
vn 0.7201 0.1205 0.6834
vn 0.7960 0.1206 -0.5932
vn 0.8195 0.4467 -0.3591
vn 0.7594 0.6475 -0.0641
vn 0.7046 -0.1946 0.6824
vn 0.7242 -0.5223 0.4504
vn 0.6797 -0.7181 0.1493
vn 0.6927 -0.7180 -0.0681
vn 0.7722 -0.5222 -0.3619
vn 0.7804 -0.1945 -0.5943
vn 0.6732 -0.0352 0.7386
vn 0.6608 -0.7496 0.0391
vn 0.7311 0.6809 0.0433
vn 0.7557 -0.0352 -0.6539
vn 0.0819 0.9830 -0.1643
vn 0.0490 0.9988 0.0029
vn -0.6920 -0.5649 0.4495
vn -0.6873 0.2287 0.6894
vn -0.6337 0.6248 0.4562
vn -0.5757 0.6247 -0.5276
vn -0.6194 -0.1655 -0.7675
vn -0.6340 -0.5650 -0.5280
vn -0.7065 -0.1653 0.6882
vn -0.6007 0.2286 -0.7661
vn -0.7397 -0.6715 -0.0438
vn -0.9971 0.0488 -0.0589
vn -0.6705 0.7408 -0.0394
vn 0.3602 0.7102 -0.6049
vn 0.1472 0.9757 -0.1620
vn 0.2318 0.9639 -0.1306
vn 0.4865 0.7035 -0.5181
vn 0.2076 0.9693 -0.1319
vn 0.4528 0.2015 -0.8685
vn 0.6049 0.1900 -0.7733
vn 0.4312 -0.2398 -0.8698
vn 0.2892 -0.7386 -0.6090
vn 0.4154 -0.7448 -0.5222
vn 0.5835 -0.2438 -0.7746
vn 0.0512 -0.9845 -0.1677
vn 0.1364 -0.9812 -0.1362
vn 0.5093 0.1899 0.8394
vn 0.4220 0.7036 0.5717
vn 0.2148 0.9640 0.1570
vn 0.0310 -0.9845 0.1725
vn 0.2153 -0.7386 0.6389
vn 0.3256 -0.2398 0.9146
vn 0.3509 -0.7448 0.5676
vn 0.1194 -0.9812 0.1514
vn 0.4881 -0.2437 0.8381
vn 0.3472 0.2017 0.9158
vn 0.2863 0.7103 0.6430
vn 0.1271 0.9757 0.1783
vn 0.3519 -0.0199 0.9358
vn 0.1361 0.9907 0.0081
vn 0.0759 0.9971 0.0045
vn 0.4853 -0.0263 0.8740
vn -0.0488 -0.9988 -0.0029
vn 0.0386 -0.9993 0.0023
vn -0.0220 -0.9998 -0.0013
vn 0.4599 -0.0199 -0.8878
vn 0.5851 -0.0263 -0.8105
vn 0.1375 -0.9807 -0.1391
vn 0.1591 -0.9801 -0.1185
vn 0.1376 0.9807 -0.1392
vn 0.2357 0.9718 -0.0005
vn 0.2056 0.9775 -0.0477
vn 0.1824 0.9796 -0.0845
vn 0.1599 0.9800 -0.1182
vn 0.0046 0.9582 -0.2861
vn -0.1785 0.9632 -0.2008
vn 0.9490 -0.1942 -0.2485
vn 0.8826 -0.2005 -0.4252
vn 0.1824 -0.9796 -0.0846
vn 0.5330 0.1645 -0.8300
vn 0.6232 0.2137 -0.7523
vn 0.9489 0.1943 -0.2486
vn 0.9692 -0.0000 -0.2462
vn 0.5446 -0.6714 0.5027
vn 0.1710 -0.9600 0.2216
vn 0.3108 -0.9395 0.1444
vn 0.3108 0.9395 0.1444
vn 0.6812 -0.1820 0.7091
vn 0.4897 -0.5979 0.6346
vn 0.6915 -0.1999 -0.6942
vn 0.6558 -0.1988 -0.7283
vn 0.2357 -0.9718 -0.0005
vn 0.7048 -0.0000 -0.7094
vn 0.7846 -0.2019 -0.5862
vn 0.0046 -0.9582 -0.2861
vn 0.1285 -0.9812 -0.1441
vn -0.3142 0.6853 -0.6570
vn -0.5215 0.6195 -0.5867
vn 0.9815 -0.1812 -0.0622
vn -0.5215 -0.6195 -0.5867
vn -0.5027 -0.1893 -0.8435
vn -0.3142 -0.6851 -0.6572
vn -0.1785 -0.9632 -0.2008
vn -0.6537 0.1781 -0.7355
vn -0.6537 -0.1781 -0.7355
vn 0.6016 -0.1732 0.7798
vn 0.6812 0.1820 0.7091
vn 0.6016 0.1732 0.7798
vn 0.5446 0.6714 0.5027
vn 0.1710 0.9600 0.2216
vn 0.4897 0.5979 0.6346
vn -0.5027 0.1893 -0.8435
vn 0.2058 -0.9774 -0.0483
vn 0.7442 0.6674 -0.0253
vn 0.7012 0.6921 -0.1711
vn 0.9814 0.1817 -0.0625
vn 0.4687 0.7123 -0.5225
vn 0.1291 0.9810 -0.1445
vn 0.4964 0.7092 -0.5007
vn 0.6558 0.1988 -0.7283
vn 0.5662 0.7078 -0.4224
vn 0.6915 0.1999 -0.6942
vn 0.6422 0.7043 -0.3024
vn 0.8826 0.2005 -0.4252
vn 0.7846 0.2019 -0.5862
vn 0.5661 -0.7079 -0.4223
vn 0.4964 -0.7092 -0.5007
vn 0.7442 -0.6674 -0.0253
vn 0.7012 -0.6921 -0.1711
vn 0.6419 -0.7047 -0.3022
vn 0.4687 -0.7123 -0.5225
vn 0.5330 -0.1645 -0.8300
vn 0.3607 -0.7065 -0.6089
vn 0.1155 -0.4999 -0.8584
vn -0.0158 -0.1373 -0.9904
vn 0.5012 -0.0416 -0.8643
vn 0.3607 0.7066 -0.6088
vn 0.1155 0.4999 -0.8584
vn -0.0158 0.1373 -0.9904
vn 0.9814 -0.0381 0.1881
vn 0.8286 -0.4334 0.3543
vn 0.9796 -0.1416 0.1424
vn 0.8673 -0.1168 0.4839
vn 0.7618 -0.6359 0.1238
vn 0.9827 -0.1727 0.0668
vn 0.9814 0.0381 0.1881
vn 0.8286 0.4334 0.3543
vn 0.8673 0.1168 0.4839
vn 0.9796 0.1416 0.1424
vn 0.7618 0.6359 0.1238
vn 0.9827 0.1727 0.0668
vn 0.5012 0.0416 -0.8643
vn 0.6232 -0.2137 -0.7523
vn 0.9989 -0.0000 0.0459
vn 0.0931 0.9603 -0.2629
vn -0.0283 0.8395 -0.5426
vn -0.0146 0.9603 -0.2786
vn 0.3291 0.1615 -0.9304
vn 0.1866 0.9603 -0.2073
vn 0.1815 0.8391 -0.5128
vn 0.4910 0.8391 -0.2341
vn 0.3638 0.8393 -0.4040
vn 0.2517 0.9603 -0.1200
vn 0.5426 0.8395 -0.0286
vn 0.2786 0.9603 -0.0146
vn 0.5123 0.8394 0.1814
vn 0.2630 0.9603 0.0931
vn 0.4040 0.8393 0.3637
vn 0.1202 0.9603 0.2517
vn 0.2072 0.9603 0.1866
vn 0.0146 0.9603 0.2786
vn 0.2339 0.8395 0.4905
vn -0.0931 0.9603 0.2630
vn 0.0287 0.8396 0.5425
vn -0.1867 0.9603 0.2074
vn -0.1814 0.8394 0.5123
vn -0.4908 0.8392 0.2341
vn -0.3631 0.8396 0.4040
vn -0.2518 0.9603 0.1201
vn -0.5429 0.8393 0.0285
vn -0.2786 0.9603 0.0146
vn -0.5123 0.8395 -0.1814
vn -0.2629 0.9603 -0.0932
vn -0.4040 0.8393 -0.3638
vn -0.0306 0.9958 0.0863
vn 0.0048 0.9958 0.0914
vn -0.1201 0.9603 -0.2518
vn -0.2072 0.9603 -0.1866
vn -0.2339 0.8394 -0.4905
vn -0.0863 0.9958 -0.0306
vn -0.0914 0.9958 0.0048
vn -0.0394 0.9958 -0.0826
vn -0.0048 0.9958 -0.0914
vn 0.0863 0.9958 0.0306
vn 0.0914 0.9958 -0.0048
vn -0.0827 0.9958 0.0394
vn -0.0613 0.9958 0.0680
vn 0.0826 0.9958 -0.0394
vn 0.0613 0.9958 -0.0680
vn 0.0305 0.9958 -0.0863
vn 0.0395 0.9958 0.0826
vn 0.0681 0.9958 0.0613
vn -0.0516 0.1606 -0.9857
vn -0.4249 0.1607 -0.8909
vn 0.8906 0.1617 -0.4250
vn 0.9857 0.1606 -0.0517
vn 0.9304 0.1607 0.3295
vn 0.7334 0.1613 0.6603
vn 0.4250 0.1607 0.8908
vn 0.0515 0.1606 0.9857
vn -0.3294 0.1610 0.9304
vn -0.6605 0.1604 0.7335
vn -0.8908 0.1610 0.4249
vn -0.9857 0.1606 0.0518
vn -0.9304 0.1607 -0.3295
vn -0.7334 0.1614 -0.6604
vn 0.6608 0.1611 -0.7331
vn -0.0680 0.9958 -0.0613
vn 0.2801 0.5436 -0.7912
vn 0.5617 0.5434 -0.6239
vn 0.7576 0.5436 -0.3613
vn 0.8385 0.5430 -0.0443
vn 0.7916 0.5430 0.2804
vn 0.6239 0.5433 0.5617
vn 0.3616 0.5430 0.7579
vn 0.0440 0.5430 0.8386
vn -0.2804 0.5433 0.7913
vn -0.5619 0.5430 0.6240
vn -0.7576 0.5433 0.3616
vn -0.8386 0.5430 0.0439
vn -0.7916 0.5430 -0.2804
vn -0.6239 0.5434 -0.5618
vn -0.3616 0.5430 -0.7579
vn -0.0439 0.5426 -0.8389
vn 0.0807 0.9967 -0.0061
vn 0.1151 0.7033 -0.7015
vn 0.1094 0.6995 -0.7062
vn 0.0751 -0.0009 -0.9972
vn 0.0750 0.0003 -0.9972
vn -0.0027 -0.7006 -0.7135
vn -0.0090 -0.7054 -0.7087
vn -0.0794 -0.9968 -0.0121
vn -0.0879 -0.9961 -0.0037
vn -0.1098 -0.7058 0.6998
vn -0.1150 -0.7012 0.7036
vn -0.0749 0.0055 0.9972
vn 0.0095 0.7072 0.7070
vn 0.0045 0.7126 0.7016
vn 0.0879 0.9961 0.0038
vn 0.0792 0.7134 -0.6963
vn 0.0144 0.0032 -0.9999
vn -0.0591 -0.7088 -0.7029
vn -0.0968 -0.9953 0.0102
vn -0.0773 -0.6986 0.7113
vn -0.0745 0.0047 0.9972
vn 0.0580 0.6944 0.7173
vn 0.0967 0.9951 0.0191
vn -0.0358 0.7287 -0.6839
vn -0.1469 0.0171 -0.9890
vn -0.1681 -0.7045 -0.6895
vn -0.0882 -0.9959 0.0195
vn 0.0418 -0.7061 0.7068
vn -0.0135 -0.0029 0.9999
vn 0.1698 0.6781 0.7151
vn 0.0957 0.9950 0.0292
vn 0.0866 0.9958 0.0307
vn -0.1787 0.7401 -0.6484
vn -0.2913 -0.6938 -0.6586
vn -0.0709 -0.9974 0.0137
vn 0.1872 -0.7191 0.6692
vn 0.3372 -0.0366 0.9407
vn 0.1471 -0.0198 0.9889
vn 0.2974 0.6674 0.6827
vn 0.0732 0.9969 0.0283
vn -0.2923 0.7439 -0.6010
vn -0.3385 0.0325 -0.9404
vn -0.3853 -0.6831 -0.6204
vn -0.0581 -0.9983 -0.0007
vn 0.2996 -0.7303 0.6139
vn 0.4838 -0.0461 0.8740
vn 0.3922 0.6651 0.6355
vn 0.0627 0.9976 0.0309
vn -0.3685 0.7460 -0.5546
vn -0.4848 0.0430 -0.8736
vn -0.4469 -0.6782 -0.5833
vn -0.0484 -0.9988 -0.0108
vn 0.3753 -0.7356 0.5640
vn 0.5814 -0.0507 0.8121
vn 0.4540 0.6636 0.5945
vn 0.0533 0.9980 0.0335
vn -0.4233 0.7460 -0.5141
vn -0.5818 0.0480 -0.8119
vn -0.4902 -0.6749 -0.5516
vn -0.0420 -0.9989 -0.0204
vn 0.4281 -0.7390 0.5201
vn 0.6495 -0.0527 0.7585
vn 0.4960 0.6645 0.5589
vn 0.0456 0.9984 0.0338
vn -0.4548 0.7445 -0.4888
vn -0.6501 0.0503 -0.7582
vn -0.5153 -0.6713 -0.5328
vn -0.0405 -0.9988 -0.0287
vn 0.4568 -0.7416 0.4913
vn 0.6874 -0.0527 0.7244
vn 0.5180 0.6668 0.5358
vn 0.0339 0.9990 0.0298
vn -0.4543 0.7391 -0.4973
vn -0.6878 0.0518 -0.7241
vn -0.5081 -0.6662 -0.5458
vn -0.0434 -0.9983 -0.0399
vn 0.4489 -0.7465 0.4911
vn 0.6776 -0.0528 0.7336
vn 0.5046 0.6726 0.5414
vn 0.0295 0.9990 0.0341
vn -0.4266 0.7390 -0.5214
vn -0.6771 0.0511 -0.7341
vn -0.4736 -0.6659 -0.5764
vn -0.0380 -0.9983 -0.0444
vn 0.4228 -0.7462 0.5143
vn 0.6356 -0.0524 0.7703
vn 0.4713 0.6726 0.5705
vn 0.0110 0.9998 0.0188
vn -0.3494 0.7282 -0.5896
vn -0.6328 0.0511 -0.7726
vn -0.3850 -0.6554 -0.6497
vn -0.0416 -0.9967 -0.0699
vn 0.3330 -0.7582 0.5606
vn 0.5103 -0.0534 0.8583
vn 0.3721 0.6852 0.6262
vn -0.2124 0.7311 -0.6484
vn -0.3116 0.0503 -0.9489
vn -0.5090 0.0499 -0.8593
vn -0.2345 -0.6582 -0.7154
vn -0.0229 -0.9972 -0.0711
vn 0.2036 -0.7543 0.6242
vn 0.2266 0.6815 0.6958
vn 0.0091 0.9996 0.0270
vn -0.0915 0.7324 -0.6747
vn -0.1345 0.0506 -0.9896
vn -0.1011 -0.6596 -0.7448
vn -0.0096 -0.9974 -0.0714
vn 0.0882 -0.7531 0.6520
vn 0.3087 -0.0528 0.9497
vn 0.0982 0.6801 0.7265
vn 0.0042 0.9995 0.0308
vn -0.0013 0.9995 0.0316
vn 0.0232 0.7326 -0.6802
vn 0.0257 -0.6598 -0.7510
vn 0.0022 -0.9974 -0.0716
vn -0.0219 -0.7528 0.6579
vn -0.0328 -0.0526 0.9981
vn 0.1337 -0.0527 0.9896
vn -0.0243 0.6798 0.7330
vn -0.0061 0.9997 0.0256
vn 0.1500 0.7305 -0.6663
vn 0.0346 0.0505 -0.9981
vn 0.1655 -0.6576 -0.7350
vn 0.0169 -0.9971 -0.0749
vn -0.1443 -0.7555 0.6390
vn -0.2199 -0.0529 0.9741
vn -0.1608 0.6828 0.7127
vn 0.2508 0.7361 -0.6287
vn 0.3697 0.0509 -0.9278
vn 0.2193 0.0504 -0.9744
vn 0.2773 -0.6632 -0.6952
vn 0.0241 -0.9979 -0.0599
vn -0.2463 -0.7489 0.6152
vn -0.2741 0.6761 0.6840
vn -0.0143 0.9992 0.0361
vn 0.3132 0.7368 -0.5992
vn 0.4627 0.0511 -0.8850
vn 0.3464 -0.6640 -0.6626
vn 0.0292 -0.9980 -0.0559
vn -0.3072 -0.7485 0.5877
vn -0.3718 -0.0524 0.9268
vn -0.3415 0.6754 0.6536
vn -0.0187 0.9992 0.0356
vn -0.0197 0.9994 0.0289
vn 0.3826 0.7344 -0.5607
vn 0.4226 -0.6616 -0.6194
vn 0.0385 -0.9977 -0.0564
vn -0.3720 -0.7512 0.5452
vn -0.5628 -0.0526 0.8249
vn -0.4624 -0.0523 0.8851
vn -0.4143 0.6781 0.6071
vn 0.4414 0.7373 -0.5114
vn 0.6523 0.0509 -0.7562
vn 0.5629 0.0505 -0.8250
vn 0.4882 -0.6645 -0.5658
vn 0.0407 -0.9981 -0.0470
vn -0.4338 -0.7481 0.5021
vn -0.4824 0.6750 0.5583
vn -0.0268 0.9992 0.0311
vn 0.4793 0.7384 -0.4744
vn 0.7099 0.0511 -0.7025
vn 0.5305 -0.6655 -0.5250
vn 0.0426 -0.9982 -0.0422
vn -0.4725 -0.7469 0.4679
vn -0.6534 -0.0523 0.7552
vn -0.5250 0.6738 0.5199
vn -0.0310 0.9991 0.0303
vn -0.0284 0.9993 0.0230
vn 0.5260 0.7351 -0.4277
vn 0.5814 -0.6623 -0.4726
vn 0.0517 -0.9978 -0.0421
vn -0.5126 -0.7506 0.4169
vn -0.7748 -0.0524 0.6301
vn -0.7095 -0.0521 0.7027
vn -0.5706 0.6776 0.4640
vn 0.5663 0.7374 -0.3681
vn 0.8373 0.0509 -0.5444
vn 0.7750 0.0507 -0.6300
vn 0.6265 -0.6646 -0.4072
vn 0.0521 -0.9981 -0.0338
vn -0.5565 -0.7481 0.3615
vn -0.6188 0.6749 0.4019
vn -0.0348 0.9991 0.0223
vn 0.5944 0.7378 -0.3199
vn 0.8795 0.0510 -0.4732
vn 0.6577 -0.6650 -0.3539
vn 0.0536 -0.9981 -0.0289
vn -0.5849 -0.7474 0.3152
vn -0.8375 -0.0523 0.5439
vn -0.6500 0.6743 0.3504
vn -0.0371 0.9991 0.0199
vn -0.0315 0.9994 0.0126
vn 0.6305 0.7339 -0.2527
vn 0.6965 -0.6610 -0.2791
vn 0.0643 -0.9976 -0.0258
vn -0.6121 -0.7517 0.2455
vn -0.9268 -0.0526 0.3720
vn -0.8790 -0.0521 0.4740
vn -0.6813 0.6790 0.2735
vn 0.6585 0.7348 -0.1628
vn 0.9695 0.0507 -0.2398
vn 0.9271 0.0507 -0.3714
vn 0.7276 -0.6620 -0.1799
vn 0.0655 -0.9977 -0.0161
vn -0.6414 -0.7507 0.1584
vn -0.7137 0.6780 0.1761
vn -0.0346 0.9994 0.0087
vn 0.6744 0.7346 -0.0745
vn 0.9927 0.0507 -0.1095
vn 0.7452 -0.6617 -0.0823
vn 0.0671 -0.9977 -0.0074
vn -0.6566 -0.7507 0.0730
vn -0.9696 -0.0525 0.2389
vn -0.7310 0.6776 0.0813
vn -0.0355 0.9994 0.0039
vn -0.0324 0.9995 -0.0014
vn 0.6799 0.7329 0.0252
vn 0.7507 -0.6601 0.0280
vn 0.0709 -0.9975 0.0023
vn -0.6585 -0.7522 -0.0230
vn -0.9980 -0.0526 -0.0341
vn -0.9925 -0.0525 0.1105
vn -0.7333 0.6794 -0.0254
vn -0.0194 0.9998 -0.0052
vn 0.6654 0.7273 0.1679
vn 0.9980 0.0504 0.0378
vn 0.7330 -0.6546 0.1849
vn 0.0804 -0.9966 0.0204
vn -0.6313 -0.7591 -0.1591
vn -0.9683 -0.0534 -0.2441
vn -0.7052 0.6864 -0.1777
vn 0.6077 0.7313 0.3097
vn 0.8902 0.0503 0.4528
vn 0.9683 0.0500 0.2446
vn 0.6707 -0.6584 0.3416
vn 0.0660 -0.9972 0.0340
vn -0.5845 -0.7542 -0.2993
vn -0.6517 0.6811 -0.3339
vn -0.0259 0.9996 -0.0129
vn 0.5430 0.7329 0.4098
vn 0.7971 0.0506 0.6017
vn 0.5998 -0.6598 0.4527
vn 0.0565 -0.9975 0.0425
vn -0.5257 -0.7524 -0.3970
vn -0.8885 -0.0529 -0.4559
vn -0.5857 0.6793 -0.4422
vn -0.0258 0.9995 -0.0196
vn -0.0174 0.9997 -0.0190
vn 0.4593 0.7301 0.5060
vn 0.5066 -0.6570 0.5583
vn 0.0519 -0.9970 0.0573
vn -0.4395 -0.7560 -0.4851
vn -0.6702 -0.0530 -0.7403
vn -0.7970 -0.0527 -0.6017
vn -0.4904 0.6830 -0.5413
vn 0.3851 0.7400 0.5515
vn 0.5721 0.0513 0.8186
vn 0.6714 0.0504 0.7394
vn 0.4265 -0.6671 0.6108
vn 0.0324 -0.9984 0.0463
vn -0.3810 -0.7449 -0.5477
vn -0.4229 0.6718 -0.6081
vn -0.0266 0.9989 -0.0387
vn 0.3652 0.7408 0.5638
vn 0.5430 0.0513 0.8381
vn 0.4046 -0.6679 0.6246
vn 0.0298 -0.9985 0.0462
vn -0.3630 -0.7443 -0.5606
vn -0.5700 -0.0519 -0.8200
vn -0.4029 0.6712 -0.6223
vn -0.0264 0.9988 -0.0406
vn 0.3563 0.7424 0.5674
vn 0.5311 0.0514 0.8458
vn 0.3950 -0.6695 0.6291
vn 0.0275 -0.9987 0.0438
vn -0.3563 -0.7425 -0.5673
vn -0.5427 -0.0517 -0.8383
vn -0.3952 0.6695 -0.6290
vn -0.0276 0.9987 -0.0439
vn 0.3835 0.7497 0.5394
vn 0.5787 0.0523 0.8139
vn 0.4265 -0.6769 0.5999
vn 0.0218 -0.9993 0.0306
vn -0.3922 -0.7359 -0.5519
vn -0.5313 -0.0517 -0.8456
vn -0.4337 0.6629 -0.6103
vn -0.0379 0.9979 -0.0534
vn -0.0326 0.9986 -0.0406
vn 0.4191 0.7427 0.5222
vn 0.4648 -0.6698 0.5791
vn 0.0321 -0.9987 0.0400
vn -0.4192 -0.7425 -0.5224
vn -0.6250 -0.0516 -0.7789
vn -0.5785 -0.0509 -0.8141
vn -0.4650 0.6693 -0.5794
vn 0.4370 0.7475 0.5003
vn 0.6568 0.0520 0.7522
vn 0.6251 0.0516 0.7788
vn 0.4855 -0.6747 0.5559
vn 0.0275 -0.9991 0.0314
vn -0.4441 -0.7378 -0.5083
vn -0.4916 0.6648 -0.5625
vn -0.0404 0.9981 -0.0463
vn -0.0419 0.9983 -0.0417
vn 0.4721 0.7463 0.4692
vn 0.5243 -0.6735 0.5211
vn 0.0314 -0.9990 0.0312
vn -0.4779 -0.7390 -0.4749
vn -0.7084 -0.0512 -0.7039
vn -0.6572 -0.0511 -0.7520
vn -0.5292 0.6659 -0.5258
vn 0.5005 0.7466 0.4383
vn 0.7512 0.0522 0.6580
vn 0.7081 0.0519 0.7042
vn 0.5559 -0.6737 0.4868
vn 0.0328 -0.9990 0.0287
vn -0.5074 -0.7386 -0.4439
vn -0.5617 0.6656 -0.4914
vn -0.0449 0.9982 -0.0394
vn 0.5345 0.7493 0.3911
vn 0.8059 0.0522 0.5898
vn 0.5944 -0.6765 0.4349
vn 0.0311 -0.9993 0.0227
vn -0.5462 -0.7363 -0.3994
vn -0.7517 -0.0511 -0.6575
vn -0.6041 0.6632 -0.4418
vn -0.0522 0.9979 -0.0386
vn -0.0532 0.9981 -0.0316
vn 0.5710 0.7477 0.3391
vn 0.6346 -0.6747 0.3769
vn 0.0356 -0.9991 0.0211
vn -0.5809 -0.7375 -0.3445
vn -0.8590 -0.0512 -0.5094
vn -0.8062 -0.0509 -0.5895
vn -0.6427 0.6645 -0.3812
vn 0.6011 0.7509 0.2735
vn 0.9089 0.0524 0.4138
vn 0.8586 0.0522 0.5100
vn 0.6689 -0.6781 0.3044
vn 0.0321 -0.9994 0.0145
vn -0.6177 -0.7347 -0.2805
vn -0.6828 0.6616 -0.3100
vn -0.0618 0.9977 -0.0282
vn 0.6325 0.7515 0.1874
vn 0.9575 0.0526 0.2837
vn 0.7042 -0.6786 0.2086
vn 0.0328 -0.9994 0.0097
vn -0.6511 -0.7341 -0.1927
vn -0.9094 -0.0508 -0.4127
vn -0.7194 0.6611 -0.2130
vn -0.0663 0.9976 -0.0196
vn 0.6536 0.7497 0.1038
vn 0.9862 0.0527 0.1571
vn 0.7270 -0.6769 0.1156
vn 0.0367 -0.9993 0.0057
vn -0.6693 -0.7354 -0.1055
vn -0.9577 -0.0506 -0.2834
vn -0.7401 0.6624 -0.1166
vn -0.0652 0.9978 -0.0104
vn 0.6534 0.7570 -0.0114
vn 0.9984 0.0529 -0.0175
vn 0.7290 -0.6844 -0.0127
vn 0.0236 -0.9997 -0.0003
vn -0.6841 -0.7293 0.0118
vn -0.9866 -0.0509 -0.1550
vn -0.7544 0.6563 0.0130
vn -0.0795 0.9968 0.0014
vn -0.0584 0.9982 0.0096
vn 0.6571 0.7460 -0.1081
vn 0.7299 -0.6729 -0.1200
vn 0.0434 -0.9990 -0.0072
vn -0.6651 -0.7387 0.1099
vn -0.9853 -0.0513 0.1630
vn -0.9986 -0.0503 0.0171
vn -0.7364 0.6655 0.1217
vn 0.6139 0.7602 -0.2127
vn 0.9436 0.0534 -0.3269
vn 0.9854 0.0518 -0.1619
vn 0.6861 -0.6876 -0.2377
vn 0.0171 -0.9998 -0.0059
vn -0.6492 -0.7266 0.2249
vn -0.7151 0.6537 0.2477
vn -0.0802 0.9964 0.0278
vn -0.0469 0.9986 0.0227
vn 0.5945 0.7421 -0.3095
vn 0.6587 -0.6708 -0.3409
vn 0.0446 -0.9988 -0.0216
vn -0.5957 -0.7413 0.3094
vn -0.8873 -0.0509 0.4585
vn -0.9437 -0.0500 0.3269
vn -0.6607 0.6691 0.3403
vn 0.5428 0.7471 -0.3837
vn 0.8863 0.0504 -0.4603
vn 0.8399 0.0403 -0.5412
vn 0.6257 -0.6871 -0.3693
vn 0.0441 -0.9989 0.0183
vn -0.8392 -0.0559 0.5410
vn -0.6484 0.6563 0.3858
vn -0.0804 0.9967 0.0051
vn -0.1065 0.9932 -0.0465
vn 0.4649 0.7327 -0.4970
vn 0.5994 -0.6839 -0.4158
vn 0.0890 -0.9941 0.0612
vn -0.4695 -0.7283 0.4991
vn -0.5560 -0.7336 0.3906
vn -0.7582 -0.0462 0.6504
vn -0.6115 0.6655 0.4280
vn 0.4031 0.7241 -0.5597
vn 0.6952 0.0259 -0.7183
vn 0.7588 0.0326 -0.6505
vn 0.5721 -0.6870 -0.4480
vn 0.1112 -0.9901 0.0859
vn -0.4113 -0.7143 0.5662
vn -0.6949 -0.0282 0.7186
vn -0.5792 0.6744 0.4580
vn -0.1270 0.9895 -0.0696
vn 0.3492 0.7169 -0.6035
vn 0.6179 0.0146 -0.7861
vn 0.5160 -0.6977 -0.4970
vn 0.1072 -0.9905 0.0866
vn -0.3607 -0.7013 0.6149
vn -0.6178 -0.0102 0.7862
vn -0.1243 0.9901 -0.0645
vn 0.2815 0.7138 -0.6413
vn 0.4950 0.0009 -0.8689
vn 0.4076 -0.7155 -0.5674
vn 0.0744 -0.9944 0.0752
vn -0.2978 -0.6845 0.6655
vn -0.4953 0.0129 0.8686
vn -0.5214 0.6857 0.5078
vn -0.0960 0.9947 -0.0361
vn 0.1811 0.7134 -0.6769
vn 0.2888 -0.0106 -0.9573
vn 0.2175 -0.7330 -0.6445
vn 0.0139 -0.9981 0.0605
vn -0.1927 -0.6700 0.7169
vn -0.2213 0.7104 0.6681
vn -0.4132 0.7002 0.5822
vn -0.0315 0.9995 0.0022
vn 0.0248 0.7224 -0.6910
vn -0.0209 -0.0055 -0.9998
vn -0.0546 -0.7351 -0.6757
vn -0.0543 -0.9967 0.0610
vn -0.0218 -0.6690 0.7430
vn -0.2863 0.0304 0.9576
vn 0.0538 0.7013 0.7108
vn 0.0547 0.9982 0.0254
vn 0.1102 0.9939 -0.0083
vn -0.1089 0.7160 -0.6896
vn -0.2623 -0.7059 -0.6580
vn -0.1024 -0.9939 0.0399
vn 0.1146 -0.6962 0.7086
vn 0.2630 -0.0010 0.9648
vn 0.0230 0.0242 0.9994
vn 0.2617 0.6931 0.6717
vn 0.1232 0.9920 -0.0269
vn -0.1519 0.7128 -0.6847
vn -0.2657 0.0082 -0.9640
vn -0.3255 -0.6926 -0.6437
vn -0.1215 -0.9921 0.0320
vn 0.1534 -0.7094 0.6880
vn 0.3380 -0.0130 0.9411
vn 0.3257 0.6906 0.6458
vn 0.1143 0.9927 -0.0391
vn -0.1334 0.7014 -0.7001
vn -0.3381 0.0146 -0.9410
vn -0.2977 -0.6905 -0.6592
vn -0.1212 -0.9925 0.0162
vn 0.1279 -0.7154 0.6869
vn 0.3024 -0.0111 0.9531
vn 0.2963 0.7004 0.6493
vn 0.0884 0.9950 -0.0464
vn -0.0473 0.6837 -0.7282
vn -0.3024 0.0072 -0.9531
vn -0.1744 -0.6988 -0.6937
vn -0.0952 -0.9955 -0.0028
vn 0.0423 -0.7136 0.6993
vn 0.1569 0.0025 0.9876
vn 0.1755 0.7191 0.6723
vn 0.0641 0.9957 -0.0661
vn 0.1392 0.6614 -0.7370
vn -0.1542 -0.0117 -0.9880
vn 0.0595 -0.7064 -0.7053
vn -0.0514 -0.9984 -0.0247
vn -0.1339 -0.7126 0.6886
vn -0.1345 0.0237 0.9906
vn -0.0501 0.7473 0.6626
vn 0.3755 0.6559 -0.6549
vn 0.4755 -0.0413 -0.8788
vn 0.1365 -0.0318 -0.9901
vn 0.3151 -0.7160 -0.6229
vn -0.0240 -0.9996 -0.0121
vn -0.3551 -0.6981 0.6217
vn -0.4717 0.0420 0.8808
vn 0.0627 0.9963 -0.0596
vn 0.0941 0.9941 -0.0530
vn 0.6069 0.6432 -0.4668
vn 0.5400 -0.7153 -0.4436
vn -0.0053 -0.9998 -0.0176
vn -0.5650 -0.7011 0.4350
vn -0.7799 0.0524 0.6237
vn -0.2927 0.7554 0.5863
vn -0.4899 0.7709 0.4070
vn 0.7471 0.6421 -0.1719
vn 0.9716 -0.0543 -0.2303
vn 0.7826 -0.0488 -0.6206
vn 0.6721 -0.7218 -0.1652
vn -0.0078 -0.9999 -0.0068
vn -0.7033 -0.6927 0.1600
vn -0.6191 0.7704 0.1519
vn 0.1043 0.9944 -0.0172
vn 0.7565 0.6459 0.1023
vn 0.9893 -0.0560 0.1347
vn 0.6797 -0.7277 0.0919
vn -0.0182 -0.9998 -0.0031
vn -0.7214 -0.6857 -0.0968
vn -0.9717 0.0574 0.2292
vn -0.6373 0.7658 -0.0857
vn 0.0954 0.9954 0.0120
vn 0.0902 0.9952 0.0382
vn 0.6831 0.6458 0.3412
vn 0.6118 -0.7259 0.3144
vn -0.0155 -0.9999 -0.0012
vn -0.6495 -0.6882 -0.3232
vn -0.8912 0.0582 -0.4500
vn -0.9894 0.0586 -0.1327
vn -0.5706 0.7670 -0.2934
vn 0.5313 0.6485 0.5451
vn 0.6911 -0.0520 0.7209
vn 0.8905 -0.0546 0.4516
vn 0.4714 -0.7244 0.5030
vn -0.0167 -0.9999 -0.0019
vn -0.5049 -0.6894 -0.5194
vn -0.4392 0.7644 -0.4719
vn 0.0717 0.9955 0.0612
vn 0.3241 0.6515 0.6859
vn 0.4176 -0.0479 0.9074
vn 0.2812 -0.7219 0.6323
vn -0.0151 -0.9999 -0.0034
vn -0.3074 -0.6916 -0.6536
vn -0.6878 0.0552 -0.7238
vn -0.2606 0.7618 -0.5930
vn 0.0479 0.9959 0.0767
vn 0.1035 0.6573 0.7465
vn 0.1258 -0.0447 0.9910
vn 0.0791 -0.7225 0.6869
vn -0.0133 -0.9998 -0.0115
vn -0.1003 -0.6901 -0.7167
vn -0.4132 0.0518 -0.9092
vn -0.0741 0.7555 -0.6509
vn 0.0223 0.9968 0.0768
vn -0.0044 0.9964 0.0842
vn -0.1273 0.6568 0.7432
vn -0.1316 -0.7167 0.6849
vn -0.0101 -0.9999 -0.0031
vn 0.1213 -0.6981 -0.7057
vn 0.1804 0.0447 -0.9826
vn -0.1266 0.0479 -0.9908
vn 0.1250 0.7583 -0.6398
vn -0.2954 0.6695 0.6816
vn -0.4038 -0.0397 0.9140
vn -0.1781 -0.0408 0.9832
vn -0.2839 -0.7265 0.6258
vn 0.0019 -0.9997 -0.0256
vn 0.2919 -0.6856 -0.6668
vn 0.2789 0.7430 -0.6085
vn -0.0155 0.9984 0.0550
vn -0.3939 0.6696 0.6297
vn -0.5354 -0.0381 0.8438
vn -0.3729 -0.7246 0.5796
vn 0.0054 -0.9998 -0.0206
vn 0.3842 -0.6882 -0.6155
vn 0.4090 0.0413 -0.9116
vn 0.3616 0.7440 -0.5619
vn -0.0255 0.9983 0.0528
vn -0.0401 0.9980 0.0491
vn -0.5038 0.6676 0.5482
vn -0.4725 -0.7212 0.5065
vn 0.0061 -0.9999 -0.0123
vn 0.4882 -0.6921 -0.5316
vn 0.6787 0.0399 -0.7333
vn 0.5345 0.0403 -0.8442
vn 0.4542 0.7465 -0.4862
vn -0.5906 0.6711 0.4481
vn -0.7966 -0.0370 0.6033
vn -0.6788 -0.0371 0.7333
vn -0.5504 -0.7243 0.4153
vn 0.0150 -0.9998 -0.0132
vn 0.5782 -0.6885 -0.4377
vn 0.5352 0.7424 -0.4030
vn -0.0438 0.9984 0.0345
vn -0.6528 0.6706 0.3522
vn -0.8793 -0.0368 0.4749
vn -0.6069 -0.7238 0.3283
vn 0.0169 -0.9998 -0.0085
vn 0.6374 -0.6894 -0.3441
vn 0.7977 0.0386 -0.6018
vn 0.5886 0.7430 -0.3186
vn -0.0503 0.9984 0.0266
vn -0.0574 0.9982 0.0174
vn -0.7048 0.6689 0.2364
vn -0.6547 -0.7224 0.2226
vn 0.0161 -0.9999 -0.0030
vn 0.6852 -0.6907 -0.2312
vn 0.9459 0.0389 -0.3221
vn 0.8792 0.0385 -0.4749
vn 0.6316 0.7446 -0.2162
vn -0.0665 0.9978 0.0047
vn -0.7413 0.6656 0.0862
vn -0.9470 -0.0369 0.3192
vn -0.6888 -0.7199 0.0848
vn 0.0107 -0.9999 0.0023
vn 0.7153 -0.6937 -0.0848
vn 0.9918 0.0399 -0.1217
vn 0.6583 0.7482 -0.0828
vn -0.0731 0.9972 -0.0147
vn -0.7419 0.6618 -0.1077
vn -0.9923 -0.0374 0.1181
vn -0.6902 -0.7174 -0.0947
vn 0.0037 -1.0000 0.0045
vn 0.7100 -0.6966 0.1032
vn 0.9894 0.0412 0.1396
vn 0.6524 0.7526 0.0889
vn -0.6823 0.6610 -0.3123
vn -0.9103 -0.0395 -0.4120
vn -0.9895 -0.0383 -0.1396
vn -0.6346 -0.7185 -0.2848
vn 0.0042 -1.0000 0.0058
vn 0.6527 -0.6954 0.3006
vn 0.6001 0.7529 0.2703
vn -0.0665 0.9972 -0.0349
vn -0.5722 0.6612 -0.4852
vn -0.7641 -0.0405 -0.6439
vn -0.5316 -0.7201 -0.4461
vn 0.0052 -1.0000 0.0079
vn 0.5478 -0.6938 0.4674
vn 0.9088 0.0419 0.4151
vn 0.5038 0.7522 0.4247
vn -0.0545 0.9973 -0.0498
vn -0.4460 0.6653 -0.5988
vn -0.5981 -0.0415 -0.8003
vn -0.4129 -0.7250 -0.5512
vn 0.0102 -0.9998 0.0162
vn 0.4322 -0.6883 0.5827
vn 0.7614 0.0429 0.6469
vn 0.3972 0.7477 0.5322
vn -0.0376 0.9979 -0.0527
vn -0.3340 0.6669 -0.6661
vn -0.4482 -0.0416 -0.8929
vn -0.3084 -0.7268 -0.6137
vn 0.0096 -0.9997 0.0203
vn 0.3251 -0.6868 0.6501
vn 0.5960 0.0431 0.8018
vn 0.2981 0.7464 0.5949
vn -0.0275 0.9981 -0.0557
vn -0.2488 0.6717 -0.6978
vn -0.3357 -0.0420 -0.9410
vn -0.2289 -0.7315 -0.6422
vn 0.0110 -0.9995 0.0306
vn 0.2452 -0.6815 0.6896
vn 0.4471 0.0429 0.8935
vn 0.2249 0.7413 0.6324
vn -0.0174 0.9986 -0.0491
vn -0.1975 0.6727 -0.7131
vn -0.2664 -0.0419 -0.9629
vn -0.1817 -0.7325 -0.6561
vn 0.0093 -0.9994 0.0336
vn 0.1961 -0.6802 0.7063
vn 0.3345 0.0427 0.9414
vn 0.1799 0.7400 0.6480
vn -0.0134 0.9988 -0.0480
vn -0.0097 0.9981 -0.0616
vn -0.1162 0.6668 -0.7361
vn -0.1071 -0.7267 -0.6786
vn 0.0035 -0.9998 0.0220
vn 0.1134 -0.6868 0.7180
vn 0.1559 0.0432 0.9868
vn 0.2675 0.0426 0.9626
vn 0.1038 0.7466 0.6571
vn -0.0239 0.6715 -0.7406
vn -0.0323 -0.0419 -0.9986
vn -0.1559 -0.0416 -0.9869
vn -0.0220 -0.7313 -0.6817
vn 0.0011 -0.9995 0.0322
vn 0.0233 -0.6815 0.7314
vn 0.0214 0.7414 0.6708
vn -0.0016 0.9986 -0.0524
vn 0.0041 0.9983 -0.0574
vn 0.0541 0.6690 -0.7413
vn 0.0498 -0.7288 -0.6829
vn -0.0021 -0.9996 0.0269
vn -0.0524 -0.6842 0.7274
vn -0.0716 0.0432 0.9965
vn 0.0317 0.0428 0.9986
vn -0.0481 0.7441 0.6663
vn 0.0141 0.9980 -0.0618
vn 0.1644 0.6663 -0.7273
vn 0.0730 -0.0415 -0.9965
vn 0.1516 -0.7261 -0.6707
vn -0.0046 -0.9998 0.0206
vn -0.1603 -0.6876 0.7082
vn -0.2207 0.0432 0.9744
vn -0.1468 0.7471 0.6483
vn 0.2532 0.6717 -0.6962
vn 0.3415 -0.0419 -0.9389
vn 0.2202 -0.0414 -0.9746
vn 0.2330 -0.7316 -0.6407
vn -0.0113 -0.9995 0.0310
vn -0.2502 -0.6813 0.6880
vn -0.2295 0.7410 0.6311
vn 0.0177 0.9987 -0.0487
vn 0.0297 0.9979 -0.0572
vn 0.3443 0.6658 -0.6620
vn 0.3175 -0.7256 -0.6105
vn -0.0093 -0.9998 0.0178
vn -0.3348 -0.6882 0.6436
vn -0.4610 0.0433 0.8864
vn -0.3414 0.0427 0.9389
vn -0.3063 0.7480 0.5888
vn 0.4232 0.6719 -0.6078
vn 0.5708 -0.0418 -0.8200
vn 0.4610 -0.0414 -0.8864
vn 0.3895 -0.7317 -0.5593
vn -0.0191 -0.9994 0.0275
vn -0.4189 -0.6811 0.6005
vn -0.3842 0.7409 0.5509
vn 0.0295 0.9987 -0.0422
vn 0.0373 0.9984 -0.0436
vn 0.4830 0.6692 -0.5647
vn 0.4450 -0.7290 -0.5201
vn -0.0176 -0.9996 0.0206
vn -0.4743 -0.6841 0.5541
vn -0.6497 0.0432 0.7590
vn -0.5717 0.0425 0.8194
vn -0.4344 0.7441 0.5076
vn 0.5312 0.6728 -0.5150
vn 0.7173 -0.0421 -0.6955
vn 0.6494 -0.0417 -0.7593
vn 0.4886 -0.7327 -0.4737
vn -0.0250 -0.9994 0.0242
vn -0.5264 -0.6803 0.5101
vn -0.4829 0.7402 0.4679
vn 0.0358 0.9988 -0.0347
vn 0.0427 0.9985 -0.0349
vn 0.5745 0.6703 -0.4697
vn 0.5290 -0.7301 -0.4325
vn -0.0228 -0.9996 0.0188
vn -0.5655 -0.6831 0.4621
vn -0.7737 0.0430 0.6321
vn -0.7175 0.0427 0.6952
vn -0.5183 0.7430 0.4235
vn 0.5969 0.6758 -0.4324
vn 0.8092 -0.0424 -0.5860
vn 0.7735 -0.0419 -0.6324
vn 0.5484 -0.7358 -0.3973
vn -0.0335 -0.9991 0.0243
vn -0.5958 -0.6770 0.4321
vn -0.5473 0.7369 0.3969
vn 0.0351 0.9991 -0.0254
vn 0.0541 0.9980 -0.0322
vn 0.6409 0.6664 -0.3811
vn 0.5909 -0.7262 -0.3514
vn -0.0185 -0.9998 0.0110
vn -0.6241 -0.6873 0.3716
vn -0.8584 0.0433 0.5112
vn -0.8088 0.0423 0.5866
vn -0.5711 0.7471 0.3400
vn 0.6908 0.6680 -0.2765
vn 0.9275 -0.0418 -0.3715
vn 0.8588 -0.0415 -0.5106
vn 0.6365 -0.7280 -0.2547
vn -0.0234 -0.9997 0.0095
vn -0.6763 -0.6852 0.2703
vn -0.6194 0.7450 0.2476
vn 0.0550 0.9982 -0.0222
vn 0.7249 0.6672 -0.1712
vn 0.9724 -0.0416 -0.2296
vn 0.6682 -0.7271 -0.1578
vn -0.0226 -0.9997 0.0053
vn -0.7079 -0.6861 0.1675
vn -0.9278 0.0431 0.3706
vn -0.6481 0.7460 0.1533
vn 0.0597 0.9981 -0.0141
vn 0.0624 0.9980 -0.0046
vn 0.7435 0.6667 -0.0525
vn 0.6855 -0.7265 -0.0485
vn -0.0220 -0.9998 0.0014
vn -0.7249 -0.6869 0.0519
vn -0.9965 0.0432 0.0716
vn -0.9722 0.0432 0.2300
vn -0.6635 0.7467 0.0474
vn 0.0639 0.9979 0.0065
vn 0.7421 0.6659 0.0765
vn 0.9967 -0.0415 -0.0702
vn 0.6844 -0.7257 0.0705
vn -0.0201 -0.9998 -0.0022
vn -0.7220 -0.6878 -0.0745
vn -0.9938 0.0434 -0.1025
vn -0.6605 0.7477 -0.0682
vn 0.7188 0.6686 0.1906
vn 0.9658 -0.0416 0.2559
vn 0.9939 -0.0414 0.1025
vn 0.6622 -0.7284 0.1757
vn -0.0254 -0.9997 -0.0067
vn -0.7043 -0.6846 -0.1876
vn -0.6451 0.7445 -0.1718
vn 0.0565 0.9983 0.0151
vn 0.6901 0.6705 0.2725
vn 0.9293 -0.0420 0.3668
vn 0.6352 -0.7304 0.2509
vn -0.0280 -0.9995 -0.0111
vn -0.6795 -0.6826 -0.2689
vn -0.9653 0.0430 -0.2575
vn -0.6229 0.7425 -0.2465
vn 0.0506 0.9985 0.0201
vn 0.6611 0.6715 0.3346
vn 0.8915 -0.0418 0.4512
vn 0.6085 -0.7313 0.3080
vn -0.0287 -0.9995 -0.0145
vn -0.6526 -0.6818 -0.3306
vn -0.9289 0.0428 -0.3678
vn -0.5984 0.7416 -0.3031
vn 0.0469 0.9986 0.0237
vn 0.6329 0.6725 0.3837
vn 0.8543 -0.0419 0.5180
vn 0.5823 -0.7322 0.3531
vn -0.0289 -0.9994 -0.0176
vn -0.6263 -0.6808 -0.3798
vn -0.8912 0.0428 -0.4516
vn -0.5745 0.7406 -0.3484
vn 0.0434 0.9987 0.0263
vn 0.0408 0.9988 0.0285
vn 0.6063 0.6728 0.4241
vn 0.5577 -0.7327 0.3901
vn -0.0286 -0.9994 -0.0200
vn -0.6008 -0.6802 -0.4200
vn -0.8189 0.0427 -0.5724
vn -0.8543 0.0428 -0.5180
vn -0.5512 0.7401 -0.3853
vn 0.0423 0.9985 0.0351
vn 0.5710 0.6703 0.4741
vn 0.8187 -0.0420 0.5727
vn 0.5257 -0.7301 0.4365
vn -0.0229 -0.9996 -0.0190
vn -0.5621 -0.6830 -0.4664
vn -0.7689 0.0429 -0.6379
vn -0.5152 0.7429 -0.4275
vn 0.5217 0.6710 0.5268
vn 0.7031 -0.0419 0.7099
vn 0.7687 -0.0418 0.6383
vn 0.4802 -0.7309 0.4849
vn -0.0220 -0.9995 -0.0222
vn -0.5146 -0.6821 -0.5195
vn -0.4718 0.7420 -0.4763
vn 0.0376 0.9986 0.0380
vn 0.0337 0.9986 0.0406
vn 0.4727 0.6714 0.5708
vn 0.4351 -0.7312 0.5254
vn -0.0203 -0.9995 -0.0246
vn -0.4671 -0.6818 -0.5630
vn -0.6380 0.0427 -0.7688
vn -0.7031 0.0428 -0.7098
vn -0.4283 0.7416 -0.5163
vn 0.0336 0.9980 0.0532
vn 0.3980 0.6665 0.6304
vn 0.6371 -0.0418 0.7697
vn 0.3670 -0.7263 0.5812
vn -0.0115 -0.9998 -0.0183
vn -0.3878 -0.6873 -0.6142
vn -0.5334 0.0434 -0.8448
vn -0.3548 0.7472 -0.5620
vn 0.3119 0.6713 0.6723
vn 0.4207 -0.0421 0.9062
vn 0.5334 -0.0415 0.8449
vn 0.2871 -0.7311 0.6189
vn -0.0135 -0.9995 -0.0289
vn -0.3073 -0.6819 -0.6638
vn -0.2818 0.7417 -0.6087
vn 0.0222 0.9986 0.0480
vn 0.2520 0.6714 0.6970
vn 0.3396 -0.0418 0.9397
vn 0.2320 -0.7311 0.6416
vn -0.0107 -0.9995 -0.0299
vn -0.2491 -0.6818 -0.6878
vn -0.4195 0.0427 -0.9067
vn -0.2284 0.7416 -0.6307
vn 0.0180 0.9986 0.0496
vn 0.0137 0.9982 0.0587
vn 0.1691 0.6678 0.7249
vn 0.1559 -0.7276 0.6681
vn -0.0055 -0.9997 -0.0237
vn -0.1654 -0.6858 -0.7087
vn -0.2271 0.0430 -0.9729
vn -0.3403 0.0429 -0.9393
vn -0.1515 0.7455 -0.6490
vn 0.0825 0.6712 0.7366
vn 0.1114 -0.0419 0.9929
vn 0.2270 -0.0415 0.9730
vn 0.0759 -0.7311 0.6780
vn -0.0036 -0.9995 -0.0315
vn -0.0809 -0.6819 -0.7270
vn -0.0742 0.7417 -0.6666
vn 0.0058 0.9986 0.0525
vn 0.0214 0.6719 0.7404
vn 0.0287 -0.0421 0.9987
vn 0.0197 -0.7318 0.6812
vn -0.0009 -0.9995 -0.0330
vn -0.0213 -0.6813 -0.7317
vn -0.1103 0.0429 -0.9930
vn -0.0196 0.7412 -0.6710
vn 0.0015 0.9987 0.0516
vn -0.0043 0.9983 0.0579
vn -0.0555 0.6689 0.7413
vn -0.0511 -0.7287 0.6829
vn 0.0020 -0.9996 -0.0265
vn 0.0543 -0.6847 -0.7268
vn 0.0744 0.0431 -0.9963
vn -0.0292 0.0427 -0.9987
vn 0.0498 0.7446 -0.6657
vn -0.1343 0.6714 0.7288
vn -0.1810 -0.0419 0.9826
vn -0.0746 -0.0416 0.9963
vn -0.1237 -0.7313 0.6707
vn 0.0058 -0.9995 -0.0315
vn 0.1330 -0.6818 -0.7194
vn 0.1219 0.7417 -0.6596
vn -0.0096 0.9986 0.0518
vn -0.1889 0.6726 0.7155
vn -0.2551 -0.0419 0.9660
vn -0.1738 -0.7324 0.6583
vn 0.0088 -0.9994 -0.0333
vn 0.1871 -0.6804 -0.7085
vn 0.1818 0.0429 -0.9824
vn 0.1716 0.7404 -0.6499
vn -0.0128 0.9987 0.0486
vn -0.0196 0.9984 0.0533
vn -0.2552 0.6694 0.6977
vn -0.2351 -0.7293 0.6426
vn 0.0095 -0.9996 -0.0262
vn 0.2506 -0.6840 -0.6850
vn 0.3434 0.0429 -0.9382
vn 0.2550 0.0429 -0.9660
vn 0.2297 0.7438 -0.6277
vn -0.3216 0.6719 0.6672
vn -0.4338 -0.0420 0.9000
vn -0.3431 -0.0418 0.9384
vn -0.2959 -0.7318 0.6140
vn 0.0143 -0.9995 -0.0296
vn 0.3180 -0.6814 -0.6593
vn 0.2916 0.7412 -0.6047
vn -0.0224 0.9987 0.0465
vn -0.0260 0.9987 0.0448
vn -0.3722 0.6720 0.6402
vn -0.3425 -0.7319 0.5891
vn 0.0165 -0.9995 -0.0284
vn 0.3679 -0.6812 -0.6330
vn 0.5020 0.0428 -0.8638
vn 0.4340 0.0427 -0.8999
vn 0.3373 0.7411 -0.5805
vn -0.0307 0.9986 0.0438
vn -0.4256 0.6712 0.6070
vn -0.5022 -0.0420 0.8638
vn -0.3917 -0.7310 0.5588
vn 0.0178 -0.9995 -0.0254
vn 0.4197 -0.6822 -0.5987
vn 0.5735 0.0429 -0.8181
vn 0.3848 0.7421 -0.5489
vn -0.4807 0.6709 0.5647
vn -0.6477 -0.0419 0.7608
vn -0.5736 -0.0419 0.8181
vn -0.4426 -0.7307 0.5198
vn 0.0199 -0.9995 -0.0234
vn 0.4739 -0.6824 -0.5565
vn 0.4344 0.7423 -0.5102
vn -0.0350 0.9985 0.0410
vn -0.0405 0.9984 0.0386
vn -0.5372 0.6698 0.5127
vn -0.4947 -0.7297 0.4721
vn 0.0208 -0.9996 -0.0199
vn 0.5280 -0.6835 -0.5040
vn 0.7227 0.0428 -0.6898
vn 0.6478 0.0428 -0.7606
vn 0.4839 0.7433 -0.4619
vn -0.0457 0.9984 0.0342
vn -0.5935 0.6693 0.4469
vn -0.7228 -0.0418 0.6898
vn -0.5466 -0.7291 0.4119
vn 0.0221 -0.9996 -0.0164
vn 0.5828 -0.6840 -0.4386
vn 0.7982 0.0431 -0.6009
vn 0.5337 0.7440 -0.4020
vn -0.6382 0.6707 0.3780
vn -0.8594 -0.0417 0.5097
vn -0.7981 -0.0416 0.6011
vn -0.5871 -0.7305 0.3488
vn 0.0266 -0.9995 -0.0150
vn 0.6291 -0.6823 -0.3724
vn 0.5760 0.7425 -0.3420
vn -0.0471 0.9985 0.0272
vn -0.6693 0.6716 0.3178
vn -0.9020 -0.0419 0.4297
vn -0.6152 -0.7315 0.2942
vn 0.0299 -0.9995 -0.0127
vn 0.6612 -0.6814 -0.3138
vn 0.8594 0.0431 -0.5094
vn 0.6052 0.7416 -0.2894
vn -0.0479 0.9986 0.0212
vn -0.6933 0.6714 0.2619
vn -0.9340 -0.0422 0.3547
vn -0.6368 -0.7317 0.2432
vn 0.0312 -0.9995 -0.0099
vn 0.9340 0.0432 -0.3547
vn 0.9020 0.0431 -0.4296
vn 0.6268 0.7415 -0.2394
vn -0.0497 0.9986 0.0170
vn -0.0511 0.9986 0.0130
vn -0.7126 0.6712 0.2044
vn -0.6546 -0.7317 0.1901
vn 0.0317 -0.9995 -0.0074
vn 0.7037 -0.6813 -0.2018
vn 0.6848 -0.6813 -0.2586
vn 0.9599 0.0432 -0.2771
vn 0.6442 0.7416 -0.1872
vn -0.0529 0.9986 0.0094
vn -0.7279 0.6707 0.1425
vn -0.9600 -0.0426 0.2767
vn -0.6689 -0.7314 0.1323
vn 0.0316 -0.9995 -0.0052
vn 0.7180 -0.6817 -0.1406
vn 0.9803 0.0433 -0.1929
vn 0.6574 0.7422 -0.1302
vn -0.0549 0.9985 0.0057
vn -0.7391 0.6697 0.0729
vn -0.9803 -0.0425 0.1928
vn -0.6796 -0.7306 0.0666
vn 0.0303 -0.9995 -0.0033
vn 0.7275 -0.6824 -0.0719
vn 0.9942 0.0433 -0.0980
vn 0.6662 0.7429 -0.0654
vn -0.0576 0.9983 0.0015
vn -0.7434 0.6688 -0.0083
vn -0.9943 -0.0427 0.0978
vn -0.6837 -0.7297 -0.0110
vn 0.0282 -0.9996 -0.0021
vn 0.7297 -0.6838 0.0081
vn 0.9990 0.0431 0.0132
vn 0.6681 0.7440 0.0105
vn -0.0611 0.9980 0.0170
vn -0.7409 0.6658 -0.0876
vn -0.9990 -0.0425 -0.0135
vn -0.9888 -0.0465 -0.1418
vn -0.6734 -0.7302 -0.1154
vn 0.7210 -0.6878 0.0840
vn 0.9894 0.0370 0.1405
vn 0.6616 0.7414 0.1121
vn -0.0875 0.9910 0.1016
vn -0.7396 0.6588 -0.1376
vn -0.9544 -0.0483 -0.2945
vn 0.0469 -0.9924 -0.1141
vn 0.0285 -0.9993 -0.0226
vn 0.7051 -0.6984 0.1229
vn 0.9569 0.0136 0.2901
vn 0.6272 0.7259 0.2822
vn -0.7145 0.6794 -0.1668
vn -0.9107 -0.0116 -0.4129
vn -0.5829 -0.6949 -0.4211
vn -0.6307 -0.7221 -0.2843
vn 0.0827 -0.9790 -0.1862
vn 0.7044 -0.6917 0.1595
vn 0.9108 0.0077 0.4127
vn -0.1024 0.9787 0.1779
vn -0.6796 0.6996 -0.2208
vn -0.8808 0.0129 -0.4733
vn -0.5718 -0.6845 -0.4522
vn 0.0754 -0.9834 -0.1650
vn 0.6803 -0.6987 0.2214
vn 0.8796 0.0022 0.4758
vn 0.5738 0.7031 0.4200
vn 0.5582 0.6985 0.4478
vn -0.0871 0.9835 0.1587
vn -0.6339 0.7161 -0.2923
vn -0.8609 0.0237 -0.5082
vn -0.5862 -0.6874 -0.4287
vn 0.0385 -0.9948 -0.0941
vn 0.6414 -0.7072 0.2976
vn 0.8599 0.0005 0.5104
vn -0.0438 0.9949 0.0906
vn -0.5838 0.7224 -0.3705
vn -0.8499 0.0277 -0.5263
vn -0.6199 -0.6893 -0.3749
vn -0.0178 -0.9998 0.0016
vn 0.5955 -0.7092 0.3774
vn 0.8503 0.0021 0.5263
vn 0.5725 0.7028 0.4222
vn 0.6061 0.7061 0.3661
vn 0.0603 0.9947 -0.0832
vn 0.0152 0.9999 -0.0034
vn -0.5416 0.7111 -0.4483
vn -0.8316 0.0176 -0.5551
vn -0.0714 -0.9945 0.0761
vn 0.5423 -0.7103 0.4488
vn 0.8326 -0.0029 0.5539
vn 0.6292 0.7031 0.3313
vn 0.0754 0.9916 -0.1051
vn -0.5128 0.7003 -0.4966
vn -0.8010 0.0031 -0.5986
vn -0.6403 -0.6887 -0.3402
vn -0.6254 -0.6954 -0.3539
vn 0.5061 -0.7076 0.4931
vn 0.8011 -0.0051 0.5986
vn 0.6217 0.7010 0.3496
vn 0.0657 0.9932 -0.0962
vn -0.4918 0.6942 -0.5256
vn -0.7612 -0.0058 -0.6484
vn -0.0793 -0.9932 0.0847
vn -0.0861 -0.9915 0.0971
vn 0.4826 -0.7054 0.5192
vn 0.7615 0.0014 0.6481
vn 0.5876 0.7079 0.3918
vn 0.0452 0.9953 -0.0852
vn -0.4562 0.6845 -0.5687
vn -0.5327 -0.7082 -0.4634
vn -0.5916 -0.7016 -0.3971
vn -0.0672 -0.9958 0.0621
vn 0.4418 -0.7040 0.5560
vn 0.6915 0.0105 0.7223
vn 0.5247 0.7205 0.4534
vn -0.4065 0.6827 -0.6071
vn -0.6091 -0.0247 -0.7927
vn -0.6918 -0.0175 -0.7218
vn -0.4611 -0.7173 -0.5224
vn -0.0461 -0.9977 0.0507
vn 0.3983 -0.6955 0.5981
vn 0.4557 0.7259 0.5152
vn 0.0331 0.9971 -0.0682
vn -0.3628 0.6794 -0.6379
vn -0.5353 -0.0300 -0.8441
vn -0.4001 -0.7213 -0.5653
vn -0.0332 -0.9986 0.0413
vn 0.3555 -0.6927 0.6275
vn 0.6084 0.0212 0.7933
vn 0.3954 0.7305 0.5568
vn 0.0214 0.9980 -0.0599
vn 0.0102 0.9985 -0.0542
vn -0.3133 0.6768 -0.6661
vn -0.3342 -0.7244 -0.6029
vn -0.0207 -0.9992 0.0339
vn 0.3075 -0.6903 0.6549
vn 0.4548 0.0305 0.8901
vn 0.5352 0.0265 0.8443
vn 0.3301 0.7340 0.5935
vn -0.0007 0.9986 -0.0532
vn -0.2507 0.6736 -0.6952
vn -0.4542 -0.0339 -0.8903
vn -0.2568 -0.7249 -0.6392
vn -0.0099 -0.9996 0.0255
vn 0.2449 -0.6904 0.6807
vn 0.3551 0.0335 0.9342
vn 0.2519 0.7380 0.6261
vn -0.1884 0.6762 -0.7122
vn -0.2628 -0.0367 -0.9641
vn -0.3553 -0.0365 -0.9340
vn -0.1853 -0.7283 -0.6597
vn -0.0001 -0.9996 0.0284
vn 0.1857 -0.6858 0.7037
vn 0.1827 0.7365 0.6513
vn -0.0045 0.9989 -0.0457
vn -0.1426 0.6767 -0.7223
vn -0.1961 -0.0368 -0.9799
vn -0.1363 -0.7289 -0.6709
vn 0.0030 -0.9996 0.0290
vn 0.1412 -0.6846 0.7151
vn 0.2621 0.0360 0.9644
vn 0.1348 0.7361 0.6633
vn -0.0060 0.9990 -0.0440
vn -0.0059 0.9989 -0.0467
vn -0.0915 0.6755 -0.7316
vn -0.0850 -0.7278 -0.6805
vn 0.0034 -0.9996 0.0265
vn 0.0908 -0.6857 0.7222
vn 0.1247 0.0368 0.9915
vn 0.1963 0.0364 0.9799
vn 0.0841 0.7376 0.6700
vn -0.0014 0.9986 -0.0536
vn -0.0104 0.6724 -0.7401
vn -0.1238 -0.0367 -0.9916
vn -0.0089 -0.7244 -0.6894
vn 0.0009 -0.9998 0.0197
vn 0.0103 -0.6894 0.7243
vn 0.0136 0.0373 0.9992
vn 0.0086 0.7413 0.6711
vn 0.0659 0.6764 -0.7336
vn 0.0897 -0.0364 -0.9953
vn -0.0134 -0.0363 -0.9993
vn 0.0615 -0.7285 -0.6823
vn -0.0025 -0.9996 0.0287
vn -0.0649 -0.6847 0.7260
vn -0.0604 0.7365 0.6738
vn 0.0038 0.9990 -0.0446
vn 0.0105 0.9985 -0.0537
vn 0.1452 0.6718 -0.7264
vn 0.1352 -0.7239 -0.6766
vn -0.0039 -0.9998 0.0185
vn -0.1413 -0.6899 0.7100
vn -0.1946 0.0373 0.9802
vn -0.0890 0.0371 0.9953
vn -0.1310 0.7416 0.6579
vn 0.2486 0.6720 -0.6976
vn 0.1962 -0.0360 -0.9799
vn 0.3353 -0.0363 -0.9414
vn 0.2316 -0.7240 -0.6498
vn -0.0063 -0.9998 0.0181
vn -0.3365 0.0373 0.9409
vn -0.2257 0.7413 0.6321
vn 0.0184 0.9985 -0.0509
vn 0.3191 0.6764 -0.6638
vn 0.4330 -0.0362 -0.9007
vn 0.2969 -0.7284 -0.6175
vn -0.0124 -0.9996 0.0258
vn -0.2437 -0.6897 0.6819
vn -0.3160 -0.6847 0.6567
vn -0.2933 0.7365 0.6096
vn 0.0194 0.9990 -0.0404
vn 0.0303 0.9984 -0.0478
vn 0.3961 0.6709 -0.6269
vn 0.3691 -0.7229 -0.5841
vn -0.0088 -0.9999 0.0142
vn -0.3864 -0.6911 0.6109
vn -0.5344 0.0376 0.8444
vn -0.4333 0.0371 0.9005
vn -0.3580 0.7426 0.5660
vn 0.4411 0.6804 -0.5852
vn 0.6015 -0.0368 -0.7980
vn 0.5336 -0.0360 -0.8449
vn 0.4097 -0.7325 -0.5436
vn -0.0221 -0.9993 0.0293
vn -0.4410 -0.6806 0.5850
vn -0.4100 0.7323 0.5438
vn 0.0220 0.9993 -0.0292
vn 0.0384 0.9983 -0.0428
vn 0.4957 0.6706 -0.5520
vn 0.4618 -0.7226 -0.5143
vn -0.0107 -0.9999 0.0119
vn -0.4826 -0.6916 0.5375
vn -0.6676 0.0375 0.7436
vn -0.6016 0.0366 0.7980
vn -0.4469 0.7433 0.4978
vn 0.5368 0.6799 -0.4996
vn 0.7314 -0.0365 -0.6810
vn 0.6677 -0.0359 -0.7436
vn 0.4988 -0.7319 -0.4643
vn -0.0264 -0.9994 0.0245
vn -0.5364 -0.6810 0.4985
vn -0.4985 0.7327 0.4633
vn 0.0275 0.9993 -0.0257
vn 0.0346 0.9990 -0.0297
vn 0.5592 0.6763 -0.4795
vn 0.5202 -0.7283 -0.4461
vn -0.0213 -0.9996 0.0182
vn -0.5530 -0.6851 0.4742
vn -0.7586 0.0370 0.6505
vn -0.7320 0.0365 0.6803
vn -0.5132 0.7369 0.4401
vn 0.5927 0.6762 -0.4377
vn 0.8039 -0.0364 -0.5937
vn 0.7585 -0.0362 -0.6507
vn 0.5513 -0.7283 -0.4070
vn -0.0223 -0.9996 0.0166
vn -0.5860 -0.6852 0.4324
vn -0.5439 0.7369 0.4014
vn 0.0368 0.9990 -0.0271
vn 0.6051 0.6805 -0.4132
vn 0.8253 -0.0367 -0.5635
vn 0.5621 -0.7326 -0.3839
vn -0.0304 -0.9993 0.0208
vn -0.6049 -0.6807 0.4133
vn -0.8042 0.0369 0.5933
vn -0.5621 0.7324 0.3841
vn 0.0303 0.9993 -0.0207
vn 0.0444 0.9987 -0.0265
vn 0.6353 0.6732 -0.3784
vn 0.5915 -0.7253 -0.3523
vn -0.0186 -0.9998 0.0111
vn -0.6231 -0.6885 0.3711
vn -0.8586 0.0372 0.5114
vn -0.8251 0.0367 0.5638
vn -0.5777 0.7401 0.3441
vn 0.6523 0.6804 -0.3341
vn 0.8894 -0.0365 -0.4556
vn 0.8586 -0.0361 -0.5114
vn 0.6060 -0.7324 -0.3104
vn -0.0324 -0.9993 0.0166
vn -0.6520 -0.6809 0.3336
vn -0.6059 0.7326 0.3100
vn 0.0330 0.9993 -0.0169
vn 0.0391 0.9991 -0.0186
vn 0.6643 0.6773 -0.3161
vn 0.6178 -0.7293 -0.2939
vn -0.0272 -0.9995 0.0129
vn -0.6585 -0.6841 0.3135
vn -0.9022 0.0370 0.4296
vn -0.8897 0.0367 0.4552
vn -0.6114 0.7359 0.2911
vn 0.0420 0.9990 -0.0169
vn 0.6834 0.6764 -0.2747
vn 0.9024 -0.0364 -0.4293
vn 0.6356 -0.7285 -0.2555
vn -0.0261 -0.9996 0.0105
vn -0.6760 -0.6850 0.2716
vn -0.9273 0.0370 0.3725
vn -0.6274 0.7367 0.2521
vn 0.6892 0.6804 -0.2491
vn 0.9398 -0.0368 -0.3397
vn 0.9272 -0.0365 -0.3727
vn 0.6401 -0.7326 -0.2314
vn -0.0345 -0.9993 0.0125
vn -0.6889 -0.6807 0.2493
vn -0.6402 0.7324 0.2317
vn 0.0345 0.9993 -0.0124
vn 0.0506 0.9986 -0.0146
vn 0.7108 0.6728 -0.2052
vn 0.6619 -0.7248 -0.1911
vn -0.0200 -0.9998 0.0058
vn -0.6963 -0.6890 0.2010
vn -0.9601 0.0372 0.2772
vn -0.9397 0.0368 0.3401
vn -0.6455 0.7406 0.1864
vn 0.7163 0.6803 -0.1553
vn 0.9766 -0.0366 -0.2118
vn 0.9601 -0.0361 -0.2772
vn 0.6655 -0.7323 -0.1443
vn -0.0355 -0.9993 0.0077
vn -0.7158 -0.6809 0.1551
vn -0.6653 0.7326 0.1442
vn 0.0362 0.9993 -0.0079
vn 0.0486 0.9988 -0.0079
vn 0.7290 0.6744 -0.1175
vn 0.6785 -0.7265 -0.1093
vn -0.0239 -0.9997 0.0038
vn -0.7172 -0.6871 0.1158
vn -0.9865 0.0373 0.1595
vn -0.9767 0.0366 0.2117
vn -0.6653 0.7388 0.1074
vn 0.7345 0.6764 -0.0544
vn 0.9966 -0.0364 -0.0737
vn 0.9866 -0.0363 -0.1589
vn 0.6832 -0.7285 -0.0506
vn -0.0284 -0.9996 0.0021
vn -0.7266 -0.6849 0.0542
vn -0.6745 0.7366 0.0503
vn 0.0448 0.9990 -0.0033
vn 0.0540 0.9985 0.0020
vn 0.7398 0.6725 0.0222
vn 0.6892 -0.7243 0.0207
vn -0.0197 -0.9998 -0.0006
vn -0.7240 -0.6895 -0.0217
vn -0.9988 0.0376 -0.0299
vn -0.9965 0.0369 0.0744
vn -0.6711 0.7411 -0.0201
vn 0.7300 0.6749 0.1077
vn 0.9887 -0.0362 0.1457
vn 0.9989 -0.0361 0.0301
vn 0.6793 -0.7270 0.1003
vn -0.0252 -0.9997 -0.0037
vn -0.7193 -0.6865 -0.1066
vn -0.6673 0.7382 -0.0989
vn 0.0475 0.9988 0.0071
vn 0.7173 0.6756 0.1703
vn 0.9723 -0.0364 0.2310
vn 0.6673 -0.7278 0.1584
vn -0.0263 -0.9996 -0.0063
vn -0.7084 -0.6855 -0.1680
vn -0.9885 0.0370 -0.1467
vn -0.6574 0.7372 -0.1559
vn 0.0452 0.9989 0.0107
vn 0.0498 0.9986 0.0175
vn 0.6978 0.6726 0.2461
vn 0.6499 -0.7247 0.2292
vn -0.0194 -0.9998 -0.0069
vn -0.6834 -0.6891 -0.2409
vn -0.9425 0.0372 -0.3322
vn -0.9724 0.0369 -0.2305
vn -0.6335 0.7408 -0.2234
vn 0.6642 0.6753 0.3206
vn 0.9000 -0.0364 0.4343
vn 0.9424 -0.0361 0.3324
vn 0.6182 -0.7272 0.2985
vn -0.0233 -0.9997 -0.0112
vn -0.6549 -0.6862 -0.3166
vn -0.6076 0.7379 -0.2938
vn 0.0427 0.9989 0.0207
vn 0.6354 0.6765 0.3724
vn 0.8622 -0.0363 0.5053
vn 0.5913 -0.7283 0.3464
vn -0.0243 -0.9996 -0.0143
vn -0.6286 -0.6850 -0.3682
vn -0.8996 0.0370 -0.4351
vn -0.5835 0.7367 -0.3418
vn 0.0392 0.9990 0.0229
vn 0.0410 0.9987 0.0293
vn 0.6006 0.6739 0.4302
vn 0.5591 -0.7259 0.4005
vn -0.0187 -0.9997 -0.0134
vn -0.5902 -0.6878 -0.4226
vn -0.8125 0.0371 -0.5818
vn -0.8621 0.0370 -0.5053
vn -0.5473 0.7395 -0.3919
vn 0.5560 0.6759 0.4838
vn 0.7540 -0.0363 0.6559
vn 0.8124 -0.0361 0.5819
vn 0.5173 -0.7279 0.4501
vn -0.0207 -0.9996 -0.0179
vn -0.5490 -0.6856 -0.4781
vn -0.5096 0.7371 -0.4438
vn 0.0347 0.9989 0.0303
vn 0.5219 0.6773 0.5185
vn 0.7089 -0.0363 0.7044
vn 0.4854 -0.7293 0.4823
vn -0.0214 -0.9995 -0.0213
vn -0.5176 -0.6840 -0.5141
vn -0.7535 0.0368 -0.6564
vn -0.4806 0.7357 -0.4773
vn 0.0308 0.9991 0.0305
vn 0.0322 0.9988 0.0375
vn 0.4807 0.6744 0.5605
vn 0.4473 -0.7264 0.5218
vn -0.0156 -0.9997 -0.0182
vn -0.4729 -0.6873 -0.5514
vn -0.6506 0.0371 -0.7585
vn -0.7091 0.0370 -0.7042
vn -0.4386 0.7390 -0.5114
vn 0.4285 0.6754 0.6002
vn 0.6504 -0.0362 0.7587
vn 0.5776 -0.0370 0.8155
vn 0.3941 -0.7278 0.5612
vn -0.0187 -0.9996 -0.0196
vn -0.5778 0.0358 -0.8154
vn -0.3888 0.7368 -0.5532
vn 0.0297 0.9989 0.0354
vn 0.0381 0.9986 0.0373
vn 0.3713 0.6729 0.6398
vn 0.3279 -0.7247 0.6060
vn -0.0228 -0.9997 -0.0099
vn -0.3641 -0.6903 -0.6252
vn -0.4228 -0.6862 -0.5919
vn -0.4905 0.0343 -0.8708
vn -0.3214 0.7387 -0.5925
vn 0.0507 0.9980 0.0371
vn 0.2837 0.6721 0.6839
vn 0.4889 -0.0366 0.8716
vn 0.2225 -0.7200 0.6573
vn -0.0356 -0.9994 0.0019
vn -0.2771 -0.6961 -0.6623
vn -0.3547 0.0294 -0.9345
vn -0.2162 0.7380 -0.6392
vn 0.0650 0.9972 0.0362
vn 0.1693 0.6762 0.7170
vn 0.3525 -0.0340 0.9352
vn 0.0844 -0.7120 0.6971
vn -0.0565 -0.9983 0.0106
vn -0.1665 -0.7029 -0.6915
vn -0.1773 0.0208 -0.9839
vn -0.0796 0.7329 -0.6757
vn 0.0446 0.6854 0.7268
vn -0.0129 -0.0121 0.9998
vn 0.1763 -0.0254 0.9840
vn -0.0633 -0.7021 0.7092
vn -0.0780 -0.9969 0.0114
vn -0.0468 -0.7102 -0.7024
vn 0.0650 0.7227 -0.6881
vn 0.0773 0.9964 0.0341
vn -0.0813 0.6960 0.7135
vn -0.2017 0.0045 0.9794
vn -0.2088 -0.6889 0.6942
vn -0.0967 -0.9953 0.0103
vn 0.0737 -0.7208 -0.6892
vn 0.0132 0.0083 -0.9999
vn 0.2063 0.7109 -0.6724
vn 0.0870 0.9956 0.0360
vn 0.0928 0.9948 0.0416
vn -0.2169 0.7082 0.6718
vn -0.3606 -0.6712 0.6476
vn -0.1149 -0.9933 0.0085
vn 0.2015 -0.7359 -0.6464
vn 0.3990 -0.0277 -0.9165
vn 0.2014 -0.0077 -0.9795
vn 0.3518 0.6980 -0.6238
vn 0.0872 0.9948 0.0529
vn -0.3832 0.7224 0.5756
vn -0.4010 0.0253 0.9157
vn -0.5385 -0.6438 0.5436
vn -0.1392 -0.9902 0.0078
vn 0.3515 -0.7612 -0.5450
vn 0.6338 -0.0565 -0.7714
vn 0.5177 0.6846 -0.5132
vn -0.5451 0.7444 0.3856
vn -0.8589 0.0882 0.5045
vn -0.6343 0.0538 0.7712
vn -0.7070 -0.6155 0.3483
vn -0.1581 -0.9874 -0.0042
vn 0.5007 -0.7866 -0.3613
vn 0.8617 -0.0894 -0.4994
vn 0.0782 0.9957 0.0501
vn -0.6150 0.7680 0.1790
vn -0.9677 0.1103 0.2268
vn -0.7790 -0.6095 0.1471
vn -0.1427 -0.9896 -0.0170
vn 0.5885 -0.7902 -0.1711
vn 0.7562 0.6399 -0.1371
vn 0.6740 0.6651 -0.3216
vn 0.0919 0.9953 0.0296
vn -0.6282 0.7770 0.0409
vn -0.9920 0.1168 0.0475
vn -0.7916 -0.6104 0.0269
vn -0.1325 -0.9911 -0.0092
vn 0.6114 -0.7903 -0.0396
vn 0.9692 -0.1080 -0.2215
vn 0.7749 0.6316 -0.0250
vn 0.0988 0.9950 0.0110
vn -0.6243 0.7794 -0.0518
vn -0.9907 0.1165 -0.0700
vn -0.7879 -0.6140 -0.0481
vn -0.1269 -0.9919 0.0020
vn 0.6131 -0.7884 0.0516
vn 0.9925 -0.1130 -0.0461
vn 0.7770 0.6278 0.0475
vn 0.1046 0.9945 -0.0035
vn -0.6162 0.7811 -0.1013
vn -0.9843 0.1141 -0.1345
vn -0.7802 -0.6191 -0.0895
vn -0.1207 -0.9927 0.0079
vn 0.6114 -0.7849 0.1010
vn 0.9909 -0.1141 0.0706
vn 0.7762 0.6241 0.0890
vn 0.1119 0.9937 -0.0090
vn -0.6122 0.7839 -0.1035
vn -0.9836 0.1133 -0.1405
vn -0.7759 -0.6237 -0.0947
vn -0.1130 -0.9936 0.0065
vn 0.6146 -0.7820 0.1037
vn 0.9843 -0.1140 0.1348
vn 0.7792 0.6195 0.0953
vn 0.1191 0.9929 -0.0057
vn -0.6136 0.7875 -0.0573
vn -0.9899 0.1131 -0.0860
vn -0.7756 -0.6281 -0.0634
vn -0.1045 -0.9945 -0.0036
vn 0.6235 -0.7797 0.0576
vn 0.9834 -0.1148 0.1403
vn 0.7863 0.6145 0.0641
vn 0.1252 0.9921 0.0053
vn -0.6137 0.7889 0.0319
vn -0.9935 0.1112 0.0229
vn -0.7747 -0.6324 0.0002
vn -0.0983 -0.9949 -0.0225
vn 0.6289 -0.7769 -0.0321
vn 0.9895 -0.1166 0.0854
vn 0.7910 0.6118 -0.0013
vn 0.1301 0.9913 0.0214
vn -0.6012 0.7850 0.1498
vn -0.9801 0.1041 0.1688
vn -0.7651 -0.6382 0.0855
vn -0.0974 -0.9941 -0.0476
vn 0.6193 -0.7704 -0.1514
vn 0.9929 -0.1163 -0.0234
vn 0.7843 0.6137 -0.0904
vn 0.1354 0.9899 0.0409
vn 0.1356 0.9896 0.0474
vn -0.9430 0.0963 0.3185
vn -0.7433 -0.6432 0.1840
vn -0.1011 -0.9931 -0.0591
vn 0.5933 -0.7602 -0.2648
vn 0.9795 -0.1102 -0.1687
vn 0.9434 -0.0948 -0.3178
vn 0.7578 0.6240 -0.1905
vn 0.1258 0.9915 0.0344
vn -0.5729 0.7771 0.2604
vn -0.8935 0.0866 0.4407
vn -0.7077 -0.6488 0.2798
vn -0.1006 -0.9938 -0.0469
vn 0.5605 -0.7535 -0.3436
vn 0.8939 -0.0815 -0.4407
vn 0.7164 0.6363 -0.2861
vn -0.5089 0.7676 0.3896
vn -0.5434 0.7687 0.3373
vn -0.8294 0.0815 0.5527
vn -0.6498 -0.6568 0.3825
vn -0.0802 -0.9966 -0.0170
vn 0.5310 -0.7457 -0.4025
vn 0.8305 -0.0682 -0.5528
vn 0.1088 0.9941 -0.0020
vn 0.0777 0.9963 -0.0364
vn -0.4781 0.7624 0.4362
vn -0.7534 0.0737 0.6534
vn -0.0576 -0.9982 0.0190
vn 0.4924 -0.7462 -0.4481
vn 0.7547 -0.0653 -0.6528
vn 0.5845 0.6512 -0.4840
vn 0.6576 0.6453 -0.3887
vn 0.0553 0.9969 -0.0551
vn -0.4479 0.7594 0.4720
vn -0.6882 0.0708 0.7221
vn -0.5775 -0.6612 0.4789
vn -0.0418 -0.9983 0.0410
vn 0.4569 -0.7480 -0.4814
vn 0.6886 -0.0655 -0.7222
vn 0.5235 0.6534 -0.5469
vn -0.4111 0.7611 0.5018
vn -0.6201 0.0715 0.7813
vn -0.5186 -0.6612 0.5421
vn -0.4579 -0.6619 0.5935
vn -0.0240 -0.9983 0.0533
vn 0.4208 -0.7470 -0.5147
vn 0.4632 0.6519 -0.6004
vn 0.0392 0.9966 -0.0722
vn -0.3588 0.7632 0.5374
vn -0.5287 0.0733 0.8456
vn -0.3809 -0.6618 0.6457
vn -0.0068 -0.9981 0.0617
vn 0.3681 -0.7474 -0.5531
vn 0.6197 -0.0659 -0.7821
vn 0.3876 0.6483 -0.6554
vn 0.0224 0.9960 -0.0868
vn 0.0078 0.9959 -0.0904
vn -0.3043 0.7625 0.5709
vn -0.3092 -0.6578 0.6868
vn 0.0015 -0.9975 0.0711
vn 0.3095 -0.7517 -0.5824
vn 0.4373 -0.0731 -0.8963
vn 0.5290 -0.0689 -0.8459
vn 0.3136 0.6471 -0.6949
vn -0.2503 0.7648 0.5937
vn -0.3535 0.0778 0.9322
vn -0.4371 0.0749 0.8963
vn -0.2451 -0.6559 0.7139
vn 0.0081 -0.9973 0.0729
vn 0.2539 -0.7532 -0.6068
vn 0.2481 0.6443 -0.7234
vn 0.0003 0.9955 -0.0945
vn -0.1569 0.7727 0.6151
vn -0.2173 0.0814 0.9727
vn -0.1452 -0.6595 0.7375
vn 0.0130 -0.9979 0.0631
vn 0.1615 -0.7518 -0.6393
vn 0.3517 -0.0761 -0.9330
vn 0.1501 0.6354 -0.7575
vn -0.0033 0.9943 -0.1070
vn -0.0055 0.9947 -0.1022
vn -0.0416 0.7720 0.6343
vn -0.0325 -0.6551 0.7549
vn 0.0071 -0.9977 0.0672
vn 0.0431 -0.7564 -0.6526
vn 0.0545 -0.0847 -0.9949
vn 0.2170 -0.0806 -0.9728
vn 0.0344 0.6353 -0.7715
vn -0.0065 0.9949 -0.1011
vn 0.0571 0.7723 0.6327
vn -0.0527 0.0835 0.9951
vn 0.0641 -0.6535 0.7542
vn 0.0036 -0.9977 0.0682
vn -0.0582 -0.7567 -0.6512
vn -0.0863 -0.0842 -0.9927
vn -0.0654 0.6359 -0.7690
vn 0.1419 0.7741 0.6169
vn 0.2262 0.0882 0.9701
vn 0.0868 0.0852 0.9926
vn 0.1737 -0.6527 0.7375
vn 0.0177 -0.9978 0.0640
vn -0.1469 -0.7545 -0.6396
vn -0.2262 -0.0809 -0.9707
vn -0.1768 0.6374 -0.7499
vn -0.0720 0.9941 -0.0813
vn -0.0262 0.9948 -0.0986
vn 0.3552 0.0946 0.9300
vn 0.2974 -0.6468 0.7023
vn 0.0610 -0.9967 0.0530
vn -0.2093 -0.7547 -0.6218
vn -0.3562 -0.0792 -0.9310
vn -0.2997 0.6386 -0.7088
vn 0.2452 0.7807 0.5748
vn 0.1995 0.7758 0.5986
vn 0.4804 0.1036 0.8709
vn 0.4255 -0.6396 0.6402
vn 0.1140 -0.9932 0.0242
vn -0.2615 -0.7570 -0.5988
vn -0.4300 0.6273 -0.6493
vn -0.1323 0.9896 -0.0571
vn 0.3081 0.7904 0.5294
vn 0.6199 0.1207 0.7753
vn 0.5547 -0.6253 0.5488
vn 0.1550 -0.9879 -0.0074
vn -0.3305 -0.7658 -0.5517
vn -0.4829 -0.0886 -0.8712
vn -0.5624 0.6070 -0.5615
vn -0.1830 0.9827 -0.0277
vn -0.2059 0.9786 -0.0037
vn 0.3818 0.8013 0.4606
vn 0.7454 0.1399 0.6518
vn 0.1755 -0.9842 -0.0232
vn -0.4021 -0.7828 -0.4749
vn -0.7456 -0.1370 -0.6522
vn -0.6222 -0.1091 -0.7752
vn -0.6670 0.5857 -0.4604
vn -0.1976 0.9803 -0.0046
vn 0.4474 0.8088 0.3818
vn 0.8270 0.1524 0.5411
vn 0.6567 -0.6071 0.4474
vn 0.1760 -0.9843 -0.0096
vn -0.4574 -0.8008 -0.3867
vn -0.8260 -0.1590 -0.5408
vn -0.7218 0.5750 -0.3852
vn 0.4951 0.8215 0.2829
vn 0.8918 0.1651 0.4211
vn 0.7111 -0.5940 0.3762
vn 0.7475 -0.5907 0.3037
vn 0.1591 -0.9872 0.0065
vn -0.5149 -0.8065 -0.2908
vn -0.7630 0.5657 -0.3126
vn -0.1948 0.9805 -0.0237
vn -0.1753 0.9843 -0.0217
vn 0.5301 0.8173 0.2259
vn 0.7766 -0.5754 0.2564
vn 0.1738 -0.9846 0.0212
vn -0.5310 -0.8166 -0.2260
vn -0.9245 -0.1714 -0.3406
vn -0.8914 -0.1682 -0.4208
vn -0.7777 0.5741 -0.2561
vn 0.5323 0.8302 0.1657
vn 0.9520 0.1787 0.2485
vn 0.9243 0.1712 0.3412
vn 0.7919 -0.5835 0.1799
vn 0.1571 -0.9876 0.0032
vn -0.5615 -0.8094 -0.1723
vn -0.8072 0.5609 -0.1838
vn -0.1997 0.9798 -0.0146
vn -0.1892 0.9819 0.0072
vn 0.5566 0.8253 0.0955
vn 0.8161 -0.5717 0.0841
vn 0.1750 -0.9845 -0.0090
vn -0.5662 -0.8186 -0.0967
vn -0.9756 -0.1783 -0.1280
vn -0.9533 -0.1724 -0.2478
vn -0.8210 0.5645 -0.0852
vn 0.5528 0.8327 0.0319
vn 0.9824 0.1853 0.0216
vn 0.9753 0.1803 0.1276
vn 0.8178 -0.5755 -0.0017
vn 0.1644 -0.9861 -0.0239
vn -0.5778 -0.8156 -0.0319
vn -0.8306 0.5568 0.0009
vn -0.2011 0.9793 0.0231
vn -0.1906 0.9808 0.0403
vn 0.5576 0.8294 -0.0344
vn 0.8184 -0.5675 -0.0907
vn 0.1747 -0.9839 -0.0388
vn -0.5685 -0.8219 0.0354
vn -0.9789 -0.1842 0.0886
vn -0.9834 -0.1802 -0.0217
vn -0.8239 0.5594 0.0908
vn 0.5438 0.8342 -0.0916
vn 0.9639 0.1897 -0.1867
vn 0.9784 0.1864 -0.0890
vn 0.8040 -0.5700 -0.1694
vn 0.1651 -0.9850 -0.0510
vn -0.5645 -0.8198 0.0959
vn -0.8145 0.5544 0.1710
vn -0.1955 0.9790 0.0570
vn -0.1836 0.9805 0.0699
vn 0.5360 0.8312 -0.1478
vn 0.7886 -0.5642 -0.2446
vn 0.1699 -0.9833 -0.0658
vn -0.5456 -0.8244 0.1506
vn -0.9418 -0.1879 0.2787
vn -0.9649 -0.1849 0.1867
vn -0.7933 0.5570 0.2457
vn 0.5144 0.8351 -0.1950
vn 0.9123 0.1923 -0.3614
vn 0.9413 0.1901 -0.2789
vn 0.7629 -0.5669 -0.3109
vn 0.1597 -0.9843 -0.0755
vn -0.5321 -0.8222 0.2021
vn -0.7717 0.5530 0.3142
vn -0.1850 0.9790 0.0856
vn -0.1725 0.9804 0.0948
vn 0.5000 0.8318 -0.2412
vn 0.7385 -0.5619 -0.3726
vn 0.1624 -0.9826 -0.0898
vn -0.5072 -0.8263 0.2448
vn -0.8797 -0.1898 0.4360
vn -0.9132 -0.1882 0.3615
vn -0.7420 0.5562 0.3743
vn 0.4723 0.8359 -0.2798
vn 0.8403 0.1937 -0.5063
vn 0.8793 0.1919 -0.4358
vn 0.7042 -0.5657 -0.4290
vn 0.1493 -0.9841 -0.0966
vn -0.4886 -0.8230 0.2897
vn -0.7121 0.5521 0.4336
vn -0.1726 0.9787 0.1107
vn -0.1575 0.9807 0.1160
vn 0.4547 0.8314 -0.3192
vn 0.6743 -0.5604 -0.4810
vn 0.1513 -0.9822 -0.1116
vn -0.4591 -0.8278 0.3225
vn -0.8007 -0.1912 0.5677
vn -0.8411 -0.1891 0.5067
vn -0.6764 0.5564 0.4826
vn 0.4185 0.8373 -0.3517
vn 0.7494 0.1949 -0.6328
vn 0.8006 0.1925 -0.5674
vn 0.6288 -0.5663 -0.5327
vn 0.1333 -0.9844 -0.1149
vn -0.4356 -0.8223 0.3663
vn -0.6369 0.5506 0.5396
vn -0.1575 0.9782 0.1354
vn -0.1384 0.9803 0.1410
vn 0.3891 0.8324 -0.3947
vn 0.5809 -0.5606 -0.5901
vn 0.1307 -0.9824 -0.1332
vn -0.3946 -0.8271 0.4003
vn -0.6888 -0.1911 0.6993
vn -0.7502 -0.1892 0.6336
vn -0.5835 0.5552 0.5927
vn 0.3492 0.8368 -0.4217
vn 0.6257 0.1951 -0.7553
vn 0.6882 0.1934 -0.6992
vn 0.5264 -0.5653 -0.6352
vn 0.1133 -0.9841 -0.1366
vn -0.3624 -0.8229 0.4376
vn -0.5324 0.5510 0.6426
vn -0.1319 0.9784 0.1590
vn -0.1123 0.9796 0.1664
vn 0.3079 0.8339 -0.4580
vn 0.4616 -0.5624 -0.6861
vn 0.1026 -0.9830 -0.1520
vn -0.3150 -0.8256 0.4681
vn -0.5485 -0.1907 0.8141
vn -0.6263 -0.1897 0.7561
vn -0.4653 0.5538 0.6905
vn -0.1009 0.9810 0.1658
vn 0.2893 0.8307 -0.4756
vn 0.5474 0.1937 -0.8142
vn 0.4310 -0.5588 -0.7085
vn 0.0989 -0.9818 -0.1623
vn -0.2909 -0.8287 0.4781
vn -0.5104 -0.1918 0.8383
vn -0.4318 0.5572 0.7093
vn -0.0988 0.9819 0.1617
vn 0.2926 0.8285 -0.4775
vn 0.5100 0.1924 -0.8384
vn 0.4340 -0.5568 -0.7082
vn 0.1018 -0.9808 -0.1661
vn -0.2904 -0.8312 0.4741
vn -0.5125 -0.1928 0.8367
vn -0.4330 0.5594 0.7068
vn -0.1030 0.9831 0.1515
vn 0.3181 0.8256 -0.4661
vn 0.5129 0.1916 -0.8368
vn 0.4693 -0.5537 -0.6878
vn 0.1132 -0.9796 -0.1659
vn -0.3109 -0.8340 0.4558
vn -0.5528 -0.1940 0.8104
vn -0.4659 0.5623 0.6832
vn -0.1144 0.9831 0.1432
vn 0.3526 0.8254 -0.4408
vn 0.5534 0.1903 -0.8109
vn 0.5201 -0.5538 -0.6502
vn 0.1256 -0.9796 -0.1571
vn -0.3442 -0.8341 0.4310
vn -0.6119 -0.1939 0.7668
vn -0.5159 0.5624 0.6462
vn -0.1244 0.9840 0.1275
vn 0.3971 0.8229 -0.4065
vn 0.6134 0.1902 -0.7666
vn 0.5836 -0.5511 -0.5964
vn 0.1439 -0.9785 -0.1477
vn -0.3821 -0.8365 0.3928
vn -0.6832 -0.1951 0.7037
vn -0.5751 0.5647 0.5919
vn -0.1314 0.9873 0.0898
vn 0.4797 0.8144 -0.3265
vn 0.6870 0.1892 -0.7016
vn 0.6940 -0.5434 -0.4723
vn 0.1852 -0.9746 -0.1259
vn -0.4407 -0.8458 0.3008
vn -0.8091 -0.1990 0.5529
vn -0.6757 0.5748 0.4615
vn 0.5519 0.8139 -0.1817
vn 0.9330 0.1858 -0.3083
vn 0.8123 0.1859 -0.5528
vn 0.7976 -0.5427 -0.2633
vn 0.2137 -0.9744 -0.0699
vn -0.5067 -0.8459 0.1666
vn -0.7777 0.5746 0.2551
vn -0.1505 0.9873 0.0499
vn 0.5793 0.8147 -0.0249
vn 0.9816 0.1861 -0.0423
vn 0.8387 -0.5434 -0.0361
vn 0.2228 -0.9748 -0.0096
vn -0.5344 -0.8449 0.0228
vn -0.9313 -0.1991 0.3051
vn -0.8184 0.5735 0.0348
vn -0.1605 0.9870 0.0068
vn -0.1552 0.9872 -0.0362
vn 0.5652 0.8145 0.1308
vn 0.8179 -0.5433 0.1894
vn 0.2181 -0.9746 0.0503
vn -0.5200 -0.8456 -0.1210
vn -0.9544 -0.1992 -0.2222
vn -0.9792 -0.1986 0.0416
vn -0.7974 0.5743 -0.1855
vn 0.5135 0.8187 0.2569
vn 0.8789 0.1877 0.4384
vn 0.9572 0.1860 0.2217
vn 0.7489 -0.5471 0.3739
vn 0.1922 -0.9766 0.0965
vn -0.4834 -0.8410 -0.2431
vn -0.7340 0.5695 -0.3700
vn -0.1510 0.9856 -0.0755
vn 0.4638 0.8244 0.3245
vn 0.8049 0.1898 0.5622
vn 0.6831 -0.5526 0.4774
vn 0.1663 -0.9792 0.1166
vn -0.4505 -0.8349 -0.3161
vn -0.8752 -0.1969 -0.4418
vn -0.6762 0.5632 -0.4749
vn -0.1485 0.9834 -0.1040
vn 0.4299 0.8240 0.3691
vn 0.7450 0.1897 0.6396
vn 0.6325 -0.5523 0.5430
vn 0.1549 -0.9789 0.1330
vn -0.4167 -0.8357 -0.3578
vn -0.8026 -0.1943 -0.5639
vn -0.6265 0.5640 -0.5380
vn -0.1365 0.9837 -0.1172
vn -0.1212 0.9840 -0.1303
vn 0.3870 0.8229 0.4160
vn 0.5682 -0.5514 0.6108
vn 0.1404 -0.9785 0.1508
vn -0.3734 -0.8364 -0.4012
vn -0.6682 -0.1952 -0.7179
vn -0.7441 -0.1947 -0.6391
vn -0.5622 0.5649 -0.6040
vn -0.1130 0.9828 -0.1463
vn 0.3442 0.8259 0.4465
vn 0.6688 0.1893 0.7190
vn 0.5079 -0.5542 0.6595
vn 0.1221 -0.9798 0.1581
vn -0.3384 -0.8331 -0.4374
vn -0.6008 -0.1936 -0.7756
vn -0.5067 0.5613 -0.6544
vn -0.0778 0.9867 -0.1426
vn 0.2769 0.8160 0.5074
vn 0.5988 0.1902 0.7780
vn 0.4015 -0.5447 0.7362
vn 0.1060 -0.9753 0.1937
vn -0.2573 -0.8442 -0.4703
vn -0.4713 -0.1982 -0.8594
vn -0.3938 0.5730 -0.7188
vn 0.1605 0.8194 0.5503
vn 0.2751 0.1883 0.9428
vn 0.4702 0.1867 0.8626
vn 0.2343 -0.5479 0.8031
vn 0.0597 -0.9770 0.2048
vn -0.1524 -0.8400 -0.5208
vn -0.2311 0.5684 -0.7896
vn -0.0480 0.9853 -0.1639
vn -0.0140 0.9860 -0.1664
vn 0.0480 0.8175 0.5739
vn 0.0685 -0.5459 0.8350
vn 0.0188 -0.9761 0.2164
vn -0.0473 -0.8416 -0.5380
vn -0.0883 -0.1972 -0.9764
vn -0.2755 -0.1964 -0.9410
vn -0.0733 0.5701 -0.8183
vn 0.0327 0.9898 -0.1387
vn -0.1354 0.8073 0.5744
vn 0.0795 0.1869 0.9792
vn -0.1936 -0.5365 0.8214
vn -0.0548 -0.9710 0.2327
vn 0.1194 -0.8540 -0.5064
vn 0.2246 -0.2034 -0.9530
vn 0.1862 0.5840 -0.7901
vn -0.3024 0.8168 0.4913
vn -0.5127 0.1867 0.8380
vn -0.2255 0.1834 0.9568
vn -0.4382 -0.5453 0.7146
vn -0.1151 -0.9759 0.1855
vn 0.2845 -0.8422 -0.4579
vn 0.4345 0.5708 -0.6967
vn 0.0868 0.9862 -0.1411
vn -0.3980 0.8186 0.4142
vn -0.6807 0.1875 0.7082
vn -0.5801 -0.5470 0.6035
vn -0.1490 -0.9766 0.1551
vn 0.3753 -0.8409 -0.3900
vn 0.5195 -0.1975 -0.8313
vn 0.5700 0.5694 -0.5923
vn 0.1171 0.9856 -0.1216
vn 0.1365 0.9865 -0.0901
vn -0.4816 0.8163 0.3190
vn -0.6991 -0.5451 0.4628
vn -0.1832 -0.9755 0.1216
vn 0.4478 -0.8435 -0.2965
vn 0.8171 -0.1980 -0.5414
vn 0.6798 -0.1969 -0.7064
vn 0.6837 0.5723 -0.4529
vn -0.5345 0.8193 0.2078
vn -0.9151 0.1880 0.3567
vn -0.8193 0.1866 0.5422
vn -0.7797 -0.5476 0.3037
vn -0.1994 -0.9769 0.0773
vn 0.5053 -0.8404 -0.1958
vn 0.7670 0.5689 -0.2967
vn 0.1584 0.9854 -0.0616
vn -0.5543 0.8231 0.1235
vn -0.9585 0.1894 0.2133
vn -0.8143 -0.5514 0.1812
vn -0.2005 -0.9787 0.0447
vn 0.5354 -0.8361 -0.1192
vn 0.9146 -0.1967 -0.3534
vn 0.8058 0.5644 -0.1795
vn 0.1746 0.9839 -0.0388
vn 0.1650 0.9863 -0.0081
vn -0.5756 0.8172 0.0278
vn -0.8369 -0.5458 0.0406
vn -0.2180 -0.9759 0.0104
vn 0.5376 -0.8428 -0.0258
vn 0.9791 -0.1979 -0.0467
vn 0.9574 -0.1948 -0.2133
vn 0.8197 0.5715 -0.0391
vn -0.5577 0.8292 -0.0379
vn -0.9792 0.1918 -0.0662
vn -0.9812 0.1871 0.0477
vn -0.8284 -0.5574 -0.0562
vn -0.1924 -0.9812 -0.0131
vn 0.5566 -0.8299 0.0387
vn 0.8279 0.5580 0.0576
vn 0.1913 0.9815 0.0133
vn -0.5573 0.8293 -0.0419
vn -0.9787 0.1918 -0.0736
vn -0.8277 -0.5577 -0.0623
vn -0.1923 -0.9812 -0.0145
vn 0.5564 -0.8299 0.0413
vn 0.9790 -0.1923 0.0682
vn 0.8276 0.5580 0.0613
vn 0.1910 0.9815 0.0141
vn -0.5411 0.8409 0.0109
vn -0.9802 0.1969 0.0194
vn -0.8218 -0.5695 0.0164
vn -0.1692 -0.9856 0.0035
vn 0.5736 -0.8191 -0.0115
vn 0.9786 -0.1923 0.0729
vn 0.8367 0.5474 -0.0169
vn 0.2144 0.9767 -0.0042
vn 0.1974 0.9799 -0.0297
vn -0.5468 0.8332 0.0823
vn -0.8182 -0.5616 0.1231
vn -0.1826 -0.9828 0.0274
vn 0.5571 -0.8262 -0.0837
vn 0.9708 -0.1907 -0.1457
vn 0.9820 -0.1881 -0.0199
vn 0.8230 0.5544 -0.1236
vn -0.5259 0.8389 0.1405
vn -0.9474 0.1959 0.2530
vn -0.9702 0.1935 0.1461
vn -0.7955 -0.5675 0.2124
vn -0.1672 -0.9849 0.0447
vn 0.5516 -0.8210 -0.1474
vn 0.8072 0.5494 -0.2157
vn 0.2035 0.9776 -0.0543
vn 0.1878 0.9792 -0.0765
vn -0.5098 0.8349 0.2077
vn -0.7652 -0.5633 0.3118
vn -0.1680 -0.9834 0.0684
vn 0.5239 -0.8246 -0.2132
vn 0.9094 -0.1901 -0.3698
vn 0.9488 -0.1886 -0.2536
vn 0.7718 0.5529 -0.3139
vn -0.4874 0.8352 0.2545
vn -0.8697 0.1943 0.4538
vn -0.9084 0.1941 0.3703
vn -0.7323 -0.5637 0.3821
vn -0.1600 -0.9836 0.0836
vn 0.5017 -0.8243 -0.2622
vn 0.7386 0.5525 -0.3862
vn 0.1805 0.9791 -0.0942
vn -0.4456 0.8390 0.3124
vn -0.8029 0.1959 0.5630
vn -0.6741 -0.5676 0.4727
vn -0.1417 -0.9849 0.0993
vn 0.4676 -0.8209 -0.3279
vn 0.8702 -0.1902 -0.4545
vn 0.6843 0.5492 -0.4798
vn 0.1725 0.9776 -0.1210
vn 0.1498 0.9795 -0.1347
vn -0.4102 0.8341 0.3687
vn -0.6149 -0.5625 0.5527
vn -0.1359 -0.9832 0.1222
vn 0.4199 -0.8252 -0.3778
vn 0.7296 -0.1903 -0.6568
vn 0.8043 -0.1890 -0.5633
vn 0.6191 0.5534 -0.5573
vn -0.3480 0.8411 0.4141
vn -0.6312 0.1968 0.7502
vn -0.7297 0.1939 0.6557
vn -0.5289 -0.5699 0.6289
vn -0.1084 -0.9857 0.1292
vn 0.3691 -0.8188 -0.4397
vn 0.5379 0.5473 -0.6412
vn 0.1384 0.9766 -0.1646
vn 0.1038 0.9771 -0.1856
vn -0.2654 0.8398 0.4737
vn -0.4021 -0.5682 0.7179
vn -0.0838 -0.9852 0.1493
vn 0.2798 -0.8199 -0.4994
vn 0.4804 -0.1881 -0.8566
vn 0.6312 -0.1878 -0.7526
vn 0.4090 0.5484 -0.7294
vn 0.0716 0.9779 -0.1967
vn -0.1870 0.8378 0.5129
vn -0.4790 0.1963 0.8556
vn -0.2827 -0.5663 0.7742
vn -0.0597 -0.9846 0.1645
vn 0.1944 -0.8213 -0.5363
vn 0.3336 -0.1887 -0.9236
vn 0.2841 0.5495 -0.7857
vn -0.0635 0.8476 0.5267
vn -0.1174 0.1999 0.9728
vn -0.3368 0.1952 0.9211
vn -0.0978 -0.5771 0.8108
vn -0.0185 -0.9879 0.1543
vn 0.0696 -0.8130 -0.5781
vn 0.1006 0.5419 -0.8344
vn 0.0273 0.9738 -0.2257
vn -0.0166 0.9780 -0.2078
vn 0.0638 0.8367 0.5439
vn 0.0859 -0.5679 0.8186
vn 0.0126 -0.9847 0.1737
vn -0.0652 -0.8214 -0.5666
vn -0.1036 -0.1892 -0.9765
vn 0.1174 -0.1855 -0.9756
vn -0.0842 0.5495 -0.8312
vn -0.0323 0.9780 -0.2062
vn 0.1570 0.8358 0.5261
vn 0.1078 0.1929 0.9753
vn 0.2535 0.1901 0.9485
vn 0.0227 -0.9852 0.1698
vn -0.1639 -0.8195 -0.5492
vn -0.2553 -0.1876 -0.9485
vn -0.2016 0.5501 -0.8104
vn 0.2897 0.8340 0.4695
vn 0.4483 0.1789 0.8758
vn 0.1971 -0.5712 0.7968
vn 0.3302 -0.5861 0.7399
vn 0.0141 -0.9869 0.1604
vn -0.3060 -0.8096 -0.5008
vn -0.3457 0.5484 -0.7614
vn -0.0427 0.9757 -0.2150
vn 0.4602 0.8208 0.3383
vn 0.7011 0.1527 0.6965
vn 0.4976 -0.6121 0.6146
vn -0.0053 -0.9873 0.1588
vn -0.4916 -0.7845 -0.3780
vn -0.4515 -0.1808 -0.8738
vn -0.5263 0.5630 -0.6372
vn -0.0563 0.9741 -0.2190
vn -0.0564 0.9795 -0.1932
vn 0.5849 0.7887 0.1894
vn 0.6329 -0.6302 0.4498
vn 0.0066 -0.9861 0.1658
vn -0.6121 -0.7619 -0.2119
vn -0.8777 -0.1110 -0.4661
vn -0.6994 -0.1522 -0.6983
vn -0.6537 0.6011 -0.4597
vn -0.0451 0.9864 -0.1580
vn 0.6283 0.7672 0.1294
vn 0.8798 0.1152 0.4611
vn 0.6904 -0.6318 0.3524
vn 0.0375 -0.9872 0.1550
vn -0.6357 -0.7602 -0.1340
vn -0.9347 -0.0898 -0.3439
vn -0.6904 0.6312 -0.3535
vn -0.0415 0.9913 -0.1248
vn 0.6207 0.7649 0.1723
vn 0.9350 0.0968 0.3413
vn 0.6964 -0.6241 0.3543
vn 0.0620 -0.9892 0.1330
vn -0.6134 -0.7717 -0.1680
vn -0.9245 -0.0926 -0.3697
vn -0.6836 0.6401 -0.3506
vn -0.0492 0.9940 -0.0981
vn 0.5821 0.7705 0.2598
vn 0.9239 0.0997 0.3693
vn 0.6722 -0.6176 0.4082
vn 0.0762 -0.9907 0.1124
vn -0.5702 -0.7818 -0.2525
vn -0.8779 -0.1022 -0.4678
vn -0.6574 0.6377 -0.4016
vn 0.5328 0.7760 0.3376
vn 0.8196 0.1121 0.5619
vn 0.8775 0.1077 0.4673
vn 0.6359 -0.6170 0.4637
vn 0.0821 -0.9920 0.0957
vn -0.5238 -0.7848 -0.3312
vn -0.6258 0.6317 -0.4574
vn -0.0630 0.9946 -0.0827
vn -0.0723 0.9947 -0.0729
vn 0.4884 0.7781 0.3950
vn 0.7655 0.1134 0.6334
vn 0.0879 -0.9925 0.0855
vn -0.4809 -0.7859 -0.3888
vn -0.7657 -0.1109 -0.6336
vn -0.8197 -0.1085 -0.5624
vn -0.5940 0.6296 -0.5008
vn 0.4631 0.7821 0.4169
vn 0.7385 0.1125 0.6648
vn 0.6019 -0.6170 0.5070
vn 0.5813 -0.6230 0.5233
vn 0.0836 -0.9937 0.0752
vn -0.4629 -0.7822 -0.4170
vn -0.5812 0.6231 -0.5234
vn -0.0836 0.9936 -0.0753
vn -0.5115 -0.0000 0.8593
vn -0.7806 0.1793 0.5987
vn -0.8011 -0.0000 0.5985
vn 0.2533 0.9673 -0.0134
vn 0.7805 0.1794 -0.5989
vn 0.8011 -0.0000 -0.5985
vn 0.5111 -0.0000 -0.8595
vn -0.2534 0.9673 0.0131
vn -0.0134 0.9673 -0.2534
vn -0.5986 0.1796 -0.7807
vn -0.5983 -0.0000 -0.8012
vn -0.5138 0.1794 0.8390
vn 0.0429 0.5773 0.8154
vn -0.3580 0.6993 0.6187
vn 0.0134 0.9673 0.2535
vn 0.4207 0.6992 0.5781
vn 0.5988 0.1794 0.7805
vn 0.0519 0.1481 0.9876
vn 0.8154 0.5773 -0.0426
vn 0.5781 0.6993 -0.4205
vn 0.9876 0.1481 -0.0516
vn 0.8389 0.1794 0.5139
vn 0.6189 0.6992 0.3580
vn -0.8154 0.5774 0.0426
vn -0.5780 0.6993 0.4206
vn -0.9877 0.1477 0.0517
vn -0.8388 0.1793 -0.5140
vn -0.6186 0.6993 -0.3583
vn -0.0427 0.5773 -0.8154
vn -0.4210 0.6993 -0.5777
vn -0.0519 0.1477 -0.9877
vn 0.5138 0.1793 -0.8389
vn 0.3579 0.6993 -0.6188
vn -0.9986 -0.0000 0.0521
vn 0.0016 0.9995 0.0310
vn 0.3265 0.2076 -0.9221
vn -0.0016 0.9995 -0.0313
vn 0.0309 0.9995 -0.0016
vn 0.0297 0.9976 0.0621
vn 0.0621 0.9976 -0.0296
vn 0.0461 0.9976 -0.0512
vn -0.0514 0.2076 -0.9769
vn -0.4212 0.2074 -0.8829
vn -0.4306 -0.0000 -0.9025
vn 0.8830 0.2076 -0.4210
vn 0.9769 0.2074 -0.0516
vn 0.7272 0.2077 0.6543
vn 0.4211 0.2076 0.8829
vn 0.0511 0.2073 0.9769
vn -0.3266 0.2076 0.9221
vn -0.9025 -0.0000 0.4306
vn -0.8829 0.2076 0.4212
vn -0.9769 0.2077 0.0512
vn -0.9426 -0.0000 -0.3339
vn -0.9221 0.2077 -0.3266
vn 0.6547 0.2077 -0.7268
vn -0.0333 0.7708 -0.6362
vn 0.2744 0.7708 0.5750
vn 0.0333 0.7706 0.6365
vn -0.2128 0.7708 0.6005
vn -0.4265 0.7706 0.4736
vn -0.5749 0.7708 0.2744
vn -0.6362 0.7708 0.0334
vn -0.6005 0.7708 -0.2128
vn -0.2743 0.7707 -0.5752
vn 0.3291 0.1616 -0.9303
vn 0.5429 0.8393 -0.0285
vn 0.4040 0.8393 0.3638
vn 0.1201 0.9603 0.2518
vn 0.2343 0.8394 0.4905
vn -0.4909 0.8392 0.2341
vn -0.3632 0.8396 0.4039
vn -0.5123 0.8394 -0.1814
vn -0.2630 0.9603 -0.0931
vn -0.0305 0.9958 0.0863
vn -0.2343 0.8394 -0.4904
vn -0.0395 0.9958 -0.0826
vn -0.0826 0.9958 0.0394
vn 0.0827 0.9958 -0.0394
vn 0.0306 0.9958 -0.0863
vn 0.0394 0.9958 0.0826
vn 0.8908 0.1619 -0.4246
vn -0.9304 0.1609 -0.3292
vn -0.7334 0.1613 -0.6604
vn 0.6607 0.1611 -0.7332
vn 0.5619 0.5430 -0.6241
vn 0.8386 0.5430 -0.0439
vn 0.0438 0.5432 0.8384
vn -0.6239 0.5433 -0.5618
vn -0.0440 0.5430 -0.8386
vn 0.6862 -0.6853 0.2437
vn 0.2186 -0.9631 0.1567
vn 0.2840 -0.9582 -0.0345
vn -0.2380 0.9601 -0.1468
vn -0.5569 0.6714 -0.4890
vn -0.6823 0.5979 -0.4207
vn -0.5719 -0.1168 -0.8120
vn -0.2896 0.0381 -0.9564
vn -0.2896 -0.0381 -0.9564
vn -0.2027 0.6359 -0.7447
vn -0.0238 0.9718 -0.2347
vn -0.0527 0.6674 -0.7428
vn -0.0238 -0.9718 -0.2347
vn -0.2028 -0.6359 -0.7447
vn -0.0527 -0.6674 -0.7428
vn 0.6319 -0.0000 -0.7751
vn 0.1021 0.9800 -0.1707
vn 0.2334 0.7047 -0.6700
vn 0.0650 0.9796 -0.1900
vn 0.5680 0.7062 -0.4226
vn 0.7697 0.1645 -0.6168
vn 0.6830 0.2137 -0.6984
vn -0.0403 -0.1815 -0.9826
vn 0.1435 -0.0000 -0.9896
vn 0.1479 -0.1943 -0.9697
vn 0.0968 -0.6921 -0.7153
vn 0.0650 -0.9796 -0.1902
vn 0.0260 -0.9775 -0.2094
vn 0.0260 0.9775 -0.2093
vn 0.8914 -0.1893 0.4117
vn 0.7998 0.1781 0.5733
vn 0.7998 -0.1781 0.5733
vn 0.8072 0.0416 -0.5888
vn -0.7765 -0.1820 -0.6033
vn -0.6823 -0.5979 -0.4207
vn -0.8384 -0.1732 -0.5168
vn 0.3306 0.2005 -0.9222
vn 0.9866 0.1373 -0.0878
vn 0.8072 -0.0416 -0.5888
vn 0.4461 0.7091 -0.5461
vn 0.4707 0.7120 -0.5211
vn 0.4461 -0.7091 -0.5461
vn 0.6181 -0.1999 -0.7603
vn -0.5569 -0.6714 -0.4890
vn -0.2380 -0.9601 -0.1468
vn -0.1761 -0.9395 -0.2940
vn -0.1692 -0.1727 -0.9703
vn -0.4390 0.4334 -0.7870
vn -0.1765 0.9394 -0.2939
vn -0.1692 0.1727 -0.9703
vn -0.0407 0.1812 -0.9826
vn 0.3608 -0.7079 -0.6072
vn 0.5010 -0.2019 -0.8416
vn -0.5719 0.1168 -0.8120
vn 0.1239 0.9807 -0.1513
vn 0.2333 -0.7044 -0.6704
vn 0.3306 -0.2005 -0.9222
vn 0.0968 0.6921 -0.7153
vn 0.2840 0.9582 -0.0345
vn 0.8416 0.4999 -0.2046
vn 0.1299 -0.9812 -0.1429
vn 0.1239 -0.9806 -0.1520
vn 0.6181 0.1999 -0.7603
vn 0.3613 0.7070 -0.6080
vn 0.2186 0.9631 0.1567
vn 0.6864 0.6850 0.2441
vn 0.7698 -0.1645 -0.6168
vn 0.6830 -0.2137 -0.6984
vn -0.7765 0.1820 -0.6033
vn -0.8384 0.1732 -0.5168
vn -0.2440 0.1416 -0.9594
vn 0.5680 -0.7062 -0.4226
vn 0.4708 -0.7116 -0.5215
vn 0.9866 -0.1373 -0.0878
vn -0.0524 -0.0003 -0.9986
vn 0.1475 0.1947 -0.9697
vn 0.1299 0.9812 -0.1429
vn 0.8416 -0.4999 -0.2046
vn 0.6380 0.6195 0.4573
vn 0.8914 0.1893 0.4117
vn 0.6380 -0.6195 0.4573
vn -0.4390 -0.4334 -0.7870
vn -0.2440 -0.1416 -0.9594
vn 0.1021 -0.9800 -0.1707
vn -0.1501 -0.0000 -0.9887
vn 0.5010 0.2019 -0.8416
vn 0.0650 -0.9962 0.0585
vn -0.0648 -0.9962 -0.0583
vn -0.7383 -0.1125 -0.6650
vt 0.055808 0.489512
vt 0.068832 0.528415
vt 0.039873 0.508929
vt 0.558386 0.619489
vt 0.539580 0.600595
vt 0.560281 0.599781
vt 0.552949 0.580112
vt 0.539586 0.559566
vt 0.560315 0.560444
vt 0.894040 0.439423
vt 0.869690 0.413283
vt 0.894024 0.413204
vt 0.368218 0.201528
vt 0.326557 0.208796
vt 0.326557 0.201653
vt 0.233455 0.286980
vt 0.206957 0.269149
vt 0.235210 0.269151
vt 0.213923 0.470394
vt 0.203275 0.478564
vt 0.206515 0.467655
vt 0.146392 0.600889
vt 0.166085 0.621294
vt 0.146418 0.621983
vt 0.230243 0.678335
vt 0.212356 0.645902
vt 0.223936 0.631728
vt 0.105140 0.560445
vt 0.098409 0.580070
vt 0.093256 0.567759
vt 0.112503 0.580112
vt 0.125874 0.600596
vt 0.105172 0.599781
vt 0.146411 0.451984
vt 0.164435 0.488672
vt 0.146288 0.486881
vt 0.845461 0.648544
vt 0.869680 0.674950
vt 0.845145 0.674702
vt 0.845387 0.439569
vt 0.869712 0.465700
vt 0.845412 0.465763
vt 0.326557 0.229837
vt 0.285107 0.218000
vt 0.326557 0.217744
vt 0.477164 0.580040
vt 0.455855 0.598560
vt 0.454706 0.580021
vt 0.924142 0.681589
vt 0.948872 0.687806
vt 0.924128 0.687604
vt 0.845545 0.596336
vt 0.869779 0.622394
vt 0.845540 0.622431
vt 0.332726 0.528293
vt 0.362720 0.544401
vt 0.332726 0.544400
vt 0.326557 0.212665
vt 0.284947 0.214423
vt 0.284865 0.212654
vt 0.362730 0.561892
vt 0.392712 0.544378
vt 0.392711 0.561861
vt 0.924528 0.386980
vt 0.948839 0.360786
vt 0.948870 0.387004
vt 0.948829 0.203875
vt 0.924603 0.229932
vt 0.924595 0.203832
vt 0.596623 0.528416
vt 0.578929 0.543382
vt 0.574049 0.525187
vt 0.948817 0.334570
vt 0.973110 0.308411
vt 0.973139 0.334602
vt 0.447297 0.287351
vt 0.424859 0.304124
vt 0.419658 0.286980
vt 0.399441 0.229838
vt 0.396845 0.217778
vt 0.401848 0.229838
vt 0.948819 0.282198
vt 0.924515 0.308271
vt 0.924539 0.282102
vt 0.332726 0.580052
vt 0.362745 0.580081
vt 0.297143 0.304201
vt 0.267713 0.287026
vt 0.297150 0.287070
vt 0.973116 0.151692
vt 0.948822 0.177752
vt 0.948822 0.151578
vt 0.425908 0.580011
vt 0.392705 0.598265
vt 0.392706 0.580050
vt 0.973069 0.230032
vt 0.948833 0.256088
vt 0.948833 0.229982
vt 0.233455 0.251322
vt 0.205809 0.250951
vt 0.973064 0.203929
vt 0.544265 0.353584
vt 0.533808 0.392404
vt 0.527121 0.358785
vt 0.924370 0.674644
vt 0.948930 0.648546
vt 0.948909 0.674896
vt 0.385340 0.375638
vt 0.433305 0.319924
vt 0.435505 0.375638
vt 0.458519 0.193163
vt 0.473205 0.210456
vt 0.455406 0.215285
vt 0.573914 0.333773
vt 0.579109 0.373640
vt 0.560066 0.345139
vt 0.537147 0.671501
vt 0.519044 0.708244
vt 0.518968 0.673270
vt 0.493855 0.490756
vt 0.474671 0.483663
vt 0.470009 0.461737
vt 0.948905 0.517919
vt 0.924670 0.543975
vt 0.924661 0.517869
vt 0.161651 0.179517
vt 0.191912 0.153049
vt 0.178794 0.184718
vt 0.332726 0.561873
vt 0.605063 0.615875
vt 0.625579 0.651300
vt 0.596448 0.631979
vt 0.367831 0.229836
vt 0.384118 0.241118
vt 0.368003 0.241672
vt 0.385401 0.287026
vt 0.355971 0.304202
vt 0.355963 0.287070
vt 0.491463 0.179517
vt 0.509292 0.143483
vt 0.509292 0.177761
vt 0.869620 0.282286
vt 0.845389 0.256242
vt 0.869620 0.256176
vt 0.368006 0.218000
vt 0.368270 0.258190
vt 0.387269 0.258124
vt 0.973252 0.648530
vt 0.973468 0.674778
vt 0.417902 0.269151
vt 0.600682 0.269151
vt 0.632544 0.293668
vt 0.598926 0.286980
vt 0.184262 0.249865
vt 0.164242 0.269148
vt 0.163939 0.249032
vt 0.948927 0.622360
vt 0.973154 0.596273
vt 0.973181 0.622385
vt 0.948895 0.106240
vt 0.924042 0.112664
vt 0.924059 0.106284
vt 0.128305 0.671501
vt 0.097377 0.698491
vt 0.110822 0.666231
vt 0.973242 0.413249
vt 0.948921 0.439437
vt 0.948899 0.413222
vt 0.593726 0.234178
vt 0.632544 0.244634
vt 0.598926 0.251322
vt 0.423355 0.111769
vt 0.417588 0.136003
vt 0.417478 0.111689
vt 0.355948 0.375638
vt 0.385385 0.319975
vt 0.924616 0.648425
vt 0.924672 0.622289
vt 0.568077 0.698491
vt 0.544041 0.705782
vt 0.091408 0.525186
vt 0.107006 0.540770
vt 0.086528 0.543380
vt 0.869770 0.596268
vt 0.894049 0.622306
vt 0.948926 0.465647
vt 0.973261 0.439477
vt 0.973223 0.465737
vt 0.869711 0.491858
vt 0.202524 0.305236
vt 0.184266 0.288436
vt 0.205816 0.287351
vt 0.228253 0.304124
vt 0.195443 0.698491
vt 0.164645 0.671463
vt 0.182118 0.666140
vt 0.185702 0.540719
vt 0.166881 0.559555
vt 0.166016 0.538850
vt 0.190795 0.483665
vt 0.171615 0.490760
vt 0.195443 0.461737
vt 0.332727 0.471540
vt 0.362705 0.502858
vt 0.332726 0.502872
vt 0.063480 0.580159
vt 0.055021 0.598370
vt 0.053225 0.580143
vt 0.109649 0.639984
vt 0.094708 0.657653
vt 0.091491 0.635091
vt 0.893991 0.491836
vt 0.894009 0.465673
vt 0.075225 0.686650
vt 0.107734 0.210449
vt 0.093047 0.193163
vt 0.108848 0.184718
vt 0.067833 0.319924
vt 0.027720 0.317242
vt 0.059388 0.304124
vt 0.074003 0.373640
vt 0.079198 0.333773
vt 0.093047 0.345139
vt 0.845527 0.570243
vt 0.869751 0.570165
vt 0.194594 0.345139
vt 0.179909 0.327849
vt 0.197705 0.323028
vt 0.869709 0.439493
vt 0.845362 0.413364
vt 0.527121 0.179517
vt 0.405613 0.250462
vt 0.419658 0.251322
vt 0.179908 0.210456
vt 0.163106 0.228711
vt 0.162021 0.207163
vt 0.068627 0.592547
vt 0.083153 0.609073
vt 0.419182 0.174394
vt 0.387193 0.201618
vt 0.385340 0.174394
vt 0.584877 0.646081
vt 0.573960 0.635092
vt 0.326557 0.375638
vt 0.355968 0.319999
vt 0.060262 0.544520
vt 0.083218 0.551305
vt 0.055001 0.561998
vt 0.212299 0.389997
vt 0.218813 0.414035
vt 0.212755 0.414099
vt 0.237742 0.561840
vt 0.210749 0.580024
vt 0.209563 0.561479
vt 0.332725 0.598198
vt 0.320194 0.631120
vt 0.302685 0.598285
vt 0.302708 0.580080
vt 0.612230 0.580142
vt 0.644711 0.605111
vt 0.610433 0.598373
vt 0.143822 0.394819
vt 0.125992 0.358785
vt 0.143822 0.360541
vt 0.845379 0.230152
vt 0.869605 0.230074
vt 0.125869 0.559566
vt 0.894010 0.596183
vt 0.893977 0.570082
vt 0.753636 0.478955
vt 0.758933 0.459501
vt 0.761380 0.477869
vt 0.444669 0.204529
vt 0.427067 0.172819
vt 0.434165 0.169020
vt 0.462174 0.478562
vt 0.458939 0.467655
vt 0.368166 0.214423
vt 0.368249 0.212654
vt 0.146376 0.580076
vt 0.125571 0.580062
vt 0.302711 0.643720
vt 0.320526 0.655793
vt 0.302758 0.676728
vt 0.458519 0.345139
vt 0.443079 0.376764
vt 0.444669 0.333773
vt 0.637420 0.531081
vt 0.625579 0.508929
vt 0.609646 0.670716
vt 0.218948 0.169020
vt 0.194594 0.193163
vt 0.213638 0.164662
vt 0.253673 0.229838
vt 0.256268 0.217778
vt 0.257937 0.219263
vt 0.020568 0.244634
vt 0.059388 0.234178
vt 0.054187 0.251322
vt 0.585279 0.319924
vt 0.598152 0.358011
vt 0.355835 0.413727
vt 0.326556 0.438012
vt 0.326557 0.413719
vt 0.869665 0.387073
vt 0.893997 0.386991
vt 0.190846 0.508366
vt 0.201258 0.525127
vt 0.183134 0.520244
vt 0.272747 0.580052
vt 0.267729 0.319974
vt 0.297165 0.375638
vt 0.267773 0.375638
vt 0.385193 0.389480
vt 0.434302 0.414036
vt 0.385077 0.413764
vt 0.396845 0.241897
vt 0.395176 0.240412
vt 0.185675 0.496006
vt 0.094530 0.502657
vt 0.109542 0.520260
vt 0.570927 0.502658
vt 0.555915 0.520260
vt 0.554812 0.494016
vt 0.558450 0.540770
vt 0.223758 0.528258
vt 0.203205 0.513451
vt 0.215560 0.508275
vt 0.869727 0.544067
vt 0.845468 0.518044
vt 0.869712 0.517968
vt 0.924563 0.413197
vt 0.039332 0.199334
vt 0.067833 0.218378
vt 0.625394 0.317242
vt 0.613780 0.338968
vt 0.461201 0.153049
vt 0.484775 0.145898
vt 0.973200 0.491905
vt 0.973139 0.517981
vt 0.433305 0.218378
vt 0.593726 0.304124
vt 0.924571 0.177722
vt 0.924514 0.151582
vt 0.948877 0.112587
vt 0.924350 0.125346
vt 0.126689 0.538863
vt 0.146373 0.559253
vt 0.182414 0.230560
vt 0.163942 0.289268
vt 0.143826 0.269149
vt 0.178794 0.353584
vt 0.168337 0.392404
vt 0.161651 0.358785
vt 0.272743 0.561863
vt 0.239547 0.580015
vt 0.167203 0.580058
vt 0.187634 0.599699
vt 0.166913 0.600568
vt 0.509292 0.394819
vt 0.509292 0.360541
vt 0.268996 0.241118
vt 0.285282 0.229836
vt 0.285111 0.241672
vt 0.924648 0.491751
vt 0.924627 0.465597
vt 0.384585 0.244930
vt 0.368248 0.247020
vt 0.368165 0.245251
vt 0.165001 0.643274
vt 0.146448 0.644458
vt 0.948919 0.491809
vt 0.973673 0.112806
vt 0.948849 0.125257
vt 0.221638 0.471540
vt 0.220583 0.495900
vt 0.215547 0.483670
vt 0.414147 0.229876
vt 0.424859 0.234178
vt 0.219808 0.218378
vt 0.238967 0.229876
vt 0.228253 0.234178
vt 0.315250 0.643576
vt 0.267917 0.389479
vt 0.297278 0.413726
vt 0.268036 0.413762
vt 0.238280 0.676728
vt 0.232483 0.615567
vt 0.052431 0.269151
vt 0.554630 0.666231
vt 0.537560 0.643313
vt 0.555803 0.639983
vt 0.973071 0.177820
vt 0.392709 0.528275
vt 0.449906 0.483673
vt 0.428838 0.502839
vt 0.443815 0.471540
vt 0.383924 0.229838
vt 0.391865 0.221982
vt 0.395044 0.229839
vt 0.948905 0.544024
vt 0.893862 0.256101
vt 0.893835 0.229997
vt 0.948891 0.681822
vt 0.973639 0.687756
vt 0.973090 0.282256
vt 0.948812 0.308360
vt 0.474320 0.353584
vt 0.484775 0.392404
vt 0.461201 0.385253
vt 0.459267 0.543251
vt 0.441705 0.528254
vt 0.464205 0.525121
vt 0.973077 0.256138
vt 0.527492 0.331142
vt 0.095730 0.153049
vt 0.125992 0.179517
vt 0.573914 0.204529
vt 0.613780 0.199334
vt 0.585279 0.218378
vt 0.355889 0.389427
vt 0.326557 0.389416
vt 0.123702 0.249031
vt 0.105225 0.230555
vt 0.124534 0.228708
vt 0.924678 0.570076
vt 0.948910 0.570126
vt 0.074003 0.164662
vt 0.395176 0.219263
vt 0.385015 0.212771
vt 0.391863 0.237694
vt 0.924598 0.256027
vt 0.127772 0.516893
vt 0.146354 0.538182
vt 0.355948 0.174394
vt 0.326557 0.174394
vt 0.206267 0.616800
vt 0.185771 0.619390
vt 0.081830 0.250950
vt 0.085119 0.233064
vt 0.201378 0.634968
vt 0.198230 0.657511
vt 0.272745 0.528277
vt 0.236629 0.502836
vt 0.272729 0.502837
vt 0.745708 0.479635
vt 0.751973 0.460198
vt 0.332718 0.676591
vt 0.344927 0.655794
vt 0.362694 0.676728
vt 0.127892 0.643314
vt 0.269189 0.229838
vt 0.261248 0.221982
vt 0.268994 0.218557
vt 0.143822 0.248731
vt 0.973702 0.106435
vt 0.086542 0.616994
vt 0.069000 0.631977
vt 0.060388 0.615872
vt 0.545378 0.210449
vt 0.528579 0.228708
vt 0.527493 0.207160
vt 0.439475 0.164662
vt 0.093330 0.592454
vt 0.256268 0.241897
vt 0.257938 0.240412
vt 0.326557 0.258051
vt 0.544265 0.184718
vt 0.579109 0.164662
vt 0.560066 0.193163
vt 0.384586 0.214745
vt 0.973134 0.544074
vt 0.973139 0.570172
vt 0.869635 0.687871
vt 0.894483 0.681804
vt 0.894458 0.687849
vt 0.206191 0.543255
vt 0.079198 0.204529
vt 0.217595 0.686650
vt 0.143823 0.289569
vt 0.124535 0.309592
vt 0.123703 0.289269
vt 0.570743 0.657653
vt 0.753492 0.546501
vt 0.758679 0.527195
vt 0.761144 0.545283
vt 0.893969 0.360781
vt 0.869620 0.334653
vt 0.893941 0.334577
vt 0.126754 0.621337
vt 0.107065 0.619488
vt 0.247500 0.250462
vt 0.103379 0.249864
vt 0.080958 0.597618
vt 0.089698 0.588863
vt 0.590229 0.686650
vt 0.924477 0.334531
vt 0.302748 0.502860
vt 0.272791 0.471540
vt 0.302758 0.471540
vt 0.869588 0.203970
vt 0.893814 0.203901
vt 0.272747 0.598265
vt 0.237763 0.598164
vt 0.028033 0.531081
vt 0.187601 0.560390
vt 0.143822 0.143483
vt 0.168337 0.145898
vt 0.267729 0.304171
vt 0.123401 0.269150
vt 0.103379 0.288437
vt 0.102719 0.269150
vt 0.323978 0.652200
vt 0.332724 0.660753
vt 0.268170 0.136294
vt 0.234853 0.160320
vt 0.235522 0.136001
vt 0.208443 0.333773
vt 0.219808 0.319924
vt 0.197707 0.215285
vt 0.297223 0.389426
vt 0.869657 0.681883
vt 0.272743 0.544381
vt 0.302722 0.561892
vt 0.210035 0.376764
vt 0.326557 0.247010
vt 0.326557 0.245360
vt 0.054960 0.358011
vt 0.107735 0.327852
vt 0.089938 0.323034
vt 0.869709 0.112651
vt 0.894141 0.125550
vt 0.869661 0.125333
vt 0.146411 0.708244
vt 0.146485 0.673270
vt 0.232416 0.544355
vt 0.707336 0.476539
vt 0.716866 0.459549
vt 0.714604 0.478167
vt 0.020742 0.555117
vt 0.844899 0.687633
vt 0.218890 0.438396
vt 0.268136 0.438042
vt 0.284843 0.258190
vt 0.209598 0.598564
vt 0.845306 0.360941
vt 0.845333 0.387154
vt 0.081830 0.287351
vt 0.054187 0.286980
vt 0.020568 0.293668
vt 0.018153 0.269151
vt 0.190843 0.496009
vt 0.893815 0.177805
vt 0.869595 0.151669
vt 0.893878 0.151697
vt 0.075225 0.473578
vt 0.110645 0.494015
vt 0.143820 0.206017
vt 0.143822 0.177761
vt 0.845315 0.177935
vt 0.869579 0.177848
vt 0.737890 0.615925
vt 0.744914 0.596520
vt 0.745932 0.615574
vt 0.869619 0.308445
vt 0.217609 0.375638
vt 0.143822 0.332285
vt 0.162022 0.331140
vt 0.845498 0.544148
vt 0.326557 0.287046
vt 0.284948 0.245251
vt 0.894111 0.648483
vt 0.392663 0.471540
vt 0.362694 0.471540
vt 0.202764 0.379452
vt 0.722179 0.547114
vt 0.730880 0.528458
vt 0.730109 0.547570
vt 0.229696 0.135923
vt 0.068555 0.567838
vt 0.182417 0.307744
vt 0.146333 0.515726
vt 0.215588 0.496009
vt 0.845143 0.125454
vt 0.080571 0.646081
vt 0.039873 0.651300
vt 0.326557 0.320009
vt 0.297146 0.319999
vt 0.385809 0.208708
vt 0.368258 0.208686
vt 0.845351 0.204053
vt 0.894517 0.112916
vt 0.869740 0.106297
vt 0.894552 0.106551
vt 0.268098 0.212771
vt 0.268527 0.214745
vt 0.529409 0.289269
vt 0.547885 0.307746
vt 0.528577 0.309593
vt 0.447304 0.250951
vt 0.468191 0.269148
vt 0.446156 0.269149
vt 0.455408 0.323028
vt 0.545377 0.327852
vt 0.491091 0.331140
vt 0.473205 0.327849
vt 0.489172 0.289268
vt 0.470695 0.307744
vt 0.468848 0.288436
vt 0.467220 0.657508
vt 0.442444 0.682208
vt 0.453095 0.645898
vt 0.924598 0.439406
vt 0.362768 0.598286
vt 0.571282 0.287351
vt 0.567993 0.305238
vt 0.450590 0.305236
vt 0.489174 0.249032
vt 0.509286 0.269149
vt 0.488871 0.269149
vt 0.973311 0.125497
vt 0.924496 0.360759
vt 0.563174 0.323035
vt 0.572426 0.269150
vt 0.571282 0.250950
vt 0.973174 0.360811
vt 0.973209 0.387028
vt 0.432972 0.615559
vt 0.392741 0.643539
vt 0.549734 0.288437
vt 0.549735 0.249864
vt 0.529711 0.269150
vt 0.529410 0.249031
vt 0.948918 0.596233
vt 0.509289 0.289569
vt 0.490004 0.309592
vt 0.468851 0.249865
vt 0.483333 0.666138
vt 0.447858 0.686650
vt 0.550393 0.269150
vt 0.509291 0.310250
vt 0.297405 0.112180
vt 0.326555 0.136398
vt 0.297338 0.136377
vt 0.509292 0.332285
vt 0.491463 0.358785
vt 0.509291 0.248731
vt 0.450594 0.233070
vt 0.567993 0.233064
vt 0.563175 0.215267
vt 0.427714 0.561836
vt 0.455892 0.561476
vt 0.498251 0.580056
vt 0.477855 0.560388
vt 0.498573 0.559553
vt 0.519079 0.580075
vt 0.498540 0.600565
vt 0.519082 0.559251
vt 0.547886 0.230555
vt 0.509292 0.228052
vt 0.509293 0.206018
vt 0.500570 0.516918
vt 0.501034 0.488674
vt 0.477820 0.599696
vt 0.519035 0.621982
vt 0.500451 0.643272
vt 0.499368 0.621293
vt 0.519063 0.600887
vt 0.491093 0.207163
vt 0.490006 0.228711
vt 0.427691 0.598159
vt 0.479683 0.619387
vt 0.537331 0.488680
vt 0.519124 0.515727
vt 0.519174 0.486882
vt 0.519004 0.644457
vt 0.500806 0.671463
vt 0.482220 0.639898
vt 0.464075 0.634965
vt 0.470698 0.230560
vt 0.459187 0.616796
vt 0.538768 0.538863
vt 0.519103 0.538181
vt 0.537685 0.516893
vt 0.474320 0.184718
vt 0.479753 0.540717
vt 0.539881 0.580061
vt 0.441514 0.631722
vt 0.482312 0.520245
vt 0.392726 0.502834
vt 0.538698 0.621337
vt 0.474600 0.508365
vt 0.499439 0.538850
vt 0.433042 0.544350
vt 0.080687 0.269151
vt 0.268099 0.246903
vt 0.268528 0.244930
vt 0.737814 0.479691
vt 0.744952 0.460643
vt 0.163109 0.309591
vt 0.302733 0.544402
vt 0.143820 0.228052
vt 0.893950 0.543990
vt 0.893940 0.517902
vt 0.233932 0.174394
vt 0.247651 0.209304
vt 0.326557 0.304200
vt 0.105226 0.307746
vt 0.085120 0.305238
vt 0.208443 0.204529
vt 0.326557 0.241931
vt 0.302739 0.528290
vt 0.265845 0.258124
vt 0.020743 0.605111
vt 0.125620 0.331142
vt 0.108848 0.353584
vt 0.125619 0.207160
vt 0.202519 0.233070
vt 0.845321 0.308472
vt 0.845289 0.334723
vt 0.080409 0.514262
vt 0.844854 0.106293
vt 0.268360 0.112072
vt 0.235632 0.111687
vt 0.143822 0.310250
vt 0.080927 0.562673
vt 0.068577 0.580114
vt 0.267950 0.160554
vt 0.284866 0.247020
vt 0.605195 0.544521
vt 0.582238 0.551307
vt 0.585049 0.514262
vt 0.596898 0.567838
vt 0.584528 0.562674
vt 0.578911 0.616996
vt 0.582300 0.609075
vt 0.601974 0.580159
vt 0.128128 0.488679
vt 0.121413 0.454446
vt 0.345261 0.631121
vt 0.164887 0.516916
vt 0.089936 0.215267
vt 0.355707 0.112181
vt 0.355774 0.136377
vt 0.893891 0.282224
vt 0.423415 0.135924
vt 0.418260 0.160321
vt 0.362742 0.643724
vt 0.385385 0.304172
vt 0.869640 0.360862
vt 0.567045 0.580072
vt 0.572200 0.567757
vt 0.326555 0.160625
vt 0.297251 0.160607
vt 0.894280 0.674820
vt 0.229755 0.111767
vt 0.272717 0.643540
vt 0.272791 0.676728
vt 0.765923 0.458605
vt 0.768456 0.476077
vt 0.226045 0.172819
vt 0.355858 0.160605
vt 0.362714 0.528289
vt 0.384755 0.112074
vt 0.845440 0.491922
vt 0.384944 0.136295
vt 0.385167 0.160555
vt 0.384120 0.218557
vt 0.427172 0.676728
vt 0.350203 0.643578
vt 0.297165 0.174394
vt 0.557383 0.153049
vt 0.845262 0.151768
vt 0.470009 0.698491
vt 0.844837 0.112693
vt 0.519044 0.451984
vt 0.494046 0.454446
vt 0.261250 0.237694
vt 0.184922 0.269148
vt 0.183232 0.639900
vt 0.610453 0.561998
vt 0.644711 0.555117
vt 0.557383 0.385253
vt 0.637420 0.629148
vt 0.924682 0.596179
vt 0.590229 0.473578
vt 0.609646 0.489512
vt 0.188289 0.580042
vt 0.625394 0.221060
vt 0.119304 0.392404
vt 0.869756 0.648586
vt 0.568077 0.461737
vt 0.845338 0.282309
vt 0.598152 0.180291
vt 0.634959 0.269151
vt 0.451531 0.470394
vt 0.450349 0.379452
vt 0.435211 0.678335
vt 0.223009 0.682208
vt 0.494046 0.705782
vt 0.893918 0.308382
vt 0.400098 0.214704
vt 0.723898 0.460224
vt 0.722265 0.479096
vt 0.544041 0.454446
vt 0.440815 0.389996
vt 0.440362 0.414100
vt 0.761340 0.613494
vt 0.765451 0.594381
vt 0.768402 0.611467
vt 0.709788 0.594474
vt 0.714187 0.613881
vt 0.706954 0.611901
vt 0.332724 0.625785
vt 0.341476 0.634703
vt 0.332727 0.631079
vt 0.752165 0.579289
vt 0.746060 0.560046
vt 0.753884 0.560808
vt 0.479780 0.496015
vt 0.731227 0.578737
vt 0.722676 0.559992
vt 0.730595 0.559691
vt 0.724138 0.579149
vt 0.714731 0.560789
vt 0.758945 0.512304
vt 0.753785 0.492995
vt 0.761444 0.494166
vt 0.738109 0.510915
vt 0.730236 0.491935
vt 0.738146 0.491956
vt 0.765679 0.513218
vt 0.768521 0.496106
vt 0.097377 0.461737
vt 0.745234 0.578806
vt 0.738349 0.559686
vt 0.730912 0.460659
vt 0.729974 0.479532
vt 0.470986 0.487260
vt 0.462239 0.483636
vt 0.716996 0.579818
vt 0.707250 0.562471
vt 0.462252 0.513447
vt 0.449897 0.508271
vt 0.596826 0.592551
vt 0.596876 0.580114
vt 0.267268 0.250997
vt 0.284830 0.251011
vt 0.723968 0.511472
vt 0.714487 0.493318
vt 0.722325 0.492439
vt 0.716872 0.512144
vt 0.707266 0.495010
vt 0.731053 0.511045
vt 0.080950 0.592487
vt 0.080950 0.567741
vt 0.093322 0.580114
vt 0.753769 0.614746
vt 0.758759 0.595316
vt 0.738014 0.547504
vt 0.744928 0.528414
vt 0.745837 0.547224
vt 0.745127 0.511091
vt 0.746006 0.492212
vt 0.751904 0.596057
vt 0.730707 0.596534
vt 0.729907 0.615759
vt 0.392663 0.676728
vt 0.572123 0.592454
vt 0.355804 0.438010
vt 0.384975 0.438045
vt 0.434228 0.438400
vt 0.284894 0.201528
vt 0.267773 0.174394
vt 0.440326 0.438333
vt 0.707026 0.544609
vt 0.716635 0.527366
vt 0.714292 0.546274
vt 0.194468 0.487260
vt 0.171408 0.454446
vt 0.203215 0.483636
vt 0.212793 0.438330
vt 0.723632 0.596090
vt 0.721990 0.615010
vt 0.341476 0.652200
vt 0.449865 0.496009
vt 0.444874 0.495900
vt 0.738255 0.578621
vt 0.572131 0.580114
vt 0.453490 0.487260
vt 0.253015 0.214704
vt 0.246646 0.229858
vt 0.462239 0.508382
vt 0.470986 0.504758
vt 0.752078 0.511565
vt 0.593253 0.571365
vt 0.584504 0.567741
vt 0.584504 0.592487
vt 0.593253 0.588863
vt 0.584495 0.597619
vt 0.575755 0.588863
vt 0.323978 0.634703
vt 0.575755 0.571365
vt 0.765698 0.580959
vt 0.761528 0.561990
vt 0.768564 0.563930
vt 0.751846 0.527942
vt 0.737929 0.460811
vt 0.759003 0.580037
vt 0.203215 0.508382
vt 0.765375 0.526252
vt 0.768325 0.543332
vt 0.723774 0.528034
vt 0.737935 0.528587
vt 0.297307 0.438008
vt 0.405462 0.209304
vt 0.400169 0.245014
vt 0.406467 0.229858
vt 0.385846 0.250997
vt 0.326557 0.250891
vt 0.252944 0.245014
vt 0.265920 0.201619
vt 0.267304 0.208708
vt 0.368284 0.251011
vt 0.716639 0.595373
vt 0.284854 0.208686
vt 0.345100 0.643452
vt 0.474611 0.496009
vt 0.838222 0.674541
vt 0.838520 0.648499
vt 0.217507 0.158894
vt 0.194583 0.146613
vt 0.229129 0.159915
vt 0.234488 0.167310
vt 0.228266 0.166367
vt 0.900758 0.203894
vt 0.900781 0.229986
vt 0.094658 0.455168
vt 0.901029 0.465685
vt 0.900898 0.491854
vt 0.033966 0.655247
vt 0.055808 0.670716
vt 0.050767 0.675740
vt 0.639386 0.243277
vt 0.641927 0.269151
vt 0.980222 0.413236
vt 0.980187 0.387013
vt 0.614679 0.675736
vt 0.594186 0.692559
vt 0.917693 0.491761
vt 0.917711 0.517878
vt 0.447518 0.385737
vt 0.980261 0.125616
vt 0.980715 0.112953
vt 0.533808 0.145898
vt 0.509289 0.136510
vt 0.535167 0.139058
vt 0.980100 0.596262
vt 0.980085 0.570164
vt 0.603085 0.362940
vt 0.582985 0.379437
vt 0.980046 0.282246
vt 0.980026 0.256129
vt 0.483414 0.399244
vt 0.980019 0.177822
vt 0.980067 0.151718
vt 0.570804 0.705058
vt 0.917724 0.543982
vt 0.535171 0.399243
vt 0.509294 0.401792
vt 0.900877 0.517899
vt 0.900892 0.543979
vt 0.071273 0.692563
vt 0.094656 0.705060
vt 0.441458 0.383404
vt 0.980733 0.106250
vt 0.639386 0.295025
vt 0.980150 0.360796
vt 0.458529 0.391678
vt 0.443931 0.692546
vt 0.917428 0.674495
vt 0.424847 0.166367
vt 0.430320 0.163298
vt 0.980733 0.681594
vt 0.973669 0.681720
vt 0.838446 0.465776
vt 0.033538 0.195462
vt 0.054960 0.180291
vt 0.560053 0.391695
vt 0.980012 0.203924
vt 0.631487 0.655248
vt 0.917662 0.465610
vt 0.631486 0.504983
vt 0.917493 0.308257
vt 0.603088 0.175355
vt 0.980109 0.491925
vt 0.560048 0.146606
vt 0.980076 0.544069
vt 0.435608 0.158894
vt 0.980455 0.674642
vt 0.432807 0.685040
vt 0.426467 0.683788
vt 0.417463 0.104807
vt 0.449740 0.463549
vt 0.456018 0.461158
vt 0.916986 0.112761
vt 0.268417 0.105247
vt 0.238986 0.683787
vt 0.272792 0.683791
vt 0.458527 0.146610
vt 0.483412 0.139059
vt 0.980132 0.622365
vt 0.651683 0.553724
vt 0.917490 0.334538
vt 0.917518 0.360772
vt 0.268166 0.444898
vt 0.218893 0.445293
vt 0.222157 0.464559
vt 0.901542 0.113069
vt 0.215712 0.463548
vt 0.209434 0.461159
vt 0.392656 0.683791
vt 0.384698 0.105252
vt 0.582982 0.158861
vt 0.980078 0.517981
vt 0.467305 0.455165
vt 0.917354 0.125454
vt 0.917621 0.177739
vt 0.545417 0.447469
vt 0.519030 0.444872
vt 0.647174 0.580114
vt 0.651685 0.606483
vt 0.917589 0.413211
vt 0.643985 0.528341
vt 0.644003 0.631858
vt 0.917626 0.439420
vt 0.837890 0.681442
vt 0.844913 0.681617
vt 0.222794 0.163298
vt 0.900959 0.596168
vt 0.146410 0.715355
vt 0.121413 0.705782
vt 0.519050 0.715356
vt 0.917734 0.596183
vt 0.838519 0.518058
vt 0.070127 0.158865
vt 0.838358 0.387167
vt 0.838328 0.360953
vt 0.011185 0.269151
vt 0.013727 0.295025
vt 0.838431 0.282291
vt 0.838454 0.256245
vt 0.050024 0.362947
vt 0.070131 0.379440
vt 0.901005 0.622284
vt 0.171408 0.705782
vt 0.172795 0.712756
vt 0.901025 0.439416
vt 0.021451 0.631858
vt 0.235646 0.104803
vt 0.232646 0.685039
vt 0.838404 0.204067
vt 0.093063 0.391697
vt 0.117946 0.399244
vt 0.614669 0.484472
vt 0.917629 0.282083
vt 0.434225 0.445297
vt 0.440634 0.445195
vt 0.492662 0.712764
vt 0.917723 0.622285
vt 0.418624 0.167311
vt 0.423981 0.159916
vt 0.435097 0.382690
vt 0.434831 0.389678
vt 0.570789 0.455164
vt 0.917648 0.203842
vt 0.917660 0.229938
vt 0.631842 0.218389
vt 0.980248 0.439470
vt 0.980015 0.230025
vt 0.631842 0.319913
vt 0.980112 0.334588
vt 0.838386 0.413376
vt 0.013727 0.243277
vt 0.900883 0.308370
vt 0.033968 0.504983
vt 0.838603 0.596342
vt 0.143818 0.136509
vt 0.619576 0.195462
vt 0.980246 0.465750
vt 0.218284 0.389678
vt 0.267847 0.382548
vt 0.218016 0.382690
vt 0.120028 0.447472
vt 0.146414 0.444872
vt 0.900757 0.177808
vt 0.467288 0.705052
vt 0.917664 0.648393
vt 0.980214 0.648483
vt 0.917104 0.681417
vt 0.917113 0.687905
vt 0.545434 0.712756
vt 0.917731 0.570082
vt 0.438514 0.688109
vt 0.619574 0.342840
vt 0.980075 0.308398
vt 0.594171 0.467660
vt 0.917660 0.256027
vt 0.654276 0.580115
vt 0.917551 0.386994
vt 0.838301 0.308460
vt 0.021271 0.319914
vt 0.039332 0.338968
vt 0.033537 0.342840
vt 0.901296 0.674691
vt 0.901573 0.681675
vt 0.226937 0.688108
vt 0.221525 0.692542
vt 0.212484 0.445191
vt 0.297194 0.382532
vt 0.838359 0.177954
vt 0.143823 0.401792
vt 0.838583 0.570254
vt 0.838552 0.544161
vt 0.093059 0.146607
vt 0.119304 0.145898
vt 0.028033 0.629148
vt 0.901516 0.688204
vt 0.838304 0.334729
vt 0.838597 0.622426
vt 0.169700 0.139053
vt 0.302757 0.464474
vt 0.272779 0.464475
vt 0.492648 0.447478
vt 0.917552 0.151621
vt 0.837749 0.112791
vt 0.837785 0.106051
vt 0.211656 0.383405
vt 0.900921 0.570069
vt 0.120025 0.712756
vt 0.900973 0.386979
vt 0.011176 0.580115
vt 0.018279 0.580114
vt 0.900914 0.334564
vt 0.021468 0.528342
vt 0.838416 0.439581
vt 0.021271 0.218389
vt 0.027720 0.221060
vt 0.838286 0.151802
vt 0.169703 0.399242
vt 0.900847 0.282210
vt 0.050783 0.484484
vt 0.900943 0.360769
vt 0.013769 0.553724
vt 0.900812 0.256088
vt 0.071277 0.467665
vt 0.838436 0.230163
vt 0.095730 0.385253
vt 0.901001 0.413192
vt 0.013767 0.606483
vt 0.385253 0.167489
vt 0.355903 0.167499
vt 0.838115 0.125553
vt 0.205596 0.385738
vt 0.191912 0.385253
vt 0.392667 0.464477
vt 0.355801 0.444894
vt 0.384945 0.444903
vt 0.385267 0.382549
vt 0.901088 0.648442
vt 0.198166 0.705056
vt 0.117942 0.139059
vt 0.267860 0.167489
vt 0.297207 0.167501
vt 0.901068 0.125684
vt 0.198149 0.455166
vt 0.838483 0.491935
vt 0.050027 0.175362
vt 0.362678 0.683790
vt 0.355697 0.105324
vt 0.355919 0.382533
vt 0.443297 0.464561
vt 0.326557 0.382527
vt 0.362694 0.464475
vt 0.326556 0.444907
vt 0.326555 0.167509
vt 0.332716 0.683662
vt 0.326555 0.112186
vt 0.326555 0.105316
vt 0.194583 0.391675
vt 0.900819 0.151732
vt 0.172812 0.447472
vt 0.297417 0.105323
vt 0.302777 0.683791
vt 0.297308 0.444893
vt 0.332727 0.464475
vt 0.384339 0.216681
vt 0.393461 0.220661
vt 0.268776 0.242994
vt 0.285018 0.243464
vt 0.393459 0.239014
vt 0.397203 0.229838
vt 0.385469 0.210823
vt 0.398595 0.216211
vt 0.404239 0.229837
vt 0.398595 0.243463
vt 0.385469 0.248851
vt 0.384338 0.242993
vt 0.268774 0.216681
vt 0.285018 0.216209
vt 0.259653 0.239014
vt 0.267645 0.248851
vt 0.284848 0.248774
vt 0.254518 0.243463
vt 0.251265 0.229838
vt 0.254518 0.216211
vt 0.248874 0.229837
vt 0.255910 0.229838
vt 0.258069 0.229839
vt 0.267645 0.210823
vt 0.385015 0.246903
vt 0.368266 0.248774
vt 0.368094 0.243464
vt 0.368266 0.210900
vt 0.368096 0.216209
vt 0.326557 0.210972
vt 0.326557 0.243655
vt 0.326557 0.248703
vt 0.326557 0.216019
vt 0.326557 0.214314
vt 0.259652 0.220661
vt 0.284848 0.210900
vt 0.382188 0.725212
vt 0.390180 0.721907
vt 0.386865 0.729896
vt 0.366527 0.729901
vt 0.363221 0.721907
vt 0.371212 0.725222
vt 0.328274 0.718592
vt 0.332960 0.713914
vt 0.336264 0.721907
vt 0.290341 0.718602
vt 0.282347 0.721907
vt 0.285663 0.713919
vt 0.306002 0.713914
vt 0.309306 0.721907
vt 0.301317 0.718592
vt 0.317299 0.718602
vt 0.312621 0.713918
vt 0.312610 0.729900
vt 0.317295 0.725222
vt 0.386877 0.713914
vt 0.382192 0.718592
vt 0.398174 0.718603
vt 0.393497 0.713918
vt 0.371217 0.718602
vt 0.366538 0.713918
vt 0.355229 0.725212
vt 0.359907 0.729896
vt 0.359918 0.713914
vt 0.355233 0.718592
vt 0.301313 0.725212
vt 0.305991 0.729896
vt 0.339580 0.713918
vt 0.344258 0.718603
vt 0.344252 0.725223
vt 0.339568 0.729900
vt 0.332949 0.729896
vt 0.328271 0.725212
vt 0.285653 0.729901
vt 0.290336 0.725223
vt 0.274354 0.725212
vt 0.279033 0.729896
vt 0.393486 0.729901
vt 0.398170 0.725222
vt 0.279043 0.713914
vt 0.274358 0.718592
vt 0.738103 0.514675
vt 0.744958 0.514824
vt 0.751760 0.515265
vt 0.765679 0.513219
vt 0.758508 0.515966
vt 0.710169 0.516838
vt 0.709697 0.513004
vt 0.717280 0.515975
vt 0.724271 0.515272
vt 0.731208 0.514826
vt 0.744764 0.524696
vt 0.751529 0.524262
vt 0.731038 0.524670
vt 0.758236 0.523561
vt 0.738245 0.582365
vt 0.745063 0.582524
vt 0.751842 0.582975
vt 0.758562 0.583681
vt 0.710236 0.584558
vt 0.709753 0.580693
vt 0.717410 0.583677
vt 0.724440 0.582961
vt 0.731378 0.582512
vt 0.764880 0.522663
vt 0.709410 0.526508
vt 0.717047 0.523508
vt 0.724080 0.524215
vt 0.737932 0.524833
vt 0.744788 0.456891
vt 0.737823 0.592882
vt 0.737823 0.596673
vt 0.730863 0.592741
vt 0.723937 0.592323
vt 0.717066 0.591646
vt 0.751662 0.456452
vt 0.751595 0.592352
vt 0.765439 0.454871
vt 0.765924 0.458605
vt 0.758323 0.591675
vt 0.758513 0.455752
vt 0.724204 0.456456
vt 0.709742 0.458686
vt 0.717279 0.455748
vt 0.731072 0.456905
vt 0.737926 0.457056
vt 0.764964 0.590792
vt 0.744757 0.592758
vt 0.305293 0.731593
vt 0.299620 0.725919
vt 0.299620 0.717895
vt 0.305293 0.712221
vt 0.313318 0.712221
vt 0.318993 0.717895
vt 0.318993 0.725919
vt 0.313318 0.731593
vt 0.386169 0.731593
vt 0.394193 0.731593
vt 0.380494 0.725920
vt 0.380494 0.717895
vt 0.399867 0.725920
vt 0.367234 0.712221
vt 0.372909 0.717895
vt 0.372909 0.725920
vt 0.367234 0.731594
vt 0.359211 0.731594
vt 0.353536 0.725920
vt 0.353536 0.717895
vt 0.359211 0.712221
vt 0.399867 0.717895
vt 0.394193 0.712221
vt 0.386169 0.712221
vt 0.332252 0.712221
vt 0.278335 0.712221
vt 0.286359 0.712221
vt 0.292034 0.717895
vt 0.292034 0.725920
vt 0.326578 0.725920
vt 0.326578 0.717895
vt 0.278335 0.731594
vt 0.272661 0.725920
vt 0.332252 0.731593
vt 0.345951 0.725920
vt 0.340276 0.731593
vt 0.340276 0.712221
vt 0.345951 0.717895
vt 0.286359 0.731594
vt 0.272661 0.717895
vt 0.761394 0.546428
vt 0.080968 0.591235
vt 0.072201 0.588863
vt 0.073095 0.587988
vt 0.761600 0.478970
vt 0.195353 0.503883
vt 0.194468 0.504758
vt 0.340594 0.651333
vt 0.343855 0.643479
vt 0.713949 0.615001
vt 0.721846 0.616214
vt 0.332727 0.655824
vt 0.713949 0.615000
vt 0.729841 0.616901
vt 0.340592 0.635587
vt 0.473360 0.496008
vt 0.761779 0.560892
vt 0.754034 0.559622
vt 0.730587 0.558531
vt 0.454370 0.488145
vt 0.470111 0.503866
vt 0.738375 0.558581
vt 0.462234 0.484889
vt 0.453490 0.504758
vt 0.462249 0.507131
vt 0.714548 0.559602
vt 0.706793 0.561378
vt 0.722607 0.558813
vt 0.451108 0.496006
vt 0.746128 0.558894
vt 0.470106 0.488146
vt 0.595628 0.580109
vt 0.761695 0.493065
vt 0.753934 0.491813
vt 0.746080 0.491090
vt 0.584504 0.568989
vt 0.592371 0.572246
vt 0.584503 0.591236
vt 0.592369 0.587975
vt 0.576640 0.587984
vt 0.714276 0.492192
vt 0.706836 0.494009
vt 0.722219 0.491232
vt 0.573380 0.580126
vt 0.730201 0.490801
vt 0.738167 0.490751
vt 0.576634 0.572253
vt 0.730081 0.548705
vt 0.080932 0.568992
vt 0.089698 0.571365
vt 0.088808 0.572240
vt 0.088829 0.587967
vt 0.092075 0.580102
vt 0.714087 0.547408
vt 0.722081 0.548326
vt 0.753623 0.547640
vt 0.069823 0.580131
vt 0.072201 0.571365
vt 0.073065 0.572264
vt 0.745911 0.548332
vt 0.722081 0.548325
vt 0.211964 0.487260
vt 0.203198 0.484888
vt 0.729916 0.480682
vt 0.737794 0.480857
vt 0.195337 0.488161
vt 0.192094 0.496027
vt 0.745749 0.480809
vt 0.753775 0.480155
vt 0.761589 0.614582
vt 0.753937 0.615888
vt 0.324880 0.651335
vt 0.320354 0.643452
vt 0.321609 0.643490
vt 0.746033 0.616752
vt 0.324848 0.635602
vt 0.729841 0.616902
vt 0.714404 0.479318
vt 0.214342 0.495985
vt 0.211964 0.504758
vt 0.211093 0.503863
vt 0.211069 0.488129
vt 0.706599 0.545617
vt 0.706911 0.477550
vt 0.203227 0.507131
vt 0.332740 0.654537
vt 0.768894 0.612486
vt 0.746033 0.616751
vt 0.737902 0.617150
vt 0.332705 0.632278
vt 0.750323 0.134484
vt 0.740383 0.130783
vt 0.751102 0.130169
vt 0.731739 0.102687
vt 0.725680 0.123206
vt 0.727361 0.102360
vt 0.719112 0.405598
vt 0.694111 0.405641
vt 0.716738 0.402628
vt 0.761637 0.405569
vt 0.756239 0.426758
vt 0.757876 0.406212
vt 0.755091 0.405672
vt 0.749053 0.426217
vt 0.750466 0.404642
vt 0.749053 0.102688
vt 0.755091 0.123233
vt 0.750466 0.124263
vt 0.750323 0.394421
vt 0.740383 0.398122
vt 0.740382 0.393840
vt 0.755443 0.133567
vt 0.757476 0.264453
vt 0.754533 0.264453
vt 0.722229 0.398649
vt 0.722520 0.400908
vt 0.722349 0.400455
vt 0.740382 0.135065
vt 0.731135 0.264453
vt 0.730439 0.134476
vt 0.729662 0.130158
vt 0.725314 0.133556
vt 0.730439 0.394429
vt 0.729663 0.398748
vt 0.725679 0.405699
vt 0.731739 0.426217
vt 0.727361 0.426545
vt 0.764499 0.129444
vt 0.786200 0.264453
vt 0.764033 0.264453
vt 0.753434 0.426543
vt 0.725315 0.395349
vt 0.724597 0.400253
vt 0.758526 0.130272
vt 0.758236 0.128017
vt 0.758406 0.128469
vt 0.722520 0.127997
vt 0.724597 0.128652
vt 0.722558 0.101976
vt 0.722879 0.122664
vt 0.719112 0.123307
vt 0.753434 0.102362
vt 0.757876 0.122693
vt 0.694110 0.123264
vt 0.716738 0.126277
vt 0.756163 0.128670
vt 0.786382 0.120999
vt 0.764007 0.126296
vt 0.761637 0.123336
vt 0.740388 0.404021
vt 0.730308 0.404657
vt 0.756239 0.102147
vt 0.723285 0.264453
vt 0.726229 0.264453
vt 0.755443 0.395338
vt 0.751102 0.398736
vt 0.722879 0.406241
vt 0.722559 0.426929
vt 0.758526 0.398633
vt 0.758236 0.400888
vt 0.756163 0.400236
vt 0.764007 0.402609
vt 0.786382 0.407906
vt 0.694560 0.264453
vt 0.716250 0.129428
vt 0.716726 0.264453
vt 0.740388 0.124885
vt 0.749625 0.264453
vt 0.722229 0.130256
vt 0.724633 0.102142
vt 0.693700 0.126379
vt 0.786693 0.123309
vt 0.740380 0.264453
vt 0.730308 0.124248
vt 0.764499 0.399461
vt 0.693701 0.402526
vt 0.716250 0.399477
vt 0.724633 0.426763
vt 0.786693 0.405596
vt 0.720496 0.403967
vt 0.722694 0.404078
vt 0.722887 0.401008
vt 0.725161 0.403323
vt 0.740385 0.127525
vt 0.722349 0.128451
vt 0.718980 0.129651
vt 0.719206 0.126833
vt 0.720496 0.124938
vt 0.722694 0.124828
vt 0.722886 0.127897
vt 0.725160 0.125583
vt 0.757870 0.127917
vt 0.755604 0.125605
vt 0.758061 0.124854
vt 0.760256 0.124964
vt 0.761542 0.126854
vt 0.761771 0.129667
vt 0.719744 0.264453
vt 0.729936 0.126859
vt 0.761017 0.264453
vt 0.750832 0.126873
vt 0.758062 0.404052
vt 0.755605 0.403300
vt 0.757869 0.400988
vt 0.740386 0.401380
vt 0.719206 0.402072
vt 0.761542 0.402051
vt 0.761771 0.399238
vt 0.758406 0.400436
vt 0.760256 0.403941
vt 0.718980 0.399254
vt 0.729936 0.402046
vt 0.750832 0.402033
vt 0.249152 0.949454
vt 0.252406 0.957140
vt 0.245856 0.952778
vt 0.250128 0.962821
vt 0.260159 0.974425
vt 0.246415 0.971742
vt 0.260106 0.953964
vt 0.254181 0.952803
vt 0.267825 0.957102
vt 0.260122 0.958634
vt 0.271042 0.949432
vt 0.266026 0.952784
vt 0.274391 0.944418
vt 0.274339 0.952724
vt 0.280227 0.938514
vt 0.278733 0.946216
vt 0.274405 0.932581
vt 0.275566 0.938509
vt 0.271063 0.927547
vt 0.278730 0.930797
vt 0.266042 0.924175
vt 0.274381 0.924240
vt 0.260110 0.922983
vt 0.267842 0.919846
vt 0.252374 0.919818
vt 0.260113 0.918292
vt 0.254169 0.924155
vt 0.245807 0.924197
vt 0.249130 0.927515
vt 0.241421 0.930762
vt 0.245765 0.932552
vt 0.239899 0.938515
vt 0.260096 0.938488
vt 0.263182 0.931062
vt 0.265788 0.932811
vt 0.245778 0.944435
vt 0.244590 0.938499
vt 0.241445 0.946251
vt 0.252665 0.935405
vt 0.254410 0.932792
vt 0.252665 0.941565
vt 0.254410 0.944175
vt 0.267517 0.941570
vt 0.265774 0.944172
vt 0.257024 0.931051
vt 0.260106 0.930443
vt 0.263169 0.945912
vt 0.260097 0.946523
vt 0.257020 0.945915
vt 0.267525 0.935423
vt 0.268129 0.938499
vt 0.241540 0.957201
vt 0.234692 0.964020
vt 0.235800 0.948665
vt 0.226832 0.952363
vt 0.270213 0.962720
vt 0.285454 0.963883
vt 0.273859 0.971632
vt 0.278721 0.957042
vt 0.293214 0.952312
vt 0.284349 0.948539
vt 0.296049 0.938622
vt 0.286399 0.938505
vt 0.293387 0.924804
vt 0.284404 0.928403
vt 0.285620 0.913071
vt 0.278703 0.919851
vt 0.273944 0.905214
vt 0.270153 0.914131
vt 0.260144 0.902428
vt 0.260058 0.912124
vt 0.246317 0.905145
vt 0.249957 0.914139
vt 0.234580 0.912958
vt 0.241396 0.919875
vt 0.226728 0.924690
vt 0.235684 0.928460
vt 0.223994 0.938553
vt 0.233696 0.938586
vt 0.260191 0.964798
vt 0.252051 0.938486
vt 0.243718 0.954932
vt 0.251278 0.959885
vt 0.260130 0.961663
vt 0.268960 0.959836
vt 0.276477 0.954864
vt 0.281482 0.947352
vt 0.283202 0.938505
vt 0.281504 0.929649
vt 0.276502 0.922112
vt 0.268987 0.917066
vt 0.260106 0.915283
vt 0.251213 0.917041
vt 0.243669 0.922075
vt 0.238628 0.929622
vt 0.236852 0.938523
vt 0.238698 0.947398
vt 0.373507 0.768685
vt 0.347259 0.765757
vt 0.373458 0.762746
vt 0.396440 0.771255
vt 0.400559 0.765776
vt 0.352662 0.780996
vt 0.373483 0.777811
vt 0.373458 0.781624
vt 0.350502 0.788181
vt 0.373483 0.796689
vt 0.346382 0.793660
vt 0.373435 0.790752
vt 0.399682 0.793680
vt 0.394279 0.778440
vt 0.394257 0.781367
vt 0.401127 0.781754
vt 0.407880 0.777243
vt 0.407620 0.783276
vt 0.350610 0.771096
vt 0.349702 0.775585
vt 0.347400 0.773893
vt 0.352685 0.778069
vt 0.352198 0.774736
vt 0.345814 0.777682
vt 0.349495 0.778125
vt 0.349615 0.783511
vt 0.349406 0.780931
vt 0.352172 0.784389
vt 0.345765 0.781327
vt 0.347248 0.785198
vt 0.397327 0.775925
vt 0.397536 0.778505
vt 0.394769 0.775047
vt 0.401176 0.778111
vt 0.399694 0.774238
vt 0.397239 0.783850
vt 0.394743 0.784699
vt 0.397446 0.781311
vt 0.396331 0.788341
vt 0.399542 0.785543
vt 0.342266 0.769995
vt 0.339321 0.776160
vt 0.341464 0.788721
vt 0.373433 0.786108
vt 0.404676 0.789441
vt 0.405478 0.770716
vt 0.373508 0.773327
vt 0.339061 0.782193
vt 0.455147 0.904531
vt 0.438785 0.889596
vt 0.455761 0.889577
vt 0.465139 0.961415
vt 0.480121 0.964280
vt 0.464756 0.964096
vt 0.500539 0.878189
vt 0.508717 0.863611
vt 0.508210 0.875318
vt 0.438754 0.919541
vt 0.423182 0.904537
vt 0.438744 0.904588
vt 0.536918 0.919499
vt 0.539783 0.904518
vt 0.539598 0.919882
vt 0.423182 0.904599
vt 0.438754 0.889593
vt 0.438745 0.904548
vt 0.506449 0.925036
vt 0.521026 0.933214
vt 0.509320 0.932706
vt 0.495045 0.945883
vt 0.480040 0.961456
vt 0.480091 0.945894
vt 0.495002 0.847721
vt 0.480021 0.844855
vt 0.495386 0.845040
vt 0.480102 0.961456
vt 0.465097 0.945883
vt 0.480051 0.945894
vt 0.455792 0.889597
vt 0.460564 0.885060
vt 0.463260 0.887798
vt 0.521386 0.889593
vt 0.536959 0.904599
vt 0.521396 0.904548
vt 0.536959 0.904537
vt 0.521386 0.919541
vt 0.521396 0.904588
vt 0.459602 0.930946
vt 0.451424 0.945524
vt 0.451931 0.933818
vt 0.465097 0.863252
vt 0.480102 0.847679
vt 0.480051 0.863241
vt 0.538116 0.873269
vt 0.536252 0.884584
vt 0.534863 0.873681
vt 0.536907 0.919518
vt 0.521455 0.922027
vt 0.521389 0.919539
vt 0.422026 0.935866
vt 0.423890 0.924551
vt 0.425279 0.935453
vt 0.423234 0.889617
vt 0.438686 0.887108
vt 0.438752 0.889596
vt 0.480035 0.929492
vt 0.465099 0.945853
vt 0.465080 0.928877
vt 0.504995 0.904604
vt 0.521356 0.919539
vt 0.504379 0.919558
vt 0.448772 0.846522
vt 0.460087 0.848386
vt 0.449185 0.849775
vt 0.495021 0.847732
vt 0.497530 0.863183
vt 0.495043 0.863249
vt 0.511369 0.962613
vt 0.500054 0.960748
vt 0.510957 0.959360
vt 0.465120 0.961404
vt 0.462612 0.945952
vt 0.465099 0.945886
vt 0.480107 0.879644
vt 0.495043 0.863282
vt 0.495061 0.880258
vt 0.438785 0.919539
vt 0.455147 0.904604
vt 0.455761 0.919558
vt 0.465101 0.945854
vt 0.462317 0.929727
vt 0.465085 0.928882
vt 0.465099 0.863282
vt 0.480035 0.879644
vt 0.465080 0.880258
vt 0.438784 0.889598
vt 0.454911 0.886815
vt 0.455756 0.889582
vt 0.521357 0.919537
vt 0.505230 0.922320
vt 0.504384 0.919553
vt 0.521356 0.889596
vt 0.504995 0.904531
vt 0.504379 0.889577
vt 0.495043 0.945853
vt 0.480107 0.929492
vt 0.495061 0.928877
vt 0.536907 0.889617
vt 0.521455 0.887108
vt 0.536916 0.886968
vt 0.423234 0.919518
vt 0.438686 0.922027
vt 0.423226 0.922167
vt 0.496866 0.921345
vt 0.504940 0.904597
vt 0.504333 0.919552
vt 0.495040 0.863281
vt 0.497823 0.879408
vt 0.495056 0.880253
vt 0.423223 0.889636
vt 0.420358 0.904617
vt 0.420543 0.889253
vt 0.495021 0.961404
vt 0.497530 0.945952
vt 0.497670 0.961413
vt 0.465100 0.928846
vt 0.460564 0.924074
vt 0.463302 0.921378
vt 0.465100 0.880289
vt 0.462317 0.879408
vt 0.455792 0.919538
vt 0.454911 0.922320
vt 0.495041 0.880289
vt 0.499577 0.885060
vt 0.496840 0.887757
vt 0.495041 0.928846
vt 0.499577 0.924074
vt 0.497823 0.929727
vt 0.421135 0.887156
vt 0.423223 0.889638
vt 0.420539 0.889236
vt 0.504348 0.889597
vt 0.505230 0.886815
vt 0.504348 0.919538
vt 0.496881 0.921336
vt 0.422026 0.873269
vt 0.423890 0.884584
vt 0.420636 0.884629
vt 0.404242 0.888396
vt 0.417554 0.904567
vt 0.404147 0.904568
vt 0.423223 0.919499
vt 0.420358 0.904518
vt 0.423182 0.904530
vt 0.462658 0.963504
vt 0.465141 0.961415
vt 0.464739 0.964099
vt 0.448772 0.962613
vt 0.460087 0.960748
vt 0.460132 0.964003
vt 0.463900 0.980396
vt 0.480071 0.967084
vt 0.480071 0.980491
vt 0.495002 0.961415
vt 0.480021 0.964280
vt 0.480033 0.961456
vt 0.539007 0.921979
vt 0.536918 0.919497
vt 0.539602 0.919899
vt 0.538116 0.935867
vt 0.536252 0.924552
vt 0.539506 0.924506
vt 0.555898 0.920738
vt 0.542587 0.904567
vt 0.555993 0.904568
vt 0.536918 0.889636
vt 0.539783 0.904617
vt 0.536959 0.904606
vt 0.497482 0.845631
vt 0.495001 0.847721
vt 0.495403 0.845036
vt 0.511369 0.846522
vt 0.500054 0.848386
vt 0.500009 0.845132
vt 0.496242 0.828740
vt 0.480071 0.842051
vt 0.480071 0.828644
vt 0.465139 0.847721
vt 0.480121 0.844855
vt 0.480109 0.847679
vt 0.465120 0.847731
vt 0.462612 0.863183
vt 0.462471 0.847722
vt 0.463275 0.921345
vt 0.455202 0.904597
vt 0.480006 0.904608
vt 0.496848 0.887772
vt 0.480100 0.879699
vt 0.495055 0.880305
vt 0.463293 0.887772
vt 0.480042 0.879699
vt 0.480031 0.904502
vt 0.463275 0.887790
vt 0.455202 0.904538
vt 0.455807 0.889583
vt 0.496866 0.887790
vt 0.504940 0.904538
vt 0.480136 0.904528
vt 0.496848 0.921363
vt 0.480100 0.929437
vt 0.480111 0.904633
vt 0.463293 0.921363
vt 0.480042 0.929437
vt 0.465086 0.928831
vt 0.457689 0.882186
vt 0.450820 0.876428
vt 0.451817 0.876314
vt 0.451931 0.875317
vt 0.457689 0.926949
vt 0.450820 0.932706
vt 0.453692 0.925036
vt 0.502452 0.882186
vt 0.509320 0.876428
vt 0.506449 0.884099
vt 0.502452 0.926949
vt 0.508210 0.933817
vt 0.500539 0.930946
vt 0.460589 0.966324
vt 0.464466 0.966812
vt 0.496242 0.980395
vt 0.541826 0.924049
vt 0.542314 0.920172
vt 0.555898 0.888397
vt 0.499552 0.842812
vt 0.495676 0.842324
vt 0.463900 0.828739
vt 0.404242 0.920739
vt 0.460340 0.863135
vt 0.451424 0.863611
vt 0.438638 0.884836
vt 0.425278 0.873682
vt 0.439114 0.875921
vt 0.460340 0.946000
vt 0.449185 0.959360
vt 0.438638 0.924298
vt 0.439114 0.933214
vt 0.521503 0.884836
vt 0.521027 0.875921
vt 0.499802 0.863135
vt 0.510957 0.849775
vt 0.521503 0.924298
vt 0.534863 0.935454
vt 0.499802 0.946000
vt 0.508717 0.945524
vt 0.418315 0.924049
vt 0.404415 0.924661
vt 0.438784 0.919537
vt 0.423223 0.919497
vt 0.421135 0.921979
vt 0.420539 0.919899
vt 0.499552 0.966323
vt 0.500164 0.980223
vt 0.495040 0.945854
vt 0.495001 0.961415
vt 0.497482 0.963504
vt 0.495403 0.964099
vt 0.541826 0.885086
vt 0.555725 0.884475
vt 0.521357 0.889598
vt 0.536918 0.889638
vt 0.539007 0.887156
vt 0.539602 0.889236
vt 0.460589 0.842811
vt 0.459978 0.828911
vt 0.459602 0.878189
vt 0.465101 0.863281
vt 0.465141 0.847721
vt 0.462658 0.845631
vt 0.464739 0.845036
vt 0.480040 0.847679
vt 0.495045 0.863251
vt 0.480091 0.863241
vt 0.418315 0.885086
vt 0.417827 0.888963
vt 0.454298 0.885199
vt 0.453692 0.884099
vt 0.458969 0.883466
vt 0.460701 0.878795
vt 0.460701 0.930340
vt 0.458969 0.925669
vt 0.454298 0.923936
vt 0.499439 0.878795
vt 0.501172 0.883466
vt 0.505843 0.885199
vt 0.505843 0.923936
vt 0.501172 0.925669
vt 0.499439 0.930340
vt 0.418930 0.889088
vt 0.419625 0.885789
vt 0.421620 0.886890
vt 0.423652 0.885558
vt 0.423226 0.886968
vt 0.420998 0.885608
vt 0.418930 0.920047
vt 0.419625 0.923346
vt 0.417827 0.920172
vt 0.421620 0.922245
vt 0.423652 0.923577
vt 0.420998 0.923527
vt 0.420636 0.924506
vt 0.464592 0.965708
vt 0.461292 0.965014
vt 0.462393 0.963019
vt 0.461061 0.960987
vt 0.462471 0.961413
vt 0.461111 0.963641
vt 0.495550 0.965708
vt 0.498848 0.965013
vt 0.495676 0.966811
vt 0.497748 0.963019
vt 0.499080 0.960987
vt 0.499030 0.963641
vt 0.500009 0.964003
vt 0.541211 0.920047
vt 0.540516 0.923345
vt 0.538522 0.922245
vt 0.536490 0.923577
vt 0.536916 0.922167
vt 0.539144 0.923528
vt 0.541211 0.889088
vt 0.540516 0.885790
vt 0.542314 0.888963
vt 0.538522 0.886890
vt 0.536490 0.885558
vt 0.539144 0.885608
vt 0.539506 0.884629
vt 0.495550 0.843427
vt 0.498849 0.844122
vt 0.497748 0.846116
vt 0.499080 0.848148
vt 0.497670 0.847722
vt 0.499030 0.845494
vt 0.464591 0.843427
vt 0.461292 0.844122
vt 0.464466 0.842323
vt 0.462393 0.846116
vt 0.461061 0.848148
vt 0.461111 0.845494
vt 0.460132 0.845132
vt 0.461220 0.863203
vt 0.438706 0.885717
vt 0.461220 0.945932
vt 0.438706 0.923418
vt 0.521435 0.885717
vt 0.498922 0.863203
vt 0.521435 0.923418
vt 0.498922 0.945932
vt 0.418710 0.904567
vt 0.480071 0.965928
vt 0.541431 0.904568
vt 0.480071 0.843207
vt 0.803881 0.761597
vt 0.851776 0.753584
vt 0.851529 0.761597
vt 0.829785 0.940550
vt 0.790249 0.909360
vt 0.837205 0.928936
vt 0.739652 0.680318
vt 0.668694 0.661083
vt 0.741339 0.665921
vt 0.675957 0.974539
vt 0.736712 0.970795
vt 0.737251 0.973698
vt 0.585189 0.954561
vt 0.585699 0.937326
vt 0.587645 0.953964
vt 0.589450 0.905614
vt 0.587652 0.920690
vt 0.585195 0.920090
vt 0.665607 0.686638
vt 0.666563 0.675801
vt 0.829785 0.833721
vt 0.790248 0.864911
vt 0.786737 0.858496
vt 0.815508 0.815012
vt 0.855045 0.783822
vt 0.858556 0.790237
vt 0.851776 0.769611
vt 0.803822 0.781632
vt 0.897427 0.752170
vt 0.889496 0.766055
vt 0.885166 0.761554
vt 0.738987 0.701805
vt 0.666543 0.761598
vt 0.665622 0.699436
vt 0.773247 0.694291
vt 0.800685 0.697890
vt 0.791873 0.709577
vt 0.909538 0.760877
vt 0.905697 0.765206
vt 0.742916 0.924462
vt 0.756236 0.937328
vt 0.741562 0.937325
vt 0.665607 0.836557
vt 0.739652 0.842878
vt 0.666563 0.847393
vt 0.841413 0.887135
vt 0.793517 0.895149
vt 0.793764 0.887135
vt 0.544038 0.815243
vt 0.507990 0.792554
vt 0.544023 0.792838
vt 0.857630 0.916701
vt 0.873827 0.887135
vt 0.874777 0.932992
vt 0.582782 0.937325
vt 0.885313 0.743465
vt 0.889153 0.739135
vt 0.872046 0.954442
vt 0.844610 0.950843
vt 0.853421 0.939156
vt 0.815508 0.708183
vt 0.855045 0.739373
vt 0.808089 0.719797
vt 0.793517 0.879122
vt 0.841472 0.867102
vt 0.668694 0.862112
vt 0.741339 0.857274
vt 0.787663 0.732031
vt 0.771466 0.761597
vt 0.770516 0.715741
vt 0.872046 0.819829
vt 0.844610 0.823428
vt 0.863574 0.808421
vt 0.852875 0.776984
vt 0.804565 0.793744
vt 0.979671 0.824974
vt 0.906232 0.815615
vt 0.979686 0.812176
vt 0.840728 0.919281
vt 0.792418 0.902522
vt 0.841472 0.907170
vt 0.875170 0.829222
vt 0.853421 0.835115
vt 0.737938 0.895723
vt 0.675956 0.896928
vt 0.675956 0.894545
vt 0.766724 0.954562
vt 0.766216 0.937326
vt 0.769132 0.937325
vt 0.598201 0.975919
vt 0.614147 0.976674
vt 0.613958 0.978918
vt 0.770123 0.819511
vt 0.791873 0.813619
vt 0.773247 0.828904
vt 0.739061 0.690077
vt 0.770124 0.703684
vt 0.808088 0.803399
vt 0.874777 0.841278
vt 0.857296 0.845004
vt 0.857296 0.929266
vt 0.875170 0.945049
vt 0.792418 0.871749
vt 0.840728 0.854989
vt 0.837205 0.845334
vt 0.589408 0.969048
vt 0.591954 0.969056
vt 0.903956 0.791459
vt 0.978730 0.801339
vt 0.905643 0.805856
vt 0.804565 0.729452
vt 0.852875 0.746212
vt 0.803822 0.741564
vt 0.905643 0.968415
vt 0.976599 0.987650
vt 0.903956 0.982812
vt 0.498792 0.813762
vt 0.501711 0.790918
vt 0.495834 0.761525
vt 0.501017 0.765055
vt 0.495127 0.765049
vt 0.766719 0.920090
vt 0.764263 0.920690
vt 0.622295 0.912907
vt 0.675957 0.906524
vt 0.675957 0.912946
vt 0.675961 0.961578
vt 0.713938 0.955031
vt 0.725273 0.961594
vt 0.737955 0.978918
vt 0.675958 0.977730
vt 0.737768 0.976674
vt 0.469035 0.763617
vt 0.492710 0.765273
vt 0.469757 0.769283
vt 0.906305 0.827343
vt 0.978751 0.887135
vt 0.905860 0.887135
vt 0.906232 0.958655
vt 0.979671 0.949297
vt 0.979686 0.962095
vt 0.753712 0.975918
vt 0.754317 0.973538
vt 0.762505 0.969048
vt 0.764268 0.953964
vt 0.753712 0.898698
vt 0.737754 0.897969
vt 0.598202 0.898701
vt 0.614157 0.897971
vt 0.597592 0.901081
vt 0.675958 0.980114
vt 0.614955 0.781312
vt 0.590053 0.785216
vt 0.592856 0.775281
vt 0.978730 0.972932
vt 0.608998 0.924466
vt 0.595677 0.937328
vt 0.595871 0.922130
vt 0.770515 0.807455
vt 0.787998 0.803728
vt 0.544019 0.735098
vt 0.588898 0.757602
vt 0.544023 0.757222
vt 0.729616 0.912908
vt 0.611591 0.792728
vt 0.586878 0.790611
vt 0.586262 0.790906
vt 0.582638 0.814185
vt 0.580043 0.792551
vt 0.753514 0.969905
vt 0.501140 0.790616
vt 0.476001 0.792604
vt 0.497959 0.785212
vt 0.590554 0.953498
vt 0.595596 0.967921
vt 0.619128 0.763871
vt 0.595309 0.765285
vt 0.595002 0.760005
vt 0.759920 0.905612
vt 0.761355 0.921147
vt 0.756267 0.906715
vt 0.602030 0.911261
vt 0.612821 0.916345
vt 0.598433 0.904708
vt 0.614726 0.900942
vt 0.906305 0.946927
vt 0.625296 0.937328
vt 0.611712 0.950132
vt 0.610351 0.937325
vt 0.590558 0.921147
vt 0.592559 0.937328
vt 0.589299 0.937327
vt 0.665622 0.823759
vt 0.739061 0.833118
vt 0.800685 0.825306
vt 0.781719 0.840312
vt 0.736597 0.903838
vt 0.675956 0.900118
vt 0.737187 0.900941
vt 0.762465 0.905614
vt 0.759353 0.937328
vt 0.762615 0.937327
vt 0.591995 0.905613
vt 0.595649 0.906715
vt 0.615315 0.903838
vt 0.615201 0.970795
vt 0.614662 0.973698
vt 0.637975 0.955031
vt 0.626651 0.961586
vt 0.857630 0.857569
vt 0.740202 0.950136
vt 0.756046 0.952509
vt 0.496005 0.735542
vt 0.499109 0.757606
vt 0.586997 0.765058
vt 0.592181 0.761525
vt 0.592888 0.765049
vt 0.613971 0.895726
vt 0.472958 0.781044
vt 0.495134 0.775280
vt 0.598400 0.969906
vt 0.761360 0.953498
vt 0.759959 0.969056
vt 0.756317 0.967920
vt 0.753481 0.904706
vt 0.616715 0.958138
vt 0.615581 0.968090
vt 0.601973 0.963348
vt 0.595866 0.952509
vt 0.736221 0.906546
vt 0.739091 0.916345
vt 0.749883 0.911261
vt 0.749939 0.963348
vt 0.735199 0.958143
vt 0.736332 0.968090
vt 0.615691 0.906546
vt 0.592016 0.735552
vt 0.594218 0.759235
vt 0.618335 0.769562
vt 0.500212 0.784309
vt 0.503911 0.775071
vt 0.506596 0.784323
vt 0.493791 0.759240
vt 0.490385 0.736354
vt 0.619780 0.769692
vt 0.727092 0.922246
vt 0.729358 0.926907
vt 0.727946 0.927072
vt 0.597633 0.736364
vt 0.592791 0.734369
vt 0.598419 0.735205
vt 0.722926 0.919364
vt 0.728311 0.921606
vt 0.589302 0.813403
vt 0.583509 0.815334
vt 0.719169 0.952208
vt 0.713203 0.954255
vt 0.610464 0.799104
vt 0.609040 0.798965
vt 0.722618 0.947335
vt 0.720210 0.952856
vt 0.495229 0.734359
vt 0.624843 0.922274
vt 0.628986 0.919364
vt 0.629778 0.920421
vt 0.468319 0.769394
vt 0.467542 0.763762
vt 0.622555 0.926907
vt 0.623602 0.921606
vt 0.476989 0.799117
vt 0.474583 0.792732
vt 0.629287 0.947367
vt 0.631703 0.952856
vt 0.628006 0.947704
vt 0.504596 0.815692
vt 0.497952 0.814878
vt 0.632692 0.952236
vt 0.544019 0.733924
vt 0.722242 0.920311
vt 0.675957 0.919340
vt 0.616344 0.781457
vt 0.726616 0.937328
vt 0.725276 0.937192
vt 0.544043 0.816410
vt 0.675957 0.955063
vt 0.675910 0.954969
vt 0.612991 0.792892
vt 0.723906 0.947704
vt 0.471564 0.781158
vt 0.623994 0.927130
vt 0.626644 0.937228
vt 0.638511 0.954159
vt 0.505461 0.814538
vt 0.544008 0.760009
vt 0.544004 0.764934
vt 0.503195 0.788403
vt 0.508151 0.791324
vt 0.502298 0.789613
vt 0.499109 0.784755
vt 0.588685 0.758825
vt 0.593439 0.760523
vt 0.594071 0.765163
vt 0.584820 0.788403
vt 0.588905 0.784757
vt 0.585707 0.789611
vt 0.579873 0.791323
vt 0.579702 0.790124
vt 0.499325 0.758827
vt 0.499543 0.760008
vt 0.494580 0.760530
vt 0.493946 0.765157
vt 0.493035 0.760019
vt 0.588473 0.760008
vt 0.544016 0.758634
vt 0.591542 0.775173
vt 0.590244 0.775066
vt 0.544016 0.791466
vt 0.544008 0.790124
vt 0.587804 0.784309
vt 0.496461 0.775173
vt 0.497771 0.775066
vt 0.508313 0.790124
vt 0.584099 0.775073
vt 0.581419 0.784324
vt 0.544008 0.775040
vt 0.544012 0.784338
vt 0.789815 0.901587
vt 0.790899 0.894717
vt 0.911761 0.762419
vt 0.787641 0.908284
vt 0.907126 0.767620
vt 0.900082 0.767938
vt 0.787641 0.865987
vt 0.911858 0.741013
vt 0.905354 0.738286
vt 0.906962 0.735967
vt 0.789815 0.872684
vt 0.914417 0.747493
vt 0.909685 0.742786
vt 0.857652 0.782746
vt 0.882993 0.763328
vt 0.887890 0.768374
vt 0.855479 0.776049
vt 0.880435 0.756848
vt 0.855479 0.747146
vt 0.854395 0.754016
vt 0.883089 0.741921
vt 0.857653 0.740449
vt 0.887725 0.736721
vt 0.894770 0.736404
vt 0.900750 0.733480
vt 0.900264 0.736209
vt 0.858556 0.732959
vt 0.860809 0.734579
vt 0.880435 0.749148
vt 0.911798 0.748175
vt 0.914417 0.755193
vt 0.911824 0.754731
vt 0.790899 0.879554
vt 0.791265 0.887135
vt 0.894101 0.770861
vt 0.883054 0.756166
vt 0.883028 0.749609
vt 0.854395 0.769179
vt 0.854028 0.761597
vt 0.894587 0.768132
vt 0.786737 0.915774
vt 0.784485 0.914153
vt 0.787999 0.719466
vt 0.662052 0.699470
vt 0.661839 0.686367
vt 0.752657 0.980095
vt 0.662993 0.675264
vt 0.767237 0.969008
vt 0.770831 0.955668
vt 0.662993 0.847932
vt 0.661839 0.836827
vt 0.584674 0.969006
vt 0.662052 0.823725
vt 0.599256 0.980095
vt 0.613660 0.982490
vt 0.982301 0.800801
vt 0.983455 0.811906
vt 0.767200 0.905644
vt 0.983242 0.825008
vt 0.752647 0.894521
vt 0.738231 0.892150
vt 0.983242 0.949263
vt 0.983455 0.962365
vt 0.599265 0.894525
vt 0.982301 0.973469
vt 0.584715 0.905644
vt 0.581089 0.918981
vt 0.770825 0.918979
vt 0.773521 0.937324
vt 0.980047 0.786115
vt 0.976599 0.786621
vt 0.613677 0.892153
vt 0.675956 0.891029
vt 0.982297 0.887135
vt 0.738251 0.982490
vt 0.675958 0.983631
vt 0.662996 0.761598
vt 0.581082 0.955665
vt 0.578394 0.937324
vt 0.665247 0.862619
vt 0.980047 0.988156
vt 0.665247 0.660577
vt 0.738987 0.821390
vt 0.739433 0.761598
vt 0.752539 0.908145
vt 0.758590 0.953029
vt 0.752603 0.966459
vt 0.599309 0.966460
vt 0.593327 0.921607
vt 0.599377 0.908145
vt 0.758585 0.921607
vt 0.593323 0.953029
vt 0.675956 0.903471
vt 0.756042 0.922130
vt 0.675957 0.971185
vt 0.675957 0.968132
vt 0.755385 0.829520
vt 0.755319 0.817354
vt 0.795475 0.785274
vt 0.796070 0.797906
vt 0.787663 0.791164
vt 0.756215 0.839947
vt 0.758858 0.839166
vt 0.799884 0.807941
vt 0.889077 0.965484
vt 0.889909 0.955058
vt 0.849223 0.923444
vt 0.845409 0.933479
vt 0.889973 0.942891
vt 0.849819 0.910812
vt 0.799885 0.715254
vt 0.796070 0.725289
vt 0.795475 0.737921
vt 0.889973 0.831379
vt 0.889909 0.819213
vt 0.889077 0.808786
vt 0.849223 0.850827
vt 0.849819 0.863459
vt 0.845409 0.840792
vt 0.756215 0.683249
vt 0.755385 0.693675
vt 0.755320 0.705841
vt 0.755368 0.761598
vt 0.781719 0.682883
vt 0.758858 0.684029
vt 0.767360 0.672370
vt 0.758529 0.668424
vt 0.795564 0.761597
vt 0.787796 0.761597
vt 0.808161 0.703302
vt 0.889925 0.887135
vt 0.886437 0.809567
vt 0.886764 0.793962
vt 0.837133 0.828840
vt 0.849730 0.887135
vt 0.857497 0.887135
vt 0.758529 0.854771
vt 0.808161 0.819893
vt 0.863574 0.965850
vt 0.886437 0.964703
vt 0.877933 0.976362
vt 0.886764 0.980309
vt 0.837133 0.945431
vt 0.100839 0.877601
vt 0.084788 0.903531
vt 0.084220 0.878170
vt 0.030159 0.877660
vt 0.046264 0.903548
vt 0.029689 0.905621
vt 0.031693 0.821545
vt 0.046334 0.803025
vt 0.046735 0.828244
vt 0.030908 0.849625
vt 0.046830 0.853226
vt 0.046773 0.878189
vt 0.025581 0.933917
vt 0.046321 0.934342
vt 0.023248 0.939290
vt 0.072563 0.853718
vt 0.080535 0.829197
vt 0.080450 0.853731
vt 0.084095 0.853204
vt 0.100010 0.849558
vt 0.058086 0.936105
vt 0.051929 0.939823
vt 0.049942 0.933505
vt 0.050327 0.829206
vt 0.057948 0.803891
vt 0.058280 0.829133
vt 0.083436 0.788099
vt 0.097905 0.788050
vt 0.084758 0.798617
vt 0.033000 0.792926
vt 0.046021 0.798645
vt 0.073880 0.783113
vt 0.083389 0.768846
vt 0.082191 0.786963
vt 0.072981 0.928722
vt 0.081054 0.903264
vt 0.081205 0.928692
vt 0.099141 0.821485
vt 0.084448 0.802997
vt 0.097771 0.792886
vt 0.072879 0.903345
vt 0.080524 0.878260
vt 0.105497 0.933864
vt 0.084770 0.934308
vt 0.084976 0.929096
vt 0.048336 0.942251
vt 0.020008 0.948610
vt 0.101364 0.905576
vt 0.072593 0.829104
vt 0.080895 0.804307
vt 0.083234 0.972780
vt 0.073328 0.945607
vt 0.081248 0.943609
vt 0.107833 0.939231
vt 0.082762 0.942209
vt 0.056962 0.975775
vt 0.074796 0.975442
vt 0.074417 0.765491
vt 0.056840 0.783124
vt 0.056046 0.765728
vt 0.047342 0.788130
vt 0.032865 0.788089
vt 0.033105 0.776485
vt 0.048364 0.973234
vt 0.057819 0.945608
vt 0.047241 0.769127
vt 0.084125 0.828223
vt 0.048059 0.803662
vt 0.048520 0.828730
vt 0.049888 0.804327
vt 0.048022 0.928910
vt 0.046109 0.929126
vt 0.048151 0.903410
vt 0.049883 0.928718
vt 0.048660 0.878232
vt 0.049999 0.903274
vt 0.048675 0.853492
vt 0.050477 0.853743
vt 0.050470 0.878270
vt 0.082334 0.878218
vt 0.082901 0.903396
vt 0.082724 0.803638
vt 0.082341 0.828714
vt 0.082252 0.853475
vt 0.083066 0.928882
vt 0.079173 0.939786
vt 0.082942 0.933891
vt 0.080845 0.941167
vt 0.073088 0.943654
vt 0.072843 0.941744
vt 0.080400 0.941590
vt 0.048151 0.933922
vt 0.050255 0.941207
vt 0.058041 0.943645
vt 0.050704 0.941639
vt 0.049863 0.943672
vt 0.073188 0.788164
vt 0.081114 0.789294
vt 0.079727 0.791545
vt 0.073543 0.785697
vt 0.083059 0.799484
vt 0.081182 0.800459
vt 0.081525 0.789714
vt 0.057563 0.788181
vt 0.049658 0.789339
vt 0.057195 0.785703
vt 0.048577 0.787023
vt 0.051049 0.791578
vt 0.047719 0.799511
vt 0.049252 0.789747
vt 0.049597 0.800482
vt 0.058277 0.941764
vt 0.081150 0.933475
vt 0.057662 0.796338
vt 0.072607 0.878309
vt 0.058365 0.878346
vt 0.058137 0.903343
vt 0.058365 0.853746
vt 0.058100 0.928731
vt 0.073024 0.936105
vt 0.072870 0.803901
vt 0.073125 0.796320
vt 0.347252 0.955097
vt 0.337813 0.955075
vt 0.341561 0.951283
vt 0.343746 0.963707
vt 0.353974 0.974425
vt 0.340380 0.971716
vt 0.353975 0.956448
vt 0.345236 0.960034
vt 0.362735 0.960015
vt 0.353983 0.961775
vt 0.360686 0.955085
vt 0.370164 0.955052
vt 0.366378 0.951304
vt 0.375125 0.947629
vt 0.370188 0.945618
vt 0.376864 0.938873
vt 0.370205 0.932188
vt 0.371533 0.938905
vt 0.366408 0.926490
vt 0.375118 0.930119
vt 0.360719 0.922680
vt 0.370154 0.922698
vt 0.354004 0.921337
vt 0.362729 0.917742
vt 0.345218 0.917752
vt 0.353972 0.916006
vt 0.347288 0.922665
vt 0.337797 0.922716
vt 0.341590 0.926463
vt 0.332842 0.930142
vt 0.337779 0.932152
vt 0.331104 0.938899
vt 0.353986 0.938886
vt 0.357107 0.931396
vt 0.359736 0.933161
vt 0.337763 0.945584
vt 0.336436 0.938866
vt 0.332851 0.947654
vt 0.346496 0.935763
vt 0.348261 0.933136
vt 0.346482 0.941974
vt 0.348235 0.944611
vt 0.361473 0.942006
vt 0.359709 0.944633
vt 0.350897 0.931382
vt 0.354004 0.930772
vt 0.357075 0.946387
vt 0.353969 0.947000
vt 0.350864 0.946375
vt 0.361488 0.935797
vt 0.362099 0.938904
vt 0.335031 0.957899
vt 0.328856 0.964012
vt 0.329199 0.949199
vt 0.321155 0.952485
vt 0.364283 0.963668
vt 0.379104 0.964014
vt 0.367571 0.971714
vt 0.372991 0.957836
vt 0.386812 0.952487
vt 0.378799 0.949119
vt 0.389520 0.938887
vt 0.380828 0.938843
vt 0.386815 0.925286
vt 0.378769 0.928572
vt 0.379112 0.913757
vt 0.372937 0.919873
vt 0.367582 0.906054
vt 0.364218 0.914067
vt 0.353983 0.903350
vt 0.353941 0.912041
vt 0.340385 0.906057
vt 0.343671 0.914101
vt 0.328857 0.913760
vt 0.334972 0.919934
vt 0.321154 0.925288
vt 0.329166 0.928653
vt 0.318450 0.938887
vt 0.327140 0.938929
vt 0.354015 0.965737
vt 0.345872 0.938867
vt 0.344507 0.961823
vt 0.353996 0.963706
vt 0.363486 0.961797
vt 0.371540 0.956411
vt 0.376914 0.948358
vt 0.378796 0.938862
vt 0.376900 0.929368
vt 0.371513 0.921323
vt 0.363457 0.915952
vt 0.353960 0.914073
vt 0.344467 0.915972
vt 0.336422 0.921358
vt 0.331052 0.929413
vt 0.329172 0.938911
vt 0.331069 0.948404
vt 0.336455 0.956449
vt 0.003929 0.044589
vt 0.021342 0.051284
vt 0.003929 0.051284
vt 0.021342 0.057979
vt 0.003929 0.057979
vt 0.003929 0.064674
vt 0.021342 0.064674
vt 0.003930 0.071369
vt 0.021342 0.017810
vt 0.003929 0.024505
vt 0.003930 0.017810
vt 0.021342 0.024505
vt 0.003929 0.031200
vt 0.021342 0.037894
vt 0.003929 0.037894
vt 0.021342 0.044589
vt 0.038755 0.051284
vt 0.038755 0.057979
vt 0.038755 0.064674
vt 0.021342 0.071369
vt 0.038755 0.017810
vt 0.038755 0.024505
vt 0.021342 0.031200
vt 0.038755 0.037894
vt 0.038755 0.044589
vt 0.056167 0.051284
vt 0.056168 0.057979
vt 0.056167 0.064674
vt 0.038755 0.071369
vt 0.056167 0.017810
vt 0.056167 0.024505
vt 0.038755 0.031200
vt 0.056167 0.037894
vt 0.056167 0.044589
vt 0.073580 0.044589
vt 0.056168 0.051284
vt 0.056168 0.044589
vt 0.073580 0.051284
vt 0.073580 0.064674
vt 0.056168 0.064674
vt 0.073580 0.071369
vt 0.056168 0.071369
vt 0.056168 0.017810
vt 0.073580 0.024505
vt 0.056168 0.024505
vt 0.073580 0.031200
vt 0.056168 0.031200
vt 0.056168 0.037894
vt 0.073580 0.037894
vt 0.090993 0.044589
vt 0.090993 0.051284
vt 0.073581 0.057979
vt 0.090993 0.064674
vt 0.090993 0.071369
vt 0.073581 0.071369
vt 0.073581 0.017810
vt 0.090993 0.024505
vt 0.090993 0.031200
vt 0.090993 0.037894
vt 0.108406 0.044589
vt 0.108406 0.051284
vt 0.090993 0.057979
vt 0.108406 0.064674
vt 0.108406 0.071369
vt 0.090994 0.071369
vt 0.090994 0.017810
vt 0.108406 0.024505
vt 0.108406 0.031200
vt 0.108406 0.037894
vt 0.125819 0.044589
vt 0.125819 0.051284
vt 0.108406 0.057979
vt 0.125819 0.064674
vt 0.125819 0.071369
vt 0.108406 0.017810
vt 0.125819 0.024505
vt 0.125819 0.031200
vt 0.125819 0.037894
vt 0.143231 0.044589
vt 0.143231 0.051284
vt 0.125819 0.057979
vt 0.143231 0.064674
vt 0.143231 0.071369
vt 0.125819 0.017810
vt 0.143231 0.024505
vt 0.143231 0.031200
vt 0.143231 0.037894
vt 0.160644 0.044589
vt 0.143232 0.051284
vt 0.143232 0.044589
vt 0.160644 0.051284
vt 0.143232 0.057979
vt 0.160644 0.064674
vt 0.143232 0.064674
vt 0.160644 0.071369
vt 0.143232 0.071369
vt 0.143232 0.017810
vt 0.160644 0.024505
vt 0.143232 0.024505
vt 0.160644 0.031200
vt 0.143232 0.031200
vt 0.143232 0.037894
vt 0.160644 0.037894
vt 0.178057 0.044589
vt 0.178057 0.051284
vt 0.160645 0.057979
vt 0.178057 0.064674
vt 0.178057 0.071369
vt 0.160645 0.071369
vt 0.160645 0.017810
vt 0.178057 0.024505
vt 0.178057 0.031200
vt 0.178057 0.037894
vt 0.195470 0.044589
vt 0.195470 0.051284
vt 0.178057 0.057979
vt 0.195470 0.064674
vt 0.195470 0.071369
vt 0.178058 0.071369
vt 0.178058 0.017810
vt 0.195470 0.024505
vt 0.195470 0.031200
vt 0.195470 0.037894
vt 0.212883 0.051284
vt 0.212883 0.057979
vt 0.195470 0.057979
vt 0.212883 0.064674
vt 0.212883 0.017810
vt 0.195470 0.017810
vt 0.212883 0.024505
vt 0.212883 0.037894
vt 0.212883 0.044589
vt 0.230295 0.051284
vt 0.230296 0.057979
vt 0.230295 0.064674
vt 0.212883 0.071369
vt 0.230295 0.017810
vt 0.230295 0.024505
vt 0.212883 0.031200
vt 0.230295 0.037894
vt 0.230295 0.044589
vt 0.247708 0.044589
vt 0.230296 0.051284
vt 0.230296 0.044589
vt 0.247708 0.051284
vt 0.247708 0.064674
vt 0.230296 0.064674
vt 0.247708 0.071369
vt 0.230296 0.071369
vt 0.230296 0.017810
vt 0.247708 0.024505
vt 0.230296 0.024505
vt 0.247708 0.031200
vt 0.230296 0.031200
vt 0.230296 0.037894
vt 0.247708 0.037894
vt 0.265121 0.044589
vt 0.265121 0.051284
vt 0.247709 0.057979
vt 0.265121 0.064674
vt 0.265121 0.071369
vt 0.247709 0.071369
vt 0.247709 0.017810
vt 0.265121 0.024505
vt 0.265121 0.031200
vt 0.265121 0.037894
vt 0.282534 0.051284
vt 0.282534 0.057979
vt 0.265121 0.057979
vt 0.282534 0.064674
vt 0.265122 0.071369
vt 0.282534 0.017810
vt 0.265122 0.017810
vt 0.282534 0.024505
vt 0.282534 0.037894
vt 0.282534 0.044589
vt 0.299947 0.051284
vt 0.299947 0.057979
vt 0.299947 0.064674
vt 0.282534 0.071369
vt 0.299947 0.017810
vt 0.299947 0.024505
vt 0.282534 0.031200
vt 0.299947 0.037894
vt 0.299947 0.044589
vt 0.317359 0.044589
vt 0.317359 0.051284
vt 0.317359 0.064674
vt 0.317359 0.071369
vt 0.299947 0.071369
vt 0.317359 0.024505
vt 0.317359 0.031200
vt 0.299947 0.031200
vt 0.317359 0.037894
vt 0.334772 0.051284
vt 0.334773 0.057979
vt 0.317360 0.057979
vt 0.334772 0.064674
vt 0.317360 0.071369
vt 0.334772 0.017810
vt 0.317360 0.017810
vt 0.334772 0.024505
vt 0.334772 0.037894
vt 0.334772 0.044589
vt 0.352185 0.051284
vt 0.352185 0.057979
vt 0.352185 0.064674
vt 0.334773 0.071369
vt 0.352185 0.017810
vt 0.334773 0.017810
vt 0.352185 0.024505
vt 0.334772 0.031200
vt 0.352185 0.037894
vt 0.352185 0.044589
vt 0.369598 0.044589
vt 0.369598 0.051284
vt 0.369598 0.064674
vt 0.369598 0.071369
vt 0.352186 0.071369
vt 0.352186 0.017810
vt 0.369598 0.024505
vt 0.369598 0.031200
vt 0.352185 0.031200
vt 0.369598 0.037894
vt 0.387011 0.051284
vt 0.387011 0.057979
vt 0.369598 0.057979
vt 0.387011 0.064674
vt 0.387011 0.017810
vt 0.369598 0.017810
vt 0.387011 0.024505
vt 0.387011 0.037894
vt 0.387011 0.044589
vt 0.404423 0.051284
vt 0.404424 0.057979
vt 0.404423 0.064674
vt 0.387011 0.071369
vt 0.404423 0.017810
vt 0.404423 0.024505
vt 0.387011 0.031200
vt 0.404423 0.037894
vt 0.404423 0.044589
vt 0.421836 0.044589
vt 0.421836 0.051284
vt 0.421836 0.064674
vt 0.421836 0.071369
vt 0.404424 0.071369
vt 0.404424 0.017810
vt 0.421836 0.024505
vt 0.421836 0.031200
vt 0.404423 0.031200
vt 0.421836 0.037894
vt 0.439249 0.051284
vt 0.439250 0.057979
vt 0.421837 0.057979
vt 0.439249 0.064674
vt 0.421837 0.071369
vt 0.439249 0.017810
vt 0.421837 0.017810
vt 0.439249 0.024505
vt 0.439249 0.037894
vt 0.439249 0.044589
vt 0.456662 0.051284
vt 0.456662 0.057979
vt 0.456662 0.064674
vt 0.439250 0.071369
vt 0.456662 0.017810
vt 0.439250 0.017810
vt 0.456662 0.024505
vt 0.439249 0.031200
vt 0.456662 0.037894
vt 0.456662 0.044589
vt 0.474075 0.044589
vt 0.474075 0.051284
vt 0.474075 0.064674
vt 0.474075 0.071369
vt 0.456662 0.071369
vt 0.474075 0.024505
vt 0.474075 0.031200
vt 0.456662 0.031200
vt 0.474075 0.037894
vt 0.491487 0.044589
vt 0.491487 0.051284
vt 0.474075 0.057979
vt 0.491487 0.064674
vt 0.491487 0.071369
vt 0.474075 0.017810
vt 0.491487 0.024505
vt 0.491487 0.031200
vt 0.491487 0.037894
vt 0.508900 0.051284
vt 0.508901 0.057979
vt 0.491488 0.057979
vt 0.508900 0.064674
vt 0.491488 0.071369
vt 0.508900 0.017810
vt 0.491488 0.017810
vt 0.508900 0.024505
vt 0.508900 0.037894
vt 0.508900 0.044589
vt 0.526313 0.051284
vt 0.526313 0.057979
vt 0.526313 0.064674
vt 0.508900 0.071369
vt 0.526313 0.017810
vt 0.508901 0.017810
vt 0.526313 0.024505
vt 0.508900 0.031200
vt 0.526313 0.037894
vt 0.526313 0.044589
vt 0.543726 0.044589
vt 0.543726 0.051284
vt 0.543726 0.064674
vt 0.543726 0.071369
vt 0.526313 0.071369
vt 0.526314 0.017810
vt 0.543726 0.024505
vt 0.543726 0.031200
vt 0.526313 0.031200
vt 0.543726 0.037894
vt 0.561139 0.051284
vt 0.561139 0.057979
vt 0.543726 0.057979
vt 0.561139 0.064674
vt 0.561139 0.017810
vt 0.543726 0.017810
vt 0.561139 0.024505
vt 0.561139 0.037894
vt 0.561139 0.044589
vt 0.578551 0.051284
vt 0.578552 0.057979
vt 0.578551 0.064674
vt 0.561139 0.071369
vt 0.578551 0.017810
vt 0.578551 0.024505
vt 0.561139 0.031200
vt 0.578551 0.037894
vt 0.578551 0.044589
vt 0.595964 0.051284
vt 0.595965 0.057979
vt 0.595964 0.064674
vt 0.578551 0.071369
vt 0.595964 0.017810
vt 0.578552 0.017810
vt 0.595964 0.024505
vt 0.578551 0.031200
vt 0.595964 0.037894
vt 0.595964 0.044589
vt 0.613377 0.051284
vt 0.613378 0.057979
vt 0.613377 0.064674
vt 0.595964 0.071369
vt 0.613377 0.017810
vt 0.595965 0.017810
vt 0.613377 0.024505
vt 0.595964 0.031200
vt 0.613377 0.037894
vt 0.613377 0.044589
vt 0.630790 0.044589
vt 0.630790 0.051284
vt 0.630790 0.064674
vt 0.630790 0.071369
vt 0.613377 0.071369
vt 0.613378 0.017810
vt 0.630790 0.024505
vt 0.630790 0.031200
vt 0.613377 0.031200
vt 0.630790 0.037894
vt 0.648203 0.051284
vt 0.648203 0.057979
vt 0.630790 0.057979
vt 0.648203 0.064674
vt 0.648203 0.017810
vt 0.630790 0.017810
vt 0.648203 0.024505
vt 0.648203 0.037894
vt 0.648203 0.044589
vt 0.665615 0.044589
vt 0.665615 0.051284
vt 0.665615 0.064674
vt 0.665615 0.071369
vt 0.648203 0.071369
vt 0.665615 0.024505
vt 0.665615 0.031200
vt 0.648203 0.031200
vt 0.665615 0.037894
vt 0.683028 0.051284
vt 0.683029 0.057979
vt 0.665616 0.057979
vt 0.683028 0.064674
vt 0.683028 0.017810
vt 0.665616 0.017810
vt 0.683028 0.024505
vt 0.683028 0.037894
vt 0.683028 0.044589
vt 0.700441 0.051284
vt 0.700442 0.057979
vt 0.700441 0.064674
vt 0.683028 0.071369
vt 0.700441 0.017810
vt 0.683029 0.017810
vt 0.700441 0.024505
vt 0.683028 0.031200
vt 0.700441 0.037894
vt 0.700441 0.044589
vt 0.717854 0.044589
vt 0.717854 0.051284
vt 0.717854 0.064674
vt 0.717854 0.071369
vt 0.700441 0.071369
vt 0.700442 0.017810
vt 0.717854 0.024505
vt 0.717854 0.031200
vt 0.700441 0.031200
vt 0.717854 0.037894
vt 0.735267 0.051284
vt 0.735267 0.057979
vt 0.717854 0.057979
vt 0.735267 0.064674
vt 0.735267 0.017810
vt 0.717854 0.017810
vt 0.735267 0.024505
vt 0.735267 0.037894
vt 0.735267 0.044589
vt 0.752679 0.051284
vt 0.752680 0.057979
vt 0.752679 0.064674
vt 0.735267 0.071369
vt 0.752679 0.017810
vt 0.752679 0.024505
vt 0.735267 0.031200
vt 0.752679 0.037894
vt 0.752679 0.044589
vt 0.770092 0.051284
vt 0.770093 0.057979
vt 0.770092 0.064674
vt 0.752679 0.071369
vt 0.770092 0.017810
vt 0.752680 0.017810
vt 0.770092 0.024505
vt 0.752679 0.031200
vt 0.770092 0.037894
vt 0.770092 0.044589
vt 0.787505 0.051284
vt 0.787506 0.057979
vt 0.787505 0.064674
vt 0.770092 0.071369
vt 0.787505 0.017810
vt 0.770093 0.017810
vt 0.787505 0.024505
vt 0.770092 0.031200
vt 0.787505 0.037894
vt 0.787505 0.044589
vt 0.804918 0.044589
vt 0.804918 0.051284
vt 0.804918 0.064674
vt 0.804918 0.071369
vt 0.787505 0.071369
vt 0.787506 0.017810
vt 0.804918 0.024505
vt 0.804918 0.031200
vt 0.787505 0.031200
vt 0.804918 0.037894
vt 0.822331 0.051284
vt 0.822331 0.057979
vt 0.804918 0.057979
vt 0.822331 0.064674
vt 0.822331 0.017810
vt 0.804919 0.017810
vt 0.822331 0.024505
vt 0.822331 0.037894
vt 0.822331 0.044589
vt 0.839743 0.044589
vt 0.839743 0.051284
vt 0.839743 0.064674
vt 0.839743 0.071369
vt 0.822331 0.071369
vt 0.839743 0.024505
vt 0.839743 0.031200
vt 0.822331 0.031200
vt 0.839743 0.037894
vt 0.857156 0.051284
vt 0.839744 0.057979
vt 0.857157 0.057979
vt 0.857156 0.064674
vt 0.857156 0.017810
vt 0.839744 0.017810
vt 0.857156 0.031200
vt 0.857156 0.037894
vt 0.857156 0.044589
vt 0.874569 0.044589
vt 0.874569 0.051284
vt 0.874569 0.064674
vt 0.874569 0.071369
vt 0.857156 0.071369
vt 0.857157 0.017810
vt 0.874569 0.024505
vt 0.857156 0.024505
vt 0.874569 0.031200
vt 0.874569 0.037894
vt 0.891982 0.051284
vt 0.891982 0.057979
vt 0.874570 0.057979
vt 0.891982 0.064674
vt 0.891982 0.071369
vt 0.891982 0.017810
vt 0.874570 0.017810
vt 0.891982 0.024505
vt 0.891982 0.031200
vt 0.891982 0.037894
vt 0.891982 0.044589
vt 0.909395 0.051284
vt 0.909395 0.057979
vt 0.909395 0.064674
vt 0.909395 0.017810
vt 0.909395 0.024505
vt 0.909395 0.031200
vt 0.909395 0.044589
vt 0.926807 0.051284
vt 0.926808 0.057979
vt 0.926807 0.064674
vt 0.909395 0.071369
vt 0.926807 0.017810
vt 0.926807 0.024505
vt 0.926807 0.031200
vt 0.909395 0.037894
vt 0.926807 0.044589
vt 0.944220 0.051284
vt 0.944221 0.057979
vt 0.944220 0.064674
vt 0.926807 0.071369
vt 0.944220 0.017810
vt 0.926808 0.017810
vt 0.944220 0.024505
vt 0.944220 0.037894
vt 0.926807 0.037894
vt 0.944220 0.044589
vt 0.961633 0.051284
vt 0.961634 0.057979
vt 0.961633 0.064674
vt 0.944220 0.071369
vt 0.961633 0.017810
vt 0.944221 0.017810
vt 0.961633 0.024505
vt 0.944220 0.031200
vt 0.961633 0.037894
vt 0.961633 0.044589
vt 0.979046 0.044589
vt 0.979046 0.051284
vt 0.979046 0.064674
vt 0.979046 0.071369
vt 0.961633 0.071369
vt 0.961634 0.017810
vt 0.979046 0.024505
vt 0.979046 0.031200
vt 0.961633 0.031200
vt 0.979046 0.037894
vt 0.996459 0.044589
vt 0.996459 0.051284
vt 0.979046 0.057979
vt 0.996459 0.064674
vt 0.996459 0.071369
vt 0.979047 0.017810
vt 0.996459 0.024505
vt 0.996459 0.031200
vt 0.996459 0.037894
vt 0.003930 0.051284
vt 0.003930 0.044589
vt 0.003930 0.057979
vt 0.003930 0.064674
vt 0.003930 0.024505
vt 0.003930 0.031200
vt 0.003930 0.037894
vt 0.021343 0.057979
vt 0.021343 0.017810
vt 0.038756 0.057979
vt 0.038756 0.017810
vt 0.073581 0.051284
vt 0.073581 0.064674
vt 0.056169 0.017810
vt 0.073581 0.024505
vt 0.073581 0.031200
vt 0.073581 0.044589
vt 0.090994 0.044589
vt 0.090994 0.051284
vt 0.090994 0.064674
vt 0.090994 0.024505
vt 0.090994 0.031200
vt 0.073581 0.037894
vt 0.090994 0.037894
vt 0.108407 0.057979
vt 0.090994 0.057979
vt 0.125820 0.057979
vt 0.108407 0.017810
vt 0.125820 0.017810
vt 0.160645 0.051284
vt 0.160645 0.064674
vt 0.143233 0.017810
vt 0.160645 0.024505
vt 0.160645 0.037894
vt 0.160645 0.044589
vt 0.178058 0.051284
vt 0.178058 0.057979
vt 0.178058 0.064674
vt 0.178058 0.024505
vt 0.160645 0.031200
vt 0.178058 0.037894
vt 0.178058 0.044589
vt 0.195471 0.057979
vt 0.178058 0.031200
vt 0.195471 0.017810
vt 0.230297 0.057979
vt 0.212884 0.057979
vt 0.212884 0.017810
vt 0.247709 0.051284
vt 0.247709 0.064674
vt 0.230297 0.017810
vt 0.247709 0.024505
vt 0.247709 0.037894
vt 0.247709 0.044589
vt 0.265122 0.044589
vt 0.265122 0.051284
vt 0.265122 0.064674
vt 0.265122 0.024505
vt 0.265122 0.031200
vt 0.247709 0.031200
vt 0.265122 0.037894
vt 0.282535 0.057979
vt 0.265122 0.057979
vt 0.299948 0.057979
vt 0.282535 0.017810
vt 0.317360 0.044589
vt 0.317360 0.051284
vt 0.317360 0.064674
vt 0.299948 0.017810
vt 0.317360 0.024505
vt 0.317360 0.031200
vt 0.317360 0.037894
vt 0.334773 0.044589
vt 0.334773 0.051284
vt 0.317361 0.057979
vt 0.334773 0.064674
vt 0.317361 0.017810
vt 0.334773 0.024505
vt 0.334773 0.031200
vt 0.334773 0.037894
vt 0.352186 0.044589
vt 0.352186 0.051284
vt 0.352186 0.064674
vt 0.352186 0.024505
vt 0.352186 0.031200
vt 0.352186 0.037894
vt 0.369599 0.057979
vt 0.352186 0.057979
vt 0.387012 0.057979
vt 0.369599 0.017810
vt 0.404424 0.051284
vt 0.404425 0.057979
vt 0.404424 0.064674
vt 0.387012 0.017810
vt 0.404424 0.024505
vt 0.404424 0.037894
vt 0.404424 0.044589
vt 0.421837 0.051284
vt 0.421837 0.064674
vt 0.404425 0.017810
vt 0.421837 0.024505
vt 0.404424 0.031200
vt 0.421837 0.037894
vt 0.421837 0.044589
vt 0.439250 0.051284
vt 0.439250 0.064674
vt 0.439250 0.024505
vt 0.421837 0.031200
vt 0.439250 0.037894
vt 0.439250 0.044589
vt 0.456663 0.051284
vt 0.456663 0.057979
vt 0.456663 0.064674
vt 0.456663 0.017810
vt 0.456663 0.024505
vt 0.439250 0.031200
vt 0.456663 0.037894
vt 0.456663 0.044589
vt 0.456663 0.071369
vt 0.456663 0.031200
vt 0.491488 0.051284
vt 0.491489 0.057979
vt 0.474076 0.057979
vt 0.491488 0.064674
vt 0.474076 0.017810
vt 0.491488 0.024505
vt 0.491488 0.037894
vt 0.491488 0.044589
vt 0.508901 0.044589
vt 0.508901 0.051284
vt 0.508901 0.064674
vt 0.508901 0.071369
vt 0.491489 0.017810
vt 0.508901 0.024505
vt 0.508901 0.031200
vt 0.491488 0.031200
vt 0.508901 0.037894
vt 0.526314 0.044589
vt 0.526314 0.051284
vt 0.526314 0.064674
vt 0.526314 0.071369
vt 0.526314 0.024505
vt 0.526314 0.031200
vt 0.526314 0.037894
vt 0.543727 0.057979
vt 0.526314 0.057979
vt 0.543727 0.017810
vt 0.578552 0.051284
vt 0.578553 0.057979
vt 0.561140 0.057979
vt 0.578552 0.064674
vt 0.561140 0.017810
vt 0.578552 0.024505
vt 0.578552 0.037894
vt 0.578552 0.044589
vt 0.595965 0.044589
vt 0.595965 0.051284
vt 0.595965 0.064674
vt 0.595965 0.071369
vt 0.578552 0.071369
vt 0.578553 0.017810
vt 0.595965 0.024505
vt 0.595965 0.031200
vt 0.578552 0.031200
vt 0.595965 0.037894
vt 0.613378 0.051284
vt 0.613378 0.064674
vt 0.613378 0.024505
vt 0.613378 0.037894
vt 0.613378 0.044589
vt 0.630791 0.044589
vt 0.630791 0.051284
vt 0.630791 0.064674
vt 0.630791 0.071369
vt 0.613378 0.071369
vt 0.630791 0.024505
vt 0.630791 0.031200
vt 0.613378 0.031200
vt 0.630791 0.037894
vt 0.648204 0.057979
vt 0.630791 0.057979
vt 0.630791 0.017810
vt 0.665616 0.044589
vt 0.665616 0.051284
vt 0.665616 0.064674
vt 0.665616 0.071369
vt 0.648204 0.017810
vt 0.665616 0.024505
vt 0.665616 0.031200
vt 0.665616 0.037894
vt 0.683029 0.051284
vt 0.665617 0.057979
vt 0.683029 0.064674
vt 0.665617 0.017810
vt 0.683029 0.024505
vt 0.683029 0.037894
vt 0.683029 0.044589
vt 0.700442 0.051284
vt 0.700442 0.064674
vt 0.683029 0.071369
vt 0.683030 0.017810
vt 0.700442 0.024505
vt 0.683029 0.031200
vt 0.700442 0.037894
vt 0.700442 0.044589
vt 0.700442 0.071369
vt 0.700442 0.031200
vt 0.717855 0.057979
vt 0.717855 0.017810
vt 0.752680 0.051284
vt 0.752681 0.057979
vt 0.735268 0.057979
vt 0.752680 0.064674
vt 0.735268 0.017810
vt 0.752680 0.024505
vt 0.752680 0.037894
vt 0.752680 0.044589
vt 0.770093 0.051284
vt 0.770093 0.064674
vt 0.752680 0.071369
vt 0.752681 0.017810
vt 0.770093 0.024505
vt 0.752680 0.031200
vt 0.770093 0.037894
vt 0.770093 0.044589
vt 0.787506 0.051284
vt 0.787506 0.064674
vt 0.770093 0.071369
vt 0.787506 0.024505
vt 0.770093 0.031200
vt 0.787506 0.037894
vt 0.787506 0.044589
vt 0.804919 0.051284
vt 0.804919 0.057979
vt 0.804919 0.064674
vt 0.787506 0.071369
vt 0.804919 0.024505
vt 0.787506 0.031200
vt 0.804919 0.037894
vt 0.804919 0.044589
vt 0.804919 0.071369
vt 0.804919 0.031200
vt 0.839744 0.044589
vt 0.839744 0.051284
vt 0.822332 0.057979
vt 0.839744 0.064674
vt 0.839744 0.071369
vt 0.822332 0.017810
vt 0.839744 0.024505
vt 0.839744 0.031200
vt 0.839744 0.037894
vt 0.857157 0.051284
vt 0.839745 0.057979
vt 0.857157 0.064674
vt 0.839745 0.017810
vt 0.857157 0.024505
vt 0.857157 0.037894
vt 0.857157 0.044589
vt 0.874570 0.044589
vt 0.874570 0.051284
vt 0.874570 0.064674
vt 0.874570 0.071369
vt 0.857157 0.071369
vt 0.857158 0.017810
vt 0.874570 0.024505
vt 0.874570 0.031200
vt 0.857157 0.031200
vt 0.874570 0.037894
vt 0.909396 0.057979
vt 0.891983 0.057979
vt 0.891983 0.017810
vt 0.926808 0.051284
vt 0.926809 0.057979
vt 0.926808 0.064674
vt 0.909396 0.017810
vt 0.926808 0.024505
vt 0.926808 0.037894
vt 0.926808 0.044589
vt 0.944221 0.044589
vt 0.944221 0.051284
vt 0.944221 0.064674
vt 0.944221 0.071369
vt 0.926808 0.071369
vt 0.926809 0.017810
vt 0.944221 0.024505
vt 0.944221 0.031200
vt 0.926808 0.031200
vt 0.944221 0.037894
vt 0.961634 0.051284
vt 0.961634 0.064674
vt 0.961634 0.024505
vt 0.961634 0.037894
vt 0.961634 0.044589
vt 0.979047 0.051284
vt 0.979047 0.057979
vt 0.979047 0.064674
vt 0.961634 0.071369
vt 0.979047 0.024505
vt 0.961634 0.031200
vt 0.979047 0.037894
vt 0.979047 0.044589
vt 0.979047 0.071369
vt 0.979047 0.031200
vt 0.056169 0.057979
vt 0.143233 0.057979
vt 0.195471 0.051284
vt 0.195471 0.064674
vt 0.195471 0.024505
vt 0.195471 0.037894
vt 0.195471 0.044589
vt 0.195471 0.071369
vt 0.195471 0.031200
vt 0.421838 0.017810
vt 0.543727 0.051284
vt 0.543727 0.064674
vt 0.543727 0.024505
vt 0.543727 0.037894
vt 0.543727 0.044589
vt 0.543727 0.071369
vt 0.543727 0.031200
vt 0.770094 0.017810
vt 0.891983 0.044589
vt 0.891983 0.051284
vt 0.891983 0.064674
vt 0.891983 0.071369
vt 0.891983 0.024505
vt 0.891983 0.031200
vt 0.891983 0.037894
vt 0.979046 0.017810
vt 0.996460 0.057979
vt 0.996459 0.017810
vt 0.056167 0.071369
vt 0.056167 0.031200
vt 0.160644 0.017810
vt 0.247710 0.017810
vt 0.334772 0.071369
vt 0.352185 0.071369
vt 0.439249 0.071369
vt 0.310290 0.765756
vt 0.284043 0.768684
vt 0.284091 0.762747
vt 0.261110 0.771255
vt 0.256991 0.765775
vt 0.284067 0.777811
vt 0.304888 0.780995
vt 0.284091 0.781625
vt 0.284067 0.796689
vt 0.307048 0.788181
vt 0.311167 0.793660
vt 0.257868 0.793680
vt 0.284115 0.790751
vt 0.263270 0.778441
vt 0.263293 0.781367
vt 0.249670 0.777243
vt 0.256422 0.781754
vt 0.249930 0.783274
vt 0.306940 0.771095
vt 0.307847 0.775586
vt 0.305352 0.774734
vt 0.304865 0.778067
vt 0.308055 0.778124
vt 0.311736 0.777681
vt 0.310149 0.773892
vt 0.307935 0.783510
vt 0.305378 0.784387
vt 0.310302 0.785198
vt 0.311784 0.781326
vt 0.308144 0.780930
vt 0.260223 0.775925
vt 0.262780 0.775046
vt 0.257856 0.774236
vt 0.256374 0.778109
vt 0.260014 0.778505
vt 0.260311 0.783850
vt 0.260104 0.781311
vt 0.258008 0.785544
vt 0.261219 0.788339
vt 0.262806 0.784700
vt 0.315284 0.769994
vt 0.318228 0.776160
vt 0.316086 0.788720
vt 0.284117 0.786107
vt 0.252874 0.789440
vt 0.252072 0.770714
vt 0.284041 0.773328
vt 0.318489 0.782192
vt 0.249079 0.864035
vt 0.252312 0.871727
vt 0.245776 0.867342
vt 0.250021 0.877401
vt 0.260013 0.889046
vt 0.246279 0.886316
vt 0.260024 0.868573
vt 0.254107 0.867389
vt 0.267738 0.871727
vt 0.260022 0.873253
vt 0.270977 0.864055
vt 0.265949 0.867403
vt 0.274344 0.859038
vt 0.274285 0.867366
vt 0.280216 0.853118
vt 0.278666 0.860832
vt 0.274368 0.847183
vt 0.275536 0.853113
vt 0.271021 0.842149
vt 0.278696 0.845395
vt 0.266003 0.838780
vt 0.274335 0.838841
vt 0.260074 0.837590
vt 0.267799 0.834454
vt 0.252350 0.834426
vt 0.260078 0.832904
vt 0.254138 0.838758
vt 0.245792 0.838791
vt 0.249103 0.842108
vt 0.241404 0.845335
vt 0.245733 0.847130
vt 0.239857 0.853062
vt 0.260044 0.853086
vt 0.263138 0.845662
vt 0.265744 0.847412
vt 0.245720 0.858999
vt 0.244547 0.853062
vt 0.241389 0.860792
vt 0.252621 0.849993
vt 0.254369 0.847385
vt 0.252610 0.856150
vt 0.254349 0.858763
vt 0.267466 0.856178
vt 0.265716 0.858782
vt 0.256981 0.845649
vt 0.260061 0.845045
vt 0.263105 0.860519
vt 0.260029 0.861125
vt 0.256955 0.860509
vt 0.267480 0.850025
vt 0.268084 0.853103
vt 0.241442 0.871759
vt 0.234569 0.878562
vt 0.235714 0.863209
vt 0.226738 0.866857
vt 0.270143 0.877384
vt 0.285447 0.878563
vt 0.273766 0.886334
vt 0.278673 0.871676
vt 0.293269 0.866910
vt 0.284372 0.863136
vt 0.296037 0.853145
vt 0.286370 0.853063
vt 0.293327 0.839365
vt 0.284362 0.842990
vt 0.285547 0.827669
vt 0.278650 0.834450
vt 0.273880 0.819839
vt 0.270103 0.828745
vt 0.260103 0.817070
vt 0.260022 0.826746
vt 0.246312 0.819785
vt 0.249941 0.828757
vt 0.234607 0.827574
vt 0.241396 0.834475
vt 0.226773 0.839254
vt 0.235689 0.843030
vt 0.224006 0.853049
vt 0.233694 0.853121
vt 0.260082 0.879395
vt 0.252002 0.853071
vt 0.243627 0.869494
vt 0.251178 0.874467
vt 0.260032 0.876249
vt 0.268893 0.874494
vt 0.276412 0.869483
vt 0.281443 0.861974
vt 0.283219 0.853111
vt 0.281467 0.844240
vt 0.276455 0.836713
vt 0.268940 0.831677
vt 0.260070 0.829900
vt 0.251192 0.831653
vt 0.243661 0.836672
vt 0.238625 0.844193
vt 0.236850 0.853071
vt 0.238612 0.861955
vt 0.343748 0.878327
vt 0.353980 0.889045
vt 0.340382 0.886339
vt 0.353962 0.871060
vt 0.345236 0.874652
vt 0.347248 0.869716
vt 0.362748 0.874646
vt 0.353993 0.876391
vt 0.360679 0.869733
vt 0.370169 0.869684
vt 0.366378 0.865937
vt 0.375127 0.862259
vt 0.370189 0.860248
vt 0.376865 0.853502
vt 0.370206 0.846817
vt 0.371533 0.853534
vt 0.366410 0.841118
vt 0.375120 0.844747
vt 0.360721 0.837307
vt 0.370157 0.837327
vt 0.354008 0.835962
vt 0.362733 0.832370
vt 0.345220 0.832376
vt 0.353976 0.830631
vt 0.347291 0.837289
vt 0.337800 0.837339
vt 0.341592 0.841086
vt 0.332843 0.844763
vt 0.337780 0.846774
vt 0.331106 0.853520
vt 0.353985 0.853511
vt 0.357108 0.846023
vt 0.359736 0.847789
vt 0.337763 0.860206
vt 0.336436 0.853488
vt 0.341560 0.865904
vt 0.332850 0.862275
vt 0.346496 0.850388
vt 0.348262 0.847760
vt 0.346481 0.856597
vt 0.348234 0.859233
vt 0.361473 0.856635
vt 0.359708 0.859262
vt 0.350899 0.846007
vt 0.354004 0.845398
vt 0.357071 0.861015
vt 0.353963 0.861624
vt 0.350861 0.860999
vt 0.361488 0.850425
vt 0.362097 0.853532
vt 0.335030 0.872521
vt 0.328855 0.878635
vt 0.329198 0.863820
vt 0.321153 0.867106
vt 0.364295 0.878298
vt 0.379108 0.878642
vt 0.367579 0.886343
vt 0.372995 0.872466
vt 0.386813 0.867114
vt 0.378801 0.863748
vt 0.389521 0.853516
vt 0.380830 0.853472
vt 0.386816 0.839917
vt 0.378771 0.843202
vt 0.379115 0.828388
vt 0.372940 0.834502
vt 0.367587 0.820683
vt 0.364222 0.828695
vt 0.353989 0.817977
vt 0.353945 0.826666
vt 0.340391 0.820680
vt 0.343676 0.828725
vt 0.328862 0.828381
vt 0.334975 0.834556
vt 0.321157 0.839908
vt 0.329169 0.843274
vt 0.318449 0.853506
vt 0.327139 0.853550
vt 0.354024 0.880356
vt 0.345871 0.853491
vt 0.344509 0.876442
vt 0.337812 0.869696
vt 0.354004 0.878323
vt 0.363499 0.876427
vt 0.371544 0.871042
vt 0.376917 0.862988
vt 0.378798 0.853491
vt 0.376901 0.843997
vt 0.371515 0.835952
vt 0.363462 0.830580
vt 0.353963 0.828699
vt 0.344471 0.830595
vt 0.336425 0.835981
vt 0.331053 0.844035
vt 0.329173 0.853532
vt 0.331069 0.863025
vt 0.336454 0.871071
vt 0.182725 0.799057
vt 0.207795 0.802036
vt 0.184732 0.806958
vt 0.132826 0.953177
vt 0.147304 0.953136
vt 0.133067 0.964781
vt 0.173505 0.955569
vt 0.157526 0.953085
vt 0.173149 0.953103
vt 0.147682 0.941756
vt 0.146296 0.938242
vt 0.148021 0.937604
vt 0.184411 0.938269
vt 0.183022 0.941782
vt 0.182687 0.937629
vt 0.172841 0.837921
vt 0.158327 0.862920
vt 0.158099 0.837924
vt 0.146736 0.863077
vt 0.148637 0.887774
vt 0.146793 0.888040
vt 0.148112 0.807344
vt 0.151892 0.801443
vt 0.149905 0.807762
vt 0.180857 0.936959
vt 0.172556 0.912162
vt 0.180497 0.912069
vt 0.182303 0.912552
vt 0.184058 0.888062
vt 0.184086 0.913043
vt 0.130870 0.891641
vt 0.146697 0.913022
vt 0.131655 0.919721
vt 0.199972 0.891708
vt 0.199103 0.919781
vt 0.173290 0.795659
vt 0.156922 0.765492
vt 0.174757 0.765825
vt 0.158047 0.805162
vt 0.158239 0.799503
vt 0.173842 0.958153
vt 0.183351 0.972420
vt 0.174380 0.975775
vt 0.158242 0.912133
vt 0.150439 0.887523
vt 0.158327 0.887520
vt 0.158003 0.797621
vt 0.172804 0.799522
vt 0.149845 0.812549
vt 0.148113 0.837857
vt 0.147983 0.812356
vt 0.181167 0.812575
vt 0.182864 0.837870
vt 0.181016 0.838002
vt 0.183398 0.953167
vt 0.197867 0.953216
vt 0.197621 0.964813
vt 0.184721 0.942650
vt 0.197734 0.948380
vt 0.172943 0.812544
vt 0.158063 0.812536
vt 0.181144 0.940808
vt 0.149213 0.951520
vt 0.145983 0.942621
vt 0.130120 0.863607
vt 0.149559 0.940784
vt 0.149850 0.936939
vt 0.182297 0.863048
vt 0.180487 0.863006
vt 0.157158 0.955563
vt 0.146225 0.837719
vt 0.182215 0.887791
vt 0.180414 0.887536
vt 0.148483 0.912536
vt 0.146283 0.806924
vt 0.150218 0.800060
vt 0.201327 0.835690
vt 0.184937 0.812171
vt 0.205459 0.807402
vt 0.200802 0.863665
vt 0.184751 0.837735
vt 0.149962 0.837992
vt 0.148621 0.863034
vt 0.129651 0.835646
vt 0.123210 0.801977
vt 0.148298 0.799016
vt 0.172986 0.805162
vt 0.179134 0.801480
vt 0.181114 0.807791
vt 0.156802 0.958143
vt 0.156010 0.975538
vt 0.132964 0.948341
vt 0.151011 0.949688
vt 0.172524 0.887548
vt 0.182904 0.807376
vt 0.183028 0.812384
vt 0.173050 0.797612
vt 0.157910 0.937375
vt 0.150290 0.912060
vt 0.148539 0.954243
vt 0.149621 0.951927
vt 0.172833 0.937365
vt 0.146072 0.812140
vt 0.180808 0.800099
vt 0.148326 0.768034
vt 0.157781 0.795659
vt 0.149826 0.797595
vt 0.147203 0.972138
vt 0.183195 0.768486
vt 0.181210 0.797658
vt 0.150666 0.799628
vt 0.182154 0.954303
vt 0.181077 0.951973
vt 0.179689 0.949722
vt 0.125543 0.807350
vt 0.184183 0.863096
vt 0.180362 0.799677
vt 0.181487 0.951552
vt 0.157624 0.944928
vt 0.150431 0.862996
vt 0.172570 0.862957
vt 0.173087 0.944946
vt 0.980679 0.688107
vt 0.423775 0.104934
vt 0.917014 0.106051
vt 0.901573 0.106382
vt 0.837890 0.687923
vt 0.229333 0.104931
vt 0.765208 0.516838
vt 0.745063 0.582523
vt 0.765224 0.584558
vt 0.731379 0.582512
vt 0.709881 0.522637
vt 0.717046 0.523508
vt 0.710249 0.590792
vt 0.744757 0.592759
vt 0.710216 0.454870
vt 0.737823 0.592881
vt 0.768795 0.544321
vt 0.768915 0.477103
vt 0.706464 0.612947
vt 0.769025 0.562962
vt 0.454372 0.503875
vt 0.768982 0.495132
vt 0.753934 0.491812
vt 0.738042 0.548705
vt 0.722168 0.480199
vt 0.694415 0.407891
vt 0.758264 0.426911
vt 0.787085 0.126377
vt 0.694413 0.121014
vt 0.740394 0.426019
vt 0.758264 0.101994
vt 0.740394 0.102886
vt 0.787085 0.402528
vt 0.438796 0.904552
vt 0.480109 0.961456
vt 0.423228 0.919511
vt 0.536959 0.904529
vt 0.423228 0.889624
vt 0.495014 0.961410
vt 0.480033 0.847679
vt 0.465127 0.961410
vt 0.536913 0.889624
vt 0.536913 0.919511
vt 0.465127 0.847726
vt 0.480055 0.945842
vt 0.521345 0.904584
vt 0.480087 0.863293
vt 0.438796 0.904584
vt 0.480055 0.863293
vt 0.521345 0.904552
vt 0.480087 0.945842
vt 0.521389 0.889596
vt 0.438752 0.919539
vt 0.480136 0.904608
vt 0.423182 0.904606
vt 0.495043 0.945886
vt 0.463302 0.887757
vt 0.463260 0.921336
vt 0.496840 0.921378
vt 0.423220 0.886982
vt 0.496881 0.887798
vt 0.420543 0.919882
vt 0.462485 0.961419
vt 0.495386 0.964095
vt 0.536922 0.922153
vt 0.539598 0.889253
vt 0.497656 0.847716
vt 0.464756 0.845040
vt 0.465099 0.863249
vt 0.455807 0.919552
vt 0.480111 0.904502
vt 0.465086 0.880305
vt 0.480006 0.904528
vt 0.504333 0.889583
vt 0.495055 0.928831
vt 0.480031 0.904633
vt 0.451817 0.932821
vt 0.508324 0.876314
vt 0.508324 0.932821
vt 0.459978 0.980223
vt 0.555725 0.924660
vt 0.500164 0.828912
vt 0.455756 0.919553
vt 0.423220 0.922153
vt 0.495056 0.928882
vt 0.497656 0.961419
vt 0.504384 0.889582
vt 0.536922 0.886982
vt 0.465085 0.880253
vt 0.462485 0.847716
vt 0.495014 0.847726
vt 0.404415 0.884474
vt 0.420385 0.904578
vt 0.420385 0.904557
vt 0.480081 0.964253
vt 0.480060 0.964253
vt 0.539756 0.904557
vt 0.539756 0.904578
vt 0.480060 0.844882
vt 0.480081 0.844882
vt 0.597595 0.973539
vt 0.754322 0.901078
vt 0.478444 0.799014
vt 0.620627 0.764035
vt 0.590142 0.814517
vt 0.489598 0.735194
vt 0.676080 0.919595
vt 0.900790 0.770668
vt 0.894061 0.733673
vt 0.784485 0.860117
vt 0.860809 0.788616
vt 0.877933 0.797908
vt 0.767360 0.850825
vt 0.097659 0.776453
vt 0.111077 0.948543
vt 0.073580 0.017810
vt 0.090993 0.017810
vt 0.143231 0.017810
vt 0.178057 0.017810
vt 0.230295 0.071369
vt 0.230295 0.031200
vt 0.247708 0.017810
vt 0.265121 0.017810
vt 0.317359 0.017810
vt 0.404423 0.071369
vt 0.421836 0.017810
vt 0.491487 0.017810
vt 0.665615 0.017810
vt 0.804918 0.017810
vt 0.839743 0.017810
vt 0.874569 0.017810
vt 0.996459 0.057979
vt 0.211039 0.792723
vt 0.119971 0.792656
s 1
usemtl gamepad
f 655/1/1 151/2/2 840/3/3
f 316/4/2 250/5/2 251/6/2
f 245/7/2 237/8/2 238/9/2
f 747/10/4 480/11/5 837/12/6
f 535/13/7 970/14/8 536/15/7
f 118/16/7 268/17/7 107/18/7
f 862/19/9 513/20/2 858/21/10
f 397/22/2 417/23/2 422/24/2
f 880/25/11 252/26/2 253/27/2
f 380/28/2 531/29/2 530/30/2
f 393/31/2 398/32/2 399/33/2
f 568/34/12 146/35/2 138/36/2
f 820/37/13 491/38/14 849/39/15
f 694/40/16 475/41/17 814/42/18
f 41/43/7 994/44/19 948/45/20
f 241/46/2 246/47/2 240/48/2
f 844/49/21 411/50/22 832/51/23
f 736/52/24 481/53/25 738/54/26
f 340/55/2 358/56/2 338/57/2
f 969/58/27 993/59/28 1027/60/29
f 169/61/2 367/62/2 363/63/2
f 637/64/30 375/65/31 406/66/32
f 415/67/33 708/68/34 783/69/35
f 96/70/2 232/71/2 225/72/2
f 378/73/36 595/74/37 678/75/38
f 172/76/7 63/77/7 64/78/7
f 940/79/39 997/80/40 1003/81/41
f 373/82/42 780/83/43 670/84/44
f 122/85/2 169/61/2 168/86/2
f 454/87/7 469/88/7 460/89/7
f 714/90/45 374/91/46 388/92/47
f 80/93/2 369/94/2 364/95/2
f 676/96/48 376/97/49 413/98/50
f 139/99/7 268/17/7 269/100/7
f 589/101/51 413/98/50 415/67/33
f 71/102/7 588/103/52 72/104/7
f 618/105/53 416/106/54 404/107/55
f 901/108/56 62/109/7 805/110/57
f 88/111/7 183/112/7 176/113/7
f 69/114/7 718/115/58 70/116/7
f 167/117/2 625/118/59 82/119/2
f 57/120/2 488/121/2 616/122/60
f 410/123/61 699/124/62 771/125/63
f 145/126/7 819/127/64 144/128/7
f 338/57/2 169/61/2 123/129/2
f 162/130/2 633/131/65 163/132/2
f 344/133/7 934/134/66 979/135/67
f 371/136/7 356/137/7 362/138/7
f 90/139/7 687/140/68 52/141/7
f 471/142/69 808/143/70 474/144/71
f 41/43/7 981/145/72 344/133/7
f 371/136/7 343/146/7 44/147/7
f 404/107/55 730/148/73 786/149/74
f 371/136/7 53/150/7 64/78/7
f 51/151/7 721/152/75 65/153/7
f 276/154/7 282/155/7 283/156/7
f 390/157/76 688/158/24 691/159/77
f 414/160/78 795/161/79 799/162/80
f 262/163/2 744/164/81 261/165/2
f 404/107/55 844/49/21 618/105/53
f 363/63/2 80/93/2 364/95/2
f 678/75/38 375/65/31 378/73/36
f 601/166/82 403/167/83 389/168/84
f 78/169/7 600/170/85 79/171/7
f 832/172/23 387/173/86 828/174/87
f 895/175/56 366/176/7 901/108/56
f 390/157/76 622/177/88 696/178/89
f 167/117/2 700/179/90 627/180/91
f 337/181/2 349/182/2 350/183/2
f 505/184/92 742/185/93 481/53/25
f 377/186/94 681/187/95 724/188/96
f 496/189/97 814/42/18 475/41/17
f 266/190/7 274/191/7 267/192/7
f 117/193/7 267/192/7 118/16/7
f 577/194/90 154/195/2 155/196/2
f 341/197/2 353/198/2 346/199/2
f 529/200/2 111/201/2 570/202/98
f 774/203/99 436/204/2 437/205/2
f 519/206/2 256/207/2 136/208/2
f 444/209/2 260/210/2 445/211/2
f 643/212/100 475/41/17 645/213/101
f 261/165/2 835/214/102 260/210/2
f 306/215/7 130/216/7 129/217/7
f 121/218/7 664/219/103 120/220/7
f 807/221/104 124/222/7 125/223/7
f 505/184/92 816/224/77 470/225/76
f 114/226/7 272/227/7 265/228/7
f 482/229/105 555/230/106 480/11/5
f 687/140/68 73/231/7 52/141/7
f 53/150/7 46/232/7 84/233/7
f 278/234/7 284/235/7 285/236/7
f 521/237/2 400/238/2 256/207/2
f 582/239/107 49/240/7 907/241/108
f 164/242/2 335/243/2 163/132/2
f 769/244/56 357/245/7 895/175/56
f 152/246/2 381/247/2 153/248/2
f 871/249/109 477/250/110 501/251/111
f 108/252/2 382/253/2 351/254/2
f 342/255/2 526/256/2 458/257/2
f 263/258/2 342/255/2 458/257/2
f 81/259/2 778/260/112 161/261/2
f 540/262/113 127/263/7 104/264/7
f 474/144/71 660/265/114 500/266/115
f 349/182/2 355/267/2 380/28/2
f 580/268/116 470/225/76 639/269/89
f 1201/270/117 28/271/118 1205/272/119
f 87/273/7 792/274/120 790/275/121
f 616/122/60 432/276/2 796/277/122
f 982/278/123 969/58/27 984/279/124
f 355/267/2 391/280/2 392/281/2
f 459/282/2 510/283/2 912/284/125
f 60/285/7 823/286/126 61/287/7
f 705/288/127 96/70/2 781/289/128
f 164/242/2 633/131/65 630/290/129
f 852/291/130 143/292/7 850/293/131
f 960/294/132 973/295/133 964/296/134
f 556/297/135 133/298/7 134/299/7
f 67/300/7 591/301/136 69/114/7
f 420/302/46 775/303/137 385/304/46
f 837/12/6 493/305/138 649/306/139
f 512/307/2 327/308/2 328/309/2
f 458/257/2 462/310/2 263/258/2
f 464/311/7 918/312/56 924/313/56
f 900/314/140 379/315/141 423/316/46
f 940/79/39 1005/317/142 936/318/143
f 511/319/2 328/309/2 111/201/2
f 149/320/2 334/321/2 337/181/2
f 482/229/105 645/213/101 475/41/17
f 94/322/2 224/323/2 93/324/2
f 232/71/2 238/9/2 231/325/2
f 110/326/2 527/327/2 528/328/2
f 495/329/54 562/330/144 497/331/145
f 406/66/32 777/332/146 637/64/30
f 133/298/7 813/333/147 132/334/7
f 67/300/7 679/335/148 594/336/149
f 90/139/7 729/337/150 690/338/151
f 410/123/61 603/339/152 607/340/153
f 86/341/7 582/239/107 792/274/120
f 65/153/7 679/335/148 66/342/7
f 388/92/47 613/343/154 609/344/155
f 405/345/156 615/346/157 795/161/79
f 348/347/2 354/348/2 355/267/2
f 277/349/7 283/156/7 284/235/7
f 281/350/7 289/351/7 282/155/7
f 113/352/7 759/353/52 112/354/7
f 225/72/2 231/325/2 224/323/2
f 461/355/2 135/356/2 108/252/2
f 386/357/2 395/358/2 396/359/2
f 72/104/7 585/360/113 50/361/7
f 353/198/2 391/280/2 354/348/2
f 955/362/158 452/363/7 990/364/67
f 377/186/94 631/365/159 634/366/160
f 933/367/161 1021/368/162 978/369/163
f 422/24/2 441/370/2 442/371/2
f 724/188/96 409/372/164 377/186/94
f 61/287/7 805/110/57 62/109/7
f 825/373/165 418/374/166 405/345/156
f 864/375/167 518/376/2 516/377/2
f 47/378/7 86/341/7 85/379/7
f 141/380/7 103/381/7 140/382/7
f 459/282/2 526/256/2 525/383/2
f 925/384/140 506/385/46 508/386/46
f 877/387/168 253/27/2 254/388/2
f 105/389/7 556/297/135 134/299/7
f 166/390/2 322/391/2 332/392/2
f 586/393/169 415/67/33 374/91/46
f 355/267/2 393/31/2 380/28/2
f 358/56/2 368/394/2 367/62/2
f 438/395/2 439/396/2 801/397/170
f 38/398/7 942/399/171 939/400/172
f 607/340/153 408/401/173 410/123/61
f 657/402/174 500/266/115 754/403/175
f 412/404/176 793/405/177 411/50/22
f 592/406/178 407/407/179 373/82/42
f 59/408/7 715/409/180 711/410/181
f 226/411/2 56/412/2 219/413/2
f 717/414/182 373/82/42 376/97/49
f 198/415/7 71/102/7 72/104/7
f 733/416/150 128/417/7 129/217/7
f 76/418/7 723/419/183 77/420/7
f 894/421/140 385/304/46 768/422/140
f 297/423/7 305/424/7 298/425/7
f 634/366/160 403/167/83 377/186/94
f 628/426/93 408/401/173 372/427/25
f 561/428/184 129/217/7 130/216/7
f 943/429/185 999/430/186 997/80/40
f 38/398/7 937/431/187 934/134/66
f 413/98/50 673/432/188 708/68/34
f 331/433/2 347/434/2 348/347/2
f 891/435/108 536/15/7 762/436/108
f 441/370/2 155/196/2 154/195/2
f 395/358/2 401/437/2 402/438/2
f 324/439/7 133/298/7 325/440/7
f 434/441/2 252/26/2 156/442/2
f 466/443/2 517/444/2 514/445/2
f 1187/446/189 27/447/190 1201/270/117
f 766/448/125 428/449/2 889/450/125
f 442/371/2 262/163/2 443/451/2
f 144/128/7 285/236/7 145/126/7
f 43/452/7 963/453/191 966/454/192
f 289/351/7 297/423/7 290/455/7
f 822/456/193 405/345/156 414/160/78
f 431/457/2 258/458/2 257/459/2
f 211/460/7 203/461/7 204/462/7
f 88/111/7 790/275/121 787/463/184
f 531/29/2 399/33/2 524/464/2
f 1015/465/194 960/294/132 957/466/195
f 362/138/7 45/467/7 343/146/7
f 366/176/7 63/77/7 62/109/7
f 74/468/7 606/469/196 75/470/7
f 946/471/197 984/279/124 999/430/186
f 372/427/25 684/472/13 726/473/26
f 346/199/2 354/348/2 347/434/2
f 498/474/198 883/475/199 879/476/200
f 110/326/2 339/477/2 327/308/2
f 131/478/7 561/428/184 130/216/7
f 574/479/201 155/196/2 156/442/2
f 288/480/7 294/481/7 295/482/7
f 165/483/2 332/392/2 335/243/2
f 1217/484/202 12/485/203 1220/486/119
f 651/487/204 476/488/205 751/489/206
f 425/490/2 444/209/2 426/491/2
f 139/99/7 103/381/7 102/492/7
f 397/22/2 425/490/2 398/32/2
f 304/493/7 325/440/7 305/424/7
f 523/494/2 1231/495/207 524/464/2
f 164/242/2 772/496/208 165/483/2
f 706/497/209 407/407/179 378/73/36
f 515/498/2 928/499/99 910/500/99
f 754/403/175 502/501/47 846/502/155
f 467/503/2 254/388/2 255/504/2
f 327/308/2 341/197/2 328/309/2
f 750/505/210 151/2/2 152/246/2
f 334/321/2 348/347/2 349/182/2
f 352/506/2 386/357/2 353/198/2
f 145/126/7 735/507/68 739/508/211
f 463/509/7 118/16/7 469/88/7
f 296/510/7 302/511/7 303/512/7
f 1199/513/212 484/514/2 510/283/2
f 509/515/92 537/516/213 478/517/214
f 115/518/7 265/228/7 116/519/7
f 271/520/7 277/349/7 278/234/7
f 385/304/46 919/521/140 768/422/140
f 499/522/215 849/39/15 491/38/14
f 465/523/2 264/524/2 461/355/2
f 870/525/216 114/226/7 115/518/7
f 978/369/163 1024/526/217 951/527/218
f 547/528/219 121/218/7 124/222/7
f 300/529/7 125/223/7 307/530/7
f 350/183/2 380/28/2 381/247/2
f 492/531/220 571/532/221 504/533/50
f 396/359/2 402/438/2 417/23/2
f 154/195/2 579/534/59 137/535/2
f 109/536/2 351/254/2 339/477/2
f 1189/537/222 30/538/69 1118/539/223
f 513/20/2 570/202/98 858/21/10
f 136/208/2 652/540/224 153/248/2
f 856/541/225 499/522/215 498/474/198
f 865/542/226 508/386/46 927/543/137
f 469/88/7 532/544/7 460/89/7
f 394/545/2 254/388/2 401/437/2
f 400/238/2 257/459/2 256/207/2
f 811/546/227 493/305/138 552/547/228
f 309/548/7 120/220/7 119/549/7
f 105/389/7 810/550/229 553/551/230
f 1202/552/231 512/307/2 511/319/2
f 567/553/232 479/554/33 565/555/35
f 658/556/233 148/557/2 149/320/2
f 145/126/7 292/558/7 106/559/7
f 502/501/47 541/560/169 472/561/46
f 107/18/7 469/88/7 118/16/7
f 1144/562/234 39/563/164 1184/564/235
f 494/565/236 751/489/206 476/488/205
f 868/566/237 115/518/7 116/519/7
f 116/519/7 924/313/56 868/566/237
f 112/354/7 286/567/7 279/568/7
f 732/569/73 470/225/76 816/224/77
f 460/89/7 45/467/7 345/570/7
f 1024/526/217 991/571/238 951/527/218
f 576/572/62 481/53/25 742/185/93
f 904/573/99 436/204/2 885/574/99
f 874/575/239 113/352/7 114/226/7
f 1195/576/240 16/577/241 1193/578/242
f 464/311/7 117/193/7 463/509/7
f 537/516/213 498/579/198 478/517/214
f 381/247/2 520/580/2 153/248/2
f 265/228/7 273/581/7 266/190/7
f 146/35/2 330/582/2 138/36/2
f 283/156/7 289/351/7 290/455/7
f 850/293/131 144/128/7 819/127/64
f 116/519/7 266/190/7 117/193/7
f 1208/583/243 516/377/2 518/376/2
f 479/554/33 756/584/244 504/533/50
f 259/585/2 646/586/245 258/458/2
f 646/586/245 257/459/2 258/458/2
f 454/87/7 336/587/7 455/588/7
f 535/13/7 1000/589/246 985/590/247
f 442/371/2 154/195/2 137/535/2
f 495/329/54 639/269/89 470/225/76
f 500/266/115 544/591/45 502/501/47
f 859/592/248 501/593/111 861/594/249
f 664/219/103 119/549/7 120/220/7
f 964/296/134 976/595/250 967/596/251
f 391/280/2 398/32/2 392/281/2
f 296/510/7 304/493/7 297/423/7
f 382/253/2 255/504/2 394/545/2
f 480/11/5 552/547/228 493/305/138
f 200/597/7 206/598/7 199/599/7
f 174/600/7 180/601/7 173/602/7
f 170/603/7 61/287/7 62/109/7
f 205/604/7 70/116/7 71/102/7
f 184/605/7 59/408/7 177/606/7
f 180/601/7 172/76/7 173/602/7
f 186/607/7 178/608/7 179/609/7
f 101/610/2 843/611/252 157/612/2
f 389/168/84 703/613/253 777/332/146
f 342/255/2 168/86/2 360/614/2
f 214/615/7 66/342/7 213/616/7
f 178/608/7 170/603/7 171/617/7
f 188/618/7 194/619/7 187/620/7
f 173/602/7 64/78/7 53/150/7
f 712/621/114 388/92/47 418/374/166
f 378/73/36 666/622/254 706/497/209
f 374/91/46 783/69/35 613/343/154
f 213/616/7 67/300/7 212/623/7
f 177/606/7 60/285/7 170/603/7
f 187/620/7 179/609/7 180/601/7
f 79/171/7 215/624/7 216/625/7
f 406/66/32 720/626/255 597/627/256
f 369/94/2 159/628/2 370/629/2
f 207/630/7 213/616/7 206/598/7
f 179/609/7 171/617/7 172/76/7
f 209/631/7 201/632/7 202/633/7
f 85/379/7 174/600/7 84/233/7
f 726/473/26 419/634/92 372/427/25
f 535/13/7 907/241/108 49/240/7
f 193/635/7 185/636/7 186/607/7
f 206/598/7 212/623/7 205/604/7
f 84/233/7 173/602/7 53/150/7
f 181/637/7 187/620/7 180/601/7
f 696/178/89 419/634/92 390/157/76
f 100/638/2 619/639/257 101/610/2
f 208/640/7 214/615/7 207/630/7
f 192/641/7 184/605/7 185/636/7
f 199/599/7 205/604/7 198/415/7
f 201/632/7 207/630/7 200/597/7
f 215/624/7 65/153/7 214/615/7
f 376/97/49 670/84/44 673/432/188
f 913/642/258 384/643/92 507/644/92
f 191/645/7 72/104/7 50/361/7
f 192/641/7 198/415/7 191/645/7
f 185/636/7 177/606/7 178/608/7
f 194/619/7 186/607/7 187/620/7
f 216/625/7 208/640/7 209/631/7
f 418/374/166 609/344/155 615/346/157
f 336/587/7 356/137/7 357/245/7
f 194/619/7 200/597/7 193/635/7
f 191/645/7 58/646/7 184/605/7
f 212/623/7 69/114/7 70/116/7
f 171/617/7 62/109/7 63/77/7
f 202/633/7 194/619/7 195/647/7
f 193/635/7 199/599/7 192/641/7
f 86/341/7 175/648/7 85/379/7
f 77/420/7 217/649/7 218/650/7
f 75/470/7 211/460/7 74/468/7
f 240/48/2 54/651/2 233/652/2
f 242/653/2 234/654/2 235/655/2
f 243/656/2 248/657/2 242/653/2
f 243/656/2 235/655/2 236/658/2
f 241/46/2 233/652/2 234/654/2
f 210/659/7 202/633/7 203/461/7
f 204/462/7 196/660/7 197/661/7
f 74/468/7 204/462/7 73/231/7
f 221/662/2 57/120/2 91/663/2
f 242/653/2 247/664/2 241/46/2
f 314/665/2 320/666/2 313/667/2
f 249/668/2 313/667/2 248/657/2
f 218/650/7 210/659/7 211/460/7
f 203/461/7 195/647/7 196/660/7
f 190/669/7 196/660/7 189/670/7
f 246/47/2 159/628/2 160/671/2
f 87/273/7 176/113/7 86/341/7
f 248/657/2 312/672/2 247/664/2
f 92/673/2 222/674/2 83/675/2
f 321/676/2 99/677/2 320/666/2
f 319/678/2 101/610/2 318/679/2
f 189/670/7 195/647/7 188/618/7
f 176/113/7 182/680/7 175/648/7
f 247/664/2 311/681/2 246/47/2
f 78/169/7 216/625/7 217/649/7
f 313/667/2 319/678/2 312/672/2
f 230/682/2 236/658/2 229/683/2
f 223/684/2 229/683/2 222/674/2
f 89/685/7 190/669/7 183/112/7
f 182/680/7 188/618/7 181/637/7
f 73/231/7 197/661/7 52/141/7
f 234/654/2 226/411/2 227/686/2
f 240/48/2 160/671/2 80/93/2
f 320/666/2 100/638/2 319/678/2
f 250/5/2 243/656/2 244/687/2
f 237/8/2 243/656/2 236/658/2
f 217/649/7 209/631/7 210/659/7
f 318/679/2 157/612/2 158/688/2
f 227/686/2 219/413/2 220/689/2
f 439/396/2 368/394/2 433/690/2
f 222/674/2 91/663/2 83/675/2
f 322/391/2 314/665/2 315/691/2
f 315/691/2 249/668/2 250/5/2
f 183/112/7 189/670/7 182/680/7
f 175/648/7 181/637/7 174/600/7
f 219/413/2 430/692/2 220/689/2
f 311/681/2 158/688/2 159/628/2
f 228/693/2 220/689/2 221/662/2
f 229/683/2 221/662/2 222/674/2
f 224/323/2 230/682/2 223/684/2
f 93/324/2 223/684/2 92/673/2
f 233/652/2 55/694/2 226/411/2
f 90/139/7 197/661/7 190/669/7
f 76/418/7 218/650/7 75/470/7
f 312/672/2 318/679/2 311/681/2
f 235/655/2 227/686/2 228/693/2
f 236/658/2 228/693/2 229/683/2
f 231/325/2 237/8/2 230/682/2
f 167/117/2 321/676/2 322/391/2
f 323/695/7 134/299/7 324/439/7
f 1012/696/259 957/466/195 954/697/260
f 1213/698/261 26/699/164 1187/446/189
f 280/700/7 288/480/7 281/350/7
f 456/701/2 340/55/2 338/57/2
f 112/354/7 540/262/113 104/264/7
f 290/455/7 298/425/7 291/702/7
f 292/558/7 128/417/7 106/559/7
f 745/703/88 497/331/145 834/704/262
f 141/380/7 538/705/263 533/706/7
f 460/89/7 333/707/7 454/87/7
f 401/437/2 253/27/2 434/441/2
f 301/708/7 307/530/7 308/709/7
f 846/502/155 472/561/46 567/553/232
f 285/236/7 291/702/7 292/558/7
f 142/710/7 271/520/7 143/292/7
f 41/43/7 979/135/67 952/711/264
f 457/712/2 514/445/2 515/498/2
f 107/18/7 102/492/7 68/713/7
f 257/459/2 838/714/265 256/207/2
f 293/715/7 126/716/7 300/529/7
f 298/425/7 306/215/7 299/717/7
f 464/311/7 454/87/7 455/588/7
f 140/382/7 269/100/7 270/718/7
f 550/719/266 476/488/205 663/720/267
f 294/481/7 300/529/7 301/708/7
f 658/556/233 150/721/2 655/1/1
f 492/531/220 871/722/109 501/593/111
f 835/214/102 259/585/2 260/210/2
f 303/512/7 324/439/7 304/493/7
f 922/723/258 478/517/214 876/724/268
f 287/725/7 293/715/7 294/481/7
f 295/482/7 301/708/7 302/511/7
f 272/227/7 280/700/7 273/581/7
f 381/247/2 530/30/2 522/726/2
f 279/568/7 287/725/7 280/700/7
f 445/211/2 259/585/2 258/458/2
f 323/695/7 119/549/7 105/389/7
f 813/333/147 131/478/7 132/334/7
f 264/524/2 338/57/2 123/129/2
f 391/280/2 396/359/2 397/22/2
f 565/555/35 504/533/50 571/532/221
f 520/580/2 1216/727/269 519/206/2
f 151/2/2 350/183/2 152/246/2
f 507/644/92 931/728/270 509/515/92
f 987/729/271 954/697/260 991/571/238
f 477/250/110 925/384/140 508/386/46
f 128/417/7 735/507/68 106/559/7
f 97/730/2 239/731/2 232/71/2
f 95/732/2 225/72/2 94/322/2
f 239/731/2 447/733/2 449/734/2
f 317/735/2 251/6/2 310/736/2
f 161/261/2 446/737/2 81/259/2
f 162/130/2 310/736/2 161/261/2
f 245/7/2 250/5/2 244/687/2
f 332/392/2 315/691/2 316/4/2
f 568/34/12 147/738/2 847/739/272
f 485/740/2 342/255/2 360/614/2
f 467/503/2 135/356/2 462/310/2
f 328/309/2 346/199/2 329/741/2
f 326/742/7 131/478/7 130/216/7
f 286/567/7 127/263/7 293/715/7
f 384/643/92 888/743/258 421/744/92
f 1027/60/29 967/596/251 976/595/250
f 654/745/273 474/144/71 657/402/174
f 786/149/74 412/404/176 404/107/55
f 335/243/2 316/4/2 317/735/2
f 838/714/265 136/208/2 256/207/2
f 411/746/22 583/747/274 387/173/86
f 990/364/67 41/43/7 952/711/264
f 84/233/7 47/378/7 85/379/7
f 361/748/2 485/740/2 360/614/2
f 64/78/7 365/749/7 371/136/7
f 163/132/2 317/735/2 162/130/2
f 329/741/2 347/434/2 330/582/2
f 473/750/275 663/720/267 476/488/205
f 333/707/7 362/138/7 356/137/7
f 490/751/2 238/9/2 489/752/2
f 507/644/92 763/753/270 915/754/270
f 883/475/199 491/38/14 573/755/63
f 478/517/214 879/756/200 876/724/268
f 420/302/46 900/314/140 423/316/46
f 877/387/168 468/757/2 921/758/125
f 452/363/7 966/454/192 994/44/19
f 1205/272/119 29/759/46 1189/760/222
f 855/761/276 142/710/7 852/291/130
f 302/511/7 308/709/7 309/548/7
f 264/524/2 122/85/2 263/258/2
f 58/646/7 585/360/113 715/409/180
f 399/33/2 431/457/2 400/238/2
f 763/753/270 421/744/92 892/762/270
f 289/351/7 295/482/7 296/510/7
f 126/716/7 807/221/104 125/223/7
f 141/380/7 270/718/7 271/520/7
f 515/498/2 774/203/99 437/205/2
f 356/137/7 366/176/7 357/245/7
f 433/690/2 359/763/2 436/204/2
f 387/173/86 897/764/258 828/174/87
f 369/94/2 361/748/2 360/614/2
f 55/694/2 368/394/2 56/412/2
f 54/651/2 367/62/2 55/694/2
f 558/765/277 497/331/145 562/330/144
f 364/95/2 360/614/2 168/86/2
f 583/747/274 424/766/92 387/173/86
f 363/63/2 168/86/2 169/61/2
f 906/767/270 421/744/92 424/766/92
f 344/133/7 945/768/278 38/398/7
f 466/443/2 456/701/2 465/523/2
f 325/440/7 132/334/7 326/742/7
f 113/352/7 279/568/7 272/227/7
f 270/718/7 276/154/7 277/349/7
f 455/588/7 769/244/56 918/312/56
f 158/688/2 829/769/279 159/628/2
f 361/748/2 428/449/2 483/770/2
f 536/15/7 916/771/108 762/436/108
f 73/231/7 685/772/64 74/468/7
f 510/283/2 766/448/125 912/284/125
f 771/125/63 409/372/164 410/123/61
f 472/561/46 760/773/51 479/554/33
f 99/677/2 621/774/280 100/638/2
f 928/499/99 517/444/2 864/375/167
f 299/717/7 129/217/7 128/417/7
f 873/775/281 504/533/50 756/584/244
f 459/282/2 467/503/2 458/257/2
f 612/776/12 91/663/2 610/777/272
f 303/512/7 309/548/7 323/695/7
f 958/778/282 43/452/7 955/362/158
f 269/100/7 275/779/7 276/154/7
f 435/780/2 156/442/2 155/196/2
f 496/189/97 834/704/262 497/331/145
f 904/573/99 439/396/2 433/690/2
f 98/781/2 705/288/127 667/782/283
f 610/777/272 57/120/2 616/122/60
f 166/390/2 772/496/208 700/179/90
f 71/102/7 718/115/58 675/783/284
f 829/769/279 370/629/2 159/628/2
f 162/130/2 778/260/112 702/784/285
f 372/427/25 624/785/116 628/426/93
f 95/732/2 672/786/286 669/787/287
f 383/788/2 394/545/2 395/358/2
f 78/169/7 723/419/183 682/789/288
f 543/790/180 126/716/7 127/263/7
f 422/24/2 443/451/2 425/490/2
f 503/791/173 573/755/63 491/38/14
f 672/786/286 93/324/2 709/792/98
f 494/565/236 546/793/289 471/142/69
f 76/418/7 606/469/196 604/794/290
f 51/151/7 600/170/85 598/795/291
f 432/276/2 798/796/292 796/277/122
f 775/303/137 506/385/46 385/304/46
f 308/709/7 121/218/7 120/220/7
f 59/408/7 826/797/293 60/285/7
f 157/612/2 831/798/294 158/688/2
f 108/252/2 465/523/2 461/355/2
f 267/192/7 275/779/7 268/17/7
f 305/424/7 326/742/7 306/215/7
f 597/627/256 389/168/84 406/66/32
f 882/799/295 156/442/2 252/26/2
f 99/677/2 625/118/59 697/800/296
f 841/801/297 471/142/69 654/745/273
f 49/240/7 996/802/298 1000/589/246
f 1118/539/223 31/803/138 1207/804/299
f 307/530/7 124/222/7 121/218/7
f 96/70/2 669/787/287 781/289/128
f 691/159/77 416/106/54 390/157/76
f 424/766/92 888/743/258 897/764/258
f 89/685/7 787/463/184 729/337/150
f 667/782/283 81/259/2 98/781/2
f 443/451/2 261/165/2 444/209/2
f 143/292/7 278/234/7 144/128/7
f 93/324/2 784/805/300 709/792/98
f 473/750/275 649/306/139 493/305/138
f 92/673/2 612/776/12 784/805/300
f 517/444/2 528/328/2 518/376/2
f 379/315/141 822/806/193 414/807/78
f 274/191/7 282/155/7 275/779/7
f 1198/808/301 37/809/46 1124/810/302
f 111/201/2 329/741/2 146/35/2
f 37/811/46 1142/812/223 1124/813/302
f 427/814/2 1126/815/303 1145/816/304
f 19/817/138 1130/818/242 1147/819/305
f 291/702/7 299/717/7 292/558/7
f 220/689/2 429/820/2 57/120/2
f 24/821/164 1153/822/306 1157/823/307
f 23/824/190 1115/825/119 1153/822/306
f 4/826/308 1162/827/305 1166/828/309
f 1/829/310 1135/830/311 1171/831/312
f 5/832/313 1166/828/309 1175/833/314
f 503/791/173 738/54/26 481/53/25
f 417/23/2 435/780/2 441/370/2
f 109/536/2 466/443/2 465/523/2
f 147/738/2 330/582/2 331/433/2
f 351/254/2 383/788/2 352/506/2
f 847/739/272 148/557/2 753/834/60
f 148/557/2 331/433/2 334/321/2
f 18/835/97 1160/836/315 1130/818/242
f 153/248/2 750/505/210 152/246/2
f 1207/804/299 32/837/97 1211/838/316
f 150/721/2 337/181/2 151/2/2
f 432/276/2 1129/839/303 1159/840/317
f 22/841/118 1133/842/222 1115/825/119
f 486/843/2 56/412/2 487/844/2
f 448/845/2 1163/846/318 446/737/2
f 532/544/7 1011/847/319 988/848/320
f 7/849/321 1178/850/322 1139/851/323
f 6/852/118 1175/853/314 1178/850/322
f 8/854/324 1139/851/323 1135/830/311
f 263/258/2 461/355/2 264/524/2
f 521/237/2 1229/855/325 523/494/2
f 1231/495/207 531/29/2 524/464/2
f 530/30/2 1226/856/326 522/726/2
f 1196/857/327 530/30/2 531/29/2
f 490/751/2 251/6/2 245/7/2
f 468/757/2 912/284/125 921/758/125
f 1181/858/328 42/859/118 1198/808/301
f 1225/860/329 10/861/164 1222/862/307
f 579/534/59 262/163/2 137/535/2
f 2/863/97 1171/831/312 1169/864/330
f 1184/564/235 40/865/190 1181/858/328
f 339/477/2 352/506/2 341/197/2
f 402/438/2 434/441/2 435/780/2
f 34/866/97 1144/562/234 1127/867/331
f 889/450/125 370/629/2 898/868/125
f 98/781/2 446/737/2 447/733/2
f 310/736/2 448/845/2 161/261/2
f 451/869/2 310/736/2 251/6/2
f 489/752/2 239/731/2 449/734/2
f 439/396/2 487/844/2 56/412/2
f 886/870/137 423/316/46 903/871/137
f 426/491/2 445/211/2 431/457/2
f 437/205/2 359/763/2 340/55/2
f 273/581/7 281/350/7 274/191/7
f 423/316/46 802/872/332 903/871/137
f 453/873/7 930/874/108 916/771/108
f 802/872/332 414/807/78 799/875/80
f 1228/876/333 14/877/69 1232/878/223
f 1186/879/334 511/319/2 529/200/2
f 564/880/300 111/201/2 146/35/2
f 516/377/2 1214/881/317 513/20/2
f 284/235/7 290/455/7 291/702/7
f 528/328/2 1208/583/243 518/376/2
f 525/383/2 1199/513/212 510/283/2
f 501/251/111 865/542/226 861/882/249
f 35/883/138 1127/867/331 1120/884/299
f 484/514/2 1141/885/335 428/449/2
f 483/770/2 1126/815/303 485/740/2
f 429/820/2 1129/839/303 488/121/2
f 438/395/2 1154/886/269 440/887/2
f 17/888/92 1157/823/307 1160/836/315
f 489/752/2 1138/889/336 490/751/2
f 438/395/2 1159/840/317 1156/890/337
f 103/381/7 972/891/338 1018/892/339
f 430/692/2 1132/893/340 1150/894/341
f 3/895/342 1169/864/330 1162/827/305
f 447/733/2 1163/846/318 1168/896/343
f 447/733/2 1172/897/344 449/734/2
f 448/845/2 1174/898/345 1165/899/346
f 450/900/2 1177/901/347 1174/898/345
f 490/751/2 1177/901/347 451/869/2
f 427/814/2 1183/902/348 526/256/2
f 489/752/2 1172/897/344 1136/903/349
f 21/904/46 1151/905/309 1133/906/222
f 487/844/2 1132/893/340 486/843/2
f 1222/862/307 11/907/321 1217/484/202
f 913/642/258 509/515/92 922/723/258
f 1211/838/316 25/908/92 1213/698/261
f 153/248/2 519/206/2 136/208/2
f 524/464/2 400/238/2 523/494/2
f 457/712/2 437/205/2 340/55/2
f 1183/902/348 525/383/2 526/256/2
f 20/909/69 1147/819/305 1151/905/309
f 512/307/2 1190/910/350 527/327/2
f 1216/727/269 521/237/2 519/206/2
f 1220/486/119 13/911/351 1228/912/333
f 1226/856/326 520/580/2 522/726/2
f 1232/878/223 15/913/342 1195/576/240
f 513/20/2 1186/879/334 529/200/2
f 1193/578/242 9/914/352 1225/860/329
f 508/386/46 909/915/137 927/543/137
f 398/32/2 426/491/2 399/33/2
f 47/378/7 996/802/298 48/916/7
f 47/378/7 1006/917/353 1002/918/354
f 343/146/7 1008/919/355 44/147/7
f 532/544/7 1023/920/356 45/467/7
f 103/381/7 1014/921/357 102/492/7
f 44/147/7 1006/917/353 46/232/7
f 534/922/7 972/891/338 533/706/7
f 453/873/7 975/923/358 534/922/7
f 343/146/7 1023/920/356 1020/924/359
f 68/713/7 1014/921/357 1011/847/319
f 36/925/69 1120/884/299 1142/812/223
f 453/873/7 970/14/8 1026/926/360
f 483/770/2 1141/885/335 1121/927/361
f 430/692/2 1148/928/362 429/820/2
f 1190/910/350 528/328/2 527/327/2
f 820/37/13 851/929/363 821/930/364
f 851/931/363 819/127/64 821/932/364
f 856/933/225 539/934/365 857/935/366
f 857/935/366 538/705/263 855/761/276
f 754/403/175 848/936/367 755/937/368
f 755/938/368 847/739/272 753/834/60
f 643/212/100 647/939/369 644/940/370
f 647/941/369 642/942/371 644/943/370
f 598/795/291 602/944/372 599/945/373
f 602/946/372 597/627/256 599/947/373
f 772/496/208 632/948/374 773/949/375
f 632/950/374 771/125/63 773/951/375
f 711/410/181 827/952/376 826/797/293
f 713/953/377 825/373/165 827/954/376
f 727/955/211 689/956/378 728/957/379
f 689/958/378 726/473/26 728/959/379
f 718/115/58 593/960/380 719/961/381
f 593/962/380 717/414/182 719/963/381
f 690/338/151 689/956/378 687/140/68
f 689/958/378 691/159/77 688/158/24
f 585/360/113 716/964/382 715/409/180
f 587/965/383 714/90/45 716/966/382
f 700/179/90 773/949/375 701/967/384
f 773/951/375 699/124/62 701/968/384
f 585/360/113 590/969/385 587/970/383
f 587/965/383 589/101/51 586/393/169
f 745/703/88 836/971/386 746/972/387
f 836/973/386 744/164/81 746/974/387
f 826/797/293 824/975/388 823/286/126
f 827/954/376 822/456/193 824/976/388
f 721/152/75 599/945/373 722/977/389
f 599/947/373 720/626/255 722/978/389
f 715/409/180 713/979/377 711/410/181
f 716/966/382 712/621/114 713/953/377
f 621/774/280 620/980/390 619/639/257
f 620/981/390 622/177/88 618/105/53
f 790/275/121 794/982/391 791/983/392
f 791/984/392 793/405/177 789/985/393
f 558/765/277 815/986/394 814/42/18
f 815/987/394 559/988/395 813/333/147
f 588/103/52 677/989/396 590/969/385
f 590/990/385 676/96/48 589/101/51
f 630/290/129 635/991/397 632/948/374
f 635/992/397 631/365/159 632/950/374
f 669/787/287 782/993/398 781/289/128
f 782/994/398 670/84/44 780/83/43
f 606/469/196 605/995/399 604/794/290
f 605/996/399 607/340/153 603/339/152
f 685/772/64 728/957/379 686/997/364
f 728/959/379 684/472/13 686/998/364
f 787/463/184 791/983/392 788/999/400
f 788/1000/400 789/985/393 786/149/74
f 829/769/279 833/1001/401 830/1002/402
f 830/1003/402 832/172/23 828/174/87
f 796/277/122 800/1004/403 797/1005/404
f 797/1006/404 799/162/80 795/161/79
f 876/724/268 923/1007/405 922/723/258
f 878/1008/406 921/758/125 923/1009/405
f 690/338/151 731/1010/407 692/1011/408
f 692/1012/408 730/148/73 691/159/77
f 705/288/127 668/1013/409 667/782/283
f 707/1014/410 666/622/254 668/1015/409
f 865/542/226 929/1016/411 866/1017/412
f 866/1018/412 928/499/99 864/375/167
f 861/594/249 860/1019/413 859/592/248
f 863/1020/414 858/21/10 860/1021/413
f 898/868/125 830/1002/402 899/1022/405
f 899/1023/405 828/174/87 897/764/258
f 685/772/64 608/1024/415 606/469/196
f 608/1025/415 684/472/13 607/340/153
f 616/122/60 797/1005/404 617/1026/368
f 617/1027/368 795/161/79 615/346/157
f 783/69/35 614/1028/416 613/343/154
f 785/1029/417 612/776/12 614/1030/416
f 636/1031/418 779/1032/419 778/260/112
f 779/1033/419 637/64/30 777/332/146
f 781/289/128 707/1034/410 705/288/127
f 782/994/398 706/497/209 707/1014/410
f 633/131/65 704/1035/420 635/991/397
f 704/1036/420 634/366/160 635/992/397
f 856/541/225 854/1037/421 853/1038/422
f 857/935/366 852/291/130 854/1039/421
f 639/269/89 581/1040/423 580/268/116
f 581/1041/423 640/1042/296 579/534/59
f 627/180/91 626/1043/423 625/118/59
f 626/1044/423 628/426/93 624/785/116
f 732/569/73 563/1045/424 562/330/144
f 563/1046/424 733/416/150 561/428/184
f 811/546/227 554/1047/425 812/1048/426
f 554/1049/425 810/550/229 812/1050/426
f 808/143/70 548/1051/427 809/1052/428
f 548/1053/427 807/221/104 809/1054/428
f 742/185/93 581/1040/423 743/1055/429
f 581/1041/423 741/1056/91 743/1057/429
f 645/213/101 749/1058/430 647/939/369
f 749/1059/430 646/586/245 647/941/369
f 879/756/200 878/1060/406 876/724/268
f 881/1061/431 877/387/168 878/1008/406
f 660/265/114 545/1062/382 544/591/45
f 662/1063/377 543/790/180 545/1064/382
f 672/786/286 671/1065/432 669/787/287
f 671/1066/432 673/432/188 670/84/44
f 801/397/170 800/1004/403 798/796/292
f 803/1067/433 799/875/80 800/1068/403
f 697/800/296 626/1043/423 698/1069/434
f 626/1044/423 696/178/89 698/1070/434
f 582/239/107 794/982/391 792/274/120
f 584/1071/435 793/1072/177 794/982/391
f 805/110/57 824/975/388 806/1073/436
f 806/1073/436 822/806/193 804/1074/437
f 784/805/300 710/1075/438 709/792/98
f 785/1076/417 708/68/34 710/1077/438
f 723/419/183 683/1078/439 682/789/288
f 683/1079/439 724/188/96 681/187/95
f 675/783/284 719/961/381 677/989/396
f 719/963/381 676/96/48 677/1080/396
f 679/335/148 722/977/389 680/1081/440
f 680/1082/440 720/626/255 678/75/38
f 552/547/228 557/1083/441 554/1047/425
f 557/1084/441 553/551/230 554/1049/425
f 654/745/273 842/1085/442 841/801/297
f 842/1086/442 655/1/1 840/3/3
f 738/54/26 737/1087/378 736/52/24
f 737/1088/378 739/508/211 735/507/68
f 834/704/262 644/940/370 836/971/386
f 644/943/370 835/214/102 836/973/386
f 604/794/290 725/1089/443 723/419/183
f 725/1090/443 603/339/152 724/188/96
f 867/1091/444 926/1092/445 925/384/140
f 869/1093/446 924/313/56 926/1092/445
f 568/34/12 848/1094/367 569/1095/416
f 569/1096/416 846/502/155 567/553/232
f 697/800/296 623/1097/387 621/774/280
f 698/1070/434 622/177/88 623/1098/387
f 778/260/112 704/1035/420 702/784/285
f 704/1036/420 777/332/146 703/613/253
f 729/337/150 788/999/400 731/1010/407
f 788/1000/400 730/148/73 731/1099/407
f 843/611/252 833/1001/401 831/798/294
f 845/1100/447 832/51/23 833/1101/401
f 627/180/91 701/967/384 629/1102/429
f 629/1103/429 699/124/62 628/426/93
f 619/639/257 845/1104/447 843/611/252
f 620/981/390 844/49/21 845/1100/447
f 591/301/136 596/1105/448 593/960/380
f 596/1106/448 592/406/178 593/962/380
f 709/792/98 674/1107/449 672/786/286
f 674/1108/449 708/68/34 673/432/188
f 667/782/283 638/1109/450 636/1031/418
f 638/1110/450 666/622/254 637/64/30
f 600/170/85 683/1078/439 602/944/372
f 683/1079/439 601/166/82 602/946/372
f 663/720/267 551/1111/451 550/719/266
f 665/1112/452 549/1113/453 551/1114/451
f 883/475/199 575/1115/454 884/1116/455
f 884/1117/455 574/479/201 882/799/295
f 576/572/62 575/1115/454 573/755/63
f 575/1118/454 577/194/90 574/479/201
f 861/882/249 866/1017/412 863/1119/414
f 863/1020/414 864/375/167 862/19/9
f 925/384/140 920/1120/456 919/521/140
f 926/1092/445 918/312/56 920/1120/456
f 546/793/289 551/1111/451 548/1051/427
f 551/1114/451 547/528/219 548/1053/427
f 544/591/45 542/1121/383 541/560/169
f 545/1064/382 540/262/113 542/1122/383
f 732/569/73 818/1123/408 734/1124/407
f 734/1125/407 817/1126/151 733/416/150
f 853/1038/422 851/929/363 849/39/15
f 854/1039/421 850/293/131 851/931/363
f 837/12/6 749/1058/430 747/10/4
f 749/1059/430 838/714/265 748/1127/457
f 879/476/200 884/1116/455 881/1128/431
f 881/1061/431 882/799/295 880/25/11
f 811/546/227 665/1129/452 663/720/267
f 812/1050/426 664/219/103 665/1112/452
f 820/37/13 740/1130/379 738/54/26
f 821/932/364 739/508/211 740/1131/379
f 594/336/149 680/1081/440 596/1105/448
f 596/1106/448 678/75/38 595/74/37
f 909/915/137 929/1016/411 927/543/137
f 911/1132/411 928/499/99 929/1133/411
f 610/777/272 617/1026/368 611/1134/367
f 611/1135/367 615/346/157 609/344/155
f 609/344/155 614/1028/416 611/1135/367
f 611/1134/367 612/776/12 610/777/272
f 871/722/109 875/1136/458 872/1137/459
f 872/1138/459 874/575/239 870/525/216
f 745/703/88 641/1139/434 639/269/89
f 746/974/387 640/1042/296 641/1140/434
f 651/487/204 650/1141/460 649/306/139
f 650/1142/460 652/540/224 648/1143/461
f 751/489/206 842/1085/442 752/1144/462
f 752/1145/462 840/3/3 750/505/210
f 814/42/18 695/1146/463 694/40/16
f 695/1147/463 813/333/147 693/1148/464
f 871/249/109 869/1093/446 867/1091/444
f 872/1138/459 868/566/237 869/1093/446
f 760/773/51 542/1121/383 761/1149/385
f 761/1150/385 540/262/113 759/353/52
f 657/402/174 656/1151/465 654/745/273
f 656/1152/465 658/556/233 655/1/1
f 651/487/204 752/1144/462 653/1153/466
f 653/1154/466 750/505/210 652/540/224
f 754/403/175 659/1155/467 657/402/174
f 659/1156/467 753/834/60 658/556/233
f 660/265/114 809/1052/428 662/1157/377
f 809/1054/428 661/1158/181 662/1063/377
f 649/306/139 839/1159/468 837/12/6
f 839/1160/468 648/1143/461 838/714/265
f 891/435/108 908/1161/469 907/241/108
f 893/1162/469 906/767/270 908/1161/469
f 873/775/281 758/1163/396 875/1136/458
f 875/1164/458 757/1165/284 874/575/239
f 885/574/99 905/1166/470 904/573/99
f 887/1167/411 903/871/137 905/1168/470
f 901/108/56 806/1073/436 902/1169/456
f 902/1169/456 804/1074/437 900/314/140
f 576/572/62 743/1055/429 578/1170/384
f 743/1057/429 577/194/90 578/1171/384
f 816/224/77 737/1087/378 818/1123/408
f 737/1088/378 817/1126/151 818/1172/408
f 915/754/270 932/1173/469 931/728/270
f 917/1174/469 930/874/108 932/1173/469
f 859/592/248 572/1175/471 571/532/221
f 860/1021/413 570/202/98 572/1176/471
f 562/330/144 560/1177/472 558/765/277
f 560/1178/472 561/428/184 559/988/395
f 555/230/106 695/1146/463 557/1083/441
f 695/1147/463 556/297/135 557/1084/441
f 537/516/213 932/1173/469 539/934/365
f 539/934/365 930/874/108 538/705/263
f 898/868/125 890/1179/405 889/450/125
f 899/1023/405 888/743/258 890/1180/405
f 901/108/56 896/1181/456 895/175/56
f 902/1169/456 894/421/140 896/1181/456
f 904/573/99 803/1182/433 801/397/170
f 905/1168/470 802/872/332 803/1067/433
f 907/241/108 584/1071/435 582/239/107
f 908/1161/469 583/747/274 584/1071/435
f 895/175/56 770/1183/456 769/244/56
f 896/1181/456 768/422/140 770/1183/456
f 774/203/99 887/1184/411 885/574/99
f 776/1185/411 886/870/137 887/1167/411
f 762/436/108 893/1162/469 891/435/108
f 764/1186/469 892/762/270 893/1162/469
f 889/450/125 767/1187/405 766/448/125
f 890/1180/405 765/1188/258 767/1189/405
f 756/584/244 761/1149/385 758/1163/396
f 758/1190/396 759/353/52 757/1165/284
f 571/532/221 566/1191/417 565/555/35
f 572/1176/471 564/880/300 566/1192/417
f 922/723/258 914/1193/405 913/642/258
f 923/1009/405 912/284/125 914/1194/405
f 568/34/12 566/1192/417 564/880/300
f 569/1096/416 565/555/35 566/1191/417
f 919/521/140 770/1183/456 768/422/140
f 920/1120/456 769/244/56 770/1183/456
f 763/753/270 917/1174/469 915/754/270
f 764/1186/469 916/771/108 917/1174/469
f 913/642/258 767/1189/405 765/1188/258
f 914/1194/405 766/448/125 767/1187/405
f 775/303/137 911/1195/411 909/915/137
f 776/1196/411 910/500/99 911/1132/411
f 538/705/263 534/922/7 533/706/7
f 942/399/171 947/1197/473 944/1198/474
f 944/1198/474 946/471/197 943/429/185
f 991/571/238 956/1199/475 992/1200/476
f 992/1200/476 955/362/158 990/364/67
f 939/400/172 938/1201/477 937/431/187
f 941/1202/478 936/318/143 938/1201/477
f 997/80/40 1001/1203/479 998/1204/480
f 998/1204/480 1000/589/246 996/802/298
f 996/802/298 1004/1205/481 998/1204/480
f 998/1204/480 1003/81/41 997/80/40
f 1008/919/355 1007/1206/482 1006/917/353
f 1010/1207/483 1005/317/142 1007/1206/482
f 937/431/187 935/1208/484 934/134/66
f 938/1201/477 933/367/161 935/1208/484
f 993/59/28 968/1209/485 967/596/251
f 995/1210/486 966/454/192 968/1209/485
f 954/697/260 959/1211/487 956/1199/475
f 956/1199/475 958/778/282 955/362/158
f 988/848/320 1013/1212/488 989/1213/489
f 989/1213/489 1012/696/259 987/729/271
f 1015/465/194 1013/1212/488 1016/1214/490
f 1016/1214/490 1011/847/319 1014/921/357
f 1005/317/142 1004/1205/481 1007/1206/482
f 1007/1206/482 1002/918/354 1006/917/353
f 1017/1215/491 974/1216/492 973/295/133
f 1019/1217/493 972/891/338 974/1216/492
f 957/466/195 962/1218/494 959/1211/487
f 959/1211/487 961/1219/495 958/778/282
f 975/923/358 974/1216/492 972/891/338
f 977/1220/496 973/295/133 974/1216/492
f 939/400/172 944/1198/474 941/1202/478
f 941/1202/478 943/429/185 940/79/39
f 1018/892/339 1016/1214/490 1014/921/357
f 1019/1217/493 1015/465/194 1016/1214/490
f 1009/1221/497 1022/1222/498 1021/368/162
f 1010/1207/483 1020/924/359 1022/1222/498
f 934/134/66 980/1223/476 979/135/67
f 935/1208/484 978/369/163 980/1223/476
f 985/590/247 1001/1203/479 986/1224/499
f 986/1224/499 999/430/186 984/279/124
f 945/768/278 983/1225/500 947/1197/473
f 947/1197/473 982/278/123 946/471/197
f 970/14/8 986/1224/499 971/1226/501
f 971/1226/501 984/279/124 969/58/27
f 979/135/67 953/1227/502 952/711/264
f 980/1223/476 951/527/218 953/1227/502
f 1021/368/162 1025/1228/503 1024/526/217
f 1022/1222/498 1023/920/356 1025/1228/503
f 981/145/72 950/1229/504 983/1225/500
f 983/1225/500 949/1230/505 982/278/123
f 964/296/134 962/1218/494 960/294/132
f 965/1231/506 961/1219/495 962/1218/494
f 976/595/250 1028/1232/507 1027/60/29
f 977/1220/496 1026/926/360 1028/1232/507
f 967/596/251 965/1231/506 964/296/134
f 968/1209/485 963/453/191 965/1231/506
f 1023/920/356 989/1213/489 1025/1228/503
f 1025/1228/503 987/729/271 1024/526/217
f 951/527/218 992/1200/476 953/1227/502
f 953/1227/502 990/364/67 952/711/264
f 949/1230/505 995/1210/486 993/59/28
f 950/1229/504 994/44/19 995/1210/486
f 1027/60/29 971/1226/501 969/58/27
f 1028/1232/507 970/14/8 971/1226/501
f 936/318/143 1009/1221/497 933/367/161
f 1045/1233/508 1030/1234/2 1043/1235/509
f 1051/1236/510 1031/1237/2 1050/1238/511
f 1058/1239/512 1059/1240/513 1032/1241/2
f 1063/1242/514 1033/1243/2 1062/1244/515
f 1037/1245/516 1029/1246/2 1036/1247/517
f 1039/1248/518 1029/1246/2 1038/1249/519
f 1041/1250/520 1029/1246/2 1040/1251/521
f 1057/1252/516 1030/1234/2 1046/1253/517
f 1047/1254/522 1030/1234/2 1056/1255/523
f 1048/1256/524 1031/1237/2 1049/1257/525
f 1053/1258/522 1031/1237/2 1052/1259/526
f 1055/1260/527 1031/1237/2 1054/1261/528
f 1034/1262/529 1029/1246/2 1035/1263/530
f 1059/1240/513 1073/1264/531 1032/1241/2
f 1073/1264/531 1071/1265/532 1032/1241/2
f 1071/1265/532 1072/1266/533 1032/1241/2
f 1072/1266/533 1068/1267/534 1032/1241/2
f 1068/1267/534 1069/1268/535 1032/1241/2
f 1069/1268/535 1065/1269/536 1032/1241/2
f 1065/1269/536 1058/1239/512 1032/1241/2
f 1070/1270/537 1033/1243/2 1064/1271/538
f 1067/1272/539 1033/1243/2 1066/1273/540
f 1042/1274/541 1030/1234/2 1044/1275/521
f 1060/1276/542 1033/1243/2 1061/1277/543
f 2/863/97 1075/1278/544 1/829/310
f 3/895/342 1074/1279/545 2/863/97
f 4/826/308 1076/1280/546 3/895/342
f 5/1281/313 1077/1282/547 4/826/308
f 6/852/118 1078/1283/548 5/1284/313
f 7/849/321 1079/1285/549 6/852/118
f 8/854/324 1080/1286/550 7/849/321
f 1/829/310 1081/1287/551 8/854/324
f 9/914/352 1082/1288/552 10/861/164
f 10/861/164 1084/1289/550 11/907/321
f 15/913/342 1085/1290/553 16/577/241
f 11/907/321 1087/1291/554 12/485/203
f 18/835/97 1089/1292/555 17/888/92
f 19/817/138 1088/1293/556 18/835/97
f 20/909/69 1090/1294/557 19/817/138
f 21/904/46 1091/1295/558 20/909/69
f 22/841/118 1092/1296/559 21/1297/46
f 23/824/190 1093/1298/560 22/841/118
f 24/821/164 1094/1299/561 23/824/190
f 17/888/92 1095/1300/562 24/821/164
f 12/485/203 1096/1301/563 13/911/351
f 13/1302/351 1097/1303/547 14/877/69
f 14/877/69 1086/1304/546 15/913/342
f 16/577/241 1083/1305/564 9/914/352
f 25/908/92 1098/1306/565 26/699/164
f 34/866/97 1101/1307/566 33/1308/92
f 35/883/138 1100/1309/567 34/866/97
f 36/925/69 1102/1310/568 35/883/138
f 37/811/46 1103/1311/569 36/925/69
f 26/699/164 1105/1312/570 27/447/190
f 39/563/164 1106/1313/571 40/865/190
f 28/271/118 1108/1314/572 29/1315/46
f 40/865/190 1110/1316/573 42/859/118
f 27/447/190 1109/1317/574 28/271/118
f 30/538/69 1111/1318/575 31/803/138
f 29/1319/46 1112/1320/576 30/538/69
f 31/803/138 1113/1321/577 32/837/97
f 32/837/97 1099/1322/578 25/908/92
f 42/859/118 1104/1323/579 37/809/46
f 33/1308/92 1107/1324/580 39/563/164
f 1034/1262/529 1075/1325/544 1074/1326/545
f 1036/1247/517 1074/1326/545 1076/1327/546
f 1037/1245/516 1076/1327/546 1077/1328/547
f 1037/1245/516 1078/1329/548 1038/1249/519
f 1039/1248/518 1078/1329/548 1079/1330/549
f 1039/1248/518 1080/1331/550 1040/1251/521
f 1040/1251/521 1081/1332/551 1041/1250/520
f 1041/1250/520 1075/1325/544 1035/1263/530
f 1042/1274/541 1083/1333/564 1043/1235/509
f 1044/1275/521 1082/1334/552 1042/1274/541
f 1046/1253/517 1085/1335/553 1086/1336/546
f 1047/1254/522 1084/1337/550 1044/1275/521
f 1048/1256/524 1089/1338/555 1088/1339/556
f 1048/1256/524 1090/1340/557 1050/1238/511
f 1051/1236/510 1090/1340/557 1091/1341/558
f 1052/1259/526 1091/1341/558 1092/1342/559
f 1052/1259/526 1093/1343/560 1053/1258/522
f 1054/1261/528 1093/1343/560 1094/1344/561
f 1054/1261/528 1095/1345/562 1055/1260/527
f 1055/1260/527 1089/1338/555 1049/1257/525
f 1056/1255/523 1087/1346/554 1047/1254/522
f 1057/1252/516 1096/1347/563 1056/1255/523
f 1057/1252/516 1086/1336/546 1097/1348/547
f 1045/1233/508 1083/1333/564 1085/1335/553
f 1058/1239/512 1099/1349/578 1059/1240/513
f 1061/1277/543 1100/1350/567 1060/1276/542
f 1060/1276/542 1102/1351/568 1062/1244/515
f 1063/1242/514 1102/1351/568 1103/1352/569
f 1063/1242/514 1104/1353/579 1064/1271/538
f 1058/1239/512 1105/1354/570 1098/1355/565
f 1067/1272/539 1106/1356/571 1107/1357/580
f 1068/1267/534 1109/1358/574 1069/1268/535
f 1070/1270/537 1106/1356/571 1066/1273/540
f 1069/1268/535 1105/1354/570 1065/1269/536
f 1071/1265/532 1112/1359/576 1072/1266/533
f 1068/1267/534 1112/1359/576 1108/1360/572
f 1071/1265/532 1113/1361/577 1111/1362/575
f 1073/1264/531 1099/1349/578 1113/1361/577
f 1070/1270/537 1104/1353/579 1110/1363/573
f 1061/1277/543 1107/1357/580 1101/1364/566
f 1228/912/333 1221/1365/581 1220/486/119
f 1230/1366/582 1219/1367/583 1221/1368/581
f 1189/760/222 1206/1369/584 1205/272/119
f 1206/1370/584 1190/910/350 1204/1371/585
f 1121/927/361 1143/1372/586 1122/1373/587
f 1143/1374/586 1120/884/299 1122/1375/587
f 1123/1376/588 1143/1372/586 1141/885/335
f 1143/1377/586 1124/813/302 1142/812/223
f 1144/562/234 1128/1378/589 1127/867/331
f 1128/1379/589 1145/816/304 1126/815/303
f 1150/894/341 1149/1380/590 1148/928/362
f 1152/1381/591 1147/819/305 1149/1382/590
f 1153/822/306 1158/1383/592 1157/823/307
f 1158/1384/592 1154/886/269 1156/890/337
f 1132/893/340 1152/1385/591 1150/894/341
f 1152/1381/591 1133/906/222 1151/905/309
f 1160/836/315 1158/1383/592 1161/1386/593
f 1161/1387/593 1156/890/337 1159/840/317
f 1114/1388/583 1134/1389/594 1132/893/340
f 1116/1390/595 1133/842/222 1134/1391/594
f 1153/822/306 1116/1390/595 1155/1392/596
f 1155/1393/596 1114/1388/583 1154/886/269
f 1160/836/315 1131/1394/589 1130/818/242
f 1131/1395/589 1159/840/317 1129/839/303
f 1148/928/362 1131/1395/589 1129/839/303
f 1131/1394/589 1147/819/305 1130/818/242
f 1165/899/346 1164/1396/597 1163/846/318
f 1167/1397/598 1162/827/305 1164/1398/597
f 1171/831/312 1170/1399/599 1169/864/330
f 1173/1400/600 1168/896/343 1170/1401/599
f 1165/899/346 1176/1402/601 1167/1403/598
f 1167/1397/598 1175/833/314 1166/828/309
f 1174/898/345 1179/1404/595 1176/1402/601
f 1179/1405/595 1175/853/314 1176/1406/601
f 1178/850/322 1140/1407/602 1139/851/323
f 1179/1404/595 1138/889/336 1140/1408/602
f 1171/831/312 1137/1409/603 1173/1410/600
f 1173/1400/600 1136/903/349 1172/897/344
f 1168/896/343 1164/1396/597 1170/1401/599
f 1170/1399/599 1162/827/305 1169/864/330
f 1139/851/323 1137/1409/603 1135/830/311
f 1140/1408/602 1136/903/349 1137/1411/603
f 1225/860/329 1194/1412/604 1193/578/242
f 1227/1413/600 1192/1414/343 1194/1415/604
f 1196/857/327 1233/1416/605 1197/1417/590
f 1233/1418/605 1195/576/240 1197/1419/590
f 1217/484/202 1221/1365/581 1218/1420/606
f 1218/1421/606 1219/1367/583 1216/727/269
f 1223/1422/607 1227/1413/600 1224/1423/608
f 1224/1424/608 1225/860/329 1222/862/307
f 1195/576/240 1194/1412/604 1197/1425/590
f 1197/1417/590 1192/1414/343 1196/857/327
f 1210/1426/609 1215/1427/610 1214/881/317
f 1212/1428/611 1213/698/261 1215/1429/610
f 1202/552/231 1188/1430/612 1203/1431/613
f 1188/1432/612 1201/270/117 1203/1433/613
f 1181/858/328 1200/1434/614 1182/1435/615
f 1200/1436/614 1180/1437/616 1182/1438/615
f 1181/858/328 1185/1439/617 1184/564/235
f 1185/1440/617 1180/1437/616 1183/902/348
f 1121/927/361 1128/1379/589 1126/815/303
f 1128/1441/589 1120/884/299 1127/867/331
f 1214/881/317 1188/1430/612 1186/879/334
f 1188/1432/612 1213/698/261 1187/446/189
f 1207/804/299 1119/1442/618 1118/539/223
f 1209/1443/619 1117/1444/346 1119/1445/618
f 1208/583/243 1212/1446/611 1210/1426/609
f 1212/1428/611 1207/804/299 1211/838/316
f 1201/270/117 1206/1369/584 1203/1433/613
f 1203/1431/613 1204/1371/585 1202/552/231
f 1223/1422/607 1218/1421/606 1216/727/269
f 1224/1424/608 1217/484/202 1218/1420/606
f 1228/876/333 1233/1418/605 1230/1447/582
f 1233/1416/605 1229/855/325 1230/1366/582
f 1189/537/222 1119/1442/618 1191/1448/620
f 1191/1449/620 1117/1444/346 1190/910/350
f 1123/1376/588 1200/1436/614 1125/1450/621
f 1200/1434/614 1124/810/302 1125/1451/621
f 1144/562/234 1185/1452/617 1146/1453/622
f 1185/1440/617 1145/816/304 1146/1454/622
f 487/844/2 1154/886/269 1114/1388/583
f 1265/1455/46 1283/1456/623 1290/1457/624
f 1238/1458/625 1295/1459/626 1242/1460/627
f 1340/1461/628 1259/1462/629 1338/1463/630
f 1355/1464/631 1264/1465/632 1353/1466/633
f 1346/1467/634 1254/1468/635 1329/1469/636
f 1240/1470/637 1308/1471/638 1289/1472/639
f 1272/1473/46 1322/1474/640 1273/1475/46
f 1271/1476/46 1281/1477/641 1270/1478/46
f 1332/1479/642 1341/1480/643 1337/1481/644
f 1266/1482/46 1239/1483/46 1267/1484/46
f 1283/1456/623 1267/1484/46 1286/1485/645
f 1269/1486/46 1286/1485/645 1267/1484/46
f 1274/1487/46 1322/1474/640 1326/1488/646
f 1290/1457/624 1271/1476/46 1265/1455/46
f 1335/1489/647 1253/1490/648 1255/1491/649
f 1310/1492/650 1235/1493/2 1280/1494/651
f 1353/1466/633 1261/1495/652 1346/1467/634
f 1275/1496/46 1326/1488/646 1334/1497/653
f 1311/1498/654 1317/1499/655 1319/1500/656
f 1302/1501/657 1296/1502/658 1269/1486/46
f 1245/1503/659 1305/1504/660 1301/1505/661
f 1248/1506/662 1314/1507/663 1308/1471/638
f 1246/1508/664 1301/1505/661 1299/1509/665
f 1307/1510/666 1317/1499/655 1271/1476/46
f 1250/1511/667 1320/1512/668 1316/1513/669
f 1323/1514/670 1253/1490/648 1325/1515/671
f 1251/1516/672 1316/1513/669 1314/1507/663
f 1277/1517/673 1269/1486/46 1268/1518/46
f 1276/1519/46 1328/1520/674 1272/1473/46
f 1344/1521/675 1258/1522/676 1340/1461/628
f 1349/1523/677 1356/1524/678 1276/1519/46
f 1356/1524/678 1347/1525/679 1276/1519/46
f 1359/1526/680 1263/1527/681 1355/1464/631
f 1234/1528/7 1293/1529/682 1278/1530/683
f 1239/1483/46 1273/1475/46 1274/1487/46
f 1284/1531/684 1240/1470/637 1289/1472/639
f 1241/1532/46 1266/1482/46 1265/1455/46
f 1268/1518/46 1267/1484/46 1239/1483/46
f 1281/1477/641 1276/1519/46 1270/1478/46
f 1277/1517/673 1275/1496/46 1332/1479/642
f 1265/1455/46 1270/1478/46 1241/1532/46
f 1292/1533/685 1302/1501/657 1269/1486/46
f 1244/1534/686 1295/1459/626 1305/1504/660
f 1243/1535/687 1299/1509/665 1293/1529/682
f 1249/1536/688 1310/1492/650 1320/1512/668
f 1254/1468/635 1323/1514/670 1329/1469/636
f 1241/1532/46 1273/1475/46 1237/1537/46
f 1268/1518/46 1274/1487/46 1275/1496/46
f 1238/1458/625 1284/1531/684 1287/1538/689
f 1235/1493/2 1350/1539/690 1280/1494/651
f 1270/1478/46 1272/1473/46 1241/1532/46
f 1338/1463/630 1256/1540/691 1331/1541/692
f 1335/1489/647 1257/1542/693 1344/1521/675
f 1334/1497/653 1341/1480/643 1275/1496/46
f 1350/1539/690 1262/1543/694 1359/1526/680
f 1344/1521/675 1342/1544/695 1345/1545/696
f 1345/1545/696 1341/1480/643 1343/1546/697
f 1335/1489/647 1345/1545/696 1336/1547/698
f 1336/1547/698 1343/1546/697 1334/1497/653
f 1289/1472/639 1285/1548/699 1284/1531/684
f 1285/1548/699 1290/1457/624 1283/1456/623
f 1286/1485/645 1285/1548/699 1283/1456/623
f 1285/1548/699 1287/1538/689 1284/1531/684
f 1298/1549/700 1294/1550/701 1300/1551/702
f 1300/1551/702 1293/1529/682 1299/1509/665
f 1302/1501/657 1300/1551/702 1303/1552/703
f 1303/1552/703 1299/1509/665 1301/1505/661
f 1302/1501/657 1306/1553/704 1304/1554/705
f 1303/1552/703 1305/1504/660 1306/1553/704
f 1304/1554/705 1297/1555/706 1296/1502/658
f 1306/1553/704 1295/1459/626 1297/1555/706
f 1313/1556/707 1309/1557/708 1315/1558/709
f 1315/1558/709 1308/1471/638 1314/1507/663
f 1317/1499/655 1315/1558/709 1318/1559/710
f 1318/1559/710 1314/1507/663 1316/1513/669
f 1317/1499/655 1321/1560/711 1319/1500/656
f 1318/1559/710 1320/1512/668 1321/1560/711
f 1319/1500/656 1312/1561/712 1311/1498/654
f 1321/1560/711 1310/1492/650 1312/1561/712
f 1292/1533/685 1279/1562/713 1294/1550/701
f 1294/1550/701 1278/1530/683 1293/1529/682
f 1296/1502/658 1288/1563/714 1286/1485/645
f 1297/1555/706 1287/1538/689 1288/1563/714
f 1311/1498/654 1282/1564/715 1281/1477/641
f 1312/1561/712 1280/1494/651 1282/1564/715
f 1307/1510/666 1291/1565/716 1309/1557/708
f 1309/1557/708 1289/1472/639 1308/1471/638
f 1346/1467/634 1354/1566/717 1353/1466/633
f 1348/1567/718 1352/1568/719 1354/1566/717
f 1325/1515/671 1324/1569/720 1323/1514/670
f 1324/1569/720 1326/1488/646 1322/1474/640
f 1338/1463/630 1342/1544/695 1340/1461/628
f 1339/1570/721 1341/1480/643 1342/1544/695
f 1350/1539/690 1360/1571/722 1351/1572/723
f 1351/1572/723 1358/1573/724 1349/1523/677
f 1359/1526/680 1357/1574/725 1360/1571/722
f 1360/1571/722 1356/1524/678 1358/1573/724
f 1353/1466/633 1357/1574/725 1355/1464/631
f 1354/1566/717 1356/1524/678 1357/1574/725
f 1328/1520/674 1324/1569/720 1322/1474/640
f 1324/1569/720 1329/1469/636 1323/1514/670
f 1331/1541/692 1339/1570/721 1338/1463/630
f 1333/1575/726 1337/1481/644 1339/1570/721
f 1325/1515/671 1336/1547/698 1327/1576/727
f 1327/1576/727 1334/1497/653 1326/1488/646
f 1329/1469/636 1348/1567/718 1346/1467/634
f 1330/1577/728 1347/1525/679 1348/1567/718
f 1278/1530/683 1333/1575/726 1331/1541/692
f 1279/1562/713 1332/1479/642 1333/1575/726
f 1280/1494/651 1351/1572/723 1282/1564/715
f 1282/1564/715 1349/1523/677 1281/1477/641
f 1331/1541/692 1234/1528/7 1278/1530/683
f 1394/1578/729 1410/1579/730 1414/1580/731
f 1411/1581/732 1365/1582/46 1363/1583/733
f 1396/1584/734 1410/1579/730 1395/1585/735
f 1396/1584/734 1419/1586/736 1416/1587/737
f 1398/1588/738 1419/1586/736 1397/1589/739
f 1399/1590/740 1422/1591/741 1398/1588/738
f 1399/1590/740 1428/1592/742 1425/1593/743
f 1401/1594/744 1428/1592/742 1400/1595/745
f 1402/1596/746 1431/1597/747 1401/1594/744
f 1403/1598/748 1434/1599/749 1402/1596/746
f 1404/1600/750 1437/1601/751 1403/1598/748
f 1404/1600/750 1443/1602/752 1440/1603/753
f 1405/1604/754 1446/1605/755 1443/1602/752
f 1406/1606/756 1449/1607/757 1446/1605/755
f 1407/1608/758 1452/1609/759 1449/1607/757
f 1393/1610/7 1380/1611/760 1378/1612/761
f 1409/1613/762 1452/1609/759 1408/1614/763
f 1409/1613/762 1414/1580/731 1455/1615/764
f 1393/1610/7 1388/1616/765 1386/1617/766
f 1392/1618/767 1393/1610/7 1362/1619/768
f 1393/1610/7 1372/1620/769 1370/1621/770
f 1393/1610/7 1384/1622/771 1382/1623/772
f 1393/1610/7 1368/1624/773 1366/1625/774
f 1364/1626/775 1393/1610/7 1366/1625/774
f 1393/1610/7 1376/1627/776 1374/1628/777
f 1413/1629/778 1363/1583/733 1361/1630/779
f 1456/1631/780 1361/1630/779 1391/1632/781
f 1420/1633/782 1369/1634/203 1367/1635/783
f 1423/1636/784 1371/1637/785 1369/1634/203
f 1426/1638/786 1373/1639/32 1371/1637/785
f 1429/1640/787 1375/1641/83 1373/1639/32
f 1432/1642/788 1377/1643/164 1375/1641/83
f 1435/1644/789 1379/1645/173 1377/1643/164
f 1438/1646/790 1381/1647/92 1379/1645/173
f 1441/1648/791 1383/1649/54 1381/1647/92
f 1444/1650/792 1385/1651/241 1383/1649/54
f 1447/1652/793 1387/1653/794 1385/1651/241
f 1450/1654/795 1389/1655/796 1387/1653/794
f 1453/1656/797 1391/1632/781 1389/1655/796
f 1417/1657/798 1367/1635/783 1365/1582/46
f 1362/1619/768 1409/1613/762 1392/1618/767
f 1392/1618/767 1408/1614/763 1390/1658/799
f 1388/1616/765 1408/1614/763 1407/1608/758
f 1386/1617/766 1407/1608/758 1406/1606/756
f 1384/1622/771 1406/1606/756 1405/1604/754
f 1384/1622/771 1404/1600/750 1382/1623/772
f 1380/1611/760 1404/1600/750 1403/1598/748
f 1380/1611/760 1402/1596/746 1378/1612/761
f 1376/1627/776 1402/1596/746 1401/1594/744
f 1376/1627/776 1400/1595/745 1374/1628/777
f 1372/1620/769 1400/1595/745 1399/1590/740
f 1372/1620/769 1398/1588/738 1370/1621/770
f 1368/1624/773 1398/1588/738 1397/1589/739
f 1366/1625/774 1397/1589/739 1396/1584/734
f 1366/1625/774 1395/1585/735 1364/1626/775
f 1364/1626/775 1394/1578/729 1362/1619/768
f 1411/1581/732 1415/1659/800 1412/1660/801
f 1415/1659/800 1410/1579/730 1412/1660/801
f 1417/1657/798 1412/1660/801 1418/1661/802
f 1418/1661/802 1410/1579/730 1416/1587/737
f 1417/1657/798 1421/1662/803 1420/1633/782
f 1418/1661/802 1419/1586/736 1421/1662/803
f 1420/1633/782 1424/1663/804 1423/1636/784
f 1424/1663/804 1419/1586/736 1422/1591/741
f 1423/1636/784 1427/1664/805 1426/1638/786
f 1427/1664/805 1422/1591/741 1425/1593/743
f 1426/1638/786 1430/1665/806 1429/1640/787
f 1430/1665/806 1425/1593/743 1428/1592/742
f 1429/1640/787 1433/1666/807 1432/1642/788
f 1433/1666/807 1428/1592/742 1431/1597/747
f 1432/1642/788 1436/1667/808 1435/1644/789
f 1436/1667/808 1431/1597/747 1434/1599/749
f 1435/1644/789 1439/1668/809 1438/1646/790
f 1439/1668/809 1434/1599/749 1437/1601/751
f 1441/1648/791 1439/1668/809 1442/1669/810
f 1442/1669/810 1437/1601/751 1440/1603/753
f 1441/1648/791 1445/1670/811 1444/1650/792
f 1442/1669/810 1443/1602/752 1445/1670/811
f 1447/1652/793 1445/1670/811 1448/1671/812
f 1445/1670/811 1446/1605/755 1448/1671/812
f 1450/1654/795 1448/1671/812 1451/1672/813
f 1448/1671/812 1449/1607/757 1451/1672/813
f 1453/1656/797 1451/1672/813 1454/1673/814
f 1451/1672/813 1452/1609/759 1454/1673/814
f 1456/1631/780 1454/1673/814 1457/1674/815
f 1454/1673/814 1455/1615/764 1457/1674/815
f 1413/1629/778 1457/1674/815 1415/1659/800
f 1457/1674/815 1414/1580/731 1415/1659/800
f 1503/1675/816 1460/1676/817 1459/1677/92
f 1484/1678/818 1459/1677/92 1481/1679/819
f 1473/1680/820 1504/1681/821 1501/1682/822
f 1474/1683/823 1458/1684/46 1471/1685/824
f 1500/1686/825 1490/1687/826 1458/1684/46
f 1501/1682/822 1483/1688/827 1493/1689/828
f 1494/1690/829 1480/1691/830 1491/1692/31
f 1463/1693/831 1467/1694/832 1469/1695/833
f 1464/1696/834 1467/1694/832 1466/1697/835
f 1465/1698/836 1467/1694/832 1468/1699/837
f 1473/1680/820 1477/1700/838 1479/1701/839
f 1474/1683/823 1477/1700/838 1476/1702/840
f 1475/1703/841 1477/1700/838 1478/1704/842
f 1483/1688/827 1487/1705/843 1489/1706/844
f 1484/1678/818 1487/1705/843 1486/1707/845
f 1485/1708/846 1487/1705/843 1488/1709/847
f 1493/1689/828 1497/1710/848 1499/1711/849
f 1494/1690/829 1497/1710/848 1496/1712/850
f 1495/1713/851 1497/1710/848 1498/1714/852
f 1463/1693/831 1462/1715/853 1460/1676/817
f 1469/1695/833 1461/1716/5 1462/1715/853
f 1473/1680/820 1468/1699/837 1464/1696/834
f 1479/1701/839 1465/1698/836 1468/1699/837
f 1471/1685/824 1478/1704/842 1474/1683/823
f 1472/1717/779 1475/1703/841 1478/1704/842
f 1493/1689/828 1502/1718/854 1501/1682/822
f 1499/1711/849 1500/1686/825 1502/1718/854
f 1491/1692/31 1498/1714/852 1494/1690/829
f 1492/1719/855 1495/1713/851 1498/1714/852
f 1483/1688/827 1496/1712/850 1493/1689/828
f 1489/1706/844 1494/1690/829 1496/1712/850
f 1481/1679/819 1488/1709/847 1484/1678/818
f 1482/1720/856 1485/1708/846 1488/1709/847
f 1464/1696/834 1505/1721/469 1504/1681/821
f 1466/1697/835 1503/1675/816 1505/1721/469
f 1501/1682/822 1476/1702/840 1473/1680/820
f 1502/1718/854 1474/1683/823 1476/1702/840
f 1504/1681/821 1486/1707/845 1483/1688/827
f 1505/1721/469 1484/1678/818 1486/1707/845
f 1465/1698/836 1470/1722/857 1461/1716/5
f 1579/1723/858 1588/1724/859 1530/1725/860
f 1558/1726/861 1730/1727/862 1676/1728/863
f 1644/1729/864 1518/1730/190 1538/1731/865
f 1590/1732/866 1506/1733/867 1517/1734/868
f 1566/1735/869 1733/1736/870 1694/1737/871
f 1506/1738/867 1588/1739/859 1517/1740/868
f 1650/1741/872 1524/1742/46 1543/1743/873
f 1594/1744/874 1510/1745/875 1523/1746/876
f 1574/1747/877 1736/1748/878 1712/1749/879
f 1510/1750/875 1589/1751/880 1523/1752/876
f 1530/1753/860 1620/1754/881 1583/1755/882
f 1591/1756/883 1508/1757/884 1526/1758/885
f 1508/1759/884 1593/1760/886 1526/1761/885
f 1638/1762/887 1521/1763/138 1533/1764/888
f 1587/1765/889 1512/1766/890 1520/1767/891
f 1570/1768/324 1707/1769/892 1569/1770/893
f 1566/1771/869 1613/1772/894 1593/1773/886
f 1554/1774/779 1671/1775/895 1553/1776/896
f 1550/1777/897 1595/1778/898 1588/1779/859
f 1582/1780/899 1589/1781/880 1535/1782/900
f 1581/1783/901 1593/1784/886 1545/1785/902
f 1578/1786/97 1725/1787/903 1577/1788/904
f 1574/1789/877 1601/1790/905 1592/1791/906
f 1562/1792/118 1689/1793/907 1561/1794/908
f 1558/1795/861 1607/1796/909 1589/1797/880
f 1580/1798/910 1592/1799/906 1540/1800/911
f 1590/1801/866 1579/1802/858 1536/1803/912
f 1589/1804/880 1637/1805/913 1535/1806/900
f 1587/1807/889 1580/1808/910 1531/1809/914
f 1588/1810/859 1631/1811/915 1530/1812/860
f 1593/1813/886 1649/1814/916 1545/1815/902
f 1591/1816/883 1581/1817/901 1541/1818/917
f 1594/1819/874 1582/1820/899 1546/1821/918
f 1567/1822/919 1617/1823/920 1706/1824/921
f 1551/1825/922 1599/1826/923 1670/1827/924
f 1586/1828/925 1581/1829/901 1545/1830/902
f 1592/1831/906 1643/1832/926 1540/1833/911
f 1550/1834/897 1727/1835/927 1658/1836/928
f 1559/1837/929 1611/1838/930 1688/1839/931
f 1535/1840/900 1623/1841/932 1584/1842/933
f 1531/1843/914 1620/1754/881 1635/1844/934
f 1536/1845/912 1623/1841/932 1641/1846/935
f 1540/1847/911 1626/1848/936 1585/1849/937
f 1546/1850/918 1629/1851/938 1653/1852/939
f 1655/1853/940 1550/1854/897 1658/1855/928
f 1541/1856/917 1626/1848/936 1647/1857/941
f 1545/1858/902 1629/1851/938 1586/1859/925
f 1549/1860/97 1661/1861/942 1656/1862/943
f 1548/1863/944 1728/1864/945 1507/1865/138
f 1551/1866/922 1727/1867/927 1506/1868/867
f 1673/1869/946 1558/1870/861 1676/1871/863
f 1557/1872/69 1679/1873/947 1674/1874/948
f 1556/1875/949 1731/1876/950 1511/1877/46
f 1559/1878/929 1730/1879/862 1510/1880/875
f 1691/1881/951 1566/1882/869 1694/1883/871
f 1565/1884/118 1697/1885/952 1692/1886/953
f 1564/1887/954 1734/1888/955 1509/1889/190
f 1567/1890/919 1733/1891/870 1508/1892/884
f 1709/1893/956 1574/1894/877 1712/1895/879
f 1573/1896/164 1715/1897/957 1710/1898/958
f 1572/1899/893 1737/1900/959 1513/1901/92
f 1575/1902/960 1736/1903/878 1512/1904/890
f 1575/1905/960 1605/1906/961 1724/1907/962
f 1584/1908/933 1579/1909/858 1514/1910/7
f 1585/1911/937 1580/1912/910 1540/1913/911
f 1583/1914/882 1580/1915/910 1514/1916/7
f 1583/1917/882 1579/1918/858 1530/1919/860
f 1585/1920/937 1581/1921/901 1514/1922/7
f 1586/1923/925 1582/1924/899 1514/1925/7
f 1584/1926/933 1582/1927/899 1535/1928/900
f 1619/1929/963 1528/1930/964 1529/1931/97
f 1527/1932/904 1619/1929/963 1529/1931/97
f 1533/1764/888 1622/1933/965 1638/1762/887
f 1622/1933/965 1532/1934/949 1640/1935/966
f 1538/1731/865 1625/1936/967 1644/1729/864
f 1625/1936/967 1537/1937/893 1646/1938/968
f 1543/1743/873 1628/1939/969 1650/1741/872
f 1628/1939/969 1542/1940/908 1652/1941/970
f 1556/1875/949 1674/1942/948 1677/1943/971
f 1731/1876/950 1560/1944/873 1511/1877/46
f 1564/1887/954 1692/1945/953 1695/1946/972
f 1734/1888/955 1568/1947/973 1509/1889/190
f 1572/1899/893 1710/1948/958 1713/1949/974
f 1737/1900/959 1576/1950/975 1513/1901/92
f 1728/1864/945 1552/1951/888 1507/1865/138
f 1577/1788/904 1604/1952/976 1519/1953/138
f 1596/1954/977 1547/1955/978 1515/1956/92
f 1608/1957/979 1555/1958/980 1521/1763/138
f 1553/1776/896 1598/1959/981 1516/1960/46
f 1569/1770/893 1616/1961/982 1525/1962/92
f 1602/1963/983 1571/1964/865 1518/1730/190
f 1614/1965/984 1563/1966/873 1524/1742/46
f 1561/1794/908 1610/1967/985 1522/1968/190
f 1552/1951/888 1668/1969/986 1554/1970/779
f 1516/1960/46 1640/1935/966 1532/1934/949
f 1590/1971/866 1641/1846/935 1599/1826/923
f 1551/1972/922 1667/1973/987 1665/1974/988
f 1560/1944/873 1686/1975/989 1562/1976/118
f 1522/1968/190 1652/1941/970 1542/1940/908
f 1594/1977/874 1653/1852/939 1611/1838/930
f 1559/1978/929 1685/1979/990 1683/1980/991
f 1568/1947/973 1704/1981/992 1570/1982/324
f 1525/1962/92 1646/1938/968 1537/1937/893
f 1591/1983/883 1647/1857/941 1617/1823/920
f 1567/1984/919 1703/1985/993 1701/1986/994
f 1576/1950/975 1722/1987/995 1578/1988/97
f 1519/1953/138 1634/1989/996 1527/1932/904
f 1587/1990/889 1635/1844/934 1605/1906/961
f 1575/1991/960 1721/1992/997 1719/1993/998
f 1512/1994/890 1592/1995/906 1520/1996/891
f 1548/1863/944 1656/1997/943 1659/1998/999
f 1619/1929/963 1633/1999/1000 1632/2000/1001
f 1621/2001/1002 1631/1811/915 1633/1999/1000
f 1619/1929/963 1636/2002/1003 1621/2001/1002
f 1621/2001/1002 1635/1844/934 1620/1754/881
f 1622/1933/965 1639/2003/1004 1638/1762/887
f 1624/2004/1005 1637/1805/913 1639/2003/1004
f 1622/1933/965 1642/2005/1006 1624/2004/1005
f 1624/2004/1005 1641/1846/935 1623/1841/932
f 1625/1936/967 1645/2006/1007 1644/1729/864
f 1627/2007/1008 1643/1832/926 1645/2006/1007
f 1625/1936/967 1648/2008/1009 1627/2007/1008
f 1627/2007/1008 1647/1857/941 1626/1848/936
f 1628/1939/969 1651/2009/1010 1650/1741/872
f 1630/2010/1011 1649/1814/916 1651/2009/1010
f 1628/1939/969 1654/2011/1012 1630/2010/1011
f 1630/2010/1011 1653/1852/939 1629/1851/938
f 1655/1853/940 1660/2012/1013 1657/2013/1014
f 1657/2013/1014 1659/1998/999 1656/1997/943
f 1655/2014/940 1663/2015/1015 1662/2016/1016
f 1657/2017/1014 1661/1861/942 1663/2015/1015
f 1667/1973/987 1666/2018/1017 1665/1974/988
f 1669/2019/1018 1664/2020/1019 1666/2018/1017
f 1667/2021/987 1672/2022/1020 1669/2023/1018
f 1669/2023/1018 1671/1775/895 1668/2024/986
f 1673/1869/946 1678/2025/1021 1675/2026/1022
f 1675/2026/1022 1677/1943/971 1674/1942/948
f 1673/2027/946 1681/2028/1023 1680/2029/1024
f 1675/2030/1022 1679/1873/947 1681/2028/1023
f 1685/1979/990 1684/2031/1025 1683/1980/991
f 1687/2032/1026 1682/2033/1027 1684/2031/1025
f 1685/2034/990 1690/2035/1028 1687/2036/1026
f 1687/2036/1026 1689/1793/907 1686/2037/989
f 1691/1881/951 1696/2038/1029 1693/2039/1030
f 1693/2039/1030 1695/1946/972 1692/1945/953
f 1691/2040/951 1699/2041/1031 1698/2042/1032
f 1693/2043/1030 1697/1885/952 1699/2041/1031
f 1703/1985/993 1702/2044/1033 1701/1986/994
f 1705/2045/1034 1700/2046/1035 1702/2044/1033
f 1703/2047/993 1708/2048/1036 1705/2049/1034
f 1705/2049/1034 1707/1769/892 1704/2050/992
f 1709/1893/956 1714/2051/1037 1711/2052/1038
f 1711/2052/1038 1713/1949/974 1710/1948/958
f 1709/2053/956 1717/2054/1039 1716/2055/1040
f 1711/2056/1038 1715/1897/957 1717/2054/1039
f 1721/1992/997 1720/2057/1041 1719/1993/998
f 1723/2058/1042 1718/2059/1043 1720/2057/1041
f 1721/2060/997 1726/2061/1044 1723/2062/1042
f 1723/2062/1042 1725/1787/903 1722/2063/995
f 1605/1906/961 1636/2002/1003 1606/2064/1045
f 1606/2064/1045 1634/1989/996 1604/1952/976
f 1595/1778/898 1633/1999/1000 1631/1811/915
f 1597/2065/1046 1632/2000/1001 1633/1999/1000
f 1607/1796/909 1639/2003/1004 1637/1805/913
f 1609/2066/1047 1638/1762/887 1639/2003/1004
f 1599/1826/923 1642/2005/1006 1600/2067/1048
f 1600/2067/1048 1640/1935/966 1598/1959/981
f 1617/1823/920 1648/2008/1009 1618/2068/1049
f 1618/2068/1049 1646/1938/968 1616/1961/982
f 1601/1790/905 1645/2006/1007 1643/1832/926
f 1603/2069/1050 1644/1729/864 1645/2006/1007
f 1613/1772/894 1651/2009/1010 1649/1814/916
f 1615/2070/1051 1650/1741/872 1651/2009/1010
f 1611/1838/930 1654/2011/1012 1612/2071/1052
f 1612/2071/1052 1652/1941/970 1610/1967/985
f 1658/1855/928 1729/2072/1053 1660/2012/1013
f 1660/2012/1013 1728/1864/945 1659/1998/999
f 1595/1778/898 1663/2015/1015 1597/2065/1046
f 1663/2015/1015 1596/1954/977 1597/2065/1046
f 1599/1826/923 1672/2022/1020 1670/1827/924
f 1672/2022/1020 1598/1959/981 1671/1775/895
f 1728/1864/945 1666/2018/1017 1664/2020/1019
f 1729/2072/1053 1665/1974/988 1666/2018/1017
f 1676/1871/863 1732/2073/1054 1678/2025/1021
f 1678/2025/1021 1731/1876/950 1677/1943/971
f 1607/1796/909 1681/2028/1023 1609/2066/1047
f 1681/2028/1023 1608/1957/979 1609/2066/1047
f 1611/1838/930 1690/2035/1028 1688/1839/931
f 1690/2035/1028 1610/1967/985 1689/1793/907
f 1731/1876/950 1684/2031/1025 1682/2033/1027
f 1732/2073/1054 1683/1980/991 1684/2031/1025
f 1694/1883/871 1735/2074/1055 1696/2038/1029
f 1696/2038/1029 1734/1888/955 1695/1946/972
f 1613/1772/894 1699/2041/1031 1615/2070/1051
f 1699/2041/1031 1614/1965/984 1615/2070/1051
f 1617/1823/920 1708/2048/1036 1706/1824/921
f 1708/2048/1036 1616/1961/982 1707/1769/892
f 1734/1888/955 1702/2044/1033 1700/2046/1035
f 1735/2074/1055 1701/1986/994 1702/2044/1033
f 1712/1895/879 1738/2075/1056 1714/2051/1037
f 1714/2051/1037 1737/1900/959 1713/1949/974
f 1601/1790/905 1717/2054/1039 1603/2069/1050
f 1717/2054/1039 1602/1963/983 1603/2069/1050
f 1605/1906/961 1726/2061/1044 1724/1907/962
f 1726/2061/1044 1604/1952/976 1725/1787/903
f 1737/1900/959 1720/2057/1041 1718/2059/1043
f 1738/2075/1056 1719/1993/998 1720/2057/1041
f 1632/2000/1001 1515/1956/92 1528/1930/964
f 2005/2076/1057 1917/2077/1058 1887/2078/1059
f 2023/2079/1060 1893/2080/1061 2075/2081/1062
f 2050/2082/1063 1928/2083/1064 2017/2084/1065
f 1977/2085/1066 2001/2086/1067 1985/2087/1068
f 1962/2088/1069 1776/2089/1070 1763/2090/1071
f 1940/2091/1072 1777/2092/1073 1937/2093/1074
f 2050/2082/1063 1968/2094/1075 1965/2095/1076
f 2009/2096/1077 1899/2097/1078 1883/2098/1079
f 2023/2099/1060 1908/2100/1080 1881/2101/1081
f 2005/2076/1057 1911/2102/1082 2057/2103/1083
f 1739/2104/1084 1907/2105/1085 1914/2106/1086
f 2048/2107/1087 1925/2108/1088 1970/2109/1089
f 2051/2110/1090 2008/2111/1091 2032/2112/1092
f 1739/2104/1084 1889/2113/1093 1896/2114/1094
f 2104/2115/1095 1769/2116/1096 2115/2117/1097
f 1959/2118/1098 2084/2119/1099 1961/2120/1100
f 2015/2121/1101 1890/2122/1102 1877/2123/1103
f 1782/2124/1104 1842/2125/1105 1829/2126/1106
f 2078/2127/1107 2021/2128/1108 2092/2129/1109
f 1937/2093/1074 1776/2089/1070 1935/2130/1110
f 1739/2104/1084 1916/2131/1111 1923/2132/1112
f 2096/2133/1113 2024/2134/1114 2074/2135/1115
f 2009/2136/1077 1920/2137/1116 2033/2138/1117
f 2015/2121/1101 1902/2139/1118 2042/2140/1119
f 1934/2141/1120 2084/2119/1099 2027/2142/1121
f 2030/2143/1122 2011/2144/1123 2047/2145/1124
f 2068/2146/1125 2008/2147/1091 2018/2148/1126
f 2057/2103/1083 1913/2149/1127 2062/2150/1128
f 1947/2151/1129 2072/2152/1130 1950/2153/1131
f 1893/2080/1061 2080/2154/1132 2075/2081/1062
f 1895/2155/1133 2077/2156/1134 2080/2154/1132
f 2071/2157/1135 2039/2158/1136 2068/2146/1125
f 1946/2159/1137 1775/2160/1138 1932/2161/1139
f 1964/2162/1140 1774/2163/1141 1929/2164/1142
f 1958/2165/1143 1779/2166/1144 1955/2167/1145
f 2089/2168/1146 2060/2169/1147 2083/2170/1148
f 2054/2171/1149 1970/2109/1089 1968/2094/1075
f 2032/2112/1092 2053/2172/1150 2051/2110/1090
f 2062/2150/1128 1908/2100/1080 2059/2173/1151
f 2066/2174/1152 2045/2175/1153 2071/2157/1135
f 2081/2176/1154 2092/2129/1109 2098/2177/1155
f 2042/2140/1119 1904/2178/1156 2044/2179/1157
f 2044/2179/1157 1899/2097/1078 2038/2180/1158
f 1958/2181/1143 1763/2090/1071 1761/2182/1159
f 2017/2183/1065 1952/2184/1160 2069/2185/1161
f 1920/2137/1116 2035/2186/1162 2033/2138/1117
f 1922/2187/1163 2029/2188/1164 2035/2186/1162
f 2095/2189/1165 1934/2190/1120 2027/2191/1121
f 2072/2152/1130 1952/2184/1160 1950/2153/1131
f 1842/2125/1105 1826/2192/1166 1847/2193/1167
f 1874/2194/1168 1746/2195/1169 1868/2196/1170
f 1953/2197/1171 1774/2163/1141 1758/2198/1172
f 2111/2199/1095 1771/2200/1173 2101/2201/1174
f 2109/2202/1175 1802/2203/1176 2110/2204/1177
f 1971/2205/1178 1773/2206/1179 1768/2207/1180
f 1817/2208/1181 1869/2209/1182 1814/2210/1183
f 2065/2211/1184 1931/2212/1185 2020/2213/1186
f 2099/2214/1187 1943/2215/1188 1941/2216/1189
f 1967/2217/1190 1768/2207/1180 1766/2218/1191
f 1967/2219/1190 1780/2220/1192 1964/2162/1140
f 1949/2221/1193 1778/2222/1194 1946/2159/1137
f 1940/2223/1072 1753/2224/1195 1751/2225/1196
f 1955/2167/1145 1773/2206/1179 1926/2226/1197
f 1791/2227/1198 1860/2228/1199 1838/2229/1200
f 2074/2135/1115 2098/2177/1155 2096/2133/1113
f 2095/2189/1165 1941/2216/1189 1938/2230/1201
f 2114/2231/1095 1772/2232/1177 1750/2233/1202
f 2087/2234/1203 2063/2235/1204 2089/2168/1146
f 1784/2236/1205 1851/2237/1206 1833/2238/1207
f 1771/2200/1173 2112/2239/1174 2101/2201/1174
f 1805/2240/1208 1865/2241/1209 1860/2228/1199
f 1865/2242/1209 1803/2243/1210 1862/2244/1211
f 1984/2245/1212 1768/2207/1180 1985/2087/1068
f 1847/2246/1167 1821/2247/1213 1844/2248/1214
f 1761/2182/1159 1983/2249/1215 1976/2250/1216
f 1799/2251/1217 1853/2252/1218 1856/2253/1219
f 1756/2254/1220 1975/2255/1221 1974/2256/1222
f 2114/2231/1095 1749/2257/1175 2106/2258/1223
f 1987/2259/1224 1753/2224/1195 1980/2260/1225
f 2093/2261/1226 1931/2212/1185 1943/2215/1188
f 1788/2262/1227 2113/2263/1228 2102/2264/1229
f 1981/2265/1230 1994/2266/1231 1986/2267/1232
f 1956/2268/1233 2090/2269/1234 1959/2118/1098
f 1994/2266/1231 1983/2249/1215 1986/2267/1232
f 2083/2170/1148 2024/2270/1114 2026/2271/1235
f 1997/2272/1236 1973/2273/1237 1979/2274/1238
f 1949/2275/1193 1758/2198/1172 1756/2254/1220
f 1996/2276/1239 1975/2255/1221 1978/2277/1240
f 1981/2265/1230 1751/2278/1196 1987/2279/1224
f 1973/2273/1237 1990/2280/1241 1980/2260/1225
f 2002/2281/1242 1977/2085/1066 1982/2282/1243
f 1824/2283/1244 2109/2202/1175 2108/2284/1097
f 2021/2128/1108 2041/2285/1245 2066/2174/1152
f 2103/2286/1228 1769/2116/1096 1765/2287/1228
f 1812/2288/1246 1833/2238/1207 1871/2289/1247
f 1744/2290/1229 1857/2291/1248 1854/2292/1249
f 1803/2243/1210 1829/2126/1106 1862/2244/1211
f 1944/2293/1250 1775/2160/1138 1753/2224/1195
f 1787/2294/1251 1869/2209/1182 1836/2295/1252
f 1821/2247/1213 1836/2295/1252 1844/2248/1214
f 1779/2166/1144 1976/2296/1216 1982/2282/1243
f 1988/2297/1253 1766/2298/1191 1984/2299/1212
f 1988/2297/1253 1996/2276/1239 1978/2277/1240
f 1778/2222/1194 1974/2300/1222 1979/2274/1238
f 2107/2301/1254 1760/2302/1255 1759/2303/1256
f 2113/2263/1228 1759/2303/1256 1762/2304/1257
f 1755/2305/1258 2105/2306/1097 2112/2239/1174
f 1754/2307/1259 2104/2115/1095 2105/2306/1097
f 2103/2286/1228 1764/2308/1260 2116/2309/1174
f 2116/2309/1174 1767/2310/1096 2110/2204/1177
f 2106/2258/1223 1752/2311/1173 2111/2199/1095
f 1796/2312/1261 1856/2313/1219 1851/2237/1206
f 1791/2227/1198 1853/2252/1218 1794/2314/1262
f 1845/2315/1263 1748/2316/1254 1741/2317/1254
f 1812/2288/1246 1875/2318/1264 1817/2319/1181
f 1799/2251/1217 1795/2320/1265 1794/2314/1262
f 1801/2321/1266 1793/2322/1267 1795/2323/1265
f 1799/2324/1217 1798/2325/1268 1801/2326/1266
f 1801/2321/1266 1797/2327/1269 1800/2328/1270
f 1808/2329/1271 1804/2330/1272 1803/2243/1210
f 1810/2331/1273 1802/2203/1176 1804/2332/1272
f 1805/2240/1208 1810/2333/1273 1808/2334/1271
f 1807/2335/1274 1809/2336/1275 1810/2331/1273
f 1817/2319/1181 1813/2337/1276 1812/2288/1246
f 1819/2338/1277 1811/2339/1278 1813/2340/1276
f 1817/2208/1181 1816/2341/1279 1819/2342/1277
f 1819/2338/1277 1815/2343/1280 1818/2344/1281
f 1821/2247/1213 1828/2345/1282 1822/2346/1283
f 1822/2347/1283 1827/2348/1284 1820/2349/1285
f 1826/2192/1166 1825/2350/1286 1828/2351/1282
f 1828/2352/1282 1824/2283/1244 1827/2348/1284
f 1796/2312/1261 1786/2353/1287 1798/2325/1268
f 1798/2354/1268 1785/2355/1288 1797/2327/1269
f 1794/2314/1262 1792/2356/1289 1791/2227/1198
f 1795/2323/1265 1790/2357/1290 1792/2358/1289
f 1803/2243/1210 1783/2359/1291 1782/2124/1104
f 1804/2332/1272 1781/2360/1292 1783/2361/1291
f 1791/2227/1198 1807/2362/1274 1805/2240/1208
f 1792/2358/1289 1806/2363/1293 1807/2335/1274
f 1785/2355/1288 1813/2340/1276 1811/2339/1278
f 1786/2353/1287 1812/2288/1246 1813/2337/1276
f 1814/2210/1183 1789/2364/1294 1816/2341/1279
f 1816/2365/1279 1788/2262/1227 1815/2343/1280
f 1820/2349/1285 1789/2366/1294 1822/2347/1283
f 1822/2346/1283 1787/2294/1251 1821/2247/1213
f 1781/2360/1292 1825/2367/1286 1783/2361/1291
f 1783/2359/1291 1823/2368/1295 1782/2124/1104
f 1746/2195/1169 1832/2369/1296 1745/2370/1096
f 1848/2371/1297 1843/2372/1298 1849/2373/1299
f 1849/2373/1299 1842/2125/1105 1847/2193/1167
f 1848/2371/1297 1846/2374/1300 1845/2315/1263
f 1849/2373/1299 1844/2248/1214 1846/2374/1300
f 1857/2291/1248 1852/2375/1301 1858/2376/1302
f 1858/2376/1302 1851/2237/1206 1856/2313/1219
f 1857/2291/1248 1855/2377/1303 1854/2292/1249
f 1858/2376/1302 1853/2252/1218 1855/2377/1303
f 1866/2378/1304 1861/2379/1305 1867/2380/1306
f 1867/2380/1306 1860/2228/1199 1865/2241/1209
f 1866/2378/1304 1864/2381/1307 1863/2382/1308
f 1867/2380/1306 1862/2244/1211 1864/2381/1307
f 1874/2194/1168 1873/2383/1309 1872/2384/1310
f 1876/2385/1311 1871/2289/1247 1873/2383/1309
f 1874/2194/1168 1870/2386/1312 1876/2385/1311
f 1876/2385/1311 1869/2209/1182 1875/2387/1264
f 1850/2388/1313 1834/2389/1314 1852/2375/1301
f 1852/2375/1301 1833/2238/1207 1851/2237/1206
f 1854/2292/1249 1840/2390/1315 1839/2391/1316
f 1855/2377/1303 1838/2229/1200 1840/2390/1315
f 1863/2382/1308 1831/2392/1317 1830/2393/1318
f 1864/2381/1307 1829/2126/1106 1831/2392/1317
f 1859/2394/1319 1840/2390/1315 1861/2379/1305
f 1840/2390/1315 1860/2228/1199 1861/2379/1305
f 1872/2384/1310 1834/2389/1314 1832/2369/1296
f 1873/2383/1309 1833/2238/1207 1834/2389/1314
f 1868/2196/1170 1837/2395/1320 1870/2386/1312
f 1870/2386/1312 1836/2295/1252 1869/2209/1182
f 1845/2315/1263 1837/2395/1320 1835/2396/1321
f 1837/2395/1320 1844/2248/1214 1836/2295/1252
f 1841/2397/1322 1831/2392/1317 1843/2372/1298
f 1843/2372/1298 1829/2126/1106 1842/2125/1105
f 1747/2398/1095 1859/2394/1319 1743/2399/1323
f 1741/2317/1254 1740/2400/1323 1742/2401/1097
f 1832/2369/1296 1744/2290/1229 1745/2370/1096
f 1740/2400/1323 1743/2399/1323 1742/2401/1097
f 1835/2396/1321 1746/2195/1169 1748/2316/1254
f 1748/2316/1254 1745/2370/1096 1740/2400/1323
f 1745/2370/1096 1747/2398/1095 1740/2400/1323
f 1744/2290/1229 1839/2391/1316 1747/2398/1095
f 1743/2399/1323 1866/2378/1304 1863/2382/1308
f 1742/2401/1097 1863/2382/1308 1830/2393/1318
f 1841/2397/1322 1742/2401/1097 1830/2393/1318
f 1848/2371/1297 1741/2317/1254 1841/2397/1322
f 1890/2122/1102 1897/2402/1324 1891/2403/1325
f 1891/2404/1325 1896/2114/1094 1889/2113/1093
f 1895/2155/1133 1894/2405/1326 1897/2402/1324
f 1897/2406/1324 1892/2407/1327 1896/2114/1094
f 1904/2178/1156 1900/2408/1328 1899/2097/1078
f 1906/2409/1329 1898/2410/1330 1900/2411/1328
f 1902/2139/1118 1906/2412/1329 1904/2178/1156
f 1903/2413/1331 1905/2414/1332 1906/2409/1329
f 1913/2149/1127 1909/2415/1333 1908/2100/1080
f 1915/2416/1334 1907/2105/1085 1909/2417/1333
f 1911/2102/1082 1915/2418/1334 1913/2149/1127
f 1912/2419/1335 1914/2106/1086 1915/2416/1334
f 1917/2077/1058 1924/2420/1336 1918/2421/1337
f 1918/2422/1337 1923/2132/1112 1916/2131/1111
f 1922/2187/1163 1921/2423/1338 1924/2420/1336
f 1924/2424/1336 1919/2425/1339 1923/2132/1112
f 1919/2425/1339 1885/2426/1340 1884/2427/1341
f 1921/2423/1338 1883/2428/1079 1885/2429/1340
f 1916/2131/1111 1888/2430/1342 1918/2422/1337
f 1918/2421/1337 1887/2078/1059 1917/2077/1058
f 1898/2410/1330 1885/2426/1340 1900/2411/1328
f 1900/2408/1328 1883/2098/1079 1899/2097/1078
f 1901/2431/1343 1879/2432/1344 1878/2433/1345
f 1903/2434/1331 1877/2123/1103 1879/2435/1344
f 1907/2105/1085 1882/2436/1346 1909/2417/1333
f 1909/2415/1333 1881/2101/1081 1908/2100/1080
f 1910/2437/1347 1888/2430/1342 1886/2438/1348
f 1912/2439/1335 1887/2078/1059 1888/2440/1342
f 1892/2407/1327 1882/2436/1346 1880/2441/1349
f 1894/2405/1326 1881/2442/1081 1882/2443/1346
f 1889/2113/1093 1879/2432/1344 1891/2404/1325
f 1891/2403/1325 1877/2123/1103 1890/2122/1102
f 1901/2431/1343 1739/2104/1084 1905/2414/1332
f 2036/2444/1350 2047/2145/1124 2053/2172/1150
f 1968/2094/1075 1972/2445/1351 1969/2446/1352
f 1969/2447/1352 1971/2205/1178 1967/2217/1190
f 1968/2094/1075 1966/2448/1353 1965/2095/1076
f 1969/2449/1352 1964/2162/1140 1966/2450/1353
f 1959/2118/1098 1963/2451/1354 1960/2452/1355
f 1960/2453/1355 1962/2088/1069 1958/2181/1143
f 1959/2118/1098 1957/2454/1356 1956/2268/1233
f 1960/2455/1355 1955/2167/1145 1957/2456/1356
f 1950/2153/1131 1954/2457/1357 1951/2458/1358
f 1951/2459/1358 1953/2197/1171 1949/2275/1193
f 1950/2153/1131 1948/2460/1359 1947/2151/1129
f 1951/2461/1358 1946/2159/1137 1948/2462/1359
f 1941/2216/1189 1945/2463/1360 1942/2464/1361
f 1942/2465/1361 1944/2293/1250 1940/2223/1072
f 1941/2216/1189 1939/2466/1362 1938/2230/1201
f 1942/2467/1361 1937/2093/1074 1939/2468/1362
f 1929/2164/1142 1954/2469/1357 1930/2470/1363
f 1930/2471/1363 1952/2184/1160 1928/2472/1064
f 1932/2161/1139 1945/2473/1360 1933/2474/1364
f 1933/2475/1364 1943/2215/1188 1931/2212/1185
f 1926/2226/1197 1972/2476/1351 1927/2477/1365
f 1927/2478/1365 1970/2109/1089 1925/2108/1088
f 1926/2226/1197 1957/2456/1356 1955/2167/1145
f 1927/2478/1365 1956/2268/1233 1957/2454/1356
f 1935/2130/1110 1963/2479/1354 1936/2480/1366
f 1936/2481/1366 1961/2120/1100 1934/2141/1120
f 1935/2130/1110 1939/2468/1362 1937/2093/1074
f 1936/2482/1366 1938/2230/1201 1939/2466/1362
f 1932/2161/1139 1948/2462/1359 1946/2159/1137
f 1933/2475/1364 1947/2151/1129 1948/2460/1359
f 1929/2164/1142 1966/2450/1353 1964/2162/1140
f 1930/2483/1363 1965/2095/1076 1966/2448/1353
f 2086/2484/1367 1925/2108/1088 2012/2485/1368
f 1979/2274/1238 1992/2486/1369 1997/2272/1236
f 1780/2220/1192 1978/2277/1240 1774/2163/1141
f 1998/2487/1370 1984/2299/1212 1999/2488/1371
f 1982/2282/1243 2000/2489/1372 2002/2281/1242
f 1982/2282/1243 1773/2206/1179 1779/2166/1144
f 1775/2160/1138 1980/2260/1225 1753/2224/1195
f 1993/2490/1373 1987/2279/1224 2004/2491/1374
f 1978/2277/1240 1758/2198/1172 1774/2163/1141
f 1979/2274/1238 1775/2160/1138 1778/2222/1194
f 1986/2267/1232 1763/2090/1071 1776/2089/1070
f 1777/2092/1073 1986/2267/1232 1776/2089/1070
f 2004/2491/1374 1980/2260/1225 1990/2280/1241
f 1974/2256/1222 1991/2492/1375 1992/2486/1369
f 1976/2250/1216 1995/2493/1376 2000/2489/1372
f 1999/2488/1371 1985/2087/1068 2001/2086/1067
f 1773/2206/1179 1985/2087/1068 1768/2207/1180
f 1752/2311/1173 1989/2494/1377 1771/2200/1173
f 1754/2307/1259 1991/2492/1375 1757/2495/1378
f 1750/2233/1202 1994/2266/1231 1993/2490/1373
f 1762/2304/1257 1994/2266/1231 1772/2232/1177
f 1757/2495/1378 1996/2276/1239 1769/2116/1096
f 1755/2305/1258 1989/2494/1377 1997/2272/1236
f 1765/2287/1228 1996/2276/1239 1998/2487/1370
f 1764/2308/1260 1998/2487/1370 1999/2488/1371
f 1759/2303/1256 1995/2493/1376 1762/2304/1257
f 1764/2308/1260 2001/2086/1067 1767/2310/1096
f 1759/2303/1256 2002/2281/1242 2000/2489/1372
f 1767/2310/1096 2003/2496/1379 1770/2497/1175
f 1754/2307/1259 1997/2272/1236 1992/2486/1369
f 1749/2257/1175 1990/2280/1241 1752/2311/1173
f 1760/2302/1255 2003/2496/1379 2002/2281/1242
f 1749/2257/1175 1993/2490/1373 2004/2491/1374
f 2086/2484/1367 2091/2498/1380 2090/2269/1234
f 2088/2499/1381 2089/2168/1146 2091/2498/1380
f 2062/2150/1128 2058/2500/1382 2057/2103/1083
f 2064/2501/1383 2056/2502/1384 2058/2500/1382
f 2090/2269/1234 2085/2503/1385 2084/2119/1099
f 2091/2498/1380 2083/2170/1148 2085/2504/1385
f 2059/2173/1151 2064/2501/1383 2062/2150/1128
f 2061/2505/1386 2063/2235/1204 2064/2501/1383
f 2099/2214/1187 2097/2506/1387 2100/2507/1388
f 2100/2507/1388 2096/2133/1113 2098/2177/1155
f 2075/2081/1062 2082/2508/1389 2076/2509/1390
f 2076/2509/1390 2081/2176/1154 2074/2135/1115
f 2093/2261/1226 2100/2507/1388 2094/2510/1391
f 2094/2510/1391 2098/2177/1155 2092/2129/1109
f 2080/2154/1132 2079/2511/1392 2082/2508/1389
f 2082/2508/1389 2078/2127/1107 2081/2176/1154
f 2036/2444/1350 2034/2512/1393 2037/2513/1394
f 2037/2513/1394 2033/2138/1117 2035/2186/1162
f 2030/2143/1122 2037/2513/1394 2031/2514/1395
f 2031/2514/1395 2035/2186/1162 2029/2188/1164
f 2071/2157/1135 2067/2515/1396 2066/2174/1152
f 2073/2516/1397 2065/2211/1184 2067/2515/1396
f 2068/2146/1125 2073/2516/1397 2071/2157/1135
f 2070/2517/1398 2072/2152/1130 2073/2516/1397
f 2041/2285/1245 2046/2518/1399 2045/2175/1153
f 2043/2519/1400 2044/2179/1157 2046/2518/1399
f 2045/2175/1153 2040/2520/1401 2039/2158/1136
f 2046/2518/1399 2038/2180/1158 2040/2520/1401
f 2054/2171/1149 2052/2521/1402 2055/2522/1403
f 2055/2522/1403 2051/2110/1090 2053/2172/1150
f 2048/2107/1087 2055/2522/1403 2049/2523/1404
f 2049/2523/1404 2053/2172/1150 2047/2145/1124
f 2047/2145/1124 2013/2524/1368 2049/2523/1404
f 2049/2523/1404 2012/2485/1368 2048/2107/1087
f 2018/2525/1126 2052/2526/1402 2019/2527/1405
f 2019/2528/1405 2050/2082/1063 2017/2084/1065
f 2029/2188/1164 2007/2529/1406 2031/2514/1395
f 2031/2514/1395 2006/2530/1407 2030/2143/1122
f 2008/2111/1091 2034/2512/1393 2032/2112/1092
f 2010/2531/1408 2033/2138/1117 2034/2512/1393
f 2066/2174/1152 2022/2532/1409 2021/2128/1108
f 2067/2515/1396 2020/2213/1186 2022/2532/1409
f 2018/2148/1126 2070/2533/1398 2068/2146/1125
f 2019/2534/1405 2069/2185/1161 2070/2517/1398
f 2008/2147/1091 2040/2520/1401 2010/2535/1408
f 2010/2535/1408 2038/2180/1158 2009/2096/1077
f 2042/2140/1119 2016/2536/1410 2015/2121/1101
f 2043/2519/1400 2014/2537/1411 2016/2536/1410
f 2087/2234/1203 2013/2524/1368 2011/2144/1123
f 2088/2499/1381 2012/2485/1368 2013/2524/1368
f 2026/2271/1235 2085/2504/1385 2083/2170/1148
f 2028/2538/1412 2084/2119/1099 2085/2503/1385
f 2059/2173/1151 2025/2539/1413 2061/2505/1386
f 2061/2505/1386 2024/2270/1114 2060/2169/1147
f 2006/2530/1407 2058/2500/1382 2056/2502/1384
f 2007/2529/1406 2057/2103/1083 2058/2500/1382
f 2026/2540/1235 2097/2541/1387 2028/2542/1412
f 2028/2543/1412 2095/2189/1165 2027/2191/1121
f 2092/2129/1109 2022/2532/1409 2094/2510/1391
f 2094/2510/1391 2020/2213/1186 2093/2261/1226
f 2077/2156/1134 2016/2536/1410 2079/2511/1392
f 2079/2511/1392 2014/2537/1411 2078/2127/1107
f 2024/2134/1114 2076/2509/1390 2074/2135/1115
f 2025/2544/1413 2075/2081/1062 2076/2509/1390
f 2011/2144/1123 2056/2502/1384 2087/2234/1203
f 1739/2104/1084 1919/2425/1339 1884/2427/1341
f 1739/2104/1084 1910/2437/1347 1886/2438/1348
f 1898/2410/1330 1739/2104/1084 1884/2427/1341
f 1739/2104/1084 1892/2407/1327 1880/2441/1349
f 1818/2344/1281 2111/2199/1095 1811/2339/1278
f 1809/2336/1275 2110/2204/1177 1802/2203/1176
f 1806/2363/1293 2116/2309/1174 1809/2336/1275
f 1800/2328/1270 2104/2115/1095 1793/2322/1267
f 2112/2239/1174 1800/2328/1270 1797/2327/1269
f 1820/2349/1285 2107/2301/1254 2113/2263/1228
f 1827/2348/1284 2108/2284/1097 2107/2301/1254
f 1790/2357/1290 2103/2286/1228 1806/2363/1293
f 2108/2284/1097 1770/2497/1175 1760/2302/1255
f 1772/2232/1177 2113/2263/1228 1762/2304/1257
f 1818/2344/1281 2114/2231/1095 2106/2258/1223
f 2101/2201/1174 1797/2327/1269 1785/2355/1288
f 1815/2343/1280 2102/2264/1229 2114/2231/1095
f 1770/2497/1175 2110/2204/1177 1767/2310/1096
f 1811/2339/1278 2101/2201/1174 1785/2355/1288
f 1793/2322/1267 2115/2117/1097 1790/2357/1290
f 2128/2545/2 2153/2546/1414 2175/2547/1415
f 2118/2548/7 2141/2549/1416 2117/2550/7
f 2127/2551/7 2147/2552/1417 2172/2553/1418
f 2124/2554/7 2172/2553/1418 2162/2555/1419
f 2118/2548/7 2162/2555/1419 2144/2556/1420
f 2126/2557/7 2199/2558/1421 2135/2559/1422
f 2219/2560/50 2160/2561/1423 2165/2562/1424
f 2128/2545/2 2166/2563/1425 2125/2564/2
f 2226/2565/46 2201/2566/1426 2198/2567/1427
f 2171/2568/1428 2224/2569/855 2222/2570/1429
f 2184/2571/1430 2129/2572/1431 2181/2573/1432
f 2119/2574/7 2187/2575/1433 2147/2552/1417
f 2178/2576/1434 2131/2577/1435 2184/2578/1430
f 2218/2579/46 2154/2580/1436 2151/2581/1437
f 2123/2582/2 2157/2583/1438 2122/2584/2
f 2214/2585/1439 2174/2586/1440 2154/2580/1436
f 2120/2587/2 2205/2588/1441 2150/2589/1442
f 2135/2559/1422 2202/2590/1443 2137/2591/1444
f 2122/2584/2 2181/2573/1432 2129/2572/1431
f 2121/2592/2 2150/2589/1442 2153/2546/1414
f 2221/2593/1429 2156/2594/1445 2160/2561/1423
f 2140/2595/1446 2208/2596/1447 2211/2597/1448
f 2139/2598/1449 2211/2599/1448 2205/2588/1441
f 2136/2600/1450 2208/2596/1447 2138/2601/1451
f 2130/2602/1452 2190/2603/1453 2132/2604/1454
f 2193/2605/1455 2133/2606/1456 2134/2607/1457
f 2137/2608/1444 2196/2609/1458 2136/2600/1450
f 2190/2603/1453 2134/2610/1457 2132/2604/1454
f 2125/2564/2 2159/2611/1459 2123/2582/2
f 2172/2553/1418 2149/2612/1460 2173/2613/1461
f 2173/2613/1461 2148/2614/1462 2171/2568/1428
f 2141/2549/1416 2170/2615/1463 2169/2616/1464
f 2143/2617/1465 2168/2618/1466 2170/2615/1463
f 2144/2556/1420 2143/2617/1465 2141/2549/1416
f 2146/2619/1467 2142/2620/1468 2143/2617/1465
f 2144/2556/1420 2164/2621/1469 2146/2619/1467
f 2146/2619/1467 2163/2622/1470 2145/2623/1471
f 2154/2580/1436 2176/2624/1472 2155/2625/1473
f 2155/2625/1473 2175/2547/1415 2153/2546/1414
f 2159/2611/1459 2158/2626/1474 2157/2583/1438
f 2161/2627/1475 2156/2594/1445 2158/2626/1474
f 2175/2547/1415 2167/2628/1476 2166/2563/1425
f 2176/2624/1472 2165/2562/1424 2167/2628/1476
f 2162/2555/1419 2173/2613/1461 2164/2621/1469
f 2164/2621/1469 2171/2568/1428 2163/2622/1470
f 2166/2563/1425 2161/2627/1475 2159/2611/1459
f 2167/2628/1476 2160/2561/1423 2161/2627/1475
f 2151/2581/1437 2155/2625/1473 2152/2629/1477
f 2152/2629/1477 2153/2546/1414 2150/2589/1442
f 2210/2630/1478 2206/2631/1479 2212/2632/1480
f 2212/2632/1480 2205/2588/1441 2211/2599/1448
f 2210/2630/1478 2209/2633/1481 2207/2634/1482
f 2212/2635/1480 2208/2596/1447 2209/2633/1481
f 2201/2566/1426 2200/2636/1483 2198/2567/1427
f 2203/2637/1484 2199/2558/1421 2200/2636/1483
f 2201/2566/1426 2197/2638/1485 2203/2639/1484
f 2203/2639/1484 2196/2609/1458 2202/2640/1443
f 2177/2641/1486 2185/2642/1487 2183/2643/1488
f 2179/2644/1489 2184/2578/1430 2185/2642/1487
f 2183/2643/1488 2182/2645/1490 2180/2646/1491
f 2185/2647/1487 2181/2573/1432 2182/2645/1490
f 2189/2648/1492 2194/2649/1493 2191/2650/1494
f 2191/2650/1494 2193/2651/1455 2190/2603/1453
f 2192/2652/1495 2188/2653/1496 2194/2654/1493
f 2194/2654/1493 2187/2575/1433 2193/2605/1455
f 2180/2646/1491 2158/2626/1474 2156/2594/1445
f 2182/2645/1490 2157/2583/1438 2158/2626/1474
f 2189/2648/1492 2179/2644/1489 2177/2641/1486
f 2191/2650/1494 2178/2576/1434 2179/2644/1489
f 2186/2655/1497 2149/2612/1460 2188/2653/1496
f 2188/2653/1496 2147/2552/1417 2187/2575/1433
f 2198/2567/1427 2170/2615/1463 2168/2618/1466
f 2200/2636/1483 2169/2616/1464 2170/2615/1463
f 2207/2634/1482 2197/2638/1485 2195/2656/1498
f 2197/2638/1485 2208/2596/1447 2196/2609/1458
f 2204/2657/1499 2152/2629/1477 2206/2631/1479
f 2206/2631/1479 2150/2589/1442 2205/2588/1441
f 2117/2550/7 2169/2616/1464 2126/2557/7
f 2228/2658/1500 2192/2652/1495 2189/2648/1492
f 2216/2659/33 2165/2562/1424 2174/2586/1440
f 2142/2620/1468 2215/2660/33 2213/2661/1439
f 2163/2622/1470 2222/2570/1429 2220/2662/50
f 2145/2623/1471 2220/2662/50 2215/2660/33
f 2224/2569/855 2221/2593/1429 2222/2570/1429
f 2213/2661/1439 2218/2579/46 2217/2663/46
f 2215/2660/33 2214/2585/1439 2213/2661/1439
f 2222/2570/1429 2219/2560/50 2220/2662/50
f 2220/2662/50 2216/2659/33 2215/2660/33
f 2168/2618/1466 2213/2661/1439 2217/2663/46
f 2217/2663/46 2198/2567/1427 2168/2618/1466
f 2204/2657/1499 2218/2579/46 2151/2581/1437
f 2210/2630/1478 2225/2664/46 2204/2657/1499
f 2225/2664/46 2217/2663/46 2218/2579/46
f 2207/2634/1482 2226/2565/46 2225/2664/46
f 2224/2569/855 2186/2655/1497 2228/2658/1500
f 2223/2665/855 2180/2646/1491 2156/2594/1445
f 2227/2666/1500 2183/2643/1488 2180/2646/1491
f 2224/2569/855 2227/2666/1500 2223/2665/855
f 2228/2658/1500 2177/2641/1486 2227/2666/1500
f 2263/2667/1501 2282/2668/1502 2262/2669/1503
f 2279/2670/1504 2233/2671/46 2231/2672/733
f 2264/2673/1505 2278/2674/1506 2263/2667/1501
f 2264/2673/1505 2287/2675/1507 2284/2676/1508
f 2265/2677/1509 2290/2678/1510 2287/2675/1507
f 2266/2679/1511 2293/2680/1512 2290/2678/1510
f 2267/2681/1513 2296/2682/1514 2293/2680/1512
f 2269/2683/1515 2296/2682/1514 2268/2684/1516
f 2270/2685/1517 2299/2686/1518 2269/2683/1515
f 2271/2687/1519 2302/2688/1520 2270/2685/1517
f 2272/2689/1521 2305/2690/1522 2271/2687/1519
f 2272/2689/1521 2311/2691/1523 2308/2692/1524
f 2273/2693/1525 2314/2694/1526 2311/2691/1523
f 2274/2695/1527 2317/2696/1528 2314/2694/1526
f 2275/2697/1529 2320/2698/1530 2317/2696/1528
f 2261/2699/7 2248/2700/1531 2246/2701/1532
f 2277/2702/1533 2320/2698/1530 2276/2703/1534
f 2262/2669/1503 2323/2704/1535 2277/2702/1533
f 2261/2699/7 2256/2705/1536 2254/2706/1537
f 2260/2707/1538 2261/2699/7 2230/2708/1539
f 2261/2699/7 2240/2709/1540 2238/2710/1541
f 2261/2699/7 2252/2711/1542 2250/2712/1543
f 2261/2699/7 2236/2713/1544 2234/2714/1545
f 2232/2715/1546 2261/2699/7 2234/2714/1545
f 2261/2699/7 2244/2716/1547 2242/2717/1548
f 2281/2718/1549 2231/2672/733 2229/2719/779
f 2324/2720/1550 2229/2719/779 2259/2721/781
f 2288/2722/1551 2237/2723/203 2235/2724/783
f 2291/2725/1552 2239/2726/785 2237/2723/203
f 2294/2727/1553 2241/2728/32 2239/2726/785
f 2297/2729/1554 2243/2730/83 2241/2728/32
f 2300/2731/1555 2245/2732/164 2243/2730/83
f 2303/2733/1556 2247/2734/173 2245/2732/164
f 2306/2735/1557 2249/2736/92 2247/2734/173
f 2309/2737/1558 2251/2738/54 2249/2736/92
f 2312/2739/1559 2253/2740/241 2251/2738/54
f 2315/2741/1560 2255/2742/794 2253/2740/241
f 2318/2743/1561 2257/2744/796 2255/2742/794
f 2321/2745/1562 2259/2721/781 2257/2744/796
f 2285/2746/1563 2235/2724/783 2233/2671/46
f 2260/2707/1538 2262/2669/1503 2277/2702/1533
f 2260/2707/1538 2276/2703/1534 2258/2747/1564
f 2256/2705/1536 2276/2703/1534 2275/2697/1529
f 2256/2705/1536 2274/2695/1527 2254/2706/1537
f 2252/2711/1542 2274/2695/1527 2273/2693/1525
f 2250/2712/1543 2273/2693/1525 2272/2689/1521
f 2250/2712/1543 2271/2687/1519 2248/2700/1531
f 2246/2701/1532 2271/2687/1519 2270/2685/1517
f 2246/2701/1532 2269/2683/1515 2244/2716/1547
f 2244/2716/1547 2268/2684/1516 2242/2717/1548
f 2240/2709/1540 2268/2684/1516 2267/2681/1513
f 2238/2710/1541 2267/2681/1513 2266/2679/1511
f 2236/2713/1544 2266/2679/1511 2265/2677/1509
f 2234/2714/1545 2265/2677/1509 2264/2673/1505
f 2234/2714/1545 2263/2667/1501 2232/2715/1546
f 2232/2715/1546 2262/2669/1503 2230/2708/1539
f 2281/2718/1549 2280/2748/1565 2279/2670/1504
f 2280/2748/1565 2282/2668/1502 2278/2674/1506
f 2285/2746/1563 2280/2748/1565 2286/2749/1566
f 2280/2748/1565 2284/2676/1508 2286/2749/1566
f 2285/2746/1563 2289/2750/1567 2288/2722/1551
f 2289/2750/1567 2284/2676/1508 2287/2675/1507
f 2291/2725/1552 2289/2750/1567 2292/2751/1568
f 2289/2750/1567 2290/2678/1510 2292/2751/1568
f 2294/2727/1553 2292/2751/1568 2295/2752/1569
f 2292/2751/1568 2293/2680/1512 2295/2752/1569
f 2294/2727/1553 2298/2753/1570 2297/2729/1554
f 2295/2752/1569 2296/2682/1514 2298/2753/1570
f 2300/2731/1555 2298/2753/1570 2301/2754/1571
f 2301/2754/1571 2296/2682/1514 2299/2686/1518
f 2300/2731/1555 2304/2755/1572 2303/2733/1556
f 2304/2755/1572 2299/2686/1518 2302/2688/1520
f 2306/2735/1557 2304/2755/1572 2307/2756/1573
f 2307/2756/1573 2302/2688/1520 2305/2690/1522
f 2309/2737/1558 2307/2756/1573 2310/2757/1574
f 2307/2756/1573 2308/2692/1524 2310/2757/1574
f 2309/2737/1558 2313/2758/1575 2312/2739/1559
f 2313/2758/1575 2308/2692/1524 2311/2691/1523
f 2312/2739/1559 2316/2759/1576 2315/2741/1560
f 2313/2758/1575 2314/2694/1526 2316/2759/1576
f 2318/2743/1561 2316/2759/1576 2319/2760/1577
f 2316/2759/1576 2317/2696/1528 2319/2760/1577
f 2318/2743/1561 2322/2761/1578 2321/2745/1562
f 2319/2760/1577 2320/2698/1530 2322/2761/1578
f 2324/2720/1550 2322/2761/1578 2325/2762/1579
f 2325/2762/1579 2320/2698/1530 2323/2704/1535
f 2324/2720/1550 2283/2763/1580 2281/2718/1549
f 2283/2763/1580 2323/2704/1535 2282/2668/1502
f 2326/2764/1581 2329/2765/1582 2328/2766/1583
f 2328/2766/1583 2331/2767/1584 2330/2768/1585
f 2331/2767/1584 2332/2769/1586 2330/2768/1585
f 2333/2770/1587 2334/2771/1588 2332/2769/1586
f 2335/2772/1589 2336/2773/1590 2334/2774/1588
f 2337/2775/1591 2338/2776/1592 2336/2773/1590
f 2338/2776/1592 2341/2777/1593 2340/2778/1594
f 2340/2778/1594 2327/2779/1595 2326/2764/1581
f 2327/2779/1595 2343/2780/1596 2329/2765/1582
f 2329/2765/1582 2344/2781/1597 2331/2767/1584
f 2344/2781/1597 2333/2770/1587 2331/2767/1584
f 2345/2782/1598 2335/2783/1589 2333/2770/1587
f 2346/2784/1599 2337/2775/1591 2335/2772/1589
f 2347/2785/1600 2339/2786/1601 2337/2775/1591
f 2339/2786/1601 2349/2787/1602 2341/2777/1593
f 2341/2777/1593 2342/2788/1603 2327/2779/1595
f 2342/2788/1603 2351/2789/1604 2343/2780/1596
f 2343/2780/1596 2352/2790/1605 2344/2781/1597
f 2352/2790/1605 2345/2782/1598 2344/2781/1597
f 2353/2791/1606 2346/2792/1599 2345/2782/1598
f 2354/2793/1607 2347/2785/1600 2346/2784/1599
f 2355/2794/1608 2348/2795/1609 2347/2785/1600
f 2348/2795/1609 2357/2796/1610 2349/2787/1602
f 2349/2787/1602 2350/2797/1611 2342/2788/1603
f 2358/2798/1612 2351/2799/1604 2350/2800/1611
f 2359/2801/1613 2352/2790/1605 2351/2799/1604
f 2352/2790/1605 2361/2802/1614 2353/2803/1606
f 2353/2803/1606 2362/2804/1615 2354/2805/1607
f 2354/2806/1607 2363/2807/1616 2355/2808/1608
f 2355/2808/1608 2364/2809/1617 2356/2810/1618
f 2364/2809/1617 2357/2811/1610 2356/2810/1618
f 2365/2812/1619 2350/2800/1611 2357/2811/1610
f 2366/2813/1620 2359/2801/1613 2358/2798/1612
f 2367/2814/1621 2360/2815/1622 2359/2801/1613
f 2360/2815/1622 2369/2816/1623 2361/2802/1614
f 2361/2802/1614 2370/2817/1624 2362/2818/1615
f 2362/2819/1615 2371/2820/1625 2363/2807/1616
f 2363/2807/1616 2372/2821/1626 2364/2809/1617
f 2372/2821/1626 2365/2812/1619 2364/2809/1617
f 2373/2822/1627 2358/2798/1612 2365/2812/1619
f 2374/2823/1628 2367/2814/1621 2366/2813/1620
f 2375/2824/1629 2368/2825/1630 2367/2814/1621
f 2368/2825/1630 2377/2826/1631 2369/2816/1623
f 2369/2816/1623 2378/2827/1632 2370/2828/1624
f 2370/2829/1624 2379/2830/1633 2371/2820/1625
f 2371/2820/1625 2380/2831/1634 2372/2821/1626
f 2380/2831/1634 2373/2822/1627 2372/2821/1626
f 2381/2832/1635 2366/2813/1620 2373/2822/1627
f 2382/2833/1636 2375/2824/1629 2374/2823/1628
f 2383/2834/1637 2376/2835/1638 2375/2824/1629
f 2376/2835/1638 2385/2836/1639 2377/2826/1631
f 2377/2826/1631 2386/2837/1640 2378/2827/1632
f 2378/2838/1632 2387/2839/1641 2379/2830/1633
f 2379/2830/1633 2388/2840/1642 2380/2831/1634
f 2388/2840/1642 2381/2832/1635 2380/2831/1634
f 2389/2841/1643 2374/2823/1628 2381/2832/1635
f 2390/2842/1644 2383/2834/1637 2382/2833/1636
f 2391/2843/1645 2384/2844/1646 2383/2834/1637
f 2384/2844/1646 2393/2845/1647 2385/2836/1639
f 2385/2836/1639 2394/2846/1648 2386/2837/1640
f 2386/2847/1640 2395/2848/1649 2387/2839/1641
f 2387/2839/1641 2396/2849/1650 2388/2840/1642
f 2396/2849/1650 2389/2841/1643 2388/2840/1642
f 2397/2850/1651 2382/2833/1636 2389/2841/1643
f 2398/2851/1652 2391/2852/1645 2390/2853/1644
f 2399/2854/1653 2392/2855/1654 2391/2852/1645
f 2392/2855/1654 2401/2856/1655 2393/2857/1647
f 2393/2857/1647 2402/2858/1656 2394/2859/1648
f 2394/2860/1648 2403/2861/1657 2395/2862/1649
f 2395/2862/1649 2404/2863/1658 2396/2864/1650
f 2404/2863/1658 2397/2865/1651 2396/2864/1650
f 2405/2866/1659 2390/2853/1644 2397/2865/1651
f 2406/2867/1660 2399/2854/1653 2398/2851/1652
f 2407/2868/1661 2400/2869/1662 2399/2854/1653
f 2400/2869/1662 2409/2870/1663 2401/2856/1655
f 2401/2856/1655 2410/2871/1664 2402/2872/1656
f 2402/2873/1656 2411/2874/1665 2403/2861/1657
f 2403/2861/1657 2412/2875/1666 2404/2863/1658
f 2412/2875/1666 2405/2866/1659 2404/2863/1658
f 2413/2876/1667 2398/2851/1652 2405/2866/1659
f 2414/2877/1668 2407/2868/1661 2406/2867/1660
f 2415/2878/1669 2408/2879/1670 2407/2868/1661
f 2408/2879/1670 2417/2880/1671 2409/2870/1663
f 2409/2870/1663 2418/2881/1672 2410/2882/1664
f 2410/2883/1664 2419/2884/1673 2411/2874/1665
f 2411/2874/1665 2420/2885/1674 2412/2875/1666
f 2420/2885/1674 2413/2876/1667 2412/2875/1666
f 2421/2886/1675 2406/2867/1660 2413/2876/1667
f 2414/2877/1668 2423/2887/1676 2415/2878/1669
f 2415/2878/1669 2424/2888/1677 2416/2889/1678
f 2424/2888/1677 2417/2880/1671 2416/2889/1678
f 2425/2890/1679 2418/2881/1672 2417/2880/1671
f 2426/2891/1680 2419/2884/1673 2418/2892/1672
f 2427/2893/1681 2420/2885/1674 2419/2884/1673
f 2420/2885/1674 2429/2894/1682 2421/2886/1675
f 2421/2886/1675 2422/2895/1683 2414/2877/1668
f 2422/2895/1683 2431/2896/1684 2423/2887/1676
f 2423/2887/1676 2432/2897/1685 2424/2888/1677
f 2432/2897/1685 2425/2890/1679 2424/2888/1677
f 2433/2898/1686 2426/2899/1680 2425/2890/1679
f 2434/2900/1687 2427/2893/1681 2426/2891/1680
f 2435/2901/1688 2428/2902/1689 2427/2893/1681
f 2428/2902/1689 2437/2903/1690 2429/2894/1682
f 2429/2894/1682 2430/2904/1691 2422/2895/1683
f 2438/2905/1692 2431/2906/1684 2430/2907/1691
f 2439/2908/1693 2432/2897/1685 2431/2906/1684
f 2432/2897/1685 2441/2909/1694 2433/2910/1686
f 2433/2910/1686 2442/2911/1695 2434/2912/1687
f 2434/2913/1687 2443/2914/1696 2435/2915/1688
f 2435/2915/1688 2444/2916/1697 2436/2917/1698
f 2444/2916/1697 2437/2918/1690 2436/2917/1698
f 2445/2919/1699 2430/2907/1691 2437/2918/1690
f 2446/2920/1700 2439/2908/1693 2438/2905/1692
f 2447/2921/1701 2440/2922/1702 2439/2908/1693
f 2440/2922/1702 2449/2923/1703 2441/2909/1694
f 2441/2909/1694 2450/2924/1704 2442/2925/1695
f 2442/2926/1695 2451/2927/1705 2443/2914/1696
f 2443/2914/1696 2452/2928/1706 2444/2916/1697
f 2452/2928/1706 2445/2919/1699 2444/2916/1697
f 2453/2929/1707 2438/2905/1692 2445/2919/1699
f 2446/2920/1700 2455/2930/1708 2447/2921/1701
f 2447/2921/1701 2456/2931/1709 2448/2932/1710
f 2456/2931/1709 2449/2923/1703 2448/2932/1710
f 2457/2933/1711 2450/2934/1704 2449/2923/1703
f 2458/2935/1712 2451/2927/1705 2450/2936/1704
f 2459/2937/1713 2452/2928/1706 2451/2927/1705
f 2452/2928/1706 2461/2938/1714 2453/2929/1707
f 2453/2929/1707 2454/2939/1715 2446/2920/1700
f 2454/2939/1715 2463/2940/1716 2455/2930/1708
f 2455/2930/1708 2464/2941/1717 2456/2931/1709
f 2464/2941/1717 2457/2933/1711 2456/2931/1709
f 2465/2942/1718 2458/2943/1712 2457/2933/1711
f 2466/2944/1719 2459/2937/1713 2458/2935/1712
f 2467/2945/1720 2460/2946/1721 2459/2937/1713
f 2460/2946/1721 2469/2947/1722 2461/2938/1714
f 2461/2938/1714 2462/2948/1723 2454/2939/1715
f 2470/2949/1724 2463/2940/1716 2462/2948/1723
f 2471/2950/1725 2464/2941/1717 2463/2940/1716
f 2464/2941/1717 2473/2951/1726 2465/2942/1718
f 2465/2942/1718 2474/2952/1727 2466/2953/1719
f 2466/2944/1719 2475/2954/1728 2467/2945/1720
f 2467/2945/1720 2476/2955/1729 2468/2956/1730
f 2476/2955/1729 2469/2947/1722 2468/2956/1730
f 2477/2957/1731 2462/2948/1723 2469/2947/1722
f 2470/2949/1724 2479/2958/1732 2471/2950/1725
f 2471/2950/1725 2480/2959/1733 2472/2960/1734
f 2480/2959/1733 2473/2951/1726 2472/2960/1734
f 2481/2961/1735 2474/2962/1727 2473/2951/1726
f 2482/2963/1736 2475/2954/1728 2474/2964/1727
f 2483/2965/1737 2476/2955/1729 2475/2954/1728
f 2476/2955/1729 2485/2966/1738 2477/2957/1731
f 2477/2957/1731 2478/2967/1739 2470/2949/1724
f 2478/2967/1739 2487/2968/1740 2479/2958/1732
f 2479/2958/1732 2488/2969/1741 2480/2959/1733
f 2488/2969/1741 2481/2961/1735 2480/2959/1733
f 2489/2970/1742 2482/2971/1736 2481/2961/1735
f 2490/2972/1743 2483/2965/1737 2482/2973/1736
f 2491/2974/1744 2484/2975/1745 2483/2965/1737
f 2484/2975/1745 2493/2976/1746 2485/2966/1738
f 2485/2966/1738 2486/2977/1747 2478/2967/1739
f 2494/2978/1748 2487/2968/1740 2486/2977/1747
f 2495/2979/1749 2488/2969/1741 2487/2968/1740
f 2488/2969/1741 2497/2980/1750 2489/2970/1742
f 2489/2970/1742 2498/2981/1751 2490/2982/1743
f 2490/2983/1743 2499/2984/1752 2491/2974/1744
f 2491/2974/1744 2500/2985/1753 2492/2986/1754
f 2500/2985/1753 2493/2976/1746 2492/2986/1754
f 2501/2987/1755 2486/2977/1747 2493/2976/1746
f 2494/2978/1748 2503/2988/1756 2495/2979/1749
f 2495/2979/1749 2504/2989/1757 2496/2990/1758
f 2504/2989/1757 2497/2980/1750 2496/2990/1758
f 2505/2991/1759 2498/2981/1751 2497/2980/1750
f 2506/2992/1760 2499/2984/1752 2498/2993/1751
f 2507/2994/1761 2500/2985/1753 2499/2984/1752
f 2500/2985/1753 2509/2995/1762 2501/2987/1755
f 2501/2987/1755 2502/2996/1763 2494/2978/1748
f 2502/2996/1763 2511/2997/1764 2503/2988/1756
f 2503/2988/1756 2512/2998/1765 2504/2989/1757
f 2512/2998/1765 2505/2991/1759 2504/2989/1757
f 2513/2999/1766 2506/3000/1760 2505/2991/1759
f 2514/3001/1767 2507/2994/1761 2506/2992/1760
f 2515/3002/1768 2508/3003/1769 2507/2994/1761
f 2508/3003/1769 2517/3004/1770 2509/2995/1762
f 2509/2995/1762 2510/3005/1771 2502/2996/1763
f 2518/3006/1772 2511/2997/1764 2510/3005/1771
f 2519/3007/1773 2512/2998/1765 2511/2997/1764
f 2512/2998/1765 2521/3008/1774 2513/2999/1766
f 2513/2999/1766 2522/3009/1775 2514/3010/1767
f 2514/3011/1767 2523/3012/1776 2515/3002/1768
f 2515/3002/1768 2524/3013/1777 2516/3014/1778
f 2524/3013/1777 2517/3004/1770 2516/3014/1778
f 2525/3015/1779 2510/3005/1771 2517/3004/1770
f 2518/3006/1772 2527/3016/1780 2519/3007/1773
f 2519/3007/1773 2528/3017/1781 2520/3018/1782
f 2528/3017/1781 2521/3008/1774 2520/3018/1782
f 2529/3019/1783 2522/3020/1775 2521/3008/1774
f 2530/3021/1784 2523/3012/1776 2522/3022/1775
f 2531/3023/1785 2524/3013/1777 2523/3012/1776
f 2524/3013/1777 2533/3024/1786 2525/3015/1779
f 2525/3015/1779 2526/3025/1787 2518/3006/1772
f 2526/3025/1787 2535/3026/1788 2527/3016/1780
f 2527/3016/1780 2536/3027/1789 2528/3017/1781
f 2536/3027/1789 2529/3019/1783 2528/3017/1781
f 2537/3028/1790 2530/3029/1784 2529/3019/1783
f 2538/3030/1791 2531/3023/1785 2530/3031/1784
f 2539/3032/1792 2532/3033/1793 2531/3023/1785
f 2532/3033/1793 2541/3034/1794 2533/3024/1786
f 2533/3024/1786 2534/3035/1795 2526/3025/1787
f 2542/3036/1796 2535/3026/1788 2534/3035/1795
f 2543/3037/1797 2536/3027/1789 2535/3026/1788
f 2536/3027/1789 2545/3038/1798 2537/3028/1790
f 2537/3028/1790 2546/3039/1799 2538/3040/1791
f 2538/3030/1791 2547/3041/1800 2539/3032/1792
f 2539/3032/1792 2548/3042/1801 2540/3043/1802
f 2548/3042/1801 2541/3034/1794 2540/3043/1802
f 2549/3044/1803 2534/3035/1795 2541/3034/1794
f 2550/3045/1804 2543/3037/1797 2542/3036/1796
f 2551/3046/1805 2544/3047/1806 2543/3037/1797
f 2544/3047/1806 2553/3048/1807 2545/3038/1798
f 2545/3038/1798 2554/3049/1808 2546/3039/1799
f 2546/3050/1799 2555/3051/1809 2547/3041/1800
f 2547/3041/1800 2556/3052/1810 2548/3042/1801
f 2556/3052/1810 2549/3044/1803 2548/3042/1801
f 2557/3053/1811 2542/3036/1796 2549/3044/1803
f 2550/3045/1804 2559/3054/1812 2551/3046/1805
f 2551/3046/1805 2560/3055/1813 2552/3056/1814
f 2560/3055/1813 2553/3048/1807 2552/3056/1814
f 2561/3057/1815 2554/3058/1808 2553/3048/1807
f 2562/3059/1816 2555/3051/1809 2554/3060/1808
f 2563/3061/1817 2556/3052/1810 2555/3051/1809
f 2556/3052/1810 2565/3062/1818 2557/3053/1811
f 2557/3053/1811 2558/3063/1819 2550/3045/1804
f 2558/3063/1819 2567/3064/1820 2559/3054/1812
f 2559/3054/1812 2568/3065/1821 2560/3055/1813
f 2568/3065/1821 2561/3057/1815 2560/3055/1813
f 2569/3066/1822 2562/3067/1816 2561/3057/1815
f 2570/3068/1823 2563/3061/1817 2562/3069/1816
f 2571/3070/1824 2564/3071/1825 2563/3061/1817
f 2564/3071/1825 2573/3072/1826 2565/3062/1818
f 2565/3062/1818 2566/3073/1827 2558/3063/1819
f 2574/3074/1828 2567/3064/1820 2566/3073/1827
f 2575/3075/1829 2568/3065/1821 2567/3064/1820
f 2568/3065/1821 2577/3076/1830 2569/3066/1822
f 2569/3066/1822 2578/3077/1831 2570/3078/1823
f 2570/3079/1823 2579/3080/1832 2571/3070/1824
f 2571/3070/1824 2580/3081/1833 2572/3082/1834
f 2580/3081/1833 2573/3072/1826 2572/3082/1834
f 2581/3083/1835 2566/3073/1827 2573/3072/1826
f 2574/3074/1828 2583/3084/1836 2575/3075/1829
f 2575/3075/1829 2584/3085/1837 2576/3086/1838
f 2584/3085/1837 2577/3076/1830 2576/3086/1838
f 2585/3087/1839 2578/3077/1831 2577/3076/1830
f 2586/3088/1840 2579/3080/1832 2578/3089/1831
f 2587/3090/1841 2580/3081/1833 2579/3080/1832
f 2580/3081/1833 2589/3091/1842 2581/3083/1835
f 2581/3083/1835 2582/3092/1843 2574/3074/1828
f 2582/3092/1843 2591/3093/1844 2583/3084/1836
f 2583/3084/1836 2592/3094/1845 2584/3085/1837
f 2592/3094/1845 2585/3087/1839 2584/3085/1837
f 2593/3095/1846 2586/3096/1840 2585/3087/1839
f 2594/3097/1847 2587/3090/1841 2586/3088/1840
f 2595/3098/1848 2588/3099/1849 2587/3090/1841
f 2588/3099/1849 2597/3100/1850 2589/3091/1842
f 2589/3091/1842 2590/3101/1851 2582/3092/1843
f 2590/3101/1851 2599/3102/1852 2591/3093/1844
f 2591/3093/1844 2600/3103/1853 2592/3094/1845
f 2600/3103/1853 2593/3095/1846 2592/3094/1845
f 2601/3104/1854 2594/3105/1847 2593/3095/1846
f 2602/3106/1855 2595/3098/1848 2594/3107/1847
f 2603/3108/1856 2596/3109/1857 2595/3098/1848
f 2596/3109/1857 2605/3110/1858 2597/3100/1850
f 2597/3100/1850 2598/3111/1859 2590/3101/1851
f 2598/3111/1859 2607/3112/1860 2599/3102/1852
f 2599/3102/1852 2608/3113/1861 2600/3103/1853
f 2608/3113/1861 2601/3104/1854 2600/3103/1853
f 2609/3114/1862 2602/3115/1855 2601/3104/1854
f 2610/3116/1863 2603/3108/1856 2602/3117/1855
f 2611/3118/1864 2604/3119/1865 2603/3108/1856
f 2604/3119/1865 2613/3120/1866 2605/3110/1858
f 2605/3110/1858 2606/3121/1867 2598/3111/1859
f 2614/3122/1868 2607/3112/1860 2606/3121/1867
f 2615/3123/1869 2608/3113/1861 2607/3112/1860
f 2608/3113/1861 2617/3124/1870 2609/3114/1862
f 2609/3114/1862 2618/3125/1871 2610/3126/1863
f 2610/3127/1863 2619/3128/1872 2611/3118/1864
f 2611/3118/1864 2620/3129/1873 2612/3130/1874
f 2620/3129/1873 2613/3120/1866 2612/3130/1874
f 2621/3131/1875 2606/3121/1867 2613/3120/1866
f 2614/3122/1868 2623/3132/1876 2615/3123/1869
f 2615/3123/1869 2624/3133/1877 2616/3134/1878
f 2624/3133/1877 2617/3124/1870 2616/3134/1878
f 2625/3135/1879 2618/3125/1871 2617/3124/1870
f 2626/3136/1880 2619/3128/1872 2618/3137/1871
f 2627/3138/1881 2620/3129/1873 2619/3128/1872
f 2620/3129/1873 2629/3139/1882 2621/3131/1875
f 2621/3131/1875 2622/3140/1883 2614/3122/1868
f 2630/3141/1884 2623/3132/1876 2622/3140/1883
f 2631/3142/1885 2624/3133/1877 2623/3132/1876
f 2624/3133/1877 2633/3143/1886 2625/3135/1879
f 2625/3135/1879 2634/3144/1887 2626/3145/1880
f 2626/3136/1880 2635/3146/1888 2627/3138/1881
f 2627/3138/1881 2636/3147/1889 2628/3148/1890
f 2636/3147/1889 2629/3139/1882 2628/3148/1890
f 2637/3149/1891 2622/3140/1883 2629/3139/1882
f 2630/3141/1884 2639/3150/1892 2631/3142/1885
f 2631/3142/1885 2640/3151/1893 2632/3152/1894
f 2640/3151/1893 2633/3143/1886 2632/3152/1894
f 2641/3153/1895 2634/3144/1887 2633/3143/1886
f 2642/3154/1896 2635/3146/1888 2634/3155/1887
f 2643/3156/1897 2636/3147/1889 2635/3146/1888
f 2636/3147/1889 2645/3157/1898 2637/3149/1891
f 2637/3149/1891 2638/3158/1899 2630/3141/1884
f 2638/3158/1899 2647/3159/1900 2639/3150/1892
f 2639/3150/1892 2648/3160/1901 2640/3151/1893
f 2648/3160/1901 2641/3153/1895 2640/3151/1893
f 2649/3161/1902 2642/3162/1896 2641/3153/1895
f 2650/3163/1903 2643/3156/1897 2642/3164/1896
f 2651/3165/1904 2644/3166/1905 2643/3156/1897
f 2644/3166/1905 2653/3167/1906 2645/3157/1898
f 2645/3157/1898 2646/3168/1907 2638/3158/1899
f 2654/3169/1908 2647/3159/1900 2646/3168/1907
f 2655/3170/1909 2648/3160/1901 2647/3159/1900
f 2648/3160/1901 2657/3171/1910 2649/3161/1902
f 2649/3161/1902 2658/3172/1911 2650/3173/1903
f 2650/3174/1903 2659/3175/1912 2651/3165/1904
f 2651/3165/1904 2660/3176/1913 2652/3177/1914
f 2660/3176/1913 2653/3167/1906 2652/3177/1914
f 2661/3178/1915 2646/3168/1907 2653/3167/1906
f 2654/3169/1908 2663/3179/1916 2655/3170/1909
f 2655/3170/1909 2664/3180/1917 2656/3181/1918
f 2664/3180/1917 2657/3171/1910 2656/3181/1918
f 2665/3182/1919 2658/3172/1911 2657/3171/1910
f 2666/3183/1920 2659/3175/1912 2658/3184/1911
f 2667/3185/1921 2660/3176/1913 2659/3175/1912
f 2660/3176/1913 2669/3186/1922 2661/3178/1915
f 2661/3178/1915 2662/3187/1923 2654/3169/1908
f 2662/3187/1923 2671/3188/1924 2663/3179/1916
f 2663/3179/1916 2672/3189/1925 2664/3180/1917
f 2672/3189/1925 2665/3182/1919 2664/3180/1917
f 2673/3190/1926 2666/3191/1920 2665/3182/1919
f 2674/3192/1927 2667/3185/1921 2666/3183/1920
f 2675/3193/1928 2668/3194/1929 2667/3185/1921
f 2668/3194/1929 2677/3195/1930 2669/3186/1922
f 2669/3186/1922 2670/3196/1931 2662/3187/1923
f 2670/3196/1931 2679/3197/1932 2671/3188/1924
f 2671/3188/1924 2680/3198/1933 2672/3189/1925
f 2680/3198/1933 2673/3190/1926 2672/3189/1925
f 2681/3199/1934 2674/3200/1927 2673/3190/1926
f 2682/3201/1935 2675/3193/1928 2674/3202/1927
f 2683/3203/1936 2676/3204/1937 2675/3193/1928
f 2676/3204/1937 2685/3205/1938 2677/3195/1930
f 2677/3195/1930 2678/3206/1939 2670/3196/1931
f 2678/3206/1939 2687/3207/1940 2679/3197/1932
f 2679/3197/1932 2688/3208/1941 2680/3198/1933
f 2688/3208/1941 2681/3199/1934 2680/3198/1933
f 2689/3209/1942 2682/3210/1935 2681/3199/1934
f 2690/3211/1943 2683/3203/1936 2682/3212/1935
f 2691/3213/1944 2684/3214/1945 2683/3203/1936
f 2684/3214/1945 2693/3215/1946 2685/3205/1938
f 2685/3205/1938 2686/3216/1947 2678/3206/1939
f 2694/3217/1948 2687/3207/1940 2686/3216/1947
f 2695/3218/1949 2688/3208/1941 2687/3207/1940
f 2688/3208/1941 2697/3219/1950 2689/3209/1942
f 2689/3209/1942 2698/3220/1951 2690/3221/1943
f 2690/3222/1943 2699/3223/1952 2691/3213/1944
f 2691/3213/1944 2700/3224/1953 2692/3225/1954
f 2700/3224/1953 2693/3215/1946 2692/3225/1954
f 2701/3226/1955 2686/3216/1947 2693/3215/1946
f 2694/3217/1948 2703/3227/1956 2695/3218/1949
f 2695/3218/1949 2704/3228/1957 2696/3229/1958
f 2704/3228/1957 2697/3219/1950 2696/3229/1958
f 2705/3230/1959 2698/3220/1951 2697/3219/1950
f 2706/3231/1960 2699/3223/1952 2698/3232/1951
f 2707/3233/1961 2700/3224/1953 2699/3223/1952
f 2700/3224/1953 2709/3234/1962 2701/3226/1955
f 2701/3226/1955 2702/3235/1963 2694/3217/1948
f 2710/3236/1964 2703/3227/1956 2702/3235/1963
f 2711/3237/1965 2704/3228/1957 2703/3227/1956
f 2704/3228/1957 2713/3238/1966 2705/3230/1959
f 2705/3230/1959 2714/3239/1967 2706/3240/1960
f 2706/3231/1960 2715/3241/1968 2707/3233/1961
f 2707/3233/1961 2716/3242/1969 2708/3243/1970
f 2716/3242/1969 2709/3234/1962 2708/3243/1970
f 2717/3244/1971 2702/3235/1963 2709/3234/1962
f 2710/3236/1964 2719/3245/1972 2711/3237/1965
f 2719/3245/1972 2712/3246/1973 2711/3237/1965
f 2720/3247/1974 2713/3238/1966 2712/3246/1973
f 2721/3248/1975 2714/3239/1967 2713/3238/1966
f 2722/3249/1976 2715/3241/1968 2714/3250/1967
f 2715/3241/1968 2724/3251/1977 2716/3242/1969
f 2716/3242/1969 2725/3252/1978 2717/3244/1971
f 2717/3244/1971 2718/3253/1979 2710/3236/1964
f 2726/3254/1980 2719/3245/1972 2718/3253/1979
f 2727/3255/1981 2720/3247/1974 2719/3245/1972
f 2720/3247/1974 2729/3256/1982 2721/3248/1975
f 2721/3248/1975 2730/3257/1983 2722/3258/1976
f 2722/3259/1976 2731/3260/1984 2723/3261/1985
f 2723/3261/1985 2732/3262/1986 2724/3251/1977
f 2732/3262/1986 2725/3252/1978 2724/3251/1977
f 2733/3263/1987 2718/3253/1979 2725/3252/1978
f 2726/3254/1980 2735/3264/1988 2727/3255/1981
f 2727/3255/1981 2736/3265/1989 2728/3266/1990
f 2728/3266/1990 2737/3267/1991 2729/3256/1982
f 2729/3256/1982 2738/3268/1992 2730/3257/1983
f 2738/3269/1992 2731/3260/1984 2730/3270/1983
f 2739/3271/1993 2732/3262/1986 2731/3260/1984
f 2740/3272/1994 2733/3263/1987 2732/3262/1986
f 2741/3273/1995 2726/3254/1980 2733/3263/1987
f 2734/3274/1996 2743/3275/1997 2735/3264/1988
f 2735/3264/1988 2744/3276/1998 2736/3265/1989
f 2736/3265/1989 2745/3277/1999 2737/3267/1991
f 2745/3277/1999 2738/3268/1992 2737/3267/1991
f 2746/3278/2000 2739/3271/1993 2738/3269/1992
f 2747/3279/2001 2740/3272/1994 2739/3271/1993
f 2748/3280/2002 2741/3273/1995 2740/3272/1994
f 2741/3273/1995 2742/3281/2003 2734/3274/1996
f 2742/3281/2003 2751/3282/2004 2743/3275/1997
f 2743/3275/1997 2752/3283/2005 2744/3276/1998
f 2744/3276/1998 2753/3284/2006 2745/3277/1999
f 2753/3284/2006 2746/3285/2000 2745/3277/1999
f 2754/3286/2007 2747/3279/2001 2746/3278/2000
f 2755/3287/2008 2748/3280/2002 2747/3279/2001
f 2756/3288/2009 2749/3289/2010 2748/3280/2002
f 2749/3289/2010 2750/3290/2011 2742/3281/2003
f 2750/3290/2011 2759/3291/2012 2751/3282/2004
f 2751/3282/2004 2760/3292/2013 2752/3283/2005
f 2760/3292/2013 2753/3284/2006 2752/3283/2005
f 2761/3293/2014 2754/3294/2007 2753/3284/2006
f 2762/3295/2015 2755/3287/2008 2754/3296/2007
f 2763/3297/2016 2756/3288/2009 2755/3287/2008
f 2756/3288/2009 2765/3298/2017 2757/3299/2018
f 2757/3299/2018 2758/3300/2019 2750/3290/2011
f 2758/3300/2019 2767/3301/2020 2759/3291/2012
f 2759/3291/2012 2768/3302/2021 2760/3292/2013
f 2768/3302/2021 2761/3293/2014 2760/3292/2013
f 2769/3303/2022 2762/3304/2015 2761/3293/2014
f 2770/3305/2023 2763/3297/2016 2762/3306/2015
f 2771/3307/2024 2764/3308/2025 2763/3297/2016
f 2764/3308/2025 2773/3309/2026 2765/3298/2017
f 2765/3298/2017 2766/3310/2027 2758/3300/2019
f 2774/3311/2028 2767/3301/2020 2766/3310/2027
f 2775/3312/2029 2768/3302/2021 2767/3301/2020
f 2768/3302/2021 2777/3313/2030 2769/3303/2022
f 2769/3303/2022 2778/3314/2031 2770/3315/2023
f 2770/3316/2023 2779/3317/2032 2771/3307/2024
f 2771/3307/2024 2780/3318/2033 2772/3319/2034
f 2780/3318/2033 2773/3309/2026 2772/3319/2034
f 2781/3320/2035 2766/3310/2027 2773/3309/2026
f 2782/3321/2036 2775/3312/2029 2774/3311/2028
f 2783/3322/2037 2776/3323/2038 2775/3312/2029
f 2776/3323/2038 2785/3324/2039 2777/3313/2030
f 2777/3313/2030 2786/3325/2040 2778/3314/2031
f 2778/3326/2031 2787/3327/2041 2779/3317/2032
f 2779/3317/2032 2788/3328/2042 2780/3318/2033
f 2788/3328/2042 2781/3320/2035 2780/3318/2033
f 2789/3329/2043 2774/3311/2028 2781/3320/2035
f 2790/2779/2044 2783/3330/2037 2782/3331/2036
f 2791/2765/2045 2784/3332/2046 2783/3330/2037
f 2784/3332/2046 2793/2770/2047 2785/3333/2039
f 2785/3333/2039 2794/2783/2048 2786/2771/2040
f 2786/2774/2040 2795/2775/2049 2787/3334/2041
f 2787/3334/2041 2796/2786/2050 2788/3335/2042
f 2796/2786/2050 2789/3336/2043 2788/3335/2042
f 2797/2777/2051 2782/3331/2036 2789/3336/2043
f 2798/2788/2052 2791/2765/2045 2790/2779/2044
f 2799/2780/2053 2792/3337/2054 2791/2765/2045
f 2792/3337/2054 2801/2782/2055 2793/2770/2047
f 2793/2770/2047 2802/2792/2056 2794/2783/2048
f 2794/3338/2048 2803/2785/2057 2795/2775/2049
f 2795/2775/2049 2804/2795/2058 2796/2786/2050
f 2804/2795/2058 2797/2777/2051 2796/2786/2050
f 2805/2787/2059 2790/2779/2044 2797/2777/2051
f 2806/2800/2060 2799/2780/2053 2798/2788/2052
f 2807/2799/2061 2800/3339/2062 2799/2780/2053
f 2800/3339/2062 2809/2803/2063 2801/2782/2055
f 2801/2782/2055 2810/2805/2064 2802/2792/2056
f 2802/3340/2056 2811/2808/2065 2803/2785/2057
f 2803/2785/2057 2812/2810/2066 2804/2795/2058
f 2812/2810/2066 2805/2787/2059 2804/2795/2058
f 2813/2811/2067 2798/2788/2052 2805/2787/2059
f 2806/2800/2060 2815/3341/2068 2807/2799/2061
f 2807/2799/2061 2816/2815/2069 2808/2790/2070
f 2808/2790/2070 2817/3342/2071 2809/2803/2063
f 2817/3342/2071 2810/2805/2064 2809/2803/2063
f 2818/2819/2072 2811/2808/2065 2810/3343/2064
f 2819/3344/2073 2812/2810/2066 2811/2808/2065
f 2820/3345/2074 2813/2811/2067 2812/2810/2066
f 2813/2811/2067 2814/3346/2075 2806/2800/2060
f 2822/3347/2076 2815/3341/2068 2814/3346/2075
f 2823/3348/2077 2816/2815/2069 2815/3341/2068
f 2816/2815/2069 2825/3349/2078 2817/3342/2071
f 2817/3342/2071 2826/2828/2079 2818/2818/2072
f 2818/2819/2072 2827/3350/2080 2819/3344/2073
f 2819/3344/2073 2828/3351/2081 2820/3345/2074
f 2828/3351/2081 2821/3352/2082 2820/3345/2074
f 2829/3353/2083 2814/3346/2075 2821/3352/2082
f 2822/3347/2076 2831/2824/2084 2823/3348/2077
f 2823/3348/2077 2832/3354/2085 2824/3355/2086
f 2832/3354/2085 2825/3349/2078 2824/3355/2086
f 2833/2826/2087 2826/2828/2079 2825/3349/2078
f 2834/2838/2088 2827/3350/2080 2826/2829/2079
f 2835/2830/2089 2828/3351/2081 2827/3350/2080
f 2828/3351/2081 2837/2832/2090 2829/3353/2083
f 2829/3353/2083 2830/2823/2091 2822/3347/2076
f 2830/2823/2091 2839/2834/2092 2831/2824/2084
f 2831/2824/2084 2840/3356/2093 2832/3354/2085
f 2840/3356/2093 2833/2826/2087 2832/3354/2085
f 2841/2836/2094 2834/2827/2088 2833/2826/2087
f 2842/2847/2095 2835/2830/2089 2834/3357/2088
f 2843/2839/2096 2836/2831/2097 2835/2830/2089
f 2836/2831/2097 2845/2841/2098 2837/2832/2090
f 2837/2832/2090 2838/2833/2099 2830/2823/2091
f 2846/2853/2100 2839/2834/2092 2838/2833/2099
f 2847/2852/2101 2840/3356/2093 2839/2834/2092
f 2840/3356/2093 2849/2857/2102 2841/2836/2094
f 2841/2836/2094 2850/2859/2103 2842/2837/2095
f 2842/3358/2095 2851/2862/2104 2843/2839/2096
f 2843/2839/2096 2852/2864/2105 2844/2840/2106
f 2852/2864/2105 2845/2841/2098 2844/2840/2106
f 2853/2865/2107 2838/2833/2099 2845/2841/2098
f 2846/2853/2100 2855/3359/2108 2847/2852/2101
f 2847/2852/2101 2856/2869/2109 2848/2855/2110
f 2856/2869/2109 2849/2857/2102 2848/2855/2110
f 2857/3360/2111 2850/2859/2103 2849/2857/2102
f 2858/2873/2112 2851/2862/2104 2850/3361/2103
f 2859/3362/2113 2852/2864/2105 2851/2862/2104
f 2852/2864/2105 2861/3363/2114 2853/2865/2107
f 2853/2865/2107 2854/3364/2115 2846/2853/2100
f 2854/3364/2115 2863/3365/2116 2855/3359/2108
f 2855/3359/2108 2864/3366/2117 2856/2869/2109
f 2864/3366/2117 2857/3360/2111 2856/2869/2109
f 2865/3367/2118 2858/2872/2112 2857/3360/2111
f 2866/2883/2119 2859/3362/2113 2858/2873/2112
f 2867/3368/2120 2860/3369/2121 2859/3362/2113
f 2860/3369/2121 2869/3370/2122 2861/3363/2114
f 2861/3363/2114 2862/3371/2123 2854/3364/2115
f 2862/3371/2123 2871/2878/2124 2863/3365/2116
f 2863/3365/2116 2872/3372/2125 2864/3366/2117
f 2872/3372/2125 2865/3367/2118 2864/3366/2117
f 2873/2880/2126 2866/2882/2119 2865/3367/2118
f 2874/2892/2127 2867/3368/2120 2866/2883/2119
f 2875/2884/2128 2868/3373/2129 2867/3368/2120
f 2868/3373/2129 2877/2886/2130 2869/3370/2122
f 2869/3370/2122 2870/2877/2131 2862/3371/2123
f 2878/2895/2132 2871/2878/2124 2870/2877/2131
f 2879/2887/2133 2872/3372/2125 2871/2878/2124
f 2872/3372/2125 2881/2890/2134 2873/2880/2126
f 2873/2880/2126 2882/2899/2135 2874/2881/2127
f 2874/3374/2127 2883/2893/2136 2875/2884/2128
f 2875/2884/2128 2884/2902/2137 2876/2885/2138
f 2884/2902/2137 2877/2886/2130 2876/2885/2138
f 2885/2894/2139 2870/2877/2131 2877/2886/2130
f 2878/2895/2132 2887/2906/2140 2879/2887/2133
f 2879/2887/2133 2888/3375/2141 2880/3376/2142
f 2888/3375/2141 2881/2890/2134 2880/3376/2142
f 2889/2910/2143 2882/2899/2135 2881/2890/2134
f 2890/2913/2144 2883/2893/2136 2882/3377/2135
f 2891/2915/2145 2884/2902/2137 2883/2893/2136
f 2884/2902/2137 2893/2918/2146 2885/2894/2139
f 2885/2894/2139 2886/2907/2147 2878/2895/2132
f 2886/2907/2147 2895/3378/2148 2887/2906/2140
f 2887/2906/2140 2896/2922/2149 2888/3375/2141
f 2896/2922/2149 2889/2910/2143 2888/3375/2141
f 2897/3379/2150 2890/2912/2144 2889/2910/2143
f 2898/2926/2151 2891/2915/2145 2890/3380/2144
f 2899/3381/2152 2892/2917/2153 2891/2915/2145
f 2892/2917/2153 2901/3382/2154 2893/2918/2146
f 2893/2918/2146 2894/3383/2155 2886/2907/2147
f 2902/3384/2156 2895/3378/2148 2894/3383/2155
f 2903/3385/2157 2896/2922/2149 2895/3378/2148
f 2896/2922/2149 2905/3386/2158 2897/3379/2150
f 2897/3379/2150 2906/2934/2159 2898/2925/2151
f 2898/2926/2151 2907/3387/2160 2899/3381/2152
f 2899/3381/2152 2908/3388/2161 2900/3389/2162
f 2908/3388/2161 2901/3382/2154 2900/3389/2162
f 2909/3390/2163 2894/3383/2155 2901/3382/2154
f 2902/3384/2156 2911/2930/2164 2903/3385/2157
f 2903/3385/2157 2912/3391/2165 2904/3392/2166
f 2912/3391/2165 2905/3386/2158 2904/3392/2166
f 2913/2933/2167 2906/2934/2159 2905/3386/2158
f 2914/2935/2168 2907/3387/2160 2906/2936/2159
f 2915/2937/2169 2908/3388/2161 2907/3387/2160
f 2908/3388/2161 2917/2938/2170 2909/3390/2163
f 2909/3390/2163 2910/2939/2171 2902/3384/2156
f 2910/2939/2171 2919/2940/2172 2911/2930/2164
f 2911/2930/2164 2920/3393/2173 2912/3391/2165
f 2920/3393/2173 2913/2933/2167 2912/3391/2165
f 2921/2942/2174 2914/2943/2168 2913/2933/2167
f 2922/2944/2175 2915/2937/2169 2914/3394/2168
f 2923/2945/2176 2916/2946/2177 2915/2937/2169
f 2916/2946/2177 2925/2947/2178 2917/2938/2170
f 2917/2938/2170 2918/2948/2179 2910/2939/2171
f 2926/3395/2180 2919/2940/2172 2918/2948/2179
f 2927/3396/2181 2920/3393/2173 2919/2940/2172
f 2920/3393/2173 2929/3397/2182 2921/2942/2174
f 2921/2942/2174 2930/2962/2183 2922/2953/2175
f 2922/3398/2175 2931/3399/2184 2923/2945/2176
f 2923/2945/2176 2932/3400/2185 2924/2956/2186
f 2932/3400/2185 2925/2947/2178 2924/2956/2186
f 2933/3401/2187 2918/2948/2179 2925/2947/2178
f 2934/3402/2188 2927/3396/2181 2926/3395/2180
f 2935/3403/2189 2928/3404/2190 2927/3396/2181
f 2928/3404/2190 2937/3405/2191 2929/3397/2182
f 2929/3397/2182 2938/2971/2192 2930/2962/2183
f 2930/3406/2183 2939/3407/2193 2931/3399/2184
f 2931/3399/2184 2940/3408/2194 2932/3400/2185
f 2940/3408/2194 2933/3401/2187 2932/3400/2185
f 2941/3409/2195 2926/3395/2180 2933/3401/2187
f 2942/3410/2196 2935/3403/2189 2934/3402/2188
f 2943/3411/2197 2936/2959/2198 2935/3403/2189
f 2936/2959/2198 2945/3412/2199 2937/3405/2191
f 2937/3405/2191 2946/2982/2200 2938/2971/2192
f 2938/2973/2192 2947/3413/2201 2939/3407/2193
f 2939/3407/2193 2948/3414/2202 2940/3408/2194
f 2948/3414/2202 2941/3409/2195 2940/3408/2194
f 2949/3415/2203 2934/3402/2188 2941/3409/2195
f 2942/3410/2196 2951/2979/2204 2943/3411/2197
f 2943/3411/2197 2952/3416/2205 2944/3417/2206
f 2952/3416/2205 2945/3412/2199 2944/3417/2206
f 2953/2980/2207 2946/2982/2200 2945/3412/2199
f 2954/2993/2208 2947/3413/2201 2946/2983/2200
f 2955/2984/2209 2948/3414/2202 2947/3413/2201
f 2948/3414/2202 2957/2987/2210 2949/3415/2203
f 2949/3415/2203 2950/2978/2211 2942/3410/2196
f 2950/2978/2211 2959/2988/2212 2951/2979/2204
f 2951/2979/2204 2960/3418/2213 2952/3416/2205
f 2960/3418/2213 2953/2980/2207 2952/3416/2205
f 2961/2991/2214 2954/2981/2208 2953/2980/2207
f 2962/2992/2215 2955/2984/2209 2954/3419/2208
f 2963/2994/2216 2956/2985/2217 2955/2984/2209
f 2956/2985/2217 2965/2995/2218 2957/2987/2210
f 2957/2987/2210 2958/2996/2219 2950/2978/2211
f 2958/2996/2219 2967/3420/2220 2959/2988/2212
f 2959/2988/2212 2968/3421/2221 2960/3418/2213
f 2968/3421/2221 2961/2991/2214 2960/3418/2213
f 2969/3422/2222 2962/3000/2215 2961/2991/2214
f 2970/3011/2223 2963/2994/2216 2962/3423/2215
f 2971/3424/2224 2964/3003/2225 2963/2994/2216
f 2964/3003/2225 2973/3425/2226 2965/2995/2218
f 2965/2995/2218 2966/3426/2227 2958/2996/2219
f 2966/3426/2227 2975/3427/2228 2967/3420/2220
f 2967/3420/2220 2976/3018/2229 2968/3421/2221
f 2976/3018/2229 2969/3422/2222 2968/3421/2221
f 2977/3428/2230 2970/3010/2223 2969/3422/2222
f 2978/3022/2231 2971/3424/2224 2970/3429/2223
f 2979/3430/2232 2972/3431/2233 2971/3424/2224
f 2972/3431/2233 2981/3432/2234 2973/3425/2226
f 2973/3425/2226 2974/3433/2235 2966/3426/2227
f 2974/3433/2235 2983/3434/2236 2975/3427/2228
f 2975/3427/2228 2984/3017/2237 2976/3018/2229
f 2984/3017/2237 2977/3428/2230 2976/3018/2229
f 2985/3435/2238 2978/3020/2231 2977/3428/2230
f 2986/3031/2239 2979/3430/2232 2978/3022/2231
f 2987/3436/2240 2980/3437/2241 2979/3430/2232
f 2980/3437/2241 2989/3438/2242 2981/3432/2234
f 2981/3432/2234 2982/3439/2243 2974/3433/2235
f 2982/3439/2243 2991/3440/2244 2983/3434/2236
f 2983/3434/2236 2992/3441/2245 2984/3017/2237
f 2992/3441/2245 2985/3435/2238 2984/3017/2237
f 2993/3442/2246 2986/3029/2239 2985/3435/2238
f 2994/3443/2247 2987/3436/2240 2986/3031/2239
f 2995/3444/2248 2988/3445/2249 2987/3436/2240
f 2988/3445/2249 2997/3446/2250 2989/3438/2242
f 2989/3438/2242 2990/3447/2251 2982/3439/2243
f 2998/3036/2252 2991/3440/2244 2990/3447/2251
f 2999/3037/2253 2992/3441/2245 2991/3440/2244
f 2992/3441/2245 3001/3038/2254 2993/3442/2246
f 2993/3442/2246 3002/3039/2255 2994/3448/2247
f 2994/3443/2247 3003/3041/2256 2995/3444/2248
f 2995/3444/2248 3004/3042/2257 2996/3449/2258
f 3004/3042/2257 2997/3446/2250 2996/3449/2258
f 3005/3044/2259 2990/3447/2251 2997/3446/2250
f 2998/3036/2252 3007/3450/2260 2999/3037/2253
f 2999/3037/2253 3008/3451/2261 3000/3452/2262
f 3008/3451/2261 3001/3038/2254 3000/3452/2262
f 3009/3453/2263 3002/3039/2255 3001/3038/2254
f 3010/3060/2264 3003/3041/2256 3002/3454/2255
f 3011/3455/2265 3004/3042/2257 3003/3041/2256
f 3004/3042/2257 3013/3456/2266 3005/3044/2259
f 3005/3044/2259 3006/3457/2267 2998/3036/2252
f 3014/3458/2268 3007/3450/2260 3006/3457/2267
f 3015/3459/2269 3008/3451/2261 3007/3450/2260
f 3008/3451/2261 3017/3460/2270 3009/3453/2263
f 3009/3453/2263 3018/3461/2271 3010/3058/2264
f 3010/3462/2264 3019/3463/2272 3011/3455/2265
f 3011/3455/2265 3020/3464/2273 3012/3465/2274
f 3020/3464/2273 3013/3456/2266 3012/3465/2274
f 3021/3466/2275 3006/3457/2267 3013/3456/2266
f 3022/3467/2276 3015/3459/2269 3014/3458/2268
f 3023/3468/2277 3016/3055/2278 3015/3459/2269
f 3016/3055/2278 3025/3469/2279 3017/3460/2270
f 3017/3460/2270 3026/3470/2280 3018/3461/2271
f 3018/3069/2271 3027/3471/2281 3019/3463/2272
f 3019/3463/2272 3028/3472/2282 3020/3464/2273
f 3028/3472/2282 3021/3466/2275 3020/3464/2273
f 3029/3473/2283 3014/3458/2268 3021/3466/2275
f 3022/3467/2276 3031/3075/2284 3023/3468/2277
f 3023/3468/2277 3032/3474/2285 3024/3475/2286
f 3032/3474/2285 3025/3469/2279 3024/3475/2286
f 3033/3076/2287 3026/3470/2280 3025/3469/2279
f 3034/3089/2288 3027/3471/2281 3026/3079/2280
f 3035/3080/2289 3028/3472/2282 3027/3471/2281
f 3028/3472/2282 3037/3083/2290 3029/3473/2283
f 3029/3473/2283 3030/3074/2291 3022/3467/2276
f 3038/3092/2292 3031/3075/2284 3030/3074/2291
f 3039/3084/2293 3032/3474/2285 3031/3075/2284
f 3032/3474/2285 3041/3087/2294 3033/3076/2287
f 3033/3076/2287 3042/3096/2295 3034/3077/2288
f 3034/3476/2288 3043/3090/2296 3035/3080/2289
f 3035/3080/2289 3044/3099/2297 3036/3081/2298
f 3044/3099/2297 3037/3083/2290 3036/3081/2298
f 3045/3091/2299 3030/3074/2291 3037/3083/2290
f 3038/3092/2292 3047/3477/2300 3039/3084/2293
f 3039/3084/2293 3048/3478/2301 3040/3479/2302
f 3048/3478/2301 3041/3087/2294 3040/3479/2302
f 3049/3480/2303 3042/3096/2295 3041/3087/2294
f 3050/3107/2304 3043/3090/2296 3042/3481/2295
f 3051/3482/2305 3044/3099/2297 3043/3090/2296
f 3044/3099/2297 3053/3483/2306 3045/3091/2299
f 3045/3091/2299 3046/3484/2307 3038/3092/2292
f 3054/3485/2308 3047/3477/2300 3046/3484/2307
f 3055/3486/2309 3048/3478/2301 3047/3477/2300
f 3048/3478/2301 3057/3487/2310 3049/3480/2303
f 3049/3480/2303 3058/3488/2311 3050/3489/2304
f 3050/3490/2304 3059/3491/2312 3051/3482/2305
f 3051/3482/2305 3060/3492/2313 3052/3493/2314
f 3060/3492/2313 3053/3483/2306 3052/3493/2314
f 3061/3494/2315 3046/3484/2307 3053/3483/2306
f 3054/3485/2308 3063/3495/2316 3055/3486/2309
f 3055/3486/2309 3064/3113/2317 3056/3103/2318
f 3064/3113/2317 3057/3487/2310 3056/3103/2318
f 3065/3496/2319 3058/3488/2311 3057/3487/2310
f 3066/3127/2320 3059/3491/2312 3058/3117/2311
f 3067/3497/2321 3060/3492/2313 3059/3491/2312
f 3060/3492/2313 3069/3498/2322 3061/3494/2315
f 3061/3494/2315 3062/3499/2323 3054/3485/2308
f 3070/3500/2324 3063/3495/2316 3062/3499/2323
f 3071/3501/2325 3064/3113/2317 3063/3495/2316
f 3064/3113/2317 3073/3502/2326 3065/3496/2319
f 3065/3496/2319 3074/3503/2327 3066/3504/2320
f 3066/3127/2320 3075/3505/2328 3067/3497/2321
f 3067/3497/2321 3076/3506/2329 3068/3507/2330
f 3076/3506/2329 3069/3498/2322 3068/3507/2330
f 3077/3508/2331 3062/3499/2323 3069/3498/2322
f 3070/3500/2324 3079/3132/2332 3071/3501/2325
f 3071/3501/2325 3080/3509/2333 3072/3510/2334
f 3080/3509/2333 3073/3502/2326 3072/3510/2334
f 3081/3135/2335 3074/3503/2327 3073/3502/2326
f 3082/3136/2336 3075/3505/2328 3074/3511/2327
f 3083/3138/2337 3076/3506/2329 3075/3505/2328
f 3076/3506/2329 3085/3139/2338 3077/3508/2331
f 3077/3508/2331 3078/3140/2339 3070/3500/2324
f 3086/3512/2340 3079/3132/2332 3078/3140/2339
f 3087/3513/2341 3080/3509/2333 3079/3132/2332
f 3080/3509/2333 3089/3514/2342 3081/3135/2335
f 3081/3135/2335 3090/3515/2343 3082/3145/2336
f 3082/3516/2336 3091/3517/2344 3083/3138/2337
f 3083/3138/2337 3092/3518/2345 3084/3148/2346
f 3092/3518/2345 3085/3139/2338 3084/3148/2346
f 3093/3519/2347 3078/3140/2339 3085/3139/2338
f 3086/3512/2340 3095/3520/2348 3087/3513/2341
f 3087/3513/2341 3096/3151/2349 3088/3521/2350
f 3096/3151/2349 3089/3514/2342 3088/3521/2350
f 3097/3522/2351 3090/3515/2343 3089/3514/2342
f 3098/3164/2352 3091/3517/2344 3090/3523/2343
f 3099/3524/2353 3092/3518/2345 3091/3517/2344
f 3092/3518/2345 3101/3525/2354 3093/3519/2347
f 3093/3519/2347 3094/3526/2355 3086/3512/2340
f 3094/3526/2355 3103/3527/2356 3095/3520/2348
f 3095/3520/2348 3104/3160/2357 3096/3151/2349
f 3104/3160/2357 3097/3522/2351 3096/3151/2349
f 3105/3528/2358 3098/3529/2352 3097/3522/2351
f 3106/3174/2359 3099/3524/2353 3098/3530/2352
f 3107/3531/2360 3100/3532/2361 3099/3524/2353
f 3100/3532/2361 3109/3533/2362 3101/3525/2354
f 3101/3525/2354 3102/3534/2363 3094/3526/2355
f 3110/3169/2364 3103/3527/2356 3102/3534/2363
f 3111/3170/2365 3104/3160/2357 3103/3527/2356
f 3104/3160/2357 3113/3171/2366 3105/3528/2358
f 3105/3528/2358 3114/3172/2367 3106/3535/2359
f 3106/3174/2359 3115/3175/2368 3107/3531/2360
f 3107/3531/2360 3116/3176/2369 3108/3536/2370
f 3116/3176/2369 3109/3533/2362 3108/3536/2370
f 3117/3178/2371 3102/3534/2363 3109/3533/2362
f 3118/3187/2372 3111/3170/2365 3110/3169/2364
f 3119/3179/2373 3112/3537/2374 3111/3170/2365
f 3112/3537/2374 3121/3182/2375 3113/3171/2366
f 3113/3171/2366 3122/3191/2376 3114/3172/2367
f 3114/3538/2367 3123/3185/2377 3115/3175/2368
f 3115/3175/2368 3124/3194/2378 3116/3176/2369
f 3124/3194/2378 3117/3178/2371 3116/3176/2369
f 3125/3186/2379 3110/3169/2364 3117/3178/2371
f 3118/3187/2372 3127/3539/2380 3119/3179/2373
f 3119/3179/2373 3128/3540/2381 3120/3541/2382
f 3128/3540/2381 3121/3182/2375 3120/3541/2382
f 3129/3542/2383 3122/3191/2376 3121/3182/2375
f 3130/3202/2384 3123/3185/2377 3122/3543/2376
f 3131/3544/2385 3124/3194/2378 3123/3185/2377
f 3124/3194/2378 3133/3545/2386 3125/3186/2379
f 3125/3186/2379 3126/3546/2387 3118/3187/2372
f 3126/3546/2387 3135/3547/2388 3127/3539/2380
f 3127/3539/2380 3136/3198/2389 3128/3540/2381
f 3136/3198/2389 3129/3542/2383 3128/3540/2381
f 3137/3548/2390 3130/3549/2384 3129/3542/2383
f 3138/3212/2391 3131/3544/2385 3130/3550/2384
f 3139/3551/2392 3132/3552/2393 3131/3544/2385
f 3132/3552/2393 3141/3553/2394 3133/3545/2386
f 3133/3545/2386 3134/3554/2395 3126/3546/2387
f 3134/3554/2395 3143/3555/2396 3135/3547/2388
f 3135/3547/2388 3144/3208/2397 3136/3198/2389
f 3144/3208/2397 3137/3548/2390 3136/3198/2389
f 3145/3556/2398 3138/3557/2391 3137/3548/2390
f 3146/3222/2399 3139/3551/2392 3138/3212/2391
f 3147/3558/2400 3140/3559/2401 3139/3551/2392
f 3140/3559/2401 3149/3560/2402 3141/3553/2394
f 3141/3553/2394 3142/3561/2403 3134/3554/2395
f 3142/3561/2403 3151/3562/2404 3143/3555/2396
f 3143/3555/2396 3152/3563/2405 3144/3208/2397
f 3152/3563/2405 3145/3556/2398 3144/3208/2397
f 3153/3564/2406 3146/3565/2399 3145/3556/2398
f 3154/3232/2407 3147/3558/2400 3146/3222/2399
f 3155/3566/2408 3148/3567/2409 3147/3558/2400
f 3148/3567/2409 3157/3568/2410 3149/3560/2402
f 3149/3560/2402 3150/3569/2411 3142/3561/2403
f 3158/3235/2412 3151/3562/2404 3150/3569/2411
f 3159/3227/2413 3152/3563/2405 3151/3562/2404
f 3152/3563/2405 3161/3230/2414 3153/3564/2406
f 3153/3564/2406 3162/3240/2415 3154/3570/2407
f 3154/3232/2407 3163/3233/2416 3155/3566/2408
f 3155/3566/2408 3164/3243/2417 3156/3571/2418
f 3164/3243/2417 3157/3568/2410 3156/3571/2418
f 3165/3234/2419 3150/3569/2411 3157/3568/2410
f 3166/3572/2420 3159/3227/2413 3158/3235/2412
f 3167/3573/2421 3160/3574/2422 3159/3227/2413
f 3160/3574/2422 3169/3575/2423 3161/3230/2414
f 3161/3230/2414 3170/3576/2424 3162/3240/2415
f 3162/3577/2415 3171/3578/2425 3163/3233/2416
f 3163/3233/2416 3172/3579/2426 3164/3243/2417
f 3172/3579/2426 3165/3234/2419 3164/3243/2417
f 3173/3580/2427 3158/3235/2412 3165/3234/2419
f 3166/3572/2420 3175/3581/2428 3167/3573/2421
f 3167/3573/2421 3176/3247/2429 3168/3582/2430
f 3176/3247/2429 3169/3575/2423 3168/3582/2430
f 3177/3583/2431 3170/3576/2424 3169/3575/2423
f 3178/3259/2432 3171/3578/2425 3170/3584/2424
f 3179/3585/2433 3172/3579/2426 3171/3578/2425
f 3172/3579/2426 3181/3586/2434 3173/3580/2427
f 3173/3580/2427 3174/3587/2435 3166/3572/2420
f 3182/3588/2436 3175/3581/2428 3174/3587/2435
f 3183/3589/2437 3176/3247/2429 3175/3581/2428
f 3176/3247/2429 3185/3590/2438 3177/3583/2431
f 3177/3583/2431 3186/3591/2439 3178/3592/2432
f 3178/3593/2432 3187/3594/2440 3179/3585/2433
f 3179/3585/2433 3188/3595/2441 3180/3596/2442
f 3188/3595/2441 3181/3586/2434 3180/3596/2442
f 3189/3597/2443 3174/3587/2435 3181/3586/2434
f 3190/3274/2444 3183/3589/2437 3182/3588/2436
f 3191/3264/2445 3184/3266/2446 3183/3589/2437
f 3184/3266/2446 3193/3267/2447 3185/3590/2438
f 3185/3590/2438 3194/3268/2448 3186/3591/2439
f 3186/3270/2439 3195/3271/2449 3187/3594/2440
f 3187/3594/2440 3196/3272/2450 3188/3595/2441
f 3196/3272/2450 3189/3597/2443 3188/3595/2441
f 3197/3273/2451 3182/3588/2436 3189/3597/2443
f 3190/3274/2444 3199/3275/2452 3191/3264/2445
f 3191/3264/2445 3200/3598/2453 3192/3599/2454
f 3200/3598/2453 3193/3267/2447 3192/3599/2454
f 3201/3277/2455 3194/3268/2448 3193/3267/2447
f 3202/3278/2456 3195/3271/2449 3194/3600/2448
f 3203/3279/2457 3196/3272/2450 3195/3271/2449
f 3196/3272/2450 3205/3289/2458 3197/3273/2451
f 3197/3273/2451 3198/3281/2459 3190/3274/2444
f 3198/3281/2459 3207/3601/2460 3199/3275/2452
f 3199/3275/2452 3208/3602/2461 3200/3598/2453
f 3208/3602/2461 3201/3277/2455 3200/3598/2453
f 3209/3603/2462 3202/3285/2456 3201/3277/2455
f 3210/3296/2463 3203/3279/2457 3202/3604/2456
f 3211/3605/2464 3204/3280/2465 3203/3279/2457
f 3204/3280/2465 3213/3606/2466 3205/3289/2458
f 3205/3289/2458 3206/3607/2467 3198/3281/2459
f 3214/3608/2468 3207/3601/2460 3206/3607/2467
f 3215/3609/2469 3208/3602/2461 3207/3601/2460
f 3208/3602/2461 3217/3610/2470 3209/3603/2462
f 3209/3603/2462 3218/3611/2471 3210/3612/2463
f 3210/3613/2463 3219/3614/2472 3211/3605/2464
f 3211/3605/2464 3220/3615/2473 3212/3616/2474
f 3220/3615/2473 3213/3606/2466 3212/3616/2474
f 3221/3617/2475 3206/3607/2467 3213/3606/2466
f 3214/3608/2468 3223/3618/2476 3215/3609/2469
f 3215/3609/2469 3224/3302/2477 3216/3292/2478
f 3224/3302/2477 3217/3610/2470 3216/3292/2478
f 3225/3619/2479 3218/3611/2471 3217/3610/2470
f 3226/3316/2480 3219/3614/2472 3218/3306/2471
f 3227/3620/2481 3220/3615/2473 3219/3614/2472
f 3220/3615/2473 3229/3621/2482 3221/3617/2475
f 3221/3617/2475 3222/3622/2483 3214/3608/2468
f 3222/3622/2483 3231/3623/2484 3223/3618/2476
f 3223/3618/2476 3232/3624/2485 3224/3302/2477
f 3232/3624/2485 3225/3619/2479 3224/3302/2477
f 3233/3625/2486 3226/3626/2480 3225/3619/2479
f 3234/3326/2487 3227/3620/2481 3226/3316/2480
f 3235/3627/2488 3228/3628/2489 3227/3620/2481
f 3228/3628/2489 3237/3629/2490 3229/3621/2482
f 3229/3621/2482 3230/3630/2491 3222/3622/2483
f 3238/3321/2492 3231/3623/2484 3230/3630/2491
f 3239/3322/2493 3232/3624/2485 3231/3623/2484
f 3232/3624/2485 3241/3324/2494 3233/3625/2486
f 3233/3625/2486 3242/3325/2495 3234/3631/2487
f 3234/3326/2487 3243/3327/2496 3235/3627/2488
f 3235/3627/2488 3244/3328/2497 3236/3632/2498
f 3244/3328/2497 3237/3629/2490 3236/3632/2498
f 3245/3329/2499 3230/3630/2491 3237/3629/2490
f 3238/3331/2492 3247/2765/2500 3239/3330/2493
f 3239/3330/2493 3248/3337/2501 3240/3332/2502
f 3248/3337/2501 3241/3333/2494 3240/3332/2502
f 3249/2770/2503 3242/2771/2495 3241/3333/2494
f 3250/2772/2504 3243/3334/2496 3242/2774/2495
f 3251/2775/2505 3244/3335/2497 3243/3334/2496
f 3244/3335/2497 3253/2777/2506 3245/3336/2499
f 3245/3336/2499 3246/2779/2507 3238/3331/2492
f 3246/2779/2507 3255/2780/2508 3247/2765/2500
f 3247/2765/2500 3256/3339/2509 3248/3337/2501
f 3256/3339/2509 3249/2770/2503 3248/3337/2501
f 3257/2782/2510 3250/2783/2504 3249/2770/2503
f 3258/2784/2511 3251/2775/2505 3250/3338/2504
f 3259/2785/2512 3252/2786/2513 3251/2775/2505
f 3252/2786/2513 3261/2787/2514 3253/2777/2506
f 3253/2777/2506 3254/2788/2515 3246/2779/2507
f 3262/2800/2516 3255/2780/2508 3254/2788/2515
f 3263/2799/2517 3256/3339/2509 3255/2780/2508
f 3256/3339/2509 3265/2803/2518 3257/2782/2510
f 3257/2782/2510 3266/2805/2519 3258/2792/2511
f 3258/3340/2511 3267/2808/2520 3259/2785/2512
f 3259/2785/2512 3268/2810/2521 3260/2795/2522
f 3268/2810/2521 3261/2787/2514 3260/2795/2522
f 3269/2811/2523 3254/2788/2515 3261/2787/2514
f 3262/2800/2516 3271/3341/2524 3263/2799/2517
f 3263/2799/2517 3272/2815/2525 3264/3633/2526
f 3272/2815/2525 3265/2803/2518 3264/3633/2526
f 3273/3342/2527 3266/2805/2519 3265/2803/2518
f 3274/2819/2528 3267/2808/2520 3266/3343/2519
f 3275/3344/2529 3268/2810/2521 3267/2808/2520
f 3268/2810/2521 3277/3352/2530 3269/2811/2523
f 3269/2811/2523 3270/3346/2531 3262/2800/2516
f 3278/3347/2532 3271/3341/2524 3270/3346/2531
f 3279/3348/2533 3272/2815/2525 3271/3341/2524
f 3272/2815/2525 3281/3349/2534 3273/3342/2527
f 3273/3342/2527 3282/2828/2535 3274/2818/2528
f 3274/2819/2528 3283/3350/2536 3275/3344/2529
f 3275/3344/2529 3284/3351/2537 3276/3345/2538
f 3284/3351/2537 3277/3352/2530 3276/3345/2538
f 3285/3353/2539 3270/3346/2531 3277/3352/2530
f 3286/2823/2540 3279/3348/2533 3278/3347/2532
f 3287/2824/2541 3280/3355/2542 3279/3348/2533
f 3280/3355/2542 3289/2826/2543 3281/3349/2534
f 3281/3349/2534 3290/2827/2544 3282/2828/2535
f 3282/2829/2535 3291/2830/2545 3283/3350/2536
f 3283/3350/2536 3292/2831/2546 3284/3351/2537
f 3292/2831/2546 3285/3353/2539 3284/3351/2537
f 3293/2832/2547 3278/3347/2532 3285/3353/2539
f 3286/2823/2540 3295/2834/2548 3287/2824/2541
f 3287/2824/2541 3296/3356/2549 3288/3354/2550
f 3296/3356/2549 3289/2826/2543 3288/3354/2550
f 3297/2836/2551 3290/2827/2544 3289/2826/2543
f 3298/2847/2552 3291/2830/2545 3290/3357/2544
f 3299/2839/2553 3292/2831/2546 3291/2830/2545
f 3292/2831/2546 3301/2841/2554 3293/2832/2547
f 3293/2832/2547 3294/2833/2555 3286/2823/2540
f 3302/2853/2556 3295/2834/2548 3294/2833/2555
f 3303/2852/2557 3296/3356/2549 3295/2834/2548
f 3296/3356/2549 3305/2857/2558 3297/2836/2551
f 3297/2836/2551 3306/2859/2559 3298/2837/2552
f 3298/3358/2552 3307/2862/2560 3299/2839/2553
f 3299/2839/2553 3308/2864/2561 3300/2840/2562
f 3308/2864/2561 3301/2841/2554 3300/2840/2562
f 3309/2865/2563 3294/2833/2555 3301/2841/2554
f 3310/3364/2564 3303/2852/2557 3302/2853/2556
f 3311/3359/2565 3304/3634/2566 3303/2852/2557
f 3304/3634/2566 3313/3360/2567 3305/2857/2558
f 3305/2857/2558 3314/2872/2568 3306/2859/2559
f 3306/3361/2559 3315/3362/2569 3307/2862/2560
f 3307/2862/2560 3316/3369/2570 3308/2864/2561
f 3316/3369/2570 3309/2865/2563 3308/2864/2561
f 3317/3363/2571 3302/2853/2556 3309/2865/2563
f 3310/3364/2564 3319/3365/2572 3311/3359/2565
f 3311/3359/2565 3320/3366/2573 3312/2869/2574
f 3320/3366/2573 3313/3360/2567 3312/2869/2574
f 3321/3367/2575 3314/2872/2568 3313/3360/2567
f 3322/2883/2576 3315/3362/2569 3314/2873/2568
f 3323/3368/2577 3316/3369/2570 3315/3362/2569
f 3316/3369/2570 3325/3370/2578 3317/3363/2571
f 3317/3363/2571 3318/3371/2579 3310/3364/2564
f 3318/3371/2579 3327/3635/2580 3319/3365/2572
f 3319/3365/2572 3328/3372/2581 3320/3366/2573
f 3328/3372/2581 3321/3367/2575 3320/3366/2573
f 3329/3636/2582 3322/2882/2576 3321/3367/2575
f 3330/3374/2583 3323/3368/2577 3322/2883/2576
f 3331/3637/2584 3324/3373/2585 3323/3368/2577
f 3324/3373/2585 3333/3638/2586 3325/3370/2578
f 3325/3370/2578 3326/3639/2587 3318/3371/2579
f 3326/3639/2587 3335/2887/2588 3327/3635/2580
f 3335/2887/2588 3328/3372/2581 3327/3635/2580
f 3336/3376/2589 3329/3636/2582 3328/3372/2581
f 3337/2890/2590 3330/3640/2583 3329/3636/2582
f 3338/2891/2591 3331/3637/2584 3330/3374/2583
f 3331/3637/2584 3340/2902/2592 3332/3641/2593
f 3332/3641/2593 3341/2894/2594 3333/3638/2586
f 3333/3638/2586 3334/2895/2595 3326/3639/2587
f 3342/2907/2596 3335/2887/2588 3334/2895/2595
f 3343/2906/2597 3336/3376/2589 3335/2887/2588
f 3336/3376/2589 3345/2910/2598 3337/2890/2590
f 3337/2890/2590 3346/2912/2599 3338/2899/2591
f 3338/3377/2591 3347/2915/2600 3339/2893/2601
f 3339/2893/2601 3348/2917/2602 3340/2902/2592
f 3348/2917/2602 3341/2894/2594 3340/2902/2592
f 3349/2918/2603 3334/2895/2595 3341/2894/2594
f 3350/3383/2604 3343/2906/2597 3342/2907/2596
f 3351/3378/2605 3344/2897/2606 3343/2906/2597
f 3344/2897/2606 3353/3379/2607 3345/2910/2598
f 3345/2910/2598 3354/2925/2608 3346/2912/2599
f 3346/3380/2599 3355/3381/2609 3347/2915/2600
f 3347/2915/2600 3356/3389/2610 3348/2917/2602
f 3356/3389/2610 3349/2918/2603 3348/2917/2602
f 3357/3382/2611 3342/2907/2596 3349/2918/2603
f 3358/3384/2612 3351/3378/2605 3350/3383/2604
f 3359/3385/2613 3352/2922/2614 3351/3378/2605
f 3352/2922/2614 3361/3386/2615 3353/3379/2607
f 3353/3379/2607 3362/2934/2616 3354/2925/2608
f 3354/2926/2608 3363/3387/2617 3355/3381/2609
f 3355/3381/2609 3364/3388/2618 3356/3389/2610
f 3364/3388/2618 3357/3382/2611 3356/3389/2610
f 3365/3390/2619 3350/3383/2604 3357/3382/2611
f 3366/2939/2620 3359/3385/2613 3358/3384/2612
f 3367/2930/2621 3360/3392/2622 3359/3385/2613
f 3360/3392/2622 3369/2933/2623 3361/3386/2615
f 3361/3386/2615 3370/2943/2624 3362/2934/2616
f 3362/2936/2616 3371/2937/2625 3363/3387/2617
f 3363/3387/2617 3372/2946/2626 3364/3388/2618
f 3372/2946/2626 3365/3390/2619 3364/3388/2618
f 3373/2938/2627 3358/3384/2612 3365/3390/2619
f 3374/2948/2628 3367/2930/2621 3366/2939/2620
f 3375/2940/2629 3368/3391/2630 3367/2930/2621
f 3376/3393/2631 3369/2933/2623 3368/3391/2630
f 3377/2942/2632 3370/2943/2624 3369/2933/2623
f 3370/3394/2624 3379/2945/2633 3371/2937/2625
f 3371/2937/2625 3380/2956/2634 3372/2946/2626
f 3372/2946/2626 3381/2947/2635 3373/2938/2627
f 3373/2938/2627 3374/2948/2628 3366/2939/2620
f 3382/3395/2636 3375/2940/2629 3374/2948/2628
f 3383/3396/2637 3376/3393/2631 3375/2940/2629
f 3384/3404/2638 3377/2942/2632 3376/3393/2631
f 3377/2942/2632 3386/2962/2639 3378/2953/2640
f 3378/3398/2640 3387/3399/2641 3379/2945/2633
f 3379/2945/2633 3388/3400/2642 3380/2956/2634
f 3380/2956/2634 3389/3401/2643 3381/2947/2635
f 3389/3401/2643 3374/2948/2628 3381/2947/2635
f 3382/3395/2636 3391/3403/2644 3383/3396/2637
f 3383/3396/2637 3392/2959/2645 3384/3404/2638
f 3384/3404/2638 3393/3405/2646 3385/3397/2647
f 3393/3405/2646 3386/2962/2639 3385/3397/2647
f 3394/2973/2648 3387/3399/2641 3386/3406/2639
f 3395/3407/2649 3388/3400/2642 3387/3399/2641
f 3396/3408/2650 3389/3401/2643 3388/3400/2642
f 3389/3401/2643 3390/3402/2651 3382/3395/2636
f 3390/3402/2651 3399/3411/2652 3391/3403/2644
f 3391/3403/2644 3400/3417/2653 3392/2959/2645
f 3392/2959/2645 3401/3412/2654 3393/3405/2646
f 3393/3405/2646 3402/2982/2655 3394/2971/2648
f 3402/2983/2655 3395/3407/2649 3394/2973/2648
f 3403/3413/2656 3396/3408/2650 3395/3407/2649
f 3404/3414/2657 3397/3409/2658 3396/3408/2650
f 3405/3415/2659 3390/3402/2651 3397/3409/2658
f 3398/3410/2660 3407/2979/2661 3399/3411/2652
f 3399/3411/2652 3408/3416/2662 3400/3417/2653
f 3400/3417/2653 3409/2980/2663 3401/3412/2654
f 3409/2980/2663 3402/2982/2655 3401/3412/2654
f 3410/2993/2664 3403/3413/2656 3402/2983/2655
f 3411/2984/2665 3404/3414/2657 3403/3413/2656
f 3412/2985/2666 3405/3415/2659 3404/3414/2657
f 3405/3415/2659 3406/2978/2667 3398/3410/2660
f 3406/2978/2667 3415/2988/2668 3407/2979/2661
f 3407/2979/2661 3416/3418/2669 3408/3416/2662
f 3408/3416/2662 3417/2991/2670 3409/2980/2663
f 3409/2980/2663 3418/3000/2671 3410/2981/2664
f 3418/2992/2671 3411/2984/2665 3410/3419/2664
f 3419/2994/2672 3412/2985/2666 3411/2984/2665
f 3420/3003/2673 3413/2987/2674 3412/2985/2666
f 3421/2995/2675 3406/2978/2667 3413/2987/2674
f 3422/3426/2676 3415/2988/2668 3414/2996/2677
f 3423/3420/2678 3416/3418/2669 3415/2988/2668
f 3424/3421/2679 3417/2991/2670 3416/3418/2669
f 3417/2991/2670 3426/3010/2680 3418/3000/2671
f 3418/3423/2671 3427/3424/2681 3419/2994/2672
f 3419/2994/2672 3428/3431/2682 3420/3003/2673
f 3420/3003/2673 3429/3425/2683 3421/2995/2675
f 3429/3425/2683 3414/2996/2677 3421/2995/2675
f 3430/3433/2684 3423/3420/2678 3422/3426/2676
f 3431/3427/2685 3424/3421/2679 3423/3420/2678
f 3432/3018/2686 3425/3422/2687 3424/3421/2679
f 3433/3428/2688 3426/3010/2680 3425/3422/2687
f 3426/3429/2680 3435/3430/2689 3427/3424/2681
f 3427/3424/2681 3436/3437/2690 3428/3431/2682
f 3428/3431/2682 3437/3432/2691 3429/3425/2683
f 3429/3425/2683 3430/3433/2684 3422/3426/2676
f 3438/3439/2692 3431/3427/2685 3430/3433/2684
f 3439/3434/2693 3432/3018/2686 3431/3427/2685
f 3440/3017/2694 3433/3428/2688 3432/3018/2686
f 3433/3428/2688 3442/3029/2695 3434/3020/2696
f 3434/3642/2696 3443/3436/2697 3435/3430/2689
f 3435/3430/2689 3444/3445/2698 3436/3437/2690
f 3436/3437/2690 3445/3438/2699 3437/3432/2691
f 3445/3438/2699 3430/3433/2684 3437/3432/2691
f 3446/3447/2700 3439/3434/2693 3438/3439/2692
f 3447/3440/2701 3440/3017/2694 3439/3434/2693
f 3440/3017/2694 3449/3442/2702 3441/3435/2703
f 3441/3435/2703 3450/3448/2704 3442/3029/2695
f 3442/3031/2695 3451/3444/2705 3443/3436/2697
f 3443/3436/2697 3452/3449/2706 3444/3445/2698
f 3452/3449/2706 3445/3438/2699 3444/3445/2698
f 3453/3446/2707 3438/3439/2692 3445/3438/2699
f 3446/3447/2700 3455/3037/2708 3447/3440/2701
f 3447/3440/2701 3456/3452/2709 3448/3441/2710
f 3456/3452/2709 3449/3442/2702 3448/3441/2710
f 3457/3038/2711 3450/3448/2704 3449/3442/2702
f 3458/3050/2712 3451/3444/2705 3450/3443/2704
f 3459/3041/2713 3452/3449/2706 3451/3444/2705
f 3452/3449/2706 3461/3044/2714 3453/3446/2707
f 3453/3446/2707 3454/3036/2715 3446/3447/2700
f 3454/3036/2715 3463/3450/2716 3455/3037/2708
f 3455/3037/2708 3464/3451/2717 3456/3452/2709
f 3456/3452/2709 3465/3453/2718 3457/3038/2711
f 3465/3453/2718 3458/3039/2712 3457/3038/2711
f 3466/3060/2719 3459/3041/2713 3458/3454/2712
f 3467/3455/2720 3460/3042/2721 3459/3041/2713
f 3460/3042/2721 3469/3456/2722 3461/3044/2714
f 3461/3044/2714 3462/3457/2723 3454/3036/2715
f 3470/3458/2724 3463/3450/2716 3462/3457/2723
f 3471/3459/2725 3464/3451/2717 3463/3450/2716
f 3464/3451/2717 3473/3460/2726 3465/3453/2718
f 3465/3453/2718 3474/3461/2727 3466/3058/2719
f 3466/3462/2719 3475/3463/2728 3467/3455/2720
f 3467/3455/2720 3476/3464/2729 3468/3465/2730
f 3476/3464/2729 3469/3456/2722 3468/3465/2730
f 3477/3466/2731 3462/3457/2723 3469/3456/2722
f 3478/3467/2732 3471/3459/2725 3470/3458/2724
f 3479/3468/2733 3472/3055/2734 3471/3459/2725
f 3472/3055/2734 3481/3469/2735 3473/3460/2726
f 3473/3460/2726 3482/3470/2736 3474/3461/2727
f 3474/3069/2727 3483/3471/2737 3475/3463/2728
f 3475/3463/2728 3484/3472/2738 3476/3464/2729
f 3484/3472/2738 3477/3466/2731 3476/3464/2729
f 3485/3473/2739 3470/3458/2724 3477/3466/2731
f 3478/3467/2732 3487/3643/2740 3479/3468/2733
f 3479/3468/2733 3488/3474/2741 3480/3475/2742
f 3488/3474/2741 3481/3469/2735 3480/3475/2742
f 3489/3644/2743 3482/3470/2736 3481/3469/2735
f 3490/3476/2744 3483/3471/2737 3482/3079/2736
f 3491/3645/2745 3484/3472/2738 3483/3471/2737
f 3484/3472/2738 3493/3646/2746 3485/3473/2739
f 3485/3473/2739 3486/3647/2747 3478/3467/2732
f 3486/3647/2747 3495/3084/2748 3487/3643/2740
f 3487/3643/2740 3496/3479/2749 3488/3474/2741
f 3496/3479/2749 3489/3644/2743 3488/3474/2741
f 3497/3087/2750 3490/3648/2744 3489/3644/2743
f 3498/3088/2751 3491/3645/2745 3490/3476/2744
f 3499/3090/2752 3492/3649/2753 3491/3645/2745
f 3492/3649/2753 3501/3091/2754 3493/3646/2746
f 3493/3646/2746 3494/3092/2755 3486/3647/2747
f 3502/3484/2756 3495/3084/2748 3494/3092/2755
f 3503/3477/2757 3496/3479/2749 3495/3084/2748
f 3496/3479/2749 3505/3480/2758 3497/3087/2750
f 3497/3087/2750 3506/3489/2759 3498/3096/2751
f 3498/3481/2751 3507/3482/2760 3499/3090/2752
f 3499/3090/2752 3508/3493/2761 3500/3099/2762
f 3508/3493/2761 3501/3091/2754 3500/3099/2762
f 3509/3483/2763 3494/3092/2755 3501/3091/2754
f 3510/3485/2764 3503/3477/2757 3502/3484/2756
f 3511/3486/2765 3504/3094/2766 3503/3477/2757
f 3504/3094/2766 3513/3487/2767 3505/3480/2758
f 3505/3480/2758 3514/3488/2768 3506/3489/2759
f 3506/3490/2759 3515/3491/2769 3507/3482/2760
f 3507/3482/2760 3516/3492/2770 3508/3493/2761
f 3516/3492/2770 3509/3483/2763 3508/3493/2761
f 3517/3494/2771 3502/3484/2756 3509/3483/2763
f 3510/3485/2764 3519/3495/2772 3511/3486/2765
f 3511/3486/2765 3520/3113/2773 3512/3103/2774
f 3520/3113/2773 3513/3487/2767 3512/3103/2774
f 3521/3496/2775 3514/3488/2768 3513/3487/2767
f 3522/3127/2776 3515/3491/2769 3514/3117/2768
f 3523/3497/2777 3516/3492/2770 3515/3491/2769
f 3516/3492/2770 3525/3498/2778 3517/3494/2771
f 3517/3494/2771 3518/3499/2779 3510/3485/2764
f 3526/3122/2780 3519/3495/2772 3518/3499/2779
f 3527/3123/2781 3520/3113/2773 3519/3495/2772
f 3520/3113/2773 3529/3124/2782 3521/3496/2775
f 3521/3496/2775 3530/3125/2783 3522/3504/2776
f 3522/3127/2776 3531/3128/2784 3523/3497/2777
f 3523/3497/2777 3532/3129/2785 3524/3507/2786
f 3532/3129/2785 3525/3498/2778 3524/3507/2786
f 3533/3131/2787 3518/3499/2779 3525/3498/2778
f 3526/3122/2780 3535/3132/2788 3527/3123/2781
f 3535/3132/2788 3528/3510/2789 3527/3123/2781
f 3536/3509/2790 3529/3124/2782 3528/3510/2789
f 3537/3135/2791 3530/3125/2783 3529/3124/2782
f 3538/3136/2792 3531/3128/2784 3530/3511/2783
f 3531/3128/2784 3540/3148/2793 3532/3129/2785
f 3532/3129/2785 3541/3139/2794 3533/3131/2787
f 3533/3131/2787 3534/3140/2795 3526/3122/2780
f 3534/3140/2795 3543/3513/2796 3535/3132/2788
f 3535/3132/2788 3544/3521/2797 3536/3509/2790
f 3544/3521/2797 3537/3135/2791 3536/3509/2790
f 3545/3514/2798 3538/3145/2792 3537/3135/2791
f 3546/3155/2799 3539/3138/2800 3538/3516/2792
f 3547/3517/2801 3540/3148/2793 3539/3138/2800
f 3540/3148/2793 3549/3519/2802 3541/3139/2794
f 3541/3139/2794 3542/3512/2803 3534/3140/2795
f 3550/3526/2804 3543/3513/2796 3542/3512/2803
f 3551/3520/2805 3544/3521/2797 3543/3513/2796
f 3544/3521/2797 3553/3522/2806 3545/3514/2798
f 3545/3514/2798 3554/3529/2807 3546/3515/2799
f 3546/3523/2799 3555/3524/2808 3547/3517/2801
f 3547/3517/2801 3556/3532/2809 3548/3518/2810
f 3556/3532/2809 3549/3519/2802 3548/3518/2810
f 3557/3525/2811 3542/3512/2803 3549/3519/2802
f 3550/3526/2804 3559/3527/2812 3551/3520/2805
f 3551/3520/2805 3560/3160/2813 3552/3151/2814
f 3560/3160/2813 3553/3522/2806 3552/3151/2814
f 3561/3528/2815 3554/3529/2807 3553/3522/2806
f 3562/3174/2816 3555/3524/2808 3554/3530/2807
f 3563/3531/2817 3556/3532/2809 3555/3524/2808
f 3556/3532/2809 3565/3533/2818 3557/3525/2811
f 3557/3525/2811 3558/3534/2819 3550/3526/2804
f 3566/3169/2820 3559/3527/2812 3558/3534/2819
f 3567/3170/2821 3560/3160/2813 3559/3527/2812
f 3560/3160/2813 3569/3171/2822 3561/3528/2815
f 3561/3528/2815 3570/3172/2823 3562/3535/2816
f 3562/3174/2816 3571/3175/2824 3563/3531/2817
f 3563/3531/2817 3572/3176/2825 3564/3536/2826
f 3572/3176/2825 3565/3533/2818 3564/3536/2826
f 3573/3178/2827 3558/3534/2819 3565/3533/2818
f 3566/3169/2820 3575/3179/2828 3567/3170/2821
f 3567/3170/2821 3576/3541/2829 3568/3537/2830
f 3576/3541/2829 3569/3171/2822 3568/3537/2830
f 3577/3182/2831 3570/3172/2823 3569/3171/2822
f 3578/3183/2832 3571/3175/2824 3570/3538/2823
f 3579/3185/2833 3572/3176/2825 3571/3175/2824
f 3572/3176/2825 3581/3186/2834 3573/3178/2827
f 3573/3178/2827 3574/3187/2835 3566/3169/2820
f 3582/3546/2836 3575/3179/2828 3574/3187/2835
f 3583/3539/2837 3576/3541/2829 3575/3179/2828
f 3576/3541/2829 3585/3542/2838 3577/3182/2831
f 3577/3182/2831 3586/3549/2839 3578/3191/2832
f 3578/3543/2832 3587/3544/2840 3579/3185/2833
f 3579/3185/2833 3588/3552/2841 3580/3194/2842
f 3588/3552/2841 3581/3186/2834 3580/3194/2842
f 3589/3545/2843 3574/3187/2835 3581/3186/2834
f 3582/3546/2836 3591/3547/2844 3583/3539/2837
f 3583/3539/2837 3592/3198/2845 3584/3540/2846
f 3592/3198/2845 3585/3542/2838 3584/3540/2846
f 3593/3548/2847 3586/3549/2839 3585/3542/2838
f 3594/3212/2848 3587/3544/2840 3586/3550/2839
f 3595/3551/2849 3588/3552/2841 3587/3544/2840
f 3588/3552/2841 3597/3553/2850 3589/3545/2843
f 3589/3545/2843 3590/3554/2851 3582/3546/2836
f 3590/3554/2851 3599/3555/2852 3591/3547/2844
f 3591/3547/2844 3600/3208/2853 3592/3198/2845
f 3600/3208/2853 3593/3548/2847 3592/3198/2845
f 3601/3556/2854 3594/3557/2848 3593/3548/2847
f 3602/3222/2855 3595/3551/2849 3594/3650/2848
f 3603/3558/2856 3596/3559/2857 3595/3551/2849
f 3596/3559/2857 3605/3560/2858 3597/3553/2850
f 3597/3553/2850 3598/3561/2859 3590/3554/2851
f 3606/3569/2860 3599/3555/2852 3598/3561/2859
f 3607/3562/2861 3600/3208/2853 3599/3555/2852
f 3600/3208/2853 3609/3564/2862 3601/3556/2854
f 3601/3556/2854 3610/3570/2863 3602/3565/2855
f 3602/3222/2855 3611/3566/2864 3603/3558/2856
f 3603/3558/2856 3612/3571/2865 3604/3567/2866
f 3612/3571/2865 3605/3560/2858 3604/3567/2866
f 3613/3568/2867 3598/3561/2859 3605/3560/2858
f 3606/3569/2860 3615/3227/2868 3607/3562/2861
f 3607/3562/2861 3616/3574/2869 3608/3563/2870
f 3616/3574/2869 3609/3564/2862 3608/3563/2870
f 3617/3230/2871 3610/3570/2863 3609/3564/2862
f 3618/3231/2872 3611/3566/2864 3610/3232/2863
f 3619/3233/2873 3612/3571/2865 3611/3566/2864
f 3612/3571/2865 3621/3234/2874 3613/3568/2867
f 3613/3568/2867 3614/3235/2875 3606/3569/2860
f 3622/3572/2876 3615/3227/2868 3614/3235/2875
f 3623/3573/2877 3616/3574/2869 3615/3227/2868
f 3616/3574/2869 3625/3575/2878 3617/3230/2871
f 3617/3230/2871 3626/3576/2879 3618/3240/2872
f 3618/3577/2872 3627/3578/2880 3619/3233/2873
f 3619/3233/2873 3628/3579/2881 3620/3243/2882
f 3628/3579/2881 3621/3234/2874 3620/3243/2882
f 3629/3580/2883 3614/3235/2875 3621/3234/2874
f 3630/3587/2884 3623/3573/2877 3622/3572/2876
f 3631/3581/2885 3624/3582/2886 3623/3573/2877
f 3624/3582/2886 3633/3583/2887 3625/3575/2878
f 3625/3575/2878 3634/3592/2888 3626/3576/2879
f 3626/3584/2879 3635/3585/2889 3627/3578/2880
f 3627/3578/2880 3636/3596/2890 3628/3579/2881
f 3636/3596/2890 3629/3580/2883 3628/3579/2881
f 3637/3586/2891 3622/3572/2876 3629/3580/2883
f 3630/3587/2884 3639/3589/2892 3631/3581/2885
f 3631/3581/2885 3640/3266/2893 3632/3247/2894
f 3640/3266/2893 3633/3583/2887 3632/3247/2894
f 3641/3590/2895 3634/3592/2888 3633/3583/2887
f 3642/3270/2896 3635/3585/2889 3634/3259/2888
f 3643/3594/2897 3636/3596/2890 3635/3585/2889
f 3636/3596/2890 3645/3597/2898 3637/3586/2891
f 3637/3586/2891 3638/3588/2899 3630/3587/2884
f 3646/3651/2900 3639/3589/2892 3638/3588/2899
f 3647/3652/2901 3640/3266/2893 3639/3589/2892
f 3640/3266/2893 3649/3653/2902 3641/3590/2895
f 3641/3590/2895 3650/3654/2903 3642/3591/2896
f 3642/3270/2896 3651/3655/2904 3643/3594/2897
f 3643/3594/2897 3652/3656/2905 3644/3595/2906
f 3652/3656/2905 3645/3597/2898 3644/3595/2906
f 3653/3657/2907 3638/3588/2899 3645/3597/2898
f 3646/3651/2900 3655/3275/2908 3647/3652/2901
f 3647/3652/2901 3656/3598/2909 3648/3599/2910
f 3656/3598/2909 3649/3653/2902 3648/3599/2910
f 3657/3277/2911 3650/3654/2903 3649/3653/2902
f 3658/3278/2912 3651/3655/2904 3650/3600/2903
f 3659/3279/2913 3652/3656/2905 3651/3655/2904
f 3652/3656/2905 3661/3289/2914 3653/3657/2907
f 3653/3657/2907 3654/3281/2915 3646/3651/2900
f 3662/3607/2916 3655/3275/2908 3654/3281/2915
f 3663/3601/2917 3656/3598/2909 3655/3275/2908
f 3656/3598/2909 3665/3603/2918 3657/3277/2911
f 3657/3277/2911 3666/3612/2919 3658/3285/2912
f 3658/3604/2912 3667/3605/2920 3659/3279/2913
f 3659/3279/2913 3668/3616/2921 3660/3280/2922
f 3668/3616/2921 3661/3289/2914 3660/3280/2922
f 3669/3606/2923 3654/3281/2915 3661/3289/2914
f 3662/3607/2916 3671/3609/2924 3663/3601/2917
f 3663/3601/2917 3672/3292/2925 3664/3602/2926
f 3672/3292/2925 3665/3603/2918 3664/3602/2926
f 3673/3610/2927 3666/3612/2919 3665/3603/2918
f 3674/3306/2928 3667/3605/2920 3666/3613/2919
f 3675/3614/2929 3668/3616/2921 3667/3605/2920
f 3668/3616/2921 3677/3617/2930 3669/3606/2923
f 3669/3606/2923 3670/3608/2931 3662/3607/2916
f 3678/3622/2932 3671/3609/2924 3670/3608/2931
f 3679/3618/2933 3672/3292/2925 3671/3609/2924
f 3672/3292/2925 3681/3619/2934 3673/3610/2927
f 3673/3610/2927 3682/3626/2935 3674/3611/2928
f 3674/3306/2928 3683/3620/2936 3675/3614/2929
f 3675/3614/2929 3684/3628/2937 3676/3615/2938
f 3684/3628/2937 3677/3617/2930 3676/3615/2938
f 3685/3621/2939 3670/3608/2931 3677/3617/2930
f 3678/3622/2932 3687/3312/2940 3679/3618/2933
f 3679/3618/2933 3688/3624/2941 3680/3302/2942
f 3688/3624/2941 3681/3619/2934 3680/3302/2942
f 3689/3313/2943 3682/3626/2935 3681/3619/2934
f 3690/3658/2944 3683/3620/2936 3682/3316/2935
f 3691/3317/2945 3684/3628/2937 3683/3620/2936
f 3684/3628/2937 3693/3320/2946 3685/3621/2939
f 3685/3621/2939 3686/3311/2947 3678/3622/2932
f 3686/3311/2947 3695/3322/2948 3687/3312/2940
f 3687/3312/2940 3696/3659/2949 3688/3624/2941
f 3696/3659/2949 3689/3313/2943 3688/3624/2941
f 3697/3324/2950 3690/3314/2944 3689/3313/2943
f 3698/3660/2951 3691/3317/2945 3690/3326/2944
f 3699/3327/2952 3692/3318/2953 3691/3317/2945
f 3692/3318/2953 3701/3329/2954 3693/3320/2946
f 3693/3320/2946 3694/3321/2955 3686/3311/2947
f 3702/2779/2956 3695/3330/2948 3694/3331/2955
f 3703/2765/2957 3696/3332/2949 3695/3330/2948
f 3696/3332/2949 3705/2770/2958 3697/3333/2950
f 3697/3333/2950 3706/2783/2959 3698/2771/2951
f 3698/2774/2951 3707/2775/2960 3699/3334/2952
f 3699/3334/2952 3708/2786/2961 3700/3335/2962
f 3708/2786/2961 3701/3336/2954 3700/3335/2962
f 3709/2777/2963 3694/3331/2955 3701/3336/2954
f 3702/2779/2956 3711/2780/2964 3703/2765/2957
f 3703/2765/2957 3712/2781/2965 3704/3337/2966
f 3712/2781/2965 3705/2770/2958 3704/3337/2966
f 3713/2782/2967 3706/2783/2959 3705/2770/2958
f 3714/2784/2968 3707/2775/2960 3706/3338/2959
f 3715/2785/2969 3708/2786/2961 3707/2775/2960
f 3708/2786/2961 3717/2787/2970 3709/2777/2963
f 3709/2777/2963 3710/2788/2971 3702/2779/2956
f 3710/2788/2971 3719/2799/2972 3711/2780/2964
f 3711/2780/2964 3720/2790/2973 3712/2781/2965
f 3720/2790/2973 3713/2782/2967 3712/2781/2965
f 3721/2803/2974 3714/2792/2968 3713/2782/2967
f 3722/2806/2975 3715/2785/2969 3714/3340/2968
f 3723/2808/2976 3716/2795/2977 3715/2785/2969
f 3716/2795/2977 3725/2811/2978 3717/2787/2970
f 3717/2787/2970 3718/2800/2979 3710/2788/2971
f 3726/3346/2980 3719/2799/2972 3718/2800/2979
f 3727/3341/2981 3720/2790/2973 3719/2799/2972
f 3720/2790/2973 3729/3342/2982 3721/2803/2974
f 3721/2803/2974 3730/2818/2983 3722/2805/2975
f 3722/2806/2975 3731/3344/2984 3723/2808/2976
f 3723/2808/2976 3732/3345/2985 3724/2810/2986
f 3732/3345/2985 3725/2811/2978 3724/2810/2986
f 3733/3352/2987 3718/2800/2979 3725/2811/2978
f 3726/3346/2980 3735/3348/2988 3727/3341/2981
f 3727/3341/2981 3736/3355/2989 3728/2815/2990
f 3736/3355/2989 3729/3342/2982 3728/2815/2990
f 3737/3349/2991 3730/2818/2983 3729/3342/2982
f 3738/2829/2992 3731/3344/2984 3730/2819/2983
f 3739/3350/2993 3732/3345/2985 3731/3344/2984
f 3732/3345/2985 3741/3353/2994 3733/3352/2987
f 3733/3352/2987 3734/3347/2995 3726/3346/2980
f 3734/3347/2995 3743/2824/2996 3735/3348/2988
f 3735/3348/2988 3744/3354/2997 3736/3355/2989
f 3744/3354/2997 3737/3349/2991 3736/3355/2989
f 3745/2826/2998 3738/2828/2992 3737/3349/2991
f 3746/2838/2999 3739/3350/2993 3738/2829/2992
f 3747/2830/3000 3740/3351/3001 3739/3350/2993
f 3740/3351/3001 3749/2832/3002 3741/3353/2994
f 3741/3353/2994 3742/2823/3003 3734/3347/2995
f 3750/2833/3004 3743/2824/2996 3742/2823/3003
f 3751/2834/3005 3744/3354/2997 3743/2824/2996
f 3744/3354/2997 3753/2836/3006 3745/2826/2998
f 3745/2826/2998 3754/2837/3007 3746/2827/2999
f 3746/3357/2999 3755/2839/3008 3747/2830/3000
f 3747/2830/3000 3756/2840/3009 3748/2831/3010
f 3756/2840/3009 3749/2832/3002 3748/2831/3010
f 3757/2841/3011 3742/2823/3003 3749/2832/3002
f 3750/2833/3004 3759/2852/3012 3751/2834/3005
f 3759/2852/3012 3752/3356/3013 3751/2834/3005
f 3760/3634/3014 3753/2836/3006 3752/3356/3013
f 3761/2857/3015 3754/2837/3007 3753/2836/3006
f 3762/2860/3016 3755/2839/3008 3754/3358/3007
f 3755/2839/3008 3764/2864/3017 3756/2840/3009
f 3756/2840/3009 3765/2865/3018 3757/2841/3011
f 3757/2841/3011 3758/2853/3019 3750/2833/3004
f 3766/3364/3020 3759/2852/3012 3758/2853/3019
f 3767/3359/3021 3760/3634/3014 3759/2852/3012
f 3760/3634/3014 3769/3360/3022 3761/2857/3015
f 3761/2857/3015 3770/2872/3023 3762/2859/3016
f 3762/3361/3016 3771/3362/3024 3763/2862/3025
f 3763/2862/3025 3772/3369/3026 3764/2864/3017
f 3772/3369/3026 3765/2865/3018 3764/2864/3017
f 3773/3363/3027 3758/2853/3019 3765/2865/3018
f 3774/3371/3028 3767/3359/3021 3766/3364/3020
f 3775/3365/3029 3768/2869/3030 3767/3359/3021
f 3768/2869/3030 3777/3367/3031 3769/3360/3022
f 3769/3360/3022 3778/2882/3032 3770/2872/3023
f 3770/2873/3023 3779/3368/3033 3771/3362/3024
f 3771/3362/3024 3780/3373/3034 3772/3369/3026
f 3780/3373/3034 3773/3363/3027 3772/3369/3026
f 3781/3370/3035 3766/3364/3020 3773/3363/3027
f 3782/3639/3036 3775/3365/3029 3774/3371/3028
f 3783/3635/3037 3776/3366/3038 3775/3365/3029
f 3776/3366/3038 3785/3636/3039 3777/3367/3031
f 3777/3367/3031 3786/3640/3040 3778/2882/3032
f 3778/2883/3032 3787/3637/3041 3779/3368/3033
f 3779/3368/3033 3788/3641/3042 3780/3373/3034
f 3788/3641/3042 3781/3370/3035 3780/3373/3034
f 3789/3638/3043 3774/3371/3028 3781/3370/3035
f 3782/3639/3036 3791/2887/3044 3783/3635/3037
f 3783/3635/3037 3792/3376/3045 3784/3372/3046
f 3792/3376/3045 3785/3636/3039 3784/3372/3046
f 3793/2890/3047 3786/3640/3040 3785/3636/3039
f 3794/2891/3048 3787/3637/3041 3786/3374/3040
f 3795/2893/3049 3788/3641/3042 3787/3637/3041
f 3788/3641/3042 3797/2894/3050 3789/3638/3043
f 3789/3638/3043 3790/2895/3051 3782/3639/3036
f 3790/2895/3051 3799/2906/3052 3791/2887/3044
f 3791/2887/3044 3800/2897/3053 3792/3376/3045
f 3800/2897/3053 3793/2890/3047 3792/3376/3045
f 3801/2910/3054 3794/2899/3048 3793/2890/3047
f 3802/2913/3055 3795/2893/3049 3794/3377/3048
f 3803/2915/3056 3796/2902/3057 3795/2893/3049
f 3796/2902/3057 3805/2918/3058 3797/2894/3050
f 3797/2894/3050 3798/2907/3059 3790/2895/3051
f 3806/3383/3060 3799/2906/3052 3798/2907/3059
f 3807/3378/3061 3800/2897/3053 3799/2906/3052
f 3800/2897/3053 3809/3379/3062 3801/2910/3054
f 3801/2910/3054 3810/2925/3063 3802/2912/3055
f 3802/2913/3055 3811/3381/3064 3803/2915/3056
f 3803/2915/3056 3812/3389/3065 3804/2917/3066
f 3812/3389/3065 3805/2918/3058 3804/2917/3066
f 3813/3382/3067 3798/2907/3059 3805/2918/3058
f 3814/2920/3068 3807/3378/3061 3806/3383/3060
f 3815/2921/3069 3808/2922/3070 3807/3378/3061
f 3808/2922/3070 3817/2923/3071 3809/3379/3062
f 3809/3379/3062 3818/2924/3072 3810/2925/3063
f 3810/2926/3063 3819/2927/3073 3811/3381/3064
f 3811/3381/3064 3820/2928/3074 3812/3389/3065
f 3820/2928/3074 3813/3382/3067 3812/3389/3065
f 3821/2929/3075 3806/3383/3060 3813/3382/3067
f 3814/2920/3068 3823/2930/3076 3815/2921/3069
f 3815/2921/3069 3824/3391/3077 3816/3392/3078
f 3816/3392/3078 3825/2933/3079 3817/2923/3071
f 3825/2933/3079 3818/2924/3072 3817/2923/3071
f 3826/2935/3080 3819/2927/3073 3818/2936/3072
f 3827/2937/3081 3820/2928/3074 3819/2927/3073
f 3828/2946/3082 3821/2929/3075 3820/2928/3074
f 3821/2929/3075 3822/2939/3083 3814/2920/3068
f 3822/2939/3083 3831/2940/3084 3823/2930/3076
f 3823/2930/3076 3832/3393/3085 3824/3391/3077
f 3832/3393/3085 3825/2933/3079 3824/3391/3077
f 3833/2942/3086 3826/2943/3080 3825/2933/3079
f 3834/2944/3087 3827/2937/3081 3826/3394/3080
f 3835/2945/3088 3828/2946/3082 3827/2937/3081
f 3828/2946/3082 3837/2947/3089 3829/2938/3090
f 3829/2938/3090 3830/2948/3091 3822/2939/3083
f 3830/2948/3091 3839/3396/3092 3831/2940/3084
f 3831/2940/3084 3840/2960/3093 3832/3393/3085
f 3840/2960/3093 3833/2942/3086 3832/3393/3085
f 3841/3397/3094 3834/2953/3087 3833/2942/3086
f 3842/2964/3095 3835/2945/3088 3834/3398/3087
f 3843/3399/3096 3836/2956/3097 3835/2945/3088
f 3836/2956/3097 3845/3401/3098 3837/2947/3089
f 3837/2947/3089 3838/3395/3099 3830/2948/3091
f 3838/3395/3099 3847/3403/3100 3839/3396/3092
f 3839/3396/3092 3848/2959/3101 3840/2960/3093
f 3848/2959/3101 3841/3397/3094 3840/2960/3093
f 3849/3405/3102 3842/2962/3095 3841/3397/3094
f 3850/2973/3103 3843/3399/3096 3842/2964/3095
f 3851/3407/3104 3844/3400/3105 3843/3399/3096
f 3844/3400/3105 3853/3409/3106 3845/3401/3098
f 3845/3401/3098 3846/3402/3107 3838/3395/3099
f 3846/3402/3107 3855/3411/3108 3847/3403/3100
f 3847/3403/3100 3856/3417/3109 3848/2959/3101
f 3856/3417/3109 3849/3405/3102 3848/2959/3101
f 3857/3412/3110 3850/2971/3103 3849/3405/3102
f 3858/2983/3111 3851/3407/3104 3850/2973/3103
f 3859/3413/3112 3852/3408/3113 3851/3407/3104
f 3852/3408/3113 3861/3415/3114 3853/3409/3106
f 3853/3409/3106 3854/3410/3115 3846/3402/3107
f 3854/3410/3115 3863/2979/3116 3855/3411/3108
f 3855/3411/3108 3864/3416/3117 3856/3417/3109
f 3864/3416/3117 3857/3412/3110 3856/3417/3109
f 3865/2980/3118 3858/2982/3111 3857/3412/3110
f 3866/2993/3119 3859/3413/3112 3858/2983/3111
f 3867/2984/3120 3860/3414/3121 3859/3413/3112
f 3860/3414/3121 3869/2987/3122 3861/3415/3114
f 3861/3415/3114 3862/2978/3123 3854/3410/3115
f 3862/2978/3123 3871/2988/3124 3863/2979/3116
f 3863/2979/3116 3872/3418/3125 3864/3416/3117
f 3872/3418/3125 3865/2980/3118 3864/3416/3117
f 3873/2991/3126 3866/2981/3119 3865/2980/3118
f 3874/2992/3127 3867/2984/3120 3866/3419/3119
f 3875/2994/3128 3868/2985/3129 3867/2984/3120
f 3868/2985/3129 3877/2995/3130 3869/2987/3122
f 3869/2987/3122 3870/2996/3131 3862/2978/3123
f 3870/2996/3131 3879/3420/3132 3871/2988/3124
f 3871/2988/3124 3880/3421/3133 3872/3418/3125
f 3880/3421/3133 3873/2991/3126 3872/3418/3125
f 3881/3422/3134 3874/3000/3127 3873/2991/3126
f 3882/3011/3135 3875/2994/3128 3874/3423/3127
f 3883/3424/3136 3876/3003/3137 3875/2994/3128
f 3876/3003/3137 3885/3425/3138 3877/2995/3130
f 3877/2995/3130 3878/3426/3139 3870/2996/3131
f 3878/3426/3139 3887/3427/3140 3879/3420/3132
f 3879/3420/3132 3888/3018/3141 3880/3421/3133
f 3888/3018/3141 3881/3422/3134 3880/3421/3133
f 3889/3428/3142 3882/3010/3135 3881/3422/3134
f 3890/3022/3143 3883/3424/3136 3882/3429/3135
f 3891/3430/3144 3884/3431/3145 3883/3424/3136
f 3884/3431/3145 3893/3432/3146 3885/3425/3138
f 3885/3425/3138 3886/3433/3147 3878/3426/3139
f 3894/3439/3148 3887/3427/3140 3886/3433/3147
f 3887/3427/3140 3896/3017/3149 3888/3018/3141
f 3888/3018/3141 3897/3435/3150 3889/3428/3142
f 3889/3428/3142 3898/3029/3151 3890/3020/3143
f 3890/3642/3143 3899/3436/3152 3891/3430/3144
f 3899/3436/3152 3892/3437/3153 3891/3430/3144
f 3900/3445/3154 3893/3432/3146 3892/3437/3153
f 3901/3438/3155 3886/3433/3147 3893/3432/3146
f 3902/3447/3156 3895/3434/3157 3894/3439/3148
f 3895/3434/3157 3904/3441/3158 3896/3017/3149
f 3896/3017/3149 3905/3442/3159 3897/3435/3150
f 3897/3435/3150 3906/3448/3160 3898/3029/3151
f 3898/3031/3151 3907/3444/3161 3899/3436/3152
f 3907/3444/3161 3900/3445/3154 3899/3436/3152
f 3908/3449/3162 3901/3438/3155 3900/3445/3154
f 3909/3446/3163 3894/3439/3148 3901/3438/3155
f 3902/3447/3156 3911/3037/3164 3903/3440/3165
f 3903/3440/3165 3912/3047/3166 3904/3441/3158
f 3904/3441/3158 3913/3038/3167 3905/3442/3159
f 3913/3038/3167 3906/3448/3160 3905/3442/3159
f 3914/3050/3168 3907/3444/3161 3906/3443/3160
f 3915/3041/3169 3908/3449/3162 3907/3444/3161
f 3916/3042/3170 3909/3446/3163 3908/3449/3162
f 3909/3446/3163 3910/3036/3171 3902/3447/3156
f 3918/3457/3172 3911/3037/3164 3910/3036/3171
f 3919/3450/3173 3912/3047/3166 3911/3037/3164
f 3920/3056/3174 3913/3038/3167 3912/3047/3166
f 3913/3038/3167 3922/3058/3175 3914/3039/3168
f 3914/3454/3168 3923/3455/3176 3915/3041/3169
f 3915/3041/3169 3924/3465/3177 3916/3042/3170
f 3916/3042/3170 3925/3456/3178 3917/3044/3179
f 3925/3456/3178 3910/3036/3171 3917/3044/3179
f 3926/3458/3180 3919/3450/3173 3918/3457/3172
f 3927/3459/3181 3920/3056/3174 3919/3450/3173
f 3928/3055/3182 3921/3453/3183 3920/3056/3174
f 3921/3453/3183 3930/3461/3184 3922/3058/3175
f 3922/3060/3175 3931/3463/3185 3923/3455/3176
f 3923/3455/3176 3932/3464/3186 3924/3465/3177
f 3924/3465/3177 3933/3466/3187 3925/3456/3178
f 3933/3466/3187 3918/3457/3172 3925/3456/3178
f 3926/3458/3180 3935/3064/3188 3927/3459/3181
f 3927/3459/3181 3936/3475/3189 3928/3055/3182
f 3936/3475/3189 3929/3460/3190 3928/3055/3182
f 3937/3066/3191 3930/3461/3184 3929/3460/3190
f 3938/3068/3192 3931/3463/3185 3930/3069/3184
f 3939/3070/3193 3932/3464/3186 3931/3463/3185
f 3932/3464/3186 3941/3072/3194 3933/3466/3187
f 3933/3466/3187 3934/3073/3195 3926/3458/3180
f 3934/3073/3195 3943/3075/3196 3935/3064/3188
f 3935/3064/3188 3944/3474/3197 3936/3475/3189
f 3944/3474/3197 3937/3066/3191 3936/3475/3189
f 3945/3076/3198 3938/3078/3192 3937/3066/3191
f 3946/3089/3199 3939/3070/3193 3938/3079/3192
f 3947/3080/3200 3940/3082/3201 3939/3070/3193
f 3940/3082/3201 3949/3083/3202 3941/3072/3194
f 3941/3072/3194 3942/3074/3203 3934/3073/3195
f 3950/3092/3204 3943/3075/3196 3942/3074/3203
f 3951/3084/3205 3944/3474/3197 3943/3075/3196
f 3944/3474/3197 3953/3087/3206 3945/3076/3198
f 3945/3076/3198 3954/3096/3207 3946/3077/3199
f 3946/3476/3199 3955/3090/3208 3947/3080/3200
f 3947/3080/3200 3956/3099/3209 3948/3081/3210
f 3956/3099/3209 3949/3083/3202 3948/3081/3210
f 3957/3091/3211 3942/3074/3203 3949/3083/3202
f 3950/3092/3204 3959/3477/3212 3951/3084/3205
f 3951/3084/3205 3960/3094/3213 3952/3479/3214
f 3960/3094/3213 3953/3087/3206 3952/3479/3214
f 3961/3480/3215 3954/3096/3207 3953/3087/3206
f 3962/3107/3216 3955/3090/3208 3954/3481/3207
f 3963/3482/3217 3956/3099/3209 3955/3090/3208
f 3956/3099/3209 3965/3483/3218 3957/3091/3211
f 3957/3091/3211 3958/3484/3219 3950/3092/3204
f 3958/3484/3219 3967/3486/3220 3959/3477/3212
f 3959/3477/3212 3968/3103/3221 3960/3094/3213
f 3968/3103/3221 3961/3480/3215 3960/3094/3213
f 3969/3487/3222 3962/3489/3216 3961/3480/3215
f 3970/3117/3223 3963/3482/3217 3962/3490/3216
f 3971/3491/3224 3964/3493/3225 3963/3482/3217
f 3964/3493/3225 3973/3494/3226 3965/3483/3218
f 3965/3483/3218 3966/3485/3227 3958/3484/3219
f 3974/3499/3228 3967/3486/3220 3966/3485/3227
f 3975/3495/3229 3968/3103/3221 3967/3486/3220
f 3968/3103/3221 3977/3496/3230 3969/3487/3222
f 3969/3487/3222 3978/3504/3231 3970/3488/3223
f 3970/3117/3223 3979/3497/3232 3971/3491/3224
f 3971/3491/3224 3980/3507/3233 3972/3492/3234
f 3980/3507/3233 3973/3494/3226 3972/3492/3234
f 3981/3498/3235 3966/3485/3227 3973/3494/3226
f 3982/3122/3236 3975/3495/3229 3974/3499/3228
f 3983/3123/3237 3976/3113/3238 3975/3495/3229
f 3976/3113/3238 3985/3124/3239 3977/3496/3230
f 3977/3496/3230 3986/3125/3240 3978/3504/3231
f 3978/3127/3231 3987/3128/3241 3979/3497/3232
f 3979/3497/3232 3988/3129/3242 3980/3507/3233
f 3988/3129/3242 3981/3498/3235 3980/3507/3233
f 3989/3131/3243 3974/3499/3228 3981/3498/3235
f 3982/3122/3236 3991/3132/3244 3983/3123/3237
f 3983/3123/3237 3992/3509/3245 3984/3510/3246
f 3984/3510/3246 3993/3135/3247 3985/3124/3239
f 3985/3124/3239 3994/3145/3248 3986/3125/3240
f 3994/3136/3248 3987/3128/3241 3986/3511/3240
f 3995/3138/3249 3988/3129/3242 3987/3128/3241
f 3996/3148/3250 3989/3131/3243 3988/3129/3242
f 3997/3139/3251 3982/3122/3236 3989/3131/3243
f 3998/3512/3252 3991/3132/3244 3990/3140/3253
f 3991/3132/3244 4000/3521/3254 3992/3509/3245
f 3992/3509/3245 4001/3514/3255 3993/3135/3247
f 3993/3135/3247 4002/3515/3256 3994/3145/3248
f 3994/3516/3248 4003/3517/3257 3995/3138/3249
f 4003/3517/3257 3996/3148/3250 3995/3138/3249
f 4004/3518/3258 3997/3139/3251 3996/3148/3250
f 4005/3519/3259 3990/3140/3253 3997/3139/3251
f 3998/3512/3252 4007/3520/3260 3999/3513/3261
f 3999/3513/3261 4008/3151/3262 4000/3521/3254
f 4008/3151/3262 4001/3514/3255 4000/3521/3254
f 4009/3522/3263 4002/3515/3256 4001/3514/3255
f 4010/3164/3264 4003/3517/3257 4002/3523/3256
f 4011/3524/3265 4004/3518/3258 4003/3517/3257
f 4004/3518/3258 4013/3525/3266 4005/3519/3259
f 4005/3519/3259 4006/3526/3267 3998/3512/3252
f 4006/3526/3267 4015/3527/3268 4007/3520/3260
f 4007/3520/3260 4016/3160/3269 4008/3151/3262
f 4016/3160/3269 4009/3522/3263 4008/3151/3262
f 4017/3528/3270 4010/3529/3264 4009/3522/3263
f 4018/3174/3271 4011/3524/3265 4010/3530/3264
f 4019/3531/3272 4012/3532/3273 4011/3524/3265
f 4012/3532/3273 4021/3533/3274 4013/3525/3266
f 4013/3525/3266 4014/3534/3275 4006/3526/3267
f 4022/3169/3276 4015/3527/3268 4014/3534/3275
f 4023/3170/3277 4016/3160/3269 4015/3527/3268
f 4024/3537/3278 4017/3528/3270 4016/3160/3269
f 4017/3528/3270 4026/3172/3279 4018/3535/3271
f 4018/3174/3271 4027/3175/3280 4019/3531/3272
f 4019/3531/3272 4028/3176/3281 4020/3536/3282
f 4020/3536/3282 4029/3178/3283 4021/3533/3274
f 4021/3533/3274 4022/3169/3276 4014/3534/3275
f 4030/3187/3284 4023/3170/3277 4022/3169/3276
f 4031/3179/3285 4024/3537/3278 4023/3170/3277
f 4032/3541/3286 4025/3171/3287 4024/3537/3278
f 4025/3171/3287 4034/3191/3288 4026/3172/3279
f 4026/3538/3279 4035/3185/3289 4027/3175/3280
f 4027/3175/3280 4036/3194/3290 4028/3176/3281
f 4028/3176/3281 4037/3186/3291 4029/3178/3283
f 4037/3186/3291 4022/3169/3276 4029/3178/3283
f 4030/3187/3284 4039/3539/3292 4031/3179/3285
f 4031/3179/3285 4040/3189/3293 4032/3541/3286
f 4040/3189/3293 4033/3182/3294 4032/3541/3286
f 4041/3542/3295 4034/3191/3288 4033/3182/3294
f 4042/3202/3296 4035/3185/3289 4034/3543/3288
f 4043/3544/3297 4036/3194/3290 4035/3185/3289
f 4036/3194/3290 4045/3545/3298 4037/3186/3291
f 4037/3186/3291 4038/3546/3299 4030/3187/3284
f 4046/3554/3300 4039/3539/3292 4038/3546/3299
f 4047/3547/3301 4040/3189/3293 4039/3539/3292
f 4040/3189/3293 4049/3548/3302 4041/3542/3295
f 4041/3542/3295 4050/3557/3303 4042/3549/3296
f 4042/3202/3296 4051/3551/3304 4043/3544/3297
f 4043/3544/3297 4052/3559/3305 4044/3552/3306
f 4052/3559/3305 4045/3545/3298 4044/3552/3306
f 4053/3553/3307 4038/3546/3299 4045/3545/3298
f 4046/3554/3300 4055/3555/3308 4047/3547/3301
f 4047/3547/3301 4056/3208/3309 4048/3198/3310
f 4056/3208/3309 4049/3548/3302 4048/3198/3310
f 4057/3556/3311 4050/3557/3303 4049/3548/3302
f 4058/3222/3312 4051/3551/3304 4050/3212/3303
f 4059/3558/3313 4052/3559/3305 4051/3551/3304
f 4052/3559/3305 4061/3560/3314 4053/3553/3307
f 4053/3553/3307 4054/3561/3315 4046/3554/3300
f 4062/3217/3316 4055/3555/3308 4054/3561/3315
f 4063/3218/3317 4056/3208/3309 4055/3555/3308
f 4056/3208/3309 4065/3219/3318 4057/3556/3311
f 4057/3556/3311 4066/3220/3319 4058/3565/3312
f 4058/3222/3312 4067/3223/3320 4059/3558/3313
f 4059/3558/3313 4068/3224/3321 4060/3567/3322
f 4068/3224/3321 4061/3560/3314 4060/3567/3322
f 4069/3226/3323 4054/3561/3315 4061/3560/3314
f 4062/3217/3316 4071/3227/3324 4063/3218/3317
f 4063/3218/3317 4072/3574/3325 4064/3563/3326
f 4072/3574/3325 4065/3219/3318 4064/3563/3326
f 4073/3230/3327 4066/3220/3319 4065/3219/3318
f 4074/3231/3328 4067/3223/3320 4066/3232/3319
f 4075/3233/3329 4068/3224/3321 4067/3223/3320
f 4068/3224/3321 4077/3234/3330 4069/3226/3323
f 4069/3226/3323 4070/3235/3331 4062/3217/3316
f 4078/3572/3332 4071/3227/3324 4070/3235/3331
f 4079/3573/3333 4072/3574/3325 4071/3227/3324
f 4072/3574/3325 4081/3575/3334 4073/3230/3327
f 4073/3230/3327 4082/3576/3335 4074/3240/3328
f 4074/3577/3328 4083/3578/3336 4075/3233/3329
f 4075/3233/3329 4084/3579/3337 4076/3243/3338
f 4084/3579/3337 4077/3234/3330 4076/3243/3338
f 4085/3580/3339 4070/3235/3331 4077/3234/3330
f 4078/3572/3332 4087/3581/3340 4079/3573/3333
f 4079/3573/3333 4088/3247/3341 4080/3582/3342
f 4088/3247/3341 4081/3575/3334 4080/3582/3342
f 4089/3583/3343 4082/3576/3335 4081/3575/3334
f 4090/3259/3344 4083/3578/3336 4082/3584/3335
f 4091/3585/3345 4084/3579/3337 4083/3578/3336
f 4084/3579/3337 4093/3586/3346 4085/3580/3339
f 4085/3580/3339 4086/3587/3347 4078/3572/3332
f 4094/3588/3348 4087/3581/3340 4086/3587/3347
f 4095/3589/3349 4088/3247/3341 4087/3581/3340
f 4088/3247/3341 4097/3590/3350 4089/3583/3343
f 4089/3583/3343 4098/3591/3351 4090/3592/3344
f 4090/3259/3344 4099/3594/3352 4091/3585/3345
f 4091/3585/3345 4100/3595/3353 4092/3596/3354
f 4100/3595/3353 4093/3586/3346 4092/3596/3354
f 4101/3597/3355 4086/3587/3347 4093/3586/3346
f 4094/3588/3348 4103/3652/3356 4095/3589/3349
f 4095/3589/3349 4104/3599/3357 4096/3266/3358
f 4104/3599/3357 4097/3590/3350 4096/3266/3358
f 4105/3653/3359 4098/3591/3351 4097/3590/3350
f 4106/3600/3360 4099/3594/3352 4098/3270/3351
f 4107/3655/3361 4100/3595/3353 4099/3594/3352
f 4100/3595/3353 4109/3657/3362 4101/3597/3355
f 4101/3597/3355 4102/3651/3363 4094/3588/3348
f 4110/3281/3364 4103/3652/3356 4102/3651/3363
f 4111/3275/3365 4104/3599/3357 4103/3652/3356
f 4104/3599/3357 4113/3277/3366 4105/3653/3359
f 4105/3653/3359 4114/3285/3367 4106/3654/3360
f 4106/3600/3360 4115/3279/3368 4107/3655/3361
f 4107/3655/3361 4116/3280/3369 4108/3656/3370
f 4116/3280/3369 4109/3657/3362 4108/3656/3370
f 4117/3289/3371 4102/3651/3363 4109/3657/3362
f 4110/3281/3364 4119/3601/3372 4111/3275/3365
f 4111/3275/3365 4120/3602/3373 4112/3598/3374
f 4120/3602/3373 4113/3277/3366 4112/3598/3374
f 4121/3603/3375 4114/3285/3367 4113/3277/3366
f 4122/3296/3376 4115/3279/3368 4114/3604/3367
f 4123/3605/3377 4116/3280/3369 4115/3279/3368
f 4116/3280/3369 4125/3606/3378 4117/3289/3371
f 4117/3289/3371 4118/3607/3379 4110/3281/3364
f 4126/3608/3380 4119/3601/3372 4118/3607/3379
f 4127/3609/3381 4120/3602/3373 4119/3601/3372
f 4120/3602/3373 4129/3610/3382 4121/3603/3375
f 4121/3603/3375 4130/3611/3383 4122/3612/3376
f 4122/3613/3376 4131/3614/3384 4123/3605/3377
f 4123/3605/3377 4132/3615/3385 4124/3616/3386
f 4132/3615/3385 4125/3606/3378 4124/3616/3386
f 4133/3617/3387 4118/3607/3379 4125/3606/3378
f 4126/3608/3380 4135/3618/3388 4127/3609/3381
f 4127/3609/3381 4136/3302/3389 4128/3292/3390
f 4136/3302/3389 4129/3610/3382 4128/3292/3390
f 4137/3619/3391 4130/3611/3383 4129/3610/3382
f 4138/3316/3392 4131/3614/3384 4130/3306/3383
f 4139/3620/3393 4132/3615/3385 4131/3614/3384
f 4132/3615/3385 4141/3621/3394 4133/3617/3387
f 4133/3617/3387 4134/3622/3395 4126/3608/3380
f 4142/3311/3396 4135/3618/3388 4134/3622/3395
f 4143/3312/3397 4136/3302/3389 4135/3618/3388
f 4136/3302/3389 4145/3313/3398 4137/3619/3391
f 4137/3619/3391 4146/3314/3399 4138/3626/3392
f 4138/3316/3392 4147/3317/3400 4139/3620/3393
f 4139/3620/3393 4148/3318/3401 4140/3628/3402
f 4148/3318/3401 4141/3621/3394 4140/3628/3402
f 4149/3320/3403 4134/3622/3395 4141/3621/3394
f 4142/3311/3396 4151/3322/3404 4143/3312/3397
f 4143/3312/3397 4152/3659/3405 4144/3624/3406
f 4152/3659/3405 4145/3313/3398 4144/3624/3406
f 4153/3324/3407 4146/3314/3399 4145/3313/3398
f 4154/3660/3408 4147/3317/3400 4146/3326/3399
f 4155/3327/3409 4148/3318/3401 4147/3317/3400
f 4148/3318/3401 4157/3329/3410 4149/3320/3403
f 4149/3320/3403 4150/3321/3411 4142/3311/3396
f 4158/2779/3412 4151/3330/3404 4150/3331/3411
f 4159/2765/3413 4152/3332/3405 4151/3330/3404
f 4152/3332/3405 4161/2770/3414 4153/3333/3407
f 4153/3333/3407 4162/2783/3415 4154/2771/3408
f 4154/2774/3408 4163/2775/3416 4155/3334/3409
f 4155/3334/3409 4164/2786/3417 4156/3335/3418
f 4164/2786/3417 4157/3336/3410 4156/3335/3418
f 4165/2777/3419 4150/3331/3411 4157/3336/3410
f 4166/2788/3420 4159/2765/3413 4158/2779/3412
f 4167/2780/3421 4160/3337/3422 4159/2765/3413
f 4160/3337/3422 4169/2782/3423 4161/2770/3414
f 4161/2770/3414 4170/2792/3424 4162/2783/3415
f 4162/3338/3415 4171/2785/3425 4163/2775/3416
f 4163/2775/3416 4172/2795/3426 4164/2786/3417
f 4172/2795/3426 4165/2777/3419 4164/2786/3417
f 4173/2787/3427 4158/2779/3412 4165/2777/3419
f 4174/2797/3428 4167/2780/3421 4166/2788/3420
f 4175/2789/3429 4168/2781/3430 4167/2780/3421
f 4168/2781/3430 4177/2791/3431 4169/2782/3423
f 4169/2782/3423 4178/3661/3432 4170/2792/3424
f 4170/2784/3424 4179/2794/3433 4171/2785/3425
f 4171/2785/3425 4180/3662/3434 4172/2795/3426
f 4180/3662/3434 4173/2787/3427 4172/2795/3426
f 4181/2796/3435 4166/2788/3420 4173/2787/3427
f 4182/2798/3436 4175/2789/3429 4174/2797/3428
f 4183/2801/3437 4176/2790/3438 4175/2789/3429
f 4176/2790/3438 4185/2802/3439 4177/2791/3431
f 4177/2791/3431 4186/2804/3440 4178/3661/3432
f 4178/2806/3432 4187/2807/3441 4179/2794/3433
f 4179/2794/3433 4188/2809/3442 4180/3662/3434
f 4188/2809/3442 4181/2796/3435 4180/3662/3434
f 4189/2812/3443 4174/2797/3428 4181/2796/3435
f 4190/2813/3444 4183/2801/3437 4182/2798/3436
f 4191/2814/3445 4184/2815/3446 4183/2801/3437
f 4184/2815/3446 4193/2816/3447 4185/2802/3439
f 4185/2802/3439 4194/2817/3448 4186/2804/3440
f 4186/2819/3440 4195/2820/3449 4187/2807/3441
f 4187/2807/3441 4196/2821/3450 4188/2809/3442
f 4196/2821/3450 4189/2812/3443 4188/2809/3442
f 4197/2822/3451 4182/2798/3436 4189/2812/3443
f 4198/2823/3452 4191/2814/3445 4190/2813/3444
f 4199/2824/3453 4192/3355/3454 4191/2814/3445
f 4192/3355/3454 4201/2826/3455 4193/2816/3447
f 4193/2816/3447 4202/2827/3456 4194/2817/3448
f 4194/2829/3448 4203/2830/3457 4195/2820/3449
f 4195/2820/3449 4204/2831/3458 4196/2821/3450
f 4204/2831/3458 4197/2822/3451 4196/2821/3450
f 4205/2832/3459 4190/2813/3444 4197/2822/3451
f 4206/2833/3460 4199/2824/3453 4198/2823/3452
f 4207/2834/3461 4200/2835/3462 4199/2824/3453
f 4200/2835/3462 4209/2836/3463 4201/2826/3455
f 4201/2826/3455 4210/2837/3464 4202/2827/3456
f 4202/3357/3456 4211/2839/3465 4203/2830/3457
f 4203/2830/3457 4212/2840/3466 4204/2831/3458
f 4212/2840/3466 4205/2832/3459 4204/2831/3458
f 4213/2841/3467 4198/2823/3452 4205/2832/3459
f 4206/2833/3460 4215/2852/3468 4207/2834/3461
f 4207/2834/3461 4216/2855/3469 4208/2844/3470
f 4216/2855/3469 4209/2836/3463 4208/2844/3470
f 4217/2857/3471 4210/2837/3464 4209/2836/3463
f 4218/2860/3472 4211/2839/3465 4210/3358/3464
f 4219/2862/3473 4212/2840/3466 4211/2839/3465
f 4212/2840/3466 4221/2865/3474 4213/2841/3467
f 4213/2841/3467 4214/2853/3475 4206/2833/3460
f 4214/2853/3475 4223/2854/3476 4215/2852/3468
f 4215/2852/3468 4224/2869/3477 4216/2855/3469
f 4224/2869/3477 4217/2857/3471 4216/2855/3469
f 4225/2856/3478 4218/2859/3472 4217/2857/3471
f 4226/3663/3479 4219/2862/3473 4218/2860/3472
f 4227/2861/3480 4220/2864/3481 4219/2862/3473
f 4220/2864/3481 4229/2866/3482 4221/2865/3474
f 4221/2865/3474 4222/2851/3483 4214/2853/3475
f 4230/2867/3484 4223/2854/3476 4222/2851/3483
f 4231/2868/3485 4224/2869/3477 4223/2854/3476
f 4224/2869/3477 4233/2870/3486 4225/2856/3478
f 4225/2856/3478 4234/2871/3487 4226/2858/3479
f 4226/2873/3479 4235/2874/3488 4227/2861/3480
f 4227/2861/3480 4236/2875/3489 4228/2863/3490
f 4236/2875/3489 4229/2866/3482 4228/2863/3490
f 4237/2876/3491 4222/2851/3483 4229/2866/3482
f 4230/2867/3484 4239/2878/3492 4231/2868/3485
f 4231/2868/3485 4240/3372/3493 4232/3366/3494
f 4240/3372/3493 4233/2870/3486 4232/3366/3494
f 4241/2880/3495 4234/2871/3487 4233/2870/3486
f 4242/2892/3496 4235/2874/3488 4234/2883/3487
f 4243/2884/3497 4236/2875/3489 4235/2874/3488
f 4236/2875/3489 4245/2886/3498 4237/2876/3491
f 4237/2876/3491 4238/2877/3499 4230/2867/3484
f 4238/2877/3499 4247/2887/3500 4239/2878/3492
f 4239/2878/3492 4248/3376/3501 4240/3372/3493
f 4248/3376/3501 4241/2880/3495 4240/3372/3493
f 4249/2890/3502 4242/2881/3496 4241/2880/3495
f 4250/2891/3503 4243/2884/3497 4242/3374/3496
f 4251/2893/3504 4244/2885/3505 4243/2884/3497
f 4244/2885/3505 4253/2894/3506 4245/2886/3498
f 4245/2886/3498 4246/2895/3507 4238/2877/3499
f 4246/2895/3507 4255/2906/3508 4247/2887/3500
f 4247/2887/3500 4256/2897/3509 4248/3376/3501
f 4256/2897/3509 4249/2890/3502 4248/3376/3501
f 4257/2910/3510 4250/2899/3503 4249/2890/3502
f 4258/2913/3511 4251/2893/3504 4250/3377/3503
f 4259/2915/3512 4252/2902/3513 4251/2893/3504
f 4252/2902/3513 4261/2918/3514 4253/2894/3506
f 4253/2894/3506 4254/2907/3515 4246/2895/3507
f 4262/3383/3516 4255/2906/3508 4254/2907/3515
f 4263/3378/3517 4256/2897/3509 4255/2906/3508
f 4256/2897/3509 4265/3379/3518 4257/2910/3510
f 4257/2910/3510 4266/2925/3519 4258/2912/3511
f 4258/3380/3511 4267/3381/3520 4259/2915/3512
f 4259/2915/3512 4268/3389/3521 4260/2917/3522
f 4268/3389/3521 4261/2918/3514 4260/2917/3522
f 4269/3382/3523 4254/2907/3515 4261/2918/3514
f 4270/3384/3524 4263/3378/3517 4262/3383/3516
f 4271/3385/3525 4264/2922/3526 4263/3378/3517
f 4264/2922/3526 4273/3386/3527 4265/3379/3518
f 4265/3379/3518 4274/2934/3528 4266/2925/3519
f 4266/3664/3519 4275/3387/3529 4267/3381/3520
f 4267/3381/3520 4276/3388/3530 4268/3389/3521
f 4276/3388/3530 4269/3382/3523 4268/3389/3521
f 4277/3390/3531 4262/3383/3516 4269/3382/3523
f 4278/2939/3532 4271/3385/3525 4270/3384/3524
f 4279/2930/3533 4272/3392/3534 4271/3385/3525
f 4272/3392/3534 4281/2933/3535 4273/3386/3527
f 4273/3386/3527 4282/2943/3536 4274/2934/3528
f 4274/2936/3528 4283/2937/3537 4275/3387/3529
f 4275/3387/3529 4284/2946/3538 4276/3388/3530
f 4284/2946/3538 4277/3390/3531 4276/3388/3530
f 4285/2938/3539 4270/3384/3524 4277/3390/3531
f 4278/2939/3532 4287/2940/3540 4279/2930/3533
f 4279/2930/3533 4288/2941/3541 4280/2931/3542
f 4288/2941/3541 4281/2933/3535 4280/2931/3542
f 4289/2942/3543 4282/2943/3536 4281/2933/3535
f 4290/2944/3544 4283/2937/3537 4282/3394/3536
f 4291/2945/3545 4284/2946/3538 4283/2937/3537
f 4284/2946/3538 4293/2947/3546 4285/2938/3539
f 4285/2938/3539 4286/2948/3547 4278/2939/3532
f 4294/3395/3548 4287/2940/3540 4286/2948/3547
f 4295/3396/3549 4288/2941/3541 4287/2940/3540
f 4288/2941/3541 4297/3397/3550 4289/2942/3543
f 4289/2942/3543 4298/2962/3551 4290/2953/3544
f 4290/3398/3544 4299/3399/3552 4291/2945/3545
f 4291/2945/3545 4300/3400/3553 4292/2956/3554
f 4300/3400/3553 4293/2947/3546 4292/2956/3554
f 4301/3401/3555 4286/2948/3547 4293/2947/3546
f 4302/2967/3556 4295/3396/3549 4294/3395/3548
f 4303/2958/3557 4296/2960/3558 4295/3396/3549
f 4296/2960/3558 4305/2961/3559 4297/3397/3550
f 4297/3397/3550 4306/3665/3560 4298/2962/3551
f 4298/2964/3551 4307/2965/3561 4299/3399/3552
f 4299/3399/3552 4308/2975/3562 4300/3400/3553
f 4308/2975/3562 4301/3401/3555 4300/3400/3553
f 4309/2966/3563 4294/3395/3548 4301/3401/3555
f 4302/2967/3556 4311/2968/3564 4303/2958/3557
f 4303/2958/3557 4312/3417/3565 4304/2959/3566
f 4312/3417/3565 4305/2961/3559 4304/2959/3566
f 4313/2970/3567 4306/3665/3560 4305/2961/3559
f 4314/2972/3568 4307/2965/3561 4306/2973/3560
f 4315/2974/3569 4308/2975/3562 4307/2965/3561
f 4308/2975/3562 4317/2976/3570 4309/2966/3563
f 4309/2966/3563 4310/2977/3571 4302/2967/3556
f 4310/2977/3571 4319/2979/3572 4311/2968/3564
f 4311/2968/3564 4320/3416/3573 4312/3417/3565
f 4320/3416/3573 4313/2970/3567 4312/3417/3565
f 4321/2980/3574 4314/3666/3568 4313/2970/3567
f 4322/2993/3575 4315/2974/3569 4314/2983/3568
f 4323/2984/3576 4316/2986/3577 4315/2974/3569
f 4316/2986/3577 4325/2987/3578 4317/2976/3570
f 4317/2976/3570 4318/2978/3579 4310/2977/3571
f 4326/2996/3580 4319/2979/3572 4318/2978/3579
f 4327/2988/3581 4320/3416/3573 4319/2979/3572
f 4320/3416/3573 4329/2991/3582 4321/2980/3574
f 4321/2980/3574 4330/3000/3583 4322/2981/3575
f 4322/3419/3575 4331/2994/3584 4323/2984/3576
f 4323/2984/3576 4332/3003/3585 4324/2985/3586
f 4332/3003/3585 4325/2987/3578 4324/2985/3586
f 4333/2995/3587 4318/2978/3579 4325/2987/3578
f 4326/2996/3580 4335/3420/3588 4327/2988/3581
f 4327/2988/3581 4336/2998/3589 4328/2989/3590
f 4336/2998/3589 4329/2991/3582 4328/2989/3590
f 4337/3422/3591 4330/3000/3583 4329/2991/3582
f 4338/3011/3592 4331/2994/3584 4330/3423/3583
f 4339/3424/3593 4332/3003/3585 4331/2994/3584
f 4332/3003/3585 4341/3425/3594 4333/2995/3587
f 4333/2995/3587 4334/3426/3595 4326/2996/3580
f 4334/3426/3595 4343/3427/3596 4335/3420/3588
f 4335/3420/3588 4344/3018/3597 4336/2998/3589
f 4344/3018/3597 4337/3422/3591 4336/2998/3589
f 4345/3428/3598 4338/3010/3592 4337/3422/3591
f 4346/3022/3599 4339/3424/3593 4338/3429/3592
f 4347/3430/3600 4340/3431/3601 4339/3424/3593
f 4340/3431/3601 4349/3432/3602 4341/3425/3594
f 4341/3425/3594 4342/3433/3603 4334/3426/3595
f 4350/3025/3604 4343/3427/3596 4342/3433/3603
f 4351/3016/3605 4344/3018/3597 4343/3427/3596
f 4344/3018/3597 4353/3019/3606 4345/3428/3598
f 4345/3428/3598 4354/3667/3607 4346/3020/3599
f 4346/3022/3599 4355/3023/3608 4347/3430/3600
f 4347/3430/3600 4356/3033/3609 4348/3437/3610
f 4356/3033/3609 4349/3432/3602 4348/3437/3610
f 4357/3024/3611 4342/3433/3603 4349/3432/3602
f 4350/3025/3604 4359/3026/3612 4351/3016/3605
f 4351/3016/3605 4360/3441/3613 4352/3017/3614
f 4360/3441/3613 4353/3019/3606 4352/3017/3614
f 4361/3028/3615 4354/3667/3607 4353/3019/3606
f 4362/3030/3616 4355/3023/3608 4354/3031/3607
f 4363/3032/3617 4356/3033/3609 4355/3023/3608
f 4356/3033/3609 4365/3034/3618 4357/3024/3611
f 4357/3024/3611 4358/3035/3619 4350/3025/3604
f 4358/3035/3619 4367/3037/3620 4359/3026/3612
f 4359/3026/3612 4368/3452/3621 4360/3441/3613
f 4368/3452/3621 4361/3028/3615 4360/3441/3613
f 4369/3038/3622 4362/3040/3616 4361/3028/3615
f 4370/3050/3623 4363/3032/3617 4362/3443/3616
f 4371/3041/3624 4364/3043/3625 4363/3032/3617
f 4364/3043/3625 4373/3044/3626 4365/3034/3618
f 4365/3034/3618 4366/3036/3627 4358/3035/3619
f 4366/3036/3627 4375/3450/3628 4367/3037/3620
f 4367/3037/3620 4376/3056/3629 4368/3452/3621
f 4376/3056/3629 4369/3038/3622 4368/3452/3621
f 4377/3453/3630 4370/3039/3623 4369/3038/3622
f 4378/3060/3631 4371/3041/3624 4370/3454/3623
f 4379/3455/3632 4372/3042/3633 4371/3041/3624
f 4372/3042/3633 4381/3456/3634 4373/3044/3626
f 4373/3044/3626 4374/3457/3635 4366/3036/3627
f 4382/3458/3636 4375/3450/3628 4374/3457/3635
f 4383/3459/3637 4376/3056/3629 4375/3450/3628
f 4376/3056/3629 4385/3460/3638 4377/3453/3630
f 4377/3453/3630 4386/3461/3639 4378/3058/3631
f 4378/3462/3631 4387/3463/3640 4379/3455/3632
f 4379/3455/3632 4388/3464/3641 4380/3465/3642
f 4388/3464/3641 4381/3456/3634 4380/3465/3642
f 4389/3466/3643 4374/3457/3635 4381/3456/3634
f 4382/3458/3636 4391/3064/3644 4383/3459/3637
f 4383/3459/3637 4392/3475/3645 4384/3055/3646
f 4392/3475/3645 4385/3460/3638 4384/3055/3646
f 4393/3066/3647 4386/3461/3639 4385/3460/3638
f 4394/3068/3648 4387/3463/3640 4386/3069/3639
f 4395/3070/3649 4388/3464/3641 4387/3463/3640
f 4388/3464/3641 4397/3072/3650 4389/3466/3643
f 4389/3466/3643 4390/3073/3651 4382/3458/3636
f 4398/3074/3652 4391/3064/3644 4390/3073/3651
f 4399/3075/3653 4392/3475/3645 4391/3064/3644
f 4392/3475/3645 4401/3076/3654 4393/3066/3647
f 4393/3066/3647 4402/3077/3655 4394/3078/3648
f 4394/3079/3648 4403/3080/3656 4395/3070/3649
f 4395/3070/3649 4404/3081/3657 4396/3082/3658
f 4404/3081/3657 4397/3072/3650 4396/3082/3658
f 4405/3083/3659 4390/3073/3651 4397/3072/3650
f 4398/3074/3652 4407/3084/3660 4399/3075/3653
f 4399/3075/3653 4408/3085/3661 4400/3086/3662
f 4408/3085/3661 4401/3076/3654 4400/3086/3662
f 4409/3087/3663 4402/3077/3655 4401/3076/3654
f 4410/3088/3664 4403/3080/3656 4402/3476/3655
f 4411/3090/3665 4404/3081/3657 4403/3080/3656
f 4404/3081/3657 4413/3091/3666 4405/3083/3659
f 4405/3083/3659 4406/3092/3667 4398/3074/3652
f 4406/3092/3667 4415/3477/3668 4407/3084/3660
f 4407/3084/3660 4416/3094/3669 4408/3085/3661
f 4416/3094/3669 4409/3087/3663 4408/3085/3661
f 4417/3480/3670 4410/3096/3664 4409/3087/3663
f 4418/3107/3671 4411/3090/3665 4410/3481/3664
f 4419/3482/3672 4412/3099/3673 4411/3090/3665
f 4412/3099/3673 4421/3483/3674 4413/3091/3666
f 4413/3091/3666 4414/3484/3675 4406/3092/3667
f 4422/3111/3676 4415/3477/3668 4414/3484/3675
f 4423/3102/3677 4416/3094/3669 4415/3477/3668
f 4416/3094/3669 4425/3104/3678 4417/3480/3670
f 4417/3480/3670 4426/3115/3679 4418/3489/3671
f 4418/3107/3671 4427/3108/3680 4419/3482/3672
f 4419/3482/3672 4428/3119/3681 4420/3493/3682
f 4428/3119/3681 4421/3483/3674 4420/3493/3682
f 4429/3110/3683 4414/3484/3675 4421/3483/3674
f 4422/3111/3676 4431/3112/3684 4423/3102/3677
f 4423/3102/3677 4432/3113/3685 4424/3103/3686
f 4432/3113/3685 4425/3104/3678 4424/3103/3686
f 4433/3114/3687 4426/3115/3679 4425/3104/3678
f 4434/3116/3688 4427/3108/3680 4426/3117/3679
f 4435/3118/3689 4428/3119/3681 4427/3108/3680
f 4428/3119/3681 4437/3120/3690 4429/3110/3683
f 4429/3110/3683 4430/3121/3691 4422/3111/3676
f 4438/3122/3692 4431/3112/3684 4430/3121/3691
f 4439/3123/3693 4432/3113/3685 4431/3112/3684
f 4432/3113/3685 4441/3124/3694 4433/3114/3687
f 4433/3114/3687 4442/3125/3695 4434/3126/3688
f 4434/3127/3688 4443/3128/3696 4435/3118/3689
f 4435/3118/3689 4444/3129/3697 4436/3130/3698
f 4444/3129/3697 4437/3120/3690 4436/3130/3698
f 4445/3131/3699 4430/3121/3691 4437/3120/3690
f 4446/3140/3700 4439/3123/3693 4438/3122/3692
f 4447/3132/3701 4440/3510/3702 4439/3123/3693
f 4440/3510/3702 4449/3135/3703 4441/3124/3694
f 4441/3124/3694 4450/3145/3704 4442/3125/3695
f 4442/3511/3695 4451/3138/3705 4443/3128/3696
f 4443/3128/3696 4452/3148/3706 4444/3129/3697
f 4452/3148/3706 4445/3131/3699 4444/3129/3697
f 4453/3139/3707 4438/3122/3692 4445/3131/3699
f 4446/3140/3700 4455/3513/3708 4447/3132/3701
f 4447/3132/3701 4456/3152/3709 4448/3133/3710
f 4456/3152/3709 4449/3135/3703 4448/3133/3710
f 4457/3514/3711 4450/3145/3704 4449/3135/3703
f 4458/3155/3712 4451/3138/3705 4450/3516/3704
f 4459/3517/3713 4452/3148/3706 4451/3138/3705
f 4452/3148/3706 4461/3519/3714 4453/3139/3707
f 4453/3139/3707 4454/3512/3715 4446/3140/3700
f 4462/3526/3716 4455/3513/3708 4454/3512/3715
f 4463/3520/3717 4456/3152/3709 4455/3513/3708
f 4456/3152/3709 4465/3522/3718 4457/3514/3711
f 4457/3514/3711 4466/3529/3719 4458/3515/3712
f 4458/3523/3712 4467/3524/3720 4459/3517/3713
f 4459/3517/3713 4468/3532/3721 4460/3518/3722
f 4468/3532/3721 4461/3519/3714 4460/3518/3722
f 4469/3525/3723 4454/3512/3715 4461/3519/3714
f 4470/3168/3724 4463/3520/3717 4462/3526/3716
f 4471/3159/3725 4464/3151/3726 4463/3520/3717
f 4472/3160/3727 4465/3522/3718 4464/3151/3726
f 4465/3522/3718 4474/3173/3728 4466/3529/3719
f 4466/3164/3719 4475/3165/3729 4467/3524/3720
f 4467/3524/3720 4476/3177/3730 4468/3532/3721
f 4468/3532/3721 4477/3167/3731 4469/3525/3723
f 4477/3167/3731 4462/3526/3716 4469/3525/3723
f 4470/3168/3724 4479/3170/3732 4471/3159/3725
f 4471/3159/3725 4480/3537/3733 4472/3160/3727
f 4480/3537/3733 4473/3161/3734 4472/3160/3727
f 4481/3171/3735 4474/3173/3728 4473/3161/3734
f 4482/3184/3736 4475/3165/3729 4474/3174/3728
f 4483/3175/3737 4476/3177/3730 4475/3165/3729
f 4476/3177/3730 4485/3178/3738 4477/3167/3731
f 4477/3167/3731 4478/3169/3739 4470/3168/3724
f 4478/3169/3739 4487/3179/3740 4479/3170/3732
f 4479/3170/3732 4488/3541/3741 4480/3537/3733
f 4488/3541/3741 4481/3171/3735 4480/3537/3733
f 4489/3182/3742 4482/3172/3736 4481/3171/3735
f 4490/3183/3743 4483/3175/3737 4482/3538/3736
f 4491/3185/3744 4484/3176/3745 4483/3175/3737
f 4484/3176/3745 4493/3186/3746 4485/3178/3738
f 4485/3178/3738 4486/3187/3747 4478/3169/3739
f 4494/3546/3748 4487/3179/3740 4486/3187/3747
f 4495/3539/3749 4488/3541/3741 4487/3179/3740
f 4488/3541/3741 4497/3542/3750 4489/3182/3742
f 4489/3182/3742 4498/3549/3751 4490/3191/3743
f 4490/3543/3743 4499/3544/3752 4491/3185/3744
f 4491/3185/3744 4500/3552/3753 4492/3194/3754
f 4500/3552/3753 4493/3186/3746 4492/3194/3754
f 4501/3545/3755 4486/3187/3747 4493/3186/3746
f 4502/3206/3756 4495/3539/3749 4494/3546/3748
f 4503/3197/3757 4496/3189/3758 4495/3539/3749
f 4496/3189/3758 4505/3199/3759 4497/3542/3750
f 4497/3542/3750 4506/3210/3760 4498/3549/3751
f 4498/3550/3751 4507/3203/3761 4499/3544/3752
f 4499/3544/3752 4508/3214/3762 4500/3552/3753
f 4508/3214/3762 4501/3545/3755 4500/3552/3753
f 4509/3205/3763 4494/3546/3748 4501/3545/3755
f 4510/3561/3764 4503/3197/3757 4502/3206/3756
f 4511/3555/3765 4504/3198/3766 4503/3197/3757
f 4504/3198/3766 4513/3556/3767 4505/3199/3759
f 4505/3199/3759 4514/3565/3768 4506/3210/3760
f 4506/3212/3760 4515/3558/3769 4507/3203/3761
f 4507/3203/3761 4516/3567/3770 4508/3214/3762
f 4516/3567/3770 4509/3205/3763 4508/3214/3762
f 4517/3560/3771 4502/3206/3756 4509/3205/3763
f 4518/3217/3772 4511/3555/3765 4510/3561/3764
f 4519/3218/3773 4512/3208/3774 4511/3555/3765
f 4512/3208/3774 4521/3219/3775 4513/3556/3767
f 4513/3556/3767 4522/3220/3776 4514/3565/3768
f 4514/3222/3768 4523/3223/3777 4515/3558/3769
f 4515/3558/3769 4524/3224/3778 4516/3567/3770
f 4524/3224/3778 4517/3560/3771 4516/3567/3770
f 4525/3226/3779 4510/3561/3764 4517/3560/3771
f 4518/3217/3772 4527/3227/3780 4519/3218/3773
f 4519/3218/3773 4528/3228/3781 4520/3229/3782
f 4528/3228/3781 4521/3219/3775 4520/3229/3782
f 4529/3230/3783 4522/3220/3776 4521/3219/3775
f 4530/3231/3784 4523/3223/3777 4522/3232/3776
f 4531/3233/3785 4524/3224/3778 4523/3223/3777
f 4524/3224/3778 4533/3234/3786 4525/3226/3779
f 4525/3226/3779 4526/3235/3787 4518/3217/3772
f 4534/3572/3788 4527/3227/3780 4526/3235/3787
f 4535/3573/3789 4528/3228/3781 4527/3227/3780
f 4536/3246/3790 4529/3230/3783 4528/3228/3781
f 4529/3230/3783 4538/3576/3791 4530/3240/3784
f 4530/3577/3784 4539/3578/3792 4531/3233/3785
f 4531/3233/3785 4540/3579/3793 4532/3243/3794
f 4532/3243/3794 4541/3580/3795 4533/3234/3786
f 4541/3580/3795 4526/3235/3787 4533/3234/3786
f 4534/3572/3788 4543/3581/3796 4535/3573/3789
f 4535/3573/3789 4544/3247/3797 4536/3246/3790
f 4544/3247/3797 4537/3575/3798 4536/3246/3790
f 4545/3583/3799 4538/3576/3791 4537/3575/3798
f 4546/3259/3800 4539/3578/3792 4538/3584/3791
f 4547/3585/3801 4540/3579/3793 4539/3578/3792
f 4540/3579/3793 4549/3586/3802 4541/3580/3795
f 4541/3580/3795 4542/3587/3803 4534/3572/3788
f 4552/3668/3804 4595/3669/816 4551/3670/92
f 4551/3670/92 4576/3671/3805 4573/3672/3806
f 4596/3673/821 4565/3674/3807 4593/3675/822
f 4550/3676/46 4566/3677/3808 4563/3678/3809
f 4582/3679/3810 4592/3680/825 4550/3676/46
f 4575/3681/3811 4593/3675/822 4585/3682/3812
f 4572/3683/5 4586/3684/3813 4583/3685/3814
f 4555/3686/3815 4559/3687/3816 4558/3688/3817
f 4556/3689/3818 4559/3687/3816 4560/3690/3819
f 4557/3691/3820 4559/3687/3816 4561/3692/3821
f 4565/3674/3807 4569/3693/3822 4568/3694/3823
f 4566/3677/3808 4569/3693/3822 4570/3695/3824
f 4567/3696/3825 4569/3693/3822 4571/3697/3826
f 4575/3681/3811 4579/3698/3827 4578/3699/3828
f 4576/3671/3805 4579/3698/3827 4580/3700/3829
f 4577/3701/3830 4579/3698/3827 4581/3702/3831
f 4585/3682/3812 4589/3703/3832 4588/3704/3833
f 4586/3684/3813 4589/3703/3832 4590/3705/3834
f 4587/3706/3835 4589/3703/3832 4591/3707/3836
f 4554/3708/856 4555/3686/3815 4552/3668/3804
f 4553/3709/830 4561/3692/3821 4554/3708/856
f 4560/3690/3819 4565/3674/3807 4556/3689/3818
f 4557/3691/3820 4571/3697/3826 4560/3690/3819
f 4570/3695/3824 4563/3678/3809 4566/3677/3808
f 4567/3696/3825 4564/3710/855 4570/3695/3824
f 4594/3711/854 4585/3682/3812 4593/3675/822
f 4592/3680/825 4591/3707/3836 4594/3711/854
f 4590/3705/3834 4583/3685/3814 4586/3684/3813
f 4587/3706/3835 4584/3712/779 4590/3705/3834
f 4588/3704/3833 4575/3681/3811 4585/3682/3812
f 4586/3684/3813 4581/3702/3831 4588/3704/3833
f 4580/3700/3829 4573/3672/3806 4576/3671/3805
f 4577/3701/3830 4574/3713/3837 4580/3700/3829
f 4597/3714/469 4556/3689/3818 4596/3673/821
f 4595/3669/816 4558/3688/3817 4597/3714/469
f 4568/3694/3823 4593/3675/822 4565/3674/3807
f 4566/3677/3808 4594/3711/854 4568/3694/3823
f 4578/3699/3828 4596/3673/821 4575/3681/3811
f 4576/3671/3805 4597/3714/469 4578/3699/3828
f 4562/3715/31 4557/3691/3820 4553/3709/830
f 4631/3716/729 4647/3717/730 4651/3718/3838
f 4648/3719/3839 4602/3720/46 4600/3721/115
f 4633/3722/734 4647/3717/730 4632/3723/735
f 4633/3722/734 4656/3724/736 4653/3725/737
f 4635/3726/738 4656/3724/736 4634/3727/739
f 4636/3728/740 4659/3729/741 4635/3726/738
f 4636/3728/740 4665/3730/742 4662/3731/743
f 4638/3732/744 4665/3730/742 4637/3733/745
f 4639/3734/746 4668/3735/747 4638/3732/744
f 4640/3736/748 4671/3737/3840 4639/3734/746
f 4641/3738/750 4674/3739/751 4640/3736/748
f 4641/3738/750 4680/3740/752 4677/3741/753
f 4642/3742/754 4683/3743/3841 4680/3740/752
f 4643/3744/756 4686/3745/757 4683/3743/3841
f 4644/3746/758 4689/3747/759 4686/3745/757
f 4630/3748/7 4617/3749/760 4615/3750/761
f 4646/3751/762 4689/3747/759 4645/3752/763
f 4646/3751/762 4651/3718/3838 4692/3753/764
f 4630/3748/7 4625/3754/765 4623/3755/766
f 4629/3756/3842 4630/3748/7 4599/3757/768
f 4630/3748/7 4609/3758/769 4607/3759/770
f 4630/3748/7 4621/3760/3843 4619/3761/3844
f 4630/3748/7 4605/3762/773 4603/3763/774
f 4601/3764/775 4630/3748/7 4603/3763/774
f 4630/3748/7 4613/3765/776 4611/3766/777
f 4650/3767/3845 4600/3721/115 4598/3768/779
f 4693/3769/3846 4598/3768/779 4628/3770/3847
f 4657/3771/3848 4606/3772/203 4604/3773/783
f 4660/3774/3849 4608/3775/785 4606/3772/203
f 4663/3776/786 4610/3777/32 4608/3775/785
f 4666/3778/3850 4612/3779/83 4610/3777/32
f 4669/3780/3851 4614/3781/164 4612/3779/83
f 4672/3782/3852 4616/3783/173 4614/3781/164
f 4675/3784/3853 4618/3785/92 4616/3783/173
f 4678/3786/791 4620/3787/3854 4618/3785/92
f 4681/3788/3855 4622/3789/97 4620/3787/3854
f 4684/3790/3856 4624/3791/3857 4622/3789/97
f 4687/3792/3858 4626/3793/796 4624/3791/3857
f 4690/3794/797 4628/3770/3847 4626/3793/796
f 4654/3795/3859 4604/3773/783 4602/3720/46
f 4599/3757/768 4646/3751/762 4629/3756/3842
f 4629/3756/3842 4645/3752/763 4627/3796/799
f 4625/3754/765 4645/3752/763 4644/3746/758
f 4623/3755/766 4644/3746/758 4643/3744/756
f 4621/3760/3843 4643/3744/756 4642/3742/754
f 4619/3761/3844 4642/3742/754 4641/3738/750
f 4619/3761/3844 4640/3736/748 4617/3749/760
f 4617/3749/760 4639/3734/746 4615/3750/761
f 4613/3765/776 4639/3734/746 4638/3732/744
f 4613/3765/776 4637/3733/745 4611/3766/777
f 4609/3758/769 4637/3733/745 4636/3728/740
f 4607/3759/770 4636/3728/740 4635/3726/738
f 4605/3762/773 4635/3726/738 4634/3727/739
f 4603/3763/774 4634/3727/739 4633/3722/734
f 4603/3763/774 4632/3723/735 4601/3764/775
f 4601/3764/775 4631/3716/729 4599/3757/768
f 4648/3719/3839 4652/3797/3860 4649/3798/801
f 4652/3797/3860 4647/3717/730 4649/3798/801
f 4654/3795/3859 4649/3798/801 4655/3799/802
f 4655/3799/802 4647/3717/730 4653/3725/737
f 4654/3795/3859 4658/3800/803 4657/3771/3848
f 4655/3799/802 4656/3724/736 4658/3800/803
f 4657/3771/3848 4661/3801/804 4660/3774/3849
f 4661/3801/804 4656/3724/736 4659/3729/741
f 4660/3774/3849 4664/3802/805 4663/3776/786
f 4664/3802/805 4659/3729/741 4662/3731/743
f 4663/3776/786 4667/3803/806 4666/3778/3850
f 4667/3803/806 4662/3731/743 4665/3730/742
f 4666/3778/3850 4670/3804/3861 4669/3780/3851
f 4670/3804/3861 4665/3730/742 4668/3735/747
f 4669/3780/3851 4673/3805/3862 4672/3782/3852
f 4670/3804/3861 4671/3737/3840 4673/3805/3862
f 4675/3784/3853 4673/3805/3862 4676/3806/3863
f 4673/3805/3862 4674/3739/751 4676/3806/3863
f 4678/3786/791 4676/3806/3863 4679/3807/3864
f 4679/3807/3864 4674/3739/751 4677/3741/753
f 4678/3786/791 4682/3808/3865 4681/3788/3855
f 4679/3807/3864 4680/3740/752 4682/3808/3865
f 4681/3788/3855 4685/3809/3866 4684/3790/3856
f 4685/3809/3866 4680/3740/752 4683/3743/3841
f 4684/3790/3856 4688/3810/3867 4687/3792/3858
f 4688/3810/3867 4683/3743/3841 4686/3745/757
f 4690/3794/797 4688/3810/3867 4691/3811/814
f 4688/3810/3867 4689/3747/759 4691/3811/814
f 4693/3769/3846 4691/3811/814 4694/3812/3868
f 4691/3811/814 4692/3753/764 4694/3812/3868
f 4650/3767/3845 4694/3812/3868 4652/3797/3860
f 4694/3812/3868 4651/3718/3838 4652/3797/3860
f 4745/3813/3869 4699/3814/46 4697/3815/733
f 4730/3816/1505 4744/3817/1506 4729/3818/1501
f 4730/3816/1505 4753/3819/1507 4750/3820/1508
f 4731/3821/1509 4756/3822/3870 4753/3819/1507
f 4732/3823/1511 4759/3824/1512 4756/3822/3870
f 4733/3825/1513 4762/3826/3871 4759/3824/1512
f 4735/3827/3872 4762/3826/3871 4734/3828/1516
f 4736/3829/1517 4765/3830/3873 4735/3827/3872
f 4737/3831/1519 4768/3832/1520 4736/3829/1517
f 4738/3833/1521 4771/3834/1522 4737/3831/1519
f 4738/3833/1521 4777/3835/3874 4774/3836/3875
f 4739/3837/1525 4780/3838/1526 4777/3835/3874
f 4740/3839/1527 4783/3840/3876 4780/3838/1526
f 4741/3841/3877 4786/3842/1530 4783/3840/3876
f 4727/3843/7 4714/3844/3878 4712/3845/1532
f 4743/3846/1533 4786/3842/1530 4742/3847/1534
f 4728/3848/1503 4789/3849/3879 4743/3846/1533
f 4727/3843/7 4722/3850/1536 4720/3851/1537
f 4726/3852/3880 4727/3843/7 4696/3853/1539
f 4727/3843/7 4706/3854/1540 4704/3855/1541
f 4727/3843/7 4718/3856/3881 4716/3857/1543
f 4727/3843/7 4702/3858/3882 4700/3859/1545
f 4698/3860/3883 4727/3843/7 4700/3859/1545
f 4727/3843/7 4710/3861/3884 4708/3862/1548
f 4747/3863/1549 4697/3815/733 4695/3864/779
f 4790/3865/1550 4695/3864/779 4725/3866/781
f 4754/3867/3885 4703/3868/203 4701/3869/783
f 4757/3870/1552 4705/3871/785 4703/3868/203
f 4760/3872/1553 4707/3873/32 4705/3871/785
f 4763/3874/1554 4709/3875/83 4707/3873/32
f 4766/3876/1555 4711/3877/164 4709/3875/83
f 4769/3878/1556 4713/3879/173 4711/3877/164
f 4772/3880/1557 4715/3881/92 4713/3879/173
f 4775/3882/1558 4717/3883/54 4715/3881/92
f 4778/3884/1559 4719/3885/241 4717/3883/54
f 4781/3886/1560 4721/3887/794 4719/3885/241
f 4784/3888/3886 4723/3889/796 4721/3887/794
f 4787/3890/3887 4725/3866/781 4723/3889/796
f 4751/3891/3888 4701/3869/783 4699/3814/46
f 4696/3853/1539 4743/3846/1533 4726/3852/3880
f 4726/3852/3880 4742/3847/1534 4724/3892/1564
f 4722/3850/1536 4742/3847/1534 4741/3841/3877
f 4720/3851/1537 4741/3841/3877 4740/3839/1527
f 4720/3851/1537 4739/3837/1525 4718/3856/3881
f 4716/3857/1543 4739/3837/1525 4738/3833/1521
f 4716/3857/1543 4737/3831/1519 4714/3844/3878
f 4714/3844/3878 4736/3829/1517 4712/3845/1532
f 4710/3861/3884 4736/3829/1517 4735/3827/3872
f 4710/3861/3884 4734/3828/1516 4708/3862/1548
f 4706/3854/1540 4734/3828/1516 4733/3825/1513
f 4706/3854/1540 4732/3823/1511 4704/3855/1541
f 4702/3858/3882 4732/3823/1511 4731/3821/1509
f 4700/3859/1545 4731/3821/1509 4730/3816/1505
f 4700/3859/1545 4729/3818/1501 4698/3860/3883
f 4696/3853/1539 4729/3818/1501 4728/3848/1503
f 4747/3863/1549 4746/3893/1565 4745/3813/3869
f 4746/3893/1565 4748/3894/1502 4744/3817/1506
f 4751/3891/3888 4746/3893/1565 4752/3895/3889
f 4746/3893/1565 4750/3820/1508 4752/3895/3889
f 4751/3891/3888 4755/3896/1567 4754/3867/3885
f 4755/3896/1567 4750/3820/1508 4753/3819/1507
f 4757/3870/1552 4755/3896/1567 4758/3897/3890
f 4755/3896/1567 4756/3822/3870 4758/3897/3890
f 4760/3872/1553 4758/3897/3890 4761/3898/1569
f 4758/3897/3890 4759/3824/1512 4761/3898/1569
f 4760/3872/1553 4764/3899/1570 4763/3874/1554
f 4761/3898/1569 4762/3826/3871 4764/3899/1570
f 4766/3876/1555 4764/3899/1570 4767/3900/1571
f 4767/3900/1571 4762/3826/3871 4765/3830/3873
f 4766/3876/1555 4770/3901/3891 4769/3878/1556
f 4770/3901/3891 4765/3830/3873 4768/3832/1520
f 4772/3880/1557 4770/3901/3891 4773/3902/1573
f 4773/3902/1573 4768/3832/1520 4771/3834/1522
f 4775/3882/1558 4773/3902/1573 4776/3903/1574
f 4773/3902/1573 4774/3836/3875 4776/3903/1574
f 4775/3882/1558 4779/3904/1575 4778/3884/1559
f 4779/3904/1575 4774/3836/3875 4777/3835/3874
f 4778/3884/1559 4782/3905/1576 4781/3886/1560
f 4779/3904/1575 4780/3838/1526 4782/3905/1576
f 4784/3888/3886 4782/3905/1576 4785/3906/1577
f 4782/3905/1576 4783/3840/3876 4785/3906/1577
f 4784/3888/3886 4788/3907/3892 4787/3890/3887
f 4785/3906/1577 4786/3842/1530 4788/3907/3892
f 4790/3865/1550 4788/3907/3892 4791/3908/1579
f 4791/3908/1579 4786/3842/1530 4789/3849/3879
f 4790/3865/1550 4749/3909/3893 4747/3863/1549
f 4749/3909/3893 4789/3849/3879 4748/3894/1502
f 4729/3818/1501 4748/3894/1502 4728/3848/1503
f 4886/3910/3894 4814/3911/3895 4880/3912/3896
f 4808/3913/3897 4868/3914/3898 4809/3915/3899
f 4854/3916/3900 4864/3917/3901 4852/3918/3902
f 4863/3919/3903 4822/3920/3904 4824/3921/3905
f 4832/3922/3906 4857/3923/3907 4833/3924/3908
f 4889/3925/3909 4890/3926/47 4888/3927/3909
f 4819/3928/3910 4839/3929/3911 4837/3930/3912
f 4875/3931/3913 4876/3932/3914 4873/3933/3915
f 4831/3934/3916 4896/3935/3917 4835/3936/3918
f 4836/3937/3919 4841/3938/3920 4834/3939/3921
f 4799/3940/7 4847/3941/3922 4802/3942/7
f 4834/3939/3921 4800/3943/2 4798/3944/2
f 4883/3945/3923 4811/3946/3924 4813/3947/3925
f 4901/3948/46 4876/3932/3914 4870/3949/3926
f 4853/3950/3927 4806/3951/3928 4805/3952/3929
f 4897/3953/3917 4838/3954/3930 4895/3955/166
f 4872/3956/3931 4882/3957/3932 4870/3949/3926
f 4843/3958/1466 4818/3959/3933 4845/3960/3934
f 4826/3961/1437 4830/3962/3935 4829/3963/3936
f 4859/3964/3937 4804/3965/3938 4806/3966/3928
f 4856/3967/3939 4797/3968/2 4804/3965/3938
f 4893/3969/46 4888/3927/3909 4892/3970/46
f 4833/3924/3908 4855/3971/3940 4831/3934/3916
f 4869/3972/3941 4862/3973/3942 4863/3919/3903
f 4831/3934/3916 4836/3937/3919 4833/3924/3908
f 4793/3974/7 4837/3930/3912 4799/3940/7
f 4861/3975/3943 4824/3921/3905 4823/3976/3944
f 4829/3963/3936 4851/3977/3945 4849/3978/3946
f 4853/3950/3927 4866/3979/3947 4854/3916/3900
f 4818/3959/3933 4819/3928/3910 4816/3980/3948
f 4835/3936/3918 4842/3981/3949 4836/3937/3919
f 4840/3982/3950 4851/3977/3945 4842/3981/3949
f 4848/3983/3951 4823/3976/3944 4824/3921/3905
f 4874/3984/3952 4878/3985/3953 4875/3931/3913
f 4796/3986/2 4825/3987/3954 4795/3988/2
f 4803/3989/2 4828/3990/3955 4796/3986/2
f 4833/3924/3908 4834/3939/3921 4832/3922/3906
f 4817/3991/3956 4821/3992/3957 4818/3959/3933
f 4816/3980/3948 4793/3974/7 4792/3993/7
f 4810/3994/3958 4877/3995/3959 4874/3984/3952
f 4900/3996/46 4885/3997/3960 4879/3998/3961
f 4865/3999/3962 4805/3952/3929 4807/4000/3963
f 4795/3988/2 4880/3912/3896 4814/3911/3895
f 4802/3942/7 4822/3920/3904 4794/4001/7
f 4876/3932/3914 4872/3956/3931 4870/3949/3926
f 4867/4002/3964 4863/3919/3903 4861/3975/3943
f 4835/3936/3918 4894/4003/166 4840/3982/3950
f 4881/4004/3965 4825/3987/3954 4827/4005/3966
f 4884/4006/3967 4885/3997/3960 4882/3957/3932
f 4899/4007/3968 4846/4008/3969 4897/3953/3917
f 4849/3978/3946 4889/3925/3909 4829/3963/3936
f 4866/3979/3947 4868/4009/3898 4869/4010/3941
f 4855/3971/3940 4898/4011/779 4831/3934/3916
f 4864/3917/3901 4869/4010/3941 4867/4002/3964
f 4885/3997/3960 4881/4004/3965 4879/3998/3961
f 4827/4005/3966 4828/3990/3955 4830/3962/3935
f 4845/3960/3934 4816/3980/3948 4844/4012/3970
f 4887/4013/3971 4880/3912/3896 4881/4004/3965
f 4812/4014/3972 4871/4015/3973 4877/4016/3959
f 4809/4017/3899 4865/3999/3962 4807/4000/3963
f 4883/3945/3923 4815/4018/3974 4886/4019/3894
f 4841/3938/3920 4803/3989/2 4800/3943/2
f 4878/4020/3953 4871/4015/3973 4872/3956/3931
f 4859/4021/3937 4854/3916/3900 4860/4022/3975
f 4857/3923/3907 4858/4023/3976 4855/3971/3940
f 4860/4022/3975 4852/3918/3902 4858/4023/3976
f 4847/3941/3922 4824/3921/3905 4822/3920/3904
f 4794/4001/7 4862/3973/3942 4808/3913/3897
f 4845/3960/3934 4873/3933/3915 4843/3958/1466
f 4874/3984/3952 4801/4024/7 4810/3994/3958
f 4832/3922/3906 4798/3944/2 4797/3968/2
f 4829/3963/3936 4893/3969/46 4826/3961/1437
f 4821/3992/3957 4838/3954/3930 4839/3929/3911
f 4830/3962/3935 4850/4025/3977 4851/3977/3945
f 4883/3945/3923 4887/4026/3971 4884/4006/3967
f 4842/3981/3949 4850/4025/3977 4841/3938/3920
f 4837/3930/3912 4848/3983/3951 4847/3941/3922
f 4839/3929/3911 4846/4008/3969 4848/3983/3951
f 4856/3967/3939 4860/4027/3975 4857/3923/3907
f 4903/4028/3978 4867/4002/3964 4861/3975/3943
f 4844/4012/3970 4875/3931/3913 4845/3960/3934
f 4895/3955/166 4820/4029/3979 4890/3926/47
f 4840/3982/3950 4891/4030/47 4849/3978/3946
f 4894/4003/166 4897/3953/3917 4895/3955/166
f 4844/4012/3970 4792/3993/7 4801/4024/7
f 4872/3956/3931 4883/3945/3923 4884/4006/3967
f 4896/3935/3917 4899/4007/3968 4897/3953/3917
f 4890/3926/47 4817/3991/3956 4888/3927/3909
f 4879/3998/3961 4827/4005/3966 4826/3961/1437
f 4892/3970/46 4900/3996/46 4893/3969/46
f 4891/4030/47 4895/3955/166 4890/3926/47
f 4888/3927/3909 4843/3958/1466 4892/3970/46
f 4892/3970/46 4873/3933/3915 4901/3948/46
f 4893/3969/46 4879/3998/3961 4826/3961/1437
f 4858/4023/3976 4902/4031/3978 4855/3971/3940
f 4901/3948/46 4882/3957/3932 4900/3996/46
f 4899/4007/3968 4861/3975/3943 4823/3976/3944
f 4902/4031/3978 4899/4007/3968 4898/4011/779
f 4852/3918/3902 4903/4028/3978 4902/4031/3978
f 655/1/1 150/721/2 151/2/2
f 316/4/2 315/691/2 250/5/2
f 245/7/2 244/687/2 237/8/2
f 747/10/4 482/229/105 480/11/5
f 535/13/7 985/590/247 970/14/8
f 118/16/7 267/192/7 268/17/7
f 862/19/9 516/377/2 513/20/2
f 397/22/2 396/359/2 417/23/2
f 880/25/11 882/799/295 252/26/2
f 380/28/2 393/31/2 531/29/2
f 393/31/2 392/281/2 398/32/2
f 568/34/12 564/880/300 146/35/2
f 820/37/13 503/791/173 491/38/14
f 694/40/16 482/229/105 475/41/17
f 41/43/7 452/363/7 994/44/19
f 241/46/2 247/664/2 246/47/2
f 844/49/21 412/404/176 411/50/22
f 736/52/24 505/184/92 481/53/25
f 340/55/2 359/763/2 358/56/2
f 969/58/27 949/1230/505 993/59/28
f 169/61/2 358/56/2 367/62/2
f 637/64/30 666/622/254 375/65/31
f 415/67/33 413/98/50 708/68/34
f 96/70/2 97/730/2 232/71/2
f 378/73/36 407/407/179 595/74/37
f 172/76/7 171/617/7 63/77/7
f 940/79/39 943/429/185 997/80/40
f 373/82/42 407/407/179 780/83/43
f 122/85/2 123/129/2 169/61/2
f 454/87/7 463/509/7 469/88/7
f 714/90/45 586/393/169 374/91/46
f 80/93/2 160/671/2 369/94/2
f 676/96/48 717/414/182 376/97/49
f 139/99/7 107/18/7 268/17/7
f 589/101/51 676/96/48 413/98/50
f 71/102/7 675/783/284 588/103/52
f 618/105/53 622/177/88 416/106/54
f 901/108/56 366/176/7 62/109/7
f 88/111/7 89/685/7 183/112/7
f 69/114/7 591/301/136 718/115/58
f 167/117/2 627/180/91 625/118/59
f 57/120/2 429/820/2 488/121/2
f 410/123/61 408/401/173 699/124/62
f 145/126/7 739/508/211 819/127/64
f 338/57/2 358/56/2 169/61/2
f 162/130/2 702/784/285 633/131/65
f 344/133/7 38/398/7 934/134/66
f 371/136/7 365/749/7 356/137/7
f 90/139/7 690/338/151 687/140/68
f 471/142/69 546/793/289 808/143/70
f 41/43/7 948/45/20 981/145/72
f 371/136/7 362/138/7 343/146/7
f 404/107/55 416/106/54 730/148/73
f 371/136/7 44/147/7 53/150/7
f 51/151/7 598/795/291 721/152/75
f 276/154/7 275/779/7 282/155/7
f 390/157/76 419/634/92 688/158/24
f 414/160/78 405/345/156 795/161/79
f 262/163/2 640/1042/296 744/164/81
f 404/107/55 412/404/176 844/49/21
f 363/63/2 54/651/2 80/93/2
f 678/75/38 720/626/255 375/65/31
f 601/166/82 681/187/95 403/167/83
f 78/169/7 682/789/288 600/170/85
f 832/172/23 411/746/22 387/173/86
f 895/175/56 357/245/7 366/176/7
f 390/157/76 416/106/54 622/177/88
f 167/117/2 166/390/2 700/179/90
f 337/181/2 334/321/2 349/182/2
f 505/184/92 580/268/116 742/185/93
f 377/186/94 403/167/83 681/187/95
f 496/189/97 558/765/277 814/42/18
f 266/190/7 273/581/7 274/191/7
f 117/193/7 266/190/7 267/192/7
f 577/194/90 741/1056/91 154/195/2
f 341/197/2 352/506/2 353/198/2
f 529/200/2 511/319/2 111/201/2
f 774/203/99 885/574/99 436/204/2
f 519/206/2 521/237/2 256/207/2
f 444/209/2 261/165/2 260/210/2
f 643/212/100 496/189/97 475/41/17
f 261/165/2 744/164/81 835/214/102
f 306/215/7 326/742/7 130/216/7
f 121/218/7 549/1113/453 664/219/103
f 807/221/104 547/528/219 124/222/7
f 505/184/92 736/52/24 816/224/77
f 114/226/7 113/352/7 272/227/7
f 482/229/105 694/40/16 555/230/106
f 687/140/68 727/955/211 73/231/7
f 53/150/7 44/147/7 46/232/7
f 278/234/7 277/349/7 284/235/7
f 521/237/2 523/494/2 400/238/2
f 582/239/107 48/916/7 49/240/7
f 164/242/2 165/483/2 335/243/2
f 769/244/56 336/587/7 357/245/7
f 152/246/2 350/183/2 381/247/2
f 871/249/109 867/1091/444 477/250/110
f 108/252/2 135/356/2 382/253/2
f 342/255/2 427/814/2 526/256/2
f 263/258/2 122/85/2 342/255/2
f 81/259/2 636/1031/418 778/260/112
f 540/262/113 543/790/180 127/263/7
f 474/144/71 808/143/70 660/265/114
f 349/182/2 348/347/2 355/267/2
f 580/268/116 505/184/92 470/225/76
f 1201/270/117 27/447/190 28/271/118
f 87/273/7 86/341/7 792/274/120
f 616/122/60 488/121/2 432/276/2
f 982/278/123 949/1230/505 969/58/27
f 355/267/2 354/348/2 391/280/2
f 459/282/2 525/383/2 510/283/2
f 60/285/7 826/797/293 823/286/126
f 705/288/127 97/730/2 96/70/2
f 164/242/2 163/132/2 633/131/65
f 852/291/130 142/710/7 143/292/7
f 960/294/132 1017/1215/491 973/295/133
f 556/297/135 693/1148/464 133/298/7
f 67/300/7 594/336/149 591/301/136
f 420/302/46 886/870/137 775/303/137
f 837/12/6 480/11/5 493/305/138
f 512/307/2 527/327/2 327/308/2
f 458/257/2 467/503/2 462/310/2
f 464/311/7 455/588/7 918/312/56
f 900/314/140 804/1074/437 379/315/141
f 940/79/39 1003/81/41 1005/317/142
f 511/319/2 512/307/2 328/309/2
f 149/320/2 148/557/2 334/321/2
f 482/229/105 747/10/4 645/213/101
f 94/322/2 225/72/2 224/323/2
f 232/71/2 239/731/2 238/9/2
f 110/326/2 327/308/2 527/327/2
f 495/329/54 732/569/73 562/330/144
f 406/66/32 389/168/84 777/332/146
f 133/298/7 693/1148/464 813/333/147
f 67/300/7 66/342/7 679/335/148
f 90/139/7 89/685/7 729/337/150
f 410/123/61 409/372/164 603/339/152
f 86/341/7 48/916/7 582/239/107
f 65/153/7 721/152/75 679/335/148
f 388/92/47 374/91/46 613/343/154
f 405/345/156 418/374/166 615/346/157
f 348/347/2 347/434/2 354/348/2
f 277/349/7 276/154/7 283/156/7
f 281/350/7 288/480/7 289/351/7
f 113/352/7 757/1165/284 759/353/52
f 225/72/2 232/71/2 231/325/2
f 461/355/2 462/310/2 135/356/2
f 386/357/2 383/788/2 395/358/2
f 72/104/7 588/103/52 585/360/113
f 353/198/2 386/357/2 391/280/2
f 955/362/158 43/452/7 452/363/7
f 377/186/94 409/372/164 631/365/159
f 933/367/161 1009/1221/497 1021/368/162
f 422/24/2 417/23/2 441/370/2
f 724/188/96 603/339/152 409/372/164
f 61/287/7 823/286/126 805/110/57
f 825/373/165 712/621/114 418/374/166
f 516/377/2 862/19/9 864/375/167
f 864/375/167 517/444/2 518/376/2
f 47/378/7 48/916/7 86/341/7
f 141/380/7 533/706/7 103/381/7
f 459/282/2 458/257/2 526/256/2
f 925/384/140 919/521/140 506/385/46
f 877/387/168 880/25/11 253/27/2
f 105/389/7 553/551/230 556/297/135
f 166/390/2 167/117/2 322/391/2
f 586/393/169 589/101/51 415/67/33
f 355/267/2 392/281/2 393/31/2
f 358/56/2 359/763/2 368/394/2
f 801/397/170 798/796/292 438/395/2
f 438/395/2 440/887/2 439/396/2
f 38/398/7 945/768/278 942/399/171
f 607/340/153 684/472/13 408/401/173
f 657/402/174 474/144/71 500/266/115
f 412/404/176 789/985/393 793/405/177
f 592/406/178 595/74/37 407/407/179
f 59/408/7 58/646/7 715/409/180
f 226/411/2 55/694/2 56/412/2
f 717/414/182 592/406/178 373/82/42
f 198/415/7 205/604/7 71/102/7
f 733/416/150 817/1126/151 128/417/7
f 76/418/7 604/794/290 723/419/183
f 894/421/140 420/302/46 385/304/46
f 297/423/7 304/493/7 305/424/7
f 634/366/160 703/613/253 403/167/83
f 628/426/93 699/124/62 408/401/173
f 561/428/184 733/416/150 129/217/7
f 943/429/185 946/471/197 999/430/186
f 38/398/7 939/400/172 937/431/187
f 413/98/50 376/97/49 673/432/188
f 331/433/2 330/582/2 347/434/2
f 891/435/108 535/13/7 536/15/7
f 441/370/2 435/780/2 155/196/2
f 395/358/2 394/545/2 401/437/2
f 324/439/7 134/299/7 133/298/7
f 434/441/2 253/27/2 252/26/2
f 466/443/2 110/326/2 517/444/2
f 1187/446/189 26/699/164 27/447/190
f 766/448/125 484/514/2 428/449/2
f 442/371/2 137/535/2 262/163/2
f 144/128/7 278/234/7 285/236/7
f 43/452/7 961/1219/495 963/453/191
f 289/351/7 296/510/7 297/423/7
f 822/456/193 825/373/165 405/345/156
f 431/457/2 445/211/2 258/458/2
f 211/460/7 210/659/7 203/461/7
f 88/111/7 87/273/7 790/275/121
f 531/29/2 393/31/2 399/33/2
f 1015/465/194 1017/1215/491 960/294/132
f 362/138/7 345/570/7 45/467/7
f 366/176/7 365/749/7 63/77/7
f 74/468/7 685/772/64 606/469/196
f 946/471/197 982/278/123 984/279/124
f 372/427/25 408/401/173 684/472/13
f 346/199/2 353/198/2 354/348/2
f 498/474/198 499/522/215 883/475/199
f 110/326/2 109/536/2 339/477/2
f 131/478/7 559/988/395 561/428/184
f 574/479/201 577/194/90 155/196/2
f 288/480/7 287/725/7 294/481/7
f 165/483/2 166/390/2 332/392/2
f 1217/484/202 11/907/321 12/485/203
f 651/487/204 473/750/275 476/488/205
f 425/490/2 443/451/2 444/209/2
f 139/99/7 140/382/7 103/381/7
f 397/22/2 422/24/2 425/490/2
f 304/493/7 324/439/7 325/440/7
f 523/494/2 1229/855/325 1231/495/207
f 164/242/2 630/290/129 772/496/208
f 706/497/209 780/83/43 407/407/179
f 515/498/2 514/445/2 928/499/99
f 754/403/175 500/266/115 502/501/47
f 467/503/2 468/757/2 254/388/2
f 327/308/2 339/477/2 341/197/2
f 750/505/210 840/3/3 151/2/2
f 334/321/2 331/433/2 348/347/2
f 352/506/2 383/788/2 386/357/2
f 145/126/7 106/559/7 735/507/68
f 463/509/7 117/193/7 118/16/7
f 296/510/7 295/482/7 302/511/7
f 1199/513/212 1123/1376/588 484/514/2
f 509/515/92 931/728/270 537/516/213
f 115/518/7 114/226/7 265/228/7
f 271/520/7 270/718/7 277/349/7
f 385/304/46 506/385/46 919/521/140
f 499/522/215 853/1038/422 849/39/15
f 465/523/2 456/701/2 264/524/2
f 870/525/216 874/575/239 114/226/7
f 978/369/163 1021/368/162 1024/526/217
f 547/528/219 549/1113/453 121/218/7
f 300/529/7 126/716/7 125/223/7
f 350/183/2 349/182/2 380/28/2
f 492/531/220 859/592/248 571/532/221
f 396/359/2 395/358/2 402/438/2
f 154/195/2 741/1056/91 579/534/59
f 109/536/2 108/252/2 351/254/2
f 1189/537/222 29/1319/46 30/538/69
f 513/20/2 529/200/2 570/202/98
f 136/208/2 648/1143/461 652/540/224
f 856/541/225 853/1038/422 499/522/215
f 865/542/226 477/250/110 508/386/46
f 469/88/7 68/713/7 532/544/7
f 394/545/2 255/504/2 254/388/2
f 400/238/2 431/457/2 257/459/2
f 811/546/227 473/750/275 493/305/138
f 309/548/7 308/709/7 120/220/7
f 105/389/7 119/549/7 810/550/229
f 1202/552/231 1204/1371/585 512/307/2
f 567/553/232 472/561/46 479/554/33
f 658/556/233 753/834/60 148/557/2
f 145/126/7 285/236/7 292/558/7
f 502/501/47 544/591/45 541/560/169
f 107/18/7 68/713/7 469/88/7
f 1144/562/234 33/1308/92 39/563/164
f 494/565/236 841/801/297 751/489/206
f 868/566/237 870/525/216 115/518/7
f 116/519/7 464/311/7 924/313/56
f 112/354/7 104/264/7 286/567/7
f 732/569/73 495/329/54 470/225/76
f 460/89/7 532/544/7 45/467/7
f 1024/526/217 987/729/271 991/571/238
f 576/572/62 503/791/173 481/53/25
f 904/573/99 433/690/2 436/204/2
f 874/575/239 757/1165/284 113/352/7
f 1195/576/240 15/913/342 16/577/241
f 464/311/7 116/519/7 117/193/7
f 537/516/213 856/933/225 498/579/198
f 381/247/2 522/726/2 520/580/2
f 265/228/7 272/227/7 273/581/7
f 146/35/2 329/741/2 330/582/2
f 283/156/7 282/155/7 289/351/7
f 850/293/131 143/292/7 144/128/7
f 116/519/7 265/228/7 266/190/7
f 1208/583/243 1210/1426/609 516/377/2
f 479/554/33 760/773/51 756/584/244
f 259/585/2 642/942/371 646/586/245
f 646/586/245 748/1127/457 257/459/2
f 454/87/7 333/707/7 336/587/7
f 535/13/7 49/240/7 1000/589/246
f 442/371/2 441/370/2 154/195/2
f 495/329/54 745/703/88 639/269/89
f 500/266/115 660/265/114 544/591/45
f 859/592/248 492/531/220 501/593/111
f 664/219/103 810/550/229 119/549/7
f 964/296/134 973/295/133 976/595/250
f 391/280/2 397/22/2 398/32/2
f 296/510/7 303/512/7 304/493/7
f 382/253/2 135/356/2 255/504/2
f 480/11/5 555/230/106 552/547/228
f 200/597/7 207/630/7 206/598/7
f 174/600/7 181/637/7 180/601/7
f 170/603/7 60/285/7 61/287/7
f 205/604/7 212/623/7 70/116/7
f 184/605/7 58/646/7 59/408/7
f 180/601/7 179/609/7 172/76/7
f 186/607/7 185/636/7 178/608/7
f 101/610/2 619/639/257 843/611/252
f 389/168/84 403/167/83 703/613/253
f 342/255/2 122/85/2 168/86/2
f 214/615/7 65/153/7 66/342/7
f 178/608/7 177/606/7 170/603/7
f 188/618/7 195/647/7 194/619/7
f 173/602/7 172/76/7 64/78/7
f 712/621/114 714/90/45 388/92/47
f 378/73/36 375/65/31 666/622/254
f 374/91/46 415/67/33 783/69/35
f 213/616/7 66/342/7 67/300/7
f 177/606/7 59/408/7 60/285/7
f 187/620/7 186/607/7 179/609/7
f 79/171/7 51/151/7 215/624/7
f 406/66/32 375/65/31 720/626/255
f 369/94/2 160/671/2 159/628/2
f 207/630/7 214/615/7 213/616/7
f 179/609/7 178/608/7 171/617/7
f 209/631/7 208/640/7 201/632/7
f 85/379/7 175/648/7 174/600/7
f 726/473/26 688/158/24 419/634/92
f 535/13/7 891/435/108 907/241/108
f 193/635/7 192/641/7 185/636/7
f 206/598/7 213/616/7 212/623/7
f 84/233/7 174/600/7 173/602/7
f 181/637/7 188/618/7 187/620/7
f 696/178/89 624/785/116 419/634/92
f 100/638/2 621/774/280 619/639/257
f 208/640/7 215/624/7 214/615/7
f 192/641/7 191/645/7 184/605/7
f 199/599/7 206/598/7 205/604/7
f 201/632/7 208/640/7 207/630/7
f 215/624/7 51/151/7 65/153/7
f 376/97/49 373/82/42 670/84/44
f 913/642/258 765/1188/258 384/643/92
f 191/645/7 198/415/7 72/104/7
f 192/641/7 199/599/7 198/415/7
f 185/636/7 184/605/7 177/606/7
f 194/619/7 193/635/7 186/607/7
f 216/625/7 215/624/7 208/640/7
f 418/374/166 388/92/47 609/344/155
f 336/587/7 333/707/7 356/137/7
f 194/619/7 201/632/7 200/597/7
f 191/645/7 50/361/7 58/646/7
f 212/623/7 67/300/7 69/114/7
f 171/617/7 170/603/7 62/109/7
f 202/633/7 201/632/7 194/619/7
f 193/635/7 200/597/7 199/599/7
f 86/341/7 176/113/7 175/648/7
f 77/420/7 78/169/7 217/649/7
f 75/470/7 218/650/7 211/460/7
f 240/48/2 80/93/2 54/651/2
f 242/653/2 241/46/2 234/654/2
f 243/656/2 249/668/2 248/657/2
f 243/656/2 242/653/2 235/655/2
f 241/46/2 240/48/2 233/652/2
f 210/659/7 209/631/7 202/633/7
f 204/462/7 203/461/7 196/660/7
f 74/468/7 211/460/7 204/462/7
f 221/662/2 220/689/2 57/120/2
f 242/653/2 248/657/2 247/664/2
f 314/665/2 321/676/2 320/666/2
f 249/668/2 314/665/2 313/667/2
f 218/650/7 217/649/7 210/659/7
f 203/461/7 202/633/7 195/647/7
f 190/669/7 197/661/7 196/660/7
f 246/47/2 311/681/2 159/628/2
f 87/273/7 88/111/7 176/113/7
f 248/657/2 313/667/2 312/672/2
f 92/673/2 223/684/2 222/674/2
f 321/676/2 82/119/2 99/677/2
f 319/678/2 100/638/2 101/610/2
f 189/670/7 196/660/7 195/647/7
f 176/113/7 183/112/7 182/680/7
f 247/664/2 312/672/2 311/681/2
f 78/169/7 79/171/7 216/625/7
f 313/667/2 320/666/2 319/678/2
f 230/682/2 237/8/2 236/658/2
f 223/684/2 230/682/2 229/683/2
f 89/685/7 90/139/7 190/669/7
f 182/680/7 189/670/7 188/618/7
f 73/231/7 204/462/7 197/661/7
f 234/654/2 233/652/2 226/411/2
f 240/48/2 246/47/2 160/671/2
f 320/666/2 99/677/2 100/638/2
f 250/5/2 249/668/2 243/656/2
f 237/8/2 244/687/2 243/656/2
f 217/649/7 216/625/7 209/631/7
f 318/679/2 101/610/2 157/612/2
f 227/686/2 226/411/2 219/413/2
f 439/396/2 56/412/2 368/394/2
f 222/674/2 221/662/2 91/663/2
f 322/391/2 321/676/2 314/665/2
f 315/691/2 314/665/2 249/668/2
f 183/112/7 190/669/7 189/670/7
f 175/648/7 182/680/7 181/637/7
f 219/413/2 486/843/2 430/692/2
f 311/681/2 318/679/2 158/688/2
f 228/693/2 227/686/2 220/689/2
f 229/683/2 228/693/2 221/662/2
f 224/323/2 231/325/2 230/682/2
f 93/324/2 224/323/2 223/684/2
f 233/652/2 54/651/2 55/694/2
f 90/139/7 52/141/7 197/661/7
f 76/418/7 77/420/7 218/650/7
f 312/672/2 319/678/2 318/679/2
f 235/655/2 234/654/2 227/686/2
f 236/658/2 235/655/2 228/693/2
f 231/325/2 238/9/2 237/8/2
f 167/117/2 82/119/2 321/676/2
f 323/695/7 105/389/7 134/299/7
f 1012/696/259 1015/465/194 957/466/195
f 1213/698/261 25/908/92 26/699/164
f 280/700/7 287/725/7 288/480/7
f 456/701/2 457/712/2 340/55/2
f 112/354/7 759/353/52 540/262/113
f 290/455/7 297/423/7 298/425/7
f 292/558/7 299/717/7 128/417/7
f 745/703/88 495/329/54 497/331/145
f 141/380/7 855/761/276 538/705/263
f 460/89/7 345/570/7 333/707/7
f 401/437/2 254/388/2 253/27/2
f 301/708/7 300/529/7 307/530/7
f 846/502/155 502/501/47 472/561/46
f 285/236/7 284/235/7 291/702/7
f 142/710/7 141/380/7 271/520/7
f 41/43/7 344/133/7 979/135/67
f 457/712/2 466/443/2 514/445/2
f 107/18/7 139/99/7 102/492/7
f 257/459/2 748/1127/457 838/714/265
f 293/715/7 127/263/7 126/716/7
f 298/425/7 305/424/7 306/215/7
f 464/311/7 463/509/7 454/87/7
f 140/382/7 139/99/7 269/100/7
f 550/719/266 494/565/236 476/488/205
f 294/481/7 293/715/7 300/529/7
f 658/556/233 149/320/2 150/721/2
f 492/531/220 873/775/281 871/722/109
f 835/214/102 642/942/371 259/585/2
f 303/512/7 323/695/7 324/439/7
f 922/723/258 509/515/92 478/517/214
f 287/725/7 286/567/7 293/715/7
f 295/482/7 294/481/7 301/708/7
f 272/227/7 279/568/7 280/700/7
f 381/247/2 380/28/2 530/30/2
f 279/568/7 286/567/7 287/725/7
f 445/211/2 260/210/2 259/585/2
f 323/695/7 309/548/7 119/549/7
f 813/333/147 559/988/395 131/478/7
f 264/524/2 456/701/2 338/57/2
f 391/280/2 386/357/2 396/359/2
f 565/555/35 479/554/33 504/533/50
f 520/580/2 1223/1422/607 1216/727/269
f 151/2/2 337/181/2 350/183/2
f 507/644/92 915/754/270 931/728/270
f 987/729/271 1012/696/259 954/697/260
f 477/250/110 867/1091/444 925/384/140
f 128/417/7 817/1126/151 735/507/68
f 97/730/2 98/781/2 239/731/2
f 95/732/2 96/70/2 225/72/2
f 239/731/2 98/781/2 447/733/2
f 317/735/2 316/4/2 251/6/2
f 161/261/2 448/845/2 446/737/2
f 162/130/2 317/735/2 310/736/2
f 245/7/2 251/6/2 250/5/2
f 332/392/2 322/391/2 315/691/2
f 568/34/12 138/36/2 147/738/2
f 485/740/2 427/814/2 342/255/2
f 467/503/2 255/504/2 135/356/2
f 328/309/2 341/197/2 346/199/2
f 326/742/7 132/334/7 131/478/7
f 286/567/7 104/264/7 127/263/7
f 384/643/92 765/1188/258 888/743/258
f 1027/60/29 993/59/28 967/596/251
f 654/745/273 471/142/69 474/144/71
f 786/149/74 789/985/393 412/404/176
f 335/243/2 332/392/2 316/4/2
f 838/714/265 648/1143/461 136/208/2
f 411/746/22 793/1072/177 583/747/274
f 990/364/67 452/363/7 41/43/7
f 84/233/7 46/232/7 47/378/7
f 361/748/2 483/770/2 485/740/2
f 64/78/7 63/77/7 365/749/7
f 163/132/2 335/243/2 317/735/2
f 329/741/2 346/199/2 347/434/2
f 473/750/275 811/546/227 663/720/267
f 333/707/7 345/570/7 362/138/7
f 490/751/2 245/7/2 238/9/2
f 507/644/92 384/643/92 763/753/270
f 883/475/199 499/522/215 491/38/14
f 478/517/214 498/579/198 879/756/200
f 420/302/46 894/421/140 900/314/140
f 877/387/168 254/388/2 468/757/2
f 452/363/7 43/452/7 966/454/192
f 1205/272/119 28/271/118 29/759/46
f 855/761/276 141/380/7 142/710/7
f 302/511/7 301/708/7 308/709/7
f 264/524/2 123/129/2 122/85/2
f 58/646/7 50/361/7 585/360/113
f 399/33/2 426/491/2 431/457/2
f 763/753/270 384/643/92 421/744/92
f 289/351/7 288/480/7 295/482/7
f 126/716/7 661/1158/181 807/221/104
f 141/380/7 140/382/7 270/718/7
f 515/498/2 910/500/99 774/203/99
f 356/137/7 365/749/7 366/176/7
f 433/690/2 368/394/2 359/763/2
f 387/173/86 424/766/92 897/764/258
f 369/94/2 370/629/2 361/748/2
f 55/694/2 367/62/2 368/394/2
f 54/651/2 363/63/2 367/62/2
f 558/765/277 496/189/97 497/331/145
f 364/95/2 369/94/2 360/614/2
f 583/747/274 906/767/270 424/766/92
f 363/63/2 364/95/2 168/86/2
f 906/767/270 892/762/270 421/744/92
f 344/133/7 981/145/72 945/768/278
f 466/443/2 457/712/2 456/701/2
f 325/440/7 133/298/7 132/334/7
f 113/352/7 112/354/7 279/568/7
f 270/718/7 269/100/7 276/154/7
f 455/588/7 336/587/7 769/244/56
f 158/688/2 831/798/294 829/769/279
f 361/748/2 889/450/125 428/449/2
f 536/15/7 453/873/7 916/771/108
f 73/231/7 727/955/211 685/772/64
f 510/283/2 484/514/2 766/448/125
f 771/125/63 631/365/159 409/372/164
f 472/561/46 541/560/169 760/773/51
f 99/677/2 697/800/296 621/774/280
f 928/499/99 514/445/2 517/444/2
f 299/717/7 306/215/7 129/217/7
f 873/775/281 492/531/220 504/533/50
f 459/282/2 468/757/2 467/503/2
f 612/776/12 83/675/2 91/663/2
f 303/512/7 302/511/7 309/548/7
f 958/778/282 961/1219/495 43/452/7
f 269/100/7 268/17/7 275/779/7
f 435/780/2 434/441/2 156/442/2
f 496/189/97 643/212/100 834/704/262
f 904/573/99 801/397/170 439/396/2
f 98/781/2 97/730/2 705/288/127
f 610/777/272 91/663/2 57/120/2
f 166/390/2 165/483/2 772/496/208
f 71/102/7 70/116/7 718/115/58
f 829/769/279 898/868/125 370/629/2
f 162/130/2 161/261/2 778/260/112
f 372/427/25 419/634/92 624/785/116
f 95/732/2 94/322/2 672/786/286
f 383/788/2 382/253/2 394/545/2
f 78/169/7 77/420/7 723/419/183
f 543/790/180 661/1158/181 126/716/7
f 422/24/2 442/371/2 443/451/2
f 503/791/173 576/572/62 573/755/63
f 672/786/286 94/322/2 93/324/2
f 494/565/236 550/719/266 546/793/289
f 76/418/7 75/470/7 606/469/196
f 51/151/7 79/171/7 600/170/85
f 432/276/2 438/395/2 798/796/292
f 775/303/137 909/915/137 506/385/46
f 308/709/7 307/530/7 121/218/7
f 59/408/7 711/410/181 826/797/293
f 157/612/2 843/611/252 831/798/294
f 108/252/2 109/536/2 465/523/2
f 267/192/7 274/191/7 275/779/7
f 305/424/7 325/440/7 326/742/7
f 597/627/256 601/166/82 389/168/84
f 882/799/295 574/479/201 156/442/2
f 99/677/2 82/119/2 625/118/59
f 841/801/297 494/565/236 471/142/69
f 49/240/7 48/916/7 996/802/298
f 1118/539/223 30/538/69 31/803/138
f 307/530/7 125/223/7 124/222/7
f 96/70/2 95/732/2 669/787/287
f 691/159/77 730/148/73 416/106/54
f 424/766/92 421/744/92 888/743/258
f 89/685/7 88/111/7 787/463/184
f 667/782/283 636/1031/418 81/259/2
f 443/451/2 262/163/2 261/165/2
f 143/292/7 271/520/7 278/234/7
f 93/324/2 92/673/2 784/805/300
f 473/750/275 651/487/204 649/306/139
f 92/673/2 83/675/2 612/776/12
f 517/444/2 110/326/2 528/328/2
f 379/315/141 804/1074/437 822/806/193
f 274/191/7 281/350/7 282/155/7
f 1198/808/301 42/859/118 37/809/46
f 111/201/2 328/309/2 329/741/2
f 37/811/46 36/925/69 1142/812/223
f 427/814/2 485/740/2 1126/815/303
f 19/817/138 18/835/97 1130/818/242
f 291/702/7 298/425/7 299/717/7
f 220/689/2 430/692/2 429/820/2
f 24/821/164 23/824/190 1153/822/306
f 23/824/190 22/841/118 1115/825/119
f 4/826/308 3/895/342 1162/827/305
f 1/829/310 8/854/324 1135/830/311
f 5/832/313 4/826/308 1166/828/309
f 503/791/173 820/37/13 738/54/26
f 417/23/2 402/438/2 435/780/2
f 109/536/2 110/326/2 466/443/2
f 147/738/2 138/36/2 330/582/2
f 351/254/2 382/253/2 383/788/2
f 847/739/272 147/738/2 148/557/2
f 148/557/2 147/738/2 331/433/2
f 18/835/97 17/888/92 1160/836/315
f 153/248/2 652/540/224 750/505/210
f 1207/804/299 31/803/138 32/837/97
f 150/721/2 149/320/2 337/181/2
f 432/276/2 488/121/2 1129/839/303
f 22/841/118 21/1297/46 1133/842/222
f 486/843/2 219/413/2 56/412/2
f 448/845/2 1165/899/346 1163/846/318
f 532/544/7 68/713/7 1011/847/319
f 7/849/321 6/852/118 1178/850/322
f 6/852/118 5/1284/313 1175/853/314
f 8/854/324 7/849/321 1139/851/323
f 263/258/2 462/310/2 461/355/2
f 521/237/2 1219/1367/583 1229/855/325
f 1231/495/207 1196/857/327 531/29/2
f 530/30/2 1192/1414/343 1226/856/326
f 1196/857/327 1192/1414/343 530/30/2
f 490/751/2 451/869/2 251/6/2
f 468/757/2 459/282/2 912/284/125
f 1181/858/328 40/865/190 42/859/118
f 1225/860/329 9/914/352 10/861/164
f 579/534/59 640/1042/296 262/163/2
f 2/863/97 1/829/310 1171/831/312
f 1184/564/235 39/563/164 40/865/190
f 339/477/2 351/254/2 352/506/2
f 402/438/2 401/437/2 434/441/2
f 34/866/97 33/1308/92 1144/562/234
f 889/450/125 361/748/2 370/629/2
f 98/781/2 81/259/2 446/737/2
f 310/736/2 450/900/2 448/845/2
f 451/869/2 450/900/2 310/736/2
f 489/752/2 238/9/2 239/731/2
f 439/396/2 440/887/2 487/844/2
f 886/870/137 420/302/46 423/316/46
f 426/491/2 444/209/2 445/211/2
f 437/205/2 436/204/2 359/763/2
f 273/581/7 280/700/7 281/350/7
f 423/316/46 379/315/141 802/872/332
f 453/873/7 534/922/7 930/874/108
f 802/872/332 379/315/141 414/807/78
f 1228/876/333 13/1302/351 14/877/69
f 1186/879/334 1202/552/231 511/319/2
f 564/880/300 570/202/98 111/201/2
f 516/377/2 1210/1426/609 1214/881/317
f 284/235/7 283/156/7 290/455/7
f 528/328/2 1117/1444/346 1208/583/243
f 525/383/2 1180/1437/616 1199/513/212
f 501/251/111 477/250/110 865/542/226
f 35/883/138 34/866/97 1127/867/331
f 484/514/2 1123/1376/588 1141/885/335
f 483/770/2 1121/927/361 1126/815/303
f 429/820/2 1148/928/362 1129/839/303
f 438/395/2 1156/890/337 1154/886/269
f 17/888/92 24/821/164 1157/823/307
f 489/752/2 1136/903/349 1138/889/336
f 438/395/2 432/276/2 1159/840/317
f 103/381/7 533/706/7 972/891/338
f 430/692/2 486/843/2 1132/893/340
f 3/895/342 2/863/97 1169/864/330
f 447/733/2 446/737/2 1163/846/318
f 447/733/2 1168/896/343 1172/897/344
f 448/845/2 450/900/2 1174/898/345
f 450/900/2 451/869/2 1177/901/347
f 490/751/2 1138/889/336 1177/901/347
f 427/814/2 1145/816/304 1183/902/348
f 489/752/2 449/734/2 1172/897/344
f 21/904/46 20/909/69 1151/905/309
f 487/844/2 1114/1388/583 1132/893/340
f 1222/862/307 10/861/164 11/907/321
f 913/642/258 507/644/92 509/515/92
f 1211/838/316 32/837/97 25/908/92
f 153/248/2 520/580/2 519/206/2
f 524/464/2 399/33/2 400/238/2
f 457/712/2 515/498/2 437/205/2
f 1183/902/348 1180/1437/616 525/383/2
f 20/909/69 19/817/138 1147/819/305
f 512/307/2 1204/1371/585 1190/910/350
f 1216/727/269 1219/1367/583 521/237/2
f 1220/486/119 12/485/203 13/911/351
f 1226/856/326 1223/1422/607 520/580/2
f 1232/878/223 14/877/69 15/913/342
f 513/20/2 1214/881/317 1186/879/334
f 1193/578/242 16/577/241 9/914/352
f 508/386/46 506/385/46 909/915/137
f 398/32/2 425/490/2 426/491/2
f 47/378/7 1002/918/354 996/802/298
f 47/378/7 46/232/7 1006/917/353
f 343/146/7 1020/924/359 1008/919/355
f 532/544/7 988/848/320 1023/920/356
f 103/381/7 1018/892/339 1014/921/357
f 44/147/7 1008/919/355 1006/917/353
f 534/922/7 975/923/358 972/891/338
f 453/873/7 1026/926/360 975/923/358
f 343/146/7 45/467/7 1023/920/356
f 68/713/7 102/492/7 1014/921/357
f 36/925/69 35/883/138 1120/884/299
f 453/873/7 536/15/7 970/14/8
f 483/770/2 428/449/2 1141/885/335
f 430/692/2 1150/894/341 1148/928/362
f 1190/910/350 1117/1444/346 528/328/2
f 820/37/13 849/39/15 851/929/363
f 851/931/363 850/293/131 819/127/64
f 856/933/225 537/516/213 539/934/365
f 857/935/366 539/934/365 538/705/263
f 754/403/175 846/502/155 848/936/367
f 755/938/368 848/1094/367 847/739/272
f 643/212/100 645/213/101 647/939/369
f 647/941/369 646/586/245 642/942/371
f 598/795/291 600/170/85 602/944/372
f 602/946/372 601/166/82 597/627/256
f 772/496/208 630/290/129 632/948/374
f 632/950/374 631/365/159 771/125/63
f 711/410/181 713/979/377 827/952/376
f 713/953/377 712/621/114 825/373/165
f 727/955/211 687/140/68 689/956/378
f 689/958/378 688/158/24 726/473/26
f 718/115/58 591/301/136 593/960/380
f 593/962/380 592/406/178 717/414/182
f 690/338/151 692/1011/408 689/956/378
f 689/958/378 692/1012/408 691/159/77
f 585/360/113 587/970/383 716/964/382
f 587/965/383 586/393/169 714/90/45
f 700/179/90 772/496/208 773/949/375
f 773/951/375 771/125/63 699/124/62
f 585/360/113 588/103/52 590/969/385
f 587/965/383 590/990/385 589/101/51
f 745/703/88 834/704/262 836/971/386
f 836/973/386 835/214/102 744/164/81
f 826/797/293 827/952/376 824/975/388
f 827/954/376 825/373/165 822/456/193
f 721/152/75 598/795/291 599/945/373
f 599/947/373 597/627/256 720/626/255
f 715/409/180 716/964/382 713/979/377
f 716/966/382 714/90/45 712/621/114
f 621/774/280 623/1097/387 620/980/390
f 620/981/390 623/1098/387 622/177/88
f 790/275/121 792/274/120 794/982/391
f 791/984/392 794/4032/391 793/405/177
f 558/765/277 560/1177/472 815/986/394
f 815/987/394 560/1178/472 559/988/395
f 588/103/52 675/783/284 677/989/396
f 590/990/385 677/1080/396 676/96/48
f 630/290/129 633/131/65 635/991/397
f 635/992/397 634/366/160 631/365/159
f 669/787/287 671/1065/432 782/993/398
f 782/994/398 671/1066/432 670/84/44
f 606/469/196 608/1024/415 605/995/399
f 605/996/399 608/1025/415 607/340/153
f 685/772/64 727/955/211 728/957/379
f 728/959/379 726/473/26 684/472/13
f 787/463/184 790/275/121 791/983/392
f 788/1000/400 791/984/392 789/985/393
f 829/769/279 831/798/294 833/1001/401
f 830/1003/402 833/4033/401 832/172/23
f 796/277/122 798/796/292 800/1004/403
f 797/1006/404 800/4034/403 799/162/80
f 876/724/268 878/1060/406 923/1007/405
f 878/1008/406 877/387/168 921/758/125
f 690/338/151 729/337/150 731/1010/407
f 692/1012/408 731/1099/407 730/148/73
f 705/288/127 707/1034/410 668/1013/409
f 707/1014/410 706/497/209 666/622/254
f 865/542/226 927/543/137 929/1016/411
f 866/1018/412 929/1133/411 928/499/99
f 861/594/249 863/4035/414 860/1019/413
f 863/1020/414 862/19/9 858/21/10
f 898/868/125 829/769/279 830/1002/402
f 899/1023/405 830/1003/402 828/174/87
f 685/772/64 686/997/364 608/1024/415
f 608/1025/415 686/998/364 684/472/13
f 616/122/60 796/277/122 797/1005/404
f 617/1027/368 797/1006/404 795/161/79
f 783/69/35 785/1076/417 614/1028/416
f 785/1029/417 784/805/300 612/776/12
f 636/1031/418 638/1109/450 779/1032/419
f 779/1033/419 638/1110/450 637/64/30
f 781/289/128 782/993/398 707/1034/410
f 782/994/398 780/83/43 706/497/209
f 633/131/65 702/784/285 704/1035/420
f 704/1036/420 703/613/253 634/366/160
f 856/541/225 857/4036/366 854/1037/421
f 857/935/366 855/761/276 852/291/130
f 639/269/89 641/1139/434 581/1040/423
f 581/1041/423 641/1140/434 640/1042/296
f 627/180/91 629/1102/429 626/1043/423
f 626/1044/423 629/1103/429 628/426/93
f 732/569/73 734/1124/407 563/1045/424
f 563/1046/424 734/1125/407 733/416/150
f 811/546/227 552/547/228 554/1047/425
f 554/1049/425 553/551/230 810/550/229
f 808/143/70 546/793/289 548/1051/427
f 548/1053/427 547/528/219 807/221/104
f 742/185/93 580/268/116 581/1040/423
f 581/1041/423 579/534/59 741/1056/91
f 645/213/101 747/10/4 749/1058/430
f 749/1059/430 748/1127/457 646/586/245
f 879/756/200 881/4037/431 878/1060/406
f 881/1061/431 880/25/11 877/387/168
f 660/265/114 662/1157/377 545/1062/382
f 662/1063/377 661/1158/181 543/790/180
f 672/786/286 674/1107/449 671/1065/432
f 671/1066/432 674/1108/449 673/432/188
f 801/397/170 803/1182/433 800/1004/403
f 803/1067/433 802/872/332 799/875/80
f 697/800/296 625/118/59 626/1043/423
f 626/1044/423 624/785/116 696/178/89
f 582/239/107 584/1071/435 794/982/391
f 584/1071/435 583/747/274 793/1072/177
f 805/110/57 823/286/126 824/975/388
f 806/1073/436 824/975/388 822/806/193
f 784/805/300 785/1029/417 710/1075/438
f 785/1076/417 783/69/35 708/68/34
f 723/419/183 725/1089/443 683/1078/439
f 683/1079/439 725/1090/443 724/188/96
f 675/783/284 718/115/58 719/961/381
f 719/963/381 717/414/182 676/96/48
f 679/335/148 721/152/75 722/977/389
f 680/1082/440 722/978/389 720/626/255
f 552/547/228 555/230/106 557/1083/441
f 557/1084/441 556/297/135 553/551/230
f 654/745/273 656/1151/465 842/1085/442
f 842/1086/442 656/1152/465 655/1/1
f 738/54/26 740/1130/379 737/1087/378
f 737/1088/378 740/1131/379 739/508/211
f 834/704/262 643/212/100 644/940/370
f 644/943/370 642/942/371 835/214/102
f 604/794/290 605/995/399 725/1089/443
f 725/1090/443 605/996/399 603/339/152
f 867/1091/444 869/1093/446 926/1092/445
f 869/1093/446 868/566/237 924/313/56
f 568/34/12 847/739/272 848/1094/367
f 569/1096/416 848/936/367 846/502/155
f 697/800/296 698/1069/434 623/1097/387
f 698/1070/434 696/178/89 622/177/88
f 778/260/112 779/1032/419 704/1035/420
f 704/1036/420 779/1033/419 777/332/146
f 729/337/150 787/463/184 788/999/400
f 788/1000/400 786/149/74 730/148/73
f 843/611/252 845/1104/447 833/1001/401
f 845/1100/447 844/49/21 832/51/23
f 627/180/91 700/179/90 701/967/384
f 629/1103/429 701/968/384 699/124/62
f 619/639/257 620/980/390 845/1104/447
f 620/981/390 618/105/53 844/49/21
f 591/301/136 594/336/149 596/1105/448
f 596/1106/448 595/74/37 592/406/178
f 709/792/98 710/1075/438 674/1107/449
f 674/1108/449 710/1077/438 708/68/34
f 667/782/283 668/1013/409 638/1109/450
f 638/1110/450 668/1015/409 666/622/254
f 600/170/85 682/789/288 683/1078/439
f 683/1079/439 681/187/95 601/166/82
f 663/720/267 665/1129/452 551/1111/451
f 665/1112/452 664/219/103 549/1113/453
f 883/475/199 573/755/63 575/1115/454
f 884/1117/455 575/1118/454 574/479/201
f 576/572/62 578/1170/384 575/1115/454
f 575/1118/454 578/1171/384 577/194/90
f 861/882/249 865/542/226 866/1017/412
f 863/1020/414 866/1018/412 864/375/167
f 925/384/140 926/1092/445 920/1120/456
f 926/1092/445 924/313/56 918/312/56
f 546/793/289 550/719/266 551/1111/451
f 551/1114/451 549/1113/453 547/528/219
f 544/591/45 545/1062/382 542/1121/383
f 545/1064/382 543/790/180 540/262/113
f 732/569/73 816/224/77 818/1123/408
f 734/1125/407 818/1172/408 817/1126/151
f 853/1038/422 854/1037/421 851/929/363
f 854/1039/421 852/291/130 850/293/131
f 837/12/6 839/1159/468 749/1058/430
f 749/1059/430 839/1160/468 838/714/265
f 879/476/200 883/475/199 884/1116/455
f 881/1061/431 884/1117/455 882/799/295
f 811/546/227 812/1048/426 665/1129/452
f 812/1050/426 810/550/229 664/219/103
f 820/37/13 821/930/364 740/1130/379
f 821/932/364 819/127/64 739/508/211
f 594/336/149 679/335/148 680/1081/440
f 596/1106/448 680/1082/440 678/75/38
f 909/915/137 911/1195/411 929/1016/411
f 911/1132/411 910/500/99 928/499/99
f 610/777/272 616/122/60 617/1026/368
f 611/1135/367 617/1027/368 615/346/157
f 609/344/155 613/343/154 614/1028/416
f 611/1134/367 614/1030/416 612/776/12
f 871/722/109 873/775/281 875/1136/458
f 872/1138/459 875/1164/458 874/575/239
f 745/703/88 746/972/387 641/1139/434
f 746/974/387 744/164/81 640/1042/296
f 651/487/204 653/1153/466 650/1141/460
f 650/1142/460 653/1154/466 652/540/224
f 751/489/206 841/801/297 842/1085/442
f 752/1145/462 842/1086/442 840/3/3
f 814/42/18 815/986/394 695/1146/463
f 695/1147/463 815/987/394 813/333/147
f 871/249/109 872/1138/459 869/1093/446
f 872/1138/459 870/525/216 868/566/237
f 760/773/51 541/560/169 542/1121/383
f 761/1150/385 542/1122/383 540/262/113
f 657/402/174 659/1155/467 656/1151/465
f 656/1152/465 659/1156/467 658/556/233
f 651/487/204 751/489/206 752/1144/462
f 653/1154/466 752/1145/462 750/505/210
f 754/403/175 755/937/368 659/1155/467
f 659/1156/467 755/938/368 753/834/60
f 660/265/114 808/143/70 809/1052/428
f 809/1054/428 807/221/104 661/1158/181
f 649/306/139 650/1141/460 839/1159/468
f 839/1160/468 650/1142/460 648/1143/461
f 891/435/108 893/1162/469 908/1161/469
f 893/1162/469 892/762/270 906/767/270
f 873/775/281 756/584/244 758/1163/396
f 875/1164/458 758/1190/396 757/1165/284
f 885/574/99 887/1184/411 905/1166/470
f 887/1167/411 886/870/137 903/871/137
f 901/108/56 805/110/57 806/1073/436
f 902/1169/456 806/1073/436 804/1074/437
f 576/572/62 742/185/93 743/1055/429
f 743/1057/429 741/1056/91 577/194/90
f 816/224/77 736/52/24 737/1087/378
f 737/1088/378 735/507/68 817/1126/151
f 915/754/270 917/1174/469 932/1173/469
f 917/1174/469 916/771/108 930/874/108
f 859/592/248 860/1019/413 572/1175/471
f 860/1021/413 858/21/10 570/202/98
f 562/330/144 563/1045/424 560/1177/472
f 560/1178/472 563/1046/424 561/428/184
f 555/230/106 694/40/16 695/1146/463
f 695/1147/463 693/1148/464 556/297/135
f 537/516/213 931/728/270 932/1173/469
f 539/934/365 932/1173/469 930/874/108
f 898/868/125 899/1022/405 890/1179/405
f 899/1023/405 897/764/258 888/743/258
f 901/108/56 902/1169/456 896/1181/456
f 902/1169/456 900/314/140 894/421/140
f 904/573/99 905/1166/470 803/1182/433
f 905/1168/470 903/871/137 802/872/332
f 907/241/108 908/1161/469 584/1071/435
f 908/1161/469 906/767/270 583/747/274
f 895/175/56 896/1181/456 770/1183/456
f 896/1181/456 894/421/140 768/422/140
f 774/203/99 776/1196/411 887/1184/411
f 776/1185/411 775/303/137 886/870/137
f 762/436/108 764/1186/469 893/1162/469
f 764/1186/469 763/753/270 892/762/270
f 889/450/125 890/1179/405 767/1187/405
f 890/1180/405 888/743/258 765/1188/258
f 756/584/244 760/773/51 761/1149/385
f 758/1190/396 761/1150/385 759/353/52
f 571/532/221 572/1175/471 566/1191/417
f 572/1176/471 570/202/98 564/880/300
f 922/723/258 923/1007/405 914/1193/405
f 923/1009/405 921/758/125 912/284/125
f 568/34/12 569/1095/416 566/1192/417
f 569/1096/416 567/553/232 565/555/35
f 919/521/140 920/1120/456 770/1183/456
f 920/1120/456 918/312/56 769/244/56
f 763/753/270 764/1186/469 917/1174/469
f 764/1186/469 762/436/108 916/771/108
f 913/642/258 914/1193/405 767/1189/405
f 914/1194/405 912/284/125 766/448/125
f 775/303/137 776/1185/411 911/1195/411
f 776/1196/411 774/203/99 910/500/99
f 538/705/263 930/874/108 534/922/7
f 942/399/171 945/768/278 947/1197/473
f 944/1198/474 947/1197/473 946/471/197
f 991/571/238 954/697/260 956/1199/475
f 992/1200/476 956/1199/475 955/362/158
f 939/400/172 941/1202/478 938/1201/477
f 941/1202/478 940/79/39 936/318/143
f 997/80/40 999/430/186 1001/1203/479
f 998/1204/480 1001/1203/479 1000/589/246
f 996/802/298 1002/918/354 1004/1205/481
f 998/1204/480 1004/1205/481 1003/81/41
f 1008/919/355 1010/1207/483 1007/1206/482
f 1010/1207/483 1009/1221/497 1005/317/142
f 937/431/187 938/1201/477 935/1208/484
f 938/1201/477 936/318/143 933/367/161
f 993/59/28 995/1210/486 968/1209/485
f 995/1210/486 994/44/19 966/454/192
f 954/697/260 957/466/195 959/1211/487
f 956/1199/475 959/1211/487 958/778/282
f 988/848/320 1011/847/319 1013/1212/488
f 989/1213/489 1013/1212/488 1012/696/259
f 1015/465/194 1012/696/259 1013/1212/488
f 1016/1214/490 1013/1212/488 1011/847/319
f 1005/317/142 1003/81/41 1004/1205/481
f 1007/1206/482 1004/1205/481 1002/918/354
f 1017/1215/491 1019/1217/493 974/1216/492
f 1019/1217/493 1018/892/339 972/891/338
f 957/466/195 960/294/132 962/1218/494
f 959/1211/487 962/1218/494 961/1219/495
f 975/923/358 977/1220/496 974/1216/492
f 977/1220/496 976/595/250 973/295/133
f 939/400/172 942/399/171 944/1198/474
f 941/1202/478 944/1198/474 943/429/185
f 1018/892/339 1019/1217/493 1016/1214/490
f 1019/1217/493 1017/1215/491 1015/465/194
f 1009/1221/497 1010/1207/483 1022/1222/498
f 1010/1207/483 1008/919/355 1020/924/359
f 934/134/66 935/1208/484 980/1223/476
f 935/1208/484 933/367/161 978/369/163
f 985/590/247 1000/589/246 1001/1203/479
f 986/1224/499 1001/1203/479 999/430/186
f 945/768/278 981/145/72 983/1225/500
f 947/1197/473 983/1225/500 982/278/123
f 970/14/8 985/590/247 986/1224/499
f 971/1226/501 986/1224/499 984/279/124
f 979/135/67 980/1223/476 953/1227/502
f 980/1223/476 978/369/163 951/527/218
f 1021/368/162 1022/1222/498 1025/1228/503
f 1022/1222/498 1020/924/359 1023/920/356
f 981/145/72 948/45/20 950/1229/504
f 983/1225/500 950/1229/504 949/1230/505
f 964/296/134 965/1231/506 962/1218/494
f 965/1231/506 963/453/191 961/1219/495
f 976/595/250 977/1220/496 1028/1232/507
f 977/1220/496 975/923/358 1026/926/360
f 967/596/251 968/1209/485 965/1231/506
f 968/1209/485 966/454/192 963/453/191
f 1023/920/356 988/848/320 989/1213/489
f 1025/1228/503 989/1213/489 987/729/271
f 951/527/218 991/571/238 992/1200/476
f 953/1227/502 992/1200/476 990/364/67
f 949/1230/505 950/1229/504 995/1210/486
f 950/1229/504 948/45/20 994/44/19
f 1027/60/29 1028/1232/507 971/1226/501
f 1028/1232/507 1026/926/360 970/14/8
f 936/318/143 1005/317/142 1009/1221/497
f 1045/1233/508 1046/1253/517 1030/1234/2
f 1051/1236/510 1052/1259/526 1031/1237/2
f 1063/1242/514 1064/1271/538 1033/1243/2
f 1037/1245/516 1038/1249/519 1029/1246/2
f 1039/1248/518 1040/1251/521 1029/1246/2
f 1041/1250/520 1035/1263/530 1029/1246/2
f 1057/1252/516 1056/1255/523 1030/1234/2
f 1047/1254/522 1044/1275/521 1030/1234/2
f 1048/1256/524 1050/1238/511 1031/1237/2
f 1053/1258/522 1054/1261/528 1031/1237/2
f 1055/1260/527 1049/1257/525 1031/1237/2
f 1034/1262/529 1036/1247/517 1029/1246/2
f 1070/1270/537 1066/1273/540 1033/1243/2
f 1067/1272/539 1061/1277/543 1033/1243/2
f 1042/1274/541 1043/1235/509 1030/1234/2
f 1060/1276/542 1062/1244/515 1033/1243/2
f 2/863/97 1074/1279/545 1075/1278/544
f 3/895/342 1076/1280/546 1074/1279/545
f 4/826/308 1077/1282/547 1076/1280/546
f 5/1281/313 1078/4038/548 1077/1282/547
f 6/852/118 1079/1285/549 1078/1283/548
f 7/849/321 1080/1286/550 1079/1285/549
f 8/854/324 1081/1287/551 1080/1286/550
f 1/829/310 1075/1278/544 1081/1287/551
f 9/914/352 1083/1305/564 1082/1288/552
f 10/861/164 1082/1288/552 1084/1289/550
f 15/913/342 1086/1304/546 1085/1290/553
f 11/907/321 1084/1289/550 1087/1291/554
f 18/835/97 1088/4039/556 1089/1292/555
f 19/817/138 1090/1294/557 1088/1293/556
f 20/909/69 1091/1295/558 1090/1294/557
f 21/904/46 1092/4040/559 1091/1295/558
f 22/841/118 1093/1298/560 1092/1296/559
f 23/824/190 1094/1299/561 1093/1298/560
f 24/821/164 1095/4041/562 1094/1299/561
f 17/888/92 1089/1292/555 1095/1300/562
f 12/485/203 1087/1291/554 1096/1301/563
f 13/1302/351 1096/4042/563 1097/1303/547
f 14/877/69 1097/4043/547 1086/1304/546
f 16/577/241 1085/1290/553 1083/1305/564
f 25/908/92 1099/1322/578 1098/1306/565
f 34/866/97 1100/1309/567 1101/1307/566
f 35/883/138 1102/1310/568 1100/1309/567
f 36/925/69 1103/1311/569 1102/1310/568
f 37/811/46 1104/4044/579 1103/1311/569
f 26/699/164 1098/1306/565 1105/1312/570
f 39/563/164 1107/4045/580 1106/1313/571
f 28/271/118 1109/1317/574 1108/1314/572
f 40/865/190 1106/1313/571 1110/1316/573
f 27/447/190 1105/1312/570 1109/1317/574
f 30/538/69 1112/1320/576 1111/1318/575
f 29/1319/46 1108/4046/572 1112/1320/576
f 31/803/138 1111/1318/575 1113/1321/577
f 32/837/97 1113/1321/577 1099/1322/578
f 42/859/118 1110/1316/573 1104/1323/579
f 33/1308/92 1101/4047/566 1107/1324/580
f 1034/1262/529 1035/1263/530 1075/1325/544
f 1036/1247/517 1034/1262/529 1074/1326/545
f 1037/1245/516 1036/1247/517 1076/1327/546
f 1037/1245/516 1077/1328/547 1078/1329/548
f 1039/1248/518 1038/1249/519 1078/1329/548
f 1039/1248/518 1079/1330/549 1080/1331/550
f 1040/1251/521 1080/1331/550 1081/1332/551
f 1041/1250/520 1081/1332/551 1075/1325/544
f 1042/1274/541 1082/1334/552 1083/1333/564
f 1044/1275/521 1084/1337/550 1082/1334/552
f 1046/1253/517 1045/1233/508 1085/1335/553
f 1047/1254/522 1087/1346/554 1084/1337/550
f 1048/1256/524 1049/1257/525 1089/1338/555
f 1048/1256/524 1088/1339/556 1090/1340/557
f 1051/1236/510 1050/1238/511 1090/1340/557
f 1052/1259/526 1051/1236/510 1091/1341/558
f 1052/1259/526 1092/1342/559 1093/1343/560
f 1054/1261/528 1053/1258/522 1093/1343/560
f 1054/1261/528 1094/1344/561 1095/1345/562
f 1055/1260/527 1095/1345/562 1089/1338/555
f 1056/1255/523 1096/1347/563 1087/1346/554
f 1057/1252/516 1097/1348/547 1096/1347/563
f 1057/1252/516 1046/1253/517 1086/1336/546
f 1045/1233/508 1043/1235/509 1083/1333/564
f 1058/1239/512 1098/1355/565 1099/1349/578
f 1061/1277/543 1101/1364/566 1100/1350/567
f 1060/1276/542 1100/1350/567 1102/1351/568
f 1063/1242/514 1062/1244/515 1102/1351/568
f 1063/1242/514 1103/1352/569 1104/1353/579
f 1058/1239/512 1065/1269/536 1105/1354/570
f 1067/1272/539 1066/1273/540 1106/1356/571
f 1068/1267/534 1108/1360/572 1109/1358/574
f 1070/1270/537 1110/1363/573 1106/1356/571
f 1069/1268/535 1109/1358/574 1105/1354/570
f 1071/1265/532 1111/1362/575 1112/1359/576
f 1068/1267/534 1072/1266/533 1112/1359/576
f 1071/1265/532 1073/1264/531 1113/1361/577
f 1073/1264/531 1059/1240/513 1099/1349/578
f 1070/1270/537 1064/1271/538 1104/1353/579
f 1061/1277/543 1067/1272/539 1107/1357/580
f 1228/912/333 1230/4048/582 1221/1365/581
f 1230/1366/582 1229/855/325 1219/1367/583
f 1189/760/222 1191/4049/620 1206/1369/584
f 1206/1370/584 1191/1449/620 1190/910/350
f 1121/927/361 1141/885/335 1143/1372/586
f 1143/1374/586 1142/812/223 1120/884/299
f 1123/1376/588 1125/1450/621 1143/1372/586
f 1143/1377/586 1125/4050/621 1124/813/302
f 1144/562/234 1146/1453/622 1128/1378/589
f 1128/1379/589 1146/1454/622 1145/816/304
f 1150/894/341 1152/1385/591 1149/1380/590
f 1152/1381/591 1151/905/309 1147/819/305
f 1153/822/306 1155/1392/596 1158/1383/592
f 1158/1384/592 1155/1393/596 1154/886/269
f 1132/893/340 1134/1389/594 1152/1385/591
f 1152/1381/591 1134/4051/594 1133/906/222
f 1160/836/315 1157/823/307 1158/1383/592
f 1161/1387/593 1158/1384/592 1156/890/337
f 1114/1388/583 1116/4052/595 1134/1389/594
f 1116/1390/595 1115/825/119 1133/842/222
f 1153/822/306 1115/825/119 1116/1390/595
f 1155/1393/596 1116/4052/595 1114/1388/583
f 1160/836/315 1161/1386/593 1131/1394/589
f 1131/1395/589 1161/1387/593 1159/840/317
f 1148/928/362 1149/1380/590 1131/1395/589
f 1131/1394/589 1149/1382/590 1147/819/305
f 1165/899/346 1167/1403/598 1164/1396/597
f 1167/1397/598 1166/828/309 1162/827/305
f 1171/831/312 1173/1410/600 1170/1399/599
f 1173/1400/600 1172/897/344 1168/896/343
f 1165/899/346 1174/898/345 1176/1402/601
f 1167/1397/598 1176/4053/601 1175/833/314
f 1174/898/345 1177/901/347 1179/1404/595
f 1179/1405/595 1178/850/322 1175/853/314
f 1178/850/322 1179/1405/595 1140/1407/602
f 1179/1404/595 1177/901/347 1138/889/336
f 1171/831/312 1135/830/311 1137/1409/603
f 1173/1400/600 1137/1411/603 1136/903/349
f 1168/896/343 1163/846/318 1164/1396/597
f 1170/1399/599 1164/4054/597 1162/827/305
f 1139/851/323 1140/1407/602 1137/1409/603
f 1140/1408/602 1138/889/336 1136/903/349
f 1225/860/329 1227/4055/600 1194/1412/604
f 1227/1413/600 1226/856/326 1192/1414/343
f 1196/857/327 1231/495/207 1233/1416/605
f 1233/1418/605 1232/878/223 1195/576/240
f 1217/484/202 1220/486/119 1221/1365/581
f 1218/1421/606 1221/1368/581 1219/1367/583
f 1223/1422/607 1226/856/326 1227/1413/600
f 1224/1424/608 1227/4055/600 1225/860/329
f 1195/576/240 1193/578/242 1194/1412/604
f 1197/1417/590 1194/1415/604 1192/1414/343
f 1210/1426/609 1212/1446/611 1215/1427/610
f 1212/1428/611 1211/838/316 1213/698/261
f 1202/552/231 1186/879/334 1188/1430/612
f 1188/1432/612 1187/446/189 1201/270/117
f 1181/858/328 1198/808/301 1200/1434/614
f 1200/1436/614 1199/513/212 1180/1437/616
f 1181/858/328 1182/1435/615 1185/1439/617
f 1185/1440/617 1182/1438/615 1180/1437/616
f 1121/927/361 1122/1373/587 1128/1379/589
f 1128/1441/589 1122/1375/587 1120/884/299
f 1214/881/317 1215/1427/610 1188/1430/612
f 1188/1432/612 1215/1429/610 1213/698/261
f 1207/804/299 1209/4056/619 1119/1442/618
f 1209/1443/619 1208/583/243 1117/1444/346
f 1208/583/243 1209/1443/619 1212/1446/611
f 1212/1428/611 1209/4056/619 1207/804/299
f 1201/270/117 1205/272/119 1206/1369/584
f 1203/1431/613 1206/1370/584 1204/1371/585
f 1223/1422/607 1224/1423/608 1218/1421/606
f 1224/1424/608 1222/862/307 1217/484/202
f 1228/876/333 1232/878/223 1233/1418/605
f 1233/1416/605 1231/495/207 1229/855/325
f 1189/537/222 1118/539/223 1119/1442/618
f 1191/1449/620 1119/1445/618 1117/1444/346
f 1123/1376/588 1199/513/212 1200/1436/614
f 1200/1434/614 1198/808/301 1124/810/302
f 1144/562/234 1184/564/235 1185/1452/617
f 1185/1440/617 1183/902/348 1145/816/304
f 487/844/2 440/887/2 1154/886/269
f 1265/1455/46 1266/1482/46 1283/1456/623
f 1238/1458/625 1287/1538/689 1295/1459/626
f 1340/1461/628 1258/4057/676 1259/1462/629
f 1355/1464/631 1263/4058/681 1264/1465/632
f 1346/1467/634 1261/1495/652 1254/1468/635
f 1240/1470/637 1248/1506/662 1308/1471/638
f 1272/1473/46 1328/1520/674 1322/1474/640
f 1271/1476/46 1311/1498/654 1281/1477/641
f 1332/1479/642 1275/1496/46 1341/1480/643
f 1266/1482/46 1237/1537/46 1239/1483/46
f 1283/1456/623 1266/1482/46 1267/1484/46
f 1269/1486/46 1296/1502/658 1286/1485/645
f 1274/1487/46 1273/1475/46 1322/1474/640
f 1290/1457/624 1307/1510/666 1271/1476/46
f 1335/1489/647 1325/1515/671 1253/1490/648
f 1310/1492/650 1247/4059/3980 1235/1493/2
f 1353/1466/633 1264/1465/632 1261/1495/652
f 1275/1496/46 1274/1487/46 1326/1488/646
f 1311/1498/654 1271/1476/46 1317/1499/655
f 1302/1501/657 1304/1554/705 1296/1502/658
f 1245/1503/659 1244/1534/686 1305/1504/660
f 1248/1506/662 1251/1516/672 1314/1507/663
f 1246/1508/664 1245/4060/659 1301/1505/661
f 1307/1510/666 1313/1556/707 1317/1499/655
f 1250/1511/667 1249/1536/688 1320/1512/668
f 1323/1514/670 1252/4061/138 1253/1490/648
f 1251/1516/672 1250/4062/667 1316/1513/669
f 1277/1517/673 1292/1533/685 1269/1486/46
f 1276/1519/46 1347/1525/679 1328/1520/674
f 1344/1521/675 1257/1542/693 1258/1522/676
f 1349/1523/677 1358/1573/724 1356/1524/678
f 1356/1524/678 1352/1568/719 1347/1525/679
f 1359/1526/680 1262/1543/694 1263/1527/681
f 1234/1528/7 1243/1535/687 1293/1529/682
f 1239/1483/46 1237/1537/46 1273/1475/46
f 1284/1531/684 1236/4063/190 1240/1470/637
f 1241/1532/46 1237/1537/46 1266/1482/46
f 1268/1518/46 1269/1486/46 1267/1484/46
f 1281/1477/641 1349/1523/677 1276/1519/46
f 1277/1517/673 1268/1518/46 1275/1496/46
f 1265/1455/46 1271/1476/46 1270/1478/46
f 1292/1533/685 1298/1549/700 1302/1501/657
f 1244/1534/686 1242/1460/627 1295/1459/626
f 1243/1535/687 1246/1508/664 1299/1509/665
f 1249/1536/688 1247/4059/3980 1310/1492/650
f 1254/1468/635 1252/4061/138 1323/1514/670
f 1241/1532/46 1272/1473/46 1273/1475/46
f 1268/1518/46 1239/1483/46 1274/1487/46
f 1238/1458/625 1236/4063/190 1284/1531/684
f 1235/1493/2 1260/4064/3981 1350/1539/690
f 1270/1478/46 1276/1519/46 1272/1473/46
f 1338/1463/630 1259/1462/629 1256/1540/691
f 1335/1489/647 1255/1491/649 1257/1542/693
f 1334/1497/653 1343/1546/697 1341/1480/643
f 1350/1539/690 1260/4064/3981 1262/1543/694
f 1344/1521/675 1340/1461/628 1342/1544/695
f 1345/1545/696 1342/1544/695 1341/1480/643
f 1335/1489/647 1344/1521/675 1345/1545/696
f 1336/1547/698 1345/1545/696 1343/1546/697
f 1289/1472/639 1291/1565/716 1285/1548/699
f 1285/1548/699 1291/1565/716 1290/1457/624
f 1286/1485/645 1288/1563/714 1285/1548/699
f 1285/1548/699 1288/1563/714 1287/1538/689
f 1298/1549/700 1292/1533/685 1294/1550/701
f 1300/1551/702 1294/1550/701 1293/1529/682
f 1302/1501/657 1298/1549/700 1300/1551/702
f 1303/1552/703 1300/1551/702 1299/1509/665
f 1302/1501/657 1303/1552/703 1306/1553/704
f 1303/1552/703 1301/1505/661 1305/1504/660
f 1304/1554/705 1306/1553/704 1297/1555/706
f 1306/1553/704 1305/1504/660 1295/1459/626
f 1313/1556/707 1307/1510/666 1309/1557/708
f 1315/1558/709 1309/1557/708 1308/1471/638
f 1317/1499/655 1313/1556/707 1315/1558/709
f 1318/1559/710 1315/1558/709 1314/1507/663
f 1317/1499/655 1318/1559/710 1321/1560/711
f 1318/1559/710 1316/1513/669 1320/1512/668
f 1319/1500/656 1321/1560/711 1312/1561/712
f 1321/1560/711 1320/1512/668 1310/1492/650
f 1292/1533/685 1277/1517/673 1279/1562/713
f 1294/1550/701 1279/1562/713 1278/1530/683
f 1296/1502/658 1297/1555/706 1288/1563/714
f 1297/1555/706 1295/1459/626 1287/1538/689
f 1311/1498/654 1312/1561/712 1282/1564/715
f 1312/1561/712 1310/1492/650 1280/1494/651
f 1307/1510/666 1290/1457/624 1291/1565/716
f 1309/1557/708 1291/1565/716 1289/1472/639
f 1346/1467/634 1348/1567/718 1354/1566/717
f 1348/1567/718 1347/1525/679 1352/1568/719
f 1325/1515/671 1327/1576/727 1324/1569/720
f 1324/1569/720 1327/1576/727 1326/1488/646
f 1338/1463/630 1339/1570/721 1342/1544/695
f 1339/1570/721 1337/1481/644 1341/1480/643
f 1350/1539/690 1359/1526/680 1360/1571/722
f 1351/1572/723 1360/1571/722 1358/1573/724
f 1359/1526/680 1355/1464/631 1357/1574/725
f 1360/1571/722 1357/1574/725 1356/1524/678
f 1353/1466/633 1354/1566/717 1357/1574/725
f 1354/1566/717 1352/1568/719 1356/1524/678
f 1328/1520/674 1330/1577/728 1324/1569/720
f 1324/1569/720 1330/1577/728 1329/1469/636
f 1331/1541/692 1333/1575/726 1339/1570/721
f 1333/1575/726 1332/1479/642 1337/1481/644
f 1325/1515/671 1335/1489/647 1336/1547/698
f 1327/1576/727 1336/1547/698 1334/1497/653
f 1329/1469/636 1330/1577/728 1348/1567/718
f 1330/1577/728 1328/1520/674 1347/1525/679
f 1278/1530/683 1279/1562/713 1333/1575/726
f 1279/1562/713 1277/1517/673 1332/1479/642
f 1280/1494/651 1350/1539/690 1351/1572/723
f 1282/1564/715 1351/1572/723 1349/1523/677
f 1331/1541/692 1256/1540/691 1234/1528/7
f 1394/1578/729 1395/1585/735 1410/1579/730
f 1411/1581/732 1417/1657/798 1365/1582/46
f 1396/1584/734 1416/1587/737 1410/1579/730
f 1396/1584/734 1397/1589/739 1419/1586/736
f 1398/1588/738 1422/1591/741 1419/1586/736
f 1399/1590/740 1425/1593/743 1422/1591/741
f 1399/1590/740 1400/1595/745 1428/1592/742
f 1401/1594/744 1431/1597/747 1428/1592/742
f 1402/1596/746 1434/1599/749 1431/1597/747
f 1403/1598/748 1437/1601/751 1434/1599/749
f 1404/1600/750 1440/1603/753 1437/1601/751
f 1404/1600/750 1405/1604/754 1443/1602/752
f 1405/1604/754 1406/1606/756 1446/1605/755
f 1406/1606/756 1407/1608/758 1449/1607/757
f 1407/1608/758 1408/1614/763 1452/1609/759
f 1393/1610/7 1382/1623/772 1380/1611/760
f 1409/1613/762 1455/1615/764 1452/1609/759
f 1409/1613/762 1394/1578/729 1414/1580/731
f 1393/1610/7 1390/1658/799 1388/1616/765
f 1392/1618/767 1390/1658/799 1393/1610/7
f 1393/1610/7 1374/1628/777 1372/1620/769
f 1393/1610/7 1386/1617/766 1384/1622/771
f 1393/1610/7 1370/1621/770 1368/1624/773
f 1364/1626/775 1362/1619/768 1393/1610/7
f 1393/1610/7 1378/1612/761 1376/1627/776
f 1413/1629/778 1411/1581/732 1363/1583/733
f 1456/1631/780 1413/1629/778 1361/1630/779
f 1420/1633/782 1423/1636/784 1369/1634/203
f 1423/1636/784 1426/1638/786 1371/1637/785
f 1426/1638/786 1429/1640/787 1373/1639/32
f 1429/1640/787 1432/1642/788 1375/1641/83
f 1432/1642/788 1435/1644/789 1377/1643/164
f 1435/1644/789 1438/1646/790 1379/1645/173
f 1438/1646/790 1441/1648/791 1381/1647/92
f 1441/1648/791 1444/1650/792 1383/1649/54
f 1444/1650/792 1447/1652/793 1385/1651/241
f 1447/1652/793 1450/1654/795 1387/1653/794
f 1450/1654/795 1453/1656/797 1389/1655/796
f 1453/1656/797 1456/1631/780 1391/1632/781
f 1417/1657/798 1420/1633/782 1367/1635/783
f 1362/1619/768 1394/1578/729 1409/1613/762
f 1392/1618/767 1409/1613/762 1408/1614/763
f 1388/1616/765 1390/1658/799 1408/1614/763
f 1386/1617/766 1388/1616/765 1407/1608/758
f 1384/1622/771 1386/1617/766 1406/1606/756
f 1384/1622/771 1405/1604/754 1404/1600/750
f 1380/1611/760 1382/1623/772 1404/1600/750
f 1380/1611/760 1403/1598/748 1402/1596/746
f 1376/1627/776 1378/1612/761 1402/1596/746
f 1376/1627/776 1401/1594/744 1400/1595/745
f 1372/1620/769 1374/1628/777 1400/1595/745
f 1372/1620/769 1399/1590/740 1398/1588/738
f 1368/1624/773 1370/1621/770 1398/1588/738
f 1366/1625/774 1368/1624/773 1397/1589/739
f 1366/1625/774 1396/1584/734 1395/1585/735
f 1364/1626/775 1395/1585/735 1394/1578/729
f 1411/1581/732 1413/1629/778 1415/1659/800
f 1415/1659/800 1414/1580/731 1410/1579/730
f 1417/1657/798 1411/1581/732 1412/1660/801
f 1418/1661/802 1412/1660/801 1410/1579/730
f 1417/1657/798 1418/1661/802 1421/1662/803
f 1418/1661/802 1416/1587/737 1419/1586/736
f 1420/1633/782 1421/1662/803 1424/1663/804
f 1424/1663/804 1421/1662/803 1419/1586/736
f 1423/1636/784 1424/1663/804 1427/1664/805
f 1427/1664/805 1424/1663/804 1422/1591/741
f 1426/1638/786 1427/1664/805 1430/1665/806
f 1430/1665/806 1427/1664/805 1425/1593/743
f 1429/1640/787 1430/1665/806 1433/1666/807
f 1433/1666/807 1430/1665/806 1428/1592/742
f 1432/1642/788 1433/1666/807 1436/1667/808
f 1436/1667/808 1433/1666/807 1431/1597/747
f 1435/1644/789 1436/1667/808 1439/1668/809
f 1439/1668/809 1436/1667/808 1434/1599/749
f 1441/1648/791 1438/1646/790 1439/1668/809
f 1442/1669/810 1439/1668/809 1437/1601/751
f 1441/1648/791 1442/1669/810 1445/1670/811
f 1442/1669/810 1440/1603/753 1443/1602/752
f 1447/1652/793 1444/1650/792 1445/1670/811
f 1445/1670/811 1443/1602/752 1446/1605/755
f 1450/1654/795 1447/1652/793 1448/1671/812
f 1448/1671/812 1446/1605/755 1449/1607/757
f 1453/1656/797 1450/1654/795 1451/1672/813
f 1451/1672/813 1449/1607/757 1452/1609/759
f 1456/1631/780 1453/1656/797 1454/1673/814
f 1454/1673/814 1452/1609/759 1455/1615/764
f 1413/1629/778 1456/1631/780 1457/1674/815
f 1457/1674/815 1455/1615/764 1414/1580/731
f 1503/1675/816 1463/1693/831 1460/1676/817
f 1484/1678/818 1503/1675/816 1459/1677/92
f 1473/1680/820 1464/1696/834 1504/1681/821
f 1474/1683/823 1500/1686/825 1458/1684/46
f 1500/1686/825 1495/1713/851 1490/1687/826
f 1501/1682/822 1504/1681/821 1483/1688/827
f 1494/1690/829 1485/1708/846 1480/1691/830
f 1463/1693/831 1466/1697/835 1467/1694/832
f 1464/1696/834 1468/1699/837 1467/1694/832
f 1465/1698/836 1469/1695/833 1467/1694/832
f 1473/1680/820 1476/1702/840 1477/1700/838
f 1474/1683/823 1478/1704/842 1477/1700/838
f 1475/1703/841 1479/1701/839 1477/1700/838
f 1483/1688/827 1486/1707/845 1487/1705/843
f 1484/1678/818 1488/1709/847 1487/1705/843
f 1485/1708/846 1489/1706/844 1487/1705/843
f 1493/1689/828 1496/1712/850 1497/1710/848
f 1494/1690/829 1498/1714/852 1497/1710/848
f 1495/1713/851 1499/1711/849 1497/1710/848
f 1463/1693/831 1469/1695/833 1462/1715/853
f 1469/1695/833 1465/1698/836 1461/1716/5
f 1473/1680/820 1479/1701/839 1468/1699/837
f 1479/1701/839 1475/1703/841 1465/1698/836
f 1471/1685/824 1472/1717/779 1478/1704/842
f 1472/1717/779 1470/1722/857 1475/1703/841
f 1493/1689/828 1499/1711/849 1502/1718/854
f 1499/1711/849 1495/1713/851 1500/1686/825
f 1491/1692/31 1492/1719/855 1498/1714/852
f 1492/1719/855 1490/1687/826 1495/1713/851
f 1483/1688/827 1489/1706/844 1496/1712/850
f 1489/1706/844 1485/1708/846 1494/1690/829
f 1481/1679/819 1482/1720/856 1488/1709/847
f 1482/1720/856 1480/1691/830 1485/1708/846
f 1464/1696/834 1466/1697/835 1505/1721/469
f 1466/1697/835 1463/1693/831 1503/1675/816
f 1501/1682/822 1502/1718/854 1476/1702/840
f 1502/1718/854 1500/1686/825 1474/1683/823
f 1504/1681/821 1505/1721/469 1486/1707/845
f 1505/1721/469 1503/1675/816 1484/1678/818
f 1465/1698/836 1475/1703/841 1470/1722/857
f 1579/1723/858 1517/4065/868 1588/1724/859
f 1558/1726/861 1510/4066/875 1730/1727/862
f 1644/1729/864 1602/1963/983 1518/1730/190
f 1590/1732/866 1551/4067/922 1506/1733/867
f 1566/1735/869 1508/4068/884 1733/1736/870
f 1506/1738/867 1550/4069/897 1588/1739/859
f 1650/1741/872 1614/1965/984 1524/1742/46
f 1594/1744/874 1559/4070/929 1510/1745/875
f 1574/1747/877 1512/4071/890 1736/1748/878
f 1510/1750/875 1558/4072/861 1589/1751/880
f 1530/1753/860 1631/1811/915 1620/1754/881
f 1591/1756/883 1567/4073/919 1508/1757/884
f 1508/1759/884 1566/4074/869 1593/1760/886
f 1638/1762/887 1608/1957/979 1521/1763/138
f 1587/1765/889 1575/4075/960 1512/1766/890
f 1570/1768/324 1704/2050/992 1707/1769/892
f 1566/1771/869 1698/2042/1032 1613/1772/894
f 1554/1774/779 1668/2024/986 1671/1775/895
f 1550/1777/897 1662/2016/1016 1595/1778/898
f 1582/1780/899 1523/4076/876 1589/1781/880
f 1581/1783/901 1526/4077/885 1593/1784/886
f 1578/1786/97 1722/2063/995 1725/1787/903
f 1574/1789/877 1716/2055/1040 1601/1790/905
f 1562/1792/118 1686/2037/989 1689/1793/907
f 1558/1795/861 1680/2029/1024 1607/1796/909
f 1580/1798/910 1520/4078/891 1592/1799/906
f 1590/1801/866 1517/4079/868 1579/1802/858
f 1589/1804/880 1607/1796/909 1637/1805/913
f 1587/1807/889 1520/4080/891 1580/1808/910
f 1588/1810/859 1595/1778/898 1631/1811/915
f 1593/1813/886 1613/1772/894 1649/1814/916
f 1591/1816/883 1526/4081/885 1581/1817/901
f 1594/1819/874 1523/4082/876 1582/1820/899
f 1567/1822/919 1591/4083/883 1617/1823/920
f 1551/1825/922 1590/4084/866 1599/1826/923
f 1586/1828/925 1514/4085/7 1581/1829/901
f 1592/1831/906 1601/1790/905 1643/1832/926
f 1550/1834/897 1506/4086/867 1727/1835/927
f 1559/1837/929 1594/4087/874 1611/1838/930
f 1535/1840/900 1637/1805/913 1623/1841/932
f 1531/1843/914 1583/4088/882 1620/1754/881
f 1536/1845/912 1584/4089/933 1623/1841/932
f 1540/1847/911 1643/1832/926 1626/1848/936
f 1546/1850/918 1586/4090/925 1629/1851/938
f 1655/1853/940 1662/4091/1016 1550/1854/897
f 1541/1856/917 1585/4092/937 1626/1848/936
f 1545/1858/902 1649/1814/916 1629/1851/938
f 1549/1860/97 1547/1955/978 1661/1861/942
f 1548/1863/944 1659/1998/999 1728/1864/945
f 1551/1866/922 1665/4093/988 1727/1867/927
f 1673/1869/946 1680/4094/1024 1558/1870/861
f 1557/1872/69 1555/1958/980 1679/1873/947
f 1556/1875/949 1677/1943/971 1731/1876/950
f 1559/1878/929 1683/4095/991 1730/1879/862
f 1691/1881/951 1698/4096/1032 1566/1882/869
f 1565/1884/118 1563/1966/873 1697/1885/952
f 1564/1887/954 1695/1946/972 1734/1888/955
f 1567/1890/919 1701/4097/994 1733/1891/870
f 1709/1893/956 1716/4098/1040 1574/1894/877
f 1573/1896/164 1571/1964/865 1715/1897/957
f 1572/1899/893 1713/1949/974 1737/1900/959
f 1575/1902/960 1719/4099/998 1736/1903/878
f 1575/1905/960 1587/4100/889 1605/1906/961
f 1584/1908/933 1536/4101/912 1579/1909/858
f 1585/1911/937 1514/4102/7 1580/1912/910
f 1583/1914/882 1531/4103/914 1580/1915/910
f 1583/1917/882 1514/4104/7 1579/1918/858
f 1585/1920/937 1541/4105/917 1581/1921/901
f 1586/1923/925 1546/4106/918 1582/1924/899
f 1584/1926/933 1514/4107/7 1582/1927/899
f 1619/1929/963 1632/2000/1001 1528/1930/964
f 1527/1932/904 1634/1989/996 1619/1929/963
f 1533/1764/888 1534/4108/69 1622/1933/965
f 1622/1933/965 1534/4108/69 1532/1934/949
f 1538/1731/865 1539/4109/164 1625/1936/967
f 1625/1936/967 1539/4109/164 1537/1937/893
f 1543/1743/873 1544/4110/118 1628/1939/969
f 1628/1939/969 1544/4110/118 1542/1940/908
f 1556/1875/949 1557/4111/69 1674/1942/948
f 1731/1876/950 1682/2033/1027 1560/1944/873
f 1564/1887/954 1565/4112/118 1692/1945/953
f 1734/1888/955 1700/2046/1035 1568/1947/973
f 1572/1899/893 1573/4113/164 1710/1948/958
f 1737/1900/959 1718/2059/1043 1576/1950/975
f 1728/1864/945 1664/2020/1019 1552/1951/888
f 1577/1788/904 1725/1787/903 1604/1952/976
f 1596/1954/977 1661/1861/942 1547/1955/978
f 1608/1957/979 1679/1873/947 1555/1958/980
f 1553/1776/896 1671/1775/895 1598/1959/981
f 1569/1770/893 1707/1769/892 1616/1961/982
f 1602/1963/983 1715/1897/957 1571/1964/865
f 1614/1965/984 1697/1885/952 1563/1966/873
f 1561/1794/908 1689/1793/907 1610/1967/985
f 1552/1951/888 1664/2020/1019 1668/1969/986
f 1516/1960/46 1598/1959/981 1640/1935/966
f 1590/1971/866 1536/4114/912 1641/1846/935
f 1551/1972/922 1670/4115/924 1667/1973/987
f 1560/1944/873 1682/2033/1027 1686/1975/989
f 1522/1968/190 1610/1967/985 1652/1941/970
f 1594/1977/874 1546/4116/918 1653/1852/939
f 1559/1978/929 1688/4117/931 1685/1979/990
f 1568/1947/973 1700/2046/1035 1704/1981/992
f 1525/1962/92 1616/1961/982 1646/1938/968
f 1591/1983/883 1541/4118/917 1647/1857/941
f 1567/1984/919 1706/4119/921 1703/1985/993
f 1576/1950/975 1718/2059/1043 1722/1987/995
f 1519/1953/138 1604/1952/976 1634/1989/996
f 1587/1990/889 1531/4120/914 1635/1844/934
f 1575/1991/960 1724/4121/962 1721/1992/997
f 1512/1994/890 1574/4122/877 1592/1995/906
f 1548/1863/944 1549/4123/97 1656/1997/943
f 1619/1929/963 1621/2001/1002 1633/1999/1000
f 1621/2001/1002 1620/1754/881 1631/1811/915
f 1619/1929/963 1634/1989/996 1636/2002/1003
f 1621/2001/1002 1636/2002/1003 1635/1844/934
f 1622/1933/965 1624/2004/1005 1639/2003/1004
f 1624/2004/1005 1623/1841/932 1637/1805/913
f 1622/1933/965 1640/1935/966 1642/2005/1006
f 1624/2004/1005 1642/2005/1006 1641/1846/935
f 1625/1936/967 1627/2007/1008 1645/2006/1007
f 1627/2007/1008 1626/1848/936 1643/1832/926
f 1625/1936/967 1646/1938/968 1648/2008/1009
f 1627/2007/1008 1648/2008/1009 1647/1857/941
f 1628/1939/969 1630/2010/1011 1651/2009/1010
f 1630/2010/1011 1629/1851/938 1649/1814/916
f 1628/1939/969 1652/1941/970 1654/2011/1012
f 1630/2010/1011 1654/2011/1012 1653/1852/939
f 1655/1853/940 1658/1855/928 1660/2012/1013
f 1657/2013/1014 1660/2012/1013 1659/1998/999
f 1655/2014/940 1657/2017/1014 1663/2015/1015
f 1657/2017/1014 1656/1862/943 1661/1861/942
f 1667/1973/987 1669/2019/1018 1666/2018/1017
f 1669/2019/1018 1668/1969/986 1664/2020/1019
f 1667/2021/987 1670/1827/924 1672/2022/1020
f 1669/2023/1018 1672/2022/1020 1671/1775/895
f 1673/1869/946 1676/1871/863 1678/2025/1021
f 1675/2026/1022 1678/2025/1021 1677/1943/971
f 1673/2027/946 1675/2030/1022 1681/2028/1023
f 1675/2030/1022 1674/1874/948 1679/1873/947
f 1685/1979/990 1687/2032/1026 1684/2031/1025
f 1687/2032/1026 1686/1975/989 1682/2033/1027
f 1685/2034/990 1688/1839/931 1690/2035/1028
f 1687/2036/1026 1690/2035/1028 1689/1793/907
f 1691/1881/951 1694/1883/871 1696/2038/1029
f 1693/2039/1030 1696/2038/1029 1695/1946/972
f 1691/2040/951 1693/2043/1030 1699/2041/1031
f 1693/2043/1030 1692/1886/953 1697/1885/952
f 1703/1985/993 1705/2045/1034 1702/2044/1033
f 1705/2045/1034 1704/1981/992 1700/2046/1035
f 1703/2047/993 1706/1824/921 1708/2048/1036
f 1705/2049/1034 1708/2048/1036 1707/1769/892
f 1709/1893/956 1712/1895/879 1714/2051/1037
f 1711/2052/1038 1714/2051/1037 1713/1949/974
f 1709/2053/956 1711/2056/1038 1717/2054/1039
f 1711/2056/1038 1710/1898/958 1715/1897/957
f 1721/1992/997 1723/2058/1042 1720/2057/1041
f 1723/2058/1042 1722/1987/995 1718/2059/1043
f 1721/2060/997 1724/1907/962 1726/2061/1044
f 1723/2062/1042 1726/2061/1044 1725/1787/903
f 1605/1906/961 1635/1844/934 1636/2002/1003
f 1606/2064/1045 1636/2002/1003 1634/1989/996
f 1595/1778/898 1597/2065/1046 1633/1999/1000
f 1597/2065/1046 1596/1954/977 1632/2000/1001
f 1607/1796/909 1609/2066/1047 1639/2003/1004
f 1609/2066/1047 1608/1957/979 1638/1762/887
f 1599/1826/923 1641/1846/935 1642/2005/1006
f 1600/2067/1048 1642/2005/1006 1640/1935/966
f 1617/1823/920 1647/1857/941 1648/2008/1009
f 1618/2068/1049 1648/2008/1009 1646/1938/968
f 1601/1790/905 1603/2069/1050 1645/2006/1007
f 1603/2069/1050 1602/1963/983 1644/1729/864
f 1613/1772/894 1615/2070/1051 1651/2009/1010
f 1615/2070/1051 1614/1965/984 1650/1741/872
f 1611/1838/930 1653/1852/939 1654/2011/1012
f 1612/2071/1052 1654/2011/1012 1652/1941/970
f 1658/1855/928 1727/4124/927 1729/2072/1053
f 1660/2012/1013 1729/2072/1053 1728/1864/945
f 1595/1778/898 1662/2016/1016 1663/2015/1015
f 1663/2015/1015 1661/1861/942 1596/1954/977
f 1599/1826/923 1600/2067/1048 1672/2022/1020
f 1672/2022/1020 1600/2067/1048 1598/1959/981
f 1728/1864/945 1729/2072/1053 1666/2018/1017
f 1729/2072/1053 1727/4125/927 1665/1974/988
f 1676/1871/863 1730/4126/862 1732/2073/1054
f 1678/2025/1021 1732/2073/1054 1731/1876/950
f 1607/1796/909 1680/2029/1024 1681/2028/1023
f 1681/2028/1023 1679/1873/947 1608/1957/979
f 1611/1838/930 1612/2071/1052 1690/2035/1028
f 1690/2035/1028 1612/2071/1052 1610/1967/985
f 1731/1876/950 1732/2073/1054 1684/2031/1025
f 1732/2073/1054 1730/4127/862 1683/1980/991
f 1694/1883/871 1733/4128/870 1735/2074/1055
f 1696/2038/1029 1735/2074/1055 1734/1888/955
f 1613/1772/894 1698/2042/1032 1699/2041/1031
f 1699/2041/1031 1697/1885/952 1614/1965/984
f 1617/1823/920 1618/2068/1049 1708/2048/1036
f 1708/2048/1036 1618/2068/1049 1616/1961/982
f 1734/1888/955 1735/2074/1055 1702/2044/1033
f 1735/2074/1055 1733/4129/870 1701/1986/994
f 1712/1895/879 1736/4130/878 1738/2075/1056
f 1714/2051/1037 1738/2075/1056 1737/1900/959
f 1601/1790/905 1716/2055/1040 1717/2054/1039
f 1717/2054/1039 1715/1897/957 1602/1963/983
f 1605/1906/961 1606/2064/1045 1726/2061/1044
f 1726/2061/1044 1606/2064/1045 1604/1952/976
f 1737/1900/959 1738/2075/1056 1720/2057/1041
f 1738/2075/1056 1736/4131/878 1719/1993/998
f 1632/2000/1001 1596/1954/977 1515/1956/92
f 2005/2076/1057 2029/2188/1164 1917/2077/1058
f 2023/2079/1060 1881/2442/1081 1893/2080/1061
f 2050/2082/1063 1965/2095/1076 1928/2083/1064
f 1977/2085/1066 2003/2496/1379 2001/2086/1067
f 1962/2088/1069 1935/2130/1110 1776/2089/1070
f 1940/2091/1072 1751/2278/1196 1777/2092/1073
f 2050/2082/1063 2054/2171/1149 1968/2094/1075
f 2009/2096/1077 2038/2180/1158 1899/2097/1078
f 2023/2099/1060 2059/2173/1151 1908/2100/1080
f 2005/2076/1057 1887/2078/1059 1911/2102/1082
f 1739/2104/1084 1880/2441/1349 1907/2105/1085
f 2048/2107/1087 2012/2485/1368 1925/2108/1088
f 2051/2110/1090 2018/2525/1126 2008/2111/1091
f 1739/2104/1084 1878/2433/1345 1889/2113/1093
f 2104/2115/1095 1757/2495/1378 1769/2116/1096
f 1959/2118/1098 2090/2269/1234 2084/2119/1099
f 2015/2121/1101 2077/2156/1134 1890/2122/1102
f 1782/2124/1104 1823/2368/1295 1842/2125/1105
f 2078/2127/1107 2014/2537/1411 2021/2128/1108
f 1937/2093/1074 1777/2092/1073 1776/2089/1070
f 1739/2104/1084 1886/2438/1348 1916/2131/1111
f 2096/2133/1113 2026/2540/1235 2024/2134/1114
f 2009/2136/1077 1883/2428/1079 1920/2137/1116
f 2015/2121/1101 1877/2123/1103 1902/2139/1118
f 1934/2141/1120 1961/2120/1100 2084/2119/1099
f 2030/2143/1122 2006/2530/1407 2011/2144/1123
f 2068/2146/1125 2039/2158/1136 2008/2147/1091
f 2057/2103/1083 1911/2102/1082 1913/2149/1127
f 1947/2151/1129 2065/2211/1184 2072/2152/1130
f 1893/2080/1061 1895/2155/1133 2080/2154/1132
f 1895/2155/1133 1890/2122/1102 2077/2156/1134
f 2071/2157/1135 2045/2175/1153 2039/2158/1136
f 1946/2159/1137 1778/2222/1194 1775/2160/1138
f 1964/2162/1140 1780/2220/1192 1774/2163/1141
f 1958/2165/1143 1761/4132/1159 1779/2166/1144
f 2089/2168/1146 2063/2235/1204 2060/2169/1147
f 2054/2171/1149 2048/2107/1087 1970/2109/1089
f 2032/2112/1092 2036/2444/1350 2053/2172/1150
f 2062/2150/1128 1913/2149/1127 1908/2100/1080
f 2066/2174/1152 2041/2285/1245 2045/2175/1153
f 2081/2176/1154 2078/2127/1107 2092/2129/1109
f 2042/2140/1119 1902/2139/1118 1904/2178/1156
f 2044/2179/1157 1904/2178/1156 1899/2097/1078
f 1958/2181/1143 1962/2088/1069 1763/2090/1071
f 2017/2183/1065 1928/2472/1064 1952/2184/1160
f 1920/2137/1116 1922/2187/1163 2035/2186/1162
f 1922/2187/1163 1917/2077/1058 2029/2188/1164
f 2095/2189/1165 1938/2230/1201 1934/2190/1120
f 2072/2152/1130 2069/2185/1161 1952/2184/1160
f 1842/2125/1105 1823/2368/1295 1826/2192/1166
f 1874/2194/1168 1872/2384/1310 1746/2195/1169
f 1953/2197/1171 1929/2164/1142 1774/2163/1141
f 2111/2199/1095 1752/2311/1173 1771/2200/1173
f 2109/2202/1175 1781/2360/1292 1802/2203/1176
f 1971/2205/1178 1926/2226/1197 1773/2206/1179
f 1817/2208/1181 1875/2387/1264 1869/2209/1182
f 2065/2211/1184 1947/2151/1129 1931/2212/1185
f 2099/2214/1187 2093/2261/1226 1943/2215/1188
f 1967/2217/1190 1971/2205/1178 1768/2207/1180
f 1967/2219/1190 1766/2298/1191 1780/2220/1192
f 1949/2221/1193 1756/4133/1220 1778/2222/1194
f 1940/2223/1072 1944/2293/1250 1753/2224/1195
f 1955/2167/1145 1779/2166/1144 1773/2206/1179
f 1791/2227/1198 1805/2240/1208 1860/2228/1199
f 2074/2135/1115 2081/2176/1154 2098/2177/1155
f 2095/2189/1165 2099/2214/1187 1941/2216/1189
f 2114/2231/1095 2102/2264/1229 1772/2232/1177
f 2087/2234/1203 2056/2502/1384 2063/2235/1204
f 1784/2236/1205 1796/2312/1261 1851/2237/1206
f 1771/2200/1173 1755/2305/1258 2112/2239/1174
f 1805/2240/1208 1808/2334/1271 1865/2241/1209
f 1865/2242/1209 1808/2329/1271 1803/2243/1210
f 1984/2245/1212 1766/2218/1191 1768/2207/1180
f 1847/2246/1167 1826/4134/1166 1821/2247/1213
f 1761/2182/1159 1763/2090/1071 1983/2249/1215
f 1799/2251/1217 1794/2314/1262 1853/2252/1218
f 1756/2254/1220 1758/2198/1172 1975/2255/1221
f 2114/2231/1095 1750/2233/1202 1749/2257/1175
f 1987/2259/1224 1751/2225/1196 1753/2224/1195
f 2093/2261/1226 2020/2213/1186 1931/2212/1185
f 1788/2262/1227 1820/2349/1285 2113/2263/1228
f 1981/2265/1230 1993/2490/1373 1994/2266/1231
f 1956/2268/1233 2086/2484/1367 2090/2269/1234
f 1994/2266/1231 1995/2493/1376 1983/2249/1215
f 2083/2170/1148 2060/2169/1147 2024/2270/1114
f 1997/2272/1236 1989/2494/1377 1973/2273/1237
f 1949/2275/1193 1953/2197/1171 1758/2198/1172
f 1996/2276/1239 1991/2492/1375 1975/2255/1221
f 1981/2265/1230 1777/2092/1073 1751/2278/1196
f 1973/2273/1237 1989/2494/1377 1990/2280/1241
f 2002/2281/1242 2003/2496/1379 1977/2085/1066
f 1824/2283/1244 1781/2360/1292 2109/2202/1175
f 2021/2128/1108 2014/2537/1411 2041/2285/1245
f 2103/2286/1228 2115/2117/1097 1769/2116/1096
f 1812/2288/1246 1784/2236/1205 1833/2238/1207
f 1744/2290/1229 1850/2388/1313 1857/2291/1248
f 1803/2243/1210 1782/2124/1104 1829/2126/1106
f 1944/2293/1250 1932/2161/1139 1775/2160/1138
f 1787/2294/1251 1814/2210/1183 1869/2209/1182
f 1821/2247/1213 1787/2294/1251 1836/2295/1252
f 1779/2166/1144 1761/4132/1159 1976/2296/1216
f 1988/2297/1253 1780/2220/1192 1766/2298/1191
f 1988/2297/1253 1998/2487/1370 1996/2276/1239
f 1778/2222/1194 1756/4133/1220 1974/2300/1222
f 2107/2301/1254 2108/2284/1097 1760/2302/1255
f 2113/2263/1228 2107/2301/1254 1759/2303/1256
f 1755/2305/1258 1754/2307/1259 2105/2306/1097
f 1754/2307/1259 1757/2495/1378 2104/2115/1095
f 2103/2286/1228 1765/2287/1228 1764/2308/1260
f 2116/2309/1174 1764/2308/1260 1767/2310/1096
f 2106/2258/1223 1749/2257/1175 1752/2311/1173
f 1796/2312/1261 1799/2324/1217 1856/2313/1219
f 1791/2227/1198 1838/2229/1200 1853/2252/1218
f 1845/2315/1263 1835/2396/1321 1748/2316/1254
f 1812/2288/1246 1871/2289/1247 1875/2318/1264
f 1799/2251/1217 1801/4135/1266 1795/2320/1265
f 1801/2321/1266 1800/2328/1270 1793/2322/1267
f 1799/2324/1217 1796/2312/1261 1798/2325/1268
f 1801/2321/1266 1798/2354/1268 1797/2327/1269
f 1808/2329/1271 1810/4136/1273 1804/2330/1272
f 1810/2331/1273 1809/2336/1275 1802/2203/1176
f 1805/2240/1208 1807/2362/1274 1810/2333/1273
f 1807/2335/1274 1806/2363/1293 1809/2336/1275
f 1817/2319/1181 1819/4137/1277 1813/2337/1276
f 1819/2338/1277 1818/2344/1281 1811/2339/1278
f 1817/2208/1181 1814/2210/1183 1816/2341/1279
f 1819/2338/1277 1816/2365/1279 1815/2343/1280
f 1821/2247/1213 1826/4134/1166 1828/2345/1282
f 1822/2347/1283 1828/2352/1282 1827/2348/1284
f 1826/2192/1166 1823/2368/1295 1825/2350/1286
f 1828/2352/1282 1825/2367/1286 1824/2283/1244
f 1796/2312/1261 1784/2236/1205 1786/2353/1287
f 1798/2354/1268 1786/4138/1287 1785/2355/1288
f 1794/2314/1262 1795/2320/1265 1792/2356/1289
f 1795/2323/1265 1793/2322/1267 1790/2357/1290
f 1803/2243/1210 1804/2330/1272 1783/2359/1291
f 1804/2332/1272 1802/2203/1176 1781/2360/1292
f 1791/2227/1198 1792/2356/1289 1807/2362/1274
f 1792/2358/1289 1790/2357/1290 1806/2363/1293
f 1785/2355/1288 1786/4138/1287 1813/2340/1276
f 1786/2353/1287 1784/2236/1205 1812/2288/1246
f 1814/2210/1183 1787/2294/1251 1789/2364/1294
f 1816/2365/1279 1789/2366/1294 1788/2262/1227
f 1820/2349/1285 1788/2262/1227 1789/2366/1294
f 1822/2346/1283 1789/2364/1294 1787/2294/1251
f 1781/2360/1292 1824/2283/1244 1825/2367/1286
f 1783/2359/1291 1825/2350/1286 1823/2368/1295
f 1746/2195/1169 1872/2384/1310 1832/2369/1296
f 1848/2371/1297 1841/2397/1322 1843/2372/1298
f 1849/2373/1299 1843/2372/1298 1842/2125/1105
f 1848/2371/1297 1849/2373/1299 1846/2374/1300
f 1849/2373/1299 1847/2246/1167 1844/2248/1214
f 1857/2291/1248 1850/2388/1313 1852/2375/1301
f 1858/2376/1302 1852/2375/1301 1851/2237/1206
f 1857/2291/1248 1858/2376/1302 1855/2377/1303
f 1858/2376/1302 1856/2253/1219 1853/2252/1218
f 1866/2378/1304 1859/2394/1319 1861/2379/1305
f 1867/2380/1306 1861/2379/1305 1860/2228/1199
f 1866/2378/1304 1867/2380/1306 1864/2381/1307
f 1867/2380/1306 1865/2242/1209 1862/2244/1211
f 1874/2194/1168 1876/2385/1311 1873/2383/1309
f 1876/2385/1311 1875/2318/1264 1871/2289/1247
f 1874/2194/1168 1868/2196/1170 1870/2386/1312
f 1876/2385/1311 1870/2386/1312 1869/2209/1182
f 1850/2388/1313 1832/2369/1296 1834/2389/1314
f 1852/2375/1301 1834/2389/1314 1833/2238/1207
f 1854/2292/1249 1855/2377/1303 1840/2390/1315
f 1855/2377/1303 1853/2252/1218 1838/2229/1200
f 1863/2382/1308 1864/2381/1307 1831/2392/1317
f 1864/2381/1307 1862/2244/1211 1829/2126/1106
f 1859/2394/1319 1839/2391/1316 1840/2390/1315
f 1840/2390/1315 1838/2229/1200 1860/2228/1199
f 1872/2384/1310 1873/2383/1309 1834/2389/1314
f 1873/2383/1309 1871/2289/1247 1833/2238/1207
f 1868/2196/1170 1835/2396/1321 1837/2395/1320
f 1870/2386/1312 1837/2395/1320 1836/2295/1252
f 1845/2315/1263 1846/2374/1300 1837/2395/1320
f 1837/2395/1320 1846/2374/1300 1844/2248/1214
f 1841/2397/1322 1830/2393/1318 1831/2392/1317
f 1843/2372/1298 1831/2392/1317 1829/2126/1106
f 1747/2398/1095 1839/2391/1316 1859/2394/1319
f 1741/2317/1254 1748/2316/1254 1740/2400/1323
f 1832/2369/1296 1850/2388/1313 1744/2290/1229
f 1740/2400/1323 1747/2398/1095 1743/2399/1323
f 1835/2396/1321 1868/2196/1170 1746/2195/1169
f 1748/2316/1254 1746/2195/1169 1745/2370/1096
f 1745/2370/1096 1744/2290/1229 1747/2398/1095
f 1744/2290/1229 1854/2292/1249 1839/2391/1316
f 1743/2399/1323 1859/2394/1319 1866/2378/1304
f 1742/2401/1097 1743/2399/1323 1863/2382/1308
f 1841/2397/1322 1741/2317/1254 1742/2401/1097
f 1848/2371/1297 1845/2315/1263 1741/2317/1254
f 1890/2122/1102 1895/2155/1133 1897/2402/1324
f 1891/2404/1325 1897/2406/1324 1896/2114/1094
f 1895/2155/1133 1893/2080/1061 1894/2405/1326
f 1897/2406/1324 1894/4139/1326 1892/2407/1327
f 1904/2178/1156 1906/2412/1329 1900/2408/1328
f 1906/2409/1329 1905/2414/1332 1898/2410/1330
f 1902/2139/1118 1903/2434/1331 1906/2412/1329
f 1903/2413/1331 1901/2431/1343 1905/2414/1332
f 1913/2149/1127 1915/2418/1334 1909/2415/1333
f 1915/2416/1334 1914/2106/1086 1907/2105/1085
f 1911/2102/1082 1912/2439/1335 1915/2418/1334
f 1912/2419/1335 1910/2437/1347 1914/2106/1086
f 1917/2077/1058 1922/2187/1163 1924/2420/1336
f 1918/2422/1337 1924/2424/1336 1923/2132/1112
f 1922/2187/1163 1920/2137/1116 1921/2423/1338
f 1924/2424/1336 1921/4140/1338 1919/2425/1339
f 1919/2425/1339 1921/4140/1338 1885/2426/1340
f 1921/2423/1338 1920/2137/1116 1883/2428/1079
f 1916/2131/1111 1886/2438/1348 1888/2430/1342
f 1918/2421/1337 1888/2440/1342 1887/2078/1059
f 1898/2410/1330 1884/2427/1341 1885/2426/1340
f 1900/2408/1328 1885/4141/1340 1883/2098/1079
f 1901/2431/1343 1903/2413/1331 1879/2432/1344
f 1903/2434/1331 1902/2139/1118 1877/2123/1103
f 1907/2105/1085 1880/2441/1349 1882/2436/1346
f 1909/2415/1333 1882/4142/1346 1881/2101/1081
f 1910/2437/1347 1912/2419/1335 1888/2430/1342
f 1912/2439/1335 1911/2102/1082 1887/2078/1059
f 1892/2407/1327 1894/4139/1326 1882/2436/1346
f 1894/2405/1326 1893/2080/1061 1881/2442/1081
f 1889/2113/1093 1878/2433/1345 1879/2432/1344
f 1891/2403/1325 1879/2435/1344 1877/2123/1103
f 1901/2431/1343 1878/2433/1345 1739/2104/1084
f 2036/2444/1350 2030/2143/1122 2047/2145/1124
f 1968/2094/1075 1970/2109/1089 1972/2445/1351
f 1969/2447/1352 1972/2476/1351 1971/2205/1178
f 1968/2094/1075 1969/2446/1352 1966/2448/1353
f 1969/2449/1352 1967/2219/1190 1964/2162/1140
f 1959/2118/1098 1961/2120/1100 1963/2451/1354
f 1960/2453/1355 1963/2479/1354 1962/2088/1069
f 1959/2118/1098 1960/2452/1355 1957/2454/1356
f 1960/2455/1355 1958/2165/1143 1955/2167/1145
f 1950/2153/1131 1952/2184/1160 1954/2457/1357
f 1951/2459/1358 1954/2469/1357 1953/2197/1171
f 1950/2153/1131 1951/2458/1358 1948/2460/1359
f 1951/2461/1358 1949/2221/1193 1946/2159/1137
f 1941/2216/1189 1943/2215/1188 1945/2463/1360
f 1942/2465/1361 1945/2473/1360 1944/2293/1250
f 1941/2216/1189 1942/2464/1361 1939/2466/1362
f 1942/2467/1361 1940/2091/1072 1937/2093/1074
f 1929/2164/1142 1953/2197/1171 1954/2469/1357
f 1930/2471/1363 1954/2457/1357 1952/2184/1160
f 1932/2161/1139 1944/2293/1250 1945/2473/1360
f 1933/2475/1364 1945/2463/1360 1943/2215/1188
f 1926/2226/1197 1971/2205/1178 1972/2476/1351
f 1927/2478/1365 1972/2445/1351 1970/2109/1089
f 1926/2226/1197 1927/2477/1365 1957/2456/1356
f 1927/2478/1365 1925/2108/1088 1956/2268/1233
f 1935/2130/1110 1962/2088/1069 1963/2479/1354
f 1936/2481/1366 1963/2451/1354 1961/2120/1100
f 1935/2130/1110 1936/2480/1366 1939/2468/1362
f 1936/2482/1366 1934/2190/1120 1938/2230/1201
f 1932/2161/1139 1933/2474/1364 1948/2462/1359
f 1933/2475/1364 1931/2212/1185 1947/2151/1129
f 1929/2164/1142 1930/2470/1363 1966/2450/1353
f 1930/2483/1363 1928/2083/1064 1965/2095/1076
f 2086/2484/1367 1956/2268/1233 1925/2108/1088
f 1979/2274/1238 1974/2300/1222 1992/2486/1369
f 1780/2220/1192 1988/2297/1253 1978/2277/1240
f 1998/2487/1370 1988/2297/1253 1984/2299/1212
f 1982/2282/1243 1976/2296/1216 2000/2489/1372
f 1982/2282/1243 1977/2085/1066 1773/2206/1179
f 1775/2160/1138 1973/2273/1237 1980/2260/1225
f 1993/2490/1373 1981/2265/1230 1987/2279/1224
f 1978/2277/1240 1975/2255/1221 1758/2198/1172
f 1979/2274/1238 1973/2273/1237 1775/2160/1138
f 1986/2267/1232 1983/2249/1215 1763/2090/1071
f 1777/2092/1073 1981/2265/1230 1986/2267/1232
f 2004/2491/1374 1987/2259/1224 1980/2260/1225
f 1974/2256/1222 1975/2255/1221 1991/2492/1375
f 1976/2250/1216 1983/2249/1215 1995/2493/1376
f 1999/2488/1371 1984/2245/1212 1985/2087/1068
f 1773/2206/1179 1977/2085/1066 1985/2087/1068
f 1752/2311/1173 1990/2280/1241 1989/2494/1377
f 1754/2307/1259 1992/2486/1369 1991/2492/1375
f 1750/2233/1202 1772/2232/1177 1994/2266/1231
f 1762/2304/1257 1995/2493/1376 1994/2266/1231
f 1757/2495/1378 1991/2492/1375 1996/2276/1239
f 1755/2305/1258 1771/2200/1173 1989/2494/1377
f 1765/2287/1228 1769/2116/1096 1996/2276/1239
f 1764/2308/1260 1765/2287/1228 1998/2487/1370
f 1759/2303/1256 2000/2489/1372 1995/2493/1376
f 1764/2308/1260 1999/2488/1371 2001/2086/1067
f 1759/2303/1256 1760/2302/1255 2002/2281/1242
f 1767/2310/1096 2001/2086/1067 2003/2496/1379
f 1754/2307/1259 1755/2305/1258 1997/2272/1236
f 1749/2257/1175 2004/2491/1374 1990/2280/1241
f 1760/2302/1255 1770/2497/1175 2003/2496/1379
f 1749/2257/1175 1750/2233/1202 1993/2490/1373
f 2086/2484/1367 2088/2499/1381 2091/2498/1380
f 2088/2499/1381 2087/2234/1203 2089/2168/1146
f 2062/2150/1128 2064/2501/1383 2058/2500/1382
f 2064/2501/1383 2063/2235/1204 2056/2502/1384
f 2090/2269/1234 2091/2498/1380 2085/2503/1385
f 2091/2498/1380 2089/2168/1146 2083/2170/1148
f 2059/2173/1151 2061/2505/1386 2064/2501/1383
f 2061/2505/1386 2060/2169/1147 2063/2235/1204
f 2099/2214/1187 2095/2189/1165 2097/2506/1387
f 2100/2507/1388 2097/2541/1387 2096/2133/1113
f 2075/2081/1062 2080/2154/1132 2082/2508/1389
f 2076/2509/1390 2082/2508/1389 2081/2176/1154
f 2093/2261/1226 2099/2214/1187 2100/2507/1388
f 2094/2510/1391 2100/2507/1388 2098/2177/1155
f 2080/2154/1132 2077/2156/1134 2079/2511/1392
f 2082/2508/1389 2079/2511/1392 2078/2127/1107
f 2036/2444/1350 2032/2112/1092 2034/2512/1393
f 2037/2513/1394 2034/2512/1393 2033/2138/1117
f 2030/2143/1122 2036/2444/1350 2037/2513/1394
f 2031/2514/1395 2037/2513/1394 2035/2186/1162
f 2071/2157/1135 2073/2516/1397 2067/2515/1396
f 2073/2516/1397 2072/2152/1130 2065/2211/1184
f 2068/2146/1125 2070/2533/1398 2073/2516/1397
f 2070/2517/1398 2069/2185/1161 2072/2152/1130
f 2041/2285/1245 2043/2519/1400 2046/2518/1399
f 2043/2519/1400 2042/2140/1119 2044/2179/1157
f 2045/2175/1153 2046/2518/1399 2040/2520/1401
f 2046/2518/1399 2044/2179/1157 2038/2180/1158
f 2054/2171/1149 2050/2082/1063 2052/2521/1402
f 2055/2522/1403 2052/2526/1402 2051/2110/1090
f 2048/2107/1087 2054/2171/1149 2055/2522/1403
f 2049/2523/1404 2055/2522/1403 2053/2172/1150
f 2047/2145/1124 2011/2144/1123 2013/2524/1368
f 2049/2523/1404 2013/2524/1368 2012/2485/1368
f 2018/2525/1126 2051/2110/1090 2052/2526/1402
f 2019/2528/1405 2052/2521/1402 2050/2082/1063
f 2029/2188/1164 2005/2076/1057 2007/2529/1406
f 2031/2514/1395 2007/2529/1406 2006/2530/1407
f 2008/2111/1091 2010/2531/1408 2034/2512/1393
f 2010/2531/1408 2009/2136/1077 2033/2138/1117
f 2066/2174/1152 2067/2515/1396 2022/2532/1409
f 2067/2515/1396 2065/2211/1184 2020/2213/1186
f 2018/2148/1126 2019/4143/1405 2070/2533/1398
f 2019/2534/1405 2017/2183/1065 2069/2185/1161
f 2008/2147/1091 2039/2158/1136 2040/2520/1401
f 2010/2535/1408 2040/2520/1401 2038/2180/1158
f 2042/2140/1119 2043/2519/1400 2016/2536/1410
f 2043/2519/1400 2041/2285/1245 2014/2537/1411
f 2087/2234/1203 2088/2499/1381 2013/2524/1368
f 2088/2499/1381 2086/2484/1367 2012/2485/1368
f 2026/2271/1235 2028/4144/1412 2085/2504/1385
f 2028/2538/1412 2027/2142/1121 2084/2119/1099
f 2059/2173/1151 2023/2099/1060 2025/2539/1413
f 2061/2505/1386 2025/2539/1413 2024/2270/1114
f 2006/2530/1407 2007/2529/1406 2058/2500/1382
f 2007/2529/1406 2005/2076/1057 2057/2103/1083
f 2026/2540/1235 2096/2133/1113 2097/2541/1387
f 2028/2543/1412 2097/2506/1387 2095/2189/1165
f 2092/2129/1109 2021/2128/1108 2022/2532/1409
f 2094/2510/1391 2022/2532/1409 2020/2213/1186
f 2077/2156/1134 2015/2121/1101 2016/2536/1410
f 2079/2511/1392 2016/2536/1410 2014/2537/1411
f 2024/2134/1114 2025/2544/1413 2076/2509/1390
f 2025/2544/1413 2023/2079/1060 2075/2081/1062
f 2011/2144/1123 2006/2530/1407 2056/2502/1384
f 1739/2104/1084 1923/2132/1112 1919/2425/1339
f 1739/2104/1084 1914/2106/1086 1910/2437/1347
f 1898/2410/1330 1905/2414/1332 1739/2104/1084
f 1739/2104/1084 1896/2114/1094 1892/2407/1327
f 1818/2344/1281 2106/2258/1223 2111/2199/1095
f 1809/2336/1275 2116/2309/1174 2110/2204/1177
f 1806/2363/1293 2103/2286/1228 2116/2309/1174
f 1800/2328/1270 2105/2306/1097 2104/2115/1095
f 2112/2239/1174 2105/2306/1097 1800/2328/1270
f 1820/2349/1285 1827/2348/1284 2107/2301/1254
f 1827/2348/1284 1824/2283/1244 2108/2284/1097
f 1790/2357/1290 2115/2117/1097 2103/2286/1228
f 2108/2284/1097 2109/2202/1175 1770/2497/1175
f 1772/2232/1177 2102/2264/1229 2113/2263/1228
f 1818/2344/1281 1815/2343/1280 2114/2231/1095
f 2101/2201/1174 2112/2239/1174 1797/2327/1269
f 1815/2343/1280 1788/2262/1227 2102/2264/1229
f 1770/2497/1175 2109/2202/1175 2110/2204/1177
f 1811/2339/1278 2111/2199/1095 2101/2201/1174
f 1793/2322/1267 2104/2115/1095 2115/2117/1097
f 2128/2545/2 2121/2592/2 2153/2546/1414
f 2118/2548/7 2144/2556/1420 2141/2549/1416
f 2127/2551/7 2119/2574/7 2147/2552/1417
f 2124/2554/7 2127/2551/7 2172/2553/1418
f 2118/2548/7 2124/2554/7 2162/2555/1419
f 2126/2557/7 2169/2616/1464 2199/2558/1421
f 2219/2560/50 2221/2593/1429 2160/2561/1423
f 2128/2545/2 2175/2547/1415 2166/2563/1425
f 2226/2565/46 2195/2656/1498 2201/2566/1426
f 2171/2568/1428 2148/2614/1462 2224/2569/855
f 2184/2571/1430 2131/4145/1435 2129/2572/1431
f 2119/2574/7 2133/2606/1456 2187/2575/1433
f 2178/2576/1434 2130/2602/1452 2131/2577/1435
f 2218/2579/46 2214/2585/1439 2154/2580/1436
f 2123/2582/2 2159/2611/1459 2157/2583/1438
f 2214/2585/1439 2216/2659/33 2174/2586/1440
f 2120/2587/2 2139/2598/1449 2205/2588/1441
f 2135/2559/1422 2199/2558/1421 2202/2590/1443
f 2122/2584/2 2157/2583/1438 2181/2573/1432
f 2121/2592/2 2120/2587/2 2150/2589/1442
f 2221/2593/1429 2223/2665/855 2156/2594/1445
f 2140/2595/1446 2138/2601/1451 2208/2596/1447
f 2139/2598/1449 2140/4146/1446 2211/2599/1448
f 2136/2600/1450 2196/2609/1458 2208/2596/1447
f 2130/2602/1452 2178/2576/1434 2190/2603/1453
f 2193/2605/1455 2187/2575/1433 2133/2606/1456
f 2137/2608/1444 2202/2640/1443 2196/2609/1458
f 2190/2603/1453 2193/2651/1455 2134/2610/1457
f 2125/2564/2 2166/2563/1425 2159/2611/1459
f 2172/2553/1418 2147/2552/1417 2149/2612/1460
f 2173/2613/1461 2149/2612/1460 2148/2614/1462
f 2141/2549/1416 2143/2617/1465 2170/2615/1463
f 2143/2617/1465 2142/2620/1468 2168/2618/1466
f 2144/2556/1420 2146/2619/1467 2143/2617/1465
f 2146/2619/1467 2145/2623/1471 2142/2620/1468
f 2144/2556/1420 2162/2555/1419 2164/2621/1469
f 2146/2619/1467 2164/2621/1469 2163/2622/1470
f 2154/2580/1436 2174/2586/1440 2176/2624/1472
f 2155/2625/1473 2176/2624/1472 2175/2547/1415
f 2159/2611/1459 2161/2627/1475 2158/2626/1474
f 2161/2627/1475 2160/2561/1423 2156/2594/1445
f 2175/2547/1415 2176/2624/1472 2167/2628/1476
f 2176/2624/1472 2174/2586/1440 2165/2562/1424
f 2162/2555/1419 2172/2553/1418 2173/2613/1461
f 2164/2621/1469 2173/2613/1461 2171/2568/1428
f 2166/2563/1425 2167/2628/1476 2161/2627/1475
f 2167/2628/1476 2165/2562/1424 2160/2561/1423
f 2151/2581/1437 2154/2580/1436 2155/2625/1473
f 2152/2629/1477 2155/2625/1473 2153/2546/1414
f 2210/2630/1478 2204/2657/1499 2206/2631/1479
f 2212/2632/1480 2206/2631/1479 2205/2588/1441
f 2210/2630/1478 2212/2635/1480 2209/2633/1481
f 2212/2635/1480 2211/2597/1448 2208/2596/1447
f 2201/2566/1426 2203/2637/1484 2200/2636/1483
f 2203/2637/1484 2202/2590/1443 2199/2558/1421
f 2201/2566/1426 2195/2656/1498 2197/2638/1485
f 2203/2639/1484 2197/2638/1485 2196/2609/1458
f 2177/2641/1486 2179/2644/1489 2185/2642/1487
f 2179/2644/1489 2178/2576/1434 2184/2578/1430
f 2183/2643/1488 2185/2647/1487 2182/2645/1490
f 2185/2647/1487 2184/2571/1430 2181/2573/1432
f 2189/2648/1492 2192/2652/1495 2194/2649/1493
f 2191/2650/1494 2194/2649/1493 2193/2651/1455
f 2192/2652/1495 2186/2655/1497 2188/2653/1496
f 2194/2654/1493 2188/2653/1496 2187/2575/1433
f 2180/2646/1491 2182/2645/1490 2158/2626/1474
f 2182/2645/1490 2181/2573/1432 2157/2583/1438
f 2189/2648/1492 2191/2650/1494 2179/2644/1489
f 2191/2650/1494 2190/2603/1453 2178/2576/1434
f 2186/2655/1497 2148/2614/1462 2149/2612/1460
f 2188/2653/1496 2149/2612/1460 2147/2552/1417
f 2198/2567/1427 2200/2636/1483 2170/2615/1463
f 2200/2636/1483 2199/2558/1421 2169/2616/1464
f 2207/2634/1482 2209/2633/1481 2197/2638/1485
f 2197/2638/1485 2209/2633/1481 2208/2596/1447
f 2204/2657/1499 2151/2581/1437 2152/2629/1477
f 2206/2631/1479 2152/2629/1477 2150/2589/1442
f 2117/2550/7 2141/2549/1416 2169/2616/1464
f 2228/2658/1500 2186/2655/1497 2192/2652/1495
f 2216/2659/33 2219/2560/50 2165/2562/1424
f 2142/2620/1468 2145/2623/1471 2215/2660/33
f 2163/2622/1470 2171/2568/1428 2222/2570/1429
f 2145/2623/1471 2163/2622/1470 2220/2662/50
f 2224/2569/855 2223/2665/855 2221/2593/1429
f 2213/2661/1439 2214/2585/1439 2218/2579/46
f 2215/2660/33 2216/2659/33 2214/2585/1439
f 2222/2570/1429 2221/2593/1429 2219/2560/50
f 2220/2662/50 2219/2560/50 2216/2659/33
f 2168/2618/1466 2142/2620/1468 2213/2661/1439
f 2217/2663/46 2226/2565/46 2198/2567/1427
f 2204/2657/1499 2225/2664/46 2218/2579/46
f 2210/2630/1478 2207/2634/1482 2225/2664/46
f 2225/2664/46 2226/2565/46 2217/2663/46
f 2207/2634/1482 2195/2656/1498 2226/2565/46
f 2224/2569/855 2148/2614/1462 2186/2655/1497
f 2223/2665/855 2227/2666/1500 2180/2646/1491
f 2227/2666/1500 2177/2641/1486 2183/2643/1488
f 2224/2569/855 2228/2658/1500 2227/2666/1500
f 2228/2658/1500 2189/2648/1492 2177/2641/1486
f 2263/2667/1501 2278/2674/1506 2282/2668/1502
f 2279/2670/1504 2285/2746/1563 2233/2671/46
f 2264/2673/1505 2284/2676/1508 2278/2674/1506
f 2264/2673/1505 2265/2677/1509 2287/2675/1507
f 2265/2677/1509 2266/2679/1511 2290/2678/1510
f 2266/2679/1511 2267/2681/1513 2293/2680/1512
f 2267/2681/1513 2268/2684/1516 2296/2682/1514
f 2269/2683/1515 2299/2686/1518 2296/2682/1514
f 2270/2685/1517 2302/2688/1520 2299/2686/1518
f 2271/2687/1519 2305/2690/1522 2302/2688/1520
f 2272/2689/1521 2308/2692/1524 2305/2690/1522
f 2272/2689/1521 2273/2693/1525 2311/2691/1523
f 2273/2693/1525 2274/2695/1527 2314/2694/1526
f 2274/2695/1527 2275/2697/1529 2317/2696/1528
f 2275/2697/1529 2276/2703/1534 2320/2698/1530
f 2261/2699/7 2250/2712/1543 2248/2700/1531
f 2277/2702/1533 2323/2704/1535 2320/2698/1530
f 2262/2669/1503 2282/2668/1502 2323/2704/1535
f 2261/2699/7 2258/2747/1564 2256/2705/1536
f 2260/2707/1538 2258/2747/1564 2261/2699/7
f 2261/2699/7 2242/2717/1548 2240/2709/1540
f 2261/2699/7 2254/2706/1537 2252/2711/1542
f 2261/2699/7 2238/2710/1541 2236/2713/1544
f 2232/2715/1546 2230/2708/1539 2261/2699/7
f 2261/2699/7 2246/2701/1532 2244/2716/1547
f 2281/2718/1549 2279/2670/1504 2231/2672/733
f 2324/2720/1550 2281/2718/1549 2229/2719/779
f 2288/2722/1551 2291/2725/1552 2237/2723/203
f 2291/2725/1552 2294/2727/1553 2239/2726/785
f 2294/2727/1553 2297/2729/1554 2241/2728/32
f 2297/2729/1554 2300/2731/1555 2243/2730/83
f 2300/2731/1555 2303/2733/1556 2245/2732/164
f 2303/2733/1556 2306/2735/1557 2247/2734/173
f 2306/2735/1557 2309/2737/1558 2249/2736/92
f 2309/2737/1558 2312/2739/1559 2251/2738/54
f 2312/2739/1559 2315/2741/1560 2253/2740/241
f 2315/2741/1560 2318/2743/1561 2255/2742/794
f 2318/2743/1561 2321/2745/1562 2257/2744/796
f 2321/2745/1562 2324/2720/1550 2259/2721/781
f 2285/2746/1563 2288/2722/1551 2235/2724/783
f 2260/2707/1538 2230/2708/1539 2262/2669/1503
f 2260/2707/1538 2277/2702/1533 2276/2703/1534
f 2256/2705/1536 2258/2747/1564 2276/2703/1534
f 2256/2705/1536 2275/2697/1529 2274/2695/1527
f 2252/2711/1542 2254/2706/1537 2274/2695/1527
f 2250/2712/1543 2252/2711/1542 2273/2693/1525
f 2250/2712/1543 2272/2689/1521 2271/2687/1519
f 2246/2701/1532 2248/2700/1531 2271/2687/1519
f 2246/2701/1532 2270/2685/1517 2269/2683/1515
f 2244/2716/1547 2269/2683/1515 2268/2684/1516
f 2240/2709/1540 2242/2717/1548 2268/2684/1516
f 2238/2710/1541 2240/2709/1540 2267/2681/1513
f 2236/2713/1544 2238/2710/1541 2266/2679/1511
f 2234/2714/1545 2236/2713/1544 2265/2677/1509
f 2234/2714/1545 2264/2673/1505 2263/2667/1501
f 2232/2715/1546 2263/2667/1501 2262/2669/1503
f 2281/2718/1549 2283/2763/1580 2280/2748/1565
f 2280/2748/1565 2283/2763/1580 2282/2668/1502
f 2285/2746/1563 2279/2670/1504 2280/2748/1565
f 2280/2748/1565 2278/2674/1506 2284/2676/1508
f 2285/2746/1563 2286/2749/1566 2289/2750/1567
f 2289/2750/1567 2286/2749/1566 2284/2676/1508
f 2291/2725/1552 2288/2722/1551 2289/2750/1567
f 2289/2750/1567 2287/2675/1507 2290/2678/1510
f 2294/2727/1553 2291/2725/1552 2292/2751/1568
f 2292/2751/1568 2290/2678/1510 2293/2680/1512
f 2294/2727/1553 2295/2752/1569 2298/2753/1570
f 2295/2752/1569 2293/2680/1512 2296/2682/1514
f 2300/2731/1555 2297/2729/1554 2298/2753/1570
f 2301/2754/1571 2298/2753/1570 2296/2682/1514
f 2300/2731/1555 2301/2754/1571 2304/2755/1572
f 2304/2755/1572 2301/2754/1571 2299/2686/1518
f 2306/2735/1557 2303/2733/1556 2304/2755/1572
f 2307/2756/1573 2304/2755/1572 2302/2688/1520
f 2309/2737/1558 2306/2735/1557 2307/2756/1573
f 2307/2756/1573 2305/2690/1522 2308/2692/1524
f 2309/2737/1558 2310/2757/1574 2313/2758/1575
f 2313/2758/1575 2310/2757/1574 2308/2692/1524
f 2312/2739/1559 2313/2758/1575 2316/2759/1576
f 2313/2758/1575 2311/2691/1523 2314/2694/1526
f 2318/2743/1561 2315/2741/1560 2316/2759/1576
f 2316/2759/1576 2314/2694/1526 2317/2696/1528
f 2318/2743/1561 2319/2760/1577 2322/2761/1578
f 2319/2760/1577 2317/2696/1528 2320/2698/1530
f 2324/2720/1550 2321/2745/1562 2322/2761/1578
f 2325/2762/1579 2322/2761/1578 2320/2698/1530
f 2324/2720/1550 2325/2762/1579 2283/2763/1580
f 2283/2763/1580 2325/2762/1579 2323/2704/1535
f 2326/2764/1581 2327/2779/1595 2329/2765/1582
f 2328/2766/1583 2329/2765/1582 2331/2767/1584
f 2331/2767/1584 2333/2770/1587 2332/2769/1586
f 2333/2770/1587 2335/2783/1589 2334/2771/1588
f 2335/2772/1589 2337/2775/1591 2336/2773/1590
f 2337/2775/1591 2339/2786/1601 2338/2776/1592
f 2338/2776/1592 2339/2786/1601 2341/2777/1593
f 2340/2778/1594 2341/2777/1593 2327/2779/1595
f 2327/2779/1595 2342/2788/1603 2343/2780/1596
f 2329/2765/1582 2343/2780/1596 2344/2781/1597
f 2344/2781/1597 2345/2782/1598 2333/2770/1587
f 2345/2782/1598 2346/2792/1599 2335/2783/1589
f 2346/2784/1599 2347/2785/1600 2337/2775/1591
f 2347/2785/1600 2348/2795/1609 2339/2786/1601
f 2339/2786/1601 2348/2795/1609 2349/2787/1602
f 2341/2777/1593 2349/2787/1602 2342/2788/1603
f 2342/2788/1603 2350/2797/1611 2351/2789/1604
f 2343/2780/1596 2351/2789/1604 2352/2790/1605
f 2352/2790/1605 2353/2791/1606 2345/2782/1598
f 2353/2791/1606 2354/3661/1607 2346/2792/1599
f 2354/2793/1607 2355/2794/1608 2347/2785/1600
f 2355/2794/1608 2356/3662/1618 2348/2795/1609
f 2348/2795/1609 2356/3662/1618 2357/2796/1610
f 2349/2787/1602 2357/2796/1610 2350/2797/1611
f 2358/2798/1612 2359/2801/1613 2351/2799/1604
f 2359/2801/1613 2360/2815/1622 2352/2790/1605
f 2352/2790/1605 2360/2815/1622 2361/2802/1614
f 2353/2803/1606 2361/2802/1614 2362/2804/1615
f 2354/2806/1607 2362/4147/1615 2363/2807/1616
f 2355/2808/1608 2363/2807/1616 2364/2809/1617
f 2364/2809/1617 2365/2812/1619 2357/2811/1610
f 2365/2812/1619 2358/2798/1612 2350/2800/1611
f 2366/2813/1620 2367/2814/1621 2359/2801/1613
f 2367/2814/1621 2368/2825/1630 2360/2815/1622
f 2360/2815/1622 2368/2825/1630 2369/2816/1623
f 2361/2802/1614 2369/2816/1623 2370/2817/1624
f 2362/2819/1615 2370/4148/1624 2371/2820/1625
f 2363/2807/1616 2371/2820/1625 2372/2821/1626
f 2372/2821/1626 2373/2822/1627 2365/2812/1619
f 2373/2822/1627 2366/2813/1620 2358/2798/1612
f 2374/2823/1628 2375/2824/1629 2367/2814/1621
f 2375/2824/1629 2376/2835/1638 2368/2825/1630
f 2368/2825/1630 2376/2835/1638 2377/2826/1631
f 2369/2816/1623 2377/2826/1631 2378/2827/1632
f 2370/2829/1624 2378/2838/1632 2379/2830/1633
f 2371/2820/1625 2379/2830/1633 2380/2831/1634
f 2380/2831/1634 2381/2832/1635 2373/2822/1627
f 2381/2832/1635 2374/2823/1628 2366/2813/1620
f 2382/2833/1636 2383/2834/1637 2375/2824/1629
f 2383/2834/1637 2384/2844/1646 2376/2835/1638
f 2376/2835/1638 2384/2844/1646 2385/2836/1639
f 2377/2826/1631 2385/2836/1639 2386/2837/1640
f 2378/2838/1632 2386/2847/1640 2387/2839/1641
f 2379/2830/1633 2387/2839/1641 2388/2840/1642
f 2388/2840/1642 2389/2841/1643 2381/2832/1635
f 2389/2841/1643 2382/2833/1636 2374/2823/1628
f 2390/2842/1644 2391/2843/1645 2383/2834/1637
f 2391/2843/1645 2392/2855/1654 2384/2844/1646
f 2384/2844/1646 2392/2855/1654 2393/2845/1647
f 2385/2836/1639 2393/2845/1647 2394/2846/1648
f 2386/2847/1640 2394/4149/1648 2395/2848/1649
f 2387/2839/1641 2395/2848/1649 2396/2849/1650
f 2396/2849/1650 2397/2850/1651 2389/2841/1643
f 2397/2850/1651 2390/2842/1644 2382/2833/1636
f 2398/2851/1652 2399/2854/1653 2391/2852/1645
f 2399/2854/1653 2400/2869/1662 2392/2855/1654
f 2392/2855/1654 2400/2869/1662 2401/2856/1655
f 2393/2857/1647 2401/2856/1655 2402/2858/1656
f 2394/2860/1648 2402/3663/1656 2403/2861/1657
f 2395/2862/1649 2403/2861/1657 2404/2863/1658
f 2404/2863/1658 2405/2866/1659 2397/2865/1651
f 2405/2866/1659 2398/2851/1652 2390/2853/1644
f 2406/2867/1660 2407/2868/1661 2399/2854/1653
f 2407/2868/1661 2408/2879/1670 2400/2869/1662
f 2400/2869/1662 2408/2879/1670 2409/2870/1663
f 2401/2856/1655 2409/2870/1663 2410/2871/1664
f 2402/2873/1656 2410/4150/1664 2411/2874/1665
f 2403/2861/1657 2411/2874/1665 2412/2875/1666
f 2412/2875/1666 2413/2876/1667 2405/2866/1659
f 2413/2876/1667 2406/2867/1660 2398/2851/1652
f 2414/2877/1668 2415/2878/1669 2407/2868/1661
f 2415/2878/1669 2416/2889/1678 2408/2879/1670
f 2408/2879/1670 2416/2889/1678 2417/2880/1671
f 2409/2870/1663 2417/2880/1671 2418/2881/1672
f 2410/2883/1664 2418/2892/1672 2419/2884/1673
f 2411/2874/1665 2419/2884/1673 2420/2885/1674
f 2420/2885/1674 2421/2886/1675 2413/2876/1667
f 2421/2886/1675 2414/2877/1668 2406/2867/1660
f 2414/2877/1668 2422/2895/1683 2423/2887/1676
f 2415/2878/1669 2423/2887/1676 2424/2888/1677
f 2424/2888/1677 2425/2890/1679 2417/2880/1671
f 2425/2890/1679 2426/2899/1680 2418/2881/1672
f 2426/2891/1680 2427/2893/1681 2419/2884/1673
f 2427/2893/1681 2428/2902/1689 2420/2885/1674
f 2420/2885/1674 2428/2902/1689 2429/2894/1682
f 2421/2886/1675 2429/2894/1682 2422/2895/1683
f 2422/2895/1683 2430/2904/1691 2431/2896/1684
f 2423/2887/1676 2431/2896/1684 2432/2897/1685
f 2432/2897/1685 2433/2898/1686 2425/2890/1679
f 2433/2898/1686 2434/4151/1687 2426/2899/1680
f 2434/2900/1687 2435/2901/1688 2427/2893/1681
f 2435/2901/1688 2436/4152/1698 2428/2902/1689
f 2428/2902/1689 2436/4152/1698 2437/2903/1690
f 2429/2894/1682 2437/2903/1690 2430/2904/1691
f 2438/2905/1692 2439/2908/1693 2431/2906/1684
f 2439/2908/1693 2440/2922/1702 2432/2897/1685
f 2432/2897/1685 2440/2922/1702 2441/2909/1694
f 2433/2910/1686 2441/2909/1694 2442/2911/1695
f 2434/2913/1687 2442/4153/1695 2443/2914/1696
f 2435/2915/1688 2443/2914/1696 2444/2916/1697
f 2444/2916/1697 2445/2919/1699 2437/2918/1690
f 2445/2919/1699 2438/2905/1692 2430/2907/1691
f 2446/2920/1700 2447/2921/1701 2439/2908/1693
f 2447/2921/1701 2448/2932/1710 2440/2922/1702
f 2440/2922/1702 2448/2932/1710 2449/2923/1703
f 2441/2909/1694 2449/2923/1703 2450/2924/1704
f 2442/2926/1695 2450/4154/1704 2451/2927/1705
f 2443/2914/1696 2451/2927/1705 2452/2928/1706
f 2452/2928/1706 2453/2929/1707 2445/2919/1699
f 2453/2929/1707 2446/2920/1700 2438/2905/1692
f 2446/2920/1700 2454/2939/1715 2455/2930/1708
f 2447/2921/1701 2455/2930/1708 2456/2931/1709
f 2456/2931/1709 2457/2933/1711 2449/2923/1703
f 2457/2933/1711 2458/2943/1712 2450/2934/1704
f 2458/2935/1712 2459/2937/1713 2451/2927/1705
f 2459/2937/1713 2460/2946/1721 2452/2928/1706
f 2452/2928/1706 2460/2946/1721 2461/2938/1714
f 2453/2929/1707 2461/2938/1714 2454/2939/1715
f 2454/2939/1715 2462/2948/1723 2463/2940/1716
f 2455/2930/1708 2463/2940/1716 2464/2941/1717
f 2464/2941/1717 2465/2942/1718 2457/2933/1711
f 2465/2942/1718 2466/2953/1719 2458/2943/1712
f 2466/2944/1719 2467/2945/1720 2459/2937/1713
f 2467/2945/1720 2468/2956/1730 2460/2946/1721
f 2460/2946/1721 2468/2956/1730 2469/2947/1722
f 2461/2938/1714 2469/2947/1722 2462/2948/1723
f 2470/2949/1724 2471/2950/1725 2463/2940/1716
f 2471/2950/1725 2472/2960/1734 2464/2941/1717
f 2464/2941/1717 2472/2960/1734 2473/2951/1726
f 2465/2942/1718 2473/2951/1726 2474/2952/1727
f 2466/2944/1719 2474/4155/1727 2475/2954/1728
f 2467/2945/1720 2475/2954/1728 2476/2955/1729
f 2476/2955/1729 2477/2957/1731 2469/2947/1722
f 2477/2957/1731 2470/2949/1724 2462/2948/1723
f 2470/2949/1724 2478/2967/1739 2479/2958/1732
f 2471/2950/1725 2479/2958/1732 2480/2959/1733
f 2480/2959/1733 2481/2961/1735 2473/2951/1726
f 2481/2961/1735 2482/3665/1736 2474/2962/1727
f 2482/2963/1736 2483/2965/1737 2475/2954/1728
f 2483/2965/1737 2484/2975/1745 2476/2955/1729
f 2476/2955/1729 2484/2975/1745 2485/2966/1738
f 2477/2957/1731 2485/2966/1738 2478/2967/1739
f 2478/2967/1739 2486/2977/1747 2487/2968/1740
f 2479/2958/1732 2487/2968/1740 2488/2969/1741
f 2488/2969/1741 2489/2970/1742 2481/2961/1735
f 2489/2970/1742 2490/3666/1743 2482/2971/1736
f 2490/2972/1743 2491/2974/1744 2483/2965/1737
f 2491/2974/1744 2492/2986/1754 2484/2975/1745
f 2484/2975/1745 2492/2986/1754 2493/2976/1746
f 2485/2966/1738 2493/2976/1746 2486/2977/1747
f 2494/2978/1748 2495/2979/1749 2487/2968/1740
f 2495/2979/1749 2496/2990/1758 2488/2969/1741
f 2488/2969/1741 2496/2990/1758 2497/2980/1750
f 2489/2970/1742 2497/2980/1750 2498/2981/1751
f 2490/2983/1743 2498/2993/1751 2499/2984/1752
f 2491/2974/1744 2499/2984/1752 2500/2985/1753
f 2500/2985/1753 2501/2987/1755 2493/2976/1746
f 2501/2987/1755 2494/2978/1748 2486/2977/1747
f 2494/2978/1748 2502/2996/1763 2503/2988/1756
f 2495/2979/1749 2503/2988/1756 2504/2989/1757
f 2504/2989/1757 2505/2991/1759 2497/2980/1750
f 2505/2991/1759 2506/3000/1760 2498/2981/1751
f 2506/2992/1760 2507/2994/1761 2499/2984/1752
f 2507/2994/1761 2508/3003/1769 2500/2985/1753
f 2500/2985/1753 2508/3003/1769 2509/2995/1762
f 2501/2987/1755 2509/2995/1762 2502/2996/1763
f 2502/2996/1763 2510/3005/1771 2511/2997/1764
f 2503/2988/1756 2511/2997/1764 2512/2998/1765
f 2512/2998/1765 2513/2999/1766 2505/2991/1759
f 2513/2999/1766 2514/4156/1767 2506/3000/1760
f 2514/3001/1767 2515/3002/1768 2507/2994/1761
f 2515/3002/1768 2516/3014/1778 2508/3003/1769
f 2508/3003/1769 2516/3014/1778 2517/3004/1770
f 2509/2995/1762 2517/3004/1770 2510/3005/1771
f 2518/3006/1772 2519/3007/1773 2511/2997/1764
f 2519/3007/1773 2520/3018/1782 2512/2998/1765
f 2512/2998/1765 2520/3018/1782 2521/3008/1774
f 2513/2999/1766 2521/3008/1774 2522/3009/1775
f 2514/3011/1767 2522/4157/1775 2523/3012/1776
f 2515/3002/1768 2523/3012/1776 2524/3013/1777
f 2524/3013/1777 2525/3015/1779 2517/3004/1770
f 2525/3015/1779 2518/3006/1772 2510/3005/1771
f 2518/3006/1772 2526/3025/1787 2527/3016/1780
f 2519/3007/1773 2527/3016/1780 2528/3017/1781
f 2528/3017/1781 2529/3019/1783 2521/3008/1774
f 2529/3019/1783 2530/3667/1784 2522/3020/1775
f 2530/3021/1784 2531/3023/1785 2523/3012/1776
f 2531/3023/1785 2532/3033/1793 2524/3013/1777
f 2524/3013/1777 2532/3033/1793 2533/3024/1786
f 2525/3015/1779 2533/3024/1786 2526/3025/1787
f 2526/3025/1787 2534/3035/1795 2535/3026/1788
f 2527/3016/1780 2535/3026/1788 2536/3027/1789
f 2536/3027/1789 2537/3028/1790 2529/3019/1783
f 2537/3028/1790 2538/3040/1791 2530/3029/1784
f 2538/3030/1791 2539/3032/1792 2531/3023/1785
f 2539/3032/1792 2540/3043/1802 2532/3033/1793
f 2532/3033/1793 2540/3043/1802 2541/3034/1794
f 2533/3024/1786 2541/3034/1794 2534/3035/1795
f 2542/3036/1796 2543/3037/1797 2535/3026/1788
f 2543/3037/1797 2544/3047/1806 2536/3027/1789
f 2536/3027/1789 2544/3047/1806 2545/3038/1798
f 2537/3028/1790 2545/3038/1798 2546/3039/1799
f 2538/3030/1791 2546/3050/1799 2547/3041/1800
f 2539/3032/1792 2547/3041/1800 2548/3042/1801
f 2548/3042/1801 2549/3044/1803 2541/3034/1794
f 2549/3044/1803 2542/3036/1796 2534/3035/1795
f 2550/3045/1804 2551/3046/1805 2543/3037/1797
f 2551/3046/1805 2552/3056/1814 2544/3047/1806
f 2544/3047/1806 2552/3056/1814 2553/3048/1807
f 2545/3038/1798 2553/3048/1807 2554/3049/1808
f 2546/3050/1799 2554/4158/1808 2555/3051/1809
f 2547/3041/1800 2555/3051/1809 2556/3052/1810
f 2556/3052/1810 2557/3053/1811 2549/3044/1803
f 2557/3053/1811 2550/3045/1804 2542/3036/1796
f 2550/3045/1804 2558/3063/1819 2559/3054/1812
f 2551/3046/1805 2559/3054/1812 2560/3055/1813
f 2560/3055/1813 2561/3057/1815 2553/3048/1807
f 2561/3057/1815 2562/3067/1816 2554/3058/1808
f 2562/3059/1816 2563/3061/1817 2555/3051/1809
f 2563/3061/1817 2564/3071/1825 2556/3052/1810
f 2556/3052/1810 2564/3071/1825 2565/3062/1818
f 2557/3053/1811 2565/3062/1818 2558/3063/1819
f 2558/3063/1819 2566/3073/1827 2567/3064/1820
f 2559/3054/1812 2567/3064/1820 2568/3065/1821
f 2568/3065/1821 2569/3066/1822 2561/3057/1815
f 2569/3066/1822 2570/3078/1823 2562/3067/1816
f 2570/3068/1823 2571/3070/1824 2563/3061/1817
f 2571/3070/1824 2572/3082/1834 2564/3071/1825
f 2564/3071/1825 2572/3082/1834 2573/3072/1826
f 2565/3062/1818 2573/3072/1826 2566/3073/1827
f 2574/3074/1828 2575/3075/1829 2567/3064/1820
f 2575/3075/1829 2576/3086/1838 2568/3065/1821
f 2568/3065/1821 2576/3086/1838 2577/3076/1830
f 2569/3066/1822 2577/3076/1830 2578/3077/1831
f 2570/3079/1823 2578/3089/1831 2579/3080/1832
f 2571/3070/1824 2579/3080/1832 2580/3081/1833
f 2580/3081/1833 2581/3083/1835 2573/3072/1826
f 2581/3083/1835 2574/3074/1828 2566/3073/1827
f 2574/3074/1828 2582/3092/1843 2583/3084/1836
f 2575/3075/1829 2583/3084/1836 2584/3085/1837
f 2584/3085/1837 2585/3087/1839 2577/3076/1830
f 2585/3087/1839 2586/3096/1840 2578/3077/1831
f 2586/3088/1840 2587/3090/1841 2579/3080/1832
f 2587/3090/1841 2588/3099/1849 2580/3081/1833
f 2580/3081/1833 2588/3099/1849 2589/3091/1842
f 2581/3083/1835 2589/3091/1842 2582/3092/1843
f 2582/3092/1843 2590/3101/1851 2591/3093/1844
f 2583/3084/1836 2591/3093/1844 2592/3094/1845
f 2592/3094/1845 2593/3095/1846 2585/3087/1839
f 2593/3095/1846 2594/3105/1847 2586/3096/1840
f 2594/3097/1847 2595/3098/1848 2587/3090/1841
f 2595/3098/1848 2596/3109/1857 2588/3099/1849
f 2588/3099/1849 2596/3109/1857 2597/3100/1850
f 2589/3091/1842 2597/3100/1850 2590/3101/1851
f 2590/3101/1851 2598/3111/1859 2599/3102/1852
f 2591/3093/1844 2599/3102/1852 2600/3103/1853
f 2600/3103/1853 2601/3104/1854 2593/3095/1846
f 2601/3104/1854 2602/3115/1855 2594/3105/1847
f 2602/3106/1855 2603/3108/1856 2595/3098/1848
f 2603/3108/1856 2604/3119/1865 2596/3109/1857
f 2596/3109/1857 2604/3119/1865 2605/3110/1858
f 2597/3100/1850 2605/3110/1858 2598/3111/1859
f 2598/3111/1859 2606/3121/1867 2607/3112/1860
f 2599/3102/1852 2607/3112/1860 2608/3113/1861
f 2608/3113/1861 2609/3114/1862 2601/3104/1854
f 2609/3114/1862 2610/3126/1863 2602/3115/1855
f 2610/3116/1863 2611/3118/1864 2603/3108/1856
f 2611/3118/1864 2612/3130/1874 2604/3119/1865
f 2604/3119/1865 2612/3130/1874 2613/3120/1866
f 2605/3110/1858 2613/3120/1866 2606/3121/1867
f 2614/3122/1868 2615/3123/1869 2607/3112/1860
f 2615/3123/1869 2616/3134/1878 2608/3113/1861
f 2608/3113/1861 2616/3134/1878 2617/3124/1870
f 2609/3114/1862 2617/3124/1870 2618/3125/1871
f 2610/3127/1863 2618/3137/1871 2619/3128/1872
f 2611/3118/1864 2619/3128/1872 2620/3129/1873
f 2620/3129/1873 2621/3131/1875 2613/3120/1866
f 2621/3131/1875 2614/3122/1868 2606/3121/1867
f 2614/3122/1868 2622/3140/1883 2623/3132/1876
f 2615/3123/1869 2623/3132/1876 2624/3133/1877
f 2624/3133/1877 2625/3135/1879 2617/3124/1870
f 2625/3135/1879 2626/3145/1880 2618/3125/1871
f 2626/3136/1880 2627/3138/1881 2619/3128/1872
f 2627/3138/1881 2628/3148/1890 2620/3129/1873
f 2620/3129/1873 2628/3148/1890 2629/3139/1882
f 2621/3131/1875 2629/3139/1882 2622/3140/1883
f 2630/3141/1884 2631/3142/1885 2623/3132/1876
f 2631/3142/1885 2632/3152/1894 2624/3133/1877
f 2624/3133/1877 2632/3152/1894 2633/3143/1886
f 2625/3135/1879 2633/3143/1886 2634/3144/1887
f 2626/3136/1880 2634/4159/1887 2635/3146/1888
f 2627/3138/1881 2635/3146/1888 2636/3147/1889
f 2636/3147/1889 2637/3149/1891 2629/3139/1882
f 2637/3149/1891 2630/3141/1884 2622/3140/1883
f 2630/3141/1884 2638/3158/1899 2639/3150/1892
f 2631/3142/1885 2639/3150/1892 2640/3151/1893
f 2640/3151/1893 2641/3153/1895 2633/3143/1886
f 2641/3153/1895 2642/3162/1896 2634/3144/1887
f 2642/3154/1896 2643/3156/1897 2635/3146/1888
f 2643/3156/1897 2644/3166/1905 2636/3147/1889
f 2636/3147/1889 2644/3166/1905 2645/3157/1898
f 2637/3149/1891 2645/3157/1898 2638/3158/1899
f 2638/3158/1899 2646/3168/1907 2647/3159/1900
f 2639/3150/1892 2647/3159/1900 2648/3160/1901
f 2648/3160/1901 2649/3161/1902 2641/3153/1895
f 2649/3161/1902 2650/3173/1903 2642/3162/1896
f 2650/3163/1903 2651/3165/1904 2643/3156/1897
f 2651/3165/1904 2652/3177/1914 2644/3166/1905
f 2644/3166/1905 2652/3177/1914 2653/3167/1906
f 2645/3157/1898 2653/3167/1906 2646/3168/1907
f 2654/3169/1908 2655/3170/1909 2647/3159/1900
f 2655/3170/1909 2656/3181/1918 2648/3160/1901
f 2648/3160/1901 2656/3181/1918 2657/3171/1910
f 2649/3161/1902 2657/3171/1910 2658/3172/1911
f 2650/3174/1903 2658/3184/1911 2659/3175/1912
f 2651/3165/1904 2659/3175/1912 2660/3176/1913
f 2660/3176/1913 2661/3178/1915 2653/3167/1906
f 2661/3178/1915 2654/3169/1908 2646/3168/1907
f 2654/3169/1908 2662/3187/1923 2663/3179/1916
f 2655/3170/1909 2663/3179/1916 2664/3180/1917
f 2664/3180/1917 2665/3182/1919 2657/3171/1910
f 2665/3182/1919 2666/3191/1920 2658/3172/1911
f 2666/3183/1920 2667/3185/1921 2659/3175/1912
f 2667/3185/1921 2668/3194/1929 2660/3176/1913
f 2660/3176/1913 2668/3194/1929 2669/3186/1922
f 2661/3178/1915 2669/3186/1922 2662/3187/1923
f 2662/3187/1923 2670/3196/1931 2671/3188/1924
f 2663/3179/1916 2671/3188/1924 2672/3189/1925
f 2672/3189/1925 2673/3190/1926 2665/3182/1919
f 2673/3190/1926 2674/3200/1927 2666/3191/1920
f 2674/3192/1927 2675/3193/1928 2667/3185/1921
f 2675/3193/1928 2676/3204/1937 2668/3194/1929
f 2668/3194/1929 2676/3204/1937 2677/3195/1930
f 2669/3186/1922 2677/3195/1930 2670/3196/1931
f 2670/3196/1931 2678/3206/1939 2679/3197/1932
f 2671/3188/1924 2679/3197/1932 2680/3198/1933
f 2680/3198/1933 2681/3199/1934 2673/3190/1926
f 2681/3199/1934 2682/3210/1935 2674/3200/1927
f 2682/3201/1935 2683/3203/1936 2675/3193/1928
f 2683/3203/1936 2684/3214/1945 2676/3204/1937
f 2676/3204/1937 2684/3214/1945 2685/3205/1938
f 2677/3195/1930 2685/3205/1938 2678/3206/1939
f 2678/3206/1939 2686/3216/1947 2687/3207/1940
f 2679/3197/1932 2687/3207/1940 2688/3208/1941
f 2688/3208/1941 2689/3209/1942 2681/3199/1934
f 2689/3209/1942 2690/3221/1943 2682/3210/1935
f 2690/3211/1943 2691/3213/1944 2683/3203/1936
f 2691/3213/1944 2692/3225/1954 2684/3214/1945
f 2684/3214/1945 2692/3225/1954 2693/3215/1946
f 2685/3205/1938 2693/3215/1946 2686/3216/1947
f 2694/3217/1948 2695/3218/1949 2687/3207/1940
f 2695/3218/1949 2696/3229/1958 2688/3208/1941
f 2688/3208/1941 2696/3229/1958 2697/3219/1950
f 2689/3209/1942 2697/3219/1950 2698/3220/1951
f 2690/3222/1943 2698/4160/1951 2699/3223/1952
f 2691/3213/1944 2699/3223/1952 2700/3224/1953
f 2700/3224/1953 2701/3226/1955 2693/3215/1946
f 2701/3226/1955 2694/3217/1948 2686/3216/1947
f 2694/3217/1948 2702/3235/1963 2703/3227/1956
f 2695/3218/1949 2703/3227/1956 2704/3228/1957
f 2704/3228/1957 2705/3230/1959 2697/3219/1950
f 2705/3230/1959 2706/3240/1960 2698/3220/1951
f 2706/3231/1960 2707/3233/1961 2699/3223/1952
f 2707/3233/1961 2708/3243/1970 2700/3224/1953
f 2700/3224/1953 2708/3243/1970 2709/3234/1962
f 2701/3226/1955 2709/3234/1962 2702/3235/1963
f 2710/3236/1964 2711/3237/1965 2703/3227/1956
f 2711/3237/1965 2712/3246/1973 2704/3228/1957
f 2704/3228/1957 2712/3246/1973 2713/3238/1966
f 2705/3230/1959 2713/3238/1966 2714/3239/1967
f 2706/3231/1960 2714/4161/1967 2715/3241/1968
f 2707/3233/1961 2715/3241/1968 2716/3242/1969
f 2716/3242/1969 2717/3244/1971 2709/3234/1962
f 2717/3244/1971 2710/3236/1964 2702/3235/1963
f 2710/3236/1964 2718/3253/1979 2719/3245/1972
f 2719/3245/1972 2720/3247/1974 2712/3246/1973
f 2720/3247/1974 2721/3248/1975 2713/3238/1966
f 2721/3248/1975 2722/3258/1976 2714/3239/1967
f 2722/3249/1976 2723/3261/1985 2715/3241/1968
f 2715/3241/1968 2723/3261/1985 2724/3251/1977
f 2716/3242/1969 2724/3251/1977 2725/3252/1978
f 2717/3244/1971 2725/3252/1978 2718/3253/1979
f 2726/3254/1980 2727/3255/1981 2719/3245/1972
f 2727/3255/1981 2728/3266/1990 2720/3247/1974
f 2720/3247/1974 2728/3266/1990 2729/3256/1982
f 2721/3248/1975 2729/3256/1982 2730/3257/1983
f 2722/3259/1976 2730/4162/1983 2731/3260/1984
f 2723/3261/1985 2731/3260/1984 2732/3262/1986
f 2732/3262/1986 2733/3263/1987 2725/3252/1978
f 2733/3263/1987 2726/3254/1980 2718/3253/1979
f 2726/3254/1980 2734/3274/1996 2735/3264/1988
f 2727/3255/1981 2735/3264/1988 2736/3265/1989
f 2728/3266/1990 2736/3265/1989 2737/3267/1991
f 2729/3256/1982 2737/3267/1991 2738/3268/1992
f 2738/3269/1992 2739/3271/1993 2731/3260/1984
f 2739/3271/1993 2740/3272/1994 2732/3262/1986
f 2740/3272/1994 2741/3273/1995 2733/3263/1987
f 2741/3273/1995 2734/3274/1996 2726/3254/1980
f 2734/3274/1996 2742/3281/2003 2743/3275/1997
f 2735/3264/1988 2743/3275/1997 2744/3276/1998
f 2736/3265/1989 2744/3276/1998 2745/3277/1999
f 2745/3277/1999 2746/3285/2000 2738/3268/1992
f 2746/3278/2000 2747/3279/2001 2739/3271/1993
f 2747/3279/2001 2748/3280/2002 2740/3272/1994
f 2748/3280/2002 2749/3289/2010 2741/3273/1995
f 2741/3273/1995 2749/3289/2010 2742/3281/2003
f 2742/3281/2003 2750/3290/2011 2751/3282/2004
f 2743/3275/1997 2751/3282/2004 2752/3283/2005
f 2744/3276/1998 2752/3283/2005 2753/3284/2006
f 2753/3284/2006 2754/3294/2007 2746/3285/2000
f 2754/3286/2007 2755/3287/2008 2747/3279/2001
f 2755/3287/2008 2756/3288/2009 2748/3280/2002
f 2756/3288/2009 2757/3299/2018 2749/3289/2010
f 2749/3289/2010 2757/3299/2018 2750/3290/2011
f 2750/3290/2011 2758/3300/2019 2759/3291/2012
f 2751/3282/2004 2759/3291/2012 2760/3292/2013
f 2760/3292/2013 2761/3293/2014 2753/3284/2006
f 2761/3293/2014 2762/3304/2015 2754/3294/2007
f 2762/3295/2015 2763/3297/2016 2755/3287/2008
f 2763/3297/2016 2764/3308/2025 2756/3288/2009
f 2756/3288/2009 2764/3308/2025 2765/3298/2017
f 2757/3299/2018 2765/3298/2017 2758/3300/2019
f 2758/3300/2019 2766/3310/2027 2767/3301/2020
f 2759/3291/2012 2767/3301/2020 2768/3302/2021
f 2768/3302/2021 2769/3303/2022 2761/3293/2014
f 2769/3303/2022 2770/3315/2023 2762/3304/2015
f 2770/3305/2023 2771/3307/2024 2763/3297/2016
f 2771/3307/2024 2772/3319/2034 2764/3308/2025
f 2764/3308/2025 2772/3319/2034 2773/3309/2026
f 2765/3298/2017 2773/3309/2026 2766/3310/2027
f 2774/3311/2028 2775/3312/2029 2767/3301/2020
f 2775/3312/2029 2776/3323/2038 2768/3302/2021
f 2768/3302/2021 2776/3323/2038 2777/3313/2030
f 2769/3303/2022 2777/3313/2030 2778/3314/2031
f 2770/3316/2023 2778/3658/2031 2779/3317/2032
f 2771/3307/2024 2779/3317/2032 2780/3318/2033
f 2780/3318/2033 2781/3320/2035 2773/3309/2026
f 2781/3320/2035 2774/3311/2028 2766/3310/2027
f 2782/3321/2036 2783/3322/2037 2775/3312/2029
f 2783/3322/2037 2784/4163/2046 2776/3323/2038
f 2776/3323/2038 2784/4163/2046 2785/3324/2039
f 2777/3313/2030 2785/3324/2039 2786/3325/2040
f 2778/3326/2031 2786/3660/2040 2787/3327/2041
f 2779/3317/2032 2787/3327/2041 2788/3328/2042
f 2788/3328/2042 2789/3329/2043 2781/3320/2035
f 2789/3329/2043 2782/3321/2036 2774/3311/2028
f 2790/2779/2044 2791/2765/2045 2783/3330/2037
f 2791/2765/2045 2792/3337/2054 2784/3332/2046
f 2784/3332/2046 2792/3337/2054 2793/2770/2047
f 2785/3333/2039 2793/2770/2047 2794/2783/2048
f 2786/2774/2040 2794/2772/2048 2795/2775/2049
f 2787/3334/2041 2795/2775/2049 2796/2786/2050
f 2796/2786/2050 2797/2777/2051 2789/3336/2043
f 2797/2777/2051 2790/2779/2044 2782/3331/2036
f 2798/2788/2052 2799/2780/2053 2791/2765/2045
f 2799/2780/2053 2800/3339/2062 2792/3337/2054
f 2792/3337/2054 2800/3339/2062 2801/2782/2055
f 2793/2770/2047 2801/2782/2055 2802/2792/2056
f 2794/3338/2048 2802/2784/2056 2803/2785/2057
f 2795/2775/2049 2803/2785/2057 2804/2795/2058
f 2804/2795/2058 2805/2787/2059 2797/2777/2051
f 2805/2787/2059 2798/2788/2052 2790/2779/2044
f 2806/2800/2060 2807/2799/2061 2799/2780/2053
f 2807/2799/2061 2808/2790/2070 2800/3339/2062
f 2800/3339/2062 2808/2790/2070 2809/2803/2063
f 2801/2782/2055 2809/2803/2063 2810/2805/2064
f 2802/3340/2056 2810/2806/2064 2811/2808/2065
f 2803/2785/2057 2811/2808/2065 2812/2810/2066
f 2812/2810/2066 2813/2811/2067 2805/2787/2059
f 2813/2811/2067 2806/2800/2060 2798/2788/2052
f 2806/2800/2060 2814/3346/2075 2815/3341/2068
f 2807/2799/2061 2815/3341/2068 2816/2815/2069
f 2808/2790/2070 2816/2815/2069 2817/3342/2071
f 2817/3342/2071 2818/2818/2072 2810/2805/2064
f 2818/2819/2072 2819/3344/2073 2811/2808/2065
f 2819/3344/2073 2820/3345/2074 2812/2810/2066
f 2820/3345/2074 2821/3352/2082 2813/2811/2067
f 2813/2811/2067 2821/3352/2082 2814/3346/2075
f 2822/3347/2076 2823/3348/2077 2815/3341/2068
f 2823/3348/2077 2824/3355/2086 2816/2815/2069
f 2816/2815/2069 2824/3355/2086 2825/3349/2078
f 2817/3342/2071 2825/3349/2078 2826/2828/2079
f 2818/2819/2072 2826/2829/2079 2827/3350/2080
f 2819/3344/2073 2827/3350/2080 2828/3351/2081
f 2828/3351/2081 2829/3353/2083 2821/3352/2082
f 2829/3353/2083 2822/3347/2076 2814/3346/2075
f 2822/3347/2076 2830/2823/2091 2831/2824/2084
f 2823/3348/2077 2831/2824/2084 2832/3354/2085
f 2832/3354/2085 2833/2826/2087 2825/3349/2078
f 2833/2826/2087 2834/2827/2088 2826/2828/2079
f 2834/2838/2088 2835/2830/2089 2827/3350/2080
f 2835/2830/2089 2836/2831/2097 2828/3351/2081
f 2828/3351/2081 2836/2831/2097 2837/2832/2090
f 2829/3353/2083 2837/2832/2090 2830/2823/2091
f 2830/2823/2091 2838/2833/2099 2839/2834/2092
f 2831/2824/2084 2839/2834/2092 2840/3356/2093
f 2840/3356/2093 2841/2836/2094 2833/2826/2087
f 2841/2836/2094 2842/2837/2095 2834/2827/2088
f 2842/2847/2095 2843/2839/2096 2835/2830/2089
f 2843/2839/2096 2844/2840/2106 2836/2831/2097
f 2836/2831/2097 2844/2840/2106 2845/2841/2098
f 2837/2832/2090 2845/2841/2098 2838/2833/2099
f 2846/2853/2100 2847/2852/2101 2839/2834/2092
f 2847/2852/2101 2848/2855/2110 2840/3356/2093
f 2840/3356/2093 2848/2855/2110 2849/2857/2102
f 2841/2836/2094 2849/2857/2102 2850/2859/2103
f 2842/3358/2095 2850/2860/2103 2851/2862/2104
f 2843/2839/2096 2851/2862/2104 2852/2864/2105
f 2852/2864/2105 2853/2865/2107 2845/2841/2098
f 2853/2865/2107 2846/2853/2100 2838/2833/2099
f 2846/2853/2100 2854/3364/2115 2855/3359/2108
f 2847/2852/2101 2855/3359/2108 2856/2869/2109
f 2856/2869/2109 2857/3360/2111 2849/2857/2102
f 2857/3360/2111 2858/2872/2112 2850/2859/2103
f 2858/2873/2112 2859/3362/2113 2851/2862/2104
f 2859/3362/2113 2860/3369/2121 2852/2864/2105
f 2852/2864/2105 2860/3369/2121 2861/3363/2114
f 2853/2865/2107 2861/3363/2114 2854/3364/2115
f 2854/3364/2115 2862/3371/2123 2863/3365/2116
f 2855/3359/2108 2863/3365/2116 2864/3366/2117
f 2864/3366/2117 2865/3367/2118 2857/3360/2111
f 2865/3367/2118 2866/2882/2119 2858/2872/2112
f 2866/2883/2119 2867/3368/2120 2859/3362/2113
f 2867/3368/2120 2868/3373/2129 2860/3369/2121
f 2860/3369/2121 2868/3373/2129 2869/3370/2122
f 2861/3363/2114 2869/3370/2122 2862/3371/2123
f 2862/3371/2123 2870/2877/2131 2871/2878/2124
f 2863/3365/2116 2871/2878/2124 2872/3372/2125
f 2872/3372/2125 2873/2880/2126 2865/3367/2118
f 2873/2880/2126 2874/2881/2127 2866/2882/2119
f 2874/2892/2127 2875/2884/2128 2867/3368/2120
f 2875/2884/2128 2876/2885/2138 2868/3373/2129
f 2868/3373/2129 2876/2885/2138 2877/2886/2130
f 2869/3370/2122 2877/2886/2130 2870/2877/2131
f 2878/2895/2132 2879/2887/2133 2871/2878/2124
f 2879/2887/2133 2880/3376/2142 2872/3372/2125
f 2872/3372/2125 2880/3376/2142 2881/2890/2134
f 2873/2880/2126 2881/2890/2134 2882/2899/2135
f 2874/3374/2127 2882/2891/2135 2883/2893/2136
f 2875/2884/2128 2883/2893/2136 2884/2902/2137
f 2884/2902/2137 2885/2894/2139 2877/2886/2130
f 2885/2894/2139 2878/2895/2132 2870/2877/2131
f 2878/2895/2132 2886/2907/2147 2887/2906/2140
f 2879/2887/2133 2887/2906/2140 2888/3375/2141
f 2888/3375/2141 2889/2910/2143 2881/2890/2134
f 2889/2910/2143 2890/2912/2144 2882/2899/2135
f 2890/2913/2144 2891/2915/2145 2883/2893/2136
f 2891/2915/2145 2892/2917/2153 2884/2902/2137
f 2884/2902/2137 2892/2917/2153 2893/2918/2146
f 2885/2894/2139 2893/2918/2146 2886/2907/2147
f 2886/2907/2147 2894/3383/2155 2895/3378/2148
f 2887/2906/2140 2895/3378/2148 2896/2922/2149
f 2896/2922/2149 2897/3379/2150 2889/2910/2143
f 2897/3379/2150 2898/2925/2151 2890/2912/2144
f 2898/2926/2151 2899/3381/2152 2891/2915/2145
f 2899/3381/2152 2900/3389/2162 2892/2917/2153
f 2892/2917/2153 2900/3389/2162 2901/3382/2154
f 2893/2918/2146 2901/3382/2154 2894/3383/2155
f 2902/3384/2156 2903/3385/2157 2895/3378/2148
f 2903/3385/2157 2904/3392/2166 2896/2922/2149
f 2896/2922/2149 2904/3392/2166 2905/3386/2158
f 2897/3379/2150 2905/3386/2158 2906/2934/2159
f 2898/2926/2151 2906/2936/2159 2907/3387/2160
f 2899/3381/2152 2907/3387/2160 2908/3388/2161
f 2908/3388/2161 2909/3390/2163 2901/3382/2154
f 2909/3390/2163 2902/3384/2156 2894/3383/2155
f 2902/3384/2156 2910/2939/2171 2911/2930/2164
f 2903/3385/2157 2911/2930/2164 2912/3391/2165
f 2912/3391/2165 2913/2933/2167 2905/3386/2158
f 2913/2933/2167 2914/2943/2168 2906/2934/2159
f 2914/2935/2168 2915/2937/2169 2907/3387/2160
f 2915/2937/2169 2916/2946/2177 2908/3388/2161
f 2908/3388/2161 2916/2946/2177 2917/2938/2170
f 2909/3390/2163 2917/2938/2170 2910/2939/2171
f 2910/2939/2171 2918/2948/2179 2919/2940/2172
f 2911/2930/2164 2919/2940/2172 2920/3393/2173
f 2920/3393/2173 2921/2942/2174 2913/2933/2167
f 2921/2942/2174 2922/2953/2175 2914/2943/2168
f 2922/2944/2175 2923/2945/2176 2915/2937/2169
f 2923/2945/2176 2924/2956/2186 2916/2946/2177
f 2916/2946/2177 2924/2956/2186 2925/2947/2178
f 2917/2938/2170 2925/2947/2178 2918/2948/2179
f 2926/3395/2180 2927/3396/2181 2919/2940/2172
f 2927/3396/2181 2928/3404/2190 2920/3393/2173
f 2920/3393/2173 2928/3404/2190 2929/3397/2182
f 2921/2942/2174 2929/3397/2182 2930/2962/2183
f 2922/3398/2175 2930/2964/2183 2931/3399/2184
f 2923/2945/2176 2931/3399/2184 2932/3400/2185
f 2932/3400/2185 2933/3401/2187 2925/2947/2178
f 2933/3401/2187 2926/3395/2180 2918/2948/2179
f 2934/3402/2188 2935/3403/2189 2927/3396/2181
f 2935/3403/2189 2936/2959/2198 2928/3404/2190
f 2928/3404/2190 2936/2959/2198 2937/3405/2191
f 2929/3397/2182 2937/3405/2191 2938/2971/2192
f 2930/3406/2183 2938/2973/2192 2939/3407/2193
f 2931/3399/2184 2939/3407/2193 2940/3408/2194
f 2940/3408/2194 2941/3409/2195 2933/3401/2187
f 2941/3409/2195 2934/3402/2188 2926/3395/2180
f 2942/3410/2196 2943/3411/2197 2935/3403/2189
f 2943/3411/2197 2944/3417/2206 2936/2959/2198
f 2936/2959/2198 2944/3417/2206 2945/3412/2199
f 2937/3405/2191 2945/3412/2199 2946/2982/2200
f 2938/2973/2192 2946/2983/2200 2947/3413/2201
f 2939/3407/2193 2947/3413/2201 2948/3414/2202
f 2948/3414/2202 2949/3415/2203 2941/3409/2195
f 2949/3415/2203 2942/3410/2196 2934/3402/2188
f 2942/3410/2196 2950/2978/2211 2951/2979/2204
f 2943/3411/2197 2951/2979/2204 2952/3416/2205
f 2952/3416/2205 2953/2980/2207 2945/3412/2199
f 2953/2980/2207 2954/2981/2208 2946/2982/2200
f 2954/2993/2208 2955/2984/2209 2947/3413/2201
f 2955/2984/2209 2956/2985/2217 2948/3414/2202
f 2948/3414/2202 2956/2985/2217 2957/2987/2210
f 2949/3415/2203 2957/2987/2210 2950/2978/2211
f 2950/2978/2211 2958/2996/2219 2959/2988/2212
f 2951/2979/2204 2959/2988/2212 2960/3418/2213
f 2960/3418/2213 2961/2991/2214 2953/2980/2207
f 2961/2991/2214 2962/3000/2215 2954/2981/2208
f 2962/2992/2215 2963/2994/2216 2955/2984/2209
f 2963/2994/2216 2964/3003/2225 2956/2985/2217
f 2956/2985/2217 2964/3003/2225 2965/2995/2218
f 2957/2987/2210 2965/2995/2218 2958/2996/2219
f 2958/2996/2219 2966/3426/2227 2967/3420/2220
f 2959/2988/2212 2967/3420/2220 2968/3421/2221
f 2968/3421/2221 2969/3422/2222 2961/2991/2214
f 2969/3422/2222 2970/3010/2223 2962/3000/2215
f 2970/3011/2223 2971/3424/2224 2963/2994/2216
f 2971/3424/2224 2972/3431/2233 2964/3003/2225
f 2964/3003/2225 2972/3431/2233 2973/3425/2226
f 2965/2995/2218 2973/3425/2226 2966/3426/2227
f 2966/3426/2227 2974/3433/2235 2975/3427/2228
f 2967/3420/2220 2975/3427/2228 2976/3018/2229
f 2976/3018/2229 2977/3428/2230 2969/3422/2222
f 2977/3428/2230 2978/3020/2231 2970/3010/2223
f 2978/3022/2231 2979/3430/2232 2971/3424/2224
f 2979/3430/2232 2980/3437/2241 2972/3431/2233
f 2972/3431/2233 2980/3437/2241 2981/3432/2234
f 2973/3425/2226 2981/3432/2234 2974/3433/2235
f 2974/3433/2235 2982/3439/2243 2983/3434/2236
f 2975/3427/2228 2983/3434/2236 2984/3017/2237
f 2984/3017/2237 2985/3435/2238 2977/3428/2230
f 2985/3435/2238 2986/3029/2239 2978/3020/2231
f 2986/3031/2239 2987/3436/2240 2979/3430/2232
f 2987/3436/2240 2988/3445/2249 2980/3437/2241
f 2980/3437/2241 2988/3445/2249 2989/3438/2242
f 2981/3432/2234 2989/3438/2242 2982/3439/2243
f 2982/3439/2243 2990/3447/2251 2991/3440/2244
f 2983/3434/2236 2991/3440/2244 2992/3441/2245
f 2992/3441/2245 2993/3442/2246 2985/3435/2238
f 2993/3442/2246 2994/3448/2247 2986/3029/2239
f 2994/3443/2247 2995/3444/2248 2987/3436/2240
f 2995/3444/2248 2996/3449/2258 2988/3445/2249
f 2988/3445/2249 2996/3449/2258 2997/3446/2250
f 2989/3438/2242 2997/3446/2250 2990/3447/2251
f 2998/3036/2252 2999/3037/2253 2991/3440/2244
f 2999/3037/2253 3000/3452/2262 2992/3441/2245
f 2992/3441/2245 3000/3452/2262 3001/3038/2254
f 2993/3442/2246 3001/3038/2254 3002/3039/2255
f 2994/3443/2247 3002/3050/2255 3003/3041/2256
f 2995/3444/2248 3003/3041/2256 3004/3042/2257
f 3004/3042/2257 3005/3044/2259 2997/3446/2250
f 3005/3044/2259 2998/3036/2252 2990/3447/2251
f 2998/3036/2252 3006/3457/2267 3007/3450/2260
f 2999/3037/2253 3007/3450/2260 3008/3451/2261
f 3008/3451/2261 3009/3453/2263 3001/3038/2254
f 3009/3453/2263 3010/3058/2264 3002/3039/2255
f 3010/3060/2264 3011/3455/2265 3003/3041/2256
f 3011/3455/2265 3012/3465/2274 3004/3042/2257
f 3004/3042/2257 3012/3465/2274 3013/3456/2266
f 3005/3044/2259 3013/3456/2266 3006/3457/2267
f 3014/3458/2268 3015/3459/2269 3007/3450/2260
f 3015/3459/2269 3016/3055/2278 3008/3451/2261
f 3008/3451/2261 3016/3055/2278 3017/3460/2270
f 3009/3453/2263 3017/3460/2270 3018/3461/2271
f 3010/3462/2264 3018/3069/2271 3019/3463/2272
f 3011/3455/2265 3019/3463/2272 3020/3464/2273
f 3020/3464/2273 3021/3466/2275 3013/3456/2266
f 3021/3466/2275 3014/3458/2268 3006/3457/2267
f 3022/3467/2276 3023/3468/2277 3015/3459/2269
f 3023/3468/2277 3024/3475/2286 3016/3055/2278
f 3016/3055/2278 3024/3475/2286 3025/3469/2279
f 3017/3460/2270 3025/3469/2279 3026/3470/2280
f 3018/3069/2271 3026/3079/2280 3027/3471/2281
f 3019/3463/2272 3027/3471/2281 3028/3472/2282
f 3028/3472/2282 3029/3473/2283 3021/3466/2275
f 3029/3473/2283 3022/3467/2276 3014/3458/2268
f 3022/3467/2276 3030/3074/2291 3031/3075/2284
f 3023/3468/2277 3031/3075/2284 3032/3474/2285
f 3032/3474/2285 3033/3076/2287 3025/3469/2279
f 3033/3076/2287 3034/3077/2288 3026/3470/2280
f 3034/3089/2288 3035/3080/2289 3027/3471/2281
f 3035/3080/2289 3036/3081/2298 3028/3472/2282
f 3028/3472/2282 3036/3081/2298 3037/3083/2290
f 3029/3473/2283 3037/3083/2290 3030/3074/2291
f 3038/3092/2292 3039/3084/2293 3031/3075/2284
f 3039/3084/2293 3040/3479/2302 3032/3474/2285
f 3032/3474/2285 3040/3479/2302 3041/3087/2294
f 3033/3076/2287 3041/3087/2294 3042/3096/2295
f 3034/3476/2288 3042/3088/2295 3043/3090/2296
f 3035/3080/2289 3043/3090/2296 3044/3099/2297
f 3044/3099/2297 3045/3091/2299 3037/3083/2290
f 3045/3091/2299 3038/3092/2292 3030/3074/2291
f 3038/3092/2292 3046/3484/2307 3047/3477/2300
f 3039/3084/2293 3047/3477/2300 3048/3478/2301
f 3048/3478/2301 3049/3480/2303 3041/3087/2294
f 3049/3480/2303 3050/3489/2304 3042/3096/2295
f 3050/3107/2304 3051/3482/2305 3043/3090/2296
f 3051/3482/2305 3052/3493/2314 3044/3099/2297
f 3044/3099/2297 3052/3493/2314 3053/3483/2306
f 3045/3091/2299 3053/3483/2306 3046/3484/2307
f 3054/3485/2308 3055/3486/2309 3047/3477/2300
f 3055/3486/2309 3056/3103/2318 3048/3478/2301
f 3048/3478/2301 3056/3103/2318 3057/3487/2310
f 3049/3480/2303 3057/3487/2310 3058/3488/2311
f 3050/3490/2304 3058/3117/2311 3059/3491/2312
f 3051/3482/2305 3059/3491/2312 3060/3492/2313
f 3060/3492/2313 3061/3494/2315 3053/3483/2306
f 3061/3494/2315 3054/3485/2308 3046/3484/2307
f 3054/3485/2308 3062/3499/2323 3063/3495/2316
f 3055/3486/2309 3063/3495/2316 3064/3113/2317
f 3064/3113/2317 3065/3496/2319 3057/3487/2310
f 3065/3496/2319 3066/3504/2320 3058/3488/2311
f 3066/3127/2320 3067/3497/2321 3059/3491/2312
f 3067/3497/2321 3068/3507/2330 3060/3492/2313
f 3060/3492/2313 3068/3507/2330 3069/3498/2322
f 3061/3494/2315 3069/3498/2322 3062/3499/2323
f 3070/3500/2324 3071/3501/2325 3063/3495/2316
f 3071/3501/2325 3072/3510/2334 3064/3113/2317
f 3064/3113/2317 3072/3510/2334 3073/3502/2326
f 3065/3496/2319 3073/3502/2326 3074/3503/2327
f 3066/3127/2320 3074/3511/2327 3075/3505/2328
f 3067/3497/2321 3075/3505/2328 3076/3506/2329
f 3076/3506/2329 3077/3508/2331 3069/3498/2322
f 3077/3508/2331 3070/3500/2324 3062/3499/2323
f 3070/3500/2324 3078/3140/2339 3079/3132/2332
f 3071/3501/2325 3079/3132/2332 3080/3509/2333
f 3080/3509/2333 3081/3135/2335 3073/3502/2326
f 3081/3135/2335 3082/3145/2336 3074/3503/2327
f 3082/3136/2336 3083/3138/2337 3075/3505/2328
f 3083/3138/2337 3084/3148/2346 3076/3506/2329
f 3076/3506/2329 3084/3148/2346 3085/3139/2338
f 3077/3508/2331 3085/3139/2338 3078/3140/2339
f 3086/3512/2340 3087/3513/2341 3079/3132/2332
f 3087/3513/2341 3088/3521/2350 3080/3509/2333
f 3080/3509/2333 3088/3521/2350 3089/3514/2342
f 3081/3135/2335 3089/3514/2342 3090/3515/2343
f 3082/3516/2336 3090/3155/2343 3091/3517/2344
f 3083/3138/2337 3091/3517/2344 3092/3518/2345
f 3092/3518/2345 3093/3519/2347 3085/3139/2338
f 3093/3519/2347 3086/3512/2340 3078/3140/2339
f 3086/3512/2340 3094/3526/2355 3095/3520/2348
f 3087/3513/2341 3095/3520/2348 3096/3151/2349
f 3096/3151/2349 3097/3522/2351 3089/3514/2342
f 3097/3522/2351 3098/3529/2352 3090/3515/2343
f 3098/3164/2352 3099/3524/2353 3091/3517/2344
f 3099/3524/2353 3100/3532/2361 3092/3518/2345
f 3092/3518/2345 3100/3532/2361 3101/3525/2354
f 3093/3519/2347 3101/3525/2354 3094/3526/2355
f 3094/3526/2355 3102/3534/2363 3103/3527/2356
f 3095/3520/2348 3103/3527/2356 3104/3160/2357
f 3104/3160/2357 3105/3528/2358 3097/3522/2351
f 3105/3528/2358 3106/3535/2359 3098/3529/2352
f 3106/3174/2359 3107/3531/2360 3099/3524/2353
f 3107/3531/2360 3108/3536/2370 3100/3532/2361
f 3100/3532/2361 3108/3536/2370 3109/3533/2362
f 3101/3525/2354 3109/3533/2362 3102/3534/2363
f 3110/3169/2364 3111/3170/2365 3103/3527/2356
f 3111/3170/2365 3112/3537/2374 3104/3160/2357
f 3104/3160/2357 3112/3537/2374 3113/3171/2366
f 3105/3528/2358 3113/3171/2366 3114/3172/2367
f 3106/3174/2359 3114/3184/2367 3115/3175/2368
f 3107/3531/2360 3115/3175/2368 3116/3176/2369
f 3116/3176/2369 3117/3178/2371 3109/3533/2362
f 3117/3178/2371 3110/3169/2364 3102/3534/2363
f 3118/3187/2372 3119/3179/2373 3111/3170/2365
f 3119/3179/2373 3120/3541/2382 3112/3537/2374
f 3112/3537/2374 3120/3541/2382 3121/3182/2375
f 3113/3171/2366 3121/3182/2375 3122/3191/2376
f 3114/3538/2367 3122/3183/2376 3123/3185/2377
f 3115/3175/2368 3123/3185/2377 3124/3194/2378
f 3124/3194/2378 3125/3186/2379 3117/3178/2371
f 3125/3186/2379 3118/3187/2372 3110/3169/2364
f 3118/3187/2372 3126/3546/2387 3127/3539/2380
f 3119/3179/2373 3127/3539/2380 3128/3540/2381
f 3128/3540/2381 3129/3542/2383 3121/3182/2375
f 3129/3542/2383 3130/3549/2384 3122/3191/2376
f 3130/3202/2384 3131/3544/2385 3123/3185/2377
f 3131/3544/2385 3132/3552/2393 3124/3194/2378
f 3124/3194/2378 3132/3552/2393 3133/3545/2386
f 3125/3186/2379 3133/3545/2386 3126/3546/2387
f 3126/3546/2387 3134/3554/2395 3135/3547/2388
f 3127/3539/2380 3135/3547/2388 3136/3198/2389
f 3136/3198/2389 3137/3548/2390 3129/3542/2383
f 3137/3548/2390 3138/3557/2391 3130/3549/2384
f 3138/3212/2391 3139/3551/2392 3131/3544/2385
f 3139/3551/2392 3140/3559/2401 3132/3552/2393
f 3132/3552/2393 3140/3559/2401 3141/3553/2394
f 3133/3545/2386 3141/3553/2394 3134/3554/2395
f 3134/3554/2395 3142/3561/2403 3143/3555/2396
f 3135/3547/2388 3143/3555/2396 3144/3208/2397
f 3144/3208/2397 3145/3556/2398 3137/3548/2390
f 3145/3556/2398 3146/3565/2399 3138/3557/2391
f 3146/3222/2399 3147/3558/2400 3139/3551/2392
f 3147/3558/2400 3148/3567/2409 3140/3559/2401
f 3140/3559/2401 3148/3567/2409 3149/3560/2402
f 3141/3553/2394 3149/3560/2402 3142/3561/2403
f 3142/3561/2403 3150/3569/2411 3151/3562/2404
f 3143/3555/2396 3151/3562/2404 3152/3563/2405
f 3152/3563/2405 3153/3564/2406 3145/3556/2398
f 3153/3564/2406 3154/3570/2407 3146/3565/2399
f 3154/3232/2407 3155/3566/2408 3147/3558/2400
f 3155/3566/2408 3156/3571/2418 3148/3567/2409
f 3148/3567/2409 3156/3571/2418 3157/3568/2410
f 3149/3560/2402 3157/3568/2410 3150/3569/2411
f 3158/3235/2412 3159/3227/2413 3151/3562/2404
f 3159/3227/2413 3160/3574/2422 3152/3563/2405
f 3152/3563/2405 3160/3574/2422 3161/3230/2414
f 3153/3564/2406 3161/3230/2414 3162/3240/2415
f 3154/3232/2407 3162/3231/2415 3163/3233/2416
f 3155/3566/2408 3163/3233/2416 3164/3243/2417
f 3164/3243/2417 3165/3234/2419 3157/3568/2410
f 3165/3234/2419 3158/3235/2412 3150/3569/2411
f 3166/3572/2420 3167/3573/2421 3159/3227/2413
f 3167/3573/2421 3168/3582/2430 3160/3574/2422
f 3160/3574/2422 3168/3582/2430 3169/3575/2423
f 3161/3230/2414 3169/3575/2423 3170/3576/2424
f 3162/3577/2415 3170/3250/2424 3171/3578/2425
f 3163/3233/2416 3171/3578/2425 3172/3579/2426
f 3172/3579/2426 3173/3580/2427 3165/3234/2419
f 3173/3580/2427 3166/3572/2420 3158/3235/2412
f 3166/3572/2420 3174/3587/2435 3175/3581/2428
f 3167/3573/2421 3175/3581/2428 3176/3247/2429
f 3176/3247/2429 3177/3583/2431 3169/3575/2423
f 3177/3583/2431 3178/3592/2432 3170/3576/2424
f 3178/3259/2432 3179/3585/2433 3171/3578/2425
f 3179/3585/2433 3180/3596/2442 3172/3579/2426
f 3172/3579/2426 3180/3596/2442 3181/3586/2434
f 3173/3580/2427 3181/3586/2434 3174/3587/2435
f 3182/3588/2436 3183/3589/2437 3175/3581/2428
f 3183/3589/2437 3184/3266/2446 3176/3247/2429
f 3176/3247/2429 3184/3266/2446 3185/3590/2438
f 3177/3583/2431 3185/3590/2438 3186/3591/2439
f 3178/3593/2432 3186/3270/2439 3187/3594/2440
f 3179/3585/2433 3187/3594/2440 3188/3595/2441
f 3188/3595/2441 3189/3597/2443 3181/3586/2434
f 3189/3597/2443 3182/3588/2436 3174/3587/2435
f 3190/3274/2444 3191/3264/2445 3183/3589/2437
f 3191/3264/2445 3192/3599/2454 3184/3266/2446
f 3184/3266/2446 3192/3599/2454 3193/3267/2447
f 3185/3590/2438 3193/3267/2447 3194/3268/2448
f 3186/3270/2439 3194/3269/2448 3195/3271/2449
f 3187/3594/2440 3195/3271/2449 3196/3272/2450
f 3196/3272/2450 3197/3273/2451 3189/3597/2443
f 3197/3273/2451 3190/3274/2444 3182/3588/2436
f 3190/3274/2444 3198/3281/2459 3199/3275/2452
f 3191/3264/2445 3199/3275/2452 3200/3598/2453
f 3200/3598/2453 3201/3277/2455 3193/3267/2447
f 3201/3277/2455 3202/3285/2456 3194/3268/2448
f 3202/3278/2456 3203/3279/2457 3195/3271/2449
f 3203/3279/2457 3204/3280/2465 3196/3272/2450
f 3196/3272/2450 3204/3280/2465 3205/3289/2458
f 3197/3273/2451 3205/3289/2458 3198/3281/2459
f 3198/3281/2459 3206/3607/2467 3207/3601/2460
f 3199/3275/2452 3207/3601/2460 3208/3602/2461
f 3208/3602/2461 3209/3603/2462 3201/3277/2455
f 3209/3603/2462 3210/3612/2463 3202/3285/2456
f 3210/3296/2463 3211/3605/2464 3203/3279/2457
f 3211/3605/2464 3212/3616/2474 3204/3280/2465
f 3204/3280/2465 3212/3616/2474 3213/3606/2466
f 3205/3289/2458 3213/3606/2466 3206/3607/2467
f 3214/3608/2468 3215/3609/2469 3207/3601/2460
f 3215/3609/2469 3216/3292/2478 3208/3602/2461
f 3208/3602/2461 3216/3292/2478 3217/3610/2470
f 3209/3603/2462 3217/3610/2470 3218/3611/2471
f 3210/3613/2463 3218/3306/2471 3219/3614/2472
f 3211/3605/2464 3219/3614/2472 3220/3615/2473
f 3220/3615/2473 3221/3617/2475 3213/3606/2466
f 3221/3617/2475 3214/3608/2468 3206/3607/2467
f 3214/3608/2468 3222/3622/2483 3223/3618/2476
f 3215/3609/2469 3223/3618/2476 3224/3302/2477
f 3224/3302/2477 3225/3619/2479 3217/3610/2470
f 3225/3619/2479 3226/3626/2480 3218/3611/2471
f 3226/3316/2480 3227/3620/2481 3219/3614/2472
f 3227/3620/2481 3228/3628/2489 3220/3615/2473
f 3220/3615/2473 3228/3628/2489 3229/3621/2482
f 3221/3617/2475 3229/3621/2482 3222/3622/2483
f 3222/3622/2483 3230/3630/2491 3231/3623/2484
f 3223/3618/2476 3231/3623/2484 3232/3624/2485
f 3232/3624/2485 3233/3625/2486 3225/3619/2479
f 3233/3625/2486 3234/3631/2487 3226/3626/2480
f 3234/3326/2487 3235/3627/2488 3227/3620/2481
f 3235/3627/2488 3236/3632/2498 3228/3628/2489
f 3228/3628/2489 3236/3632/2498 3237/3629/2490
f 3229/3621/2482 3237/3629/2490 3230/3630/2491
f 3238/3321/2492 3239/3322/2493 3231/3623/2484
f 3239/3322/2493 3240/3659/2502 3232/3624/2485
f 3232/3624/2485 3240/3659/2502 3241/3324/2494
f 3233/3625/2486 3241/3324/2494 3242/3325/2495
f 3234/3326/2487 3242/3660/2495 3243/3327/2496
f 3235/3627/2488 3243/3327/2496 3244/3328/2497
f 3244/3328/2497 3245/3329/2499 3237/3629/2490
f 3245/3329/2499 3238/3321/2492 3230/3630/2491
f 3238/3331/2492 3246/2779/2507 3247/2765/2500
f 3239/3330/2493 3247/2765/2500 3248/3337/2501
f 3248/3337/2501 3249/2770/2503 3241/3333/2494
f 3249/2770/2503 3250/2783/2504 3242/2771/2495
f 3250/2772/2504 3251/2775/2505 3243/3334/2496
f 3251/2775/2505 3252/2786/2513 3244/3335/2497
f 3244/3335/2497 3252/2786/2513 3253/2777/2506
f 3245/3336/2499 3253/2777/2506 3246/2779/2507
f 3246/2779/2507 3254/2788/2515 3255/2780/2508
f 3247/2765/2500 3255/2780/2508 3256/3339/2509
f 3256/3339/2509 3257/2782/2510 3249/2770/2503
f 3257/2782/2510 3258/2792/2511 3250/2783/2504
f 3258/2784/2511 3259/2785/2512 3251/2775/2505
f 3259/2785/2512 3260/2795/2522 3252/2786/2513
f 3252/2786/2513 3260/2795/2522 3261/2787/2514
f 3253/2777/2506 3261/2787/2514 3254/2788/2515
f 3262/2800/2516 3263/2799/2517 3255/2780/2508
f 3263/2799/2517 3264/3633/2526 3256/3339/2509
f 3256/3339/2509 3264/3633/2526 3265/2803/2518
f 3257/2782/2510 3265/2803/2518 3266/2805/2519
f 3258/3340/2511 3266/2806/2519 3267/2808/2520
f 3259/2785/2512 3267/2808/2520 3268/2810/2521
f 3268/2810/2521 3269/2811/2523 3261/2787/2514
f 3269/2811/2523 3262/2800/2516 3254/2788/2515
f 3262/2800/2516 3270/3346/2531 3271/3341/2524
f 3263/2799/2517 3271/3341/2524 3272/2815/2525
f 3272/2815/2525 3273/3342/2527 3265/2803/2518
f 3273/3342/2527 3274/2818/2528 3266/2805/2519
f 3274/2819/2528 3275/3344/2529 3267/2808/2520
f 3275/3344/2529 3276/3345/2538 3268/2810/2521
f 3268/2810/2521 3276/3345/2538 3277/3352/2530
f 3269/2811/2523 3277/3352/2530 3270/3346/2531
f 3278/3347/2532 3279/3348/2533 3271/3341/2524
f 3279/3348/2533 3280/3355/2542 3272/2815/2525
f 3272/2815/2525 3280/3355/2542 3281/3349/2534
f 3273/3342/2527 3281/3349/2534 3282/2828/2535
f 3274/2819/2528 3282/2829/2535 3283/3350/2536
f 3275/3344/2529 3283/3350/2536 3284/3351/2537
f 3284/3351/2537 3285/3353/2539 3277/3352/2530
f 3285/3353/2539 3278/3347/2532 3270/3346/2531
f 3286/2823/2540 3287/2824/2541 3279/3348/2533
f 3287/2824/2541 3288/3354/2550 3280/3355/2542
f 3280/3355/2542 3288/3354/2550 3289/2826/2543
f 3281/3349/2534 3289/2826/2543 3290/2827/2544
f 3282/2829/2535 3290/2838/2544 3291/2830/2545
f 3283/3350/2536 3291/2830/2545 3292/2831/2546
f 3292/2831/2546 3293/2832/2547 3285/3353/2539
f 3293/2832/2547 3286/2823/2540 3278/3347/2532
f 3286/2823/2540 3294/2833/2555 3295/2834/2548
f 3287/2824/2541 3295/2834/2548 3296/3356/2549
f 3296/3356/2549 3297/2836/2551 3289/2826/2543
f 3297/2836/2551 3298/2837/2552 3290/2827/2544
f 3298/2847/2552 3299/2839/2553 3291/2830/2545
f 3299/2839/2553 3300/2840/2562 3292/2831/2546
f 3292/2831/2546 3300/2840/2562 3301/2841/2554
f 3293/2832/2547 3301/2841/2554 3294/2833/2555
f 3302/2853/2556 3303/2852/2557 3295/2834/2548
f 3303/2852/2557 3304/3634/2566 3296/3356/2549
f 3296/3356/2549 3304/3634/2566 3305/2857/2558
f 3297/2836/2551 3305/2857/2558 3306/2859/2559
f 3298/3358/2552 3306/2860/2559 3307/2862/2560
f 3299/2839/2553 3307/2862/2560 3308/2864/2561
f 3308/2864/2561 3309/2865/2563 3301/2841/2554
f 3309/2865/2563 3302/2853/2556 3294/2833/2555
f 3310/3364/2564 3311/3359/2565 3303/2852/2557
f 3311/3359/2565 3312/2869/2574 3304/3634/2566
f 3304/3634/2566 3312/2869/2574 3313/3360/2567
f 3305/2857/2558 3313/3360/2567 3314/2872/2568
f 3306/3361/2559 3314/2873/2568 3315/3362/2569
f 3307/2862/2560 3315/3362/2569 3316/3369/2570
f 3316/3369/2570 3317/3363/2571 3309/2865/2563
f 3317/3363/2571 3310/3364/2564 3302/2853/2556
f 3310/3364/2564 3318/3371/2579 3319/3365/2572
f 3311/3359/2565 3319/3365/2572 3320/3366/2573
f 3320/3366/2573 3321/3367/2575 3313/3360/2567
f 3321/3367/2575 3322/2882/2576 3314/2872/2568
f 3322/2883/2576 3323/3368/2577 3315/3362/2569
f 3323/3368/2577 3324/3373/2585 3316/3369/2570
f 3316/3369/2570 3324/3373/2585 3325/3370/2578
f 3317/3363/2571 3325/3370/2578 3318/3371/2579
f 3318/3371/2579 3326/3639/2587 3327/3635/2580
f 3319/3365/2572 3327/3635/2580 3328/3372/2581
f 3328/3372/2581 3329/3636/2582 3321/3367/2575
f 3329/3636/2582 3330/3640/2583 3322/2882/2576
f 3330/3374/2583 3331/3637/2584 3323/3368/2577
f 3331/3637/2584 3332/3641/2593 3324/3373/2585
f 3324/3373/2585 3332/3641/2593 3333/3638/2586
f 3325/3370/2578 3333/3638/2586 3326/3639/2587
f 3326/3639/2587 3334/2895/2595 3335/2887/2588
f 3335/2887/2588 3336/3376/2589 3328/3372/2581
f 3336/3376/2589 3337/2890/2590 3329/3636/2582
f 3337/2890/2590 3338/2899/2591 3330/3640/2583
f 3338/2891/2591 3339/2893/2601 3331/3637/2584
f 3331/3637/2584 3339/2893/2601 3340/2902/2592
f 3332/3641/2593 3340/2902/2592 3341/2894/2594
f 3333/3638/2586 3341/2894/2594 3334/2895/2595
f 3342/2907/2596 3343/2906/2597 3335/2887/2588
f 3343/2906/2597 3344/2897/2606 3336/3376/2589
f 3336/3376/2589 3344/2897/2606 3345/2910/2598
f 3337/2890/2590 3345/2910/2598 3346/2912/2599
f 3338/3377/2591 3346/2913/2599 3347/2915/2600
f 3339/2893/2601 3347/2915/2600 3348/2917/2602
f 3348/2917/2602 3349/2918/2603 3341/2894/2594
f 3349/2918/2603 3342/2907/2596 3334/2895/2595
f 3350/3383/2604 3351/3378/2605 3343/2906/2597
f 3351/3378/2605 3352/2922/2614 3344/2897/2606
f 3344/2897/2606 3352/2922/2614 3353/3379/2607
f 3345/2910/2598 3353/3379/2607 3354/2925/2608
f 3346/3380/2599 3354/2926/2608 3355/3381/2609
f 3347/2915/2600 3355/3381/2609 3356/3389/2610
f 3356/3389/2610 3357/3382/2611 3349/2918/2603
f 3357/3382/2611 3350/3383/2604 3342/2907/2596
f 3358/3384/2612 3359/3385/2613 3351/3378/2605
f 3359/3385/2613 3360/3392/2622 3352/2922/2614
f 3352/2922/2614 3360/3392/2622 3361/3386/2615
f 3353/3379/2607 3361/3386/2615 3362/2934/2616
f 3354/2926/2608 3362/2936/2616 3363/3387/2617
f 3355/3381/2609 3363/3387/2617 3364/3388/2618
f 3364/3388/2618 3365/3390/2619 3357/3382/2611
f 3365/3390/2619 3358/3384/2612 3350/3383/2604
f 3366/2939/2620 3367/2930/2621 3359/3385/2613
f 3367/2930/2621 3368/3391/2630 3360/3392/2622
f 3360/3392/2622 3368/3391/2630 3369/2933/2623
f 3361/3386/2615 3369/2933/2623 3370/2943/2624
f 3362/2936/2616 3370/2935/2624 3371/2937/2625
f 3363/3387/2617 3371/2937/2625 3372/2946/2626
f 3372/2946/2626 3373/2938/2627 3365/3390/2619
f 3373/2938/2627 3366/2939/2620 3358/3384/2612
f 3374/2948/2628 3375/2940/2629 3367/2930/2621
f 3375/2940/2629 3376/3393/2631 3368/3391/2630
f 3376/3393/2631 3377/2942/2632 3369/2933/2623
f 3377/2942/2632 3378/2953/2640 3370/2943/2624
f 3370/3394/2624 3378/2944/2640 3379/2945/2633
f 3371/2937/2625 3379/2945/2633 3380/2956/2634
f 3372/2946/2626 3380/2956/2634 3381/2947/2635
f 3373/2938/2627 3381/2947/2635 3374/2948/2628
f 3382/3395/2636 3383/3396/2637 3375/2940/2629
f 3383/3396/2637 3384/3404/2638 3376/3393/2631
f 3384/3404/2638 3385/3397/2647 3377/2942/2632
f 3377/2942/2632 3385/3397/2647 3386/2962/2639
f 3378/3398/2640 3386/2964/2639 3387/3399/2641
f 3379/2945/2633 3387/3399/2641 3388/3400/2642
f 3380/2956/2634 3388/3400/2642 3389/3401/2643
f 3389/3401/2643 3382/3395/2636 3374/2948/2628
f 3382/3395/2636 3390/3402/2651 3391/3403/2644
f 3383/3396/2637 3391/3403/2644 3392/2959/2645
f 3384/3404/2638 3392/2959/2645 3393/3405/2646
f 3393/3405/2646 3394/2971/2648 3386/2962/2639
f 3394/2973/2648 3395/3407/2649 3387/3399/2641
f 3395/3407/2649 3396/3408/2650 3388/3400/2642
f 3396/3408/2650 3397/3409/2658 3389/3401/2643
f 3389/3401/2643 3397/3409/2658 3390/3402/2651
f 3390/3402/2651 3398/3410/2660 3399/3411/2652
f 3391/3403/2644 3399/3411/2652 3400/3417/2653
f 3392/2959/2645 3400/3417/2653 3401/3412/2654
f 3393/3405/2646 3401/3412/2654 3402/2982/2655
f 3402/2983/2655 3403/3413/2656 3395/3407/2649
f 3403/3413/2656 3404/3414/2657 3396/3408/2650
f 3404/3414/2657 3405/3415/2659 3397/3409/2658
f 3405/3415/2659 3398/3410/2660 3390/3402/2651
f 3398/3410/2660 3406/2978/2667 3407/2979/2661
f 3399/3411/2652 3407/2979/2661 3408/3416/2662
f 3400/3417/2653 3408/3416/2662 3409/2980/2663
f 3409/2980/2663 3410/2981/2664 3402/2982/2655
f 3410/2993/2664 3411/2984/2665 3403/3413/2656
f 3411/2984/2665 3412/2985/2666 3404/3414/2657
f 3412/2985/2666 3413/2987/2674 3405/3415/2659
f 3405/3415/2659 3413/2987/2674 3406/2978/2667
f 3406/2978/2667 3414/2996/2677 3415/2988/2668
f 3407/2979/2661 3415/2988/2668 3416/3418/2669
f 3408/3416/2662 3416/3418/2669 3417/2991/2670
f 3409/2980/2663 3417/2991/2670 3418/3000/2671
f 3418/2992/2671 3419/2994/2672 3411/2984/2665
f 3419/2994/2672 3420/3003/2673 3412/2985/2666
f 3420/3003/2673 3421/2995/2675 3413/2987/2674
f 3421/2995/2675 3414/2996/2677 3406/2978/2667
f 3422/3426/2676 3423/3420/2678 3415/2988/2668
f 3423/3420/2678 3424/3421/2679 3416/3418/2669
f 3424/3421/2679 3425/3422/2687 3417/2991/2670
f 3417/2991/2670 3425/3422/2687 3426/3010/2680
f 3418/3423/2671 3426/3011/2680 3427/3424/2681
f 3419/2994/2672 3427/3424/2681 3428/3431/2682
f 3420/3003/2673 3428/3431/2682 3429/3425/2683
f 3429/3425/2683 3422/3426/2676 3414/2996/2677
f 3430/3433/2684 3431/3427/2685 3423/3420/2678
f 3431/3427/2685 3432/3018/2686 3424/3421/2679
f 3432/3018/2686 3433/3428/2688 3425/3422/2687
f 3433/3428/2688 3434/3020/2696 3426/3010/2680
f 3426/3429/2680 3434/3022/2696 3435/3430/2689
f 3427/3424/2681 3435/3430/2689 3436/3437/2690
f 3428/3431/2682 3436/3437/2690 3437/3432/2691
f 3429/3425/2683 3437/3432/2691 3430/3433/2684
f 3438/3439/2692 3439/3434/2693 3431/3427/2685
f 3439/3434/2693 3440/3017/2694 3432/3018/2686
f 3440/3017/2694 3441/3435/2703 3433/3428/2688
f 3433/3428/2688 3441/3435/2703 3442/3029/2695
f 3434/3642/2696 3442/3031/2695 3443/3436/2697
f 3435/3430/2689 3443/3436/2697 3444/3445/2698
f 3436/3437/2690 3444/3445/2698 3445/3438/2699
f 3445/3438/2699 3438/3439/2692 3430/3433/2684
f 3446/3447/2700 3447/3440/2701 3439/3434/2693
f 3447/3440/2701 3448/3441/2710 3440/3017/2694
f 3440/3017/2694 3448/3441/2710 3449/3442/2702
f 3441/3435/2703 3449/3442/2702 3450/3448/2704
f 3442/3031/2695 3450/3443/2704 3451/3444/2705
f 3443/3436/2697 3451/3444/2705 3452/3449/2706
f 3452/3449/2706 3453/3446/2707 3445/3438/2699
f 3453/3446/2707 3446/3447/2700 3438/3439/2692
f 3446/3447/2700 3454/3036/2715 3455/3037/2708
f 3447/3440/2701 3455/3037/2708 3456/3452/2709
f 3456/3452/2709 3457/3038/2711 3449/3442/2702
f 3457/3038/2711 3458/3039/2712 3450/3448/2704
f 3458/3050/2712 3459/3041/2713 3451/3444/2705
f 3459/3041/2713 3460/3042/2721 3452/3449/2706
f 3452/3449/2706 3460/3042/2721 3461/3044/2714
f 3453/3446/2707 3461/3044/2714 3454/3036/2715
f 3454/3036/2715 3462/3457/2723 3463/3450/2716
f 3455/3037/2708 3463/3450/2716 3464/3451/2717
f 3456/3452/2709 3464/3451/2717 3465/3453/2718
f 3465/3453/2718 3466/3058/2719 3458/3039/2712
f 3466/3060/2719 3467/3455/2720 3459/3041/2713
f 3467/3455/2720 3468/3465/2730 3460/3042/2721
f 3460/3042/2721 3468/3465/2730 3469/3456/2722
f 3461/3044/2714 3469/3456/2722 3462/3457/2723
f 3470/3458/2724 3471/3459/2725 3463/3450/2716
f 3471/3459/2725 3472/3055/2734 3464/3451/2717
f 3464/3451/2717 3472/3055/2734 3473/3460/2726
f 3465/3453/2718 3473/3460/2726 3474/3461/2727
f 3466/3462/2719 3474/3069/2727 3475/3463/2728
f 3467/3455/2720 3475/3463/2728 3476/3464/2729
f 3476/3464/2729 3477/3466/2731 3469/3456/2722
f 3477/3466/2731 3470/3458/2724 3462/3457/2723
f 3478/3467/2732 3479/3468/2733 3471/3459/2725
f 3479/3468/2733 3480/3475/2742 3472/3055/2734
f 3472/3055/2734 3480/3475/2742 3481/3469/2735
f 3473/3460/2726 3481/3469/2735 3482/3470/2736
f 3474/3069/2727 3482/3079/2736 3483/3471/2737
f 3475/3463/2728 3483/3471/2737 3484/3472/2738
f 3484/3472/2738 3485/3473/2739 3477/3466/2731
f 3485/3473/2739 3478/3467/2732 3470/3458/2724
f 3478/3467/2732 3486/3647/2747 3487/3643/2740
f 3479/3468/2733 3487/3643/2740 3488/3474/2741
f 3488/3474/2741 3489/3644/2743 3481/3469/2735
f 3489/3644/2743 3490/3648/2744 3482/3470/2736
f 3490/3476/2744 3491/3645/2745 3483/3471/2737
f 3491/3645/2745 3492/3649/2753 3484/3472/2738
f 3484/3472/2738 3492/3649/2753 3493/3646/2746
f 3485/3473/2739 3493/3646/2746 3486/3647/2747
f 3486/3647/2747 3494/3092/2755 3495/3084/2748
f 3487/3643/2740 3495/3084/2748 3496/3479/2749
f 3496/3479/2749 3497/3087/2750 3489/3644/2743
f 3497/3087/2750 3498/3096/2751 3490/3648/2744
f 3498/3088/2751 3499/3090/2752 3491/3645/2745
f 3499/3090/2752 3500/3099/2762 3492/3649/2753
f 3492/3649/2753 3500/3099/2762 3501/3091/2754
f 3493/3646/2746 3501/3091/2754 3494/3092/2755
f 3502/3484/2756 3503/3477/2757 3495/3084/2748
f 3503/3477/2757 3504/3094/2766 3496/3479/2749
f 3496/3479/2749 3504/3094/2766 3505/3480/2758
f 3497/3087/2750 3505/3480/2758 3506/3489/2759
f 3498/3481/2751 3506/3107/2759 3507/3482/2760
f 3499/3090/2752 3507/3482/2760 3508/3493/2761
f 3508/3493/2761 3509/3483/2763 3501/3091/2754
f 3509/3483/2763 3502/3484/2756 3494/3092/2755
f 3510/3485/2764 3511/3486/2765 3503/3477/2757
f 3511/3486/2765 3512/3103/2774 3504/3094/2766
f 3504/3094/2766 3512/3103/2774 3513/3487/2767
f 3505/3480/2758 3513/3487/2767 3514/3488/2768
f 3506/3490/2759 3514/3117/2768 3515/3491/2769
f 3507/3482/2760 3515/3491/2769 3516/3492/2770
f 3516/3492/2770 3517/3494/2771 3509/3483/2763
f 3517/3494/2771 3510/3485/2764 3502/3484/2756
f 3510/3485/2764 3518/3499/2779 3519/3495/2772
f 3511/3486/2765 3519/3495/2772 3520/3113/2773
f 3520/3113/2773 3521/3496/2775 3513/3487/2767
f 3521/3496/2775 3522/3504/2776 3514/3488/2768
f 3522/3127/2776 3523/3497/2777 3515/3491/2769
f 3523/3497/2777 3524/3507/2786 3516/3492/2770
f 3516/3492/2770 3524/3507/2786 3525/3498/2778
f 3517/3494/2771 3525/3498/2778 3518/3499/2779
f 3526/3122/2780 3527/3123/2781 3519/3495/2772
f 3527/3123/2781 3528/3510/2789 3520/3113/2773
f 3520/3113/2773 3528/3510/2789 3529/3124/2782
f 3521/3496/2775 3529/3124/2782 3530/3125/2783
f 3522/3127/2776 3530/3137/2783 3531/3128/2784
f 3523/3497/2777 3531/3128/2784 3532/3129/2785
f 3532/3129/2785 3533/3131/2787 3525/3498/2778
f 3533/3131/2787 3526/3122/2780 3518/3499/2779
f 3526/3122/2780 3534/3140/2795 3535/3132/2788
f 3535/3132/2788 3536/3509/2790 3528/3510/2789
f 3536/3509/2790 3537/3135/2791 3529/3124/2782
f 3537/3135/2791 3538/3145/2792 3530/3125/2783
f 3538/3136/2792 3539/3138/2800 3531/3128/2784
f 3531/3128/2784 3539/3138/2800 3540/3148/2793
f 3532/3129/2785 3540/3148/2793 3541/3139/2794
f 3533/3131/2787 3541/3139/2794 3534/3140/2795
f 3534/3140/2795 3542/3512/2803 3543/3513/2796
f 3535/3132/2788 3543/3513/2796 3544/3521/2797
f 3544/3521/2797 3545/3514/2798 3537/3135/2791
f 3545/3514/2798 3546/3515/2799 3538/3145/2792
f 3546/3155/2799 3547/3517/2801 3539/3138/2800
f 3547/3517/2801 3548/3518/2810 3540/3148/2793
f 3540/3148/2793 3548/3518/2810 3549/3519/2802
f 3541/3139/2794 3549/3519/2802 3542/3512/2803
f 3550/3526/2804 3551/3520/2805 3543/3513/2796
f 3551/3520/2805 3552/3151/2814 3544/3521/2797
f 3544/3521/2797 3552/3151/2814 3553/3522/2806
f 3545/3514/2798 3553/3522/2806 3554/3529/2807
f 3546/3523/2799 3554/3164/2807 3555/3524/2808
f 3547/3517/2801 3555/3524/2808 3556/3532/2809
f 3556/3532/2809 3557/3525/2811 3549/3519/2802
f 3557/3525/2811 3550/3526/2804 3542/3512/2803
f 3550/3526/2804 3558/3534/2819 3559/3527/2812
f 3551/3520/2805 3559/3527/2812 3560/3160/2813
f 3560/3160/2813 3561/3528/2815 3553/3522/2806
f 3561/3528/2815 3562/3535/2816 3554/3529/2807
f 3562/3174/2816 3563/3531/2817 3555/3524/2808
f 3563/3531/2817 3564/3536/2826 3556/3532/2809
f 3556/3532/2809 3564/3536/2826 3565/3533/2818
f 3557/3525/2811 3565/3533/2818 3558/3534/2819
f 3566/3169/2820 3567/3170/2821 3559/3527/2812
f 3567/3170/2821 3568/3537/2830 3560/3160/2813
f 3560/3160/2813 3568/3537/2830 3569/3171/2822
f 3561/3528/2815 3569/3171/2822 3570/3172/2823
f 3562/3174/2816 3570/3184/2823 3571/3175/2824
f 3563/3531/2817 3571/3175/2824 3572/3176/2825
f 3572/3176/2825 3573/3178/2827 3565/3533/2818
f 3573/3178/2827 3566/3169/2820 3558/3534/2819
f 3566/3169/2820 3574/3187/2835 3575/3179/2828
f 3567/3170/2821 3575/3179/2828 3576/3541/2829
f 3576/3541/2829 3577/3182/2831 3569/3171/2822
f 3577/3182/2831 3578/3191/2832 3570/3172/2823
f 3578/3183/2832 3579/3185/2833 3571/3175/2824
f 3579/3185/2833 3580/3194/2842 3572/3176/2825
f 3572/3176/2825 3580/3194/2842 3581/3186/2834
f 3573/3178/2827 3581/3186/2834 3574/3187/2835
f 3582/3546/2836 3583/3539/2837 3575/3179/2828
f 3583/3539/2837 3584/3540/2846 3576/3541/2829
f 3576/3541/2829 3584/3540/2846 3585/3542/2838
f 3577/3182/2831 3585/3542/2838 3586/3549/2839
f 3578/3543/2832 3586/3202/2839 3587/3544/2840
f 3579/3185/2833 3587/3544/2840 3588/3552/2841
f 3588/3552/2841 3589/3545/2843 3581/3186/2834
f 3589/3545/2843 3582/3546/2836 3574/3187/2835
f 3582/3546/2836 3590/3554/2851 3591/3547/2844
f 3583/3539/2837 3591/3547/2844 3592/3198/2845
f 3592/3198/2845 3593/3548/2847 3585/3542/2838
f 3593/3548/2847 3594/3557/2848 3586/3549/2839
f 3594/3212/2848 3595/3551/2849 3587/3544/2840
f 3595/3551/2849 3596/3559/2857 3588/3552/2841
f 3588/3552/2841 3596/3559/2857 3597/3553/2850
f 3589/3545/2843 3597/3553/2850 3590/3554/2851
f 3590/3554/2851 3598/3561/2859 3599/3555/2852
f 3591/3547/2844 3599/3555/2852 3600/3208/2853
f 3600/3208/2853 3601/3556/2854 3593/3548/2847
f 3601/3556/2854 3602/3565/2855 3594/3557/2848
f 3602/3222/2855 3603/3558/2856 3595/3551/2849
f 3603/3558/2856 3604/3567/2866 3596/3559/2857
f 3596/3559/2857 3604/3567/2866 3605/3560/2858
f 3597/3553/2850 3605/3560/2858 3598/3561/2859
f 3606/3569/2860 3607/3562/2861 3599/3555/2852
f 3607/3562/2861 3608/3563/2870 3600/3208/2853
f 3600/3208/2853 3608/3563/2870 3609/3564/2862
f 3601/3556/2854 3609/3564/2862 3610/3570/2863
f 3602/3222/2855 3610/3232/2863 3611/3566/2864
f 3603/3558/2856 3611/3566/2864 3612/3571/2865
f 3612/3571/2865 3613/3568/2867 3605/3560/2858
f 3613/3568/2867 3606/3569/2860 3598/3561/2859
f 3606/3569/2860 3614/3235/2875 3615/3227/2868
f 3607/3562/2861 3615/3227/2868 3616/3574/2869
f 3616/3574/2869 3617/3230/2871 3609/3564/2862
f 3617/3230/2871 3618/3240/2872 3610/3570/2863
f 3618/3231/2872 3619/3233/2873 3611/3566/2864
f 3619/3233/2873 3620/3243/2882 3612/3571/2865
f 3612/3571/2865 3620/3243/2882 3621/3234/2874
f 3613/3568/2867 3621/3234/2874 3614/3235/2875
f 3622/3572/2876 3623/3573/2877 3615/3227/2868
f 3623/3573/2877 3624/3582/2886 3616/3574/2869
f 3616/3574/2869 3624/3582/2886 3625/3575/2878
f 3617/3230/2871 3625/3575/2878 3626/3576/2879
f 3618/3577/2872 3626/3250/2879 3627/3578/2880
f 3619/3233/2873 3627/3578/2880 3628/3579/2881
f 3628/3579/2881 3629/3580/2883 3621/3234/2874
f 3629/3580/2883 3622/3572/2876 3614/3235/2875
f 3630/3587/2884 3631/3581/2885 3623/3573/2877
f 3631/3581/2885 3632/3247/2894 3624/3582/2886
f 3624/3582/2886 3632/3247/2894 3633/3583/2887
f 3625/3575/2878 3633/3583/2887 3634/3592/2888
f 3626/3584/2879 3634/3259/2888 3635/3585/2889
f 3627/3578/2880 3635/3585/2889 3636/3596/2890
f 3636/3596/2890 3637/3586/2891 3629/3580/2883
f 3637/3586/2891 3630/3587/2884 3622/3572/2876
f 3630/3587/2884 3638/3588/2899 3639/3589/2892
f 3631/3581/2885 3639/3589/2892 3640/3266/2893
f 3640/3266/2893 3641/3590/2895 3633/3583/2887
f 3641/3590/2895 3642/3591/2896 3634/3592/2888
f 3642/3270/2896 3643/3594/2897 3635/3585/2889
f 3643/3594/2897 3644/3595/2906 3636/3596/2890
f 3636/3596/2890 3644/3595/2906 3645/3597/2898
f 3637/3586/2891 3645/3597/2898 3638/3588/2899
f 3646/3651/2900 3647/3652/2901 3639/3589/2892
f 3647/3652/2901 3648/3599/2910 3640/3266/2893
f 3640/3266/2893 3648/3599/2910 3649/3653/2902
f 3641/3590/2895 3649/3653/2902 3650/3654/2903
f 3642/3270/2896 3650/3600/2903 3651/3655/2904
f 3643/3594/2897 3651/3655/2904 3652/3656/2905
f 3652/3656/2905 3653/3657/2907 3645/3597/2898
f 3653/3657/2907 3646/3651/2900 3638/3588/2899
f 3646/3651/2900 3654/3281/2915 3655/3275/2908
f 3647/3652/2901 3655/3275/2908 3656/3598/2909
f 3656/3598/2909 3657/3277/2911 3649/3653/2902
f 3657/3277/2911 3658/3285/2912 3650/3654/2903
f 3658/3278/2912 3659/3279/2913 3651/3655/2904
f 3659/3279/2913 3660/3280/2922 3652/3656/2905
f 3652/3656/2905 3660/3280/2922 3661/3289/2914
f 3653/3657/2907 3661/3289/2914 3654/3281/2915
f 3662/3607/2916 3663/3601/2917 3655/3275/2908
f 3663/3601/2917 3664/3602/2926 3656/3598/2909
f 3656/3598/2909 3664/3602/2926 3665/3603/2918
f 3657/3277/2911 3665/3603/2918 3666/3612/2919
f 3658/3604/2912 3666/3296/2919 3667/3605/2920
f 3659/3279/2913 3667/3605/2920 3668/3616/2921
f 3668/3616/2921 3669/3606/2923 3661/3289/2914
f 3669/3606/2923 3662/3607/2916 3654/3281/2915
f 3662/3607/2916 3670/3608/2931 3671/3609/2924
f 3663/3601/2917 3671/3609/2924 3672/3292/2925
f 3672/3292/2925 3673/3610/2927 3665/3603/2918
f 3673/3610/2927 3674/3611/2928 3666/3612/2919
f 3674/3306/2928 3675/3614/2929 3667/3605/2920
f 3675/3614/2929 3676/3615/2938 3668/3616/2921
f 3668/3616/2921 3676/3615/2938 3677/3617/2930
f 3669/3606/2923 3677/3617/2930 3670/3608/2931
f 3678/3622/2932 3679/3618/2933 3671/3609/2924
f 3679/3618/2933 3680/3302/2942 3672/3292/2925
f 3672/3292/2925 3680/3302/2942 3681/3619/2934
f 3673/3610/2927 3681/3619/2934 3682/3626/2935
f 3674/3306/2928 3682/3316/2935 3683/3620/2936
f 3675/3614/2929 3683/3620/2936 3684/3628/2937
f 3684/3628/2937 3685/3621/2939 3677/3617/2930
f 3685/3621/2939 3678/3622/2932 3670/3608/2931
f 3678/3622/2932 3686/3311/2947 3687/3312/2940
f 3679/3618/2933 3687/3312/2940 3688/3624/2941
f 3688/3624/2941 3689/3313/2943 3681/3619/2934
f 3689/3313/2943 3690/3314/2944 3682/3626/2935
f 3690/3658/2944 3691/3317/2945 3683/3620/2936
f 3691/3317/2945 3692/3318/2953 3684/3628/2937
f 3684/3628/2937 3692/3318/2953 3693/3320/2946
f 3685/3621/2939 3693/3320/2946 3686/3311/2947
f 3686/3311/2947 3694/3321/2955 3695/3322/2948
f 3687/3312/2940 3695/3322/2948 3696/3659/2949
f 3696/3659/2949 3697/3324/2950 3689/3313/2943
f 3697/3324/2950 3698/3325/2951 3690/3314/2944
f 3698/3660/2951 3699/3327/2952 3691/3317/2945
f 3699/3327/2952 3700/3328/2962 3692/3318/2953
f 3692/3318/2953 3700/3328/2962 3701/3329/2954
f 3693/3320/2946 3701/3329/2954 3694/3321/2955
f 3702/2779/2956 3703/2765/2957 3695/3330/2948
f 3703/2765/2957 3704/3337/2966 3696/3332/2949
f 3696/3332/2949 3704/3337/2966 3705/2770/2958
f 3697/3333/2950 3705/2770/2958 3706/2783/2959
f 3698/2774/2951 3706/2772/2959 3707/2775/2960
f 3699/3334/2952 3707/2775/2960 3708/2786/2961
f 3708/2786/2961 3709/2777/2963 3701/3336/2954
f 3709/2777/2963 3702/2779/2956 3694/3331/2955
f 3702/2779/2956 3710/2788/2971 3711/2780/2964
f 3703/2765/2957 3711/2780/2964 3712/2781/2965
f 3712/2781/2965 3713/2782/2967 3705/2770/2958
f 3713/2782/2967 3714/2792/2968 3706/2783/2959
f 3714/2784/2968 3715/2785/2969 3707/2775/2960
f 3715/2785/2969 3716/2795/2977 3708/2786/2961
f 3708/2786/2961 3716/2795/2977 3717/2787/2970
f 3709/2777/2963 3717/2787/2970 3710/2788/2971
f 3710/2788/2971 3718/2800/2979 3719/2799/2972
f 3711/2780/2964 3719/2799/2972 3720/2790/2973
f 3720/2790/2973 3721/2803/2974 3713/2782/2967
f 3721/2803/2974 3722/2805/2975 3714/2792/2968
f 3722/2806/2975 3723/2808/2976 3715/2785/2969
f 3723/2808/2976 3724/2810/2986 3716/2795/2977
f 3716/2795/2977 3724/2810/2986 3725/2811/2978
f 3717/2787/2970 3725/2811/2978 3718/2800/2979
f 3726/3346/2980 3727/3341/2981 3719/2799/2972
f 3727/3341/2981 3728/2815/2990 3720/2790/2973
f 3720/2790/2973 3728/2815/2990 3729/3342/2982
f 3721/2803/2974 3729/3342/2982 3730/2818/2983
f 3722/2806/2975 3730/2819/2983 3731/3344/2984
f 3723/2808/2976 3731/3344/2984 3732/3345/2985
f 3732/3345/2985 3733/3352/2987 3725/2811/2978
f 3733/3352/2987 3726/3346/2980 3718/2800/2979
f 3726/3346/2980 3734/3347/2995 3735/3348/2988
f 3727/3341/2981 3735/3348/2988 3736/3355/2989
f 3736/3355/2989 3737/3349/2991 3729/3342/2982
f 3737/3349/2991 3738/2828/2992 3730/2818/2983
f 3738/2829/2992 3739/3350/2993 3731/3344/2984
f 3739/3350/2993 3740/3351/3001 3732/3345/2985
f 3732/3345/2985 3740/3351/3001 3741/3353/2994
f 3733/3352/2987 3741/3353/2994 3734/3347/2995
f 3734/3347/2995 3742/2823/3003 3743/2824/2996
f 3735/3348/2988 3743/2824/2996 3744/3354/2997
f 3744/3354/2997 3745/2826/2998 3737/3349/2991
f 3745/2826/2998 3746/2827/2999 3738/2828/2992
f 3746/2838/2999 3747/2830/3000 3739/3350/2993
f 3747/2830/3000 3748/2831/3010 3740/3351/3001
f 3740/3351/3001 3748/2831/3010 3749/2832/3002
f 3741/3353/2994 3749/2832/3002 3742/2823/3003
f 3750/2833/3004 3751/2834/3005 3743/2824/2996
f 3751/2834/3005 3752/3356/3013 3744/3354/2997
f 3744/3354/2997 3752/3356/3013 3753/2836/3006
f 3745/2826/2998 3753/2836/3006 3754/2837/3007
f 3746/3357/2999 3754/2847/3007 3755/2839/3008
f 3747/2830/3000 3755/2839/3008 3756/2840/3009
f 3756/2840/3009 3757/2841/3011 3749/2832/3002
f 3757/2841/3011 3750/2833/3004 3742/2823/3003
f 3750/2833/3004 3758/2853/3019 3759/2852/3012
f 3759/2852/3012 3760/3634/3014 3752/3356/3013
f 3760/3634/3014 3761/2857/3015 3753/2836/3006
f 3761/2857/3015 3762/2859/3016 3754/2837/3007
f 3762/2860/3016 3763/2862/3025 3755/2839/3008
f 3755/2839/3008 3763/2862/3025 3764/2864/3017
f 3756/2840/3009 3764/2864/3017 3765/2865/3018
f 3757/2841/3011 3765/2865/3018 3758/2853/3019
f 3766/3364/3020 3767/3359/3021 3759/2852/3012
f 3767/3359/3021 3768/2869/3030 3760/3634/3014
f 3760/3634/3014 3768/2869/3030 3769/3360/3022
f 3761/2857/3015 3769/3360/3022 3770/2872/3023
f 3762/3361/3016 3770/2873/3023 3771/3362/3024
f 3763/2862/3025 3771/3362/3024 3772/3369/3026
f 3772/3369/3026 3773/3363/3027 3765/2865/3018
f 3773/3363/3027 3766/3364/3020 3758/2853/3019
f 3774/3371/3028 3775/3365/3029 3767/3359/3021
f 3775/3365/3029 3776/3366/3038 3768/2869/3030
f 3768/2869/3030 3776/3366/3038 3777/3367/3031
f 3769/3360/3022 3777/3367/3031 3778/2882/3032
f 3770/2873/3023 3778/2883/3032 3779/3368/3033
f 3771/3362/3024 3779/3368/3033 3780/3373/3034
f 3780/3373/3034 3781/3370/3035 3773/3363/3027
f 3781/3370/3035 3774/3371/3028 3766/3364/3020
f 3782/3639/3036 3783/3635/3037 3775/3365/3029
f 3783/3635/3037 3784/3372/3046 3776/3366/3038
f 3776/3366/3038 3784/3372/3046 3785/3636/3039
f 3777/3367/3031 3785/3636/3039 3786/3640/3040
f 3778/2883/3032 3786/3374/3040 3787/3637/3041
f 3779/3368/3033 3787/3637/3041 3788/3641/3042
f 3788/3641/3042 3789/3638/3043 3781/3370/3035
f 3789/3638/3043 3782/3639/3036 3774/3371/3028
f 3782/3639/3036 3790/2895/3051 3791/2887/3044
f 3783/3635/3037 3791/2887/3044 3792/3376/3045
f 3792/3376/3045 3793/2890/3047 3785/3636/3039
f 3793/2890/3047 3794/2899/3048 3786/3640/3040
f 3794/2891/3048 3795/2893/3049 3787/3637/3041
f 3795/2893/3049 3796/2902/3057 3788/3641/3042
f 3788/3641/3042 3796/2902/3057 3797/2894/3050
f 3789/3638/3043 3797/2894/3050 3790/2895/3051
f 3790/2895/3051 3798/2907/3059 3799/2906/3052
f 3791/2887/3044 3799/2906/3052 3800/2897/3053
f 3800/2897/3053 3801/2910/3054 3793/2890/3047
f 3801/2910/3054 3802/2912/3055 3794/2899/3048
f 3802/2913/3055 3803/2915/3056 3795/2893/3049
f 3803/2915/3056 3804/2917/3066 3796/2902/3057
f 3796/2902/3057 3804/2917/3066 3805/2918/3058
f 3797/2894/3050 3805/2918/3058 3798/2907/3059
f 3806/3383/3060 3807/3378/3061 3799/2906/3052
f 3807/3378/3061 3808/2922/3070 3800/2897/3053
f 3800/2897/3053 3808/2922/3070 3809/3379/3062
f 3801/2910/3054 3809/3379/3062 3810/2925/3063
f 3802/2913/3055 3810/2926/3063 3811/3381/3064
f 3803/2915/3056 3811/3381/3064 3812/3389/3065
f 3812/3389/3065 3813/3382/3067 3805/2918/3058
f 3813/3382/3067 3806/3383/3060 3798/2907/3059
f 3814/2920/3068 3815/2921/3069 3807/3378/3061
f 3815/2921/3069 3816/3392/3078 3808/2922/3070
f 3808/2922/3070 3816/3392/3078 3817/2923/3071
f 3809/3379/3062 3817/2923/3071 3818/2924/3072
f 3810/2926/3063 3818/4154/3072 3819/2927/3073
f 3811/3381/3064 3819/2927/3073 3820/2928/3074
f 3820/2928/3074 3821/2929/3075 3813/3382/3067
f 3821/2929/3075 3814/2920/3068 3806/3383/3060
f 3814/2920/3068 3822/2939/3083 3823/2930/3076
f 3815/2921/3069 3823/2930/3076 3824/3391/3077
f 3816/3392/3078 3824/3391/3077 3825/2933/3079
f 3825/2933/3079 3826/2943/3080 3818/2924/3072
f 3826/2935/3080 3827/2937/3081 3819/2927/3073
f 3827/2937/3081 3828/2946/3082 3820/2928/3074
f 3828/2946/3082 3829/2938/3090 3821/2929/3075
f 3821/2929/3075 3829/2938/3090 3822/2939/3083
f 3822/2939/3083 3830/2948/3091 3831/2940/3084
f 3823/2930/3076 3831/2940/3084 3832/3393/3085
f 3832/3393/3085 3833/2942/3086 3825/2933/3079
f 3833/2942/3086 3834/2953/3087 3826/2943/3080
f 3834/2944/3087 3835/2945/3088 3827/2937/3081
f 3835/2945/3088 3836/2956/3097 3828/2946/3082
f 3828/2946/3082 3836/2956/3097 3837/2947/3089
f 3829/2938/3090 3837/2947/3089 3830/2948/3091
f 3830/2948/3091 3838/3395/3099 3839/3396/3092
f 3831/2940/3084 3839/3396/3092 3840/2960/3093
f 3840/2960/3093 3841/3397/3094 3833/2942/3086
f 3841/3397/3094 3842/2962/3095 3834/2953/3087
f 3842/2964/3095 3843/3399/3096 3835/2945/3088
f 3843/3399/3096 3844/3400/3105 3836/2956/3097
f 3836/2956/3097 3844/3400/3105 3845/3401/3098
f 3837/2947/3089 3845/3401/3098 3838/3395/3099
f 3838/3395/3099 3846/3402/3107 3847/3403/3100
f 3839/3396/3092 3847/3403/3100 3848/2959/3101
f 3848/2959/3101 3849/3405/3102 3841/3397/3094
f 3849/3405/3102 3850/2971/3103 3842/2962/3095
f 3850/2973/3103 3851/3407/3104 3843/3399/3096
f 3851/3407/3104 3852/3408/3113 3844/3400/3105
f 3844/3400/3105 3852/3408/3113 3853/3409/3106
f 3845/3401/3098 3853/3409/3106 3846/3402/3107
f 3846/3402/3107 3854/3410/3115 3855/3411/3108
f 3847/3403/3100 3855/3411/3108 3856/3417/3109
f 3856/3417/3109 3857/3412/3110 3849/3405/3102
f 3857/3412/3110 3858/2982/3111 3850/2971/3103
f 3858/2983/3111 3859/3413/3112 3851/3407/3104
f 3859/3413/3112 3860/3414/3121 3852/3408/3113
f 3852/3408/3113 3860/3414/3121 3861/3415/3114
f 3853/3409/3106 3861/3415/3114 3854/3410/3115
f 3854/3410/3115 3862/2978/3123 3863/2979/3116
f 3855/3411/3108 3863/2979/3116 3864/3416/3117
f 3864/3416/3117 3865/2980/3118 3857/3412/3110
f 3865/2980/3118 3866/2981/3119 3858/2982/3111
f 3866/2993/3119 3867/2984/3120 3859/3413/3112
f 3867/2984/3120 3868/2985/3129 3860/3414/3121
f 3860/3414/3121 3868/2985/3129 3869/2987/3122
f 3861/3415/3114 3869/2987/3122 3862/2978/3123
f 3862/2978/3123 3870/2996/3131 3871/2988/3124
f 3863/2979/3116 3871/2988/3124 3872/3418/3125
f 3872/3418/3125 3873/2991/3126 3865/2980/3118
f 3873/2991/3126 3874/3000/3127 3866/2981/3119
f 3874/2992/3127 3875/2994/3128 3867/2984/3120
f 3875/2994/3128 3876/3003/3137 3868/2985/3129
f 3868/2985/3129 3876/3003/3137 3877/2995/3130
f 3869/2987/3122 3877/2995/3130 3870/2996/3131
f 3870/2996/3131 3878/3426/3139 3879/3420/3132
f 3871/2988/3124 3879/3420/3132 3880/3421/3133
f 3880/3421/3133 3881/3422/3134 3873/2991/3126
f 3881/3422/3134 3882/3010/3135 3874/3000/3127
f 3882/3011/3135 3883/3424/3136 3875/2994/3128
f 3883/3424/3136 3884/3431/3145 3876/3003/3137
f 3876/3003/3137 3884/3431/3145 3885/3425/3138
f 3877/2995/3130 3885/3425/3138 3878/3426/3139
f 3878/3426/3139 3886/3433/3147 3887/3427/3140
f 3879/3420/3132 3887/3427/3140 3888/3018/3141
f 3888/3018/3141 3889/3428/3142 3881/3422/3134
f 3889/3428/3142 3890/3020/3143 3882/3010/3135
f 3890/3022/3143 3891/3430/3144 3883/3424/3136
f 3891/3430/3144 3892/3437/3153 3884/3431/3145
f 3884/3431/3145 3892/3437/3153 3893/3432/3146
f 3885/3425/3138 3893/3432/3146 3886/3433/3147
f 3894/3439/3148 3895/3434/3157 3887/3427/3140
f 3887/3427/3140 3895/3434/3157 3896/3017/3149
f 3888/3018/3141 3896/3017/3149 3897/3435/3150
f 3889/3428/3142 3897/3435/3150 3898/3029/3151
f 3890/3642/3143 3898/3031/3151 3899/3436/3152
f 3899/3436/3152 3900/3445/3154 3892/3437/3153
f 3900/3445/3154 3901/3438/3155 3893/3432/3146
f 3901/3438/3155 3894/3439/3148 3886/3433/3147
f 3902/3447/3156 3903/3440/3165 3895/3434/3157
f 3895/3434/3157 3903/3440/3165 3904/3441/3158
f 3896/3017/3149 3904/3441/3158 3905/3442/3159
f 3897/3435/3150 3905/3442/3159 3906/3448/3160
f 3898/3031/3151 3906/3443/3160 3907/3444/3161
f 3907/3444/3161 3908/3449/3162 3900/3445/3154
f 3908/3449/3162 3909/3446/3163 3901/3438/3155
f 3909/3446/3163 3902/3447/3156 3894/3439/3148
f 3902/3447/3156 3910/3036/3171 3911/3037/3164
f 3903/3440/3165 3911/3037/3164 3912/3047/3166
f 3904/3441/3158 3912/3047/3166 3913/3038/3167
f 3913/3038/3167 3914/3039/3168 3906/3448/3160
f 3914/3050/3168 3915/3041/3169 3907/3444/3161
f 3915/3041/3169 3916/3042/3170 3908/3449/3162
f 3916/3042/3170 3917/3044/3179 3909/3446/3163
f 3909/3446/3163 3917/3044/3179 3910/3036/3171
f 3918/3457/3172 3919/3450/3173 3911/3037/3164
f 3919/3450/3173 3920/3056/3174 3912/3047/3166
f 3920/3056/3174 3921/3453/3183 3913/3038/3167
f 3913/3038/3167 3921/3453/3183 3922/3058/3175
f 3914/3454/3168 3922/3060/3175 3923/3455/3176
f 3915/3041/3169 3923/3455/3176 3924/3465/3177
f 3916/3042/3170 3924/3465/3177 3925/3456/3178
f 3925/3456/3178 3918/3457/3172 3910/3036/3171
f 3926/3458/3180 3927/3459/3181 3919/3450/3173
f 3927/3459/3181 3928/3055/3182 3920/3056/3174
f 3928/3055/3182 3929/3460/3190 3921/3453/3183
f 3921/3453/3183 3929/3460/3190 3930/3461/3184
f 3922/3060/3175 3930/3069/3184 3931/3463/3185
f 3923/3455/3176 3931/3463/3185 3932/3464/3186
f 3924/3465/3177 3932/3464/3186 3933/3466/3187
f 3933/3466/3187 3926/3458/3180 3918/3457/3172
f 3926/3458/3180 3934/3073/3195 3935/3064/3188
f 3927/3459/3181 3935/3064/3188 3936/3475/3189
f 3936/3475/3189 3937/3066/3191 3929/3460/3190
f 3937/3066/3191 3938/3078/3192 3930/3461/3184
f 3938/3068/3192 3939/3070/3193 3931/3463/3185
f 3939/3070/3193 3940/3082/3201 3932/3464/3186
f 3932/3464/3186 3940/3082/3201 3941/3072/3194
f 3933/3466/3187 3941/3072/3194 3934/3073/3195
f 3934/3073/3195 3942/3074/3203 3943/3075/3196
f 3935/3064/3188 3943/3075/3196 3944/3474/3197
f 3944/3474/3197 3945/3076/3198 3937/3066/3191
f 3945/3076/3198 3946/3077/3199 3938/3078/3192
f 3946/3089/3199 3947/3080/3200 3939/3070/3193
f 3947/3080/3200 3948/3081/3210 3940/3082/3201
f 3940/3082/3201 3948/3081/3210 3949/3083/3202
f 3941/3072/3194 3949/3083/3202 3942/3074/3203
f 3950/3092/3204 3951/3084/3205 3943/3075/3196
f 3951/3084/3205 3952/3479/3214 3944/3474/3197
f 3944/3474/3197 3952/3479/3214 3953/3087/3206
f 3945/3076/3198 3953/3087/3206 3954/3096/3207
f 3946/3476/3199 3954/3088/3207 3955/3090/3208
f 3947/3080/3200 3955/3090/3208 3956/3099/3209
f 3956/3099/3209 3957/3091/3211 3949/3083/3202
f 3957/3091/3211 3950/3092/3204 3942/3074/3203
f 3950/3092/3204 3958/3484/3219 3959/3477/3212
f 3951/3084/3205 3959/3477/3212 3960/3094/3213
f 3960/3094/3213 3961/3480/3215 3953/3087/3206
f 3961/3480/3215 3962/3489/3216 3954/3096/3207
f 3962/3107/3216 3963/3482/3217 3955/3090/3208
f 3963/3482/3217 3964/3493/3225 3956/3099/3209
f 3956/3099/3209 3964/3493/3225 3965/3483/3218
f 3957/3091/3211 3965/3483/3218 3958/3484/3219
f 3958/3484/3219 3966/3485/3227 3967/3486/3220
f 3959/3477/3212 3967/3486/3220 3968/3103/3221
f 3968/3103/3221 3969/3487/3222 3961/3480/3215
f 3969/3487/3222 3970/3488/3223 3962/3489/3216
f 3970/3117/3223 3971/3491/3224 3963/3482/3217
f 3971/3491/3224 3972/3492/3234 3964/3493/3225
f 3964/3493/3225 3972/3492/3234 3973/3494/3226
f 3965/3483/3218 3973/3494/3226 3966/3485/3227
f 3974/3499/3228 3975/3495/3229 3967/3486/3220
f 3975/3495/3229 3976/3113/3238 3968/3103/3221
f 3968/3103/3221 3976/3113/3238 3977/3496/3230
f 3969/3487/3222 3977/3496/3230 3978/3504/3231
f 3970/3117/3223 3978/3127/3231 3979/3497/3232
f 3971/3491/3224 3979/3497/3232 3980/3507/3233
f 3980/3507/3233 3981/3498/3235 3973/3494/3226
f 3981/3498/3235 3974/3499/3228 3966/3485/3227
f 3982/3122/3236 3983/3123/3237 3975/3495/3229
f 3983/3123/3237 3984/3510/3246 3976/3113/3238
f 3976/3113/3238 3984/3510/3246 3985/3124/3239
f 3977/3496/3230 3985/3124/3239 3986/3125/3240
f 3978/3127/3231 3986/3137/3240 3987/3128/3241
f 3979/3497/3232 3987/3128/3241 3988/3129/3242
f 3988/3129/3242 3989/3131/3243 3981/3498/3235
f 3989/3131/3243 3982/3122/3236 3974/3499/3228
f 3982/3122/3236 3990/3140/3253 3991/3132/3244
f 3983/3123/3237 3991/3132/3244 3992/3509/3245
f 3984/3510/3246 3992/3509/3245 3993/3135/3247
f 3985/3124/3239 3993/3135/3247 3994/3145/3248
f 3994/3136/3248 3995/3138/3249 3987/3128/3241
f 3995/3138/3249 3996/3148/3250 3988/3129/3242
f 3996/3148/3250 3997/3139/3251 3989/3131/3243
f 3997/3139/3251 3990/3140/3253 3982/3122/3236
f 3998/3512/3252 3999/3513/3261 3991/3132/3244
f 3991/3132/3244 3999/3513/3261 4000/3521/3254
f 3992/3509/3245 4000/3521/3254 4001/3514/3255
f 3993/3135/3247 4001/3514/3255 4002/3515/3256
f 3994/3516/3248 4002/3155/3256 4003/3517/3257
f 4003/3517/3257 4004/3518/3258 3996/3148/3250
f 4004/3518/3258 4005/3519/3259 3997/3139/3251
f 4005/3519/3259 3998/3512/3252 3990/3140/3253
f 3998/3512/3252 4006/3526/3267 4007/3520/3260
f 3999/3513/3261 4007/3520/3260 4008/3151/3262
f 4008/3151/3262 4009/3522/3263 4001/3514/3255
f 4009/3522/3263 4010/3529/3264 4002/3515/3256
f 4010/3164/3264 4011/3524/3265 4003/3517/3257
f 4011/3524/3265 4012/3532/3273 4004/3518/3258
f 4004/3518/3258 4012/3532/3273 4013/3525/3266
f 4005/3519/3259 4013/3525/3266 4006/3526/3267
f 4006/3526/3267 4014/3534/3275 4015/3527/3268
f 4007/3520/3260 4015/3527/3268 4016/3160/3269
f 4016/3160/3269 4017/3528/3270 4009/3522/3263
f 4017/3528/3270 4018/3535/3271 4010/3529/3264
f 4018/3174/3271 4019/3531/3272 4011/3524/3265
f 4019/3531/3272 4020/3536/3282 4012/3532/3273
f 4012/3532/3273 4020/3536/3282 4021/3533/3274
f 4013/3525/3266 4021/3533/3274 4014/3534/3275
f 4022/3169/3276 4023/3170/3277 4015/3527/3268
f 4023/3170/3277 4024/3537/3278 4016/3160/3269
f 4024/3537/3278 4025/3171/3287 4017/3528/3270
f 4017/3528/3270 4025/3171/3287 4026/3172/3279
f 4018/3174/3271 4026/3184/3279 4027/3175/3280
f 4019/3531/3272 4027/3175/3280 4028/3176/3281
f 4020/3536/3282 4028/3176/3281 4029/3178/3283
f 4021/3533/3274 4029/3178/3283 4022/3169/3276
f 4030/3187/3284 4031/3179/3285 4023/3170/3277
f 4031/3179/3285 4032/3541/3286 4024/3537/3278
f 4032/3541/3286 4033/3182/3294 4025/3171/3287
f 4025/3171/3287 4033/3182/3294 4034/3191/3288
f 4026/3538/3279 4034/3183/3288 4035/3185/3289
f 4027/3175/3280 4035/3185/3289 4036/3194/3290
f 4028/3176/3281 4036/3194/3290 4037/3186/3291
f 4037/3186/3291 4030/3187/3284 4022/3169/3276
f 4030/3187/3284 4038/3546/3299 4039/3539/3292
f 4031/3179/3285 4039/3539/3292 4040/3189/3293
f 4040/3189/3293 4041/3542/3295 4033/3182/3294
f 4041/3542/3295 4042/3549/3296 4034/3191/3288
f 4042/3202/3296 4043/3544/3297 4035/3185/3289
f 4043/3544/3297 4044/3552/3306 4036/3194/3290
f 4036/3194/3290 4044/3552/3306 4045/3545/3298
f 4037/3186/3291 4045/3545/3298 4038/3546/3299
f 4046/3554/3300 4047/3547/3301 4039/3539/3292
f 4047/3547/3301 4048/3198/3310 4040/3189/3293
f 4040/3189/3293 4048/3198/3310 4049/3548/3302
f 4041/3542/3295 4049/3548/3302 4050/3557/3303
f 4042/3202/3296 4050/3212/3303 4051/3551/3304
f 4043/3544/3297 4051/3551/3304 4052/3559/3305
f 4052/3559/3305 4053/3553/3307 4045/3545/3298
f 4053/3553/3307 4046/3554/3300 4038/3546/3299
f 4046/3554/3300 4054/3561/3315 4055/3555/3308
f 4047/3547/3301 4055/3555/3308 4056/3208/3309
f 4056/3208/3309 4057/3556/3311 4049/3548/3302
f 4057/3556/3311 4058/3565/3312 4050/3557/3303
f 4058/3222/3312 4059/3558/3313 4051/3551/3304
f 4059/3558/3313 4060/3567/3322 4052/3559/3305
f 4052/3559/3305 4060/3567/3322 4061/3560/3314
f 4053/3553/3307 4061/3560/3314 4054/3561/3315
f 4062/3217/3316 4063/3218/3317 4055/3555/3308
f 4063/3218/3317 4064/3563/3326 4056/3208/3309
f 4056/3208/3309 4064/3563/3326 4065/3219/3318
f 4057/3556/3311 4065/3219/3318 4066/3220/3319
f 4058/3222/3312 4066/4160/3319 4067/3223/3320
f 4059/3558/3313 4067/3223/3320 4068/3224/3321
f 4068/3224/3321 4069/3226/3323 4061/3560/3314
f 4069/3226/3323 4062/3217/3316 4054/3561/3315
f 4062/3217/3316 4070/3235/3331 4071/3227/3324
f 4063/3218/3317 4071/3227/3324 4072/3574/3325
f 4072/3574/3325 4073/3230/3327 4065/3219/3318
f 4073/3230/3327 4074/3240/3328 4066/3220/3319
f 4074/3231/3328 4075/3233/3329 4067/3223/3320
f 4075/3233/3329 4076/3243/3338 4068/3224/3321
f 4068/3224/3321 4076/3243/3338 4077/3234/3330
f 4069/3226/3323 4077/3234/3330 4070/3235/3331
f 4078/3572/3332 4079/3573/3333 4071/3227/3324
f 4079/3573/3333 4080/3582/3342 4072/3574/3325
f 4072/3574/3325 4080/3582/3342 4081/3575/3334
f 4073/3230/3327 4081/3575/3334 4082/3576/3335
f 4074/3577/3328 4082/3250/3335 4083/3578/3336
f 4075/3233/3329 4083/3578/3336 4084/3579/3337
f 4084/3579/3337 4085/3580/3339 4077/3234/3330
f 4085/3580/3339 4078/3572/3332 4070/3235/3331
f 4078/3572/3332 4086/3587/3347 4087/3581/3340
f 4079/3573/3333 4087/3581/3340 4088/3247/3341
f 4088/3247/3341 4089/3583/3343 4081/3575/3334
f 4089/3583/3343 4090/3592/3344 4082/3576/3335
f 4090/3259/3344 4091/3585/3345 4083/3578/3336
f 4091/3585/3345 4092/3596/3354 4084/3579/3337
f 4084/3579/3337 4092/3596/3354 4093/3586/3346
f 4085/3580/3339 4093/3586/3346 4086/3587/3347
f 4094/3588/3348 4095/3589/3349 4087/3581/3340
f 4095/3589/3349 4096/3266/3358 4088/3247/3341
f 4088/3247/3341 4096/3266/3358 4097/3590/3350
f 4089/3583/3343 4097/3590/3350 4098/3591/3351
f 4090/3259/3344 4098/3270/3351 4099/3594/3352
f 4091/3585/3345 4099/3594/3352 4100/3595/3353
f 4100/3595/3353 4101/3597/3355 4093/3586/3346
f 4101/3597/3355 4094/3588/3348 4086/3587/3347
f 4094/3588/3348 4102/3651/3363 4103/3652/3356
f 4095/3589/3349 4103/3652/3356 4104/3599/3357
f 4104/3599/3357 4105/3653/3359 4097/3590/3350
f 4105/3653/3359 4106/3654/3360 4098/3591/3351
f 4106/3600/3360 4107/3655/3361 4099/3594/3352
f 4107/3655/3361 4108/3656/3370 4100/3595/3353
f 4100/3595/3353 4108/3656/3370 4109/3657/3362
f 4101/3597/3355 4109/3657/3362 4102/3651/3363
f 4110/3281/3364 4111/3275/3365 4103/3652/3356
f 4111/3275/3365 4112/3598/3374 4104/3599/3357
f 4104/3599/3357 4112/3598/3374 4113/3277/3366
f 4105/3653/3359 4113/3277/3366 4114/3285/3367
f 4106/3600/3360 4114/3278/3367 4115/3279/3368
f 4107/3655/3361 4115/3279/3368 4116/3280/3369
f 4116/3280/3369 4117/3289/3371 4109/3657/3362
f 4117/3289/3371 4110/3281/3364 4102/3651/3363
f 4110/3281/3364 4118/3607/3379 4119/3601/3372
f 4111/3275/3365 4119/3601/3372 4120/3602/3373
f 4120/3602/3373 4121/3603/3375 4113/3277/3366
f 4121/3603/3375 4122/3612/3376 4114/3285/3367
f 4122/3296/3376 4123/3605/3377 4115/3279/3368
f 4123/3605/3377 4124/3616/3386 4116/3280/3369
f 4116/3280/3369 4124/3616/3386 4125/3606/3378
f 4117/3289/3371 4125/3606/3378 4118/3607/3379
f 4126/3608/3380 4127/3609/3381 4119/3601/3372
f 4127/3609/3381 4128/3292/3390 4120/3602/3373
f 4120/3602/3373 4128/3292/3390 4129/3610/3382
f 4121/3603/3375 4129/3610/3382 4130/3611/3383
f 4122/3613/3376 4130/3306/3383 4131/3614/3384
f 4123/3605/3377 4131/3614/3384 4132/3615/3385
f 4132/3615/3385 4133/3617/3387 4125/3606/3378
f 4133/3617/3387 4126/3608/3380 4118/3607/3379
f 4126/3608/3380 4134/3622/3395 4135/3618/3388
f 4127/3609/3381 4135/3618/3388 4136/3302/3389
f 4136/3302/3389 4137/3619/3391 4129/3610/3382
f 4137/3619/3391 4138/3626/3392 4130/3611/3383
f 4138/3316/3392 4139/3620/3393 4131/3614/3384
f 4139/3620/3393 4140/3628/3402 4132/3615/3385
f 4132/3615/3385 4140/3628/3402 4141/3621/3394
f 4133/3617/3387 4141/3621/3394 4134/3622/3395
f 4142/3311/3396 4143/3312/3397 4135/3618/3388
f 4143/3312/3397 4144/3624/3406 4136/3302/3389
f 4136/3302/3389 4144/3624/3406 4145/3313/3398
f 4137/3619/3391 4145/3313/3398 4146/3314/3399
f 4138/3316/3392 4146/3658/3399 4147/3317/3400
f 4139/3620/3393 4147/3317/3400 4148/3318/3401
f 4148/3318/3401 4149/3320/3403 4141/3621/3394
f 4149/3320/3403 4142/3311/3396 4134/3622/3395
f 4142/3311/3396 4150/3321/3411 4151/3322/3404
f 4143/3312/3397 4151/3322/3404 4152/3659/3405
f 4152/3659/3405 4153/3324/3407 4145/3313/3398
f 4153/3324/3407 4154/3325/3408 4146/3314/3399
f 4154/3660/3408 4155/3327/3409 4147/3317/3400
f 4155/3327/3409 4156/3328/3418 4148/3318/3401
f 4148/3318/3401 4156/3328/3418 4157/3329/3410
f 4149/3320/3403 4157/3329/3410 4150/3321/3411
f 4158/2779/3412 4159/2765/3413 4151/3330/3404
f 4159/2765/3413 4160/3337/3422 4152/3332/3405
f 4152/3332/3405 4160/3337/3422 4161/2770/3414
f 4153/3333/3407 4161/2770/3414 4162/2783/3415
f 4154/2774/3408 4162/2772/3415 4163/2775/3416
f 4155/3334/3409 4163/2775/3416 4164/2786/3417
f 4164/2786/3417 4165/2777/3419 4157/3336/3410
f 4165/2777/3419 4158/2779/3412 4150/3331/3411
f 4166/2788/3420 4167/2780/3421 4159/2765/3413
f 4167/2780/3421 4168/2781/3430 4160/3337/3422
f 4160/3337/3422 4168/2781/3430 4169/2782/3423
f 4161/2770/3414 4169/2782/3423 4170/2792/3424
f 4162/3338/3415 4170/2784/3424 4171/2785/3425
f 4163/2775/3416 4171/2785/3425 4172/2795/3426
f 4172/2795/3426 4173/2787/3427 4165/2777/3419
f 4173/2787/3427 4166/2788/3420 4158/2779/3412
f 4174/2797/3428 4175/2789/3429 4167/2780/3421
f 4175/2789/3429 4176/2790/3438 4168/2781/3430
f 4168/2781/3430 4176/2790/3438 4177/2791/3431
f 4169/2782/3423 4177/2791/3431 4178/3661/3432
f 4170/2784/3424 4178/2793/3432 4179/2794/3433
f 4171/2785/3425 4179/2794/3433 4180/3662/3434
f 4180/3662/3434 4181/2796/3435 4173/2787/3427
f 4181/2796/3435 4174/2797/3428 4166/2788/3420
f 4182/2798/3436 4183/2801/3437 4175/2789/3429
f 4183/2801/3437 4184/2815/3446 4176/2790/3438
f 4176/2790/3438 4184/2815/3446 4185/2802/3439
f 4177/2791/3431 4185/2802/3439 4186/2804/3440
f 4178/2806/3432 4186/4147/3440 4187/2807/3441
f 4179/2794/3433 4187/2807/3441 4188/2809/3442
f 4188/2809/3442 4189/2812/3443 4181/2796/3435
f 4189/2812/3443 4182/2798/3436 4174/2797/3428
f 4190/2813/3444 4191/2814/3445 4183/2801/3437
f 4191/2814/3445 4192/3355/3454 4184/2815/3446
f 4184/2815/3446 4192/3355/3454 4193/2816/3447
f 4185/2802/3439 4193/2816/3447 4194/2817/3448
f 4186/2819/3440 4194/4148/3448 4195/2820/3449
f 4187/2807/3441 4195/2820/3449 4196/2821/3450
f 4196/2821/3450 4197/2822/3451 4189/2812/3443
f 4197/2822/3451 4190/2813/3444 4182/2798/3436
f 4198/2823/3452 4199/2824/3453 4191/2814/3445
f 4199/2824/3453 4200/2835/3462 4192/3355/3454
f 4192/3355/3454 4200/2835/3462 4201/2826/3455
f 4193/2816/3447 4201/2826/3455 4202/2827/3456
f 4194/2829/3448 4202/2838/3456 4203/2830/3457
f 4195/2820/3449 4203/2830/3457 4204/2831/3458
f 4204/2831/3458 4205/2832/3459 4197/2822/3451
f 4205/2832/3459 4198/2823/3452 4190/2813/3444
f 4206/2833/3460 4207/2834/3461 4199/2824/3453
f 4207/2834/3461 4208/2844/3470 4200/2835/3462
f 4200/2835/3462 4208/2844/3470 4209/2836/3463
f 4201/2826/3455 4209/2836/3463 4210/2837/3464
f 4202/3357/3456 4210/2847/3464 4211/2839/3465
f 4203/2830/3457 4211/2839/3465 4212/2840/3466
f 4212/2840/3466 4213/2841/3467 4205/2832/3459
f 4213/2841/3467 4206/2833/3460 4198/2823/3452
f 4206/2833/3460 4214/2853/3475 4215/2852/3468
f 4207/2834/3461 4215/2852/3468 4216/2855/3469
f 4216/2855/3469 4217/2857/3471 4209/2836/3463
f 4217/2857/3471 4218/2859/3472 4210/2837/3464
f 4218/2860/3472 4219/2862/3473 4211/2839/3465
f 4219/2862/3473 4220/2864/3481 4212/2840/3466
f 4212/2840/3466 4220/2864/3481 4221/2865/3474
f 4213/2841/3467 4221/2865/3474 4214/2853/3475
f 4214/2853/3475 4222/2851/3483 4223/2854/3476
f 4215/2852/3468 4223/2854/3476 4224/2869/3477
f 4224/2869/3477 4225/2856/3478 4217/2857/3471
f 4225/2856/3478 4226/2858/3479 4218/2859/3472
f 4226/3663/3479 4227/2861/3480 4219/2862/3473
f 4227/2861/3480 4228/2863/3490 4220/2864/3481
f 4220/2864/3481 4228/2863/3490 4229/2866/3482
f 4221/2865/3474 4229/2866/3482 4222/2851/3483
f 4230/2867/3484 4231/2868/3485 4223/2854/3476
f 4231/2868/3485 4232/3366/3494 4224/2869/3477
f 4224/2869/3477 4232/3366/3494 4233/2870/3486
f 4225/2856/3478 4233/2870/3486 4234/2871/3487
f 4226/2873/3479 4234/4150/3487 4235/2874/3488
f 4227/2861/3480 4235/2874/3488 4236/2875/3489
f 4236/2875/3489 4237/2876/3491 4229/2866/3482
f 4237/2876/3491 4230/2867/3484 4222/2851/3483
f 4230/2867/3484 4238/2877/3499 4239/2878/3492
f 4231/2868/3485 4239/2878/3492 4240/3372/3493
f 4240/3372/3493 4241/2880/3495 4233/2870/3486
f 4241/2880/3495 4242/2881/3496 4234/2871/3487
f 4242/2892/3496 4243/2884/3497 4235/2874/3488
f 4243/2884/3497 4244/2885/3505 4236/2875/3489
f 4236/2875/3489 4244/2885/3505 4245/2886/3498
f 4237/2876/3491 4245/2886/3498 4238/2877/3499
f 4238/2877/3499 4246/2895/3507 4247/2887/3500
f 4239/2878/3492 4247/2887/3500 4248/3376/3501
f 4248/3376/3501 4249/2890/3502 4241/2880/3495
f 4249/2890/3502 4250/2899/3503 4242/2881/3496
f 4250/2891/3503 4251/2893/3504 4243/2884/3497
f 4251/2893/3504 4252/2902/3513 4244/2885/3505
f 4244/2885/3505 4252/2902/3513 4253/2894/3506
f 4245/2886/3498 4253/2894/3506 4246/2895/3507
f 4246/2895/3507 4254/2907/3515 4255/2906/3508
f 4247/2887/3500 4255/2906/3508 4256/2897/3509
f 4256/2897/3509 4257/2910/3510 4249/2890/3502
f 4257/2910/3510 4258/2912/3511 4250/2899/3503
f 4258/2913/3511 4259/2915/3512 4251/2893/3504
f 4259/2915/3512 4260/2917/3522 4252/2902/3513
f 4252/2902/3513 4260/2917/3522 4261/2918/3514
f 4253/2894/3506 4261/2918/3514 4254/2907/3515
f 4262/3383/3516 4263/3378/3517 4255/2906/3508
f 4263/3378/3517 4264/2922/3526 4256/2897/3509
f 4256/2897/3509 4264/2922/3526 4265/3379/3518
f 4257/2910/3510 4265/3379/3518 4266/2925/3519
f 4258/3380/3511 4266/2926/3519 4267/3381/3520
f 4259/2915/3512 4267/3381/3520 4268/3389/3521
f 4268/3389/3521 4269/3382/3523 4261/2918/3514
f 4269/3382/3523 4262/3383/3516 4254/2907/3515
f 4270/3384/3524 4271/3385/3525 4263/3378/3517
f 4271/3385/3525 4272/3392/3534 4264/2922/3526
f 4264/2922/3526 4272/3392/3534 4273/3386/3527
f 4265/3379/3518 4273/3386/3527 4274/2934/3528
f 4266/3664/3519 4274/2936/3528 4275/3387/3529
f 4267/3381/3520 4275/3387/3529 4276/3388/3530
f 4276/3388/3530 4277/3390/3531 4269/3382/3523
f 4277/3390/3531 4270/3384/3524 4262/3383/3516
f 4278/2939/3532 4279/2930/3533 4271/3385/3525
f 4279/2930/3533 4280/2931/3542 4272/3392/3534
f 4272/3392/3534 4280/2931/3542 4281/2933/3535
f 4273/3386/3527 4281/2933/3535 4282/2943/3536
f 4274/2936/3528 4282/2935/3536 4283/2937/3537
f 4275/3387/3529 4283/2937/3537 4284/2946/3538
f 4284/2946/3538 4285/2938/3539 4277/3390/3531
f 4285/2938/3539 4278/2939/3532 4270/3384/3524
f 4278/2939/3532 4286/2948/3547 4287/2940/3540
f 4279/2930/3533 4287/2940/3540 4288/2941/3541
f 4288/2941/3541 4289/2942/3543 4281/2933/3535
f 4289/2942/3543 4290/2953/3544 4282/2943/3536
f 4290/2944/3544 4291/2945/3545 4283/2937/3537
f 4291/2945/3545 4292/2956/3554 4284/2946/3538
f 4284/2946/3538 4292/2956/3554 4293/2947/3546
f 4285/2938/3539 4293/2947/3546 4286/2948/3547
f 4294/3395/3548 4295/3396/3549 4287/2940/3540
f 4295/3396/3549 4296/2960/3558 4288/2941/3541
f 4288/2941/3541 4296/2960/3558 4297/3397/3550
f 4289/2942/3543 4297/3397/3550 4298/2962/3551
f 4290/3398/3544 4298/2964/3551 4299/3399/3552
f 4291/2945/3545 4299/3399/3552 4300/3400/3553
f 4300/3400/3553 4301/3401/3555 4293/2947/3546
f 4301/3401/3555 4294/3395/3548 4286/2948/3547
f 4302/2967/3556 4303/2958/3557 4295/3396/3549
f 4303/2958/3557 4304/2959/3566 4296/2960/3558
f 4296/2960/3558 4304/2959/3566 4305/2961/3559
f 4297/3397/3550 4305/2961/3559 4306/3665/3560
f 4298/2964/3551 4306/2963/3560 4307/2965/3561
f 4299/3399/3552 4307/2965/3561 4308/2975/3562
f 4308/2975/3562 4309/2966/3563 4301/3401/3555
f 4309/2966/3563 4302/2967/3556 4294/3395/3548
f 4302/2967/3556 4310/2977/3571 4311/2968/3564
f 4303/2958/3557 4311/2968/3564 4312/3417/3565
f 4312/3417/3565 4313/2970/3567 4305/2961/3559
f 4313/2970/3567 4314/3666/3568 4306/3665/3560
f 4314/2972/3568 4315/2974/3569 4307/2965/3561
f 4315/2974/3569 4316/2986/3577 4308/2975/3562
f 4308/2975/3562 4316/2986/3577 4317/2976/3570
f 4309/2966/3563 4317/2976/3570 4310/2977/3571
f 4310/2977/3571 4318/2978/3579 4319/2979/3572
f 4311/2968/3564 4319/2979/3572 4320/3416/3573
f 4320/3416/3573 4321/2980/3574 4313/2970/3567
f 4321/2980/3574 4322/2981/3575 4314/3666/3568
f 4322/2993/3575 4323/2984/3576 4315/2974/3569
f 4323/2984/3576 4324/2985/3586 4316/2986/3577
f 4316/2986/3577 4324/2985/3586 4325/2987/3578
f 4317/2976/3570 4325/2987/3578 4318/2978/3579
f 4326/2996/3580 4327/2988/3581 4319/2979/3572
f 4327/2988/3581 4328/2989/3590 4320/3416/3573
f 4320/3416/3573 4328/2989/3590 4329/2991/3582
f 4321/2980/3574 4329/2991/3582 4330/3000/3583
f 4322/3419/3575 4330/2992/3583 4331/2994/3584
f 4323/2984/3576 4331/2994/3584 4332/3003/3585
f 4332/3003/3585 4333/2995/3587 4325/2987/3578
f 4333/2995/3587 4326/2996/3580 4318/2978/3579
f 4326/2996/3580 4334/3426/3595 4335/3420/3588
f 4327/2988/3581 4335/3420/3588 4336/2998/3589
f 4336/2998/3589 4337/3422/3591 4329/2991/3582
f 4337/3422/3591 4338/3010/3592 4330/3000/3583
f 4338/3011/3592 4339/3424/3593 4331/2994/3584
f 4339/3424/3593 4340/3431/3601 4332/3003/3585
f 4332/3003/3585 4340/3431/3601 4341/3425/3594
f 4333/2995/3587 4341/3425/3594 4334/3426/3595
f 4334/3426/3595 4342/3433/3603 4343/3427/3596
f 4335/3420/3588 4343/3427/3596 4344/3018/3597
f 4344/3018/3597 4345/3428/3598 4337/3422/3591
f 4345/3428/3598 4346/3020/3599 4338/3010/3592
f 4346/3022/3599 4347/3430/3600 4339/3424/3593
f 4347/3430/3600 4348/3437/3610 4340/3431/3601
f 4340/3431/3601 4348/3437/3610 4349/3432/3602
f 4341/3425/3594 4349/3432/3602 4342/3433/3603
f 4350/3025/3604 4351/3016/3605 4343/3427/3596
f 4351/3016/3605 4352/3017/3614 4344/3018/3597
f 4344/3018/3597 4352/3017/3614 4353/3019/3606
f 4345/3428/3598 4353/3019/3606 4354/3667/3607
f 4346/3022/3599 4354/3021/3607 4355/3023/3608
f 4347/3430/3600 4355/3023/3608 4356/3033/3609
f 4356/3033/3609 4357/3024/3611 4349/3432/3602
f 4357/3024/3611 4350/3025/3604 4342/3433/3603
f 4350/3025/3604 4358/3035/3619 4359/3026/3612
f 4351/3016/3605 4359/3026/3612 4360/3441/3613
f 4360/3441/3613 4361/3028/3615 4353/3019/3606
f 4361/3028/3615 4362/3040/3616 4354/3667/3607
f 4362/3030/3616 4363/3032/3617 4355/3023/3608
f 4363/3032/3617 4364/3043/3625 4356/3033/3609
f 4356/3033/3609 4364/3043/3625 4365/3034/3618
f 4357/3024/3611 4365/3034/3618 4358/3035/3619
f 4358/3035/3619 4366/3036/3627 4367/3037/3620
f 4359/3026/3612 4367/3037/3620 4368/3452/3621
f 4368/3452/3621 4369/3038/3622 4361/3028/3615
f 4369/3038/3622 4370/3039/3623 4362/3040/3616
f 4370/3050/3623 4371/3041/3624 4363/3032/3617
f 4371/3041/3624 4372/3042/3633 4364/3043/3625
f 4364/3043/3625 4372/3042/3633 4373/3044/3626
f 4365/3034/3618 4373/3044/3626 4366/3036/3627
f 4366/3036/3627 4374/3457/3635 4375/3450/3628
f 4367/3037/3620 4375/3450/3628 4376/3056/3629
f 4376/3056/3629 4377/3453/3630 4369/3038/3622
f 4377/3453/3630 4378/3058/3631 4370/3039/3623
f 4378/3060/3631 4379/3455/3632 4371/3041/3624
f 4379/3455/3632 4380/3465/3642 4372/3042/3633
f 4372/3042/3633 4380/3465/3642 4381/3456/3634
f 4373/3044/3626 4381/3456/3634 4374/3457/3635
f 4382/3458/3636 4383/3459/3637 4375/3450/3628
f 4383/3459/3637 4384/3055/3646 4376/3056/3629
f 4376/3056/3629 4384/3055/3646 4385/3460/3638
f 4377/3453/3630 4385/3460/3638 4386/3461/3639
f 4378/3462/3631 4386/3069/3639 4387/3463/3640
f 4379/3455/3632 4387/3463/3640 4388/3464/3641
f 4388/3464/3641 4389/3466/3643 4381/3456/3634
f 4389/3466/3643 4382/3458/3636 4374/3457/3635
f 4382/3458/3636 4390/3073/3651 4391/3064/3644
f 4383/3459/3637 4391/3064/3644 4392/3475/3645
f 4392/3475/3645 4393/3066/3647 4385/3460/3638
f 4393/3066/3647 4394/3078/3648 4386/3461/3639
f 4394/3068/3648 4395/3070/3649 4387/3463/3640
f 4395/3070/3649 4396/3082/3658 4388/3464/3641
f 4388/3464/3641 4396/3082/3658 4397/3072/3650
f 4389/3466/3643 4397/3072/3650 4390/3073/3651
f 4398/3074/3652 4399/3075/3653 4391/3064/3644
f 4399/3075/3653 4400/3086/3662 4392/3475/3645
f 4392/3475/3645 4400/3086/3662 4401/3076/3654
f 4393/3066/3647 4401/3076/3654 4402/3077/3655
f 4394/3079/3648 4402/3089/3655 4403/3080/3656
f 4395/3070/3649 4403/3080/3656 4404/3081/3657
f 4404/3081/3657 4405/3083/3659 4397/3072/3650
f 4405/3083/3659 4398/3074/3652 4390/3073/3651
f 4398/3074/3652 4406/3092/3667 4407/3084/3660
f 4399/3075/3653 4407/3084/3660 4408/3085/3661
f 4408/3085/3661 4409/3087/3663 4401/3076/3654
f 4409/3087/3663 4410/3096/3664 4402/3077/3655
f 4410/3088/3664 4411/3090/3665 4403/3080/3656
f 4411/3090/3665 4412/3099/3673 4404/3081/3657
f 4404/3081/3657 4412/3099/3673 4413/3091/3666
f 4405/3083/3659 4413/3091/3666 4406/3092/3667
f 4406/3092/3667 4414/3484/3675 4415/3477/3668
f 4407/3084/3660 4415/3477/3668 4416/3094/3669
f 4416/3094/3669 4417/3480/3670 4409/3087/3663
f 4417/3480/3670 4418/3489/3671 4410/3096/3664
f 4418/3107/3671 4419/3482/3672 4411/3090/3665
f 4419/3482/3672 4420/3493/3682 4412/3099/3673
f 4412/3099/3673 4420/3493/3682 4421/3483/3674
f 4413/3091/3666 4421/3483/3674 4414/3484/3675
f 4422/3111/3676 4423/3102/3677 4415/3477/3668
f 4423/3102/3677 4424/3103/3686 4416/3094/3669
f 4416/3094/3669 4424/3103/3686 4425/3104/3678
f 4417/3480/3670 4425/3104/3678 4426/3115/3679
f 4418/3107/3671 4426/3106/3679 4427/3108/3680
f 4419/3482/3672 4427/3108/3680 4428/3119/3681
f 4428/3119/3681 4429/3110/3683 4421/3483/3674
f 4429/3110/3683 4422/3111/3676 4414/3484/3675
f 4422/3111/3676 4430/3121/3691 4431/3112/3684
f 4423/3102/3677 4431/3112/3684 4432/3113/3685
f 4432/3113/3685 4433/3114/3687 4425/3104/3678
f 4433/3114/3687 4434/3126/3688 4426/3115/3679
f 4434/3116/3688 4435/3118/3689 4427/3108/3680
f 4435/3118/3689 4436/3130/3698 4428/3119/3681
f 4428/3119/3681 4436/3130/3698 4437/3120/3690
f 4429/3110/3683 4437/3120/3690 4430/3121/3691
f 4438/3122/3692 4439/3123/3693 4431/3112/3684
f 4439/3123/3693 4440/3510/3702 4432/3113/3685
f 4432/3113/3685 4440/3510/3702 4441/3124/3694
f 4433/3114/3687 4441/3124/3694 4442/3125/3695
f 4434/3127/3688 4442/3137/3695 4443/3128/3696
f 4435/3118/3689 4443/3128/3696 4444/3129/3697
f 4444/3129/3697 4445/3131/3699 4437/3120/3690
f 4445/3131/3699 4438/3122/3692 4430/3121/3691
f 4446/3140/3700 4447/3132/3701 4439/3123/3693
f 4447/3132/3701 4448/3133/3710 4440/3510/3702
f 4440/3510/3702 4448/3133/3710 4449/3135/3703
f 4441/3124/3694 4449/3135/3703 4450/3145/3704
f 4442/3511/3695 4450/3136/3704 4451/3138/3705
f 4443/3128/3696 4451/3138/3705 4452/3148/3706
f 4452/3148/3706 4453/3139/3707 4445/3131/3699
f 4453/3139/3707 4446/3140/3700 4438/3122/3692
f 4446/3140/3700 4454/3512/3715 4455/3513/3708
f 4447/3132/3701 4455/3513/3708 4456/3152/3709
f 4456/3152/3709 4457/3514/3711 4449/3135/3703
f 4457/3514/3711 4458/3515/3712 4450/3145/3704
f 4458/3155/3712 4459/3517/3713 4451/3138/3705
f 4459/3517/3713 4460/3518/3722 4452/3148/3706
f 4452/3148/3706 4460/3518/3722 4461/3519/3714
f 4453/3139/3707 4461/3519/3714 4454/3512/3715
f 4462/3526/3716 4463/3520/3717 4455/3513/3708
f 4463/3520/3717 4464/3151/3726 4456/3152/3709
f 4456/3152/3709 4464/3151/3726 4465/3522/3718
f 4457/3514/3711 4465/3522/3718 4466/3529/3719
f 4458/3523/3712 4466/3164/3719 4467/3524/3720
f 4459/3517/3713 4467/3524/3720 4468/3532/3721
f 4468/3532/3721 4469/3525/3723 4461/3519/3714
f 4469/3525/3723 4462/3526/3716 4454/3512/3715
f 4470/3168/3724 4471/3159/3725 4463/3520/3717
f 4471/3159/3725 4472/3160/3727 4464/3151/3726
f 4472/3160/3727 4473/3161/3734 4465/3522/3718
f 4465/3522/3718 4473/3161/3734 4474/3173/3728
f 4466/3164/3719 4474/3163/3728 4475/3165/3729
f 4467/3524/3720 4475/3165/3729 4476/3177/3730
f 4468/3532/3721 4476/3177/3730 4477/3167/3731
f 4477/3167/3731 4470/3168/3724 4462/3526/3716
f 4470/3168/3724 4478/3169/3739 4479/3170/3732
f 4471/3159/3725 4479/3170/3732 4480/3537/3733
f 4480/3537/3733 4481/3171/3735 4473/3161/3734
f 4481/3171/3735 4482/3172/3736 4474/3173/3728
f 4482/3184/3736 4483/3175/3737 4475/3165/3729
f 4483/3175/3737 4484/3176/3745 4476/3177/3730
f 4476/3177/3730 4484/3176/3745 4485/3178/3738
f 4477/3167/3731 4485/3178/3738 4478/3169/3739
f 4478/3169/3739 4486/3187/3747 4487/3179/3740
f 4479/3170/3732 4487/3179/3740 4488/3541/3741
f 4488/3541/3741 4489/3182/3742 4481/3171/3735
f 4489/3182/3742 4490/3191/3743 4482/3172/3736
f 4490/3183/3743 4491/3185/3744 4483/3175/3737
f 4491/3185/3744 4492/3194/3754 4484/3176/3745
f 4484/3176/3745 4492/3194/3754 4493/3186/3746
f 4485/3178/3738 4493/3186/3746 4486/3187/3747
f 4494/3546/3748 4495/3539/3749 4487/3179/3740
f 4495/3539/3749 4496/3189/3758 4488/3541/3741
f 4488/3541/3741 4496/3189/3758 4497/3542/3750
f 4489/3182/3742 4497/3542/3750 4498/3549/3751
f 4490/3543/3743 4498/3202/3751 4499/3544/3752
f 4491/3185/3744 4499/3544/3752 4500/3552/3753
f 4500/3552/3753 4501/3545/3755 4493/3186/3746
f 4501/3545/3755 4494/3546/3748 4486/3187/3747
f 4502/3206/3756 4503/3197/3757 4495/3539/3749
f 4503/3197/3757 4504/3198/3766 4496/3189/3758
f 4496/3189/3758 4504/3198/3766 4505/3199/3759
f 4497/3542/3750 4505/3199/3759 4506/3210/3760
f 4498/3550/3751 4506/3201/3760 4507/3203/3761
f 4499/3544/3752 4507/3203/3761 4508/3214/3762
f 4508/3214/3762 4509/3205/3763 4501/3545/3755
f 4509/3205/3763 4502/3206/3756 4494/3546/3748
f 4510/3561/3764 4511/3555/3765 4503/3197/3757
f 4511/3555/3765 4512/3208/3774 4504/3198/3766
f 4504/3198/3766 4512/3208/3774 4513/3556/3767
f 4505/3199/3759 4513/3556/3767 4514/3565/3768
f 4506/3212/3760 4514/3222/3768 4515/3558/3769
f 4507/3203/3761 4515/3558/3769 4516/3567/3770
f 4516/3567/3770 4517/3560/3771 4509/3205/3763
f 4517/3560/3771 4510/3561/3764 4502/3206/3756
f 4518/3217/3772 4519/3218/3773 4511/3555/3765
f 4519/3218/3773 4520/3229/3782 4512/3208/3774
f 4512/3208/3774 4520/3229/3782 4521/3219/3775
f 4513/3556/3767 4521/3219/3775 4522/3220/3776
f 4514/3222/3768 4522/4160/3776 4523/3223/3777
f 4515/3558/3769 4523/3223/3777 4524/3224/3778
f 4524/3224/3778 4525/3226/3779 4517/3560/3771
f 4525/3226/3779 4518/3217/3772 4510/3561/3764
f 4518/3217/3772 4526/3235/3787 4527/3227/3780
f 4519/3218/3773 4527/3227/3780 4528/3228/3781
f 4528/3228/3781 4529/3230/3783 4521/3219/3775
f 4529/3230/3783 4530/3240/3784 4522/3220/3776
f 4530/3231/3784 4531/3233/3785 4523/3223/3777
f 4531/3233/3785 4532/3243/3794 4524/3224/3778
f 4524/3224/3778 4532/3243/3794 4533/3234/3786
f 4525/3226/3779 4533/3234/3786 4526/3235/3787
f 4534/3572/3788 4535/3573/3789 4527/3227/3780
f 4535/3573/3789 4536/3246/3790 4528/3228/3781
f 4536/3246/3790 4537/3575/3798 4529/3230/3783
f 4529/3230/3783 4537/3575/3798 4538/3576/3791
f 4530/3577/3784 4538/3250/3791 4539/3578/3792
f 4531/3233/3785 4539/3578/3792 4540/3579/3793
f 4532/3243/3794 4540/3579/3793 4541/3580/3795
f 4541/3580/3795 4534/3572/3788 4526/3235/3787
f 4534/3572/3788 4542/3587/3803 4543/3581/3796
f 4535/3573/3789 4543/3581/3796 4544/3247/3797
f 4544/3247/3797 4545/3583/3799 4537/3575/3798
f 4545/3583/3799 4546/3592/3800 4538/3576/3791
f 4546/3259/3800 4547/3585/3801 4539/3578/3792
f 4547/3585/3801 4548/3596/3982 4540/3579/3793
f 4540/3579/3793 4548/3596/3982 4549/3586/3802
f 4541/3580/3795 4549/3586/3802 4542/3587/3803
f 4552/3668/3804 4555/3686/3815 4595/3669/816
f 4551/3670/92 4595/3669/816 4576/3671/3805
f 4596/3673/821 4556/3689/3818 4565/3674/3807
f 4550/3676/46 4592/3680/825 4566/3677/3808
f 4582/3679/3810 4587/3706/3835 4592/3680/825
f 4575/3681/3811 4596/3673/821 4593/3675/822
f 4572/3683/5 4577/3701/3830 4586/3684/3813
f 4555/3686/3815 4561/3692/3821 4559/3687/3816
f 4556/3689/3818 4558/3688/3817 4559/3687/3816
f 4557/3691/3820 4560/3690/3819 4559/3687/3816
f 4565/3674/3807 4571/3697/3826 4569/3693/3822
f 4566/3677/3808 4568/3694/3823 4569/3693/3822
f 4567/3696/3825 4570/3695/3824 4569/3693/3822
f 4575/3681/3811 4581/3702/3831 4579/3698/3827
f 4576/3671/3805 4578/3699/3828 4579/3698/3827
f 4577/3701/3830 4580/3700/3829 4579/3698/3827
f 4585/3682/3812 4591/3707/3836 4589/3703/3832
f 4586/3684/3813 4588/3704/3833 4589/3703/3832
f 4587/3706/3835 4590/3705/3834 4589/3703/3832
f 4554/3708/856 4561/3692/3821 4555/3686/3815
f 4553/3709/830 4557/3691/3820 4561/3692/3821
f 4560/3690/3819 4571/3697/3826 4565/3674/3807
f 4557/3691/3820 4567/3696/3825 4571/3697/3826
f 4570/3695/3824 4564/3710/855 4563/3678/3809
f 4567/3696/3825 4562/3715/31 4564/3710/855
f 4594/3711/854 4591/3707/3836 4585/3682/3812
f 4592/3680/825 4587/3706/3835 4591/3707/3836
f 4590/3705/3834 4584/3712/779 4583/3685/3814
f 4587/3706/3835 4582/3679/3810 4584/3712/779
f 4588/3704/3833 4581/3702/3831 4575/3681/3811
f 4586/3684/3813 4577/3701/3830 4581/3702/3831
f 4580/3700/3829 4574/3713/3837 4573/3672/3806
f 4577/3701/3830 4572/3683/5 4574/3713/3837
f 4597/3714/469 4558/3688/3817 4556/3689/3818
f 4595/3669/816 4555/3686/3815 4558/3688/3817
f 4568/3694/3823 4594/3711/854 4593/3675/822
f 4566/3677/3808 4592/3680/825 4594/3711/854
f 4578/3699/3828 4597/3714/469 4596/3673/821
f 4576/3671/3805 4595/3669/816 4597/3714/469
f 4562/3715/31 4567/3696/3825 4557/3691/3820
f 4631/3716/729 4632/3723/735 4647/3717/730
f 4648/3719/3839 4654/3795/3859 4602/3720/46
f 4633/3722/734 4653/3725/737 4647/3717/730
f 4633/3722/734 4634/3727/739 4656/3724/736
f 4635/3726/738 4659/3729/741 4656/3724/736
f 4636/3728/740 4662/3731/743 4659/3729/741
f 4636/3728/740 4637/3733/745 4665/3730/742
f 4638/3732/744 4668/3735/747 4665/3730/742
f 4639/3734/746 4671/3737/3840 4668/3735/747
f 4640/3736/748 4674/3739/751 4671/3737/3840
f 4641/3738/750 4677/3741/753 4674/3739/751
f 4641/3738/750 4642/3742/754 4680/3740/752
f 4642/3742/754 4643/3744/756 4683/3743/3841
f 4643/3744/756 4644/3746/758 4686/3745/757
f 4644/3746/758 4645/3752/763 4689/3747/759
f 4630/3748/7 4619/3761/3844 4617/3749/760
f 4646/3751/762 4692/3753/764 4689/3747/759
f 4646/3751/762 4631/3716/729 4651/3718/3838
f 4630/3748/7 4627/3796/799 4625/3754/765
f 4629/3756/3842 4627/3796/799 4630/3748/7
f 4630/3748/7 4611/3766/777 4609/3758/769
f 4630/3748/7 4623/3755/766 4621/3760/3843
f 4630/3748/7 4607/3759/770 4605/3762/773
f 4601/3764/775 4599/3757/768 4630/3748/7
f 4630/3748/7 4615/3750/761 4613/3765/776
f 4650/3767/3845 4648/3719/3839 4600/3721/115
f 4693/3769/3846 4650/3767/3845 4598/3768/779
f 4657/3771/3848 4660/3774/3849 4606/3772/203
f 4660/3774/3849 4663/3776/786 4608/3775/785
f 4663/3776/786 4666/3778/3850 4610/3777/32
f 4666/3778/3850 4669/3780/3851 4612/3779/83
f 4669/3780/3851 4672/3782/3852 4614/3781/164
f 4672/3782/3852 4675/3784/3853 4616/3783/173
f 4675/3784/3853 4678/3786/791 4618/3785/92
f 4678/3786/791 4681/3788/3855 4620/3787/3854
f 4681/3788/3855 4684/3790/3856 4622/3789/97
f 4684/3790/3856 4687/3792/3858 4624/3791/3857
f 4687/3792/3858 4690/3794/797 4626/3793/796
f 4690/3794/797 4693/3769/3846 4628/3770/3847
f 4654/3795/3859 4657/3771/3848 4604/3773/783
f 4599/3757/768 4631/3716/729 4646/3751/762
f 4629/3756/3842 4646/3751/762 4645/3752/763
f 4625/3754/765 4627/3796/799 4645/3752/763
f 4623/3755/766 4625/3754/765 4644/3746/758
f 4621/3760/3843 4623/3755/766 4643/3744/756
f 4619/3761/3844 4621/3760/3843 4642/3742/754
f 4619/3761/3844 4641/3738/750 4640/3736/748
f 4617/3749/760 4640/3736/748 4639/3734/746
f 4613/3765/776 4615/3750/761 4639/3734/746
f 4613/3765/776 4638/3732/744 4637/3733/745
f 4609/3758/769 4611/3766/777 4637/3733/745
f 4607/3759/770 4609/3758/769 4636/3728/740
f 4605/3762/773 4607/3759/770 4635/3726/738
f 4603/3763/774 4605/3762/773 4634/3727/739
f 4603/3763/774 4633/3722/734 4632/3723/735
f 4601/3764/775 4632/3723/735 4631/3716/729
f 4648/3719/3839 4650/3767/3845 4652/3797/3860
f 4652/3797/3860 4651/3718/3838 4647/3717/730
f 4654/3795/3859 4648/3719/3839 4649/3798/801
f 4655/3799/802 4649/3798/801 4647/3717/730
f 4654/3795/3859 4655/3799/802 4658/3800/803
f 4655/3799/802 4653/3725/737 4656/3724/736
f 4657/3771/3848 4658/3800/803 4661/3801/804
f 4661/3801/804 4658/3800/803 4656/3724/736
f 4660/3774/3849 4661/3801/804 4664/3802/805
f 4664/3802/805 4661/3801/804 4659/3729/741
f 4663/3776/786 4664/3802/805 4667/3803/806
f 4667/3803/806 4664/3802/805 4662/3731/743
f 4666/3778/3850 4667/3803/806 4670/3804/3861
f 4670/3804/3861 4667/3803/806 4665/3730/742
f 4669/3780/3851 4670/3804/3861 4673/3805/3862
f 4670/3804/3861 4668/3735/747 4671/3737/3840
f 4675/3784/3853 4672/3782/3852 4673/3805/3862
f 4673/3805/3862 4671/3737/3840 4674/3739/751
f 4678/3786/791 4675/3784/3853 4676/3806/3863
f 4679/3807/3864 4676/3806/3863 4674/3739/751
f 4678/3786/791 4679/3807/3864 4682/3808/3865
f 4679/3807/3864 4677/3741/753 4680/3740/752
f 4681/3788/3855 4682/3808/3865 4685/3809/3866
f 4685/3809/3866 4682/3808/3865 4680/3740/752
f 4684/3790/3856 4685/3809/3866 4688/3810/3867
f 4688/3810/3867 4685/3809/3866 4683/3743/3841
f 4690/3794/797 4687/3792/3858 4688/3810/3867
f 4688/3810/3867 4686/3745/757 4689/3747/759
f 4693/3769/3846 4690/3794/797 4691/3811/814
f 4691/3811/814 4689/3747/759 4692/3753/764
f 4650/3767/3845 4693/3769/3846 4694/3812/3868
f 4694/3812/3868 4692/3753/764 4651/3718/3838
f 4745/3813/3869 4751/3891/3888 4699/3814/46
f 4730/3816/1505 4750/3820/1508 4744/3817/1506
f 4730/3816/1505 4731/3821/1509 4753/3819/1507
f 4731/3821/1509 4732/3823/1511 4756/3822/3870
f 4732/3823/1511 4733/3825/1513 4759/3824/1512
f 4733/3825/1513 4734/3828/1516 4762/3826/3871
f 4735/3827/3872 4765/3830/3873 4762/3826/3871
f 4736/3829/1517 4768/3832/1520 4765/3830/3873
f 4737/3831/1519 4771/3834/1522 4768/3832/1520
f 4738/3833/1521 4774/3836/3875 4771/3834/1522
f 4738/3833/1521 4739/3837/1525 4777/3835/3874
f 4739/3837/1525 4740/3839/1527 4780/3838/1526
f 4740/3839/1527 4741/3841/3877 4783/3840/3876
f 4741/3841/3877 4742/3847/1534 4786/3842/1530
f 4727/3843/7 4716/3857/1543 4714/3844/3878
f 4743/3846/1533 4789/3849/3879 4786/3842/1530
f 4728/3848/1503 4748/3894/1502 4789/3849/3879
f 4727/3843/7 4724/3892/1564 4722/3850/1536
f 4726/3852/3880 4724/3892/1564 4727/3843/7
f 4727/3843/7 4708/3862/1548 4706/3854/1540
f 4727/3843/7 4720/3851/1537 4718/3856/3881
f 4727/3843/7 4704/3855/1541 4702/3858/3882
f 4698/3860/3883 4696/3853/1539 4727/3843/7
f 4727/3843/7 4712/3845/1532 4710/3861/3884
f 4747/3863/1549 4745/3813/3869 4697/3815/733
f 4790/3865/1550 4747/3863/1549 4695/3864/779
f 4754/3867/3885 4757/3870/1552 4703/3868/203
f 4757/3870/1552 4760/3872/1553 4705/3871/785
f 4760/3872/1553 4763/3874/1554 4707/3873/32
f 4763/3874/1554 4766/3876/1555 4709/3875/83
f 4766/3876/1555 4769/3878/1556 4711/3877/164
f 4769/3878/1556 4772/3880/1557 4713/3879/173
f 4772/3880/1557 4775/3882/1558 4715/3881/92
f 4775/3882/1558 4778/3884/1559 4717/3883/54
f 4778/3884/1559 4781/3886/1560 4719/3885/241
f 4781/3886/1560 4784/3888/3886 4721/3887/794
f 4784/3888/3886 4787/3890/3887 4723/3889/796
f 4787/3890/3887 4790/3865/1550 4725/3866/781
f 4751/3891/3888 4754/3867/3885 4701/3869/783
f 4696/3853/1539 4728/3848/1503 4743/3846/1533
f 4726/3852/3880 4743/3846/1533 4742/3847/1534
f 4722/3850/1536 4724/3892/1564 4742/3847/1534
f 4720/3851/1537 4722/3850/1536 4741/3841/3877
f 4720/3851/1537 4740/3839/1527 4739/3837/1525
f 4716/3857/1543 4718/3856/3881 4739/3837/1525
f 4716/3857/1543 4738/3833/1521 4737/3831/1519
f 4714/3844/3878 4737/3831/1519 4736/3829/1517
f 4710/3861/3884 4712/3845/1532 4736/3829/1517
f 4710/3861/3884 4735/3827/3872 4734/3828/1516
f 4706/3854/1540 4708/3862/1548 4734/3828/1516
f 4706/3854/1540 4733/3825/1513 4732/3823/1511
f 4702/3858/3882 4704/3855/1541 4732/3823/1511
f 4700/3859/1545 4702/3858/3882 4731/3821/1509
f 4700/3859/1545 4730/3816/1505 4729/3818/1501
f 4696/3853/1539 4698/3860/3883 4729/3818/1501
f 4747/3863/1549 4749/3909/3893 4746/3893/1565
f 4746/3893/1565 4749/3909/3893 4748/3894/1502
f 4751/3891/3888 4745/3813/3869 4746/3893/1565
f 4746/3893/1565 4744/3817/1506 4750/3820/1508
f 4751/3891/3888 4752/3895/3889 4755/3896/1567
f 4755/3896/1567 4752/3895/3889 4750/3820/1508
f 4757/3870/1552 4754/3867/3885 4755/3896/1567
f 4755/3896/1567 4753/3819/1507 4756/3822/3870
f 4760/3872/1553 4757/3870/1552 4758/3897/3890
f 4758/3897/3890 4756/3822/3870 4759/3824/1512
f 4760/3872/1553 4761/3898/1569 4764/3899/1570
f 4761/3898/1569 4759/3824/1512 4762/3826/3871
f 4766/3876/1555 4763/3874/1554 4764/3899/1570
f 4767/3900/1571 4764/3899/1570 4762/3826/3871
f 4766/3876/1555 4767/3900/1571 4770/3901/3891
f 4770/3901/3891 4767/3900/1571 4765/3830/3873
f 4772/3880/1557 4769/3878/1556 4770/3901/3891
f 4773/3902/1573 4770/3901/3891 4768/3832/1520
f 4775/3882/1558 4772/3880/1557 4773/3902/1573
f 4773/3902/1573 4771/3834/1522 4774/3836/3875
f 4775/3882/1558 4776/3903/1574 4779/3904/1575
f 4779/3904/1575 4776/3903/1574 4774/3836/3875
f 4778/3884/1559 4779/3904/1575 4782/3905/1576
f 4779/3904/1575 4777/3835/3874 4780/3838/1526
f 4784/3888/3886 4781/3886/1560 4782/3905/1576
f 4782/3905/1576 4780/3838/1526 4783/3840/3876
f 4784/3888/3886 4785/3906/1577 4788/3907/3892
f 4785/3906/1577 4783/3840/3876 4786/3842/1530
f 4790/3865/1550 4787/3890/3887 4788/3907/3892
f 4791/3908/1579 4788/3907/3892 4786/3842/1530
f 4790/3865/1550 4791/3908/1579 4749/3909/3893
f 4749/3909/3893 4791/3908/1579 4789/3849/3879
f 4729/3818/1501 4744/3817/1506 4748/3894/1502
f 4886/3910/3894 4815/4164/3974 4814/3911/3895
f 4808/3913/3897 4862/3973/3942 4868/3914/3898
f 4854/3916/3900 4866/3979/3947 4864/3917/3901
f 4863/3919/3903 4862/3973/3942 4822/3920/3904
f 4832/3922/3906 4856/3967/3939 4857/3923/3907
f 4889/3925/3909 4891/4030/47 4890/3926/47
f 4819/3928/3910 4821/3992/3957 4839/3929/3911
f 4875/3931/3913 4878/3985/3953 4876/3932/3914
f 4831/3934/3916 4898/4011/779 4896/3935/3917
f 4836/3937/3919 4842/3981/3949 4841/3938/3920
f 4799/3940/7 4837/3930/3912 4847/3941/3922
f 4834/3939/3921 4841/3938/3920 4800/3943/2
f 4883/3945/3923 4871/4015/3973 4811/3946/3924
f 4901/3948/46 4873/3933/3915 4876/3932/3914
f 4853/3950/3927 4859/4021/3937 4806/3951/3928
f 4897/3953/3917 4846/4008/3969 4838/3954/3930
f 4872/3956/3931 4884/4006/3967 4882/3957/3932
f 4843/3958/1466 4817/3991/3956 4818/3959/3933
f 4826/3961/1437 4827/4005/3966 4830/3962/3935
f 4859/3964/3937 4856/3967/3939 4804/3965/3938
f 4856/3967/3939 4832/3922/3906 4797/3968/2
f 4893/3969/46 4889/3925/3909 4888/3927/3909
f 4833/3924/3908 4857/3923/3907 4855/3971/3940
f 4869/3972/3941 4868/3914/3898 4862/3973/3942
f 4831/3934/3916 4835/3936/3918 4836/3937/3919
f 4793/3974/7 4819/3928/3910 4837/3930/3912
f 4861/3975/3943 4863/3919/3903 4824/3921/3905
f 4829/3963/3936 4830/3962/3935 4851/3977/3945
f 4853/3950/3927 4865/3999/3962 4866/3979/3947
f 4818/3959/3933 4821/3992/3957 4819/3928/3910
f 4835/3936/3918 4840/3982/3950 4842/3981/3949
f 4840/3982/3950 4849/3978/3946 4851/3977/3945
f 4848/3983/3951 4846/4008/3969 4823/3976/3944
f 4874/3984/3952 4877/3995/3959 4878/3985/3953
f 4796/3986/2 4828/3990/3955 4825/3987/3954
f 4803/3989/2 4850/4025/3977 4828/3990/3955
f 4833/3924/3908 4836/3937/3919 4834/3939/3921
f 4817/3991/3956 4820/4029/3979 4821/3992/3957
f 4816/3980/3948 4819/3928/3910 4793/3974/7
f 4810/3994/3958 4812/4165/3972 4877/3995/3959
f 4900/3996/46 4882/3957/3932 4885/3997/3960
f 4865/3999/3962 4853/3950/3927 4805/3952/3929
f 4795/3988/2 4825/3987/3954 4880/3912/3896
f 4802/3942/7 4847/3941/3922 4822/3920/3904
f 4876/3932/3914 4878/4020/3953 4872/3956/3931
f 4867/4002/3964 4869/3972/3941 4863/3919/3903
f 4835/3936/3918 4896/3935/3917 4894/4003/166
f 4881/4004/3965 4880/3912/3896 4825/3987/3954
f 4884/4006/3967 4887/4026/3971 4885/3997/3960
f 4899/4007/3968 4823/3976/3944 4846/4008/3969
f 4849/3978/3946 4891/4030/47 4889/3925/3909
f 4866/3979/3947 4865/3999/3962 4868/4009/3898
f 4855/3971/3940 4902/4031/3978 4898/4011/779
f 4864/3917/3901 4866/3979/3947 4869/4010/3941
f 4885/3997/3960 4887/4013/3971 4881/4004/3965
f 4827/4005/3966 4825/3987/3954 4828/3990/3955
f 4845/3960/3934 4818/3959/3933 4816/3980/3948
f 4887/4013/3971 4886/3910/3894 4880/3912/3896
f 4812/4014/3972 4811/3946/3924 4871/4015/3973
f 4809/4017/3899 4868/4009/3898 4865/3999/3962
f 4883/3945/3923 4813/3947/3925 4815/4018/3974
f 4841/3938/3920 4850/4025/3977 4803/3989/2
f 4878/4020/3953 4877/4016/3959 4871/4015/3973
f 4859/4021/3937 4853/3950/3927 4854/3916/3900
f 4857/3923/3907 4860/4027/3975 4858/4023/3976
f 4860/4022/3975 4854/3916/3900 4852/3918/3902
f 4847/3941/3922 4848/3983/3951 4824/3921/3905
f 4794/4001/7 4822/3920/3904 4862/3973/3942
f 4845/3960/3934 4875/3931/3913 4873/3933/3915
f 4874/3984/3952 4844/4012/3970 4801/4024/7
f 4832/3922/3906 4834/3939/3921 4798/3944/2
f 4829/3963/3936 4889/3925/3909 4893/3969/46
f 4821/3992/3957 4820/4029/3979 4838/3954/3930
f 4830/3962/3935 4828/3990/3955 4850/4025/3977
f 4883/3945/3923 4886/4019/3894 4887/4026/3971
f 4842/3981/3949 4851/3977/3945 4850/4025/3977
f 4837/3930/3912 4839/3929/3911 4848/3983/3951
f 4839/3929/3911 4838/3954/3930 4846/4008/3969
f 4856/3967/3939 4859/3964/3937 4860/4027/3975
f 4903/4028/3978 4864/3917/3901 4867/4002/3964
f 4844/4012/3970 4874/3984/3952 4875/3931/3913
f 4895/3955/166 4838/3954/3930 4820/4029/3979
f 4840/3982/3950 4894/4003/166 4891/4030/47
f 4894/4003/166 4896/3935/3917 4897/3953/3917
f 4844/4012/3970 4816/3980/3948 4792/3993/7
f 4872/3956/3931 4871/4015/3973 4883/3945/3923
f 4896/3935/3917 4898/4011/779 4899/4007/3968
f 4890/3926/47 4820/4029/3979 4817/3991/3956
f 4879/3998/3961 4881/4004/3965 4827/4005/3966
f 4892/3970/46 4901/3948/46 4900/3996/46
f 4891/4030/47 4894/4003/166 4895/3955/166
f 4888/3927/3909 4817/3991/3956 4843/3958/1466
f 4892/3970/46 4843/3958/1466 4873/3933/3915
f 4893/3969/46 4900/3996/46 4879/3998/3961
f 4858/4023/3976 4852/3918/3902 4902/4031/3978
f 4901/3948/46 4870/3949/3926 4882/3957/3932
f 4899/4007/3968 4903/4028/3978 4861/3975/3943
f 4902/4031/3978 4903/4028/3978 4899/4007/3968
f 4852/3918/3902 4864/3917/3901 4903/4028/3978
