# Blender 5.1.2
# www.blender.org
mtllib sofa_03_1k.mtl
o sofa_03
v 0.436379 0.488646 1.786477
v 0.423244 0.510249 1.754284
v 0.513230 0.517920 1.753229
v 0.507993 0.488646 1.786737
v 0.457796 0.339446 1.080551
v 0.449049 0.327312 1.113013
v 0.564040 0.326672 1.098232
v 0.517841 0.336279 1.074582
v 0.912606 0.338169 1.075843
v 0.910613 0.358935 1.069421
v 0.847609 0.358935 1.065264
v 0.847119 0.338709 1.069910
v 0.953984 0.488646 1.783654
v 0.953137 0.419561 1.780542
v 0.872027 0.421121 1.782545
v 0.878372 0.488686 1.786793
v 0.448839 0.336612 1.777026
v 0.444500 0.358939 1.786585
v 0.513975 0.358919 1.786793
v 0.517632 0.335424 1.775625
v 0.957763 0.509170 1.759154
v 0.991655 0.488646 1.732806
v 0.977987 0.488646 1.768478
v 0.456019 0.488646 1.070560
v 0.435929 0.510671 1.109767
v 0.393251 0.488646 1.138521
v 0.416455 0.488646 1.092840
v 0.942248 0.325896 1.118402
v 0.973720 0.334895 1.131990
v 0.956539 0.337333 1.098045
v 0.442716 0.324988 1.740743
v 0.409887 0.329153 1.727924
v 0.415506 0.338091 1.770511
v 0.455189 0.358935 1.073594
v 0.417764 0.358935 1.102673
v 0.428931 0.337866 1.105539
v 0.920157 0.488646 1.069836
v 0.913307 0.423826 1.062816
v 0.962606 0.423909 1.086420
v 0.959829 0.488855 1.088250
v 0.440887 0.421650 1.782547
v 0.402869 0.422818 1.769369
v 0.399366 0.488646 1.765175
v 0.940377 0.336042 1.775882
v 0.954867 0.358939 1.784083
v 0.978285 0.358935 1.767947
v 0.968423 0.336808 1.765311
v 0.964865 0.525820 1.462601
v 0.881458 0.554412 1.458027
v 0.879824 0.554338 1.341662
v 0.971556 0.522288 1.344614
v 0.991442 0.330691 1.460362
v 1.004618 0.358935 1.462155
v 1.004459 0.358935 1.338262
v 0.990336 0.330159 1.340133
v 1.004731 0.488203 1.465990
v 1.003464 0.424050 1.459750
v 1.002666 0.423782 1.569765
v 1.003872 0.488416 1.573998
v 0.376922 0.488646 1.464963
v 0.383361 0.426845 1.464806
v 0.383701 0.426719 1.329137
v 0.377701 0.488646 1.330610
v 0.406230 0.325442 1.474436
v 0.378115 0.358935 1.467744
v 0.379092 0.358935 1.571504
v 0.406386 0.325210 1.572012
v 1.004523 0.488923 1.340561
v 0.408817 0.513628 1.465200
v 0.406628 0.511724 1.573597
v 0.378950 0.488646 1.567071
v 0.954632 0.317053 1.515543
v 0.987163 0.326519 1.570714
v 0.431714 0.316902 1.514339
v 0.431646 0.318233 1.287098
v 0.400485 0.332783 1.339346
v 0.770752 0.489597 1.786801
v 0.774511 0.519651 1.750559
v 0.877256 0.514099 1.758611
v 0.767289 0.338067 1.066949
v 0.739227 0.327048 1.093609
v 0.604799 0.337083 1.068779
v 0.602943 0.358935 1.059967
v 0.517574 0.358935 1.064807
v 0.604165 0.488701 1.786856
v 0.604929 0.423277 1.782548
v 0.509845 0.422224 1.782552
v 0.765856 0.334325 1.773516
v 0.766524 0.358937 1.786831
v 0.876715 0.358936 1.786771
v 0.875079 0.334679 1.774213
v 0.607349 0.488646 1.059051
v 0.606590 0.518669 1.097540
v 0.514604 0.520718 1.104177
v 0.520504 0.488646 1.065571
v 0.608472 0.335000 1.774846
v 0.595164 0.324800 1.739648
v 0.603646 0.515806 1.755906
v 0.692483 0.516299 1.755230
v 0.691470 0.488957 1.786845
v 0.687516 0.338998 1.064974
v 0.767600 0.359795 1.058843
v 0.689068 0.359484 1.057886
v 0.607685 0.358939 1.786831
v 0.690888 0.358940 1.786831
v 0.690510 0.335335 1.775508
v 0.770083 0.488611 1.058912
v 0.766818 0.517737 1.095726
v 0.687955 0.517095 1.094149
v 0.690361 0.488646 1.059164
v 0.727546 0.325532 1.744420
v 0.991350 0.358935 1.735319
v 0.981494 0.334631 1.733074
v 0.395041 0.358935 1.135525
v 0.410382 0.340976 1.138386
v 0.958890 0.358935 1.087400
v 0.405461 0.358935 1.775481
v 0.849972 0.423632 1.057757
v 0.769133 0.423070 1.053875
v 0.391804 0.358935 1.733743
v 0.390954 0.423045 1.727971
v 0.456677 0.424818 1.067493
v 0.416242 0.421871 1.098931
v 0.976178 0.420140 1.766661
v 0.981899 0.358935 1.128099
v 0.985256 0.423397 1.128766
v 0.520173 0.424764 1.059239
v 0.688256 0.423662 1.054040
v 0.607123 0.424668 1.054442
v 0.688596 0.423975 1.782548
v 0.412268 0.513731 1.220315
v 0.383618 0.488646 1.211317
v 0.948562 0.317285 1.305972
v 0.987785 0.332673 1.220845
v 0.944413 0.515960 1.110001
v 0.863680 0.518242 1.099371
v 0.857591 0.489649 1.063385
v 0.399489 0.419550 1.139874
v 0.985749 0.488848 1.131514
v 0.504526 0.547700 1.217788
v 0.687670 0.556615 1.214281
v 0.598947 0.555667 1.215380
v 0.383109 0.358935 1.218475
v 0.401871 0.329805 1.219989
v 0.998994 0.423995 1.216188
v 1.000178 0.489507 1.219662
v 0.503447 0.545056 1.668173
v 0.598669 0.550593 1.668781
v 0.968797 0.519971 1.684484
v 1.000427 0.490586 1.661449
v 0.435442 0.318794 1.656772
v 0.407856 0.325513 1.657735
v 0.951050 0.325601 1.742106
v 0.990569 0.421498 1.731553
v 0.391533 0.488646 1.731653
v 0.885427 0.543523 1.681231
v 0.689963 0.551409 1.667971
v 0.778278 0.550662 1.669622
v 0.997107 0.358935 1.655744
v 0.984877 0.327278 1.656033
v 0.385826 0.425554 1.651579
v 0.385433 0.488646 1.651863
v 0.968757 0.521887 1.222257
v 0.874549 0.550796 1.226340
v 0.997163 0.358935 1.217849
v 0.388090 0.421771 1.214911
v 0.408021 0.513003 1.336997
v 0.500959 0.551428 1.337742
v 0.688446 0.566681 1.337881
v 0.596002 0.564249 1.336367
v 0.384058 0.358935 1.335809
v 1.003270 0.424107 1.341833
v 0.767297 0.424767 1.782547
v 1.003225 0.358935 1.571181
v 0.999531 0.424009 1.656920
v 0.385641 0.358935 1.655089
v 0.383764 0.422660 1.565734
v 0.782243 0.566183 1.455902
v 0.780380 0.565116 1.339315
v 0.739916 0.316619 1.313171
v 0.774792 0.556018 1.214909
v 0.582295 0.316774 1.308798
v 0.411621 0.513572 1.659592
v 0.500975 0.551825 1.458128
v 0.688273 0.568072 1.454998
v 0.595305 0.565365 1.454127
v 0.746900 0.316519 1.512681
v 0.579630 0.316502 1.505374
v 0.500059 0.550424 1.566674
v 0.595556 0.562090 1.564560
v 0.970719 0.522349 1.573549
v 0.884203 0.552220 1.570793
v 0.689047 0.563892 1.566380
v 0.783663 0.562452 1.567195
v -0.296379 0.488646 1.786477
v -0.367993 0.488646 1.786737
v -0.373230 0.517920 1.753229
v -0.283244 0.510249 1.754284
v -0.317796 0.339446 1.080551
v -0.377841 0.336279 1.074582
v -0.424039 0.326672 1.098232
v -0.309049 0.327312 1.113013
v -0.772606 0.338169 1.075843
v -0.707119 0.338709 1.069910
v -0.707609 0.358935 1.065264
v -0.770613 0.358935 1.069421
v -0.813984 0.488646 1.783654
v -0.738372 0.488686 1.786793
v -0.732027 0.421121 1.782545
v -0.813137 0.419561 1.780542
v -0.308839 0.336612 1.777026
v -0.377632 0.335424 1.775625
v -0.373975 0.358919 1.786793
v -0.304500 0.358939 1.786585
v -0.837987 0.488646 1.768478
v -0.851655 0.488646 1.732806
v -0.817763 0.509170 1.759154
v -0.316019 0.488646 1.070560
v -0.276455 0.488646 1.092840
v -0.253251 0.488646 1.138521
v -0.295929 0.510671 1.109767
v -0.816539 0.337333 1.098045
v -0.833720 0.334895 1.131990
v -0.802248 0.325896 1.118402
v -0.275506 0.338091 1.770511
v -0.269887 0.329153 1.727924
v -0.302715 0.324988 1.740743
v -0.288931 0.337866 1.105539
v -0.277764 0.358935 1.102673
v -0.315189 0.358935 1.073594
v -0.780157 0.488646 1.069836
v -0.819829 0.488855 1.088250
v -0.822606 0.423909 1.086420
v -0.773307 0.423826 1.062816
v -0.259366 0.488646 1.765175
v -0.262869 0.422818 1.769369
v -0.300887 0.421650 1.782547
v -0.800377 0.336042 1.775882
v -0.828423 0.336808 1.765311
v -0.838285 0.358935 1.767947
v -0.814867 0.358939 1.784083
v -0.824865 0.525820 1.462601
v -0.831556 0.522288 1.344614
v -0.739824 0.554338 1.341662
v -0.741458 0.554412 1.458027
v -0.851442 0.330691 1.460362
v -0.850336 0.330159 1.340133
v -0.864459 0.358935 1.338262
v -0.864618 0.358935 1.462155
v -0.864731 0.488203 1.465990
v -0.863872 0.488416 1.573998
v -0.862666 0.423782 1.569765
v -0.863464 0.424050 1.459750
v -0.236922 0.488646 1.464963
v -0.237701 0.488646 1.330610
v -0.243701 0.426719 1.329137
v -0.243361 0.426845 1.464806
v -0.266230 0.325442 1.474436
v -0.266386 0.325210 1.572012
v -0.239092 0.358935 1.571504
v -0.238115 0.358935 1.467744
v -0.864523 0.488923 1.340561
v -0.238950 0.488646 1.567071
v -0.266628 0.511724 1.573597
v -0.268817 0.513628 1.465200
v -0.847163 0.326519 1.570714
v -0.814632 0.317053 1.515543
v -0.260485 0.332783 1.339346
v -0.291646 0.318233 1.287098
v -0.291714 0.316902 1.514339
v -0.630752 0.489597 1.786801
v -0.737256 0.514099 1.758611
v -0.634511 0.519651 1.750559
v -0.627289 0.338067 1.066949
v -0.599227 0.327048 1.093609
v -0.464799 0.337083 1.068779
v -0.377574 0.358935 1.064807
v -0.462943 0.358935 1.059967
v -0.464165 0.488701 1.786856
v -0.369845 0.422224 1.782552
v -0.464929 0.423277 1.782548
v -0.625856 0.334325 1.773516
v -0.735079 0.334679 1.774213
v -0.736715 0.358936 1.786771
v -0.626524 0.358937 1.786831
v -0.467349 0.488646 1.059051
v -0.380504 0.488646 1.065571
v -0.374604 0.520718 1.104177
v -0.466590 0.518669 1.097540
v -0.468472 0.335000 1.774846
v -0.455164 0.324800 1.739648
v -0.551470 0.488957 1.786845
v -0.552483 0.516299 1.755230
v -0.463646 0.515806 1.755906
v -0.547516 0.338998 1.064974
v -0.549068 0.359484 1.057886
v -0.627600 0.359795 1.058843
v -0.550510 0.335335 1.775508
v -0.550888 0.358940 1.786831
v -0.467685 0.358939 1.786831
v -0.630083 0.488611 1.058912
v -0.550361 0.488646 1.059164
v -0.547955 0.517095 1.094149
v -0.626818 0.517737 1.095726
v -0.587546 0.325532 1.744420
v -0.841494 0.334631 1.733074
v -0.851350 0.358935 1.735319
v -0.270382 0.340976 1.138386
v -0.255041 0.358935 1.135525
v -0.818890 0.358935 1.087400
v -0.265461 0.358935 1.775481
v -0.629133 0.423070 1.053875
v -0.709972 0.423632 1.057757
v -0.250954 0.423045 1.727971
v -0.251804 0.358935 1.733743
v -0.276242 0.421871 1.098931
v -0.316677 0.424818 1.067493
v -0.836178 0.420140 1.766661
v -0.845256 0.423397 1.128766
v -0.841899 0.358935 1.128099
v -0.380173 0.424764 1.059239
v -0.467123 0.424668 1.054442
v -0.548256 0.423662 1.054040
v -0.548596 0.423975 1.782548
v -0.243618 0.488646 1.211317
v -0.272268 0.513731 1.220315
v -0.847785 0.332673 1.220845
v -0.808562 0.317285 1.305972
v -0.804413 0.515960 1.110001
v -0.717591 0.489649 1.063385
v -0.723680 0.518242 1.099371
v -0.259489 0.419550 1.139874
v -0.845749 0.488848 1.131514
v -0.364526 0.547700 1.217788
v -0.458947 0.555667 1.215380
v -0.547670 0.556615 1.214281
v -0.261871 0.329805 1.219989
v -0.243109 0.358935 1.218475
v -0.860178 0.489507 1.219662
v -0.858994 0.423995 1.216188
v -0.458669 0.550593 1.668781
v -0.363447 0.545056 1.668173
v -0.860427 0.490586 1.661449
v -0.828797 0.519971 1.684484
v -0.267856 0.325513 1.657735
v -0.295442 0.318794 1.656772
v -0.811050 0.325601 1.742106
v -0.850569 0.421498 1.731553
v -0.251533 0.488646 1.731653
v -0.745427 0.543523 1.681231
v -0.638278 0.550662 1.669622
v -0.549963 0.551409 1.667971
v -0.844877 0.327278 1.656033
v -0.857107 0.358935 1.655744
v -0.245433 0.488646 1.651863
v -0.245826 0.425554 1.651579
v -0.828757 0.521887 1.222257
v -0.734549 0.550796 1.226340
v -0.857163 0.358935 1.217849
v -0.248090 0.421771 1.214911
v -0.268021 0.513003 1.336997
v -0.360959 0.551428 1.337742
v -0.456002 0.564249 1.336367
v -0.548446 0.566681 1.337881
v -0.244058 0.358935 1.335809
v -0.863270 0.424107 1.341833
v -0.627297 0.424767 1.782547
v -0.859531 0.424009 1.656920
v -0.863225 0.358935 1.571181
v -0.245641 0.358935 1.655089
v -0.243764 0.422660 1.565734
v -0.640380 0.565116 1.339315
v -0.642243 0.566183 1.455902
v -0.599916 0.316619 1.313171
v -0.634792 0.556018 1.214909
v -0.442295 0.316774 1.308798
v -0.271621 0.513572 1.659592
v -0.360975 0.551825 1.458128
v -0.455305 0.565365 1.454127
v -0.548273 0.568072 1.454998
v -0.606901 0.316519 1.512681
v -0.439631 0.316502 1.505374
v -0.360059 0.550424 1.566674
v -0.455556 0.562090 1.564560
v -0.830719 0.522349 1.573549
v -0.744203 0.552220 1.570793
v -0.549047 0.563892 1.566380
v -0.643663 0.562452 1.567195
v 0.321958 0.488646 1.786477
v 0.335092 0.510249 1.754284
v 0.245107 0.517920 1.753229
v 0.250343 0.488646 1.786737
v 0.300540 0.339446 1.080551
v 0.309287 0.327312 1.113013
v 0.194297 0.326672 1.098232
v 0.240495 0.336279 1.074582
v -0.154269 0.338169 1.075843
v -0.152277 0.358935 1.069421
v -0.089272 0.358935 1.065264
v -0.088782 0.338709 1.069910
v -0.195647 0.488646 1.783654
v -0.194801 0.419561 1.780542
v -0.113691 0.421121 1.782545
v -0.120036 0.488686 1.786793
v 0.309498 0.336612 1.777026
v 0.313836 0.358939 1.786585
v 0.244362 0.358919 1.786793
v 0.240704 0.335424 1.775625
v -0.199427 0.509170 1.759154
v -0.233319 0.488646 1.732806
v -0.219650 0.488646 1.768478
v 0.302317 0.488646 1.070560
v 0.322407 0.510671 1.109767
v 0.365086 0.488646 1.138521
v 0.341881 0.488646 1.092840
v -0.183911 0.325896 1.118402
v -0.215384 0.334895 1.131990
v -0.198203 0.337333 1.098045
v 0.315621 0.324988 1.740743
v 0.348449 0.329153 1.727924
v 0.342830 0.338091 1.770511
v 0.303147 0.358935 1.073594
v 0.340573 0.358935 1.102673
v 0.329405 0.337866 1.105539
v -0.161821 0.488646 1.069836
v -0.154971 0.423826 1.062816
v -0.204269 0.423909 1.086420
v -0.201492 0.488855 1.088250
v 0.317449 0.421650 1.782547
v 0.355467 0.422818 1.769369
v 0.358970 0.488646 1.765175
v -0.182040 0.336042 1.775882
v -0.196530 0.358939 1.784083
v -0.219948 0.358935 1.767947
v -0.210087 0.336808 1.765311
v -0.206529 0.525820 1.462601
v -0.123122 0.554412 1.458027
v -0.121487 0.554338 1.341662
v -0.213220 0.522288 1.344614
v -0.233106 0.330691 1.460362
v -0.246282 0.358935 1.462155
v -0.246123 0.358935 1.338262
v -0.232000 0.330159 1.340133
v -0.246395 0.488203 1.465990
v -0.245128 0.424050 1.459750
v -0.244329 0.423782 1.569765
v -0.245535 0.488416 1.573998
v 0.381415 0.488646 1.464963
v 0.374975 0.426845 1.464806
v 0.374636 0.426719 1.329137
v 0.380635 0.488646 1.330610
v 0.352106 0.325442 1.474436
v 0.380222 0.358935 1.467744
v 0.379244 0.358935 1.571504
v 0.351950 0.325210 1.572012
v -0.246187 0.488923 1.340561
v 0.349520 0.513628 1.465200
v 0.351708 0.511724 1.573597
v 0.379386 0.488646 1.567071
v -0.196296 0.317053 1.515543
v -0.228826 0.326519 1.570714
v 0.326622 0.316902 1.514339
v 0.326691 0.318233 1.287098
v 0.357851 0.332783 1.339346
v -0.012416 0.489597 1.786801
v -0.016174 0.519651 1.750559
v -0.118919 0.514099 1.758611
v -0.008953 0.338067 1.066949
v 0.019109 0.327048 1.093609
v 0.153537 0.337083 1.068779
v 0.155394 0.358935 1.059967
v 0.240762 0.358935 1.064807
v 0.154171 0.488701 1.786856
v 0.153407 0.423277 1.782548
v 0.248491 0.422224 1.782552
v -0.007520 0.334325 1.773516
v -0.008187 0.358937 1.786831
v -0.118379 0.358936 1.786771
v -0.116742 0.334679 1.774213
v 0.150988 0.488646 1.059051
v 0.151746 0.518669 1.097540
v 0.243732 0.520718 1.104177
v 0.237833 0.488646 1.065571
v 0.149864 0.335000 1.774846
v 0.163173 0.324800 1.739648
v 0.154690 0.515806 1.755906
v 0.065854 0.516299 1.755230
v 0.066866 0.488957 1.786845
v 0.070820 0.338998 1.064974
v -0.009263 0.359795 1.058843
v 0.069268 0.359484 1.057886
v 0.150652 0.358939 1.786831
v 0.067448 0.358940 1.786831
v 0.067826 0.335335 1.775508
v -0.011747 0.488611 1.058912
v -0.008481 0.517737 1.095726
v 0.070381 0.517095 1.094149
v 0.067975 0.488646 1.059164
v 0.030791 0.325532 1.744420
v -0.233014 0.358935 1.735319
v -0.223157 0.334631 1.733074
v 0.363295 0.358935 1.135525
v 0.347954 0.340976 1.138386
v -0.200554 0.358935 1.087400
v 0.352876 0.358935 1.775481
v -0.091636 0.423632 1.057757
v -0.010797 0.423070 1.053875
v 0.366532 0.358935 1.733743
v 0.367383 0.423045 1.727971
v 0.301660 0.424818 1.067493
v 0.342094 0.421871 1.098931
v -0.217842 0.420140 1.766661
v -0.223562 0.358935 1.128099
v -0.226920 0.423397 1.128766
v 0.238163 0.424764 1.059239
v 0.070080 0.423662 1.054040
v 0.151214 0.424668 1.054442
v 0.069740 0.423975 1.782548
v 0.346068 0.513731 1.220315
v 0.374719 0.488646 1.211317
v -0.190226 0.317285 1.305972
v -0.229449 0.332673 1.220845
v -0.186077 0.515960 1.110001
v -0.105344 0.518242 1.099371
v -0.099255 0.489649 1.063385
v 0.358847 0.419550 1.139874
v -0.227413 0.488848 1.131514
v 0.253811 0.547700 1.217788
v 0.070667 0.556615 1.214281
v 0.159389 0.555667 1.215380
v 0.375227 0.358935 1.218475
v 0.356466 0.329805 1.219989
v -0.240657 0.423995 1.216188
v -0.241841 0.489507 1.219662
v 0.254889 0.545056 1.668173
v 0.159667 0.550593 1.668781
v -0.210461 0.519971 1.684484
v -0.242090 0.490586 1.661449
v 0.322894 0.318794 1.656772
v 0.350480 0.325513 1.657735
v -0.192713 0.325601 1.742106
v -0.232233 0.421498 1.731553
v 0.366803 0.488646 1.731653
v -0.127091 0.543523 1.681231
v 0.068373 0.551409 1.667971
v -0.019942 0.550662 1.669622
v -0.238771 0.358935 1.655744
v -0.226541 0.327278 1.656033
v 0.372510 0.425554 1.651579
v 0.372904 0.488646 1.651863
v -0.210421 0.521887 1.222257
v -0.116213 0.550796 1.226340
v -0.238827 0.358935 1.217849
v 0.370246 0.421771 1.214911
v 0.350316 0.513003 1.336997
v 0.257377 0.551428 1.337742
v 0.069890 0.566681 1.337881
v 0.162335 0.564249 1.336367
v 0.374278 0.358935 1.335809
v -0.244934 0.424107 1.341833
v -0.008960 0.424767 1.782547
v -0.244888 0.358935 1.571181
v -0.241194 0.424009 1.656920
v 0.372695 0.358935 1.655089
v 0.374572 0.422660 1.565734
v -0.023906 0.566183 1.455902
v -0.022044 0.565116 1.339315
v 0.018420 0.316619 1.313171
v -0.016455 0.556018 1.214909
v 0.176042 0.316774 1.308798
v 0.346716 0.513572 1.659592
v 0.257362 0.551825 1.458128
v 0.070063 0.568072 1.454998
v 0.163031 0.565365 1.454127
v 0.011436 0.316519 1.512681
v 0.178706 0.316502 1.505374
v 0.258277 0.550424 1.566674
v 0.162780 0.562090 1.564560
v -0.212382 0.522349 1.573549
v -0.125866 0.552220 1.570793
v 0.069289 0.563892 1.566380
v -0.025327 0.562452 1.567195
v 0.069734 0.204749 1.958703
v 1.027872 0.634436 1.800525
v 1.078391 0.670143 1.808039
v 0.070166 0.776624 1.953247
v 0.866224 0.591319 1.779228
v 0.573008 0.585675 1.762213
v 0.646903 0.205267 1.963864
v 0.470696 0.590315 1.756169
v 0.504386 0.203299 1.963884
v 0.271861 0.594284 1.753942
v 0.289128 0.202736 1.963883
v 0.373079 0.593458 1.754241
v 0.574312 0.743849 1.950431
v 0.411277 0.198944 1.962471
v 0.168388 0.590514 1.754018
v 0.305017 0.769035 1.951531
v 0.184652 0.203562 1.963883
v 0.673881 0.583213 1.770506
v 0.751815 0.203656 1.963884
v 1.064685 0.202578 1.963882
v 0.960145 0.608106 1.786528
v 0.560900 0.847479 1.784130
v 0.465685 0.859647 1.781799
v 0.371237 0.870528 1.780013
v 0.271874 0.878230 1.778943
v 0.171349 0.882244 1.778402
v 1.127774 0.743852 1.820181
v 1.111021 0.781932 1.817978
v 1.039537 0.802075 1.808241
v 0.926112 0.838454 1.805004
v 0.665532 0.836612 1.788691
v 0.611575 0.327886 1.819270
v 0.715147 0.329489 1.819527
v 0.909734 0.351378 1.816711
v 0.999322 0.395294 1.811680
v 1.049182 0.466611 1.821270
v 1.100621 0.595702 1.824230
v 0.872906 0.381427 1.956720
v 0.579763 0.295322 1.957114
v 0.286996 0.323826 1.957159
v 0.070136 0.355404 1.957096
v 0.070000 0.324063 1.819657
v 0.174718 0.325638 1.816706
v 0.280866 0.330756 1.816772
v 0.388003 0.331929 1.818036
v 0.495474 0.330749 1.818754
v 1.071074 0.210984 1.042791
v 0.956008 0.212867 1.040216
v 1.070000 0.100000 1.957349
v 1.068587 0.214121 1.840306
v 0.070000 0.039972 1.046647
v 0.180225 0.045090 1.046647
v 1.222589 0.209421 1.042972
v 1.224485 0.212867 1.957349
v 1.221560 0.101448 1.042938
v 1.070000 0.263548 1.046647
v 1.070002 0.333853 1.828817
v 1.074282 0.465166 1.046647
v 1.128498 0.569500 1.046647
v 1.128498 0.569500 1.841785
v 1.231793 0.463150 1.046647
v 1.224285 0.558020 1.046647
v 1.252531 0.625878 1.956568
v 1.179369 0.658928 1.046647
v 1.223511 0.712259 1.046647
v 1.345015 0.728635 1.841216
v 1.306288 0.739027 1.841785
v 1.375627 0.662549 1.046647
v 0.070000 0.039972 1.957349
v 0.180225 0.045090 1.957349
v 1.226882 0.101671 1.957349
v 1.231793 0.463150 1.957349
v 1.224285 0.558020 1.957349
v 1.150625 0.911862 1.843124
v 0.070000 1.118892 1.957349
v 0.190716 1.115052 1.957349
v 1.179572 0.878484 1.957349
v 1.191309 0.813751 1.957349
v 1.188458 0.775344 1.957349
v 1.154941 0.695734 1.841785
v 1.185488 0.775187 1.841724
v 1.190209 0.813722 1.842894
v 1.186885 0.855846 1.841785
v 1.195670 0.651659 1.956734
v 1.154941 0.695734 1.957349
v 1.121803 0.685901 1.822972
v 1.179369 0.658928 1.841785
v 1.311256 0.610087 1.841785
v 1.306288 0.741441 1.046647
v 0.870261 0.974937 1.841785
v 1.151461 0.912829 1.957349
v 1.038944 0.110267 1.957335
v 1.041139 0.111516 1.047791
v 1.072202 0.100563 1.043011
v 0.750054 0.212867 1.040216
v 0.640044 0.994091 1.841785
v 0.870261 0.974937 1.957349
v 0.915428 0.079569 1.957182
v 0.915424 0.079395 1.046647
v 0.616198 0.212867 1.040216
v 0.501827 0.212867 1.040216
v 0.543500 1.016708 1.841785
v 0.459981 1.036957 1.841785
v 0.543500 1.016708 1.957349
v 0.640044 0.994091 1.957349
v 0.651016 0.110715 1.957236
v 0.818334 0.096311 1.956684
v 0.651024 0.110596 1.046647
v 0.818244 0.095609 1.046647
v 0.398067 0.212867 1.040216
v 0.374120 1.060652 1.841785
v 0.459981 1.036957 1.957349
v 0.501827 0.075655 1.957349
v 0.501827 0.075655 1.046647
v 0.287763 0.212867 1.040216
v 0.180224 0.212867 1.040216
v 0.287557 0.216526 1.807239
v 0.245158 1.093641 1.841785
v 0.190716 1.115052 1.841785
v 0.245158 1.093641 1.957349
v 0.374120 1.060652 1.957349
v 0.287763 0.063459 1.957349
v 0.398067 0.054923 1.957349
v 0.287763 0.063459 1.046647
v 0.398067 0.054923 1.046647
v 0.070000 0.212867 1.040216
v 0.070000 1.118892 1.841785
v 1.272671 0.293307 1.046647
v 1.186885 0.855846 1.957349
v 1.179572 0.878484 1.841785
v 1.070000 0.331720 1.046647
v 1.030804 0.914449 1.840648
v 0.640978 0.946105 1.838412
v 0.542727 0.963915 1.836018
v 0.459755 0.981363 1.839076
v 0.541156 0.962152 1.955056
v 0.374492 0.998329 1.831648
v 0.272885 1.008733 1.839834
v 0.274604 1.024211 1.956183
v 0.179573 1.007520 1.836858
v 0.070270 1.018637 1.955751
v 1.170361 0.802243 1.839931
v 1.164996 0.844731 1.843337
v 1.139096 0.877991 1.841889
v 0.070000 1.008638 1.836811
v 1.170362 0.772161 1.838309
v 1.136956 0.797780 1.957132
v 1.120296 0.685948 1.957349
v 1.374917 0.692499 1.046647
v 1.203024 0.629824 1.044056
v 1.177340 0.566945 1.046644
v 1.164079 0.468531 1.043746
v 1.180172 0.319189 1.044629
v 1.186527 0.263988 1.045408
v 1.154611 0.209611 1.042610
v 1.155164 0.100513 1.042754
v 1.155339 0.100909 1.957349
v 1.223932 0.651076 1.845129
v 1.365738 0.697238 1.840882
v 1.362916 0.718349 1.046647
v 1.365285 0.637016 1.046647
v 1.365285 0.637015 1.841785
v 1.272731 0.740494 1.046647
v 1.347100 0.623316 1.841785
v 1.224519 0.648264 1.041321
v 1.255221 0.614225 1.046647
v 1.197696 0.682887 1.046647
v 1.272731 0.739259 1.841785
v 1.303803 0.677627 1.040904
v 1.372994 0.662887 1.841785
v 1.335137 0.735587 1.046647
v 1.334236 0.683878 1.046656
v 1.347100 0.623316 1.046647
v 1.245938 0.731096 1.046647
v 1.282590 0.672650 1.046644
v 1.320286 0.610728 1.046647
v 1.245938 0.731096 1.841785
v 1.253849 0.664028 1.042813
v 1.295179 0.606968 1.046647
v 1.223511 0.712259 1.841785
v 1.226103 0.639738 1.956065
v 1.257070 0.625588 1.841648
v 1.099938 0.234544 1.043531
v 1.097918 0.271064 1.042706
v 1.093415 0.330395 1.046646
v 1.092791 0.459294 1.046646
v 1.156750 0.576853 1.041951
v 1.192320 0.650349 1.046647
v 1.209712 0.673085 1.046647
v 1.233978 0.695228 1.044460
v 1.258310 0.708003 1.042938
v 1.285305 0.719640 1.044612
v 1.320132 0.723093 1.044350
v 1.353198 0.706221 1.044786
v 1.356529 0.686995 1.045095
v 1.356523 0.662355 1.044399
v 1.340680 0.645724 1.043790
v 1.324636 0.635867 1.042681
v 1.305886 0.629636 1.042598
v 1.279050 0.627206 1.043819
v 1.246791 0.625283 1.044131
v 1.224106 0.605153 1.044312
v 1.201652 0.560566 1.044190
v 1.233996 0.314190 1.043448
v 1.210855 0.228518 1.043006
v 1.161370 0.225062 1.042933
v 0.951261 0.213612 1.840905
v 1.074459 0.464964 1.836274
v 0.750057 0.213625 1.840870
v 0.616199 0.213631 1.840858
v 0.501886 0.214618 1.829246
v 0.397329 0.216557 1.806459
v 0.180069 0.214902 1.825981
v 0.070003 0.214767 1.825195
v 1.069394 0.263465 1.841120
v 1.217912 0.651888 1.954810
v 1.253521 0.395270 1.957349
v 1.253521 0.395270 1.046647
v 1.089048 0.391907 1.046647
v 1.070000 0.395270 1.046647
v 1.272671 0.293307 1.957349
v 1.239538 0.436225 1.957349
v 1.239538 0.436225 1.046647
v 1.225553 0.394818 1.043235
v 1.241067 0.597750 1.046647
v 1.138773 0.464438 1.957305
v 1.225657 0.513150 1.046647
v 1.225781 0.514641 1.957349
v 1.206684 0.468219 1.045055
v 1.269711 0.342479 1.957349
v 1.269711 0.342479 1.046647
v 1.233475 0.267983 1.043394
v 1.259027 0.253161 1.046647
v 1.259027 0.253161 1.957349
v 1.175377 0.393602 1.041817
v 0.844083 0.212867 1.040216
v 0.844085 0.213613 1.840888
v 0.812683 0.335093 1.819007
v 0.774309 0.584153 1.776536
v 0.787302 0.830212 1.795253
v 0.775736 0.929725 1.835760
v 0.762861 0.980730 1.841785
v 0.762861 0.980730 1.957349
v 0.944412 0.902003 1.956638
v 0.878072 0.723201 1.954944
v 0.899743 0.205752 1.963719
v 0.883704 0.084562 1.956877
v 0.883627 0.084068 1.046647
v 1.014771 0.114802 1.956803
v 1.115620 0.934142 1.957349
v 1.115576 0.934045 1.841896
v 1.019166 0.115329 1.047230
v 0.946041 0.082620 1.957112
v 0.973384 0.967188 1.957349
v 0.973384 0.967188 1.841785
v 0.946110 0.082385 1.046647
v 0.994940 0.108280 1.047691
v 1.054011 0.954228 1.841785
v 1.054011 0.954228 1.957349
v 0.977594 0.099156 1.956657
v 0.168254 0.741977 1.740970
v 0.271298 0.740247 1.741047
v 0.371943 0.738937 1.742847
v 0.469076 0.730222 1.745103
v 0.568840 0.721047 1.751150
v 0.671210 0.714538 1.760961
v 0.780120 0.710339 1.770483
v 0.888272 0.710419 1.776541
v 0.981553 0.705771 1.789927
v 1.053011 0.708088 1.802205
v 1.102063 0.712370 1.813096
v 1.130853 0.691574 1.826014
v 1.129766 0.679735 1.824980
v 1.082301 0.624564 1.813958
v 1.030305 0.556702 1.806528
v 0.966376 0.505354 1.794885
v 0.877809 0.471482 1.796357
v 0.781436 0.453549 1.797388
v 0.685277 0.448991 1.795772
v 0.583791 0.449384 1.793498
v 0.480610 0.451860 1.791506
v 0.377995 0.454358 1.790054
v 0.274189 0.454369 1.787835
v 0.169690 0.451216 1.787328
v 0.070000 0.447585 1.788542
v 0.070000 0.128363 1.040569
v 0.177127 0.123988 1.045159
v 0.286248 0.130670 1.039210
v 0.393297 0.127585 1.041397
v 0.501285 0.128744 1.040186
v 0.650079 0.121229 1.040135
v 0.809886 0.106049 1.040145
v 0.878599 0.094959 1.040125
v 0.913800 0.089013 1.040118
v 0.949299 0.093944 1.038799
v 0.981870 0.116958 1.039529
v 1.005530 0.132675 1.040801
v 1.044030 0.132330 1.040306
v 1.074170 0.141349 1.042613
v 0.221411 1.103819 1.841785
v 0.222204 1.103639 1.957349
v 0.335665 1.076546 1.841785
v 0.335653 1.076553 1.957349
v 0.297436 1.091412 1.841785
v 0.297510 1.091381 1.957349
v 0.366364 1.029629 1.834164
v 0.459782 1.008142 1.838566
v 0.542992 0.989107 1.838919
v 0.640478 0.969204 1.837496
v 0.763314 0.957907 1.839133
v 0.874083 0.953118 1.840866
v 0.962259 0.949335 1.841262
v 1.030900 0.941286 1.842241
v 1.087698 0.924790 1.841802
v 1.129087 0.906480 1.842109
v 1.158843 0.878175 1.842245
v 1.175851 0.850214 1.845488
v 1.180595 0.807607 1.847516
v 1.141420 0.693564 1.832066
v 0.271400 1.044761 1.842197
v 0.192310 1.053542 1.832372
v 0.070000 1.060857 1.832873
v 1.154461 0.194115 1.042905
v 1.206941 0.193969 1.043242
v 1.206207 0.116804 1.042622
v 1.153514 0.117162 1.045201
v 1.088470 0.116114 1.042740
v 1.089686 0.141319 1.042637
v 1.087289 0.195220 1.043115
v 1.148182 0.154371 1.040538
v 0.883338 0.923281 1.837822
v 1.237155 0.588273 1.956467
v 1.286737 0.611172 1.840689
v 1.233069 0.683699 1.841699
v 1.233258 0.654461 1.841703
v 1.260830 0.644924 1.841746
v 1.288376 0.635633 1.841774
v 1.312007 0.632661 1.841783
v 1.336456 0.634944 1.841785
v 1.346131 0.659388 1.841785
v 1.349468 0.692877 1.841785
v 1.332377 0.709363 1.841785
v 1.303042 0.715968 1.841779
v 1.274218 0.716388 1.841761
v 1.252922 0.715378 1.841735
v 1.265546 0.679703 1.841747
v 1.295017 0.675224 1.841773
v 1.321929 0.668811 1.841783
v 0.070271 0.559000 1.956064
v 0.311694 0.549161 1.955512
v 0.584674 0.538924 1.954416
v 0.873313 0.560133 1.955665
v 1.157660 0.595748 1.957198
v -0.931074 0.210984 1.042791
v -0.816008 0.212867 1.040216
v -0.811261 0.213612 1.840905
v -0.928587 0.214121 1.840306
v -0.040225 0.045090 1.957349
v -0.048909 0.204228 1.963882
v -1.119027 0.253161 1.957349
v -1.084485 0.212867 1.957349
v -1.082589 0.209421 1.042972
v -1.119027 0.253161 1.046647
v -0.988498 0.569500 1.046647
v -0.934282 0.465166 1.046647
v -0.934547 0.464909 1.835228
v -0.988498 0.569500 1.841785
v -1.085780 0.514641 1.957349
v -1.091793 0.463150 1.957349
v -1.091793 0.463150 1.046647
v -1.085657 0.513150 1.046647
v -0.952791 0.459294 1.046646
v -1.016750 0.576853 1.041951
v -1.037340 0.566945 1.046644
v -1.024079 0.468531 1.043746
v -1.052320 0.650349 1.046647
v -1.069712 0.673085 1.046647
v -1.084519 0.648264 1.041321
v -1.063024 0.629824 1.044056
v -0.040225 0.045090 1.046647
v -1.014941 0.695734 1.841785
v -1.045488 0.775187 1.841724
v -1.048458 0.775344 1.957349
v -1.014941 0.695734 1.957349
v -1.050209 0.813722 1.842894
v -1.046885 0.855846 1.841785
v -1.046885 0.855846 1.957349
v -1.051309 0.813751 1.957349
v -1.011460 0.912829 1.957349
v -1.039572 0.878484 1.957349
v -1.039572 0.878484 1.841785
v -1.010625 0.911862 1.843124
v -0.769734 0.351378 1.816711
v -0.859322 0.395294 1.811680
v -0.929394 0.263465 1.841120
v -0.146659 0.325714 1.957151
v -0.930002 0.333853 1.828817
v -0.909182 0.466611 1.821270
v -1.225738 0.697238 1.840882
v -1.232994 0.662887 1.841785
v -1.235627 0.662549 1.046647
v -1.234917 0.692499 1.046647
v -1.057696 0.682887 1.046647
v -1.039369 0.658928 1.046647
v -1.039369 0.658928 1.841785
v -0.989766 0.679735 1.824980
v -0.980286 0.685956 1.957289
v -1.055670 0.651659 1.956734
v -0.960621 0.595702 1.824230
v -0.996956 0.797780 1.957132
v -0.802673 0.909610 1.956666
v -0.737794 0.723086 1.954895
v -0.938391 0.670143 1.808039
v -0.962063 0.712370 1.813096
v -0.990853 0.691574 1.826014
v -0.981803 0.685901 1.822972
v -0.726224 0.591319 1.779228
v -0.748272 0.710419 1.776541
v -0.841554 0.705771 1.789927
v -0.820145 0.608106 1.786528
v -0.887872 0.634436 1.800525
v -0.913011 0.708088 1.802205
v -0.898944 0.110267 1.957335
v -0.874771 0.114802 1.956803
v -0.879166 0.115329 1.047230
v -0.901139 0.111516 1.047791
v -0.865530 0.132675 1.040801
v -0.904030 0.132330 1.040306
v -0.930000 0.100000 1.957349
v -0.924685 0.202578 1.963882
v -0.762243 0.202371 1.963882
v -0.932201 0.100563 1.043011
v -0.975576 0.934045 1.841896
v -0.975620 0.934142 1.957349
v -0.998773 0.464438 1.957305
v -0.732178 0.380801 1.956706
v -1.018843 0.878175 1.842245
v -0.989087 0.906480 1.842109
v -0.775428 0.079569 1.957182
v -0.806041 0.082620 1.957112
v -0.730262 0.974937 1.841785
v -0.833384 0.967188 1.841785
v -0.822259 0.949335 1.841262
v -0.734083 0.953118 1.840866
v -0.743704 0.084562 1.956877
v -0.743627 0.084068 1.046647
v -0.775424 0.079395 1.046647
v -0.703541 0.215443 1.820768
v -0.704083 0.212867 1.040216
v -0.738599 0.094959 1.040125
v -0.773800 0.089013 1.040118
v -0.622861 0.980730 1.841785
v -0.622861 0.980730 1.957349
v -0.730262 0.974937 1.957349
v -0.672683 0.335093 1.819007
v -0.511016 0.110715 1.957236
v -0.678334 0.096311 1.956684
v -0.601697 0.202694 1.963883
v -0.492375 0.205291 1.963869
v -0.511024 0.110596 1.046647
v -0.678244 0.095609 1.046647
v -0.434901 0.295289 1.957104
v -0.403500 1.016708 1.841785
v -0.500044 0.994091 1.841785
v -0.500478 0.969204 1.837496
v -0.402992 0.989107 1.838919
v -0.361827 0.075655 1.957349
v -0.361827 0.075655 1.046647
v -0.361967 0.215666 1.816999
v -0.477112 0.217663 1.791775
v -0.476198 0.212867 1.040216
v -0.361827 0.212867 1.040216
v -0.361285 0.128744 1.040186
v -0.510079 0.121229 1.040135
v -0.319981 1.036957 1.841785
v -0.319981 1.036957 1.957349
v -0.403500 1.016708 1.957349
v -0.355474 0.330749 1.818754
v -0.471575 0.327886 1.819270
v -0.398143 0.957161 1.954831
v -0.368613 0.202328 1.963877
v -0.319782 1.008142 1.838566
v -0.258067 0.054923 1.957349
v -0.258067 0.054923 1.046647
v -0.258067 0.213539 1.840809
v -0.258067 0.212867 1.040216
v -0.253297 0.127585 1.041397
v -0.234120 1.060652 1.841785
v -0.234120 1.060652 1.957349
v -0.248003 0.331929 1.818036
v -0.147763 0.063459 1.957349
v -0.259237 0.201816 1.963862
v -0.148826 0.204371 1.963882
v -0.147763 0.063459 1.046647
v -0.105158 1.093641 1.841785
v -0.157436 1.091412 1.841785
v -0.131400 1.044761 1.842197
v -0.039911 0.216032 1.811806
v -0.147647 0.215337 1.821012
v -0.147763 0.212867 1.040216
v -0.040224 0.212867 1.040216
v -0.037127 0.123988 1.045159
v -0.146248 0.130670 1.039210
v -0.081411 1.103819 1.841785
v -0.082204 1.103639 1.957349
v -0.105158 1.093641 1.957349
v -0.034718 0.325638 1.816706
v -0.140866 0.330756 1.816772
v -0.133738 1.021057 1.956102
v -0.195664 1.076546 1.841785
v -0.195653 1.076553 1.957349
v -0.226364 1.029629 1.834164
v -0.050716 1.115052 1.841785
v -0.052310 1.053542 1.832372
v -0.050716 1.115052 1.957349
v -0.605880 0.217469 1.795102
v -0.610054 0.212867 1.040216
v -0.669886 0.106049 1.040145
v -0.500044 0.994091 1.957349
v -0.575148 0.329489 1.819527
v -0.623314 0.957907 1.839133
v -1.195137 0.735587 1.046647
v -1.166288 0.741441 1.046647
v -1.166288 0.739027 1.841785
v -1.205015 0.728635 1.841216
v -1.086882 0.101671 1.957349
v -1.081560 0.101448 1.042938
v -0.930000 0.395270 1.046647
v -0.930000 0.331720 1.046647
v -1.129711 0.342479 1.957349
v -1.132671 0.293307 1.957349
v -1.132671 0.293307 1.046647
v -1.129711 0.342479 1.046647
v -0.953415 0.330395 1.046646
v -0.949048 0.391907 1.046647
v -1.035377 0.393602 1.041817
v -1.040172 0.319189 1.044629
v -1.040595 0.807607 1.847516
v -1.035851 0.850214 1.845488
v -0.930000 0.263548 1.046647
v -0.957918 0.271064 1.042706
v -1.046527 0.263988 1.045408
v -1.001420 0.693564 1.832066
v -1.030362 0.772161 1.838309
v -0.899537 0.802075 1.808241
v -0.786112 0.838454 1.805004
v -0.890804 0.914449 1.840648
v -0.999096 0.877991 1.841889
v -0.525532 0.836612 1.788691
v -0.420900 0.847479 1.784130
v -0.402727 0.963915 1.836018
v -0.500978 0.946105 1.838412
v -0.325685 0.859647 1.781799
v -0.319755 0.981363 1.839076
v -0.231237 0.870528 1.780013
v -0.131874 0.878230 1.778943
v -0.132885 1.008733 1.839834
v -0.234492 0.998329 1.831648
v -0.031349 0.882244 1.778402
v -0.039572 1.007520 1.836858
v -0.743338 0.923281 1.837822
v -0.971021 0.781932 1.817978
v -1.024996 0.844731 1.843337
v -1.030361 0.802243 1.839931
v -0.987774 0.743852 1.820181
v -0.434181 0.744466 1.950295
v -0.531210 0.714538 1.760961
v -0.428840 0.721047 1.751150
v -0.329076 0.730222 1.745103
v -0.231943 0.738937 1.742847
v -0.131298 0.740247 1.741047
v -0.164629 0.769510 1.951411
v -0.028254 0.741977 1.740970
v -0.640120 0.710339 1.770483
v -0.647302 0.830212 1.795253
v -0.737809 0.471482 1.796357
v -0.826376 0.505354 1.794885
v -0.170991 0.549431 1.955441
v -0.942301 0.624564 1.813958
v -0.890305 0.556702 1.806528
v -1.017660 0.595748 1.957198
v -0.732684 0.559636 1.955609
v -0.545277 0.448991 1.795772
v -0.641436 0.453549 1.797388
v -0.340610 0.451860 1.791506
v -0.443791 0.449384 1.793498
v -0.237995 0.454358 1.790054
v -0.443097 0.537919 1.954374
v -0.029690 0.451216 1.787328
v -0.134189 0.454369 1.787835
v -1.015339 0.100909 1.957349
v -1.070855 0.228518 1.043006
v -1.021370 0.225062 1.042933
v -1.093475 0.267983 1.043394
v -1.077912 0.651888 1.954810
v -1.083932 0.651076 1.845129
v -1.015164 0.100513 1.042754
v -0.934170 0.141349 1.042613
v -1.061652 0.560566 1.044190
v -1.066684 0.468219 1.045055
v -1.113849 0.664028 1.042813
v -1.139050 0.627206 1.043819
v -1.106791 0.625283 1.044131
v -1.222916 0.718349 1.046647
v -1.086103 0.639738 1.956065
v -1.084106 0.605153 1.044312
v -1.194236 0.683878 1.046656
v -1.200680 0.645724 1.043790
v -1.184636 0.635867 1.042681
v -1.163802 0.677627 1.040904
v -1.085553 0.394818 1.043235
v -1.093996 0.314190 1.043448
v -0.959938 0.234544 1.043531
v -1.225285 0.637015 1.841785
v -1.225285 0.637016 1.046647
v -1.216523 0.662355 1.044399
v -1.216530 0.686995 1.045095
v -1.165886 0.629636 1.042598
v -1.142590 0.672650 1.046644
v -1.093978 0.695228 1.044460
v -1.083511 0.712259 1.046647
v -1.083511 0.712259 1.841785
v -1.117070 0.625588 1.841648
v -1.097154 0.588273 1.956467
v -1.101067 0.597750 1.046647
v -1.115221 0.614225 1.046647
v -1.171256 0.610087 1.841785
v -1.146737 0.611172 1.840689
v -1.155179 0.606968 1.046647
v -1.180286 0.610728 1.046647
v -1.145305 0.719640 1.044612
v -1.180132 0.723093 1.044350
v -1.132731 0.740494 1.046647
v -1.132731 0.739259 1.841785
v -1.207100 0.623316 1.841785
v -1.207100 0.623316 1.046647
v -1.213198 0.706221 1.044786
v -1.118310 0.708003 1.042938
v -1.105938 0.731096 1.046647
v -1.105938 0.731096 1.841785
v -1.084285 0.558020 1.957349
v -1.084285 0.558020 1.046647
v -1.099538 0.436225 1.046647
v -1.014611 0.209611 1.042610
v -1.113521 0.395270 1.957349
v -1.099538 0.436225 1.957349
v -1.113521 0.395270 1.046647
v -1.148376 0.635633 1.841774
v -1.155017 0.675224 1.841773
v -1.125546 0.679703 1.841747
v -1.120830 0.644924 1.841746
v -1.112530 0.625878 1.956568
v -0.635736 0.929725 1.835760
v -0.634309 0.584153 1.776536
v -0.533881 0.583213 1.770506
v -0.837594 0.099156 1.956657
v -0.854940 0.108280 1.047691
v -0.841870 0.116958 1.039529
v -0.914011 0.954228 1.841785
v -0.914011 0.954228 1.957349
v -0.947698 0.924790 1.841802
v -0.890900 0.941286 1.842241
v -0.806110 0.082385 1.046647
v -0.809299 0.093944 1.038799
v -0.833384 0.967188 1.957349
v -0.433008 0.585675 1.762213
v -0.330696 0.590315 1.756169
v -0.233079 0.593458 1.754241
v -0.131861 0.594284 1.753942
v -0.028388 0.590514 1.754018
v 0.070000 0.586368 1.754958
v -0.157510 1.091381 1.957349
v -1.066941 0.193969 1.043242
v -1.008182 0.154371 1.040538
v -1.014461 0.194115 1.042905
v -1.066207 0.116804 1.042622
v -1.013514 0.117162 1.045201
v -0.948470 0.116114 1.042740
v -0.949686 0.141319 1.042637
v -0.947289 0.195220 1.043115
v -1.093069 0.683699 1.841699
v -1.093258 0.654461 1.841703
v -1.172007 0.632661 1.841783
v -1.196455 0.634944 1.841785
v -1.206131 0.659388 1.841785
v -1.209468 0.692877 1.841785
v -1.192377 0.709363 1.841785
v -1.163042 0.715968 1.841779
v -1.134218 0.716388 1.841761
v -1.112922 0.715378 1.841735
v -1.181929 0.668811 1.841783
v 0.070000 0.743111 1.741892
v 0.070000 0.886341 1.781043
v 1.258193 0.615147 1.837974
v 1.252617 0.610512 1.078335
v 1.293570 0.601139 1.077798
v 1.298341 0.601865 1.841571
v 1.372088 0.629074 1.838281
v 1.375688 0.629615 1.084095
v 1.393160 0.688313 1.086329
v 1.390907 0.697910 1.838257
v 1.102715 0.668156 1.835776
v 1.241653 0.775369 1.843689
v 1.248440 0.774011 1.076478
v 1.120000 0.662789 1.072952
v 1.060069 0.575657 1.835539
v 1.075669 0.576186 1.068846
v 1.287102 0.780017 1.844746
v 1.296238 0.779235 1.078057
v 1.034192 0.278934 1.831268
v 1.033204 0.271767 1.056407
v 1.038524 0.468405 1.062394
v 1.032707 0.462780 1.832233
v 1.336625 0.606002 1.083143
v 1.333412 0.604777 1.839869
v 1.038436 0.335080 1.832220
v 1.033907 0.343301 1.060398
v 1.262851 0.619470 1.841233
v 1.254641 0.615925 1.076761
v 1.291334 0.606396 1.076690
v 1.298457 0.606975 1.842891
v 1.363191 0.639809 1.843821
v 1.358905 0.634086 1.078489
v 1.370795 0.679741 1.081231
v 1.370246 0.693370 1.844546
v 1.158555 0.639817 1.839390
v 1.252319 0.738043 1.843243
v 1.259227 0.738564 1.077310
v 1.168449 0.643996 1.074095
v 1.109128 0.559061 1.839585
v 1.123957 0.570549 1.068363
v 1.279748 0.740552 1.843702
v 1.296508 0.744388 1.076407
v 1.065680 0.218607 1.838406
v 1.069357 0.214910 1.053838
v 1.075379 0.464416 1.063736
v 1.071308 0.461931 1.840484
v 1.331232 0.617030 1.077781
v 1.334263 0.615906 1.843304
v 1.066225 0.330477 1.838712
v 1.068244 0.332766 1.053851
v 1.173417 0.731408 1.074723
v 1.161950 0.738519 1.838124
v 1.205553 0.696635 1.839673
v 1.205056 0.699352 1.075217
v 1.350099 0.725124 1.082136
v 1.342266 0.729653 1.845052
v 1.363297 0.751475 1.843633
v 1.371302 0.746394 1.082035
v 0.070000 0.283774 1.060435
v 0.070000 0.288157 1.820622
v 0.070000 0.214966 1.053928
v 1.019351 0.281938 1.314659
v 1.010553 0.366658 1.320283
v 1.005867 0.456671 1.323035
v 1.018534 0.549541 1.324999
v 1.045149 0.641116 1.326653
v 1.125105 0.772754 1.328419
v 1.229416 0.816506 1.321985
v 1.286727 0.817253 1.320908
v 1.379516 0.775231 1.320794
v 1.407328 0.704127 1.319139
v 1.388284 0.629767 1.313902
v 1.349974 0.601672 1.312036
v 1.301213 0.593871 1.308032
v 1.255014 0.611876 1.303198
v 1.300997 0.613088 1.312764
v 1.340384 0.629526 1.314942
v 1.368716 0.651931 1.330706
v 1.366502 0.711138 1.334695
v 1.338300 0.728802 1.334571
v 1.311362 0.745919 1.331319
v 1.246912 0.731821 1.332017
v 1.215772 0.688023 1.333163
v 1.182762 0.643515 1.330159
v 1.130516 0.560703 1.328339
v 1.076430 0.456007 1.327912
v 1.019958 0.287339 1.575732
v 1.010561 0.360649 1.576146
v 1.002974 0.451432 1.580152
v 1.011791 0.550887 1.582760
v 1.034733 0.643572 1.586278
v 1.126440 0.770756 1.585561
v 1.232468 0.821520 1.574647
v 1.290623 0.829539 1.573538
v 1.391864 0.793434 1.572670
v 1.411435 0.709972 1.571726
v 1.391413 0.632757 1.570886
v 1.352187 0.605859 1.569515
v 1.303573 0.597977 1.569320
v 1.257499 0.614837 1.573277
v 1.304144 0.618488 1.601048
v 1.345098 0.636450 1.607399
v 1.364919 0.653536 1.610994
v 1.377483 0.718206 1.605416
v 1.341904 0.738456 1.604997
v 1.310564 0.746503 1.604679
v 1.250225 0.718119 1.605422
v 1.216918 0.687284 1.603097
v 1.181793 0.639035 1.595944
v 1.126968 0.561275 1.596039
v 1.080027 0.455460 1.598918
v 1.019597 0.314775 1.694979
v 1.016394 0.352401 1.665580
v 1.023439 0.655469 1.679085
v 1.225083 0.850759 1.700875
v 1.291591 0.860812 1.702960
v 1.411519 0.803139 1.703116
v 1.428407 0.706980 1.695345
v 1.391126 0.629046 1.693176
v 1.349112 0.605742 1.693893
v 1.301216 0.600322 1.701303
v 1.254489 0.616645 1.724288
v 1.304699 0.619341 1.741934
v 1.341572 0.634084 1.752886
v 1.362767 0.651004 1.759527
v 1.382206 0.714049 1.742992
v 1.347658 0.749449 1.757535
v 1.308097 0.757680 1.757927
v 1.246789 0.739042 1.756761
v 1.206880 0.695146 1.748202
v 1.170511 0.646041 1.726086
v 1.120588 0.564339 1.730461
v 1.077676 0.459458 1.724489
v 1.015090 0.309896 1.398558
v 1.014016 0.368332 1.401882
v 1.030524 0.648504 1.409277
v 1.225323 0.854535 1.441168
v 1.292592 0.858605 1.440922
v 1.405768 0.801842 1.441078
v 1.435589 0.707277 1.441136
v 1.398453 0.625153 1.438925
v 1.354108 0.600728 1.436947
v 1.303935 0.595971 1.434327
v 1.257731 0.611803 1.435151
v 1.302884 0.615782 1.494371
v 1.349450 0.631141 1.463813
v 1.376184 0.649292 1.463089
v 1.381448 0.719310 1.465431
v 1.344202 0.741446 1.463671
v 1.310751 0.747926 1.461341
v 1.252217 0.733342 1.462924
v 1.211135 0.691701 1.462073
v 1.173705 0.644372 1.460957
v 1.123583 0.564840 1.458537
v 1.077467 0.456487 1.458152
v 1.248819 0.608610 1.188207
v 1.298905 0.591524 1.196832
v 1.349465 0.599187 1.202341
v 1.394658 0.623906 1.203195
v 1.434280 0.699013 1.208125
v 1.408022 0.790336 1.207348
v 1.292818 0.854915 1.203937
v 1.220846 0.848066 1.201033
v 1.033601 0.658049 1.145331
v 1.009098 0.368851 1.166042
v 1.004194 0.331905 1.161113
v 1.011881 0.444412 1.779847
v 1.017610 0.556462 1.782299
v 1.129730 0.785513 1.782602
v 1.223334 0.846704 1.768245
v 1.290637 0.858389 1.772153
v 1.406720 0.798396 1.767680
v 1.422013 0.705359 1.752690
v 1.386271 0.627662 1.747718
v 1.345875 0.604278 1.745929
v 1.299610 0.599940 1.743942
v 1.070000 0.310481 1.592710
v 1.263886 0.627446 1.623548
v 1.256412 0.614577 1.637501
v 1.302069 0.599031 1.637387
v 1.351208 0.606140 1.633633
v 1.392184 0.630248 1.632552
v 1.422659 0.708986 1.633317
v 1.405377 0.802652 1.634280
v 1.291616 0.853804 1.634130
v 1.226930 0.845178 1.636550
v 1.124173 0.796439 1.676207
v 1.007171 0.553241 1.678271
v 1.004559 0.449656 1.675754
v 1.016694 0.307592 1.632975
v 1.069728 0.312416 1.452364
v 1.265691 0.627201 1.492591
v 1.256850 0.612931 1.491692
v 1.304026 0.596108 1.498917
v 1.354412 0.600997 1.503171
v 1.398126 0.626180 1.506252
v 1.432320 0.708193 1.509443
v 1.406247 0.804326 1.510777
v 1.292277 0.854231 1.512198
v 1.226206 0.848647 1.511810
v 1.111217 0.788857 1.503052
v 1.027947 0.647129 1.497224
v 1.010207 0.550860 1.494131
v 1.004741 0.455794 1.492134
v 1.014015 0.367800 1.489411
v 1.018921 0.312802 1.495157
v 1.005629 0.456443 1.405933
v 1.012728 0.551281 1.407643
v 1.119021 0.799204 1.410860
v 1.225412 0.848962 1.375920
v 1.291552 0.851030 1.372047
v 1.397322 0.793153 1.374947
v 1.426000 0.706040 1.375856
v 1.396015 0.626647 1.373340
v 1.352497 0.601370 1.372159
v 1.302597 0.596057 1.367488
v 1.255859 0.612233 1.362004
v 1.261789 0.625454 1.318311
v 1.062579 0.311770 1.318580
v 1.255952 0.619952 1.175291
v 1.249615 0.609090 1.238661
v 1.299539 0.592837 1.249633
v 1.350005 0.600361 1.255192
v 1.393384 0.626656 1.257107
v 1.429058 0.701529 1.265607
v 1.399583 0.787290 1.268111
v 1.290732 0.848757 1.269346
v 1.224157 0.841953 1.265707
v 1.116801 0.783126 1.250962
v 1.032938 0.647160 1.240153
v 1.011656 0.553316 1.238824
v 1.005298 0.457547 1.240064
v 1.013491 0.370974 1.242362
v 1.013520 0.312961 1.242842
v 1.248833 0.606862 1.142614
v 1.297743 0.591087 1.150297
v 1.348101 0.597992 1.154417
v 1.393171 0.620793 1.154966
v 1.427764 0.696863 1.155982
v 1.408810 0.787165 1.148476
v 1.294897 0.843823 1.141018
v 1.221852 0.842055 1.137688
v 1.120373 0.800798 1.165889
v 1.008855 0.559132 1.146818
v 1.007223 0.454520 1.153777
v 1.359505 0.842396 1.772919
v 1.362154 0.846616 1.704815
v 1.359863 0.841517 1.633908
v 1.349402 0.820170 1.573437
v 1.359392 0.838966 1.512165
v 1.360348 0.840069 1.440490
v 1.357537 0.829588 1.371540
v 1.341502 0.804546 1.320363
v 1.356601 0.827906 1.269145
v 1.362276 0.835401 1.205568
v 1.364728 0.829758 1.142905
v 1.339876 0.769400 1.079645
v 1.325478 0.740869 1.078381
v 1.324345 0.738351 1.172204
v 1.323497 0.738208 1.332784
v 1.325951 0.744940 1.462304
v 1.324682 0.742878 1.604822
v 1.315776 0.736453 1.844022
v 1.330448 0.770419 1.844836
v 1.069851 0.311205 1.735362
v 1.327530 0.754165 1.758000
v 1.261683 0.628080 1.767969
v 1.253940 0.615294 1.797315
v 1.298410 0.599895 1.802067
v 1.342790 0.600691 1.797750
v 1.382160 0.625435 1.798470
v 1.408893 0.702661 1.802294
v 1.389214 0.780186 1.820514
v 1.347187 0.813836 1.828054
v 1.288954 0.828043 1.828633
v 1.227197 0.820395 1.825031
v 1.044985 0.661517 1.782554
v 1.019423 0.359161 1.762166
v 1.017895 0.307417 1.770816
v 1.077440 0.455844 1.179083
v 1.126065 0.563128 1.172109
v 1.175051 0.643742 1.174626
v 1.207540 0.696210 1.163741
v 1.243756 0.731152 1.162077
v 1.302445 0.741950 1.172114
v 1.341720 0.730507 1.172274
v 1.370324 0.711629 1.166327
v 1.372232 0.650564 1.164310
v 1.333198 0.622073 1.159810
v 1.301370 0.607695 1.163346
v 1.250483 0.609403 1.100389
v 1.296652 0.593748 1.108785
v 1.343894 0.599400 1.113655
v 1.385587 0.621485 1.114305
v 1.414677 0.694440 1.113627
v 1.394626 0.768958 1.104326
v 1.353821 0.802261 1.099622
v 1.295001 0.814417 1.098586
v 1.235235 0.812255 1.094477
v 1.135096 0.773357 1.093097
v 1.066248 0.679612 1.092917
v 1.025886 0.583261 1.097037
v 1.011347 0.472534 1.106814
v 1.009128 0.360967 1.104003
v 0.999570 0.322780 1.098205
v 1.034848 0.405910 1.060882
v 1.068115 0.405755 1.057540
v 1.069173 0.388714 1.175010
v 1.064510 0.387347 1.325855
v 1.070384 0.388305 1.455978
v 1.071242 0.386470 1.595542
v 1.070429 0.388352 1.724677
v 1.067548 0.395977 1.839854
v 1.037799 0.396688 1.833616
v 1.011832 0.416360 1.108313
v 1.054665 0.525761 1.064986
v 1.097659 0.518649 1.066016
v 1.097980 0.514052 1.176372
v 1.100957 0.513321 1.329152
v 1.097241 0.516014 1.459230
v 1.101190 0.514789 1.598122
v 1.096260 0.516850 1.726427
v 1.089333 0.520239 1.840293
v 1.046075 0.531291 1.835015
v 1.014943 0.536718 1.100810
v 1.047451 0.641490 1.094763
v 1.082285 0.632225 1.835250
v 1.133743 0.603405 1.839720
v 1.145543 0.607303 1.725924
v 1.155160 0.603137 1.595377
v 1.150507 0.608729 1.458978
v 1.157584 0.606196 1.329251
v 1.152934 0.606544 1.171716
v 1.148236 0.612200 1.070917
v 1.098644 0.622729 1.072895
v 1.095610 0.730471 1.093595
v 1.146260 0.700636 1.073464
v 1.188559 0.676830 1.074421
v 1.191799 0.672932 1.166030
v 1.199418 0.666567 1.332256
v 1.192884 0.670704 1.461029
v 1.199525 0.663149 1.598105
v 1.188778 0.671590 1.731772
v 1.184216 0.669140 1.838179
v 1.130014 0.707656 1.836114
v 1.080247 0.732515 1.776157
v 1.063781 0.736468 1.678359
v 1.074133 0.719295 1.587000
v 1.059722 0.728559 1.500146
v 1.061485 0.730909 1.410218
v 1.079784 0.717390 1.327999
v 1.069763 0.723890 1.245605
v 1.067831 0.736233 1.160572
v 1.173846 0.804749 1.323820
v 1.165826 0.830290 1.383981
v 1.165752 0.832896 1.436310
v 1.165899 0.826259 1.509616
v 1.179167 0.798478 1.577972
v 1.169917 0.823228 1.644887
v 1.168337 0.826642 1.696838
v 1.167253 0.820299 1.767056
v 1.174957 0.797729 1.820385
v 1.198638 0.757536 1.841423
v 1.231583 0.722164 1.840223
v 1.224703 0.716362 1.754107
v 1.233411 0.702049 1.604208
v 1.228652 0.711967 1.463633
v 1.232669 0.708280 1.332812
v 1.226931 0.711439 1.169134
v 1.221369 0.716964 1.075335
v 1.205362 0.755946 1.075720
v 1.181742 0.798798 1.091324
v 1.164928 0.828778 1.141492
v 1.163663 0.830660 1.192529
v 1.165431 0.821199 1.259996
v 1.388685 0.718364 1.083986
v 1.365338 0.705676 1.085337
v 1.359912 0.719404 1.169639
v 1.355946 0.717749 1.334648
v 1.366939 0.728771 1.463798
v 1.364762 0.728556 1.605416
v 1.365446 0.731980 1.757960
v 1.357981 0.717356 1.844669
v 1.383407 0.724772 1.841372
v 1.406593 0.740050 1.810220
v 1.422467 0.749386 1.759733
v 1.429364 0.751256 1.700858
v 1.422917 0.753943 1.634388
v 1.410485 0.752548 1.572085
v 1.431251 0.757472 1.510334
v 1.432450 0.755724 1.441405
v 1.421195 0.749790 1.376273
v 1.402347 0.740546 1.320662
v 1.425288 0.744493 1.267765
v 1.433865 0.743014 1.208162
v 1.427880 0.738986 1.152852
v 1.411992 0.730884 1.109689
v 1.389532 0.655868 1.085057
v 1.370799 0.655480 1.079476
v 1.371463 0.676404 1.165129
v 1.370971 0.677006 1.332808
v 1.379302 0.679728 1.462889
v 1.378092 0.674988 1.590911
v 1.382622 0.674050 1.719437
v 1.372537 0.663006 1.843631
v 1.388821 0.663820 1.839079
v 1.403476 0.663176 1.799938
v 1.412413 0.663509 1.749398
v 1.418208 0.664607 1.693202
v 1.415621 0.667279 1.632472
v 1.406840 0.671548 1.572099
v 1.422218 0.665623 1.508218
v 1.425638 0.664365 1.440267
v 1.419857 0.667137 1.374172
v 1.404804 0.668558 1.316055
v 1.418250 0.663405 1.261130
v 1.421140 0.659764 1.206368
v 1.418145 0.658827 1.155745
v 1.407413 0.656094 1.114699
v 0.947392 0.272925 1.055635
v 0.947204 0.218819 1.838589
v 0.947339 0.275632 1.831193
v 0.947399 0.311299 1.715105
v 0.947282 0.278825 1.577646
v 0.947444 0.312135 1.454866
v 0.947339 0.279192 1.315569
v 0.947168 0.320837 1.098260
v 0.834469 0.277319 1.830600
v 0.834542 0.313195 1.714957
v 0.834415 0.280905 1.579392
v 0.834539 0.314078 1.455005
v 0.834462 0.281045 1.315562
v 0.833925 0.316701 1.238448
v 0.834522 0.317589 1.099112
v 0.834514 0.276735 1.056612
v 0.580795 0.281032 1.828577
v 0.580662 0.315848 1.714928
v 0.580615 0.282630 1.580705
v 0.580599 0.314371 1.455084
v 0.580702 0.281115 1.315557
v 0.580624 0.318991 1.238915
v 0.580745 0.320399 1.101133
v 0.327178 0.214966 1.053928
v 0.580848 0.284236 1.059011
v 0.327123 0.279360 1.829365
v 0.327047 0.313484 1.714888
v 0.327040 0.280968 1.579086
v 0.327014 0.314372 1.454987
v 0.327102 0.282185 1.315522
v 0.327156 0.284791 1.060694
v 0.188886 0.283717 1.058121
v 0.188850 0.286158 1.823077
v 0.188969 0.313485 1.714878
v 0.188928 0.280749 1.578434
v 0.188921 0.314373 1.454914
v 0.189002 0.281125 1.315556
v 0.188802 0.319832 1.238268
v 0.188815 0.324309 1.100523
v 1.066953 0.311760 1.162908
v 1.070100 0.220265 1.591977
v 1.069684 0.224458 1.450687
v 1.065980 0.221395 1.317306
v 1.069893 0.217901 1.729774
v 1.067989 0.220213 1.145632
v 0.947405 0.214966 1.053928
v 0.947255 0.222690 1.393066
v 0.947260 0.217681 1.692660
v 0.947264 0.218181 1.129922
v 0.834426 0.215285 1.063069
v 0.611520 0.222690 1.393066
v 0.611898 0.217681 1.692660
v 0.612191 0.218181 1.129922
v 0.459392 0.221351 1.840370
v 0.580908 0.215038 1.058544
v 0.327239 0.221836 1.840845
v 0.188913 0.220707 1.840225
v 0.188976 0.215670 1.054316
v 0.070000 0.221004 1.840481
v 0.070000 0.222690 1.393066
v 0.070000 0.217681 1.692660
v 0.070000 0.218181 1.129922
v 0.326987 0.318760 1.101524
v 0.327033 0.320376 1.239107
v 0.459106 0.214921 1.056207
v 0.459089 0.284313 1.061222
v 0.459017 0.317690 1.101751
v 0.458972 0.321881 1.239047
v 0.459031 0.282970 1.315500
v 0.458923 0.314371 1.455079
v 0.458971 0.282008 1.580186
v 0.458986 0.314290 1.714928
v 0.459060 0.280217 1.828961
v 0.711376 0.212695 1.058749
v 0.711372 0.280371 1.057599
v 0.711372 0.318869 1.099730
v 0.711262 0.317359 1.238556
v 0.711299 0.280880 1.315562
v 0.711279 0.314371 1.455066
v 0.711293 0.282299 1.580433
v 0.711293 0.314349 1.714904
v 0.711356 0.279016 1.829676
v 0.711324 0.220150 1.839526
v 0.834628 0.310447 1.382270
v 0.580716 0.310740 1.382259
v 0.327015 0.310762 1.382425
v 0.188903 0.310748 1.382313
v 0.459017 0.310787 1.382613
v 0.711284 0.310729 1.382172
v 0.834707 0.309934 1.644166
v 0.580608 0.310946 1.644954
v 0.327021 0.310192 1.643904
v 0.188942 0.310143 1.643539
v 0.458905 0.310305 1.644586
v 0.711394 0.310350 1.644842
v 0.834666 0.309136 1.520218
v 0.580599 0.309356 1.520669
v 0.326997 0.309436 1.520176
v 0.188840 0.309493 1.519824
v 0.458910 0.309376 1.520546
v 0.711332 0.309368 1.520596
v 0.070000 0.330568 1.159535
v 0.834936 0.325351 1.159567
v 0.580798 0.329445 1.159560
v 0.188895 0.330334 1.159587
v 0.327078 0.329034 1.159596
v 0.458998 0.328903 1.159596
v 0.711446 0.327682 1.159337
v 0.070000 0.308182 1.769616
v 0.834712 0.306605 1.776272
v 0.580726 0.310594 1.775473
v 0.327165 0.307103 1.775172
v 0.189005 0.307911 1.771081
v 0.458950 0.308610 1.775392
v 0.711470 0.308580 1.775897
v 0.945426 0.326928 1.156793
v 0.945008 0.314267 1.242302
v 0.946560 0.307832 1.377244
v 0.946979 0.308397 1.512148
v 0.946607 0.306688 1.635469
v 0.946625 0.304798 1.776852
v 0.070000 0.311319 1.087145
v 0.070000 0.310599 1.744684
v 0.070000 0.323692 1.108887
v 0.070000 0.327047 1.184043
v -1.153570 0.601139 1.077798
v -1.156651 0.593748 1.108785
v -1.110483 0.609403 1.100389
v -1.112617 0.610512 1.078335
v -1.235689 0.629615 1.084095
v -1.249532 0.655868 1.085057
v -1.267413 0.656094 1.114699
v -1.245587 0.621485 1.114305
v -1.021950 0.738519 1.838124
v -1.058638 0.757536 1.841423
v -1.034957 0.797729 1.820385
v -0.989730 0.785513 1.782602
v -0.920069 0.575657 1.835539
v -0.942285 0.632225 1.835250
v -0.904985 0.661517 1.782554
v -0.877610 0.556462 1.782299
v -1.101653 0.775369 1.843689
v -1.147102 0.780017 1.844746
v -1.148954 0.828043 1.828633
v -1.087196 0.820395 1.825031
v -1.223297 0.751475 1.843633
v -1.243407 0.724772 1.841372
v -1.266593 0.740050 1.810220
v -1.249214 0.780186 1.820514
v -0.894192 0.278934 1.831268
v -0.898436 0.335080 1.832220
v -0.879423 0.359161 1.762166
v -0.877896 0.307417 1.770816
v -0.892707 0.462780 1.832233
v -0.906075 0.531291 1.835015
v -0.871881 0.444412 1.779847
v -1.193412 0.604777 1.839869
v -1.158341 0.601865 1.841571
v -1.158410 0.599895 1.802067
v -1.202790 0.600691 1.797750
v -0.806625 0.304798 1.776852
v -0.807339 0.275632 1.831193
v -1.232088 0.629074 1.838281
v -1.242160 0.625435 1.798470
v -0.897799 0.396688 1.833616
v -1.114641 0.615925 1.076761
v -1.151334 0.606396 1.076690
v -1.118193 0.615147 1.837974
v -1.158456 0.606975 1.842891
v -1.122851 0.619470 1.841233
v -1.115952 0.619952 1.175291
v -1.253160 0.688313 1.086329
v -1.230799 0.655480 1.079476
v -1.230795 0.679741 1.081231
v -1.248821 0.663820 1.839079
v -1.232537 0.663006 1.843631
v -1.223191 0.639809 1.843821
v -0.980000 0.662789 1.072952
v -1.006260 0.700636 1.073464
v -1.048559 0.676830 1.074421
v -1.028448 0.643996 1.074095
v -1.091583 0.722164 1.840223
v -1.112319 0.738043 1.843243
v -0.935669 0.576186 1.068846
v -0.958644 0.622729 1.072895
v -1.008235 0.612200 1.070917
v -0.983957 0.570549 1.068363
v -0.962715 0.668156 1.835776
v -0.993743 0.603405 1.839720
v -1.018555 0.639817 1.839390
v -1.108440 0.774011 1.076478
v -1.156238 0.779235 1.078057
v -1.156508 0.744388 1.076407
v -1.119227 0.738564 1.077310
v -1.139748 0.740552 1.843702
v -1.199876 0.769400 1.079645
v -1.185478 0.740869 1.078381
v -1.250907 0.697910 1.838257
v -1.217981 0.717356 1.844669
v -1.230247 0.693370 1.844546
v -0.925680 0.218607 1.838406
v -0.926225 0.330477 1.838712
v -0.893204 0.271767 1.056407
v -0.893907 0.343301 1.060398
v -0.928244 0.332766 1.053851
v -0.929357 0.214910 1.053838
v -0.949333 0.520239 1.840293
v -0.969128 0.559061 1.839585
v -0.898524 0.468405 1.062394
v -0.914665 0.525761 1.064986
v -0.957659 0.518649 1.066016
v -0.935379 0.464416 1.063736
v -1.194263 0.615906 1.843304
v -1.196625 0.606002 1.083143
v -1.191232 0.617030 1.077781
v -0.048913 0.220707 1.840225
v -0.048850 0.286158 1.823077
v -0.807405 0.214966 1.053928
v -0.807392 0.272925 1.055635
v -1.218905 0.634086 1.078489
v -0.894848 0.405910 1.060882
v -0.928115 0.405755 1.057540
v -0.927548 0.395977 1.839854
v -0.931308 0.461931 1.840484
v -1.033417 0.731408 1.074723
v -0.955610 0.730471 1.093595
v -0.995096 0.773357 1.093097
v -1.065362 0.755946 1.075720
v -1.081369 0.716964 1.075335
v -1.065056 0.699352 1.075217
v -0.990014 0.707656 1.836114
v -1.044216 0.669140 1.838179
v -1.065553 0.696635 1.839673
v -1.231303 0.746394 1.082035
v -1.213821 0.802261 1.099622
v -1.254626 0.768958 1.104326
v -1.248685 0.718364 1.083986
v -1.225338 0.705676 1.085337
v -1.210099 0.725124 1.082136
v -1.190447 0.770419 1.844836
v -1.175776 0.736453 1.844022
v -1.202266 0.729653 1.845052
v -0.926953 0.311760 1.162908
v -0.927989 0.220213 1.145632
v -1.086931 0.711439 1.169134
v -1.067540 0.696210 1.163741
v -1.051799 0.672932 1.166030
v -1.035051 0.643742 1.174626
v -1.012934 0.606544 1.171716
v -0.986065 0.563128 1.172109
v -0.957980 0.514052 1.176372
v -0.937439 0.455844 1.179083
v -0.929174 0.388714 1.175010
v -1.162445 0.741950 1.172114
v -1.103756 0.731152 1.162077
v -1.184345 0.738351 1.172204
v -1.219912 0.719404 1.169639
v -1.201719 0.730507 1.172274
v -1.231463 0.676404 1.165129
v -1.230324 0.711629 1.166327
v -1.193198 0.622073 1.159810
v -1.232232 0.650564 1.164310
v -1.161370 0.607695 1.163346
v -1.161213 0.593871 1.308032
v -1.162597 0.596057 1.367488
v -1.115859 0.612233 1.362004
v -1.115014 0.611876 1.303198
v -1.267328 0.704127 1.319139
v -1.286000 0.706040 1.375856
v -1.279857 0.667137 1.374172
v -1.264804 0.668558 1.316055
v -1.089416 0.816506 1.321985
v -1.084157 0.841953 1.265707
v -1.025431 0.821199 1.259996
v -1.033846 0.804749 1.323820
v -1.146727 0.817253 1.320908
v -1.150732 0.848757 1.269346
v -1.289058 0.701529 1.265607
v -1.285288 0.744493 1.267765
v -1.262347 0.740546 1.320662
v -0.870553 0.366658 1.320283
v -0.873492 0.370974 1.242362
v -0.873520 0.312961 1.242842
v -0.879351 0.281938 1.314659
v -1.159539 0.592837 1.249633
v -1.210005 0.600361 1.255192
v -1.209974 0.601672 1.312036
v -1.253384 0.626656 1.257107
v -1.248284 0.629767 1.313902
v -1.121789 0.625454 1.318311
v -0.905149 0.641116 1.326653
v -0.890524 0.648504 1.409277
v -0.921485 0.730909 1.410218
v -0.939784 0.717390 1.327999
v -1.151552 0.851030 1.372047
v -1.217537 0.829588 1.371540
v -1.201502 0.804546 1.320363
v -1.092468 0.821520 1.574647
v -1.086206 0.848647 1.511810
v -1.025899 0.826259 1.509616
v -1.039167 0.798478 1.577972
v -1.150623 0.829539 1.573538
v -1.152277 0.854231 1.512198
v -1.271435 0.709972 1.571726
v -1.292320 0.708193 1.509443
v -1.291251 0.757472 1.510334
v -1.270486 0.752548 1.572085
v -0.870561 0.360649 1.576146
v -0.874015 0.367800 1.489411
v -0.878921 0.312802 1.495157
v -0.879958 0.287339 1.575732
v -1.163573 0.597977 1.569320
v -1.164026 0.596108 1.498917
v -1.214412 0.600997 1.503171
v -1.212187 0.605859 1.569515
v -0.806979 0.308397 1.512148
v -0.807282 0.278825 1.577646
v -1.258126 0.626180 1.506252
v -1.251413 0.632757 1.570886
v -1.162069 0.599031 1.637387
v -1.116412 0.614577 1.637501
v -1.117499 0.614837 1.573277
v -1.282659 0.708986 1.633317
v -1.275621 0.667279 1.632472
v -1.266840 0.671548 1.572099
v -1.123886 0.627446 1.623548
v -0.894733 0.643572 1.586278
v -0.883439 0.655469 1.679085
v -0.923781 0.736468 1.678359
v -0.934133 0.719295 1.587000
v -1.151616 0.853804 1.634130
v -1.219863 0.841517 1.633908
v -1.209402 0.820170 1.573437
v -1.085083 0.850759 1.700875
v -1.086930 0.845178 1.636550
v -1.029917 0.823228 1.644887
v -1.028337 0.826642 1.696838
v -1.151591 0.860812 1.702960
v -1.288407 0.706980 1.695345
v -1.282917 0.753943 1.634388
v -1.289364 0.751256 1.700858
v -0.876394 0.352401 1.665580
v -0.876694 0.307592 1.632975
v -0.879597 0.314775 1.694979
v -1.161216 0.600322 1.701303
v -1.211208 0.606140 1.633633
v -1.209112 0.605742 1.693893
v -1.252184 0.630248 1.632552
v -1.251126 0.629046 1.693176
v -1.159610 0.599940 1.743942
v -1.114488 0.616645 1.724288
v -1.282013 0.705359 1.752690
v -1.272413 0.663509 1.749398
v -1.278208 0.664607 1.693202
v -0.940247 0.732515 1.776157
v -1.150637 0.858389 1.772153
v -1.219505 0.842396 1.772919
v -1.222154 0.846616 1.704815
v -1.163935 0.595971 1.434327
v -1.116849 0.612931 1.491692
v -1.117731 0.611803 1.435151
v -1.295589 0.707277 1.441136
v -1.282218 0.665623 1.508218
v -1.285638 0.664365 1.440267
v -1.125691 0.627201 1.492591
v -0.887947 0.647129 1.497224
v -0.919722 0.728559 1.500146
v -1.152592 0.858605 1.440922
v -1.219392 0.838966 1.512165
v -1.220348 0.840069 1.440490
v -1.085323 0.854535 1.441168
v -1.085411 0.848962 1.375920
v -1.025826 0.830290 1.383981
v -1.025752 0.832896 1.436310
v -1.281195 0.749790 1.376273
v -1.292450 0.755724 1.441405
v -1.212497 0.601370 1.372159
v -1.214108 0.600728 1.436947
v -1.256015 0.626647 1.373340
v -1.258454 0.625153 1.438925
v -1.158905 0.591524 1.196832
v -1.109615 0.609090 1.238661
v -1.108819 0.608610 1.188207
v -1.294280 0.699013 1.208125
v -1.278250 0.663405 1.261130
v -1.281140 0.659764 1.206368
v -0.893601 0.658049 1.145331
v -0.892938 0.647160 1.240153
v -0.929763 0.723890 1.245605
v -0.927831 0.736233 1.160572
v -1.152818 0.854915 1.203937
v -1.216601 0.827906 1.269145
v -1.222276 0.835401 1.205568
v -1.080846 0.848066 1.201033
v -1.081852 0.842055 1.137688
v -1.024928 0.828778 1.141492
v -1.023663 0.830660 1.192529
v -1.154897 0.843823 1.141018
v -1.287764 0.696863 1.155982
v -1.287880 0.738986 1.152852
v -1.293865 0.743014 1.208162
v -1.157743 0.591087 1.150297
v -1.208101 0.597992 1.154417
v -1.209465 0.599187 1.202341
v -0.805008 0.314267 1.242302
v -0.807339 0.279192 1.315569
v -1.253171 0.620793 1.154966
v -1.254658 0.623906 1.203195
v -1.083334 0.846704 1.768245
v -1.027252 0.820299 1.767056
v -1.282467 0.749386 1.759733
v -1.205875 0.604278 1.745929
v -1.246271 0.627662 1.747718
v -1.113940 0.615294 1.797315
v -1.268893 0.702661 1.802294
v -1.263476 0.663176 1.799938
v -1.121683 0.628080 1.767969
v -1.207186 0.813836 1.828054
v -1.110225 0.718119 1.605422
v -1.106789 0.739042 1.756761
v -1.084703 0.716362 1.754107
v -1.093411 0.702049 1.604208
v -1.076918 0.687284 1.603097
v -1.066880 0.695146 1.748202
v -1.048778 0.671590 1.731772
v -1.059525 0.663149 1.598105
v -1.041793 0.639035 1.595944
v -1.030511 0.646041 1.726086
v -1.005543 0.607303 1.725924
v -1.015160 0.603137 1.595377
v -0.986968 0.561275 1.596039
v -0.980588 0.564339 1.730461
v -0.956260 0.516850 1.726427
v -0.961189 0.514789 1.598122
v -0.940027 0.455460 1.598918
v -0.937675 0.459458 1.724489
v -0.930429 0.388352 1.724677
v -0.931242 0.386470 1.595542
v -1.170564 0.746503 1.604679
v -1.168097 0.757680 1.757927
v -1.201904 0.738456 1.604997
v -1.207658 0.749449 1.757535
v -1.187530 0.754165 1.758000
v -1.184682 0.742878 1.604822
v -1.237483 0.718206 1.605416
v -1.242206 0.714049 1.742992
v -1.225447 0.731980 1.757960
v -1.224762 0.728556 1.605416
v -1.224920 0.653536 1.610994
v -1.222767 0.651004 1.759527
v -1.242622 0.674050 1.719437
v -1.238092 0.674988 1.590911
v -1.205098 0.636450 1.607399
v -1.201572 0.634084 1.752886
v -1.164144 0.618488 1.601048
v -1.164699 0.619341 1.741934
v -0.874016 0.368332 1.401882
v -0.875090 0.309896 1.398558
v -1.112217 0.733342 1.462924
v -1.088652 0.711967 1.463633
v -1.071135 0.691701 1.462073
v -1.052883 0.670704 1.461029
v -1.033705 0.644372 1.460957
v -1.010507 0.608729 1.458978
v -0.983583 0.564840 1.458537
v -0.957241 0.516014 1.459230
v -0.937467 0.456487 1.458152
v -0.930384 0.388305 1.455978
v -1.170751 0.747926 1.461341
v -1.204201 0.741446 1.463671
v -1.185951 0.744940 1.462304
v -1.241448 0.719310 1.465431
v -1.226939 0.728771 1.463798
v -1.236184 0.649292 1.463089
v -1.239302 0.679728 1.462889
v -1.209450 0.631141 1.463813
v -1.162884 0.615782 1.494371
v -1.106912 0.731821 1.332017
v -1.092669 0.708280 1.332812
v -1.075772 0.688023 1.333163
v -1.059418 0.666567 1.332256
v -1.042762 0.643515 1.330159
v -1.017584 0.606196 1.329251
v -0.990516 0.560703 1.328339
v -0.960957 0.513321 1.329152
v -0.936430 0.456007 1.327912
v -0.924510 0.387347 1.325855
v -1.171362 0.745919 1.331319
v -1.198300 0.728802 1.334571
v -1.183497 0.738208 1.332784
v -1.226502 0.711138 1.334695
v -1.215946 0.717749 1.334648
v -1.228716 0.651931 1.330706
v -1.230971 0.677006 1.332808
v -1.200384 0.629526 1.314942
v -1.160997 0.613088 1.312764
v -0.869098 0.368851 1.166042
v -0.864194 0.331905 1.161113
v -1.108833 0.606862 1.142614
v -1.278146 0.658827 1.155745
v -1.224728 0.829758 1.142905
v -1.095235 0.812255 1.094477
v -1.041741 0.798798 1.091324
v -0.926248 0.679612 1.092917
v -0.907451 0.641490 1.094763
v -1.155001 0.814417 1.098586
v -1.274677 0.694440 1.113627
v -1.271992 0.730884 1.109689
v -0.869128 0.360967 1.104003
v -0.859570 0.322780 1.098205
v -0.868855 0.559132 1.146818
v -0.885886 0.583261 1.097037
v -0.874943 0.536718 1.100810
v -1.203894 0.599400 1.113655
v -0.867223 0.454520 1.153777
v -0.871347 0.472534 1.106814
v -0.871832 0.416360 1.108313
v -1.257322 0.793153 1.374947
v -1.239516 0.775231 1.320794
v -1.265377 0.802652 1.634280
v -1.251864 0.793434 1.572670
v -1.266720 0.798396 1.767680
v -1.271519 0.803139 1.703116
v -1.266248 0.804326 1.510777
v -1.265768 0.801842 1.441078
v -1.259583 0.787290 1.268111
v -1.268022 0.790336 1.207348
v -1.268810 0.787165 1.148476
v -0.929893 0.217901 1.729774
v -0.807204 0.218819 1.838589
v -0.807260 0.217681 1.692660
v -0.929851 0.311205 1.735362
v -0.807168 0.320837 1.098260
v -0.865298 0.457547 1.240064
v -0.865868 0.456671 1.323035
v -0.864741 0.455794 1.492134
v -0.862974 0.451432 1.580152
v -0.864559 0.449656 1.675754
v -0.930000 0.310481 1.592710
v -0.865629 0.456443 1.405933
v -0.929728 0.312416 1.452364
v -0.922579 0.311770 1.318580
v -0.871656 0.553316 1.238824
v -0.878535 0.549541 1.324999
v -0.870207 0.550860 1.494131
v -0.871791 0.550887 1.582760
v -0.867171 0.553241 1.678271
v -0.872728 0.551281 1.407643
v -0.979021 0.799204 1.410860
v -0.985105 0.772754 1.328419
v -0.984173 0.796439 1.676207
v -0.986440 0.770756 1.585561
v -0.971217 0.788857 1.503052
v -0.976801 0.783126 1.250962
v -0.980373 0.800798 1.165889
v -0.807399 0.311299 1.715105
v -0.694542 0.313195 1.714957
v -0.694712 0.306605 1.776272
v -0.694426 0.215285 1.063069
v -0.694514 0.276735 1.056612
v -0.807444 0.312135 1.454866
v -0.694539 0.314078 1.455005
v -0.694666 0.309136 1.520218
v -0.694415 0.280905 1.579392
v -0.694707 0.309934 1.644166
v -0.806607 0.306688 1.635469
v -0.694462 0.281045 1.315562
v -0.694628 0.310447 1.382270
v -0.806560 0.307832 1.377244
v -0.694522 0.317589 1.099112
v -0.571293 0.314349 1.714904
v -0.571470 0.308580 1.775897
v -0.571376 0.212695 1.058749
v -0.571372 0.280371 1.057599
v -0.693925 0.316701 1.238448
v -0.571262 0.317359 1.238556
v -0.571299 0.280880 1.315562
v -0.571279 0.314371 1.455066
v -0.571332 0.309368 1.520596
v -0.571293 0.282299 1.580433
v -0.571394 0.310350 1.644842
v -0.571284 0.310729 1.382172
v -0.571372 0.318869 1.099730
v -0.571446 0.327682 1.159337
v -0.694936 0.325351 1.159567
v -0.440662 0.315848 1.714928
v -0.318986 0.314290 1.714928
v -0.318950 0.308610 1.775392
v -0.440726 0.310594 1.775473
v -0.440624 0.318991 1.238915
v -0.318972 0.321881 1.239047
v -0.319031 0.282970 1.315500
v -0.440702 0.281115 1.315557
v -0.440599 0.314371 1.455084
v -0.318923 0.314371 1.455079
v -0.318910 0.309376 1.520546
v -0.440599 0.309356 1.520669
v -0.440615 0.282630 1.580705
v -0.318971 0.282008 1.580186
v -0.318905 0.310305 1.644586
v -0.440608 0.310946 1.644954
v -0.319017 0.310787 1.382613
v -0.440716 0.310740 1.382259
v -0.187239 0.221836 1.840845
v -0.319392 0.221351 1.840370
v -0.319060 0.280217 1.828961
v -0.187123 0.279360 1.829365
v -0.187047 0.313484 1.714888
v -0.048969 0.313485 1.714878
v -0.049005 0.307911 1.771081
v -0.187165 0.307103 1.775172
v -0.187178 0.214966 1.053928
v -0.048976 0.215670 1.054316
v -0.048886 0.283717 1.058121
v -0.187156 0.284791 1.060694
v -0.048815 0.324309 1.100523
v -0.186987 0.318760 1.101524
v -0.187014 0.314372 1.454987
v -0.048921 0.314373 1.454914
v -0.048840 0.309493 1.519824
v -0.186997 0.309436 1.520176
v -0.187040 0.280968 1.579086
v -0.048928 0.280749 1.578434
v -0.048942 0.310143 1.643539
v -0.187021 0.310192 1.643904
v -0.187102 0.282185 1.315522
v -0.049002 0.281125 1.315556
v -0.048903 0.310748 1.382313
v -0.187015 0.310762 1.382425
v 0.070000 0.313483 1.714931
v -0.048802 0.319832 1.238268
v 0.070000 0.319318 1.237834
v 0.070000 0.281725 1.315363
v 0.070000 0.314372 1.454941
v 0.070000 0.309407 1.520359
v 0.070000 0.280872 1.578915
v 0.070000 0.310178 1.643799
v 0.070000 0.310743 1.382280
v 0.070000 0.322630 1.101069
v -0.048895 0.330334 1.159587
v -0.930100 0.220265 1.591977
v -0.929684 0.224458 1.450687
v -0.925980 0.221395 1.317306
v -0.807264 0.218181 1.129922
v -0.807255 0.222690 1.393066
v -0.571324 0.220150 1.839526
v -0.471898 0.217681 1.692660
v -0.472191 0.218181 1.129922
v -0.471520 0.222690 1.393066
v -0.440908 0.215038 1.058544
v -0.319106 0.214921 1.056207
v -0.319089 0.284313 1.061222
v -0.440848 0.284236 1.059011
v -0.440745 0.320399 1.101133
v -0.319017 0.317690 1.101751
v -0.187078 0.329034 1.159596
v -0.187033 0.320376 1.239107
v -0.440798 0.329445 1.159560
v -0.318998 0.328903 1.159596
v -0.440795 0.281032 1.828577
v -0.571356 0.279016 1.829676
v -0.694469 0.277319 1.830600
v -0.805426 0.326928 1.156793
v 1.104230 0.083351 1.074767
v 1.192558 0.083535 1.074803
v 1.191317 0.083240 1.160643
v 1.104614 0.084497 1.161629
v 1.186573 0.000642 1.118202
v 1.148174 0.000660 1.152947
v 1.148559 0.031948 1.170288
v 1.148368 0.031900 1.065621
v 1.198995 0.031952 1.118229
v 1.094167 0.032063 1.119373
v 1.148378 0.056043 1.182061
v 1.148294 0.056891 1.056690
v 1.211144 0.056771 1.118229
v 1.084723 0.056652 1.118348
v 1.148736 0.092456 1.181290
v 1.148416 0.092645 1.055135
v 1.208735 0.092627 1.118105
v 1.087712 0.093019 1.118303
v 1.100056 0.012227 1.118301
v 1.148369 0.012797 1.071444
v 1.195889 0.012796 1.118302
v 1.148369 0.014725 1.162438
v 1.109407 0.000632 1.118323
v 1.148377 0.000628 1.079795
v 1.177072 0.000630 1.090012
v 1.174085 0.000663 1.143304
v 1.120418 0.000649 1.145685
v 1.184061 0.031994 1.153213
v 1.109647 0.031862 1.153830
v 1.186144 0.031950 1.081137
v 1.108345 0.031894 1.078823
v 1.191929 0.057608 1.161229
v 1.148409 0.083890 1.181646
v 1.103892 0.057204 1.162012
v 1.192363 0.057220 1.075035
v 1.103466 0.056986 1.073982
v 1.148297 0.084079 1.054335
v 1.210495 0.083698 1.118297
v 1.084541 0.083733 1.116464
v 1.191416 0.093132 1.160850
v 1.103887 0.093019 1.162197
v 1.190715 0.093070 1.075796
v 1.103393 0.092927 1.073921
v 1.113744 0.013096 1.084162
v 1.113487 0.012826 1.152700
v 1.183708 0.012354 1.083456
v 1.180874 0.015328 1.150293
v 1.120006 0.000636 1.090349
v 1.189351 0.098730 1.076116
v 1.104688 0.098723 1.074473
v 1.190422 0.098382 1.160381
v 1.108060 0.027048 1.078392
v 1.107938 0.026493 1.158081
v 1.188797 0.026913 1.078563
v 1.106233 0.097704 1.161246
v 1.173954 0.084149 1.177212
v 1.123190 0.084119 1.175929
v 1.122221 0.084372 1.057898
v 1.173204 0.083986 1.061655
v 1.205746 0.083800 1.093909
v 1.206071 0.083911 1.142822
v 1.090110 0.083896 1.143019
v 1.088281 0.083270 1.094155
v 1.186478 0.026873 1.155107
v 1.147948 0.099121 1.056307
v 1.207214 0.098898 1.118160
v 1.092057 0.026616 1.118421
v 1.148160 0.025831 1.064310
v 1.087881 0.098270 1.118974
v 1.184781 0.000631 1.102858
v 1.182539 0.000656 1.132640
v 1.162357 0.000661 1.149837
v 1.133373 0.000658 1.151863
v 1.167495 0.032009 1.161188
v 1.128910 0.031824 1.163437
v 1.168993 0.031959 1.071500
v 1.127705 0.031946 1.071216
v 1.194078 0.031959 1.137835
v 1.197172 0.031939 1.097515
v 1.100659 0.031942 1.098032
v 1.098987 0.031836 1.138404
v 1.173317 0.056579 1.175603
v 1.123898 0.057067 1.174477
v 1.172471 0.057244 1.062963
v 1.123131 0.056517 1.060173
v 1.202619 0.057983 1.141249
v 1.205659 0.057100 1.094117
v 1.091963 0.057259 1.094415
v 1.090160 0.056986 1.142805
v 1.173028 0.092782 1.173660
v 1.123988 0.092156 1.173775
v 1.172601 0.092950 1.062457
v 1.123653 0.092270 1.061031
v 1.203223 0.093018 1.142247
v 1.202446 0.093007 1.095192
v 1.091582 0.093325 1.094883
v 1.091756 0.093019 1.142245
v 1.148805 0.098104 1.181011
v 1.103894 0.012716 1.099479
v 1.103067 0.012067 1.137469
v 1.167532 0.012623 1.074330
v 1.129339 0.012902 1.074695
v 1.203383 0.026657 1.118948
v 1.148569 0.026464 1.170015
v 1.193569 0.012146 1.099170
v 1.191111 0.014052 1.136516
v 1.166239 0.015348 1.158711
v 1.129765 0.013801 1.160733
v 1.112183 0.000634 1.102988
v 1.112103 0.000635 1.133658
v 1.164051 0.000629 1.082329
v 1.132764 0.000630 1.082481
v 1.172070 0.098993 1.063043
v 1.124359 0.099061 1.061023
v 1.202573 0.098644 1.142382
v 1.201953 0.098745 1.095778
v 1.097061 0.026228 1.096540
v 1.095948 0.025854 1.140489
v 1.170377 0.026592 1.068660
v 1.127346 0.025758 1.068194
v 1.092192 0.098249 1.093848
v 1.093669 0.097824 1.141764
v 1.172581 0.097661 1.174244
v 1.124431 0.097939 1.174834
v 1.200429 0.026377 1.096709
v 1.197997 0.026506 1.139058
v 1.169140 0.026342 1.164631
v 1.127504 0.026300 1.166995
v 1.148381 0.041674 1.060860
v 1.171018 0.041902 1.066684
v 1.190140 0.041708 1.077187
v 1.202025 0.041701 1.095529
v 1.204719 0.041709 1.118267
v 1.199906 0.041714 1.140245
v 1.188713 0.041737 1.157903
v 1.170146 0.041747 1.167641
v 1.148512 0.041707 1.175298
v 1.126389 0.041624 1.169181
v 1.105975 0.041649 1.158326
v 1.094602 0.041774 1.140522
v 1.090136 0.042053 1.119064
v 1.095538 0.041728 1.095903
v 1.105084 0.041670 1.075601
v 1.125564 0.041706 1.066117
v 1.196297 0.023017 1.098202
v 1.185996 0.023265 1.081442
v 1.168898 0.023075 1.072233
v 1.148196 0.022898 1.068946
v 1.128787 0.022873 1.072371
v 1.110340 0.023183 1.080735
v 1.100896 0.023005 1.098155
v 1.096352 0.023173 1.118464
v 1.100423 0.022901 1.138640
v 1.110893 0.023324 1.154831
v 1.128632 0.023217 1.163404
v 1.148424 0.023277 1.166693
v 1.167947 0.023251 1.161974
v 1.184502 0.023437 1.153235
v 1.194915 0.023179 1.137743
v 1.199449 0.023207 1.118633
v 1.124090 0.072910 1.174035
v 1.099846 0.073204 1.163834
v 1.090148 0.072481 1.142842
v 1.080453 0.073164 1.118328
v 1.088662 0.072935 1.094551
v 1.100596 0.073152 1.071131
v 1.122621 0.073361 1.058783
v 1.148231 0.073438 1.051393
v 1.172963 0.072882 1.061937
v 1.195033 0.073090 1.072501
v 1.205564 0.072491 1.094159
v 1.215275 0.073113 1.118268
v 1.205713 0.073072 1.142490
v 1.194760 0.073194 1.164045
v 1.173351 0.073395 1.176174
v 1.148432 0.073457 1.186086
v 1.147902 0.000642 1.116993
v 1.104230 0.083351 1.840148
v 1.192558 0.083535 1.840184
v 1.191317 0.083239 1.926023
v 1.104614 0.084497 1.927010
v 1.186573 0.000642 1.883583
v 1.148174 0.000660 1.918328
v 1.148559 0.031948 1.935669
v 1.148368 0.031900 1.831003
v 1.198995 0.031952 1.883610
v 1.094167 0.032063 1.884754
v 1.148378 0.056043 1.947442
v 1.148294 0.056891 1.822071
v 1.211144 0.056771 1.883610
v 1.084723 0.056652 1.883729
v 1.148736 0.092456 1.946670
v 1.148416 0.092645 1.820516
v 1.208735 0.092627 1.883486
v 1.087712 0.093019 1.883683
v 1.100056 0.012227 1.883682
v 1.148369 0.012797 1.836825
v 1.195889 0.012796 1.883683
v 1.148369 0.014725 1.927819
v 1.109407 0.000632 1.883704
v 1.148377 0.000628 1.845176
v 1.177072 0.000629 1.855394
v 1.174085 0.000663 1.908685
v 1.120418 0.000649 1.911066
v 1.184061 0.031994 1.918594
v 1.109647 0.031862 1.919212
v 1.186144 0.031950 1.846518
v 1.108345 0.031894 1.844203
v 1.191929 0.057608 1.926611
v 1.148409 0.083890 1.947027
v 1.103892 0.057204 1.927393
v 1.192363 0.057220 1.840417
v 1.103466 0.056986 1.839363
v 1.148297 0.084079 1.819716
v 1.210495 0.083698 1.883678
v 1.084541 0.083733 1.881845
v 1.191416 0.093132 1.926231
v 1.103887 0.093019 1.927579
v 1.190715 0.093070 1.841177
v 1.103393 0.092927 1.839302
v 1.113744 0.013096 1.849543
v 1.113487 0.012826 1.918082
v 1.183708 0.012354 1.848837
v 1.180874 0.015328 1.915674
v 1.120006 0.000636 1.855730
v 1.189351 0.098730 1.841497
v 1.104688 0.098723 1.839854
v 1.190422 0.098382 1.925762
v 1.108060 0.027047 1.843774
v 1.107938 0.026493 1.923462
v 1.188797 0.026913 1.843945
v 1.106233 0.097704 1.926626
v 1.173954 0.084149 1.942593
v 1.123190 0.084119 1.941310
v 1.122221 0.084372 1.823279
v 1.173204 0.083986 1.827035
v 1.205746 0.083800 1.859290
v 1.206071 0.083911 1.908204
v 1.090110 0.083896 1.908400
v 1.088281 0.083270 1.859537
v 1.186478 0.026873 1.920488
v 1.147948 0.099121 1.821688
v 1.207214 0.098898 1.883541
v 1.092057 0.026616 1.883802
v 1.148160 0.025831 1.829690
v 1.087881 0.098270 1.884355
v 1.184781 0.000631 1.868239
v 1.182539 0.000656 1.898022
v 1.162357 0.000661 1.915218
v 1.133373 0.000658 1.917244
v 1.167495 0.032009 1.926569
v 1.128910 0.031824 1.928818
v 1.168993 0.031959 1.836880
v 1.127705 0.031946 1.836597
v 1.194078 0.031959 1.903216
v 1.197172 0.031939 1.862896
v 1.100659 0.031942 1.863412
v 1.098987 0.031836 1.903786
v 1.173317 0.056578 1.940984
v 1.123898 0.057067 1.939858
v 1.172471 0.057244 1.828344
v 1.123131 0.056517 1.825555
v 1.202619 0.057983 1.906630
v 1.205659 0.057100 1.859498
v 1.091963 0.057259 1.859795
v 1.090160 0.056986 1.908187
v 1.173028 0.092782 1.939041
v 1.123988 0.092156 1.939156
v 1.172601 0.092950 1.827837
v 1.123653 0.092270 1.826412
v 1.203223 0.093018 1.907627
v 1.202446 0.093007 1.860573
v 1.091582 0.093325 1.860264
v 1.091756 0.093019 1.907626
v 1.148805 0.098104 1.946392
v 1.103894 0.012716 1.864860
v 1.103067 0.012067 1.902850
v 1.167532 0.012623 1.839711
v 1.129339 0.012902 1.840076
v 1.203383 0.026657 1.884329
v 1.148569 0.026464 1.935396
v 1.193569 0.012146 1.864551
v 1.191111 0.014052 1.901897
v 1.166239 0.015348 1.924092
v 1.129765 0.013801 1.926114
v 1.112183 0.000634 1.868370
v 1.112103 0.000635 1.899039
v 1.164051 0.000629 1.847710
v 1.132764 0.000630 1.847862
v 1.172070 0.098993 1.828423
v 1.124359 0.099061 1.826404
v 1.202573 0.098643 1.907763
v 1.201953 0.098745 1.861159
v 1.097061 0.026228 1.861921
v 1.095948 0.025854 1.905871
v 1.170377 0.026592 1.834041
v 1.127346 0.025758 1.833575
v 1.092192 0.098249 1.859229
v 1.093669 0.097824 1.907145
v 1.172581 0.097661 1.939625
v 1.124431 0.097939 1.940215
v 1.200429 0.026377 1.862090
v 1.197997 0.026506 1.904439
v 1.169140 0.026342 1.930011
v 1.127504 0.026300 1.932376
v 1.148381 0.041674 1.826241
v 1.171018 0.041902 1.832066
v 1.190140 0.041708 1.842568
v 1.202025 0.041701 1.860910
v 1.204719 0.041709 1.883648
v 1.199906 0.041714 1.905627
v 1.188713 0.041737 1.923284
v 1.170146 0.041747 1.933022
v 1.148512 0.041707 1.940679
v 1.126389 0.041624 1.934562
v 1.105975 0.041649 1.923708
v 1.094602 0.041774 1.905903
v 1.090136 0.042052 1.884445
v 1.095538 0.041728 1.861283
v 1.105084 0.041670 1.840982
v 1.125564 0.041706 1.831498
v 1.196297 0.023017 1.863583
v 1.185996 0.023265 1.846823
v 1.168898 0.023075 1.837614
v 1.148196 0.022898 1.834327
v 1.128787 0.022873 1.837752
v 1.110340 0.023183 1.846116
v 1.100896 0.023004 1.863536
v 1.096352 0.023173 1.883844
v 1.100423 0.022901 1.904022
v 1.110893 0.023324 1.920212
v 1.128632 0.023217 1.928785
v 1.148424 0.023277 1.932074
v 1.167947 0.023251 1.927355
v 1.184502 0.023437 1.918616
v 1.194915 0.023179 1.903124
v 1.199449 0.023207 1.884014
v 1.124090 0.072910 1.939416
v 1.099846 0.073204 1.929214
v 1.090148 0.072481 1.908223
v 1.080453 0.073164 1.883709
v 1.088662 0.072935 1.859932
v 1.100596 0.073152 1.836512
v 1.122621 0.073361 1.824164
v 1.148231 0.073438 1.816774
v 1.172963 0.072882 1.827317
v 1.195033 0.073090 1.837881
v 1.205564 0.072491 1.859540
v 1.215275 0.073113 1.883649
v 1.205713 0.073072 1.907870
v 1.194760 0.073194 1.929427
v 1.173351 0.073395 1.941554
v 1.148432 0.073457 1.951467
v 1.147902 0.000642 1.882375
v -1.050715 0.093070 1.075796
v -1.032601 0.092950 1.062457
v -1.032070 0.098993 1.063043
v -1.049351 0.098730 1.076116
v -1.008416 0.092645 1.055135
v -1.007948 0.099121 1.056307
v -0.983653 0.092270 1.061031
v -0.963393 0.092927 1.073921
v -0.964687 0.098723 1.074473
v -0.984359 0.099061 1.061023
v -1.051416 0.093132 1.160850
v -1.063223 0.093018 1.142247
v -1.062573 0.098644 1.142382
v -1.050422 0.098382 1.160381
v -1.068735 0.092627 1.118105
v -1.067214 0.098898 1.118160
v -1.062446 0.093007 1.095192
v -1.061953 0.098745 1.095778
v -0.968060 0.027048 1.078392
v -0.957061 0.026228 1.096540
v -0.960659 0.031942 1.098032
v -0.968345 0.031894 1.078823
v -0.970340 0.023183 1.080735
v -0.960896 0.023005 1.098155
v -0.952057 0.026616 1.118421
v -0.954167 0.032063 1.119373
v -0.956352 0.023173 1.118464
v -0.967938 0.026493 1.158081
v -0.955948 0.025854 1.140489
v -0.960423 0.022901 1.138640
v -0.970892 0.023324 1.154831
v -0.969647 0.031862 1.153830
v -0.958987 0.031836 1.138404
v -1.048797 0.026913 1.078563
v -1.030377 0.026592 1.068660
v -1.028993 0.031959 1.071500
v -1.046144 0.031950 1.081137
v -1.045995 0.023265 1.081442
v -1.028898 0.023075 1.072233
v -1.008160 0.025831 1.064310
v -1.008368 0.031900 1.065621
v -1.008195 0.022898 1.068946
v -0.987346 0.025758 1.068194
v -0.988786 0.022873 1.072371
v -0.987704 0.031946 1.071216
v -0.951582 0.093325 1.094883
v -0.952192 0.098249 1.093848
v -0.947712 0.093019 1.118303
v -0.947881 0.098270 1.118974
v -0.951756 0.093019 1.142245
v -0.963887 0.093019 1.162197
v -0.966233 0.097704 1.161246
v -0.953669 0.097824 1.141764
v -1.043708 0.012354 1.083456
v -1.053569 0.012146 1.099170
v -1.044781 0.000631 1.102858
v -1.037072 0.000630 1.090012
v -1.055889 0.012796 1.118302
v -1.046573 0.000642 1.118202
v -1.051111 0.014052 1.136516
v -1.040874 0.015328 1.150293
v -1.034085 0.000663 1.143304
v -1.042539 0.000656 1.132640
v -1.026239 0.015348 1.158711
v -1.022357 0.000661 1.149837
v -1.008369 0.014725 1.162438
v -1.008174 0.000660 1.152947
v -0.980418 0.000649 1.145685
v -0.993373 0.000658 1.151863
v -0.989765 0.013801 1.160733
v -0.973487 0.012826 1.152700
v -1.044061 0.031994 1.153213
v -1.027495 0.032009 1.161188
v -1.029139 0.026342 1.164631
v -1.046478 0.026873 1.155107
v -1.008559 0.031948 1.170288
v -1.008569 0.026464 1.170015
v -1.051929 0.057608 1.161229
v -1.033317 0.056579 1.175603
v -1.030146 0.041747 1.167641
v -1.048713 0.041737 1.157903
v -1.008378 0.056043 1.182061
v -1.008512 0.041707 1.175298
v -0.988910 0.031824 1.163437
v -0.986389 0.041624 1.169181
v -0.965975 0.041649 1.158326
v -0.987504 0.026300 1.166995
v -1.031018 0.041902 1.066684
v -1.050140 0.041708 1.077187
v -1.008381 0.041674 1.060860
v -0.963466 0.056986 1.073982
v -0.983131 0.056517 1.060173
v -0.985564 0.041706 1.066117
v -0.965084 0.041670 1.075601
v -1.008294 0.056891 1.056690
v -1.054078 0.031959 1.137835
v -1.059906 0.041714 1.140245
v -1.058995 0.031952 1.118229
v -1.064719 0.041709 1.118267
v -1.057997 0.026506 1.139058
v -1.063383 0.026657 1.118948
v -1.057172 0.031939 1.097515
v -1.060429 0.026377 1.096709
v -1.052363 0.057220 1.075035
v -1.065659 0.057100 1.094117
v -1.062025 0.041701 1.095529
v -1.071143 0.056771 1.118229
v -0.955538 0.041728 1.095903
v -0.950136 0.042053 1.119064
v -0.963892 0.057204 1.162012
v -0.950159 0.056986 1.142805
v -0.954602 0.041774 1.140522
v -0.944723 0.056652 1.118348
v -1.051317 0.083240 1.160643
v -1.033954 0.084149 1.177212
v -1.033351 0.073395 1.176174
v -1.054760 0.073194 1.164045
v -1.008409 0.083890 1.181646
v -1.008432 0.073457 1.186086
v -0.964614 0.084497 1.161629
v -0.959846 0.073204 1.163834
v -0.984090 0.072910 1.174035
v -0.983190 0.084119 1.175929
v -1.052558 0.083535 1.074803
v -1.055033 0.073090 1.072501
v -1.032963 0.072882 1.061937
v -1.033204 0.083986 1.061655
v -1.008231 0.073438 1.051393
v -1.008297 0.084079 1.054335
v -0.964230 0.083351 1.074767
v -0.982221 0.084372 1.057898
v -0.982621 0.073361 1.058783
v -0.960596 0.073152 1.071131
v -1.065713 0.073072 1.142490
v -1.066071 0.083911 1.142822
v -1.075275 0.073113 1.118268
v -1.070495 0.083698 1.118297
v -1.065746 0.083800 1.093909
v -1.065564 0.072491 1.094159
v -0.948662 0.072935 1.094551
v -0.948281 0.083270 1.094155
v -0.940453 0.073164 1.118328
v -0.944541 0.083733 1.116464
v -0.950110 0.083896 1.143019
v -0.950148 0.072481 1.142842
v -1.033028 0.092782 1.173660
v -1.008736 0.092456 1.181290
v -1.032581 0.097661 1.174244
v -1.008805 0.098104 1.181011
v -0.983987 0.092156 1.173775
v -0.984431 0.097939 1.174834
v -0.980006 0.000636 1.090349
v -0.972183 0.000634 1.102988
v -0.963894 0.012716 1.099479
v -0.973744 0.013096 1.084162
v -0.969407 0.000632 1.118323
v -0.960056 0.012227 1.118301
v -0.963067 0.012067 1.137469
v -0.972103 0.000635 1.133658
v -1.024051 0.000629 1.082329
v -1.027532 0.012623 1.074330
v -1.008377 0.000628 1.079795
v -1.008369 0.012797 1.071444
v -0.989339 0.012902 1.074695
v -0.992764 0.000630 1.082481
v -1.056297 0.023017 1.098202
v -1.059449 0.023207 1.118633
v -1.044502 0.023437 1.153235
v -1.054915 0.023179 1.137743
v -1.027946 0.023251 1.161974
v -1.008424 0.023277 1.166693
v -0.988632 0.023217 1.163404
v -0.983898 0.057067 1.174477
v -1.032471 0.057244 1.062963
v -1.062619 0.057983 1.141249
v -0.951963 0.057259 1.094415
v -1.007902 0.000642 1.116993
v -1.050715 0.093070 1.841177
v -1.032601 0.092950 1.827837
v -1.032070 0.098993 1.828423
v -1.049351 0.098730 1.841497
v -1.008416 0.092645 1.820516
v -1.007948 0.099121 1.821688
v -0.983653 0.092270 1.826412
v -0.963393 0.092927 1.839302
v -0.964687 0.098723 1.839854
v -0.984359 0.099061 1.826404
v -1.051416 0.093132 1.926231
v -1.063223 0.093018 1.907627
v -1.062573 0.098643 1.907763
v -1.050422 0.098382 1.925762
v -1.068735 0.092627 1.883486
v -1.067214 0.098898 1.883541
v -1.062446 0.093007 1.860573
v -1.061953 0.098745 1.861159
v -0.968060 0.027047 1.843774
v -0.957061 0.026228 1.861921
v -0.960659 0.031942 1.863412
v -0.968345 0.031894 1.844203
v -0.970340 0.023183 1.846116
v -0.960896 0.023004 1.863536
v -0.952057 0.026616 1.883802
v -0.954167 0.032063 1.884754
v -0.956352 0.023173 1.883844
v -0.967938 0.026493 1.923462
v -0.955948 0.025854 1.905871
v -0.960423 0.022901 1.904022
v -0.970892 0.023324 1.920212
v -0.969647 0.031862 1.919212
v -0.958987 0.031836 1.903786
v -1.048797 0.026913 1.843945
v -1.030377 0.026592 1.834041
v -1.028993 0.031959 1.836880
v -1.046144 0.031950 1.846518
v -1.045995 0.023265 1.846823
v -1.028898 0.023075 1.837614
v -1.008160 0.025831 1.829690
v -1.008368 0.031900 1.831003
v -1.008195 0.022898 1.834327
v -0.987346 0.025758 1.833575
v -0.988786 0.022873 1.837752
v -0.987704 0.031946 1.836597
v -0.951582 0.093325 1.860264
v -0.952192 0.098249 1.859229
v -0.947712 0.093019 1.883683
v -0.947881 0.098270 1.884355
v -0.951756 0.093019 1.907626
v -0.963887 0.093019 1.927579
v -0.966233 0.097704 1.926626
v -0.953669 0.097824 1.907145
v -1.043708 0.012354 1.848837
v -1.053569 0.012146 1.864551
v -1.044781 0.000631 1.868239
v -1.037072 0.000629 1.855394
v -1.055889 0.012796 1.883683
v -1.046573 0.000642 1.883583
v -1.051111 0.014052 1.901897
v -1.040874 0.015328 1.915674
v -1.034085 0.000663 1.908685
v -1.042539 0.000656 1.898022
v -1.026239 0.015348 1.924092
v -1.022357 0.000661 1.915218
v -1.008369 0.014725 1.927819
v -1.008174 0.000660 1.918328
v -0.980418 0.000649 1.911066
v -0.993373 0.000658 1.917244
v -0.989765 0.013801 1.926114
v -0.973487 0.012826 1.918082
v -1.044061 0.031994 1.918594
v -1.027495 0.032009 1.926569
v -1.029139 0.026342 1.930011
v -1.046478 0.026873 1.920488
v -1.008559 0.031948 1.935669
v -1.008569 0.026464 1.935396
v -1.051929 0.057608 1.926611
v -1.033317 0.056578 1.940984
v -1.030146 0.041747 1.933022
v -1.048713 0.041737 1.923284
v -1.008378 0.056043 1.947442
v -1.008512 0.041707 1.940679
v -0.988910 0.031824 1.928818
v -0.986389 0.041624 1.934562
v -0.965975 0.041649 1.923708
v -0.987504 0.026300 1.932376
v -1.031018 0.041902 1.832066
v -1.050140 0.041708 1.842568
v -1.008381 0.041674 1.826241
v -0.963466 0.056986 1.839363
v -0.983131 0.056517 1.825555
v -0.985564 0.041706 1.831498
v -0.965084 0.041670 1.840982
v -1.008294 0.056891 1.822071
v -1.054078 0.031959 1.903216
v -1.059906 0.041714 1.905627
v -1.058995 0.031952 1.883610
v -1.064719 0.041709 1.883648
v -1.057997 0.026506 1.904439
v -1.063383 0.026657 1.884329
v -1.057172 0.031939 1.862896
v -1.060429 0.026377 1.862090
v -1.052363 0.057220 1.840417
v -1.065659 0.057100 1.859498
v -1.062025 0.041701 1.860910
v -1.071143 0.056771 1.883610
v -0.955538 0.041728 1.861283
v -0.950136 0.042052 1.884445
v -0.963892 0.057204 1.927393
v -0.950159 0.056986 1.908187
v -0.954602 0.041774 1.905903
v -0.944723 0.056652 1.883729
v -1.051317 0.083239 1.926023
v -1.033954 0.084149 1.942593
v -1.033351 0.073395 1.941554
v -1.054760 0.073194 1.929427
v -1.008409 0.083890 1.947027
v -1.008432 0.073457 1.951467
v -0.964614 0.084497 1.927010
v -0.959846 0.073204 1.929214
v -0.984090 0.072910 1.939416
v -0.983190 0.084119 1.941310
v -1.052558 0.083535 1.840184
v -1.055033 0.073090 1.837881
v -1.032963 0.072882 1.827317
v -1.033204 0.083986 1.827035
v -1.008231 0.073438 1.816774
v -1.008297 0.084079 1.819716
v -0.964230 0.083351 1.840148
v -0.982221 0.084372 1.823279
v -0.982621 0.073361 1.824164
v -0.960596 0.073152 1.836512
v -1.065713 0.073072 1.907870
v -1.066071 0.083911 1.908204
v -1.075275 0.073113 1.883649
v -1.070495 0.083698 1.883678
v -1.065746 0.083800 1.859290
v -1.065564 0.072491 1.859540
v -0.948662 0.072935 1.859932
v -0.948281 0.083270 1.859537
v -0.940453 0.073164 1.883709
v -0.944541 0.083733 1.881845
v -0.950110 0.083896 1.908400
v -0.950148 0.072481 1.908223
v -1.033028 0.092782 1.939041
v -1.008736 0.092456 1.946670
v -1.032581 0.097661 1.939625
v -1.008805 0.098104 1.946392
v -0.983987 0.092156 1.939156
v -0.984431 0.097939 1.940215
v -0.980006 0.000636 1.855730
v -0.972183 0.000634 1.868370
v -0.963894 0.012716 1.864860
v -0.973744 0.013096 1.849543
v -0.969407 0.000632 1.883704
v -0.960056 0.012227 1.883682
v -0.963067 0.012067 1.902850
v -0.972103 0.000635 1.899039
v -1.024051 0.000629 1.847710
v -1.027532 0.012623 1.839711
v -1.008377 0.000628 1.845176
v -1.008369 0.012797 1.836825
v -0.989339 0.012902 1.840076
v -0.992764 0.000630 1.847862
v -1.056297 0.023017 1.863583
v -1.059449 0.023207 1.884014
v -1.044502 0.023437 1.918616
v -1.054915 0.023179 1.903124
v -1.027946 0.023251 1.927355
v -1.008424 0.023277 1.932074
v -0.988632 0.023217 1.928785
v -0.983898 0.057067 1.939858
v -1.032471 0.057244 1.828344
v -1.062619 0.057983 1.906630
v -0.951963 0.057259 1.859795
v -1.007902 0.000642 1.882375
v 0.821173 0.570697 1.449991
v 0.808075 0.656743 1.494212
v 0.343728 0.526238 1.597064
v 0.419735 0.534893 1.599847
v 0.314607 0.967021 1.750423
v 0.314287 0.842917 1.707920
v 0.831682 1.003594 1.621353
v 0.760877 0.985746 1.659267
v 0.807302 0.765493 1.534424
v 0.813623 0.875692 1.577437
v 0.314722 0.746877 1.673695
v 0.313945 0.643860 1.636712
v 0.745134 0.566305 1.507756
v 0.715838 0.685010 1.480221
v 0.762398 0.826663 1.686578
v 0.404320 0.770200 1.603165
v 0.406639 0.870175 1.649749
v 0.560428 0.864790 1.606047
v 0.558585 0.776402 1.566301
v 0.441453 0.716265 1.749415
v 0.438423 0.622174 1.710964
v 0.603192 0.632730 1.688304
v 0.606647 0.722281 1.727537
v 0.584464 0.956857 1.723292
v 0.575833 0.558368 1.572954
v 0.558940 0.685475 1.534526
v 0.608383 0.810068 1.757923
v 0.715680 0.888073 1.561446
v 0.754907 0.641614 1.614398
v 0.423142 0.960021 1.758152
v 0.405128 0.671316 1.568082
v 0.438661 0.811301 1.780430
v 0.711321 0.785280 1.516013
v 0.758035 0.730863 1.653747
v 0.734369 0.958351 1.613977
v 0.569485 0.930611 1.662072
v 0.408033 0.946534 1.720130
v 0.305342 0.938555 1.737216
v 0.431485 0.896835 1.783997
v 0.596780 0.896738 1.757326
v 0.760154 0.922210 1.690310
v 0.834317 0.993021 1.610633
v 0.788160 0.891746 1.562205
v 0.818147 0.995867 1.612796
v 0.817188 1.005605 1.630544
v 0.806811 0.944468 1.649083
v 0.800624 0.844192 1.631422
v 0.795879 0.733808 1.594076
v 0.795311 0.651335 1.557433
v 0.808834 0.569902 1.452789
v 0.782288 0.669131 1.478707
v 0.777099 0.780469 1.517640
v 0.637415 0.875359 1.581984
v 0.634717 0.782287 1.539559
v 0.637159 0.685885 1.505135
v 0.659588 0.564355 1.546092
v 0.683713 0.636970 1.658045
v 0.687353 0.725921 1.697546
v 0.691336 0.817171 1.728830
v 0.683816 0.910469 1.726214
v 0.665050 0.966927 1.695310
v 0.649476 0.939669 1.636069
v 0.482786 0.864475 1.627080
v 0.480779 0.773309 1.585759
v 0.479751 0.679085 1.553623
v 0.493798 0.549066 1.591853
v 0.520756 0.625335 1.709077
v 0.525418 0.717398 1.748263
v 0.526483 0.807245 1.778791
v 0.525431 0.895810 1.775759
v 0.506080 0.953838 1.745213
v 0.490538 0.931082 1.687136
v 0.332904 0.954648 1.732093
v 0.345618 0.861659 1.675519
v 0.345356 0.761562 1.633151
v 0.345285 0.661927 1.595980
v 0.365516 0.517278 1.597552
v 0.370102 0.629550 1.683944
v 0.369865 0.727080 1.720029
v 0.367150 0.823578 1.751103
v 0.358838 0.918229 1.767109
v 0.341746 0.973337 1.755702
v 0.652141 0.595128 1.507254
v 0.746840 0.582601 1.476678
v 0.809827 0.579484 1.449605
v 0.822343 0.580690 1.452536
v 0.796748 0.581402 1.507953
v 0.747687 0.581018 1.557677
v 0.670152 0.575522 1.595369
v 0.589888 0.570474 1.626691
v 0.508731 0.560681 1.645902
v 0.429903 0.550043 1.651978
v 0.370154 0.542349 1.632921
v 0.329067 0.549779 1.601384
v 0.350992 0.562819 1.584669
v 0.408704 0.576095 1.568723
v 0.484798 0.590190 1.554377
v 0.566781 0.598008 1.533539
v -0.681173 0.570697 1.449991
v -0.668834 0.569902 1.452789
v -0.669827 0.579484 1.449605
v -0.682343 0.580690 1.452536
v -0.691682 1.003594 1.621353
v -0.677188 1.005605 1.630544
v -0.666811 0.944468 1.649083
v -0.694317 0.993021 1.610633
v -0.264320 0.770200 1.603165
v -0.266639 0.870175 1.649749
v -0.342786 0.864475 1.627080
v -0.340779 0.773309 1.585759
v -0.174722 0.746877 1.673695
v -0.174287 0.842917 1.707920
v -0.205618 0.861659 1.675519
v -0.205356 0.761562 1.633151
v -0.301453 0.716265 1.749415
v -0.298423 0.622174 1.710964
v -0.380756 0.625335 1.709077
v -0.385418 0.717398 1.748263
v -0.173945 0.643860 1.636712
v -0.230102 0.629550 1.683944
v -0.229865 0.727080 1.720029
v -0.605134 0.566305 1.507756
v -0.519588 0.564355 1.546092
v -0.512141 0.595128 1.507254
v -0.606840 0.582601 1.476678
v -0.620877 0.985746 1.659267
v -0.525050 0.966927 1.695310
v -0.543816 0.910469 1.726214
v -0.620154 0.922210 1.690310
v -0.678147 0.995867 1.612796
v -0.594369 0.958351 1.613977
v -0.656748 0.581402 1.507953
v -0.607687 0.581018 1.557677
v -0.279735 0.534893 1.599847
v -0.225516 0.517278 1.597552
v -0.210992 0.562819 1.584669
v -0.268704 0.576095 1.568723
v -0.283142 0.960021 1.758152
v -0.201746 0.973337 1.755702
v -0.218838 0.918229 1.767109
v -0.291485 0.896835 1.783997
v -0.575838 0.685010 1.480221
v -0.571321 0.785280 1.516013
v -0.637099 0.780469 1.517640
v -0.642288 0.669131 1.478707
v -0.289903 0.550043 1.651978
v -0.368731 0.560681 1.645902
v -0.189067 0.549779 1.601384
v -0.230154 0.542349 1.632921
v -0.265128 0.671316 1.568082
v -0.339751 0.679085 1.553623
v -0.668075 0.656743 1.494212
v -0.667302 0.765493 1.534424
v -0.655879 0.733808 1.594076
v -0.655311 0.651335 1.557433
v -0.205285 0.661927 1.595980
v -0.622398 0.826663 1.686578
v -0.618035 0.730863 1.653747
v -0.660624 0.844192 1.631422
v -0.268033 0.946534 1.720130
v -0.350538 0.931082 1.687136
v -0.165342 0.938555 1.737216
v -0.192904 0.954648 1.732093
v -0.298661 0.811301 1.780430
v -0.386483 0.807245 1.778791
v -0.673623 0.875692 1.577437
v -0.648160 0.891746 1.562205
v -0.227150 0.823578 1.751103
v -0.420428 0.864790 1.606047
v -0.497415 0.875359 1.581984
v -0.494717 0.782287 1.539559
v -0.418585 0.776402 1.566301
v -0.463192 0.632730 1.688304
v -0.543713 0.636970 1.658045
v -0.547353 0.725921 1.697546
v -0.466647 0.722281 1.727537
v -0.435833 0.558368 1.572954
v -0.353798 0.549066 1.591853
v -0.344798 0.590190 1.554377
v -0.426781 0.598008 1.533539
v -0.444464 0.956857 1.723292
v -0.366080 0.953838 1.745213
v -0.385431 0.895810 1.775759
v -0.456780 0.896738 1.757326
v -0.530152 0.575522 1.595369
v -0.449888 0.570474 1.626691
v -0.497159 0.685885 1.505135
v -0.418940 0.685475 1.534526
v -0.509476 0.939669 1.636069
v -0.429485 0.930611 1.662072
v -0.551336 0.817171 1.728830
v -0.468383 0.810068 1.757923
v -0.174607 0.967021 1.750423
v -0.575680 0.888073 1.561446
v -0.614908 0.641614 1.614398
v -0.203728 0.526238 1.597064
v 0.361589 0.539436 1.530057
v 0.343306 0.605842 1.541111
v 0.360286 0.868762 1.651368
v 0.339134 0.709157 1.588962
v 0.340814 0.814382 1.624780
v 0.070000 0.803035 1.596007
v 0.070000 0.737730 1.570879
v 0.070000 0.564394 1.594018
v 0.070000 0.852910 1.689417
v 0.070000 0.742361 1.746959
v 0.070000 0.661653 1.720635
v 0.152444 0.733734 1.561407
v 0.149503 0.665881 1.530570
v 0.153495 0.561628 1.590331
v 0.161536 0.596381 1.684868
v 0.163009 0.665558 1.716213
v 0.165007 0.741681 1.740957
v 0.160782 0.854433 1.687115
v 0.154168 0.802343 1.589735
v 0.314020 0.716096 1.549446
v 0.325145 0.616145 1.521253
v 0.342711 0.535996 1.537617
v 0.315045 0.607850 1.606308
v 0.312679 0.689656 1.641935
v 0.317979 0.773752 1.666817
v 0.340261 0.873255 1.662491
v 0.319042 0.811808 1.595809
v 0.070000 0.612327 1.544835
v 0.153135 0.607005 1.541917
v 0.345054 0.562258 1.522713
v 0.361301 0.561242 1.528658
v 0.351161 0.550142 1.546883
v 0.160296 0.561951 1.645191
v 0.070000 0.559952 1.645175
v 0.070000 0.808198 1.727669
v 0.163966 0.810385 1.723722
v 0.341438 0.846333 1.667205
v 0.358538 0.848882 1.640047
v 0.343870 0.863807 1.639556
v 0.157727 0.843362 1.637741
v 0.070000 0.844275 1.649151
v 0.234215 0.732075 1.546667
v 0.234897 0.654525 1.517404
v 0.242375 0.594248 1.532523
v 0.245015 0.553752 1.571309
v 0.252468 0.557773 1.613619
v 0.251434 0.598825 1.659761
v 0.251402 0.672551 1.693176
v 0.255133 0.750452 1.717205
v 0.256210 0.821108 1.707537
v 0.251441 0.861283 1.677447
v 0.247846 0.849472 1.631619
v 0.239387 0.806975 1.581770
v -0.221590 0.539436 1.530057
v -0.202712 0.535996 1.537617
v -0.205054 0.562258 1.522713
v -0.221302 0.561242 1.528658
v -0.220286 0.868762 1.651368
v -0.200261 0.873255 1.662491
v -0.201439 0.846333 1.667205
v -0.218538 0.848882 1.640047
v -0.009503 0.665881 1.530570
v -0.012445 0.733734 1.561407
v -0.094215 0.732075 1.546667
v -0.094897 0.654525 1.517404
v -0.203307 0.605842 1.541111
v -0.199135 0.709157 1.588962
v -0.172680 0.689656 1.641935
v -0.175046 0.607850 1.606308
v -0.025007 0.741681 1.740957
v -0.023010 0.665558 1.716213
v -0.111402 0.672551 1.693176
v -0.115134 0.750452 1.717205
v -0.200815 0.814382 1.624780
v -0.174020 0.716096 1.549446
v -0.179043 0.811808 1.595809
v -0.014169 0.802343 1.589735
v -0.013495 0.561625 1.590330
v -0.020297 0.561951 1.645191
v 0.070000 0.669762 1.537358
v 0.070000 0.595445 1.690536
v -0.021537 0.596381 1.684868
v -0.020783 0.854433 1.687115
v -0.017727 0.843362 1.637741
v -0.013135 0.607005 1.541917
v -0.023967 0.810385 1.723722
v -0.099387 0.806975 1.581770
v -0.105016 0.553752 1.571309
v -0.112469 0.557773 1.613619
v -0.111435 0.598825 1.659761
v -0.111441 0.861283 1.677447
v -0.107847 0.849472 1.631619
v -0.102376 0.594248 1.532523
v -0.116211 0.821108 1.707537
v -0.203871 0.863807 1.639556
v -0.211162 0.550142 1.546883
v -0.185146 0.616145 1.521253
v -0.177979 0.773752 1.666817
v 0.954918 0.533459 1.325660
v 1.125649 0.961034 1.426637
v 0.635923 0.565264 1.730932
v 0.811559 1.005879 1.801287
v 0.730726 0.771832 1.758287
v 1.017378 0.722140 1.385184
v 0.932508 0.769902 1.434538
v 0.927892 0.537656 1.411566
v 1.052055 0.704356 1.514199
v 1.074059 0.951251 1.518345
v 0.764758 0.794050 1.653291
v 0.735941 0.569946 1.673977
v 0.852469 0.732775 1.758330
v 0.896851 0.980589 1.749530
v 0.897882 0.675249 1.415517
v 0.975315 0.609276 1.356622
v 1.015965 0.619054 1.490974
v 0.821266 0.643551 1.736240
v 0.691627 0.675662 1.739570
v 0.727160 0.702412 1.639553
v 0.979999 0.869792 1.459900
v 0.815580 0.896019 1.676907
v 0.764231 0.871613 1.777275
v 0.887041 0.826234 1.776400
v 1.087790 0.797125 1.531216
v 1.068139 0.844775 1.407972
v 0.858503 0.781829 1.549237
v 0.980835 0.706432 1.652707
v 0.996669 0.950876 1.638100
v 0.847203 0.559624 1.553358
v 0.824804 0.694819 1.534013
v 0.944318 0.622855 1.631628
v 1.015318 0.796793 1.669595
v 0.904830 0.877933 1.574212
v 0.945542 0.877121 1.518453
v 0.897053 0.777194 1.491140
v 0.862996 0.687798 1.474736
v 0.881990 0.551841 1.493693
v 0.987981 0.617575 1.564879
v 1.024904 0.701664 1.585665
v 1.060443 0.794479 1.602890
v 1.037282 0.947916 1.579275
v 0.860881 0.887196 1.626342
v 0.811416 0.788473 1.601747
v 0.777422 0.701365 1.586692
v 0.789173 0.566279 1.617085
v 0.889861 0.629667 1.692696
v 0.926731 0.714715 1.713898
v 0.959953 0.807117 1.732412
v 0.949383 0.961695 1.696863
v 0.772170 0.888969 1.737938
v 0.730721 0.785996 1.713979
v 0.689341 0.684972 1.701750
v 0.659141 0.558318 1.716218
v 0.743536 0.662639 1.747143
v 0.782247 0.756176 1.766597
v 0.815629 0.857778 1.786825
v 0.834802 1.005720 1.791854
v 1.023415 0.861408 1.419097
v 1.110959 0.961751 1.458205
v 1.087097 0.815201 1.464400
v 1.047073 0.712418 1.446163
v 1.013822 0.629869 1.426999
v 0.950510 0.528335 1.348806
v 0.937583 0.646934 1.372734
v 0.974889 0.752845 1.395309
v 1.120974 0.944527 1.414711
v 1.085564 0.942837 1.438287
v 1.043370 0.937420 1.493657
v 1.004757 0.934947 1.553977
v 0.963404 0.936867 1.610881
v 0.919246 0.946721 1.665374
v 0.869033 0.968081 1.727098
v 0.814856 0.993879 1.783411
v 0.795149 0.988412 1.800970
v 0.826359 0.980344 1.802335
v 0.903819 0.924273 1.775367
v 0.967668 0.905047 1.725935
v 1.020415 0.892982 1.664970
v 1.063482 0.889718 1.601171
v 1.097415 0.892822 1.534810
v 1.123118 0.938152 1.447442
v 0.939137 0.563779 1.343155
v 0.963047 0.561179 1.335421
v 0.969086 0.544753 1.367529
v 0.968410 0.553187 1.452807
v 0.931845 0.558292 1.529183
v 0.892209 0.566335 1.593506
v 0.838553 0.572145 1.652039
v 0.775438 0.577768 1.701609
v 0.670990 0.579495 1.732886
v 0.639528 0.585026 1.731380
v 0.647407 0.585376 1.710902
v 0.710717 0.617527 1.641935
v 0.764485 0.619003 1.588487
v 0.813944 0.612765 1.533113
v 0.854178 0.604512 1.472074
v 0.890903 0.590801 1.409402
v -0.814918 0.533459 1.325660
v -0.810510 0.528335 1.348806
v -0.799137 0.563779 1.343155
v -0.823047 0.561179 1.335421
v -0.985649 0.961034 1.426637
v -0.970959 0.961751 1.458205
v -0.983118 0.938152 1.447442
v -0.980974 0.944527 1.414711
v -0.624758 0.794050 1.653291
v -0.675580 0.896019 1.676907
v -0.720881 0.887196 1.626342
v -0.671416 0.788473 1.601747
v -0.590727 0.771832 1.758287
v -0.624231 0.871613 1.777275
v -0.632170 0.888969 1.737938
v -0.590721 0.785996 1.713979
v -0.712469 0.732775 1.758330
v -0.681266 0.643551 1.736240
v -0.749861 0.629667 1.692696
v -0.786731 0.714715 1.713898
v -0.551628 0.675662 1.739570
v -0.603536 0.662639 1.747143
v -0.642247 0.756176 1.766597
v -0.787892 0.537656 1.411566
v -0.741990 0.551841 1.493693
v -0.714178 0.604512 1.472074
v -0.750903 0.590801 1.409402
v -0.934059 0.951251 1.518345
v -0.897282 0.947916 1.579275
v -0.923482 0.889718 1.601171
v -0.957415 0.892822 1.534810
v -0.945564 0.942837 1.438287
v -0.903370 0.937420 1.493657
v -0.829086 0.544753 1.367529
v -0.828410 0.553187 1.452807
v -0.595941 0.569946 1.673977
v -0.519141 0.558318 1.716218
v -0.507407 0.585376 1.710902
v -0.570717 0.617527 1.641935
v -0.756851 0.980589 1.749530
v -0.694802 1.005720 1.791854
v -0.686359 0.980344 1.802335
v -0.763820 0.924273 1.775367
v -0.757882 0.675249 1.415517
v -0.792508 0.769902 1.434538
v -0.834889 0.752845 1.395309
v -0.797583 0.646934 1.372734
v -0.635438 0.577768 1.701609
v -0.698553 0.572145 1.652039
v -0.499528 0.585026 1.731380
v -0.530990 0.579495 1.732886
v -0.587160 0.702412 1.639553
v -0.637422 0.701365 1.586692
v -0.835315 0.609276 1.356622
v -0.877378 0.722140 1.385184
v -0.907073 0.712418 1.446163
v -0.873822 0.629869 1.426999
v -0.549341 0.684972 1.701750
v -0.947790 0.797125 1.531216
v -0.912055 0.704356 1.514199
v -0.947097 0.815201 1.464400
v -0.729033 0.968081 1.727098
v -0.779246 0.946721 1.665374
v -0.655149 0.988412 1.800970
v -0.674856 0.993879 1.783411
v -0.747041 0.826234 1.776400
v -0.819953 0.807117 1.732412
v -0.928139 0.844775 1.407972
v -0.883415 0.861408 1.419097
v -0.675629 0.857778 1.786825
v -0.764830 0.877933 1.574212
v -0.805542 0.877121 1.518453
v -0.757053 0.777194 1.491140
v -0.718503 0.781829 1.549237
v -0.804318 0.622855 1.631628
v -0.847981 0.617575 1.564879
v -0.884904 0.701664 1.585665
v -0.840835 0.706432 1.652707
v -0.707203 0.559624 1.553358
v -0.649173 0.566279 1.617085
v -0.624485 0.619003 1.588487
v -0.673944 0.612765 1.533113
v -0.856669 0.950876 1.638100
v -0.809383 0.961695 1.696863
v -0.827668 0.905047 1.725935
v -0.880415 0.892982 1.664970
v -0.791845 0.558292 1.529183
v -0.752209 0.566335 1.593506
v -0.722996 0.687798 1.474736
v -0.684804 0.694819 1.534013
v -0.864757 0.934947 1.553977
v -0.823404 0.936867 1.610881
v -0.920443 0.794479 1.602890
v -0.875318 0.796793 1.669595
v -0.839999 0.869792 1.459900
v -0.875965 0.619054 1.490974
v -0.495923 0.565264 1.730932
v -0.671559 1.005879 1.801287
v 0.070000 0.864177 1.688909
v -0.715880 0.912436 1.597226
v -0.710139 0.845883 1.574621
v -0.667679 0.851609 1.569797
v -0.675619 0.913936 1.591020
v -0.705858 0.788766 1.548324
v -0.664697 0.793450 1.544484
v -0.700158 0.732843 1.523160
v -0.658997 0.737527 1.519320
v -0.703143 0.779581 1.544825
v -0.697402 0.713028 1.511256
v -0.656028 0.718754 1.509924
v -0.663968 0.781081 1.542111
v -0.691819 0.655910 1.484959
v -0.651744 0.660595 1.484611
v -0.700579 0.599988 1.467949
v -0.660504 0.604672 1.467601
v -0.704375 0.612045 1.465698
v -0.712840 0.559445 1.436299
v -0.674111 0.578595 1.451548
v -0.668862 0.609066 1.467163
v -0.655842 0.562685 1.435808
v -0.663579 0.571439 1.453378
v -0.603003 0.572628 1.461278
v -0.608959 0.589068 1.485516
v -0.139127 0.912927 1.736378
v -0.169768 0.917128 1.733705
v -0.173902 0.855062 1.710709
v -0.140855 0.846994 1.711416
v -0.176354 0.794153 1.692818
v -0.144416 0.786115 1.695110
v -0.176194 0.734748 1.676614
v -0.144255 0.726710 1.678906
v -0.124915 0.784799 1.690778
v -0.175051 0.789000 1.688105
v -0.175877 0.719993 1.664374
v -0.123335 0.711925 1.665081
v -0.176754 0.658939 1.638943
v -0.125320 0.650901 1.641235
v -0.183805 0.606309 1.623017
v -0.132371 0.598271 1.625309
v -0.142969 0.572060 1.618577
v -0.187974 0.575347 1.615647
v -0.195111 0.543502 1.600030
v -0.150852 0.512154 1.595863
v -0.205165 0.532308 1.606991
v -0.198194 0.499700 1.582752
v -0.259047 0.538900 1.599882
v -0.251480 0.500659 1.579586
v -0.124915 0.694867 1.658460
v -0.175051 0.699068 1.655787
v -0.175877 0.630061 1.632056
v -0.123335 0.621994 1.632763
v -0.187998 0.569007 1.606625
v -0.136564 0.560969 1.608917
v -0.201967 0.516378 1.624458
v -0.158260 0.508340 1.592991
v -0.616037 0.566005 1.448851
v -0.546171 0.565739 1.473915
v -0.556550 0.570166 1.524038
v -0.618588 0.582281 1.480983
v -0.475662 0.564181 1.490164
v -0.495640 0.567357 1.541762
v -0.416268 0.564213 1.506458
v -0.436246 0.567389 1.558056
v -0.421206 0.561530 1.518108
v -0.359266 0.553560 1.539903
v -0.364523 0.566278 1.577990
v -0.436641 0.570081 1.564442
v -0.297077 0.530729 1.542138
v -0.311932 0.559830 1.581701
v -0.226531 0.507809 1.562866
v -0.241386 0.536911 1.602428
v -0.659827 1.019666 1.680335
v -0.714775 1.017841 1.649545
v -0.689059 1.001712 1.615836
v -0.646927 0.992269 1.647965
v -0.719297 0.962247 1.625590
v -0.688633 0.975063 1.604265
v -0.713948 0.901729 1.609120
v -0.683050 0.910459 1.593353
v -0.660859 1.014105 1.679750
v -0.655137 1.017684 1.656761
v -0.581520 1.001885 1.694129
v -0.586149 0.994568 1.725482
v -0.576429 0.976762 1.676298
v -0.525677 0.963990 1.695653
v -0.528511 0.990669 1.717832
v -0.531089 0.984766 1.753137
v -0.469745 0.978107 1.738105
v -0.472322 0.967410 1.773411
v -0.473723 0.968155 1.773504
v -0.472906 0.982902 1.749263
v -0.384841 0.977908 1.771487
v -0.386306 0.964859 1.791574
v -0.381865 0.949865 1.744915
v -0.305686 0.953710 1.755649
v -0.304531 0.979356 1.786720
v -0.303962 0.965128 1.809022
v -0.239943 0.988687 1.784201
v -0.239374 0.974459 1.806503
v -0.242566 0.973307 1.808278
v -0.238251 0.980257 1.780279
v -0.172158 0.986663 1.764393
v -0.165974 0.996052 1.787130
v -0.191659 0.971296 1.751844
v -0.168800 0.945246 1.740237
v -0.142215 0.937441 1.737504
v -0.137572 0.935733 1.752924
v -0.139578 0.882811 1.724150
v -0.133969 0.880963 1.741580
v -0.177794 0.888095 1.702956
v -0.182719 0.865366 1.665069
v -0.093177 0.857226 1.680197
v -0.089292 0.885367 1.705491
v -0.010486 0.850726 1.690931
v -0.001149 0.874275 1.722939
v -0.171831 0.894539 1.701523
v -0.252910 0.898268 1.665725
v -0.217236 0.869661 1.650590
v -0.182390 0.865774 1.666897
v -0.252167 0.831408 1.648381
v -0.214209 0.843012 1.642442
v -0.234417 0.787817 1.620570
v -0.193743 0.795336 1.614435
v -0.241531 0.611325 1.552411
v -0.202469 0.597236 1.531180
v -0.183600 0.662004 1.553431
v -0.222446 0.663029 1.577651
v -0.187439 0.717729 1.579032
v -0.228161 0.723210 1.601740
v -0.191273 0.795294 1.612935
v -0.231068 0.805762 1.622923
v -0.239905 0.615328 1.553960
v -0.270539 0.539387 1.562893
v -0.222838 0.558023 1.528006
v -0.202736 0.599208 1.529691
v -0.244356 0.530397 1.522627
v -0.220747 0.538356 1.530197
v -0.182784 0.531546 1.507303
v -0.123436 0.556964 1.529317
v -0.142081 0.556227 1.566585
v -0.200131 0.545508 1.532561
v -0.164645 0.540103 1.512147
v -0.089392 0.557466 1.550299
v -0.092283 0.565101 1.575558
v -0.181825 0.543461 1.550827
v -0.001249 0.562656 1.554583
v -0.009592 0.564269 1.587976
v 0.070000 0.567374 1.594823
v -1.027453 0.977817 1.446812
v -1.000928 0.980640 1.453879
v -0.962272 0.977598 1.528790
v -0.992485 0.972523 1.529298
v -0.922492 0.950708 1.528169
v -0.892019 0.945938 1.574669
v -0.928793 0.975322 1.584460
v -0.956545 0.972288 1.592476
v -0.892283 0.971429 1.636237
v -0.920035 0.963933 1.645039
v -0.898237 0.964456 1.654930
v -0.872530 0.967769 1.629568
v -0.820787 0.980031 1.689388
v -0.849477 0.973818 1.718409
v -0.817832 0.959475 1.679457
v -0.778715 0.973508 1.722577
v -0.781552 0.995970 1.736164
v -0.810079 0.992387 1.770227
v -0.725887 1.011746 1.785964
v -0.754237 1.002415 1.821026
v -1.014796 0.982140 1.476408
v -1.040950 0.969182 1.419383
v -1.007146 0.978837 1.408579
v -0.985722 0.985591 1.459127
v -0.984122 0.958345 1.426099
v -0.991127 0.940776 1.393535
v -0.977621 0.941748 1.417833
v -1.017949 0.915375 1.399366
v -0.993657 0.878436 1.389488
v -0.968066 0.901718 1.385245
v -0.916170 0.728477 1.362191
v -0.911289 0.731716 1.358258
v -0.933735 0.795217 1.363353
v -0.937578 0.794524 1.365696
v -0.906313 0.796736 1.399988
v -0.928139 0.844775 1.407972
v -0.960233 0.841545 1.371495
v -0.966209 0.840070 1.373911
v -0.992399 0.902083 1.385641
v -1.000231 0.903125 1.392809
v -0.845903 0.556011 1.308476
v -0.821752 0.566346 1.344663
v -0.840906 0.634734 1.379692
v -0.861744 0.625481 1.330426
v -0.853493 0.683787 1.387675
v -0.881137 0.679082 1.346647
v -0.881592 0.738811 1.391411
v -0.915159 0.742137 1.365546
v -0.832116 0.567407 1.295055
v -0.821957 0.526689 1.296327
v -0.815651 0.536769 1.326586
v -0.829411 0.565688 1.342827
v -0.790802 0.534980 1.334244
v -0.811852 0.533381 1.345003
v -0.764721 0.542288 1.376450
v -0.791474 0.539138 1.390773
v -0.683944 0.553940 1.562828
v -0.717377 0.568653 1.542277
v -0.746044 0.556929 1.496621
v -0.718747 0.556165 1.497160
v -0.768153 0.550066 1.433610
v -0.754058 0.545637 1.448427
v -0.768193 0.550055 1.433514
v -0.754106 0.545646 1.448293
v -0.572245 0.800520 1.806614
v -0.609014 0.803280 1.765730
v -0.632692 0.861805 1.773085
v -0.597979 0.862965 1.823085
v -0.652322 0.911199 1.777853
v -0.613261 0.915195 1.822790
v -0.669443 0.970206 1.785362
v -0.613119 0.973747 1.847507
v -0.479602 0.597347 1.777513
v -0.510918 0.615631 1.738124
v -0.559375 0.684646 1.742752
v -0.524966 0.661984 1.794570
v -0.593723 0.746332 1.751845
v -0.560335 0.733272 1.797214
v -0.606009 0.804214 1.760557
v -0.579212 0.804386 1.795391
v -0.543350 0.517312 1.701632
v -0.587464 0.577837 1.692176
v -0.626971 0.566113 1.655495
v -0.593963 0.511370 1.647209
v -0.664635 0.566436 1.600353
v -0.640684 0.509009 1.609275
v -0.709688 0.557445 1.547190
v -0.687912 0.512409 1.560561
v -0.561269 0.518584 1.695505
v -0.509054 0.527053 1.726716
v -0.538941 0.569181 1.709661
v -0.588107 0.566550 1.701489
v -0.469597 0.569369 1.765354
v -0.497006 0.571472 1.734633
v -0.492723 0.614062 1.792015
v -0.515811 0.617221 1.733379
v -0.762625 1.017034 1.775709
v -0.705912 1.019420 1.833316
v -0.695252 1.015582 1.815835
v -0.746309 1.007916 1.780869
v -0.686123 0.999337 1.792618
v -0.667285 1.001474 1.826185
v -0.665932 0.996405 1.803528
v -0.664635 0.986183 1.842707
v -0.640750 0.936234 1.824831
v -0.647134 0.960908 1.814180
v -0.703059 0.908022 1.583640
v -0.697471 0.843238 1.561035
v -0.672100 0.846101 1.548278
v -0.678788 0.908772 1.577508
v -0.664076 0.855907 1.566714
v -0.668582 0.789981 1.522486
v -0.661174 0.799293 1.541402
v -0.693303 0.787639 1.534738
v -0.687755 0.733203 1.509574
v -0.663034 0.735544 1.497322
v -0.691718 0.778698 1.531240
v -0.686129 0.713915 1.497670
v -0.660638 0.716791 1.486703
v -0.667331 0.779452 1.519560
v -0.647797 0.719488 1.496338
v -0.655856 0.660668 1.460914
v -0.643627 0.662875 1.471025
v -0.680694 0.658315 1.471373
v -0.689222 0.603879 1.454363
v -0.664384 0.606232 1.448295
v -0.683654 0.616018 1.452113
v -0.691795 0.564474 1.422713
v -0.664611 0.583055 1.453083
v -0.649221 0.612716 1.462086
v -0.640044 0.568360 1.433728
v -0.644079 0.587127 1.458816
v -0.588609 0.569135 1.459199
v -0.590911 0.593454 1.483613
v -0.134086 0.908500 1.722792
v -0.182056 0.912589 1.720119
v -0.186080 0.852173 1.697123
v -0.135768 0.844320 1.697830
v -0.183116 0.792883 1.679232
v -0.139234 0.785059 1.681524
v -0.169649 0.735057 1.663028
v -0.139078 0.727233 1.665320
v -0.119733 0.783777 1.677192
v -0.168537 0.787867 1.674519
v -0.169341 0.720695 1.650788
v -0.118195 0.712841 1.651495
v -0.170194 0.661263 1.625357
v -0.120128 0.653439 1.627649
v -0.177058 0.610033 1.609431
v -0.126992 0.602208 1.611723
v -0.137307 0.576693 1.604991
v -0.181116 0.579894 1.602061
v -0.188063 0.548895 1.586444
v -0.144981 0.518380 1.582277
v -0.197850 0.537998 1.593405
v -0.191065 0.506257 1.569166
v -0.250300 0.544415 1.586296
v -0.242934 0.507191 1.566000
v -0.119733 0.696236 1.644874
v -0.168537 0.700326 1.642201
v -0.169341 0.633153 1.618470
v -0.118195 0.625300 1.619177
v -0.181140 0.573722 1.593039
v -0.131073 0.565898 1.595331
v -0.194738 0.522492 1.610873
v -0.152193 0.514667 1.579405
v -0.600308 0.566882 1.459074
v -0.532299 0.566622 1.484138
v -0.539896 0.578300 1.518437
v -0.600284 0.590092 1.475382
v -0.463664 0.565106 1.500387
v -0.480604 0.575566 1.536161
v -0.405849 0.557957 1.516681
v -0.422789 0.575597 1.552455
v -0.414606 0.555293 1.511204
v -0.354312 0.547535 1.532999
v -0.352972 0.571066 1.564404
v -0.423174 0.574768 1.550856
v -0.295153 0.525635 1.550769
v -0.301780 0.564788 1.568115
v -0.226482 0.503325 1.571497
v -0.233109 0.542479 1.588842
v -0.640427 1.022970 1.658493
v -0.701984 1.021193 1.627704
v -0.682885 1.010258 1.605865
v -0.634249 1.005138 1.637497
v -0.674374 1.001292 1.615597
v -0.684258 0.969791 1.589698
v -0.673959 0.975352 1.604026
v -0.706385 0.956109 1.603748
v -0.701178 0.897199 1.587279
v -0.678907 0.908381 1.576724
v -0.641432 1.024559 1.662395
v -0.635325 1.007983 1.636096
v -0.563768 0.992954 1.661289
v -0.568708 1.005541 1.696756
v -0.559246 0.970639 1.662712
v -0.509843 0.958206 1.682067
v -0.512361 0.981903 1.684611
v -0.515111 0.996000 1.724411
v -0.455156 0.970125 1.704884
v -0.457906 0.979105 1.744685
v -0.459270 0.977787 1.752909
v -0.458043 0.970227 1.708431
v -0.371977 0.964469 1.732908
v -0.374177 0.974578 1.770979
v -0.369853 0.944456 1.731329
v -0.295699 0.948199 1.742063
v -0.294875 0.966501 1.746941
v -0.294022 0.974840 1.788427
v -0.230828 0.975584 1.759953
v -0.231151 0.983923 1.785907
v -0.234370 0.983181 1.783264
v -0.232762 0.973015 1.760466
v -0.174074 0.979496 1.747487
v -0.159813 0.988971 1.762117
v -0.184703 0.965318 1.738258
v -0.181585 0.939960 1.732358
v -0.156369 0.937550 1.727511
v -0.137731 0.930256 1.727910
v -0.154322 0.884448 1.713045
v -0.134224 0.876942 1.716566
v -0.171180 0.883960 1.689371
v -0.174181 0.879136 1.664039
v -0.087501 0.873719 1.673176
v -0.085031 0.881305 1.691905
v -0.088840 0.854280 1.666611
v -0.008346 0.847952 1.677346
v -0.004483 0.865266 1.684146
v 0.000769 0.870508 1.709354
v 0.070000 0.868567 1.706873
v -0.165177 0.890233 1.687937
v -0.244300 0.893863 1.652139
v -0.228234 0.887954 1.641392
v -0.170716 0.884250 1.667874
v -0.209601 0.866384 1.637004
v -0.226448 0.841579 1.622287
v -0.206654 0.840444 1.628856
v -0.243577 0.828780 1.634795
v -0.226365 0.786348 1.606984
v -0.212154 0.797246 1.604397
v -0.233020 0.614915 1.538825
v -0.215441 0.608297 1.513355
v -0.197031 0.664587 1.542709
v -0.214570 0.664904 1.564065
v -0.176859 0.664247 1.539846
v -0.180596 0.718491 1.565446
v -0.201713 0.721075 1.567527
v -0.220133 0.723484 1.588154
v -0.209159 0.799267 1.604915
v -0.222900 0.804184 1.609337
v -0.231419 0.618885 1.540374
v -0.261238 0.544962 1.549307
v -0.215053 0.563030 1.514420
v -0.195486 0.603120 1.516105
v -0.235752 0.536211 1.509041
v -0.213018 0.543885 1.516611
v -0.175816 0.537329 1.493717
v -0.118046 0.555112 1.515731
v -0.136443 0.561038 1.552999
v -0.192950 0.550848 1.518976
v -0.158408 0.545586 1.498561
v -0.085154 0.562487 1.536713
v -0.087969 0.569920 1.561973
v -0.175131 0.548855 1.537241
v 0.000645 0.567539 1.540997
v -0.007476 0.569110 1.574390
v 0.070000 0.565157 1.547843
v -0.996864 0.984246 1.451961
v -0.973774 0.966592 1.452677
v -0.934957 0.964357 1.525080
v -0.962825 0.979092 1.534446
v -0.927060 0.945277 1.532928
v -0.897398 0.940633 1.579427
v -0.903091 0.961483 1.578264
v -0.927663 0.978864 1.597624
v -0.867551 0.959133 1.629780
v -0.892123 0.970730 1.650187
v -0.882402 0.974821 1.626019
v -0.853216 0.964093 1.616711
v -0.803059 0.975824 1.676796
v -0.834937 0.983934 1.689498
v -0.806265 0.953811 1.665871
v -0.768188 0.967471 1.708991
v -0.764855 0.991526 1.723939
v -0.796586 1.002009 1.741315
v -0.710657 1.006476 1.773811
v -0.742229 1.011770 1.792114
v -0.992970 0.989134 1.461072
v -1.018430 0.976521 1.404047
v -0.975978 0.962763 1.416048
v -0.956895 0.967014 1.464103
v -0.966870 0.943566 1.431511
v -0.963000 0.931612 1.402917
v -0.965160 0.928362 1.424508
v -0.996040 0.924144 1.384030
v -0.972394 0.888187 1.374153
v -0.941013 0.892797 1.395238
v -0.890181 0.728953 1.348482
v -0.862988 0.734552 1.361416
v -0.890197 0.794443 1.377934
v -0.911020 0.793244 1.354289
v -0.899100 0.794908 1.399670
v -0.919562 0.842505 1.407165
v -0.909805 0.840129 1.386020
v -0.938891 0.837580 1.362504
v -0.939714 0.897157 1.396480
v -0.972008 0.898959 1.381402
v -0.830185 0.561072 1.294890
v -0.811035 0.580738 1.322454
v -0.816461 0.633426 1.342747
v -0.845606 0.628695 1.316840
v -0.825159 0.628263 1.366748
v -0.841526 0.684944 1.376511
v -0.837537 0.683277 1.363168
v -0.864483 0.680871 1.333061
v -0.867626 0.740549 1.374101
v -0.897600 0.742250 1.351960
v -0.822664 0.572165 1.294218
v -0.812906 0.533014 1.295489
v -0.810221 0.542341 1.328909
v -0.823616 0.570491 1.345151
v -0.782150 0.541572 1.333407
v -0.806524 0.539042 1.347327
v -0.756762 0.548686 1.375612
v -0.786687 0.544647 1.393096
v -0.664082 0.560273 1.549242
v -0.714743 0.574838 1.528691
v -0.742648 0.563426 1.483035
v -0.697960 0.562656 1.483574
v -0.764169 0.556745 1.420024
v -0.732332 0.555050 1.434841
v -0.790543 0.551351 1.381399
v -0.755591 0.556614 1.367894
v -0.555369 0.799081 1.793028
v -0.590964 0.801768 1.752144
v -0.614014 0.858737 1.759499
v -0.580419 0.859866 1.809499
v -0.633122 0.906818 1.764267
v -0.595295 0.910708 1.809204
v -0.649787 0.964256 1.771776
v -0.618376 0.967703 1.818351
v -0.464993 0.601308 1.763927
v -0.495476 0.619106 1.724538
v -0.542645 0.686287 1.729166
v -0.509151 0.664227 1.780984
v -0.576080 0.746333 1.738260
v -0.543580 0.733621 1.783628
v -0.588040 0.802676 1.746971
v -0.561954 0.802844 1.781805
v -0.527046 0.523401 1.688046
v -0.569987 0.582317 1.678590
v -0.608444 0.570904 1.641909
v -0.576314 0.517617 1.633623
v -0.645107 0.571219 1.586767
v -0.621793 0.515318 1.595689
v -0.688963 0.562467 1.533604
v -0.667765 0.518629 1.546975
v -0.544489 0.524639 1.681919
v -0.493662 0.532883 1.713130
v -0.522755 0.573891 1.696075
v -0.570613 0.571330 1.687903
v -0.455254 0.574074 1.751768
v -0.481934 0.576121 1.721047
v -0.477765 0.617579 1.778429
v -0.500239 0.620654 1.719793
v -0.745886 1.024139 1.766887
v -0.690681 1.026462 1.824494
v -0.679330 1.019084 1.804483
v -0.731198 1.013645 1.760603
v -0.666024 0.992613 1.779032
v -0.647006 0.998020 1.814455
v -0.646369 0.989759 1.789942
v -0.650501 0.994108 1.833885
v -0.627250 0.945487 1.816009
v -0.625959 0.954936 1.800139
v -0.875036 0.737991 1.396039
v -0.945381 0.897030 1.415823
v -0.964097 0.944134 1.447811
v -0.944345 0.895722 1.417602
v -0.969073 0.945560 1.467270
v -0.861858 0.942152 1.630243
v -0.858738 0.939828 1.608704
v -0.714127 0.986885 1.758068
v -0.813968 0.573753 1.343891
v -0.873443 0.735918 1.393969
v -0.629735 0.982016 1.634542
v -0.452638 0.951112 1.702340
v -0.633361 0.985024 1.641238
v -0.668524 0.912465 1.585445
v -0.671805 0.916577 1.595272
v -0.655626 0.744857 1.516238
v -0.660313 0.780159 1.537482
v -0.652155 0.608438 1.462525
v -0.456858 0.952678 1.700665
v -0.227947 0.957282 1.743077
v -0.176002 0.862203 1.651483
v -0.175681 0.862600 1.653311
v -0.186732 0.794035 1.600849
v -0.195226 0.601200 1.517594
v -0.184328 0.793994 1.599349
v -0.969146 0.956642 1.467818
v -0.956238 0.899800 1.411707
v -0.881592 0.738811 1.391411
v -0.956238 0.899800 1.411707
v -0.965652 0.950999 1.462511
v -0.855509 0.947498 1.625484
v -0.871738 0.945111 1.622290
v -0.723178 0.993453 1.771654
v -0.733877 0.988586 1.770878
v -0.647963 0.961319 1.794953
v -0.712509 0.982148 1.757292
v -0.628878 0.955606 1.781367
v -0.788552 0.544525 1.385798
v -0.777952 0.550181 1.381480
v -0.648843 0.988451 1.648128
v -0.466910 0.956703 1.715926
v -0.471245 0.958311 1.714251
v -0.241098 0.963041 1.753129
v -0.235826 0.963935 1.756742
v -0.168179 0.890908 1.722684
v -0.227696 0.958153 1.743156
v -0.180980 0.887067 1.714805
v 0.855880 0.912436 1.597226
v 0.815619 0.913936 1.591020
v 0.807679 0.851609 1.569797
v 0.850139 0.845883 1.574621
v 0.804697 0.793450 1.544484
v 0.845858 0.788766 1.548324
v 0.798997 0.737527 1.519320
v 0.840158 0.732843 1.523160
v 0.843143 0.779581 1.544825
v 0.803968 0.781081 1.542111
v 0.796028 0.718754 1.509924
v 0.837402 0.713028 1.511256
v 0.791744 0.660595 1.484611
v 0.831819 0.655910 1.484959
v 0.800504 0.604672 1.467601
v 0.840579 0.599988 1.467949
v 0.844375 0.612045 1.465698
v 0.808862 0.609066 1.467163
v 0.814111 0.578595 1.451548
v 0.852840 0.559445 1.436299
v 0.803579 0.571439 1.453378
v 0.795842 0.562685 1.435808
v 0.748959 0.589068 1.485516
v 0.743003 0.572628 1.461278
v 0.279127 0.912927 1.736378
v 0.280855 0.846994 1.711416
v 0.313902 0.855062 1.710709
v 0.309768 0.917128 1.733705
v 0.284416 0.786115 1.695110
v 0.316354 0.794153 1.692818
v 0.284255 0.726710 1.678906
v 0.316194 0.734748 1.676614
v 0.264915 0.784799 1.690778
v 0.263335 0.711925 1.665081
v 0.315877 0.719993 1.664374
v 0.315051 0.789000 1.688105
v 0.265320 0.650901 1.641235
v 0.316754 0.658939 1.638943
v 0.272371 0.598271 1.625309
v 0.323805 0.606309 1.623017
v 0.282969 0.572060 1.618577
v 0.290852 0.512154 1.595863
v 0.335111 0.543502 1.600030
v 0.327974 0.575347 1.615647
v 0.338194 0.499700 1.582752
v 0.345165 0.532308 1.606991
v 0.391480 0.500659 1.579586
v 0.399047 0.538900 1.599882
v 0.264915 0.694867 1.658460
v 0.263335 0.621994 1.632763
v 0.315877 0.630061 1.632056
v 0.315051 0.699068 1.655787
v 0.276564 0.560969 1.608917
v 0.327998 0.569007 1.606625
v 0.298260 0.508340 1.592991
v 0.341967 0.516378 1.624458
v 0.756037 0.566005 1.448851
v 0.758588 0.582281 1.480983
v 0.696550 0.570166 1.524038
v 0.686171 0.565739 1.473915
v 0.635640 0.567357 1.541762
v 0.615662 0.564181 1.490164
v 0.576246 0.567389 1.558056
v 0.556268 0.564213 1.506458
v 0.561207 0.561530 1.518108
v 0.576641 0.570081 1.564442
v 0.504523 0.566278 1.577990
v 0.499266 0.553560 1.539903
v 0.451932 0.559830 1.581701
v 0.437077 0.530729 1.542138
v 0.381386 0.536911 1.602428
v 0.366531 0.507809 1.562866
v 0.799827 1.019666 1.680335
v 0.786927 0.992269 1.647965
v 0.829059 1.001712 1.615836
v 0.854775 1.017841 1.649545
v 0.828633 0.975063 1.604265
v 0.859296 0.962247 1.625590
v 0.823050 0.910459 1.593353
v 0.853948 0.901729 1.609120
v 0.800859 1.014105 1.679750
v 0.726149 0.994568 1.725482
v 0.721520 1.001885 1.694129
v 0.795137 1.017684 1.656761
v 0.716429 0.976762 1.676298
v 0.668511 0.990669 1.717832
v 0.665677 0.963990 1.695653
v 0.671089 0.984766 1.753137
v 0.612322 0.967410 1.773411
v 0.609745 0.978107 1.738105
v 0.613723 0.968155 1.773504
v 0.526306 0.964859 1.791574
v 0.524841 0.977908 1.771487
v 0.612906 0.982902 1.749263
v 0.521865 0.949865 1.744915
v 0.444531 0.979356 1.786720
v 0.445686 0.953710 1.755649
v 0.443962 0.965128 1.809022
v 0.379374 0.974459 1.806503
v 0.379943 0.988687 1.784201
v 0.382566 0.973307 1.808278
v 0.305974 0.996052 1.787130
v 0.312158 0.986663 1.764393
v 0.378251 0.980257 1.780279
v 0.331659 0.971296 1.751844
v 0.282215 0.937441 1.737504
v 0.308800 0.945246 1.740237
v 0.277572 0.935733 1.752924
v 0.273969 0.880963 1.741580
v 0.279578 0.882811 1.724150
v 0.317794 0.888095 1.702956
v 0.229292 0.885367 1.705491
v 0.233177 0.857226 1.680197
v 0.322719 0.865366 1.665069
v 0.141149 0.874275 1.722939
v 0.150486 0.850726 1.690931
v 0.070000 0.872280 1.720458
v 0.070000 0.867393 1.703837
v 0.070000 0.848699 1.688412
v 0.311831 0.894539 1.701523
v 0.322390 0.865774 1.666897
v 0.357236 0.869661 1.650590
v 0.392910 0.898268 1.665725
v 0.354209 0.843012 1.642442
v 0.392167 0.831408 1.648381
v 0.333743 0.795336 1.614435
v 0.374417 0.787817 1.620570
v 0.381531 0.611325 1.552411
v 0.362446 0.663029 1.577651
v 0.323600 0.662004 1.553431
v 0.342469 0.597236 1.531180
v 0.368161 0.723210 1.601740
v 0.327439 0.717729 1.579032
v 0.371068 0.805762 1.622923
v 0.331273 0.795294 1.612935
v 0.379905 0.615328 1.553960
v 0.342736 0.599208 1.529691
v 0.362838 0.558023 1.528006
v 0.410539 0.539387 1.562893
v 0.360747 0.538356 1.530197
v 0.384356 0.530397 1.522627
v 0.322784 0.531546 1.507303
v 0.340131 0.545508 1.532561
v 0.282081 0.556227 1.566585
v 0.263436 0.556964 1.529317
v 0.304645 0.540103 1.512147
v 0.321825 0.543461 1.550827
v 0.232283 0.565101 1.575558
v 0.229392 0.557466 1.550299
v 0.149592 0.564269 1.587976
v 0.141249 0.562656 1.554583
v 0.070000 0.563496 1.561429
v 1.167453 0.977817 1.446812
v 1.132485 0.972523 1.529298
v 1.102272 0.977598 1.528790
v 1.140928 0.980640 1.453879
v 1.062492 0.950708 1.528169
v 1.068793 0.975322 1.584460
v 1.032019 0.945938 1.574669
v 1.096545 0.972288 1.592476
v 1.060035 0.963933 1.645039
v 1.032283 0.971429 1.636237
v 1.038237 0.964456 1.654930
v 0.989477 0.973818 1.718409
v 0.960787 0.980031 1.689388
v 1.012530 0.967769 1.629568
v 0.957832 0.959475 1.679457
v 0.921552 0.995970 1.736164
v 0.918715 0.973508 1.722577
v 0.950079 0.992387 1.770227
v 0.894237 1.002415 1.821026
v 0.865887 1.011746 1.785964
v 1.154796 0.982140 1.476408
v 1.125722 0.985591 1.459127
v 1.147146 0.978837 1.408579
v 1.180951 0.969182 1.419383
v 1.124123 0.958345 1.426099
v 1.117621 0.941748 1.417833
v 1.131127 0.940776 1.393535
v 1.157950 0.915375 1.399366
v 1.108066 0.901718 1.385245
v 1.133658 0.878436 1.389488
v 1.056170 0.728477 1.362191
v 1.077578 0.794524 1.365696
v 1.073735 0.795217 1.363353
v 1.051289 0.731716 1.358258
v 1.046313 0.796736 1.399988
v 1.100233 0.841545 1.371495
v 1.068139 0.844775 1.407972
v 1.106209 0.840070 1.373911
v 1.140231 0.903125 1.392809
v 1.132399 0.902083 1.385641
v 0.985903 0.556011 1.308476
v 1.001744 0.625481 1.330426
v 0.980905 0.634734 1.379692
v 0.961752 0.566346 1.344663
v 1.021137 0.679082 1.346647
v 0.993493 0.683787 1.387675
v 1.055159 0.742137 1.365546
v 1.021592 0.738811 1.391411
v 0.972116 0.567407 1.295055
v 0.969411 0.565688 1.342827
v 0.955651 0.536769 1.326586
v 0.961957 0.526689 1.296327
v 0.951852 0.533381 1.345003
v 0.930802 0.534980 1.334244
v 0.931474 0.539138 1.390773
v 0.904721 0.542288 1.376450
v 0.823944 0.553940 1.562828
v 0.858747 0.556165 1.497160
v 0.886044 0.556929 1.496621
v 0.857377 0.568653 1.542277
v 0.894058 0.545637 1.448427
v 0.908153 0.550066 1.433610
v 0.894106 0.545646 1.448293
v 0.908193 0.550055 1.433514
v 0.712245 0.800520 1.806614
v 0.737979 0.862965 1.823085
v 0.772692 0.861805 1.773085
v 0.749014 0.803280 1.765730
v 0.753261 0.915195 1.822790
v 0.792322 0.911199 1.777853
v 0.753118 0.973747 1.847507
v 0.809442 0.970206 1.785362
v 0.619602 0.597347 1.777513
v 0.664966 0.661984 1.794570
v 0.699375 0.684646 1.742752
v 0.650918 0.615631 1.738124
v 0.700335 0.733272 1.797214
v 0.733723 0.746332 1.751845
v 0.719212 0.804386 1.795391
v 0.746009 0.804214 1.760557
v 0.683350 0.517312 1.701632
v 0.733963 0.511370 1.647209
v 0.766971 0.566113 1.655495
v 0.727464 0.577837 1.692176
v 0.780684 0.509009 1.609275
v 0.804635 0.566436 1.600353
v 0.827912 0.512409 1.560561
v 0.849688 0.557445 1.547190
v 0.701269 0.518584 1.695505
v 0.728107 0.566550 1.701489
v 0.678941 0.569181 1.709661
v 0.649054 0.527053 1.726716
v 0.637006 0.571472 1.734633
v 0.609597 0.569369 1.765354
v 0.655811 0.617221 1.733379
v 0.632723 0.614062 1.792015
v 0.902625 1.017034 1.775709
v 0.886309 1.007916 1.780869
v 0.835252 1.015582 1.815835
v 0.845912 1.019420 1.833316
v 0.826123 0.999337 1.792618
v 0.805932 0.996405 1.803528
v 0.807285 1.001474 1.826185
v 0.804635 0.986183 1.842707
v 0.787134 0.960908 1.814180
v 0.780750 0.936234 1.824831
v 0.843059 0.908022 1.583640
v 0.818788 0.908772 1.577508
v 0.812100 0.846101 1.548278
v 0.837471 0.843238 1.561035
v 0.804076 0.855907 1.566714
v 0.801174 0.799293 1.541402
v 0.808582 0.789981 1.522486
v 0.833303 0.787639 1.534738
v 0.803034 0.735544 1.497322
v 0.827755 0.733203 1.509574
v 0.831718 0.778698 1.531240
v 0.807331 0.779452 1.519560
v 0.800638 0.716791 1.486703
v 0.826129 0.713915 1.497670
v 0.787797 0.719488 1.496338
v 0.783627 0.662875 1.471025
v 0.795856 0.660668 1.460914
v 0.820694 0.658315 1.471373
v 0.804384 0.606232 1.448295
v 0.829222 0.603879 1.454363
v 0.823654 0.616018 1.452113
v 0.789221 0.612716 1.462086
v 0.804611 0.583055 1.453083
v 0.831795 0.564474 1.422713
v 0.784079 0.587127 1.458816
v 0.780044 0.568360 1.433728
v 0.730911 0.593454 1.483613
v 0.728609 0.569135 1.459199
v 0.274086 0.908500 1.722792
v 0.275768 0.844320 1.697830
v 0.326080 0.852173 1.697123
v 0.322056 0.912589 1.720119
v 0.279234 0.785059 1.681524
v 0.323116 0.792883 1.679232
v 0.279078 0.727233 1.665320
v 0.309649 0.735057 1.663028
v 0.259733 0.783777 1.677192
v 0.258195 0.712841 1.651495
v 0.309341 0.720695 1.650788
v 0.308537 0.787867 1.674519
v 0.260128 0.653439 1.627649
v 0.310194 0.661263 1.625357
v 0.266992 0.602208 1.611723
v 0.317058 0.610033 1.609431
v 0.277307 0.576693 1.604991
v 0.284981 0.518380 1.582277
v 0.328063 0.548895 1.586444
v 0.321116 0.579894 1.602061
v 0.331065 0.506257 1.569166
v 0.337850 0.537998 1.593405
v 0.382934 0.507191 1.566000
v 0.390300 0.544415 1.586296
v 0.259733 0.696236 1.644874
v 0.258195 0.625300 1.619177
v 0.309341 0.633153 1.618470
v 0.308537 0.700326 1.642201
v 0.271073 0.565898 1.595331
v 0.321140 0.573722 1.593039
v 0.292193 0.514667 1.579405
v 0.334738 0.522492 1.610873
v 0.740308 0.566882 1.459074
v 0.740284 0.590092 1.475382
v 0.679896 0.578300 1.518437
v 0.672299 0.566622 1.484138
v 0.620604 0.575566 1.536161
v 0.603664 0.565106 1.500387
v 0.562789 0.575597 1.552455
v 0.545849 0.557957 1.516681
v 0.554606 0.555293 1.511204
v 0.563174 0.574768 1.550856
v 0.492973 0.571066 1.564404
v 0.494312 0.547535 1.532999
v 0.441780 0.564788 1.568115
v 0.435153 0.525635 1.550769
v 0.373109 0.542479 1.588842
v 0.366482 0.503325 1.571497
v 0.780427 1.022970 1.658493
v 0.774249 1.005138 1.637497
v 0.822885 1.010258 1.605865
v 0.841983 1.021193 1.627704
v 0.814374 1.001292 1.615597
v 0.813959 0.975352 1.604026
v 0.824258 0.969791 1.589698
v 0.846385 0.956109 1.603748
v 0.818907 0.908381 1.576724
v 0.841178 0.897199 1.587279
v 0.781431 1.024559 1.662395
v 0.708708 1.005541 1.696756
v 0.703768 0.992954 1.661289
v 0.775325 1.007983 1.636096
v 0.699246 0.970639 1.662712
v 0.652361 0.981903 1.684611
v 0.649843 0.958206 1.682067
v 0.655111 0.996000 1.724411
v 0.597906 0.979105 1.744685
v 0.595156 0.970125 1.704884
v 0.599270 0.977787 1.752909
v 0.514177 0.974578 1.770979
v 0.511978 0.964469 1.732908
v 0.598043 0.970227 1.708431
v 0.509853 0.944456 1.731329
v 0.434875 0.966501 1.746941
v 0.435699 0.948199 1.742063
v 0.434022 0.974840 1.788427
v 0.371151 0.983923 1.785907
v 0.370828 0.975584 1.759953
v 0.374370 0.983181 1.783264
v 0.299813 0.988971 1.762117
v 0.314074 0.979496 1.747487
v 0.372762 0.973015 1.760466
v 0.324703 0.965318 1.738258
v 0.296369 0.937550 1.727511
v 0.321585 0.939960 1.732358
v 0.277731 0.930256 1.727910
v 0.274224 0.876942 1.716566
v 0.294322 0.884448 1.713045
v 0.311180 0.883960 1.689371
v 0.225031 0.881305 1.691905
v 0.227501 0.873719 1.673176
v 0.314181 0.879136 1.664039
v 0.228840 0.854280 1.666611
v 0.144483 0.865266 1.684146
v 0.148346 0.847952 1.677346
v 0.139231 0.870508 1.709354
v 0.305177 0.890233 1.687937
v 0.310716 0.884250 1.667874
v 0.368234 0.887954 1.641392
v 0.384300 0.893863 1.652139
v 0.349601 0.866384 1.637004
v 0.346654 0.840444 1.628856
v 0.366448 0.841579 1.622287
v 0.383577 0.828780 1.634795
v 0.352154 0.797246 1.604397
v 0.366365 0.786348 1.606984
v 0.373020 0.614915 1.538825
v 0.354570 0.664904 1.564065
v 0.337031 0.664587 1.542709
v 0.355441 0.608297 1.513355
v 0.316859 0.664247 1.539846
v 0.341713 0.721075 1.567527
v 0.320596 0.718491 1.565446
v 0.360133 0.723484 1.588154
v 0.362901 0.804184 1.609337
v 0.349159 0.799267 1.604915
v 0.371419 0.618885 1.540374
v 0.335486 0.603120 1.516105
v 0.355053 0.563030 1.514420
v 0.401238 0.544962 1.549307
v 0.353018 0.543885 1.516611
v 0.375752 0.536211 1.509041
v 0.315816 0.537329 1.493717
v 0.332950 0.550848 1.518976
v 0.276443 0.561038 1.552999
v 0.258046 0.555112 1.515731
v 0.298408 0.545586 1.498561
v 0.315131 0.548855 1.537241
v 0.227969 0.569920 1.561973
v 0.225154 0.562487 1.536713
v 0.147476 0.569110 1.574390
v 0.139355 0.567539 1.540997
v 0.070000 0.572132 1.581237
v 1.136864 0.984246 1.451961
v 1.102825 0.979092 1.534446
v 1.074958 0.964357 1.525080
v 1.113774 0.966592 1.452677
v 1.067060 0.945277 1.532928
v 1.043091 0.961483 1.578264
v 1.037398 0.940633 1.579427
v 1.067663 0.978864 1.597624
v 1.032123 0.970730 1.650187
v 1.007551 0.959133 1.629780
v 1.022401 0.974821 1.626019
v 0.974937 0.983934 1.689498
v 0.943059 0.975824 1.676796
v 0.993216 0.964093 1.616711
v 0.946265 0.953811 1.665871
v 0.904855 0.991526 1.723939
v 0.908188 0.967471 1.708991
v 0.936586 1.002009 1.741315
v 0.882229 1.011770 1.792114
v 0.850657 1.006476 1.773811
v 1.132970 0.989134 1.461072
v 1.096895 0.967014 1.464103
v 1.115978 0.962763 1.416048
v 1.158430 0.976521 1.404047
v 1.106870 0.943566 1.431511
v 1.105160 0.928362 1.424508
v 1.103000 0.931612 1.402917
v 1.136040 0.924144 1.384030
v 1.081013 0.892797 1.395238
v 1.112394 0.888187 1.374153
v 1.030181 0.728953 1.348482
v 1.051020 0.793244 1.354289
v 1.030197 0.794443 1.377934
v 1.002988 0.734552 1.361416
v 1.039100 0.794908 1.399670
v 1.049805 0.840129 1.386020
v 1.059562 0.842505 1.407165
v 1.078891 0.837580 1.362504
v 1.112008 0.898959 1.381402
v 1.079714 0.897157 1.396480
v 0.970185 0.561072 1.294890
v 0.985606 0.628695 1.316840
v 0.956461 0.633426 1.342747
v 0.951035 0.580738 1.322454
v 0.965159 0.628263 1.366748
v 0.977537 0.683277 1.363168
v 0.981526 0.684944 1.376511
v 1.004483 0.680871 1.333061
v 1.037600 0.742250 1.351960
v 1.007626 0.740549 1.374101
v 0.962664 0.572165 1.294218
v 0.963616 0.570491 1.345151
v 0.950221 0.542341 1.328909
v 0.952906 0.533014 1.295489
v 0.946524 0.539042 1.347327
v 0.922150 0.541572 1.333407
v 0.926687 0.544647 1.393096
v 0.896762 0.548686 1.375612
v 0.804082 0.560273 1.549242
v 0.837960 0.562656 1.483574
v 0.882648 0.563426 1.483035
v 0.854743 0.574838 1.528691
v 0.872332 0.555050 1.434841
v 0.904169 0.556745 1.420024
v 0.895591 0.556614 1.367894
v 0.930543 0.551351 1.381399
v 0.695369 0.799081 1.793028
v 0.720419 0.859866 1.809499
v 0.754014 0.858737 1.759499
v 0.730964 0.801768 1.752144
v 0.735295 0.910708 1.809204
v 0.773122 0.906818 1.764267
v 0.758376 0.967703 1.818351
v 0.789787 0.964256 1.771776
v 0.604993 0.601308 1.763927
v 0.649151 0.664227 1.780984
v 0.682645 0.686287 1.729166
v 0.635476 0.619106 1.724538
v 0.683580 0.733621 1.783628
v 0.716080 0.746333 1.738260
v 0.701954 0.802844 1.781805
v 0.728040 0.802676 1.746971
v 0.667046 0.523401 1.688046
v 0.716314 0.517617 1.633623
v 0.748444 0.570904 1.641909
v 0.709987 0.582317 1.678590
v 0.761793 0.515318 1.595689
v 0.785107 0.571219 1.586767
v 0.807765 0.518629 1.546975
v 0.828963 0.562467 1.533604
v 0.684489 0.524639 1.681919
v 0.710613 0.571330 1.687903
v 0.662755 0.573891 1.696075
v 0.633662 0.532883 1.713130
v 0.621934 0.576121 1.721047
v 0.595254 0.574074 1.751768
v 0.640239 0.620654 1.719793
v 0.617765 0.617579 1.778429
v 0.885886 1.024139 1.766887
v 0.871198 1.013645 1.760603
v 0.819330 1.019084 1.804483
v 0.830681 1.026462 1.824494
v 0.806024 0.992613 1.779032
v 0.786369 0.989759 1.789942
v 0.787006 0.998020 1.814455
v 0.790501 0.994108 1.833885
v 0.765959 0.954936 1.800139
v 0.767250 0.945487 1.816009
v 1.015036 0.737991 1.396039
v 1.085381 0.897030 1.415823
v 1.104098 0.944134 1.447811
v 1.084345 0.895722 1.417602
v 1.109074 0.945560 1.467270
v 1.001858 0.942152 1.630243
v 0.998738 0.939828 1.608704
v 0.854127 0.986885 1.758068
v 0.953968 0.573753 1.343891
v 1.013443 0.735918 1.393969
v 0.769735 0.982016 1.634542
v 0.592638 0.951112 1.702340
v 0.773361 0.985024 1.641238
v 0.808524 0.912465 1.585445
v 0.811805 0.916577 1.595272
v 0.795626 0.744857 1.516238
v 0.800313 0.780159 1.537482
v 0.792154 0.608438 1.462525
v 0.596858 0.952678 1.700665
v 0.367947 0.957282 1.743077
v 0.316001 0.862203 1.651483
v 0.315681 0.862600 1.653311
v 0.326732 0.794035 1.600849
v 0.335226 0.601200 1.517594
v 0.324328 0.793994 1.599349
v 0.070000 0.845980 1.674826
v 1.109146 0.956642 1.467818
v 1.096238 0.899800 1.411707
v 1.021592 0.738811 1.391411
v 1.096238 0.899800 1.411707
v 1.105652 0.950999 1.462511
v 0.995509 0.947498 1.625484
v 1.011738 0.945111 1.622290
v 0.863178 0.993453 1.771654
v 0.873877 0.988586 1.770878
v 0.787963 0.961319 1.794953
v 0.852509 0.982148 1.757292
v 0.768878 0.955606 1.781367
v 0.917952 0.550181 1.381480
v 0.928552 0.544525 1.385798
v 0.788843 0.988451 1.648128
v 0.606910 0.956703 1.715926
v 0.611245 0.958311 1.714251
v 0.381098 0.963041 1.753129
v 0.375826 0.963935 1.756742
v 0.308179 0.890908 1.722684
v 0.367696 0.958153 1.743156
v 0.320980 0.887067 1.714805
vn -0.2141 0.3915 0.8949
vn -0.0308 0.8711 0.4901
vn -0.3495 0.8666 0.3562
vn -0.0693 -0.7352 -0.6743
vn -0.2021 -0.9547 -0.2186
vn -0.2998 -0.6486 -0.6996
vn 0.0566 -0.6735 -0.7370
vn 0.2049 -0.1876 -0.9606
vn 0.1688 -0.6743 -0.7189
vn 0.0187 0.3764 0.9263
vn 0.2866 0.0028 0.9580
vn 0.2632 0.3604 0.8949
vn -0.0751 -0.7303 0.6790
vn 0.0013 -0.1849 0.9828
vn -0.1294 -0.1699 0.9769
vn 0.7286 0.3543 0.5862
vn 0.3309 0.8420 0.4260
vn -0.6769 0.3803 -0.6302
vn -0.3516 0.8685 -0.3494
vn -0.2591 0.4406 -0.8595
vn 0.5282 -0.6600 -0.5342
vn 0.1699 -0.9660 -0.1947
vn -0.4645 -0.6883 0.5572
vn -0.0852 -0.9777 0.1922
vn -0.5638 -0.6884 -0.4564
vn -0.3882 -0.2184 -0.8953
vn 0.2369 0.4371 -0.8677
vn 0.6917 0.0038 -0.7222
vn 0.2476 -0.0080 -0.9688
vn -0.7369 0.0007 0.6760
vn -0.1621 -0.0010 0.9868
vn 0.5095 -0.6830 0.5233
vn 0.3086 -0.1702 0.9358
vn 0.1059 -0.7223 0.6834
vn 0.5365 0.8439 -0.0072
vn 0.2203 0.9754 0.0063
vn 0.5099 0.8602 0.0017
vn 0.6745 -0.7382 -0.0018
vn 0.9763 -0.2154 -0.0215
vn 0.9777 -0.2097 0.0064
vn 0.9245 0.3813 0.0027
vn 0.9997 -0.0048 0.0223
vn 1.0000 -0.0011 0.0026
vn -0.9228 0.3847 -0.0221
vn -0.9998 -0.0178 -0.0045
vn -0.9214 0.3886 0.0073
vn -0.5609 -0.8279 -0.0023
vn -0.9522 -0.3039 0.0315
vn -0.9540 -0.2996 -0.0100
vn -0.9198 0.3913 0.0282
vn -0.5044 0.8634 0.0042
vn 0.6375 -0.7701 0.0232
vn 0.1556 -0.9878 0.0029
vn -0.1995 -0.9798 -0.0163
vn -0.1587 -0.9873 0.0030
vn -0.0010 0.3941 0.9190
vn 0.0275 0.8528 0.5215
vn 0.0028 0.8663 0.4995
vn 0.0029 -0.9756 -0.2195
vn 0.0223 -0.6997 -0.7141
vn -0.0431 -0.2307 -0.9721
vn -0.0235 -0.7243 -0.6890
vn -0.0009 0.3828 0.9238
vn -0.0007 0.0014 1.0000
vn 0.0001 0.0003 1.0000
vn -0.0010 -0.7739 0.6334
vn -0.0005 -0.2128 0.9771
vn -0.0001 -0.7760 0.6307
vn -0.0704 0.4633 -0.8834
vn -0.0141 0.8821 -0.4709
vn -0.0318 0.4680 -0.8832
vn 0.0013 -0.7694 0.6387
vn 0.0022 -0.7607 0.6492
vn 0.0032 -0.9869 0.1612
vn -0.0012 0.3846 0.9231
vn 0.0008 0.8515 0.5243
vn -0.0046 -0.6848 -0.7287
vn -0.0108 -0.9795 -0.2013
vn -0.0003 -0.1982 -0.9802
vn 0.0024 -0.1932 0.9811
vn 0.0010 -0.7550 0.6558
vn 0.0010 0.4659 -0.8848
vn 0.0078 0.8807 -0.4736
vn 0.0185 0.4662 -0.8845
vn -0.0006 -0.9856 0.1693
vn 0.6876 -0.7009 0.1893
vn 0.7736 -0.1643 0.6120
vn -0.6178 -0.7493 -0.2385
vn -0.7410 -0.2460 -0.6249
vn 0.6373 -0.2200 -0.7385
vn -0.6837 -0.2059 0.7001
vn 0.0272 -0.0056 -0.9996
vn 0.0667 -0.1676 -0.9836
vn 0.0350 -0.2082 -0.9775
vn -0.9457 -0.2684 0.1832
vn -0.7900 -0.0636 -0.6098
vn 0.7603 -0.0013 0.6496
vn 0.9246 -0.1971 -0.3261
vn -0.3588 -0.0251 -0.9331
vn -0.0910 -0.2389 -0.9668
vn -0.0322 -0.0020 -0.9995
vn 0.0010 -0.1967 0.9805
vn 0.0001 -0.0000 1.0000
vn -0.5035 0.8618 -0.0619
vn -0.8780 0.4032 -0.2580
vn -0.9218 0.3780 -0.0859
vn 0.6833 -0.7251 -0.0854
vn 0.6819 -0.6932 -0.2334
vn 0.0537 0.8873 -0.4581
vn 0.3508 0.8529 -0.3866
vn 0.6197 0.3735 -0.6903
vn 0.8676 0.3913 -0.3067
vn -0.2039 0.9714 -0.1221
vn -0.0739 0.8920 -0.4459
vn -0.0015 0.9806 -0.1958
vn -0.0421 0.9829 -0.1792
vn -0.9633 -0.2554 -0.0827
vn -0.8929 -0.2867 -0.3471
vn 0.9947 -0.0169 -0.1016
vn 0.9455 -0.0122 -0.3254
vn -0.0253 0.9713 0.2366
vn 0.8940 0.3804 0.2367
vn 0.4962 0.8621 0.1031
vn -0.1133 -0.9928 0.0399
vn -0.5537 -0.8203 0.1432
vn -0.5725 -0.8191 0.0364
vn 0.1436 -0.9740 0.1755
vn 0.9707 -0.0065 0.2401
vn -0.7494 0.3895 0.5355
vn -0.8967 0.4182 0.1454
vn 0.1374 0.9717 0.1924
vn -0.0031 0.9692 0.2462
vn -0.0051 0.8529 0.5221
vn 0.9766 -0.2028 0.0710
vn 0.9580 -0.1785 0.2246
vn -0.9178 0.3922 0.0619
vn -0.9859 -0.0033 0.1671
vn 0.1647 0.9782 -0.1262
vn 0.5207 0.8503 -0.0763
vn 0.9754 -0.1908 -0.1105
vn -0.9594 -0.0205 -0.2814
vn -0.9955 0.0012 -0.0948
vn 0.9261 0.3663 -0.0907
vn -0.5884 -0.8050 -0.0768
vn 0.6501 -0.7597 -0.0128
vn 0.1548 -0.9877 -0.0239
vn -0.2578 0.9661 -0.0167
vn -0.5098 0.8602 -0.0076
vn -0.0039 0.9990 -0.0436
vn -0.9612 -0.2758 -0.0103
vn 0.9998 -0.0000 -0.0177
vn 0.0117 0.0023 0.9999
vn 0.0002 -0.0012 1.0000
vn 0.9963 -0.0242 0.0823
vn 0.9731 -0.2275 0.0359
vn -0.9990 -0.0423 -0.0148
vn 0.0621 -0.0184 -0.9979
vn -0.0006 0.0066 -1.0000
vn -0.9547 -0.2913 0.0613
vn -0.9999 0.0028 0.0142
vn 0.2181 0.9758 -0.0180
vn 0.0671 0.9977 0.0129
vn 0.0075 -0.1969 0.9804
vn 0.0640 0.4690 -0.8809
vn 0.0010 -0.9997 -0.0235
vn 0.0329 0.9817 -0.1877
vn 0.0017 0.8765 -0.4814
vn -0.0025 -0.9997 -0.0241
vn -0.0018 0.3851 0.9229
vn -0.0946 0.0067 -0.9955
vn -0.1719 0.9715 0.1630
vn -0.0749 0.9966 -0.0357
vn 0.9292 0.3692 -0.0152
vn -0.6730 -0.7394 -0.0183
vn -0.2613 0.9652 0.0062
vn -0.0844 0.9964 0.0103
vn 0.0581 0.9976 -0.0371
vn 0.0012 -0.9998 0.0186
vn 0.0012 -0.9999 0.0137
vn -0.0039 0.9999 0.0120
vn 0.9310 0.3647 0.0169
vn -0.5574 -0.8300 0.0210
vn -0.5266 0.8499 0.0154
vn -0.5252 0.8495 0.0506
vn 0.6305 -0.7742 0.0551
vn -0.0670 0.9959 0.0613
vn -0.2479 0.9684 0.0276
vn 0.5289 0.8485 0.0202
vn 0.2079 0.9769 0.0498
vn -0.0019 0.9970 0.0768
vn 0.0594 0.9956 0.0724
vn 0.9235 0.3769 0.0718
vn 0.0284 0.9725 0.2311
vn -0.9981 -0.0001 0.0609
vn 0.2141 0.3915 0.8949
vn 0.0308 0.8711 0.4901
vn 0.0018 0.3851 0.9229
vn 0.2021 -0.9547 -0.2186
vn 0.0693 -0.7352 -0.6743
vn 0.2998 -0.6486 -0.6996
vn -0.2049 -0.1876 -0.9606
vn -0.0566 -0.6735 -0.7370
vn -0.1688 -0.6743 -0.7189
vn -0.2866 0.0028 0.9580
vn -0.0187 0.3764 0.9263
vn -0.2632 0.3604 0.8949
vn 0.0751 -0.7303 0.6790
vn -0.0013 -0.1849 0.9828
vn -0.0022 -0.7606 0.6492
vn -0.3309 0.8420 0.4260
vn -0.7286 0.3543 0.5862
vn 0.3516 0.8685 -0.3494
vn 0.6769 0.3803 -0.6302
vn 0.2591 0.4406 -0.8595
vn -0.1699 -0.9660 -0.1947
vn -0.5282 -0.6600 -0.5342
vn 0.0852 -0.9777 0.1922
vn 0.4645 -0.6883 0.5572
vn 0.3882 -0.2184 -0.8953
vn 0.5638 -0.6884 -0.4564
vn -0.2369 0.4371 -0.8677
vn -0.6917 0.0038 -0.7222
vn -0.6197 0.3735 -0.6903
vn 0.7369 0.0007 0.6760
vn 0.7494 0.3895 0.5355
vn -0.3086 -0.1702 0.9358
vn -0.5095 -0.6830 0.5233
vn -0.1059 -0.7223 0.6834
vn -0.2203 0.9754 0.0063
vn -0.5365 0.8439 -0.0072
vn -0.5099 0.8602 0.0017
vn -0.6745 -0.7382 -0.0018
vn -0.9763 -0.2154 -0.0215
vn -0.6501 -0.7597 -0.0128
vn -0.9245 0.3813 0.0027
vn -0.9997 -0.0048 0.0223
vn -0.9310 0.3647 0.0169
vn 0.9998 -0.0178 -0.0045
vn 0.9228 0.3847 -0.0221
vn 0.9214 0.3886 0.0073
vn 0.5609 -0.8279 -0.0023
vn 0.9522 -0.3039 0.0315
vn 0.5574 -0.8300 0.0210
vn -0.9292 0.3692 -0.0152
vn 0.5044 0.8634 0.0042
vn 0.9198 0.3913 0.0282
vn -0.1556 -0.9878 0.0029
vn -0.6375 -0.7701 0.0232
vn 0.1995 -0.9798 -0.0163
vn 0.6730 -0.7394 -0.0183
vn 0.0010 0.3941 0.9190
vn -0.0275 0.8528 0.5215
vn -0.0029 -0.9756 -0.2195
vn -0.0223 -0.6997 -0.7141
vn 0.0431 -0.2307 -0.9721
vn 0.0235 -0.7243 -0.6890
vn 0.0009 0.3828 0.9238
vn 0.0007 0.0014 1.0000
vn 0.0005 -0.2128 0.9771
vn 0.0010 -0.7739 0.6334
vn 0.0001 -0.7760 0.6307
vn 0.0141 0.8821 -0.4709
vn 0.0704 0.4633 -0.8834
vn 0.0318 0.4679 -0.8832
vn -0.0013 -0.7694 0.6387
vn -0.0032 -0.9869 0.1612
vn -0.0008 0.8515 0.5243
vn 0.0012 0.3846 0.9231
vn 0.0108 -0.9795 -0.2013
vn 0.0046 -0.6848 -0.7287
vn 0.0003 -0.1982 -0.9802
vn -0.0350 -0.2082 -0.9775
vn -0.0024 -0.1932 0.9811
vn -0.0010 -0.1967 0.9805
vn -0.0078 0.8807 -0.4736
vn -0.0010 0.4659 -0.8848
vn -0.0185 0.4662 -0.8845
vn 0.0006 -0.9856 0.1693
vn -0.0010 -0.7550 0.6558
vn -0.6876 -0.7009 0.1893
vn -0.7736 -0.1643 0.6120
vn -0.9580 -0.1785 0.2246
vn 0.6178 -0.7493 -0.2385
vn 0.7410 -0.2460 -0.6249
vn 0.8929 -0.2867 -0.3471
vn -0.6373 -0.2200 -0.7385
vn 0.1294 -0.1699 0.9769
vn 0.6837 -0.2059 0.7001
vn -0.0667 -0.1676 -0.9836
vn -0.0272 -0.0056 -0.9996
vn 0.9457 -0.2684 0.1832
vn 0.7900 -0.0636 -0.6098
vn -0.9246 -0.1971 -0.3261
vn 0.0910 -0.2389 -0.9668
vn 0.3588 -0.0251 -0.9331
vn 0.0322 -0.0020 -0.9995
vn -0.0001 -0.0000 1.0000
vn 0.5035 0.8618 -0.0619
vn 0.8780 0.4032 -0.2580
vn -0.6833 -0.7251 -0.0854
vn -0.6819 -0.6932 -0.2334
vn -0.0537 0.8873 -0.4581
vn -0.3508 0.8529 -0.3866
vn 0.9594 -0.0205 -0.2814
vn -0.8676 0.3913 -0.3067
vn 0.2039 0.9714 -0.1221
vn 0.0015 0.9806 -0.1958
vn -0.0017 0.8765 -0.4814
vn 0.9633 -0.2554 -0.0827
vn 0.5884 -0.8049 -0.0768
vn -0.9947 -0.0169 -0.1016
vn -0.9261 0.3663 -0.0907
vn 0.0253 0.9713 0.2366
vn -0.8940 0.3804 0.2367
vn -0.4962 0.8621 0.1031
vn -0.9235 0.3769 0.0718
vn 0.1133 -0.9928 0.0399
vn 0.5537 -0.8203 0.1432
vn -0.1436 -0.9740 0.1755
vn -0.9707 -0.0065 0.2401
vn 0.3495 0.8666 0.3562
vn 0.8967 0.4182 0.1454
vn -0.1374 0.9717 0.1924
vn -0.0028 0.8663 0.4995
vn 0.0031 0.9692 0.2462
vn -0.0284 0.9725 0.2311
vn -0.9766 -0.2028 0.0710
vn -0.6305 -0.7742 0.0551
vn 0.9859 -0.0033 0.1671
vn 0.9178 0.3922 0.0619
vn -0.1647 0.9782 -0.1262
vn -0.5207 0.8503 -0.0763
vn -0.9754 -0.1908 -0.1105
vn 0.9218 0.3780 -0.0859
vn -0.1548 -0.9877 -0.0239
vn 0.2578 0.9661 -0.0167
vn 0.0421 0.9829 -0.1792
vn 0.0039 0.9990 -0.0436
vn 0.0749 0.9966 -0.0357
vn 0.9612 -0.2758 -0.0103
vn -0.9998 -0.0000 -0.0177
vn -0.0117 0.0023 0.9999
vn -0.0002 -0.0012 1.0000
vn -0.2476 -0.0080 -0.9688
vn 0.1621 -0.0010 0.9868
vn -0.9731 -0.2275 0.0359
vn -0.9963 -0.0242 0.0822
vn 0.9990 -0.0423 -0.0148
vn 0.9955 0.0012 -0.0948
vn -0.0621 -0.0184 -0.9979
vn -0.7603 -0.0013 0.6496
vn -0.9455 -0.0122 -0.3254
vn 0.0946 0.0067 -0.9955
vn 0.0006 0.0066 -1.0000
vn 0.9547 -0.2913 0.0613
vn 0.9981 -0.0001 0.0609
vn 0.9999 0.0028 0.0142
vn 0.9540 -0.2996 -0.0100
vn -0.9777 -0.2097 0.0064
vn -1.0000 -0.0011 0.0026
vn -0.0671 0.9977 0.0129
vn -0.2181 0.9758 -0.0180
vn -0.0075 -0.1969 0.9804
vn -0.0640 0.4690 -0.8809
vn -0.0010 -0.9997 -0.0235
vn -0.0329 0.9817 -0.1877
vn 0.0051 0.8529 0.5221
vn 0.0025 -0.9997 -0.0241
vn 0.0739 0.8920 -0.4459
vn 0.1719 0.9715 0.1630
vn -0.0001 0.0003 1.0000
vn 0.5098 0.8602 -0.0076
vn 0.2613 0.9652 0.0062
vn 0.0844 0.9964 0.0103
vn 0.0039 0.9999 0.0120
vn -0.0581 0.9976 -0.0371
vn -0.0012 -0.9998 0.0186
vn -0.0012 -0.9999 0.0137
vn 0.1587 -0.9873 0.0030
vn 0.5266 0.8499 0.0154
vn 0.0670 0.9959 0.0613
vn 0.2479 0.9684 0.0276
vn -0.5289 0.8485 0.0202
vn -0.2079 0.9769 0.0498
vn 0.0019 0.9970 0.0768
vn -0.0594 0.9956 0.0724
vn 0.5725 -0.8191 0.0364
vn 0.5252 0.8495 0.0506
vn -0.2631 0.3604 0.8949
vn -0.6746 -0.7382 -0.0018
vn 0.6730 -0.7394 -0.0182
vn 0.0318 0.4680 -0.8832
vn -0.9235 0.3769 0.0717
vn 0.8967 0.4182 0.1455
vn -0.5208 0.8503 -0.0763
vn 0.1620 -0.0010 0.9868
vn 0.9547 -0.2913 0.0612
vn -0.0640 0.4689 -0.8809
vn 0.0145 0.9999 -0.0011
vn -0.0012 1.0000 -0.0023
vn -0.0044 1.0000 -0.0039
vn -0.0062 -0.0300 0.9995
vn -0.0005 -0.0082 1.0000
vn -0.0000 -0.0082 1.0000
vn 0.9413 -0.3375 -0.0011
vn 0.8702 -0.4926 0.0004
vn 0.8687 -0.4953 -0.0000
vn -0.8785 0.4778 0.0001
vn -0.9654 0.2607 0.0013
vn -0.8788 0.4772 -0.0000
vn 0.9804 0.1970 -0.0002
vn 0.9971 0.0762 -0.0001
vn 0.9972 0.0752 -0.0002
vn -0.0190 0.0245 -0.9995
vn -0.0044 0.0069 -1.0000
vn -0.0251 0.0018 -0.9997
vn -0.0428 0.0425 -0.9982
vn -0.0510 0.0524 -0.9973
vn -0.0607 0.0320 -0.9976
vn -0.0000 -1.0000 -0.0000
vn 0.1076 -0.9942 -0.0000
vn 0.9682 -0.2497 -0.0174
vn 0.9264 -0.3763 -0.0138
vn 0.9334 -0.3589 -0.0000
vn 0.9998 -0.0137 -0.0122
vn 0.9789 0.2042 -0.0037
vn 0.9998 0.0153 -0.0096
vn 0.8764 0.4816 -0.0043
vn 0.6523 0.7580 -0.0029
vn 0.6523 0.7579 -0.0112
vn 0.1073 -0.1226 -0.9866
vn 0.0101 -0.1648 -0.9863
vn 0.1248 -0.1027 -0.9868
vn -0.0155 -0.0011 0.9999
vn -0.0000 0.0179 0.9998
vn 0.4972 -0.0836 -0.8636
vn 0.1471 -0.1264 -0.9810
vn 0.3667 -0.0708 -0.9276
vn 0.9241 0.3821 0.0076
vn 0.9842 -0.1770 0.0074
vn 0.9741 0.2261 0.0099
vn -0.7731 0.6342 -0.0000
vn -0.8337 0.5523 -0.0000
vn -0.8232 0.5678 0.0007
vn 0.3098 0.9507 0.0089
vn 0.4180 0.9084 -0.0047
vn 0.2151 0.9766 0.0012
vn -0.0659 0.0092 -0.9978
vn 0.0722 -0.0127 -0.9973
vn 0.9711 -0.2381 -0.0182
vn 0.3484 -0.1465 -0.9258
vn 0.3935 -0.1847 -0.9006
vn -0.0048 -0.0003 1.0000
vn -0.0103 0.0017 0.9999
vn -0.0039 0.0012 1.0000
vn 0.2826 -0.0248 -0.9589
vn 0.3338 -0.0140 -0.9425
vn 0.2533 -0.0607 -0.9655
vn 0.0919 0.0845 -0.9922
vn 0.1557 -0.0455 -0.9868
vn 0.0561 -0.0819 -0.9951
vn 0.5296 -0.8482 0.0062
vn 0.4055 -0.9141 -0.0066
vn 0.2744 -0.9616 -0.0035
vn 0.1816 0.0237 -0.9831
vn 0.2082 -0.0528 -0.9767
vn 0.1039 -0.9946 -0.0019
vn -0.2556 -0.9668 -0.0014
vn -0.2501 -0.9682 -0.0019
vn 0.0089 -0.3330 -0.9429
vn -0.0125 -0.1220 -0.9924
vn -0.1471 -0.3166 -0.9371
vn -0.0177 -0.0757 0.9970
vn 0.0078 -0.0183 0.9998
vn 0.0005 -0.0100 1.0000
vn -0.1541 -0.9880 -0.0013
vn -0.1602 -0.9871 -0.0005
vn 0.4159 0.9094 -0.0049
vn 0.4251 0.9052 -0.0006
vn -0.0051 0.0227 0.9997
vn 0.0297 0.0268 -0.9992
vn 0.0123 -0.0183 -0.9998
vn 0.0263 0.0153 -0.9995
vn -0.0029 -0.0023 1.0000
vn -0.0031 -0.0058 1.0000
vn -0.0052 -0.0096 0.9999
vn -0.0040 -0.0522 0.9986
vn 0.0221 -0.0453 0.9987
vn 0.0118 0.0482 -0.9988
vn 0.0141 0.0460 -0.9988
vn 0.0149 0.0765 -0.9970
vn -0.1660 -0.9861 0.0004
vn -0.0245 -0.9997 0.0004
vn -0.0281 -0.9996 0.0002
vn -0.0000 1.0000 -0.0009
vn 0.0001 1.0000 -0.0009
vn -0.0922 -0.5461 -0.8326
vn -0.0199 -0.3186 -0.9477
vn -0.0074 -0.5625 -0.8268
vn 0.0810 0.9967 -0.0000
vn 0.0644 0.9979 -0.0000
vn 0.0015 -0.1753 -0.9845
vn -0.0025 -0.1737 -0.9848
vn -0.0006 -0.0104 0.9999
vn -0.0071 -0.0272 0.9996
vn 0.0023 -0.0653 0.9979
vn -0.0037 -0.0094 0.9999
vn 0.0002 0.0032 1.0000
vn -0.1316 -0.9913 0.0004
vn 0.0705 -0.9975 0.0004
vn -0.1317 -0.9913 0.0008
vn -0.0025 0.0417 0.9991
vn 0.0199 0.1643 -0.9862
vn 0.0116 0.1047 -0.9944
vn 0.0261 0.1036 -0.9943
vn 0.2120 -0.9773 0.0001
vn 0.0726 -0.9974 0.0001
vn 0.2124 -0.9772 -0.0000
vn 0.0129 0.9999 -0.0016
vn 0.0004 1.0000 -0.0015
vn 0.0008 1.0000 -0.0034
vn 0.0024 -0.0660 -0.9978
vn -0.0329 -0.4879 -0.8723
vn 0.0117 -0.1104 -0.9938
vn 0.2509 0.9680 -0.0000
vn 0.2319 0.9727 -0.0000
vn 0.1268 -0.1081 -0.9860
vn 0.0175 -0.1806 -0.9834
vn 0.0486 -0.1823 -0.9820
vn -0.0099 -0.0416 0.9991
vn -0.0117 -0.0434 0.9990
vn -0.0054 -0.0301 0.9995
vn -0.0081 0.0159 0.9998
vn 0.0054 -0.0457 0.9989
vn 0.0463 0.0518 -0.9976
vn 0.0519 0.1233 -0.9910
vn 0.0600 -0.9982 -0.0000
vn 0.0092 1.0000 -0.0035
vn -0.0000 1.0000 -0.0048
vn 0.0018 -0.0475 -0.9989
vn 0.3246 0.9458 -0.0000
vn 0.0578 0.0511 -0.9970
vn 0.0305 -0.1256 -0.9916
vn -0.0038 -0.0254 0.9997
vn 0.0015 0.0050 1.0000
vn 0.0037 -0.0420 0.9991
vn 0.0017 -0.0357 0.9994
vn 0.0460 -0.9989 -0.0000
vn 0.0042 0.0303 0.9995
vn 0.0059 0.0047 1.0000
vn 0.0716 0.0671 -0.9952
vn -0.0019 -0.0078 -1.0000
vn 0.0330 0.0521 -0.9981
vn -0.0077 1.0000 -0.0037
vn -0.0007 1.0000 -0.0035
vn -0.0080 1.0000 -0.0026
vn -0.0098 -0.0853 -0.9963
vn -0.0010 -0.0504 -0.9987
vn -0.0080 -0.0550 -0.9985
vn 0.3700 0.9290 -0.0005
vn 0.2223 0.9750 -0.0006
vn 0.3686 0.9296 -0.0007
vn -0.0419 -0.0417 -0.9982
vn -0.0112 -0.0965 -0.9953
vn -0.0826 0.0826 -0.9932
vn -0.0063 -0.0195 0.9998
vn -0.0074 -0.0195 0.9998
vn -0.0012 -0.0168 0.9999
vn 0.0043 -0.0718 -0.9974
vn 0.3722 0.9281 -0.0000
vn 0.0074 -0.0646 -0.9979
vn 0.0074 0.1304 -0.9914
vn 0.0763 0.2198 -0.9725
vn 0.0265 0.1520 -0.9880
vn 0.0600 0.1501 -0.9869
vn 0.0391 0.0275 -0.9989
vn 0.0051 1.0000 -0.0025
vn 0.0005 1.0000 -0.0032
vn -0.0000 -0.0484 -0.9988
vn 0.0020 -0.0188 -0.9998
vn -0.0000 1.0000 -0.0000
vn 0.1889 0.9820 -0.0004
vn 0.1901 0.9818 -0.0000
vn 0.0330 -0.0363 -0.9988
vn -0.0023 -0.1535 -0.9882
vn -0.0023 -0.0156 0.9999
vn -0.0001 -0.0128 0.9999
vn -0.0000 1.0000 -0.0010
vn 0.0042 1.0000 -0.0010
vn -0.0318 -0.2883 -0.9570
vn -0.0816 -0.5709 -0.8169
vn 0.1684 0.9857 -0.0000
vn 0.0067 -0.1845 -0.9828
vn 0.0013 -0.1794 -0.9838
vn -0.0065 -0.0516 0.9986
vn -0.0044 -0.0627 0.9980
vn 0.0153 0.1192 -0.9928
vn 0.0164 0.0667 -0.9976
vn 0.1324 0.9912 0.0034
vn 0.3682 0.9297 0.0020
vn 0.0859 0.9963 0.0030
vn 0.9998 0.0192 -0.0024
vn 0.9419 -0.3358 -0.0026
vn -0.9995 0.0307 0.0003
vn -0.9998 0.0197 0.0008
vn 0.9911 -0.1333 -0.0000
vn 0.9840 0.1779 -0.0000
vn -0.0145 0.0267 -0.9995
vn -0.0066 -0.0042 -1.0000
vn -0.0086 -0.0118 -0.9999
vn 0.9807 0.1953 -0.0000
vn 0.8720 0.4894 -0.0000
vn -0.0034 -0.0009 1.0000
vn -0.0023 -0.0015 1.0000
vn -0.4073 -0.0280 -0.9129
vn -0.0554 -0.0492 -0.9973
vn -0.2839 -0.0725 -0.9561
vn -1.0000 -0.0094 -0.0015
vn -1.0000 -0.0000 -0.0000
vn -0.0584 0.0082 -0.9983
vn -0.0043 0.0210 -0.9998
vn -0.0640 -0.0746 -0.9952
vn -0.0000 0.0404 -0.9992
vn -0.0000 0.1518 -0.9884
vn -0.0040 -0.0001 1.0000
vn -0.0038 0.0010 1.0000
vn 0.5658 -0.1510 -0.8106
vn 0.3143 0.0151 -0.9492
vn 0.1351 0.0905 -0.9867
vn 0.1920 -0.9811 -0.0255
vn 0.2718 -0.9623 -0.0000
vn -0.0013 0.0019 1.0000
vn 0.0248 0.0724 -0.9971
vn 0.1298 0.1818 -0.9747
vn 0.0522 0.1715 -0.9838
vn 0.0861 0.0906 -0.9922
vn 0.0761 0.3415 -0.9368
vn 0.0419 0.2053 -0.9778
vn 0.0698 0.3239 -0.9435
vn 0.0605 0.3496 -0.9350
vn 0.0398 0.2680 -0.9626
vn 0.0188 0.3367 -0.9414
vn 0.0432 0.2310 -0.9720
vn 0.0538 0.3314 -0.9420
vn 0.0652 0.2024 -0.9771
vn 0.0122 0.1713 -0.9852
vn 0.0028 0.2268 -0.9739
vn 0.0726 0.2760 -0.9584
vn 0.0294 0.2427 -0.9697
vn 0.2364 0.1102 -0.9654
vn 0.2375 0.0599 -0.9695
vn 0.4510 0.0843 -0.8885
vn 0.3401 -0.0047 -0.9404
vn 0.5238 -0.1031 -0.8456
vn -0.0039 0.0002 1.0000
vn 0.0796 0.0837 -0.9933
vn 0.0478 0.0964 -0.9942
vn 0.0116 0.0906 -0.9958
vn 0.0045 -0.0011 1.0000
vn 0.0248 0.1014 -0.9945
vn -0.0017 0.0883 -0.9961
vn -0.0002 -0.0010 1.0000
vn 0.0609 0.2915 -0.9546
vn 0.0267 -0.1525 -0.9879
vn 0.0036 0.0125 0.9999
vn 0.3051 -0.0535 -0.9508
vn 0.3103 -0.1248 -0.9424
vn 0.2579 -0.0861 -0.9623
vn -0.0002 0.0094 1.0000
vn -0.0054 0.0045 1.0000
vn 0.0203 -0.1686 -0.9855
vn 0.0065 -0.1754 -0.9845
vn 0.0209 -0.2089 -0.9777
vn 0.0137 -0.2290 -0.9733
vn -0.0017 0.0130 0.9999
vn 0.0138 -0.2329 -0.9724
vn 0.0044 -0.2305 -0.9731
vn 0.0140 -0.2359 -0.9717
vn -0.0000 -0.2351 -0.9720
vn -0.0000 -0.1470 -0.9891
vn 0.0248 -0.1846 -0.9825
vn 0.1447 -0.1038 -0.9840
vn -0.0089 -0.0640 0.9979
vn 0.0175 -0.0280 0.9995
vn 0.0155 0.0240 -0.9996
vn 0.0054 0.0297 -0.9995
vn 0.1489 0.9883 0.0325
vn -0.0110 0.9999 -0.0080
vn 0.0104 -0.9999 -0.0002
vn 0.0067 -1.0000 0.0004
vn -0.9999 0.0148 -0.0009
vn -0.9999 0.0126 -0.0008
vn 0.0086 0.0224 -0.9997
vn 0.0061 0.0085 -0.9999
vn -0.0003 0.0131 -0.9999
vn 0.0352 0.0188 -0.9992
vn 0.0514 -0.0930 -0.9943
vn 0.7500 0.6615 0.0047
vn 0.5811 0.8138 0.0089
vn 0.0071 0.0349 0.9994
vn 0.0041 0.0011 1.0000
vn -0.0165 0.0514 0.9985
vn 0.0325 -0.0541 -0.9980
vn 0.0833 -0.0243 -0.9962
vn -0.0545 0.0076 -0.9985
vn 0.0571 0.0236 -0.9981
vn 0.0515 0.0147 -0.9986
vn 0.0302 -0.0013 -0.9995
vn 0.0366 -0.0289 0.9989
vn -0.0000 -0.0000 1.0000
vn 0.0139 -0.9999 0.0004
vn 0.0107 -0.9999 0.0002
vn 0.9990 -0.0438 0.0017
vn 0.7937 -0.6083 0.0016
vn 0.0510 0.0090 -0.9987
vn 0.0149 0.0027 -0.9999
vn -0.0134 -0.0908 -0.9958
vn 0.0676 -0.0862 -0.9940
vn -0.7093 0.7049 0.0007
vn -0.6991 0.7150 -0.0000
vn 0.8852 -0.4652 0.0031
vn 0.8513 -0.5246 0.0037
vn 0.7585 -0.6516 0.0075
vn -0.2400 -0.9708 0.0063
vn 0.2875 -0.9578 0.0034
vn 0.1555 -0.9878 0.0010
vn 0.0317 0.0802 -0.9963
vn -0.0074 0.0625 -0.9980
vn -0.1813 0.9834 0.0023
vn 0.4800 -0.8773 0.0016
vn 0.8211 -0.5707 -0.0000
vn 0.0437 0.0238 -0.9988
vn 0.5161 -0.8565 -0.0000
vn -0.0516 -0.0061 -0.9986
vn -0.0056 0.0452 -0.9990
vn -0.4947 0.8690 0.0007
vn -0.1444 0.9895 0.0008
vn -0.0128 -0.0710 -0.9974
vn -0.0820 0.0320 -0.9961
vn -0.4769 0.8789 -0.0000
vn 0.0383 -0.0179 0.9991
vn 0.0325 -0.0025 0.9995
vn 0.0193 0.0099 0.9998
vn -0.0005 -0.0001 1.0000
vn -0.0005 -0.0000 1.0000
vn -0.0475 0.0429 0.9979
vn 0.0028 0.0009 1.0000
vn -0.1108 0.0083 -0.9938
vn -0.0281 0.0184 -0.9994
vn -0.0181 0.0230 -0.9996
vn -0.0268 -0.0002 -0.9996
vn -0.1722 0.0680 -0.9827
vn -0.0001 -0.0000 -1.0000
vn -0.0027 0.0293 -0.9996
vn -0.0286 -0.0043 -0.9996
vn -0.0909 0.0824 -0.9924
vn -0.0093 0.1104 -0.9938
vn -0.0691 0.1220 -0.9901
vn -0.0022 0.1155 -0.9933
vn 0.0537 0.1169 -0.9917
vn 0.0916 0.0123 -0.9957
vn 0.0880 0.0819 -0.9928
vn 0.1092 -0.0106 -0.9940
vn 0.0952 -0.0716 -0.9929
vn 0.0907 -0.1216 -0.9884
vn 0.0544 -0.1754 -0.9830
vn -0.0094 -0.1712 -0.9852
vn 0.0558 -0.1673 -0.9843
vn 0.1083 -0.0828 -0.9907
vn 0.0909 -0.0012 -0.9959
vn 0.1067 -0.0238 -0.9940
vn 0.0965 0.0428 -0.9944
vn 0.0663 0.0150 -0.9977
vn -0.0006 0.0012 -1.0000
vn 0.0173 0.0087 -0.9998
vn -0.0005 -0.0002 1.0000
vn -0.0000 -0.0000 -1.0000
vn 0.1204 0.0386 -0.9920
vn 0.0897 0.0101 -0.9959
vn 0.0657 0.0189 -0.9977
vn 0.0892 -0.0068 -0.9960
vn 0.0378 -0.0120 -0.9992
vn 0.0963 -0.0294 -0.9949
vn -0.0006 -0.0000 1.0000
vn -0.0020 -0.0022 1.0000
vn -0.0000 -0.0195 0.9998
vn 0.6092 0.7923 0.0326
vn 0.8265 0.5614 0.0412
vn 0.6478 0.7590 0.0649
vn 0.9830 -0.1835 -0.0001
vn 0.9835 -0.1810 -0.0000
vn 0.9540 0.2999 -0.0000
vn 0.9798 0.1997 -0.0000
vn 0.9513 0.3082 -0.0000
vn 0.4970 0.8651 0.0681
vn 0.6110 0.7913 0.0221
vn -0.1597 -0.9872 0.0007
vn -0.0493 -0.2839 -0.9576
vn -0.0155 -0.0543 0.9984
vn 0.0100 0.1113 -0.9937
vn 0.0304 0.2627 -0.9644
vn 0.0662 -0.1299 -0.9893
vn 0.0678 0.0725 -0.9951
vn 0.0430 -0.1056 -0.9935
vn 0.3761 -0.9266 0.0004
vn 0.4271 -0.9042 -0.0008
vn 0.2387 -0.3771 -0.8949
vn 0.0461 -0.1427 -0.9887
vn 0.2353 0.9719 -0.0003
vn 0.2358 0.9718 -0.0000
vn -0.0024 -0.0085 1.0000
vn -0.0283 -0.1114 0.9934
vn 0.0119 0.0001 -0.9999
vn 0.0080 0.0119 -0.9999
vn 0.0259 -0.0473 0.9985
vn 0.0096 0.0182 -0.9998
vn 0.0054 0.0176 -0.9998
vn 0.2860 -0.9582 0.0002
vn 0.1465 -0.5810 -0.8006
vn 0.1282 -0.3346 -0.9336
vn 0.1169 0.9931 -0.0000
vn -0.0013 -0.0103 0.9999
vn 0.2870 -0.9579 0.0002
vn 0.1631 -0.1876 -0.9686
vn -0.0082 -0.0149 -0.9999
vn 0.4234 -0.0742 -0.9029
vn 0.1503 0.0601 -0.9868
vn 0.1918 -0.9811 -0.0273
vn 0.0896 0.0717 -0.9934
vn 0.0615 -0.1528 -0.9863
vn 0.0317 -0.1626 -0.9862
vn 0.0045 -0.1592 -0.9872
vn 0.0098 -0.1613 -0.9869
vn 0.2910 -0.1059 -0.9508
vn 0.5174 0.8558 -0.0032
vn 0.6112 0.7915 0.0066
vn 0.0012 -0.1594 -0.9872
vn -0.0000 -0.1609 -0.9870
vn -0.0001 0.0007 -1.0000
vn -0.0000 0.0004 -1.0000
vn -0.0033 -0.0106 -0.9999
vn -0.0041 -0.0305 -0.9995
vn 0.0060 0.0065 -1.0000
vn -0.0000 -0.0472 -0.9989
vn -0.0000 -0.0042 -1.0000
vn -0.0192 -0.2686 -0.9631
vn 0.0001 0.0007 -1.0000
vn -0.0287 -0.0680 -0.9973
vn 0.0383 -0.0005 -0.9993
vn -0.0000 0.0007 -1.0000
vn -0.0184 0.1048 -0.9943
vn 0.2056 0.9786 0.0001
vn 0.3722 0.9282 -0.0000
vn -0.0061 -0.0151 0.9999
vn -0.0036 -0.0161 0.9999
vn 0.2053 0.9787 -0.0000
vn 0.2250 0.9744 0.0001
vn 0.0035 -0.0013 -1.0000
vn -0.0053 -0.0270 -0.9996
vn 0.0020 0.0202 -0.9998
vn 0.0108 -0.0057 -0.9999
vn -0.0067 0.1179 -0.9930
vn 0.0112 -0.0064 -0.9999
vn 0.0073 -0.0035 -1.0000
vn -0.0145 0.0145 -0.9998
vn 0.0012 -0.0005 -1.0000
vn -0.0007 -0.0101 -0.9999
vn 0.9184 -0.3955 0.0143
vn -0.1857 -0.9826 0.0036
vn -0.4367 -0.8995 0.0139
vn 0.9249 -0.3783 0.0375
vn 0.0022 -0.0023 1.0000
vn -0.0298 0.0681 0.9972
vn 0.0092 0.0157 0.9998
vn 0.1429 0.1183 0.9827
vn 0.0225 0.0030 0.9997
vn 0.1875 0.0675 0.9799
vn -0.0094 -0.0319 0.9994
vn -0.0068 -0.0055 1.0000
vn -0.0254 0.0009 0.9997
vn 0.0079 0.0062 0.9999
vn 0.0217 0.0137 0.9997
vn 0.0245 0.0182 0.9995
vn 0.0475 0.0296 0.9984
vn 0.0038 0.0032 1.0000
vn 0.0088 0.0085 0.9999
vn -0.0003 -0.0013 1.0000
vn -0.0003 -0.0002 1.0000
vn 0.0002 -0.0015 1.0000
vn -0.0009 -0.0006 1.0000
vn 0.0014 -0.0026 1.0000
vn -0.0012 -0.0000 1.0000
vn -0.0002 -0.0000 1.0000
vn -0.0002 0.0104 0.9999
vn 0.0563 -0.0300 0.9980
vn 0.0031 0.0112 0.9999
vn -0.0000 0.0904 -0.9959
vn -0.0000 0.1763 -0.9843
vn 0.0058 0.3407 -0.9402
vn -0.0000 0.3426 -0.9395
vn -0.0145 0.9999 -0.0011
vn -0.0068 1.0000 -0.0023
vn -0.0089 1.0000 -0.0020
vn 0.0063 -0.0297 0.9995
vn -0.8702 -0.4926 0.0004
vn -0.9413 -0.3375 -0.0011
vn -0.8687 -0.4953 -0.0000
vn 0.8785 0.4777 0.0002
vn 0.9656 0.2599 0.0001
vn 0.9637 0.2670 0.0004
vn -0.9971 0.0762 -0.0001
vn -0.9804 0.1970 -0.0002
vn -0.9972 0.0752 -0.0002
vn 0.0044 0.0069 -1.0000
vn 0.0190 0.0245 -0.9995
vn 0.0251 0.0018 -0.9997
vn 0.0428 0.0425 -0.9982
vn 0.0510 0.0524 -0.9973
vn 0.0659 0.0092 -0.9978
vn -0.1076 -0.9942 -0.0000
vn -0.9264 -0.3763 -0.0138
vn -0.9682 -0.2497 -0.0174
vn -0.9334 -0.3589 -0.0000
vn -0.9998 -0.0137 -0.0122
vn -0.9789 0.2042 -0.0037
vn -0.9807 0.1953 -0.0000
vn -0.6523 0.7580 -0.0029
vn -0.8764 0.4816 -0.0043
vn -0.6523 0.7579 -0.0112
vn -0.1238 -0.1058 -0.9867
vn -0.0753 -0.1434 -0.9868
vn -0.1005 -0.1177 -0.9880
vn 0.0147 -0.0007 0.9999
vn -0.4719 -0.0800 -0.8780
vn -0.3541 -0.0695 -0.9326
vn -0.1446 -0.1268 -0.9813
vn -0.9241 0.3821 0.0076
vn -0.9842 -0.1770 0.0074
vn -0.9990 -0.0438 0.0016
vn 0.7731 0.6342 -0.0000
vn 0.8232 0.5678 0.0007
vn 0.8337 0.5523 -0.0000
vn -0.3099 0.9507 0.0089
vn -0.4180 0.9084 -0.0047
vn -0.5173 0.8558 -0.0032
vn 0.8790 0.4769 -0.0000
vn -0.9711 -0.2381 -0.0182
vn -0.3483 -0.1450 -0.9261
vn -0.3966 -0.1810 -0.9000
vn 0.0104 0.0016 0.9999
vn 0.0049 -0.0005 1.0000
vn 0.0044 0.0012 1.0000
vn -0.3338 -0.0140 -0.9425
vn -0.2826 -0.0248 -0.9589
vn -0.2533 -0.0607 -0.9655
vn -0.1557 -0.0456 -0.9868
vn -0.0919 0.0845 -0.9922
vn -0.0561 -0.0819 -0.9951
vn -0.5296 -0.8482 0.0063
vn -0.2742 -0.9617 -0.0035
vn -0.4055 -0.9141 -0.0065
vn -0.1816 0.0237 -0.9831
vn -0.2082 -0.0528 -0.9766
vn 0.2556 -0.9668 -0.0014
vn -0.1039 -0.9946 -0.0019
vn 0.2501 -0.9682 -0.0019
vn 0.0125 -0.1220 -0.9924
vn -0.0089 -0.3330 -0.9429
vn 0.1471 -0.3166 -0.9371
vn 0.0168 -0.0768 0.9969
vn -0.0083 -0.0180 0.9998
vn 0.0089 -0.0640 0.9979
vn 0.1541 -0.9880 -0.0013
vn -0.4159 0.9094 -0.0049
vn 0.0051 0.0229 0.9997
vn -0.0004 -0.0114 0.9999
vn -0.0296 0.0268 -0.9992
vn -0.0123 -0.0183 -0.9998
vn 0.0640 -0.0746 -0.9952
vn 0.0029 -0.0023 1.0000
vn 0.0053 -0.0101 0.9999
vn 0.0031 -0.0058 1.0000
vn 0.0042 -0.0549 0.9985
vn -0.0229 -0.0481 0.9986
vn -0.0118 0.0482 -0.9988
vn -0.0141 0.0460 -0.9988
vn -0.0096 0.0182 -0.9998
vn 0.0245 -0.9997 0.0004
vn 0.1660 -0.9861 0.0004
vn 0.0281 -0.9996 0.0002
vn -0.0183 0.9998 -0.0020
vn 0.0199 -0.3186 -0.9477
vn 0.0922 -0.5461 -0.8326
vn 0.0074 -0.5625 -0.8268
vn -0.0810 0.9967 -0.0000
vn -0.0644 0.9979 -0.0000
vn -0.0319 -0.1372 -0.9900
vn -0.1677 -0.0260 -0.9855
vn 0.0007 -0.0112 0.9999
vn 0.0071 -0.0296 0.9995
vn -0.0022 -0.0657 0.9978
vn 0.0042 -0.0095 0.9999
vn 0.0052 -0.0646 0.9979
vn 0.1316 -0.9913 0.0004
vn -0.0705 -0.9975 0.0004
vn -0.0726 -0.9974 0.0001
vn -0.0004 0.0038 1.0000
vn 0.0013 0.0422 0.9991
vn -0.0116 0.1047 -0.9944
vn -0.0199 0.1643 -0.9862
vn -0.0261 0.1036 -0.9943
vn -0.2120 -0.9773 0.0001
vn 0.0009 1.0000 -0.0049
vn 0.0081 1.0000 -0.0049
vn 0.0187 0.9998 -0.0021
vn -0.0024 -0.0660 -0.9978
vn 0.0329 -0.4880 -0.8722
vn 0.0192 -0.2686 -0.9631
vn -0.2319 0.9727 -0.0000
vn -0.2509 0.9680 -0.0000
vn 0.0255 -0.0081 -0.9996
vn 0.1624 0.0635 -0.9847
vn 0.0956 0.2298 -0.9685
vn 0.0099 -0.0414 0.9991
vn 0.0052 -0.0301 0.9995
vn 0.0116 -0.0429 0.9990
vn -0.0020 0.0087 1.0000
vn -0.0085 -0.0493 0.9987
vn -0.0463 0.0518 -0.9976
vn -0.0519 0.1233 -0.9910
vn -0.0600 -0.9982 -0.0000
vn -0.2124 -0.9772 -0.0000
vn 0.0001 1.0000 -0.0032
vn 0.0018 1.0000 -0.0008
vn -0.0117 -0.1104 -0.9938
vn -0.0018 -0.0475 -0.9989
vn -0.0043 -0.0718 -0.9974
vn -0.3246 0.9458 -0.0000
vn 0.0230 -0.1317 -0.9910
vn -0.0203 -0.1302 -0.9913
vn 0.0037 -0.0258 0.9997
vn -0.0025 0.0065 1.0000
vn -0.0012 -0.0441 0.9990
vn -0.0002 0.0049 1.0000
vn -0.0460 -0.9989 -0.0000
vn -0.0029 0.0317 0.9995
vn -0.0716 0.0671 -0.9952
vn -0.0330 0.0521 -0.9981
vn 0.0019 -0.0078 -1.0000
vn 0.0024 1.0000 -0.0029
vn -0.0003 1.0000 -0.0036
vn -0.0113 0.9999 -0.0020
vn 0.0098 -0.0853 -0.9963
vn 0.0010 -0.0504 -0.9987
vn -0.0020 -0.0188 -0.9998
vn -0.3700 0.9290 -0.0005
vn -0.2223 0.9750 -0.0006
vn -0.2250 0.9744 0.0001
vn -0.0207 -0.1218 -0.9923
vn 0.0363 0.0211 -0.9991
vn -0.0919 -0.0726 -0.9931
vn 0.0063 -0.0197 0.9998
vn 0.0010 -0.0172 0.9999
vn 0.0075 -0.0198 0.9998
vn -0.3722 0.9281 -0.0000
vn -0.0297 -0.1828 -0.9827
vn 0.0063 -0.0155 0.9999
vn -0.0024 -0.0443 0.9990
vn -0.0074 0.1304 -0.9914
vn -0.0763 0.2198 -0.9725
vn -0.0265 0.1520 -0.9880
vn -0.0391 0.0275 -0.9989
vn -0.0600 0.1500 -0.9869
vn -0.1889 0.9820 -0.0004
vn -0.1901 0.9818 -0.0000
vn 0.0205 -0.1063 -0.9941
vn 0.0023 -0.0158 0.9999
vn -0.0000 -0.0159 0.9999
vn -0.0001 1.0000 -0.0062
vn -0.0000 1.0000 -0.0064
vn 0.0318 -0.2883 -0.9570
vn 0.0816 -0.5709 -0.8169
vn -0.1684 0.9857 -0.0000
vn -0.0050 0.0198 -0.9998
vn -0.0928 0.1622 -0.9824
vn 0.0064 -0.0504 0.9987
vn 0.0159 -0.0569 0.9983
vn -0.0164 0.0667 -0.9976
vn -0.0153 0.1192 -0.9928
vn -0.1324 0.9912 0.0034
vn -0.3682 0.9297 0.0020
vn -0.5810 0.8138 0.0089
vn -0.9419 -0.3358 -0.0026
vn -0.9998 0.0192 -0.0024
vn 1.0000 0.0018 0.0026
vn 0.9996 0.0289 0.0032
vn -0.9911 -0.1333 -0.0000
vn -0.9840 0.1779 -0.0000
vn 0.0145 0.0267 -0.9995
vn 0.0066 -0.0042 -1.0000
vn 0.0268 -0.0002 -0.9996
vn -0.3546 -0.0203 -0.9348
vn 0.0034 -0.0009 1.0000
vn 0.0023 -0.0015 1.0000
vn 0.0554 -0.0492 -0.9973
vn 0.4072 -0.0280 -0.9129
vn 0.2839 -0.0725 -0.9561
vn 0.9998 0.0209 -0.0004
vn 1.0000 -0.0094 -0.0015
vn 0.0584 0.0082 -0.9983
vn 0.0086 -0.0118 -0.9999
vn 0.0040 -0.0001 1.0000
vn 0.0038 0.0010 1.0000
vn -0.3143 0.0151 -0.9492
vn -0.5658 -0.1510 -0.8106
vn -0.1351 0.0905 -0.9867
vn -0.1919 -0.9811 -0.0255
vn -0.2716 -0.9624 -0.0000
vn 0.0026 0.0017 1.0000
vn -0.0248 0.0724 -0.9971
vn -0.1298 0.1818 -0.9747
vn -0.0522 0.1715 -0.9838
vn -0.0726 0.2760 -0.9584
vn -0.0419 0.2053 -0.9778
vn -0.0761 0.3415 -0.9368
vn -0.0698 0.3239 -0.9435
vn -0.0398 0.2680 -0.9626
vn -0.0605 0.3496 -0.9350
vn -0.0432 0.2310 -0.9720
vn -0.0188 0.3367 -0.9414
vn -0.0538 0.3314 -0.9420
vn -0.0652 0.2024 -0.9771
vn -0.0122 0.1713 -0.9852
vn -0.0058 0.3407 -0.9402
vn -0.0294 0.2427 -0.9697
vn -0.2364 0.1102 -0.9654
vn -0.4510 0.0843 -0.8886
vn -0.2375 0.0599 -0.9695
vn -0.0861 0.0906 -0.9922
vn -0.3401 -0.0047 -0.9404
vn -0.5238 -0.1031 -0.8456
vn 0.0040 0.0003 1.0000
vn -0.0796 0.0837 -0.9933
vn -0.0896 0.0717 -0.9934
vn -0.0478 0.0964 -0.9942
vn -0.0116 0.0906 -0.9958
vn -0.0248 0.1014 -0.9945
vn -0.0048 -0.0012 1.0000
vn 0.0017 0.0883 -0.9961
vn -0.0609 0.2915 -0.9546
vn -0.0267 -0.1525 -0.9879
vn -0.0037 0.0128 0.9999
vn -0.3051 -0.0535 -0.9508
vn -0.2910 -0.1059 -0.9508
vn -0.2579 -0.0861 -0.9623
vn 0.0003 0.0095 1.0000
vn 0.0054 0.0046 1.0000
vn -0.0040 0.0013 1.0000
vn -0.0203 -0.1686 -0.9855
vn -0.0248 -0.1846 -0.9825
vn -0.0209 -0.2089 -0.9777
vn -0.0137 -0.2290 -0.9733
vn -0.0140 -0.2359 -0.9717
vn 0.0017 0.0132 0.9999
vn -0.0138 -0.2329 -0.9724
vn -0.1447 -0.1038 -0.9840
vn -0.0175 -0.0280 0.9995
vn 0.0043 0.0210 -0.9998
vn -0.0155 0.0239 -0.9996
vn -0.0378 -0.0120 -0.9992
vn -0.3103 -0.1248 -0.9424
vn -0.1489 0.9883 0.0325
vn -0.2151 0.9766 0.0012
vn -0.0104 -0.9999 -0.0002
vn 0.1602 -0.9871 -0.0005
vn 0.9999 0.0148 -0.0009
vn 0.9998 -0.0202 -0.0030
vn -0.0086 0.0224 -0.9997
vn -0.0061 0.0085 -0.9999
vn 0.0003 0.0131 -0.9999
vn -0.0722 -0.0127 -0.9973
vn -0.0352 0.0188 -0.9992
vn -0.0514 -0.0930 -0.9943
vn 0.0128 -0.0710 -0.9974
vn -0.7500 0.6615 0.0047
vn -0.0071 0.0349 0.9994
vn 0.0165 0.0514 0.9985
vn -0.0325 -0.0541 -0.9980
vn 0.0545 0.0076 -0.9985
vn -0.0833 -0.0243 -0.9962
vn -0.0571 0.0236 -0.9981
vn -0.0515 0.0147 -0.9986
vn -0.0302 -0.0013 -0.9995
vn -0.0366 -0.0289 0.9989
vn -0.0054 0.0297 -0.9995
vn 0.0281 0.0184 -0.9994
vn -0.0139 -0.9999 0.0004
vn -0.0107 -0.9999 0.0002
vn -0.7937 -0.6083 0.0016
vn -0.8211 -0.5707 -0.0000
vn -0.0510 0.0090 -0.9987
vn 0.0134 -0.0908 -0.9958
vn -0.0676 -0.0862 -0.9940
vn 0.0607 0.0320 -0.9976
vn 0.0820 0.0320 -0.9961
vn 0.7093 0.7049 0.0007
vn 0.6991 0.7150 -0.0000
vn -0.8852 -0.4652 0.0031
vn -0.8513 -0.5246 0.0037
vn -0.9184 -0.3954 0.0143
vn -0.2875 -0.9578 0.0034
vn 0.2400 -0.9708 0.0063
vn -0.1555 -0.9878 0.0010
vn -0.0317 0.0803 -0.9963
vn 0.0074 0.0625 -0.9980
vn 0.1813 0.9834 0.0023
vn -0.0859 0.9963 0.0030
vn -0.4800 -0.8773 0.0016
vn -0.0437 0.0238 -0.9988
vn 0.0517 -0.0061 -0.9986
vn 0.0056 0.0451 -0.9990
vn 0.1444 0.9895 0.0008
vn 0.4947 0.8690 0.0007
vn 0.4769 0.8789 -0.0000
vn -0.0383 -0.0179 0.9991
vn -0.0325 -0.0025 0.9995
vn -0.0193 0.0099 0.9998
vn 0.0005 -0.0001 1.0000
vn 0.0005 -0.0000 1.0000
vn 0.0475 0.0429 0.9979
vn -0.0028 0.0009 1.0000
vn 0.1108 0.0083 -0.9938
vn 0.0181 0.0230 -0.9996
vn 0.1722 0.0680 -0.9827
vn 0.0027 0.0293 -0.9996
vn 0.0286 -0.0043 -0.9996
vn 0.0909 0.0824 -0.9924
vn 0.0691 0.1220 -0.9901
vn 0.0093 0.1104 -0.9938
vn 0.0022 0.1155 -0.9933
vn -0.0537 0.1170 -0.9917
vn -0.0880 0.0819 -0.9928
vn -0.0916 0.0123 -0.9957
vn -0.0149 0.0027 -0.9999
vn -0.1092 -0.0106 -0.9940
vn -0.0952 -0.0716 -0.9929
vn -0.0907 -0.1216 -0.9884
vn -0.0544 -0.1754 -0.9830
vn 0.0095 -0.1712 -0.9852
vn -0.0558 -0.1673 -0.9843
vn -0.1083 -0.0828 -0.9907
vn -0.0909 -0.0012 -0.9959
vn -0.1067 -0.0238 -0.9940
vn -0.0965 0.0428 -0.9944
vn -0.0663 0.0150 -0.9977
vn 0.0006 0.0012 -1.0000
vn -0.0173 0.0087 -0.9998
vn 0.0005 -0.0002 1.0000
vn -0.1204 0.0386 -0.9920
vn -0.0657 0.0189 -0.9977
vn -0.0897 0.0101 -0.9959
vn -0.0892 -0.0068 -0.9960
vn -0.0963 -0.0294 -0.9949
vn 0.0020 -0.0022 1.0000
vn 0.0006 -0.0000 1.0000
vn -0.6092 0.7923 0.0326
vn -0.6478 0.7590 0.0649
vn -0.8265 0.5614 0.0412
vn -0.9830 -0.1835 -0.0001
vn -0.9835 -0.1810 -0.0000
vn -0.9798 0.1997 -0.0000
vn -0.9540 0.2999 -0.0000
vn -0.9513 0.3082 -0.0000
vn -0.4970 0.8651 0.0681
vn -0.6110 0.7913 0.0221
vn 0.1597 -0.9872 0.0007
vn -0.0116 0.9999 -0.0047
vn -0.0009 1.0000 -0.0046
vn 0.0493 -0.2839 -0.9576
vn -0.0289 -0.0489 -0.9984
vn -0.0100 0.1113 -0.9937
vn -0.0304 0.2627 -0.9644
vn -0.0678 0.0725 -0.9951
vn -0.0662 -0.1299 -0.9893
vn -0.0430 -0.1056 -0.9935
vn -0.3761 -0.9266 0.0004
vn -0.0555 -0.9985 -0.0003
vn -0.0461 -0.1427 -0.9887
vn -0.2387 -0.3771 -0.8949
vn -0.2353 0.9719 -0.0003
vn -0.4251 0.9052 -0.0006
vn 0.0026 -0.0089 1.0000
vn 0.0291 -0.1176 0.9926
vn -0.0119 -0.0000 -0.9999
vn -0.0263 0.0153 -0.9995
vn -0.0272 -0.0500 0.9984
vn -0.0054 0.0176 -0.9998
vn 0.0082 -0.0149 -0.9999
vn -0.2860 -0.9582 0.0002
vn -0.2870 -0.9579 0.0002
vn -0.1465 -0.5810 -0.8006
vn -0.1169 0.9931 -0.0000
vn 0.0014 -0.0111 0.9999
vn -0.4271 -0.9042 -0.0008
vn -0.1282 -0.3346 -0.9336
vn -0.2358 0.9718 -0.0000
vn -0.0080 0.0119 -0.9999
vn -0.4234 -0.0742 -0.9029
vn -0.1503 0.0601 -0.9868
vn -0.1918 -0.9811 -0.0272
vn -0.0615 -0.1528 -0.9863
vn -0.0317 -0.1626 -0.9862
vn -0.0045 -0.1592 -0.9872
vn -0.0098 -0.1613 -0.9869
vn -0.6112 0.7915 0.0066
vn -0.0012 -0.1594 -0.9872
vn -0.0044 -0.2305 -0.9731
vn 0.0033 -0.0106 -0.9999
vn 0.0080 -0.0550 -0.9985
vn 0.0041 -0.0305 -0.9995
vn -0.0060 0.0065 -1.0000
vn 0.0288 -0.0680 -0.9973
vn -0.0383 -0.0005 -0.9993
vn -0.1631 -0.1876 -0.9686
vn -0.3686 0.9296 -0.0007
vn 0.0184 0.1048 -0.9943
vn -0.2056 0.9786 0.0001
vn -0.2053 0.9787 -0.0000
vn 0.0036 -0.0165 0.9999
vn -0.0149 0.0765 -0.9970
vn -0.0028 0.2268 -0.9739
vn -0.0035 -0.0013 -1.0000
vn -0.0020 0.0202 -0.9998
vn 0.0053 -0.0270 -0.9996
vn -0.0108 -0.0057 -0.9999
vn -0.0112 -0.0064 -0.9999
vn 0.0067 0.1179 -0.9930
vn -0.0073 -0.0035 -1.0000
vn -0.0012 -0.0005 -1.0000
vn 0.0145 0.0145 -0.9998
vn 0.0007 -0.0101 -0.9999
vn 0.1857 -0.9826 0.0036
vn 0.0144 -0.9999 0.0051
vn -0.9249 -0.3783 0.0375
vn -0.0022 -0.0023 1.0000
vn -0.0092 0.0157 0.9998
vn 0.0298 0.0681 0.9972
vn -0.1429 0.1183 0.9827
vn -0.1875 0.0675 0.9799
vn -0.0225 0.0030 0.9997
vn 0.0094 -0.0319 0.9994
vn 0.0068 -0.0055 1.0000
vn 0.0254 0.0009 0.9997
vn -0.0079 0.0062 0.9999
vn -0.0217 0.0137 0.9997
vn -0.0475 0.0297 0.9984
vn -0.0245 0.0182 0.9995
vn -0.0088 0.0085 0.9999
vn -0.0038 0.0032 1.0000
vn 0.0003 -0.0002 1.0000
vn 0.0003 -0.0013 1.0000
vn -0.0002 -0.0015 1.0000
vn -0.0014 -0.0026 1.0000
vn 0.0012 -0.0000 1.0000
vn 0.0009 -0.0006 1.0000
vn 0.0002 -0.0000 1.0000
vn -0.0561 -0.0298 0.9980
vn -0.0031 0.0112 0.9999
vn -0.2760 -0.9563 -0.0969
vn -0.0332 -0.7256 -0.6873
vn -0.0775 -0.9866 -0.1434
vn 0.6234 -0.1793 -0.7611
vn 0.6561 -0.7066 -0.2650
vn 0.5328 -0.4845 -0.6938
vn -0.3068 0.2265 0.9244
vn -0.4497 0.5692 0.6883
vn -0.6615 0.6369 0.3959
vn -0.4787 0.1522 0.8647
vn -0.8375 0.3493 0.4203
vn -0.9337 0.1541 0.3233
vn -0.0860 0.1741 0.9810
vn 0.0222 0.6651 0.7465
vn -0.2362 0.6610 0.7122
vn 0.2992 0.2070 0.9315
vn 0.8558 0.1130 0.5049
vn 0.6566 0.3693 0.6576
vn -0.6812 0.0156 0.7319
vn -0.9834 0.0557 0.1728
vn -0.3315 0.0623 0.9414
vn -0.6585 0.0128 0.7525
vn -0.9737 -0.0421 0.2241
vn 0.2376 -0.7654 0.5981
vn -0.1472 -0.9887 0.0300
vn 0.3040 -0.9505 0.0645
vn -0.0214 0.9594 0.2811
vn -0.0010 0.8861 0.4635
vn -0.0346 0.9004 0.4336
vn 0.5833 -0.5289 0.6164
vn -0.6540 -0.0504 0.7549
vn -0.9885 -0.0439 0.1450
vn -0.1854 -0.7827 -0.5942
vn -0.0114 -0.2118 -0.9772
vn -0.0932 -0.7888 0.6076
vn -0.2141 -0.4147 0.8844
vn -0.3246 -0.8524 0.4099
vn -0.8669 0.4983 -0.0140
vn -0.9232 0.3801 -0.0575
vn -0.9410 0.3302 -0.0744
vn 0.2040 0.0972 -0.9741
vn 0.5384 -0.0011 -0.8427
vn 0.2853 -0.0886 0.9543
vn 0.6891 -0.1917 0.6989
vn -0.1154 0.1119 -0.9870
vn 0.0342 0.0284 -0.9990
vn -0.1455 0.1031 -0.9840
vn -0.1435 0.1530 0.9777
vn -0.0369 -0.0405 0.9985
vn -0.1726 0.1244 -0.9771
vn -0.0089 0.0682 -0.9976
vn -0.2158 0.1465 -0.9654
vn -0.3816 0.2291 0.8955
vn -0.0609 0.0345 0.9976
vn -0.0326 0.0389 0.9987
vn 0.0428 0.2941 -0.9548
vn 0.0197 0.0069 -0.9998
vn -0.0196 0.2302 -0.9730
vn -0.0154 -0.0218 0.9996
vn 0.0009 0.1691 0.9856
vn 0.0925 0.0066 -0.9957
vn 0.1811 0.2452 -0.9524
vn 0.5223 0.1486 0.8397
vn 0.2460 0.0061 0.9692
vn 0.6854 0.0203 0.7279
vn -0.2277 -0.0056 0.9737
vn -0.0694 0.0814 0.9943
vn -0.1291 0.1378 -0.9820
vn -0.1546 0.0441 -0.9870
vn -0.0261 0.0285 -0.9993
vn -0.0989 0.0383 0.9944
vn -0.5359 0.1184 0.8359
vn -0.3434 0.1009 -0.9337
vn 0.0409 0.0629 -0.9972
vn -0.5043 0.1129 -0.8561
vn -0.0329 -0.2535 0.9668
vn 0.1878 -0.3444 -0.9198
vn 0.2812 -0.7304 -0.6224
vn -0.0000 0.2737 0.9618
vn -0.0170 0.2586 0.9658
vn -0.0000 0.2836 0.9589
vn -0.0374 0.0323 -0.9988
vn -0.0100 0.3524 -0.9358
vn 0.1702 -0.3014 0.9382
vn 0.2468 -0.2516 -0.9358
vn -0.5284 0.0738 -0.8458
vn -0.0861 0.0382 -0.9956
vn -0.1899 0.0094 0.9818
vn -0.4643 0.5078 -0.7256
vn -0.0915 0.1345 -0.9867
vn 0.0241 0.0137 -0.9996
vn 0.0211 0.0054 -0.9998
vn -0.0285 0.0140 0.9995
vn -0.0389 -0.0234 0.9990
vn 0.6511 0.4134 -0.6365
vn 0.3078 0.1754 -0.9351
vn 0.4264 0.0637 -0.9023
vn 0.0581 -0.0621 -0.9964
vn 0.1089 0.1796 0.9777
vn 0.0199 0.0135 0.9997
vn 1.0000 -0.0012 0.0044
vn 0.9999 0.0091 0.0130
vn 0.9999 0.0094 0.0144
vn 0.6376 -0.7698 -0.0285
vn 0.7373 -0.6722 -0.0667
vn 0.7713 -0.6349 -0.0442
vn 0.8406 -0.5384 -0.0589
vn 0.8510 -0.5217 -0.0602
vn 0.8317 -0.5531 -0.0489
vn 0.8760 -0.4788 -0.0573
vn 0.8555 -0.5159 -0.0445
vn 0.8604 -0.5082 -0.0376
vn 0.9062 -0.4220 -0.0273
vn 0.9694 -0.2441 -0.0265
vn 0.9058 -0.4226 -0.0301
vn 0.9974 -0.0719 0.0089
vn 0.9979 -0.0617 -0.0180
vn 0.0314 -0.9989 -0.0352
vn 0.4901 -0.8710 -0.0337
vn 0.3094 -0.9506 -0.0267
vn -0.3255 -0.9452 -0.0245
vn 0.0148 -0.9999 -0.0058
vn -0.6444 -0.7647 0.0090
vn -0.5688 -0.8224 0.0111
vn -0.4683 -0.8836 -0.0019
vn -0.9963 -0.0804 0.0315
vn -0.9996 -0.0268 -0.0005
vn -0.8760 -0.4812 0.0310
vn -0.4975 0.8666 -0.0388
vn -0.7011 0.7130 -0.0104
vn -0.4083 0.9127 -0.0188
vn -0.0870 0.9955 -0.0370
vn 0.2506 0.9671 -0.0433
vn 0.0174 0.9997 -0.0170
vn -0.1048 -0.9941 0.0263
vn -0.3374 -0.9412 0.0167
vn -0.3542 -0.9347 0.0298
vn 0.9988 0.0152 0.0459
vn 0.9304 -0.3234 -0.1725
vn 0.9603 -0.2751 0.0469
vn -0.1955 0.9471 0.2546
vn -0.4253 0.9031 -0.0597
vn -0.1162 0.9913 -0.0619
vn 0.0866 0.9957 -0.0335
vn 0.0820 0.9484 0.3064
vn 0.9194 0.2921 0.2633
vn 0.9383 0.3444 0.0311
vn -0.9982 -0.0592 0.0034
vn -0.7348 0.6266 0.2598
vn -0.8809 0.4147 0.2280
vn 0.3346 -0.9420 0.0240
vn 0.3668 -0.9301 0.0186
vn 0.6896 -0.7207 0.0714
vn 0.7575 -0.6524 0.0239
vn -0.9141 0.4027 0.0479
vn -0.8806 0.4733 0.0237
vn -0.8984 0.4387 0.0203
vn -0.9537 0.2781 -0.1145
vn -0.8548 0.5164 -0.0521
vn -0.9450 0.3268 -0.0152
vn 0.1127 0.9368 -0.3311
vn 0.4427 0.8966 -0.0138
vn -0.2681 0.9630 0.0286
vn -0.4612 0.8520 0.2476
vn -0.4517 0.8921 0.0102
vn -0.2207 0.9449 0.2416
vn 0.0148 0.9999 0.0086
vn 0.0637 0.9748 0.2137
vn 0.9814 -0.0926 0.1683
vn 0.9716 0.2274 0.0653
vn 0.9961 -0.0477 0.0740
vn -0.9956 -0.0940 -0.0009
vn -0.9952 -0.0979 -0.0041
vn -0.9917 -0.1270 -0.0196
vn -0.1017 -0.9945 0.0255
vn 0.3079 -0.9507 0.0355
vn 0.3564 -0.9332 0.0472
vn -0.0077 0.9721 0.2346
vn -0.0840 0.9963 0.0207
vn -0.0030 0.9905 0.1374
vn 0.6955 -0.7145 0.0762
vn 0.7580 -0.6500 0.0539
vn -0.0978 -0.9952 0.0098
vn -0.3378 -0.9412 0.0114
vn 0.9882 -0.0828 -0.1287
vn 0.9643 -0.2595 0.0536
vn -0.8691 0.4946 -0.0124
vn -0.8765 0.4807 -0.0262
vn -0.8703 0.4922 -0.0168
vn -0.9480 0.3182 -0.0040
vn -0.8147 0.5798 0.0108
vn -0.9455 0.3256 -0.0105
vn 0.0163 0.9719 -0.2348
vn 0.3584 0.9334 -0.0167
vn -0.4706 0.8562 -0.2131
vn -0.2682 0.9632 -0.0173
vn -0.2618 0.9362 -0.2344
vn 0.0210 0.9994 -0.0256
vn 0.9920 -0.1265 0.0013
vn 0.9726 0.1770 -0.1505
vn 0.9883 0.1515 0.0172
vn -0.9958 -0.0805 0.0438
vn -0.9966 -0.0741 0.0349
vn -0.9989 -0.0365 0.0292
vn 0.3120 -0.9501 0.0054
vn -0.1116 -0.9938 0.0022
vn 0.3319 -0.9433 0.0062
vn 0.6605 -0.7504 0.0235
vn -0.1334 -0.9909 -0.0192
vn -0.3335 -0.9427 -0.0077
vn 0.9020 -0.4121 0.1289
vn 0.9105 -0.4132 0.0152
vn -0.8092 0.5871 -0.0210
vn 0.0199 0.9665 0.2561
vn 0.4506 0.8927 -0.0000
vn -0.1163 -0.9932 0.0017
vn -0.3348 -0.9422 0.0152
vn -0.3246 -0.9458 0.0091
vn 0.9958 -0.0763 -0.0510
vn 0.9205 -0.3671 0.1337
vn 0.9188 -0.3933 -0.0346
vn -0.9055 0.4241 0.0131
vn -0.8496 0.5273 -0.0151
vn -0.8569 0.5154 -0.0112
vn -0.8515 0.5184 0.0792
vn -0.8536 0.5041 -0.1312
vn 0.4116 0.8952 0.1707
vn 0.1006 0.9946 -0.0268
vn -0.4638 0.8571 -0.2242
vn -0.2023 0.9793 0.0030
vn -0.1734 0.9394 -0.2958
vn 0.9178 0.2907 -0.2703
vn 0.9557 0.2831 -0.0806
vn 0.3226 -0.9461 -0.0296
vn 0.2984 -0.9544 -0.0101
vn 0.7125 -0.6948 -0.0980
vn 0.6773 -0.7353 -0.0241
vn -0.0906 -0.9957 0.0189
vn -0.3211 -0.9462 0.0405
vn -0.3212 -0.9468 0.0215
vn 0.9882 -0.1527 -0.0108
vn 0.8983 -0.4144 0.1462
vn 0.8929 -0.4503 0.0031
vn -0.8462 0.5329 0.0007
vn -0.8369 0.5472 0.0148
vn -0.8534 0.5211 -0.0103
vn -0.9426 0.3190 0.0989
vn -0.8315 0.5395 -0.1329
vn -0.9236 0.3490 -0.1588
vn 0.4738 0.8302 0.2938
vn 0.0925 0.9953 -0.0304
vn -0.1266 0.9308 -0.3429
vn -0.4447 0.8944 0.0482
vn -0.1915 0.9815 0.0024
vn 0.0952 0.9309 -0.3526
vn 0.9546 0.1879 -0.2314
vn 0.9714 -0.1309 -0.1979
vn 0.3054 -0.9518 -0.0286
vn 0.3150 -0.9488 0.0209
vn 0.0023 0.9064 0.4225
vn -0.0003 0.9539 0.3001
vn 0.6737 -0.7364 -0.0620
vn 0.6686 -0.7432 0.0269
vn -0.4837 0.8752 0.0015
vn -0.2935 0.9268 0.2344
vn 0.9752 -0.1359 0.1747
vn 0.9697 0.1297 0.2069
vn 0.3117 -0.9499 -0.0207
vn 0.6754 -0.7361 0.0443
vn -0.3313 -0.9435 0.0069
vn 0.9300 -0.0825 0.3582
vn -0.8259 0.5637 -0.0139
vn -0.7633 0.6415 0.0762
vn -0.8374 0.5465 0.0123
vn 0.4545 0.8463 0.2778
vn -0.3225 -0.9466 0.0031
vn 0.9370 -0.3384 -0.0869
vn 0.4099 0.8882 -0.2074
vn 0.5707 -0.8208 0.0222
vn 0.7306 -0.6806 0.0549
vn 0.6811 -0.7321 0.0118
vn 0.7422 -0.6699 0.0185
vn 0.7891 -0.6112 0.0612
vn 0.8053 -0.5926 0.0173
vn 0.8164 -0.5733 0.0692
vn 0.8216 -0.5698 0.0169
vn 0.8040 -0.5945 0.0133
vn 0.9211 -0.3854 0.0557
vn 0.8563 -0.5164 0.0128
vn 0.8764 -0.4776 0.0624
vn 0.9737 -0.2278 -0.0010
vn 0.9982 -0.0569 0.0204
vn 0.9976 -0.0692 -0.0019
vn 0.0737 -0.9969 0.0285
vn 0.5122 -0.8585 0.0260
vn -0.3261 -0.9448 0.0308
vn -0.2059 -0.9755 -0.0775
vn -0.2476 -0.9685 0.0279
vn -0.9310 -0.3607 -0.0561
vn -0.5283 -0.8490 0.0116
vn -0.8964 -0.4432 -0.0021
vn -0.9447 0.3280 -0.0019
vn -0.7549 0.6556 -0.0181
vn -0.7122 0.7013 0.0308
vn -0.5121 0.8571 0.0564
vn -0.5231 0.8519 -0.0261
vn -0.0911 0.9949 0.0432
vn -0.0932 0.9956 -0.0088
vn 0.2133 0.9770 -0.0035
vn 0.2574 0.9626 0.0851
vn 0.6945 -0.7191 -0.0218
vn 0.9536 0.2531 0.1632
vn -0.9962 -0.0864 -0.0138
vn -0.9985 -0.0527 0.0145
vn -0.1240 -0.9922 0.0146
vn -0.9597 0.2802 0.0223
vn 0.7135 -0.7006 -0.0116
vn 0.4822 -0.8760 -0.0139
vn 0.7585 -0.6517 -0.0082
vn 0.7836 -0.6212 -0.0085
vn 0.8218 -0.5698 -0.0021
vn 0.9171 -0.3988 0.0031
vn 0.8637 -0.5041 0.0050
vn 0.9759 -0.2182 -0.0038
vn 0.9979 -0.0617 -0.0184
vn 0.0183 -0.9997 0.0132
vn -0.3462 -0.9372 0.0430
vn -0.2013 -0.9790 0.0331
vn -0.8905 -0.4518 0.0535
vn -0.9708 0.2390 -0.0228
vn -0.8562 0.5165 0.0126
vn -0.4563 0.8898 -0.0103
vn -0.0238 0.9993 -0.0279
vn 0.2857 0.9581 -0.0185
vn -0.1081 -0.9941 0.0127
vn 0.9747 -0.0215 -0.2225
vn 0.4654 0.8822 -0.0725
vn 0.4796 0.8182 -0.3170
vn 0.8070 -0.5904 -0.0131
vn 0.5787 -0.8154 -0.0146
vn 0.7784 -0.6277 0.0011
vn 0.8045 -0.5940 0.0047
vn 0.8199 -0.5725 0.0076
vn 0.8448 -0.5351 0.0046
vn 0.8451 -0.5344 0.0126
vn 0.8929 -0.4501 0.0105
vn 0.8544 -0.5193 0.0181
vn 0.9604 -0.2786 -0.0064
vn 0.9956 -0.0926 -0.0135
vn -0.1710 -0.9852 0.0075
vn -0.5271 -0.8492 0.0326
vn -0.5290 -0.8485 0.0105
vn -0.8447 -0.5335 0.0428
vn -0.5162 -0.8549 0.0509
vn -0.5289 -0.8475 0.0458
vn -0.9995 -0.0176 0.0255
vn -0.8803 0.4740 0.0207
vn -0.5058 0.8626 -0.0033
vn -0.0458 0.9987 -0.0230
vn 0.2962 0.9546 -0.0318
vn -0.9985 -0.0518 0.0156
vn -0.4761 0.8597 0.1854
vn 0.9693 -0.0977 0.2257
vn 0.9662 0.2576 -0.0030
vn -0.9991 -0.0337 0.0251
vn -0.7179 0.6945 0.0483
vn -0.0957 -0.9950 0.0302
vn -0.8486 0.5151 0.1207
vn 0.6997 -0.7121 -0.0582
vn 0.8567 -0.5133 -0.0500
vn 0.9720 -0.2344 -0.0138
vn -0.3014 -0.9535 0.0019
vn -0.9033 0.4286 -0.0177
vn 0.2550 0.9661 -0.0393
vn -0.0903 -0.9957 -0.0194
vn -0.3083 -0.9511 -0.0171
vn 0.9104 -0.3934 -0.1284
vn -0.8712 0.4908 -0.0068
vn 0.4866 0.8731 0.0299
vn -0.2188 0.5657 -0.7951
vn -0.0516 0.6348 -0.7709
vn -0.6260 0.3247 -0.7090
vn -0.6785 0.2790 -0.6795
vn 0.8265 0.1546 -0.5412
vn 0.8897 -0.0773 -0.4500
vn -0.9548 0.1432 -0.2605
vn -0.9988 0.0492 0.0068
vn -0.9869 0.1416 -0.0771
vn -0.7865 0.2163 -0.5785
vn -0.8719 0.0740 -0.4841
vn 0.3152 -0.9326 -0.1760
vn -0.9989 -0.0002 -0.0470
vn -0.9382 0.0298 -0.3449
vn -0.9643 0.0230 -0.2637
vn 0.3486 0.6098 -0.7118
vn -0.0226 -0.0156 0.9996
vn 0.7578 0.6524 -0.0014
vn 0.7754 0.6313 0.0139
vn 0.8234 0.5096 0.2496
vn 0.7591 0.6361 0.1379
vn 0.7517 0.6028 0.2675
vn -0.1730 -0.9582 -0.2277
vn 0.0401 -0.9979 -0.0513
vn 0.8103 0.5618 -0.1667
vn 0.8335 0.5522 0.0173
vn 0.7532 0.5887 -0.2933
vn 0.8025 0.5954 0.0393
vn 0.4596 0.8315 -0.3121
vn -0.5113 0.8280 0.2302
vn 0.7168 -0.6840 0.1355
vn 0.9140 -0.3232 0.2455
vn -0.7166 0.6929 0.0795
vn -0.7457 0.5308 0.4028
vn 0.3375 0.5756 0.7448
vn -0.0034 -1.0000 0.0075
vn 0.0022 -1.0000 -0.0028
vn -0.0018 -1.0000 0.0064
vn 0.9998 -0.0032 0.0199
vn 0.9993 -0.0035 0.0373
vn 0.9998 -0.0006 0.0193
vn 0.6646 -0.7467 -0.0259
vn 0.7644 -0.6423 0.0557
vn 0.7757 -0.6303 0.0306
vn 0.7951 -0.6039 0.0549
vn 0.8491 -0.5240 0.0673
vn 0.8809 -0.4684 0.0683
vn 0.9779 -0.2055 0.0397
vn 0.9981 -0.0479 0.0375
vn 0.0560 -0.9910 -0.1219
vn -0.4442 -0.8708 -0.2107
vn -0.4687 -0.8796 -0.0815
vn -0.9541 -0.2598 -0.1487
vn -0.7399 -0.6634 -0.1112
vn -0.9771 0.2101 -0.0334
vn -0.7958 0.5998 0.0827
vn 0.0187 0.9902 0.1385
vn 0.3249 0.9399 0.1053
vn 0.8701 -0.3379 -0.3588
vn -0.5692 0.4298 -0.7009
vn 0.8106 0.5348 -0.2387
vn -0.0555 0.1715 -0.9836
vn 0.0804 0.6815 -0.7274
vn -0.5446 0.6388 -0.5434
vn -0.0238 0.8916 -0.4523
vn -0.5630 0.0426 -0.8253
vn -0.2087 -0.0092 0.9779
vn -0.9995 0.0302 0.0024
vn -0.9999 0.0059 0.0103
vn -1.0000 -0.0063 0.0005
vn -0.9998 -0.0158 -0.0137
vn -0.9988 -0.0379 0.0312
vn 1.0000 -0.0064 -0.0004
vn -0.9999 -0.0027 -0.0134
vn 0.9996 -0.0049 -0.0265
vn 0.9994 -0.0100 0.0325
vn 0.0220 0.0450 -0.9987
vn -0.9819 0.1895 0.0061
vn -0.9877 0.1435 0.0625
vn -0.9896 0.1441 -0.0043
vn -0.9929 0.1193 -0.0052
vn -0.9944 0.1053 0.0087
vn 0.9121 -0.4100 0.0040
vn -0.9882 0.1402 -0.0616
vn 0.9817 -0.1807 0.0606
vn 0.9248 -0.3745 0.0674
vn -0.4193 0.1937 0.8870
vn -0.0021 0.0580 -0.9983
vn -0.0673 0.0416 0.9969
vn 0.8548 -0.5144 -0.0687
vn 0.8497 -0.5228 0.0680
vn 0.0257 0.0059 -0.9997
vn -0.3483 0.2612 0.9002
vn -0.6945 0.7169 -0.0609
vn -0.6100 0.7924 -0.0011
vn -0.6524 0.7558 -0.0552
vn -0.6560 0.7382 0.1572
vn -0.7086 0.6920 0.1378
vn -0.0323 -0.0639 0.9974
vn -0.6821 0.7230 -0.1100
vn -0.4638 0.8858 0.0174
vn -0.4092 0.8611 -0.3017
vn -0.6898 0.7146 -0.1160
vn 0.7517 -0.6594 0.0095
vn 0.0963 0.0308 0.9949
vn 0.0410 -0.0514 -0.9978
vn -0.9006 -0.4295 0.0666
vn 0.7655 0.6358 -0.0991
vn -0.7669 -0.6187 -0.1704
vn 0.2862 -0.0377 -0.9574
vn -0.9684 0.2479 0.0270
vn -0.9969 0.0684 0.0395
vn -0.0112 0.9995 0.0306
vn 0.0136 0.9549 0.2965
vn 0.0023 0.9538 0.3003
vn -0.0018 0.1293 0.9916
vn -0.0045 0.1291 0.9916
vn 0.0024 -0.0846 -0.9964
vn 0.0089 0.9999 0.0121
vn 0.0010 1.0000 0.0003
vn 0.0099 0.9999 0.0071
vn -0.0106 0.9662 -0.2576
vn -0.0331 0.9995 -0.0004
vn 0.0042 0.9133 -0.4074
vn 0.0117 0.9701 -0.2425
vn -0.0127 0.9068 -0.4213
vn 0.0039 0.3442 -0.9389
vn 0.0131 0.9995 0.0286
vn 0.0125 0.9553 0.2953
vn 0.0032 -0.0300 -0.9995
vn 0.0022 0.9045 0.4265
vn 0.0098 0.9632 0.2687
vn 0.0075 0.9589 0.2837
vn 0.0011 0.9999 0.0131
vn 0.0116 0.9657 0.2593
vn 0.0052 1.0000 0.0049
vn 0.0061 0.9738 -0.2275
vn 0.0009 0.9725 -0.2327
vn 0.0002 0.9126 -0.4089
vn 0.0119 0.9999 -0.0097
vn -0.0048 0.9022 -0.4313
vn 0.0092 0.9038 -0.4278
vn 0.0031 0.3955 -0.9185
vn -0.0098 0.9998 0.0177
vn -0.0010 0.9561 0.2932
vn -0.0007 1.0000 0.0083
vn 0.0051 0.8928 0.4503
vn 0.0121 0.9575 0.2883
vn 0.0082 0.9608 0.2770
vn -0.0020 0.9677 0.2520
vn 0.0001 0.9999 0.0133
vn -0.0000 0.9999 0.0133
vn -0.0029 0.9726 -0.2324
vn -0.0010 1.0000 0.0015
vn -0.0044 1.0000 0.0059
vn 0.0014 0.9215 -0.3885
vn 0.0023 0.9732 -0.2298
vn 0.0073 0.9137 -0.4064
vn -0.0018 0.1950 0.9808
vn 0.0027 0.1910 0.9816
vn -0.0059 0.2041 0.9789
vn -0.0016 0.9996 0.0283
vn 0.0001 0.9700 0.2431
vn 0.0013 0.9592 0.2826
vn 0.0003 0.4220 -0.9066
vn 0.0101 0.0868 -0.9962
vn -0.0073 0.0622 -0.9980
vn 0.0120 0.9068 -0.4213
vn 0.0094 0.4698 -0.8827
vn 0.0001 0.9650 0.2621
vn -0.0000 0.9999 0.0129
vn -0.0000 0.9999 0.0126
vn -0.0000 0.9723 -0.2335
vn -0.0028 0.9999 0.0123
vn -0.0000 0.9999 0.0165
vn -0.0004 0.9732 -0.2299
vn -0.0038 0.9188 -0.3948
vn -0.0009 0.9140 -0.4056
vn -0.0111 0.2461 0.9692
vn 0.0003 0.9953 0.0966
vn 0.0001 0.9997 0.0260
vn -0.0000 0.4147 -0.9100
vn -0.0000 0.0942 -0.9956
vn -0.0000 0.8976 0.4409
vn -0.0016 0.9568 0.2908
vn -0.0000 0.9568 0.2907
vn -0.0000 0.9999 0.0128
vn -0.0000 0.9999 0.0135
vn -0.0000 0.9163 -0.4006
vn 0.0033 0.9912 -0.1321
vn 0.0078 0.9999 0.0096
vn 0.0128 0.9082 -0.4184
vn -0.0000 0.7457 -0.6663
vn -0.0000 0.9128 -0.4084
vn 1.0000 0.0026 -0.0071
vn 0.9998 -0.0077 0.0158
vn 1.0000 0.0011 -0.0007
vn 0.9997 0.0074 -0.0234
vn 0.9995 0.0328 -0.0026
vn 0.0058 -0.9986 0.0522
vn 0.0033 -0.9995 0.0306
vn 0.0001 -0.9991 0.0423
vn 0.0109 -0.9998 -0.0191
vn 0.0011 -1.0000 -0.0049
vn 0.0039 -1.0000 0.0023
vn 0.0197 -0.9997 -0.0111
vn 0.0041 -0.9998 0.0172
vn 0.0128 -0.9995 0.0306
vn -0.0025 -0.9999 0.0162
vn -0.0010 -1.0000 0.0018
vn 0.0019 -0.9988 0.0489
vn -0.0000 -1.0000 0.0002
vn -0.0031 -0.9994 0.0352
vn 0.0103 -0.9958 0.0911
vn -0.0065 -0.9989 0.0468
vn -0.0010 -0.9989 0.0462
vn 0.0062 -0.9992 0.0399
vn 0.0002 -0.9997 0.0235
vn -0.0046 -0.9982 0.0596
vn 0.0008 -0.9993 0.0364
vn -0.0000 -1.0000 0.0023
vn -0.0000 -0.9996 0.0281
vn -0.0000 -0.9991 0.0423
vn 0.0057 0.0614 -0.9981
vn -0.0026 0.4264 -0.9046
vn 0.0060 0.0031 -1.0000
vn -0.0058 0.9098 -0.4151
vn -0.0048 0.4604 -0.8877
vn -0.0055 0.9059 -0.4234
vn -0.0013 0.8942 0.4477
vn -0.0075 0.9590 0.2832
vn 0.0028 0.9989 -0.0477
vn 0.0011 0.9999 -0.0141
vn -0.0008 0.9655 0.2603
vn -0.0005 0.9727 -0.2323
vn -0.0009 0.9746 -0.2240
vn 0.0034 0.1896 0.9819
vn 0.0025 0.1835 0.9830
vn 0.0022 0.9994 -0.0342
vn 0.0099 0.9998 0.0171
vn 0.0109 0.8978 0.4403
vn -0.0005 0.9692 0.2464
vn 0.0038 0.9730 -0.2310
vn -0.0039 -0.9998 0.0209
vn -0.0027 0.1650 0.9863
vn -0.0054 0.1650 0.9863
vn 0.0021 0.1450 0.9894
vn -0.0001 0.9757 -0.2192
vn -0.0002 0.9713 -0.2378
vn 0.0032 0.9684 0.2495
vn 0.0030 1.0000 0.0063
vn 0.0104 0.8768 0.4807
vn -0.0001 0.8756 0.4831
vn -0.0118 0.9575 0.2880
vn -0.0068 0.8845 0.4666
vn 0.0045 0.9185 0.3954
vn -0.0000 0.9285 0.3712
vn 0.0002 0.9726 0.2323
vn 0.0091 0.8901 0.4557
vn -0.0470 0.9988 0.0104
vn 0.0066 1.0000 -0.0041
vn 0.0040 0.9066 0.4221
vn 0.0069 0.9736 -0.2282
vn 0.0100 0.8803 0.4742
vn 0.0152 0.9300 -0.3671
vn 0.0265 0.9876 -0.1548
vn -0.0480 0.9660 -0.2539
vn -0.0334 0.9994 -0.0091
vn -0.0000 0.9725 -0.2330
vn -0.0000 0.9997 0.0251
vn -0.0000 0.9650 0.2624
vn 0.2760 -0.9563 -0.0969
vn 0.0332 -0.7256 -0.6873
vn 0.1854 -0.7826 -0.5942
vn -0.6561 -0.7066 -0.2650
vn -0.6234 -0.1793 -0.7611
vn -0.5328 -0.4845 -0.6938
vn 0.3068 0.2265 0.9244
vn 0.4497 0.5692 0.6883
vn 0.1435 0.1530 0.9777
vn 0.4787 0.1522 0.8647
vn 0.8375 0.3493 0.4203
vn 0.4193 0.1937 0.8870
vn 0.0860 0.1741 0.9810
vn -0.0222 0.6651 0.7465
vn -0.0009 0.1691 0.9856
vn -0.2992 0.2070 0.9315
vn -0.8558 0.1130 0.5049
vn -0.5223 0.1486 0.8397
vn 0.9834 0.0557 0.1728
vn 0.6812 0.0155 0.7319
vn 0.3315 0.0623 0.9414
vn 0.6585 0.0128 0.7525
vn 0.9337 0.1541 0.3233
vn 0.5359 0.1184 0.8359
vn -0.2376 -0.7654 0.5981
vn 0.1472 -0.9887 0.0300
vn 0.0932 -0.7888 0.6076
vn 0.0010 0.8861 0.4635
vn 0.0214 0.9594 0.2811
vn 0.0346 0.9004 0.4336
vn -0.3040 -0.9505 0.0645
vn -0.5833 -0.5289 0.6164
vn -0.7168 -0.6840 0.1355
vn 0.9885 -0.0439 0.1450
vn 0.6540 -0.0504 0.7549
vn 0.0113 -0.2118 -0.9773
vn 0.2141 -0.4147 0.8844
vn 0.3246 -0.8524 0.4099
vn 0.9231 0.3801 -0.0575
vn 0.8669 0.4983 -0.0140
vn 0.9410 0.3302 -0.0744
vn -0.2040 0.0972 -0.9741
vn -0.5384 -0.0011 -0.8427
vn -0.2853 -0.0886 0.9543
vn -0.3185 -0.2127 0.9237
vn -0.0342 0.0284 -0.9990
vn 0.1154 0.1119 -0.9870
vn 0.1455 0.1031 -0.9840
vn 0.0369 -0.0405 0.9985
vn 0.0089 0.0682 -0.9976
vn 0.1726 0.1244 -0.9771
vn 0.2158 0.1465 -0.9654
vn 0.3816 0.2291 0.8955
vn 0.0609 0.0345 0.9976
vn -0.0197 0.0069 -0.9998
vn -0.0428 0.2941 -0.9548
vn 0.0196 0.2302 -0.9730
vn 0.0154 -0.0218 0.9996
vn -0.0925 0.0066 -0.9957
vn -0.0208 0.0474 -0.9987
vn -0.2461 0.0061 0.9692
vn -0.6854 0.0203 0.7279
vn 0.2277 -0.0056 0.9737
vn 0.1291 0.1378 -0.9820
vn 0.1546 0.0441 -0.9870
vn 0.5284 0.0738 -0.8458
vn 0.0989 0.0383 0.9944
vn 0.0673 0.0416 0.9969
vn -0.0409 0.0629 -0.9972
vn 0.3434 0.1009 -0.9337
vn 0.5043 0.1129 -0.8561
vn 0.0329 -0.2535 0.9668
vn -0.1878 -0.3444 -0.9199
vn -0.2812 -0.7304 -0.6225
vn 0.0170 0.2586 0.9658
vn 0.0374 0.0323 -0.9988
vn 0.0261 0.0285 -0.9993
vn -0.1702 -0.3014 0.9382
vn -0.2468 -0.2516 -0.9358
vn 0.0861 0.0382 -0.9956
vn 0.5630 0.0426 -0.8253
vn 0.1899 0.0094 0.9818
vn 0.4643 0.5078 -0.7256
vn 0.0915 0.1345 -0.9867
vn -0.0241 0.0137 -0.9996
vn 0.0555 0.1715 -0.9836
vn 0.0285 0.0140 0.9995
vn 0.3483 0.2612 0.9002
vn -0.6511 0.4134 -0.6365
vn -0.1811 0.2452 -0.9524
vn -0.3078 0.1754 -0.9351
vn -0.0581 -0.0621 -0.9964
vn -0.4264 0.0637 -0.9023
vn -0.0199 0.0135 0.9997
vn -0.1089 0.1796 0.9777
vn -0.9999 0.0091 0.0130
vn -1.0000 -0.0012 0.0044
vn -0.9999 0.0094 0.0144
vn -0.7373 -0.6722 -0.0667
vn -0.6376 -0.7698 -0.0285
vn -0.7713 -0.6349 -0.0442
vn -0.8406 -0.5384 -0.0589
vn -0.8510 -0.5217 -0.0602
vn -0.8567 -0.5133 -0.0500
vn -0.8760 -0.4788 -0.0574
vn -0.8555 -0.5159 -0.0445
vn -0.8548 -0.5144 -0.0687
vn -0.9062 -0.4220 -0.0273
vn -0.9694 -0.2441 -0.0265
vn -0.9720 -0.2344 -0.0138
vn -0.9974 -0.0718 0.0089
vn -0.9998 -0.0077 0.0158
vn -0.4901 -0.8710 -0.0337
vn -0.0314 -0.9989 -0.0352
vn -0.3094 -0.9506 -0.0267
vn -0.0148 -0.9999 -0.0058
vn 0.3255 -0.9452 -0.0245
vn 0.6444 -0.7647 0.0090
vn 0.5688 -0.8224 0.0111
vn 0.9006 -0.4295 0.0666
vn 0.9963 -0.0804 0.0315
vn 0.9996 -0.0268 -0.0005
vn 0.9684 0.2479 0.0270
vn 0.4975 0.8666 -0.0388
vn 0.7011 0.7130 -0.0104
vn 0.9033 0.4286 -0.0177
vn 0.4083 0.9127 -0.0188
vn 0.0870 0.9955 -0.0370
vn -0.0174 0.9997 -0.0170
vn -0.2506 0.9671 -0.0433
vn 0.1048 -0.9941 0.0263
vn 0.3374 -0.9412 0.0167
vn 0.1081 -0.9941 0.0127
vn -0.9988 0.0152 0.0459
vn -0.9304 -0.3234 -0.1725
vn -0.9747 -0.0215 -0.2225
vn 0.4253 0.9031 -0.0597
vn 0.1955 0.9471 0.2546
vn 0.1162 0.9913 -0.0619
vn -0.0866 0.9957 -0.0335
vn -0.9194 0.2921 0.2633
vn -0.9693 -0.0977 0.2257
vn 0.9982 -0.0592 0.0034
vn 0.7348 0.6266 0.2598
vn 0.9991 -0.0337 0.0251
vn -0.3346 -0.9420 0.0240
vn 0.0957 -0.9950 0.0302
vn -0.3668 -0.9301 0.0186
vn -0.6896 -0.7207 0.0714
vn 0.9141 0.4027 0.0479
vn 0.8984 0.4387 0.0203
vn 0.8806 0.4733 0.0237
vn 0.8548 0.5164 -0.0521
vn 0.9537 0.2781 -0.1145
vn 0.9450 0.3268 -0.0152
vn -0.4427 0.8966 -0.0138
vn -0.1127 0.9368 -0.3311
vn 0.2681 0.9630 0.0286
vn 0.4612 0.8520 0.2476
vn 0.2207 0.9449 0.2416
vn -0.0148 0.9999 0.0086
vn -0.9716 0.2274 0.0653
vn -0.9814 -0.0926 0.1683
vn -0.9961 -0.0478 0.0740
vn 0.9956 -0.0940 -0.0009
vn 0.9952 -0.0979 -0.0041
vn 0.9962 -0.0864 -0.0138
vn 0.1017 -0.9945 0.0255
vn -0.3079 -0.9507 0.0355
vn 0.1240 -0.9922 0.0146
vn 0.0077 0.9721 0.2346
vn 0.0840 0.9963 0.0207
vn 0.0331 0.9995 -0.0004
vn -0.3564 -0.9332 0.0472
vn -0.6955 -0.7145 0.0762
vn 0.3378 -0.9412 0.0114
vn 0.0978 -0.9952 0.0098
vn -0.9643 -0.2595 0.0536
vn -0.9882 -0.0828 -0.1287
vn 0.8691 0.4946 -0.0124
vn 0.8703 0.4922 -0.0168
vn 0.8765 0.4807 -0.0262
vn 0.8147 0.5798 0.0108
vn 0.9480 0.3182 -0.0040
vn 0.9455 0.3256 -0.0105
vn -0.3584 0.9334 -0.0167
vn -0.0163 0.9719 -0.2348
vn 0.4706 0.8562 -0.2131
vn 0.2682 0.9632 -0.0173
vn 0.4837 0.8752 0.0015
vn -0.0210 0.9994 -0.0256
vn 0.2618 0.9362 -0.2344
vn -0.9920 -0.1265 0.0013
vn -0.9726 0.1770 -0.1505
vn 0.9958 -0.0805 0.0438
vn 0.9989 -0.0365 0.0292
vn 0.9966 -0.0741 0.0349
vn -0.3120 -0.9501 0.0054
vn 0.1116 -0.9938 0.0022
vn -0.6605 -0.7504 0.0235
vn -0.3319 -0.9433 0.0062
vn 0.3335 -0.9427 -0.0077
vn 0.1334 -0.9909 -0.0192
vn -0.9020 -0.4121 0.1289
vn -0.9752 -0.1359 0.1747
vn 0.8092 0.5871 -0.0210
vn -0.4506 0.8927 -0.0000
vn -0.0199 0.9665 0.2561
vn 0.1163 -0.9932 0.0017
vn 0.3348 -0.9422 0.0152
vn -0.9958 -0.0763 -0.0510
vn -0.9205 -0.3671 0.1337
vn 0.9055 0.4241 0.0130
vn 0.8569 0.5154 -0.0112
vn 0.8495 0.5273 -0.0151
vn 0.8515 0.5184 0.0792
vn 0.9597 0.2802 0.0223
vn -0.4116 0.8952 0.1707
vn -0.1006 0.9946 -0.0268
vn -0.4654 0.8822 -0.0725
vn 0.4638 0.8571 -0.2242
vn 0.2023 0.9793 0.0030
vn 0.4638 0.8858 0.0174
vn 0.1734 0.9394 -0.2958
vn -0.9178 0.2907 -0.2703
vn -0.3226 -0.9461 -0.0296
vn -0.2984 -0.9544 -0.0101
vn -0.7125 -0.6948 -0.0981
vn 0.0906 -0.9957 0.0189
vn 0.3211 -0.9462 0.0405
vn -0.9882 -0.1527 -0.0108
vn -0.8983 -0.4144 0.1462
vn 0.8462 0.5329 0.0007
vn 0.8534 0.5211 -0.0103
vn 0.8369 0.5472 0.0148
vn 0.8315 0.5395 -0.1329
vn 0.9426 0.3190 0.0989
vn 0.9236 0.3490 -0.1588
vn -0.4738 0.8302 0.2938
vn -0.0925 0.9953 -0.0304
vn -0.4866 0.8731 0.0299
vn 0.4447 0.8944 0.0483
vn 0.1266 0.9308 -0.3429
vn 0.1915 0.9815 0.0024
vn -0.0952 0.9309 -0.3526
vn -0.9546 0.1879 -0.2314
vn -0.9662 0.2576 -0.0030
vn -0.3054 -0.9518 -0.0286
vn 0.0903 -0.9957 -0.0194
vn -0.0023 0.9064 0.4225
vn 0.0003 0.9539 0.3001
vn -0.3150 -0.9488 0.0209
vn -0.6737 -0.7364 -0.0620
vn 0.2935 0.9268 0.2344
vn 0.5113 0.8280 0.2302
vn -0.9883 0.1515 0.0172
vn -0.3118 -0.9499 -0.0207
vn -0.6754 -0.7361 0.0443
vn 0.3313 -0.9435 0.0069
vn -0.9300 -0.0825 0.3582
vn 0.8258 0.5637 -0.0139
vn 0.8374 0.5465 0.0123
vn 0.7633 0.6415 0.0762
vn -0.4545 0.8463 0.2778
vn 0.3225 -0.9466 0.0031
vn -0.9105 -0.4132 0.0152
vn -0.4099 0.8882 -0.2074
vn -0.5707 -0.8208 0.0222
vn -0.7306 -0.6806 0.0549
vn -0.5122 -0.8585 0.0260
vn -0.7422 -0.6699 0.0185
vn -0.7891 -0.6112 0.0612
vn -0.7644 -0.6423 0.0557
vn -0.8216 -0.5698 0.0169
vn -0.8164 -0.5733 0.0692
vn -0.8040 -0.5945 0.0133
vn -0.9211 -0.3854 0.0557
vn -0.8563 -0.5164 0.0128
vn -0.9121 -0.4100 0.0040
vn -0.9737 -0.2278 -0.0010
vn -0.9982 -0.0568 0.0204
vn -0.9779 -0.2055 0.0397
vn -0.0737 -0.9969 0.0285
vn -0.0401 -0.9979 -0.0513
vn 0.3261 -0.9448 0.0308
vn 0.2059 -0.9755 -0.0775
vn 0.4687 -0.8796 -0.0815
vn 0.5283 -0.8490 0.0116
vn 0.9310 -0.3607 -0.0561
vn 0.8964 -0.4432 -0.0021
vn 0.9447 0.3280 -0.0019
vn 0.7549 0.6555 -0.0181
vn 0.9708 0.2390 -0.0228
vn 0.5120 0.8571 0.0564
vn 0.5231 0.8519 -0.0261
vn 0.0911 0.9949 0.0432
vn 0.0932 0.9956 -0.0088
vn -0.2133 0.9770 -0.0035
vn 0.4517 0.8921 0.0102
vn -0.6945 -0.7191 -0.0218
vn -0.0637 0.9748 0.2137
vn -0.9557 0.2831 -0.0806
vn 0.9985 -0.0527 0.0145
vn 0.9985 -0.0518 0.0156
vn -0.6774 -0.7353 -0.0241
vn -0.7135 -0.7006 -0.0116
vn -0.4822 -0.8760 -0.0139
vn -0.7585 -0.6517 -0.0082
vn -0.8053 -0.5926 0.0173
vn -0.8218 -0.5698 -0.0021
vn -0.8448 -0.5351 0.0046
vn -0.9171 -0.3988 0.0031
vn -0.8637 -0.5041 0.0050
vn -0.9759 -0.2182 -0.0038
vn -0.9976 -0.0692 -0.0019
vn -0.0183 -0.9997 0.0132
vn 0.3462 -0.9372 0.0430
vn 0.2476 -0.9685 0.0279
vn 0.8905 -0.4519 0.0535
vn 0.5162 -0.8549 0.0509
vn 0.8562 0.5165 0.0126
vn 0.9969 0.0684 0.0395
vn 0.4563 0.8898 -0.0103
vn 0.0238 0.9993 -0.0279
vn -0.2857 0.9581 -0.0185
vn 0.3246 -0.9458 0.0091
vn -0.9188 -0.3933 -0.0346
vn -0.8070 -0.5904 -0.0131
vn -0.5787 -0.8154 -0.0146
vn -0.7784 -0.6277 0.0011
vn -0.7836 -0.6212 -0.0085
vn -0.8199 -0.5725 0.0076
vn -0.8929 -0.4501 0.0105
vn -0.8544 -0.5193 0.0181
vn -0.9604 -0.2786 -0.0064
vn -0.9979 -0.0617 -0.0184
vn 0.1710 -0.9852 0.0075
vn 0.5271 -0.8492 0.0326
vn 0.2013 -0.9790 0.0331
vn 0.8447 -0.5335 0.0428
vn 0.9995 -0.0176 0.0255
vn 0.8803 0.4740 0.0207
vn 0.5058 0.8626 -0.0033
vn 0.0458 0.9987 -0.0230
vn -0.2962 0.9546 -0.0318
vn -0.9383 0.3444 0.0311
vn -0.7575 -0.6524 0.0239
vn 0.4761 0.8597 0.1854
vn -0.0820 0.9484 0.3064
vn 0.7178 0.6945 0.0483
vn 0.9988 0.0492 0.0068
vn -0.6686 -0.7432 0.0269
vn 0.3542 -0.9347 0.0298
vn -0.9603 -0.2751 0.0469
vn 0.8486 0.5151 0.1207
vn -0.6997 -0.7121 -0.0582
vn -0.8451 -0.5344 0.0126
vn -0.8604 -0.5082 -0.0376
vn -0.9956 -0.0926 -0.0135
vn 0.4683 -0.8836 -0.0019
vn 0.5290 -0.8485 0.0105
vn 0.8760 -0.4812 0.0310
vn -0.2550 0.9661 -0.0393
vn 0.3212 -0.9468 0.0215
vn -0.9714 -0.1309 -0.1979
vn -0.8929 -0.4503 0.0031
vn 0.8712 0.4908 -0.0068
vn -0.4596 0.8315 -0.3121
vn 0.2188 0.5657 -0.7951
vn 0.4092 0.8611 -0.3017
vn 0.6785 0.2790 -0.6795
vn 0.6260 0.3247 -0.7090
vn 0.0516 0.6348 -0.7709
vn -0.0804 0.6815 -0.7274
vn -0.8265 0.1546 -0.5412
vn 0.9548 0.1432 -0.2605
vn 0.9869 0.1416 -0.0771
vn 0.8719 0.0740 -0.4841
vn 0.7865 0.2163 -0.5784
vn -0.3152 -0.9326 -0.1760
vn 0.0775 -0.9866 -0.1434
vn 0.9989 -0.0002 -0.0470
vn 0.9643 0.0230 -0.2637
vn 0.9382 0.0298 -0.3449
vn -0.3486 0.6098 -0.7118
vn 0.0226 -0.0156 0.9996
vn 0.3014 -0.9535 0.0019
vn -0.4796 0.8182 -0.3170
vn -0.7578 0.6524 -0.0014
vn -0.7532 0.5887 -0.2933
vn -0.7754 0.6313 0.0139
vn -0.8103 0.5618 -0.1667
vn -0.8234 0.5096 0.2496
vn -0.7591 0.6361 0.1379
vn -0.7517 0.6028 0.2675
vn -0.6566 0.3693 0.6576
vn -0.3375 0.5756 0.7448
vn 0.1730 -0.9582 -0.2277
vn -0.0560 -0.9910 -0.1219
vn -0.7655 0.6358 -0.0991
vn -0.8025 0.5954 0.0393
vn 0.2362 0.6610 0.7122
vn -0.9697 0.1297 0.2069
vn -0.9140 -0.3232 0.2455
vn 0.7167 0.6929 0.0795
vn 0.7065 0.7036 0.0764
vn 0.7457 0.5308 0.4028
vn 0.0034 -1.0000 0.0075
vn -0.0022 -1.0000 -0.0028
vn -0.0011 -1.0000 -0.0049
vn -0.9998 -0.0032 0.0199
vn -0.9993 -0.0035 0.0373
vn -0.9994 -0.0100 0.0325
vn -0.6646 -0.7467 -0.0259
vn -0.3451 -0.9380 -0.0329
vn -0.7757 -0.6303 0.0306
vn -0.7517 -0.6594 0.0095
vn -0.8491 -0.5240 0.0673
vn -0.7951 -0.6039 0.0549
vn -0.8809 -0.4684 0.0683
vn -0.8764 -0.4776 0.0624
vn -0.9981 -0.0479 0.0375
vn -0.9817 -0.1807 0.0606
vn 0.4442 -0.8708 -0.2107
vn 0.7399 -0.6634 -0.1112
vn 0.9541 -0.2598 -0.1487
vn 0.7122 0.7013 0.0308
vn 0.9771 0.2101 -0.0334
vn 0.7958 0.5998 0.0827
vn 0.4297 0.8913 0.1445
vn -0.0187 0.9902 0.1385
vn -0.2574 0.9626 0.0851
vn 0.3083 -0.9511 -0.0171
vn -0.8897 -0.0773 -0.4500
vn -0.9104 -0.3934 -0.1284
vn -0.8106 0.5348 -0.2387
vn 0.5446 0.6388 -0.5434
vn 0.0100 0.3524 -0.9358
vn 0.9737 -0.0421 0.2241
vn 0.2087 -0.0092 0.9779
vn -0.9979 -0.0617 -0.0180
vn 0.9995 0.0302 0.0024
vn 0.9999 0.0059 0.0103
vn 1.0000 -0.0063 0.0005
vn 0.9998 -0.0158 -0.0137
vn 0.9988 -0.0379 0.0312
vn -1.0000 -0.0064 -0.0004
vn 0.9999 -0.0027 -0.0134
vn -0.9996 -0.0049 -0.0265
vn -0.0220 0.0450 -0.9987
vn -0.9058 -0.4226 -0.0301
vn 0.9819 0.1895 0.0061
vn 0.9877 0.1435 0.0625
vn 0.9896 0.1441 -0.0043
vn 0.9929 0.1193 -0.0052
vn 0.9944 0.1053 0.0087
vn 0.9882 0.1402 -0.0616
vn -0.9248 -0.3745 0.0674
vn 0.0021 0.0580 -0.9983
vn -0.8497 -0.5228 0.0680
vn -0.0257 0.0059 -0.9997
vn 0.5692 0.4298 -0.7009
vn 0.0326 0.0389 0.9987
vn -0.8317 -0.5531 -0.0489
vn 0.8536 0.5041 -0.1312
vn 0.6945 0.7169 -0.0609
vn 0.6821 0.7230 -0.1100
vn 0.6100 0.7924 -0.0011
vn 0.6524 0.7558 -0.0552
vn 0.6615 0.6369 0.3959
vn 0.6560 0.7382 0.1572
vn 0.7086 0.6920 0.1378
vn -0.8045 -0.5940 0.0047
vn 0.6898 0.7146 -0.1160
vn 0.0389 -0.0234 0.9990
vn -0.6811 -0.7321 0.0118
vn -0.0963 0.0308 0.9949
vn -0.0410 -0.0514 -0.9978
vn -0.9536 0.2531 0.1632
vn -0.8335 0.5522 0.0173
vn 0.5289 -0.8475 0.0458
vn 0.7669 -0.6187 -0.1704
vn -0.8701 -0.3379 -0.3588
vn -0.2862 -0.0377 -0.9574
vn -0.6891 -0.1917 0.6989
vn -0.9370 -0.3384 -0.0869
vn -0.7580 -0.6500 0.0539
vn 0.0112 0.9995 0.0306
vn -0.0136 0.9549 0.2965
vn -0.0131 0.9995 0.0286
vn 0.0018 0.1293 0.9916
vn 0.0694 0.0814 0.9943
vn -0.0024 -0.0846 -0.9964
vn -0.0089 0.9999 0.0121
vn -0.0010 1.0000 0.0003
vn 0.0106 0.9662 -0.2576
vn -0.0099 0.9999 0.0071
vn -0.0117 0.9701 -0.2425
vn -0.0042 0.9133 -0.4074
vn 0.0127 0.9068 -0.4213
vn 0.0238 0.8916 -0.4523
vn -0.0039 0.3442 -0.9389
vn -0.0125 0.9553 0.2953
vn -0.0099 0.9998 0.0171
vn -0.0032 -0.0300 -0.9995
vn -0.0022 0.9045 0.4265
vn -0.0098 0.9632 0.2687
vn -0.0040 0.9066 0.4221
vn -0.0116 0.9657 0.2593
vn -0.0011 0.9999 0.0131
vn -0.0061 0.9738 -0.2275
vn -0.0052 1.0000 0.0049
vn -0.0009 0.9725 -0.2327
vn -0.0069 0.9736 -0.2282
vn -0.0119 0.9999 -0.0097
vn 0.0048 0.9022 -0.4313
vn -0.0066 1.0000 -0.0041
vn -0.0031 0.3955 -0.9185
vn 0.0010 0.9561 0.2932
vn 0.0098 0.9998 0.0177
vn 0.0007 1.0000 0.0083
vn -0.0051 0.8928 0.4503
vn -0.0121 0.9575 0.2883
vn -0.0109 0.8978 0.4403
vn 0.0020 0.9677 0.2520
vn -0.0001 0.9999 0.0133
vn 0.0005 0.9692 0.2464
vn 0.0029 0.9726 -0.2324
vn 0.0010 1.0000 0.0015
vn 0.0002 0.9713 -0.2378
vn -0.0023 0.9732 -0.2298
vn -0.0014 0.9215 -0.3885
vn -0.0073 0.9137 -0.4064
vn 0.0018 0.1950 0.9808
vn -0.0027 0.1910 0.9816
vn -0.0034 0.1896 0.9819
vn 0.0016 0.9996 0.0283
vn -0.0002 0.9700 0.2432
vn -0.0002 0.9997 0.0259
vn -0.0003 0.4220 -0.9066
vn -0.0101 0.0868 -0.9962
vn -0.0094 0.4698 -0.8827
vn -0.0120 0.9068 -0.4213
vn -0.0001 0.9650 0.2621
vn 0.0008 0.9655 0.2603
vn 0.0028 0.9999 0.0123
vn 0.0005 0.9727 -0.2323
vn 0.0004 0.9732 -0.2299
vn 0.0038 0.9188 -0.3948
vn 0.0009 0.9746 -0.2240
vn 0.0111 0.2461 0.9692
vn 0.0059 0.2041 0.9789
vn 0.0073 0.0622 -0.9980
vn 0.0016 0.9568 0.2908
vn 0.0013 0.8942 0.4477
vn 0.0009 0.9140 -0.4056
vn -0.0154 0.9072 -0.4203
vn -1.0000 0.0026 -0.0071
vn -0.9998 -0.0006 0.0193
vn -0.9997 0.0074 -0.0234
vn -0.9995 0.0328 -0.0026
vn -0.0058 -0.9986 0.0522
vn -0.0033 -0.9995 0.0306
vn -0.0128 -0.9995 0.0306
vn -0.0109 -0.9998 -0.0191
vn -0.0039 -1.0000 0.0023
vn -0.0197 -0.9997 -0.0111
vn -0.0041 -0.9998 0.0172
vn 0.0025 -0.9999 0.0162
vn -0.0019 -0.9988 0.0489
vn -0.0001 -0.9991 0.0423
vn 0.0010 -1.0000 0.0018
vn 0.0031 -0.9994 0.0352
vn -0.0103 -0.9958 0.0911
vn 0.0065 -0.9989 0.0468
vn 0.0010 -0.9989 0.0462
vn -0.0002 -0.9997 0.0235
vn -0.0062 -0.9992 0.0399
vn 0.0046 -0.9982 0.0596
vn -0.0008 -0.9993 0.0364
vn 0.0026 0.4264 -0.9045
vn -0.0057 0.0614 -0.9981
vn -0.0060 0.0031 -1.0000
vn 0.0058 0.9098 -0.4151
vn 0.0048 0.4604 -0.8877
vn -0.0105 0.9999 0.0118
vn 0.0075 0.9590 0.2832
vn -0.0028 0.9989 -0.0477
vn -0.0082 0.9608 0.2770
vn -0.0013 0.9592 0.2826
vn 0.0118 0.9575 0.2880
vn 0.0044 1.0000 0.0059
vn 0.0001 0.9757 -0.2192
vn -0.0025 0.1835 0.9830
vn 0.0027 0.1650 0.9863
vn 0.0055 0.9059 -0.4234
vn -0.0022 0.9994 -0.0342
vn -0.0075 0.9589 0.2837
vn -0.0032 0.9684 0.2495
vn -0.0038 0.9730 -0.2310
vn -0.0002 0.9126 -0.4089
vn -0.0092 0.9038 -0.4278
vn 0.0039 -0.9998 0.0209
vn 0.0054 0.1650 0.9863
vn -0.0021 0.1450 0.9894
vn 0.7037 0.7030 0.1030
vn -0.0011 0.9999 -0.0141
vn -0.0104 0.8768 0.4807
vn 0.0001 0.8756 0.4831
vn -0.0045 0.9185 0.3954
vn 0.0068 0.8845 0.4666
vn 0.0470 0.9988 0.0104
vn -0.0023 0.9538 0.3003
vn -0.0100 0.8803 0.4742
vn -0.0152 0.9300 -0.3671
vn -0.0265 0.9876 -0.1548
vn 0.0030 0.9905 0.1374
vn 0.0480 0.9660 -0.2539
vn 0.0334 0.9994 -0.0091
vn -0.0000 0.9738 -0.2276
vn 0.4471 0.1197 -0.8864
vn 0.7048 0.2031 -0.6798
vn 0.7172 0.2001 -0.6675
vn 0.0367 0.1283 -0.9911
vn 0.4440 0.1312 -0.8864
vn -0.4114 0.1886 -0.8918
vn -0.6813 0.2058 -0.7024
vn -0.3909 0.0515 -0.9190
vn 0.0272 0.1799 -0.9833
vn 0.7172 0.0814 0.6921
vn 0.9209 0.1069 0.3748
vn 0.6978 0.1784 0.6937
vn 0.9001 0.1840 0.3949
vn 0.9738 0.2271 -0.0070
vn 0.9130 0.1368 -0.3843
vn 0.8881 0.2330 -0.3961
vn 0.9739 0.2268 -0.0113
vn -0.9384 0.0160 -0.3452
vn -0.6771 -0.2290 -0.6993
vn -0.9205 -0.1489 -0.3612
vn -0.5632 -0.5743 -0.5941
vn -0.9758 -0.2147 -0.0403
vn -0.8016 -0.5976 -0.0166
vn -0.8976 -0.2205 0.3818
vn -0.5122 -0.6159 0.5985
vn -0.6334 -0.1143 0.7653
vn -0.6837 0.0717 0.7262
vn -0.9181 0.0386 0.3945
vn 0.3652 -0.1473 -0.9192
vn 0.6688 0.0603 -0.7410
vn 0.6733 -0.0882 -0.7341
vn 0.5692 -0.5514 -0.6099
vn 0.0087 -0.1078 -0.9941
vn -0.0016 -0.3630 -0.9318
vn 0.2901 -0.5281 -0.7981
vn -0.3194 -0.2662 -0.9095
vn -0.0074 -0.6018 -0.7986
vn -0.3332 -0.0482 -0.9416
vn -0.7210 0.0409 -0.6917
vn -0.9298 0.0586 -0.3633
vn -0.9215 0.1606 -0.3537
vn -0.9981 0.0584 0.0198
vn -0.6929 0.1676 0.7013
vn -0.8479 0.3831 0.3664
vn -0.8926 0.2554 0.3715
vn -0.9847 0.1739 0.0151
vn 0.8455 -0.4459 -0.2939
vn 0.3358 -0.8734 -0.3527
vn 0.6149 -0.4394 -0.6548
vn 0.8841 -0.4619 0.0709
vn 0.4501 -0.8809 -0.1460
vn 0.7829 -0.4874 0.3866
vn 0.3301 -0.8579 0.3938
vn 0.4489 -0.8631 0.2316
vn 0.4861 -0.8726 0.0465
vn 0.3192 -0.4838 0.8149
vn 0.5469 -0.5159 0.6594
vn 0.0504 -0.4890 0.8708
vn 0.1797 -0.8624 0.4732
vn -0.2254 -0.4389 0.8698
vn -0.3049 -0.8737 0.3790
vn -0.1202 -0.8672 0.4833
vn 0.0373 -0.8648 0.5008
vn 0.3569 -0.0865 0.9301
vn 0.6642 -0.0318 0.7468
vn 0.3967 -0.0404 0.9171
vn 0.0535 -0.3437 0.9375
vn 0.0492 -0.2987 0.9531
vn 0.3814 -0.5043 0.7747
vn 0.7111 -0.2621 0.6524
vn 0.4393 -0.2581 0.8605
vn 0.0110 -0.4440 0.8959
vn -0.3485 -0.4282 0.8338
vn -0.6218 -0.3867 0.6811
vn -0.3420 -0.0016 0.9397
vn -0.2889 -0.1344 0.9479
vn 0.3492 -0.3563 -0.8667
vn 0.6426 -0.3500 -0.6816
vn 0.3834 0.0241 -0.9233
vn -0.3349 -0.2187 -0.9165
vn -0.6830 -0.3163 -0.6584
vn -0.7191 -0.1814 -0.6708
vn 0.0469 -0.2569 -0.9653
vn -0.2762 -0.4205 -0.8642
vn 0.8615 -0.3570 0.3610
vn 0.6289 -0.4061 0.6630
vn 0.9952 0.0739 0.0642
vn 0.9112 0.0315 0.4107
vn 0.6796 -0.0546 0.7316
vn 0.9073 -0.0730 0.4141
vn 0.9953 -0.0680 0.0693
vn 0.9423 0.0277 -0.3335
vn 0.9309 -0.1678 -0.3244
vn 0.8768 -0.3536 -0.3258
vn 0.6826 -0.1799 -0.7083
vn 0.9124 -0.1325 -0.3872
vn 0.9103 -0.4099 0.0571
vn 0.9549 -0.2939 0.0421
vn -0.6927 -0.1974 -0.6937
vn -0.8843 -0.3525 -0.3064
vn -0.9996 -0.0279 -0.0023
vn -0.9060 -0.1507 0.3955
vn -0.6526 -0.2126 0.7273
vn -0.9375 -0.3475 -0.0184
vn -0.9618 -0.2731 -0.0199
vn 0.7128 0.1896 0.6753
vn 0.4396 -0.0400 0.8973
vn 0.7195 0.0929 0.6883
vn -0.0510 0.1677 0.9845
vn 0.4642 0.1183 0.8778
vn -0.4172 -0.0485 0.9075
vn -0.6518 0.1407 0.7452
vn -0.6840 0.0408 0.7283
vn -0.4233 0.0444 0.9049
vn 0.4088 -0.0471 -0.9114
vn 0.6969 0.2215 -0.6821
vn 0.7058 0.0429 -0.7071
vn 0.0516 0.1559 -0.9864
vn 0.4356 0.0431 -0.8991
vn -0.7176 0.1629 -0.6771
vn -0.3950 -0.0633 -0.9165
vn -0.7127 0.1088 -0.6930
vn -0.4259 0.1576 -0.8909
vn 0.9080 -0.0705 0.4129
vn 0.8982 0.1205 0.4228
vn 0.9682 0.2501 -0.0056
vn 0.9177 -0.0022 -0.3973
vn 0.9050 0.1578 -0.3949
vn -0.9175 -0.0661 -0.3921
vn -0.9033 0.1288 -0.4091
vn -0.9499 0.3103 -0.0370
vn -0.9035 0.1570 0.3988
vn -0.9995 0.0303 0.0031
vn 0.4859 0.1480 0.8614
vn -0.0166 0.0558 0.9983
vn 0.4500 -0.0558 0.8913
vn 0.0160 0.0491 0.9987
vn -0.4372 0.0644 0.8971
vn -0.6101 0.3991 0.6844
vn -0.4289 -0.1160 0.8959
vn -0.8264 -0.4461 -0.3436
vn -0.3544 -0.8619 -0.3626
vn -0.4511 -0.8743 -0.1790
vn -0.8844 -0.4664 -0.0165
vn -0.4691 -0.8832 -0.0012
vn -0.8264 -0.4541 0.3330
vn -0.5712 -0.4578 0.6813
vn -0.4317 -0.8853 0.1729
vn 0.2958 -0.4104 -0.8626
vn 0.1638 -0.8680 -0.4688
vn -0.0097 -0.4037 -0.9148
vn -0.0027 -0.8646 -0.5024
vn -0.3266 -0.3995 -0.8566
vn -0.6067 -0.4758 -0.6368
vn -0.1775 -0.8627 -0.4736
vn 0.8139 -0.5789 0.0495
vn 0.7663 -0.5793 -0.2778
vn 0.7489 -0.5706 0.3369
vn 0.5513 -0.5590 0.6193
vn 0.0343 -0.6030 0.7970
vn -0.2343 -0.5779 0.7818
vn -0.4077 -0.1663 0.8978
vn -0.0310 -0.2864 0.9576
vn 0.3787 -0.1557 -0.9123
vn 0.0143 -0.3479 -0.9374
vn 0.8912 -0.2249 0.3940
vn -0.9059 -0.2200 -0.3617
vn -0.8564 -0.3731 0.3569
vn -0.7496 -0.5940 -0.2920
vn -0.7214 -0.6264 0.2953
vn -0.2563 -0.6025 -0.7558
vn 0.2977 -0.5690 0.7665
vn -0.0376 0.0831 0.9958
vn 0.0565 -0.0171 -0.9983
vn 0.9964 0.0844 -0.0040
vn -0.9160 -0.0548 0.3974
vn 0.0001 -1.0000 0.0004
vn 0.7172 0.2000 -0.6675
vn -0.4114 0.1885 -0.8918
vn 0.9209 0.1069 0.3749
vn -0.9384 0.0159 -0.3452
vn -0.6771 -0.2292 -0.6993
vn -0.9181 0.0387 0.3945
vn 0.3652 -0.1474 -0.9192
vn 0.6688 0.0602 -0.7410
vn 0.5692 -0.5514 -0.6100
vn 0.0087 -0.1077 -0.9941
vn -0.0016 -0.3629 -0.9318
vn -0.3195 -0.2661 -0.9095
vn -0.7211 0.0409 -0.6917
vn -0.6928 0.1677 0.7014
vn 0.4502 -0.8809 -0.1460
vn 0.1797 -0.8625 0.4732
vn 0.3833 0.0241 -0.9233
vn 0.9124 -0.1325 -0.3873
vn 0.9104 -0.4099 0.0571
vn -0.6927 -0.1976 -0.6937
vn -0.8842 -0.3525 -0.3064
vn -0.6526 -0.2125 0.7273
vn 0.7128 0.1897 0.6753
vn 0.7195 0.0930 0.6883
vn -0.0510 0.1678 0.9845
vn -0.6519 0.1407 0.7452
vn -0.6841 0.0408 0.7283
vn 0.4088 -0.0472 -0.9114
vn 0.6969 0.2216 -0.6820
vn 0.8981 0.1205 0.4229
vn -0.9034 0.1288 -0.4091
vn 0.0160 0.0490 0.9987
vn -0.6101 0.3994 0.6843
vn -0.4289 -0.1159 0.8959
vn -0.8264 -0.4461 -0.3435
vn 0.1638 -0.8680 -0.4689
vn -0.0097 -0.4037 -0.9149
vn 0.7489 -0.5707 0.3369
vn 0.5513 -0.5590 0.6194
vn -0.4077 -0.1664 0.8978
vn 0.3787 -0.1558 -0.9123
vn -0.9059 -0.2200 -0.3618
vn -0.7496 -0.5939 -0.2921
vn 0.2978 -0.5689 0.7666
vn -0.0375 0.0831 0.9958
vn -0.7048 0.2031 -0.6798
vn -0.4471 0.1197 -0.8864
vn -0.7172 0.2000 -0.6675
vn -0.4440 0.1312 -0.8864
vn -0.0367 0.1283 -0.9911
vn 0.4114 0.1885 -0.8918
vn 0.6814 0.2057 -0.7024
vn 0.7211 0.0409 -0.6917
vn 0.3909 0.0515 -0.9190
vn -0.7172 0.0814 0.6921
vn -0.9209 0.1069 0.3748
vn -0.9001 0.1840 0.3949
vn -0.9738 0.2271 -0.0070
vn -0.9739 0.2268 -0.0113
vn -0.9130 0.1368 -0.3843
vn -0.8881 0.2330 -0.3962
vn 0.9384 0.0160 -0.3452
vn 0.6771 -0.2290 -0.6993
vn 0.6927 -0.1974 -0.6936
vn 0.9205 -0.1489 -0.3612
vn 0.5632 -0.5743 -0.5941
vn 0.9758 -0.2147 -0.0403
vn 0.8016 -0.5976 -0.0166
vn 0.7496 -0.5940 -0.2920
vn 0.5122 -0.6160 0.5985
vn 0.8976 -0.2205 0.3818
vn 0.6334 -0.1143 0.7653
vn 0.7214 -0.6264 0.2953
vn 0.6837 0.0717 0.7262
vn 0.9181 0.0386 0.3945
vn -0.6688 0.0603 -0.7410
vn -0.3652 -0.1473 -0.9192
vn -0.6733 -0.0882 -0.7341
vn -0.5691 -0.5514 -0.6100
vn -0.0087 -0.1078 -0.9941
vn -0.3834 0.0241 -0.9233
vn 0.0016 -0.3630 -0.9318
vn -0.2901 -0.5281 -0.7981
vn 0.3194 -0.2662 -0.9095
vn 0.0074 -0.6018 -0.7986
vn 0.2563 -0.6026 -0.7558
vn 0.3332 -0.0482 -0.9416
vn 0.9298 0.0586 -0.3633
vn 0.9215 0.1606 -0.3537
vn 0.9981 0.0584 0.0198
vn 0.9847 0.1739 0.0151
vn 0.8479 0.3831 0.3664
vn 0.6929 0.1676 0.7013
vn 0.8926 0.2554 0.3715
vn -0.3358 -0.8734 -0.3527
vn -0.8455 -0.4459 -0.2939
vn -0.6150 -0.4393 -0.6548
vn -0.4501 -0.8809 -0.1460
vn -0.8841 -0.4619 0.0709
vn -0.7829 -0.4874 0.3866
vn -0.3301 -0.8579 0.3938
vn -0.5469 -0.5159 0.6594
vn -0.4861 -0.8726 0.0465
vn -0.3192 -0.4838 0.8149
vn -0.1797 -0.8625 0.4732
vn -0.0504 -0.4890 0.8708
vn 0.2254 -0.4389 0.8698
vn 0.3049 -0.8737 0.3790
vn 0.5712 -0.4579 0.6812
vn 0.1202 -0.8672 0.4833
vn -0.3569 -0.0866 0.9301
vn -0.6642 -0.0318 0.7468
vn -0.6796 -0.0546 0.7316
vn -0.0535 -0.3437 0.9375
vn -0.3967 -0.0404 0.9171
vn -0.3814 -0.5043 0.7747
vn -0.7111 -0.2621 0.6524
vn -0.6289 -0.4061 0.6630
vn -0.4393 -0.2581 0.8605
vn -0.0110 -0.4440 0.8959
vn 0.0310 -0.2864 0.9576
vn 0.3485 -0.4282 0.8338
vn 0.3420 -0.0016 0.9397
vn -0.0492 -0.2987 0.9531
vn 0.2888 -0.1344 0.9479
vn -0.3492 -0.3563 -0.8667
vn 0.6830 -0.3163 -0.6584
vn 0.3349 -0.2187 -0.9165
vn 0.7191 -0.1814 -0.6708
vn 0.2762 -0.4205 -0.8642
vn -0.0469 -0.2569 -0.9653
vn -0.8615 -0.3570 0.3610
vn -0.9112 0.0315 0.4107
vn -0.9952 0.0739 0.0642
vn -0.9073 -0.0730 0.4141
vn -0.9423 0.0277 -0.3335
vn -0.9309 -0.1678 -0.3244
vn -0.8768 -0.3536 -0.3258
vn -0.6826 -0.1799 -0.7083
vn -0.6426 -0.3500 -0.6816
vn -0.9104 -0.4099 0.0571
vn -0.9124 -0.1325 -0.3872
vn 0.8843 -0.3525 -0.3064
vn 0.9996 -0.0279 -0.0023
vn 0.6218 -0.3867 0.6811
vn 0.9060 -0.1507 0.3955
vn 0.6525 -0.2126 0.7273
vn 0.9375 -0.3475 -0.0184
vn 0.8564 -0.3731 0.3569
vn -0.7128 0.1896 0.6753
vn -0.4396 -0.0400 0.8973
vn -0.4642 0.1184 0.8778
vn 0.0510 0.1677 0.9845
vn 0.4172 -0.0485 0.9075
vn 0.6518 0.1407 0.7452
vn 0.4233 0.0444 0.9049
vn -0.4088 -0.0471 -0.9114
vn -0.6969 0.2215 -0.6821
vn -0.4356 0.0431 -0.8991
vn -0.0516 0.1559 -0.9864
vn 0.7176 0.1629 -0.6771
vn 0.3950 -0.0633 -0.9165
vn 0.4259 0.1576 -0.8909
vn -0.9080 -0.0705 0.4129
vn -0.7195 0.0929 0.6883
vn -0.9682 0.2501 -0.0056
vn -0.8982 0.1205 0.4228
vn -0.9177 -0.0022 -0.3973
vn -0.7058 0.0429 -0.7071
vn -0.9050 0.1578 -0.3949
vn 0.9175 -0.0661 -0.3921
vn 0.7127 0.1088 -0.6930
vn 0.9499 0.3103 -0.0370
vn 0.9034 0.1288 -0.4091
vn 0.6840 0.0408 0.7283
vn 0.9035 0.1570 0.3988
vn 0.9995 0.0303 0.0031
vn 0.9160 -0.0547 0.3974
vn -0.4859 0.1480 0.8614
vn 0.0166 0.0558 0.9983
vn -0.6978 0.1784 0.6937
vn -0.4500 -0.0558 0.8913
vn 0.6101 0.3992 0.6844
vn 0.4372 0.0644 0.8971
vn 0.4289 -0.1159 0.8959
vn 0.8264 -0.4461 -0.3436
vn 0.3544 -0.8619 -0.3626
vn 0.6067 -0.4758 -0.6368
vn 0.8844 -0.4664 -0.0165
vn 0.4511 -0.8743 -0.1790
vn 0.8264 -0.4541 0.3330
vn 0.4317 -0.8853 0.1729
vn -0.2958 -0.4104 -0.8626
vn 0.0097 -0.4037 -0.9149
vn -0.1638 -0.8680 -0.4688
vn 0.3266 -0.3995 -0.8566
vn 0.1775 -0.8627 -0.4736
vn -0.8139 -0.5789 0.0495
vn -0.9953 -0.0680 0.0693
vn -0.7489 -0.5707 0.3369
vn -0.5513 -0.5590 0.6194
vn -0.0343 -0.6030 0.7970
vn -0.2977 -0.5690 0.7665
vn 0.4077 -0.1664 0.8978
vn -0.3787 -0.1557 -0.9123
vn -0.0143 -0.3479 -0.9374
vn -0.8912 -0.2249 0.3940
vn 0.9059 -0.2200 -0.3617
vn -0.7663 -0.5793 -0.2778
vn 0.2343 -0.5779 0.7818
vn 0.0376 0.0831 0.9958
vn -0.0565 -0.0171 -0.9983
vn -0.9549 -0.2939 0.0421
vn -0.9964 0.0844 -0.0040
vn 0.9618 -0.2731 -0.0199
vn -0.4489 -0.8631 0.2316
vn -0.0001 -1.0000 0.0004
vn -0.0373 -0.8648 0.5007
vn 0.4691 -0.8832 -0.0012
vn 0.0027 -0.8646 -0.5024
vn -0.8881 0.2330 -0.3961
vn 0.9384 0.0159 -0.3452
vn 0.6771 -0.2292 -0.6993
vn 0.6927 -0.1976 -0.6937
vn 0.7496 -0.5939 -0.2921
vn 0.5123 -0.6159 0.5985
vn 0.9181 0.0387 0.3945
vn -0.6688 0.0602 -0.7410
vn -0.3652 -0.1474 -0.9192
vn -0.5692 -0.5513 -0.6100
vn -0.0087 -0.1077 -0.9941
vn -0.3833 0.0241 -0.9233
vn 0.0016 -0.3629 -0.9318
vn 0.0075 -0.6018 -0.7986
vn 0.2563 -0.6025 -0.7558
vn 0.9981 0.0584 0.0199
vn 0.6928 0.1676 0.7013
vn -0.4502 -0.8809 -0.1460
vn -0.7830 -0.4874 0.3866
vn -0.1797 -0.8624 0.4732
vn 0.5712 -0.4579 0.6813
vn -0.3569 -0.0865 0.9301
vn -0.6642 -0.0318 0.7469
vn -0.6795 -0.0546 0.7316
vn -0.8768 -0.3536 -0.3259
vn 0.8842 -0.3525 -0.3064
vn 0.6525 -0.2125 0.7273
vn -0.4642 0.1183 0.8778
vn 0.0510 0.1678 0.9845
vn 0.6519 0.1407 0.7452
vn -0.4088 -0.0472 -0.9114
vn -0.6969 0.2216 -0.6820
vn -0.7195 0.0930 0.6883
vn -0.8981 0.1205 0.4229
vn 0.7126 0.1088 -0.6930
vn 0.6841 0.0408 0.7283
vn 0.6101 0.3994 0.6843
vn 0.8264 -0.4461 -0.3435
vn -0.5512 -0.5590 0.6194
vn -0.2978 -0.5689 0.7666
vn 0.4077 -0.1663 0.8978
vn -0.3787 -0.1558 -0.9123
vn 0.9059 -0.2200 -0.3618
vn 0.0375 0.0831 0.9958
vn -0.0373 -0.8648 0.5008
vn 0.6316 -0.5944 -0.4977
vn -0.1121 0.0999 -0.9887
vn 0.8827 0.1921 -0.4290
vn 0.6797 0.7302 0.0686
vn 0.7590 -0.0053 0.6511
vn 0.8253 0.3306 -0.4578
vn -0.3436 0.3581 -0.8682
vn -0.2144 0.5399 -0.8140
vn -0.2308 0.3613 -0.9034
vn -0.9949 -0.0389 0.0926
vn -0.6481 0.2829 -0.7071
vn -0.9939 -0.0365 0.1044
vn -0.1911 -0.3419 0.9201
vn 0.1458 -0.5547 0.8192
vn 0.1362 -0.3587 0.9235
vn -0.5046 -0.3859 0.7723
vn -0.5411 -0.2855 0.7910
vn -0.2913 -0.4638 -0.8367
vn -0.0085 -0.9962 -0.0865
vn -0.0336 -0.9774 -0.2085
vn -0.0042 0.9436 0.3309
vn 0.5162 0.1708 0.8392
vn 0.0241 0.9047 0.4253
vn -0.2077 0.6931 -0.6903
vn -0.2820 0.7409 -0.6095
vn 0.6775 -0.6087 0.4129
vn 0.4171 -0.7775 0.4707
vn 0.1143 -0.9413 -0.3178
vn -0.3805 -0.1013 -0.9192
vn -0.1618 -0.3152 -0.9351
vn 0.0856 0.8896 0.4487
vn -0.3259 -0.0257 0.9451
vn -0.0673 0.1392 0.9880
vn -0.1495 0.1607 -0.9756
vn 0.3076 0.3363 -0.8901
vn 0.2592 0.2692 -0.9275
vn -0.1526 -0.5052 0.8494
vn 0.1661 -0.8648 0.4738
vn -0.2785 -0.6725 0.6857
vn -0.9892 -0.1283 0.0706
vn -0.9409 -0.3163 -0.1212
vn -0.2257 0.1550 -0.9618
vn -0.3187 0.1494 -0.9360
vn 0.9212 0.1196 -0.3703
vn 0.8906 -0.2496 0.3802
vn 0.9458 0.1632 -0.2809
vn -0.6284 0.1462 -0.7640
vn 0.6830 -0.2895 0.6706
vn 0.9133 -0.1230 0.3884
vn 0.6772 -0.1305 0.7241
vn -0.1295 0.8176 -0.5610
vn -0.2997 0.5358 -0.7894
vn -0.0410 0.8015 -0.5966
vn -0.9856 0.1692 -0.0048
vn -0.5391 0.3757 -0.7538
vn 0.1325 -0.1452 0.9805
vn -0.1818 -0.1739 0.9678
vn 0.9389 0.0357 -0.3423
vn -0.5208 -0.2133 0.8266
vn -0.3059 0.5257 -0.7937
vn -0.2869 0.3573 -0.8888
vn -0.2714 0.5253 -0.8065
vn 0.2828 -0.5552 0.7822
vn 0.4281 -0.3448 0.8354
vn 0.2951 -0.3557 0.8868
vn 0.0097 -0.9593 -0.2824
vn -0.1470 -0.3720 -0.9165
vn -0.2337 -0.4007 -0.8859
vn 0.0318 0.9415 0.3355
vn 0.1586 0.2636 0.9515
vn 0.2591 0.2765 0.9254
vn 0.2561 -0.8651 0.4313
vn 0.2158 -0.8681 0.4471
vn -0.3107 0.3579 -0.8806
vn -0.2965 0.1564 -0.9421
vn -0.2203 0.8037 -0.5527
vn 0.4305 -0.1277 0.8935
vn 0.3399 0.2886 0.8951
vn 0.2469 0.3677 -0.8966
vn -0.7076 0.6682 0.2299
vn -0.2019 0.6223 -0.7563
vn -0.1620 0.5139 -0.8424
vn -0.2861 0.7864 -0.5474
vn -0.3449 -0.4558 -0.8205
vn -0.1415 -0.8471 -0.5123
vn 0.0852 0.9285 0.3614
vn 0.9241 -0.1632 0.3456
vn 0.6278 -0.4669 0.6228
vn -0.1244 0.3687 -0.9212
vn 0.3957 -0.5473 0.7375
vn -0.3170 0.1295 -0.9395
vn 0.0706 -0.9475 -0.3119
vn 0.2954 -0.1397 0.9451
vn 0.0713 0.9261 0.3704
vn -0.0275 -0.9556 -0.2935
vn -0.6162 -0.7437 -0.2592
vn -0.1217 0.9181 0.3771
vn 0.0072 -0.8117 0.5840
vn -0.6316 -0.5944 -0.4977
vn 0.1121 0.0999 -0.9887
vn 0.1415 -0.8471 -0.5123
vn -0.6797 0.7302 0.0686
vn -0.7590 -0.0053 0.6511
vn -0.0852 0.9285 0.3614
vn 0.3436 0.3581 -0.8682
vn 0.2144 0.5399 -0.8140
vn 0.2997 0.5358 -0.7894
vn 0.6481 0.2829 -0.7071
vn 0.9949 -0.0389 0.0926
vn 0.9939 -0.0365 0.1044
vn 0.1911 -0.3419 0.9201
vn -0.1458 -0.5547 0.8192
vn 0.1526 -0.5052 0.8494
vn 0.5046 -0.3859 0.7723
vn 0.9892 -0.1283 0.0706
vn 0.2913 -0.4638 -0.8367
vn 0.0085 -0.9962 -0.0865
vn 0.3449 -0.4558 -0.8205
vn -0.5162 0.1708 0.8392
vn 0.0042 0.9436 0.3309
vn -0.0241 0.9047 0.4253
vn 0.2077 0.6931 -0.6903
vn -0.6775 -0.6087 0.4129
vn -0.1143 -0.9413 -0.3178
vn 0.3805 -0.1013 -0.9192
vn 0.0275 -0.9556 -0.2935
vn -0.0856 0.8896 0.4487
vn 0.3259 -0.0257 0.9451
vn 0.1217 0.9181 0.3771
vn 0.1495 0.1607 -0.9756
vn -0.3076 0.3363 -0.8901
vn 0.1244 0.3687 -0.9212
vn -0.1661 -0.8648 0.4738
vn -0.0072 -0.8117 0.5840
vn 0.2785 -0.6725 0.6857
vn 0.2257 0.1550 -0.9618
vn 0.3187 0.1494 -0.9360
vn -0.8906 -0.2496 0.3802
vn -0.9212 0.1196 -0.3703
vn -0.9458 0.1632 -0.2809
vn 0.6284 0.1462 -0.7640
vn -0.9133 -0.1230 0.3884
vn -0.6830 -0.2895 0.6706
vn -0.6772 -0.1305 0.7241
vn 0.1295 0.8176 -0.5610
vn 0.5391 0.3757 -0.7538
vn 0.9856 0.1692 -0.0048
vn -0.1325 -0.1452 0.9805
vn 0.1818 -0.1739 0.9678
vn -0.9389 0.0357 -0.3423
vn -0.2469 0.3677 -0.8966
vn 0.5208 -0.2133 0.8266
vn 0.2869 0.3573 -0.8888
vn 0.3059 0.5257 -0.7937
vn 0.2714 0.5253 -0.8065
vn -0.2828 -0.5552 0.7822
vn -0.4281 -0.3448 0.8354
vn -0.3957 -0.5473 0.7375
vn -0.0097 -0.9593 -0.2824
vn 0.1470 -0.3720 -0.9165
vn -0.0706 -0.9475 -0.3119
vn -0.0318 0.9415 0.3355
vn -0.1586 0.2636 0.9515
vn -0.0713 0.9261 0.3704
vn -0.2561 -0.8651 0.4313
vn 0.0336 -0.9774 -0.2085
vn 0.2965 0.1564 -0.9421
vn 0.3107 0.3579 -0.8806
vn 0.2203 0.8037 -0.5527
vn -0.4305 -0.1277 0.8935
vn -0.2951 -0.3557 0.8868
vn -0.2954 -0.1397 0.9451
vn -0.2591 0.2765 0.9254
vn -0.8253 0.3306 -0.4578
vn 0.0410 0.8015 -0.5966
vn 0.2019 0.6223 -0.7563
vn 0.7076 0.6682 0.2299
vn 0.0673 0.1392 0.9880
vn 0.2861 0.7864 -0.5474
vn 0.1620 0.5139 -0.8424
vn 0.2820 0.7409 -0.6095
vn -0.2592 0.2692 -0.9275
vn -0.9241 -0.1632 0.3456
vn -0.6278 -0.4669 0.6228
vn 0.2337 -0.4007 -0.8859
vn -0.3399 0.2886 0.8951
vn -0.4171 -0.7775 0.4707
vn 0.3170 0.1295 -0.9395
vn 0.2308 0.3613 -0.9034
vn -0.1362 -0.3587 0.9235
vn 0.1618 -0.3152 -0.9351
vn 0.5411 -0.2855 0.7910
vn 0.6162 -0.7437 -0.2592
vn 0.9409 -0.3162 -0.1212
vn -0.2158 -0.8681 0.4471
vn -0.8827 0.1921 -0.4290
vn 0.6867 -0.6641 -0.2955
vn 0.0636 -0.1119 -0.9917
vn 0.9167 0.2026 -0.3445
vn 0.8230 0.5659 0.0495
vn 0.6102 -0.0915 0.7870
vn 0.9228 -0.1244 -0.3647
vn -0.1086 0.1219 -0.9866
vn -0.0111 0.3925 -0.9197
vn -0.0358 0.0709 -0.9968
vn 0.9979 0.0308 -0.0569
vn 0.7403 -0.2980 0.6027
vn 0.9660 0.2146 -0.1442
vn 0.4677 -0.3247 0.8221
vn 0.1548 -0.0375 0.9872
vn 0.1607 -0.3594 0.9193
vn 0.4268 0.4533 -0.7825
vn 0.9720 -0.0646 -0.2261
vn -0.0911 0.5882 -0.8035
vn -0.0000 0.4045 -0.9145
vn -0.0000 0.5961 -0.8029
vn -0.0775 -0.9343 -0.3480
vn -0.0000 -0.9517 0.3070
vn -0.0000 -0.9132 -0.4074
vn -0.1166 0.4016 -0.9084
vn -0.0000 0.1679 -0.9858
vn 0.1396 -0.5921 0.7937
vn -0.0000 -0.3632 0.9317
vn -0.0000 -0.6149 0.7886
vn -0.0113 0.9402 0.3405
vn -0.0000 0.9132 -0.4074
vn -0.0000 0.9434 0.3316
vn -0.0000 -0.0137 0.9999
vn -0.1225 -0.4800 -0.8687
vn 0.0819 0.4344 0.8970
vn -0.0025 0.5996 -0.8003
vn 0.2160 -0.8785 0.4260
vn 0.0616 -0.9207 0.3853
vn 0.4235 -0.5308 0.7341
vn -0.0750 0.8705 -0.4864
vn -0.0655 0.8936 -0.4441
vn -0.1462 -0.9404 -0.3070
vn -0.0546 -0.9956 -0.0761
vn -0.0081 0.9312 0.3644
vn 0.2008 0.8592 0.4705
vn 0.1740 0.6974 -0.6953
vn 0.6465 -0.3315 0.6872
vn 0.3936 0.1462 -0.9076
vn 0.5093 0.3248 -0.7970
vn 0.7674 -0.1667 0.6191
vn 0.7917 -0.2253 0.5679
vn -0.0000 -0.4517 -0.8922
vn -0.1652 -0.4600 -0.8724
vn -0.0000 0.4644 0.8856
vn 0.4412 -0.0776 0.8941
vn 0.2706 0.3308 0.9041
vn -0.6868 -0.6641 -0.2955
vn -0.0636 -0.1119 -0.9917
vn 0.0546 -0.9956 -0.0761
vn -0.8230 0.5659 0.0495
vn -0.6102 -0.0915 0.7870
vn -0.2008 0.8592 0.4705
vn 0.1086 0.1219 -0.9866
vn 0.0111 0.3925 -0.9197
vn 0.1166 0.4016 -0.9084
vn -0.7403 -0.2980 0.6027
vn -0.9979 0.0308 -0.0569
vn -0.9660 0.2146 -0.1442
vn -0.4677 -0.3247 0.8221
vn -0.1548 -0.0375 0.9872
vn -0.4412 -0.0776 0.8940
vn -0.4268 0.4533 -0.7825
vn -0.9720 -0.0646 -0.2261
vn 0.0911 0.5882 -0.8035
vn 0.0775 -0.9343 -0.3480
vn -0.1396 -0.5921 0.7937
vn 0.0113 0.9402 0.3405
vn -0.1607 -0.3594 0.9193
vn 0.1225 -0.4799 -0.8687
vn -0.0819 0.4344 0.8970
vn -0.2160 -0.8785 0.4260
vn 0.1462 -0.9404 -0.3070
vn 0.0750 0.8705 -0.4864
vn 0.0081 0.9312 0.3644
vn -0.1740 0.6974 -0.6953
vn -0.6465 -0.3315 0.6872
vn -0.3936 0.1462 -0.9076
vn -0.5093 0.3248 -0.7970
vn -0.7674 -0.1667 0.6191
vn -0.7917 -0.2252 0.5679
vn -0.0616 -0.9207 0.3854
vn 0.0358 0.0709 -0.9968
vn -0.9167 0.2026 -0.3445
vn 0.0655 0.8936 -0.4441
vn -0.9228 -0.1244 -0.3647
vn 0.0025 0.5996 -0.8003
vn -0.4235 -0.5308 0.7341
vn 0.1652 -0.4599 -0.8724
vn -0.2706 0.3308 0.9041
vn 0.0397 -0.5513 -0.8334
vn -0.6781 0.0466 -0.7335
vn 0.5208 0.1881 -0.8327
vn 0.5546 0.7378 -0.3848
vn 0.9848 -0.0665 0.1604
vn 0.4451 0.1484 -0.8831
vn -0.6037 0.6107 -0.5125
vn -0.6482 0.4195 -0.6355
vn -0.7341 0.4221 -0.5320
vn -0.7603 0.1336 0.6357
vn -0.9064 0.3872 -0.1690
vn -0.7089 0.1313 0.6930
vn 0.2354 -0.2938 0.9264
vn 0.4668 -0.5773 0.6699
vn 0.5440 -0.3840 0.7460
vn -0.0126 -0.2357 0.9717
vn -0.0714 -0.1765 0.9817
vn -0.4135 -0.9026 -0.1194
vn -0.8340 -0.2009 -0.5139
vn -0.3244 -0.9425 -0.0807
vn 0.3289 0.9229 0.2000
vn 0.9278 0.1116 0.3560
vn 0.3080 0.9165 0.2554
vn 0.3479 0.9058 0.2417
vn -0.4853 0.8229 -0.2954
vn 0.8016 -0.5963 -0.0432
vn 0.5489 -0.8200 0.1622
vn -0.2065 -0.9589 -0.1947
vn -0.7884 0.0123 -0.6150
vn -0.7158 -0.2102 -0.6659
vn 0.4488 0.8720 0.1956
vn 0.2321 0.0397 0.9719
vn 0.5118 0.1383 0.8479
vn -0.7248 0.2515 -0.6414
vn -0.3291 0.3147 -0.8903
vn -0.4358 0.2684 -0.8591
vn 0.2366 -0.4548 0.8586
vn 0.2366 -0.8931 0.3825
vn -0.6790 0.1948 0.7079
vn 0.1535 -0.4370 0.8862
vn -0.7039 0.2420 -0.6678
vn -0.7815 0.2672 -0.5638
vn 0.4822 -0.0099 -0.8760
vn 0.9057 -0.3535 -0.2342
vn 0.5052 0.1027 -0.8569
vn -0.9188 0.3409 -0.1989
vn 0.9125 -0.3946 0.1081
vn 0.9398 -0.2677 -0.2125
vn 0.9597 -0.2355 0.1535
vn -0.2807 0.8534 -0.4392
vn -0.2804 0.7932 -0.5406
vn -0.7704 0.4254 0.4748
vn -0.8304 0.4658 -0.3058
vn 0.6094 -0.1794 0.7723
vn 0.3072 -0.1536 0.9392
vn 0.4449 -0.0041 -0.8956
vn -0.0315 -0.1255 0.9916
vn -0.7369 0.4329 -0.5192
vn -0.5868 0.6227 -0.5176
vn -0.6193 0.6403 -0.4544
vn 0.6029 -0.6052 0.5199
vn 0.8048 -0.4210 0.4183
vn 0.7023 -0.4138 0.5793
vn -0.3277 -0.9170 -0.2276
vn -0.7784 -0.2591 -0.5718
vn -0.3592 -0.9195 -0.1597
vn 0.3507 0.9231 0.1579
vn 0.6914 0.2367 0.6826
vn 0.7823 0.2489 0.5710
vn 0.3401 -0.9056 0.2533
vn 0.2853 -0.9055 0.3141
vn -0.7544 0.2492 -0.6073
vn -0.6940 0.4277 -0.5792
vn -0.3426 0.8702 -0.3540
vn 0.7655 -0.2041 0.6102
vn -0.8467 -0.2339 -0.4780
vn 0.8441 0.2299 0.4843
vn -0.5816 0.5988 -0.5507
vn 0.7013 -0.6062 0.3750
vn -0.6521 0.4113 -0.6369
vn -0.8034 0.2531 -0.5389
vn -0.4054 0.8711 -0.2772
vn 0.8673 -0.2104 0.4511
vn -0.5355 0.6194 -0.5741
vn 0.3989 0.9044 0.1513
vn -0.1341 -0.9806 -0.1432
vn -0.7484 -0.5584 0.3577
vn 0.3067 0.9112 0.2750
vn -0.3010 0.8469 0.4385
vn -0.1986 -0.9705 -0.1367
vn -0.5242 0.6582 -0.5404
vn 0.9087 -0.3089 -0.2808
vn 0.8385 -0.5336 0.1108
vn -0.3620 0.4542 -0.8141
vn -0.4504 0.6552 -0.6066
vn 0.1961 -0.8034 0.5622
vn -0.8166 0.2639 0.5133
vn -0.7112 -0.2444 -0.6591
vn -0.0396 -0.5513 -0.8334
vn 0.6781 0.0466 -0.7335
vn 0.1986 -0.9705 -0.1367
vn -0.5546 0.7378 -0.3848
vn -0.9848 -0.0665 0.1604
vn -0.3479 0.9058 0.2417
vn 0.6482 0.4195 -0.6355
vn 0.6037 0.6107 -0.5125
vn 0.7341 0.4221 -0.5320
vn 0.9064 0.3872 -0.1690
vn 0.7603 0.1336 0.6357
vn 0.7089 0.1313 0.6930
vn -0.2354 -0.2938 0.9264
vn -0.4668 -0.5773 0.6699
vn -0.2366 -0.4548 0.8586
vn 0.0126 -0.2357 0.9717
vn 0.6790 0.1948 0.7079
vn 0.8340 -0.2009 -0.5139
vn 0.4135 -0.9026 -0.1194
vn 0.3244 -0.9425 -0.0807
vn -0.9278 0.1116 0.3560
vn -0.3289 0.9229 0.2000
vn -0.3080 0.9165 0.2554
vn 0.4853 0.8229 -0.2954
vn -0.8016 -0.5963 -0.0432
vn 0.2065 -0.9589 -0.1947
vn 0.7884 0.0123 -0.6150
vn 0.1341 -0.9806 -0.1432
vn -0.4488 0.8720 0.1956
vn -0.2321 0.0397 0.9719
vn -0.3067 0.9112 0.2750
vn 0.7248 0.2515 -0.6414
vn 0.3291 0.3147 -0.8903
vn 0.6521 0.4113 -0.6369
vn -0.2366 -0.8931 0.3825
vn -0.1961 -0.8034 0.5622
vn -0.1535 -0.4370 0.8862
vn 0.8166 0.2639 0.5133
vn 0.7039 0.2420 -0.6678
vn 0.7815 0.2672 -0.5638
vn -0.9057 -0.3535 -0.2342
vn -0.4822 -0.0099 -0.8760
vn -0.5052 0.1027 -0.8569
vn 0.9188 0.3409 -0.1989
vn -0.9398 -0.2677 -0.2125
vn -0.9125 -0.3946 0.1081
vn -0.9597 -0.2355 0.1535
vn 0.2807 0.8534 -0.4392
vn 0.5355 0.6194 -0.5741
vn 0.8304 0.4658 -0.3058
vn 0.7704 0.4254 0.4748
vn -0.6094 -0.1794 0.7723
vn -0.3072 -0.1536 0.9392
vn -0.4449 -0.0041 -0.8956
vn 0.3620 0.4542 -0.8141
vn 0.0714 -0.1765 0.9817
vn 0.7369 0.4329 -0.5192
vn 0.5868 0.6227 -0.5176
vn 0.6940 0.4277 -0.5792
vn -0.6029 -0.6052 0.5199
vn -0.8048 -0.4210 0.4183
vn -0.7013 -0.6062 0.3750
vn 0.7784 -0.2591 -0.5718
vn 0.3277 -0.9170 -0.2276
vn 0.3592 -0.9195 -0.1597
vn -0.3507 0.9231 0.1579
vn -0.6914 0.2367 0.6826
vn -0.3989 0.9044 0.1513
vn -0.3401 -0.9056 0.2533
vn 0.7544 0.2492 -0.6072
vn 0.3426 0.8702 -0.3540
vn -0.7655 -0.2041 0.6102
vn -0.7023 -0.4138 0.5793
vn 0.8467 -0.2339 -0.4780
vn -0.8441 0.2299 0.4843
vn 0.5816 0.5988 -0.5507
vn 0.6193 0.6403 -0.4544
vn -0.8385 -0.5336 0.1108
vn -0.5489 -0.8200 0.1622
vn 0.8034 0.2531 -0.5389
vn 0.4054 0.8711 -0.2772
vn -0.5440 -0.3840 0.7460
vn 0.7158 -0.2102 -0.6659
vn 0.7112 -0.2444 -0.6591
vn -0.5118 0.1383 0.8479
vn 0.7485 -0.5584 0.3577
vn 0.3010 0.8469 0.4385
vn 0.2804 0.7932 -0.5406
vn 0.4504 0.6552 -0.6066
vn 0.0315 -0.1255 0.9916
vn 0.5242 0.6582 -0.5404
vn 0.4358 0.2684 -0.8591
vn -0.9087 -0.3089 -0.2808
vn -0.8673 -0.2104 0.4511
vn -0.7823 0.2489 0.5710
vn -0.4451 0.1484 -0.8831
vn -0.2853 -0.9055 0.3141
vn -0.5208 0.1881 -0.8327
vn -0.1533 0.3043 -0.9402
vn -0.1487 0.3495 -0.9251
vn -0.1562 0.3056 -0.9393
vn -0.1350 0.3976 -0.9076
vn -0.1518 0.3450 -0.9262
vn -0.1299 0.3958 -0.9091
vn -0.1302 0.4012 -0.9067
vn -0.0826 0.4449 -0.8918
vn -0.0803 0.4229 -0.9026
vn -0.0788 0.4435 -0.8928
vn -0.0560 0.3573 -0.9323
vn -0.0873 0.4207 -0.9030
vn -0.0492 0.3510 -0.9351
vn -0.0430 0.2969 -0.9539
vn 0.0931 0.4582 -0.8840
vn 0.1281 0.6324 -0.7639
vn 0.0535 0.5536 -0.8311
vn 0.0952 0.8529 -0.5133
vn 0.3397 0.8868 -0.3133
vn 0.0524 0.8469 -0.5292
vn 0.1211 0.3408 -0.9323
vn 0.1009 0.3160 -0.9434
vn 0.1276 0.3371 -0.9328
vn 0.1030 0.3051 -0.9467
vn 0.1254 0.2593 -0.9576
vn 0.1331 0.2559 -0.9575
vn 0.1343 0.2611 -0.9559
vn 0.0720 0.3272 -0.9422
vn 0.0699 0.3541 -0.9326
vn 0.0774 0.3234 -0.9431
vn 0.0739 0.3548 -0.9320
vn 0.0862 0.3258 -0.9415
vn 0.0917 0.3176 -0.9438
vn 0.0861 0.2780 -0.9567
vn 0.1247 0.3702 -0.9205
vn -0.0960 0.3783 -0.9207
vn 0.0896 0.4223 -0.9020
vn 0.0045 0.4927 -0.8702
vn 0.1550 0.3421 -0.9268
vn 0.1262 0.5373 -0.8339
vn -0.3564 0.4765 -0.8037
vn 0.0742 0.3430 -0.9364
vn 0.0842 0.3141 -0.9457
vn 0.0652 0.3422 -0.9374
vn -0.3018 0.0658 -0.9511
vn -0.0917 0.2259 -0.9698
vn 0.1836 0.9344 -0.3054
vn 0.1333 0.9848 -0.1111
vn 0.1598 0.8857 -0.4359
vn 0.0317 0.9979 -0.0572
vn 0.1313 0.9895 -0.0602
vn 0.0233 0.9984 -0.0524
vn 0.0148 0.9983 -0.0557
vn 0.1477 0.9710 -0.1880
vn 0.1770 0.9331 -0.3131
vn 0.1694 0.9777 -0.1240
vn 0.3127 0.8464 -0.4310
vn 0.1214 0.9464 -0.2993
vn 0.3639 0.8103 -0.4594
vn 0.3923 0.8051 -0.4449
vn 0.3127 0.8553 -0.4131
vn -0.0815 0.8111 -0.5792
vn 0.2829 0.7848 -0.5514
vn -0.6056 0.2146 -0.7663
vn -0.2960 0.7375 -0.6070
vn -0.6148 0.2029 -0.7621
vn -0.5259 0.1528 -0.8367
vn -0.4882 0.1888 -0.8521
vn 0.3071 0.9091 -0.2815
vn 0.1151 0.9744 0.1929
vn 0.0985 0.9690 0.2266
vn 0.4015 0.5875 -0.7026
vn 0.2776 0.9204 -0.2753
vn 0.3679 0.6172 -0.6955
vn 0.2898 0.9436 -0.1601
vn 0.1309 0.9717 0.1967
vn 0.1747 0.9387 0.2972
vn -0.0815 0.8505 0.5196
vn 0.0287 0.9951 -0.0950
vn 0.1266 0.9850 -0.1171
vn -0.0105 0.7604 -0.6494
vn 0.1518 0.7066 -0.6911
vn -0.1001 0.8377 0.5369
vn -0.0856 0.9961 -0.0192
vn -0.1079 0.8369 0.5367
vn 0.1708 0.9258 -0.3374
vn -0.2291 0.9565 -0.1806
vn -0.2273 0.9528 0.2015
vn 0.2325 0.7808 -0.5799
vn 0.0522 0.4438 -0.8946
vn -0.0676 0.6874 -0.7231
vn 0.9499 0.1178 -0.2896
vn 0.5970 0.4163 -0.6857
vn 0.8878 0.3845 -0.2530
vn 0.1355 0.8012 -0.5829
vn 0.1095 0.6889 -0.7165
vn 0.1644 0.8363 -0.5231
vn 0.1094 0.6745 -0.7302
vn 0.0899 0.7595 -0.6443
vn 0.0354 0.8181 -0.5740
vn 0.0542 0.8128 -0.5800
vn 0.3423 0.6872 -0.6408
vn 0.0501 0.5042 -0.8621
vn 0.0725 0.5356 -0.8414
vn -0.2439 0.3494 -0.9047
vn -0.2372 0.3498 -0.9063
vn -0.2329 0.4308 -0.8719
vn -0.3703 0.4397 -0.8183
vn -0.4415 0.4099 -0.7982
vn -0.3267 0.3908 -0.8605
vn -0.4595 0.4154 -0.7850
vn -0.4428 0.3258 -0.8353
vn -0.3875 0.3114 -0.8677
vn -0.2499 0.2722 -0.9292
vn -0.5422 0.2073 -0.8143
vn -0.4383 0.2582 -0.8609
vn -0.6381 0.3412 -0.6902
vn -0.3711 0.5976 -0.7107
vn -0.1004 0.9037 -0.4163
vn -0.2206 0.9449 -0.2419
vn -0.3409 0.9277 -0.1522
vn 0.0262 0.6036 -0.7968
vn -0.0720 0.8512 -0.5199
vn -0.1484 0.9723 -0.1806
vn -0.0684 0.9655 -0.2514
vn -0.1489 0.9773 -0.1510
vn -0.0352 0.9960 -0.0816
vn -0.0383 0.9553 -0.2931
vn -0.0391 0.9970 -0.0671
vn -0.0000 0.9951 -0.0985
vn -0.0000 0.9933 -0.1154
vn -0.1603 0.9805 0.1137
vn 0.1137 0.9934 -0.0115
vn -0.1369 0.9831 0.1211
vn 0.5348 0.7881 -0.3046
vn 0.2410 0.9677 -0.0742
vn 0.5221 0.7946 -0.3099
vn -0.1577 0.9661 0.2044
vn -0.0814 0.9877 0.1331
vn 0.2436 0.8605 -0.4474
vn -0.1834 0.9825 -0.0319
vn -0.2464 0.9679 -0.0491
vn 0.5508 0.4755 -0.6860
vn 0.6354 0.3940 -0.6641
vn 0.0481 0.9514 -0.3041
vn -0.2462 0.9664 -0.0744
vn -0.2356 0.9695 0.0676
vn -0.2094 0.9752 -0.0711
vn 0.0903 0.7574 -0.6467
vn -0.3966 0.7019 -0.5916
vn 0.7786 0.4894 -0.3928
vn 0.2387 0.3984 -0.8856
vn 0.3346 0.3590 -0.8713
vn -0.3049 0.1182 -0.9450
vn -0.4975 -0.1221 -0.8588
vn 0.0523 0.1307 -0.9900
vn -0.5636 -0.1395 -0.8142
vn 0.1765 0.1921 -0.9654
vn 0.6762 0.4215 -0.6042
vn 0.7186 0.3758 -0.5852
vn -0.3851 -0.0206 -0.9226
vn -0.2915 0.1008 -0.9513
vn 0.1522 0.2471 -0.9570
vn 0.7894 0.4147 -0.4526
vn 0.7565 0.3842 -0.5292
vn 0.7291 0.3518 -0.5871
vn 0.7402 0.4014 -0.5395
vn 0.7973 0.3913 -0.4596
vn 0.6262 0.4706 -0.6216
vn 0.7575 0.3508 -0.5506
vn 0.9273 0.3423 -0.1516
vn 0.5413 0.8202 -0.1852
vn 0.8238 0.4636 -0.3261
vn -0.0304 0.9973 -0.0666
vn -0.0563 0.9977 0.0382
vn -0.1437 0.9868 -0.0743
vn -0.1558 0.9850 -0.0743
vn 0.1184 0.9590 -0.2576
vn 0.4217 0.8705 -0.2538
vn 0.5122 0.8236 -0.2435
vn 0.4560 0.8548 -0.2478
vn 0.0688 0.9657 -0.2503
vn 0.3644 0.9286 -0.0697
vn 0.5720 0.7557 -0.3189
vn -0.7626 -0.3220 0.5610
vn -0.7184 -0.4084 0.5632
vn -0.6836 -0.4361 0.5853
vn -0.7289 -0.2802 0.6246
vn -0.7523 -0.3285 0.5711
vn -0.7073 -0.2811 0.6486
vn -0.7032 -0.3117 0.6390
vn -0.7900 -0.5273 0.3128
vn -0.7547 -0.5866 0.2939
vn -0.7383 -0.5996 0.3087
vn -0.8102 -0.3695 0.4551
vn -0.7981 -0.4902 0.3504
vn -0.7899 -0.2292 0.5688
vn -0.7939 -0.3303 0.5105
vn 0.5856 0.4188 -0.6941
vn 0.6026 0.4059 -0.6871
vn 0.6573 0.3771 -0.6525
vn 0.6994 0.2915 -0.6526
vn 0.6245 0.3894 -0.6770
vn 0.7269 0.1758 -0.6639
vn 0.7566 0.2085 -0.6197
vn 0.3412 0.1106 -0.9334
vn 0.3965 0.0808 -0.9145
vn 0.5695 -0.0078 -0.8220
vn 0.7367 0.1709 -0.6543
vn 0.7726 0.4808 -0.4146
vn 0.6893 0.4263 -0.5858
vn -0.3933 -0.6950 0.6019
vn -0.2654 -0.9638 0.0257
vn -0.5330 -0.6418 0.5513
vn -0.7012 -0.6905 0.1776
vn -0.2794 -0.9344 0.2211
vn -0.2881 -0.8077 0.5145
vn -0.9070 -0.4014 -0.1276
vn -0.7946 -0.4983 -0.3470
vn -0.6761 -0.7112 -0.1928
vn 0.4221 0.3950 -0.8160
vn -0.4292 0.3411 -0.8363
vn -0.2423 0.3009 -0.9223
vn 0.8394 0.2750 -0.4689
vn 0.2510 0.4146 -0.8747
vn 0.8026 0.3111 -0.5090
vn 0.2530 0.4261 -0.8686
vn -0.4434 0.3385 -0.8300
vn -0.4442 0.3461 -0.8264
vn 0.3068 0.5329 -0.7886
vn -0.4024 0.3770 -0.8342
vn -0.4072 0.3923 -0.8248
vn 0.5863 0.2492 -0.7708
vn 0.0549 0.4381 -0.8972
vn 0.5205 0.4251 -0.7405
vn -0.3772 0.3206 -0.8689
vn 0.1549 0.2366 -0.9592
vn -0.2534 0.3245 -0.9113
vn 0.4418 0.2297 -0.8672
vn 0.2842 0.5793 -0.7640
vn 0.3507 0.6257 -0.6968
vn 0.1374 0.8119 -0.5674
vn 0.1498 0.7863 -0.5994
vn 0.2411 0.7297 -0.6398
vn 0.0765 0.3541 -0.9321
vn 0.0672 0.3267 -0.9427
vn 0.0818 0.3498 -0.9333
vn 0.0717 0.3168 -0.9458
vn 0.0888 0.2799 -0.9559
vn 0.1055 0.2721 -0.9565
vn 0.1257 0.2760 -0.9529
vn 0.0738 0.3351 -0.9393
vn 0.0715 0.3625 -0.9292
vn 0.0793 0.3312 -0.9402
vn 0.0756 0.3632 -0.9286
vn 0.0883 0.3336 -0.9386
vn 0.0939 0.3253 -0.9409
vn 0.0882 0.2849 -0.9545
vn 0.1275 0.3789 -0.9166
vn -0.0983 0.3870 -0.9168
vn 0.0916 0.4316 -0.8974
vn 0.0051 0.5028 -0.8644
vn 0.1587 0.3501 -0.9232
vn 0.1284 0.5477 -0.8268
vn -0.3589 0.4857 -0.7970
vn 0.0759 0.3512 -0.9332
vn 0.0863 0.3217 -0.9429
vn 0.0667 0.3503 -0.9342
vn -0.3079 0.0681 -0.9490
vn -0.0943 0.2315 -0.9683
vn 0.3190 0.6761 -0.6642
vn 0.2363 0.9148 -0.3275
vn 0.2907 0.5499 -0.7830
vn 0.0838 0.9633 -0.2551
vn 0.2251 0.9365 -0.2690
vn 0.1052 0.9570 -0.2702
vn 0.1591 0.9361 -0.3136
vn 0.2115 0.9126 -0.3499
vn 0.2209 0.8601 -0.4598
vn 0.2244 0.7553 -0.6157
vn 0.2525 0.8890 -0.3821
vn 0.3486 0.5114 -0.7854
vn 0.1479 0.7884 -0.5971
vn 0.3919 0.4273 -0.8147
vn 0.3857 0.4275 -0.8176
vn 0.3338 0.8188 -0.4670
vn 0.0692 0.5608 -0.8251
vn -0.2249 0.7782 -0.5863
vn 0.7564 0.2347 -0.6106
vn 0.6634 -0.1364 -0.7357
vn -0.0972 0.2264 -0.9692
vn -0.5966 0.2059 -0.7757
vn 0.0491 0.3183 -0.9467
vn 0.4301 0.5404 -0.7232
vn 0.3410 0.8518 -0.3976
vn 0.3361 0.9001 -0.2773
vn 0.3978 0.0386 -0.9167
vn 0.3960 0.6003 -0.6948
vn 0.3701 0.1414 -0.9181
vn 0.3918 0.6241 -0.6760
vn 0.3119 0.9093 -0.2754
vn 0.3381 0.9228 -0.1848
vn 0.1064 0.9768 -0.1860
vn 0.1857 0.6651 -0.7233
vn 0.2255 0.7554 -0.6152
vn 0.0808 0.2403 -0.9673
vn 0.2333 0.1011 -0.9671
vn -0.0423 0.9764 -0.2118
vn -0.0514 0.8682 -0.4935
vn 0.0298 0.7339 -0.6786
vn -0.1881 0.8930 -0.4090
vn 0.0528 0.7201 -0.6919
vn -0.1987 0.8228 -0.5325
vn -0.0815 0.5399 -0.8378
vn 0.0769 0.3948 -0.9156
vn -0.1596 0.2506 -0.9548
vn 0.1123 0.2437 -0.9633
vn 0.1792 0.3569 -0.9168
vn 0.2466 0.2172 -0.9445
vn 0.0761 0.9721 -0.2217
vn 0.1236 0.6827 -0.7202
vn 0.1480 0.7967 -0.5860
vn 0.0776 0.3474 -0.9345
vn 0.1397 0.3296 -0.9337
vn 0.0847 0.9713 -0.2224
vn -0.0000 0.8457 -0.5336
vn 0.0978 0.7528 -0.6509
vn 0.2856 0.8081 -0.5152
vn -0.2036 0.6881 -0.6964
vn 0.1911 0.9249 -0.3286
vn 0.3212 0.4202 -0.8487
vn -0.2521 0.3231 -0.9122
vn -0.0398 0.6637 -0.7470
vn -0.2318 0.4169 -0.8789
vn -0.6169 0.2013 -0.7609
vn -0.6447 0.5115 -0.5681
vn -0.3849 0.4204 -0.8217
vn -0.1248 0.4905 -0.8624
vn -0.0493 0.4048 -0.9131
vn -0.1229 0.3904 -0.9124
vn -0.6893 0.2342 -0.6856
vn -0.2319 0.3125 -0.9212
vn -0.4109 0.3382 -0.8466
vn -0.5540 0.2118 -0.8051
vn -0.4477 0.2644 -0.8542
vn -0.6479 0.3425 -0.6804
vn -0.3715 0.6046 -0.7046
vn -0.0670 0.9037 -0.4228
vn -0.1095 0.9459 -0.3056
vn -0.1973 0.9484 -0.2482
vn 0.0305 0.6108 -0.7912
vn -0.0715 0.8584 -0.5079
vn -0.1485 0.9731 -0.1763
vn -0.0692 0.9672 -0.2444
vn -0.1490 0.9778 -0.1471
vn -0.0349 0.9962 -0.0800
vn -0.0379 0.9575 -0.2860
vn -0.0314 0.9964 -0.0787
vn -0.0000 0.9870 -0.1608
vn -0.0000 0.9789 -0.2045
vn 0.4250 0.8817 -0.2049
vn 0.7511 0.5755 -0.3234
vn 0.5991 0.7756 -0.1988
vn 0.8450 0.1461 -0.5144
vn 0.6922 0.5879 -0.4185
vn 0.8201 0.2003 -0.5360
vn 0.6667 0.6255 -0.4053
vn 0.4146 0.8854 -0.2102
vn 0.3572 0.9289 -0.0978
vn 0.1217 0.9348 -0.3336
vn 0.5713 0.5678 -0.5926
vn 0.2390 0.9199 -0.3108
vn 0.4676 0.6630 -0.5846
vn 0.6466 0.3267 -0.6893
vn 0.7178 0.2069 -0.6648
vn 0.0342 0.9549 -0.2949
vn 0.3588 0.7339 -0.5767
vn 0.1095 0.9281 -0.3558
vn 0.4617 0.8303 -0.3121
vn 0.6335 0.5985 -0.4904
vn 0.3951 0.6877 -0.6091
vn 0.9509 0.2978 -0.0837
vn 0.7342 0.5058 -0.4529
vn 0.4181 0.4370 -0.7963
vn 0.3623 0.4678 -0.8061
vn 0.4416 0.3681 -0.8182
vn 0.8972 0.4033 -0.1798
vn 0.7420 0.4692 -0.4789
vn 0.8623 0.4649 -0.2010
vn 0.8757 0.3285 0.3540
vn 0.5165 0.4472 -0.7302
vn 0.7986 0.5073 -0.3239
vn 0.5840 0.3851 -0.7146
vn 0.8675 0.2680 -0.4190
vn 0.6209 0.3665 -0.6929
vn 0.9234 0.1459 0.3551
vn 0.8848 0.4342 -0.1691
vn 0.9043 0.3523 0.2411
vn 0.8173 0.5271 -0.2328
vn 0.6057 0.4738 -0.6393
vn 0.5333 0.4982 -0.6837
vn 0.9443 0.3233 -0.0607
vn 0.5195 0.8501 -0.0868
vn 0.8151 0.5377 -0.2156
vn -0.0614 0.9957 -0.0701
vn -0.0892 0.9953 0.0370
vn -0.1573 0.9858 -0.0594
vn 0.1071 0.9750 -0.1945
vn 0.2153 0.9600 -0.1791
vn 0.3232 0.9370 -0.1328
vn 0.0795 0.9901 -0.1152
vn 0.0378 0.9803 -0.1938
vn -0.0923 0.9956 -0.0177
vn 0.0201 0.9991 -0.0382
vn -0.7704 -0.3247 0.5487
vn -0.7262 -0.4117 0.5506
vn -0.6913 -0.4402 0.5730
vn -0.7303 -0.3285 0.5990
vn -0.7599 -0.3322 0.5587
vn -0.7388 -0.3387 0.5827
vn -0.7206 -0.3418 0.6033
vn -0.7922 -0.5281 0.3058
vn -0.7567 -0.5877 0.2864
vn -0.7402 -0.6011 0.3012
vn -0.8150 -0.3704 0.4456
vn -0.8003 -0.4925 0.3419
vn -0.7969 -0.2309 0.5582
vn -0.7991 -0.3336 0.5002
vn 0.5926 0.4245 -0.6846
vn 0.6107 0.4108 -0.6770
vn 0.6648 0.3814 -0.6423
vn 0.7080 0.2941 -0.6420
vn 0.6308 0.3951 -0.6678
vn 0.7356 0.1777 -0.6537
vn 0.7642 0.2106 -0.6097
vn 0.3486 0.1136 -0.9304
vn 0.4053 0.0827 -0.9104
vn 0.5798 -0.0080 -0.8147
vn 0.7451 0.1704 -0.6448
vn 0.7748 0.4844 -0.4063
vn 0.6948 0.4326 -0.5746
vn -0.4624 -0.6953 0.5502
vn -0.4077 -0.9027 0.1374
vn -0.4025 -0.8141 0.4186
vn -0.3248 -0.7753 0.5417
vn -0.7305 -0.6823 -0.0285
vn -0.4291 -0.8511 0.3025
vn -0.8993 -0.3461 -0.2673
vn -0.7490 -0.6240 -0.2227
vn 0.8949 0.3349 0.2949
vn 0.6653 0.3656 -0.6509
vn 0.8660 0.3589 0.3481
vn 0.9451 0.0527 -0.3226
vn 0.7712 0.5296 -0.3531
vn 0.8674 0.4889 0.0930
vn 0.7448 0.5076 -0.4331
vn 0.7108 0.5713 -0.4102
vn 0.8708 -0.0998 -0.4814
vn 0.5234 0.4638 -0.7148
vn 0.9254 0.3178 -0.2066
vn 0.9783 0.0447 0.2023
vn 0.3571 0.1134 -0.9272
vn 0.3760 0.5835 -0.7199
vn 0.5166 0.3256 -0.7919
vn 0.6012 0.2220 -0.7676
vn 0.8272 0.3030 -0.4732
vn 0.0279 0.4218 -0.9063
vn 0.1648 0.2748 -0.9473
vn 0.7384 0.0315 -0.6736
vn 0.2856 0.3658 -0.8858
vn 0.0553 0.9682 -0.2440
vn 0.0398 0.6181 -0.7851
vn 0.1905 0.5714 -0.7982
vn 0.1006 0.9232 -0.3709
vn 0.2622 0.3962 -0.8799
vn -0.0580 0.4975 -0.8655
vn 0.2334 0.3639 -0.9017
vn -0.7178 0.3455 -0.6045
vn -0.1027 0.4183 -0.9025
vn -0.0000 0.5766 -0.8170
vn 0.4457 0.8591 -0.2515
vn 0.7550 0.5068 -0.4161
vn 0.8197 0.4664 -0.3326
vn 0.6492 0.3750 -0.6618
vn 0.5927 0.4296 -0.6813
vn 0.2145 0.9702 -0.1124
vn 0.6177 0.7184 -0.3198
vn 0.2287 0.9653 -0.1257
vn 0.3855 0.7567 -0.5280
vn 0.1352 0.8787 -0.4578
vn 0.4417 0.5787 -0.6855
vn -0.8869 -0.4611 0.0284
vn -0.4457 -0.5255 0.7247
vn -0.9043 -0.4198 -0.0777
vn -0.6374 -0.7357 0.2290
vn -0.8714 -0.4760 0.1185
vn 0.3440 0.9341 -0.0961
vn -0.3670 0.9275 0.0711
vn -0.4419 0.8930 0.0850
vn 0.4626 0.3966 -0.7929
vn 0.3818 0.8333 -0.3998
vn 0.3508 0.6728 -0.6514
vn 0.2626 0.7954 -0.5462
vn -0.0996 0.8376 0.5371
vn -0.1352 0.7666 -0.6277
vn -0.1962 0.7962 -0.5723
vn 0.0837 0.2597 -0.9621
vn 0.6659 0.2073 -0.7167
vn -0.1956 0.7150 -0.6712
vn 0.1005 0.7728 -0.6266
vn -0.0685 0.2748 -0.9591
vn 0.1487 0.3495 -0.9251
vn 0.1533 0.3043 -0.9402
vn 0.1562 0.3056 -0.9393
vn 0.1350 0.3976 -0.9076
vn 0.1518 0.3450 -0.9262
vn 0.1299 0.3958 -0.9091
vn 0.1302 0.4012 -0.9067
vn 0.0803 0.4229 -0.9026
vn 0.0826 0.4449 -0.8918
vn 0.0788 0.4435 -0.8928
vn 0.0560 0.3573 -0.9323
vn 0.0873 0.4207 -0.9030
vn 0.0492 0.3510 -0.9351
vn 0.0430 0.2969 -0.9539
vn -0.0931 0.4582 -0.8840
vn -0.1281 0.6324 -0.7639
vn -0.0741 0.4447 -0.8926
vn -0.0952 0.8529 -0.5133
vn -0.0535 0.5536 -0.8311
vn -0.0524 0.8469 -0.5292
vn -0.3397 0.8868 -0.3133
vn -0.1211 0.3408 -0.9323
vn -0.1009 0.3160 -0.9434
vn -0.1030 0.3051 -0.9467
vn -0.1254 0.2593 -0.9576
vn -0.1331 0.2559 -0.9575
vn -0.1343 0.2611 -0.9559
vn -0.0720 0.3272 -0.9422
vn -0.0699 0.3541 -0.9326
vn -0.0739 0.3548 -0.9320
vn -0.0862 0.3258 -0.9415
vn -0.0917 0.3176 -0.9438
vn -0.0861 0.2780 -0.9567
vn -0.1247 0.3702 -0.9205
vn 0.0960 0.3783 -0.9207
vn -0.1550 0.3421 -0.9268
vn -0.0045 0.4927 -0.8702
vn 0.3564 0.4765 -0.8037
vn -0.1262 0.5373 -0.8339
vn -0.0742 0.3430 -0.9364
vn -0.0651 0.3422 -0.9374
vn -0.0842 0.3141 -0.9457
vn 0.0917 0.2259 -0.9698
vn 0.3018 0.0658 -0.9511
vn -0.1333 0.9848 -0.1111
vn -0.1836 0.9344 -0.3054
vn -0.1598 0.8857 -0.4359
vn -0.0317 0.9979 -0.0572
vn -0.1313 0.9895 -0.0602
vn -0.0233 0.9984 -0.0524
vn -0.0148 0.9983 -0.0557
vn -0.1770 0.9331 -0.3131
vn -0.1477 0.9710 -0.1880
vn -0.1694 0.9777 -0.1240
vn -0.3127 0.8464 -0.4310
vn -0.1214 0.9464 -0.2993
vn -0.3639 0.8103 -0.4594
vn -0.3923 0.8051 -0.4449
vn 0.0815 0.8111 -0.5792
vn -0.3127 0.8553 -0.4131
vn -0.2829 0.7848 -0.5514
vn 0.6056 0.2146 -0.7663
vn 0.2960 0.7375 -0.6070
vn 0.5259 0.1528 -0.8367
vn 0.6148 0.2029 -0.7621
vn -0.3071 0.9091 -0.2815
vn -0.1151 0.9744 0.1929
vn -0.3818 0.8333 -0.3998
vn -0.4015 0.5875 -0.7026
vn -0.2776 0.9204 -0.2753
vn -0.2898 0.9436 -0.1601
vn -0.1309 0.9717 0.1967
vn 0.0815 0.8505 0.5196
vn -0.0287 0.9951 -0.0950
vn 0.0996 0.8376 0.5371
vn 0.0105 0.7604 -0.6494
vn -0.1518 0.7066 -0.6911
vn 0.0856 0.9961 -0.0192
vn 0.1001 0.8377 0.5370
vn 0.1079 0.8369 0.5367
vn 0.2291 0.9565 -0.1806
vn -0.1708 0.9258 -0.3374
vn 0.2273 0.9528 0.2015
vn -0.0522 0.4438 -0.8946
vn -0.2325 0.7808 -0.5799
vn 0.0676 0.6874 -0.7231
vn -0.5970 0.4163 -0.6857
vn -0.9499 0.1178 -0.2896
vn -0.8878 0.3845 -0.2530
vn -0.1355 0.8012 -0.5829
vn -0.1095 0.6889 -0.7165
vn -0.1094 0.6745 -0.7302
vn -0.1170 0.7677 -0.6301
vn -0.0799 0.7921 -0.6051
vn 0.0449 0.6662 -0.7444
vn -0.3423 0.6872 -0.6408
vn -0.0501 0.5042 -0.8621
vn -0.3800 0.6512 -0.6569
vn 0.2439 0.3494 -0.9047
vn -0.0725 0.5356 -0.8414
vn 0.2329 0.4308 -0.8719
vn 0.2372 0.3497 -0.9063
vn 0.3703 0.4397 -0.8183
vn 0.4415 0.4099 -0.7982
vn 0.4595 0.4154 -0.7850
vn 0.4428 0.3258 -0.8353
vn 0.3875 0.3114 -0.8677
vn 0.2499 0.2722 -0.9292
vn 0.1768 0.2388 -0.9548
vn 0.5422 0.2073 -0.8143
vn 0.4383 0.2582 -0.8609
vn 0.4490 0.2542 -0.8566
vn 0.3711 0.5976 -0.7107
vn -0.0262 0.6037 -0.7968
vn 0.1005 0.9037 -0.4163
vn 0.2206 0.9449 -0.2419
vn 0.0720 0.8512 -0.5199
vn 0.0684 0.9655 -0.2514
vn 0.1484 0.9723 -0.1806
vn 0.1489 0.9773 -0.1510
vn 0.0352 0.9960 -0.0816
vn 0.0383 0.9553 -0.2931
vn 0.0391 0.9970 -0.0671
vn -0.1137 0.9934 -0.0115
vn 0.1603 0.9805 0.1137
vn 0.1369 0.9831 0.1211
vn -0.5348 0.7881 -0.3046
vn -0.2410 0.9677 -0.0742
vn -0.2145 0.9702 -0.1124
vn 0.1577 0.9661 0.2044
vn 0.0814 0.9877 0.1331
vn -0.2436 0.8605 -0.4474
vn 0.1834 0.9825 -0.0319
vn -0.3855 0.7567 -0.5280
vn -0.5508 0.4755 -0.6860
vn -0.6354 0.3940 -0.6641
vn -0.0481 0.9514 -0.3041
vn 0.2462 0.9664 -0.0744
vn -0.1353 0.8787 -0.4578
vn 0.2094 0.9752 -0.0711
vn -0.0903 0.7574 -0.6467
vn -0.4457 0.8591 -0.2515
vn -0.7786 0.4894 -0.3928
vn -0.2388 0.3984 -0.8856
vn -0.7550 0.5068 -0.4161
vn -0.3346 0.3590 -0.8713
vn 0.3049 0.1182 -0.9450
vn 0.2468 0.0956 -0.9643
vn -0.0523 0.1307 -0.9900
vn 0.4975 -0.1221 -0.8588
vn 0.5636 -0.1395 -0.8142
vn -0.6762 0.4215 -0.6042
vn -0.1766 0.1921 -0.9654
vn -0.7186 0.3758 -0.5852
vn 0.3852 -0.0206 -0.9226
vn 0.2915 0.1008 -0.9513
vn 0.6783 -0.1504 -0.7192
vn -0.7565 0.3842 -0.5292
vn -0.7894 0.4147 -0.4526
vn -0.7291 0.3518 -0.5871
vn -0.7402 0.4014 -0.5395
vn -0.7973 0.3913 -0.4596
vn -0.7575 0.3508 -0.5506
vn -0.6262 0.4706 -0.6216
vn -0.5592 0.4999 -0.6614
vn -0.9273 0.3423 -0.1516
vn -0.5413 0.8202 -0.1852
vn -0.8948 0.4452 -0.0346
vn 0.0304 0.9973 -0.0666
vn -0.8238 0.4636 -0.3261
vn 0.1437 0.9868 -0.0743
vn 0.0563 0.9977 0.0382
vn -0.4217 0.8705 -0.2538
vn -0.1184 0.9590 -0.2576
vn -0.5122 0.8236 -0.2435
vn -0.4560 0.8548 -0.2477
vn -0.0688 0.9657 -0.2503
vn -0.5729 0.7549 -0.3192
vn -0.3649 0.9285 -0.0693
vn 0.7184 -0.4084 0.5632
vn 0.7626 -0.3220 0.5610
vn 0.6836 -0.4361 0.5853
vn 0.7289 -0.2802 0.6246
vn 0.7523 -0.3285 0.5711
vn 0.7032 -0.3117 0.6390
vn 0.7073 -0.2811 0.6486
vn 0.7047 -0.2745 0.6543
vn 0.7547 -0.5866 0.2939
vn 0.7900 -0.5273 0.3128
vn 0.7383 -0.5996 0.3087
vn 0.8102 -0.3695 0.4551
vn 0.7981 -0.4902 0.3504
vn 0.7939 -0.3303 0.5105
vn 0.7899 -0.2292 0.5688
vn -0.6026 0.4059 -0.6871
vn -0.5856 0.4188 -0.6941
vn -0.6573 0.3771 -0.6525
vn -0.6994 0.2915 -0.6526
vn -0.6245 0.3894 -0.6770
vn -0.7566 0.2085 -0.6197
vn -0.7269 0.1758 -0.6639
vn -0.3412 0.1106 -0.9334
vn -0.3965 0.0808 -0.9145
vn -0.1498 0.2045 -0.9673
vn -0.5695 -0.0078 -0.8220
vn -0.7367 0.1708 -0.6543
vn -0.7726 0.4808 -0.4146
vn -0.6893 0.4263 -0.5858
vn 0.2654 -0.9638 0.0257
vn 0.3933 -0.6950 0.6019
vn 0.5330 -0.6418 0.5513
vn 0.2794 -0.9344 0.2211
vn 0.7012 -0.6905 0.1776
vn 0.2881 -0.8077 0.5145
vn 0.9070 -0.4014 -0.1276
vn 0.7946 -0.4983 -0.3470
vn 0.9051 -0.3428 -0.2516
vn 0.4292 0.3411 -0.8363
vn -0.4221 0.3950 -0.8160
vn 0.2423 0.3009 -0.9223
vn -0.2510 0.4146 -0.8747
vn -0.8394 0.2750 -0.4689
vn -0.8026 0.3111 -0.5090
vn 0.4434 0.3385 -0.8300
vn -0.2530 0.4261 -0.8686
vn 0.4442 0.3461 -0.8264
vn 0.4024 0.3770 -0.8342
vn -0.3068 0.5329 -0.7886
vn 0.4072 0.3923 -0.8248
vn -0.0549 0.4381 -0.8972
vn -0.5863 0.2492 -0.7708
vn -0.5205 0.4251 -0.7405
vn 0.3772 0.3206 -0.8689
vn -0.1549 0.2366 -0.9592
vn -0.1647 0.2748 -0.9473
vn -0.4418 0.2297 -0.8672
vn -0.2842 0.5793 -0.7640
vn -0.2877 0.1384 -0.9477
vn -0.1374 0.8119 -0.5674
vn -0.3507 0.6257 -0.6968
vn -0.2411 0.7297 -0.6398
vn -0.1498 0.7863 -0.5994
vn -0.0765 0.3541 -0.9321
vn -0.0672 0.3267 -0.9427
vn -0.0717 0.3168 -0.9458
vn -0.0888 0.2799 -0.9559
vn -0.1055 0.2721 -0.9565
vn -0.1257 0.2760 -0.9529
vn -0.1399 0.2675 -0.9533
vn -0.0738 0.3351 -0.9393
vn -0.0715 0.3625 -0.9292
vn -0.0756 0.3632 -0.9286
vn -0.0883 0.3336 -0.9386
vn -0.0939 0.3253 -0.9409
vn -0.0882 0.2849 -0.9545
vn -0.1275 0.3789 -0.9166
vn 0.0983 0.3870 -0.9168
vn -0.1587 0.3501 -0.9232
vn -0.0051 0.5028 -0.8644
vn 0.3589 0.4857 -0.7970
vn -0.1284 0.5477 -0.8268
vn -0.0759 0.3512 -0.9332
vn -0.0667 0.3503 -0.9342
vn -0.0863 0.3217 -0.9429
vn 0.0943 0.2315 -0.9683
vn 0.3079 0.0682 -0.9490
vn -0.2363 0.9148 -0.3275
vn -0.3190 0.6761 -0.6642
vn -0.2907 0.5499 -0.7830
vn -0.0838 0.9633 -0.2551
vn -0.2251 0.9365 -0.2690
vn -0.1052 0.9570 -0.2702
vn -0.1591 0.9361 -0.3136
vn -0.2244 0.7553 -0.6157
vn -0.2209 0.8601 -0.4598
vn -0.2525 0.8890 -0.3821
vn -0.3486 0.5114 -0.7854
vn -0.1479 0.7884 -0.5971
vn -0.3919 0.4273 -0.8147
vn -0.3857 0.4275 -0.8176
vn -0.3338 0.8188 -0.4670
vn -0.0692 0.5608 -0.8251
vn -0.5166 0.3256 -0.7919
vn -0.7564 0.2347 -0.6106
vn -0.6634 -0.1363 -0.7357
vn 0.0972 0.2264 -0.9692
vn 0.5966 0.2059 -0.7757
vn 0.4975 0.1925 -0.8458
vn -0.4301 0.5404 -0.7232
vn -0.3410 0.8518 -0.3976
vn -0.3760 0.5834 -0.7199
vn -0.3978 0.0386 -0.9167
vn -0.3960 0.6003 -0.6948
vn -0.3918 0.6241 -0.6760
vn -0.3119 0.9093 -0.2754
vn -0.1064 0.9768 -0.1860
vn -0.1857 0.6651 -0.7233
vn -0.0553 0.9682 -0.2440
vn -0.0808 0.2403 -0.9673
vn -0.2333 0.1011 -0.9671
vn 0.0423 0.9764 -0.2118
vn 0.0514 0.8682 -0.4935
vn 0.1481 0.9410 -0.3042
vn 0.1881 0.8930 -0.4090
vn -0.0528 0.7201 -0.6919
vn -0.1005 0.7728 -0.6266
vn 0.0815 0.5399 -0.8378
vn -0.0769 0.3948 -0.9156
vn -0.1123 0.2437 -0.9633
vn -0.1792 0.3569 -0.9168
vn -0.0761 0.9721 -0.2217
vn -0.1236 0.6827 -0.7202
vn -0.1006 0.9232 -0.3709
vn -0.0776 0.3474 -0.9345
vn -0.1397 0.3296 -0.9337
vn -0.0847 0.9713 -0.2224
vn -0.0000 0.9714 -0.2374
vn 0.2036 0.6881 -0.6964
vn -0.2856 0.8081 -0.5152
vn -0.1911 0.9249 -0.3286
vn -0.3212 0.4202 -0.8487
vn 0.2521 0.3231 -0.9122
vn -0.2622 0.3962 -0.8799
vn 0.2318 0.4169 -0.8789
vn 0.6169 0.2013 -0.7609
vn 0.4308 0.3659 -0.8249
vn 0.6447 0.5115 -0.5681
vn 0.3849 0.4204 -0.8217
vn 0.7178 0.3455 -0.6045
vn 0.0493 0.4048 -0.9131
vn 0.1229 0.3904 -0.9124
vn 0.6893 0.2342 -0.6856
vn 0.2319 0.3125 -0.9212
vn 0.2182 0.2408 -0.9457
vn 0.5540 0.2118 -0.8051
vn 0.4477 0.2644 -0.8542
vn 0.4595 0.2600 -0.8493
vn 0.3715 0.6046 -0.7046
vn -0.0305 0.6108 -0.7912
vn 0.0670 0.9037 -0.4228
vn 0.1095 0.9459 -0.3056
vn 0.0715 0.8584 -0.5079
vn 0.0692 0.9672 -0.2444
vn 0.1485 0.9731 -0.1763
vn 0.1490 0.9778 -0.1471
vn 0.0349 0.9962 -0.0800
vn 0.0379 0.9575 -0.2860
vn 0.0314 0.9964 -0.0787
vn -0.7512 0.5755 -0.3234
vn -0.4250 0.8817 -0.2049
vn -0.5991 0.7756 -0.1988
vn -0.8450 0.1462 -0.5144
vn -0.6922 0.5879 -0.4185
vn -0.7108 0.5714 -0.4102
vn -0.6667 0.6255 -0.4053
vn -0.4146 0.8854 -0.2102
vn -0.5713 0.5678 -0.5926
vn -0.1217 0.9348 -0.3336
vn -0.2390 0.9199 -0.3108
vn -0.6466 0.3267 -0.6893
vn -0.4676 0.6630 -0.5846
vn -0.7178 0.2069 -0.6648
vn -0.3588 0.7339 -0.5767
vn -0.0342 0.9549 -0.2949
vn -0.1095 0.9281 -0.3558
vn -0.4617 0.8303 -0.3121
vn -0.6335 0.5985 -0.4904
vn -0.7712 0.5296 -0.3531
vn -0.9509 0.2979 -0.0837
vn -0.7342 0.5058 -0.4529
vn -0.9547 0.2651 0.1354
vn -0.4181 0.4370 -0.7963
vn -0.3623 0.4678 -0.8061
vn -0.4416 0.3681 -0.8182
vn -0.8972 0.4033 -0.1798
vn -0.6653 0.3656 -0.6509
vn -0.8623 0.4649 -0.2010
vn -0.8757 0.3285 0.3540
vn -0.8660 0.3589 0.3481
vn -0.5165 0.4472 -0.7302
vn -0.7986 0.5072 -0.3239
vn -0.3968 0.4589 -0.7950
vn -0.8675 0.2680 -0.4190
vn -0.5840 0.3851 -0.7146
vn -0.6209 0.3665 -0.6929
vn -0.9234 0.1459 0.3551
vn -0.8848 0.4342 -0.1691
vn -0.9254 0.3178 -0.2067
vn -0.8173 0.5271 -0.2328
vn -0.6057 0.4738 -0.6393
vn -0.9443 0.3233 -0.0607
vn -0.5195 0.8501 -0.0868
vn -0.9093 0.4150 0.0306
vn 0.0614 0.9957 -0.0701
vn -0.8151 0.5377 -0.2156
vn 0.1573 0.9858 -0.0594
vn 0.0892 0.9953 0.0370
vn -0.2153 0.9600 -0.1791
vn -0.1071 0.9750 -0.1945
vn -0.3232 0.9370 -0.1328
vn -0.0795 0.9901 -0.1152
vn -0.0378 0.9803 -0.1938
vn -0.0201 0.9991 -0.0382
vn 0.0923 0.9956 -0.0177
vn 0.7262 -0.4117 0.5506
vn 0.7704 -0.3247 0.5487
vn 0.6913 -0.4402 0.5730
vn 0.7303 -0.3285 0.5990
vn 0.7599 -0.3322 0.5587
vn 0.7206 -0.3418 0.6033
vn 0.7388 -0.3387 0.5827
vn 0.7567 -0.5877 0.2864
vn 0.7922 -0.5281 0.3058
vn 0.7402 -0.6011 0.3012
vn 0.8150 -0.3704 0.4456
vn 0.8003 -0.4925 0.3419
vn 0.7991 -0.3336 0.5002
vn 0.7969 -0.2309 0.5582
vn -0.6107 0.4108 -0.6770
vn -0.5926 0.4245 -0.6846
vn -0.6648 0.3814 -0.6423
vn -0.7080 0.2941 -0.6420
vn -0.6308 0.3951 -0.6678
vn -0.7642 0.2106 -0.6097
vn -0.7356 0.1777 -0.6537
vn -0.3486 0.1136 -0.9304
vn -0.4053 0.0827 -0.9104
vn -0.1537 0.2097 -0.9656
vn -0.5798 -0.0079 -0.8147
vn -0.7451 0.1704 -0.6448
vn -0.7748 0.4844 -0.4063
vn -0.6948 0.4326 -0.5746
vn 0.4077 -0.9027 0.1374
vn 0.4624 -0.6953 0.5502
vn 0.4025 -0.8141 0.4186
vn 0.3248 -0.7753 0.5417
vn 0.7305 -0.6823 -0.0285
vn 0.6374 -0.7357 0.2290
vn 0.8993 -0.3461 -0.2673
vn 0.7490 -0.6240 -0.2227
vn -0.8949 0.3349 0.2949
vn -0.7420 0.4692 -0.4789
vn -0.9451 0.0527 -0.3226
vn -0.8674 0.4889 0.0930
vn -0.7448 0.5076 -0.4331
vn -0.8708 -0.0998 -0.4814
vn -0.8201 0.2003 -0.5360
vn -0.7281 0.0597 -0.6829
vn -0.5234 0.4638 -0.7148
vn -0.2208 0.8419 -0.4923
vn -0.9783 0.0447 0.2023
vn -0.9043 0.3523 0.2411
vn -0.3571 0.1134 -0.9272
vn -0.3361 0.9001 -0.2773
vn -0.3701 0.1414 -0.9181
vn -0.0491 0.3183 -0.9467
vn -0.6012 0.2220 -0.7676
vn -0.8272 0.3030 -0.4732
vn -0.0279 0.4218 -0.9063
vn -0.7384 0.0316 -0.6736
vn -0.2856 0.3659 -0.8858
vn -0.2255 0.7554 -0.6152
vn -0.0298 0.7339 -0.6786
vn -0.0398 0.6181 -0.7851
vn -0.1480 0.7967 -0.5860
vn -0.0978 0.7528 -0.6509
vn 0.0398 0.6637 -0.7470
vn -0.2334 0.3639 -0.9017
vn 0.1248 0.4905 -0.8624
vn 0.4109 0.3382 -0.8466
vn 0.1027 0.4183 -0.9025
vn 0.3966 0.7019 -0.5916
vn -0.1522 0.2471 -0.9570
vn -0.5927 0.4296 -0.6813
vn -0.6177 0.7184 -0.3198
vn -0.5221 0.7946 -0.3099
vn -0.2287 0.9653 -0.1257
vn -0.6731 0.2474 -0.6969
vn 0.2464 0.9679 -0.0491
vn -0.4418 0.5787 -0.6855
vn 0.6761 -0.7112 -0.1928
vn 0.4457 -0.5255 0.7247
vn 0.4291 -0.8511 0.3025
vn 0.9043 -0.4198 -0.0777
vn -0.3442 0.9340 -0.0961
vn 0.3670 0.9275 0.0711
vn -0.4626 0.3966 -0.7929
vn -0.0985 0.9690 0.2266
vn -0.3508 0.6728 -0.6514
vn -0.1266 0.9850 -0.1171
vn 0.1352 0.7666 -0.6277
vn 0.1449 0.9879 -0.0555
vn -0.0837 0.2597 -0.9621
vn 0.1987 0.8228 -0.5325
vn 0.0685 0.2748 -0.9591
vn 0.1596 0.2506 -0.9548
vn 0.0082 1.0000 -0.0009
vn -0.9637 0.2670 0.0003
vn 0.3546 -0.0203 -0.9348
vn 0.0555 -0.9985 -0.0003
vn 0.9999 -0.0095 -0.0058
vn -0.9998 -0.0202 -0.0030
vn -0.0144 -0.9999 0.0051
vn 0.0044 1.0000 -0.0039
vn -0.9998 0.0153 -0.0096
vn -0.8720 0.4894 -0.0000
vn -0.9741 0.2261 0.0099
vn 0.1317 -0.9913 0.0008
vn -0.0000 1.0000 -0.0041
vn -0.3722 0.9282 -0.0000
vn -0.9999 -0.0095 -0.0058
vn 0.9999 0.0126 -0.0008
vn 0.0110 0.9999 -0.0080
vn -0.0067 -1.0000 0.0004
vn -0.7585 -0.6516 0.0075
vn -0.5161 -0.8565 -0.0000
vn 0.4367 -0.8995 0.0139
vn -0.0681 -0.2550 -0.9645
vn 0.3185 -0.2127 0.9237
vn 0.0208 0.0474 -0.9987
vn -0.7065 0.7036 0.0764
vn 0.3451 -0.9380 -0.0329
vn -0.4297 0.8913 0.1445
vn -0.0000 -0.9997 0.0225
vn -0.0060 0.8945 0.4471
vn 0.0681 -0.2550 -0.9645
vn 0.0323 -0.0639 0.9974
vn -0.0211 0.0054 -0.9998
vn 0.8809 0.4147 0.2280
vn 0.9917 -0.1270 -0.0196
vn 0.0018 -1.0000 0.0064
vn -0.3249 0.9399 0.1053
vn 0.0045 0.1291 0.9916
vn -1.0000 0.0011 -0.0007
vn 0.0060 0.8945 0.4471
vn -0.0091 0.8901 0.4557
vn -0.0272 0.1799 -0.9833
vn -0.0160 0.0491 0.9987
vn -0.0160 0.0490 0.9987
vn 0.0741 0.4447 -0.8926
vn 0.0555 0.8326 -0.5511
vn 0.1726 0.4882 -0.8555
vn -0.5941 -0.1122 -0.7965
vn -0.1449 0.9879 -0.0555
vn -0.0000 0.9594 -0.2821
vn 0.3800 0.6512 -0.6569
vn -0.2114 0.4260 -0.8797
vn -0.1768 0.2388 -0.9548
vn -0.4490 0.2542 -0.8566
vn -0.2468 0.0956 -0.9643
vn -0.6783 -0.1504 -0.7192
vn 0.5592 0.4999 -0.6614
vn 0.8948 0.4452 -0.0346
vn -0.7047 -0.2745 0.6543
vn -0.7665 -0.2516 0.5909
vn 0.7389 0.1632 -0.6538
vn 0.1498 0.2045 -0.9673
vn 0.8773 0.3517 -0.3265
vn -0.9051 -0.3428 -0.2516
vn 0.2877 0.1383 -0.9477
vn 0.2317 0.7000 -0.6755
vn 0.1399 0.2675 -0.9533
vn 0.1760 0.4978 -0.8492
vn -0.6043 -0.1141 -0.7886
vn -0.4975 0.1925 -0.8458
vn -0.1481 0.9410 -0.3042
vn -0.4308 0.3659 -0.8249
vn -0.2182 0.2408 -0.9457
vn -0.4595 0.2600 -0.8493
vn 0.2208 0.8419 -0.4923
vn 0.9547 0.2651 0.1354
vn 0.3968 0.4589 -0.7950
vn 0.9093 0.4150 0.0306
vn -0.1624 0.9854 -0.0503
vn -0.1597 0.9867 -0.0288
vn -0.7809 -0.2983 0.5488
vn -0.7736 -0.2540 0.5805
vn 0.7473 0.1650 -0.6437
vn 0.1537 0.2097 -0.9656
vn 0.8798 0.3527 -0.3187
vn 0.8876 0.3786 0.2625
vn 0.7900 0.2496 -0.5600
vn 0.7281 0.0597 -0.6829
vn 0.8445 0.4112 0.3431
vn 0.3478 0.1694 -0.9221
vn 0.4847 -0.1392 -0.8635
vn 0.8232 0.3243 -0.4661
vn 0.8440 0.4092 -0.3466
vn 0.4292 0.4343 -0.7920
vn 0.8649 0.4070 -0.2939
vn 0.4403 0.8302 -0.3418
vn 0.6731 0.2474 -0.6969
vn -0.2349 -0.5613 0.7936
vn -0.0555 0.8326 -0.5511
vn -0.1276 0.3371 -0.9328
vn -0.0774 0.3234 -0.9431
vn -0.0896 0.4223 -0.9020
vn -0.1726 0.4882 -0.8555
vn 0.5941 -0.1122 -0.7965
vn 0.4882 0.1888 -0.8521
vn -0.3679 0.6172 -0.6955
vn -0.1747 0.9387 0.2972
vn -0.6659 0.2073 -0.7167
vn -0.1644 0.8363 -0.5231
vn 0.2114 0.4260 -0.8797
vn 0.3267 0.3908 -0.8605
vn 0.6381 0.3412 -0.6902
vn 0.3409 0.9277 -0.1522
vn 0.2356 0.9695 0.0676
vn 0.1558 0.9850 -0.0743
vn 0.7665 -0.2516 0.5909
vn -0.7389 0.1632 -0.6538
vn -0.8773 0.3517 -0.3265
vn 0.2534 0.3245 -0.9113
vn -0.2317 0.7000 -0.6755
vn -0.0818 0.3498 -0.9333
vn -0.0793 0.3312 -0.9402
vn -0.0916 0.4316 -0.8974
vn -0.1760 0.4979 -0.8492
vn 0.6043 -0.1141 -0.7886
vn -0.2115 0.9126 -0.3499
vn 0.2249 0.7782 -0.5863
vn -0.3381 0.9228 -0.1848
vn -0.2466 0.2172 -0.9445
vn 0.6479 0.3425 -0.6804
vn 0.1973 0.9484 -0.2482
vn -0.3572 0.9289 -0.0978
vn -0.3951 0.6877 -0.6091
vn -0.5333 0.4982 -0.6837
vn 0.1624 0.9854 -0.0503
vn 0.1597 0.9867 -0.0288
vn 0.7809 -0.2983 0.5488
vn 0.7736 -0.2540 0.5806
vn -0.7473 0.1650 -0.6437
vn -0.8798 0.3527 -0.3187
vn -0.8876 0.3786 0.2625
vn -0.7900 0.2496 -0.5600
vn -0.8445 0.4113 0.3431
vn -0.3478 0.1695 -0.9221
vn -0.4847 -0.1392 -0.8636
vn -0.8232 0.3243 -0.4661
vn -0.8440 0.4092 -0.3467
vn -0.1905 0.5714 -0.7982
vn -0.4292 0.4343 -0.7920
vn 0.0580 0.4975 -0.8655
vn -0.8649 0.4070 -0.2939
vn -0.8197 0.4664 -0.3326
vn -0.6492 0.3750 -0.6618
vn -0.4403 0.8302 -0.3418
vn 0.2349 -0.5613 0.7936
vn 0.8869 -0.4611 0.0284
vn 0.8714 -0.4760 0.1185
vn 0.4419 0.8930 0.0850
vn -0.2626 0.7954 -0.5462
vn 0.1962 0.7962 -0.5723
vn 0.1956 0.7150 -0.6712
vt 0.962442 0.651165
vt 0.955250 0.666671
vt 0.955364 0.648905
vt 0.780782 0.523452
vt 0.788575 0.536829
vt 0.781802 0.535422
vt 0.787794 0.732069
vt 0.793066 0.744757
vt 0.788847 0.745493
vt 0.962670 0.739042
vt 0.974572 0.754840
vt 0.961019 0.754351
vt 0.992735 0.652675
vt 0.988903 0.666077
vt 0.987902 0.652165
vt 0.958809 0.760329
vt 0.955157 0.754356
vt 0.823879 0.644308
vt 0.829220 0.650493
vt 0.820377 0.653447
vt 0.785976 0.437210
vt 0.790251 0.440221
vt 0.781482 0.445767
vt 0.917836 0.544436
vt 0.911658 0.538944
vt 0.919120 0.537870
vt 0.791032 0.643330
vt 0.795053 0.651454
vt 0.790950 0.651171
vt 0.818737 0.745983
vt 0.806879 0.755786
vt 0.806002 0.744850
vt 0.974564 0.643305
vt 0.975434 0.651462
vt 0.991217 0.759274
vt 0.986591 0.755325
vt 0.991651 0.753131
vt 0.874121 0.755826
vt 0.896537 0.737920
vt 0.897186 0.755067
vt 0.895770 0.797067
vt 0.871051 0.789580
vt 0.896245 0.790944
vt 0.897662 0.765717
vt 0.918167 0.777970
vt 0.896105 0.778193
vt 0.872460 0.637331
vt 0.898873 0.625077
vt 0.898878 0.637076
vt 0.900830 0.603299
vt 0.920551 0.612655
vt 0.899511 0.611840
vt 0.918994 0.637871
vt 0.898940 0.644752
vt 0.857364 0.430501
vt 0.879043 0.431771
vt 0.868138 0.438269
vt 0.859382 0.546060
vt 0.822672 0.540565
vt 0.867242 0.540842
vt 0.963736 0.717632
vt 0.955671 0.738471
vt 0.954733 0.718105
vt 0.780103 0.458697
vt 0.785076 0.479984
vt 0.779480 0.474417
vt 0.788618 0.663564
vt 0.791856 0.681514
vt 0.787199 0.681535
vt 0.964302 0.684575
vt 0.976449 0.665505
vt 0.977077 0.684637
vt 0.993311 0.739798
vt 0.989183 0.717603
vt 0.994628 0.717709
vt 0.818566 0.666497
vt 0.826089 0.683803
vt 0.816935 0.683716
vt 0.918890 0.506497
vt 0.918918 0.524331
vt 0.911684 0.509057
vt 0.964325 0.701891
vt 0.956425 0.684488
vt 0.778919 0.490084
vt 0.785745 0.514350
vt 0.779638 0.506346
vt 0.790954 0.699221
vt 0.786613 0.715551
vt 0.786705 0.698822
vt 0.989919 0.702093
vt 0.995038 0.685149
vt 0.995126 0.702129
vt 0.816213 0.700030
vt 0.825173 0.714998
vt 0.816246 0.715688
vt 0.918791 0.475604
vt 0.919134 0.490395
vt 0.912785 0.483088
vt 0.951827 0.793498
vt 0.958695 0.788144
vt 0.958859 0.793069
vt 0.831877 0.611082
vt 0.824721 0.615878
vt 0.824058 0.610997
vt 0.793441 0.755032
vt 0.788632 0.755361
vt 0.992174 0.645823
vt 0.987689 0.644138
vt 0.803551 0.715643
vt 0.791878 0.731949
vt 0.791156 0.715483
vt 0.960585 0.628281
vt 0.953172 0.615086
vt 0.961835 0.615221
vt 0.808757 0.642524
vt 0.795726 0.642043
vt 0.986461 0.760890
vt 0.973919 0.760318
vt 0.820174 0.770068
vt 0.828562 0.784375
vt 0.819309 0.783561
vt 0.808073 0.652766
vt 0.793434 0.664123
vt 0.804677 0.683049
vt 0.989753 0.685068
vt 0.977059 0.701479
vt 0.850874 0.645834
vt 0.834318 0.641051
vt 0.848960 0.638978
vt 0.810255 0.431081
vt 0.792662 0.433761
vt 0.826134 0.733925
vt 0.828413 0.749472
vt 0.820717 0.788295
vt 0.828378 0.789448
vt 0.824400 0.628993
vt 0.821689 0.755150
vt 0.831724 0.759116
vt 0.786849 0.541014
vt 0.793106 0.545005
vt 0.850753 0.664681
vt 0.828106 0.665881
vt 0.849606 0.699824
vt 0.850101 0.682842
vt 0.849038 0.613924
vt 0.832482 0.615634
vt 0.847469 0.774606
vt 0.829765 0.771647
vt 0.938192 0.683574
vt 0.950708 0.762536
vt 0.940497 0.755854
vt 0.895174 0.540283
vt 0.909257 0.545451
vt 0.895400 0.545849
vt 0.912594 0.439249
vt 0.919497 0.441229
vt 0.919128 0.454138
vt 0.950973 0.775847
vt 0.961427 0.610442
vt 0.952897 0.608128
vt 0.959730 0.642674
vt 0.952188 0.640870
vt 0.917439 0.435699
vt 0.911118 0.433005
vt 0.939751 0.739238
vt 0.937947 0.701262
vt 0.956272 0.701989
vt 0.935798 0.789655
vt 0.951752 0.788305
vt 0.935875 0.639140
vt 0.951888 0.627815
vt 0.851667 0.735607
vt 0.850256 0.754304
vt 0.846690 0.787188
vt 0.846544 0.792698
vt 0.833339 0.627618
vt 0.848814 0.626193
vt 0.849303 0.762421
vt 0.809361 0.546476
vt 0.833724 0.430627
vt 0.827030 0.439197
vt 0.874025 0.663997
vt 0.873772 0.644570
vt 0.873741 0.700227
vt 0.848627 0.607145
vt 0.872707 0.612078
vt 0.872554 0.776915
vt 0.975721 0.738434
vt 0.976338 0.717341
vt 0.935742 0.776890
vt 0.918513 0.790603
vt 0.871781 0.625390
vt 0.804639 0.731974
vt 0.803540 0.699340
vt 0.958663 0.775560
vt 0.937471 0.613817
vt 0.919116 0.625109
vt 0.874006 0.737115
vt 0.896398 0.718564
vt 0.987872 0.739788
vt 0.817424 0.733039
vt 0.828189 0.480135
vt 0.849578 0.716473
vt 0.824902 0.699644
vt 0.827134 0.511037
vt 0.963594 0.665473
vt 0.994079 0.666620
vt 0.806255 0.665612
vt 0.938091 0.665083
vt 0.873644 0.682469
vt 0.873026 0.764507
vt 0.832816 0.547446
vt 0.897412 0.664096
vt 0.896466 0.682516
vt 0.873150 0.605946
vt 0.873821 0.717863
vt 0.867323 0.479012
vt 0.865681 0.511813
vt 0.896457 0.700443
vt 0.918900 0.765471
vt 0.921158 0.604139
vt 0.920243 0.644604
vt 0.937107 0.646159
vt 0.895828 0.432371
vt 0.917862 0.682793
vt 0.918468 0.664180
vt 0.918825 0.756438
vt 0.878545 0.546093
vt 0.918349 0.738702
vt 0.918063 0.700848
vt 0.918673 0.797693
vt 0.917940 0.719121
vt 0.936177 0.764084
vt 0.937934 0.718372
vt 0.936298 0.796337
vt 0.936367 0.626893
vt 0.870919 0.795888
vt 0.938747 0.605947
vt 0.822366 0.846011
vt 0.828983 0.861772
vt 0.820690 0.860267
vt 0.788573 0.536829
vt 0.780781 0.523451
vt 0.781801 0.535422
vt 0.988179 0.945775
vt 0.993913 0.933290
vt 0.992369 0.946666
vt 0.806410 0.949165
vt 0.818894 0.933822
vt 0.819976 0.949182
vt 0.792040 0.846407
vt 0.795378 0.859940
vt 0.790185 0.860292
vt 0.825837 0.949402
vt 0.821964 0.955237
vt 0.955527 0.850236
vt 0.961093 0.844250
vt 0.964257 0.853514
vt 0.790255 0.440219
vt 0.785980 0.437208
vt 0.781485 0.445764
vt 0.911658 0.538945
vt 0.989638 0.852461
vt 0.993961 0.844494
vt 0.993748 0.852332
vt 0.962480 0.946059
vt 0.973970 0.956290
vt 0.959193 0.955112
vt 0.810541 0.837711
vt 0.825387 0.837623
vt 0.794380 0.949201
vt 0.789611 0.952975
vt 0.789405 0.946820
vt 0.885029 0.935131
vt 0.906772 0.953850
vt 0.883749 0.952239
vt 0.883613 0.994258
vt 0.908591 0.987701
vt 0.908490 0.994009
vt 0.882882 0.962862
vt 0.861936 0.974355
vt 0.861665 0.961838
vt 0.886854 0.822294
vt 0.912799 0.835499
vt 0.886406 0.834281
vt 0.885702 0.800460
vt 0.865653 0.809076
vt 0.865362 0.800544
vt 0.907546 0.962567
vt 0.886061 0.841946
vt 0.866272 0.834333
vt 0.857366 0.430501
vt 0.868140 0.438270
vt 0.879046 0.431772
vt 0.822671 0.540565
vt 0.818627 0.912387
vt 0.825911 0.933509
vt 0.785077 0.479982
vt 0.780106 0.458694
vt 0.779481 0.474415
vt 0.991721 0.882621
vt 0.995622 0.864802
vt 0.996374 0.882814
vt 0.819281 0.879331
vt 0.807843 0.859826
vt 0.793198 0.911412
vt 0.788243 0.933436
vt 0.787752 0.911315
vt 0.957426 0.883641
vt 0.965586 0.866622
vt 0.966577 0.883890
vt 0.918891 0.506497
vt 0.827154 0.879535
vt 0.818620 0.896635
vt 0.785745 0.514349
vt 0.778920 0.490082
vt 0.779638 0.506345
vt 0.991961 0.900349
vt 0.995700 0.916826
vt 0.991163 0.916591
vt 0.793040 0.895889
vt 0.788546 0.878771
vt 0.793830 0.878885
vt 0.957190 0.914853
vt 0.966692 0.900222
vt 0.966084 0.915871
vt 0.918792 0.475604
vt 0.912786 0.483087
vt 0.919136 0.490394
vt 0.827729 0.988640
vt 0.821062 0.983038
vt 0.827994 0.983453
vt 0.954317 0.810752
vt 0.961292 0.815806
vt 0.953545 0.815279
vt 0.987428 0.956030
vt 0.796888 0.846075
vt 0.792852 0.839581
vt 0.797396 0.838062
vt 0.989836 0.933019
vt 0.978770 0.916294
vt 0.832968 0.810293
vt 0.825070 0.823204
vt 0.824306 0.810108
vt 0.976275 0.843026
vt 0.989318 0.843033
vt 0.794303 0.954766
vt 0.951246 0.984066
vt 0.960157 0.970078
vt 0.960523 0.983594
vt 0.990789 0.865183
vt 0.976578 0.853287
vt 0.978852 0.883679
vt 0.805912 0.895752
vt 0.934057 0.844786
vt 0.950780 0.840612
vt 0.810259 0.431080
vt 0.792666 0.433760
vt 0.955533 0.933735
vt 0.952683 0.949189
vt 0.958941 0.988273
vt 0.951242 0.989142
vt 0.961133 0.828926
vt 0.952250 0.827224
vt 0.949018 0.958707
vt 0.786848 0.541014
vt 0.793105 0.545005
vt 0.933484 0.863625
vt 0.933334 0.898789
vt 0.958026 0.899517
vt 0.937063 0.812964
vt 0.937722 0.806205
vt 0.932711 0.973610
vt 0.931330 0.961366
vt 0.845407 0.879293
vt 0.829981 0.957740
vt 0.840435 0.951437
vt 0.844448 0.959819
vt 0.912597 0.439248
vt 0.919130 0.454137
vt 0.919499 0.441228
vt 0.829229 0.971032
vt 0.824891 0.805347
vt 0.833500 0.803351
vt 0.829522 0.844013
vt 0.832991 0.836099
vt 0.917441 0.435698
vt 0.911120 0.433004
vt 0.841794 0.934861
vt 0.827604 0.913191
vt 0.845001 0.896978
vt 0.844381 0.914076
vt 0.843887 0.985386
vt 0.843143 0.992045
vt 0.833777 0.823062
vt 0.849356 0.834974
vt 0.929956 0.934475
vt 0.930677 0.953216
vt 0.933025 0.986211
vt 0.932968 0.991723
vt 0.936223 0.838005
vt 0.809360 0.546476
vt 0.827033 0.439198
vt 0.833727 0.430627
vt 0.910253 0.862088
vt 0.933466 0.881798
vt 0.909201 0.898303
vt 0.909953 0.880561
vt 0.913479 0.810256
vt 0.913262 0.804112
vt 0.907558 0.974988
vt 0.805873 0.932728
vt 0.806044 0.911628
vt 0.975249 0.945393
vt 0.809373 0.845830
vt 0.861126 0.986966
vt 0.844412 0.972632
vt 0.913916 0.823592
vt 0.936838 0.825234
vt 0.977083 0.932576
vt 0.806859 0.954663
vt 0.950514 0.971303
vt 0.977921 0.866194
vt 0.979380 0.900002
vt 0.821554 0.970464
vt 0.848705 0.809610
vt 0.849320 0.822717
vt 0.866625 0.821576
vt 0.886705 0.809044
vt 0.883365 0.988122
vt 0.883975 0.975385
vt 0.885883 0.915794
vt 0.907577 0.935157
vt 0.793678 0.933628
vt 0.964268 0.933170
vt 0.828190 0.480135
vt 0.932748 0.915429
vt 0.826662 0.897029
vt 0.996222 0.900107
vt 0.956073 0.865655
vt 0.846188 0.860818
vt 0.806513 0.878921
vt 0.911221 0.842684
vt 0.886877 0.861329
vt 0.887144 0.879769
vt 0.886492 0.897684
vt 0.908471 0.915925
vt 0.867325 0.479012
vt 0.864778 0.841013
vt 0.895830 0.432371
vt 0.865752 0.879260
vt 0.865831 0.860640
vt 0.862073 0.952816
vt 0.878544 0.546093
vt 0.863202 0.935111
vt 0.864886 0.897296
vt 0.864334 0.915560
vt 0.860705 0.994045
vt 0.847868 0.841943
vt 0.847721 0.801697
vt 0.128405 0.262835
vt 0.124326 0.203071
vt 0.129050 0.203185
vt 0.342303 0.994808
vt 0.376517 0.945294
vt 0.376517 0.996393
vt 0.960361 0.288998
vt 0.945248 0.005113
vt 0.943823 0.288916
vt 0.143298 0.262642
vt 0.139183 0.203544
vt 0.143935 0.203171
vt 0.875835 0.288576
vt 0.861562 0.004695
vt 0.859680 0.288495
vt 0.550621 0.697999
vt 0.517332 0.704326
vt 0.511825 0.682596
vt 0.575174 0.716516
vt 0.574679 0.706402
vt 0.582382 0.710928
vt 0.694881 0.312943
vt 0.683763 0.221086
vt 0.683763 0.312943
vt 0.119663 0.316299
vt 0.092751 0.352021
vt 0.093112 0.316027
vt 0.131790 0.316743
vt 0.144724 0.352479
vt 0.131575 0.352395
vt 0.152100 0.352541
vt 0.166236 0.317107
vt 0.165889 0.352687
vt 0.047704 0.364587
vt 0.098033 0.407069
vt 0.070294 0.421411
vt 0.340934 0.945648
vt 0.376517 0.898571
vt 0.045049 0.442840
vt 0.047874 0.402023
vt 0.054216 0.443564
vt 0.157736 0.203410
vt 0.158537 0.262828
vt 0.157375 0.262819
vt 0.148617 0.262698
vt 0.147420 0.262684
vt 0.148087 0.203213
vt 0.061661 0.315855
vt 0.081574 0.351924
vt 0.055869 0.351391
vt 0.568699 0.710480
vt 0.548296 0.704781
vt 0.119617 0.352325
vt 0.038351 0.484017
vt 0.028361 0.475507
vt 0.045821 0.761189
vt 0.126072 0.784357
vt 0.050965 0.795864
vt 0.038905 0.520787
vt 0.032030 0.512425
vt 0.046345 0.507502
vt 0.106405 0.519562
vt 0.083673 0.487900
vt 0.112947 0.482462
vt 0.081942 0.310065
vt 0.085489 0.311041
vt 0.054561 0.519256
vt 0.062168 0.496210
vt 0.599586 0.312888
vt 0.596927 0.221201
vt 0.597148 0.312942
vt 0.966755 0.616501
vt 0.972246 0.624267
vt 0.965471 0.623253
vt 0.076053 0.974450
vt 0.068113 0.945757
vt 0.119244 0.944829
vt 0.594016 0.312943
vt 0.593794 0.220719
vt 0.178859 0.352803
vt 0.179181 0.316842
vt 0.127606 0.890323
vt 0.023076 0.583885
vt 0.020561 0.573334
vt 0.029808 0.582255
vt 0.041344 0.725518
vt 0.052460 0.718917
vt 0.105535 0.728910
vt 0.114348 0.983998
vt 0.104860 0.983047
vt 0.110266 0.605073
vt 0.081689 0.596446
vt 0.109198 0.598246
vt 0.612806 0.312896
vt 0.609607 0.221086
vt 0.609607 0.312926
vt 0.119283 0.262893
vt 0.120016 0.203009
vt 0.957355 0.574100
vt 0.959404 0.583562
vt 0.955759 0.584013
vt 0.290526 0.317804
vt 0.256698 0.353500
vt 0.257021 0.317504
vt 0.117786 0.363066
vt 0.084279 0.363713
vt 0.128535 0.706307
vt 0.161833 0.704525
vt 0.196335 0.974433
vt 0.165106 0.945516
vt 0.197632 0.945049
vt 0.619400 0.312876
vt 0.636276 0.221086
vt 0.619409 0.221086
vt 0.218471 0.917072
vt 0.182108 0.612505
vt 0.212538 0.611000
vt 0.212330 0.619663
vt 0.651324 0.221086
vt 0.636277 0.312932
vt 0.651324 0.312943
vt 0.106246 0.203678
vt 0.110120 0.262759
vt 0.105521 0.262691
vt 0.972144 0.455143
vt 0.966294 0.501803
vt 0.955494 0.455452
vt 0.386671 0.318664
vt 0.359576 0.354420
vt 0.359899 0.318425
vt 0.224839 0.362150
vt 0.191071 0.398060
vt 0.189009 0.361862
vt 0.229850 0.693398
vt 0.255749 0.687136
vt 0.230571 0.710326
vt 0.241814 0.945690
vt 0.242592 0.985308
vt 0.238541 0.617172
vt 0.238475 0.626180
vt 0.661790 0.221086
vt 0.661790 0.312943
vt 0.102021 0.205321
vt 0.101349 0.262631
vt 0.971299 0.421484
vt 0.414096 0.354908
vt 0.386349 0.354660
vt 0.258048 0.362391
vt 0.227408 0.398389
vt 0.282376 0.679808
vt 0.270684 0.947044
vt 0.308957 0.989112
vt 0.274760 0.991734
vt 0.672916 0.312943
vt 0.309243 0.908294
vt 0.308556 0.945888
vt 0.305696 0.643972
vt 0.289281 0.643079
vt 0.297600 0.628686
vt 0.097608 0.205198
vt 0.092589 0.262502
vt 0.093303 0.203733
vt 0.950538 0.389087
vt 0.968439 0.354141
vt 0.971581 0.388103
vt 0.463948 0.355352
vt 0.456468 0.319286
vt 0.464521 0.319358
vt 0.326175 0.361666
vt 0.294596 0.397950
vt 0.292284 0.362272
vt 0.322370 0.669610
vt 0.329489 0.666516
vt 0.313227 0.691133
vt 0.096913 0.262566
vt 0.948608 0.423368
vt 0.427384 0.319027
vt 0.414419 0.318912
vt 0.261013 0.398458
vt 0.267917 0.623326
vt 0.265411 0.633287
vt 0.322908 0.650797
vt 0.313195 0.647228
vt 0.322492 0.631409
vt 0.088874 0.203727
vt 0.088155 0.262437
vt 0.941072 0.321770
vt 0.943887 0.355898
vt 0.512388 0.319788
vt 0.474385 0.355445
vt 0.474708 0.319450
vt 0.360633 0.361573
vt 0.327793 0.396280
vt 0.339255 0.662985
vt 0.376517 0.692909
vt 0.115502 0.262838
vt 0.110853 0.202877
vt 0.116235 0.202955
vt 0.965048 0.551295
vt 0.961135 0.553798
vt 0.328687 0.354144
vt 0.329010 0.318149
vt 0.158696 0.399092
vt 0.147195 0.362547
vt 0.199913 0.700396
vt 0.144454 0.978854
vt 0.143790 0.607478
vt 0.182081 0.604636
vt 0.154560 0.203301
vt 0.154985 0.262788
vt 0.153821 0.262771
vt 0.995017 0.289190
vt 0.962994 0.004056
vt 0.135778 0.262584
vt 0.133887 0.204065
vt 0.932034 0.005048
vt 0.915258 0.288774
vt 0.930610 0.288850
vt 0.471922 0.687566
vt 0.494552 0.710619
vt 0.471685 0.714851
vt 0.144992 0.316483
vt 0.152442 0.316546
vt 0.030351 0.743177
vt 0.032623 0.736160
vt 0.009985 0.553231
vt 0.015121 0.564604
vt 0.011599 0.566509
vt 0.130506 0.262553
vt 0.133232 0.262566
vt 0.453689 0.691185
vt 0.454845 0.718876
vt 0.014092 0.573469
vt 0.360633 0.633665
vt 0.360633 0.651991
vt 0.028973 0.756227
vt 0.029849 0.768135
vt 0.019996 0.515947
vt 0.016693 0.540138
vt 0.012013 0.541221
vt 0.040226 0.792823
vt 0.013136 0.551414
vt 0.058727 0.548644
vt 0.060469 0.585124
vt 0.026728 0.573292
vt 0.207906 0.563187
vt 0.181986 0.597466
vt 0.175299 0.559763
vt 0.237556 0.567038
vt 0.212664 0.603073
vt 0.297852 0.572705
vt 0.265426 0.613438
vt 0.266942 0.570411
vt 0.238508 0.608922
vt 0.326407 0.616994
vt 0.297231 0.617531
vt 0.093972 0.560155
vt 0.106485 0.588847
vt 0.036285 0.542606
vt 0.018499 0.562898
vt 0.016871 0.549559
vt 0.030843 0.530838
vt 0.025110 0.515223
vt 0.220257 0.778011
vt 0.205967 0.522460
vt 0.236929 0.525161
vt 0.298183 0.528111
vt 0.303748 0.770254
vt 0.267004 0.527781
vt 0.330140 0.528617
vt 0.376517 0.767950
vt 0.137320 0.557724
vt 0.108686 0.444835
vt 0.301636 0.838431
vt 0.029503 0.510394
vt 0.013215 0.503804
vt 0.060980 0.471889
vt 0.045190 0.864539
vt 0.127513 0.834916
vt 0.138647 0.438755
vt 0.128255 0.401377
vt 0.200270 0.436644
vt 0.232476 0.437044
vt 0.216999 0.841547
vt 0.296894 0.437535
vt 0.329492 0.436519
vt 0.264501 0.437573
vt 0.360633 0.435311
vt 0.360633 0.395637
vt 0.168610 0.436934
vt 0.081245 0.455861
vt 0.066417 0.977616
vt 0.039955 0.977290
vt 0.444773 0.727745
vt 0.441839 0.712553
vt 0.047351 0.316024
vt 0.049063 0.350543
vt 0.585408 0.312943
vt 0.585426 0.220693
vt 0.131050 0.203131
vt 0.996587 0.633181
vt 0.997848 0.597266
vt 0.547207 0.712555
vt 0.581115 0.724975
vt 0.568851 0.724244
vt 0.156269 0.262807
vt 0.156190 0.203367
vt 0.020674 0.806404
vt 0.039359 0.823822
vt 0.018135 0.810183
vt 0.561819 0.717908
vt 0.578652 0.752589
vt 0.587185 0.740002
vt 0.590273 0.749260
vt 0.518812 0.717534
vt 0.472148 0.731709
vt 0.018532 0.942561
vt 0.017781 0.977033
vt 0.578729 0.220712
vt 0.578192 0.312943
vt 0.159179 0.203357
vt 0.159607 0.262838
vt 0.584380 0.756903
vt 0.592029 0.756039
vt 0.572416 0.742397
vt 0.575026 0.747958
vt 0.150886 0.203248
vt 0.150174 0.262718
vt 0.822933 0.252253
vt 0.834134 0.004557
vt 0.827440 0.004523
vt 0.163770 0.203500
vt 0.161690 0.262868
vt 0.162773 0.203404
vt 0.601862 0.743411
vt 0.599520 0.732739
vt 0.152481 0.262752
vt 0.161233 0.203381
vt 0.160300 0.203368
vt 0.597863 0.754284
vt 0.160505 0.262851
vt 0.584840 0.733546
vt 0.594923 0.724803
vt 0.151343 0.262735
vt 0.153201 0.203282
vt 0.570653 0.734175
vt 0.590091 0.717709
vt 0.152072 0.203265
vt 0.007835 0.930049
vt 0.003619 0.917587
vt 0.004556 0.902330
vt 0.016351 0.864923
vt 0.018222 0.848963
vt 0.018690 0.835516
vt 0.014710 0.826131
vt 0.450344 0.682751
vt 0.442466 0.693168
vt 0.434068 0.685129
vt 0.471465 0.680278
vt 0.490811 0.683926
vt 0.547364 0.689402
vt 0.512948 0.676662
vt 0.576857 0.702095
vt 0.584976 0.706863
vt 0.595011 0.713821
vt 0.605557 0.728082
vt 0.601681 0.720097
vt 0.607080 0.738451
vt 0.606323 0.747615
vt 0.594406 0.761546
vt 0.601995 0.756871
vt 0.585137 0.762851
vt 0.576838 0.760577
vt 0.571899 0.755448
vt 0.566986 0.747582
vt 0.564917 0.739923
vt 0.565667 0.727283
vt 0.560104 0.723466
vt 0.533423 0.721767
vt 0.547236 0.719693
vt 0.510154 0.728933
vt 0.518186 0.725515
vt 0.436807 0.711043
vt 0.439311 0.732090
vt 0.009597 0.885963
vt 0.013944 0.873269
vt 0.491146 0.677906
vt 0.497995 0.734801
vt 0.482242 0.741762
vt 0.496788 0.726101
vt 0.467130 0.744502
vt 0.457831 0.733270
vt 0.454199 0.741790
vt 0.029004 0.299047
vt 0.035660 0.311495
vt 0.026478 0.311180
vt 0.044522 0.351175
vt 0.847574 0.004625
vt 0.846154 0.288427
vt 0.884566 0.288620
vt 0.877260 0.004774
vt 0.898052 0.288688
vt 0.885991 0.004818
vt 0.899476 0.004885
vt 0.035272 0.351436
vt 0.034354 0.316638
vt 0.612814 0.221086
vt 0.961374 0.572663
vt 0.290203 0.353799
vt 0.124184 0.982466
vt 0.143783 0.600305
vt 0.140069 0.591362
vt 0.172813 0.479504
vt 0.140062 0.519490
vt 0.141530 0.479992
vt 0.601587 0.221191
vt 0.603336 0.312874
vt 0.964497 0.609099
vt 0.972524 0.612246
vt 0.199045 0.352984
vt 0.199367 0.316988
vt 0.071564 0.712700
vt 0.083554 0.973073
vt 0.033939 0.590901
vt 0.042668 0.588121
vt 0.095076 0.977926
vt 0.078122 0.601945
vt 0.060316 0.593521
vt 0.606519 0.312919
vt 0.956482 0.593755
vt 0.960836 0.594523
vt 0.224807 0.317216
vt 0.096563 0.708695
vt 0.606512 0.221086
vt 0.967790 0.604740
vt 0.224484 0.353211
vt 0.053049 0.597443
vt 0.028995 0.514387
vt 0.077127 0.518338
vt 0.088855 0.312956
vt 0.174049 0.520637
vt 0.204271 0.480166
vt 0.236110 0.481500
vt 0.297869 0.482427
vt 0.266425 0.482315
vt 0.044702 0.493168
vt 0.078548 0.310661
vt 0.330033 0.481196
vt 0.360633 0.479858
vt 0.998609 0.490928
vt 0.998380 0.455053
vt 0.997922 0.422506
vt 0.996206 0.354212
vt 0.997198 0.387920
vt 0.968669 0.320700
vt 0.994988 0.319678
vt 0.970054 0.501520
vt 0.998474 0.532836
vt 0.962160 0.632906
vt 0.974839 0.633702
vt 0.998254 0.562264
vt 0.277398 0.638247
vt 0.439818 0.355136
vt 0.427066 0.355023
vt 0.294308 0.674889
vt 0.306138 0.670300
vt 0.440165 0.319141
vt 0.456145 0.355282
vt 0.433942 0.727841
vt 0.419465 0.711162
vt 0.432010 0.711586
vt 0.405879 0.735909
vt 0.402987 0.715406
vt 0.410033 0.730565
vt 0.405362 0.694154
vt 0.408108 0.714253
vt 0.412613 0.688728
vt 0.399950 0.689738
vt 0.429797 0.690753
vt 0.413205 0.693550
vt 0.835910 0.288101
vt 0.164300 0.262909
vt 0.165093 0.203445
vt 0.823251 0.288089
vt 0.053519 0.296419
vt 0.047805 0.304010
vt 0.044885 0.312881
vt 0.024379 0.318464
vt 0.019296 0.309466
vt 0.017039 0.316126
vt 0.012452 0.306074
vt 0.004307 0.302232
vt 0.008059 0.308269
vt 0.004979 0.293838
vt 0.012383 0.297881
vt 0.015197 0.287779
vt 0.020552 0.277904
vt 0.010966 0.284669
vt 0.032977 0.279327
vt 0.022023 0.284929
vt 0.042689 0.283162
vt 0.031274 0.286368
vt 0.045602 0.292396
vt 0.039633 0.289603
vt 0.049368 0.288633
vt 0.038090 0.301195
vt 0.020466 0.297863
vt 0.376517 0.835435
vt 0.027591 0.806473
vt 0.009946 0.814476
vt 0.360633 0.528978
vt 0.360633 0.617319
vt 0.329127 0.573888
vt 0.360633 0.575366
vt 0.047913 0.261654
vt 0.053455 0.202032
vt 0.052530 0.261914
vt 0.376441 0.944826
vt 0.342336 0.994388
vt 0.376441 0.995925
vt 0.033029 0.261026
vt 0.038590 0.202147
vt 0.037741 0.261124
vt 0.669743 0.720702
vt 0.671288 0.686854
vt 0.692032 0.723079
vt 0.649471 0.665171
vt 0.659555 0.664230
vt 0.656365 0.670727
vt 0.705998 0.221086
vt 0.705998 0.312943
vt 0.482239 0.316331
vt 0.456597 0.279684
vt 0.483148 0.280347
vt 0.444455 0.279702
vt 0.430267 0.314963
vt 0.431265 0.278979
vt 0.410001 0.278858
vt 0.422886 0.314767
vt 0.409093 0.314427
vt 0.651124 0.421437
vt 0.637525 0.363806
vt 0.674024 0.364788
vt 0.376441 0.898103
vt 0.339576 0.945024
vt 0.676157 0.442933
vt 0.667126 0.443624
vt 0.673657 0.402137
vt 0.020045 0.201394
vt 0.017789 0.260767
vt 0.018603 0.201298
vt 0.027710 0.260926
vt 0.029697 0.201478
vt 0.028908 0.260947
vt 0.514607 0.281287
vt 0.493422 0.316611
vt 0.497909 0.275499
vt 0.033849 0.201557
vt 0.455375 0.315689
vt 0.682937 0.484073
vt 0.692941 0.475576
vt 0.125908 0.784252
vt 0.045541 0.761152
vt 0.050733 0.795818
vt 0.689217 0.512454
vt 0.682342 0.520789
vt 0.674908 0.507515
vt 0.637608 0.487853
vt 0.614868 0.519481
vt 0.608346 0.482366
vt 0.494535 0.274784
vt 0.490953 0.275634
vt 0.666692 0.519241
vt 0.659100 0.496200
vt 0.792834 0.221201
vt 0.790175 0.312888
vt 0.792613 0.312942
vt 0.188494 0.237373
vt 0.196288 0.242790
vt 0.189574 0.244137
vt 0.076050 0.974377
vt 0.068073 0.945693
vt 0.066418 0.977555
vt 0.795745 0.312943
vt 0.396120 0.314085
vt 0.127720 0.890373
vt 0.118429 0.945745
vt 0.698187 0.583849
vt 0.700705 0.573299
vt 0.707173 0.573437
vt 0.041018 0.725487
vt 0.105750 0.726436
vt 0.052125 0.718871
vt 0.114361 0.983876
vt 0.104870 0.982939
vt 0.610995 0.604991
vt 0.639572 0.596382
vt 0.643137 0.601883
vt 0.780154 0.221086
vt 0.776955 0.312896
vt 0.780154 0.312927
vt 0.057768 0.203602
vt 0.229208 0.249959
vt 0.238662 0.251971
vt 0.228774 0.253607
vt 0.284789 0.311150
vt 0.319238 0.276049
vt 0.318288 0.312034
vt 0.623387 0.406981
vt 0.603606 0.364207
vt 0.128183 0.706162
vt 0.161479 0.704337
vt 0.196335 0.974200
vt 0.168204 0.945622
vt 0.144462 0.978691
vt 0.770361 0.312876
vt 0.753485 0.221086
vt 0.753484 0.312932
vt 0.202099 0.944805
vt 0.219902 0.916817
vt 0.508752 0.610879
vt 0.539169 0.612381
vt 0.508962 0.619543
vt 0.738437 0.221086
vt 0.070794 0.262183
vt 0.066846 0.205903
vt 0.071499 0.204085
vt 0.357557 0.237182
vt 0.310899 0.242919
vt 0.311186 0.239162
vt 0.215428 0.309321
vt 0.189610 0.272631
vt 0.216378 0.273337
vt 0.530179 0.397897
vt 0.496236 0.362542
vt 0.532591 0.362645
vt 0.229482 0.693120
vt 0.231161 0.711596
vt 0.255373 0.686824
vt 0.240471 0.945699
vt 0.242603 0.985021
vt 0.482761 0.617063
vt 0.482833 0.626071
vt 0.727971 0.312943
vt 0.738437 0.312943
vt 0.074966 0.262244
vt 0.075699 0.202366
vt 0.357194 0.253832
vt 0.391209 0.238171
vt 0.389222 0.260853
vt 0.188660 0.308615
vt 0.161867 0.271899
vt 0.493833 0.398223
vt 0.463423 0.360881
vt 0.281990 0.679463
vt 0.274382 0.945831
vt 0.308982 0.988744
vt 0.308609 0.945010
vt 0.727971 0.221086
vt 0.716845 0.312943
vt 0.309260 0.907332
vt 0.415649 0.643917
vt 0.423730 0.628623
vt 0.432058 0.643009
vt 0.716845 0.221086
vt 0.084445 0.204663
vt 0.079401 0.262309
vt 0.080121 0.203912
vt 0.423492 0.259102
vt 0.458533 0.241411
vt 0.456629 0.265952
vt 0.111073 0.306569
vt 0.119825 0.270791
vt 0.118875 0.306775
vt 0.426585 0.397905
vt 0.395032 0.362070
vt 0.428674 0.361962
vt 0.321972 0.669213
vt 0.313126 0.691725
vt 0.329088 0.666109
vt 0.160918 0.307884
vt 0.148903 0.271557
vt 0.460156 0.398327
vt 0.293916 0.674527
vt 0.274782 0.991418
vt 0.453400 0.623238
vt 0.455910 0.633197
vt 0.398449 0.650759
vt 0.398846 0.631370
vt 0.408156 0.647180
vt 0.490734 0.268982
vt 0.100638 0.306294
vt 0.064028 0.269319
vt 0.101587 0.270310
vt 0.393333 0.396261
vt 0.338849 0.662566
vt 0.376441 0.692441
vt 0.376441 0.661353
vt 0.060812 0.262037
vt 0.066195 0.262116
vt 0.261428 0.244210
vt 0.258932 0.248127
vt 0.246312 0.310136
vt 0.247261 0.274151
vt 0.562672 0.398919
vt 0.572578 0.363378
vt 0.199554 0.700157
vt 0.124196 0.982332
vt 0.539196 0.604513
vt 0.577477 0.607370
vt 0.023222 0.201377
vt 0.021341 0.260831
vt 0.021591 0.201395
vt 0.043094 0.261244
vt 0.040548 0.261187
vt 0.916797 0.004976
vt 0.692761 0.763298
vt 0.666737 0.744143
vt 0.693692 0.744076
vt 0.674029 0.379974
vt 0.030048 0.743161
vt 0.032310 0.736141
vt 0.706144 0.564573
vt 0.711280 0.553202
vt 0.709667 0.566479
vt 0.043871 0.202745
vt 0.045819 0.261311
vt 0.691754 0.781868
vt 0.665782 0.767379
vt 0.028686 0.756213
vt 0.029578 0.768120
vt 0.704569 0.540113
vt 0.701248 0.515927
vt 0.709249 0.541194
vt 0.039987 0.792794
vt 0.708130 0.551386
vt 0.662536 0.548603
vt 0.660795 0.585073
vt 0.627295 0.560086
vt 0.539290 0.597343
vt 0.513380 0.563063
vt 0.545982 0.559640
vt 0.508624 0.602952
vt 0.483736 0.566925
vt 0.455887 0.613346
vt 0.423449 0.572640
vt 0.454356 0.570318
vt 0.482792 0.608812
vt 0.394921 0.616958
vt 0.392176 0.573854
vt 0.614780 0.588768
vt 0.684976 0.542582
vt 0.704393 0.549532
vt 0.702766 0.562868
vt 0.694535 0.573255
vt 0.690413 0.530824
vt 0.696134 0.515209
vt 0.220040 0.777555
vt 0.515319 0.522328
vt 0.547238 0.520505
vt 0.484356 0.525042
vt 0.423098 0.528044
vt 0.454280 0.527685
vt 0.303600 0.769734
vt 0.391138 0.528585
vt 0.376441 0.767482
vt 0.583955 0.557620
vt 0.612652 0.444730
vt 0.301676 0.837978
vt 0.691746 0.510447
vt 0.676571 0.493202
vt 0.660320 0.471903
vt 0.045044 0.864504
vt 0.127524 0.834926
vt 0.039160 0.823794
vt 0.582693 0.438595
vt 0.552713 0.436767
vt 0.521020 0.436488
vt 0.488783 0.436901
vt 0.456737 0.437463
vt 0.217313 0.841597
vt 0.424323 0.437473
vt 0.640079 0.455828
vt 0.039955 0.977261
vt 0.664174 0.784617
vt 0.656811 0.795831
vt 0.649503 0.783685
vt 0.708045 0.503891
vt 0.528904 0.281961
vt 0.519139 0.317006
vt 0.804353 0.312943
vt 0.795967 0.220719
vt 0.048729 0.202007
vt 0.179348 0.213117
vt 0.215309 0.211574
vt 0.657362 0.692293
vt 0.664903 0.690115
vt 0.640255 0.660489
vt 0.642717 0.672526
vt 0.632629 0.672148
vt 0.020057 0.260812
vt 0.020453 0.806401
vt 0.017919 0.810183
vt 0.649988 0.678589
vt 0.624517 0.656607
vt 0.613266 0.666837
vt 0.614915 0.654862
vt 0.656457 0.721105
vt 0.649026 0.769297
vt 0.018489 0.942560
vt 0.672267 0.796605
vt 0.691373 0.793265
vt 0.811032 0.220712
vt 0.811569 0.312943
vt 0.016718 0.260747
vt 0.017483 0.201277
vt 0.608184 0.661778
vt 0.624240 0.671567
vt 0.618365 0.669771
vt 0.653981 0.657245
vt 0.646176 0.650574
vt 0.026897 0.201431
vt 0.026153 0.260901
vt 0.014636 0.260716
vt 0.014011 0.201309
vt 0.015009 0.201241
vt 0.619063 0.642561
vt 0.629960 0.643368
vt 0.023845 0.260867
vt 0.022505 0.260847
vt 0.016549 0.201264
vt 0.608866 0.648059
vt 0.631241 0.658014
vt 0.638469 0.646794
vt 0.024582 0.201397
vt 0.024983 0.260884
vt 0.025711 0.201414
vt 0.007775 0.930062
vt 0.003543 0.917606
vt 0.004460 0.902349
vt 0.016205 0.864927
vt 0.018055 0.848963
vt 0.018506 0.835516
vt 0.014513 0.826135
vt 0.700577 0.783991
vt 0.700521 0.800462
vt 0.700041 0.762721
vt 0.699603 0.742893
vt 0.680260 0.688860
vt 0.697747 0.721129
vt 0.663509 0.661463
vt 0.657637 0.654102
vt 0.649328 0.645153
vt 0.642170 0.639438
vt 0.633716 0.636732
vt 0.623235 0.636693
vt 0.614271 0.638740
vt 0.605720 0.644336
vt 0.602168 0.652510
vt 0.607956 0.654083
vt 0.602189 0.661871
vt 0.605615 0.669765
vt 0.611393 0.673927
vt 0.619877 0.677677
vt 0.627753 0.678640
vt 0.640160 0.676109
vt 0.644729 0.681075
vt 0.650196 0.707242
vt 0.650291 0.693276
vt 0.646399 0.731286
vt 0.648646 0.722854
vt 0.674467 0.801375
vt 0.653275 0.801841
vt 0.009480 0.885974
vt 0.013809 0.873275
vt 0.642310 0.744151
vt 0.651093 0.744116
vt 0.637646 0.760729
vt 0.637070 0.776073
vt 0.641580 0.788483
vt 0.540750 0.277848
vt 0.547842 0.265643
vt 0.549938 0.277858
vt 0.530490 0.317190
vt 0.525973 0.316399
vt 0.539726 0.317778
vt 0.541873 0.283034
vt 0.776947 0.221086
vt 0.061672 0.205579
vt 0.057030 0.261981
vt 0.240084 0.247947
vt 0.285739 0.275166
vt 0.593129 0.401158
vt 0.577487 0.600198
vt 0.581199 0.591258
vt 0.581220 0.519377
vt 0.548486 0.479357
vt 0.579770 0.479861
vt 0.788174 0.221191
vt 0.790618 0.221145
vt 0.200501 0.236996
vt 0.203681 0.244998
vt 0.375935 0.313553
vt 0.397069 0.278136
vt 0.071220 0.712629
vt 0.083549 0.972993
vt 0.687323 0.590860
vt 0.691455 0.582215
vt 0.095079 0.977831
vt 0.660946 0.593469
vt 0.668211 0.597394
vt 0.783242 0.312919
vt 0.783249 0.221086
vt 0.219045 0.252933
vt 0.350498 0.312883
vt 0.351448 0.276898
vt 0.096214 0.708592
vt 0.786425 0.312874
vt 0.218257 0.248580
vt 0.376885 0.277569
vt 0.678595 0.588077
vt 0.692251 0.514393
vt 0.644136 0.518295
vt 0.487518 0.277429
vt 0.517018 0.480022
vt 0.485168 0.481371
vt 0.423386 0.482361
vt 0.454841 0.482213
vt 0.391213 0.481164
vt 0.391709 0.436492
vt 0.250360 0.211032
vt 0.321803 0.210619
vt 0.390309 0.211542
vt 0.424591 0.238065
vt 0.458628 0.213645
vt 0.424914 0.212449
vt 0.491975 0.241393
vt 0.279837 0.210756
vt 0.179988 0.247550
vt 0.179045 0.234879
vt 0.208021 0.241682
vt 0.111772 0.270578
vt 0.443933 0.638166
vt 0.135199 0.307205
vt 0.136124 0.271221
vt 0.305741 0.669924
vt 0.612065 0.598164
vt 0.424092 0.617467
vt 0.658225 0.806556
vt 0.674594 0.806199
vt 0.676753 0.818563
vt 0.654137 0.835471
vt 0.658851 0.830611
vt 0.674839 0.835473
vt 0.695550 0.830155
vt 0.700666 0.834900
vt 0.699906 0.822217
vt 0.695534 0.805481
vt 0.675270 0.830241
vt 0.695059 0.822303
vt 0.012026 0.260681
vt 0.013635 0.260702
vt 0.523434 0.262151
vt 0.528876 0.269939
vt 0.531481 0.278908
vt 0.551779 0.285211
vt 0.557177 0.276398
vt 0.559197 0.283134
vt 0.564136 0.273250
vt 0.568449 0.275597
vt 0.572412 0.269696
vt 0.564495 0.265063
vt 0.572036 0.261284
vt 0.562038 0.254869
vt 0.566376 0.251909
vt 0.557034 0.244811
vt 0.555316 0.251779
vt 0.544567 0.245794
vt 0.546020 0.252891
vt 0.534726 0.249284
vt 0.531489 0.258410
vt 0.527858 0.254516
vt 0.538685 0.267469
vt 0.537552 0.255830
vt 0.556417 0.264761
vt 0.376441 0.834967
vt 0.027370 0.806461
vt 0.009734 0.814487
vt 0.817008 0.177360
vt 0.807658 0.181826
vt 0.807559 0.175475
vt 0.781321 0.180574
vt 0.788989 0.173958
vt 0.788408 0.180579
vt 0.704961 0.023022
vt 0.713832 0.031043
vt 0.704585 0.038447
vt 0.662455 0.024333
vt 0.676411 0.037612
vt 0.655474 0.036839
vt 0.726062 0.021116
vt 0.736439 0.031177
vt 0.724654 0.030884
vt 0.758204 0.024347
vt 0.766639 0.033955
vt 0.758013 0.032897
vt 0.614809 0.022148
vt 0.604234 0.033487
vt 0.604390 0.017914
vt 0.639183 0.025550
vt 0.633390 0.036192
vt 0.799907 0.027122
vt 0.808122 0.034562
vt 0.799628 0.035647
vt 0.587291 0.021749
vt 0.790358 0.027462
vt 0.626600 0.023637
vt 0.615256 0.037207
vt 0.816328 0.181580
vt 0.807996 0.182851
vt 0.807101 0.026719
vt 0.815325 0.026405
vt 0.815296 0.027383
vt 0.816809 0.182316
vt 0.774611 0.185275
vt 0.773337 0.180676
vt 0.782665 0.023870
vt 0.781850 0.027059
vt 0.692619 0.186275
vt 0.683513 0.195980
vt 0.681926 0.185870
vt 0.714765 0.021358
vt 0.726631 0.013593
vt 0.671635 0.185258
vt 0.662365 0.193292
vt 0.660364 0.183927
vt 0.684125 0.023782
vt 0.674434 0.012575
vt 0.685359 0.011506
vt 0.735909 0.183380
vt 0.725076 0.191392
vt 0.724126 0.184277
vt 0.737064 0.014038
vt 0.737366 0.021722
vt 0.747186 0.188574
vt 0.747056 0.182440
vt 0.766683 0.025781
vt 0.774227 0.022510
vt 0.773819 0.026834
vt 0.616360 0.016966
vt 0.602603 0.004124
vt 0.602944 0.192996
vt 0.615321 0.191183
vt 0.602602 0.206772
vt 0.652914 0.015956
vt 0.652927 0.024772
vt 0.648965 0.182381
vt 0.637908 0.188287
vt 0.637082 0.181095
vt 0.807045 0.025697
vt 0.798342 0.183486
vt 0.798369 0.180830
vt 0.415286 0.012004
vt 0.438619 0.025259
vt 0.415286 0.025810
vt 0.584415 0.198149
vt 0.587436 0.187249
vt 0.798739 0.025073
vt 0.789747 0.183808
vt 0.613449 0.184371
vt 0.626810 0.187950
vt 0.640286 0.017846
vt 0.701408 0.174520
vt 0.702614 0.186030
vt 0.712393 0.193401
vt 0.703642 0.194795
vt 0.695792 0.010612
vt 0.705942 0.011213
vt 0.757259 0.174148
vt 0.757007 0.181593
vt 0.765549 0.180948
vt 0.757337 0.187332
vt 0.748520 0.022805
vt 0.758529 0.018510
vt 0.717134 0.626713
vt 0.724217 0.635692
vt 0.716983 0.635777
vt 0.718602 0.593822
vt 0.725563 0.595707
vt 0.718608 0.595673
vt 0.725771 0.597894
vt 0.718579 0.600830
vt 0.718568 0.597838
vt 0.718185 0.607494
vt 0.726285 0.603896
vt 0.726340 0.607890
vt 0.726694 0.612315
vt 0.717868 0.616540
vt 0.718033 0.612007
vt 0.726622 0.622459
vt 0.717414 0.621096
vt 0.718665 0.587487
vt 0.725411 0.591758
vt 0.718753 0.590444
vt 0.718801 0.585212
vt 0.726181 0.587029
vt 0.719080 0.582920
vt 0.725931 0.582022
vt 0.726151 0.583705
vt 0.718909 0.578904
vt 0.725491 0.578361
vt 0.725668 0.581077
vt 0.724920 0.572657
vt 0.718579 0.575055
vt 0.718456 0.572455
vt 0.725160 0.569978
vt 0.718354 0.566270
vt 0.718360 0.569222
vt 0.810419 0.135230
vt 0.820690 0.124374
vt 0.820019 0.136595
vt 0.774970 0.131714
vt 0.783016 0.120748
vt 0.782549 0.132624
vt 0.722054 0.141153
vt 0.710921 0.129058
vt 0.722801 0.129766
vt 0.735011 0.130250
vt 0.734464 0.141220
vt 0.767157 0.142262
vt 0.766925 0.131081
vt 0.614048 0.128625
vt 0.602251 0.144348
vt 0.599334 0.129412
vt 0.800086 0.145552
vt 0.800761 0.134044
vt 0.790425 0.144883
vt 0.791236 0.133349
vt 0.823021 0.133260
vt 0.668182 0.111188
vt 0.684464 0.127705
vt 0.667878 0.127707
vt 0.735267 0.119058
vt 0.747180 0.130502
vt 0.723245 0.080195
vt 0.711315 0.093193
vt 0.711657 0.079215
vt 0.723119 0.092957
vt 0.735227 0.080633
vt 0.735324 0.092880
vt 0.776593 0.093968
vt 0.767677 0.081200
vt 0.776373 0.081283
vt 0.613661 0.075648
vt 0.602750 0.092277
vt 0.600570 0.075441
vt 0.811476 0.081617
vt 0.802167 0.095254
vt 0.801786 0.081786
vt 0.588106 0.089487
vt 0.792786 0.094717
vt 0.792393 0.081610
vt 0.811052 0.067736
vt 0.821124 0.080552
vt 0.776477 0.069143
vt 0.784119 0.081286
vt 0.820485 0.067215
vt 0.823561 0.070224
vt 0.671605 0.057968
vt 0.685579 0.076759
vt 0.668946 0.076279
vt 0.735287 0.068626
vt 0.747608 0.080797
vt 0.712324 0.065749
vt 0.723487 0.055683
vt 0.723385 0.067778
vt 0.735263 0.055877
vt 0.776315 0.056850
vt 0.768259 0.069019
vt 0.768782 0.056105
vt 0.611902 0.056778
vt 0.602708 0.063388
vt 0.604197 0.050107
vt 0.801004 0.056546
vt 0.810183 0.054734
vt 0.801471 0.068795
vt 0.791992 0.056940
vt 0.809501 0.046086
vt 0.819404 0.049502
vt 0.783169 0.045763
vt 0.783916 0.057084
vt 0.688080 0.058650
vt 0.735609 0.043090
vt 0.747913 0.055836
vt 0.811694 0.109326
vt 0.821496 0.097357
vt 0.821133 0.109234
vt 0.776352 0.107266
vt 0.784407 0.094296
vt 0.784101 0.107705
vt 0.824768 0.097550
vt 0.684582 0.093896
vt 0.684705 0.111278
vt 0.747924 0.092895
vt 0.735289 0.106198
vt 0.711498 0.116684
vt 0.723163 0.106108
vt 0.723042 0.118222
vt 0.767424 0.119563
vt 0.767845 0.106804
vt 0.801520 0.121874
vt 0.802143 0.108710
vt 0.791896 0.121300
vt 0.792733 0.108192
vt 0.809103 0.157797
vt 0.819763 0.149829
vt 0.819288 0.160022
vt 0.774710 0.154299
vt 0.782159 0.143915
vt 0.781840 0.154937
vt 0.821836 0.162673
vt 0.668409 0.144837
vt 0.686861 0.160375
vt 0.671399 0.163443
vt 0.747224 0.141478
vt 0.734000 0.153385
vt 0.721002 0.165551
vt 0.710642 0.154536
vt 0.721193 0.153398
vt 0.734147 0.165521
vt 0.766486 0.164694
vt 0.773920 0.164752
vt 0.798688 0.166063
vt 0.799439 0.156311
vt 0.587357 0.129599
vt 0.588609 0.146009
vt 0.789232 0.165617
vt 0.789827 0.155835
vt 0.712601 0.055909
vt 0.723837 0.042892
vt 0.775382 0.045330
vt 0.767599 0.044568
vt 0.800432 0.046000
vt 0.791461 0.045890
vt 0.817408 0.035044
vt 0.774195 0.034979
vt 0.821545 0.040486
vt 0.747676 0.043456
vt 0.784262 0.069191
vt 0.747997 0.068837
vt 0.760284 0.591884
vt 0.772062 0.593463
vt 0.760205 0.593811
vt 0.760139 0.595580
vt 0.770312 0.597918
vt 0.759760 0.597949
vt 0.769869 0.600368
vt 0.759574 0.603872
vt 0.759602 0.600332
vt 0.769903 0.612058
vt 0.759640 0.607868
vt 0.770210 0.607869
vt 0.759875 0.617059
vt 0.769752 0.622395
vt 0.759601 0.622541
vt 0.760147 0.586557
vt 0.772265 0.591056
vt 0.760133 0.583983
vt 0.772159 0.584757
vt 0.760131 0.585387
vt 0.770859 0.579769
vt 0.760145 0.582032
vt 0.760139 0.580687
vt 0.769007 0.576741
vt 0.760454 0.575174
vt 0.772131 0.574432
vt 0.771563 0.572335
vt 0.760120 0.573054
vt 0.770618 0.569216
vt 0.759526 0.569496
vt 0.761217 0.566207
vt 0.772451 0.565637
vt 0.792422 0.069173
vt 0.767806 0.093643
vt 0.613796 0.093755
vt 0.601803 0.112268
vt 0.811785 0.096013
vt 0.668174 0.093838
vt 0.749127 0.593572
vt 0.749041 0.591135
vt 0.749035 0.595674
vt 0.748971 0.597857
vt 0.748984 0.600415
vt 0.748902 0.612160
vt 0.748838 0.607801
vt 0.748816 0.617095
vt 0.748644 0.622504
vt 0.748900 0.586487
vt 0.749057 0.583905
vt 0.748954 0.585311
vt 0.749201 0.580693
vt 0.758932 0.577243
vt 0.748827 0.575572
vt 0.748822 0.573175
vt 0.751124 0.569351
vt 0.750928 0.566341
vt 0.811173 0.123062
vt 0.775667 0.120117
vt 0.747962 0.106327
vt 0.748148 0.119375
vt 0.738845 0.593668
vt 0.738757 0.591542
vt 0.738896 0.595734
vt 0.738844 0.597868
vt 0.738698 0.600117
vt 0.748852 0.603756
vt 0.738652 0.603668
vt 0.738687 0.612241
vt 0.738603 0.607840
vt 0.738601 0.617151
vt 0.738441 0.622640
vt 0.738685 0.586385
vt 0.738885 0.583885
vt 0.738774 0.585288
vt 0.738889 0.581145
vt 0.749064 0.581920
vt 0.738879 0.582212
vt 0.738657 0.578326
vt 0.738439 0.576265
vt 0.737118 0.573408
vt 0.736876 0.569976
vt 0.737258 0.566686
vt 0.613661 0.111614
vt 0.710414 0.141603
vt 0.774952 0.142944
vt 0.767256 0.153886
vt 0.613797 0.145078
vt 0.603499 0.162135
vt 0.809826 0.147104
vt 0.684551 0.143787
vt 0.725985 0.593779
vt 0.726481 0.600512
vt 0.726927 0.617152
vt 0.726169 0.585233
vt 0.725365 0.576403
vt 0.726082 0.566319
vt 0.808325 0.167151
vt 0.818150 0.169068
vt 0.780902 0.165137
vt 0.746734 0.153431
vt 0.711712 0.175483
vt 0.722702 0.175857
vt 0.678843 0.174410
vt 0.670464 0.173795
vt 0.765670 0.173810
vt 0.773067 0.173647
vt 0.612258 0.173866
vt 0.612470 0.160941
vt 0.651845 0.163017
vt 0.658260 0.172833
vt 0.648825 0.171962
vt 0.798257 0.174387
vt 0.630770 0.162147
vt 0.635946 0.171064
vt 0.624324 0.171528
vt 0.746747 0.174744
vt 0.748995 0.015786
vt 0.757732 0.130686
vt 0.758234 0.081012
vt 0.758713 0.043954
vt 0.758372 0.093210
vt 0.758081 0.141682
vt 0.779097 0.585137
vt 0.772175 0.586161
vt 0.758844 0.069006
vt 0.759383 0.056065
vt 0.758160 0.119322
vt 0.757986 0.153497
vt 0.746755 0.165053
vt 0.713022 0.042277
vt 0.790618 0.035684
vt 0.782122 0.035454
vt 0.691150 0.039369
vt 0.747743 0.031871
vt 0.778656 0.645212
vt 0.770114 0.635659
vt 0.778622 0.635854
vt 0.770580 0.628422
vt 0.778810 0.592560
vt 0.771596 0.595601
vt 0.778673 0.598190
vt 0.778784 0.601239
vt 0.769855 0.603975
vt 0.778802 0.608622
vt 0.769752 0.616793
vt 0.778809 0.621871
vt 0.779080 0.588169
vt 0.779080 0.582773
vt 0.772080 0.583293
vt 0.778924 0.578661
vt 0.772088 0.581505
vt 0.778807 0.576089
vt 0.778818 0.574024
vt 0.778583 0.568225
vt 0.778170 0.565323
vt 0.780891 0.173697
vt 0.690188 0.174286
vt 0.757419 0.164726
vt 0.712665 0.185236
vt 0.734738 0.175517
vt 0.602775 0.176680
vt 0.590313 0.175010
vt 0.625017 0.181727
vt 0.627504 0.017792
vt 0.631010 0.128178
vt 0.630956 0.145071
vt 0.631031 0.075745
vt 0.631070 0.093683
vt 0.631781 0.056539
vt 0.759370 0.628510
vt 0.630898 0.111215
vt 0.748358 0.628510
vt 0.778725 0.627003
vt 0.649826 0.190877
vt 0.649188 0.127846
vt 0.649827 0.145048
vt 0.650394 0.076178
vt 0.649452 0.093863
vt 0.652064 0.057259
vt 0.759812 0.612079
vt 0.649259 0.111231
vt 0.778881 0.616730
vt 0.778867 0.611993
vt 0.675064 0.024147
vt 0.673593 0.195079
vt 0.662691 0.014080
vt 0.718355 0.603752
vt 0.778815 0.604677
vt 0.694322 0.195676
vt 0.694708 0.023633
vt 0.698890 0.127926
vt 0.699969 0.077499
vt 0.703101 0.059509
vt 0.699228 0.093946
vt 0.698821 0.142919
vt 0.716981 0.012151
vt 0.701158 0.111634
vt 0.711652 0.107004
vt 0.710793 0.164070
vt 0.701577 0.159397
vt 0.778785 0.595449
vt 0.766068 0.020590
vt 0.766068 0.186008
vt 0.719309 0.580970
vt 0.758497 0.106476
vt 0.778994 0.580988
vt 0.782269 0.184252
vt 0.718709 0.576953
vt 0.748886 0.577795
vt 0.589257 0.046321
vt 0.566132 0.035055
vt 0.588838 0.033790
vt 0.584819 0.010888
vt 0.564739 0.196764
vt 0.565927 0.100771
vt 0.588296 0.100766
vt 0.565989 0.074890
vt 0.588511 0.062293
vt 0.587695 0.075165
vt 0.565978 0.129750
vt 0.587784 0.116006
vt 0.565695 0.184777
vt 0.566424 0.047017
vt 0.541595 0.035676
vt 0.541541 0.197856
vt 0.541868 0.129620
vt 0.566490 0.146620
vt 0.542050 0.146391
vt 0.541674 0.100791
vt 0.565924 0.087854
vt 0.541739 0.074844
vt 0.566234 0.060889
vt 0.541720 0.115203
vt 0.542186 0.161990
vt 0.566806 0.173598
vt 0.542006 0.173627
vt 0.541654 0.184633
vt 0.491874 0.047502
vt 0.515749 0.035762
vt 0.515890 0.047492
vt 0.492077 0.129442
vt 0.516127 0.146289
vt 0.492064 0.146296
vt 0.491959 0.087944
vt 0.515952 0.100819
vt 0.491975 0.100856
vt 0.491910 0.061262
vt 0.515943 0.074909
vt 0.491935 0.075052
vt 0.516018 0.115176
vt 0.516130 0.129518
vt 0.465772 0.012166
vt 0.491617 0.023938
vt 0.465764 0.023718
vt 0.465873 0.047478
vt 0.438659 0.036346
vt 0.465833 0.035645
vt 0.438743 0.185081
vt 0.466179 0.197959
vt 0.438853 0.198432
vt 0.465957 0.173597
vt 0.466013 0.184108
vt 0.438703 0.088189
vt 0.465964 0.100904
vt 0.438728 0.100933
vt 0.438698 0.061434
vt 0.465925 0.075287
vt 0.438709 0.075420
vt 0.438729 0.115182
vt 0.465990 0.129469
vt 0.438744 0.129488
vt 0.438618 0.011937
vt 0.415286 0.041542
vt 0.438684 0.047435
vt 0.415286 0.184759
vt 0.415286 0.198449
vt 0.415286 0.129546
vt 0.438726 0.146439
vt 0.415286 0.146498
vt 0.415286 0.100932
vt 0.415286 0.075319
vt 0.415286 0.172066
vt 0.438726 0.162029
vt 0.438691 0.173651
vt 0.415286 0.177131
vt 0.415286 0.173614
vt 0.737860 0.628611
vt 0.725658 0.628498
vt 0.759329 0.635568
vt 0.748241 0.635485
vt 0.737734 0.635777
vt 0.723003 0.645196
vt 0.717023 0.645209
vt 0.767207 0.645207
vt 0.743687 0.645167
vt 0.778733 0.663721
vt 0.767202 0.671521
vt 0.717748 0.654059
vt 0.743679 0.671546
vt 0.723013 0.671498
vt 0.717410 0.663714
vt 0.717402 0.673953
vt 0.717220 0.683514
vt 0.778840 0.693866
vt 0.778791 0.704723
vt 0.717041 0.693870
vt 0.717073 0.704718
vt 0.767202 0.714057
vt 0.723016 0.714057
vt 0.717044 0.714057
vt 0.492056 0.197643
vt 0.516016 0.184273
vt 0.515997 0.197815
vt 0.516127 0.173486
vt 0.492036 0.183888
vt 0.492063 0.173510
vt 0.466021 0.146267
vt 0.492079 0.161946
vt 0.516192 0.161955
vt 0.465950 0.088088
vt 0.465904 0.061377
vt 0.465982 0.115173
vt 0.491619 0.012222
vt 0.515525 0.024115
vt 0.466003 0.161985
vt 0.541788 0.047417
vt 0.515940 0.087850
vt 0.541803 0.061038
vt 0.778800 0.683494
vt 0.540730 0.012397
vt 0.541220 0.023854
vt 0.565292 0.023047
vt 0.492021 0.115142
vt 0.515938 0.061149
vt 0.541683 0.087810
vt 0.415286 0.162031
vt 0.491769 0.035696
vt 0.415286 0.036609
vt 0.590203 0.163274
vt 0.567157 0.162036
vt 0.565889 0.115170
vt 0.415286 0.061372
vt 0.415286 0.047406
vt 0.415286 0.088077
vt 0.013532 0.177297
vt 0.022881 0.181766
vt 0.014210 0.181517
vt 0.041554 0.173905
vt 0.049221 0.180523
vt 0.042133 0.180525
vt 0.125607 0.022987
vt 0.116736 0.031006
vt 0.115805 0.021321
vt 0.168107 0.024310
vt 0.154151 0.037584
vt 0.155499 0.024120
vt 0.104509 0.021077
vt 0.094131 0.031136
vt 0.093207 0.021680
vt 0.072371 0.024302
vt 0.063935 0.033909
vt 0.063893 0.025734
vt 0.226317 0.033477
vt 0.215747 0.022135
vt 0.226164 0.017903
vt 0.191375 0.025533
vt 0.175084 0.036817
vt 0.177634 0.024750
vt 0.030673 0.027066
vt 0.022457 0.034505
vt 0.023479 0.026662
vt 0.243259 0.021740
vt 0.030950 0.035592
vt 0.040221 0.027409
vt 0.039959 0.035631
vt 0.215298 0.037195
vt 0.203957 0.023622
vt 0.022543 0.182791
vt 0.015256 0.026346
vt 0.015284 0.027324
vt 0.013729 0.182253
vt 0.055930 0.185227
vt 0.057206 0.180627
vt 0.047914 0.023819
vt 0.040862 0.024502
vt 0.147023 0.195952
vt 0.137920 0.186245
vt 0.148613 0.185842
vt 0.103941 0.013554
vt 0.168170 0.193269
vt 0.158902 0.185232
vt 0.170173 0.183905
vt 0.146440 0.023752
vt 0.156133 0.012548
vt 0.105465 0.191354
vt 0.094634 0.183341
vt 0.106417 0.184240
vt 0.093509 0.013996
vt 0.083356 0.188533
vt 0.093629 0.190043
vt 0.056351 0.022461
vt 0.056758 0.026786
vt 0.214196 0.016953
vt 0.227591 0.192987
vt 0.215214 0.191171
vt 0.217086 0.184359
vt 0.177649 0.015934
vt 0.167874 0.014056
vt 0.192627 0.188270
vt 0.181572 0.182361
vt 0.193455 0.181078
vt 0.023535 0.025640
vt 0.032198 0.183428
vt 0.032171 0.180773
vt 0.391926 0.025259
vt 0.246120 0.198143
vt 0.227931 0.206762
vt 0.031841 0.025018
vt 0.040793 0.183754
vt 0.203725 0.187936
vt 0.205520 0.181713
vt 0.190274 0.017828
vt 0.129135 0.174487
vt 0.127926 0.185997
vt 0.118147 0.193367
vt 0.117877 0.185201
vt 0.134778 0.010580
vt 0.135859 0.023601
vt 0.073286 0.174104
vt 0.083488 0.182399
vt 0.073536 0.181549
vt 0.073204 0.187288
vt 0.064994 0.180902
vt 0.072047 0.018465
vt 0.082054 0.022762
vt 0.724220 0.792425
vt 0.717141 0.801407
vt 0.716986 0.792342
vt 0.725585 0.832412
vt 0.718625 0.834297
vt 0.718630 0.832447
vt 0.725792 0.830225
vt 0.718598 0.827292
vt 0.726500 0.827608
vt 0.718201 0.820630
vt 0.726303 0.824224
vt 0.718373 0.824371
vt 0.726707 0.815804
vt 0.717880 0.811583
vt 0.726938 0.810968
vt 0.726630 0.805660
vt 0.725664 0.799620
vt 0.725434 0.836360
vt 0.718689 0.840632
vt 0.718777 0.837674
vt 0.726205 0.841089
vt 0.718826 0.842906
vt 0.719105 0.845198
vt 0.725957 0.846096
vt 0.719334 0.847148
vt 0.718935 0.849214
vt 0.725517 0.849757
vt 0.718735 0.851166
vt 0.724946 0.855462
vt 0.718605 0.853064
vt 0.725391 0.851715
vt 0.718482 0.855664
vt 0.725187 0.858141
vt 0.718387 0.858897
vt 0.718381 0.861849
vt 0.020127 0.135179
vt 0.009887 0.124299
vt 0.019406 0.123010
vt 0.055587 0.131667
vt 0.047547 0.120699
vt 0.054894 0.120069
vt 0.119632 0.129022
vt 0.108498 0.141117
vt 0.107753 0.129729
vt 0.095545 0.130211
vt 0.063397 0.142218
vt 0.055602 0.142897
vt 0.216496 0.128614
vt 0.228290 0.144339
vt 0.216745 0.145067
vt 0.030464 0.145498
vt 0.020721 0.147046
vt 0.029794 0.133993
vt 0.040127 0.144831
vt 0.010524 0.136521
vt 0.007538 0.133188
vt 0.146086 0.127675
vt 0.162368 0.111163
vt 0.162670 0.127682
vt 0.083376 0.130461
vt 0.095290 0.119019
vt 0.107316 0.080157
vt 0.119242 0.093156
vt 0.107440 0.092919
vt 0.095336 0.080593
vt 0.062889 0.081154
vt 0.053973 0.093920
vt 0.054195 0.081235
vt 0.216888 0.075637
vt 0.227796 0.092269
vt 0.216751 0.093744
vt 0.019096 0.081558
vt 0.028403 0.095198
vt 0.018786 0.095954
vt 0.242438 0.089480
vt 0.229978 0.075433
vt 0.242851 0.075158
vt 0.028785 0.081729
vt 0.037782 0.094663
vt 0.009449 0.080491
vt 0.019522 0.067677
vt 0.046450 0.081235
vt 0.054093 0.069094
vt 0.007013 0.070162
vt 0.010089 0.067154
vt 0.144978 0.076728
vt 0.158953 0.057941
vt 0.161609 0.076254
vt 0.082956 0.080756
vt 0.095276 0.068586
vt 0.118237 0.065713
vt 0.107076 0.055645
vt 0.117961 0.055873
vt 0.095302 0.055837
vt 0.107178 0.067739
vt 0.054256 0.056801
vt 0.062309 0.068973
vt 0.218649 0.056766
vt 0.226353 0.050098
vt 0.227840 0.063379
vt 0.029571 0.056491
vt 0.020392 0.054676
vt 0.038582 0.056887
vt 0.029102 0.068739
vt 0.011172 0.049442
vt 0.021076 0.046029
vt 0.047406 0.045712
vt 0.055191 0.045281
vt 0.142479 0.058620
vt 0.082653 0.055794
vt 0.094959 0.043049
vt 0.018879 0.109268
vt 0.009077 0.097295
vt 0.054213 0.107219
vt 0.046160 0.094246
vt 0.009440 0.109170
vt 0.005804 0.097485
vt 0.145973 0.093866
vt 0.162379 0.093813
vt 0.082638 0.092854
vt 0.095270 0.106159
vt 0.082599 0.106287
vt 0.119057 0.116648
vt 0.107395 0.106070
vt 0.118904 0.106968
vt 0.107514 0.118184
vt 0.063136 0.119518
vt 0.029049 0.121822
vt 0.028427 0.108654
vt 0.038669 0.121249
vt 0.021443 0.157738
vt 0.010782 0.149763
vt 0.055840 0.154251
vt 0.048394 0.143866
vt 0.011256 0.159957
vt 0.008707 0.162606
vt 0.143683 0.160346
vt 0.162136 0.144812
vt 0.159143 0.163417
vt 0.083329 0.141436
vt 0.096549 0.153346
vt 0.083816 0.153390
vt 0.119906 0.154502
vt 0.109545 0.165514
vt 0.109356 0.153362
vt 0.096400 0.165483
vt 0.064061 0.164649
vt 0.063294 0.153841
vt 0.031856 0.166007
vt 0.022218 0.167091
vt 0.243185 0.129593
vt 0.241932 0.146002
vt 0.031108 0.156256
vt 0.041313 0.165564
vt 0.106730 0.042853
vt 0.117544 0.042241
vt 0.061788 0.056058
vt 0.030144 0.045945
vt 0.039115 0.045837
vt 0.013171 0.034985
vt 0.056380 0.034930
vt 0.009033 0.040425
vt 0.082893 0.043414
vt 0.046656 0.057033
vt 0.082569 0.068796
vt 0.760307 0.836232
vt 0.772084 0.834651
vt 0.772289 0.837058
vt 0.760160 0.832535
vt 0.770332 0.830194
vt 0.771617 0.832511
vt 0.759591 0.824241
vt 0.769888 0.827744
vt 0.759622 0.827782
vt 0.769917 0.816052
vt 0.759655 0.820245
vt 0.759825 0.816034
vt 0.759886 0.811054
vt 0.769760 0.805716
vt 0.769763 0.811317
vt 0.760171 0.841560
vt 0.772199 0.841952
vt 0.760158 0.844135
vt 0.772184 0.843357
vt 0.772105 0.844821
vt 0.760170 0.846085
vt 0.770885 0.848346
vt 0.760164 0.847430
vt 0.769034 0.851374
vt 0.760480 0.852944
vt 0.758958 0.850875
vt 0.771590 0.855780
vt 0.760147 0.855063
vt 0.770645 0.858899
vt 0.759553 0.858622
vt 0.761244 0.861910
vt 0.118903 0.079179
vt 0.038149 0.069120
vt 0.095237 0.092840
vt 0.062718 0.106759
vt 0.228742 0.112260
vt 0.216885 0.111603
vt 0.037835 0.108139
vt 0.749150 0.834544
vt 0.749064 0.836981
vt 0.749056 0.832442
vt 0.759780 0.830165
vt 0.749003 0.827701
vt 0.748869 0.824360
vt 0.748915 0.815955
vt 0.748853 0.820314
vt 0.748827 0.811020
vt 0.759610 0.805572
vt 0.748924 0.841630
vt 0.749083 0.844212
vt 0.760156 0.842730
vt 0.749227 0.847425
vt 0.749090 0.846198
vt 0.748854 0.852546
vt 0.748913 0.850323
vt 0.748849 0.854943
vt 0.751152 0.858767
vt 0.750955 0.861777
vt 0.046464 0.107655
vt 0.738868 0.834450
vt 0.738781 0.836576
vt 0.738917 0.832384
vt 0.748992 0.830259
vt 0.738718 0.828000
vt 0.738701 0.815876
vt 0.738619 0.820277
vt 0.738612 0.810966
vt 0.748653 0.805611
vt 0.738709 0.841733
vt 0.738911 0.844233
vt 0.748978 0.842806
vt 0.738914 0.846973
vt 0.738683 0.849792
vt 0.738466 0.851854
vt 0.737145 0.854711
vt 0.736903 0.858142
vt 0.737286 0.861433
vt 0.063631 0.131036
vt 0.039321 0.133299
vt 0.120136 0.141568
vt 0.096089 0.141181
vt 0.227040 0.162126
vt 0.218070 0.160929
vt 0.040722 0.155782
vt 0.048008 0.132575
vt 0.145996 0.143757
vt 0.726007 0.834340
vt 0.738670 0.824450
vt 0.726355 0.820230
vt 0.738450 0.805476
vt 0.726177 0.844413
vt 0.738799 0.842830
vt 0.725694 0.847041
vt 0.726109 0.861799
vt 0.056627 0.164704
vt 0.048709 0.154888
vt 0.012392 0.169004
vt 0.083793 0.165013
vt 0.118832 0.175448
vt 0.119754 0.164035
vt 0.160076 0.173770
vt 0.151697 0.174383
vt 0.107843 0.175820
vt 0.095807 0.175478
vt 0.064875 0.173764
vt 0.218280 0.173854
vt 0.178696 0.162997
vt 0.181714 0.171942
vt 0.172279 0.172811
vt 0.032285 0.174330
vt 0.022982 0.175415
vt 0.199770 0.162131
vt 0.206214 0.171514
vt 0.194592 0.171047
vt 0.083798 0.174703
vt 0.081579 0.015742
vt 0.726193 0.842884
vt 0.082410 0.119335
vt 0.072824 0.130645
vt 0.072399 0.119280
vt 0.072331 0.080969
vt 0.071723 0.068963
vt 0.071857 0.043910
vt 0.072191 0.093167
vt 0.072472 0.141640
vt 0.072560 0.032852
vt 0.082829 0.031829
vt 0.779122 0.842976
vt 0.779104 0.839944
vt 0.072064 0.106435
vt 0.072565 0.153454
vt 0.105915 0.030845
vt 0.062973 0.044522
vt 0.048455 0.035404
vt 0.139413 0.039338
vt 0.778658 0.782901
vt 0.770118 0.792453
vt 0.767210 0.782906
vt 0.770586 0.799689
vt 0.778626 0.792257
vt 0.778731 0.801106
vt 0.778833 0.835550
vt 0.779059 0.837673
vt 0.778694 0.829918
vt 0.778807 0.832660
vt 0.769872 0.824136
vt 0.778802 0.826869
vt 0.778817 0.819485
vt 0.770226 0.820242
vt 0.778817 0.806237
vt 0.778892 0.811377
vt 0.779105 0.845341
vt 0.772114 0.846609
vt 0.778951 0.849453
vt 0.772158 0.853683
vt 0.778834 0.852026
vt 0.778845 0.854091
vt 0.778756 0.857070
vt 0.778610 0.859890
vt 0.772478 0.862478
vt 0.057478 0.173599
vt 0.049644 0.165087
vt 0.073129 0.164683
vt 0.227763 0.176670
vt 0.243100 0.187242
vt 0.197166 0.036176
vt 0.203054 0.017777
vt 0.717422 0.807026
vt 0.199535 0.128163
vt 0.199587 0.145056
vt 0.199520 0.075729
vt 0.199480 0.093667
vt 0.198772 0.056523
vt 0.759376 0.799603
vt 0.199649 0.111200
vt 0.748364 0.799604
vt 0.180709 0.190857
vt 0.718046 0.816117
vt 0.181358 0.127826
vt 0.180717 0.145028
vt 0.180160 0.076158
vt 0.181098 0.093843
vt 0.178492 0.057237
vt 0.181289 0.111211
vt 0.778880 0.816113
vt 0.156943 0.195053
vt 0.778832 0.823430
vt 0.136215 0.195646
vt 0.140354 0.174256
vt 0.145209 0.011476
vt 0.718589 0.830283
vt 0.145847 0.111248
vt 0.131662 0.127892
vt 0.129396 0.111599
vt 0.130590 0.077465
vt 0.127460 0.059474
vt 0.125980 0.038412
vt 0.131328 0.093911
vt 0.131727 0.142886
vt 0.738865 0.830250
vt 0.128969 0.159363
vt 0.124628 0.011179
vt 0.760228 0.834303
vt 0.064510 0.020543
vt 0.064473 0.185962
vt 0.062759 0.093598
vt 0.071185 0.056021
vt 0.738905 0.845906
vt 0.779020 0.847126
vt 0.049653 0.173646
vt 0.048272 0.184201
vt 0.048728 0.027008
vt 0.046309 0.069140
vt 0.038178 0.081557
vt 0.241291 0.046313
vt 0.264415 0.035050
vt 0.264122 0.047011
vt 0.245733 0.010880
vt 0.227952 0.004113
vt 0.265797 0.196759
vt 0.264617 0.100765
vt 0.242248 0.100759
vt 0.242036 0.062286
vt 0.264556 0.074885
vt 0.242759 0.116000
vt 0.264564 0.129745
vt 0.240225 0.175003
vt 0.264842 0.184773
vt 0.288951 0.035673
vt 0.288757 0.047413
vt 0.288996 0.197852
vt 0.288673 0.129616
vt 0.264050 0.146615
vt 0.264620 0.087848
vt 0.288869 0.100786
vt 0.264311 0.060884
vt 0.288805 0.074839
vt 0.288822 0.115198
vt 0.264653 0.115165
vt 0.288353 0.161986
vt 0.263732 0.173594
vt 0.263383 0.162031
vt 0.288884 0.184629
vt 0.314796 0.035759
vt 0.338670 0.047499
vt 0.314654 0.047489
vt 0.338463 0.129439
vt 0.314412 0.146286
vt 0.314410 0.129514
vt 0.338583 0.087942
vt 0.314590 0.100815
vt 0.314603 0.087846
vt 0.338634 0.061260
vt 0.314601 0.074905
vt 0.314606 0.061146
vt 0.314523 0.115172
vt 0.364773 0.012165
vt 0.338928 0.023936
vt 0.338927 0.012220
vt 0.364671 0.047476
vt 0.391885 0.036346
vt 0.391859 0.047434
vt 0.391796 0.185080
vt 0.364359 0.197958
vt 0.364526 0.184107
vt 0.364582 0.173596
vt 0.391839 0.088188
vt 0.364578 0.100902
vt 0.364592 0.088086
vt 0.391845 0.061433
vt 0.364618 0.075285
vt 0.364639 0.061376
vt 0.391812 0.115181
vt 0.364551 0.129467
vt 0.364559 0.115171
vt 0.391926 0.011936
vt 0.364780 0.023717
vt 0.391685 0.198432
vt 0.391813 0.146439
vt 0.391796 0.129487
vt 0.391814 0.100932
vt 0.391834 0.075419
vt 0.391848 0.173650
vt 0.737866 0.799505
vt 0.748245 0.792630
vt 0.737738 0.792339
vt 0.723006 0.782920
vt 0.759333 0.792546
vt 0.743690 0.782948
vt 0.778735 0.764392
vt 0.717750 0.774057
vt 0.717026 0.782907
vt 0.767203 0.756593
vt 0.723015 0.756617
vt 0.717412 0.764401
vt 0.717403 0.754162
vt 0.717221 0.744601
vt 0.778792 0.723391
vt 0.778841 0.734248
vt 0.717042 0.734246
vt 0.717074 0.723397
vt 0.743680 0.756568
vt 0.314522 0.184270
vt 0.338482 0.197641
vt 0.314540 0.197812
vt 0.314411 0.173482
vt 0.338502 0.183886
vt 0.391813 0.162028
vt 0.364518 0.146265
vt 0.338460 0.161944
vt 0.338476 0.146293
vt 0.364711 0.035643
vt 0.338776 0.035694
vt 0.338567 0.100854
vt 0.338608 0.075049
vt 0.338520 0.115140
vt 0.315021 0.024113
vt 0.289818 0.012395
vt 0.338475 0.173507
vt 0.364536 0.161983
vt 0.288489 0.146386
vt 0.288861 0.087806
vt 0.288741 0.061034
vt 0.288532 0.173623
vt 0.778802 0.744620
vt 0.289327 0.023851
vt 0.265256 0.023041
vt 0.415286 0.157189
vt 0.314347 0.161952
vt 0.240335 0.163267
vt 0.241711 0.033782
vt 0.231209 0.129404
vt 0.415286 0.115206
vt 0.073717 0.698576
vt 0.066197 0.700374
vt 0.066072 0.698540
vt 0.082199 0.697977
vt 0.073828 0.700508
vt 0.090695 0.696671
vt 0.098928 0.696949
vt 0.090855 0.698837
vt 0.082540 0.700022
vt 0.034864 0.692983
vt 0.041557 0.696751
vt 0.034251 0.694530
vt 0.042087 0.695039
vt 0.049979 0.698701
vt 0.058028 0.699788
vt 0.058344 0.697983
vt 0.050339 0.696714
vt 0.100083 0.673709
vt 0.093230 0.674328
vt 0.099257 0.671839
vt 0.092737 0.672716
vt 0.105804 0.669657
vt 0.104919 0.668098
vt 0.111721 0.666187
vt 0.115651 0.660997
vt 0.117194 0.662406
vt 0.117862 0.664897
vt 0.112714 0.668218
vt 0.073224 0.676308
vt 0.066963 0.678472
vt 0.066926 0.676543
vt 0.067021 0.674821
vt 0.080254 0.678006
vt 0.080148 0.675962
vt 0.073246 0.674615
vt 0.086533 0.674950
vt 0.079965 0.674160
vt 0.087077 0.677004
vt 0.098628 0.695109
vt 0.106480 0.694434
vt 0.106363 0.692822
vt 0.114577 0.691512
vt 0.128267 0.684313
vt 0.121751 0.688358
vt 0.121172 0.686814
vt 0.113845 0.690026
vt 0.061204 0.670593
vt 0.067425 0.666411
vt 0.067209 0.671185
vt 0.054971 0.669762
vt 0.061625 0.665852
vt 0.048860 0.668808
vt 0.045130 0.662274
vt 0.050110 0.663728
vt 0.055731 0.664926
vt 0.038203 0.665555
vt 0.043327 0.667621
vt 0.032959 0.662828
vt 0.040514 0.660430
vt 0.028138 0.659292
vt 0.028381 0.652304
vt 0.031736 0.655503
vt 0.035923 0.658210
vt 0.036518 0.669238
vt 0.041234 0.673549
vt 0.035667 0.671080
vt 0.030287 0.666833
vt 0.029338 0.668355
vt 0.034095 0.674465
vt 0.038386 0.682094
vt 0.031913 0.679354
vt 0.027486 0.671430
vt 0.018056 0.660351
vt 0.021315 0.667522
vt 0.015337 0.663185
vt 0.023642 0.664529
vt 0.019692 0.658498
vt 0.024943 0.662836
vt 0.073406 0.681949
vt 0.066718 0.682026
vt 0.073330 0.678312
vt 0.088740 0.685460
vt 0.094600 0.679130
vt 0.095843 0.683851
vt 0.081122 0.686564
vt 0.087779 0.680473
vt 0.046209 0.678910
vt 0.040051 0.677118
vt 0.053587 0.676909
vt 0.047100 0.675345
vt 0.042028 0.671834
vt 0.047808 0.673338
vt 0.053890 0.674818
vt 0.060374 0.677960
vt 0.060530 0.675901
vt 0.060037 0.681480
vt 0.066511 0.687049
vt 0.059538 0.686505
vt 0.053010 0.680428
vt 0.052194 0.685495
vt 0.093702 0.675819
vt 0.101210 0.676994
vt 0.106920 0.671207
vt 0.117104 0.675880
vt 0.120412 0.667918
vt 0.123699 0.672439
vt 0.108274 0.674388
vt 0.109967 0.679016
vt 0.035814 0.690084
vt 0.029887 0.684234
vt 0.036800 0.686902
vt 0.021175 0.683707
vt 0.028681 0.687289
vt 0.015518 0.676274
vt 0.007380 0.676082
vt 0.008343 0.672018
vt 0.013973 0.679518
vt 0.073605 0.692140
vt 0.066084 0.695480
vt 0.066236 0.692147
vt 0.081969 0.695318
vt 0.073611 0.695712
vt 0.097943 0.692228
vt 0.089699 0.690733
vt 0.097093 0.688922
vt 0.090289 0.694095
vt 0.043742 0.688903
vt 0.042932 0.692190
vt 0.050752 0.693933
vt 0.059042 0.691390
vt 0.058673 0.694923
vt 0.104672 0.686535
vt 0.105540 0.689621
vt 0.112364 0.687312
vt 0.120353 0.683921
vt 0.125941 0.677688
vt 0.127481 0.681577
vt 0.111824 0.683920
vt 0.027840 0.690050
vt 0.020224 0.686216
vt 0.027069 0.691408
vt 0.019493 0.687846
vt 0.012855 0.681943
vt 0.005851 0.680244
vt 0.006130 0.678593
vt 0.012277 0.683734
vt 0.097394 0.667262
vt 0.090537 0.664512
vt 0.095731 0.662761
vt 0.103093 0.664840
vt 0.100881 0.660606
vt 0.108483 0.661838
vt 0.109194 0.654823
vt 0.113083 0.658191
vt 0.105578 0.657999
vt 0.073264 0.671138
vt 0.073231 0.666386
vt 0.079591 0.670770
vt 0.079180 0.666039
vt 0.085877 0.670109
vt 0.091779 0.669192
vt 0.085046 0.665412
vt 0.054251 0.673223
vt 0.060760 0.674157
vt 0.048182 0.671911
vt 0.042469 0.670504
vt 0.031192 0.665477
vt 0.021280 0.657397
vt 0.025993 0.661644
vt 0.012040 0.667686
vt 0.018166 0.671866
vt 0.025005 0.675802
vt 0.073549 0.687065
vt 0.080599 0.681520
vt 0.044932 0.684030
vt 0.102748 0.681797
vt 0.114582 0.671339
vt 0.098646 0.670410
vt 0.110652 0.664713
vt 0.086266 0.673344
vt 0.037068 0.668063
vt 0.024140 0.655088
vt 0.022559 0.680716
vt 0.081728 0.691983
vt 0.051325 0.690585
vt 0.119153 0.680452
vt 0.048615 0.654439
vt 0.044995 0.656863
vt 0.039582 0.646277
vt 0.040780 0.657709
vt 0.036150 0.657273
vt 0.027030 0.647824
vt 0.027718 0.642889
vt 0.030073 0.638490
vt 0.033699 0.635410
vt 0.038359 0.634266
vt 0.043380 0.634980
vt 0.047908 0.637290
vt 0.051123 0.640908
vt 0.052215 0.645578
vt 0.051259 0.650431
vt 0.122821 0.617042
vt 0.130551 0.617116
vt 0.130229 0.618926
vt 0.114445 0.615572
vt 0.123179 0.615141
vt 0.105886 0.614786
vt 0.097963 0.612525
vt 0.106254 0.612645
vt 0.114608 0.613506
vt 0.159169 0.631864
vt 0.153584 0.626589
vt 0.160137 0.630511
vt 0.152657 0.628122
vt 0.145884 0.622661
vt 0.138337 0.619661
vt 0.137594 0.621335
vt 0.145054 0.624502
vt 0.091224 0.634796
vt 0.098023 0.635853
vt 0.091573 0.636811
vt 0.098112 0.637536
vt 0.084692 0.637344
vt 0.085174 0.639072
vt 0.078111 0.639282
vt 0.073042 0.643366
vt 0.071887 0.641627
vt 0.071841 0.639048
vt 0.077640 0.637070
vt 0.117915 0.638769
vt 0.124574 0.638194
vt 0.124084 0.640064
vt 0.123575 0.641712
vt 0.111504 0.635421
vt 0.111110 0.637433
vt 0.117519 0.640347
vt 0.104672 0.636868
vt 0.110854 0.639223
vt 0.104641 0.634743
vt 0.097810 0.614383
vt 0.090027 0.613140
vt 0.089751 0.614733
vt 0.081464 0.614018
vt 0.066439 0.617693
vt 0.073740 0.615344
vt 0.073996 0.616861
vt 0.081815 0.615637
vt 0.128197 0.647222
vt 0.121148 0.649775
vt 0.122513 0.645195
vt 0.134045 0.649536
vt 0.126642 0.651721
vt 0.139744 0.651939
vt 0.141784 0.659182
vt 0.137303 0.656566
vt 0.132137 0.654045
vt 0.149299 0.657673
vt 0.144826 0.654429
vt 0.153728 0.661587
vt 0.145818 0.662088
vt 0.157553 0.666182
vt 0.155636 0.672904
vt 0.153146 0.668993
vt 0.149736 0.665352
vt 0.151822 0.654519
vt 0.148291 0.649182
vt 0.153095 0.652923
vt 0.157289 0.658346
vt 0.158578 0.657097
vt 0.155438 0.650019
vt 0.153119 0.641579
vt 0.158738 0.645803
vt 0.161119 0.654561
vt 0.167593 0.667589
vt 0.166162 0.659844
vt 0.170915 0.665497
vt 0.163181 0.662186
vt 0.165559 0.668992
vt 0.161509 0.663514
vt 0.119103 0.633252
vt 0.125611 0.634795
vt 0.118297 0.636799
vt 0.105072 0.626137
vt 0.097855 0.630861
vt 0.097766 0.626023
vt 0.112731 0.626907
vt 0.104798 0.631208
vt 0.144759 0.642777
vt 0.150300 0.646005
vt 0.137116 0.642935
vt 0.143032 0.646021
vt 0.147105 0.650654
vt 0.141861 0.647797
vt 0.136316 0.644891
vt 0.130783 0.640274
vt 0.130135 0.642234
vt 0.131962 0.636940
vt 0.127026 0.629970
vt 0.133661 0.632185
vt 0.138526 0.639660
vt 0.140543 0.634940
vt 0.097926 0.634292
vt 0.090925 0.631337
vt 0.083984 0.635571
vt 0.075232 0.628575
vt 0.070097 0.635500
vt 0.068001 0.630318
vt 0.083440 0.632157
vt 0.082916 0.627257
vt 0.157546 0.634447
vt 0.161883 0.641557
vt 0.155820 0.637296
vt 0.170210 0.644174
vt 0.163791 0.638884
vt 0.173902 0.652753
vt 0.181753 0.654906
vt 0.179837 0.658616
vt 0.176185 0.649979
vt 0.121373 0.623314
vt 0.129478 0.621893
vt 0.128525 0.625091
vt 0.114026 0.618208
vt 0.122231 0.619847
vt 0.097778 0.617344
vt 0.105416 0.620788
vt 0.097803 0.620758
vt 0.105656 0.617383
vt 0.149567 0.633676
vt 0.151148 0.630683
vt 0.143981 0.627101
vt 0.135322 0.627565
vt 0.136556 0.624238
vt 0.089871 0.621242
vt 0.089776 0.618038
vt 0.082596 0.618628
vt 0.074024 0.619987
vt 0.067096 0.624684
vt 0.066541 0.620538
vt 0.082300 0.622050
vt 0.165275 0.636408
vt 0.171738 0.641969
vt 0.166350 0.635277
vt 0.172841 0.640564
vt 0.177857 0.647896
vt 0.184243 0.651237
vt 0.183572 0.652772
vt 0.178850 0.646298
vt 0.092274 0.641703
vt 0.098252 0.646101
vt 0.092799 0.646472
vt 0.086158 0.642675
vt 0.087280 0.647317
vt 0.080201 0.644284
vt 0.077816 0.650919
vt 0.074856 0.646711
vt 0.082092 0.648711
vt 0.116626 0.643776
vt 0.115509 0.648395
vt 0.110398 0.642603
vt 0.109653 0.647292
vt 0.104139 0.641724
vt 0.098189 0.641187
vt 0.103809 0.646482
vt 0.135581 0.646351
vt 0.129490 0.643871
vt 0.141152 0.649092
vt 0.146356 0.651839
vt 0.156083 0.659443
vt 0.163752 0.669676
vt 0.160106 0.664592
vt 0.175201 0.661927
vt 0.170267 0.656390
vt 0.164583 0.650918
vt 0.120201 0.628252
vt 0.112018 0.631928
vt 0.147235 0.638117
vt 0.090696 0.626118
vt 0.076582 0.633591
vt 0.091820 0.638345
vt 0.078792 0.640970
vt 0.104543 0.638491
vt 0.151007 0.655513
vt 0.160419 0.671225
vt 0.168143 0.646742
vt 0.113453 0.621503
vt 0.142616 0.630212
vt 0.074349 0.623643
vt 0.136501 0.665989
vt 0.140596 0.664501
vt 0.143319 0.676074
vt 0.144890 0.664689
vt 0.149282 0.666219
vt 0.155876 0.677576
vt 0.154027 0.682202
vt 0.150689 0.685908
vt 0.146432 0.688033
vt 0.141634 0.688028
vt 0.136930 0.686134
vt 0.133085 0.682808
vt 0.130829 0.678527
vt 0.130887 0.673731
vt 0.132976 0.669247
vt 0.503598 0.881166
vt 0.501816 0.883225
vt 0.501653 0.880819
vt 0.649917 0.879868
vt 0.658906 0.890204
vt 0.648201 0.882450
vt 0.453002 0.962774
vt 0.434439 0.946879
vt 0.454167 0.947448
vt 0.431507 0.984829
vt 0.452115 0.975833
vt 0.451715 0.986214
vt 0.737289 0.929776
vt 0.720979 0.948218
vt 0.721235 0.928922
vt 0.767009 0.930659
vt 0.750553 0.951111
vt 0.752395 0.930475
vt 0.494928 0.915805
vt 0.505556 0.899938
vt 0.504462 0.918106
vt 0.688551 0.879448
vt 0.671642 0.892617
vt 0.666878 0.879745
vt 0.408343 0.892569
vt 0.413398 0.878918
vt 0.419480 0.895884
vt 0.665983 0.974774
vt 0.656587 0.968619
vt 0.669962 0.965454
vt 0.501895 0.966298
vt 0.492233 0.977764
vt 0.491679 0.965775
vt 0.742662 0.880953
vt 0.755245 0.891182
vt 0.740350 0.894111
vt 0.479157 0.900232
vt 0.459662 0.887497
vt 0.483023 0.887550
vt 0.736572 0.949348
vt 0.721374 0.965907
vt 0.748944 0.971033
vt 0.764916 0.953492
vt 0.758861 0.973615
vt 0.473794 0.948524
vt 0.473338 0.963386
vt 0.646763 0.931842
vt 0.659048 0.951914
vt 0.646999 0.955734
vt 0.472860 0.976256
vt 0.473720 0.986804
vt 0.673111 0.930680
vt 0.659995 0.910493
vt 0.673278 0.911033
vt 0.416671 0.946570
vt 0.431522 0.962282
vt 0.411273 0.963607
vt 0.411789 0.984254
vt 0.430769 0.975315
vt 0.721727 0.910694
vt 0.738411 0.910546
vt 0.438108 0.878673
vt 0.461512 0.880352
vt 0.753454 0.910327
vt 0.767226 0.909256
vt 0.436814 0.915114
vt 0.455515 0.931806
vt 0.436310 0.931129
vt 0.704782 0.947765
vt 0.688991 0.929328
vt 0.705328 0.928726
vt 0.503102 0.935069
vt 0.491315 0.950184
vt 0.492067 0.933316
vt 0.706936 0.879883
vt 0.721739 0.893567
vt 0.707073 0.893644
vt 0.704119 0.976270
vt 0.687198 0.965424
vt 0.704533 0.965112
vt 0.456847 0.916019
vt 0.474648 0.932496
vt 0.407133 0.912872
vt 0.419167 0.930339
vt 0.405782 0.929404
vt 0.689086 0.910679
vt 0.688531 0.892535
vt 0.436069 0.884906
vt 0.413879 0.875908
vt 0.767619 0.888614
vt 0.403123 0.961360
vt 0.405719 0.982519
vt 0.409594 0.978517
vt 0.436651 0.899060
vt 0.420257 0.913611
vt 0.499638 0.896466
vt 0.503535 0.883623
vt 0.653275 0.878779
vt 0.409541 0.879631
vt 0.410958 0.876568
vt 0.648839 0.976758
vt 0.646431 0.975881
vt 0.659921 0.933837
vt 0.672446 0.949558
vt 0.458479 0.900373
vt 0.647924 0.907525
vt 0.688384 0.948172
vt 0.685534 0.975389
vt 0.476906 0.916231
vt 0.722111 0.977085
vt 0.705776 0.910676
vt 0.502359 0.951406
vt 0.724577 0.880550
vt 0.404087 0.945022
vt 0.501787 0.977577
vt 0.498994 0.981241
vt 0.759793 0.880594
vt 0.765227 0.882432
vt 0.738334 0.978001
vt 0.750298 0.979383
vt 0.403684 0.977475
vt 0.484394 0.881323
vt 0.737170 0.967391
vt 0.754974 0.977917
vt 0.645886 0.973849
vt 0.493863 0.983433
vt 0.628342 0.971454
vt 0.625052 0.966861
vt 0.628230 0.967218
vt 0.912990 0.416647
vt 0.907758 0.412843
vt 0.913950 0.412275
vt 0.585941 0.947294
vt 0.602565 0.933753
vt 0.602886 0.949686
vt 0.914010 0.381117
vt 0.902503 0.363045
vt 0.915596 0.358138
vt 0.886153 0.381017
vt 0.868984 0.396509
vt 0.868690 0.381014
vt 0.627452 0.934641
vt 0.619273 0.915512
vt 0.625671 0.912446
vt 0.586712 0.917810
vt 0.570019 0.931149
vt 0.570019 0.917110
vt 0.869159 0.345291
vt 0.851080 0.354997
vt 0.851080 0.344910
vt 0.586265 0.932504
vt 0.570019 0.946382
vt 0.868620 0.366284
vt 0.851080 0.380493
vt 0.851080 0.366284
vt 0.587595 0.895337
vt 0.570019 0.903696
vt 0.570019 0.895549
vt 0.851080 0.397092
vt 0.570019 0.971655
vt 0.586561 0.959200
vt 0.585778 0.972250
vt 0.851080 0.422052
vt 0.869903 0.410213
vt 0.870622 0.421414
vt 0.603542 0.917810
vt 0.888485 0.353604
vt 0.869159 0.356107
vt 0.886488 0.365362
vt 0.605198 0.905153
vt 0.587349 0.905322
vt 0.603925 0.972559
vt 0.624559 0.972637
vt 0.890068 0.420012
vt 0.908621 0.417960
vt 0.623474 0.897606
vt 0.627275 0.899874
vt 0.624097 0.902276
vt 0.910267 0.344416
vt 0.914153 0.344306
vt 0.911275 0.347590
vt 0.620781 0.956586
vt 0.618347 0.936334
vt 0.902652 0.398654
vt 0.901865 0.380971
vt 0.626303 0.957443
vt 0.570019 0.958056
vt 0.604413 0.961620
vt 0.915766 0.348116
vt 0.913833 0.403722
vt 0.851080 0.410508
vt 0.886669 0.396758
vt 0.888700 0.410318
vt 0.627352 0.904233
vt 0.889023 0.345244
vt 0.605535 0.895868
vt 0.511696 0.971455
vt 0.514986 0.966861
vt 0.515479 0.972637
vt 0.789170 0.416647
vt 0.794402 0.412843
vt 0.793539 0.417960
vt 0.554096 0.947294
vt 0.537473 0.933754
vt 0.553773 0.932504
vt 0.799658 0.363045
vt 0.788151 0.381116
vt 0.786565 0.358137
vt 0.816008 0.381016
vt 0.833177 0.396509
vt 0.815492 0.396757
vt 0.520765 0.915512
vt 0.512586 0.934642
vt 0.514367 0.912447
vt 0.553325 0.917810
vt 0.833002 0.345290
vt 0.833541 0.366283
vt 0.552443 0.895337
vt 0.833471 0.381014
vt 0.553477 0.959200
vt 0.554260 0.972250
vt 0.832257 0.410213
vt 0.831538 0.421414
vt 0.813675 0.353603
vt 0.813137 0.345244
vt 0.534840 0.905153
vt 0.534503 0.895868
vt 0.536113 0.972559
vt 0.812092 0.420012
vt 0.516564 0.897606
vt 0.515940 0.902277
vt 0.512763 0.899875
vt 0.791894 0.344416
vt 0.790886 0.347590
vt 0.788008 0.344306
vt 0.519256 0.956586
vt 0.521691 0.936334
vt 0.799508 0.398653
vt 0.800295 0.380971
vt 0.513734 0.957444
vt 0.833001 0.356107
vt 0.537152 0.949686
vt 0.786395 0.348116
vt 0.788327 0.403722
vt 0.552689 0.905322
vt 0.512685 0.904234
vt 0.536496 0.917811
vt 0.815673 0.365362
vt 0.535625 0.961620
vt 0.813460 0.410318
vt 0.498719 0.763057
vt 0.493325 0.768313
vt 0.493071 0.763761
vt 0.518964 0.790963
vt 0.523424 0.794964
vt 0.517084 0.794454
vt 0.430484 0.841022
vt 0.452837 0.827907
vt 0.453203 0.841591
vt 0.434703 0.863737
vt 0.454831 0.855232
vt 0.455737 0.864307
vt 0.603965 0.841314
vt 0.586794 0.859136
vt 0.587034 0.840914
vt 0.628968 0.842800
vt 0.617821 0.862431
vt 0.618370 0.841715
vt 0.500646 0.798999
vt 0.489606 0.784782
vt 0.501446 0.780358
vt 0.555967 0.789678
vt 0.541798 0.802531
vt 0.540585 0.789801
vt 0.403712 0.772111
vt 0.412246 0.785401
vt 0.404112 0.786163
vt 0.534407 0.887628
vt 0.522655 0.882183
vt 0.538622 0.876794
vt 0.501763 0.843622
vt 0.496939 0.861862
vt 0.489484 0.843875
vt 0.605191 0.790114
vt 0.622617 0.795615
vt 0.604461 0.802271
vt 0.473292 0.786628
vt 0.454799 0.775378
vt 0.477251 0.774549
vt 0.602408 0.860155
vt 0.586731 0.875964
vt 0.628248 0.864477
vt 0.623114 0.883785
vt 0.471434 0.828274
vt 0.472658 0.842543
vt 0.515510 0.844847
vt 0.528694 0.860623
vt 0.515684 0.870253
vt 0.476366 0.856720
vt 0.476568 0.864339
vt 0.541749 0.840976
vt 0.528908 0.819922
vt 0.542023 0.821335
vt 0.412287 0.827481
vt 0.410596 0.843719
vt 0.410635 0.864566
vt 0.432495 0.855548
vt 0.587280 0.821777
vt 0.603734 0.821635
vt 0.430736 0.765724
vt 0.457511 0.765255
vt 0.629274 0.820659
vt 0.618719 0.819880
vt 0.452607 0.800306
vt 0.430639 0.813912
vt 0.430098 0.800280
vt 0.571276 0.858832
vt 0.556322 0.840859
vt 0.571505 0.840763
vt 0.500654 0.828677
vt 0.487819 0.813962
vt 0.500752 0.812213
vt 0.571724 0.789695
vt 0.588138 0.802789
vt 0.571949 0.803024
vt 0.569762 0.887345
vt 0.555458 0.876261
vt 0.570709 0.875508
vt 0.471290 0.814223
vt 0.452429 0.814013
vt 0.403933 0.800077
vt 0.412622 0.813479
vt 0.403701 0.813889
vt 0.571505 0.821797
vt 0.488188 0.799307
vt 0.556599 0.802868
vt 0.431385 0.786942
vt 0.556166 0.859004
vt 0.554538 0.888242
vt 0.453424 0.787129
vt 0.471716 0.800242
vt 0.412400 0.799570
vt 0.556453 0.821384
vt 0.430415 0.827528
vt 0.588337 0.887718
vt 0.403286 0.828559
vt 0.588508 0.789889
vt 0.502509 0.860910
vt 0.500987 0.866179
vt 0.621667 0.790085
vt 0.626521 0.791497
vt 0.605025 0.886421
vt 0.622730 0.889294
vt 0.404354 0.858694
vt 0.403164 0.843356
vt 0.500257 0.766996
vt 0.525777 0.789930
vt 0.404766 0.765389
vt 0.410971 0.771761
vt 0.520387 0.887711
vt 0.515619 0.887645
vt 0.528624 0.842319
vt 0.541133 0.859539
vt 0.516215 0.817301
vt 0.431023 0.775232
vt 0.406315 0.863078
vt 0.408984 0.859786
vt 0.628863 0.795700
vt 0.408481 0.763945
vt 0.482155 0.764778
vt 0.602754 0.877220
vt 0.629041 0.885520
vt 0.628203 0.889175
vt 0.487891 0.828846
vt 0.497203 0.865911
vt 0.515471 0.881538
vt 0.511807 0.967219
vt 0.788211 0.412275
vt 0.714387 0.536307
vt 0.768832 0.463001
vt 0.766619 0.536072
vt 0.719346 0.401935
vt 0.713910 0.467550
vt 0.775846 0.334018
vt 0.773206 0.397813
vt 0.721981 0.338134
vt 0.742677 0.465167
vt 0.747557 0.399776
vt 0.750194 0.335978
vt 0.750717 0.464501
vt 0.749391 0.536149
vt 0.755441 0.399172
vt 0.749706 0.536148
vt 0.751047 0.464474
vt 0.755765 0.399148
vt 0.748913 0.336076
vt 0.770936 0.431641
vt 0.716525 0.435985
vt 0.775846 0.334025
vt 0.743108 0.536178
vt 0.748962 0.399668
vt 0.736995 0.465638
vt 0.744622 0.336404
vt 0.745590 0.464926
vt 0.750414 0.399557
vt 0.753052 0.335760
vt 0.750247 0.536145
vt 0.751617 0.464427
vt 0.758962 0.335308
vt 0.756323 0.399105
vt 0.773211 0.397686
vt 0.733648 0.536220
vt 0.734163 0.465872
vt 0.741844 0.336616
vt 0.739207 0.400415
vt 0.739794 0.536192
vt 0.740625 0.465337
vt 0.745545 0.399930
vt 0.739667 0.536193
vt 0.740492 0.465348
vt 0.748051 0.336142
vt 0.734292 0.465862
vt 0.741971 0.336607
vt 0.739334 0.400405
vt 0.740160 0.465376
vt 0.745088 0.399965
vt 0.747726 0.336167
vt 0.740894 0.465315
vt 0.740050 0.536191
vt 0.748446 0.336112
vt 0.745808 0.399910
vt 0.741222 0.465288
vt 0.740361 0.536190
vt 0.746129 0.399885
vt 0.748767 0.336087
vt 0.740037 0.465386
vt 0.739235 0.536195
vt 0.744968 0.399974
vt 0.741654 0.536184
vt 0.747463 0.399783
vt 0.742581 0.465175
vt 0.750100 0.335985
vt 0.742329 0.465196
vt 0.741415 0.536185
vt 0.749853 0.336004
vt 0.747216 0.399802
vt 0.735322 0.536213
vt 0.740933 0.400283
vt 0.743571 0.336484
vt 0.738541 0.536198
vt 0.739307 0.465446
vt 0.744252 0.400029
vt 0.736648 0.465667
vt 0.741644 0.400228
vt 0.738263 0.465533
vt 0.737548 0.536203
vt 0.743229 0.400107
vt 0.745866 0.336309
vt 0.739180 0.536195
vt 0.744912 0.399978
vt 0.747549 0.336180
vt 0.746629 0.536162
vt 0.752593 0.399390
vt 0.747813 0.464742
vt 0.736012 0.536209
vt 0.744281 0.336430
vt 0.735923 0.465727
vt 0.739980 0.465391
vt 0.739352 0.536194
vt 0.733771 0.536220
vt 0.748182 0.336132
vt 0.745414 0.399940
vt 0.744516 0.536171
vt 0.744110 0.465048
vt 0.751599 0.335871
vt 0.736342 0.536208
vt 0.741985 0.400202
vt 0.755231 0.335593
vt 0.719351 0.401807
vt 0.741745 0.536184
vt 0.758403 0.335351
vt 0.775804 0.335026
vt 0.746889 0.336231
vt 0.758079 0.335376
vt 0.787836 0.895732
vt 0.820718 0.987954
vt 0.962134 0.810953
vt 0.992221 0.956535
vt 0.123783 0.262959
vt 0.138586 0.262603
vt 0.694881 0.221086
vt 0.047609 0.379810
vt 0.599143 0.221145
vt 0.672916 0.221086
vt 0.512065 0.355783
vt 0.376517 0.661821
vt 0.996639 0.004228
vt 0.162690 0.262883
vt 0.443417 0.315339
vt 0.423812 0.278782
vt 0.018951 0.260792
vt 0.770352 0.221086
vt 0.083725 0.262372
vt 0.147949 0.307542
vt 0.063079 0.305303
vt 0.046730 0.201894
vt 0.804335 0.220693
vt 0.015821 0.260734
vt 0.357728 0.210944
vt 0.493157 0.215081
vt 0.012689 0.201215
vt 0.789718 0.024555
vt 0.736912 0.190083
vt 0.779035 0.590438
vt 0.778729 0.571045
vt 0.778810 0.714057
vt 0.743678 0.714057
vt 0.113591 0.012114
vt 0.126896 0.194762
vt 0.778198 0.862792
vt 0.128882 0.685923
vt 0.066232 0.615982
vt 0.775805 0.335002
s 1
usemtl sofa_03
f 1/1/1 3/2/2 2/3/3
f 8/4/4 6/5/5 5/6/6
f 12/7/7 10/8/8 9/9/9
f 16/10/10 14/11/11 13/12/12
f 17/13/13 19/14/14 18/15/15
f 23/16/16 21/17/17 13/12/12
f 27/18/18 25/19/19 24/20/20
f 30/21/21 28/22/22 9/23/9
f 33/24/23 31/25/24 17/26/13
f 36/27/25 34/28/26 5/29/6
f 37/30/27 39/31/28 38/32/29
f 1/1/1 42/33/30 41/34/31
f 47/35/32 45/36/33 44/37/34
f 51/38/35 49/39/36 48/40/37
f 52/41/38 54/42/39 53/43/40
f 56/44/41 58/45/42 57/46/43
f 63/47/44 61/48/45 60/49/46
f 64/50/47 66/51/48 65/52/49
f 56/44/41 51/38/35 48/40/37
f 71/53/50 69/54/51 60/49/46
f 52/55/38 73/56/52 72/57/53
f 64/58/47 75/59/54 74/60/55
f 77/61/56 79/62/57 78/63/58
f 12/64/7 81/65/59 80/66/60
f 8/67/4 83/68/61 82/69/62
f 85/70/63 87/71/64 86/72/65
f 91/73/66 89/74/67 88/75/68
f 95/76/69 93/77/70 92/78/71
f 96/79/72 20/80/73 97/81/74
f 100/82/75 98/83/76 85/70/63
f 101/84/77 7/85/78 82/86/62
f 103/87/79 80/88/60 101/89/77
f 105/90/80 96/91/72 106/92/81
f 110/93/82 108/94/83 107/95/84
f 88/96/68 106/97/81 111/98/85
f 113/99/86 46/100/87 47/101/32
f 115/102/88 35/103/89 36/104/25
f 9/9/9 116/105/90 30/106/21
f 33/107/23 18/15/15 117/108/91
f 119/109/92 11/110/93 102/111/94
f 42/112/30 120/113/95 117/114/91
f 123/115/96 34/28/26 35/116/89
f 14/11/11 46/117/87 124/118/97
f 39/119/28 125/120/98 116/121/90
f 122/122/99 84/123/100 34/28/26
f 129/124/101 103/87/79 83/68/61
f 104/125/102 130/126/103 86/72/65
f 131/127/104 26/128/105 132/129/106
f 134/130/107 28/22/22 29/131/108
f 37/30/27 136/132/109 135/133/110
f 30/134/21 125/120/98 29/135/108
f 123/136/96 26/128/105 27/18/18
f 40/137/111 135/133/110 139/138/112
f 36/139/25 6/5/5 115/140/88
f 25/19/19 140/141/113 94/142/114
f 141/143/115 93/77/70 142/144/116
f 115/102/88 143/145/117 114/146/118
f 139/138/112 145/147/119 126/148/120
f 148/149/121 3/2/2 98/83/76
f 22/150/122 149/151/123 21/17/17
f 151/152/124 32/153/125 152/154/126
f 153/155/127 44/156/34 91/157/66
f 23/16/16 154/158/128 22/150/122
f 33/159/23 120/113/95 32/160/125
f 43/161/129 2/3/3 155/162/130
f 47/163/32 153/155/127 113/164/86
f 156/165/131 21/17/17 149/151/123
f 31/25/24 151/152/124 97/81/74
f 78/63/58 157/166/132 99/167/133
f 113/99/86 159/168/134 112/169/135
f 162/170/136 121/171/137 155/162/130
f 135/133/110 164/172/138 163/173/139
f 29/135/108 165/174/140 134/175/107
f 132/129/106 138/176/141 166/177/142
f 139/138/112 163/173/139 146/178/143
f 6/5/5 144/179/144 115/140/88
f 63/47/44 131/127/104 132/129/106
f 134/130/107 55/180/145 133/181/146
f 168/182/147 131/127/104 167/183/148
f 142/144/116 169/184/149 141/143/115
f 144/185/144 171/186/150 143/145/117
f 146/178/143 172/187/151 145/147/119
f 89/74/67 15/188/152 173/189/153
f 116/105/90 38/32/29 39/31/28
f 117/108/91 41/34/31 42/33/30
f 175/190/154 174/191/155 58/45/42
f 143/145/117 62/192/156 166/177/142
f 18/15/15 87/71/64 41/34/31
f 107/95/84 118/193/157 119/109/92
f 43/161/129 121/171/137 42/112/30
f 27/18/18 122/122/99 123/115/96
f 124/118/97 13/12/12 14/11/11
f 40/137/111 126/148/120 39/119/28
f 95/76/69 122/122/99 24/20/20
f 92/78/71 128/194/158 129/124/101
f 173/189/153 100/82/75 130/126/103
f 35/103/89 138/176/141 123/136/96
f 165/174/140 126/148/120 145/147/119
f 124/195/97 112/169/135 154/158/128
f 121/171/137 176/196/159 120/113/95
f 65/52/49 177/197/160 61/48/45
f 143/145/117 138/176/141 114/146/118
f 53/43/40 172/187/151 57/46/43
f 12/7/7 102/111/94 11/110/93
f 15/188/152 77/61/56 173/189/153
f 50/198/161 178/199/162 49/39/36
f 13/12/12 79/62/57 16/10/10
f 28/22/22 12/64/7 9/23/9
f 90/200/163 44/37/34 45/36/33
f 118/193/157 10/8/8 11/110/93
f 137/201/164 108/94/83 136/132/109
f 180/202/165 28/22/22 133/181/146
f 91/157/66 111/98/85 153/155/127
f 156/165/131 78/63/58 79/62/57
f 136/132/109 181/203/166 164/172/138
f 90/200/163 14/11/11 15/188/152
f 137/201/164 38/32/29 118/193/157
f 77/61/56 99/167/133 100/82/75
f 81/65/59 101/84/77 80/66/60
f 101/89/77 83/68/61 103/87/79
f 88/75/68 105/90/80 106/92/81
f 92/78/71 109/204/167 110/93/82
f 106/97/81 97/81/74 111/98/85
f 128/194/158 102/111/94 103/87/79
f 105/90/80 173/189/153 130/126/103
f 81/65/59 182/205/168 7/85/78
f 141/143/115 108/94/83 109/204/167
f 157/166/132 98/83/76 99/167/133
f 169/184/149 181/203/166 141/143/115
f 110/93/82 119/109/92 128/194/158
f 130/126/103 85/70/63 86/72/65
f 85/70/63 3/2/2 4/206/169
f 7/85/78 8/4/4 82/86/62
f 20/207/73 104/125/102 19/14/14
f 84/123/100 5/29/6 34/28/26
f 4/206/169 41/34/31 87/71/64
f 94/142/114 24/20/20 25/19/19
f 20/80/73 31/25/24 97/81/74
f 127/208/170 83/68/61 84/123/100
f 7/85/78 75/59/54 6/5/5
f 94/142/114 142/144/116 93/77/70
f 147/209/171 2/3/3 3/2/2
f 170/210/172 140/141/113 168/182/147
f 19/14/14 86/72/65 87/71/64
f 92/78/71 127/208/170 95/76/69
f 163/173/139 50/198/161 51/38/35
f 54/42/39 134/175/107 165/174/140
f 132/129/106 62/192/156 63/47/44
f 68/211/173 163/173/139 51/38/35
f 75/59/54 76/212/174 144/179/144
f 167/183/148 60/49/46 69/54/51
f 133/181/146 52/55/38 72/57/53
f 167/183/148 184/213/175 168/182/147
f 186/214/176 169/184/149 170/210/172
f 76/215/174 65/52/49 171/186/150
f 68/211/173 57/46/43 172/187/151
f 171/186/150 61/48/45 62/192/156
f 54/42/39 145/147/119 172/187/151
f 164/172/138 179/216/177 50/198/161
f 133/181/146 187/217/178 180/202/165
f 180/202/165 188/218/179 182/205/168
f 185/219/180 179/216/177 169/184/149
f 182/205/168 74/60/55 75/59/54
f 168/182/147 186/214/176 170/210/172
f 59/220/181 175/190/154 58/45/42
f 67/221/182 176/196/159 66/51/48
f 70/222/183 162/170/136 183/223/184
f 160/224/185 72/57/53 73/56/52
f 190/225/186 184/213/175 189/226/187
f 56/44/41 191/227/188 59/220/181
f 74/60/55 67/228/182 64/58/47
f 192/229/189 48/40/37 49/39/36
f 193/230/190 178/199/162 185/219/180
f 73/231/52 53/43/40 174/191/155
f 71/53/50 61/48/45 177/197/160
f 53/43/40 58/45/42 174/191/155
f 153/155/127 187/217/178 72/57/53
f 194/232/191 49/39/36 178/199/162
f 190/225/186 185/219/180 186/214/176
f 189/226/187 69/54/51 70/222/183
f 147/209/171 190/225/186 189/226/187
f 150/233/192 191/227/188 149/151/123
f 151/152/124 67/228/182 74/60/55
f 156/165/131 191/227/188 192/229/189
f 151/152/124 188/218/179 97/81/74
f 158/234/193 193/230/190 157/166/132
f 97/81/74 187/217/178 111/98/85
f 73/231/52 159/168/134 160/235/185
f 71/53/50 161/236/194 162/170/136
f 159/168/134 154/158/128 112/169/135
f 161/236/194 66/51/48 176/196/159
f 158/234/193 192/229/189 194/232/191
f 148/149/121 193/230/190 190/225/186
f 189/226/187 183/223/184 147/209/171
f 150/233/192 154/158/128 175/190/154
f 176/196/159 32/160/125 120/113/95
f 183/223/184 155/162/130 2/3/3
f 153/155/127 160/224/185 113/164/86
f 195/1/195 197/2/196 196/206/197
f 202/5/198 200/4/199 199/6/200
f 206/8/201 204/7/202 203/9/203
f 210/11/204 208/10/205 207/12/206
f 211/13/207 213/14/208 212/207/209
f 217/17/210 215/16/211 207/12/206
f 221/19/212 219/18/213 218/20/214
f 224/22/215 222/21/216 203/23/203
f 227/25/217 225/24/218 211/26/207
f 230/28/219 228/27/220 199/29/200
f 231/30/221 233/31/222 232/137/223
f 195/1/195 236/33/224 235/161/225
f 241/36/226 239/35/227 238/37/228
f 245/39/229 243/38/230 242/40/231
f 246/41/232 248/42/233 247/237/234
f 250/44/235 252/45/236 251/220/237
f 257/48/238 255/47/239 254/49/240
f 258/50/241 260/51/242 259/221/243
f 250/44/235 243/38/230 262/211/244
f 265/54/245 263/53/246 254/49/240
f 246/55/232 267/57/247 266/56/248
f 258/58/241 269/59/249 268/212/250
f 271/61/251 272/62/252 208/10/205
f 275/65/253 204/64/202 274/66/254
f 278/68/255 200/67/199 276/69/256
f 279/70/257 280/71/258 196/206/197
f 285/74/259 283/73/260 282/75/261
f 289/77/262 287/76/263 286/78/264
f 290/79/265 291/81/266 212/80/209
f 294/83/267 292/82/268 279/70/257
f 201/85/269 295/84/270 276/86/256
f 296/87/271 274/88/254 297/111/272
f 299/90/273 290/91/265 300/125/274
f 304/94/275 302/93/276 301/95/277
f 282/96/261 305/98/278 298/97/279
f 306/99/280 240/100/281 307/169/282
f 308/102/283 229/103/284 309/146/285
f 203/9/203 310/105/286 206/8/201
f 214/15/287 225/107/218 311/108/288
f 205/110/289 312/109/290 297/111/272
f 315/113/291 236/112/224 311/114/288
f 230/28/219 316/115/292 229/116/284
f 210/11/204 240/117/281 241/36/226
f 320/120/293 233/119/222 310/121/286
f 277/123/294 317/122/295 230/28/219
f 296/87/271 322/124/296 278/68/255
f 300/125/274 324/126/297 299/90/273
f 326/127/298 220/128/299 221/19/212
f 224/22/215 327/130/300 223/131/301
f 331/132/302 231/30/221 329/133/303
f 320/120/293 222/134/216 223/135/301
f 316/136/292 220/128/299 332/176/304
f 329/133/303 232/137/223 333/138/305
f 202/5/198 228/139/220 308/140/283
f 221/19/212 334/141/306 326/127/298
f 336/143/307 289/77/262 303/204/308
f 308/102/283 338/145/309 337/185/310
f 333/138/305 340/147/311 339/178/312
f 197/2/196 341/149/313 294/83/267
f 216/150/314 344/151/315 343/233/316
f 346/152/317 226/153/318 227/25/217
f 347/155/319 283/157/260 238/156/228
f 348/158/320 215/16/211 216/150/314
f 315/113/291 225/159/218 226/160/318
f 198/3/321 235/161/225 349/162/322
f 347/155/319 239/163/227 306/164/280
f 350/165/323 217/17/210 272/62/252
f 227/25/217 291/81/266 346/152/317
f 273/63/324 352/166/325 351/234/326
f 306/99/280 354/168/327 353/235/328
f 314/171/329 355/170/330 349/162/322
f 358/172/331 329/133/303 357/173/332
f 359/174/333 223/135/301 327/175/300
f 325/129/334 332/176/304 220/128/299
f 357/173/332 333/138/305 339/178/312
f 202/5/198 337/179/310 269/59/249
f 326/127/298 255/47/239 325/129/334
f 327/130/300 328/181/335 247/180/234
f 362/182/336 326/127/298 334/141/306
f 335/144/337 364/184/338 363/210/339
f 337/185/310 365/186/340 268/215/250
f 339/178/312 366/187/341 262/211/244
f 209/188/342 285/74/259 367/189/343
f 234/32/344 310/105/286 233/31/222
f 237/34/345 311/108/288 236/33/224
f 369/191/346 368/190/347 252/45/236
f 256/192/348 338/145/309 360/177/349
f 280/71/258 214/15/287 237/34/345
f 313/193/350 301/95/277 312/109/290
f 314/171/329 235/161/225 236/112/224
f 317/122/295 219/18/213 316/115/292
f 318/118/351 207/12/206 215/16/211
f 319/148/352 232/137/223 233/119/222
f 287/76/263 317/122/295 321/208/353
f 323/194/354 286/78/264 322/124/296
f 367/189/343 292/82/268 271/61/251
f 332/176/304 229/103/284 316/136/292
f 319/148/352 359/174/333 340/147/311
f 318/195/351 307/169/282 240/100/281
f 314/171/329 370/196/355 356/236/356
f 371/197/357 261/52/358 257/48/238
f 338/145/309 332/176/304 360/177/349
f 366/187/341 249/43/359 253/46/360
f 297/111/272 204/7/202 205/110/289
f 209/188/342 271/61/251 208/10/205
f 373/199/361 244/198/362 245/39/229
f 207/12/206 272/62/252 217/17/210
f 224/22/215 203/23/203 204/64/202
f 284/200/363 238/37/228 283/73/260
f 206/8/201 313/193/350 205/110/289
f 304/94/275 330/201/364 331/132/302
f 374/202/365 224/22/215 275/65/253
f 305/98/278 283/157/260 347/155/319
f 273/63/324 350/165/323 272/62/252
f 375/203/366 331/132/302 358/172/331
f 210/11/204 284/200/363 209/188/342
f 234/32/344 330/201/364 313/193/350
f 271/61/251 293/167/367 273/63/324
f 275/65/253 274/66/254 295/84/270
f 278/68/255 295/89/270 296/87/271
f 282/75/261 299/90/273 285/74/259
f 286/78/264 303/204/308 289/77/262
f 291/81/266 298/97/279 305/98/278
f 297/111/272 323/194/354 296/87/271
f 367/189/343 299/90/273 324/126/297
f 275/65/253 376/205/368 374/202/365
f 304/94/275 336/143/307 303/204/308
f 294/83/267 352/166/325 293/167/367
f 375/203/366 364/184/338 336/143/307
f 312/109/290 302/93/276 323/194/354
f 324/126/297 279/70/257 292/82/268
f 279/70/257 197/2/196 294/83/267
f 201/85/269 276/86/256 200/4/199
f 300/125/274 212/207/209 213/14/208
f 277/123/294 199/29/200 200/67/199
f 237/34/345 196/206/197 280/71/258
f 288/142/369 218/20/214 287/76/263
f 227/25/217 212/80/209 291/81/266
f 278/68/255 321/208/353 277/123/294
f 201/85/269 269/59/249 376/205/368
f 288/142/369 335/144/337 334/141/306
f 198/3/321 342/209/370 197/2/196
f 363/210/339 334/141/306 335/144/337
f 281/72/371 213/14/208 280/71/258
f 286/78/264 321/208/353 322/124/296
f 357/173/332 244/198/362 358/172/331
f 248/42/233 327/175/300 247/237/234
f 325/129/334 256/192/348 360/177/349
f 357/173/332 262/211/244 243/38/230
f 269/59/249 337/179/310 268/212/250
f 361/183/372 254/49/240 255/47/239
f 328/181/335 246/55/232 247/180/234
f 378/213/373 361/183/372 362/182/336
f 379/214/374 364/184/338 380/219/375
f 261/52/358 268/215/250 365/186/340
f 253/46/360 262/211/244 366/187/341
f 257/48/238 365/186/340 256/192/348
f 340/147/311 248/42/233 366/187/341
f 358/172/331 372/216/376 375/203/366
f 381/217/377 328/181/335 374/202/365
f 382/218/378 374/202/365 376/205/368
f 380/219/375 372/216/376 373/199/361
f 270/60/379 376/205/368 269/59/249
f 379/214/374 362/182/336 363/210/339
f 368/190/347 251/220/237 252/45/236
f 370/196/355 259/221/243 260/51/242
f 264/222/380 355/170/330 263/53/246
f 353/224/328 267/57/247 347/155/319
f 378/213/373 384/225/381 383/226/382
f 250/44/235 385/227/383 242/40/231
f 270/60/379 258/58/241 259/228/243
f 386/229/384 242/40/231 385/227/383
f 387/230/385 373/199/361 388/232/386
f 249/43/359 266/231/248 369/191/346
f 257/48/238 263/53/246 371/197/357
f 249/43/359 252/45/236 253/46/360
f 347/155/319 381/217/377 305/98/278
f 388/232/386 245/39/229 386/229/384
f 384/225/381 380/219/375 387/230/385
f 265/54/245 383/226/382 264/222/380
f 342/209/370 384/225/381 341/149/313
f 385/227/383 343/233/316 344/151/315
f 346/152/317 259/228/243 345/154/387
f 350/165/323 385/227/383 344/151/315
f 382/218/378 346/152/317 291/81/266
f 387/230/385 351/234/326 352/166/325
f 381/217/377 291/81/266 305/98/278
f 266/231/248 354/168/327 369/191/346
f 263/53/246 356/236/356 371/197/357
f 354/168/327 348/158/320 368/190/347
f 260/51/242 356/236/356 370/196/355
f 351/234/326 386/229/384 350/165/323
f 341/149/313 387/230/385 352/166/325
f 383/226/382 377/223/388 264/222/380
f 348/158/320 343/233/316 368/190/347
f 370/196/355 226/160/318 345/238/387
f 377/223/388 349/162/322 355/170/330
f 347/155/319 306/164/280 353/224/328
f 389/239/195 391/240/196 392/241/197
f 394/242/198 396/243/199 393/244/200
f 398/245/201 400/246/202 397/247/203
f 402/248/204 404/249/205 401/250/389
f 405/251/207 407/252/208 408/253/209
f 409/254/210 411/255/211 401/250/389
f 413/256/212 415/257/213 412/258/214
f 416/259/215 418/260/216 397/261/203
f 419/262/217 421/24/218 405/26/207
f 422/263/219 424/264/220 393/265/200
f 425/266/221 427/267/222 428/268/223
f 389/239/195 430/269/224 431/270/225
f 433/271/226 435/272/227 432/273/228
f 437/274/229 439/275/230 436/276/231
f 440/277/390 442/278/233 443/279/234
f 444/280/235 446/281/236 447/282/237
f 449/283/238 451/284/239 448/285/240
f 452/286/241 454/287/242 455/288/243
f 444/280/235 439/275/230 456/289/244
f 457/290/245 459/291/246 448/285/240
f 440/292/390 460/293/247 461/294/248
f 452/58/241 463/295/249 464/212/391
f 465/296/251 467/297/252 404/249/205
f 469/298/253 400/299/202 468/300/254
f 471/301/255 396/302/199 470/303/256
f 473/304/257 475/305/258 392/241/197
f 477/306/259 479/307/260 476/308/261
f 481/309/262 483/310/263 480/311/392
f 484/312/265 485/81/266 408/80/209
f 486/313/267 488/314/268 473/304/257
f 395/315/269 489/316/270 470/317/256
f 491/318/271 468/319/254 490/320/272
f 493/321/273 484/322/265 492/323/274
f 496/324/275 498/325/276 495/326/277
f 476/327/261 499/328/278 494/329/279
f 501/330/280 434/331/281 500/332/282
f 503/333/283 423/334/284 502/335/285
f 397/247/203 504/336/286 398/245/201
f 406/337/287 421/338/218 505/339/288
f 399/340/289 507/341/290 490/320/272
f 508/342/291 430/343/224 505/344/288
f 422/263/219 511/345/292 423/346/284
f 402/248/204 434/347/281 433/271/226
f 513/348/293 427/349/222 504/350/286
f 472/351/294 510/352/295 422/263/219
f 491/318/271 517/353/296 471/301/255
f 492/323/274 518/354/297 493/321/273
f 519/355/298 414/356/299 413/256/212
f 416/259/215 522/357/300 417/358/301
f 524/359/302 425/266/221 523/360/303
f 513/348/293 418/361/216 417/362/301
f 511/363/292 414/356/299 526/364/304
f 523/360/303 428/268/223 527/365/305
f 394/242/198 424/366/220 503/367/283
f 413/256/212 528/368/306 519/355/298
f 529/369/307 481/309/262 497/370/308
f 503/333/283 531/371/309 532/372/310
f 527/365/305 533/373/311 534/374/312
f 391/240/196 536/375/313 486/313/267
f 410/376/314 537/377/315 538/378/393
f 539/152/317 420/153/318 419/262/217
f 541/379/319 479/380/260 432/381/228
f 542/382/320 411/255/211 410/376/314
f 508/342/291 421/383/218 420/384/318
f 390/385/321 431/270/225 543/386/394
f 541/379/319 435/387/227 501/388/280
f 544/389/323 409/254/210 467/297/252
f 419/262/217 485/81/266 539/152/317
f 466/390/324 545/391/325 546/392/326
f 501/330/280 547/393/327 548/394/328
f 509/395/329 550/396/330 543/386/394
f 552/397/331 523/360/303 551/398/395
f 553/399/333 417/362/301 522/400/300
f 520/401/334 526/364/304 414/356/299
f 551/398/395 527/365/305 534/374/312
f 394/242/198 532/402/310 463/295/249
f 519/355/298 451/284/239 520/401/334
f 522/357/300 521/403/335 443/404/234
f 556/405/336 519/355/298 528/368/306
f 530/406/337 557/407/338 558/408/339
f 532/372/310 559/409/340 464/410/391
f 534/374/312 560/411/341 456/289/244
f 403/412/342 477/306/259 561/413/343
f 426/414/344 504/336/286 427/267/222
f 429/415/396 505/339/288 430/269/224
f 562/416/346 563/417/347 446/281/236
f 450/418/348 531/371/309 554/419/349
f 475/305/258 406/337/287 429/415/396
f 506/420/350 495/326/277 507/341/290
f 509/395/329 431/270/225 430/343/224
f 510/352/295 415/257/213 511/345/292
f 512/421/351 401/250/389 411/255/211
f 514/422/352 428/268/223 427/349/222
f 483/310/263 510/352/295 515/423/353
f 516/424/354 480/311/392 517/353/296
f 561/413/343 488/314/268 465/296/251
f 526/364/304 423/334/284 511/363/292
f 514/422/352 553/399/333 533/373/311
f 512/425/351 500/332/282 434/331/281
f 509/395/329 564/426/397 549/427/356
f 565/428/357 453/429/358 449/283/238
f 531/371/309 526/364/304 554/419/349
f 560/411/341 441/430/359 445/431/360
f 490/320/272 400/246/202 399/340/289
f 403/412/342 465/296/251 404/249/205
f 566/432/361 438/433/362 437/274/229
f 401/250/389 467/297/252 409/254/210
f 416/259/215 397/261/203 400/299/202
f 478/434/363 432/273/228 479/307/260
f 398/245/201 506/420/350 399/340/289
f 496/324/275 525/435/398 524/359/302
f 568/436/365 416/259/215 469/298/253
f 499/328/278 479/380/260 541/379/319
f 466/390/324 544/389/323 467/297/252
f 569/437/366 524/359/302 552/397/331
f 402/248/204 478/434/363 403/412/342
f 426/414/344 525/435/398 506/420/350
f 465/296/251 487/438/367 466/390/324
f 469/298/253 468/300/254 489/316/270
f 471/301/255 489/439/270 491/318/271
f 476/308/261 493/321/273 477/306/259
f 480/311/392 497/370/308 481/309/262
f 485/81/266 494/329/279 499/328/278
f 490/320/272 516/424/354 491/318/271
f 561/413/343 493/321/273 518/354/297
f 469/298/253 570/205/368 568/436/365
f 496/324/275 529/369/307 497/370/308
f 486/313/267 545/391/325 487/438/367
f 569/437/366 557/407/338 529/369/307
f 507/341/290 498/325/276 516/424/354
f 518/354/297 473/304/257 488/314/268
f 473/304/257 391/240/196 486/313/267
f 395/315/269 470/317/256 396/243/199
f 492/323/274 408/253/209 407/252/208
f 472/351/294 393/265/200 396/302/199
f 429/415/396 392/241/197 475/305/258
f 482/440/369 412/258/214 483/310/263
f 419/262/217 408/80/209 485/81/266
f 471/301/255 515/423/353 472/351/294
f 395/315/269 463/295/249 570/205/368
f 482/440/369 530/406/337 528/368/306
f 390/385/321 535/441/370 391/240/196
f 558/408/339 528/368/306 530/406/337
f 474/442/371 407/252/208 475/305/258
f 480/311/392 515/423/353 517/353/296
f 551/398/395 438/433/362 552/397/331
f 442/278/233 522/400/300 443/279/234
f 520/401/334 450/418/348 554/419/349
f 551/398/395 456/289/244 439/275/230
f 463/295/249 532/402/310 464/212/391
f 555/443/372 448/285/240 451/284/239
f 521/403/335 440/292/390 443/404/234
f 572/444/373 555/443/372 556/405/336
f 574/445/374 557/407/338 573/446/375
f 453/429/358 464/410/391 559/409/340
f 445/431/360 456/289/244 560/411/341
f 449/283/238 559/409/340 450/418/348
f 533/373/311 442/278/233 560/411/341
f 552/397/331 567/447/376 569/437/366
f 575/448/377 521/403/335 568/436/365
f 576/218/378 568/436/365 570/205/368
f 573/446/375 567/447/376 566/432/361
f 462/60/379 570/205/368 463/295/249
f 574/445/374 556/405/336 558/408/339
f 563/417/347 447/282/237 446/281/236
f 564/426/397 455/288/243 454/287/242
f 458/449/380 550/396/330 459/291/246
f 548/450/328 460/293/247 541/379/319
f 572/444/373 578/451/381 577/452/382
f 444/280/235 579/453/383 436/276/231
f 462/60/379 452/58/241 455/454/243
f 580/455/384 436/276/231 579/453/383
f 581/456/385 566/432/361 582/457/386
f 441/430/359 461/458/248 562/416/346
f 449/283/238 459/291/246 565/428/357
f 441/430/359 446/281/236 445/431/360
f 541/379/319 575/448/377 499/328/278
f 582/457/386 437/274/229 580/455/384
f 578/451/381 573/446/375 581/456/385
f 457/290/245 577/452/382 458/449/380
f 535/441/370 578/451/381 536/375/313
f 579/453/383 538/378/393 537/377/315
f 539/152/317 455/454/243 540/154/387
f 544/389/323 579/453/383 537/377/315
f 576/218/378 539/152/317 485/81/266
f 581/456/385 546/392/326 545/391/325
f 575/448/377 485/81/266 499/328/278
f 461/458/248 547/393/327 562/416/346
f 459/291/246 549/427/356 565/428/357
f 547/393/327 542/382/320 563/417/347
f 454/287/242 549/427/356 564/426/397
f 546/392/326 580/455/384 544/389/323
f 536/375/313 581/456/385 545/391/325
f 577/452/382 571/459/388 458/449/380
f 542/382/320 538/378/393 563/417/347
f 564/426/397 420/384/318 540/460/387
f 571/459/388 543/386/394 550/396/330
f 541/379/319 501/388/280 548/450/328
f 629/461/399 789/462/400 632/463/401
f 652/464/402 583/465/403 651/466/404
f 636/467/405 815/468/406 816/469/407
f 641/470/408 790/471/409 642/472/410
f 654/473/411 809/474/412 810/475/413
f 769/476/414 734/477/415 768/478/416
f 747/479/417 770/480/418 771/481/419
f 651/482/420 634/483/421 652/484/421
f 663/485/422 667/486/423 662/487/424
f 664/488/425 711/489/426 660/490/427
f 659/491/428 656/492/429 673/493/430
f 632/494/431 616/495/432 617/496/433
f 599/497/434 623/498/435 583/465/403
f 790/499/436 639/500/437 618/501/438
f 741/502/439 650/503/440 731/504/441
f 749/505/442 646/506/443 669/507/444
f 669/508/445 730/509/446 666/510/447
f 641/470/408 669/507/444 646/506/443
f 769/476/414 732/511/448 733/512/449
f 664/488/425 661/513/450 663/485/422
f 790/499/436 619/514/451 642/515/452
f 729/516/453 827/517/454 730/518/455
f 853/519/456 668/520/457 585/521/458
f 850/522/459 603/523/460 587/524/461
f 668/525/462 854/526/463 730/509/464
f 852/527/465 585/521/458 584/528/466
f 831/529/467 675/530/468 674/531/469
f 834/532/470 880/533/471 675/534/472
f 674/535/473 602/536/474 828/537/475
f 631/538/476 675/530/468 676/539/477
f 832/540/478 656/492/429 833/541/479
f 602/536/474 620/542/480 828/537/475
f 656/543/481 898/544/482 897/545/483
f 673/546/484 832/547/485 826/548/486
f 680/549/487 835/550/488 828/537/475
f 672/551/489 894/552/490 893/553/491
f 829/554/492 681/555/493 680/556/494
f 789/462/400 818/557/495 819/558/496
f 830/559/497 876/560/498 681/561/499
f 824/562/500 679/563/501 672/564/501
f 819/565/502 616/495/432 789/566/503
f 679/567/504 825/568/505 826/548/486
f 688/569/506 601/570/507 589/571/508
f 689/572/509 690/573/510 691/574/511
f 589/571/508 601/570/507 621/575/512
f 678/576/513 890/577/514 684/578/515
f 696/579/516 688/580/517 695/581/518
f 793/582/519 682/583/520 683/584/521
f 872/585/522 690/586/523 696/587/524
f 685/588/525 686/589/526 684/590/526
f 793/591/527 614/592/528 792/593/529
f 686/594/530 694/595/531 718/596/532
f 688/569/506 591/597/533 695/598/534
f 591/597/533 589/571/508 621/575/512
f 684/578/515 889/599/535 685/600/536
f 707/601/537 695/581/518 705/602/537
f 794/603/538 683/584/521 692/604/539
f 696/587/524 871/605/540 872/585/522
f 685/588/525 703/606/541 694/607/525
f 794/608/542 628/609/543 793/591/527
f 694/595/531 703/610/544 718/596/532
f 596/611/545 704/612/546 705/613/547
f 704/614/548 707/601/537 705/602/537
f 596/611/545 622/615/549 593/616/550
f 700/617/551 886/618/552 902/619/553
f 634/483/421 704/614/548 652/484/421
f 699/620/554 698/621/555 795/622/556
f 706/623/557 869/624/558 870/625/559
f 883/626/560 700/627/561 882/628/562
f 795/629/563 626/630/564 699/631/565
f 702/632/566 883/633/567 721/634/568
f 794/603/538 697/635/539 699/620/554
f 706/623/557 871/605/540 707/636/569
f 884/637/570 703/606/541 693/638/541
f 699/631/565 627/639/571 794/608/542
f 703/610/544 721/634/568 718/596/532
f 695/598/534 596/611/545 705/613/547
f 596/611/545 591/597/533 621/575/512
f 685/600/536 888/640/572 693/641/573
f 704/612/546 599/497/434 652/464/402
f 599/497/434 593/616/550 622/615/549
f 701/642/574 882/643/575 903/644/576
f 796/645/577 698/621/555 708/646/578
f 633/647/579 869/624/558 634/648/580
f 709/649/581 658/650/582 701/651/583
f 796/652/584 625/653/585 795/629/563
f 658/654/586 723/655/587 721/634/568
f 677/656/588 792/657/589 791/658/496
f 690/586/523 874/659/590 691/660/591
f 684/590/526 687/661/592 678/662/592
f 792/593/529 615/663/593 791/664/594
f 687/665/595 686/594/530 718/596/532
f 689/666/596 828/537/475 601/570/507
f 601/570/507 620/542/480 621/575/512
f 824/667/597 891/668/598 678/576/513
f 649/669/599 753/670/600 671/671/601
f 653/672/602 635/673/603 636/467/405
f 802/674/604 639/675/605 790/471/409
f 710/676/606 812/677/607 803/678/606
f 767/679/608 817/680/609 735/681/610
f 659/491/428 665/682/611 712/683/612
f 639/500/437 617/496/433 618/501/438
f 711/684/613 659/685/614 729/516/453
f 664/686/615 899/687/616 665/688/617
f 638/689/618 639/675/605 713/690/619
f 766/691/620 735/681/610 736/692/621
f 712/693/622 899/687/616 898/544/482
f 701/642/574 904/694/623 709/695/624
f 660/696/625 711/684/613 729/516/453
f 661/697/626 660/696/625 729/516/453
f 662/698/627 728/699/628 663/700/629
f 730/509/464 662/487/630 667/486/631
f 667/701/632 729/516/453 730/518/455
f 663/700/629 900/702/633 664/686/615
f 611/703/634 714/704/635 726/705/636
f 604/706/637 715/707/638 613/708/639
f 605/709/640 716/710/641 604/706/637
f 607/711/642 719/712/643 606/713/644
f 606/713/644 717/714/645 605/709/640
f 607/711/642 722/715/646 720/716/647
f 612/717/648 913/718/649 714/704/635
f 610/719/650 725/720/651 724/721/652
f 610/719/650 726/705/636 725/720/651
f 609/722/653 728/699/628 901/723/654
f 610/719/650 728/699/628 609/722/653
f 595/724/655 826/548/486 718/596/532
f 613/708/639 847/725/656 604/706/637
f 604/706/637 846/726/657 605/709/640
f 606/713/644 844/727/658 607/711/642
f 598/728/659 718/596/532 721/634/568
f 605/709/640 845/729/660 606/713/644
f 843/730/661 607/711/642 844/727/658
f 586/731/662 721/634/568 723/655/587
f 850/522/459 822/732/663 612/717/648
f 852/527/465 611/703/634 610/719/650
f 859/733/664 617/496/433 616/495/432
f 932/734/665 623/498/435 622/615/549
f 619/514/451 855/735/666 669/736/667
f 857/737/668 619/514/451 618/501/438
f 808/738/669 934/739/670 620/542/480
f 615/663/593 860/740/671 820/741/672
f 628/609/543 862/742/673 614/592/528
f 627/639/571 863/743/674 628/609/543
f 933/744/675 622/615/549 621/575/512
f 865/745/676 625/653/585 866/746/677
f 626/630/564 864/747/678 627/639/571
f 867/748/679 625/653/585 624/749/680
f 614/592/528 861/750/681 615/663/593
f 858/751/682 618/501/438 617/496/433
f 602/536/474 631/752/683 739/753/684
f 736/692/621 787/754/685 788/755/686
f 642/515/452 619/514/451 669/736/667
f 740/756/687 666/510/447 798/757/688
f 739/758/689 676/539/477 738/759/690
f 638/689/618 632/463/691 797/760/692
f 629/761/693 880/533/471 630/762/694
f 673/546/484 729/516/453 659/685/614
f 785/763/695 734/477/415 733/512/449
f 760/764/696 783/765/697 747/479/417
f 741/502/439 742/766/698 648/767/699
f 798/768/700 935/769/701 763/770/702
f 784/771/703 733/512/449 732/511/448
f 779/772/704 751/773/705 754/774/706
f 811/775/707 817/680/609 734/477/415
f 786/776/708 736/692/621 735/681/610
f 636/777/709 739/753/684 653/778/710
f 788/755/686 766/691/620 736/692/621
f 739/758/689 637/779/711 653/780/712
f 752/781/713 743/782/714 650/503/440
f 778/783/715 754/774/706 777/784/716
f 781/785/717 751/773/705 780/786/718
f 771/481/419 760/764/696 747/479/417
f 749/505/442 762/787/719 647/788/720
f 764/789/721 807/790/722 748/791/723
f 784/771/703 747/479/417 783/765/697
f 915/792/724 758/793/725 670/794/726
f 775/795/727 751/773/705 774/796/728
f 745/797/729 649/669/599 671/671/601
f 746/798/730 743/782/714 744/799/731
f 776/800/732 754/774/706 775/795/727
f 746/798/730 758/793/725 755/801/733
f 774/796/728 757/802/734 773/803/735
f 756/804/736 750/805/737 745/797/729
f 782/806/738 757/802/734 781/785/717
f 773/803/735 760/764/696 772/807/739
f 647/788/720 759/808/740 756/804/736
f 636/777/709 816/809/741 602/536/474
f 803/810/742 812/811/743 602/536/474
f 654/812/744 810/813/745 808/738/669
f 655/814/746 914/815/747 808/738/669
f 638/816/748 765/817/749 629/818/693
f 713/819/750 766/691/620 638/816/748
f 713/819/750 801/820/751 767/679/608
f 641/821/752 768/478/416 640/822/753
f 646/823/754 769/476/414 641/821/752
f 749/824/755 770/480/418 646/823/754
f 749/824/755 772/807/739 771/481/419
f 647/825/756 773/803/735 772/807/739
f 745/826/757 773/803/735 756/827/758
f 671/828/759 774/796/728 745/826/757
f 671/828/759 753/829/760 775/795/727
f 753/829/760 776/800/732 775/795/727
f 731/830/761 776/800/732 742/831/762
f 650/832/763 777/784/716 731/830/761
f 650/832/763 743/833/764 778/783/715
f 743/833/764 779/772/704 778/783/715
f 755/834/765 780/786/718 779/772/704
f 758/835/766 780/786/718 755/834/765
f 761/836/767 781/785/717 758/835/766
f 748/837/768 782/806/738 761/836/767
f 807/838/769 783/765/697 748/837/768
f 809/839/770 785/763/695 644/840/771
f 805/841/772 811/775/707 643/842/773
f 737/843/774 787/754/685 635/844/775
f 737/843/774 765/817/749 788/755/686
f 799/845/744 804/846/776 808/738/669
f 802/847/777 768/478/416 801/820/751
f 800/848/778 813/849/779 806/850/780
f 710/851/781 814/852/782 786/776/708
f 805/841/772 800/848/778 806/850/780
f 804/846/776 654/812/744 808/738/669
f 644/840/771 784/771/703 807/838/769
f 810/813/745 655/814/746 808/738/669
f 809/839/770 643/842/773 811/775/707
f 808/738/669 812/811/743 799/845/744
f 813/849/779 786/776/708 806/850/780
f 816/809/741 803/810/742 602/536/474
f 787/754/685 815/853/783 635/844/775
f 806/850/780 735/681/610 817/680/609
f 768/478/416 817/680/609 801/820/751
f 929/854/784 918/855/785 919/856/786
f 740/756/787 798/757/788 763/857/789
f 810/475/413 644/858/790 655/859/791
f 804/860/792 643/861/793 654/473/411
f 799/862/794 805/863/792 804/860/792
f 812/677/607 800/864/794 799/862/794
f 816/469/407 710/676/606 803/678/606
f 740/756/787 645/865/795 764/866/796
f 689/572/509 830/867/797 829/554/492
f 791/658/496 818/557/495 677/656/588
f 691/660/591 875/868/798 830/559/497
f 678/662/592 825/869/500 824/562/500
f 791/664/594 820/741/672 819/565/502
f 825/568/505 718/596/532 826/548/486
f 829/870/799 680/549/487 828/537/475
f 672/551/489 892/871/800 824/667/597
f 613/708/639 823/872/801 822/732/663
f 600/873/802 849/874/803 821/875/804
f 859/733/664 821/875/804 587/524/461
f 933/744/675 827/517/454 595/724/655
f 839/876/805 831/529/467 842/877/806
f 839/878/807 879/879/808 834/532/470
f 841/880/809 833/541/479 840/881/810
f 832/547/485 841/882/811 826/548/486
f 831/883/812 674/535/473 828/537/475
f 833/884/813 897/545/483 896/885/814
f 835/550/488 842/886/815 828/537/475
f 837/887/816 895/888/817 894/552/490
f 681/555/493 835/889/818 680/556/494
f 838/890/819 876/560/498 877/891/820
f 679/563/501 837/892/821 672/564/501
f 836/893/822 679/567/504 826/548/486
f 842/877/806 838/894/823 839/876/805
f 839/878/807 877/891/820 878/895/824
f 836/896/821 840/881/810 837/892/821
f 841/882/811 836/893/822 826/548/486
f 842/886/815 831/883/812 828/537/475
f 840/897/825 896/885/814 895/888/817
f 609/722/653 854/898/826 853/519/456
f 612/717/648 851/899/827 850/522/459
f 854/526/463 901/900/828 730/509/464
f 610/719/650 853/519/456 852/527/465
f 848/901/829 588/902/830 847/725/656
f 847/725/656 590/903/831 846/726/657
f 592/904/832 845/729/660 594/905/833
f 594/905/833 846/726/657 590/903/831
f 592/904/832 843/730/661 844/727/658
f 587/524/461 849/874/803 850/522/459
f 584/528/466 851/899/827 852/527/465
f 822/732/663 848/901/829 613/708/639
f 587/524/461 858/751/682 859/733/664
f 585/521/458 855/735/666 856/906/834
f 855/907/835 668/525/836 730/509/446
f 584/528/466 856/906/834 857/737/668
f 861/750/681 821/875/804 860/740/671
f 863/743/674 588/902/830 862/742/673
f 864/747/678 590/903/831 863/743/674
f 597/908/837 865/745/676 866/746/677
f 594/905/833 865/745/676 592/904/832
f 1253/909/838 866/746/677 867/748/679
f 862/742/673 600/873/802 861/750/681
f 603/523/460 857/737/668 858/751/682
f 859/733/664 820/741/672 860/740/671
f 879/879/808 630/762/694 880/533/471
f 875/868/798 630/762/694 876/560/498
f 682/910/839 872/585/522 683/911/840
f 692/912/841 872/585/522 871/605/540
f 698/913/842 870/625/559 869/624/558
f 697/914/843 871/605/540 870/625/559
f 698/913/842 868/915/844 708/916/845
f 873/917/846 677/918/847 874/659/590
f 676/919/848 880/533/471 881/920/849
f 874/659/590 818/921/850 875/868/798
f 878/895/824 630/762/694 879/879/808
f 876/560/498 630/762/694 877/891/820
f 877/891/820 630/762/694 878/895/824
f 700/617/551 903/644/576 882/643/575
f 658/650/582 882/628/562 701/651/583
f 883/633/567 658/654/586 721/634/568
f 884/922/851 693/641/573 888/640/572
f 884/637/570 887/923/852 885/924/853
f 885/925/854 887/926/855 721/634/568
f 884/922/851 902/619/553 886/618/552
f 886/927/856 702/928/857 887/923/852
f 887/926/855 702/632/566 721/634/568
f 726/705/636 897/545/483 898/544/482
f 913/718/649 894/552/490 714/704/635
f 891/668/598 716/710/641 890/577/514
f 890/577/514 717/714/645 889/599/535
f 889/599/535 719/712/643 888/640/572
f 892/871/800 715/707/638 891/668/598
f 900/702/633 725/720/651 899/687/616
f 725/720/651 898/544/482 899/687/616
f 728/699/628 724/721/652 900/702/633
f 897/545/483 714/704/635 896/885/814
f 895/888/817 714/704/635 894/552/490
f 896/885/814 714/704/635 895/888/817
f 888/640/572 720/716/647 902/619/553
f 720/716/647 903/644/576 902/619/553
f 722/715/646 904/694/623 903/644/576
f 906/929/858 912/930/859 905/931/860
f 737/843/774 906/929/858 905/931/860
f 637/932/861 906/929/858 635/844/775
f 738/933/862 907/934/863 637/932/861
f 738/933/862 909/935/864 908/936/865
f 881/937/849 909/935/864 676/938/848
f 881/937/849 911/939/866 910/940/867
f 737/843/774 911/939/866 629/818/693
f 908/936/865 910/940/867 912/930/859
f 911/939/866 912/930/859 910/940/867
f 907/934/863 912/930/859 906/929/858
f 823/872/801 893/553/491 913/718/649
f 822/732/663 913/718/649 612/717/648
f 648/767/699 742/766/698 753/670/600
f 644/858/790 914/941/868 655/859/791
f 748/942/869 915/792/724 764/943/870
f 764/789/721 645/944/871 914/941/868
f 762/945/872 669/508/873 916/946/874
f 740/756/875 916/946/874 669/508/873
f 764/866/876 917/947/877 740/756/875
f 764/866/876 919/856/786 918/855/785
f 915/948/878 920/949/879 919/856/786
f 670/950/880 921/951/710 920/949/879
f 744/952/710 921/951/710 746/953/710
f 744/952/710 752/954/881 922/955/710
f 752/954/881 923/956/882 922/955/710
f 648/957/883 923/956/882 741/958/884
f 649/959/885 924/960/886 648/957/883
f 750/961/887 925/962/888 649/959/885
f 750/961/887 927/963/889 926/964/890
f 762/945/872 927/963/889 759/965/891
f 927/963/889 928/966/892 926/964/890
f 920/949/879 929/854/784 919/856/786
f 921/951/710 930/967/893 920/949/879
f 929/854/784 926/964/890 928/966/892
f 924/960/886 929/854/784 930/967/893
f 923/956/882 930/967/893 922/955/710
f 917/947/877 928/966/892 916/946/874
f 598/728/659 931/968/894 932/734/665
f 730/518/455 934/739/670 935/769/701
f 595/724/655 932/734/665 933/744/675
f 933/744/675 620/542/480 934/739/670
f 666/969/895 730/518/455 935/769/701
f 798/768/700 666/969/895 935/769/701
f 935/769/701 645/970/896 763/770/702
f 935/769/701 914/815/747 645/970/896
f 597/908/837 1274/971/897 843/730/661
f 727/972/898 608/973/899 1275/974/900
f 608/973/899 1274/971/897 1275/974/900
f 936/975/901 938/976/902 937/977/903
f 583/978/403 940/979/904 651/980/404
f 945/468/905 943/467/906 942/469/907
f 946/981/908 948/982/909 947/983/910
f 953/474/911 951/473/912 950/475/913
f 957/984/914 955/985/915 954/986/916
f 960/987/917 958/988/918 961/989/919
f 962/990/920 651/482/420 940/991/920
f 966/992/921 964/993/922 963/994/923
f 967/995/924 969/996/925 968/997/926
f 974/998/927 972/999/928 971/1000/929
f 976/1001/930 938/1002/931 939/1003/932
f 623/1004/435 941/1005/933 583/978/403
f 948/1006/934 980/1007/935 979/1008/936
f 981/1009/937 983/1010/938 982/1011/939
f 985/1012/940 987/1013/941 986/1014/942
f 987/1015/943 989/1016/944 988/1017/945
f 949/1018/946 986/1014/942 987/1013/941
f 955/985/915 961/989/919 958/988/918
f 965/1019/947 967/995/924 964/993/922
f 991/1020/948 948/1006/934 949/1021/949
f 994/1022/950 992/1023/951 989/1024/952
f 998/1025/953 996/1026/954 995/1027/955
f 1002/1028/956 1000/1029/957 999/1030/958
f 998/1031/959 989/1016/960 997/1032/961
f 995/1027/955 1004/1033/962 1003/1034/963
f 1008/1035/964 1006/1036/965 1005/1037/966
f 1010/1038/967 1007/1039/968 1008/1040/969
f 1005/1041/970 1012/1042/971 1011/1043/972
f 1011/1044/973 1008/1035/964 1005/1037/966
f 1016/1045/974 974/998/927 971/1000/929
f 1018/1046/975 1012/1042/971 1013/1047/976
f 974/1048/977 1019/1049/978 973/1050/979
f 971/1051/980 993/1052/981 1016/1053/982
f 1021/1054/983 1013/1047/976 1022/1055/984
f 1023/1056/985 1025/1057/986 1024/1058/987
f 1029/1059/988 1027/1060/989 1021/1061/990
f 1030/1062/991 937/977/903 938/976/902
f 1033/1063/992 1028/1064/993 1029/1065/994
f 1035/1066/995 1023/1067/996 1036/1068/996
f 975/1069/997 1030/1070/998 938/1002/931
f 1036/1071/999 993/1052/981 1035/1072/1000
f 1038/1073/1001 1040/1074/1002 1039/1075/1003
f 1039/1076/1004 1042/1077/1005 1038/1078/1006
f 1041/1079/1007 1044/1080/1008 1040/1074/1002
f 1048/1081/1009 1046/1082/1010 1045/1083/1011
f 1050/1084/1012 1038/1078/1006 1042/1077/1005
f 1054/1085/1013 1052/1086/1014 1051/1087/1015
f 1055/1088/1016 1042/1089/1017 1056/1090/1018
f 1059/1091/1019 1057/1092/1020 1045/1093/1019
f 1061/1094/1021 1051/1095/1022 1052/1096/1023
f 1059/1097/1024 1062/1098/1025 1058/1099/1026
f 1063/1100/1027 1038/1073/1001 1049/1101/1028
f 1063/1100/1027 1044/1080/1008 1041/1079/1007
f 1064/1102/1029 1045/1083/1011 1057/1103/1030
f 1050/1084/1012 1065/1104/1031 1049/1105/1032
f 1068/1106/1033 1051/1087/1015 1067/1107/1034
f 1050/1108/1035 1069/1109/1036 1066/1110/1037
f 1058/1111/1020 1070/1112/1038 1057/1092/1020
f 1060/1113/1039 1067/1114/1040 1051/1095/1022
f 1058/1099/1026 1062/1098/1025 1071/1115/1041
f 1074/1116/1042 1073/1117/1043 1075/1118/1044
f 1066/1119/1031 1073/1120/1045 1065/1104/1031
f 978/1121/1046 1074/1116/1042 1075/1118/1044
f 1077/1122/1047 1079/1123/1048 1078/1124/1049
f 962/990/920 1073/1120/1045 1076/1125/1045
f 1080/1126/1050 1082/1127/1051 1081/1128/1052
f 1076/1129/1053 1084/1130/1054 962/1131/1055
f 1087/1132/1056 1077/1133/1057 1088/1134/1058
f 1090/1135/1059 1080/1136/1060 1081/1137/1061
f 1088/1138/1062 1091/1139/1063 1087/1140/1064
f 1068/1106/1033 1081/1128/1052 1082/1127/1051
f 1069/1109/1036 1076/1129/1053 1066/1110/1037
f 1071/1141/1038 1092/1142/1065 1070/1112/1038
f 1072/1143/1066 1081/1137/1061 1067/1114/1040
f 1071/1115/1041 1091/1139/1063 1093/1144/1067
f 1074/1116/1042 1049/1101/1028 1065/1145/1068
f 1074/1116/1042 1044/1080/1008 1063/1100/1027
f 1094/1146/1069 1057/1103/1030 1070/1147/1070
f 941/1005/933 1073/1117/1043 940/979/904
f 941/1005/933 978/1121/1046 1075/1118/1044
f 1095/1148/1071 1096/1149/1072 1086/1150/1073
f 708/646/578 1080/1126/1050 796/645/577
f 1084/1130/1054 633/1151/579 962/1131/1055
f 1097/1152/1074 709/1153/581 1095/1154/1075
f 1089/1155/1076 796/652/584 1080/1136/1060
f 1097/1156/1077 723/1157/587 657/1158/1078
f 1099/1159/1079 1052/1086/1014 1053/1160/1080
f 1100/1161/1081 1042/1089/1017 1043/1162/1082
f 1101/1163/1083 1045/1093/1019 1046/1164/1083
f 1102/1165/1084 1052/1096/1023 1098/1166/1085
f 1101/1167/1086 1062/1098/1025 1059/1097/1024
f 1039/1075/1003 1013/1047/976 1027/1168/1087
f 1040/1074/1002 1018/1046/975 1013/1047/976
f 1047/1169/1088 1034/1170/1089 1046/1082/1010
f 1106/1171/1090 1104/1172/1091 1107/1173/1092
f 944/673/1093 1108/672/1094 943/467/906
f 948/982/909 1111/1174/1095 1110/1175/1096
f 1114/676/1097 1112/677/1098 1115/1176/1098
f 1116/1177/1099 1118/1178/1100 1117/1179/1101
f 972/999/928 968/997/926 969/996/925
f 979/1008/936 976/1001/930 977/1180/1102
f 969/1181/1103 992/1023/951 972/1182/1104
f 1121/1183/1105 967/1184/1106 968/1185/1107
f 979/1186/1108 1122/1187/1109 1111/1174/1095
f 1123/1188/1110 1119/1189/1111 1116/1177/1099
f 973/1050/979 1121/1183/1105 968/1185/1107
f 904/694/623 1095/1148/1071 709/695/624
f 970/1190/1112 992/1023/951 969/1181/1103
f 965/1191/1113 992/1023/951 970/1190/1112
f 1126/1192/1114 963/1193/1115 964/1194/1116
f 963/994/1117 989/1016/960 966/992/1118
f 966/1195/1119 992/1023/951 965/1191/1113
f 1120/1196/1120 964/1194/1116 967/1184/1106
f 1127/1197/1121 1129/1198/1122 1128/1199/1123
f 1134/1200/1124 1132/1201/1125 1131/1202/1126
f 1133/1203/1127 1135/1204/1128 1132/1201/1125
f 1140/1205/1129 1138/1206/1130 1137/1207/1131
f 1136/1208/1132 1137/1207/1131 1135/1204/1128
f 1138/1206/1130 1142/1209/1133 1141/1210/1134
f 1128/1199/1123 1129/1198/1122 1143/1211/1135
f 1144/1212/1136 1146/1213/1137 1145/1214/1138
f 1144/1212/1136 1130/1215/1139 1127/1197/1121
f 1147/1216/1140 1125/1217/1141 1126/1192/1114
f 1144/1212/1136 1126/1192/1114 1146/1213/1137
f 993/1052/981 1148/1218/1142 1062/1098/1025
f 1131/1202/1126 1150/1219/1143 1149/1220/1144
f 1132/1201/1125 1151/1221/1145 1150/1219/1143
f 1137/1207/1131 1153/1222/1146 1152/1223/1147
f 1062/1098/1025 1154/1224/1148 1091/1139/1063
f 1135/1204/1128 1152/1223/1147 1151/1221/1145
f 1155/1225/1149 1138/1206/1130 1141/1210/1134
f 1091/1139/1063 586/1226/662 723/1157/587
f 1157/1227/1150 1000/1029/957 1128/1199/1123
f 1127/1197/1121 1004/1033/962 1144/1212/1136
f 976/1001/930 1158/1228/1151 975/1069/997
f 623/1004/435 1160/1229/1152 978/1121/1046
f 991/1020/948 988/1230/1153 1161/1231/1154
f 991/1020/948 1162/1232/1155 980/1007/935
f 1017/1233/1156 1164/1234/1157 1163/1235/1158
f 1102/1165/1084 1166/1236/1159 1165/1237/1160
f 1060/1113/1039 1168/1238/1161 1167/1239/1162
f 1072/1143/1066 1167/1239/1162 1169/1240/1163
f 978/1121/1046 1170/1241/1164 1044/1080/1008
f 1172/1242/1165 1089/1155/1076 1090/1135/1059
f 1090/1135/1059 1169/1240/1163 1172/1242/1165
f 1089/1155/1076 867/748/679 624/749/680
f 1061/1094/1021 1165/1237/1160 1168/1238/1161
f 980/1007/935 1159/1243/1166 976/1001/930
f 1012/1042/971 1173/1244/1167 1011/1043/972
f 1124/1245/1168 1174/1246/1169 1176/1247/1170
f 949/1021/949 987/1248/1171 991/1020/948
f 1178/1249/1172 990/1250/1173 987/1015/943
f 1173/1251/1174 1014/1252/1175 1011/1044/973
f 1122/1187/1109 939/1253/1176 936/975/1177
f 1010/1038/967 936/1254/1178 937/1255/1179
f 992/1023/951 971/1051/980 972/1182/1104
f 957/984/914 1181/1256/1180 956/1257/1181
f 1183/1258/1182 1185/1259/1183 1184/1260/1184
f 1186/1261/1185 981/1009/937 1107/1173/1092
f 1177/1262/1186 1187/1263/1187 1163/1235/1158
f 956/1257/1181 1188/1264/1188 961/989/919
f 1192/1265/1189 1190/1266/1190 1189/1267/1191
f 1118/1178/1100 1182/1268/1192 957/984/914
f 1124/1245/1168 1194/1269/1193 1119/1189/1111
f 943/1270/1194 1173/1244/1167 1012/1042/971
f 1175/1271/1195 1123/1188/1110 1195/1272/1196
f 1109/1273/1197 1173/1251/1174 1108/1274/1198
f 982/1011/939 1197/1275/1199 1196/1276/1200
f 1198/1277/1201 1189/1267/1191 1190/1266/1190
f 1192/1265/1189 1200/1278/1202 1191/1279/1203
f 959/1280/1204 1183/1258/1182 1202/1281/1205
f 1204/1282/1206 985/1012/940 1203/1283/1207
f 1205/789/1208 1207/790/1209 1206/941/1210
f 960/987/917 1188/1264/1188 1185/1259/1183
f 1212/1284/1211 1210/1285/1212 1209/1286/1213
f 1192/1265/1189 1214/1287/1214 1213/1288/1215
f 1106/1171/1090 1215/1289/1216 1105/1290/1217
f 1197/1275/1199 1217/1291/1218 1196/1276/1200
f 1189/1267/1191 1219/1292/1219 1214/1287/1214
f 1217/1291/1218 1212/1284/1211 1209/1286/1213
f 1201/1293/1220 1213/1288/1215 1220/1294/1221
f 1216/1295/1222 1221/1296/1223 1215/1289/1216
f 1201/1293/1220 1184/1260/1184 1200/1278/1202
f 1183/1258/1182 1220/1294/1221 1202/1281/1205
f 1222/1297/1224 1203/1283/1207 1221/1296/1223
f 943/1270/1194 1012/1042/971 942/1298/1225
f 1113/1299/1226 1012/1042/971 1112/1300/1227
f 951/1301/1228 1017/1233/1156 950/1302/1229
f 1223/1303/1230 1017/1233/1156 1206/1304/1231
f 1195/1272/1196 1122/1305/1232 936/1306/1178
f 1123/1188/1110 1111/1307/1233 1122/1305/1232
f 1111/1307/1233 1117/1179/1101 1110/1308/777
f 954/986/916 946/1309/1234 947/1310/777
f 955/985/915 986/1311/1235 946/1309/1234
f 958/988/918 985/1312/1236 986/1311/1235
f 985/1312/1236 1202/1281/1205 1203/1313/1237
f 1203/1313/1237 1220/1294/1221 1221/1314/1238
f 1220/1294/1221 1215/1315/1239 1221/1314/1238
f 1213/1288/1215 1105/1316/1240 1215/1315/1239
f 1105/1316/1240 1214/1287/1214 1104/1317/1241
f 1104/1317/1241 1219/1292/1219 1186/1318/1242
f 1219/1292/1219 984/1319/1243 1186/1318/1242
f 1199/1320/1244 983/1321/1245 984/1319/1243
f 983/1321/1245 1198/1277/1201 1197/1322/1246
f 1197/1322/1246 1190/1266/1190 1218/1323/1247
f 1218/1323/1247 1190/1266/1190 1191/1279/1203
f 1191/1279/1203 1212/1324/1248 1218/1323/1247
f 1200/1278/1202 1211/1325/1249 1212/1324/1248
f 1184/1260/1184 1208/1326/1250 1211/1325/1249
f 1185/1259/1183 1207/1327/1251 1208/1326/1250
f 1181/1256/1180 953/1328/1252 1224/1329/1253
f 1182/1268/1192 1225/1330/1254 952/1331/1255
f 1174/1246/1169 1226/1332/1256 944/1333/1257
f 1226/1332/1256 1195/1272/1196 936/1306/1178
f 1227/1334/1228 1017/1233/1156 1228/1335/1258
f 1110/1308/777 954/986/916 947/1310/777
f 1229/1336/1259 1193/1337/1260 1115/1338/1261
f 1114/1339/1262 1176/1247/1170 945/1340/1263
f 1225/1330/1254 1193/1337/1260 1229/1336/1259
f 1228/1335/1258 1017/1233/1156 951/1301/1228
f 1188/1264/1188 1224/1329/1253 1207/1327/1251
f 950/1302/1229 1017/1233/1156 1223/1303/1230
f 953/1328/1252 1182/1268/1192 952/1331/1255
f 1017/1233/1156 1112/1300/1227 1012/1042/971
f 1115/1338/1261 1194/1269/1193 1114/1339/1262
f 942/1298/1225 1012/1042/971 1113/1299/1226
f 1174/1246/1169 945/1340/1263 1176/1247/1170
f 1193/1337/1260 1119/1189/1111 1194/1269/1193
f 1118/1178/1100 954/986/916 1117/1179/1101
f 1233/1341/1264 1231/1342/1265 1230/1343/786
f 1178/1249/1266 1187/1344/1267 1177/1345/1268
f 1224/858/1269 950/475/913 1223/859/1270
f 952/861/1271 1228/860/1272 951/473/912
f 1225/863/1272 1227/862/1273 1228/860/1272
f 1229/864/1273 1112/677/1098 1227/862/1273
f 1114/676/1097 942/469/907 1113/678/1097
f 1234/1346/1274 1178/1249/1266 1205/1347/1275
f 1028/1348/1276 1039/1076/1004 1027/1060/989
f 1098/1349/1277 1031/1350/1278 1030/1062/991
f 1032/1351/1279 1043/1162/1082 1028/1064/993
f 1035/1066/995 1046/1164/1083 1034/1352/995
f 1037/1353/1280 1098/1166/1085 1030/1070/998
f 1035/1072/1000 1062/1098/1025 1101/1167/1086
f 1027/1168/1087 1013/1047/976 1021/1054/983
f 1103/1354/1281 1023/1056/985 1034/1170/1089
f 1235/1355/1282 1131/1202/1126 1157/1227/1150
f 1156/1356/1283 1237/1357/1284 1236/1358/1285
f 1158/1228/1151 1236/1358/1285 1166/1236/1159
f 1170/1241/1164 994/1022/950 1164/1234/1157
f 1239/1359/1286 1006/1036/965 1007/1360/1287
f 1009/1361/1288 1239/1362/1289 1007/1039/968
f 1242/1363/1290 1015/1364/1291 1016/1045/974
f 1016/1053/982 993/1052/981 1242/1365/1292
f 1006/1366/1293 1013/1047/976 1005/1041/970
f 1015/1367/1294 1020/1368/1295 974/1048/977
f 1022/1055/984 1013/1047/976 1238/1369/1296
f 1024/1058/987 1244/1370/1297 1241/1371/1298
f 1029/1059/988 1022/1372/1299 1245/1373/1300
f 1245/1374/1301 1033/1063/992 1029/1065/994
f 1247/1375/1302 1023/1067/996 1024/1376/1302
f 1247/1377/1303 993/1052/981 1036/1071/999
f 1238/1378/1304 1245/1373/1300 1022/1372/1299
f 1239/1362/1289 1246/1379/1305 1245/1374/1301
f 1242/1363/1290 1024/1376/1302 1241/1380/1306
f 1242/1365/1292 993/1052/981 1247/1377/1303
f 1238/1369/1296 1013/1047/976 1006/1366/1293
f 1241/1371/1298 1243/1381/1307 1015/1367/1294
f 997/1382/1308 1147/1216/1140 996/1026/954
f 1001/1383/1309 1128/1199/1123 1000/1029/957
f 997/1032/961 989/1016/960 1125/1384/1310
f 996/1026/954 1144/1212/1136 1004/1033/962
f 1149/1220/1144 1248/1385/1311 1237/1357/1284
f 1150/1219/1143 1249/1386/1312 1248/1385/1311
f 1251/1387/1313 1152/1223/1147 1153/1222/1146
f 1250/1388/1314 1151/1221/1145 1152/1223/1147
f 1155/1225/1149 1251/1387/1313 1153/1222/1146
f 1156/1356/1283 999/1030/958 1000/1029/957
f 1001/1383/1309 1003/1034/963 1004/1033/962
f 1157/1227/1150 1149/1220/1144 1156/1356/1283
f 1159/1243/1166 999/1030/958 1158/1228/1151
f 988/1230/1153 995/1027/955 1161/1231/1154
f 988/1017/945 989/1016/944 998/1031/1315
f 1161/1231/1154 1003/1034/963 1162/1232/1155
f 1165/1237/1160 1236/1358/1285 1237/1357/1284
f 1167/1239/1162 1248/1385/1311 1249/1386/1312
f 1169/1240/1163 1249/1386/1312 1250/1388/1314
f 1172/1242/1165 1252/1389/1316 1171/1390/1317
f 1250/1388/1314 1172/1242/1165 1169/1240/1163
f 1171/1390/1317 1253/909/838 867/748/679
f 1168/1238/1161 1237/1357/1284 1248/1385/1311
f 1162/1232/1155 1002/1028/956 1159/1243/1166
f 1158/1228/1151 1037/1353/1280 975/1069/997
f 1009/1361/1288 1010/1038/967 937/1255/1179
f 1032/1351/1279 937/1255/1179 1031/1391/850
f 1053/1392/847 1055/1088/1016 1056/1090/1018
f 1055/1088/1016 1068/1393/1318 1069/1109/1036
f 1085/1394/1319 1083/1395/1320 1084/1130/1054
f 1069/1109/1036 1082/1396/1321 1085/1394/1319
f 1083/1395/1320 868/1397/844 1084/1130/1054
f 1056/1090/1018 1099/1398/839 1053/1392/847
f 1010/1038/967 1014/1399/1322 1180/1400/1323
f 1100/1161/1081 1031/1391/850 1099/1398/839
f 1240/1401/1324 1009/1361/1288 937/1255/1179
f 1033/1063/992 1246/1379/1305 937/1255/1179
f 1246/1379/1305 1240/1401/1324 937/1255/1179
f 1096/1149/1072 1077/1122/1047 1086/1150/1073
f 1097/1152/1074 1086/1402/1325 1087/1132/1056
f 1087/1140/1064 1091/1139/1063 1097/1156/1077
f 1092/1403/1326 1094/1146/1069 1070/1147/1070
f 1092/1142/1065 1254/1404/1327 1078/1405/1328
f 1093/1144/1067 1091/1139/1063 1254/1406/1329
f 1079/1123/1048 1092/1403/1326 1078/1124/1049
f 1078/1405/1328 1088/1134/1058 1077/1133/1057
f 1254/1406/1329 1091/1139/1063 1088/1138/1062
f 1020/1368/1295 1130/1215/1139 1019/1049/978
f 1143/1211/1135 1025/1057/986 1026/1407/1330
f 1047/1169/1088 1133/1203/1127 1134/1200/1124
f 1048/1081/1009 1136/1208/1132 1133/1203/1127
f 1064/1102/1029 1140/1205/1129 1136/1208/1132
f 1103/1354/1281 1134/1200/1124 1235/1355/1282
f 1120/1196/1120 1145/1214/1138 1146/1213/1137
f 1019/1049/978 1145/1214/1138 1121/1183/1105
f 1126/1192/1114 1120/1196/1120 1146/1213/1137
f 1020/1368/1295 1243/1381/1307 1129/1198/1122
f 1244/1370/1297 1025/1057/986 1129/1198/1122
f 1243/1381/1307 1244/1370/1297 1129/1198/1122
f 1094/1146/1069 1139/1408/1331 1140/1205/1129
f 1096/1149/1072 1139/1408/1331 1079/1123/1048
f 904/694/623 1142/1209/1133 1096/1149/1072
f 1255/1409/1332 1257/1410/1333 1256/1411/1334
f 1226/1332/1256 1255/1409/1332 944/1333/1257
f 1255/1409/1332 1109/1412/1335 944/1333/1257
f 1258/1413/1336 1179/1414/1337 1109/1412/1335
f 1179/1414/1337 1260/1415/1338 1014/1416/1322
f 1260/1415/1338 1180/1417/1323 1014/1416/1322
f 1180/1417/1323 1262/1418/1339 936/1306/1178
f 1262/1418/1339 1226/1332/1256 936/1306/1178
f 1259/1419/1340 1261/1420/1341 1260/1415/1338
f 1256/1411/1334 1262/1418/1339 1261/1420/1341
f 1256/1411/1334 1258/1413/1336 1255/1409/1332
f 1026/1407/1330 1235/1355/1282 1143/1211/1135
f 1143/1211/1135 1157/1227/1150 1128/1199/1123
f 1107/1173/1092 1104/1172/1091 1186/1261/1185
f 1224/858/1269 1206/941/1210 1207/790/1209
f 1208/1421/1342 1210/1285/1212 1211/1422/1343
f 1205/789/1208 1206/941/1210 1234/944/1344
f 1204/1423/1345 1263/1424/1346 987/1015/1347
f 1263/1424/1346 1178/1249/1348 987/1015/1347
f 1264/1425/1349 1205/1347/1350 1178/1249/1348
f 1205/1347/1350 1230/1343/786 1210/1426/1351
f 1210/1426/1351 1265/1427/1352 1209/1428/1353
f 1209/1428/1353 1266/1429/710 1217/1430/710
f 1266/1429/710 1196/1431/710 1217/1430/710
f 1196/1431/710 1267/1432/710 982/1433/1354
f 982/1433/1354 1268/1434/1355 981/1435/1356
f 1268/1434/1355 1107/1436/1357 981/1435/1356
f 1269/1437/1358 1106/1438/1359 1107/1436/1357
f 1270/1439/1360 1216/1440/1361 1106/1438/1359
f 1216/1440/1361 1272/1441/1362 1222/1442/1363
f 1272/1441/1362 1204/1423/1345 1222/1442/1363
f 1232/1443/1364 1272/1441/1362 1271/1444/1365
f 1231/1342/1265 1265/1427/1352 1230/1343/786
f 1273/1445/1366 1266/1429/710 1265/1427/1352
f 1231/1342/1265 1271/1444/1365 1270/1439/1360
f 1231/1342/1265 1269/1437/1358 1273/1445/1366
f 1273/1445/1366 1268/1434/1355 1267/1432/710
f 1232/1443/1364 1264/1425/1349 1263/1424/1346
f 931/1446/894 1154/1224/1148 1160/1229/1152
f 1164/1234/1157 989/1024/952 1163/1235/1158
f 1160/1229/1152 1148/1218/1142 1170/1241/1164
f 1170/1241/1164 1018/1046/975 1044/1080/1008
f 990/1447/1367 1163/1235/1158 989/1024/952
f 1177/1262/1186 1163/1235/1158 990/1447/1367
f 1163/1235/1158 1187/1263/1187 1234/1448/1368
f 1163/1235/1158 1206/1304/1231 1017/1233/1156
f 1252/1389/1316 1274/971/897 1253/909/838
f 1141/1210/1134 727/972/898 1275/974/900
f 1274/971/897 1141/1210/1134 1275/974/900
f 1564/1449/1369 1278/1450/1370 1565/1451/1371
f 1671/1452/1372 1567/1453/1373 1281/1454/1374
f 1325/1455/1375 1635/1456/1376 1442/1457/1377
f 1288/1458/1378 1550/1459/1379 1441/1460/1380
f 1285/1461/1381 1548/1462/1382 1549/1463/1383
f 1330/1464/1384 1658/1465/1385 1546/1466/1386
f 1298/1467/1387 1552/1468/1388 1292/1469/1389
f 1295/1470/1390 1441/1460/1380 1440/1471/1391
f 1297/1472/1392 1542/1473/1393 1543/1474/1394
f 1552/1468/1395 1695/1475/1396 1292/1469/1397
f 1543/1474/1394 1280/1476/1398 1297/1472/1392
f 1587/1477/1399 1551/1478/1400 1298/1467/1387
f 1277/1479/1401 1302/1480/1402 1278/1450/1370
f 1279/1481/1403 1300/1482/1404 1276/1483/1405
f 1564/1449/1406 1301/1484/1407 1277/1479/1408
f 1671/1452/1372 1306/1485/1409 1282/1486/1410
f 1678/1487/1411 1280/1476/1398 1679/1488/1412
f 1610/1489/1413 1311/1490/1414 1287/1491/1415
f 1636/1492/1416 1309/1493/1417 1285/1461/1381
f 1608/1494/1418 1313/1495/1419 1289/1496/1420
f 1284/1497/1421 1601/1498/1422 1308/1499/1423
f 1291/1500/1424 1310/1501/1425 1286/1502/1426
f 1285/1461/1381 1314/1503/1427 1290/1504/1428
f 1531/1505/1429 1291/1500/1424 1530/1506/1430
f 1657/1507/1431 1307/1508/1432 1283/1509/1433
f 1322/1510/1434 1292/1469/1389 1316/1511/1435
f 1293/1512/1436 1323/1513/1437 1317/1514/1438
f 1596/1515/1439 1288/1458/1378 1597/1516/1440
f 1589/1517/1441 1318/1518/1442 1294/1519/1443
f 1297/1472/1392 1303/1520/1444 1279/1481/1403
f 1278/1450/1370 1320/1521/1445 1296/1522/1446
f 1751/1523/1447 1725/1524/1448 1333/1525/1449
f 1293/1512/1436 1738/1526/1450 1693/1527/1451
f 1280/1476/1398 1321/1528/1452 1297/1472/1392
f 1296/1522/1446 1305/1529/1453 1281/1454/1374
f 1299/1530/1454 1580/1531/1455 1323/1513/1437
f 1587/1477/1399 1319/1532/1456 1295/1470/1390
f 1610/1489/1413 1573/1533/1457 1324/1534/1458
f 1324/1534/1458 1643/1535/1459 1327/1536/1460
f 1325/1455/1375 1617/1537/1461 1326/1538/1462
f 1530/1506/1430 1569/1539/1463 1331/1540/1464
f 1649/1541/1465 1328/1542/1466 1331/1540/1464
f 1537/1543/1467 1329/1544/1468 1330/1464/1384
f 1323/1545/1469 1737/1546/1470 1317/1547/1471
f 1643/1548/1472 1556/1549/1473 1327/1550/1474
f 1612/1551/1475 1311/1552/1476 1611/1553/1477
f 1313/1554/1478 1606/1555/1479 1554/1556/1480
f 1591/1557/1481 1318/1558/1482 1590/1559/1483
f 1581/1560/1484 1323/1545/1469 1580/1561/1485
f 1315/1562/1486 1557/1563/1487 1310/1564/1488
f 1531/1565/1489 1558/1566/1490 1315/1562/1486
f 1328/1567/1491 1651/1568/1492 1559/1569/1493
f 1306/1570/1494 1673/1571/1495 1560/1572/1496
f 1562/1573/1497 1305/1574/1498 1320/1575/1499
f 1320/1575/1499 1563/1576/1500 1562/1573/1497
f 1301/1577/1501 1563/1576/1500 1302/1578/1502
f 1347/1579/1503 1490/1580/1504 1348/1581/1505
f 1344/1582/1506 1687/1583/1507 1688/1584/1508
f 1501/1585/1509 1627/1586/1510 1341/1587/1511
f 1501/1585/1509 1342/1588/1512 1500/1589/1513
f 1344/1582/1506 1667/1590/1514 1666/1591/1515
f 1336/1592/1516 1507/1593/1517 1335/1594/1518
f 1347/1579/1503 1496/1595/1519 1346/1596/1520
f 1346/1596/1520 1497/1597/1521 1345/1598/1522
f 1348/1581/1523 1490/1580/1524 1491/1599/1525
f 1409/1600/1526 1624/1601/1527 1339/1602/1528
f 1484/1603/1529 1526/1604/1530 1342/1588/1512
f 1366/1605/1531 1630/1606/1532 1631/1607/1533
f 1473/1608/1534 1367/1609/1535 1472/1610/1536
f 1470/1611/1537 1662/1612/1538 1369/1613/1539
f 1361/1614/1540 1479/1615/1541 1360/1616/1542
f 1372/1617/1543 1468/1618/1544 1371/1619/1545
f 1811/1620/1546 1360/1616/1547 1479/1615/1548
f 1371/1619/1545 1469/1621/1549 1370/1622/1550
f 1453/1623/1551 1373/1624/1552 1372/1617/1543
f 1456/1625/1553 1684/1626/1554 1369/1613/1539
f 1373/1624/1555 1452/1627/1556 1451/1628/1557
f 1387/1629/1558 1621/1630/1559 1364/1631/1560
f 1458/1632/1561 1522/1633/1562 1367/1609/1535
f 1632/1634/1563 1388/1635/1564 1459/1636/1565
f 1389/1637/1566 1459/1636/1565 1388/1635/1564
f 1391/1638/1567 1661/1639/1568 1660/1640/1569
f 1386/1641/1570 1463/1642/1571 1385/1643/1572
f 1453/1623/1551 1393/1644/1573 1394/1645/1574
f 1454/1646/1575 1392/1647/1576 1393/1644/1573
f 1394/1645/1574 1449/1648/1577 1395/1649/1578
f 1391/1638/1567 1681/1650/1579 1682/1651/1580
f 1550/1459/1379 1620/1652/1581 1387/1629/1558
f 1444/1653/1582 1520/1654/1583 1389/1637/1566
f 1416/1655/1584 1466/1656/1585 1417/1657/1586
f 1413/1658/1587 1685/1659/1588 1686/1660/1589
f 1417/1657/1590 1466/1656/1591 1465/1661/1592
f 1409/1600/1526 1622/1662/1593 1623/1663/1594
f 1523/1664/1595 1411/1665/1596 1472/1610/1536
f 1628/1666/1597 1410/1667/1598 1483/1668/1599
f 1411/1665/1596 1483/1668/1599 1410/1667/1598
f 1413/1658/1587 1665/1669/1600 1664/1670/1601
f 1416/1655/1584 1488/1671/1602 1415/1672/1603
f 1415/1672/1603 1487/1673/1604 1414/1674/1605
f 1430/1675/1606 1494/1676/1607 1429/1677/1608
f 1433/1678/1609 1689/1679/1610 1690/1680/1611
f 1429/1677/1612 1494/1676/1613 1493/1681/1614
f 1503/1682/1615 1626/1683/1616 1437/1684/1617
f 1527/1685/1618 1435/1686/1619 1500/1589/1513
f 1515/1687/1620 1647/1688/1621 1436/1689/1622
f 1514/1690/1623 1436/1689/1622 1435/1686/1619
f 1669/1691/1624 1433/1678/1609 1512/1692/1625
f 1430/1675/1606 1510/1693/1626 1431/1694/1627
f 1699/1695/1628 1507/1593/1517 1809/1696/1629
f 1431/1694/1627 1511/1697/1630 1432/1698/1631
f 1633/1699/1632 1443/1700/1633 1388/1635/1564
f 1389/1637/1566 1443/1700/1633 1444/1653/1582
f 1446/1701/1634 1660/1640/1569 1659/1702/1635
f 1551/1478/1400 1385/1643/1572 1552/1468/1388
f 1394/1645/1574 1448/1703/1636 1449/1648/1577
f 1393/1644/1573 1447/1704/1637 1448/1703/1636
f 1541/1705/1638 1449/1648/1577 1542/1473/1393
f 1545/1706/1639 1681/1650/1579 1446/1701/1634
f 1395/1649/1640 1541/1705/1641 1540/1707/1642
f 1548/1462/1382 1519/1708/1643 1444/1653/1582
f 1394/1645/1574 1452/1627/1644 1453/1623/1551
f 1456/1625/1553 1682/1651/1580 1683/1709/1645
f 1395/1649/1640 1451/1628/1557 1452/1627/1556
f 1389/1637/1566 1521/1710/1646 1458/1632/1561
f 1380/1711/1647 1638/1712/1648 1639/1713/1649
f 1381/1714/1650 1616/1715/1651 1615/1716/1652
f 1404/1717/1653 1603/1718/1654 1382/1719/1655
f 1595/1720/1656 1383/1721/1657 1405/1722/1658
f 1384/1723/1659 1585/1724/1660 1584/1725/1661
f 1379/1726/1662 1402/1727/1663 1380/1711/1647
f 1378/1728/1664 1539/1729/1665 1535/1730/1666
f 1399/1731/1667 1654/1732/1668 1377/1733/1669
f 1677/1734/1670 1376/1735/1671 1398/1736/1672
f 1397/1737/1673 1376/1735/1671 1375/1738/1674
f 1396/1739/1675 1375/1738/1674 1374/1740/1676
f 1396/1739/1675 1451/1741/1677 1540/1742/1678
f 1631/1607/1533 1459/1636/1565 1366/1605/1531
f 1458/1632/1561 1366/1605/1531 1459/1636/1565
f 1662/1612/1538 1456/1625/1553 1369/1613/1539
f 1361/1614/1540 1463/1642/1571 1386/1641/1570
f 1372/1617/1543 1454/1646/1575 1453/1623/1551
f 1371/1619/1545 1455/1743/1679 1454/1646/1575
f 1410/1667/1598 1630/1606/1532 1473/1608/1534
f 1410/1667/1598 1472/1610/1536 1411/1665/1596
f 1470/1611/1537 1664/1670/1601 1663/1744/1680
f 1478/1745/1681 1407/1746/1682 1479/1615/1541
f 1467/1747/1683 1415/1672/1603 1468/1618/1544
f 1468/1618/1544 1414/1674/1605 1469/1621/1549
f 1373/1624/1552 1467/1747/1683 1372/1617/1543
f 1684/1626/1554 1470/1611/1537 1369/1613/1539
f 1373/1624/1555 1465/1661/1592 1466/1656/1591
f 1364/1631/1560 1622/1662/1593 1475/1748/1684
f 1522/1633/1562 1472/1610/1536 1367/1609/1535
f 1380/1711/1647 1640/1749/1685 1424/1750/1686
f 1425/1751/1687 1615/1716/1652 1614/1752/1688
f 1603/1718/1654 1426/1753/1689 1382/1719/1655
f 1383/1721/1657 1593/1754/1690 1427/1755/1691
f 1428/1756/1692 1584/1725/1661 1583/1757/1693
f 1379/1726/1662 1424/1750/1686 1423/1758/1694
f 1422/1759/1695 1535/1730/1666 1534/1760/1696
f 1654/1732/1668 1421/1761/1697 1377/1733/1669
f 1676/1762/1698 1420/1763/1699 1376/1735/1671
f 1375/1738/1674 1420/1763/1699 1419/1764/1700
f 1375/1738/1674 1418/1765/1701 1374/1740/1676
f 1374/1740/1676 1465/1766/1702 1451/1741/1677
f 1489/1767/1703 1417/1657/1586 1490/1580/1504
f 1486/1768/1704 1686/1660/1589 1687/1583/1507
f 1417/1657/1590 1491/1599/1525 1490/1580/1524
f 1484/1603/1529 1524/1769/1705 1525/1770/1706
f 1424/1750/1686 1641/1771/1707 1355/1772/1708
f 1356/1773/1709 1614/1752/1688 1613/1774/1710
f 1357/1775/1711 1604/1776/1712 1605/1777/1713
f 1427/1755/1691 1592/1778/1714 1358/1779/1715
f 1359/1780/1716 1583/1757/1693 1582/1781/1717
f 1424/1750/1686 1354/1782/1718 1423/1758/1694
f 1353/1783/1719 1534/1760/1696 1533/1784/1720
f 1352/1785/1721 1653/1786/1722 1652/1787/1723
f 1420/1763/1699 1674/1788/1724 1351/1789/1725
f 1419/1764/1700 1351/1789/1725 1350/1790/1726
f 1419/1764/1700 1349/1791/1727 1418/1765/1701
f 1418/1765/1701 1491/1792/1728 1465/1766/1702
f 1627/1586/1510 1483/1668/1599 1341/1587/1511
f 1484/1603/1529 1341/1587/1511 1483/1668/1599
f 1486/1768/1704 1666/1591/1515 1665/1669/1600
f 1336/1592/1516 1407/1746/1682 1408/1793/1729
f 1489/1767/1703 1346/1596/1520 1488/1671/1602
f 1488/1671/1602 1345/1598/1522 1487/1673/1604
f 1436/1689/1622 1648/1794/1730 1501/1585/1509
f 1435/1686/1619 1501/1585/1509 1500/1589/1513
f 1498/1795/1731 1668/1796/1732 1667/1590/1514
f 1506/1797/1733 1439/1798/1734 1507/1593/1517
f 1495/1799/1735 1431/1694/1627 1496/1595/1519
f 1496/1595/1519 1432/1698/1631 1497/1597/1521
f 1495/1799/1735 1348/1581/1505 1494/1676/1607
f 1688/1584/1508 1498/1795/1731 1344/1582/1506
f 1494/1676/1613 1491/1599/1525 1493/1681/1614
f 1339/1602/1528 1625/1800/1736 1503/1682/1615
f 1526/1604/1530 1500/1589/1513 1342/1588/1512
f 1355/1772/1708 1642/1801/1737 1557/1563/1487
f 1356/1773/1709 1612/1551/1475 1556/1549/1473
f 1555/1802/1738 1605/1777/1713 1606/1555/1479
f 1358/1779/1715 1591/1557/1481 1554/1556/1480
f 1553/1803/1739 1582/1781/1717 1581/1560/1484
f 1355/1772/1708 1558/1566/1490 1354/1782/1718
f 1559/1569/1493 1533/1784/1720 1532/1804/1740
f 1352/1785/1721 1651/1568/1492 1560/1572/1496
f 1351/1789/1725 1673/1571/1495 1561/1805/1741
f 1350/1790/1726 1561/1805/1741 1562/1573/1497
f 1349/1791/1727 1562/1573/1497 1563/1576/1500
f 1349/1791/1727 1493/1806/1742 1491/1792/1728
f 1509/1807/1743 1429/1677/1608 1508/1808/1744
f 1512/1692/1625 1690/1680/1611 1691/1809/1745
f 1508/1808/1746 1429/1677/1612 1493/1681/1614
f 1528/1810/1747 1514/1690/1623 1435/1686/1619
f 1645/1811/1748 1515/1687/1620 1572/1812/1749
f 1437/1684/1617 1574/1813/1750 1599/1814/1751
f 1514/1690/1623 1572/1812/1749 1515/1687/1620
f 1670/1815/1752 1512/1692/1625 1568/1816/1753
f 1577/1817/1754 1439/1798/1734 1438/1818/1755
f 1517/1819/1756 1575/1820/1757 1598/1821/1758
f 1509/1807/1743 1566/1822/1759 1510/1693/1626
f 1510/1693/1626 1567/1453/1373 1511/1697/1630
f 1518/1823/1760 1576/1824/1761 1588/1825/1762
f 1530/1506/1430 1328/1542/1466 1531/1505/1429
f 1291/1500/1424 1570/1826/1763 1530/1506/1430
f 1290/1504/1428 1536/1827/1764 1537/1543/1467
f 1328/1567/1491 1532/1804/1740 1531/1565/1489
f 1525/1770/1706 1343/1828/1765 1526/1604/1530
f 1521/1710/1646 1368/1829/1766 1522/1633/1562
f 1445/1830/1767 1520/1654/1583 1519/1708/1643
f 1471/1831/1768 1524/1769/1705 1523/1664/1595
f 1499/1832/1769 1528/1810/1747 1527/1685/1618
f 1546/1466/1386 1537/1543/1467 1330/1464/1384
f 1536/1833/1770 1401/1834/1771 1539/1729/1665
f 1457/1835/1772 1520/1654/1583 1390/1836/1773
f 1379/1726/1662 1539/1729/1665 1401/1834/1771
f 1368/1829/1766 1523/1664/1595 1522/1633/1562
f 1379/1726/1662 1534/1760/1696 1535/1730/1666
f 1524/1769/1705 1485/1837/1774 1525/1770/1706
f 1423/1758/1694 1533/1784/1720 1534/1760/1696
f 1343/1828/1765 1527/1685/1618 1526/1604/1530
f 1354/1782/1718 1532/1804/1740 1533/1784/1720
f 1434/1838/1775 1529/1839/1776 1528/1810/1747
f 1634/1840/1777 1549/1463/1383 1443/1700/1633
f 1444/1653/1582 1549/1463/1383 1548/1462/1382
f 1659/1702/1635 1545/1706/1639 1446/1701/1634
f 1449/1648/1577 1543/1474/1394 1542/1473/1393
f 1448/1703/1636 1544/1841/1778 1543/1474/1394
f 1276/1483/1405 1542/1473/1393 1279/1481/1403
f 1283/1509/1433 1680/1842/1779 1545/1706/1639
f 1541/1705/1641 1300/1482/1780 1540/1707/1642
f 1284/1497/1421 1619/1843/1781 1550/1459/1379
f 1290/1504/1428 1547/1844/1782 1548/1462/1382
f 1694/1845/1783 1736/1846/1784 1316/1847/1785
f 1538/1848/1786 1316/1847/1787 1736/1846/1788
f 1402/1727/1663 1637/1849/1789 1638/1712/1648
f 1403/1850/1790 1617/1851/1791 1616/1715/1651
f 1308/1852/1792 1602/1853/1793 1404/1717/1653
f 1312/1854/1794 1595/1720/1656 1405/1722/1658
f 1406/1855/1795 1586/1856/1796 1585/1724/1660
f 1314/1857/1797 1402/1727/1663 1401/1834/1771
f 1329/1858/1798 1539/1729/1665 1400/1859/1799
f 1307/1860/1800 1655/1861/1801 1399/1731/1667
f 1398/1736/1672 1678/1862/1802 1677/1734/1670
f 1397/1737/1673 1304/1863/1803 1398/1736/1672
f 1303/1864/1804 1397/1737/1673 1396/1739/1675
f 1303/1864/1804 1540/1742/1678 1300/1865/1805
f 1519/1708/1643 1546/1466/1386 1445/1830/1767
f 1508/1808/1744 1565/1451/1371 1509/1807/1743
f 1568/1816/1753 1691/1809/1745 1692/1866/1806
f 1564/1449/1406 1508/1808/1746 1493/1681/1614
f 1574/1813/1750 1626/1683/1616 1609/1867/1807
f 1513/1868/1808 1570/1826/1763 1529/1839/1776
f 1644/1869/1809 1572/1812/1749 1286/1502/1426
f 1574/1813/1750 1608/1494/1418 1599/1814/1751
f 1571/1870/1810 1286/1502/1426 1572/1812/1749
f 1649/1541/1465 1568/1816/1753 1282/1486/1410
f 1299/1530/1454 1578/1871/1811 1577/1817/1754
f 1589/1517/1441 1575/1820/1757 1289/1496/1420
f 1565/1451/1371 1296/1522/1446 1566/1822/1759
f 1578/1871/1811 1693/1527/1451 1700/1872/1812
f 1566/1822/1759 1281/1454/1374 1567/1453/1373
f 1294/1519/1443 1588/1825/1762 1576/1824/1761
f 1514/1690/1623 1570/1826/1763 1571/1870/1810
f 1587/1477/1399 1295/1470/1390 1440/1471/1391
f 1294/1519/1443 1580/1531/1455 1579/1873/1813
f 1298/1467/1387 1586/1874/1814 1587/1477/1399
f 1553/1803/1739 1580/1561/1485 1318/1558/1482
f 1506/1797/1733 1337/1875/1815 1505/1876/1816
f 1478/1745/1681 1362/1877/1817 1477/1878/1818
f 1551/1478/1400 1462/1879/1819 1386/1641/1570
f 1450/1880/1820 1585/1724/1660 1538/1848/1786
f 1386/1641/1570 1362/1877/1817 1361/1614/1540
f 1480/1881/1821 1478/1745/1681 1477/1878/1818
f 1450/1880/1820 1583/1757/1693 1584/1725/1661
f 1464/1882/1822 1582/1781/1717 1583/1757/1693
f 1337/1875/1815 1408/1793/1729 1480/1881/1821
f 1438/1818/1755 1505/1876/1816 1518/1823/1760
f 1588/1825/1762 1438/1818/1755 1518/1823/1760
f 1322/1883/1823 1585/1724/1660 1586/1856/1796
f 1579/1873/1813 1577/1817/1754 1588/1825/1762
f 1597/1516/1440 1288/1458/1378 1441/1460/1380
f 1597/1516/1440 1319/1532/1456 1596/1515/1439
f 1289/1496/1420 1590/1884/1824 1589/1517/1441
f 1554/1556/1480 1590/1559/1483 1313/1554/1478
f 1505/1876/1816 1338/1885/1825 1504/1886/1826
f 1477/1878/1818 1363/1887/1827 1476/1888/1828
f 1461/1889/1829 1440/1471/1391 1441/1460/1380
f 1406/1855/1795 1594/1890/1830 1595/1720/1656
f 1363/1887/1827 1462/1879/1819 1461/1889/1829
f 1477/1878/1818 1481/1891/1831 1480/1881/1821
f 1384/1723/1659 1593/1754/1690 1594/1890/1830
f 1428/1756/1692 1592/1778/1714 1593/1754/1690
f 1338/1885/1825 1480/1881/1821 1481/1891/1831
f 1518/1823/1760 1504/1886/1826 1517/1819/1756
f 1553/1803/1739 1592/1778/1714 1359/1780/1716
f 1576/1824/1761 1517/1819/1756 1598/1821/1758
f 1319/1892/1832 1595/1720/1656 1596/1893/1833
f 1576/1824/1761 1589/1517/1441 1294/1519/1443
f 1600/1894/1834 1284/1497/1421 1550/1459/1379
f 1287/1491/1415 1607/1895/1835 1608/1494/1418
f 1600/1894/1834 1312/1896/1836 1601/1498/1422
f 1311/1552/1476 1606/1555/1479 1607/1897/1837
f 1504/1886/1826 1339/1602/1528 1503/1682/1615
f 1363/1887/1827 1475/1748/1684 1476/1888/1828
f 1387/1629/1558 1441/1460/1380 1550/1459/1379
f 1383/1721/1657 1602/1853/1793 1405/1722/1658
f 1364/1631/1560 1461/1889/1829 1387/1629/1558
f 1476/1888/1828 1409/1600/1526 1481/1891/1831
f 1427/1755/1691 1603/1718/1654 1383/1721/1657
f 1427/1755/1691 1605/1777/1713 1604/1776/1712
f 1339/1602/1528 1481/1891/1831 1409/1600/1526
f 1517/1819/1756 1503/1682/1615 1437/1684/1617
f 1358/1779/1715 1606/1555/1479 1605/1777/1713
f 1575/1820/1757 1437/1684/1617 1599/1814/1751
f 1601/1898/1838 1405/1722/1658 1602/1853/1793
f 1289/1496/1420 1599/1814/1751 1608/1494/1418
f 1324/1534/1458 1611/1899/1839 1610/1489/1413
f 1287/1491/1415 1609/1867/1807 1610/1489/1413
f 1618/1900/1840 1308/1499/1423 1617/1537/1461
f 1556/1549/1473 1611/1553/1477 1327/1550/1474
f 1623/1663/1594 1340/1901/1841 1624/1601/1527
f 1620/1652/1581 1365/1902/1842 1621/1630/1559
f 1619/1843/1781 1460/1903/1843 1620/1652/1581
f 1474/1904/1844 1623/1663/1594 1622/1662/1593
f 1502/1905/1845 1626/1683/1616 1625/1800/1736
f 1404/1717/1653 1615/1716/1652 1616/1715/1651
f 1474/1904/1844 1621/1630/1559 1365/1902/1842
f 1382/1719/1655 1614/1752/1688 1615/1716/1652
f 1426/1753/1689 1613/1774/1710 1614/1752/1688
f 1502/1905/1845 1624/1601/1527 1340/1901/1841
f 1555/1802/1738 1613/1774/1710 1357/1775/1711
f 1618/1900/1840 1442/1457/1377 1619/1843/1781
f 1404/1717/1653 1617/1851/1791 1308/1852/1792
f 1626/1683/1616 1573/1533/1457 1609/1867/1807
f 1549/1463/1383 1636/1492/1416 1285/1461/1381
f 1636/1492/1416 1326/1538/1462 1637/1906/1846
f 1644/1869/1809 1310/1501/1425 1643/1535/1459
f 1643/1548/1472 1557/1563/1487 1642/1801/1737
f 1340/1901/1841 1648/1794/1730 1502/1905/1845
f 1474/1904/1844 1631/1607/1533 1630/1606/1532
f 1632/1634/1563 1460/1903/1843 1633/1699/1632
f 1628/1666/1597 1482/1907/1847 1629/1908/1848
f 1646/1909/1849 1516/1910/1850 1647/1688/1621
f 1460/1903/1843 1634/1840/1777 1633/1699/1632
f 1403/1850/1790 1639/1713/1649 1638/1712/1648
f 1365/1902/1842 1632/1634/1563 1631/1607/1533
f 1474/1904/1844 1629/1908/1848 1482/1907/1847
f 1381/1714/1650 1640/1749/1685 1639/1713/1649
f 1425/1751/1687 1641/1771/1707 1640/1749/1685
f 1340/1901/1841 1628/1666/1597 1627/1586/1510
f 1502/1905/1845 1647/1688/1621 1516/1910/1850
f 1356/1773/1709 1642/1801/1737 1641/1771/1707
f 1573/1533/1457 1646/1909/1849 1645/1811/1748
f 1634/1840/1777 1442/1457/1377 1635/1456/1376
f 1326/1911/1851 1638/1712/1648 1637/1849/1789
f 1324/1534/1458 1645/1811/1748 1644/1869/1809
f 1545/1706/1639 1657/1507/1431 1283/1509/1433
f 1330/1464/1384 1656/1912/1852 1657/1507/1431
f 1282/1486/1410 1650/1913/1853 1649/1541/1465
f 1650/1914/1854 1560/1572/1496 1651/1568/1492
f 1499/1832/1769 1666/1591/1515 1667/1590/1514
f 1471/1831/1768 1662/1612/1538 1663/1744/1680
f 1390/1836/1773 1661/1639/1568 1457/1835/1772
f 1485/1837/1774 1664/1670/1601 1665/1669/1600
f 1434/1838/1775 1669/1691/1624 1513/1868/1808
f 1390/1836/1773 1659/1702/1635 1660/1640/1569
f 1400/1859/1799 1654/1732/1668 1655/1861/1801
f 1368/1829/1766 1661/1639/1568 1662/1612/1538
f 1412/1915/1855 1663/1744/1680 1664/1670/1601
f 1378/1728/1664 1653/1786/1722 1654/1732/1668
f 1422/1759/1695 1652/1787/1723 1653/1786/1722
f 1343/1828/1765 1665/1669/1600 1666/1591/1515
f 1434/1838/1775 1667/1590/1514 1668/1796/1732
f 1652/1787/1723 1559/1569/1493 1651/1568/1492
f 1569/1539/1463 1669/1691/1624 1670/1815/1752
f 1445/1830/1767 1658/1465/1385 1659/1702/1635
f 1329/1858/1798 1655/1861/1801 1656/1916/1856
f 1331/1540/1464 1670/1815/1752 1649/1541/1465
f 1282/1486/1410 1692/1866/1806 1671/1452/1372
f 1281/1454/1374 1672/1917/1857 1671/1452/1372
f 1307/1508/1432 1679/1488/1412 1283/1509/1433
f 1672/1918/1858 1561/1805/1741 1673/1571/1495
f 1487/1673/1604 1688/1584/1508 1687/1583/1507
f 1683/1709/1645 1370/1622/1550 1684/1626/1554
f 1392/1647/1576 1681/1650/1579 1447/1704/1637
f 1469/1621/1549 1686/1660/1589 1685/1659/1588
f 1497/1597/1521 1690/1680/1611 1689/1679/1610
f 1447/1704/1637 1680/1842/1779 1544/1841/1778
f 1455/1743/1679 1682/1651/1580 1392/1647/1576
f 1677/1734/1670 1377/1733/1669 1676/1762/1698
f 1370/1622/1550 1685/1659/1588 1684/1626/1554
f 1421/1761/1697 1676/1762/1698 1377/1733/1669
f 1414/1674/1605 1687/1583/1507 1686/1660/1589
f 1675/1919/1859 1352/1785/1721 1674/1788/1724
f 1345/1598/1522 1689/1679/1610 1688/1584/1508
f 1560/1572/1496 1674/1788/1724 1352/1785/1721
f 1432/1698/1631 1691/1809/1745 1690/1680/1611
f 1544/1841/1778 1679/1488/1412 1280/1476/1398
f 1399/1731/1667 1678/1862/1802 1307/1860/1800
f 1511/1697/1630 1692/1866/1806 1691/1809/1745
f 1696/1920/1860 1802/1921/1861 1813/1922/1862
f 1694/1923/1863 1292/1469/1389 1695/1475/1864
f 1742/1924/1865 1693/1527/1451 1738/1526/1450
f 1704/1925/1866 1811/1620/1546 1698/1926/1867
f 1703/1927/1868 1812/1928/1869 1697/1929/1870
f 1705/1930/1871 1810/1931/1872 1699/1695/1873
f 1708/1932/1874 1700/1872/1812 1693/1527/1451
f 1702/1933/1875 1807/1934/1876 1802/1921/1861
f 1766/1935/1877 1708/1932/1874 1742/1924/1865
f 1770/1936/1878 1706/1937/1879 1769/1938/1880
f 1771/1939/1881 1788/1940/1882 1704/1925/1866
f 1772/1941/1883 1782/1942/1884 1703/1927/1868
f 1781/1943/1885 1705/1930/1871 1770/1936/1886
f 1800/1944/1887 1707/1945/1888 1768/1946/1889
f 1767/1947/1890 1707/1945/1888 1708/1932/1874
f 1764/1948/1891 1803/1949/1892 1710/1950/1893
f 1761/1951/1894 1714/1952/1895 1760/1953/1896
f 1792/1954/1897 1712/1955/1898 1762/1956/1899
f 1786/1957/1900 1711/1958/1901 1763/1959/1902
f 1761/1951/1903 1777/1960/1904 1713/1961/1905
f 1748/1962/1906 1765/1963/1907 1718/1964/1908
f 1719/1965/1909 1805/1966/1910 1804/1967/1911
f 1724/1968/1912 1716/1969/1913 1750/1970/1914
f 1724/1968/1912 1755/1971/1915 1723/1972/1916
f 1791/1973/1917 1721/1974/1918 1728/1975/1919
f 1785/1976/1920 1720/1977/1921 1727/1978/1922
f 1779/1979/1923 1722/1980/1924 1729/1981/1925
f 1749/1982/1926 1718/1964/1908 1725/1524/1448
f 1815/1983/1927 1805/1966/1910 1726/1984/1928
f 1332/1985/1929 1750/1970/1914 1334/1986/1930
f 2325/1987/1931 1730/1988/1932 2324/1989/1933
f 2326/1990/1934 1791/1973/1917 1728/1975/1919
f 2328/1991/1935 1785/1976/1920 1727/1978/1922
f 2325/1987/1936 1779/1979/1923 1729/1981/1925
f 1816/1992/1937 1797/1993/1938 1731/1994/1939
f 1724/1968/1912 1814/1995/1940 2331/1996/1941
f 1581/1560/1484 1492/1997/1942 1732/1998/1943
f 1450/1880/1820 1736/1846/1788 1733/1999/1944
f 1450/1880/1820 1734/2000/1945 1464/1882/1822
f 1492/1997/1942 1734/2000/1945 1735/2001/1946
f 1732/1998/1943 1735/2001/1946 1737/1546/1470
f 1317/1547/1947 1741/2002/1948 1738/2003/1949
f 1733/1999/1950 1740/2004/1951 1739/2005/1952
f 1733/1999/1950 1736/1846/1784 1740/2004/1951
f 1734/2000/1953 1733/1999/1950 1739/2005/1952
f 1735/2001/1954 1734/2000/1953 1739/2005/1952
f 1735/2001/1954 1741/2002/1948 1737/1546/1955
f 1740/2004/1951 1775/2006/1956 1744/2007/1957
f 1741/2002/1948 1742/2008/1958 1738/2003/1949
f 1739/2005/1952 1744/2007/1957 1743/2009/1959
f 1739/2005/1952 1745/2010/1960 1741/2002/1948
f 1742/2008/1958 1745/2010/1960 1766/2011/1961
f 1747/2012/1962 1745/2010/1960 1757/2013/1963
f 1744/2007/1957 1748/2014/1964 1749/2015/1965
f 1716/2016/1966 1745/2010/1960 1750/2017/1967
f 1749/2015/1965 1753/2018/1968 1744/2007/1957
f 1750/2017/1967 1754/2019/1969 1334/2020/1970
f 1743/2009/1959 1754/2019/1969 1745/2010/1960
f 1757/2021/1971 1717/2022/1972 1747/2023/1973
f 1715/2024/1974 1758/2025/1975 1759/2026/1976
f 1797/1993/1938 1755/1971/1915 1731/1994/1939
f 1729/1981/1977 1756/2027/1978 1730/1988/1932
f 1799/2028/1979 1714/1952/1895 1796/2029/1980
f 1804/1967/1911 1764/1948/1891 1719/1965/1909
f 1756/2027/1978 1761/1951/1894 1760/1953/1896
f 1790/2030/1981 1762/1956/1899 1721/1974/1918
f 1763/1959/1902 1784/2031/1982 1786/1957/1900
f 1778/2032/1983 1761/1951/1903 1722/1980/1924
f 1746/2033/1984 1709/2034/1985 1765/1963/1907
f 1745/2010/1960 1716/2016/1966 1757/2013/1963
f 1716/1969/1913 1758/2025/1975 1757/2021/1971
f 1723/1972/1916 1759/2026/1976 1758/2025/1975
f 1798/2035/1986 1759/2026/1976 1755/1971/1915
f 1803/1949/1892 1773/2036/1987 1710/1950/1893
f 1747/2023/1973 1767/1947/1890 1766/1935/1877
f 1713/1961/1988 1769/1938/1880 1714/1952/1895
f 1789/2037/1989 1771/1939/1881 1712/1955/1898
f 1711/1958/1901 1787/2038/1990 1772/1941/1883
f 1713/1961/1905 1781/1943/1885 1770/1936/1886
f 1715/2024/1974 1800/1944/1887 1768/1946/1889
f 1717/2022/1972 1768/1946/1889 1767/1947/1890
f 1775/2006/1956 1746/2039/1991 1744/2007/1957
f 1745/2010/1960 1747/2012/1962 1766/2011/1961
f 1775/2040/1992 1774/2041/1993 1709/2034/1985
f 1775/2040/1992 1701/2042/1994 1774/2041/1993
f 1694/1923/1863 1701/2042/1994 1775/2040/1992
f 1704/1925/1866 1781/1943/1885 1771/1939/1881
f 1712/1955/1898 1780/2043/1995 1762/1956/1899
f 1728/1975/1919 1778/2032/1983 1779/1979/1923
f 1721/1974/1918 1780/2043/1995 1778/2032/1983
f 1771/1939/1881 1777/1960/1904 1712/1955/1898
f 1702/1933/1875 1787/2038/1990 1773/2036/1987
f 1764/1948/1891 1783/2044/1996 1786/1957/1900
f 1726/1984/1928 1784/2031/1982 1785/1976/1920
f 1753/2018/1968 1743/2009/1959 1744/2007/1957
f 1719/1965/1909 1786/1957/1900 1784/2031/1982
f 1773/2036/1987 1783/2044/1996 1710/1950/1893
f 1793/2045/1997 1703/1927/1868 1788/1940/1882
f 1763/1959/1902 1789/2037/1989 1792/1954/1897
f 1727/1978/1922 1790/2030/1981 1791/1973/1917
f 1720/1977/1921 1792/1954/1897 1790/2030/1981
f 1772/1941/1883 1789/2037/1989 1711/1958/1901
f 1706/1937/1879 1800/1944/1887 1769/1938/1880
f 2324/1989/1933 1797/1993/1938 1794/2046/1998
f 1730/1988/1932 1798/2035/1986 1797/1993/1938
f 1759/2026/1976 1796/2029/1980 1715/2024/1974
f 1760/1953/1896 1798/2035/1986 1756/2027/1978
f 1769/1938/1880 1796/2029/1980 1714/1952/1895
f 1774/2041/1999 1802/1921/1861 1807/1934/1876
f 1709/2034/2000 1806/2047/2001 1765/1963/2002
f 1725/1524/2003 1804/1967/1911 1805/1966/1910
f 1333/1525/2004 1805/1966/1910 1801/2048/2005
f 1765/1963/2002 1804/1967/1911 1718/1964/2006
f 1709/2034/2000 1807/1934/1876 1803/1949/1892
f 1707/1945/1888 1808/2049/2007 1700/1872/1812
f 1809/1696/1629 1795/2050/2008 1706/1937/1879
f 1705/1930/2009 1809/1696/1629 1706/1937/1879
f 1776/2051/2010 1698/1926/1867 1810/1931/1872
f 1788/1940/1882 1697/1929/1870 1811/1620/1546
f 1782/1942/1884 1696/1920/1860 1812/1928/1869
f 1701/2042/2011 1813/1922/1862 1802/1921/1861
f 1578/1871/1811 1808/2049/2007 1439/1798/1734
f 1439/1798/1734 1809/1696/1629 1507/1593/1517
f 1335/1594/2012 1810/1931/1872 1407/1746/2013
f 1407/1746/2013 1810/1931/1872 1698/1926/1867
f 1479/1615/1548 1698/1926/1867 1811/1620/1546
f 1463/1642/2014 1697/1929/1870 1812/1928/1869
f 1812/1928/1869 1385/1643/2015 1463/1642/2014
f 1552/1468/1395 1696/1920/1860 1813/1922/1862
f 1746/2039/1991 1748/2014/1964 1744/2007/1957
f 1779/1979/1923 2326/1990/1934 1728/1975/1919
f 1726/1984/1928 2329/2052/2016 2322/2053/2017
f 1727/1978/1922 2327/2054/2018 2328/1991/1935
f 1820/2055/2019 1818/2056/2020 1821/2057/2021
f 1825/2058/2022 1823/2059/2023 1822/2060/2024
f 1826/2061/2025 1828/2062/2026 1827/2063/2027
f 1830/2064/2028 1832/2065/2029 1831/2066/2030
f 1834/2067/2031 1836/2068/2032 1835/2069/2033
f 1838/2070/2034 1840/2071/2035 1839/2072/2036
f 1845/2073/2037 1843/2074/2038 1842/2075/2039
f 1846/2076/2040 1833/2077/2041 1847/2078/2042
f 1849/2079/2043 1851/2080/2044 1850/2081/2045
f 1854/2082/2046 1845/2073/2047 1842/2075/2048
f 1852/2083/2049 1855/2084/2050 1856/2085/2051
f 1844/2086/2052 1857/2087/2053 1843/2074/2038
f 1859/2088/2054 1821/2057/2021 1818/2056/2020
f 1862/2089/2055 1850/2081/2045 1860/2090/2056
f 1858/2091/2057 1820/2055/2058 1821/2057/2059
f 1866/2092/2060 1823/2059/2023 1864/2093/2061
f 1868/2094/2062 1855/2084/2050 1869/2095/2063
f 1873/2096/2064 1871/2097/2065 1870/2098/2066
f 1875/2099/2067 1827/2063/2027 1834/2067/2031
f 1879/2100/2068 1877/2101/2069 1876/2102/2070
f 1880/2103/2071 1881/2104/2072 1831/2066/2030
f 1886/2105/2073 1884/2106/2074 1883/2107/2075
f 1887/2108/2076 1834/2067/2031 1835/2069/2033
f 1889/2109/2077 1884/2106/2074 1885/2110/2078
f 1892/2111/2079 1839/2072/2036 1890/2112/2080
f 1894/2113/2081 1842/2075/2039 1843/2074/2038
f 1895/2114/2082 1897/2115/2083 1896/2116/2084
f 1899/2117/2085 1830/2064/2028 1900/2118/2086
f 1904/2119/2087 1902/2120/2088 1901/2121/2089
f 1861/2122/2090 1849/2079/2043 1850/2081/2045
f 1907/2123/2091 1818/2056/2020 1906/2124/2092
f 1909/2125/2093 1751/1523/1447 1333/1525/1449
f 1895/2114/2082 1910/2126/2094 1898/2127/2095
f 1905/2128/2096 1855/2084/2050 1849/2079/2043
f 1912/2129/2097 1906/2124/2092 1822/2060/2024
f 1896/2116/2084 1914/2130/2098 1913/2131/2099
f 1916/2132/2100 1857/2087/2053 1846/2076/2040
f 1919/2133/2101 1871/2097/2065 1917/2134/2102
f 1917/2134/2102 1921/2135/2103 1920/2136/2104
f 1826/2061/2025 1924/2137/2105 1923/2138/2106
f 1928/2139/2107 1888/2140/2108 1926/2141/2109
f 1931/2142/2110 1929/2143/2111 1926/2141/2109
f 1934/2144/2112 1932/2145/2113 1838/2070/2034
f 1936/2146/2114 1897/2147/2115 1898/2148/2116
f 1938/2149/2117 1921/2150/2118 1922/2151/2119
f 1939/2152/2120 1873/2153/2121 1940/2154/2122
f 1879/2155/2123 1941/2156/2124 1878/2157/2125
f 1943/2158/2126 1904/2159/2127 1944/2160/2128
f 1945/2161/2129 1897/2147/2115 1935/2162/2130
f 1947/2163/2131 1885/2164/2132 1886/2165/2133
f 1946/2166/2134 1889/2167/2135 1885/2164/2132
f 1931/2168/2136 1949/2169/2137 1930/2170/2138
f 1866/2171/2139 1951/2172/2140 1865/2173/2141
f 1953/2174/2142 1912/2175/2143 1954/2176/2144
f 1907/2177/2145 1955/2178/2146 1859/2179/2147
f 1955/2178/2146 1858/2180/2148 1859/2179/2147
f 1956/2181/2149 1958/2182/2150 1957/2183/2151
f 1960/2184/2152 1962/2185/2153 1961/2186/2154
f 1967/2187/2155 1965/2188/2156 1964/2189/2157
f 1965/2188/2156 1968/2190/2158 1964/2189/2157
f 1960/2184/2152 1971/2191/2159 1970/2192/2160
f 1973/2193/2161 1975/2194/2162 1974/2195/2163
f 1956/2181/2149 1978/2196/2164 1977/2197/2165
f 1979/2198/2166 1980/2199/2167 1978/2196/2164
f 1959/2200/2168 1982/2201/2169 1958/2182/2170
f 1986/2202/2171 1984/2203/2172 1983/2204/2173
f 1989/2205/2174 1987/2206/2175 1968/2190/2158
f 1990/2207/2176 1992/2208/2177 1991/2209/2178
f 1991/2209/2178 1994/2210/2179 1990/2207/2176
f 1999/2211/2180 1997/2212/2181 1996/2213/2182
f 2000/2214/2183 2002/2215/2184 2001/2216/2185
f 2004/2217/2186 2006/2218/2187 2005/2219/2188
f 2008/2220/2189 2003/2221/2190 2009/2222/2191
f 2007/2223/2192 2010/2224/2193 2006/2218/2187
f 2014/2225/2194 2012/2226/2195 2004/2217/2186
f 2017/2227/2196 2015/2228/2197 1996/2213/2182
f 2014/2225/2198 2018/2229/2199 2013/2230/2200
f 2022/2231/2201 2020/2232/2202 2019/2233/2203
f 2025/2234/2204 2023/2235/2205 1994/2210/2179
f 2028/2236/2206 2026/2237/2207 2029/2238/2208
f 2030/2239/2209 2027/2240/2210 2023/2235/2205
f 2031/2241/2211 2032/2242/2212 2015/2228/2197
f 2034/2243/2213 2036/2244/2214 2035/2245/2215
f 2039/2246/2216 2012/2226/2195 2037/2247/2217
f 2041/2248/2218 2038/2249/2219 2039/2246/2216
f 2037/2247/2217 2043/2250/2220 2042/2251/2221
f 2031/2241/2211 2045/2252/2222 2044/2253/2223
f 2021/2254/2224 1832/2065/2029 2020/2232/2202
f 2050/2255/2225 2048/2256/2226 2030/2239/2209
f 2051/2257/2227 2052/2258/2228 2005/2219/2188
f 2054/2259/2229 2055/2260/2230 1997/2212/2181
f 2053/2261/2231 2057/2262/2232 2052/2258/2233
f 1984/2203/2172 2059/2263/2234 2058/2264/2235
f 2061/2265/2236 2060/2266/2237 2062/2267/2238
f 2065/2268/2239 2063/2269/2240 2066/2270/2241
f 2060/2266/2237 2064/2271/2242 1987/2206/2175
f 2054/2259/2229 2067/2272/2243 1961/2186/2154
f 2051/2257/2227 2069/2273/2244 1957/2183/2151
f 2070/2274/2245 2071/2275/2246 2069/2273/2244
f 2073/2276/2247 2074/2277/2248 1977/2197/2165
f 2076/2278/2249 2077/2279/2250 1970/2192/2160
f 2075/2280/2251 1863/2281/2252 2074/2277/2253
f 2082/2282/2254 2080/2283/2255 2079/2284/2256
f 2084/2285/2257 2083/2286/2258 2085/2287/2259
f 2089/2288/2260 2087/2289/2261 2086/2290/2262
f 2086/2290/2262 2090/2291/2263 2083/2286/2258
f 2092/2292/2264 2076/2278/2249 2093/2293/2265
f 2073/2276/2247 2095/2294/2266 2094/2295/2267
f 1975/2194/2162 2098/2296/2268 2097/2297/2269
f 2096/2298/2270 2099/2299/2271 2095/2294/2266
f 2029/2238/2208 2101/2300/2272 2102/2301/2273
f 2101/2300/2272 2030/2239/2209 2048/2256/2226
f 2044/2253/2223 2033/2302/2274 2031/2241/2211
f 1844/2086/2052 2036/2244/2214 2034/2243/2213
f 2104/2303/2275 2037/2247/2217 2042/2251/2221
f 2105/2304/2276 2039/2246/2216 2104/2303/2275
f 2106/2305/2277 2042/2251/2221 2043/2250/2220
f 2045/2252/2222 2107/2306/2278 2044/2253/2223
f 2043/2250/2279 2109/2307/2280 2106/2305/2281
f 2049/2308/2282 1836/2068/2032 2048/2256/2226
f 2013/2230/2283 2037/2247/2217 2012/2226/2195
f 2015/2228/2197 2046/2309/2284 2031/2241/2211
f 2018/2229/2199 2043/2250/2279 2013/2230/2200
f 2024/2310/2285 2030/2239/2209 2023/2235/2205
f 2111/2311/2286 2113/2312/2287 2112/2313/2288
f 2115/2314/2289 2117/2315/2290 2116/2316/2291
f 2122/2317/2292 2120/2318/2293 2119/2319/2294
f 2125/2320/2295 2123/2321/2296 2126/2322/2297
f 2127/2323/2298 2129/2324/2299 2128/2325/2300
f 2131/2326/2301 2112/2313/2288 2132/2327/2302
f 2133/2328/2303 2135/2329/2304 2134/2330/2305
f 2140/2331/2306 2138/2332/2307 2137/2333/2308
f 2143/2334/2309 2141/2335/2310 2144/2336/2311
f 2141/2335/2310 2146/2337/2312 2145/2338/2313
f 2145/2338/2313 2148/2339/2314 2147/2340/2315
f 2148/2339/2314 2018/2341/2316 2147/2340/2315
f 1993/2342/2317 2027/2240/2210 2028/2236/2206
f 2023/2235/2205 1990/2207/2176 1994/2210/2179
f 1999/2211/2180 2015/2228/2197 2032/2242/2212
f 2035/2245/2215 2000/2214/2183 2034/2243/2213
f 2038/2249/2219 2004/2217/2186 2012/2226/2195
f 2040/2343/2318 2007/2223/2192 2038/2249/2219
f 1992/2208/2177 2063/2269/2240 1991/2209/2178
f 2063/2269/2240 1995/2344/2319 1991/2209/2178
f 1997/2212/2181 2068/2345/2320 2054/2259/2229
f 2001/2216/2185 2150/2346/2321 2149/2347/2322
f 2005/2219/2188 2070/2274/2245 2051/2257/2227
f 2006/2218/2187 2072/2348/2323 2070/2274/2245
f 2014/2225/2194 2005/2219/2188 2052/2258/2228
f 2017/2227/2196 1997/2212/2181 2055/2260/2230
f 2057/2262/2232 2014/2225/2198 2052/2258/2233
f 2059/2263/2234 2019/2233/2203 2058/2264/2235
f 2025/2234/2204 1995/2344/2319 2061/2265/2236
f 2152/2349/2324 2111/2311/2286 2151/2350/2325
f 2153/2351/2326 2118/2352/2327 2115/2314/2289
f 2122/2317/2292 2155/2353/2328 2156/2354/2329
f 2158/2355/2330 2123/2321/2296 2157/2356/2331
f 2159/2357/2332 2130/2358/2333 2127/2323/2298
f 2151/2350/2325 2131/2326/2301 2161/2359/2334
f 2162/2360/2335 2136/2361/2336 2133/2328/2303
f 2140/2331/2306 2164/2362/2337 2165/2363/2338
f 2144/2336/2311 2166/2364/2339 2167/2365/2340
f 2166/2364/2339 2145/2338/2313 2168/2366/2341
f 2145/2338/2313 2169/2367/2342 2168/2366/2341
f 2147/2340/2315 2057/2368/2343 2169/2367/2342
f 1957/2183/2151 2053/2261/2344 2051/2257/2227
f 1961/2186/2154 2056/2369/2345 2054/2259/2229
f 1982/2201/2169 2053/2261/2231 1958/2182/2170
f 1987/2206/2175 2062/2267/2238 2060/2266/2237
f 2171/2370/2346 2151/2350/2325 2170/2371/2347
f 2172/2372/2348 2154/2373/2349 2153/2351/2326
f 2174/2374/2350 2156/2354/2329 2155/2353/2328
f 2177/2375/2351 2157/2356/2331 2176/2376/2352
f 2178/2377/2353 2160/2378/2354 2159/2357/2332
f 2151/2350/2325 2180/2379/2355 2170/2371/2347
f 2181/2380/2356 2163/2381/2357 2162/2360/2335
f 2183/2382/2358 2165/2363/2338 2164/2362/2337
f 2186/2383/2359 2166/2364/2339 2185/2384/2360
f 2185/2384/2360 2168/2366/2341 2187/2385/2361
f 2168/2366/2341 2188/2386/2362 2187/2385/2361
f 2169/2367/2342 1982/2387/2363 2188/2386/2362
f 1967/2187/2155 2064/2271/2242 2065/2268/2239
f 1987/2206/2175 1964/2189/2157 1968/2190/2158
f 1961/2186/2154 1972/2388/2364 1960/2184/2152
f 2150/2346/2321 1973/2193/2161 2149/2347/2322
f 1957/2183/2151 1979/2198/2166 1956/2181/2149
f 2069/2273/2244 1981/2389/2365 1979/2198/2166
f 1966/2390/2366 2086/2290/2262 1965/2188/2156
f 1965/2188/2156 2083/2286/2258 1969/2391/2367
f 1970/2192/2160 2093/2293/2265 2076/2278/2249
f 1974/2195/2163 2190/2392/2368 2189/2393/2369
f 1977/2197/2165 2096/2298/2270 2073/2276/2247
f 1978/2196/2164 2100/2394/2370 2096/2298/2270
f 1977/2197/2165 1959/2200/2371 1956/2181/2149
f 1963/2395/2372 1970/2192/2160 2077/2279/2250
f 2074/2277/2253 1982/2201/2169 1959/2200/2168
f 2081/2396/2373 1983/2204/2173 2080/2283/2255
f 1989/2205/2174 1969/2391/2367 2084/2285/2257
f 1937/2397/2374 2170/2371/2347 1947/2163/2131
f 1939/2152/2120 2172/2372/2348 1938/2149/2117
f 1940/2154/2122 2175/2398/2375 2174/2374/2350
f 1943/2158/2126 2176/2376/2352 1942/2399/2376
f 1944/2160/2128 2179/2400/2377 2178/2377/2353
f 2170/2371/2347 1946/2166/2134 1947/2163/2131
f 1950/2401/2378 2182/2402/2379 2181/2380/2356
f 1949/2169/2137 2183/2382/2358 1952/2403/2380
f 1951/2172/2140 2185/2384/2360 1954/2176/2144
f 1954/2176/2144 2187/2385/2361 1953/2174/2142
f 1953/2174/2142 2188/2386/2362 1955/2178/2146
f 2188/2386/2362 1863/2404/2381 1955/2178/2146
f 2094/2295/2267 2075/2280/2382 2073/2276/2247
f 2091/2405/2383 2078/2406/2384 2076/2278/2249
f 2191/2407/2385 1863/2281/2252 2075/2280/2251
f 2085/2287/2259 2090/2291/2263 2193/2408/2386
f 2195/2409/2387 2087/2289/2261 2088/2410/2388
f 2079/2284/2256 2197/2411/2389 2196/2412/2390
f 2090/2291/2263 2194/2413/2391 2198/2414/2392
f 2200/2415/2393 2091/2405/2383 2092/2292/2264
f 2190/2392/2368 2201/2416/2394 2189/2393/2369
f 2203/2417/2395 2205/2418/2396 2204/2419/2397
f 2094/2295/2267 2206/2420/2398 1819/2421/2399
f 2095/2294/2266 1825/2058/2022 2206/2420/2398
f 2207/2422/2400 2209/2423/2401 2208/2424/2402
f 1888/2140/2108 1931/2142/2110 1926/2141/2109
f 1927/2425/2403 1884/2106/2074 1888/2140/2108
f 1933/2426/2404 1835/2069/2033 1932/2145/2113
f 1948/2427/2405 1931/2168/2136 1889/2167/2135
f 1988/2428/2406 2211/2429/2407 2210/2430/2408
f 2024/2310/2285 2213/2431/2409 2212/2432/2410
f 2050/2255/2225 2214/2433/2411 2049/2308/2282
f 2062/2267/2238 2216/2434/2412 2061/2265/2236
f 2085/2287/2259 2218/2435/2413 2084/2285/2257
f 1841/2436/2414 1932/2145/2113 2110/2437/2415
f 1933/2438/2416 2132/2327/2302 1887/2439/2417
f 2212/2432/2410 2050/2255/2225 2024/2310/2285
f 2131/2326/2301 2135/2329/2304 2136/2361/2336
f 2061/2265/2236 2213/2431/2409 2025/2234/2204
f 2163/2381/2357 2131/2326/2301 2136/2361/2336
f 2062/2267/2238 2210/2430/2408 2217/2440/2418
f 2182/2402/2379 2161/2359/2334 2163/2381/2357
f 2084/2285/2257 2211/2429/2407 1989/2205/2174
f 1948/2427/2405 2180/2379/2355 2182/2402/2379
f 2193/2408/2386 2219/2441/2419 2085/2287/2259
f 2102/2301/2273 1837/2442/2420 1828/2062/2026
f 1837/2442/2420 2048/2256/2226 1836/2068/2032
f 2103/2443/2421 2107/2306/2278 1840/2071/2035
f 1852/2083/2049 2042/2251/2221 1851/2080/2044
f 1856/2085/2051 2104/2303/2275 1852/2083/2049
f 1860/2090/2056 1851/2080/2044 2106/2305/2277
f 2108/2444/2422 1890/2112/2080 2107/2306/2278
f 2106/2305/2281 1862/2089/2423 1860/2090/2424
f 2047/2445/2425 1880/2103/2071 1832/2065/2029
f 2110/2437/2415 1835/2069/2033 1836/2068/2032
f 2222/2446/2426 2221/2447/2427 2223/2448/2428
f 2224/2449/2429 1893/2450/2430 1894/2451/2431
f 2112/2313/2288 1874/2452/2432 1875/2453/2433
f 2116/2316/2291 1924/2454/2434 1925/2455/2435
f 2121/2456/2436 1882/2457/2437 2120/2318/2293
f 2125/2320/2295 1900/2458/2438 2124/2459/2439
f 2128/2325/2300 1915/2460/2440 1916/2461/2441
f 2112/2313/2288 1887/2439/2417 2132/2327/2302
f 2135/2329/2304 1934/2462/2442 2134/2330/2305
f 2139/2463/2443 1892/2464/2444 2138/2332/2307
f 2142/2465/2445 1868/2466/2446 1869/2467/2447
f 2146/2337/2312 1869/2467/2447 1905/2468/2448
f 2146/2337/2312 1861/2469/2449 2148/2339/2314
f 1861/2469/2449 2109/2470/2450 2148/2339/2314
f 2049/2308/2282 1841/2436/2414 2110/2437/2415
f 2191/2407/2451 1819/2421/2399 1820/2055/2019
f 2199/2471/2452 2192/2472/2453 2091/2405/2383
f 1820/2055/2058 1863/2281/2252 2191/2407/2385
f 2196/2412/2390 2082/2282/2254 2079/2284/2256
f 2220/2473/2454 1927/2425/2403 1928/2139/2107
f 1920/2136/2104 2194/2413/2391 2195/2409/2387
f 2196/2412/2390 1877/2101/2069 1870/2098/2066
f 2198/2414/2392 1883/2107/2075 1884/2106/2074
f 1929/2143/2111 2199/2471/2452 2200/2415/2393
f 2202/2474/2455 1896/2116/2084 2201/2416/2394
f 1902/2120/2088 2204/2419/2397 2205/2418/2396
f 1819/2421/2399 1906/2124/2092 1818/2056/2020
f 2202/2474/2455 1911/2475/2456 1895/2114/2082
f 2206/2420/2398 1822/2060/2024 1906/2124/2092
f 2209/2423/2401 1901/2121/2089 2208/2424/2402
f 1927/2425/2403 2090/2291/2263 2198/2414/2392
f 1857/2087/2053 1848/2476/2457 1846/2076/2040
f 1914/2130/2098 1901/2121/2089 1913/2131/2099
f 1915/2477/2458 1843/2074/2038 1857/2087/2053
f 1944/2160/2128 1914/2478/2459 1945/2161/2129
f 2227/2479/2460 1974/2195/2163 2226/2480/2461
f 2229/2481/2462 2001/2216/2185 2228/2482/2463
f 1844/2086/2052 2230/2483/2464 1848/2476/2457
f 2231/2484/2465 2129/2324/2299 2130/2358/2333
f 2034/2243/2213 2229/2481/2462 2230/2483/2464
f 2232/2485/2466 2001/2216/2185 2149/2347/2322
f 2160/2378/2354 2231/2484/2465 2130/2358/2333
f 2179/2400/2377 2233/2486/2467 2160/2378/2354
f 2227/2479/2460 2149/2347/2322 1973/2193/2161
f 2226/2480/2461 2189/2393/2369 2207/2422/2400
f 2209/2423/2401 2189/2393/2369 2201/2416/2394
f 2129/2324/2299 1894/2451/2431 1915/2460/2440
f 1913/2131/2099 2201/2416/2394 1896/2116/2084
f 1847/2078/2042 1833/2077/2041 1830/2064/2028
f 1847/2078/2042 1916/2132/2100 1846/2076/2040
f 1903/2487/2468 1876/2102/2070 1902/2120/2088
f 1942/2399/2376 1903/2488/2469 1943/2158/2126
f 2236/2489/2470 2226/2480/2461 2235/2490/2471
f 2238/2491/2472 2228/2482/2463 2237/2492/2473
f 2239/2493/2474 1848/2476/2457 2230/2483/2464
f 2126/2322/2297 2128/2325/2300 2125/2320/2295
f 2238/2491/2472 2230/2483/2464 2229/2481/2462
f 2228/2482/2463 2240/2494/2475 2237/2492/2473
f 2158/2355/2330 2127/2323/2298 2126/2322/2297
f 2177/2375/2351 2159/2357/2332 2158/2355/2330
f 2236/2489/2470 2232/2485/2466 2227/2479/2460
f 2235/2490/2471 2207/2422/2400 2203/2417/2395
f 1944/2160/2128 2177/2375/2351 1943/2158/2126
f 2203/2417/2395 2208/2424/2402 2205/2418/2396
f 2125/2320/2295 1916/2461/2441 1899/2495/2476
f 2208/2424/2402 1902/2120/2088 2205/2418/2396
f 1831/2066/2030 1832/2065/2029 1880/2103/2071
f 1878/2496/2477 1870/2098/2066 1877/2101/2069
f 1831/2066/2030 1900/2118/2086 1830/2064/2028
f 1941/2156/2124 1873/2153/2121 1878/2157/2125
f 1983/2204/2173 2235/2490/2471 2080/2283/2255
f 2238/2491/2472 2058/2264/2235 2019/2233/2203
f 2020/2232/2202 1833/2077/2041 2239/2493/2474
f 2123/2321/2296 2121/2456/2436 2122/2317/2292
f 2019/2233/2203 2239/2493/2474 2238/2491/2472
f 2237/2492/2473 1984/2203/2172 2058/2264/2235
f 2157/2356/2331 2122/2317/2292 2156/2354/2329
f 2175/2398/2375 2157/2356/2331 2156/2354/2329
f 1983/2204/2173 2240/2494/2475 2236/2489/2470
f 2080/2283/2255 2203/2417/2395 2079/2284/2256
f 1941/2156/2124 2176/2376/2352 2175/2398/2375
f 2079/2284/2256 2204/2419/2397 2197/2411/2389
f 1881/2497/2478 2124/2459/2439 1900/2458/2438
f 2197/2411/2389 1876/2102/2070 1877/2101/2069
f 1872/2498/2479 1917/2134/2102 1871/2097/2065
f 1918/2499/2480 1870/2098/2066 1871/2097/2065
f 1923/2138/2106 1882/2500/2481 1880/2103/2071
f 1938/2149/2117 1872/2501/2482 1939/2152/2120
f 1985/2502/2483 2242/2503/2484 2241/2504/2485
f 2021/2254/2224 2244/2505/2486 2243/2506/2487
f 2047/2445/2425 2243/2506/2487 1829/2507/2488
f 1985/2502/2483 2245/2508/2489 2059/2263/2234
f 2082/2282/2254 2246/2509/2490 2081/2396/2373
f 2118/2352/2327 2120/2318/2293 2117/2315/2290
f 2245/2508/2489 2022/2231/2201 2059/2263/2234
f 2154/2373/2349 2119/2319/2294 2118/2352/2327
f 2173/2510/2491 2155/2353/2328 2154/2373/2349
f 2246/2509/2490 1986/2202/2171 2081/2396/2373
f 1940/2154/2122 2173/2510/2491 1939/2152/2120
f 1923/2138/2106 1829/2507/2488 1826/2061/2025
f 2120/2318/2293 1924/2454/2434 2117/2315/2290
f 2082/2282/2254 1919/2133/2101 2247/2511/2492
f 1837/2442/2420 1827/2063/2027 1828/2062/2026
f 1827/2063/2027 1925/2512/2493 1826/2061/2025
f 1920/2136/2104 1886/2105/2073 1883/2107/2075
f 1921/2150/2118 1947/2163/2131 1886/2165/2133
f 2242/2503/2484 1966/2390/2366 1967/2187/2155
f 1993/2342/2317 2245/2508/2489 1992/2208/2177
f 2028/2236/2206 2029/2238/2208 2243/2506/2487
f 2065/2268/2239 2066/2270/2241 2241/2504/2485
f 2088/2410/2388 2089/2288/2260 2247/2511/2492
f 2102/2301/2273 2243/2506/2487 2029/2238/2208
f 2114/2513/2494 2116/2316/2291 2113/2312/2287
f 2028/2236/2206 2244/2505/2486 1993/2342/2317
f 2245/2508/2489 2066/2270/2241 1992/2208/2177
f 2152/2349/2324 2115/2314/2289 2114/2513/2494
f 2171/2370/2346 2153/2351/2326 2152/2349/2324
f 2065/2268/2239 2242/2503/2484 1967/2187/2155
f 2246/2509/2490 2089/2288/2260 1966/2390/2366
f 1937/2397/2374 2172/2372/2348 2171/2370/2346
f 2088/2410/2388 1919/2133/2101 2195/2409/2387
f 2102/2301/2273 1828/2062/2026 1829/2507/2488
f 2113/2312/2287 1925/2455/2435 1874/2452/2432
f 2195/2409/2387 1917/2134/2102 1920/2136/2104
f 2107/2306/2278 1839/2072/2036 1840/2071/2035
f 1891/2514/2495 1838/2070/2034 1839/2072/2036
f 1930/2515/2496 1864/2093/2061 1929/2143/2111
f 1930/2170/2138 1952/2403/2380 1866/2171/2139
f 1972/2388/2364 2218/2435/2413 1971/2191/2159
f 1999/2211/2180 2216/2434/2412 1998/2516/2497
f 2215/2517/2498 2032/2242/2212 2033/2302/2274
f 2068/2345/2320 2210/2430/2408 2067/2272/2243
f 2219/2441/2419 2092/2292/2264 2093/2293/2265
f 2103/2443/2421 2215/2517/2498 2033/2302/2274
f 2140/2331/2306 2134/2330/2305 2139/2463/2443
f 2032/2242/2212 2213/2431/2409 1999/2211/2180
f 1998/2516/2497 2217/2440/2418 2068/2345/2320
f 2165/2363/2338 2133/2328/2303 2140/2331/2306
f 2184/2518/2499 2162/2360/2335 2165/2363/2338
f 2067/2272/2243 2211/2429/2407 1972/2388/2364
f 1971/2191/2159 2219/2441/2419 2093/2293/2265
f 2184/2518/2499 1950/2401/2378 2181/2380/2356
f 2092/2292/2264 1928/2139/2107 2200/2415/2393
f 1840/2071/2035 2214/2433/2411 2103/2443/2421
f 2139/2463/2443 1934/2462/2442 1891/2519/2500
f 2200/2415/2393 1926/2141/2109 1929/2143/2111
f 1824/2520/2501 1864/2093/2061 1823/2059/2023
f 1865/2521/2502 1822/2060/2024 1823/2059/2023
f 1892/2111/2079 1867/2522/2503 1868/2094/2062
f 1865/2173/2141 1954/2176/2144 1912/2175/2143
f 1963/2395/2372 2071/2275/2246 1962/2185/2153
f 2016/2523/2504 2011/2524/2505 2040/2343/2318
f 2041/2248/2218 2045/2252/2222 2046/2309/2284
f 2056/2369/2345 2010/2224/2193 2055/2260/2230
f 2078/2406/2384 1980/2199/2167 2077/2279/2250
f 2105/2304/2276 2108/2444/2422 2045/2252/2222
f 2040/2343/2318 2046/2309/2284 2016/2523/2504
f 2143/2334/2309 2137/2333/2308 2138/2332/2307
f 2055/2260/2230 2011/2524/2505 2017/2227/2196
f 2164/2362/2337 2144/2336/2311 2167/2365/2340
f 1962/2185/2153 2072/2348/2323 2056/2369/2345
f 2167/2365/2340 2183/2382/2358 2164/2362/2337
f 2077/2279/2250 1981/2389/2365 1963/2395/2372
f 1952/2403/2380 2186/2383/2359 1951/2172/2140
f 2192/2472/2453 2100/2394/2370 2078/2406/2384
f 1856/2085/2051 1867/2522/2503 2108/2444/2422
f 2138/2332/2307 1868/2466/2446 2143/2334/2309
f 1824/2520/2501 2099/2299/2271 2192/2472/2453
f 2248/2525/2506 2250/2526/2507 2249/2527/2508
f 2222/2528/2509 1842/2075/2039 1893/2529/2510
f 1911/2475/2456 2251/2530/2511 1910/2126/2094
f 2008/2220/2189 2254/2531/2512 2253/2532/2513
f 2258/2533/2514 2256/2534/2515 2009/2222/2191
f 2261/2535/2516 2259/2536/2517 2098/2296/2518
f 2225/2537/2519 2252/2538/2520 1911/2475/2456
f 2249/2527/2508 2264/2539/2521 2263/2540/2522
f 2252/2538/2520 2265/2541/2523 2251/2530/2511
f 2269/2542/2524 2267/2543/2525 2259/2536/2526
f 2255/2544/2527 2270/2545/2528 2254/2531/2512
f 2257/2546/2529 2272/2547/2530 2256/2534/2515
f 2274/2548/2531 2259/2536/2517 2260/2549/2532
f 2276/2550/2533 2262/2551/2534 2277/2552/2535
f 2262/2551/2534 2266/2553/2536 2252/2538/2520
f 2281/2554/2537 2279/2555/2538 2278/2556/2539
f 2284/2557/2540 2282/2558/2541 2285/2559/2542
f 2288/2560/2543 2286/2561/2544 2289/2562/2545
f 2292/2563/2546 2290/2564/2547 2293/2565/2548
f 2295/2566/2549 2284/2557/2550 2285/2559/2551
f 2296/2567/2552 2298/2568/2553 2297/2569/2554
f 2300/2570/2555 2302/2571/2556 2301/2572/2557
f 2306/2573/2558 2304/2574/2559 2307/2575/2560
f 2309/2576/2561 2306/2573/2558 2307/2575/2560
f 2312/2577/2562 2310/2578/1918 2313/2579/2563
f 2316/2580/1920 2314/2581/2564 2317/2582/2565
f 2320/2583/2566 2318/2584/2567 2321/2585/2568
f 1908/2586/2569 2299/2587/2570 2296/2567/2552
f 2301/2572/2557 1801/2048/2005 1815/1983/1927
f 1332/1985/1929 2305/2588/2571 2306/2573/2558
f 2325/1987/1931 2323/2589/2572 2319/2590/2573
f 2312/2577/2562 2326/1990/1934 2311/2591/1919
f 2316/2580/1920 2328/1991/1935 2315/2592/1922
f 2320/2583/2566 2325/1987/1936 2319/2590/2574
f 2308/2593/2575 1794/2046/1998 1816/1992/1937
f 2331/1996/1941 1814/1995/1940 2306/2573/2558
f 1945/2161/2129 2234/2594/2576 2179/2400/2377
f 2231/2484/2465 2221/2447/2577 2224/2449/2429
f 2334/2595/2578 2231/2484/2465 2233/2486/2467
f 2234/2594/2576 2334/2595/2578 2233/2486/2467
f 1935/2162/2130 2335/2596/2579 2234/2594/2576
f 1898/2148/2580 2336/2597/2581 1936/2146/2582
f 2333/2598/2583 2337/2599/2584 2223/2448/2428
f 2333/2598/2583 2223/2448/2428 2221/2447/2427
f 2334/2595/2585 2337/2599/2584 2333/2598/2583
f 2335/2596/2586 2337/2599/2584 2334/2595/2585
f 2336/2597/2581 2335/2596/2586 1936/2146/2582
f 2223/2448/2428 2338/2600/2587 2222/2446/2426
f 2251/2601/2588 2336/2597/2581 1910/2602/2589
f 2337/2599/2584 2339/2603/2590 2223/2448/2428
f 2340/2604/2591 2337/2599/2584 2336/2597/2581
f 2251/2601/2588 2265/2605/2592 2340/2604/2591
f 2342/2606/2593 2343/2607/2594 2340/2604/2591
f 2339/2603/2590 1908/2608/2595 2296/2609/2596
f 2304/2610/2597 2305/2611/2598 2340/2604/2591
f 1753/2018/1968 1908/2608/2595 2339/2603/2590
f 2305/2611/2598 1754/2019/1969 2340/2604/2591
f 1754/2019/1969 2341/2612/1959 2340/2604/2591
f 2345/2613/2599 2343/2614/2600 2342/2615/2601
f 2346/2616/2602 2344/2617/2603 2345/2613/2599
f 2309/2576/2561 2332/2618/2604 2308/2593/2575
f 2349/2619/2605 2319/2590/2573 2323/2589/2572
f 2351/2620/2606 2282/2558/2541 2283/2621/2607
f 2303/2622/2608 2279/2555/2538 2280/2623/2609
f 2284/2557/2540 2349/2619/2605 2283/2621/2607
f 2313/2579/2563 2287/2624/1899 2288/2560/2543
f 2291/2625/2610 2317/2582/2565 2314/2581/2564
f 2321/2585/2568 2284/2557/2550 2294/2626/2611
f 2297/2569/2554 2352/2627/2612 2338/2628/2613
f 2340/2604/2591 2343/2607/2594 2304/2610/2597
f 2344/2617/2603 2304/2574/2559 2343/2614/2600
f 2347/2629/2614 2307/2575/2560 2344/2617/2603
f 2348/2630/2615 2347/2629/2614 2351/2620/2606
f 2281/2554/2537 2263/2540/2522 2264/2539/2521
f 2266/2553/2536 2342/2615/2601 2265/2541/2523
f 2285/2559/2542 2268/2631/2616 2269/2542/2524
f 2289/2562/2545 2270/2545/2528 2271/2632/2617
f 2273/2633/2618 2290/2564/2547 2272/2547/2530
f 2274/2548/2531 2285/2559/2551 2269/2542/2619
f 2276/2550/2533 2346/2616/2602 2275/2634/2620
f 2275/2634/2620 2345/2613/2599 2266/2553/2536
f 2338/2600/2587 2339/2603/2590 2297/2635/2621
f 2340/2604/2591 2265/2605/2592 2342/2606/2593
f 2338/2628/2613 2352/2627/2612 2353/2636/2622
f 2338/2628/2613 2353/2636/2622 2354/2637/2623
f 2354/2637/2623 2222/2528/2509 2338/2628/2613
f 2254/2531/2512 2274/2548/2531 2260/2549/2532
f 2286/2561/2544 2294/2626/2611 2295/2566/2549
f 2321/2585/2568 2311/2591/1919 2320/2583/2566
f 2294/2626/2611 2310/2578/1918 2321/2585/2568
f 2270/2545/2528 2295/2566/2549 2274/2548/2531
f 2249/2527/2508 2273/2633/2618 2257/2546/2529
f 2293/2565/2548 2279/2555/2538 2292/2563/2546
f 2317/2582/2565 2301/2572/2557 2316/2580/1920
f 2341/2612/1959 1753/2018/1968 2339/2603/2590
f 2292/2563/2546 2300/2570/2555 2317/2582/2565
f 2263/2540/2522 2293/2565/2548 2273/2633/2618
f 2271/2632/2617 2256/2534/2515 2272/2547/2530
f 2289/2562/2545 2291/2625/2610 2288/2560/2543
f 2313/2579/2563 2315/2592/1922 2312/2577/2562
f 2288/2560/2543 2314/2581/2564 2313/2579/2563
f 2272/2547/2530 2289/2562/2545 2271/2632/2617
f 2267/2543/2525 2276/2550/2533 2277/2552/2535
f 1817/2638/2624 2332/2618/2604 2324/1989/1933
f 2348/2630/2615 2323/2589/2572 2332/2618/2604
f 2347/2629/2614 2350/2639/2625 2351/2620/2606
f 2283/2621/2607 2348/2630/2615 2351/2620/2606
f 2268/2631/2616 2350/2639/2625 2276/2550/2533
f 2250/2526/2507 2353/2636/2626 2264/2539/2521
f 2352/2627/2627 2280/2623/2609 2281/2554/2537
f 2303/2622/2608 1909/2125/2628 2302/2571/2556
f 2302/2571/2556 1333/1525/2004 1801/2048/2005
f 2298/2568/2629 2303/2622/2608 2280/2623/2609
f 2264/2539/2521 2352/2627/2627 2281/2554/2537
f 2355/2640/2630 2262/2551/2534 2225/2537/2519
f 2097/2297/2269 2277/2552/2535 2355/2640/2630
f 2097/2297/2269 2259/2536/2526 2267/2543/2525
f 2260/2549/2532 2253/2532/2513 2254/2531/2512
f 2255/2544/2527 2009/2222/2191 2256/2534/2515
f 2257/2546/2529 2248/2525/2506 2249/2527/2508
f 1853/2641/2631 2354/2637/2632 2250/2526/2507
f 2355/2640/2630 2202/2474/2455 2190/2392/2368
f 2097/2297/2269 2190/2392/2368 1975/2194/2162
f 2261/2535/2516 1976/2642/2633 2150/2346/2634
f 2150/2346/2634 2253/2532/2513 2261/2535/2516
f 2002/2215/2635 2253/2532/2513 2150/2346/2634
f 2035/2245/2636 2009/2222/2191 2003/2221/2190
f 2258/2533/2514 2036/2244/2637 2248/2525/2506
f 1845/2073/2047 2248/2525/2506 2036/2244/2637
f 2297/2635/2621 2339/2603/2590 2296/2609/2596
f 2320/2583/2566 2326/1990/1934 2330/2643/2638
f 2329/2052/2016 2301/2572/2557 2322/2053/2017
f 2327/2054/2018 2315/2592/1922 2328/1991/1935
f 2447/2644/2639 2404/2645/2640 2397/2646/2641
f 2371/2647/2642 2468/2648/2643 2447/2644/2639
f 2448/2649/2644 2405/2650/2645 2469/2651/2646
f 2371/2647/2642 2469/2651/2646 2420/2652/2647
f 2395/2653/2648 2470/2654/2649 2406/2655/2650
f 2449/2656/2651 2421/2657/2652 2470/2654/2649
f 2397/2646/2641 2471/2658/2653 2450/2659/2654
f 2372/2660/2655 2471/2658/2653 2421/2657/2652
f 2435/2661/2656 2407/2662/2657 2472/2663/2658
f 2505/2664/2659 2472/2663/2658 2407/2662/2657
f 2422/2665/2660 2435/2661/2656 2472/2663/2658
f 2472/2663/2658 2507/2666/2661 2422/2665/2660
f 2473/2667/2662 2509/2668/2663 2408/2669/2664
f 2507/2666/2661 2473/2667/2662 2422/2665/2660
f 2384/2670/2665 2473/2667/2662 2408/2669/2664
f 2436/2671/2666 2422/2665/2660 2473/2667/2662
f 2474/2672/2667 2385/2673/2668 2409/2674/2669
f 2501/2675/2670 2474/2672/2667 2409/2674/2669
f 2363/2676/2671 2474/2672/2667 2423/2677/2672
f 2502/2678/2673 2423/2677/2672 2474/2672/2667
f 2475/2679/2674 2505/2664/2659 2407/2662/2657
f 2503/2680/2675 2475/2679/2674 2423/2677/2672
f 2407/2662/2657 2432/2681/2676 2475/2679/2674
f 2475/2679/2674 2363/2676/2671 2423/2677/2672
f 2398/2682/2677 2476/2683/2678 2405/2650/2645
f 2451/2684/2679 2424/2685/2680 2476/2683/2678
f 2396/2686/2681 2477/2687/2682 2452/2688/2683
f 2452/2688/2683 2424/2685/2680 2373/2689/2684
f 2460/2690/2685 2380/2691/2686 2401/2692/2687
f 2376/2693/2688 2425/2694/2689 2460/2690/2685
f 2461/2695/2690 2381/2696/2691 2426/2697/2692
f 2461/2695/2690 2360/2698/2693 2376/2693/2688
f 2462/2699/2694 2381/2696/2691 2402/2700/2695
f 2377/2701/2696 2427/2702/2697 2462/2699/2694
f 2463/2703/2698 2382/2704/2699 2428/2705/2700
f 2377/2701/2696 2428/2705/2700 2361/2706/2701
f 2482/2707/2702 2383/2708/2703 2429/2709/2704
f 2459/2710/2705 2429/2709/2704 2362/2711/2706
f 2491/2712/2707 2387/2713/2708 2437/2714/2709
f 2437/2714/2709 2492/2715/2710 2491/2712/2707
f 2384/2716/2665 2493/2717/2711 2494/2718/2712
f 2362/2711/2706 2493/2717/2711 2430/2719/2713
f 2430/2719/2713 2408/2720/2664 2483/2721/2714
f 2459/2710/2705 2430/2719/2713 2483/2721/2714
f 2385/2673/2668 2485/2722/2715 2486/2723/2716
f 2363/2676/2671 2485/2722/2715 2431/2724/2717
f 2440/2725/2718 2498/2726/2719 2391/2727/2720
f 2367/2728/2721 2499/2729/2722 2440/2725/2718
f 2383/2708/2703 2489/2730/2723 2490/2731/2724
f 2364/2732/2725 2489/2730/2723 2433/2733/2726
f 2433/2733/2726 2419/2734/2727 2481/2735/2728
f 2364/2732/2725 2481/2735/2728 2458/2736/2729
f 2434/2737/2730 2409/2674/2669 2385/2673/2668
f 2364/2732/2725 2480/2738/2731 2434/2737/2730
f 2487/2739/2732 2390/2740/2733 2442/2741/2734
f 2488/2742/2735 2442/2741/2734 2368/2743/2736
f 2386/2744/2737 2497/2745/2738 2498/2726/2719
f 2365/2746/2739 2497/2745/2738 2435/2661/2656
f 2444/2747/2740 2494/2748/2712 2389/2749/2741
f 2496/2750/2742 2444/2747/2740 2369/2751/2743
f 2358/2752/2744 2530/2753/2745 2529/2754/2746
f 2388/2755/2747 2530/2753/2745 2411/2756/2748
f 2516/2757/2749 2359/2758/2750 2517/2759/2751
f 2516/2757/2749 2388/2755/2747 2412/2760/2752
f 2524/2761/2753 2357/2762/2754 2525/2763/2755
f 2524/2761/2753 2392/2764/2756 2414/2765/2757
f 2356/2766/2758 2522/2767/2759 2521/2768/2760
f 2392/2764/2756 2522/2767/2759 2413/2769/2761
f 2358/2752/2744 2528/2770/2762 2416/2771/2763
f 2528/2770/2762 2393/2772/2764 2416/2771/2763
f 2526/2773/2765 2357/2762/2754 2415/2774/2766
f 2393/2772/2764 2526/2773/2765 2415/2774/2766
f 2356/2766/2758 2520/2775/2767 2418/2776/2768
f 2520/2775/2767 2394/2777/2769 2418/2776/2768
f 2417/2778/2770 2517/2779/2751 2359/2780/2750
f 2519/2781/2771 2417/2778/2770 2394/2777/2769
f 2358/2752/2744 2445/2782/2772 2411/2756/2748
f 2411/2756/2748 2370/2783/2773 2388/2755/2747
f 2445/2782/2772 2406/2655/2650 2478/2784/2774
f 2370/2783/2773 2478/2784/2774 2453/2785/2775
f 2446/2786/2776 2410/2787/2777 2396/2788/2681
f 2370/2783/2773 2479/2789/2778 2446/2786/2776
f 2446/2786/2776 2359/2758/2750 2412/2760/2752
f 2388/2755/2747 2446/2786/2776 2412/2760/2752
f 2414/2765/2757 2397/2646/2641 2357/2762/2754
f 2371/2647/2642 2414/2765/2757 2392/2764/2756
f 2356/2766/2758 2448/2649/2644 2413/2769/2761
f 2448/2649/2644 2392/2764/2756 2413/2769/2761
f 2449/2656/2651 2358/2752/2744 2416/2771/2763
f 2372/2660/2655 2416/2771/2763 2393/2772/2764
f 2357/2762/2754 2450/2659/2654 2415/2774/2766
f 2415/2774/2766 2372/2660/2655 2393/2772/2764
f 2451/2684/2679 2356/2766/2758 2418/2776/2768
f 2394/2777/2769 2451/2684/2679 2418/2776/2768
f 2359/2780/2750 2452/2688/2683 2417/2778/2770
f 2417/2778/2770 2373/2689/2684 2394/2777/2769
f 2454/2790/2779 2403/2791/2780 2464/2792/2781
f 2374/2793/2782 2464/2792/2781 2378/2794/2783
f 2455/2795/2784 2382/2796/2699 2400/2797/2785
f 2374/2793/2782 2465/2798/2786 2455/2795/2784
f 2456/2799/2787 2380/2691/2686 2466/2800/2788
f 2375/2801/2789 2466/2800/2788 2379/2802/2790
f 2457/2803/2791 2403/2791/2780 2399/2804/2792
f 2375/2801/2789 2467/2805/2793 2457/2803/2791
f 2480/2738/2731 2501/2675/2670 2409/2674/2669
f 2480/2738/2731 2515/2806/2794 2500/2807/2795
f 2419/2734/2727 2514/2808/2796 2481/2735/2728
f 2481/2735/2728 2515/2806/2794 2458/2736/2729
f 2482/2707/2702 2513/2809/2797 2419/2734/2727
f 2511/2810/2798 2482/2707/2702 2459/2710/2705
f 2509/2811/2663 2483/2721/2714 2408/2720/2664
f 2511/2810/2798 2483/2721/2714 2510/2812/2799
f 2491/2712/2707 2383/2708/2703 2490/2731/2724
f 2362/2711/2706 2491/2712/2707 2492/2715/2710
f 2389/2813/2741 2493/2717/2711 2438/2814/2800
f 2438/2814/2800 2492/2715/2710 2366/2815/2801
f 2439/2816/2802 2486/2723/2716 2485/2722/2715
f 2439/2816/2802 2484/2817/2803 2367/2728/2721
f 2499/2729/2722 2386/2744/2737 2498/2726/2719
f 2363/2676/2671 2499/2729/2722 2484/2817/2803
f 2441/2818/2804 2490/2731/2724 2489/2730/2723
f 2441/2818/2804 2488/2742/2735 2368/2743/2736
f 2385/2673/2668 2487/2739/2732 2434/2737/2730
f 2488/2742/2735 2434/2737/2730 2487/2739/2732
f 2443/2819/2805 2498/2726/2719 2497/2745/2738
f 2443/2819/2805 2496/2750/2742 2369/2751/2743
f 2495/2820/2806 2384/2670/2665 2494/2748/2712
f 2365/2746/2739 2495/2820/2806 2496/2750/2742
f 2399/2804/2792 2506/2821/2807 2505/2664/2659
f 2374/2793/2782 2506/2821/2807 2454/2790/2779
f 2508/2822/2808 2400/2797/2785 2509/2668/2663
f 2374/2793/2782 2508/2822/2808 2507/2666/2661
f 2401/2692/2687 2502/2678/2673 2501/2675/2670
f 2456/2799/2787 2503/2680/2675 2502/2678/2673
f 2504/2823/2809 2399/2804/2792 2505/2664/2659
f 2375/2801/2789 2504/2823/2809 2503/2680/2675
f 2500/2807/2795 2401/2692/2687 2501/2675/2670
f 2376/2693/2688 2500/2807/2795 2515/2806/2794
f 2513/2809/2797 2461/2695/2690 2514/2808/2796
f 2461/2695/2690 2515/2806/2794 2514/2808/2796
f 2512/2824/2810 2402/2700/2695 2513/2809/2797
f 2511/2810/2798 2462/2699/2694 2512/2824/2810
f 2400/2825/2785 2510/2812/2799 2509/2811/2663
f 2510/2812/2799 2377/2701/2696 2511/2810/2798
f 2387/2713/2708 2530/2753/2745 2437/2714/2709
f 2366/2815/2801 2530/2753/2745 2531/2826/2811
f 2389/2813/2741 2516/2757/2749 2517/2759/2751
f 2366/2815/2801 2516/2757/2749 2438/2814/2800
f 2390/2740/2733 2524/2761/2753 2525/2763/2755
f 2367/2728/2721 2524/2761/2753 2439/2816/2802
f 2391/2727/2720 2522/2767/2759 2440/2725/2718
f 2367/2728/2721 2522/2767/2759 2523/2827/2812
f 2387/2713/2708 2528/2770/2762 2529/2754/2746
f 2368/2743/2736 2528/2770/2762 2441/2818/2804
f 2526/2773/2765 2390/2740/2733 2525/2763/2755
f 2368/2743/2736 2526/2773/2765 2527/2828/2813
f 2521/2768/2760 2443/2819/2805 2520/2775/2767
f 2369/2751/2743 2520/2775/2767 2443/2819/2805
f 2518/2829/2814 2389/2749/2741 2517/2779/2751
f 2369/2751/2743 2518/2829/2814 2519/2781/2771
f 2426/2830/2692 2381/2831/2691 2532/2832/2815
f 2381/2831/2691 2427/2833/2697 2532/2832/2815
f 2427/2833/2697 2361/2834/2701 2532/2832/2815
f 2361/2834/2701 2428/2705/2700 2532/2832/2815
f 2428/2705/2700 2382/2704/2699 2532/2832/2815
f 2382/2704/2699 2465/2835/2786 2532/2832/2815
f 2465/2835/2786 2378/2836/2783 2532/2832/2815
f 2378/2836/2783 2464/2837/2781 2532/2832/2815
f 2464/2837/2781 2403/2838/2780 2532/2832/2815
f 2403/2838/2780 2467/2839/2793 2532/2832/2815
f 2467/2839/2793 2379/2840/2790 2532/2832/2815
f 2379/2840/2790 2466/2841/2788 2532/2832/2815
f 2466/2841/2788 2380/2842/2686 2532/2832/2815
f 2380/2842/2686 2425/2843/2689 2532/2832/2815
f 2425/2843/2689 2360/2844/2693 2532/2832/2815
f 2360/2844/2693 2426/2830/2692 2532/2832/2815
f 2624/2845/2639 2581/2846/2640 2574/2847/2816
f 2548/2848/2642 2645/2849/2643 2624/2845/2639
f 2625/2850/2817 2582/2851/2645 2646/2852/2646
f 2548/2848/2642 2646/2852/2646 2597/2853/2647
f 2572/2854/2648 2647/2855/2818 2583/2856/2650
f 2626/2857/2651 2598/2858/2652 2647/2855/2818
f 2574/2847/2816 2648/2859/2653 2627/2860/2654
f 2549/2861/2655 2648/2859/2653 2598/2858/2652
f 2612/2862/2819 2584/2863/2820 2649/2864/2658
f 2682/2865/2659 2649/2864/2658 2584/2863/2820
f 2599/2866/2660 2612/2862/2819 2649/2864/2658
f 2649/2864/2658 2684/2867/2661 2599/2866/2660
f 2650/2868/2662 2686/2869/2663 2585/2870/2664
f 2684/2867/2661 2650/2868/2662 2599/2866/2660
f 2561/2871/2665 2650/2868/2662 2585/2870/2664
f 2613/2872/2821 2599/2866/2660 2650/2868/2662
f 2651/2873/2822 2562/2874/2823 2586/2875/2669
f 2678/2876/2824 2651/2873/2822 2586/2875/2669
f 2540/2877/2825 2651/2873/2822 2600/2878/2826
f 2679/2879/2673 2600/2878/2826 2651/2873/2822
f 2652/2880/2827 2682/2865/2659 2584/2863/2820
f 2680/2881/2675 2652/2880/2827 2600/2878/2826
f 2584/2863/2820 2609/2882/2676 2652/2880/2827
f 2652/2880/2827 2540/2877/2825 2600/2878/2826
f 2575/2883/2828 2653/2884/2678 2582/2851/2645
f 2628/2885/2679 2601/2886/2680 2653/2884/2678
f 2573/2887/2829 2654/2888/2682 2629/2889/2683
f 2629/2889/2683 2601/2886/2680 2550/2890/2684
f 2637/2891/2685 2557/2892/2686 2578/2893/2687
f 2553/2894/2688 2602/2895/2830 2637/2891/2685
f 2638/2896/2690 2558/2897/2691 2603/2898/2692
f 2638/2896/2690 2537/2899/2693 2553/2894/2688
f 2639/2900/2694 2558/2897/2691 2579/2901/2695
f 2554/2902/2696 2604/2903/2831 2639/2900/2694
f 2640/2904/2698 2559/2905/2699 2605/2906/2700
f 2554/2902/2696 2605/2906/2700 2538/2907/2701
f 2659/2908/2702 2560/2909/2703 2606/2910/2704
f 2636/2911/2705 2606/2910/2704 2539/2912/2706
f 2668/2913/2707 2564/2914/2708 2614/2915/2709
f 2614/2915/2709 2669/2916/2710 2668/2913/2707
f 2561/2917/2665 2670/2918/2711 2671/2919/2712
f 2539/2912/2706 2670/2918/2711 2607/2920/2713
f 2607/2920/2713 2585/2921/2664 2660/2922/2714
f 2636/2911/2705 2607/2920/2713 2660/2922/2714
f 2562/2874/2823 2662/2923/2715 2663/2924/2716
f 2540/2877/2825 2662/2923/2715 2608/2925/2832
f 2617/2926/2718 2675/2927/2719 2568/2928/2720
f 2544/2929/2721 2676/2930/2722 2617/2926/2718
f 2560/2909/2703 2666/2931/2723 2667/2932/2724
f 2541/2933/2725 2666/2931/2723 2610/2934/2726
f 2610/2934/2726 2596/2935/2727 2658/2936/2728
f 2541/2933/2725 2658/2936/2728 2635/2937/2729
f 2611/2938/2730 2586/2875/2669 2562/2874/2823
f 2541/2933/2725 2657/2939/2731 2611/2938/2730
f 2664/2940/2732 2567/2941/2733 2619/2942/2833
f 2665/2943/2834 2619/2942/2833 2545/2944/2736
f 2563/2945/2835 2674/2946/2836 2675/2927/2719
f 2542/2947/2739 2674/2946/2836 2612/2862/2819
f 2621/2948/2740 2671/2949/2712 2566/2950/2837
f 2673/2951/2742 2621/2948/2740 2546/2952/2743
f 2535/2953/2838 2707/2954/2745 2706/2955/2839
f 2565/2956/2840 2707/2954/2745 2588/2957/2748
f 2693/2958/2749 2536/2959/2841 2694/2960/2842
f 2693/2958/2749 2565/2956/2840 2589/2961/2752
f 2701/2962/2843 2534/2963/2844 2702/2964/2755
f 2701/2962/2843 2569/2965/2756 2591/2966/2757
f 2533/2967/2758 2699/2968/2759 2698/2969/2760
f 2569/2965/2756 2699/2968/2759 2590/2970/2761
f 2535/2953/2838 2705/2971/2762 2593/2972/2845
f 2705/2971/2762 2570/2973/2764 2593/2972/2845
f 2703/2974/2765 2534/2963/2844 2592/2975/2766
f 2570/2973/2764 2703/2974/2765 2592/2975/2766
f 2533/2967/2758 2697/2976/2767 2595/2977/2846
f 2697/2976/2767 2571/2978/2769 2595/2977/2846
f 2594/2979/2770 2694/2980/2842 2536/2981/2841
f 2696/2982/2771 2594/2979/2770 2571/2978/2769
f 2535/2953/2838 2622/2983/2772 2588/2957/2748
f 2588/2957/2748 2547/2984/2773 2565/2956/2840
f 2622/2983/2772 2583/2856/2650 2655/2985/2774
f 2547/2984/2773 2655/2985/2774 2630/2986/2847
f 2623/2987/2776 2587/2988/2848 2573/2989/2829
f 2547/2984/2773 2656/2990/2849 2623/2987/2776
f 2623/2987/2776 2536/2959/2841 2589/2961/2752
f 2565/2956/2840 2623/2987/2776 2589/2961/2752
f 2591/2966/2757 2574/2847/2816 2534/2963/2844
f 2548/2848/2642 2591/2966/2757 2569/2965/2756
f 2533/2967/2758 2625/2850/2817 2590/2970/2761
f 2625/2850/2817 2569/2965/2756 2590/2970/2761
f 2626/2857/2651 2535/2953/2838 2593/2972/2845
f 2549/2861/2655 2593/2972/2845 2570/2973/2764
f 2534/2963/2844 2627/2860/2654 2592/2975/2766
f 2592/2975/2766 2549/2861/2655 2570/2973/2764
f 2628/2885/2679 2533/2967/2758 2595/2977/2846
f 2571/2978/2769 2628/2885/2679 2595/2977/2846
f 2536/2981/2841 2629/2889/2683 2594/2979/2770
f 2594/2979/2770 2550/2890/2684 2571/2978/2769
f 2631/2991/2850 2580/2992/2780 2641/2993/2781
f 2551/2994/2782 2641/2993/2781 2555/2995/2783
f 2632/2996/2784 2559/2997/2699 2577/2998/2785
f 2551/2994/2782 2642/2999/2786 2632/2996/2784
f 2633/3000/2787 2557/2892/2686 2643/3001/2851
f 2552/3002/2852 2643/3001/2851 2556/3003/2790
f 2634/3004/2791 2580/2992/2780 2576/3005/2792
f 2552/3002/2852 2644/3006/2793 2634/3004/2791
f 2657/2939/2731 2678/2876/2824 2586/2875/2669
f 2657/2939/2731 2692/3007/2794 2677/3008/2795
f 2596/2935/2727 2691/3009/2853 2658/2936/2728
f 2658/2936/2728 2692/3007/2794 2635/2937/2729
f 2659/2908/2702 2690/3010/2854 2596/2935/2727
f 2688/3011/2798 2659/2908/2702 2636/2911/2705
f 2686/3012/2663 2660/2922/2714 2585/2921/2664
f 2688/3011/2798 2660/2922/2714 2687/3013/2799
f 2668/2913/2707 2560/2909/2703 2667/2932/2724
f 2539/2912/2706 2668/2913/2707 2669/2916/2710
f 2566/3014/2837 2670/2918/2711 2615/3015/2855
f 2615/3015/2855 2669/2916/2710 2543/3016/2801
f 2616/3017/2856 2663/2924/2716 2662/2923/2715
f 2616/3017/2856 2661/3018/2803 2544/2929/2721
f 2676/2930/2722 2563/2945/2835 2675/2927/2719
f 2540/2877/2825 2676/2930/2722 2661/3018/2803
f 2618/3019/2804 2667/2932/2724 2666/2931/2723
f 2618/3019/2804 2665/2943/2834 2545/2944/2736
f 2562/2874/2823 2664/2940/2732 2611/2938/2730
f 2665/2943/2834 2611/2938/2730 2664/2940/2732
f 2620/3020/2857 2675/2927/2719 2674/2946/2836
f 2620/3020/2857 2673/2951/2742 2546/2952/2743
f 2672/3021/2806 2561/2871/2665 2671/2949/2712
f 2542/2947/2739 2672/3021/2806 2673/2951/2742
f 2576/3005/2792 2683/3022/2858 2682/2865/2659
f 2551/2994/2782 2683/3022/2858 2631/2991/2850
f 2685/3023/2808 2577/2998/2785 2686/2869/2663
f 2551/2994/2782 2685/3023/2808 2684/2867/2661
f 2578/2893/2687 2679/2879/2673 2678/2876/2824
f 2633/3000/2787 2680/2881/2675 2679/2879/2673
f 2681/3024/2809 2576/3005/2792 2682/2865/2659
f 2552/3002/2852 2681/3024/2809 2680/2881/2675
f 2677/3008/2795 2578/2893/2687 2678/2876/2824
f 2553/2894/2688 2677/3008/2795 2692/3007/2794
f 2690/3010/2854 2638/2896/2690 2691/3009/2853
f 2638/2896/2690 2692/3007/2794 2691/3009/2853
f 2689/3025/2859 2579/2901/2695 2690/3010/2854
f 2688/3011/2798 2639/2900/2694 2689/3025/2859
f 2577/3026/2785 2687/3013/2799 2686/3012/2663
f 2687/3013/2799 2554/2902/2696 2688/3011/2798
f 2564/2914/2708 2707/2954/2745 2614/2915/2709
f 2543/3016/2801 2707/2954/2745 2708/3027/2860
f 2566/3014/2837 2693/2958/2749 2694/2960/2842
f 2543/3016/2801 2693/2958/2749 2615/3015/2855
f 2567/2941/2733 2701/2962/2843 2702/2964/2755
f 2544/2929/2721 2701/2962/2843 2616/3017/2856
f 2568/2928/2720 2699/2968/2759 2617/2926/2718
f 2544/2929/2721 2699/2968/2759 2700/3028/2812
f 2564/2914/2708 2705/2971/2762 2706/2955/2839
f 2545/2944/2736 2705/2971/2762 2618/3019/2804
f 2703/2974/2765 2567/2941/2733 2702/2964/2755
f 2545/2944/2736 2703/2974/2765 2704/3029/2813
f 2698/2969/2760 2620/3020/2857 2697/2976/2767
f 2546/2952/2743 2697/2976/2767 2620/3020/2857
f 2695/3030/2814 2566/2950/2837 2694/2980/2842
f 2546/2952/2743 2695/3030/2814 2696/2982/2771
f 2603/3031/2692 2558/3032/2691 2709/3033/2815
f 2558/3032/2691 2604/3034/2831 2709/3033/2815
f 2604/3034/2831 2538/3035/2701 2709/3033/2815
f 2538/3035/2701 2605/2906/2700 2709/3033/2815
f 2605/2906/2700 2559/2905/2699 2709/3033/2815
f 2559/2905/2699 2642/3036/2786 2709/3033/2815
f 2642/3036/2786 2555/3037/2783 2709/3033/2815
f 2555/3037/2783 2641/3038/2781 2709/3033/2815
f 2641/3038/2781 2580/3039/2780 2709/3033/2815
f 2580/3039/2780 2644/3040/2793 2709/3033/2815
f 2644/3040/2793 2556/3041/2790 2709/3033/2815
f 2556/3041/2790 2643/3042/2851 2709/3033/2815
f 2643/3042/2851 2557/3043/2686 2709/3033/2815
f 2557/3043/2686 2602/3044/2830 2709/3033/2815
f 2602/3044/2830 2537/3045/2693 2709/3033/2815
f 2537/3045/2693 2603/3031/2692 2709/3033/2815
f 2713/2645/2861 2711/2644/2862 2710/2646/2863
f 2712/2648/2864 2714/2647/2865 2711/2644/2862
f 2716/2649/2866 2718/2650/2867 2717/2682/2868
f 2714/2647/2865 2719/2651/2869 2716/2649/2866
f 2720/2653/2870 2722/2654/2871 2721/2656/2872
f 2721/2656/2872 2725/2657/2873 2724/2660/2874
f 2727/2658/2875 2710/2646/2863 2726/2659/2876
f 2724/2660/2874 2727/2658/2875 2726/2659/2876
f 2730/2661/2877 2728/2662/2878 2731/2744/2879
f 2729/2663/2880 2732/2664/2881 2728/2662/2878
f 2730/2661/2877 2734/2665/2882 2729/2663/2880
f 2729/2663/2880 2736/2666/2883 2733/2821/2884
f 2740/2668/2885 2738/2667/2886 2737/2669/2887
f 2736/2666/2883 2738/2667/2886 2739/2822/2888
f 2738/2667/2886 2741/2670/2889 2737/2669/2887
f 2734/2665/2882 2742/2671/2890 2738/2667/2886
f 2746/2673/2891 2744/2672/2892 2743/2674/2893
f 2744/2672/2892 2747/2675/2894 2743/2674/2893
f 2750/2676/2895 2744/2672/2892 2745/2724/2896
f 2749/2677/2897 2748/2678/2898 2744/2672/2892
f 2732/2664/2881 2752/2679/2899 2728/2662/2878
f 2751/2680/2900 2752/2679/2899 2753/2823/2901
f 2728/2662/2878 2754/2681/2902 2731/2744/2879
f 2752/2679/2899 2750/2676/2895 2754/2681/2902
f 2717/2682/2868 2756/2683/2903 2755/2684/2904
f 2755/2684/2904 2758/2685/2905 2757/2689/2906
f 2762/2687/2907 2760/2686/2908 2759/2688/2909
f 2758/2685/2905 2759/2688/2909 2757/2689/2906
f 2766/2691/2910 2764/2690/2911 2763/2692/2912
f 2765/2694/2913 2767/2693/2914 2764/2690/2911
f 2769/2695/2915 2771/2696/2916 2770/2700/2917
f 2768/2698/2918 2769/2695/2915 2767/2693/2914
f 2771/2696/2916 2773/2699/2919 2770/2700/2917
f 2774/2702/2920 2775/2701/2921 2773/2699/2919
f 2779/2703/2922 2777/2704/2923 2780/2825/2924
f 2775/2701/2921 2778/2705/2925 2779/2703/2922
f 2783/2707/2926 2781/2708/2927 2784/2734/2928
f 2786/2710/2929 2782/2709/2930 2783/2707/2926
f 2789/2712/2931 2787/2713/2932 2790/2731/2933
f 2788/2714/2934 2792/2715/2935 2791/2815/2936
f 2741/2716/2889 2794/2717/2937 2793/2719/2938
f 2794/2717/2937 2785/2711/2939 2793/2719/2938
f 2793/2719/2938 2737/2720/2887 2741/2716/2889
f 2793/2719/2938 2786/2710/2929 2796/2721/2940
f 2746/2673/2891 2797/2722/2941 2745/2724/2896
f 2797/2722/2941 2750/2676/2895 2745/2724/2896
f 2803/2726/2942 2801/2725/2943 2800/2727/2944
f 2802/2729/2945 2804/2728/2946 2801/2725/2943
f 2781/2708/2927 2806/2730/2947 2805/2733/2948
f 2806/2730/2947 2807/2732/2949 2805/2733/2948
f 2805/2733/2948 2784/2734/2928 2781/2708/2927
f 2807/2732/2949 2809/2735/2950 2805/2733/2948
f 2743/2674/2893 2811/2737/2951 2746/2673/2891
f 2812/2738/2952 2807/2732/2949 2811/2737/2951
f 2815/2739/2953 2813/2740/2954 2798/2723/2955
f 2808/2742/2956 2814/2741/2957 2815/2739/2953
f 2731/2744/2879 2817/2745/2958 2730/2661/2877
f 2817/2745/2958 2735/2746/2959 2730/2661/2877
f 2795/2748/2960 2820/2747/2961 2819/2749/2962
f 2818/2750/2963 2820/2747/2961 2821/2820/2964
f 2823/2752/2965 2825/2753/2966 2824/2756/2967
f 2825/2753/2966 2827/2755/2968 2824/2756/2967
f 2831/2757/2969 2829/2758/2970 2832/2760/2971
f 2827/2755/2968 2831/2757/2969 2832/2760/2971
f 2835/2761/2972 2833/2762/2973 2836/2765/2974
f 2838/2764/2975 2835/2761/2972 2836/2765/2974
f 2839/2766/2976 2841/2767/2977 2840/2769/2978
f 2841/2767/2977 2838/2764/2975 2840/2769/2978
f 2823/2752/2965 2843/2770/2979 2826/2754/2980
f 2846/2772/2981 2843/2770/2979 2844/2771/2982
f 2848/2773/2983 2833/2762/2973 2834/2763/2984
f 2848/2773/2983 2846/2772/2981 2847/2774/2985
f 2839/2766/2976 2849/2775/2986 2842/2768/2987
f 2852/2777/2988 2849/2775/2986 2850/2776/2989
f 2830/2779/2990 2853/2778/2991 2829/2780/2970
f 2851/2781/2992 2853/2778/2991 2854/2829/2993
f 2823/2752/2965 2855/2782/2994 2720/2653/2870
f 2824/2756/2967 2856/2783/2995 2855/2782/2994
f 2855/2782/2994 2723/2655/2996 2720/2653/2870
f 2856/2783/2995 2857/2784/2997 2855/2782/2994
f 2761/2787/2998 2859/2786/2999 2760/2788/2908
f 2860/2789/3000 2856/2783/2995 2859/2786/2999
f 2859/2786/2999 2829/2758/2970 2760/2788/2908
f 2859/2786/2999 2827/2755/2968 2832/2760/2971
f 2710/2646/2863 2836/2765/2974 2833/2762/2973
f 2714/2647/2865 2836/2765/2974 2711/2644/2862
f 2839/2766/2976 2716/2649/2866 2717/2682/2868
f 2838/2764/2975 2716/2649/2866 2840/2769/2978
f 2721/2656/2872 2823/2752/2965 2720/2653/2870
f 2724/2660/2874 2844/2771/2982 2721/2656/2872
f 2833/2762/2973 2726/2659/2876 2710/2646/2863
f 2847/2774/2985 2724/2660/2874 2726/2659/2876
f 2755/2684/2904 2839/2766/2976 2717/2682/2868
f 2755/2684/2904 2852/2777/2988 2850/2776/2989
f 2829/2780/2970 2759/2688/2909 2760/2686/2908
f 2853/2778/2991 2757/2689/2906 2759/2688/2909
f 2863/2790/3001 2861/2791/3002 2864/2804/3003
f 2866/2793/3004 2862/2792/3005 2863/2790/3001
f 2777/2796/2923 2867/2795/3006 2780/2797/2924
f 2868/2798/3007 2866/2793/3004 2867/2795/3006
f 2870/2799/3008 2766/2691/2910 2763/2692/2912
f 2872/2801/3009 2869/2800/3010 2870/2799/3008
f 2861/2791/3002 2873/2803/3011 2864/2804/3003
f 2874/2805/3012 2872/2801/3009 2873/2803/3011
f 2747/2675/2894 2812/2738/2952 2743/2674/2893
f 2812/2738/2952 2876/2806/3013 2810/2736/3014
f 2784/2734/2928 2878/2808/3015 2877/2809/3016
f 2809/2735/2950 2876/2806/3013 2878/2808/3015
f 2877/2809/3016 2783/2707/2926 2784/2734/2928
f 2880/2810/3017 2783/2707/2926 2879/2824/3018
f 2796/2721/2940 2740/2811/2885 2737/2720/2887
f 2880/2810/3017 2796/2721/2940 2786/2710/2929
f 2789/2712/2931 2781/2708/2927 2782/2709/2930
f 2789/2712/2931 2785/2711/2939 2792/2715/2935
f 2819/2813/2962 2794/2717/2937 2795/2718/2960
f 2882/2814/3019 2792/2715/2935 2794/2717/2937
f 2798/2723/2955 2883/2816/3020 2797/2722/2941
f 2883/2816/3020 2799/2817/3021 2797/2722/2941
f 2802/2729/2945 2731/2744/2879 2754/2681/2902
f 2802/2729/2945 2750/2676/2895 2799/2817/3021
f 2790/2731/2933 2884/2818/3022 2806/2730/2947
f 2884/2818/3022 2808/2742/2956 2806/2730/2947
f 2746/2673/2891 2815/2739/2953 2798/2723/2955
f 2808/2742/2956 2811/2737/2951 2807/2732/2949
f 2803/2726/2942 2885/2819/3023 2817/2745/2958
f 2885/2819/3023 2818/2750/2963 2817/2745/2958
f 2821/2820/2964 2741/2670/2889 2742/2671/2890
f 2821/2820/2964 2735/2746/2959 2818/2750/2963
f 2733/2821/2884 2864/2804/3003 2732/2664/2881
f 2866/2793/3004 2733/2821/2884 2736/2666/2883
f 2739/2822/2888 2780/2797/2924 2867/2795/3006
f 2739/2822/2888 2866/2793/3004 2736/2666/2883
f 2748/2678/2898 2763/2692/2912 2747/2675/2894
f 2751/2680/2900 2870/2799/3008 2748/2678/2898
f 2753/2823/2901 2864/2804/3003 2873/2803/3011
f 2753/2823/2901 2872/2801/3009 2751/2680/2900
f 2875/2807/3024 2763/2692/2912 2764/2690/2911
f 2875/2807/3024 2767/2693/2914 2876/2806/3013
f 2877/2809/3016 2769/2695/2915 2770/2700/2917
f 2876/2806/3013 2769/2695/2915 2878/2808/3015
f 2879/2824/3018 2770/2700/2917 2773/2699/2919
f 2880/2810/3017 2773/2699/2919 2775/2701/2921
f 2881/2812/3025 2780/2825/2924 2740/2811/2885
f 2881/2812/3025 2775/2701/2921 2779/2703/2922
f 2787/2713/2932 2825/2753/2966 2826/2754/2980
f 2825/2753/2966 2791/2815/2936 2828/2826/3026
f 2831/2757/2969 2819/2813/2962 2830/2759/2990
f 2791/2815/2936 2831/2757/2969 2828/2826/3026
f 2835/2761/2972 2813/2740/2954 2834/2763/2984
f 2804/2728/2946 2835/2761/2972 2837/2827/3027
f 2800/2727/2944 2841/2767/2977 2842/2768/2987
f 2841/2767/2977 2804/2728/2946 2837/2827/3027
f 2843/2770/2979 2787/2713/2932 2826/2754/2980
f 2816/2743/3028 2843/2770/2979 2845/2828/3029
f 2848/2773/2983 2813/2740/2954 2814/2741/2957
f 2848/2773/2983 2816/2743/3028 2845/2828/3029
f 2842/2768/2987 2885/2819/3023 2800/2727/2944
f 2822/2751/3030 2849/2775/2986 2851/2781/2992
f 2854/2829/2993 2819/2749/2962 2820/2747/2961
f 2854/2829/2993 2822/2751/3030 2851/2781/2992
f 2772/2830/3031 2886/2832/3032 2771/2831/2916
f 2771/2831/2916 2886/2832/3032 2774/2833/2920
f 2774/2833/2920 2886/2832/3032 2776/2834/3033
f 2776/2834/3033 2886/2832/3032 2778/2705/2925
f 2778/2705/2925 2886/2832/3032 2777/2704/2923
f 2777/2704/2923 2886/2832/3032 2868/2835/3007
f 2868/2835/3007 2886/2832/3032 2865/2836/3034
f 2865/2836/3034 2886/2832/3032 2862/2837/3005
f 2862/2837/3005 2886/2832/3032 2861/2838/3002
f 2861/2838/3002 2886/2832/3032 2874/2839/3012
f 2874/2839/3012 2886/2832/3032 2871/2840/3035
f 2871/2840/3035 2886/2832/3032 2869/2841/3010
f 2869/2841/3010 2886/2832/3032 2766/2842/2910
f 2766/2842/2910 2886/2832/3032 2765/2843/2913
f 2765/2843/2913 2886/2832/3032 2768/2844/2918
f 2768/2844/2918 2886/2832/3032 2772/2830/3031
f 2890/2846/2861 2888/2845/2862 2887/2847/2863
f 2889/2849/2864 2891/2848/2865 2888/2845/2862
f 2893/2850/2866 2895/2851/2867 2894/2883/2868
f 2891/2848/2865 2896/2852/2869 2893/2850/2866
f 2897/2854/2870 2899/2855/2871 2898/2857/2872
f 2898/2857/2872 2902/2858/2873 2901/2861/2874
f 2904/2859/2875 2887/2847/2863 2903/2860/3036
f 2901/2861/2874 2904/2859/2875 2903/2860/3036
f 2907/2862/3037 2905/2863/3038 2908/2945/3039
f 2906/2864/2880 2909/2865/2881 2905/2863/3038
f 2907/2862/3037 2911/2866/2882 2906/2864/2880
f 2906/2864/2880 2913/2867/2883 2910/3022/3040
f 2917/2869/3041 2915/2868/2886 2914/2870/2887
f 2913/2867/2883 2915/2868/2886 2916/3023/2888
f 2915/2868/2886 2918/2871/2889 2914/2870/2887
f 2911/2866/2882 2919/2872/3042 2915/2868/2886
f 2923/2874/3043 2921/2873/3044 2920/2875/2893
f 2921/2873/3044 2924/2876/3045 2920/2875/2893
f 2927/2877/3046 2921/2873/3044 2922/2925/3047
f 2926/2878/3048 2925/2879/2898 2921/2873/3044
f 2909/2865/2881 2929/2880/2899 2905/2863/3038
f 2928/2881/3049 2929/2880/2899 2930/3024/3050
f 2905/2863/3038 2931/2882/2902 2908/2945/3039
f 2929/2880/2899 2927/2877/3046 2931/2882/2902
f 2894/2883/2868 2933/2884/2903 2932/2885/2904
f 2932/2885/2904 2935/2886/3051 2934/2890/2906
f 2939/2888/2907 2937/2887/3052 2936/2889/2909
f 2935/2886/3051 2936/2889/2909 2934/2890/2906
f 2943/2892/2910 2941/2891/2911 2940/2893/2912
f 2942/2895/3053 2944/2894/2914 2941/2891/2911
f 2946/2896/3054 2948/2897/2916 2947/2901/2917
f 2945/2899/2918 2946/2896/3054 2944/2894/2914
f 2948/2897/2916 2950/2900/2919 2947/2901/2917
f 2951/2903/3055 2952/2902/2921 2950/2900/2919
f 2956/2904/2922 2954/2905/2923 2957/3026/3056
f 2952/2902/2921 2955/2906/2925 2956/2904/2922
f 2960/2908/3057 2958/2909/3058 2961/2935/3059
f 2963/2911/2929 2959/2910/2930 2960/2908/3057
f 2966/2913/2931 2964/2914/2932 2967/2932/2933
f 2965/2915/2934 2969/2916/2935 2968/3016/2936
f 2918/2917/2889 2971/2918/2937 2970/2920/2938
f 2971/2918/2937 2962/2912/2939 2970/2920/2938
f 2970/2920/2938 2914/2921/2887 2918/2917/2889
f 2970/2920/2938 2963/2911/2929 2973/2922/2940
f 2923/2874/3043 2974/2923/2941 2922/2925/3047
f 2974/2923/2941 2927/2877/3046 2922/2925/3047
f 2980/2927/2942 2978/2926/2943 2977/2928/2944
f 2979/2930/2945 2981/2929/2946 2978/2926/2943
f 2958/2909/3058 2983/2931/2947 2982/2934/2948
f 2983/2931/2947 2984/2933/2949 2982/2934/2948
f 2982/2934/2948 2961/2935/3059 2958/2909/3058
f 2984/2933/2949 2986/2936/2950 2982/2934/2948
f 2920/2875/2893 2988/2938/2951 2923/2874/3043
f 2989/2939/2952 2984/2933/2949 2988/2938/2951
f 2992/2940/3060 2990/2941/2954 2975/2924/2955
f 2985/2943/2956 2991/2942/2957 2992/2940/3060
f 2908/2945/3039 2994/2946/3061 2907/2862/3037
f 2994/2946/3061 2912/2947/2959 2907/2862/3037
f 2972/2949/2960 2997/2948/2961 2996/2950/3062
f 2995/2951/2963 2997/2948/2961 2998/3021/2964
f 3000/2953/2965 3002/2954/2966 3001/2957/3063
f 3002/2954/2966 3004/2956/3064 3001/2957/3063
f 3008/2958/2969 3006/2959/3065 3009/2961/2971
f 3004/2956/3064 3008/2958/2969 3009/2961/2971
f 3012/2962/3066 3010/2963/3067 3013/2966/2974
f 3015/2965/2975 3012/2962/3066 3013/2966/2974
f 3016/2967/2976 3018/2968/2977 3017/2970/2978
f 3018/2968/2977 3015/2965/2975 3017/2970/2978
f 3000/2953/2965 3020/2971/2979 3003/2955/3068
f 3023/2973/2981 3020/2971/2979 3021/2972/3069
f 3025/2974/2983 3010/2963/3067 3011/2964/2984
f 3025/2974/2983 3023/2973/2981 3024/2975/2985
f 3016/2967/2976 3026/2976/2986 3019/2969/3070
f 3029/2978/2988 3026/2976/2986 3027/2977/2989
f 3007/2980/3071 3030/2979/2991 3006/2981/3065
f 3028/2982/2992 3030/2979/2991 3031/3030/2993
f 3000/2953/2965 3032/2983/2994 2897/2854/2870
f 3001/2957/3063 3033/2984/2995 3032/2983/2994
f 3032/2983/2994 2900/2856/2996 2897/2854/2870
f 3033/2984/2995 3034/2985/2997 3032/2983/2994
f 2938/2988/3072 3036/2987/2999 2937/2989/3052
f 3037/2990/3000 3033/2984/2995 3036/2987/2999
f 3036/2987/2999 3006/2959/3065 2937/2989/3052
f 3036/2987/2999 3004/2956/3064 3009/2961/2971
f 2887/2847/2863 3013/2966/2974 3010/2963/3067
f 2891/2848/2865 3013/2966/2974 2888/2845/2862
f 3016/2967/2976 2893/2850/2866 2894/2883/2868
f 3015/2965/2975 2893/2850/2866 3017/2970/2978
f 2898/2857/2872 3000/2953/2965 2897/2854/2870
f 2901/2861/2874 3021/2972/3069 2898/2857/2872
f 3010/2963/3067 2903/2860/3036 2887/2847/2863
f 3024/2975/2985 2901/2861/2874 2903/2860/3036
f 2932/2885/2904 3016/2967/2976 2894/2883/2868
f 2932/2885/2904 3029/2978/2988 3027/2977/2989
f 3006/2981/3065 2936/2889/2909 2937/2887/3052
f 3030/2979/2991 2934/2890/2906 2936/2889/2909
f 3040/2991/3073 3038/2992/3002 3041/3005/3003
f 3043/2994/3004 3039/2993/3005 3040/2991/3073
f 2954/2997/2923 3044/2996/3006 2957/2998/3056
f 3045/2999/3007 3043/2994/3004 3044/2996/3006
f 3047/3000/3008 2943/2892/2910 2940/2893/2912
f 3049/3002/3009 3046/3001/3010 3047/3000/3008
f 3038/2992/3002 3050/3004/3011 3041/3005/3003
f 3051/3006/3012 3049/3002/3009 3050/3004/3011
f 2924/2876/3045 2989/2939/2952 2920/2875/2893
f 2989/2939/2952 3053/3007/3013 2987/2937/3014
f 2961/2935/3059 3055/3009/3015 3054/3010/3074
f 2986/2936/2950 3053/3007/3013 3055/3009/3015
f 3054/3010/3074 2960/2908/3057 2961/2935/3059
f 3057/3011/3017 2960/2908/3057 3056/3025/3075
f 2973/2922/2940 2917/3012/3041 2914/2921/2887
f 3057/3011/3017 2973/2922/2940 2963/2911/2929
f 2966/2913/2931 2958/2909/3058 2959/2910/2930
f 2966/2913/2931 2962/2912/2939 2969/2916/2935
f 2996/3014/3062 2971/2918/2937 2972/2919/2960
f 3059/3015/3076 2969/2916/2935 2971/2918/2937
f 2975/2924/2955 3060/3017/3077 2974/2923/2941
f 3060/3017/3077 2976/3018/3021 2974/2923/2941
f 2979/2930/2945 2908/2945/3039 2931/2882/2902
f 2979/2930/2945 2927/2877/3046 2976/3018/3021
f 2967/2932/2933 3061/3019/3022 2983/2931/2947
f 3061/3019/3022 2985/2943/2956 2983/2931/2947
f 2923/2874/3043 2992/2940/3060 2975/2924/2955
f 2985/2943/2956 2988/2938/2951 2984/2933/2949
f 2980/2927/2942 3062/3020/3078 2994/2946/3061
f 3062/3020/3078 2995/2951/2963 2994/2946/3061
f 2998/3021/2964 2918/2871/2889 2919/2872/3042
f 2998/3021/2964 2912/2947/2959 2995/2951/2963
f 2910/3022/3040 3041/3005/3003 2909/2865/2881
f 3043/2994/3004 2910/3022/3040 2913/2867/2883
f 2916/3023/2888 2957/2998/3056 3044/2996/3006
f 2916/3023/2888 3043/2994/3004 2913/2867/2883
f 2925/2879/2898 2940/2893/2912 2924/2876/3045
f 2928/2881/3049 3047/3000/3008 2925/2879/2898
f 2930/3024/3050 3041/3005/3003 3050/3004/3011
f 2930/3024/3050 3049/3002/3009 2928/2881/3049
f 3052/3008/3024 2940/2893/2912 2941/2891/2911
f 3052/3008/3024 2944/2894/2914 3053/3007/3013
f 3054/3010/3074 2946/2896/3054 2947/2901/2917
f 3053/3007/3013 2946/2896/3054 3055/3009/3015
f 3056/3025/3075 2947/2901/2917 2950/2900/2919
f 3057/3011/3017 2950/2900/2919 2952/2902/2921
f 3058/3013/3025 2957/3026/3056 2917/3012/3041
f 3058/3013/3025 2952/2902/2921 2956/2904/2922
f 2964/2914/2932 3002/2954/2966 3003/2955/3068
f 3002/2954/2966 2968/3016/2936 3005/3027/3079
f 3008/2958/2969 2996/3014/3062 3007/2960/3071
f 2968/3016/2936 3008/2958/2969 3005/3027/3079
f 3012/2962/3066 2990/2941/2954 3011/2964/2984
f 2981/2929/2946 3012/2962/3066 3014/3028/3027
f 2977/2928/2944 3018/2968/2977 3019/2969/3070
f 3018/2968/2977 2981/2929/2946 3014/3028/3027
f 3020/2971/2979 2964/2914/2932 3003/2955/3068
f 2993/2944/3028 3020/2971/2979 3022/3029/3029
f 3025/2974/2983 2990/2941/2954 2991/2942/2957
f 3025/2974/2983 2993/2944/3028 3022/3029/3029
f 3019/2969/3070 3062/3020/3078 2977/2928/2944
f 2999/2952/3030 3026/2976/2986 3028/2982/2992
f 3031/3030/2993 2996/2950/3062 2997/2948/2961
f 3031/3030/2993 2999/2952/3030 3028/2982/2992
f 2949/3031/3031 3063/3033/3032 2948/3032/2916
f 2948/3032/2916 3063/3033/3032 2951/3034/3055
f 2951/3034/3055 3063/3033/3032 2953/3035/3080
f 2953/3035/3080 3063/3033/3032 2955/2906/2925
f 2955/2906/2925 3063/3033/3032 2954/2905/2923
f 2954/2905/2923 3063/3033/3032 3045/3036/3007
f 3045/3036/3007 3063/3033/3032 3042/3037/3034
f 3042/3037/3034 3063/3033/3032 3039/3038/3005
f 3039/3038/3005 3063/3033/3032 3038/3039/3002
f 3038/3039/3002 3063/3033/3032 3051/3040/3012
f 3051/3040/3012 3063/3033/3032 3048/3041/3035
f 3048/3041/3035 3063/3033/3032 3046/3042/3010
f 3046/3042/3010 3063/3033/3032 2943/3043/2910
f 2943/3043/2910 3063/3033/3032 2942/3044/3053
f 2942/3044/3053 3063/3033/3032 2945/3045/2918
f 2945/3045/2918 3063/3033/3032 2949/3031/3031
f 3064/3046/3081 3148/3047/3082 3149/3048/3083
f 3070/3049/3084 3109/3050/3085 3105/3051/3086
f 3079/3052/3087 3126/3053/3088 3127/3054/3089
f 3069/3055/3090 3138/3056/3091 3074/3057/3092
f 3083/3058/3093 3130/3059/3094 3131/3060/3095
f 3074/3061/3092 3141/3062/3096 3142/3063/3097
f 3146/3064/3098 3076/3065/3099 3119/3066/3100
f 3124/3067/3101 3104/3068/3102 3071/3069/3103
f 3071/3070/3103 3107/3071/3104 3098/3072/3105
f 3076/3073/3099 3150/3074/3106 3151/3075/3107
f 3067/3076/3108 3158/3077/3109 3159/3078/3110
f 3093/3079/3111 3144/3080/3112 3102/3081/3113
f 3077/3082/3114 3115/3083/3115 3114/3084/3116
f 3084/3085/3117 3154/3086/3118 3130/3059/3094
f 3156/3087/3119 3075/3088/3120 3157/3089/3121
f 3079/3052/3087 3128/3090/3122 3094/3091/3123
f 3072/3092/3124 3112/3093/3125 3065/3094/3126
f 3074/3057/3092 3139/3095/3127 3075/3096/3120
f 3097/3097/3128 3110/3098/3129 3078/3099/3130
f 3135/3100/3131 3080/3101/3132 3100/3102/3133
f 3101/3103/3134 3137/3104/3135 3069/3055/3090
f 3083/3058/3093 3132/3105/3136 3095/3106/3137
f 3115/3083/3115 3073/3107/3138 3072/3108/3124
f 3074/3061/3092 3143/3109/3139 3069/3110/3090
f 3116/3111/3140 3082/3112/3141 3081/3113/3142
f 3085/3114/3143 3121/3115/3144 3086/3116/3145
f 3088/3117/3146 3160/3118/3147 3161/3119/3148
f 3087/3120/3149 3133/3121/3150 3103/3122/3151
f 3088/3123/3146 3152/3124/3152 3153/3125/3153
f 3117/3126/3154 3089/3127/3155 3082/3112/3141
f 3124/3128/3101 3099/3129/3156 3087/3130/3149
f 3122/3131/3157 3086/3116/3145 3121/3115/3144
f 3110/3098/3129 3104/3068/3102 3078/3099/3130
f 3103/3122/3151 3122/3131/3157 3123/3132/3158
f 3106/3133/3159 3105/3134/3086 3073/3107/3138
f 3069/3110/3090 3144/3080/3112 3101/3135/3134
f 3093/3136/3111 3135/3100/3131 3100/3102/3133
f 3101/3103/3134 3068/3137/3160 3136/3138/3161
f 3095/3106/3137 3133/3121/3150 3102/3081/3113
f 3091/3139/3162 3125/3140/3163 3098/3072/3105
f 3147/3141/3164 3113/3142/3165 3076/3065/3099
f 3071/3069/3103 3109/3050/3085 3108/3143/3166
f 3108/3144/3166 3070/3145/3084 3107/3071/3104
f 3113/3146/3165 3064/3147/3081 3150/3074/3106
f 3072/3108/3124 3114/3084/3116 3115/3083/3115
f 3111/3148/3167 3092/3149/3168 3112/3093/3125
f 3072/3092/3124 3110/3098/3129 3111/3148/3167
f 3091/3139/3162 3115/3083/3115 3096/3150/3169
f 3073/3151/3138 3109/3050/3085 3110/3098/3129
f 3098/3072/3105 3106/3133/3159 3091/3139/3162
f 3119/3066/3100 3161/3119/3148 3146/3064/3098
f 3087/3120/3149 3123/3132/3158 3124/3067/3101
f 3096/3150/3169 3116/3111/3140 3091/3139/3162
f 3120/3152/3170 3097/3097/3128 3121/3115/3144
f 3119/3153/3100 3151/3075/3107 3152/3124/3152
f 3096/3150/3169 3118/3154/3171 3117/3126/3154
f 3124/3128/3101 3098/3072/3105 3125/3140/3163
f 3078/3099/3130 3121/3115/3144 3097/3097/3128
f 3078/3099/3130 3123/3132/3158 3122/3131/3157
f 3099/3129/3156 3116/3111/3140 3081/3113/3142
f 3081/3113/3142 3127/3054/3089 3126/3053/3088
f 3085/3114/3143 3131/3060/3095 3130/3059/3094
f 3088/3123/3146 3154/3086/3118 3129/3155/3172
f 3082/3112/3141 3128/3090/3122 3127/3054/3089
f 3099/3129/3156 3126/3053/3088 3135/3100/3131
f 3090/3156/3173 3131/3060/3095 3086/3116/3145
f 3159/3078/3110 3129/3157/3172 3067/3076/3108
f 3134/3158/3174 3102/3081/3113 3133/3121/3150
f 3087/3130/3149 3135/3100/3131 3134/3159/3174
f 3132/3105/3136 3103/3122/3151 3133/3121/3150
f 3080/3101/3132 3138/3056/3091 3137/3104/3135
f 3084/3085/3117 3142/3063/3097 3141/3062/3096
f 3140/3160/3175 3066/3161/3176 3158/3077/3109
f 3145/3162/3177 3068/3163/3160 3144/3080/3112
f 3067/3164/3108 3156/3087/3119 3140/3165/3175
f 3079/3052/3087 3139/3095/3127 3138/3056/3091
f 3100/3102/3133 3137/3104/3135 3136/3138/3161
f 3095/3106/3137 3142/3063/3097 3083/3058/3093
f 3102/3081/3113 3143/3109/3139 3095/3106/3137
f 3100/3102/3133 3145/3166/3177 3093/3136/3111
f 3148/3047/3082 3065/3167/3126 3149/3048/3083
f 3146/3064/3098 3077/3082/3114 3147/3141/3164
f 3112/3093/3125 3151/3075/3107 3150/3074/3106
f 3139/3095/3127 3159/3078/3110 3158/3077/3109
f 3155/3168/3178 3129/3155/3172 3154/3086/3118
f 3157/3089/3121 3066/3169/3176 3156/3087/3119
f 3128/3090/3122 3161/3119/3148 3160/3118/3147
f 3120/3152/3170 3153/3125/3153 3152/3124/3152
f 3114/3084/3116 3147/3141/3164 3077/3082/3114
f 3065/3094/3126 3150/3074/3106 3149/3170/3083
f 3118/3154/3171 3161/3119/3148 3089/3127/3155
f 3092/3149/3168 3152/3124/3152 3151/3075/3107
f 3153/3125/3153 3130/3059/3094 3154/3086/3118
f 3094/3091/3123 3160/3118/3147 3159/3078/3110
f 3075/3096/3120 3158/3077/3109 3157/3171/3121
f 3141/3062/3096 3155/3168/3178 3084/3085/3117
f 3162/3046/3179 3164/3047/3180 3163/3142/3181
f 3166/3049/3182 3168/3050/3183 3167/3143/3184
f 3170/3052/3185 3172/3053/3186 3171/3101/3187
f 3177/3056/3188 3175/3055/3189 3174/3057/3190
f 3178/3058/3191 3180/3059/3192 3179/3085/3193
f 3174/3061/3190 3183/3062/3194 3182/3088/3195
f 3187/3064/3196 3185/3065/3197 3188/3141/3198
f 3192/3068/3199 3190/3067/3200 3189/3069/3201
f 3189/3070/3201 3193/3071/3202 3167/3144/3184
f 3185/3073/3197 3195/3074/3203 3163/3146/3181
f 3197/3076/3204 3199/3077/3205 3198/3160/3206
f 3201/3079/3207 3203/3080/3208 3202/3162/3209
f 3205/3082/3210 3207/3083/3211 3206/3150/3212
f 3179/3085/3193 3210/3086/3213 3209/3168/3214
f 3212/3087/3215 3182/3088/3195 3183/3062/3194
f 3214/3090/3216 3170/3052/3185 3213/3091/3217
f 3218/3093/3218 3216/3092/3219 3215/3094/3220
f 3219/3095/3221 3174/3057/3190 3182/3096/3195
f 3222/3098/3222 3221/3097/3223 3220/3099/3224
f 3224/3100/3225 3171/3101/3187 3172/3053/3186
f 3176/3104/3226 3225/3103/3227 3175/3055/3189
f 3228/3105/3228 3178/3058/3191 3227/3106/3229
f 3207/3083/3211 3229/3107/3230 3230/3133/3231
f 3231/3109/3232 3174/3061/3190 3175/3110/3189
f 3235/3112/3233 3233/3111/3234 3232/3113/3235
f 3236/3114/3236 3238/3115/3237 3237/3152/3238
f 3240/3117/3239 3242/3118/3240 3241/3157/3241
f 3244/3120/3242 3246/3121/3243 3245/3158/3244
f 3240/3123/3239 3248/3124/3245 3186/3153/3246
f 3251/3127/3247 3234/3126/3248 3235/3112/3233
f 3253/3129/3249 3190/3128/3200 3244/3130/3242
f 3254/3131/3250 3239/3116/3251 3255/3156/3252
f 3222/3098/3222 3192/3068/3199 3168/3050/3183
f 3247/3122/3253 3254/3131/3250 3255/3156/3252
f 3230/3133/3231 3169/3134/3254 3193/3071/3202
f 3203/3080/3208 3175/3110/3189 3225/3135/3227
f 3224/3100/3225 3201/3136/3207 3223/3102/3255
f 3225/3103/3227 3226/3138/3256 3256/3137/3257
f 3246/3121/3243 3227/3106/3229 3204/3081/3258
f 3252/3140/3259 3257/3139/3260 3194/3072/3261
f 3188/3141/3198 3163/3142/3181 3164/3047/3180
f 3168/3050/3183 3189/3069/3201 3167/3143/3184
f 3167/3144/3184 3193/3071/3202 3166/3145/3182
f 3163/3146/3181 3195/3074/3203 3162/3147/3179
f 3208/3084/3262 3216/3108/3219 3207/3083/3211
f 3217/3148/3263 3258/3149/3264 3221/3097/3223
f 3222/3098/3222 3216/3092/3219 3217/3148/3263
f 3257/3139/3260 3207/3083/3211 3230/3133/3231
f 3168/3050/3183 3229/3151/3230 3222/3098/3222
f 3194/3072/3261 3230/3133/3231 3193/3071/3202
f 3186/3066/3246 3243/3119/3265 3240/3117/3239
f 3191/3132/3266 3244/3120/3242 3190/3067/3200
f 3206/3150/3212 3233/3111/3234 3234/3126/3248
f 3237/3152/3238 3221/3097/3223 3258/3149/3264
f 3186/3153/3246 3196/3075/3267 3185/3073/3197
f 3250/3154/3268 3206/3150/3212 3234/3126/3248
f 3190/3128/3200 3194/3072/3261 3189/3070/3201
f 3220/3099/3224 3238/3115/3237 3254/3131/3250
f 3191/3132/3266 3220/3099/3224 3254/3131/3250
f 3253/3129/3249 3233/3111/3234 3252/3140/3259
f 3173/3054/3269 3232/3113/3235 3172/3053/3186
f 3181/3060/3270 3236/3114/3236 3180/3059/3192
f 3210/3086/3213 3240/3123/3239 3241/3155/3241
f 3214/3090/3216 3235/3112/3233 3173/3054/3269
f 3172/3053/3186 3253/3129/3249 3224/3100/3225
f 3255/3156/3252 3181/3060/3270 3228/3105/3228
f 3200/3078/3271 3241/3157/3241 3242/3118/3240
f 3245/3158/3244 3204/3081/3258 3201/3079/3207
f 3224/3100/3225 3244/3130/3242 3245/3159/3244
f 3228/3105/3228 3247/3122/3253 3255/3156/3252
f 3177/3056/3188 3171/3101/3187 3176/3104/3226
f 3184/3063/3272 3179/3085/3193 3183/3062/3194
f 3198/3160/3206 3199/3077/3205 3259/3161/3273
f 3202/3162/3209 3203/3080/3208 3256/3163/3257
f 3212/3087/3215 3197/3164/3204 3198/3165/3206
f 3219/3095/3221 3170/3052/3185 3177/3056/3188
f 3176/3104/3226 3223/3102/3255 3226/3138/3256
f 3227/3106/3229 3184/3063/3272 3231/3109/3232
f 3204/3081/3258 3231/3109/3232 3203/3080/3208
f 3223/3102/3255 3202/3166/3209 3226/3138/3256
f 3164/3047/3180 3215/3167/3220 3208/3084/3262
f 3187/3064/3196 3205/3082/3210 3250/3154/3268
f 3196/3075/3267 3218/3093/3218 3195/3074/3203
f 3200/3078/3271 3219/3095/3221 3199/3077/3205
f 3209/3168/3214 3241/3155/3241 3197/3164/3204
f 3211/3089/3274 3212/3087/3215 3259/3169/3273
f 3243/3119/3265 3214/3090/3216 3242/3118/3240
f 3249/3125/3275 3237/3152/3238 3248/3124/3245
f 3208/3084/3262 3188/3141/3198 3164/3047/3180
f 3195/3074/3203 3215/3094/3220 3165/3170/3276
f 3250/3154/3268 3243/3119/3265 3187/3064/3196
f 3248/3124/3245 3258/3149/3264 3196/3075/3267
f 3249/3125/3275 3180/3059/3192 3236/3114/3236
f 3242/3118/3240 3213/3091/3217 3200/3078/3271
f 3199/3077/3205 3182/3096/3195 3211/3171/3274
f 3183/3062/3194 3209/3168/3214 3212/3087/3215
f 3068/3137/3160 3145/3166/3177 3136/3138/3161
f 3068/3163/3160 3101/3135/3134 3144/3080/3112
f 3070/3049/3084 3108/3143/3166 3109/3050/3085
f 3070/3145/3084 3105/3134/3086 3107/3071/3104
f 3064/3046/3081 3113/3142/3165 3148/3047/3082
f 3064/3147/3081 3149/3170/3083 3150/3074/3106
f 3066/3161/3176 3157/3171/3121 3158/3077/3109
f 3066/3169/3176 3140/3165/3175 3156/3087/3119
f 3226/3138/3256 3202/3166/3209 3256/3137/3257
f 3203/3080/3208 3225/3135/3227 3256/3163/3257
f 3166/3049/3182 3169/3051/3254 3168/3050/3183
f 3193/3071/3202 3169/3134/3254 3166/3145/3182
f 3162/3046/3179 3165/3048/3276 3164/3047/3180
f 3195/3074/3203 3165/3170/3276 3162/3147/3179
f 3199/3077/3205 3211/3171/3274 3259/3161/3273
f 3212/3087/3215 3198/3165/3206 3259/3169/3273
f 3260/3172/3277 3289/3173/3278 3290/3174/3279
f 3262/3175/3280 3296/3176/3281 3297/3177/3282
f 3272/3178/3283 3301/3179/3284 3302/3180/3285
f 3263/3181/3286 3282/3182/3287 3261/3183/3288
f 3307/3184/3289 3276/3185/3290 3275/3186/3291
f 3263/3187/3286 3286/3188/3292 3264/3189/3293
f 3278/3190/3294 3266/3191/3295 3265/3192/3296
f 3273/3193/3297 3293/3194/3298 3267/3195/3299
f 3271/3196/3300 3339/3197/3301 3266/3191/3295
f 3274/3198/3302 3270/3199/3303 3340/3200/3304
f 3277/3201/3305 3300/3202/3306 3268/3203/3307
f 3275/3186/3291 3269/3204/3308 3270/3199/3303
f 3267/3205/3299 3288/3206/3309 3273/3207/3297
f 3268/3208/3307 3295/3209/3310 3277/3210/3305
f 3301/3179/3284 3278/3190/3294 3312/3211/3311
f 3273/3193/3297 3305/3212/3312 3292/3213/3313
f 3307/3184/3289 3274/3198/3302 3306/3214/3314
f 3277/3201/3305 3311/3215/3315 3299/3216/3316
f 3304/3217/3317 3289/3173/3278 3281/3218/3318
f 3310/3219/3319 3296/3176/3281 3285/3220/3320
f 3285/3221/3320 3262/3222/3280 3298/3223/3321
f 3281/3224/3318 3260/3225/3277 3291/3226/3322
f 3263/3187/3286 3280/3227/3323 3279/3228/3324
f 3263/3181/3286 3284/3229/3325 3283/3230/3326
f 3289/3173/3278 3261/3231/3288 3290/3174/3279
f 3274/3198/3302 3293/3194/3298 3292/3213/3313
f 3287/3232/3327 3272/3178/3283 3288/3206/3309
f 3282/3182/3287 3305/3212/3312 3291/3226/3322
f 3288/3206/3309 3302/3180/3285 3303/3233/3328
f 3261/3183/3288 3291/3226/3322 3290/3234/3279
f 3296/3176/3281 3264/3235/3293 3297/3177/3282
f 3299/3216/3316 3265/3192/3296 3300/3202/3306
f 3294/3236/3329 3276/3185/3290 3295/3209/3310
f 3286/3188/3292 3311/3215/3315 3298/3223/3321
f 3295/3209/3310 3308/3237/3330 3309/3238/3331
f 3264/3189/3293 3298/3223/3321 3297/3239/3282
f 3279/3228/3324 3302/3180/3285 3301/3179/3284
f 3283/3230/3326 3308/3237/3330 3307/3184/3289
f 3279/3228/3324 3312/3211/3311 3286/3188/3292
f 3304/3240/3317 3291/3226/3322 3305/3212/3312
f 3306/3214/3314 3283/3230/3326 3307/3184/3289
f 3285/3221/3320 3311/3215/3315 3310/3241/3319
f 3288/3206/3309 3304/3217/3317 3273/3207/3297
f 3277/3210/3305 3309/3238/3331 3310/3219/3319
f 3306/3214/3314 3292/3213/3313 3305/3212/3312
f 3280/3227/3323 3303/3233/3328 3302/3180/3285
f 3312/3211/3311 3299/3216/3316 3311/3215/3315
f 3284/3229/3325 3309/3238/3331 3308/3237/3330
f 3313/3242/3332 3315/3243/3333 3314/3244/3334
f 3317/3245/3335 3319/3246/3336 3318/3247/3337
f 3321/3248/3338 3323/3249/3339 3322/3250/3340
f 3328/3251/3341 3326/3252/3342 3325/3253/3343
f 3331/3254/3344 3329/3255/3345 3332/3256/3346
f 3335/3257/3347 3326/3258/3342 3333/3259/3348
f 3266/3191/3295 3336/3260/3349 3265/3192/3296
f 3293/3194/3298 3337/3261/3350 3267/3195/3299
f 3339/3197/3301 3322/3250/3340 3266/3191/3295
f 3270/3199/3303 3341/3262/3351 3340/3200/3304
f 3300/3202/3306 3342/3263/3352 3268/3203/3307
f 3269/3204/3308 3330/3264/3353 3270/3199/3303
f 3344/3265/3354 3267/3205/3299 3337/3266/3350
f 3345/3267/3355 3268/3208/3307 3342/3268/3352
f 3323/3249/3339 3336/3260/3349 3322/3250/3340
f 3337/3261/3350 3348/3269/3356 3347/3270/3357
f 3331/3254/3344 3341/3262/3351 3330/3264/3353
f 3342/3263/3352 3351/3271/3358 3350/3272/3359
f 3315/3243/3333 3347/3273/3357 3314/3244/3334
f 3319/3246/3336 3350/3274/3359 3318/3247/3337
f 3318/3275/3337 3354/3276/3360 3317/3277/3335
f 3314/3278/3334 3355/3279/3361 3313/3280/3332
f 3356/3281/3362 3326/3258/3342 3334/3282/3363
f 3357/3283/3364 3326/3252/3342 3327/3284/3365
f 3315/3243/3333 3325/3285/3343 3356/3281/3362
f 3293/3194/3298 3341/3262/3351 3338/3286/3366
f 3287/3232/3327 3321/3248/3338 3339/3197/3301
f 3348/3269/3356 3328/3251/3341 3355/3279/3361
f 3344/3265/3354 3324/3287/3367 3321/3248/3338
f 3355/3279/3361 3325/3253/3343 3316/3288/3368
f 3319/3246/3336 3333/3289/3348 3357/3283/3364
f 3343/3290/3369 3265/3192/3296 3336/3260/3349
f 3294/3236/3329 3329/3255/3345 3269/3204/3308
f 3351/3271/3358 3335/3257/3347 3354/3276/3360
f 3345/3267/3355 3332/3256/3346 3329/3255/3345
f 3354/3276/3360 3333/3259/3348 3320/3291/3370
f 3324/3287/3367 3334/3282/3363 3323/3249/3339
f 3332/3256/3346 3327/3284/3365 3331/3254/3344
f 3334/3282/3363 3346/3292/3371 3323/3249/3339
f 3347/3270/3357 3355/3279/3361 3314/3278/3334
f 3349/3293/3372 3327/3284/3365 3328/3251/3341
f 3351/3271/3358 3318/3275/3337 3350/3272/3359
f 3344/3265/3354 3347/3273/3357 3352/3294/3373
f 3353/3295/3374 3342/3268/3352 3350/3274/3359
f 3349/3293/3372 3338/3286/3366 3341/3262/3351
f 3352/3294/3373 3356/3281/3362 3324/3287/3367
f 3346/3292/3371 3343/3290/3369 3336/3260/3349
f 3353/3295/3374 3357/3283/3364 3332/3256/3346
f 3358/3296/3375 3440/3297/3376 3441/3298/3377
f 3359/3299/3378 3439/3300/3379 3424/3301/3380
f 3379/3302/3381 3401/3303/3382 3368/3304/3383
f 3380/3305/3384 3409/3306/3385 3362/3307/3386
f 3370/3308/3387 3404/3309/3388 3405/3310/3389
f 3362/3311/3386 3412/3312/3390 3413/3313/3391
f 3395/3314/3392 3455/3315/3393 3365/3316/3394
f 3399/3317/3395 3438/3318/3396 3367/3319/3397
f 3417/3320/3398 3426/3321/3399 3367/3322/3397
f 3365/3323/3394 3442/3324/3400 3443/3325/3401
f 3369/3326/3402 3450/3327/3403 3451/3328/3404
f 3371/3329/3405 3433/3330/3406 3434/3331/3407
f 3372/3332/3408 3423/3333/3409 3422/3334/3410
f 3375/3335/3411 3446/3336/3412 3404/3309/3388
f 3376/3337/3413 3448/3338/3414 3412/3312/3390
f 3368/3304/3383 3402/3339/3415 3377/3340/3416
f 3363/3341/3417 3420/3342/3418 3373/3343/3419
f 3362/3307/3386 3410/3344/3420 3376/3345/3413
f 3366/3346/3421 3418/3347/3422 3382/3348/3423
f 3429/3349/3424 3379/3302/3381 3430/3350/3425
f 3432/3351/3426 3408/3352/3427 3380/3305/3384
f 3370/3308/3387 3406/3353/3428 3381/3354/3429
f 3423/3333/3409 3383/3355/3430 3363/3356/3417
f 3380/3357/3384 3413/3313/3391 3414/3358/3431
f 3393/3359/3432 3391/3360/3433 3392/3361/3434
f 3389/3362/3435 3397/3363/3436 3385/3364/3437
f 3403/3365/3438 3453/3366/3439 3387/3367/3440
f 3386/3368/3441 3435/3369/3442 3436/3370/3443
f 3387/3371/3440 3444/3372/3444 3445/3373/3445
f 3393/3359/3432 3388/3374/3446 3384/3375/3447
f 3399/3376/3395 3428/3377/3448 3386/3378/3441
f 3397/3363/3436 3390/3379/3449 3385/3364/3437
f 3387/3367/3440 3454/3380/3450 3395/3314/3392
f 3386/3368/3441 3437/3381/3451 3399/3317/3395
f 3378/3382/3452 3393/3359/3432 3392/3361/3434
f 3396/3383/3453 3366/3346/3421 3397/3363/3436
f 3395/3384/3392 3443/3325/3401 3444/3372/3444
f 3364/3385/3454 3394/3386/3455 3393/3359/3432
f 3367/3322/3397 3427/3387/3456 3399/3376/3395
f 3397/3363/3436 3382/3348/3423 3398/3388/3457
f 3400/3389/3458 3384/3375/3447 3401/3303/3382
f 3389/3362/3435 3405/3310/3389 3404/3309/3388
f 3387/3371/3440 3446/3336/3412 3403/3390/3438
f 3401/3303/3382 3388/3374/3446 3402/3339/3415
f 3386/3378/3441 3429/3349/3424 3407/3391/3459
f 3390/3379/3449 3405/3310/3389 3385/3364/3437
f 3451/3328/3404 3403/3365/3438 3369/3326/3402
f 3407/3392/3459 3434/3331/3407 3435/3369/3442
f 3408/3352/3427 3368/3304/3383 3409/3306/3385
f 3375/3335/3411 3413/3313/3391 3412/3312/3390
f 3411/3393/3460 3360/3394/3461 3450/3327/3403
f 3415/3395/3462 3361/3396/3463 3433/3330/3406
f 3369/3397/3402 3448/3338/3414 3411/3398/3460
f 3409/3306/3385 3377/3340/3416 3410/3344/3420
f 3430/3350/3425 3415/3399/3462 3371/3400/3405
f 3381/3354/3429 3413/3313/3391 3370/3308/3387
f 3365/3316/3394 3440/3297/3376 3421/3401/3464
f 3367/3319/3397 3439/3300/3379 3417/3402/3398
f 3417/3320/3398 3359/3403/3378 3425/3404/3465
f 3421/3405/3464 3358/3406/3375 3442/3324/3400
f 3363/3356/3417 3422/3334/3410 3423/3333/3409
f 3419/3407/3466 3374/3408/3467 3420/3342/3418
f 3419/3407/3466 3383/3409/3430 3418/3347/3422
f 3364/3385/3454 3416/3410/3468 3423/3333/3409
f 3439/3300/3379 3383/3409/3430 3424/3301/3380
f 3437/3381/3451 3382/3348/3423 3438/3318/3396
f 3416/3410/3468 3426/3321/3399 3425/3404/3465
f 3414/3358/3431 3434/3331/3407 3433/3330/3406
f 3407/3391/3459 3430/3350/3425 3371/3400/3405
f 3432/3351/3426 3361/3411/3463 3431/3412/3469
f 3406/3353/3428 3436/3370/3443 3435/3369/3442
f 3392/3361/3434 3428/3377/3448 3427/3387/3456
f 3436/3370/3443 3398/3388/3457 3437/3381/3451
f 3378/3382/3452 3427/3387/3456 3426/3321/3399
f 3400/3389/3458 3428/3377/3448 3391/3360/3433
f 3381/3354/3429 3435/3369/3442 3434/3331/3407
f 3380/3357/3384 3433/3330/3406 3432/3413/3426
f 3408/3352/3427 3430/3350/3425 3379/3302/3381
f 3418/3347/3422 3438/3318/3396 3382/3348/3423
f 3383/3355/3430 3425/3404/3465 3424/3414/3380
f 3440/3297/3376 3373/3415/3419 3441/3298/3377
f 3372/3332/3408 3454/3380/3450 3394/3386/3455
f 3420/3342/3418 3443/3325/3401 3442/3324/3400
f 3410/3344/3420 3451/3328/3404 3450/3327/3403
f 3447/3416/3470 3403/3390/3438 3446/3336/3412
f 3449/3417/3471 3360/3418/3461 3448/3338/3414
f 3402/3339/3415 3453/3366/3439 3452/3419/3472
f 3396/3383/3453 3445/3373/3445 3444/3372/3444
f 3394/3386/3455 3453/3366/3439 3388/3374/3446
f 3374/3408/3467 3444/3372/3444 3443/3325/3401
f 3445/3373/3445 3404/3309/3388 3446/3336/3412
f 3377/3340/3416 3452/3419/3472 3451/3328/3404
f 3376/3345/3413 3450/3327/3403 3449/3420/3471
f 3412/3312/3390 3447/3416/3470 3375/3335/3411
f 3422/3334/3410 3455/3315/3393 3372/3332/3408
f 3373/3343/3419 3442/3324/3400 3441/3421/3377
f 3456/3296/3473 3458/3297/3474 3457/3401/3475
f 3460/3299/3476 3462/3300/3477 3461/3402/3478
f 3467/3303/3479 3465/3302/3480 3464/3304/3481
f 3471/3306/3482 3469/3305/3483 3468/3307/3484
f 3472/3308/3485 3474/3309/3486 3473/3335/3487
f 3468/3311/3484 3477/3312/3488 3476/3337/3489
f 3482/3315/3490 3480/3314/3491 3479/3316/3492
f 3486/3318/3493 3484/3317/3494 3483/3319/3495
f 3488/3321/3496 3461/3320/3478 3483/3322/3495
f 3479/3323/3492 3489/3324/3497 3457/3405/3475
f 3491/3326/3498 3493/3327/3499 3492/3393/3500
f 3495/3329/3501 3497/3330/3502 3496/3395/3503
f 3499/3332/3504 3501/3333/3505 3500/3385/3506
f 3473/3335/3487 3504/3336/3507 3503/3416/3508
f 3476/3337/3489 3506/3338/3509 3505/3417/3510
f 3508/3339/3511 3464/3304/3481 3507/3340/3512
f 3512/3342/3513 3510/3341/3514 3509/3343/3515
f 3513/3344/3516 3468/3307/3484 3476/3345/3489
f 3516/3347/3517 3515/3346/3518 3514/3348/3519
f 3518/3349/3520 3465/3302/3480 3466/3389/3521
f 3470/3352/3522 3519/3351/3523 3469/3305/3483
f 3522/3353/3524 3472/3308/3485 3521/3354/3525
f 3501/3333/3505 3523/3355/3526 3524/3410/3527
f 3469/3357/3483 3478/3313/3528 3468/3311/3484
f 3528/3359/3529 3526/3360/3530 3529/3375/3531
f 3530/3362/3532 3532/3363/3533 3531/3383/3534
f 3537/3366/3535 3535/3365/3536 3534/3367/3537
f 3538/3368/3538 3540/3369/3539 3539/3392/3540
f 3534/3371/3537 3542/3372/3541 3480/3384/3491
f 3545/3374/3542 3528/3359/3529 3529/3375/3531
f 3547/3377/3543 3484/3376/3494 3538/3378/3538
f 3549/3379/3544 3532/3363/3533 3533/3364/3545
f 3481/3380/3546 3534/3367/3537 3480/3314/3491
f 3485/3381/3547 3538/3368/3538 3484/3317/3494
f 3528/3359/3529 3550/3382/3548 3527/3361/3549
f 3531/3383/3534 3515/3346/3518 3551/3408/3550
f 3480/3384/3491 3490/3325/3551 3479/3323/3492
f 3544/3386/3552 3500/3385/3506 3528/3359/3529
f 3546/3387/3553 3483/3322/3495 3484/3376/3494
f 3532/3363/3533 3514/3348/3519 3515/3346/3518
f 3466/3389/3521 3529/3375/3531 3526/3360/3530
f 3475/3310/3554 3530/3362/3532 3474/3309/3486
f 3504/3336/3507 3534/3371/3537 3535/3390/3536
f 3467/3303/3479 3545/3374/3542 3529/3375/3531
f 3518/3349/3520 3538/3378/3538 3539/3391/3540
f 3549/3379/3544 3475/3310/3554 3522/3353/3524
f 3494/3328/3555 3535/3365/3536 3536/3419/3556
f 3539/3392/3540 3498/3331/3557 3495/3329/3501
f 3470/3352/3522 3464/3304/3481 3465/3302/3480
f 3478/3313/3528 3473/3335/3487 3477/3312/3488
f 3492/3393/3500 3493/3327/3499 3552/3394/3558
f 3496/3395/3503 3497/3330/3502 3553/3396/3559
f 3506/3338/3509 3491/3397/3498 3492/3398/3500
f 3471/3306/3482 3507/3340/3512 3464/3304/3481
f 3517/3350/3560 3496/3399/3503 3520/3412/3561
f 3521/3354/3525 3478/3313/3528 3525/3358/3562
f 3458/3297/3474 3479/3316/3492 3457/3401/3475
f 3462/3300/3477 3483/3319/3495 3461/3402/3478
f 3461/3320/3478 3487/3404/3563 3460/3403/3476
f 3457/3405/3475 3489/3324/3497 3456/3406/3473
f 3502/3334/3564 3510/3356/3514 3501/3333/3505
f 3511/3407/3565 3551/3408/3550 3515/3346/3518
f 3511/3407/3565 3523/3409/3526 3510/3341/3514
f 3524/3410/3527 3500/3385/3506 3501/3333/3505
f 3462/3300/3477 3523/3409/3526 3516/3347/3517
f 3485/3381/3547 3514/3348/3519 3548/3388/3566
f 3488/3321/3496 3524/3410/3527 3487/3404/3563
f 3498/3331/3557 3525/3358/3562 3497/3330/3502
f 3539/3391/3540 3517/3350/3560 3518/3349/3520
f 3519/3351/3523 3520/3412/3561 3553/3411/3559
f 3541/3370/3567 3522/3353/3524 3540/3369/3539
f 3547/3377/3543 3527/3361/3549 3546/3387/3553
f 3541/3370/3567 3548/3388/3566 3549/3379/3544
f 3546/3387/3553 3550/3382/3548 3488/3321/3496
f 3466/3389/3521 3547/3377/3543 3518/3349/3520
f 3540/3369/3539 3521/3354/3525 3498/3331/3557
f 3497/3330/3502 3469/3357/3483 3519/3413/3523
f 3470/3352/3522 3517/3350/3560 3520/3412/3561
f 3516/3347/3517 3486/3318/3493 3462/3300/3477
f 3487/3404/3563 3523/3355/3526 3463/3414/3568
f 3458/3297/3474 3509/3415/3515 3502/3334/3564
f 3499/3332/3504 3481/3380/3546 3482/3315/3490
f 3490/3325/3551 3512/3342/3513 3489/3324/3497
f 3494/3328/3555 3513/3344/3516 3493/3327/3499
f 3503/3416/3508 3535/3390/3536 3491/3397/3498
f 3505/3417/3510 3506/3338/3509 3552/3418/3558
f 3537/3366/3535 3508/3339/3511 3536/3419/3556
f 3543/3373/3569 3531/3383/3534 3542/3372/3541
f 3544/3386/3552 3537/3366/3535 3481/3380/3546
f 3542/3372/3541 3551/3408/3550 3490/3325/3551
f 3543/3373/3569 3474/3309/3486 3530/3362/3532
f 3536/3419/3556 3507/3340/3512 3494/3328/3555
f 3493/3327/3499 3476/3345/3489 3505/3420/3510
f 3477/3312/3488 3503/3416/3508 3506/3338/3509
f 3502/3334/3564 3482/3315/3490 3458/3297/3474
f 3489/3324/3497 3509/3343/3515 3459/3421/3570
f 3358/3296/3375 3421/3401/3464 3440/3297/3376
f 3358/3406/3375 3441/3421/3377 3442/3324/3400
f 3359/3403/3378 3424/3414/3380 3425/3404/3465
f 3359/3299/3378 3417/3402/3398 3439/3300/3379
f 3361/3396/3463 3432/3413/3426 3433/3330/3406
f 3361/3411/3463 3415/3399/3462 3431/3412/3469
f 3360/3394/3461 3449/3420/3471 3450/3327/3403
f 3360/3418/3461 3411/3398/3460 3448/3338/3414
f 3260/3172/3277 3281/3218/3318 3289/3173/3278
f 3260/3225/3277 3290/3234/3279 3291/3226/3322
f 3313/3242/3332 3316/3422/3368 3315/3243/3333
f 3355/3279/3361 3316/3288/3368 3313/3280/3332
f 3317/3245/3335 3320/3423/3370 3319/3246/3336
f 3354/3276/3360 3320/3291/3370 3317/3277/3335
f 3262/3175/3280 3285/3220/3320 3296/3176/3281
f 3262/3222/3280 3297/3239/3282 3298/3223/3321
f 3460/3299/3476 3463/3301/3568 3462/3300/3477
f 3487/3404/3563 3463/3414/3568 3460/3403/3476
f 3456/3296/3473 3459/3298/3570 3458/3297/3474
f 3489/3324/3497 3459/3421/3570 3456/3406/3473
f 3497/3330/3502 3519/3413/3523 3553/3396/3559
f 3520/3412/3561 3496/3399/3503 3553/3411/3559
f 3493/3327/3499 3505/3420/3510 3552/3394/3558
f 3506/3338/3509 3492/3398/3500 3552/3418/3558
f 1/1/1 4/206/169 3/2/2
f 8/4/4 7/85/78 6/5/5
f 12/7/7 11/110/93 10/8/8
f 16/10/10 15/188/152 14/11/11
f 17/13/13 20/207/73 19/14/14
f 23/16/16 22/150/122 21/17/17
f 27/18/18 26/128/105 25/19/19
f 30/21/21 29/131/108 28/22/22
f 33/24/23 32/153/125 31/25/24
f 36/27/25 35/116/89 34/28/26
f 37/30/27 40/137/111 39/31/28
f 1/1/1 43/161/129 42/33/30
f 47/35/32 46/117/87 45/36/33
f 51/38/35 50/198/161 49/39/36
f 52/41/38 55/237/145 54/42/39
f 56/44/41 59/220/181 58/45/42
f 63/47/44 62/192/156 61/48/45
f 64/50/47 67/221/182 66/51/48
f 56/44/41 68/211/173 51/38/35
f 71/53/50 70/222/183 69/54/51
f 64/58/47 76/212/174 75/59/54
f 77/61/56 16/10/10 79/62/57
f 12/64/7 28/22/22 81/65/59
f 8/67/4 84/123/100 83/68/61
f 85/70/63 4/206/169 87/71/64
f 91/73/66 90/200/163 89/74/67
f 95/76/69 94/142/114 93/77/70
f 100/82/75 99/167/133 98/83/76
f 101/84/77 81/65/59 7/85/78
f 103/87/79 102/111/94 80/88/60
f 105/90/80 104/125/102 96/91/72
f 110/93/82 109/204/167 108/94/83
f 113/99/86 112/169/135 46/100/87
f 115/102/88 114/146/118 35/103/89
f 9/9/9 10/8/8 116/105/90
f 33/107/23 17/13/13 18/15/15
f 119/109/92 118/193/157 11/110/93
f 42/112/30 121/171/137 120/113/95
f 123/115/96 122/122/99 34/28/26
f 14/11/11 45/36/33 46/117/87
f 39/119/28 126/148/120 125/120/98
f 122/122/99 127/208/170 84/123/100
f 129/124/101 128/194/158 103/87/79
f 104/125/102 105/90/80 130/126/103
f 131/127/104 25/19/19 26/128/105
f 134/130/107 133/181/146 28/22/22
f 37/30/27 137/201/164 136/132/109
f 30/134/21 116/121/90 125/120/98
f 123/136/96 138/176/141 26/128/105
f 40/137/111 37/30/27 135/133/110
f 36/139/25 5/6/6 6/5/5
f 25/19/19 131/127/104 140/141/113
f 141/143/115 109/204/167 93/77/70
f 115/102/88 144/185/144 143/145/117
f 139/138/112 146/178/143 145/147/119
f 148/149/121 147/209/171 3/2/2
f 22/150/122 150/233/192 149/151/123
f 151/152/124 31/25/24 32/153/125
f 23/16/16 124/195/97 154/158/128
f 33/159/23 117/114/91 120/113/95
f 43/161/129 1/1/1 2/3/3
f 47/163/32 44/156/34 153/155/127
f 156/165/131 79/62/57 21/17/17
f 78/63/58 158/234/193 157/166/132
f 113/99/86 160/235/185 159/168/134
f 162/170/136 161/236/194 121/171/137
f 135/133/110 136/132/109 164/172/138
f 29/135/108 125/120/98 165/174/140
f 132/129/106 26/128/105 138/176/141
f 139/138/112 135/133/110 163/173/139
f 6/5/5 75/59/54 144/179/144
f 63/47/44 167/183/148 131/127/104
f 168/182/147 140/141/113 131/127/104
f 142/144/116 170/210/172 169/184/149
f 144/185/144 76/215/174 171/186/150
f 146/178/143 68/211/173 172/187/151
f 89/74/67 90/200/163 15/188/152
f 116/105/90 10/8/8 38/32/29
f 117/108/91 18/15/15 41/34/31
f 175/190/154 159/168/134 174/191/155
f 143/145/117 171/186/150 62/192/156
f 18/15/15 19/14/14 87/71/64
f 107/95/84 137/201/164 118/193/157
f 43/161/129 155/162/130 121/171/137
f 27/18/18 24/20/20 122/122/99
f 124/118/97 23/16/16 13/12/12
f 40/137/111 139/138/112 126/148/120
f 95/76/69 127/208/170 122/122/99
f 92/78/71 110/93/82 128/194/158
f 173/189/153 77/61/56 100/82/75
f 35/103/89 114/146/118 138/176/141
f 165/174/140 125/120/98 126/148/120
f 124/195/97 46/100/87 112/169/135
f 121/171/137 161/236/194 176/196/159
f 65/52/49 66/51/48 177/197/160
f 143/145/117 166/177/142 138/176/141
f 53/43/40 54/42/39 172/187/151
f 12/7/7 80/88/60 102/111/94
f 15/188/152 16/10/10 77/61/56
f 50/198/161 179/216/177 178/199/162
f 13/12/12 21/17/17 79/62/57
f 90/200/163 91/73/66 44/37/34
f 118/193/157 38/32/29 10/8/8
f 137/201/164 107/95/84 108/94/83
f 180/202/165 81/65/59 28/22/22
f 91/157/66 88/96/68 111/98/85
f 156/165/131 158/234/193 78/63/58
f 136/132/109 108/94/83 181/203/166
f 90/200/163 45/36/33 14/11/11
f 137/201/164 37/30/27 38/32/29
f 77/61/56 78/63/58 99/167/133
f 101/89/77 82/69/62 83/68/61
f 88/75/68 89/74/67 105/90/80
f 92/78/71 93/77/70 109/204/167
f 106/97/81 96/79/72 97/81/74
f 128/194/158 119/109/92 102/111/94
f 105/90/80 89/74/67 173/189/153
f 81/65/59 180/202/165 182/205/168
f 141/143/115 181/203/166 108/94/83
f 157/166/132 148/149/121 98/83/76
f 169/184/149 179/216/177 181/203/166
f 110/93/82 107/95/84 119/109/92
f 130/126/103 100/82/75 85/70/63
f 85/70/63 98/83/76 3/2/2
f 20/207/73 96/91/72 104/125/102
f 84/123/100 8/67/4 5/29/6
f 4/206/169 1/1/1 41/34/31
f 94/142/114 95/76/69 24/20/20
f 20/80/73 17/26/13 31/25/24
f 127/208/170 129/124/101 83/68/61
f 7/85/78 182/205/168 75/59/54
f 94/142/114 140/141/113 142/144/116
f 147/209/171 183/223/184 2/3/3
f 170/210/172 142/144/116 140/141/113
f 19/14/14 104/125/102 86/72/65
f 92/78/71 129/124/101 127/208/170
f 163/173/139 164/172/138 50/198/161
f 54/42/39 55/237/145 134/175/107
f 132/129/106 166/177/142 62/192/156
f 68/211/173 146/178/143 163/173/139
f 167/183/148 63/47/44 60/49/46
f 133/181/146 55/180/145 52/55/38
f 167/183/148 69/54/51 184/213/175
f 186/214/176 185/219/180 169/184/149
f 76/215/174 64/50/47 65/52/49
f 68/211/173 56/44/41 57/46/43
f 171/186/150 65/52/49 61/48/45
f 54/42/39 165/174/140 145/147/119
f 164/172/138 181/203/166 179/216/177
f 133/181/146 72/57/53 187/217/178
f 180/202/165 187/217/178 188/218/179
f 185/219/180 178/199/162 179/216/177
f 182/205/168 188/218/179 74/60/55
f 168/182/147 184/213/175 186/214/176
f 59/220/181 150/233/192 175/190/154
f 67/221/182 152/238/126 176/196/159
f 70/222/183 71/53/50 162/170/136
f 160/224/185 153/155/127 72/57/53
f 190/225/186 186/214/176 184/213/175
f 56/44/41 48/40/37 191/227/188
f 192/229/189 191/227/188 48/40/37
f 193/230/190 194/232/191 178/199/162
f 73/231/52 52/41/38 53/43/40
f 71/53/50 60/49/46 61/48/45
f 53/43/40 57/46/43 58/45/42
f 153/155/127 111/98/85 187/217/178
f 194/232/191 192/229/189 49/39/36
f 190/225/186 193/230/190 185/219/180
f 189/226/187 184/213/175 69/54/51
f 147/209/171 148/149/121 190/225/186
f 150/233/192 59/220/181 191/227/188
f 151/152/124 152/154/126 67/228/182
f 156/165/131 149/151/123 191/227/188
f 151/152/124 74/60/55 188/218/179
f 158/234/193 194/232/191 193/230/190
f 97/81/74 188/218/179 187/217/178
f 73/231/52 174/191/155 159/168/134
f 71/53/50 177/197/160 161/236/194
f 159/168/134 175/190/154 154/158/128
f 161/236/194 177/197/160 66/51/48
f 158/234/193 156/165/131 192/229/189
f 148/149/121 157/166/132 193/230/190
f 189/226/187 70/222/183 183/223/184
f 150/233/192 22/150/122 154/158/128
f 176/196/159 152/238/126 32/160/125
f 183/223/184 162/170/136 155/162/130
f 195/1/195 198/3/321 197/2/196
f 202/5/198 201/85/269 200/4/199
f 206/8/201 205/110/289 204/7/202
f 210/11/204 209/188/342 208/10/205
f 211/13/207 214/15/287 213/14/208
f 217/17/210 216/150/314 215/16/211
f 221/19/212 220/128/299 219/18/213
f 224/22/215 223/131/301 222/21/216
f 227/25/217 226/153/318 225/24/218
f 230/28/219 229/116/284 228/27/220
f 231/30/221 234/32/344 233/31/222
f 195/1/195 237/34/345 236/33/224
f 241/36/226 240/117/281 239/35/227
f 245/39/229 244/198/362 243/38/230
f 246/41/232 249/43/359 248/42/233
f 250/44/235 253/46/360 252/45/236
f 257/48/238 256/192/348 255/47/239
f 258/50/241 261/52/358 260/51/242
f 250/44/235 242/40/231 243/38/230
f 265/54/245 264/222/380 263/53/246
f 258/58/241 270/60/379 269/59/249
f 271/61/251 273/63/324 272/62/252
f 275/65/253 224/22/215 204/64/202
f 278/68/255 277/123/294 200/67/199
f 279/70/257 281/72/371 280/71/258
f 285/74/259 284/200/363 283/73/260
f 289/77/262 288/142/369 287/76/263
f 294/83/267 293/167/367 292/82/268
f 201/85/269 275/65/253 295/84/270
f 296/87/271 295/89/270 274/88/254
f 299/90/273 298/92/279 290/91/265
f 304/94/275 303/204/308 302/93/276
f 306/99/280 239/101/227 240/100/281
f 308/102/283 228/104/220 229/103/284
f 203/9/203 222/106/216 310/105/286
f 214/15/287 211/13/207 225/107/218
f 205/110/289 313/193/350 312/109/290
f 315/113/291 314/171/329 236/112/224
f 230/28/219 317/122/295 316/115/292
f 210/11/204 318/118/351 240/117/281
f 320/120/293 319/148/352 233/119/222
f 277/123/294 321/208/353 317/122/295
f 296/87/271 323/194/354 322/124/296
f 300/125/274 281/72/371 324/126/297
f 326/127/298 325/129/334 220/128/299
f 224/22/215 328/181/335 327/130/300
f 331/132/302 330/201/364 231/30/221
f 320/120/293 310/121/286 222/134/216
f 316/136/292 219/18/213 220/128/299
f 329/133/303 231/30/221 232/137/223
f 202/5/198 199/6/200 228/139/220
f 221/19/212 288/142/369 334/141/306
f 336/143/307 335/144/337 289/77/262
f 308/102/283 309/146/285 338/145/309
f 333/138/305 319/148/352 340/147/311
f 197/2/196 342/209/370 341/149/313
f 216/150/314 217/17/210 344/151/315
f 346/152/317 345/154/387 226/153/318
f 348/158/320 318/195/351 215/16/211
f 315/113/291 311/114/288 225/159/218
f 198/3/321 195/1/195 235/161/225
f 347/155/319 238/156/228 239/163/227
f 350/165/323 344/151/315 217/17/210
f 273/63/324 293/167/367 352/166/325
f 306/99/280 307/169/282 354/168/327
f 314/171/329 356/236/356 355/170/330
f 358/172/331 331/132/302 329/133/303
f 359/174/333 320/120/293 223/135/301
f 325/129/334 360/177/349 332/176/304
f 357/173/332 329/133/303 333/138/305
f 202/5/198 308/140/283 337/179/310
f 326/127/298 361/183/372 255/47/239
f 362/182/336 361/183/372 326/127/298
f 335/144/337 336/143/307 364/184/338
f 337/185/310 338/145/309 365/186/340
f 339/178/312 340/147/311 366/187/341
f 209/188/342 284/200/363 285/74/259
f 234/32/344 206/8/201 310/105/286
f 237/34/345 214/15/287 311/108/288
f 369/191/346 354/168/327 368/190/347
f 256/192/348 365/186/340 338/145/309
f 280/71/258 213/14/208 214/15/287
f 313/193/350 330/201/364 301/95/277
f 314/171/329 349/162/322 235/161/225
f 317/122/295 218/20/214 219/18/213
f 318/118/351 210/11/204 207/12/206
f 319/148/352 333/138/305 232/137/223
f 287/76/263 218/20/214 317/122/295
f 323/194/354 302/93/276 286/78/264
f 367/189/343 324/126/297 292/82/268
f 332/176/304 309/146/285 229/103/284
f 319/148/352 320/120/293 359/174/333
f 318/195/351 348/158/320 307/169/282
f 314/171/329 315/113/291 370/196/355
f 371/197/357 260/51/242 261/52/358
f 338/145/309 309/146/285 332/176/304
f 366/187/341 248/42/233 249/43/359
f 297/111/272 274/88/254 204/7/202
f 209/188/342 367/189/343 271/61/251
f 373/199/361 372/216/376 244/198/362
f 207/12/206 208/10/205 272/62/252
f 284/200/363 241/36/226 238/37/228
f 206/8/201 234/32/344 313/193/350
f 304/94/275 301/95/277 330/201/364
f 374/202/365 328/181/335 224/22/215
f 305/98/278 282/96/261 283/157/260
f 273/63/324 351/234/326 350/165/323
f 375/203/366 304/94/275 331/132/302
f 210/11/204 241/36/226 284/200/363
f 234/32/344 231/30/221 330/201/364
f 271/61/251 292/82/268 293/167/367
f 278/68/255 276/69/256 295/89/270
f 282/75/261 298/92/279 299/90/273
f 286/78/264 302/93/276 303/204/308
f 291/81/266 290/79/265 298/97/279
f 297/111/272 312/109/290 323/194/354
f 367/189/343 285/74/259 299/90/273
f 275/65/253 201/85/269 376/205/368
f 304/94/275 375/203/366 336/143/307
f 294/83/267 341/149/313 352/166/325
f 375/203/366 372/216/376 364/184/338
f 312/109/290 301/95/277 302/93/276
f 324/126/297 281/72/371 279/70/257
f 279/70/257 196/206/197 197/2/196
f 300/125/274 290/91/265 212/207/209
f 277/123/294 230/28/219 199/29/200
f 237/34/345 195/1/195 196/206/197
f 288/142/369 221/19/212 218/20/214
f 227/25/217 211/26/207 212/80/209
f 278/68/255 322/124/296 321/208/353
f 201/85/269 202/5/198 269/59/249
f 288/142/369 289/77/262 335/144/337
f 198/3/321 377/223/388 342/209/370
f 363/210/339 362/182/336 334/141/306
f 281/72/371 300/125/274 213/14/208
f 286/78/264 287/76/263 321/208/353
f 357/173/332 243/38/230 244/198/362
f 248/42/233 359/174/333 327/175/300
f 325/129/334 255/47/239 256/192/348
f 357/173/332 339/178/312 262/211/244
f 361/183/372 265/54/245 254/49/240
f 328/181/335 267/57/247 246/55/232
f 378/213/373 265/54/245 361/183/372
f 379/214/374 363/210/339 364/184/338
f 261/52/358 258/50/241 268/215/250
f 253/46/360 250/44/235 262/211/244
f 257/48/238 261/52/358 365/186/340
f 340/147/311 359/174/333 248/42/233
f 358/172/331 244/198/362 372/216/376
f 381/217/377 267/57/247 328/181/335
f 382/218/378 381/217/377 374/202/365
f 380/219/375 364/184/338 372/216/376
f 270/60/379 382/218/378 376/205/368
f 379/214/374 378/213/373 362/182/336
f 368/190/347 343/233/316 251/220/237
f 370/196/355 345/238/387 259/221/243
f 264/222/380 377/223/388 355/170/330
f 353/224/328 266/56/248 267/57/247
f 378/213/373 379/214/374 384/225/381
f 250/44/235 251/220/237 385/227/383
f 386/229/384 245/39/229 242/40/231
f 387/230/385 380/219/375 373/199/361
f 249/43/359 246/41/232 266/231/248
f 257/48/238 254/49/240 263/53/246
f 249/43/359 369/191/346 252/45/236
f 347/155/319 267/57/247 381/217/377
f 388/232/386 373/199/361 245/39/229
f 384/225/381 379/214/374 380/219/375
f 265/54/245 378/213/373 383/226/382
f 342/209/370 383/226/382 384/225/381
f 385/227/383 251/220/237 343/233/316
f 346/152/317 270/60/379 259/228/243
f 350/165/323 386/229/384 385/227/383
f 382/218/378 270/60/379 346/152/317
f 387/230/385 388/232/386 351/234/326
f 381/217/377 382/218/378 291/81/266
f 266/231/248 353/235/328 354/168/327
f 263/53/246 355/170/330 356/236/356
f 354/168/327 307/169/282 348/158/320
f 260/51/242 371/197/357 356/236/356
f 351/234/326 388/232/386 386/229/384
f 341/149/313 384/225/381 387/230/385
f 383/226/382 342/209/370 377/223/388
f 348/158/320 216/150/314 343/233/316
f 370/196/355 315/113/291 226/160/318
f 377/223/388 198/3/321 349/162/322
f 389/239/195 390/385/321 391/240/196
f 394/242/198 395/315/269 396/243/199
f 398/245/201 399/340/289 400/246/202
f 402/248/204 403/412/342 404/249/205
f 405/251/207 406/337/287 407/252/208
f 409/254/210 410/376/314 411/255/211
f 413/256/212 414/356/299 415/257/213
f 416/259/215 417/358/301 418/260/216
f 419/262/217 420/153/318 421/24/218
f 422/263/219 423/346/284 424/264/220
f 425/266/221 426/414/344 427/267/222
f 389/239/195 429/415/396 430/269/224
f 433/271/226 434/347/281 435/272/227
f 437/274/229 438/433/362 439/275/230
f 440/277/390 441/430/359 442/278/233
f 444/280/235 445/431/360 446/281/236
f 449/283/238 450/418/348 451/284/239
f 452/286/241 453/429/358 454/287/242
f 444/280/235 436/276/231 439/275/230
f 457/290/245 458/449/380 459/291/246
f 452/58/241 462/60/379 463/295/249
f 465/296/251 466/390/324 467/297/252
f 469/298/253 416/259/215 400/299/202
f 471/301/255 472/351/294 396/302/199
f 473/304/257 474/442/371 475/305/258
f 477/306/259 478/434/363 479/307/260
f 481/309/262 482/440/369 483/310/263
f 486/313/267 487/438/367 488/314/268
f 395/315/269 469/298/253 489/316/270
f 491/318/271 489/439/270 468/319/254
f 493/321/273 494/3530/279 484/322/265
f 496/324/275 497/370/308 498/325/276
f 501/330/280 435/3531/227 434/331/281
f 503/333/283 424/3532/220 423/334/284
f 397/247/203 418/3533/216 504/336/286
f 406/337/287 405/251/207 421/338/218
f 399/340/289 506/420/350 507/341/290
f 508/342/291 509/395/329 430/343/224
f 422/263/219 510/352/295 511/345/292
f 402/248/204 512/421/351 434/347/281
f 513/348/293 514/422/352 427/349/222
f 472/351/294 515/423/353 510/352/295
f 491/318/271 516/424/354 517/353/296
f 492/323/274 474/442/371 518/354/297
f 519/355/298 520/401/334 414/356/299
f 416/259/215 521/403/335 522/357/300
f 524/359/302 525/435/398 425/266/221
f 513/348/293 504/350/286 418/361/216
f 511/363/292 415/257/213 414/356/299
f 523/360/303 425/266/221 428/268/223
f 394/242/198 393/244/200 424/366/220
f 413/256/212 482/440/369 528/368/306
f 529/369/307 530/406/337 481/309/262
f 503/333/283 502/335/285 531/371/309
f 527/365/305 514/422/352 533/373/311
f 391/240/196 535/441/370 536/375/313
f 410/376/314 409/254/210 537/377/315
f 539/152/317 540/154/387 420/153/318
f 542/382/320 512/425/351 411/255/211
f 508/342/291 505/344/288 421/383/218
f 390/385/321 389/239/195 431/270/225
f 541/379/319 432/381/228 435/387/227
f 544/389/323 537/377/315 409/254/210
f 466/390/324 487/438/367 545/391/325
f 501/330/280 500/332/282 547/393/327
f 509/395/329 549/427/356 550/396/330
f 552/397/331 524/359/302 523/360/303
f 553/399/333 513/348/293 417/362/301
f 520/401/334 554/419/349 526/364/304
f 551/398/395 523/360/303 527/365/305
f 394/242/198 503/367/283 532/402/310
f 519/355/298 555/443/372 451/284/239
f 556/405/336 555/443/372 519/355/298
f 530/406/337 529/369/307 557/407/338
f 532/372/310 531/371/309 559/409/340
f 534/374/312 533/373/311 560/411/341
f 403/412/342 478/434/363 477/306/259
f 426/414/344 398/245/201 504/336/286
f 429/415/396 406/337/287 505/339/288
f 562/416/346 547/393/327 563/417/347
f 450/418/348 559/409/340 531/371/309
f 475/305/258 407/252/208 406/337/287
f 506/420/350 525/435/398 495/326/277
f 509/395/329 543/386/394 431/270/225
f 510/352/295 412/258/214 415/257/213
f 512/421/351 402/248/204 401/250/389
f 514/422/352 527/365/305 428/268/223
f 483/310/263 412/258/214 510/352/295
f 516/424/354 498/325/276 480/311/392
f 561/413/343 518/354/297 488/314/268
f 526/364/304 502/335/285 423/334/284
f 514/422/352 513/348/293 553/399/333
f 512/425/351 542/382/320 500/332/282
f 509/395/329 508/342/291 564/426/397
f 565/428/357 454/287/242 453/429/358
f 531/371/309 502/335/285 526/364/304
f 560/411/341 442/278/233 441/430/359
f 490/320/272 468/319/254 400/246/202
f 403/412/342 561/413/343 465/296/251
f 566/432/361 567/447/376 438/433/362
f 401/250/389 404/249/205 467/297/252
f 478/434/363 433/271/226 432/273/228
f 398/245/201 426/414/344 506/420/350
f 496/324/275 495/326/277 525/435/398
f 568/436/365 521/403/335 416/259/215
f 499/328/278 476/327/261 479/380/260
f 466/390/324 546/392/326 544/389/323
f 569/437/366 496/324/275 524/359/302
f 402/248/204 433/271/226 478/434/363
f 426/414/344 425/266/221 525/435/398
f 465/296/251 488/314/268 487/438/367
f 471/301/255 470/303/256 489/439/270
f 476/308/261 494/3530/279 493/321/273
f 480/311/392 498/325/276 497/370/308
f 485/81/266 484/312/265 494/329/279
f 490/320/272 507/341/290 516/424/354
f 561/413/343 477/306/259 493/321/273
f 469/298/253 395/315/269 570/205/368
f 496/324/275 569/437/366 529/369/307
f 486/313/267 536/375/313 545/391/325
f 569/437/366 567/447/376 557/407/338
f 507/341/290 495/326/277 498/325/276
f 518/354/297 474/442/371 473/304/257
f 473/304/257 392/241/197 391/240/196
f 492/323/274 484/322/265 408/253/209
f 472/351/294 422/263/219 393/265/200
f 429/415/396 389/239/195 392/241/197
f 482/440/369 413/256/212 412/258/214
f 419/262/217 405/26/207 408/80/209
f 471/301/255 517/353/296 515/423/353
f 395/315/269 394/242/198 463/295/249
f 482/440/369 481/309/262 530/406/337
f 390/385/321 571/459/388 535/441/370
f 558/408/339 556/405/336 528/368/306
f 474/442/371 492/323/274 407/252/208
f 480/311/392 483/310/263 515/423/353
f 551/398/395 439/275/230 438/433/362
f 442/278/233 553/399/333 522/400/300
f 520/401/334 451/284/239 450/418/348
f 551/398/395 534/374/312 456/289/244
f 555/443/372 457/290/245 448/285/240
f 521/403/335 460/293/247 440/292/390
f 572/444/373 457/290/245 555/443/372
f 574/445/374 558/408/339 557/407/338
f 453/429/358 452/286/241 464/410/391
f 445/431/360 444/280/235 456/289/244
f 449/283/238 453/429/358 559/409/340
f 533/373/311 553/399/333 442/278/233
f 552/397/331 438/433/362 567/447/376
f 575/448/377 460/293/247 521/403/335
f 576/218/378 575/448/377 568/436/365
f 573/446/375 557/407/338 567/447/376
f 462/60/379 576/218/378 570/205/368
f 574/445/374 572/444/373 556/405/336
f 563/417/347 538/378/393 447/282/237
f 564/426/397 540/460/387 455/288/243
f 458/449/380 571/459/388 550/396/330
f 548/450/328 461/294/248 460/293/247
f 572/444/373 574/445/374 578/451/381
f 444/280/235 447/282/237 579/453/383
f 580/455/384 437/274/229 436/276/231
f 581/456/385 573/446/375 566/432/361
f 441/430/359 440/277/390 461/458/248
f 449/283/238 448/285/240 459/291/246
f 441/430/359 562/416/346 446/281/236
f 541/379/319 460/293/247 575/448/377
f 582/457/386 566/432/361 437/274/229
f 578/451/381 574/445/374 573/446/375
f 457/290/245 572/444/373 577/452/382
f 535/441/370 577/452/382 578/451/381
f 579/453/383 447/282/237 538/378/393
f 539/152/317 462/60/379 455/454/243
f 544/389/323 580/455/384 579/453/383
f 576/218/378 462/60/379 539/152/317
f 581/456/385 582/457/386 546/392/326
f 575/448/377 576/218/378 485/81/266
f 461/458/248 548/394/328 547/393/327
f 459/291/246 550/396/330 549/427/356
f 547/393/327 500/332/282 542/382/320
f 454/287/242 565/428/357 549/427/356
f 546/392/326 582/457/386 580/455/384
f 536/375/313 578/451/381 581/456/385
f 577/452/382 535/441/370 571/459/388
f 542/382/320 410/376/314 538/378/393
f 564/426/397 508/342/291 420/384/318
f 571/459/388 390/385/321 543/386/394
f 629/461/399 630/3534/4578 789/462/400
f 652/464/402 599/497/434 583/465/403
f 636/467/405 635/673/603 815/468/406
f 641/470/408 640/3535/4579 790/471/409
f 654/473/411 643/861/793 809/474/412
f 769/476/414 733/512/449 734/477/415
f 747/479/417 732/511/448 770/480/418
f 651/482/420 633/3536/420 634/483/421
f 663/485/422 661/513/450 667/486/423
f 664/488/425 665/682/611 711/489/426
f 659/491/428 712/683/612 656/492/429
f 617/496/433 797/3537/4580 632/494/431
f 632/494/431 789/566/503 616/495/432
f 599/497/434 622/615/549 623/498/435
f 741/502/439 752/781/713 650/503/440
f 669/508/445 855/907/835 730/509/446
f 641/470/408 642/472/410 669/507/444
f 769/476/414 770/480/418 732/511/448
f 664/488/425 660/490/427 661/513/450
f 790/499/436 618/501/438 619/514/451
f 729/516/453 826/548/486 827/517/454
f 853/519/456 854/898/826 668/520/457
f 850/522/459 851/899/827 603/523/460
f 852/527/465 853/519/456 585/521/458
f 831/529/467 834/3538/4581 675/530/468
f 834/532/470 879/879/808 880/533/471
f 674/535/473 631/752/683 602/536/474
f 631/538/476 674/531/469 675/530/468
f 832/540/478 673/493/430 656/492/429
f 602/536/474 808/738/669 620/542/480
f 656/543/481 712/693/622 898/544/482
f 672/551/489 837/887/816 894/552/490
f 829/554/492 830/867/797 681/555/493
f 789/462/400 630/3534/4578 818/557/495
f 830/559/497 875/868/798 876/560/498
f 824/562/500 825/869/500 679/563/501
f 819/565/502 820/741/672 616/495/432
f 688/569/506 689/666/596 601/570/507
f 689/572/509 688/580/517 690/573/510
f 678/576/513 891/668/598 890/577/514
f 696/579/516 690/573/510 688/580/517
f 793/582/519 792/657/589 682/583/520
f 872/585/522 873/917/846 690/586/523
f 685/588/525 694/607/525 686/589/526
f 793/591/527 628/609/543 614/592/528
f 688/569/506 589/571/508 591/597/533
f 684/578/515 890/577/514 889/599/535
f 707/601/537 696/579/516 695/581/518
f 794/603/538 793/582/519 683/584/521
f 696/587/524 707/636/569 871/605/540
f 685/588/525 693/638/541 703/606/541
f 794/608/542 627/639/571 628/609/543
f 596/611/545 593/616/550 704/612/546
f 704/614/548 706/3539/548 707/601/537
f 596/611/545 621/575/512 622/615/549
f 634/483/421 706/3539/548 704/614/548
f 699/620/554 697/635/539 698/621/555
f 706/623/557 634/648/580 869/624/558
f 883/626/560 702/928/857 700/627/561
f 795/629/563 625/653/585 626/630/564
f 794/603/538 692/604/539 697/635/539
f 706/623/557 870/625/559 871/605/540
f 884/637/570 885/924/853 703/606/541
f 699/631/565 626/630/564 627/639/571
f 703/610/544 885/925/854 721/634/568
f 695/598/534 591/597/533 596/611/545
f 685/600/536 889/599/535 888/640/572
f 704/612/546 593/616/550 599/497/434
f 796/645/577 795/622/556 698/621/555
f 633/647/579 868/915/844 869/624/558
f 709/649/581 657/3540/581 658/650/582
f 796/652/584 624/749/680 625/653/585
f 658/654/586 657/3541/1078 723/655/587
f 677/656/588 682/583/520 792/657/589
f 690/586/523 873/917/846 874/659/590
f 684/590/526 686/589/526 687/661/592
f 792/593/529 614/592/528 615/663/593
f 689/666/596 829/870/799 828/537/475
f 601/570/507 828/537/475 620/542/480
f 824/667/597 892/871/800 891/668/598
f 649/669/599 648/767/699 753/670/600
f 653/672/602 637/3542/4582 635/673/603
f 790/471/409 640/3535/4579 802/674/604
f 802/674/604 713/690/619 639/675/605
f 710/676/606 813/1176/607 812/677/607
f 767/679/608 801/820/751 817/680/609
f 659/491/428 711/489/426 665/682/611
f 639/500/437 797/3537/4580 617/496/433
f 664/686/615 900/702/633 899/687/616
f 638/689/618 797/760/692 639/675/605
f 766/691/620 767/679/608 735/681/610
f 712/693/622 665/688/617 899/687/616
f 701/642/574 903/644/576 904/694/623
f 662/698/627 901/723/654 728/699/628
f 730/509/464 901/900/828 662/487/630
f 667/701/632 661/697/626 729/516/453
f 663/700/629 728/699/628 900/702/633
f 611/703/634 612/717/648 714/704/635
f 604/706/637 716/710/641 715/707/638
f 605/709/640 717/714/645 716/710/641
f 607/711/642 720/716/647 719/712/643
f 606/713/644 719/712/643 717/714/645
f 607/711/642 608/973/899 722/715/646
f 610/719/650 611/703/634 726/705/636
f 610/719/650 724/721/652 728/699/628
f 595/724/655 827/517/454 826/548/486
f 613/708/639 848/901/829 847/725/656
f 604/706/637 847/725/656 846/726/657
f 606/713/644 845/729/660 844/727/658
f 598/728/659 595/724/655 718/596/532
f 605/709/640 846/726/657 845/729/660
f 843/730/661 608/973/899 607/711/642
f 586/731/662 598/728/659 721/634/568
f 850/522/459 849/874/803 822/732/663
f 852/527/465 851/899/827 611/703/634
f 859/733/664 858/751/682 617/496/433
f 932/734/665 931/968/894 623/498/435
f 619/514/451 856/906/834 855/735/666
f 857/737/668 856/906/834 619/514/451
f 808/738/669 935/769/701 934/739/670
f 615/663/593 861/750/681 860/740/671
f 628/609/543 863/743/674 862/742/673
f 627/639/571 864/747/678 863/743/674
f 933/744/675 932/734/665 622/615/549
f 865/745/676 626/630/564 625/653/585
f 626/630/564 865/745/676 864/747/678
f 867/748/679 866/746/677 625/653/585
f 614/592/528 862/742/673 861/750/681
f 858/751/682 857/737/668 618/501/438
f 736/692/621 814/852/782 787/754/685
f 740/756/687 669/508/445 666/510/447
f 739/758/689 631/538/476 676/539/477
f 638/689/618 629/461/4583 632/463/691
f 629/761/693 881/920/849 880/533/471
f 673/546/484 826/548/486 729/516/453
f 785/763/695 811/775/707 734/477/415
f 760/764/696 782/806/738 783/765/697
f 741/502/439 731/504/441 742/766/698
f 784/771/703 785/763/695 733/512/449
f 779/772/704 780/786/718 751/773/705
f 811/775/707 806/850/780 817/680/609
f 786/776/708 814/852/782 736/692/621
f 636/777/709 602/536/474 739/753/684
f 788/755/686 765/817/749 766/691/620
f 739/758/689 738/759/690 637/779/711
f 752/781/713 744/799/731 743/782/714
f 778/783/715 779/772/704 754/774/706
f 781/785/717 757/802/734 751/773/705
f 771/481/419 772/807/739 760/764/696
f 749/505/442 669/507/444 762/787/719
f 764/789/721 914/941/868 807/790/722
f 784/771/703 732/511/448 747/479/417
f 915/792/724 761/3543/4584 758/793/725
f 775/795/727 754/774/706 751/773/705
f 745/797/729 750/805/737 649/669/599
f 746/798/730 755/801/733 743/782/714
f 776/800/732 777/784/716 754/774/706
f 746/798/730 670/794/726 758/793/725
f 774/796/728 751/773/705 757/802/734
f 756/804/736 759/808/740 750/805/737
f 782/806/738 760/764/696 757/802/734
f 773/803/735 757/802/734 760/764/696
f 647/788/720 762/787/719 759/808/740
f 638/816/748 766/691/620 765/817/749
f 713/819/750 767/679/608 766/691/620
f 713/819/750 802/847/777 801/820/751
f 641/821/752 769/476/414 768/478/416
f 646/823/754 770/480/418 769/476/414
f 749/824/755 771/481/419 770/480/418
f 749/824/755 647/825/756 772/807/739
f 647/825/756 756/827/758 773/803/735
f 745/826/757 774/796/728 773/803/735
f 671/828/759 775/795/727 774/796/728
f 753/829/760 742/831/762 776/800/732
f 731/830/761 777/784/716 776/800/732
f 650/832/763 778/783/715 777/784/716
f 743/833/764 755/834/765 779/772/704
f 758/835/766 781/785/717 780/786/718
f 761/836/767 782/806/738 781/785/717
f 748/837/768 783/765/697 782/806/738
f 807/838/769 784/771/703 783/765/697
f 809/839/770 811/775/707 785/763/695
f 805/841/772 806/850/780 811/775/707
f 737/843/774 788/755/686 787/754/685
f 737/843/774 629/818/693 765/817/749
f 802/847/777 640/822/753 768/478/416
f 710/851/781 815/853/783 814/852/782
f 644/840/771 785/763/695 784/771/703
f 808/738/669 602/536/474 812/811/743
f 813/849/779 710/851/781 786/776/708
f 787/754/685 814/852/782 815/853/783
f 806/850/780 786/776/708 735/681/610
f 768/478/416 734/477/415 817/680/609
f 929/854/784 928/966/892 918/855/785
f 810/475/413 809/474/412 644/858/790
f 804/860/792 805/863/792 643/861/793
f 799/862/794 800/864/794 805/863/792
f 812/677/607 813/1176/607 800/864/794
f 816/469/407 815/468/406 710/676/606
f 740/756/787 763/857/789 645/865/795
f 689/572/509 691/574/511 830/867/797
f 791/658/496 819/558/496 818/557/495
f 691/660/591 874/659/590 875/868/798
f 678/662/592 687/661/592 825/869/500
f 791/664/594 615/663/593 820/741/672
f 825/568/505 687/665/595 718/596/532
f 672/551/489 893/553/491 892/871/800
f 613/708/639 715/707/638 823/872/801
f 600/873/802 848/901/829 849/874/803
f 859/733/664 860/740/671 821/875/804
f 933/744/675 934/739/670 827/517/454
f 839/876/805 834/3538/4581 831/529/467
f 839/878/807 878/895/824 879/879/808
f 841/880/809 832/540/478 833/541/479
f 833/884/813 656/543/481 897/545/483
f 837/887/816 840/897/825 895/888/817
f 681/555/493 838/894/823 835/889/818
f 838/890/819 681/561/499 876/560/498
f 679/563/501 836/896/821 837/892/821
f 842/877/806 835/889/818 838/894/823
f 839/878/807 838/890/819 877/891/820
f 836/896/821 841/880/809 840/881/810
f 840/897/825 833/884/813 896/885/814
f 609/722/653 901/723/654 854/898/826
f 612/717/648 611/703/634 851/899/827
f 610/719/650 609/722/653 853/519/456
f 848/901/829 600/873/802 588/902/830
f 847/725/656 588/902/830 590/903/831
f 592/904/832 844/727/658 845/729/660
f 594/905/833 845/729/660 846/726/657
f 592/904/832 597/908/837 843/730/661
f 587/524/461 821/875/804 849/874/803
f 584/528/466 603/523/460 851/899/827
f 822/732/663 849/874/803 848/901/829
f 587/524/461 603/523/460 858/751/682
f 585/521/458 668/520/457 855/735/666
f 584/528/466 585/521/458 856/906/834
f 861/750/681 600/873/802 821/875/804
f 863/743/674 590/903/831 588/902/830
f 864/747/678 594/905/833 590/903/831
f 597/908/837 592/904/832 865/745/676
f 594/905/833 864/747/678 865/745/676
f 1253/909/838 597/908/837 866/746/677
f 862/742/673 588/902/830 600/873/802
f 603/523/460 584/528/466 857/737/668
f 859/733/664 616/495/432 820/741/672
f 875/868/798 818/921/850 630/762/694
f 682/910/839 873/917/846 872/585/522
f 692/912/841 683/911/840 872/585/522
f 698/913/842 697/914/843 870/625/559
f 697/914/843 692/912/841 871/605/540
f 698/913/842 869/624/558 868/915/844
f 873/917/846 682/910/839 677/918/847
f 676/919/848 675/534/472 880/533/471
f 874/659/590 677/918/847 818/921/850
f 700/617/551 902/619/553 903/644/576
f 658/650/582 883/626/560 882/628/562
f 884/637/570 886/927/856 887/923/852
f 884/922/851 888/640/572 902/619/553
f 886/927/856 700/627/561 702/928/857
f 726/705/636 714/704/635 897/545/483
f 913/718/649 893/553/491 894/552/490
f 891/668/598 715/707/638 716/710/641
f 890/577/514 716/710/641 717/714/645
f 889/599/535 717/714/645 719/712/643
f 892/871/800 823/872/801 715/707/638
f 900/702/633 724/721/652 725/720/651
f 725/720/651 726/705/636 898/544/482
f 888/640/572 719/712/643 720/716/647
f 720/716/647 722/715/646 903/644/576
f 722/715/646 727/972/898 904/694/623
f 737/843/774 635/844/775 906/929/858
f 637/932/861 907/934/863 906/929/858
f 738/933/862 908/936/865 907/934/863
f 738/933/862 676/938/848 909/935/864
f 881/937/849 910/940/867 909/935/864
f 881/937/849 629/818/693 911/939/866
f 737/843/774 905/931/860 911/939/866
f 908/936/865 909/935/864 910/940/867
f 911/939/866 905/931/860 912/930/859
f 907/934/863 908/936/865 912/930/859
f 823/872/801 892/871/800 893/553/491
f 822/732/663 823/872/801 913/718/649
f 644/858/790 807/790/722 914/941/868
f 748/942/869 761/3543/4584 915/792/724
f 740/756/875 917/947/877 916/946/874
f 764/866/876 918/855/785 917/947/877
f 764/866/876 915/948/878 919/856/786
f 915/948/878 670/950/880 920/949/879
f 670/950/880 746/953/710 921/951/710
f 744/952/710 922/955/710 921/951/710
f 752/954/881 741/958/884 923/956/882
f 648/957/883 924/960/886 923/956/882
f 649/959/885 925/962/888 924/960/886
f 750/961/887 926/964/890 925/962/888
f 750/961/887 759/965/891 927/963/889
f 762/945/872 916/946/874 927/963/889
f 927/963/889 916/946/874 928/966/892
f 920/949/879 930/967/893 929/854/784
f 921/951/710 922/955/710 930/967/893
f 929/854/784 925/962/888 926/964/890
f 924/960/886 925/962/888 929/854/784
f 923/956/882 924/960/886 930/967/893
f 917/947/877 918/855/785 928/966/892
f 598/728/659 586/731/662 931/968/894
f 730/518/455 827/517/454 934/739/670
f 595/724/655 598/728/659 932/734/665
f 933/744/675 621/575/512 620/542/480
f 935/769/701 808/738/669 914/815/747
f 597/908/837 1253/909/838 1274/971/897
f 727/972/898 722/715/646 608/973/899
f 608/973/899 843/730/661 1274/971/897
f 936/975/901 939/1253/4585 938/976/902
f 583/978/403 941/1005/933 940/979/904
f 945/468/905 944/673/1093 943/467/906
f 946/981/908 949/1018/946 948/982/909
f 953/474/911 952/861/1271 951/473/912
f 957/984/914 956/1257/1181 955/985/915
f 960/987/917 959/1280/1204 958/988/918
f 962/990/920 633/3536/420 651/482/420
f 966/992/921 965/1019/947 964/993/922
f 967/995/924 970/3544/4586 969/996/925
f 974/998/927 973/3545/4587 972/999/928
f 939/1003/932 977/1180/1102 976/1001/930
f 976/1001/930 975/1069/997 938/1002/931
f 623/1004/435 978/1121/1046 941/1005/933
f 981/1009/937 984/3546/4588 983/1010/938
f 987/1015/943 990/1250/1173 989/1016/944
f 949/1018/946 946/981/908 986/1014/942
f 955/985/915 956/1257/1181 961/989/919
f 965/1019/947 970/3544/4586 967/995/924
f 991/1020/948 980/1007/935 948/1006/934
f 994/1022/950 993/1052/981 992/1023/951
f 998/1025/953 997/1382/1308 996/1026/954
f 1002/1028/956 1001/1383/1309 1000/1029/957
f 995/1027/955 996/1026/954 1004/1033/962
f 1008/1035/964 1007/1360/1287 1006/1036/965
f 1010/1038/967 1009/1361/1288 1007/1039/968
f 1005/1041/970 1013/1047/976 1012/1042/971
f 1011/1044/973 1014/1252/1175 1008/1035/964
f 1016/1045/974 1015/1364/1291 974/998/927
f 1018/1046/975 1017/1233/1156 1012/1042/971
f 974/1048/977 1020/1368/1295 1019/1049/978
f 1023/1056/985 1026/1407/1330 1025/1057/986
f 1029/1059/988 1028/1348/1276 1027/1060/989
f 1030/1062/991 1031/1350/1278 937/977/903
f 1033/1063/992 1032/1351/1279 1028/1064/993
f 1035/1066/995 1034/1352/995 1023/1067/996
f 975/1069/997 1037/1353/1280 1030/1070/998
f 1038/1073/1001 1041/1079/1007 1040/1074/1002
f 1039/1076/1004 1043/3547/4589 1042/1077/1005
f 1048/1081/1009 1047/1169/1088 1046/1082/1010
f 1050/1084/1012 1049/1105/1032 1038/1078/1006
f 1054/1085/1013 1053/1160/1080 1052/1086/1014
f 1055/1088/1016 1050/1108/1035 1042/1089/1017
f 1059/1091/1019 1058/1111/1020 1057/1092/1020
f 1061/1094/1021 1060/1113/1039 1051/1095/1022
f 1063/1100/1027 1041/1079/1007 1038/1073/1001
f 1064/1102/1029 1048/1081/1009 1045/1083/1011
f 1050/1084/1012 1066/1119/1031 1065/1104/1031
f 1068/1106/1033 1054/1085/1013 1051/1087/1015
f 1050/1108/1035 1055/1088/1016 1069/1109/1036
f 1058/1111/1020 1071/1141/1038 1070/1112/1038
f 1060/1113/1039 1072/1143/1066 1067/1114/1040
f 1074/1116/1042 1065/1145/1068 1073/1117/1043
f 1066/1119/1031 1076/1125/1045 1073/1120/1045
f 978/1121/1046 1044/1080/1008 1074/1116/1042
f 962/990/920 940/991/920 1073/1120/1045
f 1080/1126/1050 1083/3548/4590 1082/1127/1051
f 1076/1129/1053 1085/1394/1319 1084/1130/1054
f 1087/1132/1056 1086/1402/1325 1077/1133/1057
f 1090/1135/1059 1089/1155/1076 1080/1136/1060
f 1068/1106/1033 1067/1107/1034 1081/1128/1052
f 1069/1109/1036 1085/1394/1319 1076/1129/1053
f 1071/1141/1038 1093/3549/4591 1092/1142/1065
f 1072/1143/1066 1090/1135/1059 1081/1137/1061
f 1071/1115/1041 1062/1098/1025 1091/1139/1063
f 1074/1116/1042 1063/1100/1027 1049/1101/1028
f 1094/1146/1069 1064/1102/1029 1057/1103/1030
f 941/1005/933 1075/1118/1044 1073/1117/1043
f 708/646/578 1083/3548/4590 1080/1126/1050
f 1084/1130/1054 868/1397/844 633/1151/579
f 1097/1152/1074 657/3550/581 709/1153/581
f 1089/1155/1076 624/749/680 796/652/584
f 1097/1156/1077 1091/1139/1063 723/1157/587
f 1099/1159/1079 1098/1349/1277 1052/1086/1014
f 1100/1161/1081 1056/1090/1018 1042/1089/1017
f 1101/1163/1083 1059/1091/1019 1045/1093/1019
f 1102/1165/1084 1061/1094/1021 1052/1096/1023
f 1039/1075/1003 1040/1074/1002 1013/1047/976
f 1040/1074/1002 1044/1080/1008 1018/1046/975
f 1047/1169/1088 1103/1354/1281 1034/1170/1089
f 1106/1171/1090 1105/1290/1217 1104/1172/1091
f 944/673/1093 1109/3542/4592 1108/672/1094
f 1110/1175/1096 947/983/910 948/982/909
f 948/982/909 979/1186/1108 1111/1174/1095
f 1114/676/1097 1113/678/1097 1112/677/1098
f 1116/1177/1099 1119/1189/1111 1118/1178/1100
f 972/999/928 973/3545/4587 968/997/926
f 979/1008/936 980/1007/935 976/1001/930
f 1121/1183/1105 1120/1196/1120 967/1184/1106
f 979/1186/1108 977/3551/4593 1122/1187/1109
f 1123/1188/1110 1124/1245/1168 1119/1189/1111
f 973/1050/979 1019/1049/978 1121/1183/1105
f 904/694/623 1096/1149/1072 1095/1148/1071
f 1126/1192/1114 1125/1217/1141 963/1193/1115
f 963/994/1117 1125/1384/1310 989/1016/960
f 966/1195/1119 989/1024/952 992/1023/951
f 1120/1196/1120 1126/1192/1114 964/1194/1116
f 1127/1197/1121 1130/1215/1139 1129/1198/1122
f 1134/1200/1124 1133/1203/1127 1132/1201/1125
f 1133/1203/1127 1136/1208/1132 1135/1204/1128
f 1140/1205/1129 1139/1408/1331 1138/1206/1130
f 1136/1208/1132 1140/1205/1129 1137/1207/1131
f 1138/1206/1130 1139/1408/1331 1142/1209/1133
f 1144/1212/1136 1145/1214/1138 1130/1215/1139
f 1144/1212/1136 1147/1216/1140 1126/1192/1114
f 993/1052/981 994/1022/950 1148/1218/1142
f 1131/1202/1126 1132/1201/1125 1150/1219/1143
f 1132/1201/1125 1135/1204/1128 1151/1221/1145
f 1137/1207/1131 1138/1206/1130 1153/1222/1146
f 1062/1098/1025 1148/1218/1142 1154/1224/1148
f 1135/1204/1128 1137/1207/1131 1152/1223/1147
f 1155/1225/1149 1153/1222/1146 1138/1206/1130
f 1091/1139/1063 1154/1224/1148 586/1226/662
f 1157/1227/1150 1156/1356/1283 1000/1029/957
f 1127/1197/1121 1001/1383/1309 1004/1033/962
f 976/1001/930 1159/1243/1166 1158/1228/1151
f 623/1004/435 931/1446/894 1160/1229/1152
f 991/1020/948 987/1248/1171 988/1230/1153
f 991/1020/948 1161/1231/1154 1162/1232/1155
f 1017/1233/1156 1018/1046/975 1164/1234/1157
f 1102/1165/1084 1037/1353/1280 1166/1236/1159
f 1060/1113/1039 1061/1094/1021 1168/1238/1161
f 1072/1143/1066 1060/1113/1039 1167/1239/1162
f 978/1121/1046 1160/1229/1152 1170/1241/1164
f 1172/1242/1165 1171/1390/1317 1089/1155/1076
f 1090/1135/1059 1072/1143/1066 1169/1240/1163
f 1089/1155/1076 1171/1390/1317 867/748/679
f 1061/1094/1021 1102/1165/1084 1165/1237/1160
f 980/1007/935 1162/1232/1155 1159/1243/1166
f 1124/1245/1168 1175/1271/1195 1174/1246/1169
f 1178/1249/1172 1177/1345/4594 990/1250/1173
f 1173/1251/1174 1179/3552/4595 1014/1252/1175
f 1122/1187/1109 977/3551/4593 939/1253/1176
f 1010/1038/967 1180/1400/1323 936/1254/1178
f 992/1023/951 993/1052/981 971/1051/980
f 957/984/914 1182/1268/1192 1181/1256/1180
f 1183/1258/1182 960/987/917 1185/1259/1183
f 1186/1261/1185 984/3546/4588 981/1009/937
f 956/1257/1181 1181/1256/1180 1188/1264/1188
f 1192/1265/1189 1191/1279/1203 1190/1266/1190
f 1118/1178/1100 1193/1337/1260 1182/1268/1192
f 1124/1245/1168 1176/1247/1170 1194/1269/1193
f 943/1270/1194 1108/778/710 1173/1244/1167
f 1175/1271/1195 1124/1245/1168 1123/1188/1110
f 1109/1273/1197 1179/3552/4595 1173/1251/1174
f 982/1011/939 983/1010/938 1197/1275/1199
f 1198/1277/1201 1199/1320/1244 1189/1267/1191
f 1192/1265/1189 1201/1293/1220 1200/1278/1202
f 959/1280/1204 960/987/917 1183/1258/1182
f 1204/1282/1206 987/1013/941 985/1012/940
f 1205/789/1208 1208/791/4596 1207/790/1209
f 960/987/917 961/989/919 1188/1264/1188
f 1212/1284/1211 1211/1422/1343 1210/1285/1212
f 1192/1265/1189 1189/1267/1191 1214/1287/1214
f 1106/1171/1090 1216/1295/1222 1215/1289/1216
f 1197/1275/1199 1218/3553/4597 1217/1291/1218
f 1189/1267/1191 1199/1320/1244 1219/1292/1219
f 1217/1291/1218 1218/3553/4597 1212/1284/1211
f 1201/1293/1220 1192/1265/1189 1213/1288/1215
f 1216/1295/1222 1222/1297/1224 1221/1296/1223
f 1201/1293/1220 1183/1258/1182 1184/1260/1184
f 1183/1258/1182 1201/1293/1220 1220/1294/1221
f 1222/1297/1224 1204/1282/1206 1203/1283/1207
f 1195/1272/1196 1123/1188/1110 1122/1305/1232
f 1123/1188/1110 1116/1177/1099 1111/1307/1233
f 1111/1307/1233 1116/1177/1099 1117/1179/1101
f 954/986/916 955/985/915 946/1309/1234
f 955/985/915 958/988/918 986/1311/1235
f 958/988/918 959/1280/1204 985/1312/1236
f 985/1312/1236 959/1280/1204 1202/1281/1205
f 1203/1313/1237 1202/1281/1205 1220/1294/1221
f 1220/1294/1221 1213/1288/1215 1215/1315/1239
f 1213/1288/1215 1214/1287/1214 1105/1316/1240
f 1104/1317/1241 1214/1287/1214 1219/1292/1219
f 1219/1292/1219 1199/1320/1244 984/1319/1243
f 1199/1320/1244 1198/1277/1201 983/1321/1245
f 1197/1322/1246 1198/1277/1201 1190/1266/1190
f 1191/1279/1203 1200/1278/1202 1212/1324/1248
f 1200/1278/1202 1184/1260/1184 1211/1325/1249
f 1184/1260/1184 1185/1259/1183 1208/1326/1250
f 1185/1259/1183 1188/1264/1188 1207/1327/1251
f 1181/1256/1180 1182/1268/1192 953/1328/1252
f 1182/1268/1192 1193/1337/1260 1225/1330/1254
f 1174/1246/1169 1175/1271/1195 1226/1332/1256
f 1226/1332/1256 1175/1271/1195 1195/1272/1196
f 1110/1308/777 1117/1179/1101 954/986/916
f 1114/1339/1262 1194/1269/1193 1176/1247/1170
f 1188/1264/1188 1181/1256/1180 1224/1329/1253
f 1017/1233/1156 1227/1334/1228 1112/1300/1227
f 1115/1338/1261 1193/1337/1260 1194/1269/1193
f 1174/1246/1169 944/1333/1257 945/1340/1263
f 1193/1337/1260 1118/1178/1100 1119/1189/1111
f 1118/1178/1100 957/984/914 954/986/916
f 1233/1341/1264 1232/1443/1364 1231/1342/1265
f 1224/858/1269 953/474/911 950/475/913
f 952/861/1271 1225/863/1272 1228/860/1272
f 1225/863/1272 1229/864/1273 1227/862/1273
f 1229/864/1273 1115/1176/1098 1112/677/1098
f 1114/676/1097 945/468/905 942/469/907
f 1234/1346/1274 1187/1344/1267 1178/1249/1266
f 1028/1348/1276 1043/3547/4589 1039/1076/1004
f 1098/1349/1277 1099/1159/1079 1031/1350/1278
f 1032/1351/1279 1100/1161/1081 1043/1162/1082
f 1035/1066/995 1101/1163/1083 1046/1164/1083
f 1037/1353/1280 1102/1165/1084 1098/1166/1085
f 1035/1072/1000 993/1052/981 1062/1098/1025
f 1103/1354/1281 1026/1407/1330 1023/1056/985
f 1235/1355/1282 1134/1200/1124 1131/1202/1126
f 1156/1356/1283 1149/1220/1144 1237/1357/1284
f 1158/1228/1151 999/1030/958 1236/1358/1285
f 1170/1241/1164 1148/1218/1142 994/1022/950
f 1239/1359/1286 1238/1378/1304 1006/1036/965
f 1009/1361/1288 1240/1401/1324 1239/1362/1289
f 1242/1363/1290 1241/1380/1306 1015/1364/1291
f 1015/1367/1294 1243/1381/1307 1020/1368/1295
f 1024/1058/987 1025/1057/986 1244/1370/1297
f 1029/1059/988 1021/1061/990 1022/1372/1299
f 1245/1374/1301 1246/1379/1305 1033/1063/992
f 1247/1375/1302 1036/1068/996 1023/1067/996
f 1238/1378/1304 1239/1359/1286 1245/1373/1300
f 1239/1362/1289 1240/1401/1324 1246/1379/1305
f 1242/1363/1290 1247/1375/1302 1024/1376/1302
f 1241/1371/1298 1244/1370/1297 1243/1381/1307
f 997/1382/1308 1125/1217/1141 1147/1216/1140
f 1001/1383/1309 1127/1197/1121 1128/1199/1123
f 996/1026/954 1147/1216/1140 1144/1212/1136
f 1149/1220/1144 1150/1219/1143 1248/1385/1311
f 1150/1219/1143 1151/1221/1145 1249/1386/1312
f 1251/1387/1313 1250/1388/1314 1152/1223/1147
f 1250/1388/1314 1249/1386/1312 1151/1221/1145
f 1155/1225/1149 1252/1389/1316 1251/1387/1313
f 1156/1356/1283 1236/1358/1285 999/1030/958
f 1001/1383/1309 1002/1028/956 1003/1034/963
f 1157/1227/1150 1131/1202/1126 1149/1220/1144
f 1159/1243/1166 1002/1028/956 999/1030/958
f 988/1230/1153 998/1025/953 995/1027/955
f 1161/1231/1154 995/1027/955 1003/1034/963
f 1165/1237/1160 1166/1236/1159 1236/1358/1285
f 1167/1239/1162 1168/1238/1161 1248/1385/1311
f 1169/1240/1163 1167/1239/1162 1249/1386/1312
f 1172/1242/1165 1251/1387/1313 1252/1389/1316
f 1250/1388/1314 1251/1387/1313 1172/1242/1165
f 1171/1390/1317 1252/1389/1316 1253/909/838
f 1168/1238/1161 1165/1237/1160 1237/1357/1284
f 1162/1232/1155 1003/1034/963 1002/1028/956
f 1158/1228/1151 1166/1236/1159 1037/1353/1280
f 1032/1351/1279 1033/1063/992 937/1255/1179
f 1053/1392/847 1054/3554/840 1055/1088/1016
f 1055/1088/1016 1054/3554/840 1068/1393/1318
f 1085/1394/1319 1082/1396/1321 1083/1395/1320
f 1069/1109/1036 1068/1393/1318 1082/1396/1321
f 1083/1395/1320 708/3555/845 868/1397/844
f 1056/1090/1018 1100/1161/1081 1099/1398/839
f 1010/1038/967 1008/1040/969 1014/1399/1322
f 1100/1161/1081 1032/1351/1279 1031/1391/850
f 1096/1149/1072 1079/1123/1048 1077/1122/1047
f 1097/1152/1074 1095/1154/1075 1086/1402/1325
f 1092/1142/1065 1093/3549/4591 1254/1404/1327
f 1079/1123/1048 1094/1146/1069 1092/1403/1326
f 1078/1405/1328 1254/1404/1327 1088/1134/1058
f 1020/1368/1295 1129/1198/1122 1130/1215/1139
f 1143/1211/1135 1129/1198/1122 1025/1057/986
f 1047/1169/1088 1048/1081/1009 1133/1203/1127
f 1048/1081/1009 1064/1102/1029 1136/1208/1132
f 1064/1102/1029 1094/1146/1069 1140/1205/1129
f 1103/1354/1281 1047/1169/1088 1134/1200/1124
f 1120/1196/1120 1121/1183/1105 1145/1214/1138
f 1019/1049/978 1130/1215/1139 1145/1214/1138
f 1094/1146/1069 1079/1123/1048 1139/1408/1331
f 1096/1149/1072 1142/1209/1133 1139/1408/1331
f 904/694/623 727/972/898 1142/1209/1133
f 1226/1332/1256 1257/1410/1333 1255/1409/1332
f 1255/1409/1332 1258/1413/1336 1109/1412/1335
f 1258/1413/1336 1259/1419/1340 1179/1414/1337
f 1179/1414/1337 1259/1419/1340 1260/1415/1338
f 1260/1415/1338 1261/1420/1341 1180/1417/1323
f 1180/1417/1323 1261/1420/1341 1262/1418/1339
f 1262/1418/1339 1257/1410/1333 1226/1332/1256
f 1259/1419/1340 1256/1411/1334 1261/1420/1341
f 1256/1411/1334 1257/1410/1333 1262/1418/1339
f 1256/1411/1334 1259/1419/1340 1258/1413/1336
f 1026/1407/1330 1103/1354/1281 1235/1355/1282
f 1143/1211/1135 1235/1355/1282 1157/1227/1150
f 1224/858/1269 1223/859/1270 1206/941/1210
f 1208/1421/1342 1205/3556/4598 1210/1285/1212
f 1263/1424/1346 1264/1425/1349 1178/1249/1348
f 1264/1425/1349 1233/1341/1264 1205/1347/1350
f 1205/1347/1350 1233/1341/1264 1230/1343/786
f 1210/1426/1351 1230/1343/786 1265/1427/1352
f 1209/1428/1353 1265/1427/1352 1266/1429/710
f 1266/1429/710 1267/1432/710 1196/1431/710
f 982/1433/1354 1267/1432/710 1268/1434/1355
f 1268/1434/1355 1269/1437/1358 1107/1436/1357
f 1269/1437/1358 1270/1439/1360 1106/1438/1359
f 1270/1439/1360 1271/1444/1365 1216/1440/1361
f 1216/1440/1361 1271/1444/1365 1272/1441/1362
f 1272/1441/1362 1263/1424/1346 1204/1423/1345
f 1232/1443/1364 1263/1424/1346 1272/1441/1362
f 1231/1342/1265 1273/1445/1366 1265/1427/1352
f 1273/1445/1366 1267/1432/710 1266/1429/710
f 1231/1342/1265 1232/1443/1364 1271/1444/1365
f 1231/1342/1265 1270/1439/1360 1269/1437/1358
f 1273/1445/1366 1269/1437/1358 1268/1434/1355
f 1232/1443/1364 1233/1341/1264 1264/1425/1349
f 931/1446/894 586/1226/662 1154/1224/1148
f 1164/1234/1157 994/1022/950 989/1024/952
f 1160/1229/1152 1154/1224/1148 1148/1218/1142
f 1170/1241/1164 1164/1234/1157 1018/1046/975
f 1163/1235/1158 1234/1448/1368 1206/1304/1231
f 1252/1389/1316 1155/1225/1149 1274/971/897
f 1141/1210/1134 1142/1209/1133 727/972/898
f 1274/971/897 1155/1225/1149 1141/1210/1134
f 1564/1449/1369 1277/1479/1401 1278/1450/1370
f 1671/1452/1372 1692/1866/1806 1567/1453/1373
f 1325/1455/1375 1636/1492/1416 1635/1456/1376
f 1288/1458/1378 1600/1894/1834 1550/1459/1379
f 1285/1461/1381 1290/1504/1428 1548/1462/1382
f 1330/1464/1384 1657/1507/1431 1658/1465/1385
f 1298/1467/1387 1551/1478/1400 1552/1468/1388
f 1295/1470/1390 1597/1516/1440 1441/1460/1380
f 1297/1472/1392 1279/1481/1403 1542/1473/1393
f 1552/1468/1395 1813/1922/1862 1695/1475/1396
f 1543/1474/1394 1544/1841/1778 1280/1476/1398
f 1587/1477/1399 1440/1471/1391 1551/1478/1400
f 1277/1479/1401 1301/1484/4599 1302/1480/1402
f 1279/1481/1403 1303/1520/1444 1300/1482/1404
f 1564/1449/1406 1493/1681/1614 1301/1484/1407
f 1671/1452/1372 1672/1917/1857 1306/1485/1409
f 1678/1487/1411 1304/3557/4600 1280/1476/1398
f 1610/1489/1413 1611/1899/1839 1311/1490/1414
f 1636/1492/1416 1637/1906/1846 1309/1493/1417
f 1608/1494/1418 1607/1895/1835 1313/1495/1419
f 1284/1497/1421 1600/1894/1834 1601/1498/1422
f 1291/1500/1424 1315/3558/4601 1310/1501/1425
f 1285/1461/1381 1309/1493/1417 1314/1503/1427
f 1531/1505/1429 1315/3558/4601 1291/1500/1424
f 1657/1507/1431 1656/1912/1852 1307/1508/1432
f 1322/1510/1434 1298/1467/1387 1292/1469/1389
f 1293/1512/1436 1299/1530/1454 1323/1513/1437
f 1596/1515/1439 1312/1896/1836 1288/1458/1378
f 1589/1517/1441 1590/1884/1824 1318/1518/1442
f 1297/1472/1392 1321/1528/1452 1303/1520/1444
f 1278/1450/1370 1302/1480/1402 1320/1521/1445
f 1751/1523/1447 1749/1982/1926 1725/1524/1448
f 1293/1512/1436 1317/1514/1438 1738/1526/1450
f 1280/1476/1398 1304/3557/4600 1321/1528/1452
f 1296/1522/1446 1320/1521/1445 1305/1529/1453
f 1299/1530/1454 1579/1873/1813 1580/1531/1455
f 1587/1477/1399 1586/1874/1814 1319/1532/1456
f 1610/1489/1413 1609/1867/1807 1573/1533/1457
f 1324/1534/1458 1644/1869/1809 1643/1535/1459
f 1325/1455/1375 1618/1900/1840 1617/1537/1461
f 1530/1506/1430 1570/1826/1763 1569/1539/1463
f 1649/1541/1465 1650/1913/1853 1328/1542/1466
f 1537/1543/1467 1536/1827/1764 1329/1544/1468
f 1323/1545/1469 1732/1998/1943 1737/1546/1470
f 1643/1548/1472 1642/1801/1737 1556/1549/1473
f 1612/1551/1475 1555/1802/1738 1311/1552/1476
f 1313/1554/1478 1607/1897/1837 1606/1555/1479
f 1591/1557/1481 1553/1803/1739 1318/1558/1482
f 1581/1560/1484 1732/1998/1943 1323/1545/1469
f 1315/1562/1486 1558/1566/1490 1557/1563/1487
f 1531/1565/1489 1532/1804/1740 1558/1566/1490
f 1328/1567/1491 1650/1914/1854 1651/1568/1492
f 1306/1570/1494 1672/1918/1858 1673/1571/1495
f 1562/1573/1497 1561/1805/1741 1305/1574/1498
f 1320/1575/1499 1302/1578/1502 1563/1576/1500
f 1301/1577/1501 1493/1806/1742 1563/1576/1500
f 1347/1579/1503 1489/1767/1703 1490/1580/1504
f 1344/1582/1506 1486/1768/1704 1687/1583/1507
f 1501/1585/1509 1648/1794/1730 1627/1586/1510
f 1501/1585/1509 1341/1587/1511 1342/1588/1512
f 1344/1582/1506 1498/1795/1731 1667/1590/1514
f 1336/1592/1516 1506/1797/1733 1507/1593/1517
f 1347/1579/1503 1495/1799/1735 1496/1595/1519
f 1346/1596/1520 1496/1595/1519 1497/1597/1521
f 1409/1600/1526 1623/1663/1594 1624/1601/1527
f 1484/1603/1529 1525/1770/1706 1526/1604/1530
f 1366/1605/1531 1473/1608/1534 1630/1606/1532
f 1473/1608/1534 1366/1605/1531 1367/1609/1535
f 1470/1611/1537 1663/1744/1680 1662/1612/1538
f 1361/1614/1540 1478/1745/1681 1479/1615/1541
f 1372/1617/1543 1467/1747/1683 1468/1618/1544
f 1811/1620/1546 1697/1929/1870 1360/1616/1547
f 1371/1619/1545 1468/1618/1544 1469/1621/1549
f 1453/1623/1551 1452/1627/1644 1373/1624/1552
f 1456/1625/1553 1683/1709/1645 1684/1626/1554
f 1387/1629/1558 1620/1652/1581 1621/1630/1559
f 1458/1632/1561 1521/1710/1646 1522/1633/1562
f 1632/1634/1563 1633/1699/1632 1388/1635/1564
f 1389/1637/1566 1458/1632/1561 1459/1636/1565
f 1391/1638/1567 1456/1625/1553 1661/1639/1568
f 1453/1623/1551 1454/1646/1575 1393/1644/1573
f 1454/1646/1575 1455/1743/1679 1392/1647/1576
f 1391/1638/1567 1446/1701/1634 1681/1650/1579
f 1550/1459/1379 1619/1843/1781 1620/1652/1581
f 1444/1653/1582 1519/1708/1643 1520/1654/1583
f 1416/1655/1584 1467/1747/1683 1466/1656/1585
f 1413/1658/1587 1470/1611/1537 1685/1659/1588
f 1409/1600/1526 1475/1748/1684 1622/1662/1593
f 1523/1664/1595 1524/1769/1705 1411/1665/1596
f 1628/1666/1597 1629/1908/1848 1410/1667/1598
f 1411/1665/1596 1484/1603/1529 1483/1668/1599
f 1413/1658/1587 1486/1768/1704 1665/1669/1600
f 1416/1655/1584 1489/1767/1703 1488/1671/1602
f 1415/1672/1603 1488/1671/1602 1487/1673/1604
f 1430/1675/1606 1495/1799/1735 1494/1676/1607
f 1433/1678/1609 1498/1795/1731 1689/1679/1610
f 1503/1682/1615 1625/1800/1736 1626/1683/1616
f 1527/1685/1618 1528/1810/1747 1435/1686/1619
f 1515/1687/1620 1646/1909/1849 1647/1688/1621
f 1514/1690/1623 1515/1687/1620 1436/1689/1622
f 1669/1691/1624 1668/1796/1732 1433/1678/1609
f 1430/1675/1606 1509/1807/1743 1510/1693/1626
f 1699/1695/1628 1335/1594/1518 1507/1593/1517
f 1431/1694/1627 1510/1693/1626 1511/1697/1630
f 1633/1699/1632 1634/1840/1777 1443/1700/1633
f 1389/1637/1566 1388/1635/1564 1443/1700/1633
f 1446/1701/1634 1391/1638/1567 1660/1640/1569
f 1551/1478/1400 1386/1641/1570 1385/1643/1572
f 1394/1645/1574 1393/1644/1573 1448/1703/1636
f 1393/1644/1573 1392/1647/1576 1447/1704/1637
f 1541/1705/1638 1395/1649/1578 1449/1648/1577
f 1545/1706/1639 1680/1842/1779 1681/1650/1579
f 1548/1462/1382 1547/1844/1782 1519/1708/1643
f 1394/1645/1574 1395/1649/1578 1452/1627/1644
f 1456/1625/1553 1391/1638/1567 1682/1651/1580
f 1395/1649/1640 1540/1707/1642 1451/1628/1557
f 1389/1637/1566 1520/1654/1583 1521/1710/1646
f 1380/1711/1647 1402/1727/1663 1638/1712/1648
f 1381/1714/1650 1403/1850/1790 1616/1715/1651
f 1404/1717/1653 1602/1853/1793 1603/1718/1654
f 1595/1720/1656 1594/1890/1830 1383/1721/1657
f 1384/1723/1659 1406/1855/1795 1585/1724/1660
f 1379/1726/1662 1401/1834/1771 1402/1727/1663
f 1378/1728/1664 1400/1859/1799 1539/1729/1665
f 1399/1731/1667 1655/1861/1801 1654/1732/1668
f 1677/1734/1670 1676/1762/1698 1376/1735/1671
f 1397/1737/1673 1398/1736/1672 1376/1735/1671
f 1396/1739/1675 1397/1737/1673 1375/1738/1674
f 1396/1739/1675 1374/1740/1676 1451/1741/1677
f 1631/1607/1533 1632/1634/1563 1459/1636/1565
f 1458/1632/1561 1367/1609/1535 1366/1605/1531
f 1662/1612/1538 1661/1639/1568 1456/1625/1553
f 1361/1614/1540 1360/1616/1542 1463/1642/1571
f 1372/1617/1543 1371/1619/1545 1454/1646/1575
f 1371/1619/1545 1370/1622/1550 1455/1743/1679
f 1410/1667/1598 1629/1908/1848 1630/1606/1532
f 1410/1667/1598 1473/1608/1534 1472/1610/1536
f 1470/1611/1537 1413/1658/1587 1664/1670/1601
f 1478/1745/1681 1408/1793/1729 1407/1746/1682
f 1467/1747/1683 1416/1655/1584 1415/1672/1603
f 1468/1618/1544 1415/1672/1603 1414/1674/1605
f 1373/1624/1552 1466/1656/1585 1467/1747/1683
f 1684/1626/1554 1685/1659/1588 1470/1611/1537
f 1373/1624/1555 1451/1628/1557 1465/1661/1592
f 1364/1631/1560 1621/1630/1559 1622/1662/1593
f 1522/1633/1562 1523/1664/1595 1472/1610/1536
f 1380/1711/1647 1639/1713/1649 1640/1749/1685
f 1425/1751/1687 1381/1714/1650 1615/1716/1652
f 1603/1718/1654 1604/1776/1712 1426/1753/1689
f 1383/1721/1657 1594/1890/1830 1593/1754/1690
f 1428/1756/1692 1384/1723/1659 1584/1725/1661
f 1379/1726/1662 1380/1711/1647 1424/1750/1686
f 1422/1759/1695 1378/1728/1664 1535/1730/1666
f 1654/1732/1668 1653/1786/1722 1421/1761/1697
f 1676/1762/1698 1675/1919/1859 1420/1763/1699
f 1375/1738/1674 1376/1735/1671 1420/1763/1699
f 1375/1738/1674 1419/1764/1700 1418/1765/1701
f 1374/1740/1676 1418/1765/1701 1465/1766/1702
f 1489/1767/1703 1416/1655/1584 1417/1657/1586
f 1486/1768/1704 1413/1658/1587 1686/1660/1589
f 1417/1657/1590 1465/1661/1592 1491/1599/1525
f 1484/1603/1529 1411/1665/1596 1524/1769/1705
f 1424/1750/1686 1640/1749/1685 1641/1771/1707
f 1356/1773/1709 1425/1751/1687 1614/1752/1688
f 1357/1775/1711 1426/1753/1689 1604/1776/1712
f 1427/1755/1691 1593/1754/1690 1592/1778/1714
f 1359/1780/1716 1428/1756/1692 1583/1757/1693
f 1424/1750/1686 1355/1772/1708 1354/1782/1718
f 1353/1783/1719 1422/1759/1695 1534/1760/1696
f 1352/1785/1721 1421/1761/1697 1653/1786/1722
f 1420/1763/1699 1675/1919/1859 1674/1788/1724
f 1419/1764/1700 1420/1763/1699 1351/1789/1725
f 1419/1764/1700 1350/1790/1726 1349/1791/1727
f 1418/1765/1701 1349/1791/1727 1491/1792/1728
f 1627/1586/1510 1628/1666/1597 1483/1668/1599
f 1484/1603/1529 1342/1588/1512 1341/1587/1511
f 1486/1768/1704 1344/1582/1506 1666/1591/1515
f 1336/1592/1516 1335/1594/1518 1407/1746/1682
f 1489/1767/1703 1347/1579/1503 1346/1596/1520
f 1488/1671/1602 1346/1596/1520 1345/1598/1522
f 1436/1689/1622 1647/1688/1621 1648/1794/1730
f 1435/1686/1619 1436/1689/1622 1501/1585/1509
f 1498/1795/1731 1433/1678/1609 1668/1796/1732
f 1506/1797/1733 1438/1818/1755 1439/1798/1734
f 1495/1799/1735 1430/1675/1606 1431/1694/1627
f 1496/1595/1519 1431/1694/1627 1432/1698/1631
f 1495/1799/1735 1347/1579/1503 1348/1581/1505
f 1688/1584/1508 1689/1679/1610 1498/1795/1731
f 1494/1676/1613 1348/1581/1523 1491/1599/1525
f 1339/1602/1528 1624/1601/1527 1625/1800/1736
f 1526/1604/1530 1527/1685/1618 1500/1589/1513
f 1355/1772/1708 1641/1771/1707 1642/1801/1737
f 1356/1773/1709 1613/1774/1710 1612/1551/1475
f 1555/1802/1738 1357/1775/1711 1605/1777/1713
f 1358/1779/1715 1592/1778/1714 1591/1557/1481
f 1553/1803/1739 1359/1780/1716 1582/1781/1717
f 1355/1772/1708 1557/1563/1487 1558/1566/1490
f 1559/1569/1493 1353/1783/1719 1533/1784/1720
f 1352/1785/1721 1652/1787/1723 1651/1568/1492
f 1351/1789/1725 1674/1788/1724 1673/1571/1495
f 1350/1790/1726 1351/1789/1725 1561/1805/1741
f 1349/1791/1727 1350/1790/1726 1562/1573/1497
f 1349/1791/1727 1563/1576/1500 1493/1806/1742
f 1509/1807/1743 1430/1675/1606 1429/1677/1608
f 1512/1692/1625 1433/1678/1609 1690/1680/1611
f 1528/1810/1747 1529/1839/1776 1514/1690/1623
f 1645/1811/1748 1646/1909/1849 1515/1687/1620
f 1514/1690/1623 1571/1870/1810 1572/1812/1749
f 1670/1815/1752 1669/1691/1624 1512/1692/1625
f 1577/1817/1754 1578/1871/1811 1439/1798/1734
f 1509/1807/1743 1565/1451/1371 1566/1822/1759
f 1510/1693/1626 1566/1822/1759 1567/1453/1373
f 1530/1506/1430 1331/1540/1464 1328/1542/1466
f 1291/1500/1424 1571/1870/1810 1570/1826/1763
f 1290/1504/1428 1314/1503/1427 1536/1827/1764
f 1328/1567/1491 1559/1569/1493 1532/1804/1740
f 1525/1770/1706 1485/1837/1774 1343/1828/1765
f 1521/1710/1646 1457/1835/1772 1368/1829/1766
f 1445/1830/1767 1390/1836/1773 1520/1654/1583
f 1471/1831/1768 1412/1915/1855 1524/1769/1705
f 1499/1832/1769 1434/1838/1775 1528/1810/1747
f 1546/1466/1386 1547/1844/1782 1537/1543/1467
f 1536/1833/1770 1314/1857/1797 1401/1834/1771
f 1457/1835/1772 1521/1710/1646 1520/1654/1583
f 1379/1726/1662 1535/1730/1666 1539/1729/1665
f 1368/1829/1766 1471/1831/1768 1523/1664/1595
f 1379/1726/1662 1423/1758/1694 1534/1760/1696
f 1524/1769/1705 1412/1915/1855 1485/1837/1774
f 1423/1758/1694 1354/1782/1718 1533/1784/1720
f 1343/1828/1765 1499/1832/1769 1527/1685/1618
f 1354/1782/1718 1558/1566/1490 1532/1804/1740
f 1434/1838/1775 1513/1868/1808 1529/1839/1776
f 1634/1840/1777 1635/1456/1376 1549/1463/1383
f 1444/1653/1582 1443/1700/1633 1549/1463/1383
f 1659/1702/1635 1658/1465/1385 1545/1706/1639
f 1449/1648/1577 1448/1703/1636 1543/1474/1394
f 1448/1703/1636 1447/1704/1637 1544/1841/1778
f 1276/1483/1405 1541/1705/1638 1542/1473/1393
f 1283/1509/1433 1679/1488/1412 1680/1842/1779
f 1541/1705/1641 1276/1483/4602 1300/1482/1780
f 1284/1497/1421 1618/1900/1840 1619/1843/1781
f 1290/1504/1428 1537/1543/1467 1547/1844/1782
f 1694/1845/1783 1740/2004/1951 1736/1846/1784
f 1538/1848/1786 1322/1883/1823 1316/1847/1787
f 1402/1727/1663 1309/3559/4603 1637/1849/1789
f 1403/1850/1790 1326/1911/1851 1617/1851/1791
f 1308/1852/1792 1601/1898/1838 1602/1853/1793
f 1312/1854/1794 1596/1893/1833 1595/1720/1656
f 1406/1855/1795 1319/1892/1832 1586/1856/1796
f 1314/1857/1797 1309/3559/4603 1402/1727/1663
f 1329/1858/1798 1536/1833/1770 1539/1729/1665
f 1307/1860/1800 1656/1916/1856 1655/1861/1801
f 1398/1736/1672 1304/1863/1803 1678/1862/1802
f 1397/1737/1673 1321/3560/4604 1304/1863/1803
f 1303/1864/1804 1321/3560/4604 1397/1737/1673
f 1303/1864/1804 1396/1739/1675 1540/1742/1678
f 1519/1708/1643 1547/1844/1782 1546/1466/1386
f 1508/1808/1744 1564/1449/1369 1565/1451/1371
f 1568/1816/1753 1512/1692/1625 1691/1809/1745
f 1574/1813/1750 1437/1684/1617 1626/1683/1616
f 1513/1868/1808 1569/1539/1463 1570/1826/1763
f 1644/1869/1809 1645/1811/1748 1572/1812/1749
f 1574/1813/1750 1287/1491/1415 1608/1494/1418
f 1571/1870/1810 1291/1500/1424 1286/1502/1426
f 1649/1541/1465 1670/1815/1752 1568/1816/1753
f 1299/1530/1454 1293/1512/1436 1578/1871/1811
f 1589/1517/1441 1598/1821/1758 1575/1820/1757
f 1565/1451/1371 1278/1450/1370 1296/1522/1446
f 1578/1871/1811 1293/1512/1436 1693/1527/1451
f 1566/1822/1759 1296/1522/1446 1281/1454/1374
f 1294/1519/1443 1579/1873/1813 1588/1825/1762
f 1514/1690/1623 1529/1839/1776 1570/1826/1763
f 1294/1519/1443 1318/1518/1442 1580/1531/1455
f 1298/1467/1387 1322/1510/1434 1586/1874/1814
f 1553/1803/1739 1581/1560/1484 1580/1561/1485
f 1506/1797/1733 1336/1592/1516 1337/1875/1815
f 1478/1745/1681 1361/1614/1540 1362/1877/1817
f 1551/1478/1400 1440/1471/1391 1462/1879/1819
f 1450/1880/1820 1584/1725/1661 1585/1724/1660
f 1386/1641/1570 1462/1879/1819 1362/1877/1817
f 1480/1881/1821 1408/1793/1729 1478/1745/1681
f 1450/1880/1820 1464/1882/1822 1583/1757/1693
f 1464/1882/1822 1492/1997/1942 1582/1781/1717
f 1337/1875/1815 1336/1592/1516 1408/1793/1729
f 1438/1818/1755 1506/1797/1733 1505/1876/1816
f 1588/1825/1762 1577/1817/1754 1438/1818/1755
f 1322/1883/1823 1538/1848/1786 1585/1724/1660
f 1579/1873/1813 1299/1530/1454 1577/1817/1754
f 1597/1516/1440 1295/1470/1390 1319/1532/1456
f 1289/1496/1420 1313/1495/1419 1590/1884/1824
f 1554/1556/1480 1591/1557/1481 1590/1559/1483
f 1505/1876/1816 1337/1875/1815 1338/1885/1825
f 1477/1878/1818 1362/1877/1817 1363/1887/1827
f 1461/1889/1829 1462/1879/1819 1440/1471/1391
f 1406/1855/1795 1384/1723/1659 1594/1890/1830
f 1363/1887/1827 1362/1877/1817 1462/1879/1819
f 1477/1878/1818 1476/1888/1828 1481/1891/1831
f 1384/1723/1659 1428/1756/1692 1593/1754/1690
f 1428/1756/1692 1359/1780/1716 1592/1778/1714
f 1338/1885/1825 1337/1875/1815 1480/1881/1821
f 1518/1823/1760 1505/1876/1816 1504/1886/1826
f 1553/1803/1739 1591/1557/1481 1592/1778/1714
f 1576/1824/1761 1518/1823/1760 1517/1819/1756
f 1319/1892/1832 1406/1855/1795 1595/1720/1656
f 1576/1824/1761 1598/1821/1758 1589/1517/1441
f 1287/1491/1415 1311/1490/1414 1607/1895/1835
f 1600/1894/1834 1288/1458/1378 1312/1896/1836
f 1311/1552/1476 1555/1802/1738 1606/1555/1479
f 1504/1886/1826 1338/1885/1825 1339/1602/1528
f 1363/1887/1827 1364/1631/1560 1475/1748/1684
f 1387/1629/1558 1461/1889/1829 1441/1460/1380
f 1383/1721/1657 1603/1718/1654 1602/1853/1793
f 1364/1631/1560 1363/1887/1827 1461/1889/1829
f 1476/1888/1828 1475/1748/1684 1409/1600/1526
f 1427/1755/1691 1604/1776/1712 1603/1718/1654
f 1427/1755/1691 1358/1779/1715 1605/1777/1713
f 1339/1602/1528 1338/1885/1825 1481/1891/1831
f 1517/1819/1756 1504/1886/1826 1503/1682/1615
f 1358/1779/1715 1554/1556/1480 1606/1555/1479
f 1575/1820/1757 1517/1819/1756 1437/1684/1617
f 1601/1898/1838 1312/1854/1794 1405/1722/1658
f 1289/1496/1420 1575/1820/1757 1599/1814/1751
f 1324/1534/1458 1327/1536/1460 1611/1899/1839
f 1287/1491/1415 1574/1813/1750 1609/1867/1807
f 1618/1900/1840 1284/1497/1421 1308/1499/1423
f 1556/1549/1473 1612/1551/1475 1611/1553/1477
f 1623/1663/1594 1482/1907/1847 1340/1901/1841
f 1620/1652/1581 1460/1903/1843 1365/1902/1842
f 1619/1843/1781 1442/1457/1377 1460/1903/1843
f 1474/1904/1844 1482/1907/1847 1623/1663/1594
f 1502/1905/1845 1516/1910/1850 1626/1683/1616
f 1404/1717/1653 1382/1719/1655 1615/1716/1652
f 1474/1904/1844 1622/1662/1593 1621/1630/1559
f 1382/1719/1655 1426/1753/1689 1614/1752/1688
f 1426/1753/1689 1357/1775/1711 1613/1774/1710
f 1502/1905/1845 1625/1800/1736 1624/1601/1527
f 1555/1802/1738 1612/1551/1475 1613/1774/1710
f 1618/1900/1840 1325/1455/1375 1442/1457/1377
f 1404/1717/1653 1616/1715/1651 1617/1851/1791
f 1626/1683/1616 1516/1910/1850 1573/1533/1457
f 1549/1463/1383 1635/1456/1376 1636/1492/1416
f 1636/1492/1416 1325/1455/1375 1326/1538/1462
f 1644/1869/1809 1286/1502/1426 1310/1501/1425
f 1643/1548/1472 1310/1564/1488 1557/1563/1487
f 1340/1901/1841 1627/1586/1510 1648/1794/1730
f 1474/1904/1844 1365/1902/1842 1631/1607/1533
f 1460/1903/1843 1442/1457/1377 1634/1840/1777
f 1403/1850/1790 1381/1714/1650 1639/1713/1649
f 1365/1902/1842 1460/1903/1843 1632/1634/1563
f 1474/1904/1844 1630/1606/1532 1629/1908/1848
f 1381/1714/1650 1425/1751/1687 1640/1749/1685
f 1425/1751/1687 1356/1773/1709 1641/1771/1707
f 1340/1901/1841 1482/1907/1847 1628/1666/1597
f 1502/1905/1845 1648/1794/1730 1647/1688/1621
f 1356/1773/1709 1556/1549/1473 1642/1801/1737
f 1573/1533/1457 1516/1910/1850 1646/1909/1849
f 1326/1911/1851 1403/1850/1790 1638/1712/1648
f 1324/1534/1458 1573/1533/1457 1645/1811/1748
f 1545/1706/1639 1658/1465/1385 1657/1507/1431
f 1330/1464/1384 1329/1544/1468 1656/1912/1852
f 1282/1486/1410 1306/1485/1409 1650/1913/1853
f 1650/1914/1854 1306/1570/1494 1560/1572/1496
f 1499/1832/1769 1343/1828/1765 1666/1591/1515
f 1471/1831/1768 1368/1829/1766 1662/1612/1538
f 1390/1836/1773 1660/1640/1569 1661/1639/1568
f 1485/1837/1774 1412/1915/1855 1664/1670/1601
f 1434/1838/1775 1668/1796/1732 1669/1691/1624
f 1390/1836/1773 1445/1830/1767 1659/1702/1635
f 1400/1859/1799 1378/1728/1664 1654/1732/1668
f 1368/1829/1766 1457/1835/1772 1661/1639/1568
f 1412/1915/1855 1471/1831/1768 1663/1744/1680
f 1378/1728/1664 1422/1759/1695 1653/1786/1722
f 1422/1759/1695 1353/1783/1719 1652/1787/1723
f 1343/1828/1765 1485/1837/1774 1665/1669/1600
f 1434/1838/1775 1499/1832/1769 1667/1590/1514
f 1652/1787/1723 1353/1783/1719 1559/1569/1493
f 1569/1539/1463 1513/1868/1808 1669/1691/1624
f 1445/1830/1767 1546/1466/1386 1658/1465/1385
f 1329/1858/1798 1400/1859/1799 1655/1861/1801
f 1331/1540/1464 1569/1539/1463 1670/1815/1752
f 1282/1486/1410 1568/1816/1753 1692/1866/1806
f 1281/1454/1374 1305/1529/1453 1672/1917/1857
f 1307/1508/1432 1678/1487/1411 1679/1488/1412
f 1672/1918/1858 1305/1574/1498 1561/1805/1741
f 1487/1673/1604 1345/1598/1522 1688/1584/1508
f 1683/1709/1645 1455/1743/1679 1370/1622/1550
f 1392/1647/1576 1682/1651/1580 1681/1650/1579
f 1469/1621/1549 1414/1674/1605 1686/1660/1589
f 1497/1597/1521 1432/1698/1631 1690/1680/1611
f 1447/1704/1637 1681/1650/1579 1680/1842/1779
f 1455/1743/1679 1683/1709/1645 1682/1651/1580
f 1677/1734/1670 1399/1731/1667 1377/1733/1669
f 1370/1622/1550 1469/1621/1549 1685/1659/1588
f 1421/1761/1697 1675/1919/1859 1676/1762/1698
f 1414/1674/1605 1487/1673/1604 1687/1583/1507
f 1675/1919/1859 1421/1761/1697 1352/1785/1721
f 1345/1598/1522 1497/1597/1521 1689/1679/1610
f 1560/1572/1496 1673/1571/1495 1674/1788/1724
f 1432/1698/1631 1511/1697/1630 1691/1809/1745
f 1544/1841/1778 1680/1842/1779 1679/1488/1412
f 1399/1731/1667 1677/1734/1670 1678/1862/1802
f 1511/1697/1630 1567/1453/1373 1692/1866/1806
f 1696/1920/1860 1702/1933/1875 1802/1921/1861
f 1694/1923/1863 1316/1511/1435 1292/1469/1389
f 1742/1924/1865 1708/1932/1874 1693/1527/1451
f 1704/1925/1866 1788/1940/1882 1811/1620/1546
f 1703/1927/1868 1782/1942/1884 1812/1928/1869
f 1705/1930/1871 1776/2051/2010 1810/1931/1872
f 1708/1932/1874 1707/1945/1888 1700/1872/1812
f 1702/1933/1875 1773/2036/1987 1807/1934/1876
f 1766/1935/1877 1767/1947/1890 1708/1932/1874
f 1770/1936/1878 1705/1930/2009 1706/1937/1879
f 1771/1939/1881 1793/2045/1997 1788/1940/1882
f 1772/1941/1883 1787/2038/1990 1782/1942/1884
f 1781/1943/1885 1776/2051/2010 1705/1930/1871
f 1800/1944/1887 1795/2050/2008 1707/1945/1888
f 1767/1947/1890 1768/1946/1889 1707/1945/1888
f 1764/1948/1891 1806/2047/2001 1803/1949/1892
f 1761/1951/1894 1713/1961/1988 1714/1952/1895
f 1792/1954/1897 1789/2037/1989 1712/1955/1898
f 1786/1957/1900 1783/2044/1996 1711/1958/1901
f 1761/1951/1903 1780/2043/1995 1777/1960/1904
f 1748/1962/1906 1746/2033/1984 1765/1963/1907
f 1719/1965/1909 1726/1984/1928 1805/1966/1910
f 1724/1968/1912 1723/1972/1916 1716/1969/1913
f 1724/1968/1912 1731/1994/1939 1755/1971/1915
f 1791/1973/1917 1790/2030/1981 1721/1974/1918
f 1785/1976/1920 1784/2031/1982 1720/1977/1921
f 1779/1979/1923 1778/2032/1983 1722/1980/1924
f 1749/1982/1926 1748/1962/1906 1718/1964/1908
f 1726/1984/1928 2322/2053/2017 1815/1983/1927
f 1815/1983/1927 1801/2048/2005 1805/1966/1910
f 1332/1985/1929 1724/1968/1912 1750/1970/1914
f 2325/1987/1931 1729/1981/1977 1730/1988/1932
f 2326/1990/1934 2327/2054/2018 1791/1973/1917
f 2328/1991/1935 2329/2052/2016 1785/1976/1920
f 2325/1987/1936 2330/2643/2638 1779/1979/1923
f 1731/1994/1939 2331/1996/1941 1816/1992/1937
f 1816/1992/1937 1794/2046/1998 1797/1993/1938
f 2331/1996/1941 1731/1994/1939 1724/1968/1912
f 1724/1968/1912 1332/1985/1929 1814/1995/1940
f 1581/1560/1484 1582/1781/1717 1492/1997/1942
f 1450/1880/1820 1538/1848/1786 1736/1846/1788
f 1450/1880/1820 1733/1999/1944 1734/2000/1945
f 1492/1997/1942 1464/1882/1822 1734/2000/1945
f 1732/1998/1943 1492/1997/1942 1735/2001/1946
f 1317/1547/1947 1737/1546/1955 1741/2002/1948
f 1735/2001/1954 1739/2005/1952 1741/2002/1948
f 1740/2004/1951 1694/1845/1783 1775/2006/1956
f 1741/2002/1948 1745/2010/1960 1742/2008/1958
f 1739/2005/1952 1740/2004/1951 1744/2007/1957
f 1739/2005/1952 1743/2009/1959 1745/2010/1960
f 1749/2015/1965 1751/3561/4605 1753/2018/1968
f 1750/2017/1967 1745/2010/1960 1754/2019/1969
f 1743/2009/1959 1752/3562/1959 1754/2019/1969
f 1757/2021/1971 1758/2025/1975 1717/2022/1972
f 1715/2024/1974 1717/2022/1972 1758/2025/1975
f 1797/1993/1938 1798/2035/1986 1755/1971/1915
f 1729/1981/1977 1722/1980/4606 1756/2027/1978
f 1799/2028/1979 1760/1953/1896 1714/1952/1895
f 1804/1967/1911 1806/2047/2001 1764/1948/1891
f 1756/2027/1978 1722/1980/4606 1761/1951/1894
f 1790/2030/1981 1792/1954/1897 1762/1956/1899
f 1763/1959/1902 1720/1977/1921 1784/2031/1982
f 1778/2032/1983 1780/2043/1995 1761/1951/1903
f 1746/2033/1984 1775/2040/1992 1709/2034/1985
f 1716/1969/1913 1723/1972/1916 1758/2025/1975
f 1723/1972/1916 1755/1971/1915 1759/2026/1976
f 1798/2035/1986 1799/2028/1979 1759/2026/1976
f 1803/1949/1892 1807/1934/1876 1773/2036/1987
f 1747/2023/1973 1717/2022/1972 1767/1947/1890
f 1713/1961/1988 1770/1936/1878 1769/1938/1880
f 1789/2037/1989 1793/2045/1997 1771/1939/1881
f 1711/1958/1901 1783/2044/1996 1787/2038/1990
f 1713/1961/1905 1777/1960/1904 1781/1943/1885
f 1715/2024/1974 1796/2029/1980 1800/1944/1887
f 1717/2022/1972 1715/2024/1974 1768/1946/1889
f 1694/1923/1863 1695/1475/1864 1701/2042/1994
f 1704/1925/1866 1776/2051/2010 1781/1943/1885
f 1712/1955/1898 1777/1960/1904 1780/2043/1995
f 1728/1975/1919 1721/1974/1918 1778/2032/1983
f 1721/1974/1918 1762/1956/1899 1780/2043/1995
f 1771/1939/1881 1781/1943/1885 1777/1960/1904
f 1702/1933/1875 1782/1942/1884 1787/2038/1990
f 1764/1948/1891 1710/1950/1893 1783/2044/1996
f 1726/1984/1928 1719/1965/1909 1784/2031/1982
f 1753/2018/1968 1752/3562/1959 1743/2009/1959
f 1719/1965/1909 1764/1948/1891 1786/1957/1900
f 1773/2036/1987 1787/2038/1990 1783/2044/1996
f 1793/2045/1997 1772/1941/1883 1703/1927/1868
f 1763/1959/1902 1711/1958/1901 1789/2037/1989
f 1727/1978/1922 1720/1977/1921 1790/2030/1981
f 1720/1977/1921 1763/1959/1902 1792/1954/1897
f 1772/1941/1883 1793/2045/1997 1789/2037/1989
f 1706/1937/1879 1795/2050/2008 1800/1944/1887
f 1794/2046/1998 1817/2638/2624 2324/1989/1933
f 2324/1989/1933 1730/1988/1932 1797/1993/1938
f 1730/1988/1932 1756/2027/1978 1798/2035/1986
f 1759/2026/1976 1799/2028/1979 1796/2029/1980
f 1760/1953/1896 1799/2028/1979 1798/2035/1986
f 1769/1938/1880 1800/1944/1887 1796/2029/1980
f 1774/2041/1999 1701/2042/2011 1802/1921/1861
f 1709/2034/2000 1803/1949/1892 1806/2047/2001
f 1725/1524/2003 1718/1964/2006 1804/1967/1911
f 1333/1525/2004 1725/1524/2003 1805/1966/1910
f 1765/1963/2002 1806/2047/2001 1804/1967/1911
f 1709/2034/2000 1774/2041/1999 1807/1934/1876
f 1707/1945/1888 1795/2050/2008 1808/2049/2007
f 1809/1696/1629 1808/2049/2007 1795/2050/2008
f 1705/1930/2009 1699/1695/1628 1809/1696/1629
f 1776/2051/2010 1704/1925/1866 1698/1926/1867
f 1788/1940/1882 1703/1927/1868 1697/1929/1870
f 1782/1942/1884 1702/1933/1875 1696/1920/1860
f 1701/2042/2011 1695/1475/1396 1813/1922/1862
f 1578/1871/1811 1700/1872/1812 1808/2049/2007
f 1439/1798/1734 1808/2049/2007 1809/1696/1629
f 1335/1594/2012 1699/1695/1873 1810/1931/1872
f 1479/1615/1548 1407/1746/2013 1698/1926/1867
f 1463/1642/2014 1360/1616/1547 1697/1929/1870
f 1812/1928/1869 1696/1920/1860 1385/1643/2015
f 1552/1468/1395 1385/1643/2015 1696/1920/1860
f 1779/1979/1923 2330/2643/2638 2326/1990/1934
f 1726/1984/1928 1785/1976/1920 2329/2052/2016
f 1727/1978/1922 1791/1973/1917 2327/2054/2018
f 1820/2055/2019 1819/2421/2399 1818/2056/2020
f 1825/2058/2022 1824/2520/2501 1823/2059/2023
f 1826/2061/2025 1829/2507/2488 1828/2062/2026
f 1830/2064/2028 1833/2077/2041 1832/2065/2029
f 1834/2067/2031 1837/2442/2420 1836/2068/2032
f 1838/2070/2034 1841/2436/2414 1840/2071/2035
f 1845/2073/2037 1844/2086/2052 1843/2074/2038
f 1846/2076/2040 1848/2476/2457 1833/2077/2041
f 1849/2079/2043 1852/2083/2049 1851/2080/2044
f 1854/2082/2046 1853/2641/2631 1845/2073/2047
f 1852/2083/2049 1849/2079/2043 1855/2084/2050
f 1844/2086/2052 1848/2476/2457 1857/2087/2053
f 1859/2088/2054 1858/2091/4607 1821/2057/2021
f 1862/2089/2055 1861/2122/2090 1850/2081/2045
f 1858/2091/2057 1863/2281/2252 1820/2055/2058
f 1866/2092/2060 1865/2521/2502 1823/2059/2023
f 1868/2094/2062 1867/2522/2503 1855/2084/2050
f 1873/2096/2064 1872/2498/2479 1871/2097/2065
f 1875/2099/2067 1874/3563/4608 1827/2063/2027
f 1879/2100/2068 1878/2496/2477 1877/2101/2069
f 1880/2103/2071 1882/2500/2481 1881/2104/2072
f 1886/2105/2073 1885/2110/2078 1884/2106/2074
f 1887/2108/2076 1875/2099/2067 1834/2067/2031
f 1889/2109/2077 1888/2140/2108 1884/2106/2074
f 1892/2111/2079 1891/2514/2495 1839/2072/2036
f 1894/2113/2081 1893/2529/2510 1842/2075/2039
f 1895/2114/2082 1898/2127/2095 1897/2115/2083
f 1899/2117/2085 1847/2078/2042 1830/2064/2028
f 1904/2119/2087 1903/2487/2468 1902/2120/2088
f 1861/2122/2090 1905/2128/2096 1849/2079/2043
f 1907/2123/2091 1859/2088/2054 1818/2056/2020
f 1909/2125/2093 1908/2586/2569 1751/1523/1447
f 1895/2114/2082 1911/2475/2456 1910/2126/2094
f 1905/2128/2096 1869/2095/2063 1855/2084/2050
f 1912/2129/2097 1907/2123/2091 1906/2124/2092
f 1896/2116/2084 1897/2115/2083 1914/2130/2098
f 1916/2132/2100 1915/2477/2458 1857/2087/2053
f 1919/2133/2101 1918/2499/2480 1871/2097/2065
f 1917/2134/2102 1922/3564/4609 1921/2135/2103
f 1826/2061/2025 1925/2512/2493 1924/2137/2105
f 1928/2139/2107 1927/2425/2403 1888/2140/2108
f 1931/2142/2110 1930/2515/2496 1929/2143/2111
f 1934/2144/2112 1933/2426/2404 1932/2145/2113
f 1936/2146/2114 1935/2162/2130 1897/2147/2115
f 1938/2149/2117 1937/2397/2374 1921/2150/2118
f 1939/2152/2120 1872/2501/2482 1873/2153/2121
f 1879/2155/2123 1942/2399/2376 1941/2156/2124
f 1943/2158/2126 1903/2488/2469 1904/2159/2127
f 1945/2161/2129 1914/2478/2459 1897/2147/2115
f 1947/2163/2131 1946/2166/2134 1885/2164/2132
f 1946/2166/2134 1948/2427/2405 1889/2167/2135
f 1931/2168/2136 1950/2401/2378 1949/2169/2137
f 1866/2171/2139 1952/2403/2380 1951/2172/2140
f 1953/2174/2142 1907/2177/2145 1912/2175/2143
f 1907/2177/2145 1953/2174/2142 1955/2178/2146
f 1955/2178/2146 1863/2404/2381 1858/2180/2148
f 1956/2181/2149 1959/2200/2371 1958/2182/2150
f 1960/2184/2152 1963/2395/2372 1962/2185/2153
f 1967/2187/2155 1966/2390/2366 1965/2188/2156
f 1965/2188/2156 1969/2391/2367 1968/2190/2158
f 1960/2184/2152 1972/2388/2364 1971/2191/2159
f 1973/2193/2161 1976/2642/4610 1975/2194/2162
f 1956/2181/2149 1979/2198/2166 1978/2196/2164
f 1979/2198/2166 1981/2389/2365 1980/2199/2167
f 1986/2202/2171 1985/2502/2483 1984/2203/2172
f 1989/2205/2174 1988/2428/2406 1987/2206/2175
f 1990/2207/2176 1993/2342/2317 1992/2208/2177
f 1991/2209/2178 1995/2344/2319 1994/2210/2179
f 1999/2211/2180 1998/2516/2497 1997/2212/2181
f 2000/2214/2183 2003/2221/4611 2002/2215/2184
f 2004/2217/2186 2007/2223/2192 2006/2218/2187
f 2008/2220/2189 2002/2215/2635 2003/2221/2190
f 2007/2223/2192 2011/2524/2505 2010/2224/2193
f 2014/2225/2194 2013/2230/2283 2012/2226/2195
f 2017/2227/2196 2016/2523/2504 2015/2228/2197
f 2022/2231/2201 2021/2254/2224 2020/2232/2202
f 2025/2234/2204 2024/2310/2285 2023/2235/2205
f 2028/2236/2206 2027/2240/2210 2026/2237/2207
f 2030/2239/2209 2026/2237/2207 2027/2240/2210
f 2031/2241/2211 2033/2302/2274 2032/2242/2212
f 2039/2246/2216 2038/2249/2219 2012/2226/2195
f 2041/2248/2218 2040/2343/2318 2038/2249/2219
f 2031/2241/2211 2046/2309/2284 2045/2252/2222
f 2021/2254/2224 2047/2445/2425 1832/2065/2029
f 2050/2255/2225 2049/2308/2282 2048/2256/2226
f 2051/2257/2227 2053/2261/2344 2052/2258/2228
f 2054/2259/2229 2056/2369/2345 2055/2260/2230
f 1984/2203/2172 1985/2502/2483 2059/2263/2234
f 2061/2265/2236 1995/2344/2319 2060/2266/2237
f 2065/2268/2239 2064/2271/2242 2063/2269/2240
f 2060/2266/2237 2063/2269/2240 2064/2271/2242
f 2054/2259/2229 2068/2345/2320 2067/2272/2243
f 2051/2257/2227 2070/2274/2245 2069/2273/2244
f 2070/2274/2245 2072/2348/2323 2071/2275/2246
f 2073/2276/2247 2075/2280/2382 2074/2277/2248
f 2076/2278/2249 2078/2406/2384 2077/2279/2250
f 2082/2282/2254 2081/2396/2373 2080/2283/2255
f 2084/2285/2257 1969/2391/2367 2083/2286/2258
f 2089/2288/2260 2088/2410/2388 2087/2289/2261
f 2086/2290/2262 2087/2289/2261 2090/2291/2263
f 2092/2292/2264 2091/2405/2383 2076/2278/2249
f 2073/2276/2247 2096/2298/2270 2095/2294/2266
f 1975/2194/2162 1976/2642/4610 2098/2296/2268
f 2096/2298/2270 2100/2394/2370 2099/2299/2271
f 2029/2238/2208 2026/2237/2207 2101/2300/2272
f 2101/2300/2272 2026/2237/2207 2030/2239/2209
f 2044/2253/2223 2103/2443/2421 2033/2302/2274
f 1844/2086/2052 1845/2073/2037 2036/2244/2214
f 2104/2303/2275 2039/2246/2216 2037/2247/2217
f 2105/2304/2276 2041/2248/2218 2039/2246/2216
f 2106/2305/2277 1851/2080/2044 2042/2251/2221
f 2045/2252/2222 2108/2444/2422 2107/2306/2278
f 2049/2308/2282 2110/2437/2415 1836/2068/2032
f 2013/2230/2283 2043/2250/2220 2037/2247/2217
f 2015/2228/2197 2016/2523/2504 2046/2309/2284
f 2018/2229/2199 2109/2307/2280 2043/2250/2279
f 2024/2310/2285 2050/2255/2225 2030/2239/2209
f 2111/2311/2286 2114/2513/2494 2113/2312/2287
f 2115/2314/2289 2118/2352/2327 2117/2315/2290
f 2122/2317/2292 2121/2456/2436 2120/2318/2293
f 2125/2320/2295 2124/2459/2439 2123/2321/2296
f 2127/2323/2298 2130/2358/2333 2129/2324/2299
f 2131/2326/2301 2111/2311/2286 2112/2313/2288
f 2133/2328/2303 2136/2361/2336 2135/2329/2304
f 2140/2331/2306 2139/2463/2443 2138/2332/2307
f 2143/2334/2309 2142/2465/2445 2141/2335/2310
f 2141/2335/2310 2142/2465/2445 2146/2337/2312
f 2145/2338/2313 2146/2337/2312 2148/2339/2314
f 2148/2339/2314 2109/2470/2450 2018/2341/2316
f 1993/2342/2317 1990/2207/2176 2027/2240/2210
f 2023/2235/2205 2027/2240/2210 1990/2207/2176
f 1999/2211/2180 1996/2213/2182 2015/2228/2197
f 2035/2245/2215 2003/2221/4611 2000/2214/2183
f 2038/2249/2219 2007/2223/2192 2004/2217/2186
f 2040/2343/2318 2011/2524/2505 2007/2223/2192
f 1992/2208/2177 2066/2270/2241 2063/2269/2240
f 2063/2269/2240 2060/2266/2237 1995/2344/2319
f 1997/2212/2181 1998/2516/2497 2068/2345/2320
f 2001/2216/2185 2002/2215/2184 2150/2346/2321
f 2005/2219/2188 2006/2218/2187 2070/2274/2245
f 2006/2218/2187 2010/2224/2193 2072/2348/2323
f 2014/2225/2194 2004/2217/2186 2005/2219/2188
f 2017/2227/2196 1996/2213/2182 1997/2212/2181
f 2057/2262/2232 2018/2229/2199 2014/2225/2198
f 2059/2263/2234 2022/2231/2201 2019/2233/2203
f 2025/2234/2204 1994/2210/2179 1995/2344/2319
f 2152/2349/2324 2114/2513/2494 2111/2311/2286
f 2153/2351/2326 2154/2373/2349 2118/2352/2327
f 2122/2317/2292 2119/2319/2294 2155/2353/2328
f 2158/2355/2330 2126/2322/2297 2123/2321/2296
f 2159/2357/2332 2160/2378/2354 2130/2358/2333
f 2151/2350/2325 2111/2311/2286 2131/2326/2301
f 2162/2360/2335 2163/2381/2357 2136/2361/2336
f 2140/2331/2306 2137/2333/2308 2164/2362/2337
f 2144/2336/2311 2141/2335/2310 2166/2364/2339
f 2166/2364/2339 2141/2335/2310 2145/2338/2313
f 2145/2338/2313 2147/2340/2315 2169/2367/2342
f 2147/2340/2315 2018/2341/2316 2057/2368/2343
f 1957/2183/2151 1958/2182/2150 2053/2261/2344
f 1961/2186/2154 1962/2185/2153 2056/2369/2345
f 1982/2201/2169 2057/2262/2232 2053/2261/2231
f 1987/2206/2175 1988/2428/2406 2062/2267/2238
f 2171/2370/2346 2152/2349/2324 2151/2350/2325
f 2172/2372/2348 2173/2510/2491 2154/2373/2349
f 2174/2374/2350 2175/2398/2375 2156/2354/2329
f 2177/2375/2351 2158/2355/2330 2157/2356/2331
f 2178/2377/2353 2179/2400/2377 2160/2378/2354
f 2151/2350/2325 2161/2359/2334 2180/2379/2355
f 2181/2380/2356 2182/2402/2379 2163/2381/2357
f 2183/2382/2358 2184/2518/2499 2165/2363/2338
f 2186/2383/2359 2167/2365/2340 2166/2364/2339
f 2185/2384/2360 2166/2364/2339 2168/2366/2341
f 2168/2366/2341 2169/2367/2342 2188/2386/2362
f 2169/2367/2342 2057/2368/2343 1982/2387/2363
f 1967/2187/2155 1964/2189/2157 2064/2271/2242
f 1987/2206/2175 2064/2271/2242 1964/2189/2157
f 1961/2186/2154 2067/2272/2243 1972/2388/2364
f 2150/2346/2321 1976/2642/4610 1973/2193/2161
f 1957/2183/2151 2069/2273/2244 1979/2198/2166
f 2069/2273/2244 2071/2275/2246 1981/2389/2365
f 1966/2390/2366 2089/2288/2260 2086/2290/2262
f 1965/2188/2156 2086/2290/2262 2083/2286/2258
f 1970/2192/2160 1971/2191/2159 2093/2293/2265
f 1974/2195/2163 1975/2194/2162 2190/2392/2368
f 1977/2197/2165 1978/2196/2164 2096/2298/2270
f 1978/2196/2164 1980/2199/2167 2100/2394/2370
f 1977/2197/2165 2074/2277/2248 1959/2200/2371
f 1963/2395/2372 1960/2184/2152 1970/2192/2160
f 2074/2277/2253 1863/2281/2252 1982/2201/2169
f 2081/2396/2373 1986/2202/2171 1983/2204/2173
f 1989/2205/2174 1968/2190/2158 1969/2391/2367
f 1937/2397/2374 2171/2370/2346 2170/2371/2347
f 1939/2152/2120 2173/2510/2491 2172/2372/2348
f 1940/2154/2122 1941/2156/2124 2175/2398/2375
f 1943/2158/2126 2177/2375/2351 2176/2376/2352
f 1944/2160/2128 1945/2161/2129 2179/2400/2377
f 2170/2371/2347 2180/2379/2355 1946/2166/2134
f 1950/2401/2378 1948/2427/2405 2182/2402/2379
f 1949/2169/2137 2184/2518/2499 2183/2382/2358
f 1951/2172/2140 2186/2383/2359 2185/2384/2360
f 1954/2176/2144 2185/2384/2360 2187/2385/2361
f 1953/2174/2142 2187/2385/2361 2188/2386/2362
f 2188/2386/2362 1982/2387/2363 1863/2404/2381
f 2094/2295/2267 2191/2407/2451 2075/2280/2382
f 2091/2405/2383 2192/2472/2453 2078/2406/2384
f 2085/2287/2259 2083/2286/2258 2090/2291/2263
f 2195/2409/2387 2194/2413/2391 2087/2289/2261
f 2090/2291/2263 2087/2289/2261 2194/2413/2391
f 2200/2415/2393 2199/2471/2452 2091/2405/2383
f 2190/2392/2368 2202/2474/2455 2201/2416/2394
f 2094/2295/2267 2095/2294/2266 2206/2420/2398
f 2095/2294/2266 2099/2299/2271 1825/2058/2022
f 1888/2140/2108 1889/2109/2077 1931/2142/2110
f 1927/2425/2403 2198/2414/2392 1884/2106/2074
f 1933/2426/2404 1887/2108/2076 1835/2069/2033
f 1948/2427/2405 1950/2401/2378 1931/2168/2136
f 1988/2428/2406 1989/2205/2174 2211/2429/2407
f 2024/2310/2285 2025/2234/2204 2213/2431/2409
f 2050/2255/2225 2215/2517/2498 2214/2433/2411
f 2062/2267/2238 2217/2440/2418 2216/2434/2412
f 2085/2287/2259 2219/2441/2419 2218/2435/2413
f 1841/2436/2414 1838/2070/2034 1932/2145/2113
f 1933/2438/2416 2135/2329/2304 2132/2327/2302
f 2212/2432/2410 2215/2517/2498 2050/2255/2225
f 2131/2326/2301 2132/2327/2302 2135/2329/2304
f 2061/2265/2236 2216/2434/2412 2213/2431/2409
f 2163/2381/2357 2161/2359/2334 2131/2326/2301
f 2062/2267/2238 1988/2428/2406 2210/2430/2408
f 2182/2402/2379 2180/2379/2355 2161/2359/2334
f 2084/2285/2257 2218/2435/2413 2211/2429/2407
f 1948/2427/2405 1946/2166/2134 2180/2379/2355
f 2193/2408/2386 2220/2473/2454 2219/2441/2419
f 2102/2301/2273 2101/2300/2272 1837/2442/2420
f 1837/2442/2420 2101/2300/2272 2048/2256/2226
f 2103/2443/2421 2044/2253/2223 2107/2306/2278
f 1852/2083/2049 2104/2303/2275 2042/2251/2221
f 1856/2085/2051 2105/2304/2276 2104/2303/2275
f 1860/2090/2056 1850/2081/2045 1851/2080/2044
f 2108/2444/2422 1867/2522/2503 1890/2112/2080
f 2106/2305/2281 2109/2307/2280 1862/2089/2423
f 2047/2445/2425 1923/2138/2106 1880/2103/2071
f 2110/2437/2415 1932/2145/2113 1835/2069/2033
f 2222/2446/2426 1893/2450/4612 2221/2447/2427
f 2224/2449/2429 2221/2447/2577 1893/2450/2430
f 2112/2313/2288 2113/2312/2287 1874/2452/2432
f 2116/2316/2291 2117/2315/2290 1924/2454/2434
f 2121/2456/2436 1881/2497/2478 1882/2457/2437
f 2125/2320/2295 1899/2495/2476 1900/2458/2438
f 2128/2325/2300 2129/2324/2299 1915/2460/2440
f 2112/2313/2288 1875/2453/2433 1887/2439/2417
f 2135/2329/2304 1933/2438/2416 1934/2462/2442
f 2139/2463/2443 1891/2519/2500 1892/2464/2444
f 2142/2465/2445 2143/2334/2309 1868/2466/2446
f 2146/2337/2312 2142/2465/2445 1869/2467/2447
f 2146/2337/2312 1905/2468/2448 1861/2469/2449
f 1861/2469/2449 1862/3565/4613 2109/2470/2450
f 2049/2308/2282 2214/2433/2411 1841/2436/2414
f 2191/2407/2451 2094/2295/2267 1819/2421/2399
f 2199/2471/2452 1824/2520/2501 2192/2472/2453
f 2196/2412/2390 1918/2499/2480 2082/2282/2254
f 2220/2473/2454 2193/2408/2386 1927/2425/2403
f 1920/2136/2104 1883/2107/2075 2194/2413/2391
f 2196/2412/2390 2197/2411/2389 1877/2101/2069
f 2198/2414/2392 2194/2413/2391 1883/2107/2075
f 1929/2143/2111 1864/2093/2061 2199/2471/2452
f 2202/2474/2455 1895/2114/2082 1896/2116/2084
f 1902/2120/2088 1876/2102/2070 2204/2419/2397
f 1819/2421/2399 2206/2420/2398 1906/2124/2092
f 2202/2474/2455 2225/2537/2519 1911/2475/2456
f 2206/2420/2398 1825/2058/2022 1822/2060/2024
f 2209/2423/2401 1913/2131/2099 1901/2121/2089
f 1927/2425/2403 2193/2408/2386 2090/2291/2263
f 1914/2130/2098 1904/2119/2087 1901/2121/2089
f 1915/2477/2458 1894/2113/2081 1843/2074/2038
f 1944/2160/2128 1904/2159/2127 1914/2478/2459
f 2227/2479/2460 1973/2193/2161 1974/2195/2163
f 2229/2481/2462 2000/2214/2183 2001/2216/2185
f 1844/2086/2052 2034/2243/2213 2230/2483/2464
f 2231/2484/2465 2224/2449/2429 2129/2324/2299
f 2034/2243/2213 2000/2214/2183 2229/2481/2462
f 2232/2485/2466 2228/2482/2463 2001/2216/2185
f 2160/2378/2354 2233/2486/2467 2231/2484/2465
f 2179/2400/2377 2234/2594/2576 2233/2486/2467
f 2227/2479/2460 2232/2485/2466 2149/2347/2322
f 2226/2480/2461 1974/2195/2163 2189/2393/2369
f 2209/2423/2401 2207/2422/2400 2189/2393/2369
f 2129/2324/2299 2224/2449/2429 1894/2451/2431
f 1913/2131/2099 2209/2423/2401 2201/2416/2394
f 1847/2078/2042 1899/2117/2085 1916/2132/2100
f 1903/2487/2468 1879/2100/2068 1876/2102/2070
f 1942/2399/2376 1879/2155/2123 1903/2488/2469
f 2236/2489/2470 2227/2479/2460 2226/2480/2461
f 2238/2491/2472 2229/2481/2462 2228/2482/2463
f 2239/2493/2474 1833/2077/2041 1848/2476/2457
f 2126/2322/2297 2127/2323/2298 2128/2325/2300
f 2238/2491/2472 2239/2493/2474 2230/2483/2464
f 2228/2482/2463 2232/2485/2466 2240/2494/2475
f 2158/2355/2330 2159/2357/2332 2127/2323/2298
f 2177/2375/2351 2178/2377/2353 2159/2357/2332
f 2236/2489/2470 2240/2494/2475 2232/2485/2466
f 2235/2490/2471 2226/2480/2461 2207/2422/2400
f 1944/2160/2128 2178/2377/2353 2177/2375/2351
f 2203/2417/2395 2207/2422/2400 2208/2424/2402
f 2125/2320/2295 2128/2325/2300 1916/2461/2441
f 2208/2424/2402 1901/2121/2089 1902/2120/2088
f 1878/2496/2477 1873/2096/2064 1870/2098/2066
f 1831/2066/2030 1881/2104/2072 1900/2118/2086
f 1941/2156/2124 1940/2154/2122 1873/2153/2121
f 1983/2204/2173 2236/2489/2470 2235/2490/2471
f 2238/2491/2472 2237/2492/2473 2058/2264/2235
f 2020/2232/2202 1832/2065/2029 1833/2077/2041
f 2123/2321/2296 2124/2459/2439 2121/2456/2436
f 2019/2233/2203 2020/2232/2202 2239/2493/2474
f 2237/2492/2473 2240/2494/2475 1984/2203/2172
f 2157/2356/2331 2123/2321/2296 2122/2317/2292
f 2175/2398/2375 2176/2376/2352 2157/2356/2331
f 1983/2204/2173 1984/2203/2172 2240/2494/2475
f 2080/2283/2255 2235/2490/2471 2203/2417/2395
f 1941/2156/2124 1942/2399/2376 2176/2376/2352
f 2079/2284/2256 2203/2417/2395 2204/2419/2397
f 1881/2497/2478 2121/2456/2436 2124/2459/2439
f 2197/2411/2389 2204/2419/2397 1876/2102/2070
f 1872/2498/2479 1922/3564/4609 1917/2134/2102
f 1918/2499/2480 2196/2412/2390 1870/2098/2066
f 1923/2138/2106 1924/2137/2105 1882/2500/2481
f 1938/2149/2117 1922/2151/2119 1872/2501/2482
f 1985/2502/2483 1986/2202/2171 2242/2503/2484
f 2021/2254/2224 2022/2231/2201 2244/2505/2486
f 2047/2445/2425 2021/2254/2224 2243/2506/2487
f 1985/2502/2483 2241/2504/2485 2245/2508/2489
f 2082/2282/2254 2247/2511/2492 2246/2509/2490
f 2118/2352/2327 2119/2319/2294 2120/2318/2293
f 2245/2508/2489 2244/2505/2486 2022/2231/2201
f 2154/2373/2349 2155/2353/2328 2119/2319/2294
f 2173/2510/2491 2174/2374/2350 2155/2353/2328
f 2246/2509/2490 2242/2503/2484 1986/2202/2171
f 1940/2154/2122 2174/2374/2350 2173/2510/2491
f 1923/2138/2106 2047/2445/2425 1829/2507/2488
f 2120/2318/2293 1882/2457/2437 1924/2454/2434
f 2082/2282/2254 1918/2499/2480 1919/2133/2101
f 1837/2442/2420 1834/2067/2031 1827/2063/2027
f 1827/2063/2027 1874/3563/4608 1925/2512/2493
f 1920/2136/2104 1921/2135/2103 1886/2105/2073
f 1921/2150/2118 1937/2397/2374 1947/2163/2131
f 2242/2503/2484 2246/2509/2490 1966/2390/2366
f 1993/2342/2317 2244/2505/2486 2245/2508/2489
f 2102/2301/2273 1829/2507/2488 2243/2506/2487
f 2114/2513/2494 2115/2314/2289 2116/2316/2291
f 2028/2236/2206 2243/2506/2487 2244/2505/2486
f 2245/2508/2489 2241/2504/2485 2066/2270/2241
f 2152/2349/2324 2153/2351/2326 2115/2314/2289
f 2171/2370/2346 2172/2372/2348 2153/2351/2326
f 2065/2268/2239 2241/2504/2485 2242/2503/2484
f 2246/2509/2490 2247/2511/2492 2089/2288/2260
f 1937/2397/2374 1938/2149/2117 2172/2372/2348
f 2088/2410/2388 2247/2511/2492 1919/2133/2101
f 2113/2312/2287 2116/2316/2291 1925/2455/2435
f 2195/2409/2387 1919/2133/2101 1917/2134/2102
f 2107/2306/2278 1890/2112/2080 1839/2072/2036
f 1891/2514/2495 1934/2144/2112 1838/2070/2034
f 1930/2515/2496 1866/2092/2060 1864/2093/2061
f 1930/2170/2138 1949/2169/2137 1952/2403/2380
f 1972/2388/2364 2211/2429/2407 2218/2435/2413
f 1999/2211/2180 2213/2431/2409 2216/2434/2412
f 2215/2517/2498 2212/2432/2410 2032/2242/2212
f 2068/2345/2320 2217/2440/2418 2210/2430/2408
f 2219/2441/2419 2220/2473/2454 2092/2292/2264
f 2103/2443/2421 2214/2433/2411 2215/2517/2498
f 2140/2331/2306 2133/2328/2303 2134/2330/2305
f 2032/2242/2212 2212/2432/2410 2213/2431/2409
f 1998/2516/2497 2216/2434/2412 2217/2440/2418
f 2165/2363/2338 2162/2360/2335 2133/2328/2303
f 2184/2518/2499 2181/2380/2356 2162/2360/2335
f 2067/2272/2243 2210/2430/2408 2211/2429/2407
f 1971/2191/2159 2218/2435/2413 2219/2441/2419
f 2184/2518/2499 1949/2169/2137 1950/2401/2378
f 2092/2292/2264 2220/2473/2454 1928/2139/2107
f 1840/2071/2035 1841/2436/2414 2214/2433/2411
f 2139/2463/2443 2134/2330/2305 1934/2462/2442
f 2200/2415/2393 1928/2139/2107 1926/2141/2109
f 1824/2520/2501 2199/2471/2452 1864/2093/2061
f 1865/2521/2502 1912/2129/2097 1822/2060/2024
f 1892/2111/2079 1890/2112/2080 1867/2522/2503
f 1865/2173/2141 1951/2172/2140 1954/2176/2144
f 1963/2395/2372 1981/2389/2365 2071/2275/2246
f 2016/2523/2504 2017/2227/2196 2011/2524/2505
f 2041/2248/2218 2105/2304/2276 2045/2252/2222
f 2056/2369/2345 2072/2348/2323 2010/2224/2193
f 2078/2406/2384 2100/2394/2370 1980/2199/2167
f 2105/2304/2276 1856/2085/2051 2108/2444/2422
f 2040/2343/2318 2041/2248/2218 2046/2309/2284
f 2143/2334/2309 2144/2336/2311 2137/2333/2308
f 2055/2260/2230 2010/2224/2193 2011/2524/2505
f 2164/2362/2337 2137/2333/2308 2144/2336/2311
f 1962/2185/2153 2071/2275/2246 2072/2348/2323
f 2167/2365/2340 2186/2383/2359 2183/2382/2358
f 2077/2279/2250 1980/2199/2167 1981/2389/2365
f 1952/2403/2380 2183/2382/2358 2186/2383/2359
f 2192/2472/2453 2099/2299/2271 2100/2394/2370
f 1856/2085/2051 1855/2084/2050 1867/2522/2503
f 2138/2332/2307 1892/2464/2444 1868/2466/2446
f 1824/2520/2501 1825/2058/2022 2099/2299/2271
f 2248/2525/2506 1853/2641/2631 2250/2526/2507
f 2222/2528/2509 1854/2082/4614 1842/2075/2039
f 1911/2475/2456 2252/2538/2520 2251/2530/2511
f 2008/2220/2189 2255/2544/2527 2254/2531/2512
f 2258/2533/2514 2257/2546/2529 2256/2534/2515
f 2261/2535/2516 2260/2549/2532 2259/2536/2517
f 2225/2537/2519 2262/2551/2534 2252/2538/2520
f 2249/2527/2508 2250/2526/2507 2264/2539/2521
f 2252/2538/2520 2266/2553/2536 2265/2541/2523
f 2269/2542/2524 2268/2631/2616 2267/2543/2525
f 2255/2544/2527 2271/2632/2617 2270/2545/2528
f 2257/2546/2529 2273/2633/2618 2272/2547/2530
f 2274/2548/2531 2269/2542/2619 2259/2536/2517
f 2276/2550/2533 2275/2634/2620 2262/2551/2534
f 2262/2551/2534 2275/2634/2620 2266/2553/2536
f 2281/2554/2537 2280/2623/2609 2279/2555/2538
f 2284/2557/2540 2283/2621/2607 2282/2558/2541
f 2288/2560/2543 2287/2624/1899 2286/2561/2544
f 2292/2563/2546 2291/2625/2610 2290/2564/2547
f 2295/2566/2549 2294/2626/2611 2284/2557/2550
f 2296/2567/2552 2299/2587/2570 2298/2568/2553
f 2300/2570/2555 2303/2622/2608 2302/2571/2556
f 2306/2573/2558 2305/2588/2571 2304/2574/2559
f 2309/2576/2561 2308/2593/2575 2306/2573/2558
f 2312/2577/2562 2311/2591/1919 2310/2578/1918
f 2316/2580/1920 2315/2592/1922 2314/2581/2564
f 2320/2583/2566 2319/2590/2574 2318/2584/2567
f 1908/2586/2569 1909/2125/2093 2299/2587/2570
f 1815/1983/1927 2322/2053/2017 2301/2572/2557
f 2301/2572/2557 2302/2571/2556 1801/2048/2005
f 1332/1985/1929 1334/1986/1930 2305/2588/2571
f 2325/1987/1931 2324/1989/1933 2323/2589/2572
f 2312/2577/2562 2327/2054/2018 2326/1990/1934
f 2316/2580/1920 2329/2052/2016 2328/1991/1935
f 2320/2583/2566 2330/2643/2638 2325/1987/1936
f 1816/1992/1937 2331/1996/1941 2308/2593/2575
f 2308/2593/2575 2332/2618/2604 1794/2046/1998
f 2306/2573/2558 2308/2593/2575 2331/1996/1941
f 1814/1995/1940 1332/1985/1929 2306/2573/2558
f 1945/2161/2129 1935/2162/2130 2234/2594/2576
f 2231/2484/2465 2333/2598/4615 2221/2447/2577
f 2334/2595/2578 2333/2598/4615 2231/2484/2465
f 2234/2594/2576 2335/2596/2579 2334/2595/2578
f 1935/2162/2130 1936/2146/2114 2335/2596/2579
f 1898/2148/2580 1910/2602/2589 2336/2597/2581
f 2336/2597/2581 2337/2599/2584 2335/2596/2586
f 2223/2448/2428 2339/2603/2590 2338/2600/2587
f 2251/2601/2588 2340/2604/2591 2336/2597/2581
f 2337/2599/2584 2341/2612/1959 2339/2603/2590
f 2340/2604/2591 2341/2612/1959 2337/2599/2584
f 1753/2018/1968 1751/3561/4605 1908/2608/2595
f 2305/2611/2598 1334/2020/1970 1754/2019/1969
f 1754/2019/1969 1752/3562/1959 2341/2612/1959
f 2345/2613/2599 2344/2617/2603 2343/2614/2600
f 2346/2616/2602 2347/2629/2614 2344/2617/2603
f 2309/2576/2561 2348/2630/2615 2332/2618/2604
f 2349/2619/2605 2318/2584/4616 2319/2590/2573
f 2351/2620/2606 2350/2639/2625 2282/2558/2541
f 2303/2622/2608 2300/2570/2555 2279/2555/2538
f 2284/2557/2540 2318/2584/4616 2349/2619/2605
f 2313/2579/2563 2310/2578/1918 2287/2624/1899
f 2291/2625/2610 2292/2563/2546 2317/2582/2565
f 2321/2585/2568 2318/2584/2567 2284/2557/2550
f 2297/2569/2554 2298/2568/2553 2352/2627/2612
f 2344/2617/2603 2307/2575/2560 2304/2574/2559
f 2347/2629/2614 2309/2576/2561 2307/2575/2560
f 2348/2630/2615 2309/2576/2561 2347/2629/2614
f 2281/2554/2537 2278/2556/2539 2263/2540/2522
f 2266/2553/2536 2345/2613/2599 2342/2615/2601
f 2285/2559/2542 2282/2558/2541 2268/2631/2616
f 2289/2562/2545 2286/2561/2544 2270/2545/2528
f 2273/2633/2618 2293/2565/2548 2290/2564/2547
f 2274/2548/2531 2295/2566/2549 2285/2559/2551
f 2276/2550/2533 2350/2639/2625 2346/2616/2602
f 2275/2634/2620 2346/2616/2602 2345/2613/2599
f 2354/2637/2623 1854/2082/4614 2222/2528/2509
f 2254/2531/2512 2270/2545/2528 2274/2548/2531
f 2286/2561/2544 2287/2624/1899 2294/2626/2611
f 2321/2585/2568 2310/2578/1918 2311/2591/1919
f 2294/2626/2611 2287/2624/1899 2310/2578/1918
f 2270/2545/2528 2286/2561/2544 2295/2566/2549
f 2249/2527/2508 2263/2540/2522 2273/2633/2618
f 2293/2565/2548 2278/2556/2539 2279/2555/2538
f 2317/2582/2565 2300/2570/2555 2301/2572/2557
f 2341/2612/1959 1752/3562/1959 1753/2018/1968
f 2292/2563/2546 2279/2555/2538 2300/2570/2555
f 2263/2540/2522 2278/2556/2539 2293/2565/2548
f 2271/2632/2617 2255/2544/2527 2256/2534/2515
f 2289/2562/2545 2290/2564/2547 2291/2625/2610
f 2313/2579/2563 2314/2581/2564 2315/2592/1922
f 2288/2560/2543 2291/2625/2610 2314/2581/2564
f 2272/2547/2530 2290/2564/2547 2289/2562/2545
f 2267/2543/2525 2268/2631/2616 2276/2550/2533
f 1817/2638/2624 1794/2046/1998 2332/2618/2604
f 2332/2618/2604 2323/2589/2572 2324/1989/1933
f 2348/2630/2615 2349/2619/2605 2323/2589/2572
f 2347/2629/2614 2346/2616/2602 2350/2639/2625
f 2283/2621/2607 2349/2619/2605 2348/2630/2615
f 2268/2631/2616 2282/2558/2541 2350/2639/2625
f 2250/2526/2507 2354/2637/2632 2353/2636/2626
f 2352/2627/2627 2298/2568/2629 2280/2623/2609
f 2303/2622/2608 2299/2587/4617 1909/2125/2628
f 2302/2571/2556 1909/2125/2628 1333/1525/2004
f 2298/2568/2629 2299/2587/4617 2303/2622/2608
f 2264/2539/2521 2353/2636/2626 2352/2627/2627
f 2355/2640/2630 2277/2552/2535 2262/2551/2534
f 2097/2297/2269 2267/2543/2525 2277/2552/2535
f 2097/2297/2269 2098/2296/2268 2259/2536/2526
f 2260/2549/2532 2261/2535/2516 2253/2532/2513
f 2255/2544/2527 2008/2220/2189 2009/2222/2191
f 2257/2546/2529 2258/2533/2514 2248/2525/2506
f 1853/2641/2631 1854/2082/2046 2354/2637/2632
f 2355/2640/2630 2225/2537/2519 2202/2474/2455
f 2097/2297/2269 2355/2640/2630 2190/2392/2368
f 2261/2535/2516 2098/2296/2518 1976/2642/2633
f 2002/2215/2635 2008/2220/2189 2253/2532/2513
f 2035/2245/2636 2258/2533/2514 2009/2222/2191
f 2258/2533/2514 2035/2245/2636 2036/2244/2637
f 1845/2073/2047 1853/2641/2631 2248/2525/2506
f 2320/2583/2566 2311/2591/1919 2326/1990/1934
f 2329/2052/2016 2316/2580/1920 2301/2572/2557
f 2327/2054/2018 2312/2577/2562 2315/2592/1922
f 2447/2644/2639 2468/2648/2643 2404/2645/2640
f 2371/2647/2642 2420/2652/2647 2468/2648/2643
f 2448/2649/2644 2398/2682/2677 2405/2650/2645
f 2371/2647/2642 2448/2649/2644 2469/2651/2646
f 2395/2653/2648 2449/2656/2651 2470/2654/2649
f 2449/2656/2651 2372/2660/2655 2421/2657/2652
f 2397/2646/2641 2404/2645/2640 2471/2658/2653
f 2372/2660/2655 2450/2659/2654 2471/2658/2653
f 2435/2661/2656 2386/2744/2737 2407/2662/2657
f 2505/2664/2659 2506/2821/2807 2472/2663/2658
f 2422/2665/2660 2365/2746/2739 2435/2661/2656
f 2472/2663/2658 2506/2821/2807 2507/2666/2661
f 2473/2667/2662 2508/2822/2808 2509/2668/2663
f 2507/2666/2661 2508/2822/2808 2473/2667/2662
f 2384/2670/2665 2436/2671/2666 2473/2667/2662
f 2436/2671/2666 2365/2746/2739 2422/2665/2660
f 2474/2672/2667 2431/2724/2717 2385/2673/2668
f 2501/2675/2670 2502/2678/2673 2474/2672/2667
f 2363/2676/2671 2431/2724/2717 2474/2672/2667
f 2502/2678/2673 2503/2680/2675 2423/2677/2672
f 2475/2679/2674 2504/2823/2809 2505/2664/2659
f 2503/2680/2675 2504/2823/2809 2475/2679/2674
f 2407/2662/2657 2386/2744/2737 2432/2681/2676
f 2475/2679/2674 2432/2681/2676 2363/2676/2671
f 2398/2682/2677 2451/2684/2679 2476/2683/2678
f 2451/2684/2679 2373/2689/2684 2424/2685/2680
f 2396/2686/2681 2410/3566/2777 2477/2687/2682
f 2452/2688/2683 2477/2687/2682 2424/2685/2680
f 2460/2690/2685 2425/2694/2689 2380/2691/2686
f 2376/2693/2688 2360/2698/2693 2425/2694/2689
f 2461/2695/2690 2402/2700/2695 2381/2696/2691
f 2461/2695/2690 2426/2697/2692 2360/2698/2693
f 2462/2699/2694 2427/2702/2697 2381/2696/2691
f 2377/2701/2696 2361/2706/2701 2427/2702/2697
f 2463/2703/2698 2400/2825/2785 2382/2704/2699
f 2377/2701/2696 2463/2703/2698 2428/2705/2700
f 2482/2707/2702 2419/2734/2727 2383/2708/2703
f 2459/2710/2705 2482/2707/2702 2429/2709/2704
f 2491/2712/2707 2490/2731/2724 2387/2713/2708
f 2437/2714/2709 2366/2815/2801 2492/2715/2710
f 2384/2716/2665 2430/2719/2713 2493/2717/2711
f 2362/2711/2706 2492/2715/2710 2493/2717/2711
f 2430/2719/2713 2384/2716/2665 2408/2720/2664
f 2459/2710/2705 2362/2711/2706 2430/2719/2713
f 2385/2673/2668 2431/2724/2717 2485/2722/2715
f 2363/2676/2671 2484/2817/2803 2485/2722/2715
f 2440/2725/2718 2499/2729/2722 2498/2726/2719
f 2367/2728/2721 2484/2817/2803 2499/2729/2722
f 2383/2708/2703 2433/2733/2726 2489/2730/2723
f 2364/2732/2725 2488/2742/2735 2489/2730/2723
f 2433/2733/2726 2383/2708/2703 2419/2734/2727
f 2364/2732/2725 2433/2733/2726 2481/2735/2728
f 2434/2737/2730 2480/2738/2731 2409/2674/2669
f 2364/2732/2725 2458/2736/2729 2480/2738/2731
f 2487/2739/2732 2486/2723/2716 2390/2740/2733
f 2488/2742/2735 2487/2739/2732 2442/2741/2734
f 2386/2744/2737 2435/2661/2656 2497/2745/2738
f 2365/2746/2739 2496/2750/2742 2497/2745/2738
f 2444/2747/2740 2495/2820/2806 2494/2748/2712
f 2496/2750/2742 2495/2820/2806 2444/2747/2740
f 2358/2752/2744 2411/2756/2748 2530/2753/2745
f 2388/2755/2747 2531/2826/2811 2530/2753/2745
f 2516/2757/2749 2412/2760/2752 2359/2758/2750
f 2516/2757/2749 2531/2826/2811 2388/2755/2747
f 2524/2761/2753 2414/2765/2757 2357/2762/2754
f 2524/2761/2753 2523/2827/2812 2392/2764/2756
f 2356/2766/2758 2413/2769/2761 2522/2767/2759
f 2392/2764/2756 2523/2827/2812 2522/2767/2759
f 2358/2752/2744 2529/2754/2746 2528/2770/2762
f 2528/2770/2762 2527/2828/2813 2393/2772/2764
f 2526/2773/2765 2525/2763/2755 2357/2762/2754
f 2393/2772/2764 2527/2828/2813 2526/2773/2765
f 2356/2766/2758 2521/2768/2760 2520/2775/2767
f 2520/2775/2767 2519/2781/2771 2394/2777/2769
f 2417/2778/2770 2518/2829/2814 2517/2779/2751
f 2519/2781/2771 2518/2829/2814 2417/2778/2770
f 2358/2752/2744 2395/2653/2648 2445/2782/2772
f 2411/2756/2748 2445/2782/2772 2370/2783/2773
f 2445/2782/2772 2395/2653/2648 2406/2655/2650
f 2370/2783/2773 2445/2782/2772 2478/2784/2774
f 2446/2786/2776 2479/2789/2778 2410/2787/2777
f 2370/2783/2773 2453/2785/2775 2479/2789/2778
f 2446/2786/2776 2396/2788/2681 2359/2758/2750
f 2388/2755/2747 2370/2783/2773 2446/2786/2776
f 2414/2765/2757 2447/2644/2639 2397/2646/2641
f 2371/2647/2642 2447/2644/2639 2414/2765/2757
f 2356/2766/2758 2398/2682/2677 2448/2649/2644
f 2448/2649/2644 2371/2647/2642 2392/2764/2756
f 2449/2656/2651 2395/2653/2648 2358/2752/2744
f 2372/2660/2655 2449/2656/2651 2416/2771/2763
f 2357/2762/2754 2397/2646/2641 2450/2659/2654
f 2415/2774/2766 2450/2659/2654 2372/2660/2655
f 2451/2684/2679 2398/2682/2677 2356/2766/2758
f 2394/2777/2769 2373/2689/2684 2451/2684/2679
f 2359/2780/2750 2396/2686/2681 2452/2688/2683
f 2417/2778/2770 2452/2688/2683 2373/2689/2684
f 2454/2790/2779 2399/2804/2792 2403/2791/2780
f 2374/2793/2782 2454/2790/2779 2464/2792/2781
f 2455/2795/2784 2465/2798/2786 2382/2796/2699
f 2374/2793/2782 2378/2794/2783 2465/2798/2786
f 2456/2799/2787 2401/2692/2687 2380/2691/2686
f 2375/2801/2789 2456/2799/2787 2466/2800/2788
f 2457/2803/2791 2467/2805/2793 2403/2791/2780
f 2375/2801/2789 2379/2802/2790 2467/2805/2793
f 2480/2738/2731 2500/2807/2795 2501/2675/2670
f 2480/2738/2731 2458/2736/2729 2515/2806/2794
f 2419/2734/2727 2513/2809/2797 2514/2808/2796
f 2481/2735/2728 2514/2808/2796 2515/2806/2794
f 2482/2707/2702 2512/2824/2810 2513/2809/2797
f 2511/2810/2798 2512/2824/2810 2482/2707/2702
f 2509/2811/2663 2510/2812/2799 2483/2721/2714
f 2511/2810/2798 2459/2710/2705 2483/2721/2714
f 2491/2712/2707 2429/2709/2704 2383/2708/2703
f 2362/2711/2706 2429/2709/2704 2491/2712/2707
f 2389/2813/2741 2494/2718/2712 2493/2717/2711
f 2438/2814/2800 2493/2717/2711 2492/2715/2710
f 2439/2816/2802 2390/2740/2733 2486/2723/2716
f 2439/2816/2802 2485/2722/2715 2484/2817/2803
f 2499/2729/2722 2432/2681/2676 2386/2744/2737
f 2363/2676/2671 2432/2681/2676 2499/2729/2722
f 2441/2818/2804 2387/2713/2708 2490/2731/2724
f 2441/2818/2804 2489/2730/2723 2488/2742/2735
f 2385/2673/2668 2486/2723/2716 2487/2739/2732
f 2488/2742/2735 2364/2732/2725 2434/2737/2730
f 2443/2819/2805 2391/2727/2720 2498/2726/2719
f 2443/2819/2805 2497/2745/2738 2496/2750/2742
f 2495/2820/2806 2436/2671/2666 2384/2670/2665
f 2365/2746/2739 2436/2671/2666 2495/2820/2806
f 2399/2804/2792 2454/2790/2779 2506/2821/2807
f 2374/2793/2782 2507/2666/2661 2506/2821/2807
f 2508/2822/2808 2455/2795/2784 2400/2797/2785
f 2374/2793/2782 2455/2795/2784 2508/2822/2808
f 2401/2692/2687 2456/2799/2787 2502/2678/2673
f 2456/2799/2787 2375/2801/2789 2503/2680/2675
f 2504/2823/2809 2457/2803/2791 2399/2804/2792
f 2375/2801/2789 2457/2803/2791 2504/2823/2809
f 2500/2807/2795 2460/2690/2685 2401/2692/2687
f 2376/2693/2688 2460/2690/2685 2500/2807/2795
f 2513/2809/2797 2402/2700/2695 2461/2695/2690
f 2461/2695/2690 2376/2693/2688 2515/2806/2794
f 2512/2824/2810 2462/2699/2694 2402/2700/2695
f 2511/2810/2798 2377/2701/2696 2462/2699/2694
f 2400/2825/2785 2463/2703/2698 2510/2812/2799
f 2510/2812/2799 2463/2703/2698 2377/2701/2696
f 2387/2713/2708 2529/2754/2746 2530/2753/2745
f 2366/2815/2801 2437/2714/2709 2530/2753/2745
f 2389/2813/2741 2438/2814/2800 2516/2757/2749
f 2366/2815/2801 2531/2826/2811 2516/2757/2749
f 2390/2740/2733 2439/2816/2802 2524/2761/2753
f 2367/2728/2721 2523/2827/2812 2524/2761/2753
f 2391/2727/2720 2521/2768/2760 2522/2767/2759
f 2367/2728/2721 2440/2725/2718 2522/2767/2759
f 2387/2713/2708 2441/2818/2804 2528/2770/2762
f 2368/2743/2736 2527/2828/2813 2528/2770/2762
f 2526/2773/2765 2442/2741/2734 2390/2740/2733
f 2368/2743/2736 2442/2741/2734 2526/2773/2765
f 2521/2768/2760 2391/2727/2720 2443/2819/2805
f 2369/2751/2743 2519/2781/2771 2520/2775/2767
f 2518/2829/2814 2444/2747/2740 2389/2749/2741
f 2369/2751/2743 2444/2747/2740 2518/2829/2814
f 2624/2845/2639 2645/2849/2643 2581/2846/2640
f 2548/2848/2642 2597/2853/2647 2645/2849/2643
f 2625/2850/2817 2575/2883/2828 2582/2851/2645
f 2548/2848/2642 2625/2850/2817 2646/2852/2646
f 2572/2854/2648 2626/2857/2651 2647/2855/2818
f 2626/2857/2651 2549/2861/2655 2598/2858/2652
f 2574/2847/2816 2581/2846/2640 2648/2859/2653
f 2549/2861/2655 2627/2860/2654 2648/2859/2653
f 2612/2862/2819 2563/2945/2835 2584/2863/2820
f 2682/2865/2659 2683/3022/2858 2649/2864/2658
f 2599/2866/2660 2542/2947/2739 2612/2862/2819
f 2649/2864/2658 2683/3022/2858 2684/2867/2661
f 2650/2868/2662 2685/3023/2808 2686/2869/2663
f 2684/2867/2661 2685/3023/2808 2650/2868/2662
f 2561/2871/2665 2613/2872/2821 2650/2868/2662
f 2613/2872/2821 2542/2947/2739 2599/2866/2660
f 2651/2873/2822 2608/2925/2832 2562/2874/2823
f 2678/2876/2824 2679/2879/2673 2651/2873/2822
f 2540/2877/2825 2608/2925/2832 2651/2873/2822
f 2679/2879/2673 2680/2881/2675 2600/2878/2826
f 2652/2880/2827 2681/3024/2809 2682/2865/2659
f 2680/2881/2675 2681/3024/2809 2652/2880/2827
f 2584/2863/2820 2563/2945/2835 2609/2882/2676
f 2652/2880/2827 2609/2882/2676 2540/2877/2825
f 2575/2883/2828 2628/2885/2679 2653/2884/2678
f 2628/2885/2679 2550/2890/2684 2601/2886/2680
f 2573/2887/2829 2587/3567/2848 2654/2888/2682
f 2629/2889/2683 2654/2888/2682 2601/2886/2680
f 2637/2891/2685 2602/2895/2830 2557/2892/2686
f 2553/2894/2688 2537/2899/2693 2602/2895/2830
f 2638/2896/2690 2579/2901/2695 2558/2897/2691
f 2638/2896/2690 2603/2898/2692 2537/2899/2693
f 2639/2900/2694 2604/2903/2831 2558/2897/2691
f 2554/2902/2696 2538/2907/2701 2604/2903/2831
f 2640/2904/2698 2577/3026/2785 2559/2905/2699
f 2554/2902/2696 2640/2904/2698 2605/2906/2700
f 2659/2908/2702 2596/2935/2727 2560/2909/2703
f 2636/2911/2705 2659/2908/2702 2606/2910/2704
f 2668/2913/2707 2667/2932/2724 2564/2914/2708
f 2614/2915/2709 2543/3016/2801 2669/2916/2710
f 2561/2917/2665 2607/2920/2713 2670/2918/2711
f 2539/2912/2706 2669/2916/2710 2670/2918/2711
f 2607/2920/2713 2561/2917/2665 2585/2921/2664
f 2636/2911/2705 2539/2912/2706 2607/2920/2713
f 2562/2874/2823 2608/2925/2832 2662/2923/2715
f 2540/2877/2825 2661/3018/2803 2662/2923/2715
f 2617/2926/2718 2676/2930/2722 2675/2927/2719
f 2544/2929/2721 2661/3018/2803 2676/2930/2722
f 2560/2909/2703 2610/2934/2726 2666/2931/2723
f 2541/2933/2725 2665/2943/2834 2666/2931/2723
f 2610/2934/2726 2560/2909/2703 2596/2935/2727
f 2541/2933/2725 2610/2934/2726 2658/2936/2728
f 2611/2938/2730 2657/2939/2731 2586/2875/2669
f 2541/2933/2725 2635/2937/2729 2657/2939/2731
f 2664/2940/2732 2663/2924/2716 2567/2941/2733
f 2665/2943/2834 2664/2940/2732 2619/2942/2833
f 2563/2945/2835 2612/2862/2819 2674/2946/2836
f 2542/2947/2739 2673/2951/2742 2674/2946/2836
f 2621/2948/2740 2672/3021/2806 2671/2949/2712
f 2673/2951/2742 2672/3021/2806 2621/2948/2740
f 2535/2953/2838 2588/2957/2748 2707/2954/2745
f 2565/2956/2840 2708/3027/2860 2707/2954/2745
f 2693/2958/2749 2589/2961/2752 2536/2959/2841
f 2693/2958/2749 2708/3027/2860 2565/2956/2840
f 2701/2962/2843 2591/2966/2757 2534/2963/2844
f 2701/2962/2843 2700/3028/2812 2569/2965/2756
f 2533/2967/2758 2590/2970/2761 2699/2968/2759
f 2569/2965/2756 2700/3028/2812 2699/2968/2759
f 2535/2953/2838 2706/2955/2839 2705/2971/2762
f 2705/2971/2762 2704/3029/2813 2570/2973/2764
f 2703/2974/2765 2702/2964/2755 2534/2963/2844
f 2570/2973/2764 2704/3029/2813 2703/2974/2765
f 2533/2967/2758 2698/2969/2760 2697/2976/2767
f 2697/2976/2767 2696/2982/2771 2571/2978/2769
f 2594/2979/2770 2695/3030/2814 2694/2980/2842
f 2696/2982/2771 2695/3030/2814 2594/2979/2770
f 2535/2953/2838 2572/2854/2648 2622/2983/2772
f 2588/2957/2748 2622/2983/2772 2547/2984/2773
f 2622/2983/2772 2572/2854/2648 2583/2856/2650
f 2547/2984/2773 2622/2983/2772 2655/2985/2774
f 2623/2987/2776 2656/2990/2849 2587/2988/2848
f 2547/2984/2773 2630/2986/2847 2656/2990/2849
f 2623/2987/2776 2573/2989/2829 2536/2959/2841
f 2565/2956/2840 2547/2984/2773 2623/2987/2776
f 2591/2966/2757 2624/2845/2639 2574/2847/2816
f 2548/2848/2642 2624/2845/2639 2591/2966/2757
f 2533/2967/2758 2575/2883/2828 2625/2850/2817
f 2625/2850/2817 2548/2848/2642 2569/2965/2756
f 2626/2857/2651 2572/2854/2648 2535/2953/2838
f 2549/2861/2655 2626/2857/2651 2593/2972/2845
f 2534/2963/2844 2574/2847/2816 2627/2860/2654
f 2592/2975/2766 2627/2860/2654 2549/2861/2655
f 2628/2885/2679 2575/2883/2828 2533/2967/2758
f 2571/2978/2769 2550/2890/2684 2628/2885/2679
f 2536/2981/2841 2573/2887/2829 2629/2889/2683
f 2594/2979/2770 2629/2889/2683 2550/2890/2684
f 2631/2991/2850 2576/3005/2792 2580/2992/2780
f 2551/2994/2782 2631/2991/2850 2641/2993/2781
f 2632/2996/2784 2642/2999/2786 2559/2997/2699
f 2551/2994/2782 2555/2995/2783 2642/2999/2786
f 2633/3000/2787 2578/2893/2687 2557/2892/2686
f 2552/3002/2852 2633/3000/2787 2643/3001/2851
f 2634/3004/2791 2644/3006/2793 2580/2992/2780
f 2552/3002/2852 2556/3003/2790 2644/3006/2793
f 2657/2939/2731 2677/3008/2795 2678/2876/2824
f 2657/2939/2731 2635/2937/2729 2692/3007/2794
f 2596/2935/2727 2690/3010/2854 2691/3009/2853
f 2658/2936/2728 2691/3009/2853 2692/3007/2794
f 2659/2908/2702 2689/3025/2859 2690/3010/2854
f 2688/3011/2798 2689/3025/2859 2659/2908/2702
f 2686/3012/2663 2687/3013/2799 2660/2922/2714
f 2688/3011/2798 2636/2911/2705 2660/2922/2714
f 2668/2913/2707 2606/2910/2704 2560/2909/2703
f 2539/2912/2706 2606/2910/2704 2668/2913/2707
f 2566/3014/2837 2671/2919/2712 2670/2918/2711
f 2615/3015/2855 2670/2918/2711 2669/2916/2710
f 2616/3017/2856 2567/2941/2733 2663/2924/2716
f 2616/3017/2856 2662/2923/2715 2661/3018/2803
f 2676/2930/2722 2609/2882/2676 2563/2945/2835
f 2540/2877/2825 2609/2882/2676 2676/2930/2722
f 2618/3019/2804 2564/2914/2708 2667/2932/2724
f 2618/3019/2804 2666/2931/2723 2665/2943/2834
f 2562/2874/2823 2663/2924/2716 2664/2940/2732
f 2665/2943/2834 2541/2933/2725 2611/2938/2730
f 2620/3020/2857 2568/2928/2720 2675/2927/2719
f 2620/3020/2857 2674/2946/2836 2673/2951/2742
f 2672/3021/2806 2613/2872/2821 2561/2871/2665
f 2542/2947/2739 2613/2872/2821 2672/3021/2806
f 2576/3005/2792 2631/2991/2850 2683/3022/2858
f 2551/2994/2782 2684/2867/2661 2683/3022/2858
f 2685/3023/2808 2632/2996/2784 2577/2998/2785
f 2551/2994/2782 2632/2996/2784 2685/3023/2808
f 2578/2893/2687 2633/3000/2787 2679/2879/2673
f 2633/3000/2787 2552/3002/2852 2680/2881/2675
f 2681/3024/2809 2634/3004/2791 2576/3005/2792
f 2552/3002/2852 2634/3004/2791 2681/3024/2809
f 2677/3008/2795 2637/2891/2685 2578/2893/2687
f 2553/2894/2688 2637/2891/2685 2677/3008/2795
f 2690/3010/2854 2579/2901/2695 2638/2896/2690
f 2638/2896/2690 2553/2894/2688 2692/3007/2794
f 2689/3025/2859 2639/2900/2694 2579/2901/2695
f 2688/3011/2798 2554/2902/2696 2639/2900/2694
f 2577/3026/2785 2640/2904/2698 2687/3013/2799
f 2687/3013/2799 2640/2904/2698 2554/2902/2696
f 2564/2914/2708 2706/2955/2839 2707/2954/2745
f 2543/3016/2801 2614/2915/2709 2707/2954/2745
f 2566/3014/2837 2615/3015/2855 2693/2958/2749
f 2543/3016/2801 2708/3027/2860 2693/2958/2749
f 2567/2941/2733 2616/3017/2856 2701/2962/2843
f 2544/2929/2721 2700/3028/2812 2701/2962/2843
f 2568/2928/2720 2698/2969/2760 2699/2968/2759
f 2544/2929/2721 2617/2926/2718 2699/2968/2759
f 2564/2914/2708 2618/3019/2804 2705/2971/2762
f 2545/2944/2736 2704/3029/2813 2705/2971/2762
f 2703/2974/2765 2619/2942/2833 2567/2941/2733
f 2545/2944/2736 2619/2942/2833 2703/2974/2765
f 2698/2969/2760 2568/2928/2720 2620/3020/2857
f 2546/2952/2743 2696/2982/2771 2697/2976/2767
f 2695/3030/2814 2621/2948/2740 2566/2950/2837
f 2546/2952/2743 2621/2948/2740 2695/3030/2814
f 2713/2645/2861 2712/2648/2864 2711/2644/2862
f 2712/2648/2864 2715/2652/4618 2714/2647/2865
f 2716/2649/2866 2719/2651/2869 2718/2650/2867
f 2714/2647/2865 2715/2652/4618 2719/2651/2869
f 2720/2653/2870 2723/2655/2996 2722/2654/2871
f 2721/2656/2872 2722/2654/2871 2725/2657/2873
f 2727/2658/2875 2713/2645/2861 2710/2646/2863
f 2724/2660/2874 2725/2657/2873 2727/2658/2875
f 2730/2661/2877 2729/2663/2880 2728/2662/2878
f 2729/2663/2880 2733/2821/2884 2732/2664/2881
f 2730/2661/2877 2735/2746/2959 2734/2665/2882
f 2729/2663/2880 2734/2665/2882 2736/2666/2883
f 2740/2668/2885 2739/2822/2888 2738/2667/2886
f 2736/2666/2883 2734/2665/2882 2738/2667/2886
f 2738/2667/2886 2742/2671/2890 2741/2670/2889
f 2734/2665/2882 2735/2746/2959 2742/2671/2890
f 2746/2673/2891 2745/2724/2896 2744/2672/2892
f 2744/2672/2892 2748/2678/2898 2747/2675/2894
f 2750/2676/2895 2749/2677/2897 2744/2672/2892
f 2749/2677/2897 2751/2680/2900 2748/2678/2898
f 2732/2664/2881 2753/2823/2901 2752/2679/2899
f 2751/2680/2900 2749/2677/2897 2752/2679/2899
f 2728/2662/2878 2752/2679/2899 2754/2681/2902
f 2752/2679/2899 2749/2677/2897 2750/2676/2895
f 2717/2682/2868 2718/2650/2867 2756/2683/2903
f 2755/2684/2904 2756/2683/2903 2758/2685/2905
f 2762/2687/2907 2761/3566/2998 2760/2686/2908
f 2758/2685/2905 2762/2687/2907 2759/2688/2909
f 2766/2691/2910 2765/2694/2913 2764/2690/2911
f 2765/2694/2913 2768/2698/2918 2767/2693/2914
f 2769/2695/2915 2772/2697/3031 2771/2696/2916
f 2768/2698/2918 2772/2697/3031 2769/2695/2915
f 2771/2696/2916 2774/2702/2920 2773/2699/2919
f 2774/2702/2920 2776/2706/3033 2775/2701/2921
f 2779/2703/2922 2778/2705/2925 2777/2704/2923
f 2775/2701/2921 2776/2706/3033 2778/2705/2925
f 2783/2707/2926 2782/2709/2930 2781/2708/2927
f 2786/2710/2929 2785/2711/2939 2782/2709/2930
f 2789/2712/2931 2788/2714/2934 2787/2713/2932
f 2788/2714/2934 2789/2712/2931 2792/2715/2935
f 2741/2716/2889 2795/2718/2960 2794/2717/2937
f 2794/2717/2937 2792/2715/2935 2785/2711/2939
f 2793/2719/2938 2796/2721/2940 2737/2720/2887
f 2793/2719/2938 2785/2711/2939 2786/2710/2929
f 2746/2673/2891 2798/2723/2955 2797/2722/2941
f 2797/2722/2941 2799/2817/3021 2750/2676/2895
f 2803/2726/2942 2802/2729/2945 2801/2725/2943
f 2802/2729/2945 2799/2817/3021 2804/2728/2946
f 2781/2708/2927 2790/2731/2933 2806/2730/2947
f 2806/2730/2947 2808/2742/2956 2807/2732/2949
f 2805/2733/2948 2809/2735/2950 2784/2734/2928
f 2807/2732/2949 2810/2736/3014 2809/2735/2950
f 2743/2674/2893 2812/2738/2952 2811/2737/2951
f 2812/2738/2952 2810/2736/3014 2807/2732/2949
f 2815/2739/2953 2814/2741/2957 2813/2740/2954
f 2808/2742/2956 2816/2743/3028 2814/2741/2957
f 2731/2744/2879 2803/2726/2942 2817/2745/2958
f 2817/2745/2958 2818/2750/2963 2735/2746/2959
f 2795/2748/2960 2821/2820/2964 2820/2747/2961
f 2818/2750/2963 2822/2751/3030 2820/2747/2961
f 2823/2752/2965 2826/2754/2980 2825/2753/2966
f 2825/2753/2966 2828/2826/3026 2827/2755/2968
f 2831/2757/2969 2830/2759/2990 2829/2758/2970
f 2827/2755/2968 2828/2826/3026 2831/2757/2969
f 2835/2761/2972 2834/2763/2984 2833/2762/2973
f 2838/2764/2975 2837/2827/3027 2835/2761/2972
f 2839/2766/2976 2842/2768/2987 2841/2767/2977
f 2841/2767/2977 2837/2827/3027 2838/2764/2975
f 2823/2752/2965 2844/2771/2982 2843/2770/2979
f 2846/2772/2981 2845/2828/3029 2843/2770/2979
f 2848/2773/2983 2847/2774/2985 2833/2762/2973
f 2848/2773/2983 2845/2828/3029 2846/2772/2981
f 2839/2766/2976 2850/2776/2989 2849/2775/2986
f 2852/2777/2988 2851/2781/2992 2849/2775/2986
f 2830/2779/2990 2854/2829/2993 2853/2778/2991
f 2851/2781/2992 2852/2777/2988 2853/2778/2991
f 2823/2752/2965 2824/2756/2967 2855/2782/2994
f 2824/2756/2967 2827/2755/2968 2856/2783/2995
f 2855/2782/2994 2857/2784/2997 2723/2655/2996
f 2856/2783/2995 2858/2785/4619 2857/2784/2997
f 2761/2787/2998 2860/2789/3000 2859/2786/2999
f 2860/2789/3000 2858/2785/4619 2856/2783/2995
f 2859/2786/2999 2832/2760/2971 2829/2758/2970
f 2859/2786/2999 2856/2783/2995 2827/2755/2968
f 2710/2646/2863 2711/2644/2862 2836/2765/2974
f 2714/2647/2865 2838/2764/2975 2836/2765/2974
f 2839/2766/2976 2840/2769/2978 2716/2649/2866
f 2838/2764/2975 2714/2647/2865 2716/2649/2866
f 2721/2656/2872 2844/2771/2982 2823/2752/2965
f 2724/2660/2874 2846/2772/2981 2844/2771/2982
f 2833/2762/2973 2847/2774/2985 2726/2659/2876
f 2847/2774/2985 2846/2772/2981 2724/2660/2874
f 2755/2684/2904 2850/2776/2989 2839/2766/2976
f 2755/2684/2904 2757/2689/2906 2852/2777/2988
f 2829/2780/2970 2853/2778/2991 2759/2688/2909
f 2853/2778/2991 2852/2777/2988 2757/2689/2906
f 2863/2790/3001 2862/2792/3005 2861/2791/3002
f 2866/2793/3004 2865/2794/3034 2862/2792/3005
f 2777/2796/2923 2868/2798/3007 2867/2795/3006
f 2868/2798/3007 2865/2794/3034 2866/2793/3004
f 2870/2799/3008 2869/2800/3010 2766/2691/2910
f 2872/2801/3009 2871/2802/3035 2869/2800/3010
f 2861/2791/3002 2874/2805/3012 2873/2803/3011
f 2874/2805/3012 2871/2802/3035 2872/2801/3009
f 2747/2675/2894 2875/2807/3024 2812/2738/2952
f 2812/2738/2952 2875/2807/3024 2876/2806/3013
f 2784/2734/2928 2809/2735/2950 2878/2808/3015
f 2809/2735/2950 2810/2736/3014 2876/2806/3013
f 2877/2809/3016 2879/2824/3018 2783/2707/2926
f 2880/2810/3017 2786/2710/2929 2783/2707/2926
f 2796/2721/2940 2881/2812/3025 2740/2811/2885
f 2880/2810/3017 2881/2812/3025 2796/2721/2940
f 2789/2712/2931 2790/2731/2933 2781/2708/2927
f 2789/2712/2931 2782/2709/2930 2785/2711/2939
f 2819/2813/2962 2882/2814/3019 2794/2717/2937
f 2882/2814/3019 2791/2815/2936 2792/2715/2935
f 2798/2723/2955 2813/2740/2954 2883/2816/3020
f 2883/2816/3020 2804/2728/2946 2799/2817/3021
f 2802/2729/2945 2803/2726/2942 2731/2744/2879
f 2802/2729/2945 2754/2681/2902 2750/2676/2895
f 2790/2731/2933 2787/2713/2932 2884/2818/3022
f 2884/2818/3022 2816/2743/3028 2808/2742/2956
f 2746/2673/2891 2811/2737/2951 2815/2739/2953
f 2808/2742/2956 2815/2739/2953 2811/2737/2951
f 2803/2726/2942 2800/2727/2944 2885/2819/3023
f 2885/2819/3023 2822/2751/3030 2818/2750/2963
f 2821/2820/2964 2795/2748/2960 2741/2670/2889
f 2821/2820/2964 2742/2671/2890 2735/2746/2959
f 2733/2821/2884 2863/2790/3001 2864/2804/3003
f 2866/2793/3004 2863/2790/3001 2733/2821/2884
f 2739/2822/2888 2740/2668/2885 2780/2797/2924
f 2739/2822/2888 2867/2795/3006 2866/2793/3004
f 2748/2678/2898 2870/2799/3008 2763/2692/2912
f 2751/2680/2900 2872/2801/3009 2870/2799/3008
f 2753/2823/2901 2732/2664/2881 2864/2804/3003
f 2753/2823/2901 2873/2803/3011 2872/2801/3009
f 2875/2807/3024 2747/2675/2894 2763/2692/2912
f 2875/2807/3024 2764/2690/2911 2767/2693/2914
f 2877/2809/3016 2878/2808/3015 2769/2695/2915
f 2876/2806/3013 2767/2693/2914 2769/2695/2915
f 2879/2824/3018 2877/2809/3016 2770/2700/2917
f 2880/2810/3017 2879/2824/3018 2773/2699/2919
f 2881/2812/3025 2779/2703/2922 2780/2825/2924
f 2881/2812/3025 2880/2810/3017 2775/2701/2921
f 2787/2713/2932 2788/2714/2934 2825/2753/2966
f 2825/2753/2966 2788/2714/2934 2791/2815/2936
f 2831/2757/2969 2882/2814/3019 2819/2813/2962
f 2791/2815/2936 2882/2814/3019 2831/2757/2969
f 2835/2761/2972 2883/2816/3020 2813/2740/2954
f 2804/2728/2946 2883/2816/3020 2835/2761/2972
f 2800/2727/2944 2801/2725/2943 2841/2767/2977
f 2841/2767/2977 2801/2725/2943 2804/2728/2946
f 2843/2770/2979 2884/2818/3022 2787/2713/2932
f 2816/2743/3028 2884/2818/3022 2843/2770/2979
f 2848/2773/2983 2834/2763/2984 2813/2740/2954
f 2848/2773/2983 2814/2741/2957 2816/2743/3028
f 2842/2768/2987 2849/2775/2986 2885/2819/3023
f 2822/2751/3030 2885/2819/3023 2849/2775/2986
f 2854/2829/2993 2830/2779/2990 2819/2749/2962
f 2854/2829/2993 2820/2747/2961 2822/2751/3030
f 2890/2846/2861 2889/2849/2864 2888/2845/2862
f 2889/2849/2864 2892/2853/4618 2891/2848/2865
f 2893/2850/2866 2896/2852/2869 2895/2851/2867
f 2891/2848/2865 2892/2853/4618 2896/2852/2869
f 2897/2854/2870 2900/2856/2996 2899/2855/2871
f 2898/2857/2872 2899/2855/2871 2902/2858/2873
f 2904/2859/2875 2890/2846/2861 2887/2847/2863
f 2901/2861/2874 2902/2858/2873 2904/2859/2875
f 2907/2862/3037 2906/2864/2880 2905/2863/3038
f 2906/2864/2880 2910/3022/3040 2909/2865/2881
f 2907/2862/3037 2912/2947/2959 2911/2866/2882
f 2906/2864/2880 2911/2866/2882 2913/2867/2883
f 2917/2869/3041 2916/3023/2888 2915/2868/2886
f 2913/2867/2883 2911/2866/2882 2915/2868/2886
f 2915/2868/2886 2919/2872/3042 2918/2871/2889
f 2911/2866/2882 2912/2947/2959 2919/2872/3042
f 2923/2874/3043 2922/2925/3047 2921/2873/3044
f 2921/2873/3044 2925/2879/2898 2924/2876/3045
f 2927/2877/3046 2926/2878/3048 2921/2873/3044
f 2926/2878/3048 2928/2881/3049 2925/2879/2898
f 2909/2865/2881 2930/3024/3050 2929/2880/2899
f 2928/2881/3049 2926/2878/3048 2929/2880/2899
f 2905/2863/3038 2929/2880/2899 2931/2882/2902
f 2929/2880/2899 2926/2878/3048 2927/2877/3046
f 2894/2883/2868 2895/2851/2867 2933/2884/2903
f 2932/2885/2904 2933/2884/2903 2935/2886/3051
f 2939/2888/2907 2938/3567/3072 2937/2887/3052
f 2935/2886/3051 2939/2888/2907 2936/2889/2909
f 2943/2892/2910 2942/2895/3053 2941/2891/2911
f 2942/2895/3053 2945/2899/2918 2944/2894/2914
f 2946/2896/3054 2949/2898/3031 2948/2897/2916
f 2945/2899/2918 2949/2898/3031 2946/2896/3054
f 2948/2897/2916 2951/2903/3055 2950/2900/2919
f 2951/2903/3055 2953/2907/3080 2952/2902/2921
f 2956/2904/2922 2955/2906/2925 2954/2905/2923
f 2952/2902/2921 2953/2907/3080 2955/2906/2925
f 2960/2908/3057 2959/2910/2930 2958/2909/3058
f 2963/2911/2929 2962/2912/2939 2959/2910/2930
f 2966/2913/2931 2965/2915/2934 2964/2914/2932
f 2965/2915/2934 2966/2913/2931 2969/2916/2935
f 2918/2917/2889 2972/2919/2960 2971/2918/2937
f 2971/2918/2937 2969/2916/2935 2962/2912/2939
f 2970/2920/2938 2973/2922/2940 2914/2921/2887
f 2970/2920/2938 2962/2912/2939 2963/2911/2929
f 2923/2874/3043 2975/2924/2955 2974/2923/2941
f 2974/2923/2941 2976/3018/3021 2927/2877/3046
f 2980/2927/2942 2979/2930/2945 2978/2926/2943
f 2979/2930/2945 2976/3018/3021 2981/2929/2946
f 2958/2909/3058 2967/2932/2933 2983/2931/2947
f 2983/2931/2947 2985/2943/2956 2984/2933/2949
f 2982/2934/2948 2986/2936/2950 2961/2935/3059
f 2984/2933/2949 2987/2937/3014 2986/2936/2950
f 2920/2875/2893 2989/2939/2952 2988/2938/2951
f 2989/2939/2952 2987/2937/3014 2984/2933/2949
f 2992/2940/3060 2991/2942/2957 2990/2941/2954
f 2985/2943/2956 2993/2944/3028 2991/2942/2957
f 2908/2945/3039 2980/2927/2942 2994/2946/3061
f 2994/2946/3061 2995/2951/2963 2912/2947/2959
f 2972/2949/2960 2998/3021/2964 2997/2948/2961
f 2995/2951/2963 2999/2952/3030 2997/2948/2961
f 3000/2953/2965 3003/2955/3068 3002/2954/2966
f 3002/2954/2966 3005/3027/3079 3004/2956/3064
f 3008/2958/2969 3007/2960/3071 3006/2959/3065
f 3004/2956/3064 3005/3027/3079 3008/2958/2969
f 3012/2962/3066 3011/2964/2984 3010/2963/3067
f 3015/2965/2975 3014/3028/3027 3012/2962/3066
f 3016/2967/2976 3019/2969/3070 3018/2968/2977
f 3018/2968/2977 3014/3028/3027 3015/2965/2975
f 3000/2953/2965 3021/2972/3069 3020/2971/2979
f 3023/2973/2981 3022/3029/3029 3020/2971/2979
f 3025/2974/2983 3024/2975/2985 3010/2963/3067
f 3025/2974/2983 3022/3029/3029 3023/2973/2981
f 3016/2967/2976 3027/2977/2989 3026/2976/2986
f 3029/2978/2988 3028/2982/2992 3026/2976/2986
f 3007/2980/3071 3031/3030/2993 3030/2979/2991
f 3028/2982/2992 3029/2978/2988 3030/2979/2991
f 3000/2953/2965 3001/2957/3063 3032/2983/2994
f 3001/2957/3063 3004/2956/3064 3033/2984/2995
f 3032/2983/2994 3034/2985/2997 2900/2856/2996
f 3033/2984/2995 3035/2986/4620 3034/2985/2997
f 2938/2988/3072 3037/2990/3000 3036/2987/2999
f 3037/2990/3000 3035/2986/4620 3033/2984/2995
f 3036/2987/2999 3009/2961/2971 3006/2959/3065
f 3036/2987/2999 3033/2984/2995 3004/2956/3064
f 2887/2847/2863 2888/2845/2862 3013/2966/2974
f 2891/2848/2865 3015/2965/2975 3013/2966/2974
f 3016/2967/2976 3017/2970/2978 2893/2850/2866
f 3015/2965/2975 2891/2848/2865 2893/2850/2866
f 2898/2857/2872 3021/2972/3069 3000/2953/2965
f 2901/2861/2874 3023/2973/2981 3021/2972/3069
f 3010/2963/3067 3024/2975/2985 2903/2860/3036
f 3024/2975/2985 3023/2973/2981 2901/2861/2874
f 2932/2885/2904 3027/2977/2989 3016/2967/2976
f 2932/2885/2904 2934/2890/2906 3029/2978/2988
f 3006/2981/3065 3030/2979/2991 2936/2889/2909
f 3030/2979/2991 3029/2978/2988 2934/2890/2906
f 3040/2991/3073 3039/2993/3005 3038/2992/3002
f 3043/2994/3004 3042/2995/3034 3039/2993/3005
f 2954/2997/2923 3045/2999/3007 3044/2996/3006
f 3045/2999/3007 3042/2995/3034 3043/2994/3004
f 3047/3000/3008 3046/3001/3010 2943/2892/2910
f 3049/3002/3009 3048/3003/3035 3046/3001/3010
f 3038/2992/3002 3051/3006/3012 3050/3004/3011
f 3051/3006/3012 3048/3003/3035 3049/3002/3009
f 2924/2876/3045 3052/3008/3024 2989/2939/2952
f 2989/2939/2952 3052/3008/3024 3053/3007/3013
f 2961/2935/3059 2986/2936/2950 3055/3009/3015
f 2986/2936/2950 2987/2937/3014 3053/3007/3013
f 3054/3010/3074 3056/3025/3075 2960/2908/3057
f 3057/3011/3017 2963/2911/2929 2960/2908/3057
f 2973/2922/2940 3058/3013/3025 2917/3012/3041
f 3057/3011/3017 3058/3013/3025 2973/2922/2940
f 2966/2913/2931 2967/2932/2933 2958/2909/3058
f 2966/2913/2931 2959/2910/2930 2962/2912/2939
f 2996/3014/3062 3059/3015/3076 2971/2918/2937
f 3059/3015/3076 2968/3016/2936 2969/2916/2935
f 2975/2924/2955 2990/2941/2954 3060/3017/3077
f 3060/3017/3077 2981/2929/2946 2976/3018/3021
f 2979/2930/2945 2980/2927/2942 2908/2945/3039
f 2979/2930/2945 2931/2882/2902 2927/2877/3046
f 2967/2932/2933 2964/2914/2932 3061/3019/3022
f 3061/3019/3022 2993/2944/3028 2985/2943/2956
f 2923/2874/3043 2988/2938/2951 2992/2940/3060
f 2985/2943/2956 2992/2940/3060 2988/2938/2951
f 2980/2927/2942 2977/2928/2944 3062/3020/3078
f 3062/3020/3078 2999/2952/3030 2995/2951/2963
f 2998/3021/2964 2972/2949/2960 2918/2871/2889
f 2998/3021/2964 2919/2872/3042 2912/2947/2959
f 2910/3022/3040 3040/2991/3073 3041/3005/3003
f 3043/2994/3004 3040/2991/3073 2910/3022/3040
f 2916/3023/2888 2917/2869/3041 2957/2998/3056
f 2916/3023/2888 3044/2996/3006 3043/2994/3004
f 2925/2879/2898 3047/3000/3008 2940/2893/2912
f 2928/2881/3049 3049/3002/3009 3047/3000/3008
f 2930/3024/3050 2909/2865/2881 3041/3005/3003
f 2930/3024/3050 3050/3004/3011 3049/3002/3009
f 3052/3008/3024 2924/2876/3045 2940/2893/2912
f 3052/3008/3024 2941/2891/2911 2944/2894/2914
f 3054/3010/3074 3055/3009/3015 2946/2896/3054
f 3053/3007/3013 2944/2894/2914 2946/2896/3054
f 3056/3025/3075 3054/3010/3074 2947/2901/2917
f 3057/3011/3017 3056/3025/3075 2950/2900/2919
f 3058/3013/3025 2956/2904/2922 2957/3026/3056
f 3058/3013/3025 3057/3011/3017 2952/2902/2921
f 2964/2914/2932 2965/2915/2934 3002/2954/2966
f 3002/2954/2966 2965/2915/2934 2968/3016/2936
f 3008/2958/2969 3059/3015/3076 2996/3014/3062
f 2968/3016/2936 3059/3015/3076 3008/2958/2969
f 3012/2962/3066 3060/3017/3077 2990/2941/2954
f 2981/2929/2946 3060/3017/3077 3012/2962/3066
f 2977/2928/2944 2978/2926/2943 3018/2968/2977
f 3018/2968/2977 2978/2926/2943 2981/2929/2946
f 3020/2971/2979 3061/3019/3022 2964/2914/2932
f 2993/2944/3028 3061/3019/3022 3020/2971/2979
f 3025/2974/2983 3011/2964/2984 2990/2941/2954
f 3025/2974/2983 2991/2942/2957 2993/2944/3028
f 3019/2969/3070 3026/2976/2986 3062/3020/3078
f 2999/2952/3030 3062/3020/3078 3026/2976/2986
f 3031/3030/2993 3007/2980/3071 2996/2950/3062
f 3031/3030/2993 2997/2948/2961 2999/2952/3030
f 3079/3052/3087 3080/3101/3132 3126/3053/3088
f 3069/3055/3090 3137/3104/3135 3138/3056/3091
f 3083/3058/3093 3084/3085/3117 3130/3059/3094
f 3074/3061/3092 3075/3088/3120 3141/3062/3096
f 3146/3064/3098 3147/3141/3164 3076/3065/3099
f 3124/3067/3101 3123/3132/3158 3104/3068/3102
f 3071/3070/3103 3108/3144/3166 3107/3071/3104
f 3076/3073/3099 3113/3146/3165 3150/3074/3106
f 3067/3076/3108 3140/3160/3175 3158/3077/3109
f 3093/3079/3111 3145/3162/3177 3144/3080/3112
f 3077/3082/3114 3096/3150/3169 3115/3083/3115
f 3084/3085/3117 3155/3168/3178 3154/3086/3118
f 3156/3087/3119 3141/3062/3096 3075/3088/3120
f 3079/3052/3087 3127/3054/3089 3128/3090/3122
f 3072/3092/3124 3111/3148/3167 3112/3093/3125
f 3074/3057/3092 3138/3056/3091 3139/3095/3127
f 3097/3097/3128 3111/3148/3167 3110/3098/3129
f 3135/3100/3131 3126/3053/3088 3080/3101/3132
f 3101/3103/3134 3136/3138/3161 3137/3104/3135
f 3083/3058/3093 3131/3060/3095 3132/3105/3136
f 3115/3083/3115 3106/3133/3159 3073/3107/3138
f 3074/3061/3092 3142/3063/3097 3143/3109/3139
f 3116/3111/3140 3117/3126/3154 3082/3112/3141
f 3085/3114/3143 3120/3152/3170 3121/3115/3144
f 3088/3117/3146 3129/3157/3172 3160/3118/3147
f 3087/3120/3149 3134/3158/3174 3133/3121/3150
f 3088/3123/3146 3119/3153/3100 3152/3124/3152
f 3117/3126/3154 3118/3154/3171 3089/3127/3155
f 3124/3128/3101 3125/3140/3163 3099/3129/3156
f 3122/3131/3157 3090/3156/3173 3086/3116/3145
f 3110/3098/3129 3109/3050/3085 3104/3068/3102
f 3103/3122/3151 3090/3156/3173 3122/3131/3157
f 3106/3133/3159 3107/3071/3104 3105/3134/3086
f 3069/3110/3090 3143/3109/3139 3144/3080/3112
f 3093/3136/3111 3134/3159/3174 3135/3100/3131
f 3095/3106/3137 3132/3105/3136 3133/3121/3150
f 3091/3139/3162 3116/3111/3140 3125/3140/3163
f 3147/3141/3164 3148/3047/3082 3113/3142/3165
f 3071/3069/3103 3104/3068/3102 3109/3050/3085
f 3072/3108/3124 3065/3167/3126 3114/3084/3116
f 3111/3148/3167 3097/3097/3128 3092/3149/3168
f 3072/3092/3124 3073/3151/3138 3110/3098/3129
f 3091/3139/3162 3106/3133/3159 3115/3083/3115
f 3073/3151/3138 3105/3051/3086 3109/3050/3085
f 3098/3072/3105 3107/3071/3104 3106/3133/3159
f 3119/3066/3100 3088/3117/3146 3161/3119/3148
f 3087/3120/3149 3103/3122/3151 3123/3132/3158
f 3096/3150/3169 3117/3126/3154 3116/3111/3140
f 3120/3152/3170 3092/3149/3168 3097/3097/3128
f 3119/3153/3100 3076/3073/3099 3151/3075/3107
f 3096/3150/3169 3077/3082/3114 3118/3154/3171
f 3124/3128/3101 3071/3070/3103 3098/3072/3105
f 3078/3099/3130 3122/3131/3157 3121/3115/3144
f 3078/3099/3130 3104/3068/3102 3123/3132/3158
f 3099/3129/3156 3125/3140/3163 3116/3111/3140
f 3081/3113/3142 3082/3112/3141 3127/3054/3089
f 3085/3114/3143 3086/3116/3145 3131/3060/3095
f 3088/3123/3146 3153/3125/3153 3154/3086/3118
f 3082/3112/3141 3089/3127/3155 3128/3090/3122
f 3099/3129/3156 3081/3113/3142 3126/3053/3088
f 3090/3156/3173 3132/3105/3136 3131/3060/3095
f 3159/3078/3110 3160/3118/3147 3129/3157/3172
f 3134/3158/3174 3093/3079/3111 3102/3081/3113
f 3087/3130/3149 3099/3129/3156 3135/3100/3131
f 3132/3105/3136 3090/3156/3173 3103/3122/3151
f 3080/3101/3132 3079/3052/3087 3138/3056/3091
f 3084/3085/3117 3083/3058/3093 3142/3063/3097
f 3067/3164/3108 3155/3168/3178 3156/3087/3119
f 3079/3052/3087 3094/3091/3123 3139/3095/3127
f 3100/3102/3133 3080/3101/3132 3137/3104/3135
f 3095/3106/3137 3143/3109/3139 3142/3063/3097
f 3102/3081/3113 3144/3080/3112 3143/3109/3139
f 3100/3102/3133 3136/3138/3161 3145/3166/3177
f 3148/3047/3082 3114/3084/3116 3065/3167/3126
f 3146/3064/3098 3118/3154/3171 3077/3082/3114
f 3112/3093/3125 3092/3149/3168 3151/3075/3107
f 3139/3095/3127 3094/3091/3123 3159/3078/3110
f 3155/3168/3178 3067/3164/3108 3129/3155/3172
f 3128/3090/3122 3089/3127/3155 3161/3119/3148
f 3120/3152/3170 3085/3114/3143 3153/3125/3153
f 3114/3084/3116 3148/3047/3082 3147/3141/3164
f 3065/3094/3126 3112/3093/3125 3150/3074/3106
f 3118/3154/3171 3146/3064/3098 3161/3119/3148
f 3092/3149/3168 3120/3152/3170 3152/3124/3152
f 3153/3125/3153 3085/3114/3143 3130/3059/3094
f 3094/3091/3123 3128/3090/3122 3160/3118/3147
f 3075/3096/3120 3139/3095/3127 3158/3077/3109
f 3141/3062/3096 3156/3087/3119 3155/3168/3178
f 3170/3052/3185 3173/3054/3269 3172/3053/3186
f 3177/3056/3188 3176/3104/3226 3175/3055/3189
f 3178/3058/3191 3181/3060/3270 3180/3059/3192
f 3174/3061/3190 3184/3063/3272 3183/3062/3194
f 3187/3064/3196 3186/3066/3246 3185/3065/3197
f 3192/3068/3199 3191/3132/3266 3190/3067/3200
f 3189/3070/3201 3194/3072/3261 3193/3071/3202
f 3185/3073/3197 3196/3075/3267 3195/3074/3203
f 3197/3076/3204 3200/3078/3271 3199/3077/3205
f 3201/3079/3207 3204/3081/3258 3203/3080/3208
f 3205/3082/3210 3208/3084/3262 3207/3083/3211
f 3179/3085/3193 3180/3059/3192 3210/3086/3213
f 3212/3087/3215 3211/3089/3274 3182/3088/3195
f 3214/3090/3216 3173/3054/3269 3170/3052/3185
f 3218/3093/3218 3217/3148/3263 3216/3092/3219
f 3219/3095/3221 3177/3056/3188 3174/3057/3190
f 3222/3098/3222 3217/3148/3263 3221/3097/3223
f 3224/3100/3225 3223/3102/3255 3171/3101/3187
f 3176/3104/3226 3226/3138/3256 3225/3103/3227
f 3228/3105/3228 3181/3060/3270 3178/3058/3191
f 3207/3083/3211 3216/3108/3219 3229/3107/3230
f 3231/3109/3232 3184/3063/3272 3174/3061/3190
f 3235/3112/3233 3234/3126/3248 3233/3111/3234
f 3236/3114/3236 3239/3116/3251 3238/3115/3237
f 3240/3117/3239 3243/3119/3265 3242/3118/3240
f 3244/3120/3242 3247/3122/3253 3246/3121/3243
f 3240/3123/3239 3249/3125/3275 3248/3124/3245
f 3251/3127/3247 3250/3154/3268 3234/3126/3248
f 3253/3129/3249 3252/3140/3259 3190/3128/3200
f 3254/3131/3250 3238/3115/3237 3239/3116/3251
f 3222/3098/3222 3220/3099/3224 3192/3068/3199
f 3247/3122/3253 3191/3132/3266 3254/3131/3250
f 3230/3133/3231 3229/3107/3230 3169/3134/3254
f 3203/3080/3208 3231/3109/3232 3175/3110/3189
f 3224/3100/3225 3245/3159/3244 3201/3136/3207
f 3246/3121/3243 3228/3105/3228 3227/3106/3229
f 3252/3140/3259 3233/3111/3234 3257/3139/3260
f 3188/3141/3198 3185/3065/3197 3163/3142/3181
f 3168/3050/3183 3192/3068/3199 3189/3069/3201
f 3208/3084/3262 3215/3167/3220 3216/3108/3219
f 3217/3148/3263 3218/3093/3218 3258/3149/3264
f 3222/3098/3222 3229/3151/3230 3216/3092/3219
f 3257/3139/3260 3206/3150/3212 3207/3083/3211
f 3168/3050/3183 3169/3051/3254 3229/3151/3230
f 3194/3072/3261 3257/3139/3260 3230/3133/3231
f 3186/3066/3246 3187/3064/3196 3243/3119/3265
f 3191/3132/3266 3247/3122/3253 3244/3120/3242
f 3206/3150/3212 3257/3139/3260 3233/3111/3234
f 3237/3152/3238 3238/3115/3237 3221/3097/3223
f 3186/3153/3246 3248/3124/3245 3196/3075/3267
f 3250/3154/3268 3205/3082/3210 3206/3150/3212
f 3190/3128/3200 3252/3140/3259 3194/3072/3261
f 3220/3099/3224 3221/3097/3223 3238/3115/3237
f 3191/3132/3266 3192/3068/3199 3220/3099/3224
f 3253/3129/3249 3232/3113/3235 3233/3111/3234
f 3173/3054/3269 3235/3112/3233 3232/3113/3235
f 3181/3060/3270 3239/3116/3251 3236/3114/3236
f 3210/3086/3213 3249/3125/3275 3240/3123/3239
f 3214/3090/3216 3251/3127/3247 3235/3112/3233
f 3172/3053/3186 3232/3113/3235 3253/3129/3249
f 3255/3156/3252 3239/3116/3251 3181/3060/3270
f 3200/3078/3271 3197/3076/3204 3241/3157/3241
f 3245/3158/3244 3246/3121/3243 3204/3081/3258
f 3224/3100/3225 3253/3129/3249 3244/3130/3242
f 3228/3105/3228 3246/3121/3243 3247/3122/3253
f 3177/3056/3188 3170/3052/3185 3171/3101/3187
f 3184/3063/3272 3178/3058/3191 3179/3085/3193
f 3212/3087/3215 3209/3168/3214 3197/3164/3204
f 3219/3095/3221 3213/3091/3217 3170/3052/3185
f 3176/3104/3226 3171/3101/3187 3223/3102/3255
f 3227/3106/3229 3178/3058/3191 3184/3063/3272
f 3204/3081/3258 3227/3106/3229 3231/3109/3232
f 3223/3102/3255 3201/3136/3207 3202/3166/3209
f 3164/3047/3180 3165/3048/3276 3215/3167/3220
f 3187/3064/3196 3188/3141/3198 3205/3082/3210
f 3196/3075/3267 3258/3149/3264 3218/3093/3218
f 3200/3078/3271 3213/3091/3217 3219/3095/3221
f 3209/3168/3214 3210/3086/3213 3241/3155/3241
f 3243/3119/3265 3251/3127/3247 3214/3090/3216
f 3249/3125/3275 3236/3114/3236 3237/3152/3238
f 3208/3084/3262 3205/3082/3210 3188/3141/3198
f 3195/3074/3203 3218/3093/3218 3215/3094/3220
f 3250/3154/3268 3251/3127/3247 3243/3119/3265
f 3248/3124/3245 3237/3152/3238 3258/3149/3264
f 3249/3125/3275 3210/3086/3213 3180/3059/3192
f 3242/3118/3240 3214/3090/3216 3213/3091/3217
f 3199/3077/3205 3219/3095/3221 3182/3096/3195
f 3183/3062/3194 3179/3085/3193 3209/3168/3214
f 3272/3178/3283 3271/3196/3300 3301/3179/3284
f 3263/3181/3286 3283/3230/3326 3282/3182/3287
f 3307/3184/3289 3308/3237/3330 3276/3185/3290
f 3263/3187/3286 3279/3228/3324 3286/3188/3292
f 3278/3190/3294 3271/3196/3300 3266/3191/3295
f 3273/3193/3297 3292/3213/3313 3293/3194/3298
f 3271/3196/3300 3272/3178/3283 3339/3197/3301
f 3274/3198/3302 3275/3186/3291 3270/3199/3303
f 3277/3201/3305 3299/3216/3316 3300/3202/3306
f 3275/3186/3291 3276/3185/3290 3269/3204/3308
f 3267/3205/3299 3287/3232/3327 3288/3206/3309
f 3268/3208/3307 3294/3236/3329 3295/3209/3310
f 3301/3179/3284 3271/3196/3300 3278/3190/3294
f 3273/3193/3297 3304/3240/3317 3305/3212/3312
f 3307/3184/3289 3275/3186/3291 3274/3198/3302
f 3277/3201/3305 3310/3241/3319 3311/3215/3315
f 3304/3217/3317 3303/3233/3328 3289/3173/3278
f 3310/3219/3319 3309/3238/3331 3296/3176/3281
f 3263/3187/3286 3261/3231/3288 3280/3227/3323
f 3263/3181/3286 3264/3235/3293 3284/3229/3325
f 3289/3173/3278 3280/3227/3323 3261/3231/3288
f 3274/3198/3302 3340/3200/3304 3293/3194/3298
f 3287/3232/3327 3339/3197/3301 3272/3178/3283
f 3282/3182/3287 3306/3214/3314 3305/3212/3312
f 3288/3206/3309 3272/3178/3283 3302/3180/3285
f 3261/3183/3288 3282/3182/3287 3291/3226/3322
f 3296/3176/3281 3284/3229/3325 3264/3235/3293
f 3299/3216/3316 3278/3190/3294 3265/3192/3296
f 3294/3236/3329 3269/3204/3308 3276/3185/3290
f 3286/3188/3292 3312/3211/3311 3311/3215/3315
f 3295/3209/3310 3276/3185/3290 3308/3237/3330
f 3264/3189/3293 3286/3188/3292 3298/3223/3321
f 3279/3228/3324 3280/3227/3323 3302/3180/3285
f 3283/3230/3326 3284/3229/3325 3308/3237/3330
f 3279/3228/3324 3301/3179/3284 3312/3211/3311
f 3304/3240/3317 3281/3224/3318 3291/3226/3322
f 3306/3214/3314 3282/3182/3287 3283/3230/3326
f 3285/3221/3320 3298/3223/3321 3311/3215/3315
f 3288/3206/3309 3303/3233/3328 3304/3217/3317
f 3277/3210/3305 3295/3209/3310 3309/3238/3331
f 3306/3214/3314 3274/3198/3302 3292/3213/3313
f 3280/3227/3323 3289/3173/3278 3303/3233/3328
f 3312/3211/3311 3278/3190/3294 3299/3216/3316
f 3284/3229/3325 3296/3176/3281 3309/3238/3331
f 3321/3248/3338 3324/3287/3367 3323/3249/3339
f 3328/3251/3341 3327/3284/3365 3326/3252/3342
f 3331/3254/3344 3330/3264/3353 3329/3255/3345
f 3335/3257/3347 3334/3282/3363 3326/3258/3342
f 3266/3191/3295 3322/3250/3340 3336/3260/3349
f 3293/3194/3298 3338/3286/3366 3337/3261/3350
f 3339/3197/3301 3321/3248/3338 3322/3250/3340
f 3270/3199/3303 3330/3264/3353 3341/3262/3351
f 3300/3202/3306 3343/3290/3369 3342/3263/3352
f 3269/3204/3308 3329/3255/3345 3330/3264/3353
f 3344/3265/3354 3287/3232/3327 3267/3205/3299
f 3345/3267/3355 3294/3236/3329 3268/3208/3307
f 3323/3249/3339 3346/3292/3371 3336/3260/3349
f 3337/3261/3350 3338/3286/3366 3348/3269/3356
f 3331/3254/3344 3349/3293/3372 3341/3262/3351
f 3342/3263/3352 3343/3290/3369 3351/3271/3358
f 3315/3243/3333 3352/3294/3373 3347/3273/3357
f 3319/3246/3336 3353/3295/3374 3350/3274/3359
f 3356/3281/3362 3325/3285/3343 3326/3258/3342
f 3357/3283/3364 3333/3289/3348 3326/3252/3342
f 3315/3243/3333 3316/3422/3368 3325/3285/3343
f 3293/3194/3298 3340/3200/3304 3341/3262/3351
f 3287/3232/3327 3344/3265/3354 3321/3248/3338
f 3348/3269/3356 3349/3293/3372 3328/3251/3341
f 3344/3265/3354 3352/3294/3373 3324/3287/3367
f 3355/3279/3361 3328/3251/3341 3325/3253/3343
f 3319/3246/3336 3320/3423/3370 3333/3289/3348
f 3343/3290/3369 3300/3202/3306 3265/3192/3296
f 3294/3236/3329 3345/3267/3355 3329/3255/3345
f 3351/3271/3358 3346/3292/3371 3335/3257/3347
f 3345/3267/3355 3353/3295/3374 3332/3256/3346
f 3354/3276/3360 3335/3257/3347 3333/3259/3348
f 3324/3287/3367 3356/3281/3362 3334/3282/3363
f 3332/3256/3346 3357/3283/3364 3327/3284/3365
f 3334/3282/3363 3335/3257/3347 3346/3292/3371
f 3347/3270/3357 3348/3269/3356 3355/3279/3361
f 3349/3293/3372 3331/3254/3344 3327/3284/3365
f 3351/3271/3358 3354/3276/3360 3318/3275/3337
f 3344/3265/3354 3337/3266/3350 3347/3273/3357
f 3353/3295/3374 3345/3267/3355 3342/3268/3352
f 3349/3293/3372 3348/3269/3356 3338/3286/3366
f 3352/3294/3373 3315/3243/3333 3356/3281/3362
f 3346/3292/3371 3351/3271/3358 3343/3290/3369
f 3353/3295/3374 3319/3246/3336 3357/3283/3364
f 3379/3302/3381 3400/3389/3458 3401/3303/3382
f 3380/3305/3384 3408/3352/3427 3409/3306/3385
f 3370/3308/3387 3375/3335/3411 3404/3309/3388
f 3362/3311/3386 3376/3337/3413 3412/3312/3390
f 3395/3314/3392 3454/3380/3450 3455/3315/3393
f 3399/3317/3395 3437/3381/3451 3438/3318/3396
f 3417/3320/3398 3425/3404/3465 3426/3321/3399
f 3365/3323/3394 3421/3405/3464 3442/3324/3400
f 3369/3326/3402 3411/3393/3460 3450/3327/3403
f 3371/3329/3405 3415/3395/3462 3433/3330/3406
f 3372/3332/3408 3364/3385/3454 3423/3333/3409
f 3375/3335/3411 3447/3416/3470 3446/3336/3412
f 3376/3337/3413 3449/3417/3471 3448/3338/3414
f 3368/3304/3383 3401/3303/3382 3402/3339/3415
f 3363/3341/3417 3419/3407/3466 3420/3342/3418
f 3362/3307/3386 3409/3306/3385 3410/3344/3420
f 3366/3346/3421 3419/3407/3466 3418/3347/3422
f 3429/3349/3424 3400/3389/3458 3379/3302/3381
f 3432/3351/3426 3431/3412/3469 3408/3352/3427
f 3370/3308/3387 3405/3310/3389 3406/3353/3428
f 3423/3333/3409 3416/3410/3468 3383/3355/3430
f 3380/3357/3384 3362/3311/3386 3413/3313/3391
f 3393/3359/3432 3384/3375/3447 3391/3360/3433
f 3389/3362/3435 3396/3383/3453 3397/3363/3436
f 3403/3365/3438 3452/3419/3472 3453/3366/3439
f 3386/3368/3441 3407/3392/3459 3435/3369/3442
f 3387/3371/3440 3395/3384/3392 3444/3372/3444
f 3393/3359/3432 3394/3386/3455 3388/3374/3446
f 3399/3376/3395 3427/3387/3456 3428/3377/3448
f 3397/3363/3436 3398/3388/3457 3390/3379/3449
f 3387/3367/3440 3453/3366/3439 3454/3380/3450
f 3386/3368/3441 3436/3370/3443 3437/3381/3451
f 3378/3382/3452 3364/3385/3454 3393/3359/3432
f 3396/3383/3453 3374/3408/3467 3366/3346/3421
f 3395/3384/3392 3365/3323/3394 3443/3325/3401
f 3364/3385/3454 3372/3332/3408 3394/3386/3455
f 3367/3322/3397 3426/3321/3399 3427/3387/3456
f 3397/3363/3436 3366/3346/3421 3382/3348/3423
f 3400/3389/3458 3391/3360/3433 3384/3375/3447
f 3389/3362/3435 3385/3364/3437 3405/3310/3389
f 3387/3371/3440 3445/3373/3445 3446/3336/3412
f 3401/3303/3382 3384/3375/3447 3388/3374/3446
f 3386/3378/3441 3428/3377/3448 3429/3349/3424
f 3390/3379/3449 3406/3353/3428 3405/3310/3389
f 3451/3328/3404 3452/3419/3472 3403/3365/3438
f 3407/3392/3459 3371/3329/3405 3434/3331/3407
f 3408/3352/3427 3379/3302/3381 3368/3304/3383
f 3375/3335/3411 3370/3308/3387 3413/3313/3391
f 3369/3397/3402 3447/3416/3470 3448/3338/3414
f 3409/3306/3385 3368/3304/3383 3377/3340/3416
f 3430/3350/3425 3431/3412/3469 3415/3399/3462
f 3381/3354/3429 3414/3358/3431 3413/3313/3391
f 3365/3316/3394 3455/3315/3393 3440/3297/3376
f 3367/3319/3397 3438/3318/3396 3439/3300/3379
f 3363/3356/3417 3373/3415/3419 3422/3334/3410
f 3419/3407/3466 3366/3346/3421 3374/3408/3467
f 3419/3407/3466 3363/3341/3417 3383/3409/3430
f 3364/3385/3454 3378/3382/3452 3416/3410/3468
f 3439/3300/3379 3418/3347/3422 3383/3409/3430
f 3437/3381/3451 3398/3388/3457 3382/3348/3423
f 3416/3410/3468 3378/3382/3452 3426/3321/3399
f 3414/3358/3431 3381/3354/3429 3434/3331/3407
f 3407/3391/3459 3429/3349/3424 3430/3350/3425
f 3406/3353/3428 3390/3379/3449 3436/3370/3443
f 3392/3361/3434 3391/3360/3433 3428/3377/3448
f 3436/3370/3443 3390/3379/3449 3398/3388/3457
f 3378/3382/3452 3392/3361/3434 3427/3387/3456
f 3400/3389/3458 3429/3349/3424 3428/3377/3448
f 3381/3354/3429 3406/3353/3428 3435/3369/3442
f 3380/3357/3384 3414/3358/3431 3433/3330/3406
f 3408/3352/3427 3431/3412/3469 3430/3350/3425
f 3418/3347/3422 3439/3300/3379 3438/3318/3396
f 3383/3355/3430 3416/3410/3468 3425/3404/3465
f 3440/3297/3376 3422/3334/3410 3373/3415/3419
f 3372/3332/3408 3455/3315/3393 3454/3380/3450
f 3420/3342/3418 3374/3408/3467 3443/3325/3401
f 3410/3344/3420 3377/3340/3416 3451/3328/3404
f 3447/3416/3470 3369/3397/3402 3403/3390/3438
f 3402/3339/3415 3388/3374/3446 3453/3366/3439
f 3396/3383/3453 3389/3362/3435 3445/3373/3445
f 3394/3386/3455 3454/3380/3450 3453/3366/3439
f 3374/3408/3467 3396/3383/3453 3444/3372/3444
f 3445/3373/3445 3389/3362/3435 3404/3309/3388
f 3377/3340/3416 3402/3339/3415 3452/3419/3472
f 3376/3345/3413 3410/3344/3420 3450/3327/3403
f 3412/3312/3390 3448/3338/3414 3447/3416/3470
f 3422/3334/3410 3440/3297/3376 3455/3315/3393
f 3373/3343/3419 3420/3342/3418 3442/3324/3400
f 3467/3303/3479 3466/3389/3521 3465/3302/3480
f 3471/3306/3482 3470/3352/3522 3469/3305/3483
f 3472/3308/3485 3475/3310/3554 3474/3309/3486
f 3468/3311/3484 3478/3313/3528 3477/3312/3488
f 3482/3315/3490 3481/3380/3546 3480/3314/3491
f 3486/3318/3493 3485/3381/3547 3484/3317/3494
f 3488/3321/3496 3487/3404/3563 3461/3320/3478
f 3479/3323/3492 3490/3325/3551 3489/3324/3497
f 3491/3326/3498 3494/3328/3555 3493/3327/3499
f 3495/3329/3501 3498/3331/3557 3497/3330/3502
f 3499/3332/3504 3502/3334/3564 3501/3333/3505
f 3473/3335/3487 3474/3309/3486 3504/3336/3507
f 3476/3337/3489 3477/3312/3488 3506/3338/3509
f 3508/3339/3511 3467/3303/3479 3464/3304/3481
f 3512/3342/3513 3511/3407/3565 3510/3341/3514
f 3513/3344/3516 3471/3306/3482 3468/3307/3484
f 3516/3347/3517 3511/3407/3565 3515/3346/3518
f 3518/3349/3520 3517/3350/3560 3465/3302/3480
f 3470/3352/3522 3520/3412/3561 3519/3351/3523
f 3522/3353/3524 3475/3310/3554 3472/3308/3485
f 3501/3333/3505 3510/3356/3514 3523/3355/3526
f 3469/3357/3483 3525/3358/3562 3478/3313/3528
f 3528/3359/3529 3527/3361/3549 3526/3360/3530
f 3530/3362/3532 3533/3364/3545 3532/3363/3533
f 3537/3366/3535 3536/3419/3556 3535/3365/3536
f 3538/3368/3538 3541/3370/3567 3540/3369/3539
f 3534/3371/3537 3543/3373/3569 3542/3372/3541
f 3545/3374/3542 3544/3386/3552 3528/3359/3529
f 3547/3377/3543 3546/3387/3553 3484/3376/3494
f 3549/3379/3544 3548/3388/3566 3532/3363/3533
f 3481/3380/3546 3537/3366/3535 3534/3367/3537
f 3485/3381/3547 3541/3370/3567 3538/3368/3538
f 3528/3359/3529 3500/3385/3506 3550/3382/3548
f 3531/3383/3534 3532/3363/3533 3515/3346/3518
f 3480/3384/3491 3542/3372/3541 3490/3325/3551
f 3544/3386/3552 3499/3332/3504 3500/3385/3506
f 3546/3387/3553 3488/3321/3496 3483/3322/3495
f 3532/3363/3533 3548/3388/3566 3514/3348/3519
f 3466/3389/3521 3467/3303/3479 3529/3375/3531
f 3475/3310/3554 3533/3364/3545 3530/3362/3532
f 3504/3336/3507 3543/3373/3569 3534/3371/3537
f 3467/3303/3479 3508/3339/3511 3545/3374/3542
f 3518/3349/3520 3547/3377/3543 3538/3378/3538
f 3549/3379/3544 3533/3364/3545 3475/3310/3554
f 3494/3328/3555 3491/3326/3498 3535/3365/3536
f 3539/3392/3540 3540/3369/3539 3498/3331/3557
f 3470/3352/3522 3471/3306/3482 3464/3304/3481
f 3478/3313/3528 3472/3308/3485 3473/3335/3487
f 3506/3338/3509 3503/3416/3508 3491/3397/3498
f 3471/3306/3482 3513/3344/3516 3507/3340/3512
f 3517/3350/3560 3495/3400/3501 3496/3399/3503
f 3521/3354/3525 3472/3308/3485 3478/3313/3528
f 3458/3297/3474 3482/3315/3490 3479/3316/3492
f 3462/3300/3477 3486/3318/3493 3483/3319/3495
f 3502/3334/3564 3509/3415/3515 3510/3356/3514
f 3511/3407/3565 3512/3342/3513 3551/3408/3550
f 3511/3407/3565 3516/3347/3517 3523/3409/3526
f 3524/3410/3527 3550/3382/3548 3500/3385/3506
f 3462/3300/3477 3463/3301/3568 3523/3409/3526
f 3485/3381/3547 3486/3318/3493 3514/3348/3519
f 3488/3321/3496 3550/3382/3548 3524/3410/3527
f 3498/3331/3557 3521/3354/3525 3525/3358/3562
f 3539/3391/3540 3495/3400/3501 3517/3350/3560
f 3541/3370/3567 3549/3379/3544 3522/3353/3524
f 3547/3377/3543 3526/3360/3530 3527/3361/3549
f 3541/3370/3567 3485/3381/3547 3548/3388/3566
f 3546/3387/3553 3527/3361/3549 3550/3382/3548
f 3466/3389/3521 3526/3360/3530 3547/3377/3543
f 3540/3369/3539 3522/3353/3524 3521/3354/3525
f 3497/3330/3502 3525/3358/3562 3469/3357/3483
f 3470/3352/3522 3465/3302/3480 3517/3350/3560
f 3516/3347/3517 3514/3348/3519 3486/3318/3493
f 3487/3404/3563 3524/3410/3527 3523/3355/3526
f 3458/3297/3474 3459/3298/3570 3509/3415/3515
f 3499/3332/3504 3544/3386/3552 3481/3380/3546
f 3490/3325/3551 3551/3408/3550 3512/3342/3513
f 3494/3328/3555 3507/3340/3512 3513/3344/3516
f 3503/3416/3508 3504/3336/3507 3535/3390/3536
f 3537/3366/3535 3545/3374/3542 3508/3339/3511
f 3543/3373/3569 3530/3362/3532 3531/3383/3534
f 3544/3386/3552 3545/3374/3542 3537/3366/3535
f 3542/3372/3541 3531/3383/3534 3551/3408/3550
f 3543/3373/3569 3504/3336/3507 3474/3309/3486
f 3536/3419/3556 3508/3339/3511 3507/3340/3512
f 3493/3327/3499 3513/3344/3516 3476/3345/3489
f 3477/3312/3488 3473/3335/3487 3503/3416/3508
f 3502/3334/3564 3499/3332/3504 3482/3315/3490
f 3489/3324/3497 3512/3342/3513 3509/3343/3515
usemtl sofa_03_fringe
f 3558/3424/3571 3556/3425/3572 3555/3426/3573
f 3560/3427/3574 3556/3425/3572 3557/3428/3575
f 3560/3427/3574 3561/3429/3576 3559/3430/3577
f 3566/3424/3578 3564/3425/3579 3563/3426/3580
f 3568/3427/3581 3564/3425/3579 3565/3428/3582
f 3567/3430/3583 3570/3431/3584 3569/3429/3584
f 3571/3426/3585 3573/3428/3586 3572/3425/3587
f 3575/3430/3588 3573/3428/3586 3576/3427/3589
f 3576/3427/3589 3577/3429/3590 3575/3430/3588
f 3579/3426/3591 3581/3428/3592 3580/3424/3593
f 3582/3425/3594 3583/3427/3595 3581/3428/3592
f 3584/3430/3596 3585/3431/3597 3583/3427/3595
f 3587/3426/3598 3589/3428/3599 3588/3424/3600
f 3590/3425/3601 3591/3427/3602 3589/3428/3599
f 3592/3430/3603 3593/3431/3604 3591/3427/3602
f 3595/3426/3605 3597/3428/3606 3596/3424/3607
f 3600/3430/3608 3597/3428/3606 3598/3425/3609
f 3602/3429/3610 3599/3427/3611 3600/3430/3608
f 3603/3426/3598 3605/3428/3612 3604/3424/3600
f 3608/3430/3613 3605/3428/3612 3606/3425/3614
f 3610/3429/3615 3607/3427/3616 3608/3430/3613
f 3614/3424/3617 3612/3425/3618 3611/3426/3619
f 3616/3427/3620 3612/3425/3618 3613/3428/3621
f 3615/3430/3622 3618/3431/3623 3617/3429/3623
f 3622/3424/3624 3620/3425/3625 3619/3426/3626
f 3624/3427/3627 3620/3425/3625 3621/3428/3628
f 3623/3430/3629 3626/3431/3630 3625/3429/3630
f 3630/3424/3631 3628/3425/3632 3627/3426/3633
f 3631/3430/3634 3629/3428/3635 3632/3427/3636
f 3631/3430/3634 3634/3431/3637 3633/3429/3638
f 3637/3432/3639 3635/3426/3640 3638/3425/3641
f 3639/3428/3642 3641/3433/3643 3640/3427/3644
f 3643/3434/3645 3642/3430/3646 3644/3429/3647
f 3645/3426/3648 3647/3435/3649 3646/3436/3650
f 3647/3435/3649 3650/3427/3651 3649/3428/3652
f 3654/3429/3653 3651/3437/3654 3652/3430/3655
f 3658/3425/3656 3656/3438/3657 3655/3426/3658
f 3657/3439/3659 3660/3427/3660 3659/3428/3661
f 3664/3429/3662 3661/3440/3663 3662/3430/3664
f 3665/3426/3665 3667/3428/3666 3666/3424/3667
f 3668/3425/3668 3669/3427/3669 3667/3428/3666
f 4244/3441/3670 3669/3427/3669 3670/3430/3671
f 3671/3426/3672 3673/3428/3673 3672/3425/3674
f 3675/3430/3675 3673/3428/3673 3676/3427/3676
f 3676/3427/3676 3677/3429/3677 3675/3430/3675
f 3679/3426/3678 3681/3428/3679 3680/3424/3680
f 3682/3425/3681 3683/3427/3682 3681/3428/3679
f 3684/3430/3683 3685/3431/3684 3683/3427/3682
f 3687/3426/3685 3689/3428/3686 3688/3425/3687
f 3689/3428/3686 3691/3442/3688 3688/3425/3687
f 3693/3430/3689 3695/3431/3690 3694/3429/3691
f 3693/3430/3689 3692/3443/3692 3696/3427/3693
f 3700/3424/3694 3698/3425/3695 3697/3426/3696
f 3702/3427/3697 3698/3425/3695 3699/3428/3698
f 3701/3430/3699 3703/3431/3700 4278/3444/3701
f 3707/3425/3702 3705/3445/3703 3704/3426/3704
f 3708/3428/3705 3710/3446/3706 3709/3427/3707
f 3713/3429/3708 3710/3446/3706 3711/3430/3709
f 3716/3447/3710 3714/3426/3711 3717/3425/3712
f 3716/3447/3710 3719/3427/3713 3718/3428/3714
f 3722/3448/3715 3721/3430/3716 3723/3429/3717
f 3724/3426/3718 3726/3449/3719 3725/3425/3720
f 3728/3428/3721 3729/3450/3722 3726/3449/3719
f 3733/3451/3723 3731/3430/3724 3729/3450/3722
f 3737/3425/3725 3735/3452/3726 3734/3426/3727
f 3736/3453/3728 3739/3427/3729 3738/3428/3730
f 3741/3430/3731 3742/3454/3732 3740/3455/3733
f 3747/3425/3734 3745/3424/3735 3744/3426/3736
f 3749/3430/3737 3746/3428/3738 3747/3425/3734
f 3749/3430/3737 3750/3431/3739 3748/3427/3740
f 3752/3426/3741 3754/3428/3742 3753/3425/3743
f 3756/3430/3744 3754/3428/3742 3757/3427/3745
f 3756/3430/3744 3759/3431/3746 3758/3429/3747
f 3763/3425/3748 3761/3424/3749 3760/3426/3750
f 3765/3430/3751 3762/3428/3752 3763/3425/3748
f 3767/3456/3753 3764/3427/3754 3765/3430/3751
f 3771/3425/3755 3769/3424/3756 3768/3426/3757
f 3773/3430/3758 3770/3428/3759 3771/3425/3755
f 3773/3430/3758 3774/3431/3760 3772/3427/3761
f 3779/3425/3762 3777/3424/3763 3776/3426/3764
f 3781/3430/3765 3778/3428/3766 3779/3425/3762
f 3783/3429/3767 3780/3427/3768 3781/3430/3765
f 3787/3425/3769 3785/3424/3770 3784/3426/3771
f 3789/3430/3772 3786/3428/3773 3787/3425/3769
f 3791/3429/3774 3788/3427/3775 3789/3430/3772
f 3792/3426/3776 3794/3428/3777 3793/3425/3778
f 3797/3427/3779 3793/3425/3778 3794/3428/3777
f 3797/3427/3779 3798/3429/3780 3796/3430/3781
f 3803/3457/3782 3801/3425/3783 3800/3426/3784
f 3806/3427/3785 3802/3458/3786 3804/3428/3787
f 3809/3459/3788 3807/3430/3789 3805/3460/3790
f 3813/3461/3791 3811/3425/3792 3810/3426/3793
f 3816/3427/3794 3812/3462/3795 3814/3428/3796
f 3815/3463/3797 3818/3429/3798 3817/3430/3799
f 3823/3464/3800 3821/3425/3801 3820/3426/3802
f 3826/3427/3803 3822/3465/3804 3824/3428/3805
f 3827/3430/3806 3829/3466/3807 3828/3429/3808
f 3830/3426/3809 3832/3428/3810 3831/3425/3811
f 3834/3430/3812 3832/3428/3810 3835/3427/3813
f 3835/3427/3813 3836/3429/3814 3834/3430/3812
f 3838/3426/3815 3840/3428/3816 3839/3424/3817
f 3841/3425/3818 3842/3427/3819 3840/3428/3816
f 3843/3430/3820 3844/3431/3821 3842/3427/3819
f 3846/3426/3822 3848/3428/3823 3847/3424/3824
f 3849/3425/3825 3850/3427/3826 3848/3428/3823
f 3851/3430/3827 3852/3431/3828 3850/3427/3826
f 3854/3426/3829 3856/3428/3830 3855/3424/3831
f 3859/3430/3832 3856/3428/3830 3857/3425/3833
f 3861/3429/3834 3858/3427/3835 3859/3430/3832
f 3862/3426/3822 3864/3428/3836 3863/3424/3824
f 3867/3430/3837 3864/3428/3836 3865/3425/3838
f 3869/3429/3839 3866/3427/3840 3867/3430/3837
f 3873/3424/3841 3871/3425/3842 3870/3426/3843
f 3875/3427/3844 3871/3425/3842 3872/3428/3845
f 3874/3430/3846 3877/3431/3847 3876/3429/3848
f 3881/3424/3849 3879/3425/3850 3878/3426/3851
f 3883/3427/3852 3879/3425/3850 3880/3428/3853
f 3882/3430/3854 3885/3431/3855 3884/3429/3855
f 3886/3426/3856 3888/3467/3857 3887/3425/3858
f 3892/3427/3859 3888/3467/3857 3890/3428/3860
f 3895/3468/3861 3893/3430/3862 3891/3469/3863
f 3898/3470/3864 3896/3426/3865 3899/3425/3866
f 3900/3428/3867 3902/3471/3868 3901/3427/3869
f 3904/3472/3870 3903/3430/3871 3905/3429/3872
f 3906/3426/3873 3908/3473/3874 3907/3474/3875
f 3908/3473/3874 3911/3427/3876 3910/3428/3877
f 3913/3430/3878 3914/3475/3879 3912/3476/3880
f 3916/3426/3881 3918/3477/3882 3917/3478/3883
f 3920/3428/3884 3922/3479/3885 3921/3427/3886
f 3924/3480/3887 3923/3430/3888 3925/3429/3889
f 3926/3426/3890 3928/3481/3891 3927/3482/3892
f 3928/3481/3891 3931/3427/3893 3930/3428/3894
f 3933/3430/3895 3554/3441/3896 3932/3483/3897
f 3938/3484/3898 3936/3425/3899 3935/3426/3900
f 3939/3428/3901 3940/3485/3902 3937/3486/3903
f 3944/3487/3904 3942/3430/3905 3940/3485/3902
f 3945/3426/3906 3947/3488/3907 3946/3489/3908
f 3947/3488/3907 3950/3427/3909 3949/3428/3910
f 3952/3430/3911 3953/3490/3912 3951/3491/3913
f 3955/3426/3914 3957/3428/3915 3956/3425/3916
f 3957/3428/3915 3959/3442/3917 3956/3425/3916
f 3961/3430/3918 3963/3431/3919 3962/3429/3920
f 3961/3430/3918 3960/3443/3921 3964/3427/3922
f 3968/3424/3923 3966/3425/3924 3965/3426/3925
f 3970/3427/3926 3966/3425/3924 3967/3428/3927
f 3969/3430/3928 4545/3431/3929 3971/3444/3930
f 3975/3425/3931 3973/3492/3932 3972/3426/3933
f 3976/3428/3934 3978/3493/3935 3977/3427/3936
f 3980/3494/3937 3979/3430/3938 3981/3429/3939
f 3985/3425/3940 3983/3495/3941 3982/3426/3942
f 3984/3496/3943 3987/3427/3944 3986/3428/3945
f 3991/3429/3946 3988/3497/3947 3989/3430/3948
f 3992/3426/3949 3994/3498/3950 3993/3425/3951
f 3996/3428/3952 3997/3499/3953 3994/3498/3950
f 3997/3499/3953 4000/3429/3954 3999/3430/3955
f 4002/3426/3956 4004/3500/3957 4003/3501/3958
f 4008/3502/3959 4006/3428/3960 4004/3500/3957
f 4009/3430/3961 4010/3503/3962 4008/3502/3959
f 4015/3425/3963 4013/3504/3964 4012/3426/3965
f 4016/3428/3966 4018/3505/3967 4017/3427/3968
f 4020/3506/3969 4019/3430/3970 4021/3429/3971
f 4022/3426/3972 4024/3428/3973 4023/3425/3974
f 4026/3430/3975 4024/3428/3973 4027/3427/3976
f 4027/3427/3976 4028/3429/3977 4026/3430/3975
f 4033/3425/3978 4031/3424/3979 4030/3426/3980
f 4035/3430/3981 4032/3428/3982 4033/3425/3978
f 4037/3429/3983 4034/3427/3984 4035/3430/3981
f 4041/3425/3985 4039/3424/3986 4038/3426/3987
f 4043/3430/3988 4040/3428/3989 4041/3425/3985
f 4045/3429/3990 4042/3427/3991 4043/3430/3988
f 4049/3425/3992 4047/3424/3993 4046/3426/3994
f 4051/3430/3995 4048/3428/3996 4049/3425/3992
f 4053/3429/3997 4050/3427/3998 4051/3430/3995
f 4057/3425/3999 4055/3424/4000 4054/3426/4001
f 4059/3430/4002 4056/3428/4003 4057/3425/3999
f 4061/3429/4004 4058/3427/4005 4059/3430/4002
f 4062/3426/4006 4064/3428/4007 4063/3425/4008
f 4067/3427/4009 4063/3425/4008 4064/3428/4007
f 4067/3427/4009 4068/3429/4010 4066/3430/4011
f 4073/3507/4012 4071/3425/4013 4070/3426/4014
f 4074/3428/4015 4075/3508/4016 4072/3509/4017
f 4075/3508/4016 4078/3429/4018 4077/3430/4019
f 4004/3500/3957 4080/3424/4020 4003/3501/3958
f 4008/3502/3959 4005/3425/4021 4009/3430/3961
f 4010/3503/3962 4007/3427/4022 4008/3502/3959
f 4082/3424/4023 3994/3498/3950 3995/3510/4024
f 3994/3498/3950 3999/3430/3955 3993/3425/3951
f 3997/3499/3953 4083/3431/4025 4001/3511/4026
f 3974/3512/4027 4084/3424/4028 3973/3492/3932
f 3974/3512/4027 3979/3430/3938 3978/3493/3935
f 3980/3494/3937 3977/3427/3936 3978/3493/3935
f 3986/3428/3945 3983/3495/3941 3984/3496/3943
f 3984/3496/3943 3989/3430/3948 3988/3497/3947
f 3988/3497/3947 4087/3431/4029 3987/3427/3944
f 4014/3513/4030 4088/3424/4031 4013/3504/3964
f 4014/3513/4030 4019/3430/3970 4018/3505/3967
f 4020/3506/3969 4017/3427/3968 4018/3505/3967
f 3898/3470/3864 4090/3424/4032 3897/3514/4033
f 3899/3425/3866 3902/3471/3868 3898/3470/3864
f 3904/3472/3870 3901/3427/3869 3902/3471/3868
f 3889/3515/4034 3890/3428/3860 3888/3467/3857
f 3888/3467/3857 3893/3430/3862 3887/3425/3858
f 3891/3469/3863 4093/3431/4035 3895/3468/3861
f 3813/3461/3791 3814/3428/3796 3812/3462/3795
f 3817/3430/3799 3812/3462/3795 3815/3463/3797
f 3815/3463/3797 4095/3431/4036 3819/3516/4037
f 3823/3464/3800 3824/3428/3805 3822/3465/3804
f 3827/3430/3806 3822/3465/3804 3825/3517/4038
f 3825/3517/4038 4097/3431/4039 3829/3466/3807
f 3908/3473/3874 4098/3424/4040 3907/3474/3875
f 3912/3476/3880 3909/3425/4041 3913/3430/3878
f 3912/3476/3880 4099/3431/4042 3911/3427/3876
f 3927/3482/3892 3930/3428/3894 4100/3424/4043
f 3932/3483/3897 3929/3425/4044 3933/3430/3895
f 3938/3484/3898 3939/3428/3901 3937/3486/3903
f 3937/3486/3903 3942/3430/3905 3936/3425/3899
f 3944/3487/3904 3941/3427/4045 4102/3431/4046
f 3947/3488/3907 4103/3424/4047 3946/3489/3908
f 3951/3491/3913 3948/3425/4048 3952/3430/3911
f 3951/3491/3913 4104/3431/4049 3950/3427/3909
f 3932/3483/3897 4679/3431/4050 3931/3427/3893
f 3727/3518/4051 3728/3428/3721 3726/3449/3719
f 3729/3450/3722 3725/3425/3720 3726/3449/3719
f 3733/3451/3723 3730/3427/4052 4106/3431/4053
f 3735/3452/3726 3738/3428/3730 4107/3424/4054
f 3740/3455/3733 3737/3425/3725 3741/3430/3731
f 3740/3455/3733 4108/3431/4055 3739/3427/3729
f 3706/3519/4056 4109/3424/4057 3705/3445/3703
f 3706/3519/4056 3711/3430/3709 3710/3446/3706
f 3712/3520/4058 3709/3427/3707 3710/3446/3706
f 3718/3428/3714 3715/3521/4059 3716/3447/3710
f 3720/3522/4060 3717/3425/3712 3721/3430/3716
f 3720/3522/4060 4112/3431/4061 3719/3427/3713
f 3803/3457/3782 3804/3428/3787 3802/3458/3786
f 3805/3460/3790 3801/3425/3783 3802/3458/3786
f 3809/3459/3788 3806/3427/3785 4114/3431/4062
f 4115/3424/4063 4072/3509/4017 4073/3507/4012
f 4072/3509/4017 4077/3430/4019 4071/3425/4013
f 4079/3523/4064 4076/3427/4065 4116/3431/4066
f 3766/3524/4067 4118/3429/4068 4117/3431/4069
f 3637/3432/3639 4119/3424/4070 3636/3525/4071
f 3641/3433/3643 3638/3425/3641 3642/3430/3646
f 3641/3433/3643 4120/3431/4072 3640/3427/3644
f 3646/3436/3650 3649/3428/3652 4121/3424/4073
f 3651/3437/3654 3648/3425/4074 3652/3430/3655
f 3651/3437/3654 4122/3431/4075 3650/3427/3651
f 3656/3438/3657 3659/3428/3661 4123/3424/4076
f 3657/3439/3659 3662/3430/3664 3661/3440/3663
f 4124/3431/4077 3661/3440/3663 3663/3526/4078
f 3917/3478/3883 3920/3428/3884 4125/3424/4079
f 3919/3425/4080 3922/3479/3885 3918/3477/3882
f 4126/3431/4081 3922/3479/3885 3924/3480/3887
f 4130/3425/4082 4128/3424/4083 4127/3426/4084
f 4130/3425/4082 4131/3427/4085 4129/3428/4086
f 4134/3429/4087 4131/3427/4085 4132/3430/4088
f 4138/3425/4089 4136/3424/4090 4135/3426/4091
f 4138/3425/4089 4139/3427/4092 4137/3428/4093
f 4140/3430/4094 4141/3431/4095 4139/3427/4092
f 4143/3426/4096 4145/3428/4097 4144/3424/4098
f 4148/3430/4099 4145/3428/4097 4146/3425/4100
f 4150/3429/4101 4147/3427/4102 4148/3430/4099
f 4151/3426/4103 4153/3428/4104 4152/3425/4105
f 4156/3427/4106 4152/3425/4105 4153/3428/4104
f 4155/3430/4107 4158/3431/4108 4157/3429/4108
f 4159/3426/4109 4161/3428/4110 4160/3425/4111
f 4164/3427/4112 4160/3425/4111 4161/3428/4110
f 4163/3430/4113 4166/3431/4114 4165/3429/4114
f 4167/3426/4115 4169/3428/4116 4168/3425/4117
f 4171/3430/4118 4169/3428/4116 4172/3427/4119
f 4172/3427/4119 4173/3429/4120 4171/3430/4118
f 4175/3426/4109 4177/3428/4121 4176/3425/4122
f 4179/3430/4123 4177/3428/4121 4180/3427/4124
f 4180/3427/4124 4181/3429/4125 4179/3430/4123
f 4186/3425/4126 4184/3424/4127 4183/3426/4128
f 4186/3425/4126 4187/3427/4129 4185/3428/4130
f 4188/3430/4131 4189/3431/4132 4187/3427/4129
f 4194/3425/4133 4192/3424/4134 4191/3426/4135
f 4194/3425/4133 4195/3427/4136 4193/3428/4137
f 4196/3430/4138 4197/3431/4139 4195/3427/4136
f 4202/3425/4140 4200/3424/4141 4199/3426/4142
f 4204/3430/4143 4201/3428/4144 4202/3425/4140
f 4204/3430/4143 4205/3431/4145 4203/3427/4146
f 4209/3432/4147 4207/3426/4148 4210/3525/4149
f 4211/3428/4150 4212/3433/4151 4209/3432/4147
f 4216/3434/4152 4214/3430/4153 4212/3433/4151
f 4217/3426/4154 4219/3435/4155 4218/3425/4156
f 4223/3427/4157 4219/3435/4155 4221/3428/4158
f 4222/3437/4159 4225/3429/4160 4224/3430/4161
f 4230/3438/4162 4228/3425/4163 4227/3426/4164
f 4233/3427/4165 4229/3439/4166 4231/3428/4167
f 4232/3440/4168 4235/3429/4169 4234/3430/4170
f 4237/3426/4171 4239/3428/4172 4238/3425/4173
f 4242/3427/4174 4238/3425/4173 4239/3428/4172
f 4241/3430/4175 4245/3431/4176 4244/3441/3670
f 4246/3426/4177 4248/3428/4178 4247/3424/4179
f 4251/3430/4180 4248/3428/4178 4249/3425/4181
f 4253/3429/4182 4250/3427/4183 4251/3430/4180
f 4254/3426/4184 4256/3428/4185 4255/3425/4186
f 4259/3427/4187 4255/3425/4186 4256/3428/4185
f 4258/3430/4188 4261/3431/4189 4260/3429/4190
f 4262/3426/4191 4264/3428/4192 4263/3424/4193
f 4264/3428/4192 4267/3442/4194 4266/3443/4195
f 4268/3430/4196 4270/3431/4197 4269/3427/4198
f 4268/3430/4196 4266/3443/4195 4267/3442/4194
f 4275/3425/4199 4273/3424/4200 4272/3426/4201
f 4275/3425/4199 4276/3427/4202 4274/3428/4203
f 4277/3430/4204 3703/3431/3700 4276/3427/4202
f 4282/3445/4205 4280/3425/4206 4279/3426/4207
f 4283/3428/4208 4284/3446/4209 4281/3519/4210
f 4284/3446/4209 4287/3429/4211 4286/3430/4212
f 4291/3447/4213 4289/3426/4214 4292/3521/4215
f 4295/3427/4216 4291/3447/4213 4293/3428/4217
f 4298/3448/4218 4296/3430/4219 4294/3522/4220
f 4299/3426/4221 4301/3449/4222 4300/3518/4223
f 4303/3428/4224 4305/3450/4225 4304/3427/4226
f 4307/3451/4227 4306/3430/4228 4308/3429/4229
f 4312/3452/4230 4310/3425/4231 4309/3426/4232
f 4315/3427/4233 4311/3453/4234 4313/3428/4235
f 4316/3430/4236 4318/3454/4237 4317/3429/4238
f 4322/3424/4239 4320/3425/4240 4319/3426/4241
f 4323/3430/4242 4321/3428/4243 4324/3427/4244
f 4323/3430/4242 4326/3431/4245 4325/3429/4246
f 4327/3426/4247 4329/3428/4248 4328/3424/4249
f 4332/3430/4250 4329/3428/4248 4330/3425/4251
f 4332/3430/4250 4333/3431/4252 4331/3427/4253
f 4338/3424/4254 4336/3425/4255 4335/3426/4256
f 4339/3430/4257 4337/3428/4258 4340/3427/4259
f 4340/3427/4259 4341/3456/4260 4339/3430/4257
f 4346/3424/4261 4344/3425/4262 4343/3426/4263
f 4347/3430/4264 4345/3428/4265 4348/3427/4266
f 4347/3430/4264 4350/3431/4267 4349/3429/4268
f 4354/3424/4269 4352/3425/4270 4351/3426/4271
f 4355/3430/4272 4353/3428/4273 4356/3427/4274
f 4356/3427/4274 4357/3429/4275 4355/3430/4272
f 4362/3424/4276 4360/3425/4277 4359/3426/4278
f 4363/3430/4279 4361/3428/4280 4364/3427/4281
f 4364/3427/4281 4365/3429/4282 4363/3430/4279
f 4367/3426/4283 4369/3428/4284 4368/3424/4285
f 4370/3425/4286 4371/3427/4287 4369/3428/4284
f 4374/3429/4288 4371/3427/4287 4372/3430/4289
f 4378/3425/4290 4376/3457/4291 4375/3426/4292
f 4377/3458/4293 4380/3427/4294 4379/3428/4295
f 4383/3459/4296 4382/3430/4297 4384/3429/4298
f 4388/3425/4299 4386/3461/4300 4385/3426/4301
f 4387/3462/4302 4390/3427/4303 4389/3428/4304
f 4394/3429/4305 4391/3463/4306 4392/3430/4307
f 4398/3425/4308 4396/3464/4309 4395/3426/4310
f 4397/3465/4311 4400/3427/4312 4399/3428/4313
f 4402/3430/4314 4403/3466/4315 4401/3517/4316
f 4405/3426/4317 4407/3428/4318 4406/3424/4319
f 4410/3430/4320 4407/3428/4318 4408/3425/4321
f 4412/3429/4322 4409/3427/4323 4410/3430/4320
f 4413/3426/4324 4415/3428/4325 4414/3425/4326
f 4418/3427/4327 4414/3425/4326 4415/3428/4325
f 4417/3430/4328 4420/3431/4329 4419/3429/4330
f 4421/3426/4331 4423/3428/4332 4422/3425/4333
f 4426/3427/4334 4422/3425/4333 4423/3428/4332
f 4425/3430/4335 4428/3431/4336 4427/3429/4336
f 4429/3426/4337 4431/3428/4338 4430/3425/4339
f 4433/3430/4340 4431/3428/4338 4434/3427/4341
f 4434/3427/4341 4435/3429/4342 4433/3430/4340
f 4437/3426/4331 4439/3428/4343 4438/3425/4344
f 4441/3430/4345 4439/3428/4343 4442/3427/4346
f 4442/3427/4346 4443/3429/4347 4441/3430/4345
f 4448/3425/4348 4446/3424/4349 4445/3426/4350
f 4448/3425/4348 4449/3427/4351 4447/3428/4352
f 4450/3430/4353 4451/3431/4354 4449/3427/4351
f 4456/3425/4355 4454/3424/4356 4453/3426/4357
f 4456/3425/4355 4457/3427/4358 4455/3428/4359
f 4458/3430/4360 4459/3431/4361 4457/3427/4358
f 4461/3426/4362 4463/3467/4363 4462/3515/4364
f 4463/3467/4363 4466/3427/4365 4465/3428/4366
f 4469/3468/4367 4468/3430/4368 4470/3429/4369
f 4473/3470/4370 4471/3426/4371 4474/3514/4372
f 4475/3428/4373 4476/3471/4374 4473/3470/4370
f 4480/3472/4375 4478/3430/4376 4476/3471/4374
f 4481/3426/4377 4483/3473/4378 4482/3425/4379
f 4487/3427/4380 4483/3473/4378 4485/3428/4381
f 4488/3430/4382 4490/3475/4383 4489/3429/4384
f 4491/3426/4385 4493/3477/4386 4492/3425/4387
f 4495/3428/4388 4496/3479/4389 4493/3477/4386
f 4500/3480/4390 4498/3430/4391 4496/3479/4389
f 4501/3426/4392 4503/3481/4393 4502/3425/4394
f 4507/3427/4395 4503/3481/4393 4505/3428/4396
f 4508/3430/4397 3554/3441/3896 3934/3527/4398
f 4512/3425/4399 4510/3484/4400 4509/3426/4401
f 4513/3428/4402 4515/3485/4403 4514/3427/4404
f 4517/3487/4405 4516/3430/4406 4518/3429/4407
f 4519/3426/4408 4521/3488/4409 4520/3425/4410
f 4525/3427/4411 4521/3488/4409 4523/3428/4412
f 4526/3430/4413 4528/3490/4414 4527/3429/4415
f 4529/3426/4416 4531/3428/4417 4530/3424/4418
f 4531/3428/4417 4534/3442/4419 4533/3443/4420
f 4535/3430/4421 4537/3431/4422 4536/3427/4423
f 4535/3430/4421 4533/3443/4420 4534/3442/4419
f 4542/3425/4424 4540/3424/4425 4539/3426/4426
f 4542/3425/4424 4543/3427/4427 4541/3428/4428
f 4544/3430/4429 4545/3431/3929 4543/3427/4427
f 4549/3492/4430 4547/3425/4431 4546/3426/4432
f 4550/3428/4433 4551/3493/4434 4548/3512/4435
f 4555/3494/4436 4553/3430/4437 4551/3493/4434
f 4559/3495/4438 4557/3425/4439 4556/3426/4440
f 4562/3427/4441 4558/3496/4442 4560/3428/4443
f 4561/3497/4444 4564/3429/4445 4563/3430/4446
f 4566/3426/4447 4568/3498/4448 4567/3510/4449
f 4570/3428/4450 4572/3499/4451 4571/3427/4452
f 4575/3429/4453 4572/3499/4451 4573/3430/4454
f 4576/3426/4455 4578/3500/4456 4577/3425/4457
f 4581/3502/4458 4580/3428/4459 4582/3427/4460
f 4583/3430/4461 4585/3503/4462 4584/3429/4463
f 4589/3504/4464 4587/3425/4465 4586/3426/4466
f 4590/3428/4467 4591/3505/4468 4588/3513/4469
f 4595/3506/4470 4593/3430/4471 4591/3505/4468
f 4596/3426/4472 4598/3428/4473 4597/3424/4474
f 4601/3430/4475 4598/3428/4473 4599/3425/4476
f 4603/3429/4477 4600/3427/4478 4601/3430/4475
f 4607/3424/4479 4605/3425/4480 4604/3426/4481
f 4608/3430/4482 4606/3428/4483 4609/3427/4484
f 4609/3427/4484 4610/3429/4485 4608/3430/4482
f 4615/3424/4486 4613/3425/4487 4612/3426/4488
f 4616/3430/4489 4614/3428/4490 4617/3427/4491
f 4617/3427/4491 4618/3429/4492 4616/3430/4489
f 4623/3424/4493 4621/3425/4494 4620/3426/4495
f 4624/3430/4496 4622/3428/4497 4625/3427/4498
f 4625/3427/4498 4626/3429/4499 4624/3430/4496
f 4631/3424/4500 4629/3425/4501 4628/3426/4502
f 4632/3430/4503 4630/3428/4504 4633/3427/4505
f 4633/3427/4505 4634/3429/4506 4632/3430/4503
f 4636/3426/4507 4638/3428/4508 4637/3424/4509
f 4639/3425/4510 4640/3427/4511 4638/3428/4508
f 4643/3429/4512 4640/3427/4511 4641/3430/4513
f 4647/3425/4514 4645/3507/4515 4644/3426/4516
f 4648/3428/4517 4650/3508/4518 4649/3427/4519
f 4653/3429/4520 4650/3508/4518 4651/3430/4521
f 4654/3424/4522 4578/3500/4456 4579/3501/4523
f 4581/3502/4458 4577/3425/4457 4578/3500/4456
f 4582/3427/4460 4585/3503/4462 4581/3502/4458
f 4656/3424/4524 4568/3498/4448 4570/3428/4450
f 4568/3498/4448 4573/3430/4454 4572/3499/4451
f 4657/3431/4525 4572/3499/4451 4574/3511/4526
f 4658/3424/4527 4548/3512/4435 4549/3492/4430
f 4553/3430/4437 4548/3512/4435 4551/3493/4434
f 4552/3427/4528 4555/3494/4436 4551/3493/4434
f 4560/3428/4443 4559/3495/4438 4660/3424/4529
f 4563/3430/4446 4558/3496/4442 4561/3497/4444
f 4561/3497/4444 4661/3431/4530 4565/3528/4531
f 4662/3424/4532 4588/3513/4469 4589/3504/4464
f 4593/3430/4471 4588/3513/4469 4591/3505/4468
f 4592/3427/4533 4595/3506/4470 4591/3505/4468
f 4664/3424/4534 4473/3470/4370 4474/3514/4372
f 4472/3425/4535 4476/3471/4374 4478/3430/4376
f 4477/3427/4536 4480/3472/4375 4476/3471/4374
f 4465/3428/4366 4462/3515/4364 4463/3467/4363
f 4463/3467/4363 4468/3430/4368 4467/3469/4537
f 4667/3431/4538 4467/3469/4537 4469/3468/4367
f 4389/3428/4304 4386/3461/4300 4387/3462/4302
f 4392/3430/4307 4387/3462/4302 4388/3425/4299
f 4669/3431/4539 4391/3463/4306 4393/3516/4540
f 4399/3428/4313 4396/3464/4309 4397/3465/4311
f 4402/3430/4314 4397/3465/4311 4398/3425/4308
f 4671/3431/4541 4401/3517/4316 4403/3466/4315
f 4672/3424/4542 4483/3473/4378 4484/3474/4543
f 4486/3476/4544 4482/3425/4379 4483/3473/4378
f 4486/3476/4544 4673/3431/4545 4490/3475/4383
f 4504/3482/4546 4505/3428/4396 4503/3481/4393
f 4506/3483/4547 4502/3425/4394 4503/3481/4393
f 4513/3428/4402 4510/3484/4400 4511/3486/4548
f 4511/3486/4548 4516/3430/4406 4515/3485/4403
f 4517/3487/4405 4514/3427/4404 4515/3485/4403
f 4677/3424/4549 4521/3488/4409 4522/3489/4550
f 4524/3491/4551 4520/3425/4410 4521/3488/4409
f 4524/3491/4551 4678/3431/4552 4528/3490/4414
f 4506/3483/4547 4679/3431/4050 3554/3441/3896
f 4303/3428/4224 4300/3518/4223 4301/3449/4222
f 4302/3425/4553 4305/3450/4225 4301/3449/4222
f 4307/3451/4227 4304/3427/4226 4305/3450/4225
f 4312/3452/4230 4313/3428/4235 4311/3453/4234
f 4314/3455/4554 4310/3425/4231 4311/3453/4234
f 4314/3455/4554 4683/3431/4555 4318/3454/4237
f 4684/3424/4556 4281/3519/4210 4282/3445/4205
f 4286/3430/4212 4281/3519/4210 4284/3446/4209
f 4285/3427/4557 4288/3520/4558 4284/3446/4209
f 4293/3428/4217 4292/3521/4215 4686/3424/4559
f 4294/3522/4220 4290/3425/4560 4291/3447/4213
f 4294/3522/4220 4687/3431/4561 4298/3448/4218
f 4379/3428/4295 4376/3457/4291 4377/3458/4293
f 4378/3425/4290 4381/3460/4562 4377/3458/4293
f 4383/3459/4296 4380/3427/4294 4381/3460/4562
f 4690/3424/4563 4646/3509/4564 4648/3428/4517
f 4646/3509/4564 4651/3430/4521 4650/3508/4518
f 4652/3523/4565 4649/3427/4519 4650/3508/4518
f 4342/3524/4566 4692/3429/4567 4341/3456/4260
f 4694/3424/4568 4209/3432/4147 4210/3525/4149
f 4212/3433/4151 4208/3425/4569 4209/3432/4147
f 4212/3433/4151 4695/3431/4570 4216/3434/4152
f 4220/3436/4571 4221/3428/4158 4219/3435/4155
f 4222/3437/4159 4218/3425/4156 4219/3435/4155
f 4222/3437/4159 4697/3431/4572 4226/3529/4573
f 4230/3438/4162 4231/3428/4167 4229/3439/4166
f 4234/3430/4170 4229/3439/4166 4232/3440/4168
f 4699/3431/4574 4232/3440/4168 4233/3427/4165
f 4494/3478/4575 4495/3428/4388 4493/3477/4386
f 4492/3425/4387 4496/3479/4389 4498/3430/4391
f 4701/3431/4576 4496/3479/4389 4497/3427/4577
f 3558/3424/3571 3557/3428/3575 3556/3425/3572
f 3560/3427/3574 3559/3430/3577 3556/3425/3572
f 3560/3427/3574 3562/3431/3576 3561/3429/3576
f 3566/3424/3578 3565/3428/3582 3564/3425/3579
f 3568/3427/3581 3567/3430/3583 3564/3425/3579
f 3567/3430/3583 3568/3427/3581 3570/3431/3584
f 3571/3426/3585 3574/3424/4621 3573/3428/3586
f 3575/3430/3588 3572/3425/3587 3573/3428/3586
f 3576/3427/3589 3578/3431/4622 3577/3429/3590
f 3579/3426/3591 3582/3425/3594 3581/3428/3592
f 3582/3425/3594 3584/3430/3596 3583/3427/3595
f 3584/3430/3596 3586/3429/3597 3585/3431/3597
f 3587/3426/3598 3590/3425/3601 3589/3428/3599
f 3590/3425/3601 3592/3430/3603 3591/3427/3602
f 3592/3430/3603 3594/3429/3604 3593/3431/3604
f 3595/3426/3605 3598/3425/3609 3597/3428/3606
f 3600/3430/3608 3599/3427/3611 3597/3428/3606
f 3602/3429/3610 3601/3431/4623 3599/3427/3611
f 3603/3426/3598 3606/3425/3614 3605/3428/3612
f 3608/3430/3613 3607/3427/3616 3605/3428/3612
f 3610/3429/3615 3609/3431/4624 3607/3427/3616
f 3614/3424/3617 3613/3428/3621 3612/3425/3618
f 3616/3427/3620 3615/3430/3622 3612/3425/3618
f 3615/3430/3622 3616/3427/3620 3618/3431/3623
f 3622/3424/3624 3621/3428/3628 3620/3425/3625
f 3624/3427/3627 3623/3430/3629 3620/3425/3625
f 3623/3430/3629 3624/3427/3627 3626/3431/3630
f 3630/3424/3631 3629/3428/3635 3628/3425/3632
f 3631/3430/3634 3628/3425/3632 3629/3428/3635
f 3631/3430/3634 3632/3427/3636 3634/3431/3637
f 3637/3432/3639 3636/3525/4071 3635/3426/3640
f 3639/3428/3642 3637/3432/3639 3641/3433/3643
f 3643/3434/3645 3641/3433/3643 3642/3430/3646
f 3645/3426/3648 3648/3425/4074 3647/3435/3649
f 3647/3435/3649 3651/3437/3654 3650/3427/3651
f 3654/3429/3653 3653/3529/4625 3651/3437/3654
f 3658/3425/3656 3657/3439/3659 3656/3438/3657
f 3657/3439/3659 3661/3440/3663 3660/3427/3660
f 3664/3429/3662 3663/3526/4078 3661/3440/3663
f 3665/3426/3665 3668/3425/3668 3667/3428/3666
f 3668/3425/3668 3670/3430/3671 3669/3427/3669
f 3670/3430/3671 4243/3568/4626 4244/3441/3670
f 4244/3441/3670 4245/3431/4176 3669/3427/3669
f 3671/3426/3672 3674/3424/4627 3673/3428/3673
f 3675/3430/3675 3672/3425/3674 3673/3428/3673
f 3676/3427/3676 3678/3431/4628 3677/3429/3677
f 3679/3426/3678 3682/3425/3681 3681/3428/3679
f 3682/3425/3681 3684/3430/3683 3683/3427/3682
f 3684/3430/3683 3686/3429/4629 3685/3431/3684
f 3687/3426/3685 3690/3424/4630 3689/3428/3686
f 3689/3428/3686 3692/3443/3692 3691/3442/3688
f 3693/3430/3689 3696/3427/3693 3695/3431/3690
f 3693/3430/3689 3691/3442/3688 3692/3443/3692
f 3700/3424/3694 3699/3428/3698 3698/3425/3695
f 3702/3427/3697 3701/3430/3699 3698/3425/3695
f 3701/3430/3699 3702/3427/3697 3703/3431/3700
f 3707/3425/3702 3706/3519/4056 3705/3445/3703
f 3708/3428/3705 3706/3519/4056 3710/3446/3706
f 3713/3429/3708 3712/3520/4058 3710/3446/3706
f 3716/3447/3710 3715/3521/4059 3714/3426/3711
f 3716/3447/3710 3720/3522/4060 3719/3427/3713
f 3722/3448/3715 3720/3522/4060 3721/3430/3716
f 3724/3426/3718 3727/3518/4051 3726/3449/3719
f 3728/3428/3721 3730/3427/4052 3729/3450/3722
f 3733/3451/3723 3732/3429/4631 3731/3430/3724
f 3737/3425/3725 3736/3453/3728 3735/3452/3726
f 3736/3453/3728 3740/3455/3733 3739/3427/3729
f 3741/3430/3731 3743/3429/4632 3742/3454/3732
f 3747/3425/3734 3746/3428/3738 3745/3424/3735
f 3749/3430/3737 3748/3427/3740 3746/3428/3738
f 3749/3430/3737 3751/3429/4633 3750/3431/3739
f 3752/3426/3741 3755/3424/4634 3754/3428/3742
f 3756/3430/3744 3753/3425/3743 3754/3428/3742
f 3756/3430/3744 3757/3427/3745 3759/3431/3746
f 3763/3425/3748 3762/3428/3752 3761/3424/3749
f 3765/3430/3751 3764/3427/3754 3762/3428/3752
f 3767/3456/3753 3766/3524/4067 3764/3427/3754
f 3771/3425/3755 3770/3428/3759 3769/3424/3756
f 3773/3430/3758 3772/3427/3761 3770/3428/3759
f 3773/3430/3758 3775/3429/4635 3774/3431/3760
f 3779/3425/3762 3778/3428/3766 3777/3424/3763
f 3781/3430/3765 3780/3427/3768 3778/3428/3766
f 3783/3429/3767 3782/3431/4636 3780/3427/3768
f 3787/3425/3769 3786/3428/3773 3785/3424/3770
f 3789/3430/3772 3788/3427/3775 3786/3428/3773
f 3791/3429/3774 3790/3431/4637 3788/3427/3775
f 3792/3426/3776 3795/3424/4638 3794/3428/3777
f 3797/3427/3779 3796/3430/3781 3793/3425/3778
f 3797/3427/3779 3799/3431/4639 3798/3429/3780
f 3803/3457/3782 3802/3458/3786 3801/3425/3783
f 3806/3427/3785 3805/3460/3790 3802/3458/3786
f 3809/3459/3788 3808/3429/4640 3807/3430/3789
f 3813/3461/3791 3812/3462/3795 3811/3425/3792
f 3816/3427/3794 3815/3463/3797 3812/3462/3795
f 3815/3463/3797 3819/3516/4037 3818/3429/3798
f 3823/3464/3800 3822/3465/3804 3821/3425/3801
f 3826/3427/3803 3825/3517/4038 3822/3465/3804
f 3827/3430/3806 3825/3517/4038 3829/3466/3807
f 3830/3426/3809 3833/3424/4641 3832/3428/3810
f 3834/3430/3812 3831/3425/3811 3832/3428/3810
f 3835/3427/3813 3837/3431/4642 3836/3429/3814
f 3838/3426/3815 3841/3425/3818 3840/3428/3816
f 3841/3425/3818 3843/3430/3820 3842/3427/3819
f 3843/3430/3820 3845/3429/4643 3844/3431/3821
f 3846/3426/3822 3849/3425/3825 3848/3428/3823
f 3849/3425/3825 3851/3430/3827 3850/3427/3826
f 3851/3430/3827 3853/3429/3828 3852/3431/3828
f 3854/3426/3829 3857/3425/3833 3856/3428/3830
f 3859/3430/3832 3858/3427/3835 3856/3428/3830
f 3861/3429/3834 3860/3431/4644 3858/3427/3835
f 3862/3426/3822 3865/3425/3838 3864/3428/3836
f 3867/3430/3837 3866/3427/3840 3864/3428/3836
f 3869/3429/3839 3868/3431/4645 3866/3427/3840
f 3873/3424/3841 3872/3428/3845 3871/3425/3842
f 3875/3427/3844 3874/3430/3846 3871/3425/3842
f 3874/3430/3846 3875/3427/3844 3877/3431/3847
f 3881/3424/3849 3880/3428/3853 3879/3425/3850
f 3883/3427/3852 3882/3430/3854 3879/3425/3850
f 3882/3430/3854 3883/3427/3852 3885/3431/3855
f 3886/3426/3856 3889/3515/4034 3888/3467/3857
f 3892/3427/3859 3891/3469/3863 3888/3467/3857
f 3895/3468/3861 3894/3429/4646 3893/3430/3862
f 3898/3470/3864 3897/3514/4033 3896/3426/3865
f 3900/3428/3867 3898/3470/3864 3902/3471/3868
f 3904/3472/3870 3902/3471/3868 3903/3430/3871
f 3906/3426/3873 3909/3425/4041 3908/3473/3874
f 3908/3473/3874 3912/3476/3880 3911/3427/3876
f 3913/3430/3878 3915/3429/4647 3914/3475/3879
f 3916/3426/3881 3919/3425/4080 3918/3477/3882
f 3920/3428/3884 3918/3477/3882 3922/3479/3885
f 3924/3480/3887 3922/3479/3885 3923/3430/3888
f 3926/3426/3890 3929/3425/4044 3928/3481/3891
f 3928/3481/3891 3932/3483/3897 3931/3427/3893
f 3933/3430/3895 3934/3527/4398 3554/3441/3896
f 3938/3484/3898 3937/3486/3903 3936/3425/3899
f 3939/3428/3901 3941/3427/4045 3940/3485/3902
f 3944/3487/3904 3943/3429/4648 3942/3430/3905
f 3945/3426/3906 3948/3425/4048 3947/3488/3907
f 3947/3488/3907 3951/3491/3913 3950/3427/3909
f 3952/3430/3911 3954/3429/4649 3953/3490/3912
f 3955/3426/3914 3958/3424/4650 3957/3428/3915
f 3957/3428/3915 3960/3443/3921 3959/3442/3917
f 3961/3430/3918 3964/3427/3922 3963/3431/3919
f 3961/3430/3918 3959/3442/3917 3960/3443/3921
f 3968/3424/3923 3967/3428/3927 3966/3425/3924
f 3970/3427/3926 3969/3430/3928 3966/3425/3924
f 3969/3430/3928 3970/3427/3926 4545/3431/3929
f 3975/3425/3931 3974/3512/4027 3973/3492/3932
f 3976/3428/3934 3974/3512/4027 3978/3493/3935
f 3980/3494/3937 3978/3493/3935 3979/3430/3938
f 3985/3425/3940 3984/3496/3943 3983/3495/3941
f 3984/3496/3943 3988/3497/3947 3987/3427/3944
f 3991/3429/3946 3990/3528/4651 3988/3497/3947
f 3992/3426/3949 3995/3510/4024 3994/3498/3950
f 3996/3428/3952 3998/3427/4652 3997/3499/3953
f 3997/3499/3953 4001/3511/4026 4000/3429/3954
f 4002/3426/3956 4005/3425/4021 4004/3500/3957
f 4008/3502/3959 4007/3427/4022 4006/3428/3960
f 4009/3430/3961 4011/3429/4653 4010/3503/3962
f 4015/3425/3963 4014/3513/4030 4013/3504/3964
f 4016/3428/3966 4014/3513/4030 4018/3505/3967
f 4020/3506/3969 4018/3505/3967 4019/3430/3970
f 4022/3426/3972 4025/3424/4654 4024/3428/3973
f 4026/3430/3975 4023/3425/3974 4024/3428/3973
f 4027/3427/3976 4029/3431/4655 4028/3429/3977
f 4033/3425/3978 4032/3428/3982 4031/3424/3979
f 4035/3430/3981 4034/3427/3984 4032/3428/3982
f 4037/3429/3983 4036/3431/4656 4034/3427/3984
f 4041/3425/3985 4040/3428/3989 4039/3424/3986
f 4043/3430/3988 4042/3427/3991 4040/3428/3989
f 4045/3429/3990 4044/3431/4657 4042/3427/3991
f 4049/3425/3992 4048/3428/3996 4047/3424/3993
f 4051/3430/3995 4050/3427/3998 4048/3428/3996
f 4053/3429/3997 4052/3431/4658 4050/3427/3998
f 4057/3425/3999 4056/3428/4003 4055/3424/4000
f 4059/3430/4002 4058/3427/4005 4056/3428/4003
f 4061/3429/4004 4060/3431/4659 4058/3427/4005
f 4062/3426/4006 4065/3424/4660 4064/3428/4007
f 4067/3427/4009 4066/3430/4011 4063/3425/4008
f 4067/3427/4009 4069/3431/4661 4068/3429/4010
f 4073/3507/4012 4072/3509/4017 4071/3425/4013
f 4074/3428/4015 4076/3427/4065 4075/3508/4016
f 4075/3508/4016 4079/3523/4064 4078/3429/4018
f 4004/3500/3957 4006/3428/3960 4080/3424/4020
f 4008/3502/3959 4004/3500/3957 4005/3425/4021
f 4010/3503/3962 4081/3431/4662 4007/3427/4022
f 4082/3424/4023 3996/3428/3952 3994/3498/3950
f 3994/3498/3950 3997/3499/3953 3999/3430/3955
f 3997/3499/3953 3998/3427/4652 4083/3431/4025
f 3974/3512/4027 3976/3428/3934 4084/3424/4028
f 3974/3512/4027 3975/3425/3931 3979/3430/3938
f 3980/3494/3937 4085/3431/4663 3977/3427/3936
f 3986/3428/3945 4086/3424/4664 3983/3495/3941
f 3984/3496/3943 3985/3425/3940 3989/3430/3948
f 3988/3497/3947 3990/3528/4651 4087/3431/4029
f 4014/3513/4030 4016/3428/3966 4088/3424/4031
f 4014/3513/4030 4015/3425/3963 4019/3430/3970
f 4020/3506/3969 4089/3431/4665 4017/3427/3968
f 3898/3470/3864 3900/3428/3867 4090/3424/4032
f 3899/3425/3866 3903/3430/3871 3902/3471/3868
f 3904/3472/3870 4091/3431/4666 3901/3427/3869
f 3889/3515/4034 4092/3424/4667 3890/3428/3860
f 3888/3467/3857 3891/3469/3863 3893/3430/3862
f 3891/3469/3863 3892/3427/3859 4093/3431/4035
f 3813/3461/3791 4094/3424/4668 3814/3428/3796
f 3817/3430/3799 3811/3425/3792 3812/3462/3795
f 3815/3463/3797 3816/3427/3794 4095/3431/4036
f 3823/3464/3800 4096/3424/4669 3824/3428/3805
f 3827/3430/3806 3821/3425/3801 3822/3465/3804
f 3825/3517/4038 3826/3427/3803 4097/3431/4039
f 3908/3473/3874 3910/3428/3877 4098/3424/4040
f 3912/3476/3880 3908/3473/3874 3909/3425/4041
f 3912/3476/3880 3914/3475/3879 4099/3431/4042
f 3927/3482/3892 3928/3481/3891 3930/3428/3894
f 3932/3483/3897 3928/3481/3891 3929/3425/4044
f 3938/3484/3898 4101/3424/4670 3939/3428/3901
f 3937/3486/3903 3940/3485/3902 3942/3430/3905
f 3944/3487/3904 3940/3485/3902 3941/3427/4045
f 3947/3488/3907 3949/3428/3910 4103/3424/4047
f 3951/3491/3913 3947/3488/3907 3948/3425/4048
f 3951/3491/3913 3953/3490/3912 4104/3431/4049
f 3932/3483/3897 3554/3441/3896 4679/3431/4050
f 3727/3518/4051 4105/3424/4671 3728/3428/3721
f 3729/3450/3722 3731/3430/3724 3725/3425/3720
f 3733/3451/3723 3729/3450/3722 3730/3427/4052
f 3735/3452/3726 3736/3453/3728 3738/3428/3730
f 3740/3455/3733 3736/3453/3728 3737/3425/3725
f 3740/3455/3733 3742/3454/3732 4108/3431/4055
f 3706/3519/4056 3708/3428/3705 4109/3424/4057
f 3706/3519/4056 3707/3425/3702 3711/3430/3709
f 3712/3520/4058 4110/3431/4672 3709/3427/3707
f 3718/3428/3714 4111/3424/4673 3715/3521/4059
f 3720/3522/4060 3716/3447/3710 3717/3425/3712
f 3720/3522/4060 3722/3448/3715 4112/3431/4061
f 3803/3457/3782 4113/3424/4674 3804/3428/3787
f 3805/3460/3790 3807/3430/3789 3801/3425/3783
f 3809/3459/3788 3805/3460/3790 3806/3427/3785
f 4115/3424/4063 4074/3428/4015 4072/3509/4017
f 4072/3509/4017 4075/3508/4016 4077/3430/4019
f 4079/3523/4064 4075/3508/4016 4076/3427/4065
f 3766/3524/4067 3767/3456/3753 4118/3429/4068
f 3637/3432/3639 3639/3428/3642 4119/3424/4070
f 3641/3433/3643 3637/3432/3639 3638/3425/3641
f 3641/3433/3643 3643/3434/3645 4120/3431/4072
f 3646/3436/3650 3647/3435/3649 3649/3428/3652
f 3651/3437/3654 3647/3435/3649 3648/3425/4074
f 3651/3437/3654 3653/3529/4625 4122/3431/4075
f 3656/3438/3657 3657/3439/3659 3659/3428/3661
f 3657/3439/3659 3658/3425/3656 3662/3430/3664
f 4124/3431/4077 3660/3427/3660 3661/3440/3663
f 3917/3478/3883 3918/3477/3882 3920/3428/3884
f 3919/3425/4080 3923/3430/3888 3922/3479/3885
f 4126/3431/4081 3921/3427/3886 3922/3479/3885
f 4130/3425/4082 4129/3428/4086 4128/3424/4083
f 4130/3425/4082 4132/3430/4088 4131/3427/4085
f 4134/3429/4087 4133/3431/4087 4131/3427/4085
f 4138/3425/4089 4137/3428/4093 4136/3424/4090
f 4138/3425/4089 4140/3430/4094 4139/3427/4092
f 4140/3430/4094 4142/3429/4095 4141/3431/4095
f 4143/3426/4096 4146/3425/4100 4145/3428/4097
f 4148/3430/4099 4147/3427/4102 4145/3428/4097
f 4150/3429/4101 4149/3431/4675 4147/3427/4102
f 4151/3426/4103 4154/3424/4676 4153/3428/4104
f 4156/3427/4106 4155/3430/4107 4152/3425/4105
f 4155/3430/4107 4156/3427/4106 4158/3431/4108
f 4159/3426/4109 4162/3424/4677 4161/3428/4110
f 4164/3427/4112 4163/3430/4113 4160/3425/4111
f 4163/3430/4113 4164/3427/4112 4166/3431/4114
f 4167/3426/4115 4170/3424/4678 4169/3428/4116
f 4171/3430/4118 4168/3425/4117 4169/3428/4116
f 4172/3427/4119 4174/3431/4679 4173/3429/4120
f 4175/3426/4109 4178/3424/4677 4177/3428/4121
f 4179/3430/4123 4176/3425/4122 4177/3428/4121
f 4180/3427/4124 4182/3431/4680 4181/3429/4125
f 4186/3425/4126 4185/3428/4130 4184/3424/4127
f 4186/3425/4126 4188/3430/4131 4187/3427/4129
f 4188/3430/4131 4190/3429/4132 4189/3431/4132
f 4194/3425/4133 4193/3428/4137 4192/3424/4134
f 4194/3425/4133 4196/3430/4138 4195/3427/4136
f 4196/3430/4138 4198/3429/4139 4197/3431/4139
f 4202/3425/4140 4201/3428/4144 4200/3424/4141
f 4204/3430/4143 4203/3427/4146 4201/3428/4144
f 4204/3430/4143 4206/3429/4681 4205/3431/4145
f 4209/3432/4147 4208/3425/4569 4207/3426/4148
f 4211/3428/4150 4213/3427/4682 4212/3433/4151
f 4216/3434/4152 4215/3429/4683 4214/3430/4153
f 4217/3426/4154 4220/3436/4571 4219/3435/4155
f 4223/3427/4157 4222/3437/4159 4219/3435/4155
f 4222/3437/4159 4226/3529/4573 4225/3429/4160
f 4230/3438/4162 4229/3439/4166 4228/3425/4163
f 4233/3427/4165 4232/3440/4168 4229/3439/4166
f 4232/3440/4168 4236/3526/4684 4235/3429/4169
f 4237/3426/4171 4240/3424/4685 4239/3428/4172
f 4242/3427/4174 4241/3430/4175 4238/3425/4173
f 4244/3441/3670 4243/3568/4626 4241/3430/4175
f 4241/3430/4175 4242/3427/4174 4245/3431/4176
f 4246/3426/4177 4249/3425/4181 4248/3428/4178
f 4251/3430/4180 4250/3427/4183 4248/3428/4178
f 4253/3429/4182 4252/3431/4686 4250/3427/4183
f 4254/3426/4184 4257/3424/4687 4256/3428/4185
f 4259/3427/4187 4258/3430/4188 4255/3425/4186
f 4258/3430/4188 4259/3427/4187 4261/3431/4189
f 4262/3426/4191 4265/3425/4688 4264/3428/4192
f 4264/3428/4192 4265/3425/4688 4267/3442/4194
f 4268/3430/4196 4271/3429/4689 4270/3431/4197
f 4268/3430/4196 4269/3427/4198 4266/3443/4195
f 4275/3425/4199 4274/3428/4203 4273/3424/4200
f 4275/3425/4199 4277/3430/4204 4276/3427/4202
f 4277/3430/4204 4278/3444/3701 3703/3431/3700
f 4282/3445/4205 4281/3519/4210 4280/3425/4206
f 4283/3428/4208 4285/3427/4557 4284/3446/4209
f 4284/3446/4209 4288/3520/4558 4287/3429/4211
f 4291/3447/4213 4290/3425/4560 4289/3426/4214
f 4295/3427/4216 4294/3522/4220 4291/3447/4213
f 4298/3448/4218 4297/3429/4690 4296/3430/4219
f 4299/3426/4221 4302/3425/4553 4301/3449/4222
f 4303/3428/4224 4301/3449/4222 4305/3450/4225
f 4307/3451/4227 4305/3450/4225 4306/3430/4228
f 4312/3452/4230 4311/3453/4234 4310/3425/4231
f 4315/3427/4233 4314/3455/4554 4311/3453/4234
f 4316/3430/4236 4314/3455/4554 4318/3454/4237
f 4322/3424/4239 4321/3428/4243 4320/3425/4240
f 4323/3430/4242 4320/3425/4240 4321/3428/4243
f 4323/3430/4242 4324/3427/4244 4326/3431/4245
f 4327/3426/4247 4330/3425/4251 4329/3428/4248
f 4332/3430/4250 4331/3427/4253 4329/3428/4248
f 4332/3430/4250 4334/3429/4691 4333/3431/4252
f 4338/3424/4254 4337/3428/4258 4336/3425/4255
f 4339/3430/4257 4336/3425/4255 4337/3428/4258
f 4340/3427/4259 4342/3524/4566 4341/3456/4260
f 4346/3424/4261 4345/3428/4265 4344/3425/4262
f 4347/3430/4264 4344/3425/4262 4345/3428/4265
f 4347/3430/4264 4348/3427/4266 4350/3431/4267
f 4354/3424/4269 4353/3428/4273 4352/3425/4270
f 4355/3430/4272 4352/3425/4270 4353/3428/4273
f 4356/3427/4274 4358/3431/4692 4357/3429/4275
f 4362/3424/4276 4361/3428/4280 4360/3425/4277
f 4363/3430/4279 4360/3425/4277 4361/3428/4280
f 4364/3427/4281 4366/3431/4693 4365/3429/4282
f 4367/3426/4283 4370/3425/4286 4369/3428/4284
f 4370/3425/4286 4372/3430/4289 4371/3427/4287
f 4374/3429/4288 4373/3431/4694 4371/3427/4287
f 4378/3425/4290 4377/3458/4293 4376/3457/4291
f 4377/3458/4293 4381/3460/4562 4380/3427/4294
f 4383/3459/4296 4381/3460/4562 4382/3430/4297
f 4388/3425/4299 4387/3462/4302 4386/3461/4300
f 4387/3462/4302 4391/3463/4306 4390/3427/4303
f 4394/3429/4305 4393/3516/4540 4391/3463/4306
f 4398/3425/4308 4397/3465/4311 4396/3464/4309
f 4397/3465/4311 4401/3517/4316 4400/3427/4312
f 4402/3430/4314 4404/3429/4695 4403/3466/4315
f 4405/3426/4317 4408/3425/4321 4407/3428/4318
f 4410/3430/4320 4409/3427/4323 4407/3428/4318
f 4412/3429/4322 4411/3431/4696 4409/3427/4323
f 4413/3426/4324 4416/3424/4697 4415/3428/4325
f 4418/3427/4327 4417/3430/4328 4414/3425/4326
f 4417/3430/4328 4418/3427/4327 4420/3431/4329
f 4421/3426/4331 4424/3424/4698 4423/3428/4332
f 4426/3427/4334 4425/3430/4335 4422/3425/4333
f 4425/3430/4335 4426/3427/4334 4428/3431/4336
f 4429/3426/4337 4432/3424/4699 4431/3428/4338
f 4433/3430/4340 4430/3425/4339 4431/3428/4338
f 4434/3427/4341 4436/3431/4700 4435/3429/4342
f 4437/3426/4331 4440/3424/4698 4439/3428/4343
f 4441/3430/4345 4438/3425/4344 4439/3428/4343
f 4442/3427/4346 4444/3431/4701 4443/3429/4347
f 4448/3425/4348 4447/3428/4352 4446/3424/4349
f 4448/3425/4348 4450/3430/4353 4449/3427/4351
f 4450/3430/4353 4452/3429/4702 4451/3431/4354
f 4456/3425/4355 4455/3428/4359 4454/3424/4356
f 4456/3425/4355 4458/3430/4360 4457/3427/4358
f 4458/3430/4360 4460/3429/4361 4459/3431/4361
f 4461/3426/4362 4464/3425/4703 4463/3467/4363
f 4463/3467/4363 4467/3469/4537 4466/3427/4365
f 4469/3468/4367 4467/3469/4537 4468/3430/4368
f 4473/3470/4370 4472/3425/4535 4471/3426/4371
f 4475/3428/4373 4477/3427/4536 4476/3471/4374
f 4480/3472/4375 4479/3429/4704 4478/3430/4376
f 4481/3426/4377 4484/3474/4543 4483/3473/4378
f 4487/3427/4380 4486/3476/4544 4483/3473/4378
f 4488/3430/4382 4486/3476/4544 4490/3475/4383
f 4491/3426/4385 4494/3478/4575 4493/3477/4386
f 4495/3428/4388 4497/3427/4577 4496/3479/4389
f 4500/3480/4390 4499/3429/4705 4498/3430/4391
f 4501/3426/4392 4504/3482/4546 4503/3481/4393
f 4507/3427/4395 4506/3483/4547 4503/3481/4393
f 4508/3430/4397 4506/3483/4547 3554/3441/3896
f 4512/3425/4399 4511/3486/4548 4510/3484/4400
f 4513/3428/4402 4511/3486/4548 4515/3485/4403
f 4517/3487/4405 4515/3485/4403 4516/3430/4406
f 4519/3426/4408 4522/3489/4550 4521/3488/4409
f 4525/3427/4411 4524/3491/4551 4521/3488/4409
f 4526/3430/4413 4524/3491/4551 4528/3490/4414
f 4529/3426/4416 4532/3425/4706 4531/3428/4417
f 4531/3428/4417 4532/3425/4706 4534/3442/4419
f 4535/3430/4421 4538/3429/4707 4537/3431/4422
f 4535/3430/4421 4536/3427/4423 4533/3443/4420
f 4542/3425/4424 4541/3428/4428 4540/3424/4425
f 4542/3425/4424 4544/3430/4429 4543/3427/4427
f 4544/3430/4429 3971/3444/3930 4545/3431/3929
f 4549/3492/4430 4548/3512/4435 4547/3425/4431
f 4550/3428/4433 4552/3427/4528 4551/3493/4434
f 4555/3494/4436 4554/3429/4708 4553/3430/4437
f 4559/3495/4438 4558/3496/4442 4557/3425/4439
f 4562/3427/4441 4561/3497/4444 4558/3496/4442
f 4561/3497/4444 4565/3528/4531 4564/3429/4445
f 4566/3426/4447 4569/3425/4709 4568/3498/4448
f 4570/3428/4450 4568/3498/4448 4572/3499/4451
f 4575/3429/4453 4574/3511/4526 4572/3499/4451
f 4576/3426/4455 4579/3501/4523 4578/3500/4456
f 4581/3502/4458 4578/3500/4456 4580/3428/4459
f 4583/3430/4461 4581/3502/4458 4585/3503/4462
f 4589/3504/4464 4588/3513/4469 4587/3425/4465
f 4590/3428/4467 4592/3427/4533 4591/3505/4468
f 4595/3506/4470 4594/3429/4710 4593/3430/4471
f 4596/3426/4472 4599/3425/4476 4598/3428/4473
f 4601/3430/4475 4600/3427/4478 4598/3428/4473
f 4603/3429/4477 4602/3431/4711 4600/3427/4478
f 4607/3424/4479 4606/3428/4483 4605/3425/4480
f 4608/3430/4482 4605/3425/4480 4606/3428/4483
f 4609/3427/4484 4611/3431/4712 4610/3429/4485
f 4615/3424/4486 4614/3428/4490 4613/3425/4487
f 4616/3430/4489 4613/3425/4487 4614/3428/4490
f 4617/3427/4491 4619/3431/4713 4618/3429/4492
f 4623/3424/4493 4622/3428/4497 4621/3425/4494
f 4624/3430/4496 4621/3425/4494 4622/3428/4497
f 4625/3427/4498 4627/3431/4714 4626/3429/4499
f 4631/3424/4500 4630/3428/4504 4629/3425/4501
f 4632/3430/4503 4629/3425/4501 4630/3428/4504
f 4633/3427/4505 4635/3431/4715 4634/3429/4506
f 4636/3426/4507 4639/3425/4510 4638/3428/4508
f 4639/3425/4510 4641/3430/4513 4640/3427/4511
f 4643/3429/4512 4642/3431/4716 4640/3427/4511
f 4647/3425/4514 4646/3509/4564 4645/3507/4515
f 4648/3428/4517 4646/3509/4564 4650/3508/4518
f 4653/3429/4520 4652/3523/4565 4650/3508/4518
f 4654/3424/4522 4580/3428/4459 4578/3500/4456
f 4581/3502/4458 4583/3430/4461 4577/3425/4457
f 4582/3427/4460 4655/3431/4717 4585/3503/4462
f 4656/3424/4524 4567/3510/4449 4568/3498/4448
f 4568/3498/4448 4569/3425/4709 4573/3430/4454
f 4657/3431/4525 4571/3427/4452 4572/3499/4451
f 4658/3424/4527 4550/3428/4433 4548/3512/4435
f 4553/3430/4437 4547/3425/4431 4548/3512/4435
f 4552/3427/4528 4659/3431/4718 4555/3494/4436
f 4560/3428/4443 4558/3496/4442 4559/3495/4438
f 4563/3430/4446 4557/3425/4439 4558/3496/4442
f 4561/3497/4444 4562/3427/4441 4661/3431/4530
f 4662/3424/4532 4590/3428/4467 4588/3513/4469
f 4593/3430/4471 4587/3425/4465 4588/3513/4469
f 4592/3427/4533 4663/3431/4719 4595/3506/4470
f 4664/3424/4534 4475/3428/4373 4473/3470/4370
f 4472/3425/4535 4473/3470/4370 4476/3471/4374
f 4477/3427/4536 4665/3431/4720 4480/3472/4375
f 4465/3428/4366 4666/3424/4721 4462/3515/4364
f 4463/3467/4363 4464/3425/4703 4468/3430/4368
f 4667/3431/4538 4466/3427/4365 4467/3469/4537
f 4389/3428/4304 4668/3424/4722 4386/3461/4300
f 4392/3430/4307 4391/3463/4306 4387/3462/4302
f 4669/3431/4539 4390/3427/4303 4391/3463/4306
f 4399/3428/4313 4670/3424/4723 4396/3464/4309
f 4402/3430/4314 4401/3517/4316 4397/3465/4311
f 4671/3431/4541 4400/3427/4312 4401/3517/4316
f 4672/3424/4542 4485/3428/4381 4483/3473/4378
f 4486/3476/4544 4488/3430/4382 4482/3425/4379
f 4486/3476/4544 4487/3427/4380 4673/3431/4545
f 4504/3482/4546 4674/3424/4724 4505/3428/4396
f 4506/3483/4547 4508/3430/4397 4502/3425/4394
f 4513/3428/4402 4675/3424/4725 4510/3484/4400
f 4511/3486/4548 4512/3425/4399 4516/3430/4406
f 4517/3487/4405 4676/3431/4726 4514/3427/4404
f 4677/3424/4549 4523/3428/4412 4521/3488/4409
f 4524/3491/4551 4526/3430/4413 4520/3425/4410
f 4524/3491/4551 4525/3427/4411 4678/3431/4552
f 4506/3483/4547 4507/3427/4395 4679/3431/4050
f 4303/3428/4224 4680/3424/4727 4300/3518/4223
f 4302/3425/4553 4306/3430/4228 4305/3450/4225
f 4307/3451/4227 4681/3431/4728 4304/3427/4226
f 4312/3452/4230 4682/3424/4729 4313/3428/4235
f 4314/3455/4554 4316/3430/4236 4310/3425/4231
f 4314/3455/4554 4315/3427/4233 4683/3431/4555
f 4684/3424/4556 4283/3428/4208 4281/3519/4210
f 4286/3430/4212 4280/3425/4206 4281/3519/4210
f 4285/3427/4557 4685/3431/4730 4288/3520/4558
f 4293/3428/4217 4291/3447/4213 4292/3521/4215
f 4294/3522/4220 4296/3430/4219 4290/3425/4560
f 4294/3522/4220 4295/3427/4216 4687/3431/4561
f 4379/3428/4295 4688/3424/4731 4376/3457/4291
f 4378/3425/4290 4382/3430/4297 4381/3460/4562
f 4383/3459/4296 4689/3431/4732 4380/3427/4294
f 4690/3424/4563 4645/3507/4515 4646/3509/4564
f 4646/3509/4564 4647/3425/4514 4651/3430/4521
f 4652/3523/4565 4691/3431/4733 4649/3427/4519
f 4342/3524/4566 4693/3431/4734 4692/3429/4567
f 4694/3424/4568 4211/3428/4150 4209/3432/4147
f 4212/3433/4151 4214/3430/4153 4208/3425/4569
f 4212/3433/4151 4213/3427/4682 4695/3431/4570
f 4220/3436/4571 4696/3424/4735 4221/3428/4158
f 4222/3437/4159 4224/3430/4161 4218/3425/4156
f 4222/3437/4159 4223/3427/4157 4697/3431/4572
f 4230/3438/4162 4698/3424/4736 4231/3428/4167
f 4234/3430/4170 4228/3425/4163 4229/3439/4166
f 4699/3431/4574 4236/3526/4684 4232/3440/4168
f 4494/3478/4575 4700/3424/4737 4495/3428/4388
f 4492/3425/4387 4493/3477/4386 4496/3479/4389
f 4701/3431/4576 4500/3480/4390 4496/3479/4389
