# Blender 5.1.2
# www.blender.org
mtllib Television_01_2k.mtl
o Television_01
v -0.286415 0.054987 0.154288 1.0000 1.0000 1.0000
v -0.295746 0.452579 0.167872 1.0000 1.0000 1.0000
v 0.286415 0.054987 0.154288 1.0000 1.0000 1.0000
v 0.295746 0.452579 0.167872 1.0000 1.0000 1.0000
v -0.300000 0.456833 -0.035824 1.0000 1.0000 1.0000
v 0.300000 0.456833 -0.035824 1.0000 1.0000 1.0000
v -0.300000 0.391336 -0.181451 1.0000 1.0000 1.0000
v -0.286415 0.054987 -0.217752 1.0000 1.0000 1.0000
v 0.286415 0.054987 -0.217752 1.0000 1.0000 1.0000
v 0.300000 0.391336 -0.181451 1.0000 1.0000 1.0000
v -0.295746 0.059241 0.167872 1.0000 1.0000 1.0000
v 0.295746 0.059241 0.167872 1.0000 1.0000 1.0000
v 0.300000 0.054987 -0.231336 1.0000 1.0000 1.0000
v -0.300000 0.054987 -0.231336 1.0000 1.0000 1.0000
v -0.300000 0.054987 0.167872 1.0000 1.0000 1.0000
v 0.300000 0.054987 0.167872 1.0000 1.0000 1.0000
v 0.300000 0.456833 0.167872 1.0000 1.0000 1.0000
v -0.300000 0.456833 0.167872 1.0000 1.0000 1.0000
v -0.288924 0.063777 0.187872 1.0000 1.0000 1.0000
v 0.288924 0.063777 0.187872 1.0000 1.0000 1.0000
v 0.288924 0.448043 0.187872 1.0000 1.0000 1.0000
v -0.288924 0.448043 0.187872 1.0000 1.0000 1.0000
v -0.269821 0.100623 0.191045 1.0000 1.0000 1.0000
v -0.263869 0.106207 0.188730 1.0000 1.0000 1.0000
v 0.133066 0.106207 0.188730 1.0000 1.0000 1.0000
v 0.139044 0.100623 0.191045 1.0000 1.0000 1.0000
v -0.100902 0.456833 -0.035824 1.0000 1.0000 1.0000
v 0.100902 0.456833 -0.035824 1.0000 1.0000 1.0000
v 0.100902 0.400556 -0.087208 1.0000 1.0000 1.0000
v -0.100902 0.400556 -0.083913 1.0000 1.0000 1.0000
v 0.087540 0.400556 -0.087208 1.0000 1.0000 1.0000
v -0.087540 0.400556 -0.083913 1.0000 1.0000 1.0000
v -0.087540 0.406105 -0.056055 1.0000 1.0000 1.0000
v 0.087540 0.406105 -0.056055 1.0000 1.0000 1.0000
v -0.087540 0.456833 -0.019240 1.0000 1.0000 1.0000
v 0.087540 0.456833 -0.019240 1.0000 1.0000 1.0000
v 0.100902 0.456833 -0.087208 1.0000 1.0000 1.0000
v -0.100902 0.456833 -0.087208 1.0000 1.0000 1.0000
v -0.087540 0.456833 -0.056055 1.0000 1.0000 1.0000
v 0.087540 0.456833 -0.056055 1.0000 1.0000 1.0000
v -0.087540 0.406105 -0.019240 1.0000 1.0000 1.0000
v 0.087540 0.406105 -0.019240 1.0000 1.0000 1.0000
v -0.087540 0.448392 -0.087208 1.0000 1.0000 1.0000
v 0.087540 0.448392 -0.087208 1.0000 1.0000 1.0000
v 0.087540 0.448392 -0.056055 1.0000 1.0000 1.0000
v -0.087540 0.448392 -0.056055 1.0000 1.0000 1.0000
v 0.267274 0.280140 -0.197943 1.0000 1.0000 1.0000
v 0.082447 0.280589 -0.197877 1.0000 1.0000 1.0000
v 0.267274 0.111933 -0.222890 1.0000 1.0000 1.0000
v 0.082447 0.111933 -0.222890 1.0000 1.0000 1.0000
v 0.087663 0.274462 -0.190050 1.0000 1.0000 1.0000
v 0.262057 0.274462 -0.192378 1.0000 1.0000 1.0000
v 0.262057 0.115751 -0.215917 1.0000 1.0000 1.0000
v 0.087663 0.115751 -0.215917 1.0000 1.0000 1.0000
v 0.061244 0.118100 -0.221976 1.0000 1.0000 1.0000
v -0.193102 0.118253 -0.221953 1.0000 1.0000 1.0000
v 0.118408 0.119325 0.170499 1.0000 1.0000 1.0000
v -0.249211 0.119325 0.170499 1.0000 1.0000 1.0000
v -0.249211 0.399055 0.170499 1.0000 1.0000 1.0000
v 0.118408 0.399055 0.170499 1.0000 1.0000 1.0000
v 0.204050 0.391336 -0.181451 1.0000 1.0000 1.0000
v 0.235064 0.391336 -0.181451 1.0000 1.0000 1.0000
v 0.204050 0.397870 -0.114671 1.0000 1.0000 1.0000
v 0.235064 0.397870 -0.114671 1.0000 1.0000 1.0000
v 0.204050 0.382443 -0.182770 1.0000 1.0000 1.0000
v 0.235064 0.382435 -0.182771 1.0000 1.0000 1.0000
v -0.270636 0.391336 -0.181451 1.0000 1.0000 1.0000
v -0.239648 0.391335 -0.181452 1.0000 1.0000 1.0000
v -0.270636 0.381549 -0.182903 1.0000 1.0000 1.0000
v -0.239648 0.381561 -0.182901 1.0000 1.0000 1.0000
v -0.239648 0.397816 -0.114541 1.0000 1.0000 1.0000
v -0.270636 0.397843 -0.114606 1.0000 1.0000 1.0000
v 0.204050 0.386017 -0.114671 1.0000 1.0000 1.0000
v 0.235064 0.386017 -0.114671 1.0000 1.0000 1.0000
v -0.239648 0.385963 -0.114541 1.0000 1.0000 1.0000
v -0.270636 0.385991 -0.114606 1.0000 1.0000 1.0000
v -0.129174 0.054987 -0.231336 1.0000 1.0000 1.0000
v -0.172813 0.054987 -0.231336 1.0000 1.0000 1.0000
v -0.172917 0.090249 -0.226106 1.0000 1.0000 1.0000
v -0.129222 0.090249 -0.226106 1.0000 1.0000 1.0000
v -0.172917 0.090285 -0.219791 1.0000 1.0000 1.0000
v -0.129222 0.090285 -0.219791 1.0000 1.0000 1.0000
v -0.129223 0.054987 -0.224544 1.0000 1.0000 1.0000
v -0.172921 0.054987 -0.224544 1.0000 1.0000 1.0000
v 0.300000 0.406965 -0.051231 1.0000 1.0000 1.0000
v 0.300000 0.418494 -0.040358 1.0000 1.0000 1.0000
v 0.300000 0.409143 -0.046218 1.0000 1.0000 1.0000
v 0.300000 0.413363 -0.042238 1.0000 1.0000 1.0000
v -0.300000 0.418494 -0.040358 1.0000 1.0000 1.0000
v -0.300000 0.406965 -0.051231 1.0000 1.0000 1.0000
v -0.300000 0.413363 -0.042238 1.0000 1.0000 1.0000
v -0.300000 0.409143 -0.046218 1.0000 1.0000 1.0000
v 0.100902 0.418494 -0.040358 1.0000 1.0000 1.0000
v 0.100902 0.406965 -0.051231 1.0000 1.0000 1.0000
v 0.100902 0.413363 -0.042238 1.0000 1.0000 1.0000
v 0.100902 0.409143 -0.046218 1.0000 1.0000 1.0000
v -0.100902 0.406922 -0.049200 1.0000 1.0000 1.0000
v -0.100902 0.418534 -0.038743 1.0000 1.0000 1.0000
v -0.100902 0.409127 -0.044246 1.0000 1.0000 1.0000
v -0.100902 0.413377 -0.040419 1.0000 1.0000 1.0000
v 0.070286 0.370443 -0.184550 1.0000 1.0000 1.0000
v 0.060326 0.380503 -0.183058 1.0000 1.0000 1.0000
v 0.068952 0.375473 -0.183804 1.0000 1.0000 1.0000
v 0.065306 0.379156 -0.183258 1.0000 1.0000 1.0000
v -0.192162 0.380500 -0.183059 1.0000 1.0000 1.0000
v -0.202121 0.370440 -0.184551 1.0000 1.0000 1.0000
v -0.197142 0.379152 -0.183258 1.0000 1.0000 1.0000
v -0.200787 0.375470 -0.183805 1.0000 1.0000 1.0000
v 0.041368 0.367129 -0.258248 1.0000 1.0000 1.0000
v 0.051329 0.357237 -0.258244 1.0000 1.0000 1.0000
v 0.046348 0.365803 -0.258246 1.0000 1.0000 1.0000
v 0.049994 0.362183 -0.258244 1.0000 1.0000 1.0000
v -0.183163 0.357237 -0.258347 1.0000 1.0000 1.0000
v -0.173205 0.367129 -0.258342 1.0000 1.0000 1.0000
v -0.181830 0.362183 -0.258346 1.0000 1.0000 1.0000
v -0.178185 0.365803 -0.258344 1.0000 1.0000 1.0000
v 0.058266 0.127832 -0.231277 1.0000 1.0000 1.0000
v 0.051329 0.185815 -0.258244 1.0000 1.0000 1.0000
v 0.054797 0.144186 -0.244760 1.0000 1.0000 1.0000
v 0.052258 0.165409 -0.254631 1.0000 1.0000 1.0000
v -0.183163 0.185815 -0.258367 1.0000 1.0000 1.0000
v -0.190114 0.127950 -0.231316 1.0000 1.0000 1.0000
v -0.184095 0.165425 -0.254744 1.0000 1.0000 1.0000
v -0.186639 0.144245 -0.244843 1.0000 1.0000 1.0000
v -0.286415 0.008985 0.134478 1.0000 1.0000 1.0000
v -0.286415 0.028794 0.154288 1.0000 1.0000 1.0000
v -0.286415 0.011639 0.144383 1.0000 1.0000 1.0000
v -0.286415 0.018889 0.151634 1.0000 1.0000 1.0000
v 0.286415 0.028794 0.154288 1.0000 1.0000 1.0000
v 0.286415 0.008985 0.134478 1.0000 1.0000 1.0000
v 0.286415 0.018889 0.151634 1.0000 1.0000 1.0000
v 0.286415 0.011639 0.144383 1.0000 1.0000 1.0000
v 0.292021 0.450103 0.183332 1.0000 1.0000 1.0000
v 0.295746 0.452579 0.171555 1.0000 1.0000 1.0000
v 0.294655 0.451854 0.177621 1.0000 1.0000 1.0000
v 0.295746 0.059241 0.171555 1.0000 1.0000 1.0000
v 0.292021 0.061718 0.183332 1.0000 1.0000 1.0000
v 0.294655 0.059967 0.177621 1.0000 1.0000 1.0000
v -0.295746 0.059241 0.171555 1.0000 1.0000 1.0000
v -0.292021 0.061718 0.183332 1.0000 1.0000 1.0000
v -0.294655 0.059967 0.177621 1.0000 1.0000 1.0000
v -0.295746 0.452579 0.171555 1.0000 1.0000 1.0000
v -0.292021 0.450103 0.183332 1.0000 1.0000 1.0000
v -0.294655 0.451854 0.177621 1.0000 1.0000 1.0000
v 0.139044 0.100623 0.187872 1.0000 1.0000 1.0000
v -0.269821 0.100623 0.187872 1.0000 1.0000 1.0000
v -0.270901 0.416615 0.187872 1.0000 1.0000 1.0000
v 0.139044 0.417343 0.187872 1.0000 1.0000 1.0000
v -0.263869 0.412173 0.188730 1.0000 1.0000 1.0000
v -0.270901 0.416615 0.191045 1.0000 1.0000 1.0000
v 0.133066 0.412173 0.188730 1.0000 1.0000 1.0000
v 0.139044 0.417343 0.191045 1.0000 1.0000 1.0000
v 0.286415 0.008984 -0.190929 1.0000 1.0000 1.0000
v 0.286415 0.035807 -0.217752 1.0000 1.0000 1.0000
v -0.286415 0.035807 -0.217752 1.0000 1.0000 1.0000
v -0.286415 0.008984 -0.190929 1.0000 1.0000 1.0000
v -0.258222 0.382280 -0.137197 1.0000 1.0000 1.0000
v -0.267347 0.382280 -0.146589 1.0000 1.0000 1.0000
v -0.262445 0.382280 -0.139018 1.0000 1.0000 1.0000
v -0.265649 0.382280 -0.142316 1.0000 1.0000 1.0000
v -0.267280 0.407360 -0.146255 1.0000 1.0000 1.0000
v -0.257888 0.407360 -0.137130 1.0000 1.0000 1.0000
v -0.265459 0.407360 -0.142032 1.0000 1.0000 1.0000
v -0.262161 0.407360 -0.138828 1.0000 1.0000 1.0000
v -0.267280 0.382280 -0.151187 1.0000 1.0000 1.0000
v -0.257888 0.382280 -0.160312 1.0000 1.0000 1.0000
v -0.265459 0.382280 -0.155410 1.0000 1.0000 1.0000
v -0.262161 0.382280 -0.158614 1.0000 1.0000 1.0000
v -0.258222 0.407360 -0.160245 1.0000 1.0000 1.0000
v -0.267347 0.407360 -0.150853 1.0000 1.0000 1.0000
v -0.262445 0.407360 -0.158424 1.0000 1.0000 1.0000
v -0.265649 0.407360 -0.155126 1.0000 1.0000 1.0000
v -0.244232 0.382280 -0.146255 1.0000 1.0000 1.0000
v -0.253624 0.382280 -0.137130 1.0000 1.0000 1.0000
v -0.246053 0.382280 -0.142032 1.0000 1.0000 1.0000
v -0.249351 0.382280 -0.138828 1.0000 1.0000 1.0000
v -0.253290 0.407360 -0.137197 1.0000 1.0000 1.0000
v -0.244165 0.407360 -0.146589 1.0000 1.0000 1.0000
v -0.249067 0.407360 -0.139018 1.0000 1.0000 1.0000
v -0.245863 0.407360 -0.142316 1.0000 1.0000 1.0000
v -0.253290 0.382280 -0.160245 1.0000 1.0000 1.0000
v -0.244165 0.382280 -0.150853 1.0000 1.0000 1.0000
v -0.249067 0.382280 -0.158424 1.0000 1.0000 1.0000
v -0.245863 0.382280 -0.155126 1.0000 1.0000 1.0000
v -0.244232 0.407360 -0.151187 1.0000 1.0000 1.0000
v -0.253624 0.407360 -0.160312 1.0000 1.0000 1.0000
v -0.246053 0.407360 -0.155410 1.0000 1.0000 1.0000
v -0.249351 0.407360 -0.158614 1.0000 1.0000 1.0000
v -0.257169 0.413784 -0.141036 1.0000 1.0000 1.0000
v -0.260002 0.413784 -0.142162 1.0000 1.0000 1.0000
v -0.262189 0.413784 -0.144286 1.0000 1.0000 1.0000
v -0.263396 0.413784 -0.147086 1.0000 1.0000 1.0000
v -0.260191 0.413784 -0.155154 1.0000 1.0000 1.0000
v -0.257391 0.413784 -0.156362 1.0000 1.0000 1.0000
v -0.262315 0.413784 -0.152967 1.0000 1.0000 1.0000
v -0.263441 0.413784 -0.150134 1.0000 1.0000 1.0000
v -0.249323 0.413784 -0.153156 1.0000 1.0000 1.0000
v -0.248115 0.413784 -0.150356 1.0000 1.0000 1.0000
v -0.251510 0.413784 -0.155280 1.0000 1.0000 1.0000
v -0.254343 0.413784 -0.156406 1.0000 1.0000 1.0000
v -0.251321 0.413784 -0.142288 1.0000 1.0000 1.0000
v -0.254121 0.413784 -0.141081 1.0000 1.0000 1.0000
v -0.249197 0.413784 -0.144475 1.0000 1.0000 1.0000
v -0.248071 0.413784 -0.147308 1.0000 1.0000 1.0000
v -0.257169 0.421987 -0.141036 1.0000 1.0000 1.0000
v -0.260002 0.421987 -0.142162 1.0000 1.0000 1.0000
v -0.262189 0.421987 -0.144286 1.0000 1.0000 1.0000
v -0.260191 0.421987 -0.155154 1.0000 1.0000 1.0000
v -0.257391 0.421987 -0.156362 1.0000 1.0000 1.0000
v -0.262315 0.421987 -0.152967 1.0000 1.0000 1.0000
v -0.251510 0.421987 -0.155280 1.0000 1.0000 1.0000
v -0.249323 0.421987 -0.153156 1.0000 1.0000 1.0000
v -0.254343 0.421987 -0.156406 1.0000 1.0000 1.0000
v -0.251321 0.421987 -0.142288 1.0000 1.0000 1.0000
v -0.254121 0.421987 -0.141081 1.0000 1.0000 1.0000
v -0.249197 0.421987 -0.144475 1.0000 1.0000 1.0000
v 0.213054 0.414669 -0.144260 1.0000 1.0000 1.0000
v 0.213054 0.414669 -0.153182 1.0000 1.0000 1.0000
v 0.221936 0.414669 -0.144260 1.0000 1.0000 1.0000
v 0.226059 0.418792 -0.144260 1.0000 1.0000 1.0000
v 0.223998 0.415221 -0.144260 1.0000 1.0000 1.0000
v 0.225507 0.416730 -0.144260 1.0000 1.0000 1.0000
v 0.226059 0.418792 -0.153182 1.0000 1.0000 1.0000
v 0.221936 0.414669 -0.153182 1.0000 1.0000 1.0000
v 0.225507 0.416730 -0.153182 1.0000 1.0000 1.0000
v 0.223998 0.415221 -0.153182 1.0000 1.0000 1.0000
v 0.218175 0.427674 -0.144260 1.0000 1.0000 1.0000
v 0.213054 0.422554 -0.144260 1.0000 1.0000 1.0000
v 0.214554 0.426174 -0.144260 1.0000 1.0000 1.0000
v 0.213054 0.422554 -0.153182 1.0000 1.0000 1.0000
v 0.218175 0.427674 -0.153182 1.0000 1.0000 1.0000
v 0.214554 0.426174 -0.153182 1.0000 1.0000 1.0000
v 0.226059 0.422554 -0.144260 1.0000 1.0000 1.0000
v 0.220939 0.427674 -0.144260 1.0000 1.0000 1.0000
v 0.224560 0.426174 -0.144260 1.0000 1.0000 1.0000
v 0.220939 0.427674 -0.153182 1.0000 1.0000 1.0000
v 0.226059 0.422554 -0.153182 1.0000 1.0000 1.0000
v 0.224560 0.426174 -0.153182 1.0000 1.0000 1.0000
v 0.217091 0.382294 -0.137197 1.0000 1.0000 1.0000
v 0.207966 0.382294 -0.146589 1.0000 1.0000 1.0000
v 0.212868 0.382294 -0.139018 1.0000 1.0000 1.0000
v 0.209664 0.382294 -0.142316 1.0000 1.0000 1.0000
v 0.208033 0.407360 -0.146255 1.0000 1.0000 1.0000
v 0.217425 0.407360 -0.137130 1.0000 1.0000 1.0000
v 0.209854 0.407360 -0.142032 1.0000 1.0000 1.0000
v 0.213152 0.407360 -0.138828 1.0000 1.0000 1.0000
v 0.208033 0.382294 -0.151187 1.0000 1.0000 1.0000
v 0.217425 0.382294 -0.160312 1.0000 1.0000 1.0000
v 0.209854 0.382294 -0.155410 1.0000 1.0000 1.0000
v 0.213152 0.382294 -0.158614 1.0000 1.0000 1.0000
v 0.217091 0.407360 -0.160245 1.0000 1.0000 1.0000
v 0.207966 0.407360 -0.150853 1.0000 1.0000 1.0000
v 0.212868 0.407360 -0.158424 1.0000 1.0000 1.0000
v 0.209664 0.407360 -0.155126 1.0000 1.0000 1.0000
v 0.231081 0.382294 -0.146255 1.0000 1.0000 1.0000
v 0.221688 0.382294 -0.137130 1.0000 1.0000 1.0000
v 0.229260 0.382294 -0.142032 1.0000 1.0000 1.0000
v 0.225962 0.382294 -0.138828 1.0000 1.0000 1.0000
v 0.222023 0.407360 -0.137197 1.0000 1.0000 1.0000
v 0.231148 0.407360 -0.146589 1.0000 1.0000 1.0000
v 0.226246 0.407360 -0.139018 1.0000 1.0000 1.0000
v 0.229450 0.407360 -0.142316 1.0000 1.0000 1.0000
v 0.222023 0.382294 -0.160245 1.0000 1.0000 1.0000
v 0.231148 0.382294 -0.150853 1.0000 1.0000 1.0000
v 0.226246 0.382294 -0.158424 1.0000 1.0000 1.0000
v 0.229450 0.382294 -0.155126 1.0000 1.0000 1.0000
v 0.231081 0.407360 -0.151187 1.0000 1.0000 1.0000
v 0.221688 0.407360 -0.160312 1.0000 1.0000 1.0000
v 0.229260 0.407360 -0.155410 1.0000 1.0000 1.0000
v 0.225962 0.407360 -0.158614 1.0000 1.0000 1.0000
v 0.218144 0.413784 -0.141036 1.0000 1.0000 1.0000
v 0.215310 0.413784 -0.142162 1.0000 1.0000 1.0000
v 0.213124 0.413784 -0.144286 1.0000 1.0000 1.0000
v 0.211916 0.413784 -0.147086 1.0000 1.0000 1.0000
v 0.215122 0.413784 -0.155154 1.0000 1.0000 1.0000
v 0.217922 0.413784 -0.156362 1.0000 1.0000 1.0000
v 0.212998 0.413784 -0.152967 1.0000 1.0000 1.0000
v 0.211872 0.413784 -0.150134 1.0000 1.0000 1.0000
v 0.225990 0.413784 -0.153156 1.0000 1.0000 1.0000
v 0.227197 0.413784 -0.150356 1.0000 1.0000 1.0000
v 0.223803 0.413784 -0.155280 1.0000 1.0000 1.0000
v 0.220970 0.413784 -0.156406 1.0000 1.0000 1.0000
v 0.223991 0.413784 -0.142288 1.0000 1.0000 1.0000
v 0.221192 0.413784 -0.141081 1.0000 1.0000 1.0000
v 0.226116 0.413784 -0.144475 1.0000 1.0000 1.0000
v 0.227242 0.413784 -0.147308 1.0000 1.0000 1.0000
v 0.218144 0.421987 -0.141036 1.0000 1.0000 1.0000
v 0.215310 0.421987 -0.142162 1.0000 1.0000 1.0000
v 0.213124 0.421987 -0.144286 1.0000 1.0000 1.0000
v 0.215122 0.421987 -0.155154 1.0000 1.0000 1.0000
v 0.217922 0.421987 -0.156362 1.0000 1.0000 1.0000
v 0.212998 0.421987 -0.152967 1.0000 1.0000 1.0000
v 0.223803 0.421987 -0.155280 1.0000 1.0000 1.0000
v 0.225990 0.421987 -0.153156 1.0000 1.0000 1.0000
v 0.220970 0.421987 -0.156406 1.0000 1.0000 1.0000
v 0.223991 0.421987 -0.142288 1.0000 1.0000 1.0000
v 0.221192 0.421987 -0.141081 1.0000 1.0000 1.0000
v 0.226116 0.421987 -0.144475 1.0000 1.0000 1.0000
v 0.150952 0.103210 0.189671 1.0000 1.0000 1.0000
v 0.150952 0.395143 0.189671 1.0000 1.0000 1.0000
v 0.150952 0.103210 0.187872 1.0000 1.0000 1.0000
v 0.150952 0.395143 0.187872 1.0000 1.0000 1.0000
v 0.273292 0.103210 0.189671 1.0000 1.0000 1.0000
v 0.273292 0.395143 0.189671 1.0000 1.0000 1.0000
v 0.273292 0.103210 0.187872 1.0000 1.0000 1.0000
v 0.273292 0.395143 0.187872 1.0000 1.0000 1.0000
v 0.150952 0.400313 0.189671 1.0000 1.0000 1.0000
v 0.150952 0.400313 0.187872 1.0000 1.0000 1.0000
v 0.273292 0.400313 0.189671 1.0000 1.0000 1.0000
v 0.273292 0.400313 0.187872 1.0000 1.0000 1.0000
v 0.150952 0.429060 0.189671 1.0000 1.0000 1.0000
v 0.150952 0.429060 0.187872 1.0000 1.0000 1.0000
v 0.273292 0.429060 0.187872 1.0000 1.0000 1.0000
v 0.273292 0.429060 0.189671 1.0000 1.0000 1.0000
v 0.208641 0.008985 0.097890 1.0000 1.0000 1.0000
v 0.224244 0.008985 0.113493 1.0000 1.0000 1.0000
v 0.209829 0.008985 0.103861 1.0000 1.0000 1.0000
v 0.213211 0.008985 0.108923 1.0000 1.0000 1.0000
v 0.218273 0.008985 0.112305 1.0000 1.0000 1.0000
v 0.271802 -0.000015 0.097890 1.0000 1.0000 1.0000
v 0.256199 -0.000015 0.113493 1.0000 1.0000 1.0000
v 0.270615 -0.000015 0.103861 1.0000 1.0000 1.0000
v 0.267232 -0.000015 0.108923 1.0000 1.0000 1.0000
v 0.262170 -0.000015 0.112305 1.0000 1.0000 1.0000
v 0.224244 0.008985 0.050331 1.0000 1.0000 1.0000
v 0.208641 0.008985 0.065934 1.0000 1.0000 1.0000
v 0.218273 0.008985 0.051519 1.0000 1.0000 1.0000
v 0.213211 0.008985 0.054901 1.0000 1.0000 1.0000
v 0.209829 0.008985 0.059963 1.0000 1.0000 1.0000
v 0.256199 -0.000015 0.050331 1.0000 1.0000 1.0000
v 0.271802 -0.000015 0.065934 1.0000 1.0000 1.0000
v 0.262170 -0.000015 0.051519 1.0000 1.0000 1.0000
v 0.267232 -0.000015 0.054901 1.0000 1.0000 1.0000
v 0.270615 -0.000015 0.059963 1.0000 1.0000 1.0000
v 0.256199 0.008985 0.113493 1.0000 1.0000 1.0000
v 0.271802 0.008985 0.097890 1.0000 1.0000 1.0000
v 0.262170 0.008985 0.112305 1.0000 1.0000 1.0000
v 0.267232 0.008985 0.108923 1.0000 1.0000 1.0000
v 0.270615 0.008985 0.103861 1.0000 1.0000 1.0000
v 0.224244 -0.000015 0.113493 1.0000 1.0000 1.0000
v 0.208641 -0.000015 0.097890 1.0000 1.0000 1.0000
v 0.218273 -0.000015 0.112305 1.0000 1.0000 1.0000
v 0.213211 -0.000015 0.108923 1.0000 1.0000 1.0000
v 0.209829 -0.000015 0.103861 1.0000 1.0000 1.0000
v 0.271802 0.008985 0.065934 1.0000 1.0000 1.0000
v 0.256199 0.008985 0.050331 1.0000 1.0000 1.0000
v 0.270615 0.008985 0.059963 1.0000 1.0000 1.0000
v 0.267232 0.008985 0.054901 1.0000 1.0000 1.0000
v 0.262170 0.008985 0.051519 1.0000 1.0000 1.0000
v 0.208641 -0.000015 0.065934 1.0000 1.0000 1.0000
v 0.224244 -0.000015 0.050331 1.0000 1.0000 1.0000
v 0.209829 -0.000015 0.059963 1.0000 1.0000 1.0000
v 0.213211 -0.000015 0.054901 1.0000 1.0000 1.0000
v 0.218273 -0.000015 0.051519 1.0000 1.0000 1.0000
v -0.208641 0.008985 0.097890 1.0000 1.0000 1.0000
v -0.224244 0.008985 0.113493 1.0000 1.0000 1.0000
v -0.209829 0.008985 0.103861 1.0000 1.0000 1.0000
v -0.213211 0.008985 0.108923 1.0000 1.0000 1.0000
v -0.218273 0.008985 0.112305 1.0000 1.0000 1.0000
v -0.271802 -0.000015 0.097890 1.0000 1.0000 1.0000
v -0.256199 -0.000015 0.113493 1.0000 1.0000 1.0000
v -0.270615 -0.000015 0.103861 1.0000 1.0000 1.0000
v -0.267232 -0.000015 0.108923 1.0000 1.0000 1.0000
v -0.262170 -0.000015 0.112305 1.0000 1.0000 1.0000
v -0.224244 0.008985 0.050331 1.0000 1.0000 1.0000
v -0.208641 0.008985 0.065934 1.0000 1.0000 1.0000
v -0.218273 0.008985 0.051519 1.0000 1.0000 1.0000
v -0.213211 0.008985 0.054901 1.0000 1.0000 1.0000
v -0.209829 0.008985 0.059963 1.0000 1.0000 1.0000
v -0.256199 -0.000015 0.050331 1.0000 1.0000 1.0000
v -0.271802 -0.000015 0.065934 1.0000 1.0000 1.0000
v -0.262170 -0.000015 0.051519 1.0000 1.0000 1.0000
v -0.267232 -0.000015 0.054901 1.0000 1.0000 1.0000
v -0.270615 -0.000015 0.059963 1.0000 1.0000 1.0000
v -0.256199 0.008985 0.113493 1.0000 1.0000 1.0000
v -0.271802 0.008985 0.097890 1.0000 1.0000 1.0000
v -0.262170 0.008985 0.112305 1.0000 1.0000 1.0000
v -0.267232 0.008985 0.108923 1.0000 1.0000 1.0000
v -0.270615 0.008985 0.103861 1.0000 1.0000 1.0000
v -0.224244 -0.000015 0.113493 1.0000 1.0000 1.0000
v -0.208641 -0.000015 0.097890 1.0000 1.0000 1.0000
v -0.218273 -0.000015 0.112305 1.0000 1.0000 1.0000
v -0.213211 -0.000015 0.108923 1.0000 1.0000 1.0000
v -0.209829 -0.000015 0.103861 1.0000 1.0000 1.0000
v -0.271802 0.008985 0.065934 1.0000 1.0000 1.0000
v -0.256199 0.008985 0.050331 1.0000 1.0000 1.0000
v -0.270615 0.008985 0.059963 1.0000 1.0000 1.0000
v -0.267232 0.008985 0.054901 1.0000 1.0000 1.0000
v -0.262170 0.008985 0.051519 1.0000 1.0000 1.0000
v -0.208641 -0.000015 0.065934 1.0000 1.0000 1.0000
v -0.224244 -0.000015 0.050331 1.0000 1.0000 1.0000
v -0.209829 -0.000015 0.059963 1.0000 1.0000 1.0000
v -0.213211 -0.000015 0.054901 1.0000 1.0000 1.0000
v -0.218273 -0.000015 0.051519 1.0000 1.0000 1.0000
v 0.208641 0.008984 -0.168662 1.0000 1.0000 1.0000
v 0.224244 0.008984 -0.184265 1.0000 1.0000 1.0000
v 0.209829 0.008984 -0.174633 1.0000 1.0000 1.0000
v 0.213211 0.008984 -0.179695 1.0000 1.0000 1.0000
v 0.218273 0.008984 -0.183078 1.0000 1.0000 1.0000
v 0.271802 -0.000016 -0.168662 1.0000 1.0000 1.0000
v 0.256199 -0.000016 -0.184265 1.0000 1.0000 1.0000
v 0.270615 -0.000016 -0.174633 1.0000 1.0000 1.0000
v 0.267232 -0.000016 -0.179695 1.0000 1.0000 1.0000
v 0.262170 -0.000016 -0.183078 1.0000 1.0000 1.0000
v 0.224244 0.008985 -0.121104 1.0000 1.0000 1.0000
v 0.208641 0.008985 -0.136707 1.0000 1.0000 1.0000
v 0.218273 0.008985 -0.122291 1.0000 1.0000 1.0000
v 0.213211 0.008985 -0.125674 1.0000 1.0000 1.0000
v 0.209829 0.008985 -0.130736 1.0000 1.0000 1.0000
v 0.256199 -0.000015 -0.121104 1.0000 1.0000 1.0000
v 0.271802 -0.000015 -0.136707 1.0000 1.0000 1.0000
v 0.262170 -0.000015 -0.122291 1.0000 1.0000 1.0000
v 0.267232 -0.000015 -0.125674 1.0000 1.0000 1.0000
v 0.270615 -0.000015 -0.130736 1.0000 1.0000 1.0000
v 0.256199 0.008984 -0.184265 1.0000 1.0000 1.0000
v 0.271802 0.008984 -0.168662 1.0000 1.0000 1.0000
v 0.262170 0.008984 -0.183078 1.0000 1.0000 1.0000
v 0.267232 0.008984 -0.179695 1.0000 1.0000 1.0000
v 0.270615 0.008984 -0.174633 1.0000 1.0000 1.0000
v 0.224244 -0.000016 -0.184265 1.0000 1.0000 1.0000
v 0.208641 -0.000016 -0.168662 1.0000 1.0000 1.0000
v 0.218273 -0.000016 -0.183078 1.0000 1.0000 1.0000
v 0.213211 -0.000016 -0.179695 1.0000 1.0000 1.0000
v 0.209829 -0.000016 -0.174633 1.0000 1.0000 1.0000
v 0.271802 0.008985 -0.136707 1.0000 1.0000 1.0000
v 0.256199 0.008985 -0.121104 1.0000 1.0000 1.0000
v 0.270615 0.008985 -0.130736 1.0000 1.0000 1.0000
v 0.267232 0.008985 -0.125674 1.0000 1.0000 1.0000
v 0.262170 0.008985 -0.122291 1.0000 1.0000 1.0000
v 0.208641 -0.000015 -0.136707 1.0000 1.0000 1.0000
v 0.224244 -0.000015 -0.121104 1.0000 1.0000 1.0000
v 0.209829 -0.000015 -0.130736 1.0000 1.0000 1.0000
v 0.213211 -0.000015 -0.125674 1.0000 1.0000 1.0000
v 0.218273 -0.000015 -0.122291 1.0000 1.0000 1.0000
v -0.208641 0.008984 -0.168662 1.0000 1.0000 1.0000
v -0.224244 0.008984 -0.184265 1.0000 1.0000 1.0000
v -0.209829 0.008984 -0.174633 1.0000 1.0000 1.0000
v -0.213211 0.008984 -0.179695 1.0000 1.0000 1.0000
v -0.218273 0.008984 -0.183078 1.0000 1.0000 1.0000
v -0.271802 -0.000016 -0.168662 1.0000 1.0000 1.0000
v -0.256199 -0.000016 -0.184265 1.0000 1.0000 1.0000
v -0.270615 -0.000016 -0.174633 1.0000 1.0000 1.0000
v -0.267232 -0.000016 -0.179695 1.0000 1.0000 1.0000
v -0.262170 -0.000016 -0.183078 1.0000 1.0000 1.0000
v -0.224244 0.008985 -0.121104 1.0000 1.0000 1.0000
v -0.208641 0.008985 -0.136707 1.0000 1.0000 1.0000
v -0.218273 0.008985 -0.122291 1.0000 1.0000 1.0000
v -0.213211 0.008985 -0.125674 1.0000 1.0000 1.0000
v -0.209829 0.008985 -0.130736 1.0000 1.0000 1.0000
v -0.256199 -0.000015 -0.121104 1.0000 1.0000 1.0000
v -0.271802 -0.000015 -0.136707 1.0000 1.0000 1.0000
v -0.262170 -0.000015 -0.122291 1.0000 1.0000 1.0000
v -0.267232 -0.000015 -0.125674 1.0000 1.0000 1.0000
v -0.270615 -0.000015 -0.130736 1.0000 1.0000 1.0000
v -0.256199 0.008984 -0.184265 1.0000 1.0000 1.0000
v -0.271802 0.008984 -0.168662 1.0000 1.0000 1.0000
v -0.262170 0.008984 -0.183078 1.0000 1.0000 1.0000
v -0.267232 0.008984 -0.179695 1.0000 1.0000 1.0000
v -0.270615 0.008984 -0.174633 1.0000 1.0000 1.0000
v -0.224244 -0.000016 -0.184265 1.0000 1.0000 1.0000
v -0.208641 -0.000016 -0.168662 1.0000 1.0000 1.0000
v -0.218273 -0.000016 -0.183078 1.0000 1.0000 1.0000
v -0.213211 -0.000016 -0.179695 1.0000 1.0000 1.0000
v -0.209829 -0.000016 -0.174633 1.0000 1.0000 1.0000
v -0.271802 0.008985 -0.136707 1.0000 1.0000 1.0000
v -0.256199 0.008985 -0.121104 1.0000 1.0000 1.0000
v -0.270615 0.008985 -0.130736 1.0000 1.0000 1.0000
v -0.267232 0.008985 -0.125674 1.0000 1.0000 1.0000
v -0.262170 0.008985 -0.122291 1.0000 1.0000 1.0000
v -0.208641 -0.000015 -0.136707 1.0000 1.0000 1.0000
v -0.224244 -0.000015 -0.121104 1.0000 1.0000 1.0000
v -0.209829 -0.000015 -0.130736 1.0000 1.0000 1.0000
v -0.213211 -0.000015 -0.125674 1.0000 1.0000 1.0000
v -0.218273 -0.000015 -0.122291 1.0000 1.0000 1.0000
v -0.204648 0.056871 0.151984 1.0000 1.0000 1.0000
v -0.204648 0.056871 0.165852 1.0000 1.0000 1.0000
v -0.204648 0.053567 0.151984 1.0000 1.0000 1.0000
v -0.204648 0.053567 0.165852 1.0000 1.0000 1.0000
v -0.205579 0.050397 0.151984 1.0000 1.0000 1.0000
v -0.205579 0.050397 0.165852 1.0000 1.0000 1.0000
v -0.207365 0.047617 0.151984 1.0000 1.0000 1.0000
v -0.207365 0.047617 0.165852 1.0000 1.0000 1.0000
v -0.209862 0.045454 0.151984 1.0000 1.0000 1.0000
v -0.209862 0.045454 0.165852 1.0000 1.0000 1.0000
v -0.212867 0.044081 0.151984 1.0000 1.0000 1.0000
v -0.212867 0.044081 0.165852 1.0000 1.0000 1.0000
v -0.216138 0.043611 0.151984 1.0000 1.0000 1.0000
v -0.216138 0.043611 0.165852 1.0000 1.0000 1.0000
v -0.219408 0.044081 0.151984 1.0000 1.0000 1.0000
v -0.219408 0.044081 0.165852 1.0000 1.0000 1.0000
v -0.222413 0.045454 0.151984 1.0000 1.0000 1.0000
v -0.222413 0.045454 0.165852 1.0000 1.0000 1.0000
v -0.224910 0.047617 0.151984 1.0000 1.0000 1.0000
v -0.224910 0.047617 0.165852 1.0000 1.0000 1.0000
v -0.226697 0.050397 0.151984 1.0000 1.0000 1.0000
v -0.226697 0.050397 0.165852 1.0000 1.0000 1.0000
v -0.227628 0.053567 0.151984 1.0000 1.0000 1.0000
v -0.227628 0.053567 0.165852 1.0000 1.0000 1.0000
v -0.227628 0.056871 0.151984 1.0000 1.0000 1.0000
v -0.227628 0.056871 0.165852 1.0000 1.0000 1.0000
v -0.204648 0.055219 0.165852 1.0000 1.0000 1.0000
v -0.227628 0.055219 0.165852 1.0000 1.0000 1.0000
v -0.174648 0.056871 0.151984 1.0000 1.0000 1.0000
v -0.174648 0.056871 0.165852 1.0000 1.0000 1.0000
v -0.174648 0.053567 0.151984 1.0000 1.0000 1.0000
v -0.174648 0.053567 0.165852 1.0000 1.0000 1.0000
v -0.175579 0.050397 0.151984 1.0000 1.0000 1.0000
v -0.175579 0.050397 0.165852 1.0000 1.0000 1.0000
v -0.177365 0.047617 0.151984 1.0000 1.0000 1.0000
v -0.177365 0.047617 0.165852 1.0000 1.0000 1.0000
v -0.179862 0.045454 0.151984 1.0000 1.0000 1.0000
v -0.179862 0.045454 0.165852 1.0000 1.0000 1.0000
v -0.182867 0.044081 0.151984 1.0000 1.0000 1.0000
v -0.182867 0.044081 0.165852 1.0000 1.0000 1.0000
v -0.186138 0.043611 0.151984 1.0000 1.0000 1.0000
v -0.186138 0.043611 0.165852 1.0000 1.0000 1.0000
v -0.189408 0.044081 0.151984 1.0000 1.0000 1.0000
v -0.189408 0.044081 0.165852 1.0000 1.0000 1.0000
v -0.192413 0.045454 0.151984 1.0000 1.0000 1.0000
v -0.192413 0.045454 0.165852 1.0000 1.0000 1.0000
v -0.194910 0.047617 0.151984 1.0000 1.0000 1.0000
v -0.194910 0.047617 0.165852 1.0000 1.0000 1.0000
v -0.196697 0.050397 0.151984 1.0000 1.0000 1.0000
v -0.196697 0.050397 0.165852 1.0000 1.0000 1.0000
v -0.197628 0.053567 0.151984 1.0000 1.0000 1.0000
v -0.197628 0.053567 0.165852 1.0000 1.0000 1.0000
v -0.197628 0.056871 0.151984 1.0000 1.0000 1.0000
v -0.197628 0.056871 0.165852 1.0000 1.0000 1.0000
v -0.174648 0.055219 0.165852 1.0000 1.0000 1.0000
v -0.197628 0.055219 0.165852 1.0000 1.0000 1.0000
v -0.144648 0.056871 0.151984 1.0000 1.0000 1.0000
v -0.144648 0.056871 0.165852 1.0000 1.0000 1.0000
v -0.144648 0.053567 0.151984 1.0000 1.0000 1.0000
v -0.144648 0.053567 0.165852 1.0000 1.0000 1.0000
v -0.145579 0.050397 0.151984 1.0000 1.0000 1.0000
v -0.145579 0.050397 0.165852 1.0000 1.0000 1.0000
v -0.147365 0.047617 0.151984 1.0000 1.0000 1.0000
v -0.147365 0.047617 0.165852 1.0000 1.0000 1.0000
v -0.149862 0.045454 0.151984 1.0000 1.0000 1.0000
v -0.149862 0.045454 0.165852 1.0000 1.0000 1.0000
v -0.152867 0.044081 0.151984 1.0000 1.0000 1.0000
v -0.152867 0.044081 0.165852 1.0000 1.0000 1.0000
v -0.156138 0.043611 0.151984 1.0000 1.0000 1.0000
v -0.156138 0.043611 0.165852 1.0000 1.0000 1.0000
v -0.159408 0.044081 0.151984 1.0000 1.0000 1.0000
v -0.159408 0.044081 0.165852 1.0000 1.0000 1.0000
v -0.162413 0.045454 0.151984 1.0000 1.0000 1.0000
v -0.162413 0.045454 0.165852 1.0000 1.0000 1.0000
v -0.164910 0.047617 0.151984 1.0000 1.0000 1.0000
v -0.164910 0.047617 0.165852 1.0000 1.0000 1.0000
v -0.166697 0.050397 0.151984 1.0000 1.0000 1.0000
v -0.166697 0.050397 0.165852 1.0000 1.0000 1.0000
v -0.167628 0.053567 0.151984 1.0000 1.0000 1.0000
v -0.167628 0.053567 0.165852 1.0000 1.0000 1.0000
v -0.167628 0.056871 0.151984 1.0000 1.0000 1.0000
v -0.167628 0.056871 0.165852 1.0000 1.0000 1.0000
v -0.144648 0.055219 0.165852 1.0000 1.0000 1.0000
v -0.167628 0.055219 0.165852 1.0000 1.0000 1.0000
v -0.114648 0.056871 0.151984 1.0000 1.0000 1.0000
v -0.114648 0.056871 0.165852 1.0000 1.0000 1.0000
v -0.114648 0.053567 0.151984 1.0000 1.0000 1.0000
v -0.114648 0.053567 0.165852 1.0000 1.0000 1.0000
v -0.115579 0.050397 0.151984 1.0000 1.0000 1.0000
v -0.115579 0.050397 0.165852 1.0000 1.0000 1.0000
v -0.117365 0.047617 0.151984 1.0000 1.0000 1.0000
v -0.117365 0.047617 0.165852 1.0000 1.0000 1.0000
v -0.119862 0.045454 0.151984 1.0000 1.0000 1.0000
v -0.119862 0.045454 0.165852 1.0000 1.0000 1.0000
v -0.122867 0.044081 0.151984 1.0000 1.0000 1.0000
v -0.122867 0.044081 0.165852 1.0000 1.0000 1.0000
v -0.126138 0.043611 0.151984 1.0000 1.0000 1.0000
v -0.126138 0.043611 0.165852 1.0000 1.0000 1.0000
v -0.129408 0.044081 0.151984 1.0000 1.0000 1.0000
v -0.129408 0.044081 0.165852 1.0000 1.0000 1.0000
v -0.132413 0.045454 0.151984 1.0000 1.0000 1.0000
v -0.132413 0.045454 0.165852 1.0000 1.0000 1.0000
v -0.134910 0.047617 0.151984 1.0000 1.0000 1.0000
v -0.134910 0.047617 0.165852 1.0000 1.0000 1.0000
v -0.136697 0.050397 0.151984 1.0000 1.0000 1.0000
v -0.136697 0.050397 0.165852 1.0000 1.0000 1.0000
v -0.137628 0.053567 0.151984 1.0000 1.0000 1.0000
v -0.137628 0.053567 0.165852 1.0000 1.0000 1.0000
v -0.137628 0.056871 0.151984 1.0000 1.0000 1.0000
v -0.137628 0.056871 0.165852 1.0000 1.0000 1.0000
v -0.114648 0.055219 0.165852 1.0000 1.0000 1.0000
v -0.137628 0.055219 0.165852 1.0000 1.0000 1.0000
v 0.212122 0.380043 0.189671 1.0000 1.0000 1.0000
v 0.212122 0.376922 0.199819 1.0000 1.0000 1.0000
v 0.220520 0.379024 0.189671 1.0000 1.0000 1.0000
v 0.219773 0.375993 0.199819 1.0000 1.0000 1.0000
v 0.228430 0.376024 0.189671 1.0000 1.0000 1.0000
v 0.226979 0.373260 0.199819 1.0000 1.0000 1.0000
v 0.235392 0.371218 0.189671 1.0000 1.0000 1.0000
v 0.233322 0.368882 0.199819 1.0000 1.0000 1.0000
v 0.241002 0.364886 0.189671 1.0000 1.0000 1.0000
v 0.238433 0.363113 0.199819 1.0000 1.0000 1.0000
v 0.244933 0.357396 0.189671 1.0000 1.0000 1.0000
v 0.242014 0.356289 0.199819 1.0000 1.0000 1.0000
v 0.246958 0.349182 0.189671 1.0000 1.0000 1.0000
v 0.243859 0.348806 0.199819 1.0000 1.0000 1.0000
v 0.246958 0.340722 0.189671 1.0000 1.0000 1.0000
v 0.243859 0.341099 0.199819 1.0000 1.0000 1.0000
v 0.244933 0.332508 0.189671 1.0000 1.0000 1.0000
v 0.242014 0.333615 0.199819 1.0000 1.0000 1.0000
v 0.241002 0.325018 0.189671 1.0000 1.0000 1.0000
v 0.238433 0.326791 0.199819 1.0000 1.0000 1.0000
v 0.235392 0.318686 0.189671 1.0000 1.0000 1.0000
v 0.233322 0.321022 0.199819 1.0000 1.0000 1.0000
v 0.228430 0.313880 0.189671 1.0000 1.0000 1.0000
v 0.226979 0.316644 0.199819 1.0000 1.0000 1.0000
v 0.220520 0.310880 0.189671 1.0000 1.0000 1.0000
v 0.219773 0.313911 0.199819 1.0000 1.0000 1.0000
v 0.212122 0.309861 0.189671 1.0000 1.0000 1.0000
v 0.212122 0.312982 0.199819 1.0000 1.0000 1.0000
v 0.203724 0.310880 0.189671 1.0000 1.0000 1.0000
v 0.204471 0.313911 0.199819 1.0000 1.0000 1.0000
v 0.195814 0.313880 0.189671 1.0000 1.0000 1.0000
v 0.197265 0.316644 0.199819 1.0000 1.0000 1.0000
v 0.188852 0.318686 0.189671 1.0000 1.0000 1.0000
v 0.190922 0.321022 0.199819 1.0000 1.0000 1.0000
v 0.183242 0.325018 0.189671 1.0000 1.0000 1.0000
v 0.185811 0.326791 0.199819 1.0000 1.0000 1.0000
v 0.179311 0.332508 0.189671 1.0000 1.0000 1.0000
v 0.182230 0.333615 0.199819 1.0000 1.0000 1.0000
v 0.177286 0.340722 0.189671 1.0000 1.0000 1.0000
v 0.180385 0.341099 0.199819 1.0000 1.0000 1.0000
v 0.177286 0.349182 0.189671 1.0000 1.0000 1.0000
v 0.180385 0.348806 0.199819 1.0000 1.0000 1.0000
v 0.179311 0.357396 0.189671 1.0000 1.0000 1.0000
v 0.182230 0.356289 0.199819 1.0000 1.0000 1.0000
v 0.183242 0.364886 0.189671 1.0000 1.0000 1.0000
v 0.185811 0.363113 0.199819 1.0000 1.0000 1.0000
v 0.188852 0.371218 0.189671 1.0000 1.0000 1.0000
v 0.190922 0.368882 0.199819 1.0000 1.0000 1.0000
v 0.195814 0.376024 0.189671 1.0000 1.0000 1.0000
v 0.197265 0.373260 0.199819 1.0000 1.0000 1.0000
v 0.203724 0.379024 0.189671 1.0000 1.0000 1.0000
v 0.204471 0.375993 0.199819 1.0000 1.0000 1.0000
v 0.220520 0.379024 0.199819 1.0000 1.0000 1.0000
v 0.212122 0.380043 0.199819 1.0000 1.0000 1.0000
v 0.228430 0.376024 0.199819 1.0000 1.0000 1.0000
v 0.235392 0.371218 0.199819 1.0000 1.0000 1.0000
v 0.241002 0.364886 0.199819 1.0000 1.0000 1.0000
v 0.244933 0.357396 0.199819 1.0000 1.0000 1.0000
v 0.246958 0.349182 0.199819 1.0000 1.0000 1.0000
v 0.246958 0.340722 0.199819 1.0000 1.0000 1.0000
v 0.244933 0.332508 0.199819 1.0000 1.0000 1.0000
v 0.241002 0.325018 0.199819 1.0000 1.0000 1.0000
v 0.235392 0.318686 0.199819 1.0000 1.0000 1.0000
v 0.228430 0.313880 0.199819 1.0000 1.0000 1.0000
v 0.220520 0.310880 0.199819 1.0000 1.0000 1.0000
v 0.212122 0.309861 0.199819 1.0000 1.0000 1.0000
v 0.203724 0.310880 0.199819 1.0000 1.0000 1.0000
v 0.195814 0.313880 0.199819 1.0000 1.0000 1.0000
v 0.188852 0.318686 0.199819 1.0000 1.0000 1.0000
v 0.183242 0.325018 0.199819 1.0000 1.0000 1.0000
v 0.179311 0.332508 0.199819 1.0000 1.0000 1.0000
v 0.177286 0.340722 0.199819 1.0000 1.0000 1.0000
v 0.177286 0.349182 0.199819 1.0000 1.0000 1.0000
v 0.179311 0.357396 0.199819 1.0000 1.0000 1.0000
v 0.183242 0.364886 0.199819 1.0000 1.0000 1.0000
v 0.188852 0.371218 0.199819 1.0000 1.0000 1.0000
v 0.195814 0.376024 0.199819 1.0000 1.0000 1.0000
v 0.203724 0.379024 0.199819 1.0000 1.0000 1.0000
v 0.217070 0.365026 0.197590 1.0000 1.0000 1.0000
v 0.212122 0.365627 0.197590 1.0000 1.0000 1.0000
v 0.221730 0.363259 0.197590 1.0000 1.0000 1.0000
v 0.225832 0.360427 0.197590 1.0000 1.0000 1.0000
v 0.229137 0.356697 0.197590 1.0000 1.0000 1.0000
v 0.231453 0.352283 0.197590 1.0000 1.0000 1.0000
v 0.232646 0.347444 0.197590 1.0000 1.0000 1.0000
v 0.232646 0.342460 0.197590 1.0000 1.0000 1.0000
v 0.231453 0.337621 0.197590 1.0000 1.0000 1.0000
v 0.229137 0.333207 0.197590 1.0000 1.0000 1.0000
v 0.225832 0.329477 0.197590 1.0000 1.0000 1.0000
v 0.221730 0.326645 0.197590 1.0000 1.0000 1.0000
v 0.217070 0.324878 0.197590 1.0000 1.0000 1.0000
v 0.212122 0.324277 0.197590 1.0000 1.0000 1.0000
v 0.207174 0.324878 0.197590 1.0000 1.0000 1.0000
v 0.202514 0.326645 0.197590 1.0000 1.0000 1.0000
v 0.198412 0.329477 0.197590 1.0000 1.0000 1.0000
v 0.195107 0.333207 0.197590 1.0000 1.0000 1.0000
v 0.192791 0.337621 0.197590 1.0000 1.0000 1.0000
v 0.191598 0.342460 0.197590 1.0000 1.0000 1.0000
v 0.191598 0.347444 0.197590 1.0000 1.0000 1.0000
v 0.192791 0.352283 0.197590 1.0000 1.0000 1.0000
v 0.195107 0.356697 0.197590 1.0000 1.0000 1.0000
v 0.198412 0.360427 0.197590 1.0000 1.0000 1.0000
v 0.202514 0.363259 0.197590 1.0000 1.0000 1.0000
v 0.207174 0.365026 0.197590 1.0000 1.0000 1.0000
v 0.219497 0.374875 0.197590 1.0000 1.0000 1.0000
v 0.212122 0.375771 0.197590 1.0000 1.0000 1.0000
v 0.226444 0.372241 0.197590 1.0000 1.0000 1.0000
v 0.232559 0.368020 0.197590 1.0000 1.0000 1.0000
v 0.237485 0.362459 0.197590 1.0000 1.0000 1.0000
v 0.240938 0.355881 0.197590 1.0000 1.0000 1.0000
v 0.242716 0.348667 0.197590 1.0000 1.0000 1.0000
v 0.242716 0.341237 0.197590 1.0000 1.0000 1.0000
v 0.240938 0.334024 0.197590 1.0000 1.0000 1.0000
v 0.237485 0.327445 0.197590 1.0000 1.0000 1.0000
v 0.232559 0.321884 0.197590 1.0000 1.0000 1.0000
v 0.226444 0.317663 0.197590 1.0000 1.0000 1.0000
v 0.219497 0.315029 0.197590 1.0000 1.0000 1.0000
v 0.212122 0.314133 0.197590 1.0000 1.0000 1.0000
v 0.204747 0.315029 0.197590 1.0000 1.0000 1.0000
v 0.197800 0.317663 0.197590 1.0000 1.0000 1.0000
v 0.191685 0.321884 0.197590 1.0000 1.0000 1.0000
v 0.186759 0.327445 0.197590 1.0000 1.0000 1.0000
v 0.183306 0.334024 0.197590 1.0000 1.0000 1.0000
v 0.181528 0.341237 0.197590 1.0000 1.0000 1.0000
v 0.181528 0.348667 0.197590 1.0000 1.0000 1.0000
v 0.183306 0.355881 0.197590 1.0000 1.0000 1.0000
v 0.186759 0.362459 0.197590 1.0000 1.0000 1.0000
v 0.191685 0.368020 0.197590 1.0000 1.0000 1.0000
v 0.197800 0.372241 0.197590 1.0000 1.0000 1.0000
v 0.204747 0.374875 0.197590 1.0000 1.0000 1.0000
v 0.220814 0.364874 0.195978 1.0000 1.0000 1.0000
v 0.214232 0.366585 0.195978 1.0000 1.0000 1.0000
v 0.207444 0.366178 0.195978 1.0000 1.0000 1.0000
v 0.201114 0.363694 0.195978 1.0000 1.0000 1.0000
v 0.195861 0.359375 0.195978 1.0000 1.0000 1.0000
v 0.192200 0.353644 0.195978 1.0000 1.0000 1.0000
v 0.190489 0.347062 0.195978 1.0000 1.0000 1.0000
v 0.190896 0.340274 0.195978 1.0000 1.0000 1.0000
v 0.193380 0.333944 0.195978 1.0000 1.0000 1.0000
v 0.197699 0.328691 0.195978 1.0000 1.0000 1.0000
v 0.203430 0.325030 0.195978 1.0000 1.0000 1.0000
v 0.210012 0.323319 0.195978 1.0000 1.0000 1.0000
v 0.216800 0.323726 0.195978 1.0000 1.0000 1.0000
v 0.223130 0.326210 0.195978 1.0000 1.0000 1.0000
v 0.228383 0.330529 0.195978 1.0000 1.0000 1.0000
v 0.232044 0.336260 0.195978 1.0000 1.0000 1.0000
v 0.233755 0.342842 0.195978 1.0000 1.0000 1.0000
v 0.233348 0.349630 0.195978 1.0000 1.0000 1.0000
v 0.230864 0.355960 0.195978 1.0000 1.0000 1.0000
v 0.226545 0.361213 0.195978 1.0000 1.0000 1.0000
v 0.226545 0.361213 0.201832 1.0000 1.0000 1.0000
v 0.230864 0.355960 0.201832 1.0000 1.0000 1.0000
v 0.233348 0.349630 0.201832 1.0000 1.0000 1.0000
v 0.233755 0.342842 0.201832 1.0000 1.0000 1.0000
v 0.232044 0.336260 0.201832 1.0000 1.0000 1.0000
v 0.228383 0.330529 0.201832 1.0000 1.0000 1.0000
v 0.223130 0.326210 0.201832 1.0000 1.0000 1.0000
v 0.216800 0.323726 0.201832 1.0000 1.0000 1.0000
v 0.210012 0.323319 0.201832 1.0000 1.0000 1.0000
v 0.203430 0.325030 0.201832 1.0000 1.0000 1.0000
v 0.197699 0.328691 0.201832 1.0000 1.0000 1.0000
v 0.193380 0.333944 0.201832 1.0000 1.0000 1.0000
v 0.190896 0.340274 0.201832 1.0000 1.0000 1.0000
v 0.190489 0.347062 0.201832 1.0000 1.0000 1.0000
v 0.192200 0.353644 0.201832 1.0000 1.0000 1.0000
v 0.195861 0.359375 0.201832 1.0000 1.0000 1.0000
v 0.201114 0.363694 0.201832 1.0000 1.0000 1.0000
v 0.207444 0.366178 0.201832 1.0000 1.0000 1.0000
v 0.214232 0.366585 0.201832 1.0000 1.0000 1.0000
v 0.220814 0.364874 0.201832 1.0000 1.0000 1.0000
v 0.197699 0.328691 0.206419 1.0000 1.0000 1.0000
v 0.200683 0.333362 0.212444 1.0000 1.0000 1.0000
v 0.198099 0.329317 0.209432 1.0000 1.0000 1.0000
v 0.199191 0.331027 0.211637 1.0000 1.0000 1.0000
v 0.206414 0.329701 0.212444 1.0000 1.0000 1.0000
v 0.203430 0.325030 0.206419 1.0000 1.0000 1.0000
v 0.204922 0.327366 0.211637 1.0000 1.0000 1.0000
v 0.203830 0.325656 0.209432 1.0000 1.0000 1.0000
v 0.226545 0.361213 0.206419 1.0000 1.0000 1.0000
v 0.223561 0.356542 0.212444 1.0000 1.0000 1.0000
v 0.226145 0.360587 0.209432 1.0000 1.0000 1.0000
v 0.225053 0.358877 0.211637 1.0000 1.0000 1.0000
v 0.217830 0.360203 0.212444 1.0000 1.0000 1.0000
v 0.220814 0.364874 0.206419 1.0000 1.0000 1.0000
v 0.219322 0.362538 0.211637 1.0000 1.0000 1.0000
v 0.220414 0.364248 0.209432 1.0000 1.0000 1.0000
v 0.212122 0.300043 0.189671 1.0000 1.0000 1.0000
v 0.212122 0.296922 0.199819 1.0000 1.0000 1.0000
v 0.220520 0.299024 0.189671 1.0000 1.0000 1.0000
v 0.219773 0.295993 0.199819 1.0000 1.0000 1.0000
v 0.228430 0.296024 0.189671 1.0000 1.0000 1.0000
v 0.226979 0.293260 0.199819 1.0000 1.0000 1.0000
v 0.235392 0.291218 0.189671 1.0000 1.0000 1.0000
v 0.233322 0.288882 0.199819 1.0000 1.0000 1.0000
v 0.241002 0.284886 0.189671 1.0000 1.0000 1.0000
v 0.238433 0.283113 0.199819 1.0000 1.0000 1.0000
v 0.244933 0.277396 0.189671 1.0000 1.0000 1.0000
v 0.242014 0.276289 0.199819 1.0000 1.0000 1.0000
v 0.246958 0.269182 0.189671 1.0000 1.0000 1.0000
v 0.243859 0.268806 0.199819 1.0000 1.0000 1.0000
v 0.246958 0.260722 0.189671 1.0000 1.0000 1.0000
v 0.243859 0.261099 0.199819 1.0000 1.0000 1.0000
v 0.244933 0.252508 0.189671 1.0000 1.0000 1.0000
v 0.242014 0.253615 0.199819 1.0000 1.0000 1.0000
v 0.241002 0.245018 0.189671 1.0000 1.0000 1.0000
v 0.238433 0.246791 0.199819 1.0000 1.0000 1.0000
v 0.235392 0.238686 0.189671 1.0000 1.0000 1.0000
v 0.233322 0.241022 0.199819 1.0000 1.0000 1.0000
v 0.228430 0.233880 0.189671 1.0000 1.0000 1.0000
v 0.226979 0.236644 0.199819 1.0000 1.0000 1.0000
v 0.220520 0.230880 0.189671 1.0000 1.0000 1.0000
v 0.219773 0.233911 0.199819 1.0000 1.0000 1.0000
v 0.212122 0.229861 0.189671 1.0000 1.0000 1.0000
v 0.212122 0.232982 0.199819 1.0000 1.0000 1.0000
v 0.203724 0.230880 0.189671 1.0000 1.0000 1.0000
v 0.204471 0.233911 0.199819 1.0000 1.0000 1.0000
v 0.195814 0.233880 0.189671 1.0000 1.0000 1.0000
v 0.197265 0.236644 0.199819 1.0000 1.0000 1.0000
v 0.188852 0.238686 0.189671 1.0000 1.0000 1.0000
v 0.190922 0.241022 0.199819 1.0000 1.0000 1.0000
v 0.183242 0.245018 0.189671 1.0000 1.0000 1.0000
v 0.185811 0.246791 0.199819 1.0000 1.0000 1.0000
v 0.179311 0.252508 0.189671 1.0000 1.0000 1.0000
v 0.182230 0.253615 0.199819 1.0000 1.0000 1.0000
v 0.177286 0.260722 0.189671 1.0000 1.0000 1.0000
v 0.180385 0.261099 0.199819 1.0000 1.0000 1.0000
v 0.177286 0.269182 0.189671 1.0000 1.0000 1.0000
v 0.180385 0.268806 0.199819 1.0000 1.0000 1.0000
v 0.179311 0.277396 0.189671 1.0000 1.0000 1.0000
v 0.182230 0.276289 0.199819 1.0000 1.0000 1.0000
v 0.183242 0.284886 0.189671 1.0000 1.0000 1.0000
v 0.185811 0.283113 0.199819 1.0000 1.0000 1.0000
v 0.188852 0.291218 0.189671 1.0000 1.0000 1.0000
v 0.190922 0.288882 0.199819 1.0000 1.0000 1.0000
v 0.195814 0.296024 0.189671 1.0000 1.0000 1.0000
v 0.197265 0.293260 0.199819 1.0000 1.0000 1.0000
v 0.203724 0.299024 0.189671 1.0000 1.0000 1.0000
v 0.204471 0.295993 0.199819 1.0000 1.0000 1.0000
v 0.220520 0.299024 0.199819 1.0000 1.0000 1.0000
v 0.212122 0.300043 0.199819 1.0000 1.0000 1.0000
v 0.228430 0.296024 0.199819 1.0000 1.0000 1.0000
v 0.235392 0.291218 0.199819 1.0000 1.0000 1.0000
v 0.241002 0.284886 0.199819 1.0000 1.0000 1.0000
v 0.244933 0.277396 0.199819 1.0000 1.0000 1.0000
v 0.246958 0.269182 0.199819 1.0000 1.0000 1.0000
v 0.246958 0.260722 0.199819 1.0000 1.0000 1.0000
v 0.244933 0.252508 0.199819 1.0000 1.0000 1.0000
v 0.241002 0.245018 0.199819 1.0000 1.0000 1.0000
v 0.235392 0.238686 0.199819 1.0000 1.0000 1.0000
v 0.228430 0.233880 0.199819 1.0000 1.0000 1.0000
v 0.220520 0.230880 0.199819 1.0000 1.0000 1.0000
v 0.212122 0.229861 0.199819 1.0000 1.0000 1.0000
v 0.203724 0.230880 0.199819 1.0000 1.0000 1.0000
v 0.195814 0.233880 0.199819 1.0000 1.0000 1.0000
v 0.188852 0.238686 0.199819 1.0000 1.0000 1.0000
v 0.183242 0.245018 0.199819 1.0000 1.0000 1.0000
v 0.179311 0.252508 0.199819 1.0000 1.0000 1.0000
v 0.177286 0.260722 0.199819 1.0000 1.0000 1.0000
v 0.177286 0.269182 0.199819 1.0000 1.0000 1.0000
v 0.179311 0.277396 0.199819 1.0000 1.0000 1.0000
v 0.183242 0.284886 0.199819 1.0000 1.0000 1.0000
v 0.188852 0.291218 0.199819 1.0000 1.0000 1.0000
v 0.195814 0.296024 0.199819 1.0000 1.0000 1.0000
v 0.203724 0.299024 0.199819 1.0000 1.0000 1.0000
v 0.217070 0.285026 0.197590 1.0000 1.0000 1.0000
v 0.212122 0.285627 0.197590 1.0000 1.0000 1.0000
v 0.221730 0.283259 0.197590 1.0000 1.0000 1.0000
v 0.225832 0.280427 0.197590 1.0000 1.0000 1.0000
v 0.229137 0.276697 0.197590 1.0000 1.0000 1.0000
v 0.231453 0.272283 0.197590 1.0000 1.0000 1.0000
v 0.232646 0.267444 0.197590 1.0000 1.0000 1.0000
v 0.232646 0.262460 0.197590 1.0000 1.0000 1.0000
v 0.231453 0.257621 0.197590 1.0000 1.0000 1.0000
v 0.229137 0.253207 0.197590 1.0000 1.0000 1.0000
v 0.225832 0.249477 0.197590 1.0000 1.0000 1.0000
v 0.221730 0.246645 0.197590 1.0000 1.0000 1.0000
v 0.217070 0.244878 0.197590 1.0000 1.0000 1.0000
v 0.212122 0.244277 0.197590 1.0000 1.0000 1.0000
v 0.207174 0.244878 0.197590 1.0000 1.0000 1.0000
v 0.202514 0.246645 0.197590 1.0000 1.0000 1.0000
v 0.198412 0.249477 0.197590 1.0000 1.0000 1.0000
v 0.195107 0.253207 0.197590 1.0000 1.0000 1.0000
v 0.192791 0.257621 0.197590 1.0000 1.0000 1.0000
v 0.191598 0.262460 0.197590 1.0000 1.0000 1.0000
v 0.191598 0.267444 0.197590 1.0000 1.0000 1.0000
v 0.192791 0.272283 0.197590 1.0000 1.0000 1.0000
v 0.195107 0.276697 0.197590 1.0000 1.0000 1.0000
v 0.198412 0.280427 0.197590 1.0000 1.0000 1.0000
v 0.202514 0.283259 0.197590 1.0000 1.0000 1.0000
v 0.207174 0.285026 0.197590 1.0000 1.0000 1.0000
v 0.219497 0.294875 0.197590 1.0000 1.0000 1.0000
v 0.212122 0.295771 0.197590 1.0000 1.0000 1.0000
v 0.226444 0.292241 0.197590 1.0000 1.0000 1.0000
v 0.232559 0.288020 0.197590 1.0000 1.0000 1.0000
v 0.237485 0.282459 0.197590 1.0000 1.0000 1.0000
v 0.240938 0.275881 0.197590 1.0000 1.0000 1.0000
v 0.242716 0.268667 0.197590 1.0000 1.0000 1.0000
v 0.242716 0.261237 0.197590 1.0000 1.0000 1.0000
v 0.240938 0.254024 0.197590 1.0000 1.0000 1.0000
v 0.237485 0.247445 0.197590 1.0000 1.0000 1.0000
v 0.232559 0.241884 0.197590 1.0000 1.0000 1.0000
v 0.226444 0.237663 0.197590 1.0000 1.0000 1.0000
v 0.219497 0.235029 0.197590 1.0000 1.0000 1.0000
v 0.212122 0.234133 0.197590 1.0000 1.0000 1.0000
v 0.204747 0.235029 0.197590 1.0000 1.0000 1.0000
v 0.197800 0.237663 0.197590 1.0000 1.0000 1.0000
v 0.191685 0.241884 0.197590 1.0000 1.0000 1.0000
v 0.186759 0.247445 0.197590 1.0000 1.0000 1.0000
v 0.183306 0.254024 0.197590 1.0000 1.0000 1.0000
v 0.181528 0.261237 0.197590 1.0000 1.0000 1.0000
v 0.181528 0.268667 0.197590 1.0000 1.0000 1.0000
v 0.183306 0.275881 0.197590 1.0000 1.0000 1.0000
v 0.186759 0.282459 0.197590 1.0000 1.0000 1.0000
v 0.191685 0.288020 0.197590 1.0000 1.0000 1.0000
v 0.197800 0.292241 0.197590 1.0000 1.0000 1.0000
v 0.204747 0.294875 0.197590 1.0000 1.0000 1.0000
v 0.220814 0.284874 0.195978 1.0000 1.0000 1.0000
v 0.214232 0.286585 0.195978 1.0000 1.0000 1.0000
v 0.207444 0.286178 0.195978 1.0000 1.0000 1.0000
v 0.201114 0.283694 0.195978 1.0000 1.0000 1.0000
v 0.195861 0.279375 0.195978 1.0000 1.0000 1.0000
v 0.192200 0.273644 0.195978 1.0000 1.0000 1.0000
v 0.190489 0.267062 0.195978 1.0000 1.0000 1.0000
v 0.190896 0.260274 0.195978 1.0000 1.0000 1.0000
v 0.193380 0.253944 0.195978 1.0000 1.0000 1.0000
v 0.197699 0.248691 0.195978 1.0000 1.0000 1.0000
v 0.203430 0.245030 0.195978 1.0000 1.0000 1.0000
v 0.210012 0.243319 0.195978 1.0000 1.0000 1.0000
v 0.216800 0.243726 0.195978 1.0000 1.0000 1.0000
v 0.223130 0.246210 0.195978 1.0000 1.0000 1.0000
v 0.228383 0.250529 0.195978 1.0000 1.0000 1.0000
v 0.232044 0.256260 0.195978 1.0000 1.0000 1.0000
v 0.233755 0.262842 0.195978 1.0000 1.0000 1.0000
v 0.233348 0.269630 0.195978 1.0000 1.0000 1.0000
v 0.230864 0.275960 0.195978 1.0000 1.0000 1.0000
v 0.226545 0.281213 0.195978 1.0000 1.0000 1.0000
v 0.226545 0.281213 0.201832 1.0000 1.0000 1.0000
v 0.230864 0.275960 0.201832 1.0000 1.0000 1.0000
v 0.233348 0.269630 0.201832 1.0000 1.0000 1.0000
v 0.233755 0.262842 0.201832 1.0000 1.0000 1.0000
v 0.232044 0.256260 0.201832 1.0000 1.0000 1.0000
v 0.228383 0.250529 0.201832 1.0000 1.0000 1.0000
v 0.223130 0.246210 0.201832 1.0000 1.0000 1.0000
v 0.216800 0.243726 0.201832 1.0000 1.0000 1.0000
v 0.210012 0.243319 0.201832 1.0000 1.0000 1.0000
v 0.203430 0.245030 0.201832 1.0000 1.0000 1.0000
v 0.197699 0.248691 0.201832 1.0000 1.0000 1.0000
v 0.193380 0.253944 0.201832 1.0000 1.0000 1.0000
v 0.190896 0.260274 0.201832 1.0000 1.0000 1.0000
v 0.190489 0.267062 0.201832 1.0000 1.0000 1.0000
v 0.192200 0.273644 0.201832 1.0000 1.0000 1.0000
v 0.195861 0.279375 0.201832 1.0000 1.0000 1.0000
v 0.201114 0.283694 0.201832 1.0000 1.0000 1.0000
v 0.207444 0.286178 0.201832 1.0000 1.0000 1.0000
v 0.214232 0.286585 0.201832 1.0000 1.0000 1.0000
v 0.220814 0.284874 0.201832 1.0000 1.0000 1.0000
v 0.197699 0.248691 0.206419 1.0000 1.0000 1.0000
v 0.200683 0.253362 0.212444 1.0000 1.0000 1.0000
v 0.198099 0.249317 0.209432 1.0000 1.0000 1.0000
v 0.199191 0.251027 0.211637 1.0000 1.0000 1.0000
v 0.206414 0.249701 0.212444 1.0000 1.0000 1.0000
v 0.203430 0.245030 0.206419 1.0000 1.0000 1.0000
v 0.204922 0.247366 0.211637 1.0000 1.0000 1.0000
v 0.203830 0.245656 0.209432 1.0000 1.0000 1.0000
v 0.226545 0.281213 0.206419 1.0000 1.0000 1.0000
v 0.223561 0.276542 0.212444 1.0000 1.0000 1.0000
v 0.226145 0.280587 0.209432 1.0000 1.0000 1.0000
v 0.225053 0.278877 0.211637 1.0000 1.0000 1.0000
v 0.217830 0.280203 0.212444 1.0000 1.0000 1.0000
v 0.220814 0.284874 0.206419 1.0000 1.0000 1.0000
v 0.219322 0.282538 0.211637 1.0000 1.0000 1.0000
v 0.220414 0.284248 0.209432 1.0000 1.0000 1.0000
v 0.247338 0.210032 0.189671 1.0000 1.0000 1.0000
v 0.247338 0.210032 0.198757 1.0000 1.0000 1.0000
v 0.250177 0.209271 0.189671 1.0000 1.0000 1.0000
v 0.250177 0.209271 0.198757 1.0000 1.0000 1.0000
v 0.252255 0.207193 0.189671 1.0000 1.0000 1.0000
v 0.252255 0.207193 0.198757 1.0000 1.0000 1.0000
v 0.253016 0.204354 0.189671 1.0000 1.0000 1.0000
v 0.253016 0.204354 0.198757 1.0000 1.0000 1.0000
v 0.252255 0.201515 0.189671 1.0000 1.0000 1.0000
v 0.252255 0.201515 0.198757 1.0000 1.0000 1.0000
v 0.250177 0.199436 0.189671 1.0000 1.0000 1.0000
v 0.250177 0.199436 0.198757 1.0000 1.0000 1.0000
v 0.247338 0.198676 0.189671 1.0000 1.0000 1.0000
v 0.247338 0.198676 0.198757 1.0000 1.0000 1.0000
v 0.244499 0.199436 0.189671 1.0000 1.0000 1.0000
v 0.244499 0.199436 0.198757 1.0000 1.0000 1.0000
v 0.242420 0.201515 0.189671 1.0000 1.0000 1.0000
v 0.242420 0.201515 0.198757 1.0000 1.0000 1.0000
v 0.241660 0.204354 0.189671 1.0000 1.0000 1.0000
v 0.241660 0.204354 0.198757 1.0000 1.0000 1.0000
v 0.242420 0.207193 0.189671 1.0000 1.0000 1.0000
v 0.242420 0.207193 0.198757 1.0000 1.0000 1.0000
v 0.244499 0.209271 0.189671 1.0000 1.0000 1.0000
v 0.244499 0.209271 0.198757 1.0000 1.0000 1.0000
v 0.250704 0.210185 0.200437 1.0000 1.0000 1.0000
v 0.247338 0.211087 0.200437 1.0000 1.0000 1.0000
v 0.253169 0.207721 0.200437 1.0000 1.0000 1.0000
v 0.254071 0.204354 0.200437 1.0000 1.0000 1.0000
v 0.253169 0.200987 0.200437 1.0000 1.0000 1.0000
v 0.250704 0.198522 0.200437 1.0000 1.0000 1.0000
v 0.247338 0.197620 0.200437 1.0000 1.0000 1.0000
v 0.243971 0.198522 0.200437 1.0000 1.0000 1.0000
v 0.241506 0.200987 0.200437 1.0000 1.0000 1.0000
v 0.240604 0.204354 0.200437 1.0000 1.0000 1.0000
v 0.241506 0.207721 0.200437 1.0000 1.0000 1.0000
v 0.243971 0.210185 0.200437 1.0000 1.0000 1.0000
v 0.250704 0.210185 0.204030 1.0000 1.0000 1.0000
v 0.247338 0.211087 0.204030 1.0000 1.0000 1.0000
v 0.253169 0.207721 0.204030 1.0000 1.0000 1.0000
v 0.254071 0.204354 0.204030 1.0000 1.0000 1.0000
v 0.253169 0.200987 0.204030 1.0000 1.0000 1.0000
v 0.250704 0.198522 0.204030 1.0000 1.0000 1.0000
v 0.247338 0.197620 0.204030 1.0000 1.0000 1.0000
v 0.243971 0.198522 0.204030 1.0000 1.0000 1.0000
v 0.241506 0.200987 0.204030 1.0000 1.0000 1.0000
v 0.240604 0.204354 0.204030 1.0000 1.0000 1.0000
v 0.241506 0.207721 0.204030 1.0000 1.0000 1.0000
v 0.243971 0.210185 0.204030 1.0000 1.0000 1.0000
v 0.213054 0.418611 -0.153303 1.0000 1.0000 1.0000
v 0.213054 0.415918 -0.152428 1.0000 1.0000 1.0000
v 0.213054 0.414254 -0.150137 1.0000 1.0000 1.0000
v 0.213054 0.414254 -0.147305 1.0000 1.0000 1.0000
v 0.213054 0.415918 -0.145014 1.0000 1.0000 1.0000
v 0.213054 0.418611 -0.144139 1.0000 1.0000 1.0000
v 0.213054 0.421304 -0.145014 1.0000 1.0000 1.0000
v 0.213054 0.422969 -0.147305 1.0000 1.0000 1.0000
v 0.213054 0.422969 -0.150137 1.0000 1.0000 1.0000
v 0.213054 0.421304 -0.152428 1.0000 1.0000 1.0000
v -0.236823 0.418611 -0.153303 1.0000 1.0000 1.0000
v -0.236823 0.415918 -0.152428 1.0000 1.0000 1.0000
v -0.236823 0.414254 -0.150137 1.0000 1.0000 1.0000
v -0.236823 0.414254 -0.147305 1.0000 1.0000 1.0000
v -0.236823 0.415918 -0.145014 1.0000 1.0000 1.0000
v -0.236823 0.418611 -0.144139 1.0000 1.0000 1.0000
v -0.236823 0.421304 -0.145014 1.0000 1.0000 1.0000
v -0.236823 0.422969 -0.147305 1.0000 1.0000 1.0000
v -0.236823 0.422969 -0.150137 1.0000 1.0000 1.0000
v -0.236823 0.421304 -0.152428 1.0000 1.0000 1.0000
v -0.266559 0.418611 -0.151965 1.0000 1.0000 1.0000
v -0.266559 0.416704 -0.151346 1.0000 1.0000 1.0000
v -0.236823 0.416704 -0.151346 1.0000 1.0000 1.0000
v -0.266559 0.415526 -0.149724 1.0000 1.0000 1.0000
v -0.236823 0.415526 -0.149724 1.0000 1.0000 1.0000
v -0.266559 0.415526 -0.147718 1.0000 1.0000 1.0000
v -0.236823 0.415526 -0.147718 1.0000 1.0000 1.0000
v -0.266559 0.416704 -0.146096 1.0000 1.0000 1.0000
v -0.236823 0.416704 -0.146096 1.0000 1.0000 1.0000
v -0.266559 0.418611 -0.145477 1.0000 1.0000 1.0000
v -0.236823 0.418611 -0.145477 1.0000 1.0000 1.0000
v -0.266559 0.420518 -0.146096 1.0000 1.0000 1.0000
v -0.236823 0.420518 -0.146096 1.0000 1.0000 1.0000
v -0.266559 0.421697 -0.147718 1.0000 1.0000 1.0000
v -0.236823 0.421697 -0.147718 1.0000 1.0000 1.0000
v -0.266559 0.421697 -0.149724 1.0000 1.0000 1.0000
v -0.236823 0.421697 -0.149724 1.0000 1.0000 1.0000
v -0.266559 0.420518 -0.151346 1.0000 1.0000 1.0000
v -0.236823 0.420518 -0.151346 1.0000 1.0000 1.0000
v -0.236823 0.418611 -0.151965 1.0000 1.0000 1.0000
v -0.268005 0.418611 -0.153358 1.0000 1.0000 1.0000
v -0.268005 0.415886 -0.152472 1.0000 1.0000 1.0000
v -0.268005 0.414202 -0.150154 1.0000 1.0000 1.0000
v -0.268005 0.414202 -0.147288 1.0000 1.0000 1.0000
v -0.268005 0.415886 -0.144970 1.0000 1.0000 1.0000
v -0.268005 0.418611 -0.144084 1.0000 1.0000 1.0000
v -0.268005 0.421337 -0.144970 1.0000 1.0000 1.0000
v -0.268005 0.423021 -0.147288 1.0000 1.0000 1.0000
v -0.268005 0.423021 -0.150154 1.0000 1.0000 1.0000
v -0.268005 0.421337 -0.152472 1.0000 1.0000 1.0000
v -0.270224 0.418611 -0.153358 1.0000 1.0000 1.0000
v -0.270224 0.415886 -0.152472 1.0000 1.0000 1.0000
v -0.270224 0.414202 -0.150154 1.0000 1.0000 1.0000
v -0.270224 0.414202 -0.147288 1.0000 1.0000 1.0000
v -0.270224 0.415886 -0.144970 1.0000 1.0000 1.0000
v -0.270224 0.418611 -0.144084 1.0000 1.0000 1.0000
v -0.270224 0.421337 -0.144970 1.0000 1.0000 1.0000
v -0.270224 0.423021 -0.147288 1.0000 1.0000 1.0000
v -0.270224 0.423021 -0.150154 1.0000 1.0000 1.0000
v -0.270224 0.421337 -0.152472 1.0000 1.0000 1.0000
v 0.126332 0.114147 0.170210 1.0000 1.0000 1.0000
v -0.257135 0.114147 0.170210 1.0000 1.0000 1.0000
v -0.257135 0.404233 0.170210 1.0000 1.0000 1.0000
v 0.126332 0.404233 0.170210 1.0000 1.0000 1.0000
v 0.083724 0.114147 0.168891 1.0000 1.0000 1.0000
v 0.041117 0.114147 0.168220 1.0000 1.0000 1.0000
v -0.001490 0.114147 0.168870 1.0000 1.0000 1.0000
v -0.044098 0.114147 0.171270 1.0000 1.0000 1.0000
v -0.086705 0.114147 0.171270 1.0000 1.0000 1.0000
v -0.129313 0.114147 0.168870 1.0000 1.0000 1.0000
v -0.171920 0.114147 0.168220 1.0000 1.0000 1.0000
v -0.214528 0.114147 0.168891 1.0000 1.0000 1.0000
v -0.257135 0.146379 0.170411 1.0000 1.0000 1.0000
v -0.257135 0.178611 0.170679 1.0000 1.0000 1.0000
v -0.257135 0.210842 0.171219 1.0000 1.0000 1.0000
v -0.257135 0.243074 0.172066 1.0000 1.0000 1.0000
v -0.257135 0.275306 0.172066 1.0000 1.0000 1.0000
v -0.257135 0.307538 0.171219 1.0000 1.0000 1.0000
v -0.257135 0.339769 0.170679 1.0000 1.0000 1.0000
v -0.257135 0.372001 0.170411 1.0000 1.0000 1.0000
v -0.214528 0.404233 0.168891 1.0000 1.0000 1.0000
v -0.171920 0.404233 0.168220 1.0000 1.0000 1.0000
v -0.129313 0.404233 0.168870 1.0000 1.0000 1.0000
v -0.086705 0.404233 0.171270 1.0000 1.0000 1.0000
v -0.044098 0.404233 0.171270 1.0000 1.0000 1.0000
v -0.001490 0.404233 0.168870 1.0000 1.0000 1.0000
v 0.041117 0.404233 0.168220 1.0000 1.0000 1.0000
v 0.083724 0.404233 0.168891 1.0000 1.0000 1.0000
v 0.126332 0.372001 0.170411 1.0000 1.0000 1.0000
v 0.126332 0.339769 0.170679 1.0000 1.0000 1.0000
v 0.126332 0.307538 0.171219 1.0000 1.0000 1.0000
v 0.126332 0.275306 0.172066 1.0000 1.0000 1.0000
v 0.126332 0.243074 0.172066 1.0000 1.0000 1.0000
v 0.126332 0.210842 0.171219 1.0000 1.0000 1.0000
v 0.126332 0.178611 0.170679 1.0000 1.0000 1.0000
v 0.126332 0.146379 0.170411 1.0000 1.0000 1.0000
v 0.083724 0.372001 0.171778 1.0000 1.0000 1.0000
v 0.083724 0.339769 0.173531 1.0000 1.0000 1.0000
v 0.083724 0.307538 0.175427 1.0000 1.0000 1.0000
v 0.083724 0.275306 0.177692 1.0000 1.0000 1.0000
v 0.083724 0.243074 0.177692 1.0000 1.0000 1.0000
v 0.083724 0.210842 0.175427 1.0000 1.0000 1.0000
v 0.083724 0.178611 0.173531 1.0000 1.0000 1.0000
v 0.083724 0.146379 0.171778 1.0000 1.0000 1.0000
v 0.041117 0.372001 0.172684 1.0000 1.0000 1.0000
v 0.041117 0.339769 0.178511 1.0000 1.0000 1.0000
v 0.041117 0.307538 0.181827 1.0000 1.0000 1.0000
v 0.041117 0.275306 0.184714 1.0000 1.0000 1.0000
v 0.041117 0.243074 0.184714 1.0000 1.0000 1.0000
v 0.041117 0.210842 0.181827 1.0000 1.0000 1.0000
v 0.041117 0.178611 0.178511 1.0000 1.0000 1.0000
v 0.041117 0.146379 0.172684 1.0000 1.0000 1.0000
v -0.001490 0.372001 0.174225 1.0000 1.0000 1.0000
v -0.001490 0.339769 0.181213 1.0000 1.0000 1.0000
v -0.001490 0.307538 0.187787 1.0000 1.0000 1.0000
v -0.001490 0.275306 0.190469 1.0000 1.0000 1.0000
v -0.001490 0.243074 0.190469 1.0000 1.0000 1.0000
v -0.001490 0.210842 0.187787 1.0000 1.0000 1.0000
v -0.001490 0.178611 0.181213 1.0000 1.0000 1.0000
v -0.001490 0.146379 0.174225 1.0000 1.0000 1.0000
v -0.044098 0.372001 0.177233 1.0000 1.0000 1.0000
v -0.044098 0.339769 0.183732 1.0000 1.0000 1.0000
v -0.044098 0.307538 0.189270 1.0000 1.0000 1.0000
v -0.044098 0.275306 0.192359 1.0000 1.0000 1.0000
v -0.044098 0.243074 0.192359 1.0000 1.0000 1.0000
v -0.044098 0.210842 0.189270 1.0000 1.0000 1.0000
v -0.044098 0.178611 0.183732 1.0000 1.0000 1.0000
v -0.044098 0.146379 0.177233 1.0000 1.0000 1.0000
v -0.086705 0.372001 0.177233 1.0000 1.0000 1.0000
v -0.086705 0.339769 0.183732 1.0000 1.0000 1.0000
v -0.086705 0.307538 0.189270 1.0000 1.0000 1.0000
v -0.086705 0.275306 0.192359 1.0000 1.0000 1.0000
v -0.086705 0.243074 0.192359 1.0000 1.0000 1.0000
v -0.086705 0.210842 0.189270 1.0000 1.0000 1.0000
v -0.086705 0.178611 0.183732 1.0000 1.0000 1.0000
v -0.086705 0.146379 0.177233 1.0000 1.0000 1.0000
v -0.129313 0.372001 0.174225 1.0000 1.0000 1.0000
v -0.129313 0.339769 0.181213 1.0000 1.0000 1.0000
v -0.129313 0.307538 0.187787 1.0000 1.0000 1.0000
v -0.129313 0.275306 0.190469 1.0000 1.0000 1.0000
v -0.129313 0.243074 0.190469 1.0000 1.0000 1.0000
v -0.129313 0.210842 0.187787 1.0000 1.0000 1.0000
v -0.129313 0.178611 0.181213 1.0000 1.0000 1.0000
v -0.129313 0.146379 0.174225 1.0000 1.0000 1.0000
v -0.171920 0.372001 0.172684 1.0000 1.0000 1.0000
v -0.171920 0.339769 0.178511 1.0000 1.0000 1.0000
v -0.171920 0.307538 0.181827 1.0000 1.0000 1.0000
v -0.171920 0.275306 0.184714 1.0000 1.0000 1.0000
v -0.171920 0.243074 0.184714 1.0000 1.0000 1.0000
v -0.171920 0.210842 0.181827 1.0000 1.0000 1.0000
v -0.171920 0.178611 0.178511 1.0000 1.0000 1.0000
v -0.171920 0.146379 0.172684 1.0000 1.0000 1.0000
v -0.214528 0.372001 0.171778 1.0000 1.0000 1.0000
v -0.214528 0.339769 0.173531 1.0000 1.0000 1.0000
v -0.214528 0.307538 0.175427 1.0000 1.0000 1.0000
v -0.214528 0.275306 0.177692 1.0000 1.0000 1.0000
v -0.214528 0.243074 0.177692 1.0000 1.0000 1.0000
v -0.214528 0.210842 0.175427 1.0000 1.0000 1.0000
v -0.214528 0.178611 0.173531 1.0000 1.0000 1.0000
v -0.214528 0.146379 0.171778 1.0000 1.0000 1.0000
vn -0.0000 0.7475 -0.6643
vn -0.0000 0.2324 -0.9726
vn -0.0000 0.9528 -0.3035
vn -0.0000 -0.0000 1.0000
vn -0.0000 -0.1305 0.9914
vn -0.0000 0.8944 0.4472
vn 1.0000 -0.0000 -0.0000
vn -0.8944 -0.0000 0.4472
vn -1.0000 -0.0000 -0.0000
vn -0.6715 0.1087 -0.7330
vn -0.7601 0.0953 -0.6427
vn -0.0000 1.0000 -0.0000
vn -0.0000 0.9984 0.0559
vn 0.6715 0.1087 -0.7330
vn 0.7601 0.0953 -0.6427
vn 0.0115 0.9630 -0.2693
vn 0.0014 0.9928 -0.1201
vn 0.0046 0.9927 -0.1206
vn 0.8944 -0.0000 0.4472
vn -0.0000 -1.0000 -0.0000
vn -0.0000 -0.7071 0.7071
vn -0.0000 0.5270 0.8499
vn -0.0000 0.3830 0.9237
vn -0.9963 -0.0000 0.0854
vn 0.9963 -0.0000 0.0854
vn -0.0000 -0.9984 0.0559
vn -0.8785 -0.0000 0.4778
vn -0.3676 0.4467 0.8157
vn -0.0000 -0.9425 0.3343
vn -0.3676 -0.4467 0.8157
vn 0.8785 -0.0000 0.4778
vn 0.3676 0.4467 0.8157
vn 0.3676 -0.4467 0.8157
vn -0.0000 -0.8117 0.5841
vn 0.0006 -0.5725 0.8199
vn -0.0000 0.8117 0.5841
vn -0.0000 0.9574 -0.2889
vn -0.0069 0.9636 -0.2674
vn -0.0008 0.9924 -0.1234
vn 0.0031 0.9551 -0.2962
vn -0.0000 0.9513 -0.3084
vn 0.0047 0.7458 -0.6662
vn -0.0146 -0.0271 -0.9995
vn -0.0000 -0.0000 -1.0000
vn 0.0043 0.1962 -0.9805
vn 0.0083 0.2322 -0.9726
vn -0.0064 -0.0670 -0.9977
vn -0.0000 -0.0687 -0.9976
vn -0.0003 0.9923 -0.1242
vn -0.0015 0.9960 -0.0891
vn -0.0023 0.9917 -0.1283
vn -0.0000 0.9952 -0.0981
vn -0.0000 0.1467 -0.9892
vn -0.0000 0.8772 -0.4802
vn -0.3363 0.4798 -0.8104
vn 0.3366 0.4818 -0.8091
vn -0.3387 -0.2234 -0.9140
vn -0.7721 0.0932 -0.6286
vn 0.8545 0.0832 -0.5128
vn 0.7721 0.0932 -0.6286
vn -0.0079 -0.7866 -0.6174
vn 0.3885 -0.2753 -0.8794
vn -0.1399 0.9682 -0.2074
vn 0.1091 0.9736 -0.2006
vn -0.1090 0.9736 -0.2004
vn -0.0042 0.9930 -0.1184
vn -0.0076 0.9919 -0.1270
vn -0.0111 0.9941 -0.1080
vn -0.0000 0.9952 -0.0974
vn -0.0001 0.9953 -0.0965
vn 0.0255 0.9916 -0.1269
vn 0.0134 0.9946 -0.1027
vn 0.0021 -0.0000 -1.0000
vn 0.0002 0.9986 -0.0525
vn 0.0001 0.9986 -0.0524
vn 0.0006 0.9979 -0.0644
vn -0.0000 0.9979 -0.0647
vn -0.0004 0.9979 -0.0649
vn -0.0000 -1.0000 0.0056
vn -1.0000 -0.0000 -0.0008
vn -1.0000 -0.0002 -0.0065
vn 1.0000 -0.0000 0.0018
vn 0.9999 0.0005 0.0143
vn 0.9999 0.0006 0.0159
vn -0.0000 0.1334 -0.9911
vn 0.0059 0.8189 -0.5739
vn 0.0056 0.8086 -0.5883
vn 0.0081 0.5262 -0.8503
vn 0.0074 0.4998 -0.8661
vn -0.0000 0.8183 -0.5747
vn -0.0000 0.5259 -0.8506
vn 0.9468 0.1698 -0.2733
vn 0.8274 0.4771 -0.2964
vn 0.7975 0.5253 -0.2969
vn 0.4733 0.8386 -0.2698
vn 0.4611 0.8462 -0.2671
vn 0.1399 0.9681 -0.2077
vn -0.9470 0.1697 -0.2729
vn -0.8275 0.4771 -0.2960
vn -0.9569 0.1152 -0.2664
vn -0.4734 0.8387 -0.2694
vn -0.4612 0.8463 -0.2667
vn 0.7793 -0.0000 0.6266
vn 0.5084 0.0009 0.8611
vn -0.0002 -0.6944 -0.7196
vn -0.0003 -0.6673 -0.7448
vn -0.0005 -0.6910 -0.7229
vn 0.0004 -0.0000 -1.0000
vn 0.0005 -0.0887 -0.9961
vn 0.0005 -0.3078 -0.9515
vn 0.0005 -0.0890 -0.9960
vn 0.0003 -0.3066 -0.9519
vn 0.0002 -0.5446 -0.8387
vn -0.0000 -0.5424 -0.8401
vn -0.0001 -0.6704 -0.7420
vn 0.9685 -0.0000 -0.2491
vn 0.9568 0.1152 -0.2668
vn 0.0005 0.0001 -1.0000
vn -0.9596 0.0068 -0.2814
vn -0.9555 0.0096 -0.2950
vn 0.9552 0.0096 -0.2958
vn 0.9594 0.0068 -0.2821
vn -0.9686 -0.0000 -0.2488
vn -0.0000 -0.9914 0.1305
vn -0.0000 -0.8660 0.5000
vn -0.0000 -0.5000 0.8660
vn -0.0000 0.9425 0.3343
vn -0.0000 0.9820 0.1889
vn -0.0000 0.9424 0.3343
vn -0.9587 -0.0000 0.2844
vn -0.0000 -0.9820 0.1889
vn 0.9587 -0.0000 0.2844
vn -0.7793 -0.0000 0.6266
vn -0.5102 -0.0000 0.8601
vn 0.3137 -0.0000 0.9495
vn 0.3615 0.0012 0.9324
vn -0.0000 -0.4096 0.9123
vn 0.0008 -0.4612 0.8873
vn -0.5085 -0.0000 0.8610
vn -0.3611 -0.0000 0.9325
vn -1.0000 -0.0034 -0.0000
vn -0.0018 1.0000 -0.0000
vn -0.0000 -0.7071 -0.7071
vn -0.0000 -0.9239 -0.3827
vn 0.0004 0.0001 -1.0000
vn 0.1809 -0.0022 0.9835
vn -0.1809 0.0022 0.9835
vn -0.2093 -0.0022 0.9779
vn 0.9835 -0.0022 -0.1809
vn 0.9835 0.0022 0.1809
vn 0.9779 -0.0022 0.2093
vn 0.4622 0.5259 -0.7140
vn 0.1538 0.5259 -0.8365
vn -0.9835 -0.0022 0.1808
vn -0.9835 0.0022 -0.1808
vn -0.9779 -0.0022 -0.2093
vn -0.1809 -0.0022 -0.9835
vn 0.1809 0.0022 -0.9835
vn 0.2093 -0.0022 -0.9779
vn -0.5435 0.0022 0.8394
vn -0.5676 -0.0022 0.8233
vn -0.8233 0.0022 0.5676
vn -0.8394 -0.0022 0.5435
vn -0.9779 0.0022 0.2093
vn -0.2093 0.0022 -0.9779
vn -0.5435 -0.0022 -0.8394
vn -0.5676 0.0022 -0.8233
vn -0.8233 -0.0022 -0.5676
vn -0.8394 0.0022 -0.5435
vn 0.9779 0.0022 -0.2093
vn 0.8394 -0.0022 -0.5435
vn 0.8233 0.0022 -0.5676
vn 0.5676 -0.0022 -0.8233
vn 0.5435 0.0022 -0.8394
vn 0.2093 0.0022 0.9779
vn 0.5435 -0.0022 0.8394
vn 0.5676 0.0022 0.8233
vn 0.8233 -0.0022 0.5676
vn 0.8394 0.0022 0.5435
vn -0.5676 -0.0000 -0.8233
vn -0.2093 -0.0000 -0.9779
vn -0.7003 0.5259 0.4827
vn -0.4622 0.5259 0.7140
vn 0.7003 0.5259 -0.4827
vn 0.8317 0.5259 -0.1780
vn -0.4827 0.5259 -0.7003
vn -0.7140 0.5259 -0.4622
vn -0.8365 0.5259 -0.1538
vn -0.8317 0.5259 0.1780
vn 0.8365 0.5259 0.1538
vn 0.7140 0.5259 0.4622
vn 0.4827 0.5259 0.7003
vn 0.1780 0.5259 0.8317
vn -0.1538 0.5259 0.8365
vn -0.1780 0.5259 -0.8317
vn 0.2093 -0.0000 0.9779
vn -0.1809 -0.0000 0.9835
vn 0.7173 -0.0000 0.6968
vn 0.5676 -0.0000 0.8233
vn -0.5435 -0.0000 0.8394
vn 0.5435 -0.0000 -0.8394
vn 0.6968 -0.0000 -0.7173
vn -0.7173 -0.0000 -0.6968
vn -0.5675 -0.0000 -0.8233
vn -0.6968 -0.0000 0.7173
vn 0.1809 -0.0000 -0.9835
vn 0.0145 -0.0000 0.9999
vn -0.0145 -0.0000 -0.9999
vn 0.0001 1.0000 -0.0000
vn -0.1951 0.9808 -0.0000
vn 0.1951 0.9808 -0.0000
vn -0.9808 0.1951 -0.0000
vn 0.9808 0.1951 -0.0000
vn 0.9914 -0.1305 -0.0000
vn 0.1305 -0.9914 -0.0000
vn 0.5000 -0.8660 -0.0000
vn 0.8660 -0.5000 -0.0000
vn -0.7071 0.7071 -0.0000
vn 0.7071 0.7071 -0.0000
vn -0.9835 -0.0022 0.1809
vn -0.9835 0.0022 -0.1809
vn -0.7140 0.5259 -0.4623
vn 0.5675 -0.0000 0.8233
vn 0.0980 -0.0000 -0.9952
vn -0.0980 -0.0000 -0.9952
vn -0.0980 -0.0000 0.9952
vn 0.0980 -0.0000 0.9952
vn 0.9952 -0.0000 -0.0980
vn 0.9952 -0.0000 0.0980
vn -0.9952 -0.0000 -0.0980
vn -0.9952 -0.0000 0.0980
vn -0.9239 -0.0000 -0.3827
vn -0.7071 -0.0000 -0.7071
vn -0.3827 -0.0000 -0.9239
vn 0.9239 -0.0000 -0.3827
vn 0.7071 -0.0000 -0.7071
vn 0.3827 -0.0000 -0.9239
vn 0.9239 -0.0000 0.3827
vn 0.7071 -0.0000 0.7071
vn 0.3827 -0.0000 0.9239
vn -0.9239 -0.0000 0.3827
vn -0.7071 -0.0000 0.7071
vn -0.3827 -0.0000 0.9239
vn 0.7290 -0.1048 0.6764
vn 0.9898 -0.1423 -0.0000
vn 0.9096 -0.4154 -0.0000
vn 0.6700 -0.3060 0.6764
vn 0.7557 -0.6549 -0.0000
vn 0.5566 -0.4823 0.6764
vn 0.5406 -0.8413 -0.0000
vn 0.3982 -0.6196 0.6764
vn 0.2817 -0.9595 -0.0000
vn 0.2075 -0.7067 0.6764
vn -0.0000 -0.7365 0.6764
vn -0.2817 -0.9595 -0.0000
vn -0.3982 -0.6196 0.6764
vn -0.5406 -0.8413 -0.0000
vn -0.5566 -0.4823 0.6764
vn -0.7557 -0.6549 -0.0000
vn -0.6699 -0.3060 0.6764
vn -0.9096 -0.4154 -0.0000
vn -0.9898 -0.1423 -0.0000
vn -0.7290 -0.1048 0.6764
vn -0.2075 -0.7066 0.6765
vn -0.2075 -0.7067 0.6764
vn -0.0000 0.7323 0.6809
vn 0.2393 0.9709 -0.0000
vn 0.1753 0.7111 0.6809
vn 0.4647 0.8855 -0.0000
vn 0.4856 0.5482 0.6809
vn 0.6631 0.7485 -0.0000
vn 0.6027 0.4160 0.6810
vn 0.8230 0.5681 -0.0000
vn 0.6848 0.2597 0.6809
vn 0.9350 0.3546 -0.0000
vn 0.9927 0.1205 -0.0000
vn 0.7270 0.0883 0.6809
vn 0.9927 -0.1205 -0.0000
vn 0.7270 -0.0883 0.6810
vn 0.9350 -0.3546 -0.0000
vn 0.6847 -0.2597 0.6809
vn 0.8230 -0.5681 -0.0000
vn 0.6027 -0.4160 0.6809
vn 0.6631 -0.7485 -0.0000
vn 0.3403 -0.6484 0.6809
vn 0.4647 -0.8855 -0.0000
vn 0.2393 -0.9709 -0.0000
vn 0.1753 -0.7111 0.6809
vn -0.1753 -0.7111 0.6809
vn -0.2393 -0.9709 -0.0000
vn -0.3403 -0.6485 0.6809
vn -0.4647 -0.8855 -0.0000
vn -0.4856 -0.5482 0.6809
vn -0.6631 -0.7485 -0.0000
vn -0.6027 -0.4160 0.6809
vn -0.8230 -0.5681 -0.0000
vn -0.9350 -0.3546 -0.0000
vn -0.6847 -0.2597 0.6809
vn -0.9927 -0.1205 -0.0000
vn -0.7270 -0.0883 0.6809
vn -0.9927 0.1205 -0.0000
vn -0.7270 0.0883 0.6810
vn -0.9350 0.3546 -0.0000
vn -0.6848 0.2597 0.6809
vn -0.8230 0.5681 -0.0000
vn -0.6027 0.4160 0.6810
vn -0.6631 0.7485 -0.0000
vn -0.4856 0.5482 0.6809
vn -0.4647 0.8855 -0.0000
vn 0.3248 0.3667 0.8718
vn 0.4512 0.3114 0.8363
vn 0.4031 0.2783 0.8718
vn -0.3403 0.6484 0.6810
vn -0.2393 0.9709 -0.0000
vn -0.1753 0.7111 0.6809
vn -0.0000 -0.4898 0.8718
vn -0.2276 -0.4337 0.8718
vn -0.1172 -0.4756 0.8718
vn 0.3403 0.6484 0.6810
vn -0.4031 -0.2783 0.8718
vn -0.3248 -0.3667 0.8718
vn -0.4580 -0.1737 0.8718
vn -0.4863 0.0590 0.8718
vn -0.4863 -0.0590 0.8718
vn -0.4580 0.1737 0.8718
vn -0.4031 0.2783 0.8718
vn 0.4856 -0.5482 0.6809
vn -0.2276 0.4337 0.8718
vn -0.3248 0.3667 0.8718
vn -0.1172 0.4756 0.8718
vn -0.0000 -0.7323 0.6810
vn -0.0000 0.4898 0.8718
vn 0.1172 0.4756 0.8718
vn 0.2276 0.4337 0.8718
vn 0.4580 0.1737 0.8718
vn 0.4863 0.0590 0.8718
vn 0.4863 -0.0590 0.8718
vn 0.4031 -0.2783 0.8718
vn 0.4580 -0.1737 0.8718
vn 0.2276 -0.4337 0.8718
vn 0.3248 -0.3667 0.8718
vn 0.1172 -0.4756 0.8718
vn -0.3635 0.4103 0.8363
vn 0.2548 -0.4854 0.8363
vn 0.1312 -0.5323 0.8363
vn -0.3635 -0.4103 0.8363
vn 0.5126 0.1944 0.8363
vn -0.2548 0.4854 0.8363
vn -0.0000 -0.5482 0.8363
vn -0.4512 -0.3114 0.8364
vn 0.5442 0.0661 0.8363
vn -0.1312 0.5323 0.8364
vn -0.5126 -0.1944 0.8363
vn 0.5442 -0.0661 0.8364
vn -0.0000 0.5482 0.8363
vn -0.5442 -0.0661 0.8363
vn 0.5126 -0.1944 0.8363
vn 0.1312 0.5323 0.8364
vn -0.5442 0.0661 0.8364
vn 0.4512 -0.3114 0.8363
vn 0.2548 0.4854 0.8363
vn -0.5126 0.1944 0.8363
vn 0.3635 -0.4103 0.8364
vn -0.1312 -0.5323 0.8363
vn 0.3635 0.4103 0.8364
vn -0.4512 0.3114 0.8364
vn -0.2548 -0.4854 0.8363
vn 0.8427 -0.5384 -0.0000
vn 0.6581 -0.4204 0.6247
vn 0.9166 -0.3999 -0.0000
vn 0.9953 -0.0971 -0.0000
vn 0.6636 0.7481 -0.0000
vn 0.3999 0.9166 -0.0000
vn 0.2152 -0.9766 -0.0000
vn 0.5065 -0.8623 -0.0000
vn 0.8623 0.5065 -0.0000
vn 0.9766 0.2152 -0.0000
vn 0.7481 -0.6636 -0.0000
vn -0.8623 -0.5065 -0.0000
vn -0.6636 -0.7481 -0.0000
vn -0.6635 -0.7481 -0.0000
vn -0.3999 -0.9166 -0.0000
vn -0.0971 -0.9953 -0.0000
vn 0.0971 0.9953 -0.0000
vn -0.2152 0.9766 -0.0000
vn -0.9766 -0.2152 -0.0000
vn -0.9166 0.3999 -0.0000
vn -0.9953 0.0971 -0.0000
vn -0.7481 0.6635 -0.0000
vn -0.5065 0.8623 -0.0000
vn -0.7481 0.6636 -0.0000
vn -0.8427 0.5384 -0.0000
vn -0.5384 -0.8427 -0.0000
vn -0.5344 -0.8366 0.1206
vn 0.5384 0.8427 -0.0000
vn 0.5344 0.8366 0.1206
vn -0.4743 -0.7425 0.4730
vn -0.2838 -0.4442 0.8498
vn -0.0760 -0.1190 0.9900
vn 0.4743 0.7425 0.4730
vn 0.2838 0.4442 0.8498
vn 0.0760 0.1190 0.9900
vn -0.6581 0.4204 0.6247
vn 0.7270 -0.0883 0.6809
vn -0.6848 -0.2597 0.6809
vn 0.3248 0.3666 0.8718
vn 0.6027 -0.4160 0.6810
vn 0.3403 -0.6484 0.6810
vn -0.3635 0.4103 0.8364
vn 0.1312 -0.5323 0.8364
vn -0.2548 0.4854 0.8364
vn -0.1312 0.5323 0.8363
vn -0.0000 0.5482 0.8364
vn 0.1312 0.5323 0.8363
vn 0.4512 -0.3114 0.8364
vn -0.4512 0.3114 0.8363
vn 0.8427 -0.5383 -0.0000
vn 0.7481 -0.6635 -0.0000
vn -0.5344 -0.8366 0.1205
vn 0.5000 0.8660 -0.0000
vn 0.8660 0.5000 -0.0000
vn -0.5000 -0.8660 -0.0000
vn -0.8660 -0.5000 -0.0000
vn -0.8660 0.5000 -0.0000
vn 0.4234 -0.7333 -0.5320
vn 0.7333 -0.4234 -0.5320
vn -0.5000 0.8660 -0.0000
vn 0.8468 -0.0000 -0.5320
vn -0.0000 0.8468 -0.5320
vn -0.4234 0.7333 -0.5320
vn 0.4234 0.7333 -0.5320
vn 0.7333 0.4234 -0.5320
vn -0.7333 0.4234 -0.5320
vn -0.8468 -0.0000 -0.5320
vn -0.7333 -0.4234 -0.5320
vn -0.4234 -0.7333 -0.5320
vn -0.0000 -0.8468 -0.5320
vn -0.0000 -0.5878 -0.8090
vn -0.0000 -0.9511 -0.3090
vn -0.0000 -0.9511 0.3090
vn -0.0000 -0.5878 0.8090
vn -0.0000 0.5878 0.8090
vn -0.0000 0.9511 0.3090
vn -0.0000 0.9511 -0.3090
vn -0.0000 0.5878 -0.8090
vn 0.6937 0.6850 0.2226
vn 0.6937 0.4233 0.5827
vn 0.6938 0.4233 0.5827
vn 0.6937 -0.4233 -0.5827
vn 0.6937 -0.6850 -0.2226
vn 0.6937 0.6850 -0.2226
vn 0.6937 0.4233 -0.5827
vn 0.6937 -0.4233 0.5827
vn 0.6937 -0.6850 0.2226
vn 0.6937 -0.0000 0.7202
vn 0.6937 -0.0000 -0.7202
vn 0.6938 -0.0000 -0.7202
vn -0.0136 -0.0245 0.9996
vn 0.0048 -0.0722 0.9974
vn -0.0263 -0.0720 0.9971
vn 0.0136 -0.0245 0.9996
vn -0.0048 -0.0722 0.9974
vn -0.0309 -0.0062 0.9995
vn 0.0263 -0.0720 0.9971
vn 0.0105 -0.1273 0.9918
vn 0.0392 -0.1475 0.9883
vn 0.0413 -0.1582 0.9865
vn 0.0542 -0.1859 0.9811
vn 0.0319 -0.1781 0.9835
vn -0.0329 -0.1912 0.9810
vn 0.0329 -0.1912 0.9810
vn -0.0542 -0.1859 0.9811
vn -0.0319 -0.1781 0.9835
vn -0.0392 -0.1475 0.9883
vn -0.0413 -0.1582 0.9865
vn -0.0105 -0.1273 0.9918
vn -0.0048 0.0722 0.9974
vn 0.0136 0.0245 0.9996
vn -0.0309 0.0062 0.9995
vn 0.0263 0.0720 0.9971
vn 0.0566 0.0220 0.9982
vn 0.0820 0.0649 0.9945
vn 0.0890 0.0300 0.9956
vn 0.1232 0.0639 0.9903
vn 0.1213 0.0220 0.9924
vn 0.1446 0.0367 0.9888
vn 0.1213 -0.0220 0.9924
vn 0.1232 -0.0639 0.9903
vn 0.0890 -0.0300 0.9956
vn 0.0820 -0.0649 0.9945
vn 0.0566 -0.0220 0.9982
vn 0.0105 0.1273 0.9918
vn 0.0392 0.1475 0.9883
vn 0.0898 0.1388 0.9862
vn 0.1339 0.1032 0.9856
vn 0.1487 0.0435 0.9879
vn 0.1446 -0.0367 0.9888
vn 0.1339 -0.1032 0.9856
vn 0.0898 -0.1388 0.9862
vn 0.0413 0.1582 0.9865
vn 0.0542 0.1859 0.9811
vn 0.0726 0.1938 0.9783
vn 0.0885 0.1382 0.9864
vn 0.0876 0.0426 0.9952
vn 0.1487 -0.0435 0.9879
vn 0.0885 -0.1382 0.9864
vn 0.0726 -0.1938 0.9783
vn 0.0319 0.1781 0.9835
vn 0.0329 0.1912 0.9810
vn 0.0255 0.1866 0.9821
vn 0.0186 0.1311 0.9912
vn 0.0221 0.0477 0.9986
vn 0.0876 -0.0426 0.9952
vn 0.0186 -0.1311 0.9912
vn 0.0255 -0.1866 0.9821
vn -0.0319 0.1781 0.9835
vn -0.0329 0.1912 0.9810
vn -0.0255 0.1866 0.9821
vn -0.0186 0.1311 0.9912
vn -0.0221 0.0477 0.9986
vn 0.0221 -0.0477 0.9986
vn -0.0221 -0.0477 0.9986
vn -0.0186 -0.1311 0.9912
vn -0.0255 -0.1866 0.9821
vn -0.0542 0.1859 0.9811
vn -0.0726 0.1938 0.9783
vn -0.0885 0.1382 0.9864
vn -0.0876 0.0426 0.9952
vn -0.0876 -0.0426 0.9952
vn -0.0885 -0.1382 0.9864
vn -0.0726 -0.1938 0.9783
vn -0.0413 0.1582 0.9865
vn -0.0392 0.1475 0.9883
vn -0.0898 0.1388 0.9862
vn -0.1339 0.1032 0.9856
vn -0.1487 0.0435 0.9879
vn -0.1487 -0.0435 0.9879
vn -0.1339 -0.1032 0.9856
vn -0.0898 -0.1388 0.9862
vn -0.0105 0.1273 0.9918
vn -0.0263 0.0720 0.9971
vn -0.0820 0.0649 0.9945
vn -0.1232 0.0639 0.9903
vn -0.1446 0.0367 0.9888
vn -0.1446 -0.0367 0.9888
vn -0.1232 -0.0639 0.9903
vn -0.0820 -0.0649 0.9945
vn 0.0048 0.0722 0.9974
vn -0.0136 0.0245 0.9996
vn -0.0566 0.0220 0.9982
vn -0.0890 0.0300 0.9956
vn -0.1213 0.0220 0.9924
vn -0.1213 -0.0220 0.9924
vn -0.0890 -0.0300 0.9956
vn -0.0566 -0.0220 0.9982
vn -0.0000 0.5271 0.8498
vn -0.0000 -0.5427 0.8400
vn -0.0237 -0.0375 -0.9990
vn -0.0020 -0.6991 -0.7150
vn -0.0000 0.9953 -0.0969
vn -0.0000 0.9986 -0.0524
vn 0.0010 0.9979 -0.0643
vn -1.0000 -0.0003 -0.0072
vn 1.0000 -0.0001 -0.0000
vn -0.7976 0.5252 -0.2965
vn 0.4864 -0.0000 0.8737
vn -0.8427 0.5383 -0.0000
vn 0.0309 -0.0062 0.9995
vn 0.0309 0.0062 0.9995
vt 0.968802 0.478488
vt 0.938190 0.320320
vt 0.968858 0.320331
vt 0.307049 0.740322
vt 0.606703 0.726621
vt 0.606703 0.740322
vt 0.340206 0.503316
vt 0.340206 0.341507
vt 0.498362 0.341507
vt 0.941418 0.737794
vt 0.946500 0.744937
vt 0.937342 0.736300
vt 0.001503 0.342330
vt 0.281103 0.516378
vt 0.001503 0.659447
vt 0.268688 0.619820
vt 0.011562 0.338913
vt 0.485356 0.335974
vt 0.485355 0.338919
vt 0.538037 0.175555
vt 0.817636 0.318624
vt 0.550452 0.278998
vt 0.924852 0.001830
vt 0.898477 0.159998
vt 0.874051 0.049784
vt 0.305660 0.715711
vt 0.301867 0.719504
vt 0.296686 0.720892
vt 0.498424 0.001508
vt 0.528879 0.166918
vt 0.498423 0.163316
vt 0.320715 0.342332
vt 0.320714 0.504141
vt 0.290258 0.507742
vt 0.467942 0.957967
vt 0.002124 0.947176
vt 0.478733 0.947176
vt 0.991070 0.786182
vt 0.980280 0.479859
vt 0.991071 0.490650
vt 0.308098 0.962299
vt 0.001774 0.973088
vt 0.012566 0.962297
vt 0.282984 0.720892
vt 0.307049 0.710530
vt 0.475353 0.943797
vt 0.005505 0.943796
vt 0.343586 0.506695
vt 0.816823 0.503315
vt 0.813443 0.506696
vt 0.038915 0.290196
vt 0.354682 0.286811
vt 0.351300 0.290193
vt 0.986981 0.005149
vt 0.990367 0.320916
vt 0.986985 0.317535
vt 0.591851 0.855496
vt 0.271805 0.850691
vt 0.596600 0.850694
vt 0.001504 0.012140
vt 0.004538 0.328276
vt 0.001577 0.328277
vt 0.495342 0.328290
vt 0.492454 0.012146
vt 0.495415 0.012147
vt 0.485508 0.001501
vt 0.011412 0.004445
vt 0.011374 0.001499
vt 0.014474 0.014128
vt 0.017981 0.323469
vt 0.014545 0.326283
vt 0.482446 0.014134
vt 0.017930 0.016942
vt 0.478937 0.323482
vt 0.478990 0.016948
vt 0.581099 0.875943
vt 0.277482 0.894269
vt 0.289097 0.876410
vt 0.359398 0.046328
vt 0.033189 0.046331
vt 0.032351 0.298406
vt 0.359381 0.298989
vt 0.288177 0.873335
vt 0.580207 0.873337
vt 0.924899 0.320315
vt 0.924843 0.478472
vt 0.895870 0.320305
vt 0.926511 0.159984
vt 0.658668 0.341507
vt 0.816824 0.341507
vt 0.508977 0.354681
vt 0.648053 0.354681
vt 0.658668 0.300689
vt 0.508977 0.325436
vt 0.498362 0.300689
vt 0.913591 0.923205
vt 0.906885 0.773517
vt 0.913591 0.784132
vt 0.968809 0.001519
vt 0.939670 0.159932
vt 0.938143 0.001780
vt 0.648053 0.325436
vt 0.868471 0.593715
vt 0.875177 0.732792
vt 0.868471 0.732792
vt 0.913592 0.704991
vt 0.906886 0.704990
vt 0.906888 0.675746
vt 0.913607 0.507425
vt 0.906899 0.536669
vt 0.906902 0.507424
vt 0.951591 0.773517
vt 0.951666 0.933868
vt 0.951679 0.923253
vt 0.948199 0.961686
vt 0.906886 0.933819
vt 0.906885 0.732699
vt 0.947196 0.536672
vt 0.947198 0.507428
vt 0.947185 0.675749
vt 0.947182 0.704993
vt 0.913609 0.482678
vt 0.913590 0.729738
vt 0.951589 0.727123
vt 0.843724 0.593715
vt 0.843724 0.732792
vt 0.898477 0.170614
vt 0.921007 0.309696
vt 0.895870 0.309691
vt 0.950286 0.170627
vt 0.921041 0.170620
vt 0.903875 0.987056
vt 0.633769 0.987055
vt 0.814579 0.961059
vt 0.903873 0.558378
vt 0.894090 0.592144
vt 0.891133 0.589248
vt 0.691517 0.740371
vt 0.834194 0.734056
vt 0.838337 0.740371
vt 0.633769 0.611470
vt 0.633769 0.510438
vt 0.684575 0.595353
vt 0.896024 0.558378
vt 0.633769 0.646135
vt 0.679500 0.814239
vt 0.679500 0.961059
vt 0.695661 0.734055
vt 0.834194 0.606602
vt 0.840714 0.737868
vt 0.840715 0.602790
vt 0.687587 0.602511
vt 0.689184 0.737940
vt 0.691605 0.598371
vt 0.695650 0.606318
vt 0.268836 0.685952
vt 0.208117 0.871442
vt 0.208094 0.700993
vt 0.684452 0.797396
vt 0.814939 0.814238
vt 0.896734 0.910837
vt 0.896728 0.935473
vt 0.662086 0.611387
vt 0.873949 0.402242
vt 0.873944 0.426879
vt 0.820657 0.478477
vt 0.820642 0.426894
vt 0.662087 0.646097
vt 0.887094 0.588188
vt 0.820651 0.049784
vt 0.820648 0.402241
vt 0.895172 0.596099
vt 0.873997 0.025169
vt 0.820668 0.001795
vt 0.687484 0.754310
vt 0.696899 0.778918
vt 0.687484 0.778926
vt 0.521509 0.754323
vt 0.530924 0.778960
vt 0.521509 0.778960
vt 0.585095 0.778960
vt 0.530925 0.754323
vt 0.585096 0.754323
vt 0.751314 0.754412
vt 0.751266 0.779028
vt 0.749682 0.746735
vt 0.696899 0.754302
vt 0.696314 0.744905
vt 0.749596 0.786708
vt 0.696269 0.788312
vt 0.583678 0.785960
vt 0.530431 0.788362
vt 0.583678 0.747318
vt 0.530430 0.744921
vt 0.983979 0.137474
vt 0.973188 0.467590
vt 0.978583 0.137434
vt 0.983978 0.478381
vt 0.983979 0.102811
vt 0.973188 0.012564
vt 0.983979 0.001772
vt 0.606703 0.710528
vt 0.606703 0.540304
vt 0.630768 0.720891
vt 0.917420 0.826564
vt 0.922436 0.791854
vt 0.922437 0.826564
vt 0.923134 0.786886
vt 0.950729 0.791855
vt 0.923134 0.831532
vt 0.950729 0.826566
vt 0.951449 0.831914
vt 0.817636 0.001508
vt 0.536307 0.171573
vt 0.282833 0.512396
vt 0.929193 0.001825
vt 0.930818 0.159979
vt 0.933801 0.001809
vt 0.935362 0.159962
vt 0.929184 0.478474
vt 0.929241 0.320317
vt 0.933792 0.478476
vt 0.933848 0.320318
vt 0.938134 0.478477
vt 0.944770 0.740955
vt 0.939468 0.970509
vt 0.946677 0.965716
vt 0.943481 0.968945
vt 0.909228 0.974569
vt 0.286183 0.509236
vt 0.532955 0.168412
vt 0.903876 0.910837
vt 0.210760 0.939800
vt 0.204320 0.879068
vt 0.214927 0.940080
vt 0.219035 0.939577
vt 0.208299 0.878158
vt 0.222922 0.938267
vt 0.210721 0.632559
vt 0.204294 0.693369
vt 0.200234 0.693084
vt 0.218996 0.632778
vt 0.208273 0.694274
vt 0.222883 0.634086
vt 0.212100 0.695727
vt 0.903875 0.935473
vt 0.234623 0.932177
vt 0.467184 0.912846
vt 0.456823 0.931461
vt 0.894095 0.800621
vt 0.895175 0.796671
vt 0.891138 0.803517
vt 0.887098 0.804578
vt 0.903874 0.510437
vt 0.896015 0.533762
vt 0.903874 0.533762
vt 0.001507 0.685229
vt 0.012200 0.884902
vt 0.001507 0.887272
vt 0.207065 0.875398
vt 0.200261 0.879356
vt 0.064089 0.879375
vt 0.047613 0.692367
vt 0.064063 0.693103
vt 0.047628 0.880117
vt 0.029040 0.690353
vt 0.029036 0.882141
vt 0.012216 0.687598
vt 0.018096 0.670918
vt 0.010391 0.663113
vt 0.047881 0.882341
vt 0.010301 0.909257
vt 0.018034 0.901501
vt 0.031041 0.682012
vt 0.047866 0.690132
vt 0.031023 0.890439
vt 0.307049 0.715893
vt 0.606703 0.715892
vt 0.307049 0.721257
vt 0.606703 0.721257
vt 0.307049 0.726620
vt 0.307048 0.510429
vt 0.606703 0.520461
vt 0.307048 0.520462
vt 0.482373 0.326296
vt 0.012436 0.331066
vt 0.484482 0.331081
vt 0.011562 0.335962
vt 0.009418 0.012721
vt 0.009491 0.327692
vt 0.004464 0.012140
vt 0.012325 0.009342
vt 0.484595 0.009347
vt 0.485508 0.004453
vt 0.487428 0.327705
vt 0.487500 0.012728
vt 0.492382 0.328290
vt 0.604107 0.745826
vt 0.622688 0.978454
vt 0.604106 0.968033
vt 0.596600 0.848174
vt 0.271805 0.848174
vt 0.220595 0.907759
vt 0.471604 0.907758
vt 0.597528 0.898258
vt 0.271899 0.898259
vt 0.622690 0.735405
vt 0.627781 0.982561
vt 0.471604 0.905238
vt 0.220595 0.905238
vt 0.630301 0.982561
vt 0.627782 0.730970
vt 0.630301 0.730970
vt 0.271899 0.900779
vt 0.597528 0.900779
vt 0.307048 0.540305
vt 0.282983 0.526274
vt 0.293017 0.526274
vt 0.620734 0.526273
vt 0.630767 0.526273
vt 0.617066 0.720891
vt 0.611885 0.719503
vt 0.608092 0.715710
vt 0.204189 0.878295
vt 0.204164 0.694142
vt 0.207040 0.697038
vt 0.870893 0.788302
vt 0.850971 0.784916
vt 0.870893 0.784649
vt 0.870893 0.744468
vt 0.850971 0.741082
vt 0.870893 0.740815
vt 0.551722 0.337112
vt 0.558575 0.336844
vt 0.557716 0.338724
vt 0.870893 0.773691
vt 0.850971 0.770305
vt 0.870893 0.770038
vt 0.870893 0.759080
vt 0.850971 0.755693
vt 0.870893 0.755427
vt 0.850971 0.781263
vt 0.870893 0.780996
vt 0.850971 0.777610
vt 0.870893 0.777343
vt 0.850971 0.773957
vt 0.850971 0.759346
vt 0.870893 0.762732
vt 0.850971 0.762999
vt 0.870893 0.766385
vt 0.850971 0.766652
vt 0.850971 0.744735
vt 0.870893 0.748121
vt 0.850971 0.748388
vt 0.870893 0.751774
vt 0.850971 0.752041
vt 0.850971 0.788569
vt 0.870893 0.791955
vt 0.850971 0.792221
vt 0.870893 0.795607
vt 0.850971 0.795874
vt 0.850971 0.737429
vt 0.812555 0.322282
vt 0.810134 0.328798
vt 0.810134 0.322282
vt 0.574122 0.338060
vt 0.567810 0.340889
vt 0.567910 0.338830
vt 0.551406 0.341552
vt 0.558301 0.342709
vt 0.552769 0.345860
vt 0.560990 0.328456
vt 0.564011 0.334631
vt 0.561973 0.334637
vt 0.569810 0.330178
vt 0.567232 0.336903
vt 0.565856 0.335410
vt 0.555723 0.349439
vt 0.561529 0.344983
vt 0.560028 0.351168
vt 0.564546 0.351160
vt 0.565467 0.344205
vt 0.568680 0.349513
vt 0.571904 0.346489
vt 0.566953 0.342771
vt 0.572761 0.333755
vt 0.559677 0.344202
vt 0.557617 0.340781
vt 0.573806 0.342499
vt 0.565508 0.328449
vt 0.553627 0.333123
vt 0.560067 0.335413
vt 0.556854 0.330101
vt 0.563565 0.344982
vt 0.862284 0.034109
vt 0.868800 0.036531
vt 0.862284 0.036531
vt 0.324653 0.427788
vt 0.323726 0.425551
vt 0.335901 0.423129
vt 0.326365 0.412663
vt 0.331024 0.411736
vt 0.334974 0.414376
vt 0.334974 0.434304
vt 0.331024 0.436943
vt 0.326365 0.436017
vt 0.862284 0.029266
vt 0.868800 0.031688
vt 0.862284 0.031688
vt 0.868800 0.038953
vt 0.862284 0.038953
vt 0.805290 0.322282
vt 0.802868 0.328798
vt 0.802868 0.322282
vt 0.814977 0.322282
vt 0.812555 0.328798
vt 0.868800 0.041375
vt 0.862284 0.041375
vt 0.807712 0.322282
vt 0.805290 0.328798
vt 0.324653 0.420892
vt 0.334974 0.420892
vt 0.807712 0.328798
vt 0.868800 0.034109
vt 0.334974 0.427788
vt 0.324653 0.434304
vt 0.323726 0.423129
vt 0.335901 0.425551
vt 0.323727 0.366963
vt 0.330814 0.369159
vt 0.323727 0.369159
vt 0.330814 0.360737
vt 0.323727 0.354473
vt 0.330814 0.354473
vt 0.323727 0.375385
vt 0.330814 0.378373
vt 0.323727 0.378373
vt 0.596703 0.337706
vt 0.599579 0.346846
vt 0.590878 0.346399
vt 0.323727 0.347418
vt 0.330814 0.345722
vt 0.330814 0.347418
vt 0.323727 0.345722
vt 0.330814 0.344027
vt 0.323727 0.344027
vt 0.330814 0.342332
vt 0.330814 0.363850
vt 0.330814 0.366963
vt 0.323727 0.363850
vt 0.323727 0.372272
vt 0.330814 0.372272
vt 0.585793 0.338143
vt 0.586239 0.346844
vt 0.577100 0.343968
vt 0.712838 0.308408
vt 0.709452 0.328320
vt 0.709186 0.308408
vt 0.669005 0.308408
vt 0.665619 0.328320
vt 0.665352 0.308408
vt 0.768848 0.336911
vt 0.774146 0.332430
vt 0.772964 0.338527
vt 0.698227 0.308408
vt 0.694841 0.328320
vt 0.694574 0.308408
vt 0.683616 0.308408
vt 0.680230 0.328320
vt 0.679963 0.308408
vt 0.705800 0.328320
vt 0.705533 0.308408
vt 0.702147 0.328320
vt 0.701880 0.308408
vt 0.698494 0.328320
vt 0.683883 0.328320
vt 0.687269 0.308408
vt 0.687535 0.328320
vt 0.690922 0.308408
vt 0.691188 0.328320
vt 0.669271 0.328320
vt 0.672658 0.308408
vt 0.672924 0.328320
vt 0.676310 0.308408
vt 0.676577 0.328320
vt 0.713105 0.328320
vt 0.716491 0.308408
vt 0.716758 0.328320
vt 0.720144 0.308408
vt 0.720411 0.328320
vt 0.661966 0.328320
vt 0.638476 0.328453
vt 0.636054 0.334969
vt 0.636054 0.328453
vt 0.772375 0.316110
vt 0.775645 0.322207
vt 0.773586 0.322250
vt 0.777414 0.338531
vt 0.778080 0.331582
vt 0.781613 0.336867
vt 0.763660 0.329908
vt 0.769677 0.326424
vt 0.769756 0.328466
vt 0.764819 0.320982
vt 0.771712 0.323064
vt 0.770322 0.324533
vt 0.784968 0.333668
vt 0.780107 0.328233
vt 0.786372 0.329247
vt 0.786130 0.324743
vt 0.779118 0.324328
vt 0.784190 0.320736
vt 0.777582 0.322936
vt 0.780945 0.317730
vt 0.768175 0.317778
vt 0.779473 0.330118
vt 0.776208 0.332390
vt 0.776828 0.316112
vt 0.763416 0.325405
vt 0.765602 0.333910
vt 0.772206 0.331704
vt 0.770669 0.330316
vt 0.780033 0.326184
vt 0.690396 0.338052
vt 0.692817 0.331536
vt 0.692817 0.338052
vt 0.324651 0.398480
vt 0.323724 0.396243
vt 0.335899 0.393821
vt 0.326363 0.383355
vt 0.331022 0.382428
vt 0.334972 0.385068
vt 0.334972 0.404996
vt 0.331022 0.407635
vt 0.326363 0.406709
vt 0.685552 0.338052
vt 0.687974 0.331536
vt 0.687974 0.338052
vt 0.695239 0.331536
vt 0.695239 0.338052
vt 0.631210 0.328453
vt 0.628789 0.334969
vt 0.628789 0.328453
vt 0.640897 0.328453
vt 0.638476 0.334969
vt 0.697661 0.331536
vt 0.697661 0.338052
vt 0.633632 0.328453
vt 0.631210 0.334969
vt 0.324651 0.391584
vt 0.334972 0.391584
vt 0.633632 0.334969
vt 0.690396 0.331536
vt 0.334972 0.398480
vt 0.324651 0.404996
vt 0.323724 0.393821
vt 0.335899 0.396243
vt 0.273257 0.746279
vt 0.505158 0.744851
vt 0.505158 0.746279
vt 0.273257 0.844890
vt 0.505158 0.843461
vt 0.505158 0.844889
vt 0.273257 0.843461
vt 0.506587 0.843461
vt 0.506587 0.746279
vt 0.271828 0.746279
vt 0.271828 0.843461
vt 0.522648 0.268215
vt 0.524077 0.171034
vt 0.524077 0.268215
vt 0.498383 0.171034
vt 0.499812 0.268215
vt 0.498383 0.268215
vt 0.522648 0.269644
vt 0.522648 0.171034
vt 0.499812 0.169605
vt 0.522648 0.169605
vt 0.499812 0.171034
vt 0.344859 0.962305
vt 0.319475 0.969454
vt 0.319475 0.962305
vt 0.806455 0.919687
vt 0.755453 0.893884
vt 0.768052 0.881285
vt 0.434317 0.962305
vt 0.408932 0.969454
vt 0.408932 0.962305
vt 0.364203 0.962305
vt 0.389588 0.969454
vt 0.364203 0.969454
vt 0.479045 0.962305
vt 0.453661 0.969454
vt 0.453661 0.962305
vt 0.483881 0.969454
vt 0.479045 0.969454
vt 0.483881 0.962305
vt 0.488717 0.969454
vt 0.488717 0.962305
vt 0.493553 0.969454
vt 0.493553 0.962305
vt 0.498389 0.969454
vt 0.359367 0.962305
vt 0.359367 0.969454
vt 0.354531 0.962305
vt 0.354531 0.969454
vt 0.349695 0.962305
vt 0.349695 0.969454
vt 0.389588 0.962305
vt 0.394424 0.969454
vt 0.394424 0.962305
vt 0.399260 0.969454
vt 0.404096 0.962305
vt 0.404096 0.969454
vt 0.448825 0.969454
vt 0.448825 0.962305
vt 0.443989 0.969454
vt 0.443989 0.962305
vt 0.439153 0.969454
vt 0.439153 0.962305
vt 0.793856 0.932286
vt 0.768053 0.932286
vt 0.755453 0.919687
vt 0.763231 0.931327
vt 0.756413 0.924509
vt 0.759144 0.928596
vt 0.756413 0.889062
vt 0.759144 0.884975
vt 0.763231 0.882244
vt 0.793856 0.881285
vt 0.798678 0.882244
vt 0.806455 0.893884
vt 0.802765 0.884975
vt 0.805496 0.889062
vt 0.805496 0.924509
vt 0.802765 0.928596
vt 0.798678 0.931327
vt 0.991347 0.970033
vt 0.998496 0.944649
vt 0.998496 0.970033
vt 0.727081 0.871458
vt 0.689381 0.833758
vt 0.701750 0.821389
vt 0.991347 0.880576
vt 0.998496 0.855192
vt 0.998496 0.880576
vt 0.998496 0.925305
vt 0.991347 0.899920
vt 0.998496 0.899920
vt 0.991347 0.835847
vt 0.998496 0.810463
vt 0.998496 0.835847
vt 0.991347 0.805627
vt 0.991347 0.810463
vt 0.991347 0.800791
vt 0.998496 0.805627
vt 0.991347 0.795955
vt 0.998496 0.800791
vt 0.991347 0.791119
vt 0.998496 0.795955
vt 0.998496 0.930141
vt 0.991347 0.925305
vt 0.998496 0.934977
vt 0.991347 0.930141
vt 0.998496 0.939813
vt 0.991347 0.934977
vt 0.991347 0.939813
vt 0.991347 0.895084
vt 0.991347 0.890248
vt 0.998496 0.895085
vt 0.991347 0.885412
vt 0.998496 0.890248
vt 0.998496 0.885412
vt 0.998496 0.840684
vt 0.991347 0.845520
vt 0.991347 0.840684
vt 0.998496 0.845520
vt 0.991347 0.850356
vt 0.998496 0.850356
vt 0.739450 0.859090
vt 0.727081 0.821389
vt 0.739450 0.833758
vt 0.731814 0.822331
vt 0.738508 0.829025
vt 0.735827 0.825012
vt 0.693004 0.825012
vt 0.697016 0.822331
vt 0.690322 0.829025
vt 0.689381 0.859090
vt 0.701750 0.871458
vt 0.690322 0.863823
vt 0.697016 0.870517
vt 0.693004 0.867835
vt 0.735827 0.867835
vt 0.731814 0.870517
vt 0.738508 0.863823
vt 0.878181 0.771083
vt 0.885330 0.745699
vt 0.885330 0.771083
vt 0.803581 0.831370
vt 0.765232 0.869718
vt 0.752651 0.857137
vt 0.878181 0.681626
vt 0.885330 0.656241
vt 0.885330 0.681626
vt 0.878181 0.726354
vt 0.885330 0.700970
vt 0.885330 0.726354
vt 0.885330 0.636897
vt 0.878180 0.611513
vt 0.885330 0.611513
vt 0.878180 0.606677
vt 0.878180 0.601841
vt 0.885330 0.606677
vt 0.878180 0.597004
vt 0.885330 0.601841
vt 0.878180 0.592168
vt 0.885330 0.597004
vt 0.878181 0.731190
vt 0.885330 0.736027
vt 0.885330 0.731190
vt 0.885330 0.740863
vt 0.878181 0.736027
vt 0.878181 0.740863
vt 0.878181 0.700970
vt 0.885330 0.696134
vt 0.878181 0.691298
vt 0.878181 0.696134
vt 0.885330 0.686462
vt 0.885330 0.691298
vt 0.878181 0.686462
vt 0.885330 0.641733
vt 0.878180 0.636897
vt 0.885330 0.646569
vt 0.878180 0.641733
vt 0.885330 0.651405
vt 0.878181 0.646569
vt 0.878181 0.651406
vt 0.791000 0.818788
vt 0.752651 0.831370
vt 0.765232 0.818788
vt 0.753609 0.826555
vt 0.760417 0.819746
vt 0.756336 0.822473
vt 0.756336 0.866033
vt 0.753609 0.861952
vt 0.760418 0.868761
vt 0.791000 0.869718
vt 0.803581 0.857137
vt 0.795814 0.868761
vt 0.802623 0.861952
vt 0.799896 0.866033
vt 0.799896 0.822473
vt 0.802623 0.826555
vt 0.795814 0.819746
vt 0.155036 0.983334
vt 0.180420 0.976185
vt 0.180420 0.983334
vt 0.531631 0.805286
vt 0.581981 0.830760
vt 0.569543 0.843198
vt 0.065578 0.983334
vt 0.090963 0.976185
vt 0.090963 0.983334
vt 0.110307 0.983334
vt 0.135691 0.976185
vt 0.135691 0.983334
vt 0.046234 0.983334
vt 0.020850 0.976185
vt 0.046234 0.976185
vt 0.020850 0.983334
vt 0.016014 0.976185
vt 0.016014 0.983334
vt 0.011178 0.976185
vt 0.011178 0.983334
vt 0.006342 0.976185
vt 0.006342 0.983334
vt 0.001506 0.976185
vt 0.140527 0.976185
vt 0.140527 0.983334
vt 0.145364 0.976185
vt 0.145364 0.983334
vt 0.150200 0.983334
vt 0.150200 0.976185
vt 0.110307 0.976185
vt 0.105471 0.983334
vt 0.105471 0.976185
vt 0.100635 0.976185
vt 0.095799 0.983334
vt 0.095799 0.976185
vt 0.051070 0.983334
vt 0.051070 0.976185
vt 0.055906 0.983334
vt 0.055906 0.976185
vt 0.060742 0.983334
vt 0.060742 0.976185
vt 0.544069 0.792848
vt 0.569543 0.792848
vt 0.581981 0.805286
vt 0.574303 0.793794
vt 0.581034 0.800526
vt 0.578338 0.796490
vt 0.581034 0.835519
vt 0.578338 0.839555
vt 0.574303 0.842251
vt 0.544069 0.843198
vt 0.539309 0.842251
vt 0.531631 0.830760
vt 0.535274 0.839555
vt 0.532578 0.835519
vt 0.532578 0.800526
vt 0.535274 0.796491
vt 0.539309 0.793794
vt 0.527088 0.233714
vt 0.527088 0.232402
vt 0.538104 0.232402
vt 0.538104 0.229778
vt 0.527088 0.229778
vt 0.538104 0.227153
vt 0.527088 0.227153
vt 0.538104 0.224529
vt 0.527088 0.224529
vt 0.538104 0.221904
vt 0.527088 0.221904
vt 0.538104 0.219279
vt 0.527088 0.219279
vt 0.538104 0.216655
vt 0.527088 0.214030
vt 0.538104 0.214030
vt 0.527088 0.211406
vt 0.538104 0.211406
vt 0.527088 0.208781
vt 0.538104 0.208781
vt 0.538104 0.206157
vt 0.527088 0.204845
vt 0.527088 0.203532
vt 0.538104 0.203532
vt 0.789341 0.319196
vt 0.790652 0.337450
vt 0.789340 0.337450
vt 0.790653 0.319196
vt 0.798410 0.323338
vt 0.798409 0.333309
vt 0.538104 0.235027
vt 0.527088 0.235027
vt 0.527088 0.206157
vt 0.345253 0.259933
vt 0.345253 0.258621
vt 0.356269 0.258621
vt 0.356269 0.255996
vt 0.345253 0.255996
vt 0.356269 0.253372
vt 0.345252 0.253372
vt 0.356269 0.250747
vt 0.345252 0.250747
vt 0.356269 0.248123
vt 0.345252 0.248123
vt 0.356269 0.245498
vt 0.345252 0.245498
vt 0.356269 0.242874
vt 0.345252 0.240249
vt 0.356269 0.240249
vt 0.345252 0.237625
vt 0.356269 0.237625
vt 0.356269 0.235000
vt 0.345252 0.235000
vt 0.356269 0.232376
vt 0.345252 0.231063
vt 0.345252 0.229751
vt 0.356269 0.229751
vt 0.345384 0.265225
vt 0.346697 0.283479
vt 0.345384 0.283479
vt 0.346697 0.265225
vt 0.354454 0.269367
vt 0.354454 0.279337
vt 0.356269 0.261246
vt 0.345253 0.261246
vt 0.345252 0.232376
vt 0.539049 0.285267
vt 0.540361 0.285267
vt 0.540361 0.296283
vt 0.542986 0.296283
vt 0.542986 0.285267
vt 0.545610 0.296283
vt 0.545610 0.285267
vt 0.548235 0.296283
vt 0.548235 0.285267
vt 0.550859 0.296283
vt 0.550859 0.285267
vt 0.553484 0.296283
vt 0.556108 0.285267
vt 0.556108 0.296283
vt 0.558733 0.296283
vt 0.561357 0.285267
vt 0.561357 0.296283
vt 0.563982 0.296283
vt 0.563982 0.285267
vt 0.566607 0.296283
vt 0.567919 0.285267
vt 0.569231 0.285267
vt 0.569231 0.296283
vt 0.850068 0.029263
vt 0.848755 0.047517
vt 0.848755 0.029263
vt 0.857825 0.033405
vt 0.857825 0.043375
vt 0.537737 0.296283
vt 0.537737 0.285267
vt 0.566607 0.285267
vt 0.953263 0.315450
vt 0.953263 0.314138
vt 0.964279 0.314138
vt 0.964279 0.311513
vt 0.953263 0.311513
vt 0.964279 0.308889
vt 0.953263 0.308889
vt 0.964279 0.306264
vt 0.953263 0.306264
vt 0.964279 0.303640
vt 0.953263 0.303640
vt 0.964279 0.301015
vt 0.953263 0.298391
vt 0.964279 0.298391
vt 0.953263 0.295766
vt 0.964279 0.295766
vt 0.953263 0.293142
vt 0.964279 0.293142
vt 0.953263 0.290517
vt 0.964279 0.290517
vt 0.964279 0.287893
vt 0.953263 0.286580
vt 0.953263 0.285268
vt 0.964279 0.285268
vt 0.572242 0.297367
vt 0.590496 0.296054
vt 0.590496 0.297367
vt 0.572242 0.296054
vt 0.576383 0.288297
vt 0.586354 0.288297
vt 0.964279 0.316762
vt 0.953263 0.316762
vt 0.953263 0.287893
vt 0.988344 0.921325
vt 0.980283 0.928045
vt 0.980283 0.921325
vt 0.988344 0.928045
vt 0.980283 0.934765
vt 0.988344 0.941485
vt 0.980283 0.941485
vt 0.988344 0.948205
vt 0.980283 0.948205
vt 0.988344 0.954925
vt 0.980283 0.954925
vt 0.980283 0.961645
vt 0.988344 0.961645
vt 0.980283 0.968365
vt 0.988344 0.968365
vt 0.980283 0.975085
vt 0.988343 0.800365
vt 0.980282 0.807085
vt 0.980282 0.800365
vt 0.988343 0.807085
vt 0.980282 0.813805
vt 0.988344 0.820525
vt 0.980282 0.820525
vt 0.980282 0.827245
vt 0.988344 0.827245
vt 0.980282 0.833965
vt 0.988344 0.840685
vt 0.980282 0.840685
vt 0.988344 0.847405
vt 0.980283 0.847405
vt 0.988344 0.854125
vt 0.980283 0.854125
vt 0.988344 0.860845
vt 0.980283 0.860845
vt 0.980283 0.867565
vt 0.988344 0.867565
vt 0.980283 0.874285
vt 0.988344 0.874285
vt 0.980283 0.881005
vt 0.988344 0.881005
vt 0.980283 0.887725
vt 0.988344 0.887725
vt 0.980283 0.894445
vt 0.988344 0.894445
vt 0.980283 0.901165
vt 0.988344 0.901165
vt 0.980283 0.907885
vt 0.247713 0.683863
vt 0.253802 0.681875
vt 0.254040 0.683872
vt 0.988344 0.907885
vt 0.980283 0.914605
vt 0.988344 0.914605
vt 0.270703 0.640419
vt 0.267415 0.634084
vt 0.272642 0.638713
vt 0.260339 0.633252
vt 0.265953 0.636201
vt 0.254503 0.629187
vt 0.261250 0.630853
vt 0.247866 0.631724
vt 0.254192 0.631732
vt 0.240820 0.630829
vt 0.247561 0.629180
vt 0.241722 0.633226
vt 0.234668 0.634037
vt 0.231369 0.640326
vt 0.236116 0.636149
vt 0.225492 0.644314
vt 0.229459 0.638621
vt 0.227755 0.645514
vt 0.223000 0.650791
vt 0.225485 0.651417
vt 0.222125 0.657679
vt 0.225412 0.663985
vt 0.224688 0.657694
vt 0.225337 0.671107
vt 0.222916 0.664582
vt 0.227622 0.669927
vt 0.229264 0.676881
vt 0.231202 0.675176
vt 0.234490 0.681511
vt 0.235952 0.679394
vt 0.240654 0.684743
vt 0.241565 0.682343
vt 0.247401 0.686408
vt 0.254344 0.686415
vt 0.260183 0.682371
vt 0.265790 0.679448
vt 0.261085 0.684767
vt 0.270537 0.675271
vt 0.267238 0.681559
vt 0.276412 0.671283
vt 0.272447 0.676977
vt 0.276421 0.664180
vt 0.274150 0.670082
vt 0.279782 0.657918
vt 0.278906 0.664806
vt 0.276494 0.651612
vt 0.277219 0.657903
vt 0.276568 0.644488
vt 0.278990 0.651014
vt 0.274283 0.645668
vt 0.226700 0.657708
vt 0.274534 0.652080
vt 0.272489 0.646594
vt 0.253945 0.633729
vt 0.259476 0.680489
vt 0.227371 0.663517
vt 0.269182 0.641755
vt 0.248102 0.633721
vt 0.264655 0.677789
vt 0.229416 0.669002
vt 0.242428 0.635108
vt 0.269039 0.673931
vt 0.232723 0.673840
vt 0.237251 0.637808
vt 0.272375 0.669138
vt 0.237102 0.677736
vt 0.232867 0.641666
vt 0.274472 0.663686
vt 0.242283 0.680461
vt 0.229530 0.646459
vt 0.275206 0.657889
vt 0.264803 0.637860
vt 0.247958 0.681866
vt 0.227434 0.651910
vt 0.259622 0.635134
vt 0.263176 0.647040
vt 0.260246 0.644430
vt 0.256777 0.642598
vt 0.249048 0.641643
vt 0.252970 0.641652
vt 0.241761 0.644384
vt 0.245238 0.642572
vt 0.238817 0.646975
vt 0.235171 0.653855
vt 0.236577 0.650194
vt 0.235137 0.661643
vt 0.234681 0.657747
vt 0.236512 0.665318
vt 0.241659 0.671166
vt 0.238729 0.668556
vt 0.248934 0.673944
vt 0.245128 0.672998
vt 0.256667 0.673024
vt 0.252857 0.673953
vt 0.260145 0.671212
vt 0.263088 0.668621
vt 0.266734 0.661741
vt 0.265328 0.665402
vt 0.267224 0.657850
vt 0.265393 0.650278
vt 0.266769 0.653953
vt 0.517249 0.333721
vt 0.539040 0.330270
vt 0.547241 0.338472
vt 0.759846 0.333128
vt 0.725807 0.334880
vt 0.723414 0.330735
vt 0.760487 0.327092
vt 0.725229 0.321507
vt 0.744887 0.311491
vt 0.531934 0.980913
vt 0.522572 0.988328
vt 0.522572 0.980913
vt 0.494487 0.980913
vt 0.485125 0.988328
vt 0.485125 0.980913
vt 0.560019 0.980913
vt 0.550658 0.988328
vt 0.550658 0.980913
vt 0.503849 0.980913
vt 0.494487 0.988328
vt 0.513210 0.980913
vt 0.503849 0.988328
vt 0.541296 0.988328
vt 0.541296 0.980913
vt 0.410231 0.980914
vt 0.400869 0.988328
vt 0.400869 0.980914
vt 0.578743 0.980913
vt 0.569381 0.988328
vt 0.569381 0.980913
vt 0.475763 0.980913
vt 0.466401 0.988328
vt 0.466401 0.980913
vt 0.531934 0.988328
vt 0.560019 0.988328
vt 0.419592 0.980913
vt 0.410231 0.988328
vt 0.438316 0.980913
vt 0.428954 0.988328
vt 0.428954 0.980913
vt 0.447678 0.980913
vt 0.438316 0.988328
vt 0.457040 0.980913
vt 0.447678 0.988328
vt 0.457040 0.988328
vt 0.513210 0.988328
vt 0.475763 0.988328
vt 0.419592 0.988328
vt 0.588105 0.980913
vt 0.578743 0.988328
vt 0.548414 0.350093
vt 0.514376 0.351844
vt 0.511983 0.347699
vt 0.998278 0.373474
vt 0.992406 0.369830
vt 0.998278 0.369830
vt 0.998278 0.323822
vt 0.992406 0.327465
vt 0.992406 0.323822
vt 0.998278 0.367353
vt 0.992406 0.367353
vt 0.998278 0.364875
vt 0.992406 0.362398
vt 0.998278 0.362398
vt 0.998278 0.329943
vt 0.992406 0.329943
vt 0.992406 0.332420
vt 0.998278 0.334898
vt 0.992406 0.334898
vt 0.755221 0.316757
vt 0.758672 0.321507
vt 0.723414 0.327092
vt 0.728680 0.316757
vt 0.733431 0.313306
vt 0.739015 0.311491
vt 0.750471 0.313306
vt 0.549056 0.344056
vt 0.511983 0.344056
vt 0.513798 0.338472
vt 0.521999 0.330270
vt 0.527584 0.328456
vt 0.533455 0.328456
vt 0.543790 0.333721
vt 0.315851 0.977543
vt 0.322571 0.985604
vt 0.315851 0.985604
vt 0.322571 0.977543
vt 0.329291 0.985604
vt 0.336011 0.977543
vt 0.336011 0.985604
vt 0.342731 0.977543
vt 0.342731 0.985604
vt 0.349451 0.977543
vt 0.349451 0.985604
vt 0.356171 0.985604
vt 0.356171 0.977543
vt 0.362891 0.985604
vt 0.362891 0.977543
vt 0.369611 0.985604
vt 0.194890 0.977543
vt 0.201611 0.985604
vt 0.194891 0.985604
vt 0.208331 0.977543
vt 0.208331 0.985604
vt 0.215051 0.985604
vt 0.221771 0.977543
vt 0.221771 0.985604
vt 0.228490 0.985604
vt 0.235211 0.977543
vt 0.235211 0.985604
vt 0.241930 0.985604
vt 0.241930 0.977543
vt 0.248651 0.985604
vt 0.255370 0.977543
vt 0.255370 0.985604
vt 0.262091 0.977543
vt 0.262091 0.985604
vt 0.268811 0.985604
vt 0.268811 0.977543
vt 0.275531 0.985604
vt 0.275531 0.977543
vt 0.282251 0.985604
vt 0.282251 0.977543
vt 0.288971 0.985604
vt 0.288971 0.977543
vt 0.295691 0.985604
vt 0.295691 0.977543
vt 0.302411 0.985604
vt 0.718025 0.954832
vt 0.724114 0.952844
vt 0.724352 0.954841
vt 0.302411 0.977543
vt 0.309131 0.985604
vt 0.309131 0.977543
vt 0.741016 0.911388
vt 0.737727 0.905053
vt 0.742955 0.909682
vt 0.730652 0.904221
vt 0.736265 0.907170
vt 0.724816 0.900156
vt 0.731562 0.901821
vt 0.718178 0.902693
vt 0.724505 0.902701
vt 0.711132 0.901798
vt 0.717873 0.900149
vt 0.712035 0.904194
vt 0.704980 0.905006
vt 0.701681 0.911295
vt 0.706428 0.907118
vt 0.698067 0.916483
vt 0.699771 0.909590
vt 0.695797 0.922386
vt 0.695804 0.915283
vt 0.692437 0.928648
vt 0.693312 0.921760
vt 0.695000 0.928663
vt 0.693228 0.935551
vt 0.695724 0.934953
vt 0.695649 0.942076
vt 0.697935 0.940896
vt 0.699576 0.947850
vt 0.701514 0.946144
vt 0.704802 0.952480
vt 0.706264 0.950363
vt 0.710967 0.955712
vt 0.711877 0.953312
vt 0.717713 0.957377
vt 0.724656 0.957384
vt 0.731398 0.955736
vt 0.730495 0.953340
vt 0.737550 0.952528
vt 0.740849 0.946240
vt 0.736102 0.950416
vt 0.746725 0.942251
vt 0.742759 0.947945
vt 0.746733 0.935148
vt 0.744462 0.941051
vt 0.750094 0.928887
vt 0.749218 0.935775
vt 0.746806 0.922581
vt 0.747531 0.928872
vt 0.746880 0.915457
vt 0.749302 0.921983
vt 0.744595 0.916637
vt 0.697012 0.928676
vt 0.742801 0.917563
vt 0.724258 0.904698
vt 0.729789 0.951457
vt 0.697684 0.934485
vt 0.739494 0.912723
vt 0.718414 0.904690
vt 0.734967 0.948757
vt 0.699728 0.939970
vt 0.712741 0.906076
vt 0.739351 0.944900
vt 0.703035 0.944809
vt 0.707563 0.908777
vt 0.742687 0.940107
vt 0.707415 0.948704
vt 0.703179 0.912635
vt 0.744784 0.934655
vt 0.712595 0.951430
vt 0.699842 0.917427
vt 0.745518 0.928858
vt 0.735115 0.908828
vt 0.718270 0.952834
vt 0.697746 0.922879
vt 0.744846 0.923049
vt 0.729934 0.906103
vt 0.733488 0.918009
vt 0.730558 0.915398
vt 0.727089 0.913567
vt 0.719360 0.912611
vt 0.723282 0.912620
vt 0.712073 0.915353
vt 0.715550 0.913540
vt 0.709129 0.917943
vt 0.705483 0.924824
vt 0.706889 0.921162
vt 0.704993 0.928715
vt 0.705449 0.932612
vt 0.709041 0.939525
vt 0.706824 0.936287
vt 0.715440 0.943966
vt 0.711971 0.942135
vt 0.719247 0.944913
vt 0.726979 0.943993
vt 0.723169 0.944922
vt 0.730457 0.942181
vt 0.733401 0.939590
vt 0.737046 0.932710
vt 0.735640 0.936371
vt 0.737537 0.928818
vt 0.735706 0.921247
vt 0.737081 0.924922
vt 0.492990 0.925309
vt 0.514780 0.921857
vt 0.522982 0.930059
vt 0.571867 0.961098
vt 0.537828 0.962850
vt 0.535435 0.958705
vt 0.572508 0.955061
vt 0.537250 0.949477
vt 0.556907 0.939461
vt 0.289504 0.988616
vt 0.280142 0.996031
vt 0.280142 0.988616
vt 0.252057 0.988616
vt 0.242695 0.996031
vt 0.242695 0.988616
vt 0.317589 0.988616
vt 0.308228 0.996031
vt 0.308228 0.988616
vt 0.261419 0.988616
vt 0.252057 0.996031
vt 0.270780 0.988616
vt 0.261419 0.996031
vt 0.298866 0.996031
vt 0.298866 0.988616
vt 0.167801 0.988616
vt 0.158439 0.996031
vt 0.158439 0.988616
vt 0.336313 0.988616
vt 0.326951 0.996031
vt 0.326951 0.988616
vt 0.233333 0.988616
vt 0.223972 0.996031
vt 0.223972 0.988616
vt 0.289504 0.996031
vt 0.317589 0.996031
vt 0.177163 0.988616
vt 0.167801 0.996031
vt 0.195886 0.988616
vt 0.186524 0.996031
vt 0.186524 0.988616
vt 0.205248 0.988616
vt 0.195886 0.996031
vt 0.214610 0.988616
vt 0.205248 0.996031
vt 0.214610 0.996031
vt 0.270780 0.996031
vt 0.233333 0.996031
vt 0.177163 0.996031
vt 0.345675 0.988616
vt 0.336313 0.996031
vt 0.524155 0.941680
vt 0.490117 0.943432
vt 0.487724 0.939287
vt 0.970646 0.896271
vt 0.964774 0.892628
vt 0.970646 0.892628
vt 0.970646 0.846619
vt 0.964774 0.850263
vt 0.964774 0.846619
vt 0.964774 0.890151
vt 0.970646 0.890151
vt 0.970646 0.887673
vt 0.964774 0.885196
vt 0.970646 0.885196
vt 0.970646 0.852740
vt 0.964774 0.852740
vt 0.964774 0.855218
vt 0.970646 0.855218
vt 0.964774 0.857695
vt 0.970646 0.857695
vt 0.524797 0.935643
vt 0.487724 0.935643
vt 0.489539 0.930059
vt 0.497740 0.921857
vt 0.503325 0.920043
vt 0.509196 0.920043
vt 0.519531 0.925309
vt 0.567242 0.944727
vt 0.570693 0.949477
vt 0.535435 0.955061
vt 0.540701 0.944727
vt 0.545451 0.941275
vt 0.551036 0.939461
vt 0.562492 0.941275
vt 0.534995 0.255308
vt 0.527326 0.257695
vt 0.527317 0.255259
vt 0.534946 0.257806
vt 0.527309 0.260111
vt 0.534871 0.260288
vt 0.527267 0.262508
vt 0.534758 0.262744
vt 0.527204 0.264891
vt 0.534627 0.265167
vt 0.527124 0.267262
vt 0.534465 0.238084
vt 0.527202 0.240701
vt 0.527124 0.238326
vt 0.534633 0.240432
vt 0.527265 0.243086
vt 0.534764 0.242858
vt 0.527306 0.245485
vt 0.534863 0.245312
vt 0.527324 0.247902
vt 0.534947 0.247790
vt 0.527316 0.250339
vt 0.534453 0.267508
vt 0.536117 0.265303
vt 0.535883 0.267833
vt 0.534990 0.250288
vt 0.527286 0.252799
vt 0.535012 0.252797
vt 0.535902 0.237756
vt 0.538708 0.240104
vt 0.536124 0.240284
vt 0.536261 0.262829
vt 0.536567 0.252811
vt 0.536536 0.255351
vt 0.536471 0.257866
vt 0.536385 0.260352
vt 0.536532 0.250265
vt 0.536475 0.247746
vt 0.536270 0.242763
vt 0.536377 0.245249
vt 0.603773 0.344259
vt 0.610324 0.337708
vt 0.612722 0.346657
vt 0.538839 0.262972
vt 0.539177 0.250205
vt 0.538850 0.242624
vt 0.538697 0.265490
vt 0.539252 0.252810
vt 0.539073 0.257957
vt 0.538967 0.245135
vt 0.538504 0.268032
vt 0.539175 0.255413
vt 0.538962 0.260469
vt 0.539080 0.247654
vt 0.959276 0.838631
vt 0.957053 0.481142
vt 0.959299 0.481142
vt 0.957026 0.838631
vt 0.954808 0.481142
vt 0.977277 0.838631
vt 0.975032 0.481143
vt 0.977278 0.481143
vt 0.975027 0.838632
vt 0.972786 0.481143
vt 0.972777 0.838632
vt 0.970541 0.481143
vt 0.970526 0.838631
vt 0.968295 0.481142
vt 0.968276 0.838631
vt 0.966043 0.481142
vt 0.966026 0.838631
vt 0.963790 0.481142
vt 0.532682 0.179349
vt 0.527086 0.175274
vt 0.530550 0.172763
vt 0.963776 0.838631
vt 0.961545 0.481142
vt 0.961526 0.838631
vt 0.820931 0.042775
vt 0.821729 0.041206
vt 0.821745 0.042752
vt 0.820611 0.031850
vt 0.821587 0.030289
vt 0.821523 0.031847
vt 0.820765 0.035048
vt 0.821595 0.036569
vt 0.820758 0.036632
vt 0.820915 0.039728
vt 0.820945 0.041245
vt 0.820889 0.044406
vt 0.821882 0.045860
vt 0.821098 0.046219
vt 0.821542 0.033432
vt 0.821570 0.034999
vt 0.821649 0.038126
vt 0.821697 0.039668
vt 0.821772 0.044321
vt 0.820716 0.033505
vt 0.820853 0.038201
vt 0.671757 0.335749
vt 0.669546 0.337126
vt 0.669914 0.335575
vt 0.845740 0.032874
vt 0.845738 0.034502
vt 0.845736 0.036125
vt 0.845735 0.037744
vt 0.845735 0.039360
vt 0.845736 0.040973
vt 0.845738 0.042584
vt 0.845741 0.044194
vt 0.845745 0.045803
vt 0.845697 0.029614
vt 0.845742 0.031240
vt 0.671708 0.337400
vt 0.669092 0.338839
vt 0.678578 0.333274
vt 0.681170 0.332595
vt 0.679751 0.334365
vt 0.673654 0.335631
vt 0.676116 0.336712
vt 0.673947 0.337278
vt 0.666820 0.334193
vt 0.664604 0.334007
vt 0.665691 0.333115
vt 0.668234 0.335028
vt 0.667587 0.336395
vt 0.678092 0.335721
vt 0.677177 0.334370
vt 0.663501 0.332343
vt 0.664907 0.331848
vt 0.675500 0.335166
vt 0.665948 0.335333
vt 0.535486 0.187610
vt 0.528818 0.185460
vt 0.531355 0.181951
vt 0.663423 0.335025
vt 0.679114 0.337230
vt 0.671625 0.339236
vt 0.664935 0.336566
vt 0.680985 0.335638
vt 0.674236 0.339110
vt 0.666774 0.337894
vt 0.662173 0.333311
vt 0.676781 0.338440
vt 0.342220 0.257256
vt 0.308341 0.283182
vt 0.308185 0.257347
vt 0.036309 0.257263
vt 0.070186 0.283184
vt 0.036165 0.282988
vt 0.070341 0.257351
vt 0.104194 0.283448
vt 0.104359 0.257481
vt 0.138201 0.283590
vt 0.138335 0.257551
vt 0.172259 0.283389
vt 0.206205 0.257273
vt 0.172317 0.257274
vt 0.240187 0.257550
vt 0.206263 0.283389
vt 0.274164 0.257478
vt 0.240321 0.283590
vt 0.274331 0.283447
vt 0.070199 0.051254
vt 0.036323 0.077169
vt 0.036182 0.051447
vt 0.070351 0.077085
vt 0.036388 0.102891
vt 0.070480 0.102861
vt 0.036432 0.128617
vt 0.070583 0.128624
vt 0.036502 0.154349
vt 0.070773 0.154375
vt 0.036499 0.180075
vt 0.070578 0.205807
vt 0.036424 0.205809
vt 0.070472 0.231573
vt 0.036377 0.231538
vt 0.104202 0.050994
vt 0.104366 0.076958
vt 0.104668 0.103049
vt 0.104861 0.128796
vt 0.105073 0.154454
vt 0.070771 0.180055
vt 0.104858 0.205639
vt 0.104663 0.231388
vt 0.138205 0.050854
vt 0.138338 0.076889
vt 0.138576 0.103089
vt 0.138886 0.129091
vt 0.138999 0.154546
vt 0.105072 0.179979
vt 0.138885 0.205346
vt 0.138574 0.231349
vt 0.172257 0.051056
vt 0.172315 0.077168
vt 0.172394 0.103255
vt 0.172474 0.129081
vt 0.172521 0.154556
vt 0.138999 0.179889
vt 0.172475 0.205355
vt 0.172395 0.231183
vt 0.206256 0.051056
vt 0.206199 0.077167
vt 0.206121 0.103254
vt 0.206042 0.129081
vt 0.205996 0.154555
vt 0.172521 0.179880
vt 0.205997 0.179879
vt 0.206045 0.205355
vt 0.206125 0.231183
vt 0.240176 0.076888
vt 0.239939 0.103087
vt 0.239630 0.129088
vt 0.239518 0.154544
vt 0.239520 0.179887
vt 0.239635 0.205344
vt 0.239948 0.231347
vt 0.240308 0.050853
vt 0.274147 0.076955
vt 0.273847 0.103045
vt 0.273654 0.128792
vt 0.273444 0.154450
vt 0.273446 0.179975
vt 0.273662 0.205635
vt 0.273859 0.231384
vt 0.274310 0.050992
vt 0.308161 0.077080
vt 0.308034 0.102856
vt 0.307931 0.128618
vt 0.307743 0.154369
vt 0.307747 0.180048
vt 0.307943 0.205800
vt 0.308052 0.231567
vt 0.308313 0.051251
vt 0.342188 0.077163
vt 0.342124 0.102885
vt 0.342082 0.128610
vt 0.342013 0.154341
vt 0.342018 0.180064
vt 0.342098 0.205798
vt 0.342150 0.231529
vt 0.012915 0.957967
vt 0.980280 0.796973
vt 0.318889 0.973090
vt 0.035536 0.286817
vt 0.990360 0.001770
vt 0.276533 0.855493
vt 0.592771 0.893764
vt 0.970181 0.159668
vt 0.875177 0.593715
vt 0.951591 0.784132
vt 0.951608 0.482681
vt 0.950251 0.309704
vt 0.838413 0.600336
vt 0.268779 0.886519
vt 0.820647 0.025120
vt 0.978583 0.102725
vt 0.917420 0.791854
vt 0.951449 0.786507
vt 0.212124 0.876699
vt 0.214887 0.632278
vt 0.224143 0.913629
vt 0.606703 0.510428
vt 0.870893 0.737163
vt 0.324653 0.414376
vt 0.328602 0.411736
vt 0.333262 0.412663
vt 0.333262 0.436017
vt 0.328603 0.436943
vt 0.868800 0.029266
vt 0.814977 0.328798
vt 0.323727 0.360737
vt 0.330814 0.375385
vt 0.590439 0.344762
vt 0.590439 0.337706
vt 0.599579 0.338898
vt 0.600770 0.341773
vt 0.600770 0.343970
vt 0.596702 0.348037
vt 0.593714 0.348037
vt 0.592077 0.347598
vt 0.323727 0.342332
vt 0.577100 0.337704
vt 0.584155 0.337704
vt 0.586992 0.339342
vt 0.587431 0.340979
vt 0.587431 0.343968
vt 0.583363 0.348035
vt 0.581167 0.348035
vt 0.578291 0.346844
vt 0.661699 0.308408
vt 0.324651 0.385068
vt 0.328600 0.382428
vt 0.333260 0.383355
vt 0.333260 0.406709
vt 0.328600 0.407635
vt 0.685552 0.331536
vt 0.640898 0.334969
vt 0.273257 0.744850
vt 0.499812 0.269645
vt 0.344859 0.969454
vt 0.434317 0.969454
vt 0.498389 0.962305
vt 0.399260 0.962305
vt 0.991347 0.944649
vt 0.991347 0.855192
vt 0.998496 0.791119
vt 0.878181 0.745699
vt 0.878181 0.656241
vt 0.885330 0.592168
vt 0.155036 0.976185
vt 0.065578 0.976185
vt 0.001506 0.983334
vt 0.100635 0.983334
vt 0.527088 0.216655
vt 0.791964 0.337450
vt 0.791966 0.319196
vt 0.794484 0.319936
vt 0.796692 0.321355
vt 0.799500 0.325726
vt 0.799873 0.328324
vt 0.799500 0.330922
vt 0.796690 0.335292
vt 0.794482 0.336711
vt 0.345252 0.242874
vt 0.348009 0.283479
vt 0.348009 0.265225
vt 0.350527 0.265965
vt 0.352735 0.267384
vt 0.355544 0.271754
vt 0.355918 0.274352
vt 0.355544 0.276950
vt 0.352735 0.281321
vt 0.350527 0.282740
vt 0.553484 0.285267
vt 0.558733 0.285267
vt 0.850068 0.047517
vt 0.851380 0.047517
vt 0.851380 0.029263
vt 0.853898 0.030002
vt 0.856106 0.031421
vt 0.858915 0.035792
vt 0.859289 0.038390
vt 0.858915 0.040988
vt 0.856106 0.045359
vt 0.853898 0.046778
vt 0.953263 0.301015
vt 0.590496 0.294742
vt 0.572242 0.294742
vt 0.572981 0.292224
vt 0.574400 0.290016
vt 0.578771 0.287207
vt 0.581369 0.286834
vt 0.583966 0.287207
vt 0.588337 0.290016
vt 0.589756 0.292224
vt 0.988344 0.934765
vt 0.988344 0.975085
vt 0.988344 0.813805
vt 0.988344 0.833965
vt 0.760487 0.330735
vt 0.758094 0.334880
vt 0.755701 0.335521
vt 0.728200 0.335521
vt 0.724056 0.333128
vt 0.588105 0.988328
vt 0.549056 0.347700
vt 0.546663 0.351844
vt 0.544270 0.352486
vt 0.516769 0.352486
vt 0.512624 0.350092
vt 0.992406 0.373474
vt 0.998278 0.327465
vt 0.992406 0.364875
vt 0.998278 0.332420
vt 0.329291 0.977543
vt 0.369611 0.977543
vt 0.201610 0.977543
vt 0.215050 0.977543
vt 0.228490 0.977543
vt 0.248651 0.977543
vt 0.572508 0.958705
vt 0.570115 0.962850
vt 0.567722 0.963491
vt 0.540221 0.963491
vt 0.536076 0.961098
vt 0.345675 0.996031
vt 0.524797 0.939287
vt 0.522404 0.943432
vt 0.520011 0.944073
vt 0.492510 0.944073
vt 0.488365 0.941680
vt 0.964774 0.896271
vt 0.970646 0.850263
vt 0.964774 0.887673
vt 0.538521 0.237563
vt 0.610324 0.348042
vt 0.607556 0.348042
vt 0.605158 0.346657
vt 0.603773 0.341490
vt 0.605158 0.339093
vt 0.607556 0.337708
vt 0.612722 0.339093
vt 0.614107 0.341490
vt 0.614107 0.344259
vt 0.954776 0.838631
vt 0.532688 0.173460
vt 0.534008 0.175281
vt 0.534006 0.177531
vt 0.530542 0.180042
vt 0.528403 0.179344
vt 0.527083 0.177523
vt 0.528410 0.173455
vt 0.820785 0.029952
vt 0.679630 0.331892
vt 0.533631 0.181946
vt 0.535476 0.183280
vt 0.536184 0.185443
vt 0.533647 0.188952
vt 0.531371 0.188957
vt 0.529526 0.187623
vt 0.529516 0.183293
vt 0.682574 0.333825
vt 0.342365 0.282983
vt 0.342328 0.051443
s 1
usemtl Television_01
f 6/1/1 93/2/2 28/3/3
f 1/4/4 129/5/5 3/6/4
f 17/7/6 6/8/1 28/9/3
f 95/10/7 94/11/7 93/12/7
f 15/13/8 90/14/9 14/15/10
f 14/15/10 90/14/9 7/16/11
f 2/17/12 134/18/13 4/19/12
f 85/20/7 13/21/14 10/22/15
f 90/23/16 30/24/17 71/25/18
f 127/26/9 128/27/9 126/28/9
f 17/29/19 86/30/7 6/31/7
f 18/32/8 5/33/9 89/34/9
f 1/35/20 16/36/21 15/37/21
f 1/38/20 14/39/20 8/40/20
f 9/41/20 16/42/20 3/43/20
f 126/28/9 1/44/9 125/45/9
f 11/46/4 16/36/21 12/47/4
f 4/48/4 18/49/6 2/50/4
f 12/51/4 17/52/19 4/53/4
f 2/54/4 15/55/8 11/56/4
f 25/57/22 23/58/23 26/59/23
f 11/60/9 142/61/24 2/62/9
f 4/63/7 136/64/25 12/65/7
f 12/66/20 139/67/26 11/68/20
f 140/69/27 22/70/28 143/71/27
f 137/72/29 19/73/30 140/69/29
f 137/72/31 21/74/32 20/75/33
f 60/76/34 149/77/35 59/78/34
f 21/74/32 145/79/4 20/75/33
f 22/70/28 146/80/4 147/81/4
f 148/82/4 22/70/28 147/81/4
f 58/83/36 25/57/22 57/84/36
f 15/13/8 18/32/8 89/34/9
f 94/85/37 85/86/38 29/87/39
f 90/23/16 97/88/40 30/24/17
f 18/49/6 27/89/41 5/90/42
f 36/91/12 17/7/6 28/9/3
f 18/49/6 35/92/12 27/89/41
f 38/93/12 40/94/12 37/95/12
f 43/96/43 37/97/44 44/98/44
f 5/99/42 98/100/45 89/101/46
f 17/7/6 35/92/12 18/49/6
f 39/102/12 27/89/41 35/92/12
f 28/9/3 40/94/12 36/91/12
f 45/103/4 39/104/4 46/105/4
f 46/106/7 39/107/7 35/108/7
f 45/109/9 36/110/9 40/111/9
f 29/112/44 44/98/44 37/97/44
f 30/113/47 43/96/43 32/114/48
f 94/11/7 29/112/7 37/97/7
f 30/113/9 97/115/9 38/116/9
f 28/117/7 93/12/7 37/97/7
f 42/118/9 45/109/9 34/119/9
f 41/120/44 36/110/44 42/118/44
f 46/106/7 41/120/7 33/121/7
f 44/122/9 34/119/9 45/109/9
f 43/123/7 33/121/7 32/124/7
f 44/125/20 46/105/20 43/126/20
f 32/127/49 34/128/50 31/129/51
f 41/130/12 34/128/50 33/131/52
f 10/132/15 13/133/14 47/134/53
f 68/135/53 107/136/53 108/137/53
f 50/138/54 53/139/55 49/140/54
f 78/141/53 14/142/10 56/143/53
f 108/137/53 70/144/53 68/135/53
f 13/133/14 77/145/53 50/146/53
f 13/133/14 49/147/53 47/134/53
f 54/148/56 52/149/57 53/139/55
f 49/150/58 52/149/57 47/151/58
f 48/152/59 54/148/56 50/153/60
f 48/154/61 52/149/57 51/155/62
f 105/156/63 109/157/64 114/158/65
f 55/159/53 48/160/53 50/146/53
f 65/161/53 66/162/53 47/134/53
f 79/163/53 78/141/53 56/143/53
f 63/164/66 85/86/38 64/165/67
f 64/165/67 10/166/68 62/167/69
f 80/168/53 79/163/53 56/143/53
f 13/133/14 50/146/53 49/147/53
f 106/169/53 14/142/10 70/144/53
f 68/170/70 63/164/66 61/171/69
f 68/135/53 105/172/53 107/136/53
f 72/173/71 7/174/72 90/23/16
f 90/23/16 71/25/18 72/173/71
f 71/25/18 30/24/17 32/127/49
f 71/175/73 76/176/73 72/177/73
f 64/178/44 73/179/44 63/180/44
f 65/181/74 74/182/75 66/183/74
f 76/176/76 70/184/77 69/185/78
f 68/186/9 75/187/9 71/188/9
f 76/176/7 67/189/7 72/190/7
f 73/179/7 61/191/7 63/192/7
f 62/193/9 74/182/9 64/194/9
f 77/195/20 9/196/20 83/197/20
f 13/198/20 9/196/20 77/195/20
f 78/199/20 8/200/20 14/201/20
f 50/146/53 77/145/53 55/159/53
f 130/202/7 153/203/7 3/204/7
f 48/160/53 65/161/53 47/134/53
f 77/145/53 80/168/53 55/159/53
f 79/205/79 82/206/79 81/207/79
f 80/208/80 83/209/81 82/206/9
f 79/210/82 84/211/83 78/212/84
f 83/209/85 81/207/85 82/206/85
f 8/200/20 83/197/20 9/196/20
f 17/29/19 16/213/19 86/30/7
f 85/20/7 87/214/7 16/213/19
f 92/215/9 90/14/9 15/13/8
f 97/88/40 92/216/86 99/217/87
f 99/217/87 91/218/88 100/219/89
f 100/219/89 89/101/46 98/100/45
f 94/85/37 87/220/90 85/86/38
f 96/221/90 88/222/91 87/220/90
f 95/223/91 86/224/2 88/222/91
f 85/20/7 16/213/19 13/21/14
f 95/10/7 96/225/7 94/11/7
f 37/97/7 93/12/7 94/11/7
f 38/116/9 97/115/9 98/226/9
f 97/115/9 99/227/9 100/228/9
f 100/228/9 98/226/9 97/115/9
f 27/229/9 38/116/9 98/226/9
f 15/13/8 89/34/9 91/230/9
f 15/13/8 91/230/9 92/215/9
f 88/231/7 86/30/7 16/213/19
f 87/214/7 88/231/7 16/213/19
f 48/160/53 61/232/53 65/161/53
f 101/233/92 112/234/93 103/235/94
f 112/234/93 104/236/95 103/235/94
f 111/237/96 102/238/97 104/236/95
f 106/239/98 115/240/99 113/241/100
f 115/240/99 107/242/101 116/243/102
f 116/243/102 105/244/63 114/245/65
f 66/162/53 62/246/53 10/132/15
f 55/159/53 80/168/53 56/143/53
f 59/247/103 24/248/104 58/249/103
f 14/142/10 106/169/53 56/143/53
f 104/250/53 102/251/53 61/232/53
f 103/252/53 104/250/53 61/232/53
f 101/253/53 103/252/53 61/232/53
f 101/253/53 61/232/53 48/160/53
f 55/159/53 101/253/53 48/160/53
f 14/142/10 7/254/11 69/255/53
f 7/254/11 67/256/53 69/255/53
f 102/251/53 105/172/53 68/135/53
f 14/142/10 69/255/53 70/144/53
f 68/135/53 61/232/53 102/251/53
f 56/257/105 117/258/106 55/259/107
f 109/157/108 111/260/108 110/261/108
f 118/262/109 123/263/110 121/264/111
f 120/265/112 124/266/113 123/263/110
f 119/267/114 122/268/115 124/266/113
f 101/233/92 118/262/116 110/261/117
f 118/262/109 113/241/118 110/261/108
f 106/239/98 122/269/119 56/270/120
f 101/233/92 120/271/116 118/262/116
f 55/272/121 117/273/122 101/233/92
f 113/241/100 121/264/123 106/239/98
f 106/239/98 124/274/123 122/269/119
f 123/275/123 124/274/123 106/239/98
f 121/264/123 123/275/123 106/239/98
f 119/276/116 120/271/116 101/233/92
f 117/273/122 119/276/116 101/233/92
f 130/202/124 127/277/125 125/45/124
f 132/278/125 128/279/126 127/277/125
f 131/280/126 126/281/5 128/279/126
f 8/282/44 154/283/44 155/284/44
f 133/285/127 144/286/128 143/71/129
f 135/287/128 142/288/13 144/286/128
f 143/71/27 141/289/130 140/69/27
f 144/290/130 139/291/24 141/289/130
f 137/72/29 141/292/131 138/293/131
f 141/292/131 136/294/26 138/293/131
f 137/72/31 135/295/132 133/285/31
f 138/296/132 134/297/25 135/295/132
f 143/71/129 21/74/32 133/285/127
f 10/132/15 47/134/53 66/162/53
f 57/298/133 151/299/134 60/300/133
f 145/301/20 23/58/20 146/302/20
f 145/79/4 19/73/30 20/75/33
f 24/248/104 150/303/135 23/304/136
f 149/77/35 152/305/137 150/306/138
f 25/307/139 152/308/140 151/299/134
f 146/309/141 150/303/141 147/310/141
f 148/311/7 26/312/7 145/313/7
f 147/314/142 152/305/142 148/315/142
f 29/87/39 63/164/66 31/129/51
f 63/164/66 71/25/18 32/127/49
f 31/129/51 63/164/66 32/127/49
f 154/283/143 156/316/144 155/284/143
f 125/45/124 153/203/144 130/202/124
f 1/44/9 8/317/9 156/316/9
f 8/317/9 155/318/9 156/316/9
f 156/316/9 125/45/9 1/44/9
f 125/45/9 127/26/9 126/28/9
f 154/319/7 9/320/7 153/203/7
f 9/320/7 3/204/7 153/203/7
f 3/204/7 129/321/7 130/202/7
f 129/321/7 131/322/7 130/202/7
f 131/322/7 132/323/7 130/202/7
f 111/260/108 112/324/108 110/261/108
f 110/261/108 113/241/118 114/158/145
f 113/241/118 115/325/118 116/326/118
f 114/158/145 113/241/118 116/326/118
f 114/158/145 109/157/108 110/261/108
f 174/327/146 162/328/147 157/329/148
f 182/330/149 178/331/150 173/332/151
f 188/333/152 200/334/153 199/335/152
f 158/336/154 170/337/155 165/338/156
f 166/339/157 186/340/158 181/341/159
f 157/329/148 164/342/160 159/343/161
f 159/343/161 163/344/162 160/345/163
f 160/345/163 161/346/164 158/336/154
f 169/347/165 168/348/166 171/349/167
f 171/349/167 167/350/168 172/351/169
f 172/351/169 165/338/156 170/337/155
f 185/352/170 184/353/171 187/354/172
f 187/354/172 183/355/173 188/356/174
f 188/356/174 181/341/159 186/340/158
f 177/357/175 176/358/176 179/359/177
f 179/359/177 175/360/178 180/361/179
f 180/362/179 173/332/151 178/331/150
f 193/363/180 209/364/181 194/365/181
f 163/366/182 190/367/183 191/368/182
f 187/369/184 198/370/185 185/371/185
f 171/372/186 195/373/187 193/374/186
f 170/375/188 192/376/189 196/377/188
f 178/378/190 203/379/191 180/380/191
f 179/381/192 202/382/193 177/383/193
f 162/384/194 202/382/193 189/385/194
f 161/386/189 191/368/182 192/376/189
f 185/371/185 204/387/190 178/378/190
f 188/333/152 197/388/184 187/369/184
f 164/389/183 189/385/194 190/367/183
f 172/390/187 196/377/188 195/373/187
f 186/391/153 194/392/195 200/334/153
f 171/372/186 194/392/195 169/393/195
f 180/380/191 201/394/192 179/381/192
f 202/395/196 205/396/197 189/397/197
f 203/398/12 204/399/12 196/400/12
f 211/401/12 209/402/12 210/403/12
f 207/404/12 205/405/12 214/406/12
f 203/407/198 214/408/199 201/409/199
f 189/397/197 206/410/200 190/411/200
f 199/412/201 212/413/202 197/414/202
f 195/415/203 208/416/204 193/363/180
f 190/411/200 207/417/205 191/418/205
f 200/419/206 211/420/201 199/412/201
f 197/421/207 210/403/207 195/422/207
f 194/365/181 213/423/206 200/419/206
f 201/409/199 215/424/196 202/395/196
f 191/425/208 216/426/208 203/398/208
f 204/399/12 198/427/12 197/421/12
f 197/421/12 195/422/12 204/399/12
f 195/422/12 196/400/12 204/399/12
f 196/400/12 192/428/209 191/425/12
f 191/425/12 203/398/12 196/400/12
f 231/429/210 234/430/211 236/431/211
f 228/432/212 218/433/9 217/434/9
f 237/435/213 220/436/214 223/437/214
f 230/438/44 238/439/44 226/440/44
f 224/441/215 221/442/216 219/443/215
f 226/444/216 222/445/217 221/442/216
f 225/446/217 220/447/214 222/445/217
f 224/441/215 217/434/20 218/433/20
f 231/429/210 229/448/218 227/449/210
f 232/450/218 228/432/212 229/448/218
f 234/430/211 238/451/219 236/431/211
f 235/452/219 237/435/213 238/451/219
f 221/453/4 235/454/4 228/455/4
f 256/456/146 244/457/147 239/458/148
f 264/459/149 260/460/150 255/461/151
f 268/462/153 281/463/152 270/464/152
f 240/465/220 252/466/221 247/467/156
f 248/468/157 268/469/158 263/470/159
f 239/458/148 246/471/160 241/472/161
f 241/472/161 245/473/162 242/474/163
f 242/474/163 243/475/164 240/465/220
f 251/476/165 250/477/166 253/478/167
f 253/478/167 249/479/168 254/480/169
f 254/480/169 247/467/156 252/466/221
f 267/481/170 266/482/171 269/483/172
f 269/483/172 265/484/173 270/485/174
f 270/485/174 263/470/159 268/469/158
f 259/486/175 258/487/176 261/488/177
f 261/488/177 257/489/178 262/490/179
f 262/491/179 255/461/151 260/460/150
f 275/492/180 291/493/181 276/494/181
f 245/495/182 272/496/183 273/497/182
f 269/498/184 280/499/185 267/500/185
f 253/501/186 277/502/187 275/503/186
f 252/504/188 274/505/189 278/506/188
f 260/507/190 285/508/191 262/509/191
f 261/510/192 284/511/193 259/512/193
f 259/512/193 271/513/194 244/514/194
f 245/495/182 274/505/189 243/515/189
f 267/500/185 286/516/190 260/507/190
f 270/464/152 279/517/184 269/498/184
f 244/514/194 272/496/183 246/518/183
f 254/519/222 278/506/188 277/502/187
f 251/520/195 282/521/153 268/462/153
f 251/520/195 275/503/186 276/522/195
f 262/509/191 283/523/192 261/510/192
f 284/524/196 287/525/197 271/526/197
f 285/527/12 286/528/12 278/529/12
f 293/530/12 291/531/12 292/532/12
f 289/533/12 287/534/12 296/535/12
f 285/536/198 296/537/223 283/538/199
f 271/526/197 288/539/200 272/540/200
f 281/541/201 294/542/202 279/543/202
f 277/544/203 290/545/204 275/492/180
f 272/540/200 289/546/205 273/547/205
f 282/548/206 293/549/201 281/541/201
f 279/550/207 292/532/207 277/551/207
f 276/494/181 295/552/206 282/548/206
f 283/538/199 297/553/196 284/524/196
f 273/554/208 298/555/208 285/527/208
f 286/528/12 280/556/12 279/550/12
f 279/550/12 277/551/12 286/528/12
f 277/551/12 278/529/12 286/528/12
f 278/529/12 274/557/209 273/554/12
f 273/554/12 285/527/12 278/529/12
f 300/558/9 301/559/9 299/560/9
f 306/561/7 303/562/7 305/563/7
f 304/564/4 299/560/4 303/562/4
f 305/565/20 299/560/20 301/566/20
f 302/567/12 304/564/12 306/568/12
f 309/569/20 308/570/20 310/571/20
f 312/572/12 314/573/12 313/574/12
f 310/575/7 314/573/7 309/569/7
f 307/576/9 312/577/9 308/578/9
f 309/569/4 311/579/4 307/576/4
f 346/580/224 351/581/225 325/582/225
f 340/583/20 330/584/20 331/585/20
f 316/586/226 321/587/227 335/588/227
f 345/589/228 320/590/229 331/591/228
f 326/592/230 341/593/231 315/594/231
f 326/592/230 352/595/232 350/596/230
f 329/597/232 353/598/233 352/595/232
f 328/599/233 354/600/234 353/598/233
f 327/601/234 351/602/225 354/600/234
f 331/591/228 347/603/235 345/589/228
f 334/604/235 348/605/236 347/603/235
f 333/606/236 349/607/237 348/605/236
f 332/608/237 346/580/224 349/607/237
f 336/609/229 322/610/238 320/590/229
f 339/611/238 323/612/239 322/610/238
f 323/612/239 337/613/240 324/614/240
f 337/613/240 321/587/227 324/614/240
f 315/594/231 344/615/241 317/616/241
f 317/616/241 343/617/242 318/618/242
f 318/618/242 342/619/243 319/620/243
f 342/619/243 316/586/226 319/620/243
f 341/621/20 350/622/20 351/623/20
f 350/622/20 352/624/20 354/625/20
f 352/624/20 353/626/20 354/625/20
f 354/625/20 351/623/20 350/622/20
f 351/623/20 330/584/20 341/621/20
f 330/584/20 332/627/20 333/628/20
f 333/628/20 334/629/20 331/585/20
f 331/585/20 320/630/20 340/583/20
f 320/630/20 322/631/20 321/632/20
f 340/583/20 320/630/20 321/632/20
f 322/631/20 323/633/20 324/634/20
f 324/634/20 321/632/20 322/631/20
f 340/583/20 342/635/20 343/636/20
f 343/636/20 344/637/20 340/583/20
f 344/637/20 341/621/20 340/583/20
f 330/584/20 333/628/20 331/585/20
f 341/621/20 330/584/20 340/583/20
f 391/638/224 386/639/225 365/640/224
f 380/641/20 371/642/20 370/643/20
f 361/644/226 356/645/227 375/646/226
f 385/647/230 360/648/231 376/649/231
f 381/650/229 366/651/228 355/652/229
f 392/653/235 366/651/228 390/654/228
f 393/655/236 369/656/235 392/653/235
f 394/657/237 368/658/236 393/655/236
f 391/659/224 367/660/237 394/657/237
f 387/661/232 371/662/230 385/647/230
f 388/663/233 374/664/232 387/661/232
f 389/665/234 373/666/233 388/663/233
f 386/639/225 372/667/234 389/665/234
f 362/668/241 376/649/231 360/648/231
f 363/669/242 379/670/241 362/668/241
f 364/671/243 378/672/242 363/669/242
f 361/644/226 377/673/243 364/671/243
f 357/674/238 381/650/229 355/652/229
f 357/674/238 383/675/239 384/676/238
f 358/677/239 382/678/240 383/675/239
f 356/645/227 382/678/240 359/679/240
f 381/680/20 391/681/20 390/682/20
f 390/682/20 394/683/20 392/684/20
f 392/684/20 394/683/20 393/685/20
f 394/683/20 390/682/20 391/681/20
f 391/681/20 381/680/20 370/643/20
f 370/643/20 373/686/20 372/687/20
f 373/686/20 371/642/20 374/688/20
f 371/642/20 380/641/20 360/689/20
f 360/689/20 361/690/20 362/691/20
f 380/641/20 361/690/20 360/689/20
f 362/691/20 364/692/20 363/693/20
f 364/692/20 362/691/20 361/690/20
f 380/641/20 383/694/20 382/695/20
f 383/694/20 380/641/20 384/696/20
f 384/696/20 380/641/20 381/680/20
f 370/643/20 371/642/20 373/686/20
f 381/680/20 380/641/20 370/643/20
f 431/697/226 426/698/227 405/699/226
f 420/700/20 411/701/20 410/702/20
f 401/703/224 396/704/225 415/705/224
f 411/706/229 416/707/228 425/708/229
f 395/709/230 430/710/231 406/711/231
f 432/712/241 406/711/231 430/710/231
f 433/713/242 409/714/241 432/712/241
f 434/715/243 408/716/242 433/713/242
f 431/717/226 407/718/243 434/715/243
f 425/708/229 414/719/238 411/706/229
f 428/720/239 414/719/238 427/721/238
f 429/722/240 413/723/239 428/720/239
f 426/698/227 412/724/240 429/722/240
f 400/725/228 419/726/235 416/707/228
f 403/727/236 419/726/235 402/728/235
f 403/727/236 417/729/237 418/730/236
f 401/703/224 417/729/237 404/731/237
f 397/732/232 421/733/230 395/709/230
f 398/734/233 424/735/232 397/732/232
f 399/736/234 423/737/233 398/734/233
f 396/704/225 422/738/234 399/736/234
f 421/739/20 431/740/20 430/741/20
f 430/741/20 434/742/20 432/743/20
f 432/743/20 434/742/20 433/744/20
f 434/742/20 430/741/20 431/740/20
f 431/740/20 421/739/20 410/702/20
f 410/702/20 413/745/20 412/746/20
f 413/745/20 411/701/20 414/747/20
f 411/701/20 420/700/20 400/748/20
f 400/748/20 401/749/20 402/750/20
f 420/700/20 401/749/20 400/748/20
f 402/750/20 404/751/20 403/752/20
f 404/751/20 402/750/20 401/749/20
f 420/700/20 423/753/20 422/754/20
f 423/753/20 420/700/20 424/755/20
f 424/755/20 420/700/20 421/739/20
f 410/702/20 411/701/20 413/745/20
f 421/739/20 420/700/20 410/702/20
f 466/756/226 471/757/227 445/758/227
f 460/759/20 450/760/20 451/761/20
f 436/762/224 441/763/225 455/764/225
f 456/765/230 451/766/231 465/767/231
f 435/768/228 470/769/229 461/770/228
f 446/771/229 472/772/238 470/769/229
f 449/773/238 473/774/239 472/772/238
f 448/775/239 474/776/240 473/774/239
f 447/777/240 471/778/227 474/776/240
f 465/767/231 454/779/241 467/780/241
f 467/780/241 453/781/242 468/782/242
f 453/781/242 469/783/243 468/782/242
f 452/784/243 466/756/226 469/783/243
f 440/785/230 459/786/232 442/787/232
f 459/786/232 443/788/233 442/787/232
f 443/788/233 457/789/234 444/790/234
f 457/789/234 441/763/225 444/790/234
f 461/770/228 437/791/235 435/768/228
f 464/792/235 438/793/236 437/791/235
f 463/794/236 439/795/237 438/793/236
f 462/796/237 436/762/224 439/795/237
f 461/797/20 470/798/20 471/799/20
f 470/798/20 472/800/20 474/801/20
f 472/800/20 473/802/20 474/801/20
f 474/801/20 471/799/20 470/798/20
f 471/799/20 450/760/20 461/797/20
f 450/760/20 452/803/20 453/804/20
f 453/804/20 454/805/20 451/761/20
f 451/761/20 440/806/20 460/759/20
f 440/806/20 442/807/20 441/808/20
f 460/759/20 440/806/20 441/808/20
f 442/807/20 443/809/20 444/810/20
f 444/810/20 441/808/20 442/807/20
f 460/759/20 462/811/20 463/812/20
f 463/812/20 464/813/20 460/759/20
f 464/813/20 461/797/20 460/759/20
f 450/760/20 453/804/20 451/761/20
f 461/797/20 450/760/20 460/759/20
f 501/814/239 478/815/244 477/816/245
f 478/815/244 479/817/246 477/816/245
f 480/818/247 481/819/248 479/817/246
f 482/820/249 483/821/250 481/819/248
f 484/822/251 485/823/252 483/821/250
f 486/824/253 487/825/20 485/823/252
f 488/826/254 489/827/255 487/825/20
f 489/827/255 492/828/256 491/829/257
f 491/829/257 494/830/258 493/831/259
f 493/831/259 496/832/260 495/833/261
f 496/832/260 497/834/262 495/833/261
f 502/835/242 500/836/242 499/837/9
f 500/838/242 501/839/239 476/840/239
f 502/841/242 492/842/256 484/843/251
f 477/816/245 475/844/7 501/814/239
f 475/844/7 476/845/239 501/814/239
f 499/837/9 497/834/262 502/835/242
f 497/834/262 498/846/263 502/835/242
f 529/847/239 506/848/244 505/849/245
f 506/848/244 507/850/246 505/849/245
f 508/851/247 509/852/248 507/850/246
f 510/853/249 511/854/250 509/852/248
f 512/855/251 513/856/252 511/854/250
f 514/857/253 515/858/20 513/856/252
f 516/859/254 517/860/255 515/858/20
f 517/860/255 520/861/256 519/862/257
f 519/862/257 522/863/258 521/864/259
f 522/863/258 523/865/261 521/864/259
f 524/866/260 525/867/262 523/865/261
f 530/868/242 528/869/9 527/870/9
f 528/871/4 529/872/239 504/873/4
f 530/874/242 520/875/256 512/876/251
f 505/849/245 503/877/7 529/847/239
f 503/877/7 504/878/7 529/847/239
f 527/870/9 525/867/262 530/868/242
f 525/867/262 526/879/263 530/868/242
f 557/880/239 534/881/244 533/882/245
f 534/881/244 535/883/246 533/882/245
f 536/884/247 537/885/248 535/883/246
f 538/886/249 539/887/250 537/885/248
f 540/888/251 541/889/252 539/887/250
f 542/890/253 543/891/20 541/889/252
f 543/891/20 546/892/264 545/893/255
f 546/892/264 547/894/257 545/893/255
f 547/894/257 550/895/258 549/896/259
f 550/895/258 551/897/261 549/896/259
f 552/898/260 553/899/262 551/897/261
f 558/900/242 556/901/242 555/902/9
f 558/903/242 532/904/239 556/905/242
f 558/903/242 548/906/256 540/907/251
f 533/882/245 531/908/7 557/880/239
f 531/908/7 532/909/239 557/880/239
f 555/902/9 553/899/262 558/900/242
f 553/899/262 554/910/263 558/900/242
f 585/911/239 562/912/244 561/913/245
f 562/912/244 563/914/246 561/913/245
f 564/915/247 565/916/248 563/914/246
f 566/917/249 567/918/250 565/916/248
f 568/919/251 569/920/252 567/918/250
f 570/921/253 571/922/20 569/920/252
f 571/922/20 574/923/265 573/924/255
f 573/924/255 576/925/256 575/926/257
f 575/926/257 578/927/258 577/928/259
f 577/928/259 580/929/260 579/930/261
f 580/929/260 581/931/262 579/930/261
f 586/932/242 584/933/242 583/934/9
f 584/935/242 585/936/239 560/937/239
f 586/938/242 576/939/256 568/940/251
f 561/913/245 559/941/7 585/911/239
f 559/941/7 560/942/239 585/911/239
f 583/934/9 581/931/262 586/932/242
f 581/931/262 582/943/263 586/932/242
f 640/944/266 589/945/267 587/946/12
f 639/947/268 591/948/269 589/945/267
f 591/948/269 642/949/270 593/950/271
f 593/950/271 643/951/272 595/952/273
f 595/952/273 644/953/274 597/954/275
f 644/953/274 599/955/276 597/954/275
f 645/956/277 601/957/278 599/955/276
f 646/958/279 603/959/280 601/957/278
f 647/960/281 605/961/282 603/962/280
f 648/963/283 607/964/284 605/961/282
f 607/964/284 650/965/285 609/966/286
f 650/965/285 611/967/287 609/966/286
f 651/968/288 613/969/20 611/967/287
f 613/969/20 653/970/289 615/971/290
f 615/971/290 654/972/291 617/973/292
f 617/973/292 655/974/293 619/975/294
f 619/975/294 656/976/295 621/977/296
f 656/976/295 623/978/297 621/977/296
f 657/979/298 625/980/299 623/978/297
f 658/981/300 627/982/301 625/980/299
f 659/983/302 629/984/303 627/982/301
f 660/985/304 631/986/305 629/984/303
f 661/987/306 633/988/307 631/986/305
f 662/989/308 635/990/309 633/988/307
f 620/991/310 708/992/311 622/993/312
f 663/994/313 637/995/314 635/990/309
f 664/996/315 587/946/12 637/995/314
f 588/997/316 639/998/268 640/999/266
f 592/1000/317 639/998/268 590/1001/318
f 592/1000/317 642/1002/270 641/1003/319
f 596/1004/320 642/1002/270 594/1005/321
f 596/1004/320 644/1006/274 643/1007/272
f 598/1008/322 645/1009/277 644/1006/274
f 602/1010/323 645/1009/277 600/1011/324
f 602/1010/323 647/1012/281 646/1013/279
f 604/1014/325 648/1015/283 647/1012/281
f 606/1016/326 649/1017/327 648/1015/283
f 610/1018/328 649/1017/327 608/1019/329
f 610/1018/328 651/1020/288 650/1021/285
f 612/1022/330 652/1023/331 651/1020/288
f 614/1024/332 653/1025/289 652/1023/331
f 616/1026/333 654/1027/291 653/1025/289
f 618/1028/334 655/1029/293 654/1027/291
f 620/991/310 656/1030/295 655/1029/293
f 624/1031/335 656/1030/295 622/993/312
f 626/1032/336 657/1033/298 624/1031/335
f 628/1034/337 658/1035/300 626/1032/336
f 628/1034/337 660/1036/304 659/1037/302
f 632/1038/338 660/1036/304 630/1039/339
f 632/1038/338 662/1040/308 661/1041/306
f 636/1042/340 662/1040/308 634/1043/341
f 636/1042/340 664/1044/315 663/1045/313
f 638/1046/342 640/999/266 664/1044/315
f 606/1016/326 701/1047/343 608/1019/329
f 638/1046/342 715/1048/344 716/1049/345
f 592/1000/317 694/1050/346 594/1005/321
f 622/993/312 709/1051/347 624/1031/335
f 610/1018/328 701/1047/343 702/1052/348
f 588/997/316 716/1049/345 692/1053/349
f 594/1005/321 695/1054/350 596/1004/320
f 624/1031/335 710/1055/351 626/1032/336
f 610/1018/328 703/1056/352 612/1022/330
f 596/1004/320 696/1057/353 598/1008/322
f 626/1032/336 711/1058/354 628/1034/337
f 612/1022/330 704/1059/355 614/1024/332
f 600/1011/324 696/1057/353 697/1060/356
f 630/1039/339 711/1058/354 712/1061/357
f 614/1024/332 705/1062/358 616/1026/333
f 600/1011/324 698/1063/359 602/1010/323
f 630/1039/339 713/1064/360 632/1038/338
f 616/1026/333 706/1065/361 618/1028/334
f 604/1014/325 698/1063/359 699/1066/362
f 632/1038/338 714/1067/363 634/1043/341
f 588/997/316 691/1068/364 590/1001/318
f 618/1028/334 707/1069/365 620/991/310
f 604/1014/325 700/1070/366 606/1016/326
f 634/1043/341 715/1048/344 636/1042/340
f 590/1001/318 693/1071/367 592/1000/317
f 666/1072/4 691/1068/364 692/1053/349
f 665/1073/4 693/1071/367 691/1068/364
f 667/1074/4 694/1050/346 693/1071/367
f 669/1075/4 694/1050/346 668/1076/4
f 669/1075/4 696/1057/353 695/1054/350
f 671/1077/4 696/1057/353 670/1078/4
f 672/1079/4 697/1060/356 671/1077/4
f 672/1079/4 699/1066/362 698/1063/359
f 674/1080/4 699/1066/362 673/1081/4
f 674/1080/4 701/1047/343 700/1070/366
f 676/1082/4 701/1047/343 675/1083/4
f 677/1084/4 702/1052/348 676/1082/4
f 677/1084/4 704/1059/355 703/1056/352
f 679/1085/4 704/1059/355 678/1086/4
f 679/1085/4 706/1065/361 705/1062/358
f 681/1087/4 706/1065/361 680/1088/4
f 681/1087/4 708/992/311 707/1069/365
f 683/1089/4 708/992/311 682/1090/4
f 684/1091/4 709/1051/347 683/1089/4
f 685/1092/4 710/1055/351 684/1091/4
f 685/1092/4 712/1061/357 711/1058/354
f 687/1093/4 712/1061/357 686/1094/4
f 688/1095/4 713/1064/360 687/1093/4
f 688/1095/4 715/1048/344 714/1067/363
f 690/1096/4 715/1048/344 689/1097/4
f 690/1096/4 692/1053/349 716/1049/345
f 754/1098/4 750/1099/4 748/1100/4
f 767/1101/368 763/1102/368 762/1103/368
f 737/1104/369 745/1105/4 741/1106/4
f 741/1107/370 733/1108/371 740/1109/371
f 737/1110/372 717/1111/373 756/1112/373
f 744/1113/374 730/1114/375 743/1115/375
f 738/1116/376 736/1117/372 737/1110/372
f 739/1118/377 735/1119/376 738/1116/376
f 743/1115/375 731/1120/378 742/1121/378
f 748/1122/379 726/1123/380 747/1124/381
f 746/1125/382 728/1126/383 745/1127/383
f 755/1128/384 719/1129/385 754/1130/385
f 742/1121/378 732/1131/370 741/1107/370
f 745/1127/383 729/1132/374 744/1113/374
f 749/1133/386 725/1134/379 748/1122/379
f 751/1135/387 723/1136/388 750/1137/388
f 752/1138/389 722/1139/387 751/1135/387
f 753/1140/390 721/1141/391 752/1138/389
f 753/1140/390 719/1129/385 720/1142/390
f 740/1109/371 734/1143/377 739/1118/377
f 756/1112/373 718/1144/384 755/1128/384
f 750/1137/388 724/1145/386 749/1133/386
f 747/1146/381 727/1147/382 746/1125/382
f 759/1148/392 771/1149/392 770/1150/392
f 747/1151/393 762/1152/394 757/1153/394
f 756/1154/395 765/1155/396 737/1156/395
f 762/1152/394 759/1157/397 757/1153/394
f 764/1158/397 760/1159/398 759/1157/397
f 760/1159/398 761/1160/399 758/1161/399
f 765/1155/396 772/1162/400 767/1163/400
f 772/1162/400 768/1164/401 767/1163/400
f 768/1164/401 769/1165/402 766/1166/402
f 769/1165/402 761/1160/399 766/1166/402
f 739/1167/4 738/1168/4 737/1104/369
f 737/1104/369 746/1169/369 745/1105/4
f 745/1105/4 744/1170/4 743/1171/4
f 743/1171/4 742/1172/4 745/1105/4
f 742/1172/4 741/1106/4 745/1105/4
f 741/1106/4 740/1173/4 739/1167/4
f 739/1167/4 737/1104/369 741/1106/4
f 748/1100/4 747/1174/403 756/1175/403
f 756/1175/403 755/1176/4 748/1100/4
f 755/1176/4 754/1098/4 748/1100/4
f 754/1098/4 753/1177/4 752/1178/4
f 752/1178/4 751/1179/4 750/1099/4
f 750/1099/4 749/1180/4 748/1100/4
f 754/1098/4 752/1178/4 750/1099/4
f 826/1181/266 775/1182/267 773/1183/12
f 825/1184/268 777/1185/269 775/1182/267
f 777/1185/269 828/1186/270 779/1187/271
f 779/1187/271 829/1188/272 781/1189/273
f 781/1189/273 830/1190/274 783/1191/275
f 830/1190/274 785/1192/276 783/1191/275
f 831/1193/277 787/1194/278 785/1192/276
f 832/1195/404 789/1196/280 787/1194/278
f 833/1197/281 791/1198/282 789/1199/280
f 791/1198/282 835/1200/327 793/1201/284
f 835/1200/327 795/1202/286 793/1201/284
f 795/1202/286 837/1203/288 797/1204/287
f 837/1203/288 799/1205/20 797/1204/287
f 799/1205/20 839/1206/289 801/1207/290
f 839/1206/289 803/1208/292 801/1207/290
f 840/1209/291 805/1210/294 803/1208/292
f 805/1210/294 842/1211/295 807/1212/296
f 807/1212/296 843/1213/405 809/1214/297
f 843/1213/405 811/1215/299 809/1214/297
f 844/1216/300 813/1217/301 811/1215/299
f 845/1218/302 815/1219/303 813/1217/301
f 846/1220/304 817/1221/305 815/1219/303
f 847/1222/306 819/1223/307 817/1221/305
f 848/1224/308 821/1225/309 819/1223/307
f 806/1226/406 894/1227/311 808/1228/312
f 849/1229/313 823/1230/314 821/1225/309
f 850/1231/315 773/1183/12 823/1230/314
f 774/1232/316 825/1233/268 826/1234/266
f 778/1235/317 825/1233/268 776/1236/318
f 778/1235/317 828/1237/270 827/1238/319
f 782/1239/320 828/1237/270 780/1240/321
f 782/1239/320 830/1241/274 829/1242/272
f 784/1243/322 831/1244/277 830/1241/274
f 788/1245/323 831/1244/277 786/1246/324
f 790/1247/325 832/1248/404 788/1245/323
f 792/1249/326 833/1250/281 790/1247/325
f 792/1249/326 835/1251/327 834/1252/407
f 794/1253/329 836/1254/408 835/1251/327
f 796/1255/328 837/1256/288 836/1254/408
f 798/1257/330 838/1258/331 837/1256/288
f 800/1259/332 839/1260/289 838/1258/331
f 802/1261/333 840/1262/291 839/1260/289
f 804/1263/334 841/1264/293 840/1262/291
f 806/1226/406 842/1265/295 841/1264/293
f 808/1228/312 843/1266/405 842/1265/295
f 810/1267/335 844/1268/300 843/1266/405
f 814/1269/337 844/1268/300 812/1270/336
f 814/1269/337 846/1271/304 845/1272/302
f 818/1273/338 846/1271/304 816/1274/339
f 818/1273/338 848/1275/308 847/1276/306
f 822/1277/340 848/1275/308 820/1278/341
f 822/1277/340 850/1279/315 849/1280/313
f 824/1281/342 826/1234/266 850/1279/315
f 792/1249/326 887/1282/409 794/1253/329
f 822/1277/340 902/1283/410 824/1281/342
f 778/1235/317 880/1284/346 780/1240/321
f 808/1228/312 895/1285/347 810/1267/335
f 794/1253/329 888/1286/411 796/1255/328
f 774/1232/316 902/1283/410 878/1287/349
f 782/1239/320 880/1284/346 881/1288/350
f 810/1267/335 896/1289/351 812/1270/336
f 796/1255/328 889/1290/412 798/1257/330
f 782/1239/320 882/1291/353 784/1243/322
f 814/1269/337 896/1289/351 897/1292/354
f 800/1259/332 889/1290/412 890/1293/413
f 784/1243/322 883/1294/356 786/1246/324
f 814/1269/337 898/1295/357 816/1274/339
f 800/1259/332 891/1296/414 802/1261/333
f 786/1246/324 884/1297/359 788/1245/323
f 816/1274/339 899/1298/415 818/1273/338
f 802/1261/333 892/1299/361 804/1263/334
f 790/1247/325 884/1297/359 885/1300/362
f 818/1273/338 900/1301/363 820/1278/341
f 774/1232/316 877/1302/364 776/1236/318
f 804/1263/334 893/1303/365 806/1226/406
f 792/1249/326 885/1300/362 886/1304/416
f 820/1278/341 901/1305/344 822/1277/340
f 776/1236/318 879/1306/367 778/1235/317
f 852/1307/4 877/1302/364 878/1287/349
f 851/1308/4 879/1306/367 877/1302/364
f 853/1309/4 880/1284/346 879/1306/367
f 855/1310/4 880/1284/346 854/1311/4
f 855/1310/4 882/1291/353 881/1288/350
f 857/1312/4 882/1291/353 856/1313/4
f 858/1314/4 883/1294/356 857/1312/4
f 858/1314/4 885/1300/362 884/1297/359
f 860/1315/4 885/1300/362 859/1316/4
f 861/1317/4 886/1304/416 860/1315/4
f 862/1318/4 887/1282/409 861/1317/4
f 862/1318/4 889/1290/412 888/1286/411
f 864/1319/4 889/1290/412 863/1320/4
f 864/1319/4 891/1296/414 890/1293/413
f 866/1321/4 891/1296/414 865/1322/4
f 867/1323/4 892/1299/361 866/1321/4
f 867/1323/4 894/1227/311 893/1303/365
f 869/1324/4 894/1227/311 868/1325/4
f 870/1326/4 895/1285/347 869/1324/4
f 871/1327/4 896/1289/351 870/1326/4
f 871/1327/4 898/1295/357 897/1292/354
f 873/1328/4 898/1295/357 872/1329/4
f 874/1330/4 899/1298/415 873/1328/4
f 874/1330/4 901/1305/344 900/1301/363
f 876/1331/4 901/1305/344 875/1332/4
f 876/1331/4 878/1287/349 902/1283/410
f 940/1333/4 936/1334/4 934/1335/4
f 953/1336/417 949/1337/368 948/1338/368
f 923/1339/369 931/1340/4 927/1341/4
f 927/1342/370 919/1343/371 926/1344/371
f 923/1345/372 903/1346/373 942/1347/373
f 930/1348/374 916/1349/375 929/1350/375
f 924/1351/376 922/1352/372 923/1345/372
f 925/1353/377 921/1354/376 924/1351/376
f 929/1350/375 917/1355/378 928/1356/418
f 934/1357/379 912/1358/380 933/1359/380
f 932/1360/382 914/1361/383 931/1362/383
f 941/1363/384 905/1364/385 940/1365/385
f 928/1356/418 918/1366/370 927/1342/370
f 931/1362/383 915/1367/374 930/1348/374
f 935/1368/386 911/1369/379 934/1357/379
f 937/1370/387 909/1371/388 936/1372/388
f 938/1373/389 908/1374/387 937/1370/387
f 939/1375/390 907/1376/391 938/1373/389
f 939/1375/390 905/1364/385 906/1377/390
f 926/1344/371 920/1378/377 925/1353/377
f 942/1347/373 904/1379/384 941/1363/384
f 936/1372/388 910/1380/386 935/1368/386
f 933/1381/380 913/1382/382 932/1360/382
f 945/1383/392 957/1384/392 956/1385/392
f 933/1386/393 948/1387/419 943/1388/394
f 942/1389/395 951/1390/396 923/1391/395
f 943/1388/394 950/1392/397 945/1393/397
f 950/1392/397 946/1394/398 945/1393/397
f 946/1394/398 947/1395/399 944/1396/399
f 951/1390/396 958/1397/400 953/1398/400
f 958/1397/400 954/1399/401 953/1398/400
f 957/1400/401 952/1401/402 954/1399/401
f 955/1402/402 947/1395/399 952/1401/402
f 934/1335/4 933/1403/403 942/1404/403
f 942/1404/403 941/1405/4 934/1335/4
f 941/1405/4 940/1333/4 934/1335/4
f 940/1333/4 939/1406/4 938/1407/4
f 938/1407/4 937/1408/4 936/1334/4
f 936/1334/4 935/1409/4 934/1335/4
f 940/1333/4 938/1407/4 936/1334/4
f 925/1410/4 924/1411/4 923/1339/369
f 923/1339/369 932/1412/369 931/1340/4
f 931/1340/4 930/1413/4 929/1414/4
f 929/1414/4 928/1415/4 931/1340/4
f 928/1415/4 927/1341/4 931/1340/4
f 927/1341/4 926/1416/4 925/1410/4
f 925/1410/4 923/1339/369 927/1341/4
f 960/1417/12 961/1418/420 959/1419/12
f 962/1420/420 963/1421/421 961/1418/420
f 964/1422/421 965/1423/7 963/1421/421
f 966/1424/7 967/1425/217 965/1423/7
f 968/1426/217 969/1427/216 967/1425/217
f 970/1428/216 971/1429/20 969/1430/216
f 972/1431/20 973/1432/422 971/1429/20
f 974/1433/422 975/1434/423 973/1432/422
f 976/1435/423 977/1436/9 975/1434/423
f 978/1437/9 979/1438/424 977/1436/9
f 970/1439/425 987/1440/426 988/1441/425
f 980/1442/424 981/1443/427 979/1438/424
f 982/1444/427 959/1419/12 981/1443/427
f 988/1445/216 1001/1446/20 989/1447/20
f 968/1426/426 986/1448/428 987/1440/426
f 960/1417/429 994/1449/430 984/1450/429
f 960/1417/429 983/1451/431 962/1420/431
f 966/1424/428 985/1452/432 986/1448/428
f 982/1444/430 993/1453/433 994/1449/430
f 962/1420/431 985/1452/432 964/1422/432
f 978/1437/434 993/1453/433 980/1442/433
f 976/1435/435 992/1454/434 978/1437/434
f 976/1435/435 990/1455/436 991/1456/435
f 972/1431/437 990/1455/436 974/1433/436
f 972/1431/437 988/1445/425 989/1447/437
f 1005/1457/4 1001/1458/4 997/1459/4
f 985/1452/421 998/1460/7 986/1448/7
f 992/1454/9 1005/1461/424 993/1453/424
f 989/1447/20 1002/1462/422 990/1455/422
f 986/1448/7 999/1463/217 987/1440/217
f 993/1453/424 1006/1464/427 994/1449/427
f 984/1450/12 995/1465/420 983/1451/420
f 990/1455/422 1003/1466/423 991/1456/423
f 987/1440/217 1000/1467/216 988/1441/216
f 994/1449/427 996/1468/12 984/1450/12
f 983/1451/420 997/1469/421 985/1452/421
f 991/1456/423 1004/1470/9 992/1454/9
f 1007/1471/44 1018/1472/438 1017/1473/44
f 1008/1474/438 1019/1475/439 1018/1472/438
f 1009/1476/439 1020/1477/440 1019/1478/439
f 1010/1479/440 1021/1480/441 1020/1477/440
f 1011/1481/441 1022/1482/4 1021/1480/441
f 1012/1483/4 1023/1484/442 1022/1482/4
f 1013/1485/442 1024/1486/443 1023/1484/442
f 1014/1487/443 1025/1488/444 1024/1486/443
f 1015/1489/7 1011/1490/7 1009/1491/7
f 1015/1492/444 1026/1493/445 1025/1488/444
f 1016/1494/445 1017/1473/44 1026/1493/445
f 1021/1495/9 1037/1496/9 1035/1497/9
f 1018/1498/9 1031/1499/9 1029/1500/9
f 1026/1501/9 1043/1502/9 1025/1503/9
f 1023/1504/9 1037/1496/9 1022/1505/9
f 1020/1506/9 1031/1507/9 1019/1508/9
f 1026/1501/9 1046/1509/9 1045/1510/9
f 1023/1504/9 1041/1511/9 1039/1512/9
f 1021/1495/9 1033/1513/9 1020/1506/9
f 1018/1498/9 1046/1509/9 1017/1514/9
f 1025/1503/9 1041/1511/9 1024/1515/9
f 1040/1516/446 1053/1517/447 1038/1518/448
f 1045/1510/445 1027/1519/44 1044/1520/445
f 1042/1521/444 1045/1510/445 1044/1520/445
f 1041/1511/443 1042/1521/444 1040/1522/443
f 1039/1512/442 1040/1522/443 1038/1523/442
f 1037/1496/4 1038/1523/442 1036/1524/4
f 1035/1497/441 1036/1524/4 1034/1525/441
f 1033/1513/440 1034/1525/441 1032/1526/440
f 1031/1507/439 1032/1526/440 1030/1527/439
f 1029/1500/438 1030/1528/439 1028/1529/438
f 1046/1509/44 1028/1529/438 1027/1519/44
f 1054/1530/443 1063/1531/442 1053/1517/442
f 1028/1532/449 1049/1533/450 1048/1534/449
f 1042/1535/451 1056/1536/452 1055/1537/451
f 1034/1538/453 1050/1539/454 1032/1540/454
f 1036/1541/455 1053/1517/447 1052/1542/455
f 1028/1532/449 1047/1543/456 1027/1544/457
f 1040/1516/446 1055/1537/451 1054/1530/446
f 1032/1540/454 1049/1545/450 1030/1546/450
f 1044/1547/452 1047/1543/456 1056/1536/452
f 1034/1538/453 1052/1542/455 1051/1548/453
f 1060/1549/9 1064/1550/9 1066/1551/9
f 1051/1548/441 1060/1552/440 1050/1539/440
f 1048/1534/438 1057/1553/44 1047/1543/44
f 1055/1537/444 1064/1554/443 1054/1530/443
f 1052/1542/4 1061/1555/441 1051/1548/441
f 1049/1533/439 1058/1556/438 1048/1534/438
f 1056/1536/445 1065/1557/444 1055/1537/444
f 1053/1517/442 1062/1558/4 1052/1542/4
f 1050/1539/440 1059/1559/439 1049/1545/439
f 1047/1543/44 1066/1560/445 1056/1536/445
f 1079/1561/458 1078/1562/459 1166/1563/460
f 1102/1564/461 1071/1565/462 1067/1566/463
f 1110/1567/464 1072/1568/465 1071/1565/462
f 1118/1569/466 1073/1570/467 1072/1568/465
f 1126/1571/468 1074/1572/469 1073/1570/467
f 1142/1573/470 1074/1572/469 1134/1574/471
f 1150/1575/472 1075/1576/473 1142/1573/470
f 1158/1577/474 1076/1578/475 1150/1575/472
f 1166/1563/460 1077/1579/476 1158/1577/474
f 1094/1580/477 1095/1581/478 1070/1582/479
f 1103/1583/480 1096/1584/481 1095/1581/478
f 1104/1585/482 1097/1586/483 1096/1584/481
f 1105/1587/484 1098/1588/485 1097/1586/483
f 1106/1589/486 1099/1590/487 1098/1588/485
f 1099/1590/487 1108/1591/488 1100/1592/489
f 1100/1592/489 1109/1593/490 1101/1594/491
f 1101/1594/491 1110/1567/464 1102/1564/461
f 1093/1595/492 1103/1583/480 1094/1580/477
f 1111/1596/493 1104/1585/482 1103/1583/480
f 1112/1597/494 1105/1587/484 1104/1585/482
f 1113/1598/495 1106/1589/486 1105/1587/484
f 1114/1599/496 1107/1600/497 1106/1589/486
f 1107/1600/497 1116/1601/498 1108/1591/488
f 1108/1591/488 1117/1602/499 1109/1593/490
f 1109/1593/490 1118/1569/466 1110/1567/464
f 1092/1603/500 1111/1596/493 1093/1595/492
f 1119/1604/501 1112/1597/494 1111/1596/493
f 1120/1605/502 1113/1598/495 1112/1597/494
f 1121/1606/503 1114/1599/496 1113/1598/495
f 1122/1607/504 1115/1608/505 1114/1599/496
f 1115/1608/505 1124/1609/506 1116/1601/498
f 1116/1601/498 1125/1610/507 1117/1602/499
f 1117/1602/499 1126/1571/468 1118/1569/466
f 1091/1611/508 1119/1604/501 1092/1603/500
f 1127/1612/509 1120/1605/502 1119/1604/501
f 1128/1613/510 1121/1606/503 1120/1605/502
f 1129/1614/511 1122/1607/504 1121/1606/503
f 1130/1615/512 1123/1616/513 1122/1607/504
f 1123/1616/513 1132/1617/514 1124/1609/506
f 1124/1609/506 1133/1618/515 1125/1610/507
f 1125/1610/507 1134/1574/471 1126/1571/468
f 1090/1619/516 1127/1612/509 1091/1611/508
f 1135/1620/517 1128/1613/510 1127/1612/509
f 1136/1621/518 1129/1614/511 1128/1613/510
f 1137/1622/519 1130/1615/512 1129/1614/511
f 1138/1623/520 1131/1624/521 1130/1615/512
f 1139/1625/522 1132/1617/514 1131/1624/521
f 1140/1626/523 1133/1618/515 1132/1617/514
f 1141/1627/524 1134/1574/471 1133/1618/515
f 1090/1619/516 1143/1628/525 1135/1620/517
f 1135/1620/517 1144/1629/526 1136/1621/518
f 1136/1621/518 1145/1630/527 1137/1622/519
f 1137/1622/519 1146/1631/528 1138/1623/520
f 1146/1631/528 1139/1625/522 1138/1623/520
f 1147/1632/529 1140/1626/523 1139/1625/522
f 1148/1633/530 1141/1627/524 1140/1626/523
f 1149/1634/531 1142/1573/470 1141/1627/524
f 1089/1635/532 1151/1636/533 1143/1628/525
f 1143/1628/525 1152/1637/534 1144/1629/526
f 1144/1629/526 1153/1638/535 1145/1630/527
f 1145/1630/527 1154/1639/536 1146/1631/528
f 1154/1639/536 1147/1632/529 1146/1631/528
f 1155/1640/537 1148/1633/530 1147/1632/529
f 1156/1641/538 1149/1634/531 1148/1633/530
f 1157/1642/539 1150/1575/472 1149/1634/531
f 1088/1643/540 1159/1644/541 1151/1636/533
f 1151/1636/533 1160/1645/542 1152/1637/534
f 1152/1637/534 1161/1646/543 1153/1638/535
f 1153/1638/535 1162/1647/544 1154/1639/536
f 1162/1647/544 1155/1640/537 1154/1639/536
f 1163/1648/545 1156/1641/538 1155/1640/537
f 1164/1649/546 1157/1642/539 1156/1641/538
f 1165/1650/547 1158/1577/474 1157/1642/539
f 1087/1651/548 1086/1652/549 1159/1644/541
f 1159/1644/541 1085/1653/550 1160/1645/542
f 1160/1645/542 1084/1654/551 1161/1646/543
f 1161/1646/543 1083/1655/552 1162/1647/544
f 1162/1647/544 1082/1656/553 1163/1648/545
f 1082/1656/553 1164/1649/546 1163/1648/545
f 1081/1657/554 1165/1650/547 1164/1649/546
f 1080/1658/555 1166/1563/460 1165/1650/547
f 6/1/1 86/224/2 93/2/2
f 1/4/4 126/281/5 129/5/5
f 2/17/12 142/288/13 134/18/13
f 1/35/20 3/1659/20 16/36/21
f 1/38/20 15/1660/20 14/39/20
f 9/41/20 13/1661/20 16/42/20
f 11/46/4 15/37/21 16/36/21
f 4/48/4 17/7/6 18/49/6
f 12/51/4 16/1662/19 17/52/19
f 2/54/4 18/1663/8 15/55/8
f 25/57/22 24/1664/556 23/58/23
f 11/60/9 139/291/24 142/61/24
f 4/63/7 134/297/25 136/64/25
f 12/66/20 136/294/26 139/67/26
f 140/69/27 19/73/30 22/70/28
f 137/72/29 20/75/33 19/73/30
f 137/72/31 133/285/31 21/74/32
f 60/76/34 151/1665/557 149/77/35
f 21/74/32 148/82/4 145/79/4
f 22/70/28 19/73/30 146/80/4
f 148/82/4 21/74/32 22/70/28
f 58/83/36 24/1664/556 25/57/22
f 38/93/12 39/102/12 40/94/12
f 43/96/43 38/116/558 37/97/44
f 5/99/42 27/1666/41 98/100/45
f 17/7/6 36/91/12 35/92/12
f 39/102/12 38/93/12 27/89/41
f 28/9/3 37/95/12 40/94/12
f 45/103/4 40/1667/4 39/104/4
f 29/112/44 31/1668/44 44/98/44
f 30/113/47 38/116/558 43/96/43
f 42/118/9 36/110/9 45/109/9
f 41/120/44 35/108/44 36/110/44
f 46/106/7 35/108/7 41/120/7
f 44/122/9 31/1669/9 34/119/9
f 43/123/7 46/106/7 33/121/7
f 44/125/20 45/103/20 46/105/20
f 32/127/49 33/131/52 34/128/50
f 41/130/12 42/1670/12 34/128/50
f 50/138/54 54/148/56 53/139/55
f 108/137/53 106/169/53 70/144/53
f 54/148/56 51/155/62 52/149/57
f 49/150/58 53/139/55 52/149/57
f 48/152/59 51/155/62 54/148/56
f 48/154/61 47/1671/559 52/149/57
f 105/156/63 102/1672/97 109/157/64
f 63/164/66 29/87/39 85/86/38
f 64/165/67 85/86/38 10/166/68
f 68/170/70 71/25/18 63/164/66
f 72/173/71 67/1673/560 7/174/72
f 71/175/73 75/187/73 76/176/73
f 64/178/44 74/182/44 73/179/44
f 65/181/74 73/179/561 74/182/75
f 76/176/76 75/187/562 70/184/77
f 68/186/9 70/184/9 75/187/9
f 76/176/7 69/185/7 67/189/7
f 73/179/7 65/181/7 61/191/7
f 62/193/9 66/183/9 74/182/9
f 78/199/20 84/1674/20 8/200/20
f 79/205/79 80/1675/79 82/206/79
f 80/208/80 77/1676/563 83/209/81
f 79/210/82 81/207/564 84/211/83
f 83/209/85 84/211/85 81/207/85
f 8/200/20 84/1674/20 83/197/20
f 97/88/40 90/23/16 92/216/86
f 99/217/87 92/216/86 91/218/88
f 100/219/89 91/218/88 89/101/46
f 94/85/37 96/221/90 87/220/90
f 96/221/90 95/223/91 88/222/91
f 95/223/91 93/2/2 86/224/2
f 101/233/92 110/261/117 112/234/93
f 112/234/93 111/237/96 104/236/95
f 111/237/96 109/1677/64 102/238/97
f 106/239/98 108/1678/565 115/240/99
f 115/240/99 108/1678/565 107/242/101
f 116/243/102 107/242/101 105/244/63
f 59/247/103 149/1679/566 24/248/104
f 56/257/105 122/268/115 117/258/106
f 118/262/109 120/265/112 123/263/110
f 120/265/112 119/267/114 124/266/113
f 119/267/114 117/258/106 122/268/115
f 118/262/109 121/264/111 113/241/118
f 130/202/124 132/278/125 127/277/125
f 132/278/125 131/280/126 128/279/126
f 131/280/126 129/5/5 126/281/5
f 8/282/44 9/1680/44 154/283/44
f 133/285/127 135/287/128 144/286/128
f 135/287/128 134/18/13 142/288/13
f 143/71/27 144/290/130 141/289/130
f 144/290/130 142/61/24 139/291/24
f 137/72/29 140/69/29 141/292/131
f 141/292/131 139/67/26 136/294/26
f 137/72/31 138/296/132 135/295/132
f 138/296/132 136/64/25 134/297/25
f 143/71/129 22/70/28 21/74/32
f 57/298/133 25/307/139 151/299/134
f 145/301/20 26/59/20 23/58/20
f 145/79/4 146/80/4 19/73/30
f 24/248/104 149/1679/566 150/303/135
f 149/77/35 151/1665/557 152/305/137
f 25/307/139 26/312/140 152/308/140
f 146/309/141 23/304/141 150/303/141
f 148/311/7 152/308/7 26/312/7
f 147/314/142 150/306/142 152/305/142
f 154/283/143 153/203/144 156/316/144
f 125/45/124 156/316/144 153/203/144
f 174/327/146 177/357/175 162/328/147
f 182/330/149 185/352/170 178/331/150
f 188/333/152 186/391/153 200/334/153
f 158/336/154 161/346/164 170/337/155
f 166/339/157 169/347/165 186/340/158
f 157/329/148 162/328/147 164/342/160
f 159/343/161 164/342/160 163/344/162
f 160/345/163 163/344/162 161/346/164
f 169/347/165 166/339/157 168/348/166
f 171/349/167 168/348/166 167/350/168
f 172/351/169 167/350/168 165/338/156
f 185/352/170 182/330/149 184/353/171
f 187/354/172 184/353/171 183/355/173
f 188/356/174 183/355/173 181/341/159
f 177/357/175 174/327/146 176/358/176
f 179/359/177 176/358/176 175/360/178
f 180/362/179 175/1681/178 173/332/151
f 193/363/180 208/416/204 209/364/181
f 163/366/182 164/389/183 190/367/183
f 187/369/184 197/388/184 198/370/185
f 171/372/186 172/390/187 195/373/187
f 170/375/188 161/386/189 192/376/189
f 178/378/190 204/387/190 203/379/191
f 179/381/192 201/394/192 202/382/193
f 162/384/194 177/383/193 202/382/193
f 161/386/189 163/366/182 191/368/182
f 185/371/185 198/370/185 204/387/190
f 188/333/152 199/335/152 197/388/184
f 164/389/183 162/384/194 189/385/194
f 172/390/187 170/375/188 196/377/188
f 186/391/153 169/393/195 194/392/195
f 171/372/186 193/374/186 194/392/195
f 180/380/191 203/379/191 201/394/192
f 202/395/196 215/424/196 205/396/197
f 210/403/12 212/1682/12 211/401/12
f 211/401/12 213/1683/12 209/402/12
f 209/402/12 208/1684/12 210/403/12
f 214/406/12 216/426/12 207/404/12
f 207/404/12 206/1685/12 205/405/12
f 205/405/12 215/1686/12 214/406/12
f 203/407/198 216/1687/198 214/408/199
f 189/397/197 205/396/197 206/410/200
f 199/412/201 211/420/201 212/413/202
f 195/415/203 210/1688/203 208/416/204
f 190/411/200 206/410/200 207/417/205
f 200/419/206 213/423/206 211/420/201
f 197/421/207 212/1682/207 210/403/207
f 194/365/181 209/364/181 213/423/206
f 201/409/199 214/408/199 215/424/196
f 191/425/208 207/404/208 216/426/208
f 231/429/210 227/449/210 234/430/211
f 228/432/212 230/1689/212 218/433/9
f 237/435/213 233/1690/213 220/436/214
f 224/1691/44 218/1692/44 230/438/44
f 230/438/44 232/1693/44 231/1694/44
f 231/1694/44 236/1695/44 238/439/44
f 238/439/44 237/1696/44 223/1697/44
f 223/1697/44 225/1698/44 226/440/44
f 226/440/44 224/1691/44 230/438/44
f 230/438/44 231/1694/44 238/439/44
f 238/439/44 223/1697/44 226/440/44
f 224/441/215 226/444/216 221/442/216
f 226/444/216 225/446/217 222/445/217
f 225/446/217 223/1699/214 220/447/214
f 224/441/215 219/443/215 217/434/20
f 231/429/210 232/450/218 229/448/218
f 232/450/218 230/1689/212 228/432/212
f 234/430/211 235/452/219 238/451/219
f 235/452/219 233/1690/213 237/435/213
f 217/1700/4 219/1701/4 221/453/4
f 221/453/4 222/1702/4 220/1703/4
f 220/1703/4 233/1704/4 235/454/4
f 235/454/4 234/1705/4 227/1706/4
f 227/1706/4 229/1707/4 228/455/4
f 228/455/4 217/1700/4 221/453/4
f 221/453/4 220/1703/4 235/454/4
f 235/454/4 227/1706/4 228/455/4
f 256/456/146 259/486/175 244/457/147
f 264/459/149 267/481/170 260/460/150
f 268/462/153 282/521/153 281/463/152
f 240/465/220 243/475/164 252/466/221
f 248/468/157 251/476/165 268/469/158
f 239/458/148 244/457/147 246/471/160
f 241/472/161 246/471/160 245/473/162
f 242/474/163 245/473/162 243/475/164
f 251/476/165 248/468/157 250/477/166
f 253/478/167 250/477/166 249/479/168
f 254/480/169 249/479/168 247/467/156
f 267/481/170 264/459/149 266/482/171
f 269/483/172 266/482/171 265/484/173
f 270/485/174 265/484/173 263/470/159
f 259/486/175 256/456/146 258/487/176
f 261/488/177 258/487/176 257/489/178
f 262/491/179 257/1708/178 255/461/151
f 275/492/180 290/545/204 291/493/181
f 245/495/182 246/518/183 272/496/183
f 269/498/184 279/517/184 280/499/185
f 253/501/186 254/519/222 277/502/187
f 252/504/188 243/515/189 274/505/189
f 260/507/190 286/516/190 285/508/191
f 261/510/192 283/523/192 284/511/193
f 259/512/193 284/511/193 271/513/194
f 245/495/182 273/497/182 274/505/189
f 267/500/185 280/499/185 286/516/190
f 270/464/152 281/463/152 279/517/184
f 244/514/194 271/513/194 272/496/183
f 254/519/222 252/504/188 278/506/188
f 251/520/195 276/522/195 282/521/153
f 251/520/195 253/501/186 275/503/186
f 262/509/191 285/508/191 283/523/192
f 284/524/196 297/553/196 287/525/197
f 292/532/12 294/1709/12 293/530/12
f 293/530/12 295/1710/12 291/531/12
f 291/531/12 290/1711/12 292/532/12
f 296/535/12 298/555/12 289/533/12
f 289/533/12 288/1712/12 287/534/12
f 287/534/12 297/1713/12 296/535/12
f 285/536/198 298/1714/198 296/537/223
f 271/526/197 287/525/197 288/539/200
f 281/541/201 293/549/201 294/542/202
f 277/544/203 292/1715/203 290/545/204
f 272/540/200 288/539/200 289/546/205
f 282/548/206 295/552/206 293/549/201
f 279/550/207 294/1709/207 292/532/207
f 276/494/181 291/493/181 295/552/206
f 283/538/199 296/537/223 297/553/196
f 273/554/208 289/533/208 298/555/208
f 300/558/9 302/1716/9 301/559/9
f 306/561/7 304/564/7 303/562/7
f 304/564/4 300/558/4 299/560/4
f 305/565/20 303/562/20 299/560/20
f 302/567/12 300/558/12 304/564/12
f 309/569/20 307/576/20 308/570/20
f 312/572/12 311/579/12 314/573/12
f 310/575/7 313/1717/7 314/573/7
f 307/576/9 311/579/9 312/577/9
f 309/569/4 314/573/4 311/579/4
f 346/580/224 330/1718/224 351/581/225
f 316/586/226 340/1719/226 321/587/227
f 345/589/228 336/609/229 320/590/229
f 326/592/230 350/596/230 341/593/231
f 326/592/230 329/597/232 352/595/232
f 329/597/232 328/599/233 353/598/233
f 328/599/233 327/601/234 354/600/234
f 327/601/234 325/1720/225 351/602/225
f 331/591/228 334/604/235 347/603/235
f 334/604/235 333/606/236 348/605/236
f 333/606/236 332/608/237 349/607/237
f 332/608/237 330/1718/224 346/580/224
f 336/609/229 339/611/238 322/610/238
f 339/611/238 338/1721/239 323/612/239
f 323/612/239 338/1721/239 337/613/240
f 337/613/240 335/588/227 321/587/227
f 315/594/231 341/593/231 344/615/241
f 317/616/241 344/615/241 343/617/242
f 318/618/242 343/617/242 342/619/243
f 342/619/243 340/1719/226 316/586/226
f 391/638/224 370/1722/225 386/639/225
f 361/644/226 380/1723/227 356/645/227
f 385/647/230 371/662/230 360/648/231
f 381/650/229 390/654/228 366/651/228
f 392/653/235 369/656/235 366/651/228
f 393/655/236 368/658/236 369/656/235
f 394/657/237 367/660/237 368/658/236
f 391/659/224 365/1724/224 367/660/237
f 387/661/232 374/664/232 371/662/230
f 388/663/233 373/666/233 374/664/232
f 389/665/234 372/667/234 373/666/233
f 386/639/225 370/1722/225 372/667/234
f 362/668/241 379/670/241 376/649/231
f 363/669/242 378/672/242 379/670/241
f 364/671/243 377/673/243 378/672/242
f 361/644/226 375/646/226 377/673/243
f 357/674/238 384/676/238 381/650/229
f 357/674/238 358/677/239 383/675/239
f 358/677/239 359/679/240 382/678/240
f 356/645/227 380/1723/227 382/678/240
f 431/697/226 410/1725/227 426/698/227
f 401/703/224 420/1726/225 396/704/225
f 411/706/229 400/725/228 416/707/228
f 395/709/230 421/733/230 430/710/231
f 432/712/241 409/714/241 406/711/231
f 433/713/242 408/716/242 409/714/241
f 434/715/243 407/718/243 408/716/242
f 431/717/226 405/1727/226 407/718/243
f 425/708/229 427/721/238 414/719/238
f 428/720/239 413/723/239 414/719/238
f 429/722/240 412/724/240 413/723/239
f 426/698/227 410/1725/227 412/724/240
f 400/725/228 402/728/235 419/726/235
f 403/727/236 418/730/236 419/726/235
f 403/727/236 404/731/237 417/729/237
f 401/703/224 415/705/224 417/729/237
f 397/732/232 424/735/232 421/733/230
f 398/734/233 423/737/233 424/735/232
f 399/736/234 422/738/234 423/737/233
f 396/704/225 420/1726/225 422/738/234
f 466/756/226 450/1728/226 471/757/227
f 436/762/224 460/1729/224 441/763/225
f 456/765/230 440/785/230 451/766/231
f 435/768/228 446/771/229 470/769/229
f 446/771/229 449/773/238 472/772/238
f 449/773/238 448/775/239 473/774/239
f 448/775/239 447/777/240 474/776/240
f 447/777/240 445/1730/227 471/778/227
f 465/767/231 451/766/231 454/779/241
f 467/780/241 454/779/241 453/781/242
f 453/781/242 452/784/243 469/783/243
f 452/784/243 450/1728/226 466/756/226
f 440/785/230 456/765/230 459/786/232
f 459/786/232 458/1731/233 443/788/233
f 443/788/233 458/1731/233 457/789/234
f 457/789/234 455/764/225 441/763/225
f 461/770/228 464/792/235 437/791/235
f 464/792/235 463/794/236 438/793/236
f 463/794/236 462/796/237 439/795/237
f 462/796/237 460/1729/224 436/762/224
f 478/815/244 480/818/247 479/817/246
f 480/818/247 482/820/249 481/819/248
f 482/820/249 484/822/251 483/821/250
f 484/822/251 486/824/253 485/823/252
f 486/824/253 488/826/254 487/825/20
f 488/826/254 490/1732/265 489/827/255
f 489/827/255 490/1732/265 492/828/256
f 491/829/257 492/828/256 494/830/258
f 493/831/259 494/830/258 496/832/260
f 496/832/260 498/846/263 497/834/262
f 500/838/242 502/841/242 501/839/239
f 478/1733/244 501/839/239 502/841/242
f 502/841/242 498/1734/263 496/1735/260
f 496/1735/260 494/1736/258 492/842/256
f 492/842/256 490/1737/265 488/1738/254
f 488/1738/254 486/1739/253 484/843/251
f 484/843/251 482/1740/249 480/1741/247
f 480/1741/247 478/1733/244 502/841/242
f 502/841/242 496/1735/260 492/842/256
f 492/842/256 488/1738/254 484/843/251
f 484/843/251 480/1741/247 502/841/242
f 506/848/244 508/851/247 507/850/246
f 508/851/247 510/853/249 509/852/248
f 510/853/249 512/855/251 511/854/250
f 512/855/251 514/857/253 513/856/252
f 514/857/253 516/859/254 515/858/20
f 516/859/254 518/1742/265 517/860/255
f 517/860/255 518/1742/265 520/861/256
f 519/862/257 520/861/256 522/863/258
f 522/863/258 524/866/260 523/865/261
f 524/866/260 526/879/263 525/867/262
f 528/871/4 530/874/242 529/872/239
f 506/1743/244 529/872/239 530/874/242
f 530/874/242 526/1744/263 524/1745/260
f 524/1745/260 522/1746/258 520/875/256
f 520/875/256 518/1747/265 516/1748/254
f 516/1748/254 514/1749/253 512/876/251
f 512/876/251 510/1750/249 508/1751/247
f 508/1751/247 506/1743/244 530/874/242
f 530/874/242 524/1745/260 520/875/256
f 520/875/256 516/1748/254 512/876/251
f 512/876/251 508/1751/247 530/874/242
f 534/881/244 536/884/247 535/883/246
f 536/884/247 538/886/249 537/885/248
f 538/886/249 540/888/251 539/887/250
f 540/888/251 542/890/253 541/889/252
f 542/890/253 544/1752/254 543/891/20
f 543/891/20 544/1752/254 546/892/264
f 546/892/264 548/1753/256 547/894/257
f 547/894/257 548/1753/256 550/895/258
f 550/895/258 552/898/260 551/897/261
f 552/898/260 554/910/263 553/899/262
f 558/903/242 557/1754/239 532/904/239
f 534/1755/244 557/1754/239 558/903/242
f 558/903/242 554/1756/263 552/1757/260
f 552/1757/260 550/1758/258 548/906/256
f 548/906/256 546/1759/264 544/1760/254
f 544/1760/254 542/1761/253 540/907/251
f 540/907/251 538/1762/249 536/1763/247
f 536/1763/247 534/1755/244 558/903/242
f 558/903/242 552/1757/260 548/906/256
f 548/906/256 544/1760/254 540/907/251
f 540/907/251 536/1763/247 558/903/242
f 562/912/244 564/915/247 563/914/246
f 564/915/247 566/917/249 565/916/248
f 566/917/249 568/919/251 567/918/250
f 568/919/251 570/921/253 569/920/252
f 570/921/253 572/1764/254 571/922/20
f 571/922/20 572/1764/254 574/923/265
f 573/924/255 574/923/265 576/925/256
f 575/926/257 576/925/256 578/927/258
f 577/928/259 578/927/258 580/929/260
f 580/929/260 582/943/263 581/931/262
f 584/935/242 586/938/242 585/936/239
f 562/1765/244 585/936/239 586/938/242
f 586/938/242 582/1766/263 580/1767/260
f 580/1767/260 578/1768/258 576/939/256
f 576/939/256 574/1769/265 572/1770/254
f 572/1770/254 570/1771/253 568/940/251
f 568/940/251 566/1772/249 564/1773/247
f 564/1773/247 562/1765/244 586/938/242
f 586/938/242 580/1767/260 576/939/256
f 576/939/256 572/1770/254 568/940/251
f 568/940/251 564/1773/247 586/938/242
f 640/944/266 639/947/268 589/945/267
f 639/947/268 641/1774/319 591/948/269
f 591/948/269 641/1774/319 642/949/270
f 593/950/271 642/949/270 643/951/272
f 595/952/273 643/951/272 644/953/274
f 644/953/274 645/956/277 599/955/276
f 645/956/277 646/958/279 601/957/278
f 646/958/279 647/1775/281 603/959/280
f 647/960/281 648/963/283 605/961/282
f 648/963/283 649/1776/327 607/964/284
f 607/964/284 649/1776/327 650/965/285
f 650/965/285 651/968/288 611/967/287
f 651/968/288 652/1777/331 613/969/20
f 613/969/20 652/1777/331 653/970/289
f 615/971/290 653/970/289 654/972/291
f 617/973/292 654/972/291 655/974/293
f 619/975/294 655/974/293 656/976/295
f 656/976/295 657/979/298 623/978/297
f 657/979/298 658/981/300 625/980/299
f 658/981/300 659/983/302 627/982/301
f 659/983/302 660/985/304 629/984/303
f 660/985/304 661/987/306 631/986/305
f 661/987/306 662/989/308 633/988/307
f 662/989/308 663/994/313 635/990/309
f 620/991/310 707/1069/365 708/992/311
f 663/994/313 664/996/315 637/995/314
f 664/996/315 640/944/266 587/946/12
f 588/997/316 590/1001/318 639/998/268
f 592/1000/317 641/1003/319 639/998/268
f 592/1000/317 594/1005/321 642/1002/270
f 596/1004/320 643/1007/272 642/1002/270
f 596/1004/320 598/1008/322 644/1006/274
f 598/1008/322 600/1011/324 645/1009/277
f 602/1010/323 646/1013/279 645/1009/277
f 602/1010/323 604/1014/325 647/1012/281
f 604/1014/325 606/1016/326 648/1015/283
f 606/1016/326 608/1019/329 649/1017/327
f 610/1018/328 650/1021/285 649/1017/327
f 610/1018/328 612/1022/330 651/1020/288
f 612/1022/330 614/1024/332 652/1023/331
f 614/1024/332 616/1026/333 653/1025/289
f 616/1026/333 618/1028/334 654/1027/291
f 618/1028/334 620/991/310 655/1029/293
f 620/991/310 622/993/312 656/1030/295
f 624/1031/335 657/1033/298 656/1030/295
f 626/1032/336 658/1035/300 657/1033/298
f 628/1034/337 659/1037/302 658/1035/300
f 628/1034/337 630/1039/339 660/1036/304
f 632/1038/338 661/1041/306 660/1036/304
f 632/1038/338 634/1043/341 662/1040/308
f 636/1042/340 663/1045/313 662/1040/308
f 636/1042/340 638/1046/342 664/1044/315
f 638/1046/342 588/997/316 640/999/266
f 606/1016/326 700/1070/366 701/1047/343
f 638/1046/342 636/1042/340 715/1048/344
f 592/1000/317 693/1071/367 694/1050/346
f 622/993/312 708/992/311 709/1051/347
f 610/1018/328 608/1019/329 701/1047/343
f 588/997/316 638/1046/342 716/1049/345
f 594/1005/321 694/1050/346 695/1054/350
f 624/1031/335 709/1051/347 710/1055/351
f 610/1018/328 702/1052/348 703/1056/352
f 596/1004/320 695/1054/350 696/1057/353
f 626/1032/336 710/1055/351 711/1058/354
f 612/1022/330 703/1056/352 704/1059/355
f 600/1011/324 598/1008/322 696/1057/353
f 630/1039/339 628/1034/337 711/1058/354
f 614/1024/332 704/1059/355 705/1062/358
f 600/1011/324 697/1060/356 698/1063/359
f 630/1039/339 712/1061/357 713/1064/360
f 616/1026/333 705/1062/358 706/1065/361
f 604/1014/325 602/1010/323 698/1063/359
f 632/1038/338 713/1064/360 714/1067/363
f 588/997/316 692/1053/349 691/1068/364
f 618/1028/334 706/1065/361 707/1069/365
f 604/1014/325 699/1066/362 700/1070/366
f 634/1043/341 714/1067/363 715/1048/344
f 590/1001/318 691/1068/364 693/1071/367
f 666/1072/4 665/1073/4 691/1068/364
f 665/1073/4 667/1074/4 693/1071/367
f 667/1074/4 668/1076/4 694/1050/346
f 669/1075/4 695/1054/350 694/1050/346
f 669/1075/4 670/1078/4 696/1057/353
f 671/1077/4 697/1060/356 696/1057/353
f 672/1079/4 698/1063/359 697/1060/356
f 672/1079/4 673/1081/4 699/1066/362
f 674/1080/4 700/1070/366 699/1066/362
f 674/1080/4 675/1083/4 701/1047/343
f 676/1082/4 702/1052/348 701/1047/343
f 677/1084/4 703/1056/352 702/1052/348
f 677/1084/4 678/1086/4 704/1059/355
f 679/1085/4 705/1062/358 704/1059/355
f 679/1085/4 680/1088/4 706/1065/361
f 681/1087/4 707/1069/365 706/1065/361
f 681/1087/4 682/1090/4 708/992/311
f 683/1089/4 709/1051/347 708/992/311
f 684/1091/4 710/1055/351 709/1051/347
f 685/1092/4 711/1058/354 710/1055/351
f 685/1092/4 686/1094/4 712/1061/357
f 687/1093/4 713/1064/360 712/1061/357
f 688/1095/4 714/1067/363 713/1064/360
f 688/1095/4 689/1097/4 715/1048/344
f 690/1096/4 716/1049/345 715/1048/344
f 690/1096/4 666/1072/4 692/1053/349
f 762/1103/368 746/1169/369 737/1104/369
f 737/1104/369 765/1778/368 767/1101/368
f 767/1101/368 768/1779/368 766/1780/368
f 766/1780/368 761/1781/417 763/1102/368
f 763/1102/368 764/1782/368 762/1103/368
f 762/1103/368 737/1104/369 767/1101/368
f 767/1101/368 766/1780/368 763/1102/368
f 741/1107/370 732/1131/370 733/1108/371
f 737/1110/372 736/1117/372 717/1111/373
f 744/1113/374 729/1132/374 730/1114/375
f 738/1116/376 735/1119/376 736/1117/372
f 739/1118/377 734/1143/377 735/1119/376
f 743/1115/375 730/1114/375 731/1120/378
f 748/1122/379 725/1134/379 726/1123/380
f 746/1125/382 727/1147/382 728/1126/383
f 755/1128/384 718/1144/384 719/1129/385
f 742/1121/378 731/1120/378 732/1131/370
f 745/1127/383 728/1126/383 729/1132/374
f 749/1133/386 724/1145/386 725/1134/379
f 751/1135/387 722/1139/387 723/1136/388
f 752/1138/389 721/1141/391 722/1139/387
f 753/1140/390 720/1142/390 721/1141/391
f 753/1140/390 754/1130/385 719/1129/385
f 740/1109/371 733/1108/371 734/1143/377
f 756/1112/373 717/1111/373 718/1144/384
f 750/1137/388 723/1136/388 724/1145/386
f 747/1146/381 726/1783/380 727/1147/382
f 770/1150/392 756/1175/403 747/1174/403
f 747/1174/403 757/1784/567 759/1148/392
f 759/1148/392 760/1785/392 758/1786/392
f 758/1786/392 769/1787/392 771/1149/392
f 771/1149/392 772/1788/567 770/1150/392
f 770/1150/392 747/1174/403 759/1148/392
f 759/1148/392 758/1786/392 771/1149/392
f 747/1151/393 746/1789/393 762/1152/394
f 756/1154/395 770/1790/396 765/1155/396
f 762/1152/394 764/1158/397 759/1157/397
f 764/1158/397 763/1791/398 760/1159/398
f 760/1159/398 763/1791/398 761/1160/399
f 765/1155/396 770/1790/396 772/1162/400
f 772/1162/400 771/1792/401 768/1164/401
f 768/1164/401 771/1792/401 769/1165/402
f 769/1165/402 758/1161/399 761/1160/399
f 826/1181/266 825/1184/268 775/1182/267
f 825/1184/268 827/1793/319 777/1185/269
f 777/1185/269 827/1793/319 828/1186/270
f 779/1187/271 828/1186/270 829/1188/272
f 781/1189/273 829/1188/272 830/1190/274
f 830/1190/274 831/1193/277 785/1192/276
f 831/1193/277 832/1195/404 787/1194/278
f 832/1195/404 833/1794/281 789/1196/280
f 833/1197/281 834/1795/407 791/1198/282
f 791/1198/282 834/1795/407 835/1200/327
f 835/1200/327 836/1796/408 795/1202/286
f 795/1202/286 836/1796/408 837/1203/288
f 837/1203/288 838/1797/331 799/1205/20
f 799/1205/20 838/1797/331 839/1206/289
f 839/1206/289 840/1209/291 803/1208/292
f 840/1209/291 841/1798/293 805/1210/294
f 805/1210/294 841/1798/293 842/1211/295
f 807/1212/296 842/1211/295 843/1213/405
f 843/1213/405 844/1216/300 811/1215/299
f 844/1216/300 845/1218/302 813/1217/301
f 845/1218/302 846/1220/304 815/1219/303
f 846/1220/304 847/1222/306 817/1221/305
f 847/1222/306 848/1224/308 819/1223/307
f 848/1224/308 849/1229/313 821/1225/309
f 806/1226/406 893/1303/365 894/1227/311
f 849/1229/313 850/1231/315 823/1230/314
f 850/1231/315 826/1181/266 773/1183/12
f 774/1232/316 776/1236/318 825/1233/268
f 778/1235/317 827/1238/319 825/1233/268
f 778/1235/317 780/1240/321 828/1237/270
f 782/1239/320 829/1242/272 828/1237/270
f 782/1239/320 784/1243/322 830/1241/274
f 784/1243/322 786/1246/324 831/1244/277
f 788/1245/323 832/1248/404 831/1244/277
f 790/1247/325 833/1250/281 832/1248/404
f 792/1249/326 834/1252/407 833/1250/281
f 792/1249/326 794/1253/329 835/1251/327
f 794/1253/329 796/1255/328 836/1254/408
f 796/1255/328 798/1257/330 837/1256/288
f 798/1257/330 800/1259/332 838/1258/331
f 800/1259/332 802/1261/333 839/1260/289
f 802/1261/333 804/1263/334 840/1262/291
f 804/1263/334 806/1226/406 841/1264/293
f 806/1226/406 808/1228/312 842/1265/295
f 808/1228/312 810/1267/335 843/1266/405
f 810/1267/335 812/1270/336 844/1268/300
f 814/1269/337 845/1272/302 844/1268/300
f 814/1269/337 816/1274/339 846/1271/304
f 818/1273/338 847/1276/306 846/1271/304
f 818/1273/338 820/1278/341 848/1275/308
f 822/1277/340 849/1280/313 848/1275/308
f 822/1277/340 824/1281/342 850/1279/315
f 824/1281/342 774/1232/316 826/1234/266
f 792/1249/326 886/1304/416 887/1282/409
f 822/1277/340 901/1305/344 902/1283/410
f 778/1235/317 879/1306/367 880/1284/346
f 808/1228/312 894/1227/311 895/1285/347
f 794/1253/329 887/1282/409 888/1286/411
f 774/1232/316 824/1281/342 902/1283/410
f 782/1239/320 780/1240/321 880/1284/346
f 810/1267/335 895/1285/347 896/1289/351
f 796/1255/328 888/1286/411 889/1290/412
f 782/1239/320 881/1288/350 882/1291/353
f 814/1269/337 812/1270/336 896/1289/351
f 800/1259/332 798/1257/330 889/1290/412
f 784/1243/322 882/1291/353 883/1294/356
f 814/1269/337 897/1292/354 898/1295/357
f 800/1259/332 890/1293/413 891/1296/414
f 786/1246/324 883/1294/356 884/1297/359
f 816/1274/339 898/1295/357 899/1298/415
f 802/1261/333 891/1296/414 892/1299/361
f 790/1247/325 788/1245/323 884/1297/359
f 818/1273/338 899/1298/415 900/1301/363
f 774/1232/316 878/1287/349 877/1302/364
f 804/1263/334 892/1299/361 893/1303/365
f 792/1249/326 790/1247/325 885/1300/362
f 820/1278/341 900/1301/363 901/1305/344
f 776/1236/318 877/1302/364 879/1306/367
f 852/1307/4 851/1308/4 877/1302/364
f 851/1308/4 853/1309/4 879/1306/367
f 853/1309/4 854/1311/4 880/1284/346
f 855/1310/4 881/1288/350 880/1284/346
f 855/1310/4 856/1313/4 882/1291/353
f 857/1312/4 883/1294/356 882/1291/353
f 858/1314/4 884/1297/359 883/1294/356
f 858/1314/4 859/1316/4 885/1300/362
f 860/1315/4 886/1304/416 885/1300/362
f 861/1317/4 887/1282/409 886/1304/416
f 862/1318/4 888/1286/411 887/1282/409
f 862/1318/4 863/1320/4 889/1290/412
f 864/1319/4 890/1293/413 889/1290/412
f 864/1319/4 865/1322/4 891/1296/414
f 866/1321/4 892/1299/361 891/1296/414
f 867/1323/4 893/1303/365 892/1299/361
f 867/1323/4 868/1325/4 894/1227/311
f 869/1324/4 895/1285/347 894/1227/311
f 870/1326/4 896/1289/351 895/1285/347
f 871/1327/4 897/1292/354 896/1289/351
f 871/1327/4 872/1329/4 898/1295/357
f 873/1328/4 899/1298/415 898/1295/357
f 874/1330/4 900/1301/363 899/1298/415
f 874/1330/4 875/1332/4 901/1305/344
f 876/1331/4 902/1283/410 901/1305/344
f 876/1331/4 852/1307/4 878/1287/349
f 948/1338/368 932/1412/369 923/1339/369
f 923/1339/369 951/1799/368 953/1336/417
f 953/1336/417 954/1800/368 952/1801/417
f 952/1801/417 947/1802/368 949/1337/368
f 949/1337/368 950/1803/368 948/1338/368
f 948/1338/368 923/1339/369 953/1336/417
f 953/1336/417 952/1801/417 949/1337/368
f 927/1342/370 918/1366/370 919/1343/371
f 923/1345/372 922/1352/372 903/1346/373
f 930/1348/374 915/1367/374 916/1349/375
f 924/1351/376 921/1354/376 922/1352/372
f 925/1353/377 920/1378/377 921/1354/376
f 929/1350/375 916/1349/375 917/1355/378
f 934/1357/379 911/1369/379 912/1358/380
f 932/1360/382 913/1382/382 914/1361/383
f 941/1363/384 904/1379/384 905/1364/385
f 928/1356/418 917/1355/378 918/1366/370
f 931/1362/383 914/1361/383 915/1367/374
f 935/1368/386 910/1380/386 911/1369/379
f 937/1370/387 908/1374/387 909/1371/388
f 938/1373/389 907/1376/391 908/1374/387
f 939/1375/390 906/1377/390 907/1376/391
f 939/1375/390 940/1365/385 905/1364/385
f 926/1344/371 919/1343/371 920/1378/377
f 942/1347/373 903/1346/373 904/1379/384
f 936/1372/388 909/1371/388 910/1380/386
f 933/1381/380 912/1804/380 913/1382/382
f 956/1385/392 942/1404/403 933/1403/403
f 933/1403/403 943/1805/392 945/1383/392
f 945/1383/392 946/1806/567 944/1807/392
f 944/1807/392 955/1808/567 957/1384/392
f 957/1384/392 958/1809/392 956/1385/392
f 956/1385/392 933/1403/403 945/1383/392
f 945/1383/392 944/1807/392 957/1384/392
f 933/1386/393 932/1810/393 948/1387/419
f 942/1389/395 956/1811/396 951/1390/396
f 943/1388/394 948/1387/419 950/1392/397
f 950/1392/397 949/1812/398 946/1394/398
f 946/1394/398 949/1812/398 947/1395/399
f 951/1390/396 956/1811/396 958/1397/400
f 958/1397/400 957/1400/401 954/1399/401
f 957/1400/401 955/1402/402 952/1401/402
f 955/1402/402 944/1396/399 947/1395/399
f 960/1417/12 962/1420/420 961/1418/420
f 962/1420/420 964/1422/421 963/1421/421
f 964/1422/421 966/1424/7 965/1423/7
f 966/1424/7 968/1426/217 967/1425/217
f 968/1426/217 970/1439/216 969/1427/216
f 970/1428/216 972/1431/20 971/1429/20
f 972/1431/20 974/1433/422 973/1432/422
f 974/1433/422 976/1435/423 975/1434/423
f 976/1435/423 978/1437/9 977/1436/9
f 978/1437/9 980/1442/424 979/1438/424
f 970/1439/425 968/1426/426 987/1440/426
f 980/1442/424 982/1444/427 981/1443/427
f 982/1444/427 960/1417/12 959/1419/12
f 988/1445/216 1000/1813/216 1001/1446/20
f 968/1426/426 966/1424/428 986/1448/428
f 960/1417/429 982/1444/430 994/1449/430
f 960/1417/429 984/1450/429 983/1451/431
f 966/1424/428 964/1422/432 985/1452/432
f 982/1444/430 980/1442/433 993/1453/433
f 962/1420/431 983/1451/431 985/1452/432
f 978/1437/434 992/1454/434 993/1453/433
f 976/1435/435 991/1456/435 992/1454/434
f 976/1435/435 974/1433/436 990/1455/436
f 972/1431/437 989/1447/437 990/1455/436
f 972/1431/437 970/1428/425 988/1445/425
f 997/1459/4 995/1814/4 996/1815/4
f 996/1815/4 1006/1816/4 1005/1457/4
f 1005/1457/4 1004/1817/4 1003/1818/4
f 1003/1818/4 1002/1819/4 1001/1458/4
f 1001/1458/4 1000/1820/4 999/1821/4
f 999/1821/4 998/1822/4 997/1459/4
f 997/1459/4 996/1815/4 1005/1457/4
f 1005/1457/4 1003/1818/4 1001/1458/4
f 1001/1458/4 999/1821/4 997/1459/4
f 985/1452/421 997/1469/421 998/1460/7
f 992/1454/9 1004/1470/9 1005/1461/424
f 989/1447/20 1001/1446/20 1002/1462/422
f 986/1448/7 998/1460/7 999/1463/217
f 993/1453/424 1005/1461/424 1006/1464/427
f 984/1450/12 996/1468/12 995/1465/420
f 990/1455/422 1002/1462/422 1003/1466/423
f 987/1440/217 999/1463/217 1000/1467/216
f 994/1449/427 1006/1464/427 996/1468/12
f 983/1451/420 995/1465/420 997/1469/421
f 991/1456/423 1003/1466/423 1004/1470/9
f 1007/1471/44 1008/1474/438 1018/1472/438
f 1008/1474/438 1009/1823/439 1019/1475/439
f 1009/1476/439 1010/1479/440 1020/1477/440
f 1010/1479/440 1011/1481/441 1021/1480/441
f 1011/1481/441 1012/1483/4 1022/1482/4
f 1012/1483/4 1013/1485/442 1023/1484/442
f 1013/1485/442 1014/1487/443 1024/1486/443
f 1014/1487/443 1015/1492/444 1025/1488/444
f 1009/1491/7 1008/1824/7 1007/1825/7
f 1007/1825/7 1016/1826/7 1015/1489/7
f 1015/1489/7 1014/1827/7 1013/1828/7
f 1013/1828/7 1012/1829/7 1011/1490/7
f 1011/1490/7 1010/1830/7 1009/1491/7
f 1009/1491/7 1007/1825/7 1015/1489/7
f 1015/1489/7 1013/1828/7 1011/1490/7
f 1015/1492/444 1016/1494/445 1026/1493/445
f 1016/1494/445 1007/1471/44 1017/1473/44
f 1021/1495/9 1022/1505/9 1037/1496/9
f 1018/1498/9 1019/1831/9 1031/1499/9
f 1026/1501/9 1045/1510/9 1043/1502/9
f 1023/1504/9 1039/1512/9 1037/1496/9
f 1020/1506/9 1033/1513/9 1031/1507/9
f 1026/1501/9 1017/1514/9 1046/1509/9
f 1023/1504/9 1024/1515/9 1041/1511/9
f 1021/1495/9 1035/1497/9 1033/1513/9
f 1018/1498/9 1029/1500/9 1046/1509/9
f 1025/1503/9 1043/1502/9 1041/1511/9
f 1040/1516/446 1054/1530/446 1053/1517/447
f 1045/1510/445 1046/1509/44 1027/1519/44
f 1042/1521/444 1043/1502/444 1045/1510/445
f 1041/1511/443 1043/1502/444 1042/1521/444
f 1039/1512/442 1041/1511/443 1040/1522/443
f 1037/1496/4 1039/1512/442 1038/1523/442
f 1035/1497/441 1037/1496/4 1036/1524/4
f 1033/1513/440 1035/1497/441 1034/1525/441
f 1031/1507/439 1033/1513/440 1032/1526/440
f 1029/1500/438 1031/1499/439 1030/1528/439
f 1046/1509/44 1029/1500/438 1028/1529/438
f 1054/1530/443 1064/1554/443 1063/1531/442
f 1028/1532/449 1030/1832/450 1049/1533/450
f 1042/1535/451 1044/1547/452 1056/1536/452
f 1034/1538/453 1051/1548/453 1050/1539/454
f 1036/1541/455 1038/1518/448 1053/1517/447
f 1028/1532/449 1048/1534/449 1047/1543/456
f 1040/1516/446 1042/1535/451 1055/1537/451
f 1032/1540/454 1050/1539/454 1049/1545/450
f 1044/1547/452 1027/1544/457 1047/1543/456
f 1034/1538/453 1036/1541/455 1052/1542/455
f 1066/1551/9 1057/1833/9 1058/1834/9
f 1058/1834/9 1059/1835/9 1060/1549/9
f 1060/1549/9 1061/1836/9 1062/1837/9
f 1062/1837/9 1063/1838/9 1064/1550/9
f 1064/1550/9 1065/1839/9 1066/1551/9
f 1066/1551/9 1058/1834/9 1060/1549/9
f 1060/1549/9 1062/1837/9 1064/1550/9
f 1051/1548/441 1061/1555/441 1060/1552/440
f 1048/1534/438 1058/1556/438 1057/1553/44
f 1055/1537/444 1065/1557/444 1064/1554/443
f 1052/1542/4 1062/1558/4 1061/1555/441
f 1049/1533/439 1059/1840/439 1058/1556/438
f 1056/1536/445 1066/1560/445 1065/1557/444
f 1053/1517/442 1063/1531/442 1062/1558/4
f 1050/1539/440 1060/1552/440 1059/1559/439
f 1047/1543/44 1057/1553/44 1066/1560/445
f 1079/1561/458 1068/1841/568 1078/1562/459
f 1102/1564/461 1110/1567/464 1071/1565/462
f 1110/1567/464 1118/1569/466 1072/1568/465
f 1118/1569/466 1126/1571/468 1073/1570/467
f 1126/1571/468 1134/1574/471 1074/1572/469
f 1142/1573/470 1075/1576/473 1074/1572/469
f 1150/1575/472 1076/1578/475 1075/1576/473
f 1158/1577/474 1077/1579/476 1076/1578/475
f 1166/1563/460 1078/1562/459 1077/1579/476
f 1094/1580/477 1103/1583/480 1095/1581/478
f 1103/1583/480 1104/1585/482 1096/1584/481
f 1104/1585/482 1105/1587/484 1097/1586/483
f 1105/1587/484 1106/1589/486 1098/1588/485
f 1106/1589/486 1107/1600/497 1099/1590/487
f 1099/1590/487 1107/1600/497 1108/1591/488
f 1100/1592/489 1108/1591/488 1109/1593/490
f 1101/1594/491 1109/1593/490 1110/1567/464
f 1093/1595/492 1111/1596/493 1103/1583/480
f 1111/1596/493 1112/1597/494 1104/1585/482
f 1112/1597/494 1113/1598/495 1105/1587/484
f 1113/1598/495 1114/1599/496 1106/1589/486
f 1114/1599/496 1115/1608/505 1107/1600/497
f 1107/1600/497 1115/1608/505 1116/1601/498
f 1108/1591/488 1116/1601/498 1117/1602/499
f 1109/1593/490 1117/1602/499 1118/1569/466
f 1092/1603/500 1119/1604/501 1111/1596/493
f 1119/1604/501 1120/1605/502 1112/1597/494
f 1120/1605/502 1121/1606/503 1113/1598/495
f 1121/1606/503 1122/1607/504 1114/1599/496
f 1122/1607/504 1123/1616/513 1115/1608/505
f 1115/1608/505 1123/1616/513 1124/1609/506
f 1116/1601/498 1124/1609/506 1125/1610/507
f 1117/1602/499 1125/1610/507 1126/1571/468
f 1091/1611/508 1127/1612/509 1119/1604/501
f 1127/1612/509 1128/1613/510 1120/1605/502
f 1128/1613/510 1129/1614/511 1121/1606/503
f 1129/1614/511 1130/1615/512 1122/1607/504
f 1130/1615/512 1131/1624/521 1123/1616/513
f 1123/1616/513 1131/1624/521 1132/1617/514
f 1124/1609/506 1132/1617/514 1133/1618/515
f 1125/1610/507 1133/1618/515 1134/1574/471
f 1090/1619/516 1135/1620/517 1127/1612/509
f 1135/1620/517 1136/1621/518 1128/1613/510
f 1136/1621/518 1137/1622/519 1129/1614/511
f 1137/1622/519 1138/1623/520 1130/1615/512
f 1138/1623/520 1139/1625/522 1131/1624/521
f 1139/1625/522 1140/1626/523 1132/1617/514
f 1140/1626/523 1141/1627/524 1133/1618/515
f 1141/1627/524 1142/1573/470 1134/1574/471
f 1090/1619/516 1089/1635/532 1143/1628/525
f 1135/1620/517 1143/1628/525 1144/1629/526
f 1136/1621/518 1144/1629/526 1145/1630/527
f 1137/1622/519 1145/1630/527 1146/1631/528
f 1146/1631/528 1147/1632/529 1139/1625/522
f 1147/1632/529 1148/1633/530 1140/1626/523
f 1148/1633/530 1149/1634/531 1141/1627/524
f 1149/1634/531 1150/1575/472 1142/1573/470
f 1089/1635/532 1088/1643/540 1151/1636/533
f 1143/1628/525 1151/1636/533 1152/1637/534
f 1144/1629/526 1152/1637/534 1153/1638/535
f 1145/1630/527 1153/1638/535 1154/1639/536
f 1154/1639/536 1155/1640/537 1147/1632/529
f 1155/1640/537 1156/1641/538 1148/1633/530
f 1156/1641/538 1157/1642/539 1149/1634/531
f 1157/1642/539 1158/1577/474 1150/1575/472
f 1088/1643/540 1087/1651/548 1159/1644/541
f 1151/1636/533 1159/1644/541 1160/1645/542
f 1152/1637/534 1160/1645/542 1161/1646/543
f 1153/1638/535 1161/1646/543 1162/1647/544
f 1162/1647/544 1163/1648/545 1155/1640/537
f 1163/1648/545 1164/1649/546 1156/1641/538
f 1164/1649/546 1165/1650/547 1157/1642/539
f 1165/1650/547 1166/1563/460 1158/1577/474
f 1087/1651/548 1069/1842/569 1086/1652/549
f 1159/1644/541 1086/1652/549 1085/1653/550
f 1160/1645/542 1085/1653/550 1084/1654/551
f 1161/1646/543 1084/1654/551 1083/1655/552
f 1162/1647/544 1083/1655/552 1082/1656/553
f 1082/1656/553 1081/1657/554 1164/1649/546
f 1081/1657/554 1080/1658/555 1165/1650/547
f 1080/1658/555 1079/1561/458 1166/1563/460
