# Blender 5.1.2
# www.blender.org
mtllib sofa_03_1k.mtl
o sofa_03
v -0.366379 0.488646 -0.286477
v -0.353244 0.510249 -0.254284
v -0.443230 0.517920 -0.253229
v -0.437993 0.488646 -0.286737
v -0.387796 0.339446 0.419449
v -0.379049 0.327312 0.386987
v -0.494040 0.326672 0.401768
v -0.447841 0.336279 0.425418
v -0.842606 0.338169 0.424157
v -0.840613 0.358935 0.430579
v -0.777609 0.358935 0.434736
v -0.777119 0.338709 0.430090
v -0.883984 0.488646 -0.283654
v -0.883137 0.419561 -0.280542
v -0.802027 0.421121 -0.282545
v -0.808372 0.488686 -0.286793
v -0.378839 0.336612 -0.277026
v -0.374500 0.358939 -0.286585
v -0.443975 0.358919 -0.286793
v -0.447632 0.335424 -0.275625
v -0.887763 0.509170 -0.259154
v -0.921655 0.488646 -0.232806
v -0.907987 0.488646 -0.268478
v -0.386019 0.488646 0.429440
v -0.365929 0.510671 0.390233
v -0.323251 0.488646 0.361479
v -0.346455 0.488646 0.407160
v -0.872248 0.325896 0.381598
v -0.903720 0.334895 0.368010
v -0.886539 0.337333 0.401955
v -0.372716 0.324988 -0.240743
v -0.339887 0.329153 -0.227924
v -0.345506 0.338091 -0.270511
v -0.385189 0.358935 0.426406
v -0.347764 0.358935 0.397327
v -0.358931 0.337866 0.394461
v -0.850157 0.488646 0.430164
v -0.843307 0.423826 0.437184
v -0.892606 0.423909 0.413580
v -0.889829 0.488855 0.411750
v -0.370887 0.421650 -0.282547
v -0.332869 0.422818 -0.269369
v -0.329366 0.488646 -0.265175
v -0.870377 0.336042 -0.275882
v -0.884867 0.358939 -0.284083
v -0.908285 0.358935 -0.267947
v -0.898423 0.336808 -0.265311
v -0.894865 0.525820 0.037399
v -0.811458 0.554412 0.041973
v -0.809824 0.554338 0.158338
v -0.901556 0.522288 0.155386
v -0.921442 0.330691 0.039638
v -0.934618 0.358935 0.037845
v -0.934459 0.358935 0.161738
v -0.920336 0.330159 0.159867
v -0.934731 0.488203 0.034010
v -0.933464 0.424050 0.040250
v -0.932666 0.423782 -0.069765
v -0.933872 0.488416 -0.073998
v -0.306922 0.488646 0.035037
v -0.313361 0.426845 0.035194
v -0.313701 0.426719 0.170863
v -0.307701 0.488646 0.169390
v -0.336230 0.325442 0.025564
v -0.308115 0.358935 0.032256
v -0.309092 0.358935 -0.071504
v -0.336386 0.325210 -0.072012
v -0.934523 0.488923 0.159439
v -0.338817 0.513628 0.034800
v -0.336628 0.511724 -0.073597
v -0.308950 0.488646 -0.067071
v -0.884632 0.317053 -0.015543
v -0.917163 0.326519 -0.070714
v -0.361714 0.316902 -0.014339
v -0.361646 0.318233 0.212902
v -0.330485 0.332783 0.160654
v -0.700752 0.489597 -0.286801
v -0.704511 0.519651 -0.250559
v -0.807256 0.514099 -0.258611
v -0.697289 0.338067 0.433051
v -0.669227 0.327048 0.406391
v -0.534799 0.337083 0.431221
v -0.532943 0.358935 0.440033
v -0.447574 0.358935 0.435193
v -0.534165 0.488701 -0.286856
v -0.534929 0.423277 -0.282548
v -0.439845 0.422224 -0.282552
v -0.695856 0.334325 -0.273516
v -0.696524 0.358937 -0.286831
v -0.806715 0.358936 -0.286771
v -0.805079 0.334679 -0.274213
v -0.537349 0.488646 0.440949
v -0.536590 0.518669 0.402460
v -0.444604 0.520718 0.395823
v -0.450504 0.488646 0.434429
v -0.538472 0.335000 -0.274846
v -0.525164 0.324800 -0.239648
v -0.533646 0.515806 -0.255906
v -0.622483 0.516299 -0.255230
v -0.621470 0.488957 -0.286845
v -0.617516 0.338998 0.435026
v -0.697600 0.359795 0.441157
v -0.619068 0.359484 0.442114
v -0.537685 0.358939 -0.286831
v -0.620888 0.358940 -0.286831
v -0.620510 0.335335 -0.275508
v -0.700083 0.488611 0.441088
v -0.696818 0.517737 0.404274
v -0.617955 0.517095 0.405851
v -0.620361 0.488646 0.440836
v -0.657546 0.325532 -0.244420
v -0.921350 0.358935 -0.235319
v -0.911494 0.334631 -0.233074
v -0.325041 0.358935 0.364475
v -0.340382 0.340976 0.361614
v -0.888890 0.358935 0.412600
v -0.335461 0.358935 -0.275481
v -0.779972 0.423632 0.442243
v -0.699133 0.423070 0.446125
v -0.321804 0.358935 -0.233743
v -0.320954 0.423045 -0.227971
v -0.386677 0.424818 0.432507
v -0.346242 0.421871 0.401069
v -0.906178 0.420140 -0.266661
v -0.911899 0.358935 0.371901
v -0.915256 0.423397 0.371234
v -0.450173 0.424764 0.440761
v -0.618256 0.423662 0.445960
v -0.537123 0.424668 0.445558
v -0.618596 0.423975 -0.282548
v -0.342268 0.513731 0.279685
v -0.313618 0.488646 0.288683
v -0.878562 0.317285 0.194028
v -0.917785 0.332673 0.279155
v -0.874413 0.515960 0.389999
v -0.793680 0.518242 0.400629
v -0.787591 0.489649 0.436615
v -0.329489 0.419550 0.360126
v -0.915749 0.488848 0.368486
v -0.434526 0.547700 0.282212
v -0.617670 0.556615 0.285719
v -0.528947 0.555667 0.284620
v -0.313109 0.358935 0.281525
v -0.331871 0.329805 0.280011
v -0.928994 0.423995 0.283812
v -0.930178 0.489507 0.280338
v -0.433447 0.545056 -0.168173
v -0.528669 0.550593 -0.168781
v -0.898797 0.519971 -0.184484
v -0.930427 0.490586 -0.161449
v -0.365442 0.318794 -0.156772
v -0.337856 0.325513 -0.157735
v -0.881050 0.325601 -0.242106
v -0.920569 0.421498 -0.231553
v -0.321533 0.488646 -0.231653
v -0.815427 0.543523 -0.181231
v -0.619963 0.551409 -0.167971
v -0.708278 0.550662 -0.169622
v -0.927107 0.358935 -0.155744
v -0.914877 0.327278 -0.156033
v -0.315826 0.425554 -0.151579
v -0.315433 0.488646 -0.151863
v -0.898757 0.521887 0.277743
v -0.804549 0.550796 0.273660
v -0.927163 0.358935 0.282151
v -0.318090 0.421771 0.285089
v -0.338021 0.513003 0.163003
v -0.430959 0.551428 0.162258
v -0.618446 0.566681 0.162119
v -0.526002 0.564249 0.163633
v -0.314058 0.358935 0.164191
v -0.933270 0.424107 0.158167
v -0.697297 0.424767 -0.282547
v -0.933225 0.358935 -0.071181
v -0.929531 0.424009 -0.156920
v -0.315641 0.358935 -0.155089
v -0.313764 0.422660 -0.065734
v -0.712243 0.566183 0.044098
v -0.710380 0.565116 0.160685
v -0.669916 0.316619 0.186829
v -0.704792 0.556018 0.285091
v -0.512295 0.316774 0.191202
v -0.341621 0.513572 -0.159592
v -0.430975 0.551825 0.041872
v -0.618273 0.568072 0.045002
v -0.525305 0.565365 0.045873
v -0.676900 0.316519 -0.012681
v -0.509630 0.316502 -0.005374
v -0.430059 0.550424 -0.066674
v -0.525556 0.562090 -0.064560
v -0.900719 0.522349 -0.073549
v -0.814203 0.552220 -0.070793
v -0.619047 0.563892 -0.066380
v -0.713663 0.562452 -0.067195
v 0.366379 0.488646 -0.286477
v 0.437993 0.488646 -0.286737
v 0.443230 0.517920 -0.253229
v 0.353244 0.510249 -0.254284
v 0.387796 0.339446 0.419449
v 0.447841 0.336279 0.425418
v 0.494039 0.326672 0.401768
v 0.379049 0.327312 0.386987
v 0.842606 0.338169 0.424157
v 0.777119 0.338709 0.430090
v 0.777609 0.358935 0.434736
v 0.840613 0.358935 0.430579
v 0.883984 0.488646 -0.283654
v 0.808372 0.488686 -0.286793
v 0.802027 0.421121 -0.282545
v 0.883137 0.419561 -0.280542
v 0.378839 0.336612 -0.277026
v 0.447632 0.335424 -0.275625
v 0.443975 0.358919 -0.286793
v 0.374500 0.358939 -0.286585
v 0.907987 0.488646 -0.268478
v 0.921655 0.488646 -0.232806
v 0.887763 0.509170 -0.259154
v 0.386019 0.488646 0.429440
v 0.346455 0.488646 0.407160
v 0.323251 0.488646 0.361479
v 0.365929 0.510671 0.390233
v 0.886539 0.337333 0.401955
v 0.903720 0.334895 0.368010
v 0.872248 0.325896 0.381598
v 0.345506 0.338091 -0.270511
v 0.339887 0.329153 -0.227924
v 0.372715 0.324988 -0.240743
v 0.358931 0.337866 0.394461
v 0.347764 0.358935 0.397327
v 0.385189 0.358935 0.426406
v 0.850157 0.488646 0.430164
v 0.889829 0.488855 0.411750
v 0.892606 0.423909 0.413580
v 0.843307 0.423826 0.437184
v 0.329366 0.488646 -0.265175
v 0.332869 0.422818 -0.269369
v 0.370887 0.421650 -0.282547
v 0.870377 0.336042 -0.275882
v 0.898423 0.336808 -0.265311
v 0.908285 0.358935 -0.267947
v 0.884867 0.358939 -0.284083
v 0.894865 0.525820 0.037399
v 0.901556 0.522288 0.155386
v 0.809824 0.554338 0.158338
v 0.811458 0.554412 0.041973
v 0.921442 0.330691 0.039638
v 0.920336 0.330159 0.159867
v 0.934459 0.358935 0.161738
v 0.934618 0.358935 0.037845
v 0.934731 0.488203 0.034010
v 0.933872 0.488416 -0.073998
v 0.932666 0.423782 -0.069765
v 0.933464 0.424050 0.040250
v 0.306922 0.488646 0.035037
v 0.307701 0.488646 0.169390
v 0.313701 0.426719 0.170863
v 0.313361 0.426845 0.035194
v 0.336230 0.325442 0.025564
v 0.336386 0.325210 -0.072012
v 0.309092 0.358935 -0.071504
v 0.308115 0.358935 0.032256
v 0.934523 0.488923 0.159439
v 0.308950 0.488646 -0.067071
v 0.336628 0.511724 -0.073597
v 0.338817 0.513628 0.034800
v 0.917163 0.326519 -0.070714
v 0.884632 0.317053 -0.015543
v 0.330485 0.332783 0.160654
v 0.361646 0.318233 0.212902
v 0.361714 0.316902 -0.014339
v 0.700752 0.489597 -0.286801
v 0.807256 0.514099 -0.258611
v 0.704511 0.519651 -0.250559
v 0.697289 0.338067 0.433051
v 0.669227 0.327048 0.406391
v 0.534799 0.337083 0.431221
v 0.447574 0.358935 0.435193
v 0.532943 0.358935 0.440033
v 0.534165 0.488701 -0.286856
v 0.439845 0.422224 -0.282552
v 0.534929 0.423277 -0.282548
v 0.695856 0.334325 -0.273516
v 0.805079 0.334679 -0.274213
v 0.806715 0.358936 -0.286771
v 0.696524 0.358937 -0.286831
v 0.537349 0.488646 0.440949
v 0.450504 0.488646 0.434429
v 0.444604 0.520718 0.395823
v 0.536590 0.518669 0.402460
v 0.538472 0.335000 -0.274846
v 0.525164 0.324800 -0.239648
v 0.621470 0.488957 -0.286845
v 0.622483 0.516299 -0.255230
v 0.533646 0.515806 -0.255906
v 0.617516 0.338998 0.435026
v 0.619068 0.359484 0.442114
v 0.697600 0.359795 0.441157
v 0.620510 0.335335 -0.275508
v 0.620888 0.358940 -0.286831
v 0.537685 0.358939 -0.286831
v 0.700083 0.488611 0.441088
v 0.620361 0.488646 0.440836
v 0.617955 0.517095 0.405851
v 0.696818 0.517737 0.404274
v 0.657546 0.325532 -0.244420
v 0.911494 0.334631 -0.233074
v 0.921350 0.358935 -0.235319
v 0.340382 0.340976 0.361614
v 0.325041 0.358935 0.364475
v 0.888890 0.358935 0.412600
v 0.335461 0.358935 -0.275481
v 0.699133 0.423070 0.446125
v 0.779972 0.423632 0.442243
v 0.320954 0.423045 -0.227971
v 0.321804 0.358935 -0.233743
v 0.346242 0.421871 0.401069
v 0.386677 0.424818 0.432507
v 0.906178 0.420140 -0.266661
v 0.915256 0.423397 0.371234
v 0.911899 0.358935 0.371901
v 0.450173 0.424764 0.440761
v 0.537123 0.424668 0.445558
v 0.618256 0.423662 0.445960
v 0.618596 0.423975 -0.282548
v 0.313618 0.488646 0.288683
v 0.342268 0.513731 0.279685
v 0.917785 0.332673 0.279155
v 0.878562 0.317285 0.194028
v 0.874413 0.515960 0.389999
v 0.787591 0.489649 0.436615
v 0.793680 0.518242 0.400629
v 0.329489 0.419550 0.360126
v 0.915749 0.488848 0.368486
v 0.434526 0.547700 0.282212
v 0.528947 0.555667 0.284620
v 0.617670 0.556615 0.285719
v 0.331871 0.329805 0.280011
v 0.313109 0.358935 0.281525
v 0.930178 0.489507 0.280338
v 0.928994 0.423995 0.283812
v 0.528669 0.550593 -0.168781
v 0.433447 0.545056 -0.168173
v 0.930427 0.490586 -0.161449
v 0.898797 0.519971 -0.184484
v 0.337856 0.325513 -0.157735
v 0.365442 0.318794 -0.156772
v 0.881050 0.325601 -0.242106
v 0.920569 0.421498 -0.231553
v 0.321533 0.488646 -0.231653
v 0.815427 0.543523 -0.181231
v 0.708278 0.550662 -0.169622
v 0.619963 0.551409 -0.167971
v 0.914877 0.327278 -0.156033
v 0.927107 0.358935 -0.155744
v 0.315433 0.488646 -0.151863
v 0.315826 0.425554 -0.151579
v 0.898757 0.521887 0.277743
v 0.804549 0.550796 0.273660
v 0.927163 0.358935 0.282151
v 0.318090 0.421771 0.285089
v 0.338021 0.513003 0.163003
v 0.430959 0.551428 0.162258
v 0.526002 0.564249 0.163633
v 0.618446 0.566681 0.162119
v 0.314058 0.358935 0.164191
v 0.933270 0.424107 0.158167
v 0.697297 0.424767 -0.282547
v 0.929531 0.424009 -0.156920
v 0.933225 0.358935 -0.071181
v 0.315641 0.358935 -0.155089
v 0.313764 0.422660 -0.065734
v 0.710380 0.565116 0.160685
v 0.712243 0.566183 0.044098
v 0.669916 0.316619 0.186829
v 0.704792 0.556018 0.285091
v 0.512295 0.316774 0.191202
v 0.341621 0.513572 -0.159592
v 0.430975 0.551825 0.041872
v 0.525305 0.565365 0.045873
v 0.618273 0.568072 0.045002
v 0.676901 0.316519 -0.012681
v 0.509631 0.316502 -0.005374
v 0.430059 0.550424 -0.066674
v 0.525556 0.562090 -0.064560
v 0.900719 0.522349 -0.073549
v 0.814203 0.552220 -0.070793
v 0.619047 0.563892 -0.066380
v 0.713663 0.562452 -0.067195
v -0.251958 0.488646 -0.286477
v -0.265092 0.510249 -0.254284
v -0.175107 0.517920 -0.253229
v -0.180343 0.488646 -0.286737
v -0.230540 0.339446 0.419449
v -0.239287 0.327312 0.386987
v -0.124297 0.326672 0.401768
v -0.170495 0.336279 0.425418
v 0.224269 0.338169 0.424157
v 0.222277 0.358935 0.430579
v 0.159272 0.358935 0.434736
v 0.158782 0.338709 0.430090
v 0.265647 0.488646 -0.283654
v 0.264801 0.419561 -0.280542
v 0.183691 0.421121 -0.282545
v 0.190036 0.488686 -0.286793
v -0.239498 0.336612 -0.277026
v -0.243836 0.358939 -0.286585
v -0.174362 0.358919 -0.286793
v -0.170704 0.335424 -0.275625
v 0.269427 0.509170 -0.259154
v 0.303319 0.488646 -0.232806
v 0.289650 0.488646 -0.268478
v -0.232317 0.488646 0.429440
v -0.252407 0.510671 0.390233
v -0.295086 0.488646 0.361479
v -0.271881 0.488646 0.407160
v 0.253911 0.325896 0.381598
v 0.285384 0.334895 0.368010
v 0.268203 0.337333 0.401955
v -0.245621 0.324988 -0.240743
v -0.278449 0.329153 -0.227924
v -0.272830 0.338091 -0.270511
v -0.233147 0.358935 0.426406
v -0.270573 0.358935 0.397327
v -0.259405 0.337866 0.394461
v 0.231821 0.488646 0.430164
v 0.224971 0.423826 0.437184
v 0.274269 0.423909 0.413580
v 0.271492 0.488855 0.411750
v -0.247449 0.421650 -0.282547
v -0.285467 0.422818 -0.269369
v -0.288970 0.488646 -0.265175
v 0.252040 0.336042 -0.275882
v 0.266530 0.358939 -0.284083
v 0.289948 0.358935 -0.267947
v 0.280087 0.336808 -0.265311
v 0.276529 0.525820 0.037399
v 0.193122 0.554412 0.041973
v 0.191487 0.554338 0.158338
v 0.283220 0.522288 0.155386
v 0.303106 0.330691 0.039638
v 0.316282 0.358935 0.037845
v 0.316123 0.358935 0.161738
v 0.302000 0.330159 0.159867
v 0.316395 0.488203 0.034010
v 0.315128 0.424050 0.040250
v 0.314329 0.423782 -0.069765
v 0.315535 0.488416 -0.073998
v -0.311415 0.488646 0.035037
v -0.304975 0.426845 0.035194
v -0.304636 0.426719 0.170863
v -0.310635 0.488646 0.169390
v -0.282106 0.325442 0.025564
v -0.310222 0.358935 0.032256
v -0.309244 0.358935 -0.071504
v -0.281950 0.325210 -0.072012
v 0.316187 0.488923 0.159439
v -0.279520 0.513628 0.034800
v -0.281708 0.511724 -0.073597
v -0.309386 0.488646 -0.067071
v 0.266296 0.317053 -0.015543
v 0.298826 0.326519 -0.070714
v -0.256622 0.316902 -0.014339
v -0.256691 0.318233 0.212902
v -0.287851 0.332783 0.160654
v 0.082416 0.489597 -0.286801
v 0.086174 0.519651 -0.250559
v 0.188919 0.514099 -0.258611
v 0.078953 0.338067 0.433051
v 0.050891 0.327048 0.406391
v -0.083537 0.337083 0.431221
v -0.085394 0.358935 0.440033
v -0.170762 0.358935 0.435193
v -0.084171 0.488701 -0.286856
v -0.083407 0.423277 -0.282548
v -0.178491 0.422224 -0.282552
v 0.077520 0.334325 -0.273516
v 0.078187 0.358937 -0.286831
v 0.188379 0.358936 -0.286771
v 0.186742 0.334679 -0.274213
v -0.080988 0.488646 0.440949
v -0.081746 0.518669 0.402460
v -0.173732 0.520718 0.395823
v -0.167833 0.488646 0.434429
v -0.079864 0.335000 -0.274846
v -0.093173 0.324800 -0.239648
v -0.084690 0.515806 -0.255906
v 0.004146 0.516299 -0.255230
v 0.003134 0.488957 -0.286845
v -0.000820 0.338998 0.435026
v 0.079263 0.359795 0.441157
v 0.000732 0.359484 0.442114
v -0.080652 0.358939 -0.286831
v 0.002552 0.358940 -0.286831
v 0.002174 0.335335 -0.275508
v 0.081747 0.488611 0.441088
v 0.078481 0.517737 0.404274
v -0.000381 0.517095 0.405851
v 0.002025 0.488646 0.440836
v 0.039209 0.325532 -0.244420
v 0.303014 0.358935 -0.235319
v 0.293157 0.334631 -0.233074
v -0.293295 0.358935 0.364475
v -0.277954 0.340976 0.361614
v 0.270554 0.358935 0.412600
v -0.282876 0.358935 -0.275481
v 0.161636 0.423632 0.442243
v 0.080797 0.423070 0.446125
v -0.296532 0.358935 -0.233743
v -0.297383 0.423045 -0.227971
v -0.231660 0.424818 0.432507
v -0.272094 0.421871 0.401069
v 0.287842 0.420140 -0.266661
v 0.293562 0.358935 0.371901
v 0.296920 0.423397 0.371234
v -0.168163 0.424764 0.440761
v -0.000080 0.423662 0.445960
v -0.081214 0.424668 0.445558
v 0.000260 0.423975 -0.282548
v -0.276068 0.513731 0.279685
v -0.304719 0.488646 0.288683
v 0.260226 0.317285 0.194028
v 0.299449 0.332673 0.279155
v 0.256077 0.515960 0.389999
v 0.175344 0.518242 0.400629
v 0.169255 0.489649 0.436615
v -0.288847 0.419550 0.360126
v 0.297413 0.488848 0.368486
v -0.183811 0.547700 0.282212
v -0.000667 0.556615 0.285719
v -0.089389 0.555667 0.284620
v -0.305227 0.358935 0.281525
v -0.286466 0.329805 0.280011
v 0.310657 0.423995 0.283812
v 0.311841 0.489507 0.280338
v -0.184889 0.545056 -0.168173
v -0.089667 0.550593 -0.168781
v 0.280461 0.519971 -0.184484
v 0.312090 0.490586 -0.161449
v -0.252894 0.318794 -0.156772
v -0.280480 0.325513 -0.157735
v 0.262713 0.325601 -0.242106
v 0.302233 0.421498 -0.231553
v -0.296803 0.488646 -0.231653
v 0.197091 0.543523 -0.181231
v 0.001627 0.551409 -0.167971
v 0.089942 0.550662 -0.169622
v 0.308771 0.358935 -0.155744
v 0.296541 0.327278 -0.156033
v -0.302510 0.425554 -0.151579
v -0.302904 0.488646 -0.151863
v 0.280421 0.521887 0.277743
v 0.186213 0.550796 0.273660
v 0.308827 0.358935 0.282151
v -0.300246 0.421771 0.285089
v -0.280316 0.513003 0.163003
v -0.187377 0.551428 0.162258
v 0.000110 0.566681 0.162119
v -0.092335 0.564249 0.163633
v -0.304278 0.358935 0.164191
v 0.314934 0.424107 0.158167
v 0.078960 0.424767 -0.282547
v 0.314888 0.358935 -0.071181
v 0.311194 0.424009 -0.156920
v -0.302695 0.358935 -0.155089
v -0.304572 0.422660 -0.065734
v 0.093906 0.566183 0.044098
v 0.092044 0.565116 0.160685
v 0.051580 0.316619 0.186829
v 0.086455 0.556018 0.285091
v -0.106042 0.316774 0.191202
v -0.276716 0.513572 -0.159592
v -0.187362 0.551825 0.041872
v -0.000063 0.568072 0.045002
v -0.093031 0.565365 0.045873
v 0.058564 0.316519 -0.012681
v -0.108706 0.316502 -0.005374
v -0.188277 0.550424 -0.066674
v -0.092780 0.562090 -0.064560
v 0.282382 0.522349 -0.073549
v 0.195866 0.552220 -0.070793
v 0.000711 0.563892 -0.066380
v 0.095327 0.562452 -0.067195
v 0.000266 0.204749 -0.458703
v -0.957872 0.634436 -0.300525
v -1.008391 0.670143 -0.308039
v -0.000166 0.776624 -0.453247
v -0.796224 0.591319 -0.279228
v -0.503008 0.585675 -0.262213
v -0.576903 0.205267 -0.463864
v -0.400696 0.590315 -0.256169
v -0.434386 0.203299 -0.463884
v -0.201861 0.594284 -0.253942
v -0.219128 0.202736 -0.463883
v -0.303079 0.593458 -0.254241
v -0.504312 0.743849 -0.450431
v -0.341277 0.198944 -0.462471
v -0.098388 0.590514 -0.254018
v -0.235017 0.769035 -0.451531
v -0.114652 0.203562 -0.463883
v -0.603881 0.583213 -0.270506
v -0.681815 0.203656 -0.463884
v -0.994685 0.202578 -0.463882
v -0.890145 0.608106 -0.286528
v -0.490900 0.847479 -0.284130
v -0.395685 0.859647 -0.281799
v -0.301237 0.870528 -0.280013
v -0.201874 0.878230 -0.278943
v -0.101349 0.882244 -0.278402
v -1.057774 0.743852 -0.320181
v -1.041021 0.781932 -0.317978
v -0.969537 0.802075 -0.308241
v -0.856112 0.838454 -0.305004
v -0.595532 0.836612 -0.288691
v -0.541575 0.327886 -0.319270
v -0.645147 0.329489 -0.319527
v -0.839734 0.351378 -0.316711
v -0.929322 0.395294 -0.311680
v -0.979182 0.466611 -0.321270
v -1.030621 0.595702 -0.324230
v -0.802906 0.381427 -0.456720
v -0.509763 0.295322 -0.457114
v -0.216996 0.323826 -0.457159
v -0.000136 0.355404 -0.457096
v 0.000000 0.324063 -0.319657
v -0.104718 0.325638 -0.316706
v -0.210866 0.330756 -0.316772
v -0.318003 0.331929 -0.318036
v -0.425474 0.330749 -0.318754
v -1.001074 0.210984 0.457209
v -0.886008 0.212867 0.459784
v -1.000000 0.100000 -0.457349
v -0.998587 0.214121 -0.340306
v 0.000000 0.039972 0.453353
v -0.110225 0.045090 0.453353
v -1.152589 0.209421 0.457028
v -1.154485 0.212867 -0.457349
v -1.151560 0.101448 0.457062
v -1.000000 0.263548 0.453353
v -1.000002 0.333853 -0.328817
v -1.004282 0.465166 0.453353
v -1.058498 0.569500 0.453353
v -1.058498 0.569500 -0.341785
v -1.161793 0.463150 0.453353
v -1.154285 0.558020 0.453353
v -1.182531 0.625878 -0.456568
v -1.109369 0.658928 0.453353
v -1.153511 0.712259 0.453353
v -1.275015 0.728635 -0.341216
v -1.236288 0.739027 -0.341785
v -1.305627 0.662549 0.453353
v 0.000000 0.039972 -0.457349
v -0.110225 0.045090 -0.457349
v -1.156882 0.101671 -0.457349
v -1.161793 0.463150 -0.457349
v -1.154285 0.558020 -0.457349
v -1.080625 0.911862 -0.343124
v 0.000000 1.118892 -0.457349
v -0.120716 1.115052 -0.457349
v -1.109572 0.878484 -0.457349
v -1.121309 0.813751 -0.457349
v -1.118458 0.775344 -0.457349
v -1.084941 0.695734 -0.341785
v -1.115488 0.775187 -0.341724
v -1.120209 0.813722 -0.342894
v -1.116885 0.855846 -0.341785
v -1.125670 0.651659 -0.456734
v -1.084941 0.695734 -0.457349
v -1.051803 0.685901 -0.322972
v -1.109369 0.658928 -0.341785
v -1.241256 0.610087 -0.341785
v -1.236288 0.741441 0.453353
v -0.800261 0.974937 -0.341785
v -1.081461 0.912829 -0.457349
v -0.968944 0.110267 -0.457335
v -0.971139 0.111516 0.452209
v -1.002202 0.100563 0.456989
v -0.680054 0.212867 0.459784
v -0.570044 0.994091 -0.341785
v -0.800261 0.974937 -0.457349
v -0.845428 0.079569 -0.457182
v -0.845424 0.079395 0.453353
v -0.546198 0.212867 0.459784
v -0.431827 0.212867 0.459784
v -0.473500 1.016708 -0.341785
v -0.389981 1.036957 -0.341785
v -0.473500 1.016708 -0.457349
v -0.570044 0.994091 -0.457349
v -0.581016 0.110715 -0.457236
v -0.748334 0.096311 -0.456684
v -0.581024 0.110596 0.453353
v -0.748244 0.095609 0.453353
v -0.328067 0.212867 0.459784
v -0.304120 1.060652 -0.341785
v -0.389981 1.036957 -0.457349
v -0.431827 0.075655 -0.457349
v -0.431827 0.075655 0.453353
v -0.217763 0.212867 0.459784
v -0.110224 0.212867 0.459784
v -0.217557 0.216526 -0.307239
v -0.175158 1.093641 -0.341785
v -0.120716 1.115052 -0.341785
v -0.175158 1.093641 -0.457349
v -0.304120 1.060652 -0.457349
v -0.217763 0.063459 -0.457349
v -0.328067 0.054923 -0.457349
v -0.217763 0.063459 0.453353
v -0.328067 0.054923 0.453353
v 0.000000 0.212867 0.459784
v 0.000000 1.118892 -0.341785
v -1.202671 0.293307 0.453353
v -1.116885 0.855846 -0.457349
v -1.109572 0.878484 -0.341785
v -1.000000 0.331720 0.453353
v -0.960804 0.914449 -0.340648
v -0.570978 0.946105 -0.338412
v -0.472727 0.963915 -0.336018
v -0.389755 0.981363 -0.339076
v -0.471156 0.962152 -0.455056
v -0.304492 0.998329 -0.331648
v -0.202885 1.008733 -0.339834
v -0.204604 1.024211 -0.456183
v -0.109573 1.007520 -0.336858
v -0.000270 1.018637 -0.455751
v -1.100361 0.802243 -0.339931
v -1.094996 0.844731 -0.343337
v -1.069096 0.877991 -0.341889
v 0.000000 1.008638 -0.336811
v -1.100362 0.772161 -0.338309
v -1.066956 0.797780 -0.457132
v -1.050296 0.685948 -0.457349
v -1.304917 0.692499 0.453353
v -1.133024 0.629824 0.455944
v -1.107340 0.566945 0.453356
v -1.094079 0.468531 0.456254
v -1.110172 0.319189 0.455371
v -1.116527 0.263988 0.454592
v -1.084611 0.209611 0.457390
v -1.085164 0.100513 0.457246
v -1.085339 0.100909 -0.457349
v -1.153932 0.651076 -0.345129
v -1.295738 0.697238 -0.340882
v -1.292916 0.718349 0.453353
v -1.295285 0.637016 0.453353
v -1.295285 0.637015 -0.341785
v -1.202731 0.740494 0.453353
v -1.277100 0.623316 -0.341785
v -1.154519 0.648264 0.458679
v -1.185221 0.614225 0.453353
v -1.127696 0.682887 0.453353
v -1.202731 0.739259 -0.341785
v -1.233803 0.677627 0.459096
v -1.302994 0.662887 -0.341785
v -1.265137 0.735587 0.453353
v -1.264236 0.683878 0.453344
v -1.277100 0.623316 0.453353
v -1.175938 0.731096 0.453353
v -1.212590 0.672650 0.453356
v -1.250286 0.610728 0.453353
v -1.175938 0.731096 -0.341785
v -1.183849 0.664028 0.457187
v -1.225179 0.606968 0.453353
v -1.153511 0.712259 -0.341785
v -1.156103 0.639738 -0.456065
v -1.187070 0.625588 -0.341648
v -1.029938 0.234544 0.456469
v -1.027918 0.271064 0.457294
v -1.023415 0.330395 0.453354
v -1.022791 0.459294 0.453354
v -1.086750 0.576853 0.458049
v -1.122320 0.650349 0.453353
v -1.139712 0.673085 0.453353
v -1.163978 0.695228 0.455540
v -1.188310 0.708003 0.457062
v -1.215305 0.719640 0.455388
v -1.250132 0.723093 0.455650
v -1.283198 0.706221 0.455214
v -1.286529 0.686995 0.454905
v -1.286523 0.662355 0.455601
v -1.270680 0.645724 0.456210
v -1.254636 0.635867 0.457319
v -1.235886 0.629636 0.457402
v -1.209050 0.627206 0.456181
v -1.176791 0.625283 0.455869
v -1.154106 0.605153 0.455688
v -1.131652 0.560566 0.455810
v -1.163996 0.314190 0.456552
v -1.140855 0.228518 0.456994
v -1.091370 0.225062 0.457067
v -0.881261 0.213612 -0.340905
v -1.004459 0.464964 -0.336274
v -0.680057 0.213625 -0.340870
v -0.546199 0.213631 -0.340858
v -0.431886 0.214618 -0.329246
v -0.327329 0.216557 -0.306459
v -0.110069 0.214902 -0.325981
v -0.000003 0.214767 -0.325195
v -0.999394 0.263465 -0.341120
v -1.147912 0.651888 -0.454810
v -1.183521 0.395270 -0.457349
v -1.183521 0.395270 0.453353
v -1.019048 0.391907 0.453353
v -1.000000 0.395270 0.453353
v -1.202671 0.293307 -0.457349
v -1.169538 0.436225 -0.457349
v -1.169538 0.436225 0.453353
v -1.155553 0.394818 0.456765
v -1.171067 0.597750 0.453353
v -1.068773 0.464438 -0.457305
v -1.155657 0.513150 0.453353
v -1.155781 0.514641 -0.457349
v -1.136684 0.468219 0.454945
v -1.199711 0.342479 -0.457349
v -1.199711 0.342479 0.453353
v -1.163475 0.267983 0.456606
v -1.189027 0.253161 0.453353
v -1.189027 0.253161 -0.457349
v -1.105377 0.393602 0.458183
v -0.774083 0.212867 0.459784
v -0.774085 0.213613 -0.340888
v -0.742683 0.335093 -0.319007
v -0.704309 0.584153 -0.276536
v -0.717302 0.830212 -0.295253
v -0.705736 0.929725 -0.335760
v -0.692861 0.980730 -0.341785
v -0.692861 0.980730 -0.457349
v -0.874412 0.902003 -0.456638
v -0.808072 0.723201 -0.454944
v -0.829743 0.205752 -0.463719
v -0.813704 0.084562 -0.456877
v -0.813627 0.084068 0.453353
v -0.944771 0.114802 -0.456803
v -1.045620 0.934142 -0.457349
v -1.045576 0.934045 -0.341896
v -0.949166 0.115329 0.452770
v -0.876041 0.082620 -0.457112
v -0.903384 0.967188 -0.457349
v -0.903384 0.967188 -0.341785
v -0.876110 0.082385 0.453353
v -0.924940 0.108280 0.452309
v -0.984011 0.954228 -0.341785
v -0.984011 0.954228 -0.457349
v -0.907594 0.099156 -0.456657
v -0.098254 0.741977 -0.240970
v -0.201298 0.740247 -0.241047
v -0.301943 0.738937 -0.242847
v -0.399076 0.730222 -0.245103
v -0.498840 0.721047 -0.251150
v -0.601210 0.714538 -0.260961
v -0.710120 0.710339 -0.270483
v -0.818272 0.710419 -0.276541
v -0.911553 0.705771 -0.289927
v -0.983011 0.708088 -0.302205
v -1.032063 0.712370 -0.313096
v -1.060853 0.691574 -0.326014
v -1.059766 0.679735 -0.324980
v -1.012301 0.624564 -0.313958
v -0.960305 0.556702 -0.306528
v -0.896376 0.505354 -0.294885
v -0.807809 0.471482 -0.296357
v -0.711436 0.453549 -0.297388
v -0.615277 0.448991 -0.295772
v -0.513791 0.449384 -0.293498
v -0.410610 0.451860 -0.291506
v -0.307995 0.454358 -0.290054
v -0.204189 0.454369 -0.287835
v -0.099690 0.451216 -0.287328
v 0.000000 0.447585 -0.288542
v 0.000000 0.128363 0.459431
v -0.107127 0.123988 0.454841
v -0.216248 0.130670 0.460790
v -0.323297 0.127585 0.458603
v -0.431285 0.128744 0.459814
v -0.580079 0.121229 0.459865
v -0.739886 0.106049 0.459855
v -0.808599 0.094959 0.459875
v -0.843800 0.089013 0.459882
v -0.879299 0.093944 0.461201
v -0.911870 0.116958 0.460471
v -0.935530 0.132675 0.459199
v -0.974030 0.132330 0.459694
v -1.004170 0.141349 0.457387
v -0.151411 1.103819 -0.341785
v -0.152204 1.103639 -0.457349
v -0.265665 1.076546 -0.341785
v -0.265653 1.076553 -0.457349
v -0.227436 1.091412 -0.341785
v -0.227510 1.091381 -0.457349
v -0.296364 1.029629 -0.334164
v -0.389782 1.008142 -0.338566
v -0.472992 0.989107 -0.338919
v -0.570478 0.969204 -0.337496
v -0.693314 0.957907 -0.339133
v -0.804083 0.953118 -0.340866
v -0.892259 0.949335 -0.341262
v -0.960900 0.941286 -0.342241
v -1.017698 0.924790 -0.341802
v -1.059087 0.906480 -0.342109
v -1.088843 0.878175 -0.342245
v -1.105851 0.850214 -0.345488
v -1.110595 0.807607 -0.347516
v -1.071420 0.693564 -0.332066
v -0.201400 1.044761 -0.342197
v -0.122310 1.053542 -0.332372
v 0.000000 1.060857 -0.332873
v -1.084461 0.194115 0.457095
v -1.136941 0.193969 0.456758
v -1.136207 0.116804 0.457378
v -1.083514 0.117162 0.454799
v -1.018470 0.116114 0.457260
v -1.019686 0.141319 0.457363
v -1.017289 0.195220 0.456885
v -1.078182 0.154371 0.459462
v -0.813338 0.923281 -0.337822
v -1.167155 0.588273 -0.456467
v -1.216737 0.611172 -0.340689
v -1.163069 0.683699 -0.341699
v -1.163258 0.654461 -0.341703
v -1.190830 0.644924 -0.341746
v -1.218376 0.635633 -0.341774
v -1.242007 0.632661 -0.341783
v -1.266456 0.634944 -0.341785
v -1.276131 0.659388 -0.341785
v -1.279468 0.692877 -0.341785
v -1.262377 0.709363 -0.341785
v -1.233042 0.715968 -0.341779
v -1.204218 0.716388 -0.341761
v -1.182922 0.715378 -0.341735
v -1.195546 0.679703 -0.341747
v -1.225017 0.675224 -0.341773
v -1.251929 0.668811 -0.341783
v -0.000271 0.559000 -0.456064
v -0.241694 0.549161 -0.455512
v -0.514674 0.538924 -0.454416
v -0.803313 0.560133 -0.455665
v -1.087660 0.595748 -0.457198
v 1.001074 0.210984 0.457209
v 0.886008 0.212867 0.459784
v 0.881261 0.213612 -0.340905
v 0.998587 0.214121 -0.340306
v 0.110225 0.045090 -0.457349
v 0.118909 0.204228 -0.463882
v 1.189027 0.253161 -0.457349
v 1.154485 0.212867 -0.457349
v 1.152589 0.209421 0.457028
v 1.189027 0.253161 0.453353
v 1.058498 0.569500 0.453353
v 1.004282 0.465166 0.453353
v 1.004547 0.464909 -0.335228
v 1.058498 0.569500 -0.341785
v 1.155780 0.514641 -0.457349
v 1.161793 0.463150 -0.457349
v 1.161793 0.463150 0.453353
v 1.155657 0.513150 0.453353
v 1.022791 0.459294 0.453354
v 1.086750 0.576853 0.458049
v 1.107340 0.566945 0.453356
v 1.094079 0.468531 0.456254
v 1.122320 0.650349 0.453353
v 1.139712 0.673085 0.453353
v 1.154519 0.648264 0.458679
v 1.133024 0.629824 0.455944
v 0.110225 0.045090 0.453353
v 1.084941 0.695734 -0.341785
v 1.115488 0.775187 -0.341724
v 1.118458 0.775344 -0.457349
v 1.084941 0.695734 -0.457349
v 1.120209 0.813722 -0.342894
v 1.116885 0.855846 -0.341785
v 1.116885 0.855846 -0.457349
v 1.121309 0.813751 -0.457349
v 1.081460 0.912829 -0.457349
v 1.109572 0.878484 -0.457349
v 1.109572 0.878484 -0.341785
v 1.080625 0.911862 -0.343124
v 0.839734 0.351378 -0.316711
v 0.929322 0.395294 -0.311680
v 0.999394 0.263465 -0.341120
v 0.216659 0.325714 -0.457151
v 1.000002 0.333853 -0.328817
v 0.979182 0.466611 -0.321270
v 1.295738 0.697238 -0.340882
v 1.302994 0.662887 -0.341785
v 1.305627 0.662549 0.453353
v 1.304917 0.692499 0.453353
v 1.127696 0.682887 0.453353
v 1.109369 0.658928 0.453353
v 1.109369 0.658928 -0.341785
v 1.059766 0.679735 -0.324980
v 1.050286 0.685956 -0.457289
v 1.125670 0.651659 -0.456734
v 1.030621 0.595702 -0.324230
v 1.066956 0.797780 -0.457132
v 0.872673 0.909610 -0.456666
v 0.807794 0.723086 -0.454895
v 1.008391 0.670143 -0.308039
v 1.032063 0.712370 -0.313096
v 1.060853 0.691574 -0.326014
v 1.051803 0.685901 -0.322972
v 0.796224 0.591319 -0.279228
v 0.818272 0.710419 -0.276541
v 0.911554 0.705771 -0.289927
v 0.890145 0.608106 -0.286528
v 0.957872 0.634436 -0.300525
v 0.983011 0.708088 -0.302205
v 0.968944 0.110267 -0.457335
v 0.944771 0.114802 -0.456803
v 0.949166 0.115329 0.452770
v 0.971139 0.111516 0.452209
v 0.935530 0.132675 0.459199
v 0.974030 0.132330 0.459694
v 1.000000 0.100000 -0.457349
v 0.994685 0.202578 -0.463882
v 0.832243 0.202371 -0.463882
v 1.002201 0.100563 0.456989
v 1.045576 0.934045 -0.341896
v 1.045620 0.934142 -0.457349
v 1.068773 0.464438 -0.457305
v 0.802178 0.380801 -0.456706
v 1.088843 0.878175 -0.342245
v 1.059087 0.906480 -0.342109
v 0.845428 0.079569 -0.457182
v 0.876041 0.082620 -0.457112
v 0.800262 0.974937 -0.341785
v 0.903384 0.967188 -0.341785
v 0.892259 0.949335 -0.341262
v 0.804083 0.953118 -0.340866
v 0.813704 0.084562 -0.456877
v 0.813627 0.084068 0.453353
v 0.845424 0.079395 0.453353
v 0.773541 0.215443 -0.320768
v 0.774083 0.212867 0.459784
v 0.808599 0.094959 0.459875
v 0.843800 0.089013 0.459882
v 0.692861 0.980730 -0.341785
v 0.692861 0.980730 -0.457349
v 0.800262 0.974937 -0.457349
v 0.742683 0.335093 -0.319007
v 0.581016 0.110715 -0.457236
v 0.748334 0.096311 -0.456684
v 0.671697 0.202694 -0.463883
v 0.562375 0.205291 -0.463869
v 0.581024 0.110596 0.453353
v 0.748244 0.095609 0.453353
v 0.504901 0.295289 -0.457104
v 0.473500 1.016708 -0.341785
v 0.570044 0.994091 -0.341785
v 0.570478 0.969204 -0.337496
v 0.472992 0.989107 -0.338919
v 0.431827 0.075655 -0.457349
v 0.431827 0.075655 0.453353
v 0.431967 0.215666 -0.316999
v 0.547112 0.217663 -0.291775
v 0.546198 0.212867 0.459784
v 0.431827 0.212867 0.459784
v 0.431285 0.128744 0.459814
v 0.580079 0.121229 0.459865
v 0.389981 1.036957 -0.341785
v 0.389981 1.036957 -0.457349
v 0.473500 1.016708 -0.457349
v 0.425474 0.330749 -0.318754
v 0.541575 0.327886 -0.319270
v 0.468143 0.957161 -0.454831
v 0.438613 0.202328 -0.463877
v 0.389782 1.008142 -0.338566
v 0.328067 0.054923 -0.457349
v 0.328067 0.054923 0.453353
v 0.328067 0.213539 -0.340809
v 0.328067 0.212867 0.459784
v 0.323297 0.127585 0.458603
v 0.304120 1.060652 -0.341785
v 0.304120 1.060652 -0.457349
v 0.318003 0.331929 -0.318036
v 0.217763 0.063459 -0.457349
v 0.329237 0.201816 -0.463862
v 0.218826 0.204371 -0.463882
v 0.217763 0.063459 0.453353
v 0.175158 1.093641 -0.341785
v 0.227436 1.091412 -0.341785
v 0.201400 1.044761 -0.342197
v 0.109911 0.216032 -0.311806
v 0.217647 0.215337 -0.321012
v 0.217763 0.212867 0.459784
v 0.110224 0.212867 0.459784
v 0.107127 0.123988 0.454841
v 0.216248 0.130670 0.460790
v 0.151411 1.103819 -0.341785
v 0.152204 1.103639 -0.457349
v 0.175158 1.093641 -0.457349
v 0.104718 0.325638 -0.316706
v 0.210866 0.330756 -0.316772
v 0.203738 1.021057 -0.456102
v 0.265664 1.076546 -0.341785
v 0.265653 1.076553 -0.457349
v 0.296364 1.029629 -0.334164
v 0.120716 1.115052 -0.341785
v 0.122310 1.053542 -0.332372
v 0.120716 1.115052 -0.457349
v 0.675880 0.217469 -0.295102
v 0.680054 0.212867 0.459784
v 0.739886 0.106049 0.459855
v 0.570044 0.994091 -0.457349
v 0.645148 0.329489 -0.319527
v 0.693314 0.957907 -0.339133
v 1.265137 0.735587 0.453353
v 1.236288 0.741441 0.453353
v 1.236288 0.739027 -0.341785
v 1.275015 0.728635 -0.341216
v 1.156882 0.101671 -0.457349
v 1.151560 0.101448 0.457062
v 1.000000 0.395270 0.453353
v 1.000000 0.331720 0.453353
v 1.199711 0.342479 -0.457349
v 1.202671 0.293307 -0.457349
v 1.202671 0.293307 0.453353
v 1.199711 0.342479 0.453353
v 1.023415 0.330395 0.453354
v 1.019048 0.391907 0.453353
v 1.105377 0.393602 0.458183
v 1.110172 0.319189 0.455371
v 1.110595 0.807607 -0.347516
v 1.105851 0.850214 -0.345488
v 1.000000 0.263548 0.453353
v 1.027918 0.271064 0.457294
v 1.116527 0.263988 0.454592
v 1.071420 0.693564 -0.332066
v 1.100362 0.772161 -0.338309
v 0.969537 0.802075 -0.308241
v 0.856112 0.838454 -0.305004
v 0.960804 0.914449 -0.340648
v 1.069096 0.877991 -0.341889
v 0.595532 0.836612 -0.288691
v 0.490900 0.847479 -0.284130
v 0.472727 0.963915 -0.336018
v 0.570978 0.946105 -0.338412
v 0.395685 0.859647 -0.281799
v 0.389755 0.981363 -0.339076
v 0.301237 0.870528 -0.280013
v 0.201874 0.878230 -0.278943
v 0.202885 1.008733 -0.339834
v 0.304492 0.998329 -0.331648
v 0.101349 0.882244 -0.278402
v 0.109572 1.007520 -0.336858
v 0.813338 0.923281 -0.337822
v 1.041021 0.781932 -0.317978
v 1.094996 0.844731 -0.343337
v 1.100361 0.802243 -0.339931
v 1.057774 0.743852 -0.320181
v 0.504181 0.744466 -0.450295
v 0.601210 0.714538 -0.260961
v 0.498840 0.721047 -0.251150
v 0.399076 0.730222 -0.245103
v 0.301943 0.738937 -0.242847
v 0.201298 0.740247 -0.241047
v 0.234629 0.769510 -0.451411
v 0.098254 0.741977 -0.240970
v 0.710120 0.710339 -0.270483
v 0.717302 0.830212 -0.295253
v 0.807809 0.471482 -0.296357
v 0.896376 0.505354 -0.294885
v 0.240991 0.549431 -0.455441
v 1.012301 0.624564 -0.313958
v 0.960305 0.556702 -0.306528
v 1.087660 0.595748 -0.457198
v 0.802684 0.559636 -0.455609
v 0.615277 0.448991 -0.295772
v 0.711436 0.453549 -0.297388
v 0.410610 0.451860 -0.291506
v 0.513791 0.449384 -0.293498
v 0.307995 0.454358 -0.290054
v 0.513097 0.537919 -0.454374
v 0.099690 0.451216 -0.287328
v 0.204189 0.454369 -0.287835
v 1.085339 0.100909 -0.457349
v 1.140855 0.228518 0.456994
v 1.091370 0.225062 0.457067
v 1.163475 0.267983 0.456606
v 1.147912 0.651888 -0.454810
v 1.153932 0.651076 -0.345129
v 1.085164 0.100513 0.457246
v 1.004170 0.141349 0.457387
v 1.131652 0.560566 0.455810
v 1.136684 0.468219 0.454945
v 1.183849 0.664028 0.457187
v 1.209050 0.627206 0.456181
v 1.176791 0.625283 0.455869
v 1.292916 0.718349 0.453353
v 1.156103 0.639738 -0.456065
v 1.154106 0.605153 0.455688
v 1.264236 0.683878 0.453344
v 1.270680 0.645724 0.456210
v 1.254636 0.635867 0.457319
v 1.233802 0.677627 0.459096
v 1.155553 0.394818 0.456765
v 1.163996 0.314190 0.456552
v 1.029938 0.234544 0.456469
v 1.295285 0.637015 -0.341785
v 1.295285 0.637016 0.453353
v 1.286523 0.662355 0.455601
v 1.286530 0.686995 0.454905
v 1.235886 0.629636 0.457402
v 1.212590 0.672650 0.453356
v 1.163978 0.695228 0.455540
v 1.153511 0.712259 0.453353
v 1.153511 0.712259 -0.341785
v 1.187070 0.625588 -0.341648
v 1.167154 0.588273 -0.456467
v 1.171067 0.597750 0.453353
v 1.185221 0.614225 0.453353
v 1.241256 0.610087 -0.341785
v 1.216737 0.611172 -0.340689
v 1.225179 0.606968 0.453353
v 1.250286 0.610728 0.453353
v 1.215305 0.719640 0.455388
v 1.250132 0.723093 0.455650
v 1.202731 0.740494 0.453353
v 1.202731 0.739259 -0.341785
v 1.277100 0.623316 -0.341785
v 1.277100 0.623316 0.453353
v 1.283198 0.706221 0.455214
v 1.188310 0.708003 0.457062
v 1.175938 0.731096 0.453353
v 1.175938 0.731096 -0.341785
v 1.154285 0.558020 -0.457349
v 1.154285 0.558020 0.453353
v 1.169538 0.436225 0.453353
v 1.084611 0.209611 0.457390
v 1.183521 0.395270 -0.457349
v 1.169538 0.436225 -0.457349
v 1.183521 0.395270 0.453353
v 1.218376 0.635633 -0.341774
v 1.225017 0.675224 -0.341773
v 1.195546 0.679703 -0.341747
v 1.190830 0.644924 -0.341746
v 1.182530 0.625878 -0.456568
v 0.705736 0.929725 -0.335760
v 0.704309 0.584153 -0.276536
v 0.603881 0.583213 -0.270506
v 0.907594 0.099156 -0.456657
v 0.924940 0.108280 0.452309
v 0.911870 0.116958 0.460471
v 0.984011 0.954228 -0.341785
v 0.984011 0.954228 -0.457349
v 1.017698 0.924790 -0.341802
v 0.960900 0.941286 -0.342241
v 0.876110 0.082385 0.453353
v 0.879299 0.093944 0.461201
v 0.903384 0.967188 -0.457349
v 0.503008 0.585675 -0.262213
v 0.400696 0.590315 -0.256169
v 0.303079 0.593458 -0.254241
v 0.201861 0.594284 -0.253942
v 0.098388 0.590514 -0.254018
v 0.000000 0.586368 -0.254958
v 0.227510 1.091381 -0.457349
v 1.136941 0.193969 0.456758
v 1.078182 0.154371 0.459462
v 1.084461 0.194115 0.457095
v 1.136207 0.116804 0.457378
v 1.083514 0.117162 0.454799
v 1.018470 0.116114 0.457260
v 1.019686 0.141319 0.457363
v 1.017289 0.195220 0.456885
v 1.163069 0.683699 -0.341699
v 1.163258 0.654461 -0.341703
v 1.242007 0.632661 -0.341783
v 1.266455 0.634944 -0.341785
v 1.276131 0.659388 -0.341785
v 1.279468 0.692877 -0.341785
v 1.262377 0.709363 -0.341785
v 1.233042 0.715968 -0.341779
v 1.204218 0.716388 -0.341761
v 1.182922 0.715378 -0.341735
v 1.251929 0.668811 -0.341783
v 0.000000 0.743111 -0.241892
v 0.000000 0.886341 -0.281043
v -1.188193 0.615147 -0.337974
v -1.182617 0.610512 0.421665
v -1.223570 0.601139 0.422202
v -1.228341 0.601865 -0.341571
v -1.302088 0.629074 -0.338281
v -1.305688 0.629615 0.415905
v -1.323160 0.688313 0.413671
v -1.320907 0.697910 -0.338257
v -1.032715 0.668156 -0.335776
v -1.171653 0.775369 -0.343689
v -1.178440 0.774011 0.423522
v -1.050000 0.662789 0.427048
v -0.990069 0.575657 -0.335539
v -1.005669 0.576186 0.431154
v -1.217102 0.780017 -0.344746
v -1.226238 0.779235 0.421943
v -0.964192 0.278934 -0.331268
v -0.963204 0.271767 0.443593
v -0.968524 0.468405 0.437606
v -0.962707 0.462780 -0.332233
v -1.266625 0.606002 0.416857
v -1.263412 0.604777 -0.339869
v -0.968436 0.335080 -0.332220
v -0.963907 0.343301 0.439602
v -1.192851 0.619470 -0.341233
v -1.184641 0.615925 0.423239
v -1.221334 0.606396 0.423310
v -1.228457 0.606975 -0.342891
v -1.293191 0.639809 -0.343821
v -1.288905 0.634086 0.421511
v -1.300795 0.679741 0.418769
v -1.300246 0.693370 -0.344546
v -1.088555 0.639817 -0.339390
v -1.182319 0.738043 -0.343243
v -1.189227 0.738564 0.422690
v -1.098449 0.643996 0.425905
v -1.039128 0.559061 -0.339585
v -1.053957 0.570549 0.431637
v -1.209748 0.740552 -0.343702
v -1.226508 0.744388 0.423593
v -0.995680 0.218607 -0.338406
v -0.999357 0.214910 0.446162
v -1.005379 0.464416 0.436264
v -1.001308 0.461931 -0.340484
v -1.261232 0.617030 0.422219
v -1.264263 0.615906 -0.343304
v -0.996225 0.330477 -0.338712
v -0.998244 0.332766 0.446149
v -1.103417 0.731408 0.425277
v -1.091950 0.738519 -0.338124
v -1.135553 0.696635 -0.339673
v -1.135056 0.699352 0.424783
v -1.280099 0.725124 0.417864
v -1.272266 0.729653 -0.345052
v -1.293297 0.751475 -0.343633
v -1.301302 0.746394 0.417965
v 0.000000 0.283774 0.439565
v 0.000000 0.288157 -0.320622
v 0.000000 0.214966 0.446072
v -0.949351 0.281938 0.185341
v -0.940553 0.366658 0.179717
v -0.935867 0.456671 0.176965
v -0.948534 0.549541 0.175001
v -0.975149 0.641116 0.173347
v -1.055105 0.772754 0.171581
v -1.159416 0.816506 0.178015
v -1.216727 0.817253 0.179092
v -1.309516 0.775231 0.179206
v -1.337328 0.704127 0.180861
v -1.318284 0.629767 0.186098
v -1.279974 0.601672 0.187964
v -1.231213 0.593871 0.191968
v -1.185014 0.611876 0.196802
v -1.230997 0.613088 0.187236
v -1.270384 0.629526 0.185058
v -1.298716 0.651931 0.169294
v -1.296502 0.711138 0.165305
v -1.268300 0.728802 0.165429
v -1.241362 0.745919 0.168681
v -1.176912 0.731821 0.167983
v -1.145772 0.688023 0.166837
v -1.112762 0.643515 0.169841
v -1.060516 0.560703 0.171661
v -1.006430 0.456007 0.172088
v -0.949958 0.287339 -0.075732
v -0.940561 0.360649 -0.076146
v -0.932974 0.451432 -0.080152
v -0.941791 0.550887 -0.082760
v -0.964733 0.643572 -0.086278
v -1.056440 0.770756 -0.085561
v -1.162468 0.821520 -0.074647
v -1.220623 0.829539 -0.073538
v -1.321864 0.793434 -0.072670
v -1.341435 0.709972 -0.071726
v -1.321413 0.632757 -0.070886
v -1.282187 0.605859 -0.069515
v -1.233573 0.597977 -0.069320
v -1.187499 0.614837 -0.073277
v -1.234144 0.618488 -0.101048
v -1.275098 0.636450 -0.107399
v -1.294919 0.653536 -0.110994
v -1.307483 0.718206 -0.105416
v -1.271904 0.738456 -0.104997
v -1.240564 0.746503 -0.104679
v -1.180225 0.718119 -0.105422
v -1.146918 0.687284 -0.103097
v -1.111793 0.639035 -0.095944
v -1.056968 0.561275 -0.096039
v -1.010027 0.455460 -0.098918
v -0.949597 0.314775 -0.194979
v -0.946394 0.352401 -0.165580
v -0.953439 0.655469 -0.179085
v -1.155083 0.850759 -0.200875
v -1.221591 0.860812 -0.202960
v -1.341519 0.803139 -0.203116
v -1.358407 0.706980 -0.195345
v -1.321126 0.629046 -0.193176
v -1.279112 0.605742 -0.193893
v -1.231216 0.600322 -0.201303
v -1.184489 0.616645 -0.224288
v -1.234699 0.619341 -0.241934
v -1.271572 0.634084 -0.252886
v -1.292767 0.651004 -0.259527
v -1.312206 0.714049 -0.242992
v -1.277658 0.749449 -0.257535
v -1.238097 0.757680 -0.257927
v -1.176789 0.739042 -0.256761
v -1.136880 0.695146 -0.248202
v -1.100511 0.646041 -0.226086
v -1.050588 0.564339 -0.230461
v -1.007676 0.459458 -0.224489
v -0.945090 0.309896 0.101442
v -0.944016 0.368332 0.098118
v -0.960524 0.648504 0.090723
v -1.155323 0.854535 0.058832
v -1.222592 0.858605 0.059078
v -1.335768 0.801842 0.058922
v -1.365589 0.707277 0.058864
v -1.328453 0.625153 0.061075
v -1.284108 0.600728 0.063053
v -1.233935 0.595971 0.065673
v -1.187731 0.611803 0.064849
v -1.232884 0.615782 0.005629
v -1.279450 0.631141 0.036187
v -1.306184 0.649292 0.036911
v -1.311448 0.719310 0.034569
v -1.274202 0.741446 0.036329
v -1.240751 0.747926 0.038659
v -1.182217 0.733342 0.037076
v -1.141135 0.691701 0.037927
v -1.103705 0.644372 0.039043
v -1.053583 0.564840 0.041463
v -1.007467 0.456487 0.041848
v -1.178819 0.608610 0.311793
v -1.228905 0.591524 0.303168
v -1.279465 0.599187 0.297659
v -1.324658 0.623906 0.296805
v -1.364280 0.699013 0.291875
v -1.338022 0.790336 0.292652
v -1.222818 0.854915 0.296063
v -1.150846 0.848066 0.298967
v -0.963601 0.658049 0.354669
v -0.939098 0.368851 0.333958
v -0.934194 0.331905 0.338887
v -0.941881 0.444412 -0.279847
v -0.947610 0.556462 -0.282299
v -1.059730 0.785513 -0.282602
v -1.153334 0.846704 -0.268245
v -1.220637 0.858389 -0.272153
v -1.336720 0.798396 -0.267680
v -1.352013 0.705359 -0.252690
v -1.316271 0.627662 -0.247718
v -1.275875 0.604278 -0.245929
v -1.229610 0.599940 -0.243942
v -1.000000 0.310481 -0.092710
v -1.193886 0.627446 -0.123548
v -1.186412 0.614577 -0.137501
v -1.232069 0.599031 -0.137387
v -1.281208 0.606140 -0.133633
v -1.322184 0.630248 -0.132552
v -1.352659 0.708986 -0.133317
v -1.335377 0.802652 -0.134280
v -1.221616 0.853804 -0.134130
v -1.156930 0.845178 -0.136550
v -1.054173 0.796439 -0.176207
v -0.937171 0.553241 -0.178271
v -0.934559 0.449656 -0.175754
v -0.946694 0.307592 -0.132975
v -0.999728 0.312416 0.047636
v -1.195691 0.627201 0.007409
v -1.186850 0.612931 0.008308
v -1.234026 0.596108 0.001083
v -1.284412 0.600997 -0.003171
v -1.328126 0.626180 -0.006252
v -1.362320 0.708193 -0.009443
v -1.336247 0.804326 -0.010777
v -1.222277 0.854231 -0.012198
v -1.156206 0.848647 -0.011810
v -1.041217 0.788857 -0.003052
v -0.957947 0.647129 0.002776
v -0.940207 0.550860 0.005869
v -0.934741 0.455794 0.007866
v -0.944015 0.367800 0.010589
v -0.948921 0.312802 0.004843
v -0.935629 0.456443 0.094067
v -0.942728 0.551281 0.092357
v -1.049021 0.799204 0.089140
v -1.155412 0.848962 0.124080
v -1.221552 0.851030 0.127953
v -1.327322 0.793153 0.125053
v -1.356000 0.706040 0.124144
v -1.326015 0.626647 0.126660
v -1.282497 0.601370 0.127841
v -1.232597 0.596057 0.132512
v -1.185859 0.612233 0.137996
v -1.191789 0.625454 0.181689
v -0.992579 0.311770 0.181420
v -1.185952 0.619952 0.324709
v -1.179615 0.609090 0.261339
v -1.229539 0.592837 0.250367
v -1.280005 0.600361 0.244808
v -1.323384 0.626656 0.242893
v -1.359058 0.701529 0.234393
v -1.329583 0.787290 0.231889
v -1.220732 0.848757 0.230654
v -1.154157 0.841953 0.234293
v -1.046801 0.783126 0.249038
v -0.962938 0.647160 0.259847
v -0.941656 0.553316 0.261176
v -0.935298 0.457547 0.259936
v -0.943491 0.370974 0.257638
v -0.943520 0.312961 0.257158
v -1.178833 0.606862 0.357386
v -1.227743 0.591087 0.349703
v -1.278101 0.597992 0.345583
v -1.323171 0.620793 0.345034
v -1.357764 0.696863 0.344018
v -1.338810 0.787165 0.351524
v -1.224897 0.843823 0.358982
v -1.151852 0.842055 0.362312
v -1.050373 0.800798 0.334111
v -0.938855 0.559132 0.353182
v -0.937223 0.454520 0.346223
v -1.289505 0.842396 -0.272919
v -1.292154 0.846616 -0.204815
v -1.289863 0.841517 -0.133908
v -1.279402 0.820170 -0.073437
v -1.289392 0.838966 -0.012165
v -1.290348 0.840069 0.059510
v -1.287537 0.829588 0.128460
v -1.271502 0.804546 0.179637
v -1.286601 0.827906 0.230855
v -1.292276 0.835401 0.294432
v -1.294728 0.829758 0.357095
v -1.269876 0.769400 0.420355
v -1.255478 0.740869 0.421619
v -1.254345 0.738351 0.327796
v -1.253497 0.738208 0.167216
v -1.255951 0.744940 0.037696
v -1.254682 0.742878 -0.104822
v -1.245776 0.736453 -0.344022
v -1.260448 0.770419 -0.344836
v -0.999851 0.311205 -0.235362
v -1.257530 0.754165 -0.258000
v -1.191683 0.628080 -0.267969
v -1.183940 0.615294 -0.297315
v -1.228410 0.599895 -0.302067
v -1.272790 0.600691 -0.297750
v -1.312160 0.625435 -0.298470
v -1.338893 0.702661 -0.302294
v -1.319214 0.780186 -0.320514
v -1.277187 0.813836 -0.328054
v -1.218954 0.828043 -0.328633
v -1.157197 0.820395 -0.325031
v -0.974985 0.661517 -0.282554
v -0.949423 0.359161 -0.262166
v -0.947895 0.307417 -0.270816
v -1.007440 0.455844 0.320917
v -1.056065 0.563128 0.327891
v -1.105051 0.643742 0.325374
v -1.137540 0.696210 0.336259
v -1.173756 0.731152 0.337923
v -1.232445 0.741950 0.327886
v -1.271720 0.730507 0.327726
v -1.300324 0.711629 0.333673
v -1.302232 0.650564 0.335690
v -1.263198 0.622073 0.340190
v -1.231370 0.607695 0.336654
v -1.180483 0.609403 0.399611
v -1.226652 0.593748 0.391215
v -1.273894 0.599400 0.386345
v -1.315587 0.621485 0.385695
v -1.344677 0.694440 0.386373
v -1.324626 0.768958 0.395674
v -1.283821 0.802261 0.400378
v -1.225001 0.814417 0.401414
v -1.165235 0.812255 0.405523
v -1.065096 0.773357 0.406903
v -0.996248 0.679612 0.407083
v -0.955886 0.583261 0.402963
v -0.941347 0.472534 0.393186
v -0.939128 0.360967 0.395997
v -0.929570 0.322780 0.401795
v -0.964848 0.405910 0.439118
v -0.998115 0.405755 0.442460
v -0.999173 0.388714 0.324990
v -0.994510 0.387347 0.174145
v -1.000384 0.388305 0.044022
v -1.001242 0.386470 -0.095542
v -1.000429 0.388352 -0.224677
v -0.997548 0.395977 -0.339854
v -0.967799 0.396688 -0.333616
v -0.941832 0.416360 0.391687
v -0.984665 0.525761 0.435014
v -1.027659 0.518649 0.433984
v -1.027980 0.514052 0.323628
v -1.030957 0.513321 0.170848
v -1.027241 0.516014 0.040770
v -1.031190 0.514789 -0.098122
v -1.026260 0.516850 -0.226427
v -1.019333 0.520239 -0.340293
v -0.976075 0.531291 -0.335015
v -0.944943 0.536718 0.399190
v -0.977451 0.641490 0.405237
v -1.012285 0.632225 -0.335250
v -1.063743 0.603405 -0.339720
v -1.075543 0.607303 -0.225924
v -1.085160 0.603137 -0.095377
v -1.080507 0.608729 0.041022
v -1.087584 0.606196 0.170749
v -1.082934 0.606544 0.328284
v -1.078236 0.612200 0.429083
v -1.028644 0.622729 0.427105
v -1.025610 0.730471 0.406405
v -1.076260 0.700636 0.426536
v -1.118559 0.676830 0.425579
v -1.121799 0.672932 0.333970
v -1.129418 0.666567 0.167744
v -1.122884 0.670704 0.038971
v -1.129525 0.663149 -0.098105
v -1.118778 0.671590 -0.231772
v -1.114216 0.669140 -0.338179
v -1.060014 0.707656 -0.336114
v -1.010247 0.732515 -0.276157
v -0.993781 0.736468 -0.178359
v -1.004133 0.719295 -0.087000
v -0.989722 0.728559 -0.000146
v -0.991485 0.730909 0.089782
v -1.009784 0.717390 0.172001
v -0.999763 0.723890 0.254395
v -0.997831 0.736233 0.339428
v -1.103846 0.804749 0.176180
v -1.095826 0.830290 0.116019
v -1.095752 0.832896 0.063690
v -1.095899 0.826259 -0.009616
v -1.109167 0.798478 -0.077972
v -1.099917 0.823228 -0.144887
v -1.098337 0.826642 -0.196838
v -1.097253 0.820299 -0.267056
v -1.104957 0.797729 -0.320385
v -1.128638 0.757536 -0.341423
v -1.161583 0.722164 -0.340223
v -1.154703 0.716362 -0.254107
v -1.163411 0.702049 -0.104208
v -1.158652 0.711967 0.036367
v -1.162669 0.708280 0.167188
v -1.156931 0.711439 0.330866
v -1.151369 0.716964 0.424665
v -1.135362 0.755946 0.424280
v -1.111742 0.798798 0.408676
v -1.094928 0.828778 0.358508
v -1.093663 0.830660 0.307471
v -1.095431 0.821199 0.240004
v -1.318685 0.718364 0.416014
v -1.295338 0.705676 0.414663
v -1.289912 0.719404 0.330361
v -1.285946 0.717749 0.165352
v -1.296939 0.728771 0.036202
v -1.294762 0.728556 -0.105416
v -1.295446 0.731980 -0.257960
v -1.287981 0.717356 -0.344669
v -1.313407 0.724772 -0.341372
v -1.336593 0.740050 -0.310220
v -1.352467 0.749386 -0.259733
v -1.359364 0.751256 -0.200858
v -1.352917 0.753943 -0.134388
v -1.340485 0.752548 -0.072085
v -1.361251 0.757472 -0.010334
v -1.362450 0.755724 0.058595
v -1.351195 0.749790 0.123727
v -1.332347 0.740546 0.179338
v -1.355288 0.744493 0.232235
v -1.363865 0.743014 0.291838
v -1.357880 0.738986 0.347148
v -1.341992 0.730884 0.390311
v -1.319532 0.655868 0.414943
v -1.300799 0.655480 0.420524
v -1.301463 0.676404 0.334871
v -1.300971 0.677006 0.167192
v -1.309302 0.679728 0.037111
v -1.308092 0.674988 -0.090911
v -1.312622 0.674050 -0.219437
v -1.302537 0.663006 -0.343631
v -1.318821 0.663820 -0.339079
v -1.333476 0.663176 -0.299938
v -1.342413 0.663509 -0.249398
v -1.348208 0.664607 -0.193202
v -1.345621 0.667279 -0.132472
v -1.336840 0.671548 -0.072099
v -1.352218 0.665623 -0.008218
v -1.355638 0.664365 0.059733
v -1.349857 0.667137 0.125828
v -1.334804 0.668558 0.183945
v -1.348250 0.663405 0.238870
v -1.351140 0.659764 0.293632
v -1.348145 0.658827 0.344255
v -1.337413 0.656094 0.385301
v -0.877392 0.272925 0.444365
v -0.877204 0.218819 -0.338589
v -0.877339 0.275632 -0.331193
v -0.877399 0.311299 -0.215105
v -0.877282 0.278825 -0.077646
v -0.877444 0.312135 0.045134
v -0.877339 0.279192 0.184431
v -0.877168 0.320837 0.401740
v -0.764469 0.277319 -0.330600
v -0.764542 0.313195 -0.214957
v -0.764415 0.280905 -0.079392
v -0.764539 0.314078 0.044995
v -0.764462 0.281045 0.184438
v -0.763925 0.316701 0.261552
v -0.764522 0.317589 0.400888
v -0.764514 0.276735 0.443388
v -0.510795 0.281032 -0.328577
v -0.510662 0.315848 -0.214928
v -0.510615 0.282630 -0.080705
v -0.510599 0.314371 0.044916
v -0.510702 0.281115 0.184443
v -0.510624 0.318991 0.261085
v -0.510745 0.320399 0.398867
v -0.257178 0.214966 0.446072
v -0.510848 0.284236 0.440989
v -0.257123 0.279360 -0.329365
v -0.257047 0.313484 -0.214888
v -0.257040 0.280968 -0.079086
v -0.257014 0.314372 0.045013
v -0.257102 0.282185 0.184478
v -0.257156 0.284791 0.439306
v -0.118886 0.283717 0.441879
v -0.118850 0.286158 -0.323077
v -0.118969 0.313485 -0.214878
v -0.118928 0.280749 -0.078434
v -0.118921 0.314373 0.045086
v -0.119002 0.281125 0.184444
v -0.118802 0.319832 0.261732
v -0.118815 0.324309 0.399477
v -0.996953 0.311760 0.337092
v -1.000100 0.220265 -0.091977
v -0.999684 0.224458 0.049313
v -0.995980 0.221395 0.182694
v -0.999893 0.217901 -0.229774
v -0.997989 0.220213 0.354368
v -0.877405 0.214966 0.446072
v -0.877255 0.222690 0.106934
v -0.877260 0.217681 -0.192660
v -0.877264 0.218181 0.370078
v -0.764426 0.215285 0.436931
v -0.541520 0.222690 0.106934
v -0.541898 0.217681 -0.192660
v -0.542191 0.218181 0.370078
v -0.389392 0.221351 -0.340370
v -0.510908 0.215038 0.441456
v -0.257239 0.221836 -0.340845
v -0.118913 0.220707 -0.340225
v -0.118976 0.215670 0.445684
v 0.000000 0.221004 -0.340481
v 0.000000 0.222690 0.106934
v 0.000000 0.217681 -0.192660
v 0.000000 0.218181 0.370078
v -0.256987 0.318760 0.398476
v -0.257033 0.320376 0.260893
v -0.389106 0.214921 0.443793
v -0.389089 0.284313 0.438778
v -0.389017 0.317690 0.398249
v -0.388972 0.321881 0.260953
v -0.389031 0.282970 0.184500
v -0.388923 0.314371 0.044921
v -0.388971 0.282008 -0.080186
v -0.388986 0.314290 -0.214928
v -0.389060 0.280217 -0.328961
v -0.641376 0.212695 0.441251
v -0.641372 0.280371 0.442401
v -0.641372 0.318869 0.400270
v -0.641262 0.317359 0.261444
v -0.641299 0.280880 0.184438
v -0.641279 0.314371 0.044934
v -0.641293 0.282299 -0.080433
v -0.641293 0.314349 -0.214904
v -0.641356 0.279016 -0.329676
v -0.641324 0.220150 -0.339526
v -0.764628 0.310447 0.117730
v -0.510716 0.310740 0.117741
v -0.257015 0.310762 0.117575
v -0.118903 0.310748 0.117687
v -0.389017 0.310787 0.117387
v -0.641284 0.310729 0.117828
v -0.764707 0.309934 -0.144166
v -0.510608 0.310946 -0.144954
v -0.257021 0.310192 -0.143904
v -0.118942 0.310143 -0.143539
v -0.388905 0.310305 -0.144586
v -0.641394 0.310350 -0.144842
v -0.764666 0.309136 -0.020218
v -0.510599 0.309356 -0.020669
v -0.256997 0.309436 -0.020176
v -0.118840 0.309493 -0.019824
v -0.388910 0.309376 -0.020546
v -0.641332 0.309368 -0.020596
v 0.000000 0.330568 0.340465
v -0.764936 0.325351 0.340433
v -0.510798 0.329445 0.340440
v -0.118895 0.330334 0.340413
v -0.257078 0.329034 0.340404
v -0.388998 0.328903 0.340404
v -0.641446 0.327682 0.340663
v 0.000000 0.308182 -0.269616
v -0.764712 0.306605 -0.276272
v -0.510726 0.310594 -0.275473
v -0.257165 0.307103 -0.275172
v -0.119005 0.307911 -0.271081
v -0.388950 0.308610 -0.275392
v -0.641470 0.308580 -0.275897
v -0.875426 0.326928 0.343207
v -0.875008 0.314267 0.257698
v -0.876560 0.307832 0.122756
v -0.876979 0.308397 -0.012148
v -0.876607 0.306688 -0.135469
v -0.876625 0.304798 -0.276852
v 0.000000 0.311319 0.412855
v 0.000000 0.310599 -0.244684
v 0.000000 0.323692 0.391113
v 0.000000 0.327047 0.315957
v 1.223570 0.601139 0.422202
v 1.226651 0.593748 0.391215
v 1.180483 0.609403 0.399611
v 1.182617 0.610512 0.421665
v 1.305689 0.629615 0.415905
v 1.319532 0.655868 0.414943
v 1.337413 0.656094 0.385301
v 1.315587 0.621485 0.385695
v 1.091950 0.738519 -0.338124
v 1.128638 0.757536 -0.341423
v 1.104957 0.797729 -0.320385
v 1.059730 0.785513 -0.282602
v 0.990069 0.575657 -0.335539
v 1.012285 0.632225 -0.335250
v 0.974985 0.661517 -0.282554
v 0.947610 0.556462 -0.282299
v 1.171653 0.775369 -0.343689
v 1.217102 0.780017 -0.344746
v 1.218954 0.828043 -0.328633
v 1.157196 0.820395 -0.325031
v 1.293297 0.751475 -0.343633
v 1.313407 0.724772 -0.341372
v 1.336593 0.740050 -0.310220
v 1.319214 0.780186 -0.320514
v 0.964192 0.278934 -0.331268
v 0.968436 0.335080 -0.332220
v 0.949423 0.359161 -0.262166
v 0.947896 0.307417 -0.270816
v 0.962707 0.462780 -0.332233
v 0.976075 0.531291 -0.335015
v 0.941881 0.444412 -0.279847
v 1.263412 0.604777 -0.339869
v 1.228341 0.601865 -0.341571
v 1.228410 0.599895 -0.302067
v 1.272790 0.600691 -0.297750
v 0.876625 0.304798 -0.276852
v 0.877339 0.275632 -0.331193
v 1.302088 0.629074 -0.338281
v 1.312160 0.625435 -0.298470
v 0.967799 0.396688 -0.333616
v 1.184641 0.615925 0.423239
v 1.221334 0.606396 0.423310
v 1.188193 0.615147 -0.337974
v 1.228456 0.606975 -0.342891
v 1.192851 0.619470 -0.341233
v 1.185952 0.619952 0.324709
v 1.323160 0.688313 0.413671
v 1.300799 0.655480 0.420524
v 1.300795 0.679741 0.418769
v 1.318821 0.663820 -0.339079
v 1.302537 0.663006 -0.343631
v 1.293191 0.639809 -0.343821
v 1.050000 0.662789 0.427048
v 1.076260 0.700636 0.426536
v 1.118559 0.676830 0.425579
v 1.098448 0.643996 0.425905
v 1.161583 0.722164 -0.340223
v 1.182319 0.738043 -0.343243
v 1.005669 0.576186 0.431154
v 1.028644 0.622729 0.427105
v 1.078235 0.612200 0.429083
v 1.053957 0.570549 0.431637
v 1.032715 0.668156 -0.335776
v 1.063743 0.603405 -0.339720
v 1.088555 0.639817 -0.339390
v 1.178440 0.774011 0.423522
v 1.226238 0.779235 0.421943
v 1.226508 0.744388 0.423593
v 1.189227 0.738564 0.422690
v 1.209748 0.740552 -0.343702
v 1.269876 0.769400 0.420355
v 1.255478 0.740869 0.421619
v 1.320907 0.697910 -0.338257
v 1.287981 0.717356 -0.344669
v 1.300247 0.693370 -0.344546
v 0.995680 0.218607 -0.338406
v 0.996225 0.330477 -0.338712
v 0.963204 0.271767 0.443593
v 0.963907 0.343301 0.439602
v 0.998244 0.332766 0.446149
v 0.999357 0.214910 0.446162
v 1.019333 0.520239 -0.340293
v 1.039128 0.559061 -0.339585
v 0.968524 0.468405 0.437606
v 0.984665 0.525761 0.435014
v 1.027659 0.518649 0.433984
v 1.005379 0.464416 0.436264
v 1.264263 0.615906 -0.343304
v 1.266625 0.606002 0.416857
v 1.261232 0.617030 0.422219
v 0.118913 0.220707 -0.340225
v 0.118850 0.286158 -0.323077
v 0.877405 0.214966 0.446072
v 0.877392 0.272925 0.444365
v 1.288905 0.634086 0.421511
v 0.964848 0.405910 0.439118
v 0.998115 0.405755 0.442460
v 0.997548 0.395977 -0.339854
v 1.001308 0.461931 -0.340484
v 1.103417 0.731408 0.425277
v 1.025610 0.730471 0.406405
v 1.065096 0.773357 0.406903
v 1.135362 0.755946 0.424280
v 1.151369 0.716964 0.424665
v 1.135056 0.699352 0.424783
v 1.060014 0.707656 -0.336114
v 1.114216 0.669140 -0.338179
v 1.135553 0.696635 -0.339673
v 1.301303 0.746394 0.417965
v 1.283821 0.802261 0.400378
v 1.324626 0.768958 0.395674
v 1.318685 0.718364 0.416014
v 1.295338 0.705676 0.414663
v 1.280099 0.725124 0.417864
v 1.260447 0.770419 -0.344836
v 1.245776 0.736453 -0.344022
v 1.272266 0.729653 -0.345052
v 0.996953 0.311760 0.337092
v 0.997989 0.220213 0.354368
v 1.156931 0.711439 0.330866
v 1.137540 0.696210 0.336259
v 1.121799 0.672932 0.333970
v 1.105051 0.643742 0.325374
v 1.082934 0.606544 0.328284
v 1.056065 0.563128 0.327891
v 1.027980 0.514052 0.323628
v 1.007439 0.455844 0.320917
v 0.999174 0.388714 0.324990
v 1.232445 0.741950 0.327886
v 1.173756 0.731152 0.337923
v 1.254345 0.738351 0.327796
v 1.289912 0.719404 0.330361
v 1.271719 0.730507 0.327726
v 1.301463 0.676404 0.334871
v 1.300324 0.711629 0.333673
v 1.263198 0.622073 0.340190
v 1.302232 0.650564 0.335690
v 1.231370 0.607695 0.336654
v 1.231213 0.593871 0.191968
v 1.232597 0.596057 0.132512
v 1.185859 0.612233 0.137996
v 1.185014 0.611876 0.196802
v 1.337328 0.704127 0.180861
v 1.356000 0.706040 0.124144
v 1.349857 0.667137 0.125828
v 1.334804 0.668558 0.183945
v 1.159416 0.816506 0.178015
v 1.154157 0.841953 0.234293
v 1.095431 0.821199 0.240004
v 1.103846 0.804749 0.176180
v 1.216727 0.817253 0.179092
v 1.220732 0.848757 0.230654
v 1.359058 0.701529 0.234393
v 1.355288 0.744493 0.232235
v 1.332347 0.740546 0.179338
v 0.940553 0.366658 0.179717
v 0.943492 0.370974 0.257638
v 0.943520 0.312961 0.257158
v 0.949351 0.281938 0.185341
v 1.229539 0.592837 0.250367
v 1.280005 0.600361 0.244808
v 1.279974 0.601672 0.187964
v 1.323384 0.626656 0.242893
v 1.318284 0.629767 0.186098
v 1.191789 0.625454 0.181689
v 0.975149 0.641116 0.173347
v 0.960524 0.648504 0.090723
v 0.991485 0.730909 0.089782
v 1.009784 0.717390 0.172001
v 1.221552 0.851030 0.127953
v 1.287537 0.829588 0.128460
v 1.271502 0.804546 0.179637
v 1.162468 0.821520 -0.074647
v 1.156206 0.848647 -0.011810
v 1.095899 0.826259 -0.009616
v 1.109167 0.798478 -0.077972
v 1.220623 0.829539 -0.073538
v 1.222277 0.854231 -0.012198
v 1.341435 0.709972 -0.071726
v 1.362320 0.708193 -0.009443
v 1.361251 0.757472 -0.010334
v 1.340486 0.752548 -0.072085
v 0.940561 0.360649 -0.076146
v 0.944015 0.367800 0.010589
v 0.948921 0.312802 0.004843
v 0.949958 0.287339 -0.075732
v 1.233573 0.597977 -0.069320
v 1.234026 0.596108 0.001083
v 1.284412 0.600997 -0.003171
v 1.282187 0.605859 -0.069515
v 0.876979 0.308397 -0.012148
v 0.877282 0.278825 -0.077646
v 1.328126 0.626180 -0.006252
v 1.321413 0.632757 -0.070886
v 1.232069 0.599031 -0.137387
v 1.186412 0.614577 -0.137501
v 1.187499 0.614837 -0.073277
v 1.352659 0.708986 -0.133317
v 1.345621 0.667279 -0.132472
v 1.336840 0.671548 -0.072099
v 1.193886 0.627446 -0.123548
v 0.964733 0.643572 -0.086278
v 0.953439 0.655469 -0.179085
v 0.993781 0.736468 -0.178359
v 1.004133 0.719295 -0.087000
v 1.221616 0.853804 -0.134130
v 1.289863 0.841517 -0.133908
v 1.279402 0.820170 -0.073437
v 1.155083 0.850759 -0.200875
v 1.156930 0.845178 -0.136550
v 1.099917 0.823228 -0.144887
v 1.098337 0.826642 -0.196838
v 1.221591 0.860812 -0.202960
v 1.358407 0.706980 -0.195345
v 1.352917 0.753943 -0.134388
v 1.359364 0.751256 -0.200858
v 0.946394 0.352401 -0.165580
v 0.946694 0.307592 -0.132975
v 0.949597 0.314775 -0.194979
v 1.231216 0.600322 -0.201303
v 1.281208 0.606140 -0.133633
v 1.279112 0.605742 -0.193893
v 1.322184 0.630248 -0.132552
v 1.321126 0.629046 -0.193176
v 1.229610 0.599940 -0.243942
v 1.184488 0.616645 -0.224288
v 1.352013 0.705359 -0.252690
v 1.342413 0.663509 -0.249398
v 1.348208 0.664607 -0.193202
v 1.010247 0.732515 -0.276157
v 1.220637 0.858389 -0.272153
v 1.289505 0.842396 -0.272919
v 1.292154 0.846616 -0.204815
v 1.233935 0.595971 0.065673
v 1.186849 0.612931 0.008308
v 1.187731 0.611803 0.064849
v 1.365589 0.707277 0.058864
v 1.352218 0.665623 -0.008218
v 1.355638 0.664365 0.059733
v 1.195691 0.627201 0.007409
v 0.957947 0.647129 0.002776
v 0.989722 0.728559 -0.000146
v 1.222592 0.858605 0.059078
v 1.289392 0.838966 -0.012165
v 1.290348 0.840069 0.059510
v 1.155323 0.854535 0.058832
v 1.155411 0.848962 0.124080
v 1.095826 0.830290 0.116019
v 1.095752 0.832896 0.063690
v 1.351195 0.749790 0.123727
v 1.362450 0.755724 0.058595
v 1.282497 0.601370 0.127841
v 1.284108 0.600728 0.063053
v 1.326015 0.626647 0.126660
v 1.328454 0.625153 0.061075
v 1.228905 0.591524 0.303168
v 1.179615 0.609090 0.261339
v 1.178819 0.608610 0.311793
v 1.364280 0.699013 0.291875
v 1.348250 0.663405 0.238870
v 1.351140 0.659764 0.293632
v 0.963601 0.658049 0.354669
v 0.962938 0.647160 0.259847
v 0.999763 0.723890 0.254395
v 0.997831 0.736233 0.339428
v 1.222818 0.854915 0.296063
v 1.286601 0.827906 0.230855
v 1.292276 0.835401 0.294432
v 1.150846 0.848066 0.298967
v 1.151852 0.842055 0.362312
v 1.094928 0.828778 0.358508
v 1.093663 0.830660 0.307471
v 1.224897 0.843823 0.358982
v 1.357764 0.696863 0.344018
v 1.357880 0.738986 0.347148
v 1.363865 0.743014 0.291838
v 1.227743 0.591087 0.349703
v 1.278101 0.597992 0.345583
v 1.279465 0.599187 0.297659
v 0.875008 0.314267 0.257698
v 0.877339 0.279192 0.184431
v 1.323171 0.620793 0.345034
v 1.324658 0.623906 0.296805
v 1.153334 0.846704 -0.268245
v 1.097252 0.820299 -0.267056
v 1.352467 0.749386 -0.259733
v 1.275875 0.604278 -0.245929
v 1.316271 0.627662 -0.247718
v 1.183940 0.615294 -0.297315
v 1.338893 0.702661 -0.302294
v 1.333476 0.663176 -0.299938
v 1.191683 0.628080 -0.267969
v 1.277186 0.813836 -0.328054
v 1.180225 0.718119 -0.105422
v 1.176789 0.739042 -0.256761
v 1.154703 0.716362 -0.254107
v 1.163411 0.702049 -0.104208
v 1.146918 0.687284 -0.103097
v 1.136880 0.695146 -0.248202
v 1.118778 0.671590 -0.231772
v 1.129525 0.663149 -0.098105
v 1.111793 0.639035 -0.095944
v 1.100511 0.646041 -0.226086
v 1.075543 0.607303 -0.225924
v 1.085160 0.603137 -0.095377
v 1.056968 0.561275 -0.096039
v 1.050588 0.564339 -0.230461
v 1.026260 0.516850 -0.226427
v 1.031189 0.514789 -0.098122
v 1.010027 0.455460 -0.098918
v 1.007675 0.459458 -0.224489
v 1.000429 0.388352 -0.224677
v 1.001242 0.386470 -0.095542
v 1.240564 0.746503 -0.104679
v 1.238097 0.757680 -0.257927
v 1.271904 0.738456 -0.104997
v 1.277658 0.749449 -0.257535
v 1.257530 0.754165 -0.258000
v 1.254682 0.742878 -0.104822
v 1.307483 0.718206 -0.105416
v 1.312206 0.714049 -0.242992
v 1.295447 0.731980 -0.257960
v 1.294762 0.728556 -0.105416
v 1.294920 0.653536 -0.110994
v 1.292767 0.651004 -0.259527
v 1.312622 0.674050 -0.219437
v 1.308092 0.674988 -0.090911
v 1.275098 0.636450 -0.107399
v 1.271572 0.634084 -0.252886
v 1.234144 0.618488 -0.101048
v 1.234699 0.619341 -0.241934
v 0.944016 0.368332 0.098118
v 0.945090 0.309896 0.101442
v 1.182217 0.733342 0.037076
v 1.158652 0.711967 0.036367
v 1.141135 0.691701 0.037927
v 1.122883 0.670704 0.038971
v 1.103705 0.644372 0.039043
v 1.080507 0.608729 0.041022
v 1.053583 0.564840 0.041463
v 1.027241 0.516014 0.040770
v 1.007467 0.456487 0.041848
v 1.000384 0.388305 0.044022
v 1.240751 0.747926 0.038659
v 1.274201 0.741446 0.036329
v 1.255951 0.744940 0.037696
v 1.311448 0.719310 0.034569
v 1.296939 0.728771 0.036202
v 1.306184 0.649292 0.036911
v 1.309302 0.679728 0.037111
v 1.279450 0.631141 0.036187
v 1.232884 0.615782 0.005629
v 1.176912 0.731821 0.167983
v 1.162669 0.708280 0.167188
v 1.145772 0.688023 0.166837
v 1.129418 0.666567 0.167744
v 1.112762 0.643515 0.169841
v 1.087584 0.606196 0.170749
v 1.060516 0.560703 0.171661
v 1.030957 0.513321 0.170848
v 1.006430 0.456007 0.172088
v 0.994510 0.387347 0.174145
v 1.241362 0.745919 0.168681
v 1.268300 0.728802 0.165429
v 1.253497 0.738208 0.167216
v 1.296502 0.711138 0.165305
v 1.285946 0.717749 0.165352
v 1.298716 0.651931 0.169294
v 1.300971 0.677006 0.167192
v 1.270384 0.629526 0.185058
v 1.230997 0.613088 0.187236
v 0.939098 0.368851 0.333958
v 0.934194 0.331905 0.338887
v 1.178833 0.606862 0.357386
v 1.348146 0.658827 0.344255
v 1.294728 0.829758 0.357095
v 1.165235 0.812255 0.405523
v 1.111741 0.798798 0.408676
v 0.996248 0.679612 0.407083
v 0.977451 0.641490 0.405237
v 1.225001 0.814417 0.401414
v 1.344677 0.694440 0.386373
v 1.341992 0.730884 0.390311
v 0.939128 0.360967 0.395997
v 0.929570 0.322780 0.401795
v 0.938855 0.559132 0.353182
v 0.955886 0.583261 0.402963
v 0.944943 0.536718 0.399190
v 1.273894 0.599400 0.386345
v 0.937223 0.454520 0.346223
v 0.941347 0.472534 0.393186
v 0.941832 0.416360 0.391687
v 1.327322 0.793153 0.125053
v 1.309516 0.775231 0.179206
v 1.335377 0.802652 -0.134280
v 1.321864 0.793434 -0.072670
v 1.336720 0.798396 -0.267680
v 1.341519 0.803139 -0.203116
v 1.336248 0.804326 -0.010777
v 1.335768 0.801842 0.058922
v 1.329583 0.787290 0.231889
v 1.338022 0.790336 0.292652
v 1.338810 0.787165 0.351524
v 0.999893 0.217901 -0.229774
v 0.877204 0.218819 -0.338589
v 0.877260 0.217681 -0.192660
v 0.999851 0.311205 -0.235362
v 0.877168 0.320837 0.401740
v 0.935298 0.457547 0.259936
v 0.935868 0.456671 0.176965
v 0.934741 0.455794 0.007866
v 0.932974 0.451432 -0.080152
v 0.934559 0.449656 -0.175754
v 1.000000 0.310481 -0.092710
v 0.935629 0.456443 0.094067
v 0.999728 0.312416 0.047636
v 0.992579 0.311770 0.181420
v 0.941656 0.553316 0.261176
v 0.948535 0.549541 0.175001
v 0.940207 0.550860 0.005869
v 0.941791 0.550887 -0.082760
v 0.937171 0.553241 -0.178271
v 0.942728 0.551281 0.092357
v 1.049021 0.799204 0.089140
v 1.055105 0.772754 0.171581
v 1.054173 0.796439 -0.176207
v 1.056440 0.770756 -0.085561
v 1.041217 0.788857 -0.003052
v 1.046801 0.783126 0.249038
v 1.050373 0.800798 0.334111
v 0.877399 0.311299 -0.215105
v 0.764542 0.313195 -0.214957
v 0.764712 0.306605 -0.276272
v 0.764426 0.215285 0.436931
v 0.764514 0.276735 0.443388
v 0.877444 0.312135 0.045134
v 0.764539 0.314078 0.044995
v 0.764666 0.309136 -0.020218
v 0.764415 0.280905 -0.079392
v 0.764707 0.309934 -0.144166
v 0.876607 0.306688 -0.135469
v 0.764462 0.281045 0.184438
v 0.764628 0.310447 0.117730
v 0.876560 0.307832 0.122756
v 0.764522 0.317589 0.400888
v 0.641293 0.314349 -0.214904
v 0.641470 0.308580 -0.275897
v 0.641376 0.212695 0.441251
v 0.641372 0.280371 0.442401
v 0.763925 0.316701 0.261552
v 0.641262 0.317359 0.261444
v 0.641299 0.280880 0.184438
v 0.641279 0.314371 0.044934
v 0.641332 0.309368 -0.020596
v 0.641293 0.282299 -0.080433
v 0.641394 0.310350 -0.144842
v 0.641284 0.310729 0.117828
v 0.641372 0.318869 0.400270
v 0.641446 0.327682 0.340663
v 0.764936 0.325351 0.340433
v 0.510662 0.315848 -0.214928
v 0.388986 0.314290 -0.214928
v 0.388950 0.308610 -0.275392
v 0.510726 0.310594 -0.275473
v 0.510624 0.318991 0.261085
v 0.388972 0.321881 0.260953
v 0.389031 0.282970 0.184500
v 0.510702 0.281115 0.184443
v 0.510599 0.314371 0.044916
v 0.388923 0.314371 0.044921
v 0.388910 0.309376 -0.020546
v 0.510599 0.309356 -0.020669
v 0.510615 0.282630 -0.080705
v 0.388971 0.282008 -0.080186
v 0.388905 0.310305 -0.144586
v 0.510608 0.310946 -0.144954
v 0.389017 0.310787 0.117387
v 0.510716 0.310740 0.117741
v 0.257239 0.221836 -0.340845
v 0.389392 0.221351 -0.340370
v 0.389060 0.280217 -0.328961
v 0.257123 0.279360 -0.329365
v 0.257047 0.313484 -0.214888
v 0.118969 0.313485 -0.214878
v 0.119005 0.307911 -0.271081
v 0.257165 0.307103 -0.275172
v 0.257178 0.214966 0.446072
v 0.118976 0.215670 0.445684
v 0.118886 0.283717 0.441879
v 0.257156 0.284791 0.439306
v 0.118815 0.324309 0.399477
v 0.256987 0.318760 0.398476
v 0.257014 0.314372 0.045013
v 0.118921 0.314373 0.045086
v 0.118840 0.309493 -0.019824
v 0.256997 0.309436 -0.020176
v 0.257040 0.280968 -0.079086
v 0.118928 0.280749 -0.078434
v 0.118942 0.310143 -0.143539
v 0.257021 0.310192 -0.143904
v 0.257102 0.282185 0.184478
v 0.119002 0.281125 0.184444
v 0.118903 0.310748 0.117687
v 0.257015 0.310762 0.117575
v 0.000000 0.313483 -0.214931
v 0.118802 0.319832 0.261732
v 0.000000 0.319318 0.262166
v 0.000000 0.281725 0.184637
v 0.000000 0.314372 0.045059
v 0.000000 0.309407 -0.020359
v 0.000000 0.280872 -0.078915
v 0.000000 0.310178 -0.143799
v 0.000000 0.310743 0.117720
v 0.000000 0.322630 0.398931
v 0.118895 0.330334 0.340413
v 1.000100 0.220265 -0.091977
v 0.999684 0.224458 0.049313
v 0.995980 0.221395 0.182694
v 0.877264 0.218181 0.370078
v 0.877255 0.222690 0.106934
v 0.641324 0.220150 -0.339526
v 0.541898 0.217681 -0.192660
v 0.542191 0.218181 0.370078
v 0.541520 0.222690 0.106934
v 0.510908 0.215038 0.441456
v 0.389106 0.214921 0.443793
v 0.389089 0.284313 0.438778
v 0.510848 0.284236 0.440989
v 0.510745 0.320399 0.398867
v 0.389017 0.317690 0.398249
v 0.257078 0.329034 0.340404
v 0.257033 0.320376 0.260893
v 0.510798 0.329445 0.340440
v 0.388998 0.328903 0.340404
v 0.510795 0.281032 -0.328577
v 0.641356 0.279016 -0.329676
v 0.764469 0.277319 -0.330600
v 0.875426 0.326928 0.343207
v -1.034230 0.083351 0.425233
v -1.122558 0.083535 0.425197
v -1.121317 0.083240 0.339357
v -1.034614 0.084497 0.338371
v -1.116573 0.000642 0.381798
v -1.078174 0.000660 0.347053
v -1.078559 0.031948 0.329712
v -1.078368 0.031900 0.434379
v -1.128995 0.031952 0.381771
v -1.024167 0.032063 0.380627
v -1.078378 0.056043 0.317939
v -1.078294 0.056891 0.443310
v -1.141144 0.056771 0.381771
v -1.014723 0.056652 0.381652
v -1.078736 0.092456 0.318710
v -1.078416 0.092645 0.444865
v -1.138735 0.092627 0.381895
v -1.017712 0.093019 0.381697
v -1.030056 0.012227 0.381699
v -1.078369 0.012797 0.428556
v -1.125889 0.012796 0.381698
v -1.078369 0.014725 0.337562
v -1.039407 0.000632 0.381677
v -1.078377 0.000628 0.420205
v -1.107072 0.000630 0.409988
v -1.104085 0.000663 0.356696
v -1.050418 0.000649 0.354315
v -1.114061 0.031994 0.346787
v -1.039647 0.031862 0.346170
v -1.116144 0.031950 0.418863
v -1.038345 0.031894 0.421177
v -1.121929 0.057608 0.338771
v -1.078409 0.083890 0.318354
v -1.033892 0.057204 0.337988
v -1.122363 0.057220 0.424965
v -1.033466 0.056986 0.426018
v -1.078297 0.084079 0.445665
v -1.140495 0.083698 0.381703
v -1.014541 0.083733 0.383536
v -1.121416 0.093132 0.339150
v -1.033887 0.093019 0.337803
v -1.120715 0.093070 0.424204
v -1.033393 0.092927 0.426079
v -1.043744 0.013096 0.415838
v -1.043487 0.012826 0.347300
v -1.113708 0.012354 0.416544
v -1.110874 0.015328 0.349707
v -1.050006 0.000636 0.409651
v -1.119351 0.098730 0.423884
v -1.034688 0.098723 0.425527
v -1.120422 0.098382 0.339619
v -1.038060 0.027048 0.421608
v -1.037938 0.026493 0.341919
v -1.118797 0.026913 0.421437
v -1.036233 0.097704 0.338754
v -1.103954 0.084149 0.322788
v -1.053190 0.084119 0.324071
v -1.052221 0.084372 0.442102
v -1.103204 0.083986 0.438345
v -1.135746 0.083800 0.406091
v -1.136071 0.083911 0.357178
v -1.020110 0.083896 0.356981
v -1.018281 0.083270 0.405845
v -1.116478 0.026873 0.344893
v -1.077948 0.099121 0.443693
v -1.137214 0.098898 0.381840
v -1.022057 0.026616 0.381579
v -1.078160 0.025831 0.435690
v -1.017881 0.098270 0.381026
v -1.114781 0.000631 0.397142
v -1.112539 0.000656 0.367360
v -1.092357 0.000661 0.350163
v -1.063373 0.000658 0.348137
v -1.097495 0.032009 0.338812
v -1.058910 0.031824 0.336563
v -1.098993 0.031959 0.428500
v -1.057705 0.031946 0.428784
v -1.124078 0.031959 0.362165
v -1.127172 0.031939 0.402485
v -1.030659 0.031942 0.401968
v -1.028987 0.031836 0.361596
v -1.103317 0.056579 0.324397
v -1.053898 0.057067 0.325523
v -1.102471 0.057244 0.437037
v -1.053131 0.056517 0.439827
v -1.132619 0.057983 0.358751
v -1.135659 0.057100 0.405883
v -1.021963 0.057259 0.405585
v -1.020160 0.056986 0.357195
v -1.103028 0.092782 0.326340
v -1.053988 0.092156 0.326225
v -1.102601 0.092950 0.437543
v -1.053653 0.092270 0.438969
v -1.133223 0.093018 0.357753
v -1.132446 0.093007 0.404808
v -1.021582 0.093325 0.405117
v -1.021756 0.093019 0.357755
v -1.078805 0.098104 0.318989
v -1.033894 0.012716 0.400521
v -1.033067 0.012067 0.362531
v -1.097532 0.012623 0.425670
v -1.059339 0.012902 0.425305
v -1.133383 0.026657 0.381052
v -1.078569 0.026464 0.329985
v -1.123569 0.012146 0.400830
v -1.121111 0.014052 0.363484
v -1.096239 0.015348 0.341289
v -1.059765 0.013801 0.339267
v -1.042183 0.000634 0.397012
v -1.042103 0.000635 0.366342
v -1.094051 0.000629 0.417671
v -1.062764 0.000630 0.417519
v -1.102070 0.098993 0.436957
v -1.054359 0.099061 0.438977
v -1.132573 0.098644 0.357618
v -1.131953 0.098745 0.404222
v -1.027061 0.026228 0.403460
v -1.025948 0.025854 0.359511
v -1.100377 0.026592 0.431340
v -1.057346 0.025758 0.431806
v -1.022192 0.098249 0.406152
v -1.023669 0.097824 0.358236
v -1.102581 0.097661 0.325756
v -1.054431 0.097939 0.325166
v -1.130429 0.026377 0.403291
v -1.127997 0.026506 0.360942
v -1.099140 0.026342 0.335369
v -1.057504 0.026300 0.333005
v -1.078381 0.041674 0.439140
v -1.101018 0.041902 0.433316
v -1.120140 0.041708 0.422813
v -1.132025 0.041701 0.404471
v -1.134719 0.041709 0.381733
v -1.129906 0.041714 0.359755
v -1.118713 0.041737 0.342097
v -1.100146 0.041747 0.332359
v -1.078512 0.041707 0.324702
v -1.056389 0.041624 0.330819
v -1.035975 0.041649 0.341674
v -1.024602 0.041774 0.359478
v -1.020136 0.042053 0.380936
v -1.025538 0.041728 0.404097
v -1.035084 0.041670 0.424399
v -1.055564 0.041706 0.433883
v -1.126297 0.023017 0.401798
v -1.115996 0.023265 0.418558
v -1.098898 0.023075 0.427767
v -1.078196 0.022898 0.431054
v -1.058787 0.022873 0.427629
v -1.040340 0.023183 0.419265
v -1.030896 0.023005 0.401845
v -1.026352 0.023173 0.381536
v -1.030423 0.022901 0.361360
v -1.040893 0.023324 0.345169
v -1.058632 0.023217 0.336596
v -1.078424 0.023277 0.333307
v -1.097947 0.023251 0.338026
v -1.114502 0.023437 0.346765
v -1.124915 0.023179 0.362257
v -1.129449 0.023207 0.381367
v -1.054090 0.072910 0.325965
v -1.029846 0.073204 0.336166
v -1.020148 0.072481 0.357158
v -1.010453 0.073164 0.381672
v -1.018662 0.072935 0.405449
v -1.030596 0.073152 0.428869
v -1.052621 0.073361 0.441217
v -1.078231 0.073438 0.448607
v -1.102963 0.072882 0.438063
v -1.125033 0.073090 0.427499
v -1.135564 0.072491 0.405841
v -1.145275 0.073113 0.381732
v -1.135713 0.073072 0.357510
v -1.124760 0.073194 0.335955
v -1.103351 0.073395 0.323826
v -1.078432 0.073457 0.313914
v -1.077902 0.000642 0.383007
v -1.034230 0.083351 -0.340148
v -1.122558 0.083535 -0.340184
v -1.121317 0.083239 -0.426023
v -1.034614 0.084497 -0.427010
v -1.116573 0.000642 -0.383583
v -1.078174 0.000660 -0.418328
v -1.078559 0.031948 -0.435669
v -1.078368 0.031900 -0.331003
v -1.128995 0.031952 -0.383610
v -1.024167 0.032063 -0.384754
v -1.078378 0.056043 -0.447442
v -1.078294 0.056891 -0.322071
v -1.141144 0.056771 -0.383610
v -1.014723 0.056652 -0.383729
v -1.078736 0.092456 -0.446670
v -1.078416 0.092645 -0.320516
v -1.138735 0.092627 -0.383486
v -1.017712 0.093019 -0.383683
v -1.030056 0.012227 -0.383682
v -1.078369 0.012797 -0.336825
v -1.125889 0.012796 -0.383683
v -1.078369 0.014725 -0.427819
v -1.039407 0.000632 -0.383704
v -1.078377 0.000628 -0.345176
v -1.107072 0.000629 -0.355394
v -1.104085 0.000663 -0.408685
v -1.050418 0.000649 -0.411066
v -1.114061 0.031994 -0.418594
v -1.039647 0.031862 -0.419212
v -1.116144 0.031950 -0.346518
v -1.038345 0.031894 -0.344203
v -1.121929 0.057608 -0.426611
v -1.078409 0.083890 -0.447027
v -1.033892 0.057204 -0.427393
v -1.122363 0.057220 -0.340417
v -1.033466 0.056986 -0.339363
v -1.078297 0.084079 -0.319716
v -1.140495 0.083698 -0.383678
v -1.014541 0.083733 -0.381845
v -1.121416 0.093132 -0.426231
v -1.033887 0.093019 -0.427579
v -1.120715 0.093070 -0.341177
v -1.033393 0.092927 -0.339302
v -1.043744 0.013096 -0.349543
v -1.043487 0.012826 -0.418082
v -1.113708 0.012354 -0.348837
v -1.110874 0.015328 -0.415674
v -1.050006 0.000636 -0.355730
v -1.119351 0.098730 -0.341497
v -1.034688 0.098723 -0.339854
v -1.120422 0.098382 -0.425762
v -1.038060 0.027047 -0.343774
v -1.037938 0.026493 -0.423462
v -1.118797 0.026913 -0.343945
v -1.036233 0.097704 -0.426626
v -1.103954 0.084149 -0.442593
v -1.053190 0.084119 -0.441310
v -1.052221 0.084372 -0.323279
v -1.103204 0.083986 -0.327035
v -1.135746 0.083800 -0.359290
v -1.136071 0.083911 -0.408204
v -1.020110 0.083896 -0.408400
v -1.018281 0.083270 -0.359537
v -1.116478 0.026873 -0.420488
v -1.077948 0.099121 -0.321688
v -1.137214 0.098898 -0.383541
v -1.022057 0.026616 -0.383802
v -1.078160 0.025831 -0.329690
v -1.017881 0.098270 -0.384355
v -1.114781 0.000631 -0.368239
v -1.112539 0.000656 -0.398022
v -1.092357 0.000661 -0.415218
v -1.063373 0.000658 -0.417244
v -1.097495 0.032009 -0.426569
v -1.058910 0.031824 -0.428818
v -1.098993 0.031959 -0.336880
v -1.057705 0.031946 -0.336597
v -1.124078 0.031959 -0.403216
v -1.127172 0.031939 -0.362896
v -1.030659 0.031942 -0.363412
v -1.028987 0.031836 -0.403786
v -1.103317 0.056578 -0.440984
v -1.053898 0.057067 -0.439858
v -1.102471 0.057244 -0.328344
v -1.053131 0.056517 -0.325555
v -1.132619 0.057983 -0.406630
v -1.135659 0.057100 -0.359498
v -1.021963 0.057259 -0.359795
v -1.020160 0.056986 -0.408187
v -1.103028 0.092782 -0.439041
v -1.053988 0.092156 -0.439156
v -1.102601 0.092950 -0.327837
v -1.053653 0.092270 -0.326412
v -1.133223 0.093018 -0.407627
v -1.132446 0.093007 -0.360573
v -1.021582 0.093325 -0.360264
v -1.021756 0.093019 -0.407626
v -1.078805 0.098104 -0.446392
v -1.033894 0.012716 -0.364860
v -1.033067 0.012067 -0.402850
v -1.097532 0.012623 -0.339711
v -1.059339 0.012902 -0.340076
v -1.133383 0.026657 -0.384329
v -1.078569 0.026464 -0.435396
v -1.123569 0.012146 -0.364551
v -1.121111 0.014052 -0.401897
v -1.096239 0.015348 -0.424092
v -1.059765 0.013801 -0.426114
v -1.042183 0.000634 -0.368370
v -1.042103 0.000635 -0.399039
v -1.094051 0.000629 -0.347710
v -1.062764 0.000630 -0.347862
v -1.102070 0.098993 -0.328423
v -1.054359 0.099061 -0.326404
v -1.132573 0.098643 -0.407763
v -1.131953 0.098745 -0.361159
v -1.027061 0.026228 -0.361921
v -1.025948 0.025854 -0.405871
v -1.100377 0.026592 -0.334041
v -1.057346 0.025758 -0.333575
v -1.022192 0.098249 -0.359229
v -1.023669 0.097824 -0.407145
v -1.102581 0.097661 -0.439625
v -1.054431 0.097939 -0.440215
v -1.130429 0.026377 -0.362090
v -1.127997 0.026506 -0.404439
v -1.099140 0.026342 -0.430011
v -1.057504 0.026300 -0.432376
v -1.078381 0.041674 -0.326241
v -1.101018 0.041902 -0.332066
v -1.120140 0.041708 -0.342568
v -1.132025 0.041701 -0.360910
v -1.134719 0.041709 -0.383648
v -1.129906 0.041714 -0.405627
v -1.118713 0.041737 -0.423284
v -1.100146 0.041747 -0.433022
v -1.078512 0.041707 -0.440679
v -1.056389 0.041624 -0.434562
v -1.035975 0.041649 -0.423708
v -1.024602 0.041774 -0.405903
v -1.020136 0.042052 -0.384445
v -1.025538 0.041728 -0.361283
v -1.035084 0.041670 -0.340982
v -1.055564 0.041706 -0.331498
v -1.126297 0.023017 -0.363583
v -1.115996 0.023265 -0.346823
v -1.098898 0.023075 -0.337614
v -1.078196 0.022898 -0.334327
v -1.058787 0.022873 -0.337752
v -1.040340 0.023183 -0.346116
v -1.030896 0.023004 -0.363536
v -1.026352 0.023173 -0.383844
v -1.030423 0.022901 -0.404022
v -1.040893 0.023324 -0.420212
v -1.058632 0.023217 -0.428785
v -1.078424 0.023277 -0.432074
v -1.097947 0.023251 -0.427355
v -1.114502 0.023437 -0.418616
v -1.124915 0.023179 -0.403124
v -1.129449 0.023207 -0.384014
v -1.054090 0.072910 -0.439416
v -1.029846 0.073204 -0.429214
v -1.020148 0.072481 -0.408223
v -1.010453 0.073164 -0.383709
v -1.018662 0.072935 -0.359932
v -1.030596 0.073152 -0.336512
v -1.052621 0.073361 -0.324164
v -1.078231 0.073438 -0.316774
v -1.102963 0.072882 -0.327317
v -1.125033 0.073090 -0.337881
v -1.135564 0.072491 -0.359540
v -1.145275 0.073113 -0.383649
v -1.135713 0.073072 -0.407870
v -1.124760 0.073194 -0.429427
v -1.103351 0.073395 -0.441554
v -1.078432 0.073457 -0.451467
v -1.077902 0.000642 -0.382375
v 1.120715 0.093070 0.424204
v 1.102601 0.092950 0.437543
v 1.102070 0.098993 0.436957
v 1.119351 0.098730 0.423884
v 1.078416 0.092645 0.444865
v 1.077948 0.099121 0.443693
v 1.053653 0.092270 0.438969
v 1.033393 0.092927 0.426079
v 1.034687 0.098723 0.425527
v 1.054359 0.099061 0.438977
v 1.121416 0.093132 0.339150
v 1.133223 0.093018 0.357753
v 1.132573 0.098644 0.357618
v 1.120422 0.098382 0.339619
v 1.138735 0.092627 0.381895
v 1.137214 0.098898 0.381840
v 1.132446 0.093007 0.404808
v 1.131953 0.098745 0.404222
v 1.038060 0.027048 0.421608
v 1.027061 0.026228 0.403460
v 1.030659 0.031942 0.401968
v 1.038345 0.031894 0.421177
v 1.040340 0.023183 0.419265
v 1.030896 0.023005 0.401845
v 1.022057 0.026616 0.381579
v 1.024167 0.032063 0.380627
v 1.026352 0.023173 0.381536
v 1.037938 0.026493 0.341919
v 1.025948 0.025854 0.359511
v 1.030423 0.022901 0.361360
v 1.040892 0.023324 0.345169
v 1.039647 0.031862 0.346170
v 1.028987 0.031836 0.361596
v 1.118797 0.026913 0.421437
v 1.100377 0.026592 0.431340
v 1.098993 0.031959 0.428500
v 1.116144 0.031950 0.418863
v 1.115995 0.023265 0.418558
v 1.098898 0.023075 0.427767
v 1.078160 0.025831 0.435690
v 1.078368 0.031900 0.434379
v 1.078195 0.022898 0.431054
v 1.057346 0.025758 0.431806
v 1.058786 0.022873 0.427629
v 1.057704 0.031946 0.428784
v 1.021582 0.093325 0.405117
v 1.022192 0.098249 0.406152
v 1.017712 0.093019 0.381697
v 1.017881 0.098270 0.381026
v 1.021756 0.093019 0.357755
v 1.033887 0.093019 0.337803
v 1.036233 0.097704 0.338754
v 1.023669 0.097824 0.358236
v 1.113708 0.012354 0.416544
v 1.123569 0.012146 0.400830
v 1.114781 0.000631 0.397142
v 1.107072 0.000630 0.409988
v 1.125889 0.012796 0.381698
v 1.116573 0.000642 0.381798
v 1.121111 0.014052 0.363484
v 1.110874 0.015328 0.349707
v 1.104085 0.000663 0.356696
v 1.112539 0.000656 0.367360
v 1.096239 0.015348 0.341289
v 1.092357 0.000661 0.350163
v 1.078369 0.014725 0.337562
v 1.078174 0.000660 0.347053
v 1.050418 0.000649 0.354315
v 1.063373 0.000658 0.348137
v 1.059765 0.013801 0.339267
v 1.043487 0.012826 0.347300
v 1.114061 0.031994 0.346787
v 1.097495 0.032009 0.338812
v 1.099139 0.026342 0.335369
v 1.116478 0.026873 0.344893
v 1.078559 0.031948 0.329712
v 1.078569 0.026464 0.329985
v 1.121929 0.057608 0.338771
v 1.103317 0.056579 0.324397
v 1.100146 0.041747 0.332359
v 1.118713 0.041737 0.342097
v 1.078378 0.056043 0.317939
v 1.078512 0.041707 0.324702
v 1.058910 0.031824 0.336563
v 1.056389 0.041624 0.330819
v 1.035975 0.041649 0.341674
v 1.057504 0.026300 0.333005
v 1.101018 0.041902 0.433316
v 1.120140 0.041708 0.422813
v 1.078381 0.041674 0.439140
v 1.033466 0.056986 0.426018
v 1.053131 0.056517 0.439827
v 1.055564 0.041706 0.433883
v 1.035084 0.041670 0.424399
v 1.078294 0.056891 0.443310
v 1.124078 0.031959 0.362165
v 1.129906 0.041714 0.359755
v 1.128995 0.031952 0.381771
v 1.134719 0.041709 0.381733
v 1.127997 0.026506 0.360942
v 1.133383 0.026657 0.381052
v 1.127172 0.031939 0.402485
v 1.130429 0.026377 0.403291
v 1.122363 0.057220 0.424965
v 1.135659 0.057100 0.405883
v 1.132025 0.041701 0.404471
v 1.141143 0.056771 0.381771
v 1.025538 0.041728 0.404097
v 1.020136 0.042053 0.380936
v 1.033892 0.057204 0.337988
v 1.020159 0.056986 0.357195
v 1.024602 0.041774 0.359478
v 1.014723 0.056652 0.381652
v 1.121317 0.083240 0.339357
v 1.103954 0.084149 0.322788
v 1.103351 0.073395 0.323826
v 1.124760 0.073194 0.335955
v 1.078409 0.083890 0.318354
v 1.078432 0.073457 0.313914
v 1.034614 0.084497 0.338371
v 1.029846 0.073204 0.336166
v 1.054090 0.072910 0.325965
v 1.053190 0.084119 0.324071
v 1.122558 0.083535 0.425197
v 1.125033 0.073090 0.427499
v 1.102963 0.072882 0.438063
v 1.103204 0.083986 0.438345
v 1.078231 0.073438 0.448607
v 1.078297 0.084079 0.445665
v 1.034230 0.083351 0.425233
v 1.052221 0.084372 0.442102
v 1.052621 0.073361 0.441217
v 1.030596 0.073152 0.428869
v 1.135713 0.073072 0.357510
v 1.136071 0.083911 0.357178
v 1.145275 0.073113 0.381732
v 1.140495 0.083698 0.381703
v 1.135746 0.083800 0.406091
v 1.135564 0.072491 0.405841
v 1.018662 0.072935 0.405449
v 1.018281 0.083270 0.405845
v 1.010453 0.073164 0.381672
v 1.014541 0.083733 0.383536
v 1.020110 0.083896 0.356981
v 1.020148 0.072481 0.357158
v 1.103028 0.092782 0.326340
v 1.078736 0.092456 0.318710
v 1.102581 0.097661 0.325756
v 1.078805 0.098104 0.318989
v 1.053987 0.092156 0.326225
v 1.054431 0.097939 0.325166
v 1.050006 0.000636 0.409651
v 1.042183 0.000634 0.397012
v 1.033894 0.012716 0.400521
v 1.043744 0.013096 0.415838
v 1.039407 0.000632 0.381677
v 1.030056 0.012227 0.381699
v 1.033067 0.012067 0.362531
v 1.042103 0.000635 0.366342
v 1.094051 0.000629 0.417671
v 1.097532 0.012623 0.425670
v 1.078377 0.000628 0.420205
v 1.078369 0.012797 0.428556
v 1.059339 0.012902 0.425305
v 1.062764 0.000630 0.417519
v 1.126297 0.023017 0.401798
v 1.129449 0.023207 0.381367
v 1.114502 0.023437 0.346765
v 1.124915 0.023179 0.362257
v 1.097946 0.023251 0.338026
v 1.078424 0.023277 0.333307
v 1.058632 0.023217 0.336596
v 1.053898 0.057067 0.325523
v 1.102471 0.057244 0.437037
v 1.132619 0.057983 0.358751
v 1.021963 0.057259 0.405585
v 1.077902 0.000642 0.383007
v 1.120715 0.093070 -0.341177
v 1.102601 0.092950 -0.327837
v 1.102070 0.098993 -0.328423
v 1.119351 0.098730 -0.341497
v 1.078416 0.092645 -0.320516
v 1.077948 0.099121 -0.321688
v 1.053653 0.092270 -0.326412
v 1.033393 0.092927 -0.339302
v 1.034687 0.098723 -0.339854
v 1.054359 0.099061 -0.326404
v 1.121416 0.093132 -0.426231
v 1.133223 0.093018 -0.407627
v 1.132573 0.098643 -0.407763
v 1.120422 0.098382 -0.425762
v 1.138735 0.092627 -0.383486
v 1.137214 0.098898 -0.383541
v 1.132446 0.093007 -0.360573
v 1.131953 0.098745 -0.361159
v 1.038060 0.027047 -0.343774
v 1.027061 0.026228 -0.361921
v 1.030659 0.031942 -0.363412
v 1.038345 0.031894 -0.344203
v 1.040340 0.023183 -0.346116
v 1.030896 0.023004 -0.363536
v 1.022057 0.026616 -0.383802
v 1.024167 0.032063 -0.384754
v 1.026352 0.023173 -0.383844
v 1.037938 0.026493 -0.423462
v 1.025948 0.025854 -0.405871
v 1.030423 0.022901 -0.404022
v 1.040892 0.023324 -0.420212
v 1.039647 0.031862 -0.419212
v 1.028987 0.031836 -0.403786
v 1.118797 0.026913 -0.343945
v 1.100377 0.026592 -0.334041
v 1.098993 0.031959 -0.336880
v 1.116144 0.031950 -0.346518
v 1.115995 0.023265 -0.346823
v 1.098898 0.023075 -0.337614
v 1.078160 0.025831 -0.329690
v 1.078368 0.031900 -0.331003
v 1.078195 0.022898 -0.334327
v 1.057346 0.025758 -0.333575
v 1.058786 0.022873 -0.337752
v 1.057704 0.031946 -0.336597
v 1.021582 0.093325 -0.360264
v 1.022192 0.098249 -0.359229
v 1.017712 0.093019 -0.383683
v 1.017881 0.098270 -0.384355
v 1.021756 0.093019 -0.407626
v 1.033887 0.093019 -0.427579
v 1.036233 0.097704 -0.426626
v 1.023669 0.097824 -0.407145
v 1.113708 0.012354 -0.348837
v 1.123569 0.012146 -0.364551
v 1.114781 0.000631 -0.368239
v 1.107072 0.000629 -0.355394
v 1.125889 0.012796 -0.383683
v 1.116573 0.000642 -0.383583
v 1.121111 0.014052 -0.401897
v 1.110874 0.015328 -0.415674
v 1.104085 0.000663 -0.408685
v 1.112539 0.000656 -0.398022
v 1.096239 0.015348 -0.424092
v 1.092357 0.000661 -0.415218
v 1.078369 0.014725 -0.427819
v 1.078174 0.000660 -0.418328
v 1.050418 0.000649 -0.411066
v 1.063373 0.000658 -0.417244
v 1.059765 0.013801 -0.426114
v 1.043487 0.012826 -0.418082
v 1.114061 0.031994 -0.418594
v 1.097495 0.032009 -0.426569
v 1.099139 0.026342 -0.430011
v 1.116478 0.026873 -0.420488
v 1.078559 0.031948 -0.435669
v 1.078569 0.026464 -0.435396
v 1.121929 0.057608 -0.426611
v 1.103317 0.056578 -0.440984
v 1.100146 0.041747 -0.433022
v 1.118713 0.041737 -0.423284
v 1.078378 0.056043 -0.447442
v 1.078512 0.041707 -0.440679
v 1.058910 0.031824 -0.428818
v 1.056389 0.041624 -0.434562
v 1.035975 0.041649 -0.423708
v 1.057504 0.026300 -0.432376
v 1.101018 0.041902 -0.332066
v 1.120140 0.041708 -0.342568
v 1.078381 0.041674 -0.326241
v 1.033466 0.056986 -0.339363
v 1.053131 0.056517 -0.325555
v 1.055564 0.041706 -0.331498
v 1.035084 0.041670 -0.340982
v 1.078294 0.056891 -0.322071
v 1.124078 0.031959 -0.403216
v 1.129906 0.041714 -0.405627
v 1.128995 0.031952 -0.383610
v 1.134719 0.041709 -0.383648
v 1.127997 0.026506 -0.404439
v 1.133383 0.026657 -0.384329
v 1.127172 0.031939 -0.362896
v 1.130429 0.026377 -0.362090
v 1.122363 0.057220 -0.340417
v 1.135659 0.057100 -0.359498
v 1.132025 0.041701 -0.360910
v 1.141143 0.056771 -0.383610
v 1.025538 0.041728 -0.361283
v 1.020136 0.042052 -0.384445
v 1.033892 0.057204 -0.427393
v 1.020159 0.056986 -0.408187
v 1.024602 0.041774 -0.405903
v 1.014723 0.056652 -0.383729
v 1.121317 0.083239 -0.426023
v 1.103954 0.084149 -0.442593
v 1.103351 0.073395 -0.441554
v 1.124760 0.073194 -0.429427
v 1.078409 0.083890 -0.447027
v 1.078432 0.073457 -0.451467
v 1.034614 0.084497 -0.427010
v 1.029846 0.073204 -0.429214
v 1.054090 0.072910 -0.439416
v 1.053190 0.084119 -0.441310
v 1.122558 0.083535 -0.340184
v 1.125033 0.073090 -0.337881
v 1.102963 0.072882 -0.327317
v 1.103204 0.083986 -0.327035
v 1.078231 0.073438 -0.316774
v 1.078297 0.084079 -0.319716
v 1.034230 0.083351 -0.340148
v 1.052221 0.084372 -0.323279
v 1.052621 0.073361 -0.324164
v 1.030596 0.073152 -0.336512
v 1.135713 0.073072 -0.407870
v 1.136071 0.083911 -0.408204
v 1.145275 0.073113 -0.383649
v 1.140495 0.083698 -0.383678
v 1.135746 0.083800 -0.359290
v 1.135564 0.072491 -0.359540
v 1.018662 0.072935 -0.359932
v 1.018281 0.083270 -0.359537
v 1.010453 0.073164 -0.383709
v 1.014541 0.083733 -0.381845
v 1.020110 0.083896 -0.408400
v 1.020148 0.072481 -0.408223
v 1.103028 0.092782 -0.439041
v 1.078736 0.092456 -0.446670
v 1.102581 0.097661 -0.439625
v 1.078805 0.098104 -0.446392
v 1.053987 0.092156 -0.439156
v 1.054431 0.097939 -0.440215
v 1.050006 0.000636 -0.355730
v 1.042183 0.000634 -0.368370
v 1.033894 0.012716 -0.364860
v 1.043744 0.013096 -0.349543
v 1.039407 0.000632 -0.383704
v 1.030056 0.012227 -0.383682
v 1.033067 0.012067 -0.402850
v 1.042103 0.000635 -0.399039
v 1.094051 0.000629 -0.347710
v 1.097532 0.012623 -0.339711
v 1.078377 0.000628 -0.345176
v 1.078369 0.012797 -0.336825
v 1.059339 0.012902 -0.340076
v 1.062764 0.000630 -0.347862
v 1.126297 0.023017 -0.363583
v 1.129449 0.023207 -0.384014
v 1.114502 0.023437 -0.418616
v 1.124915 0.023179 -0.403124
v 1.097946 0.023251 -0.427355
v 1.078424 0.023277 -0.432074
v 1.058632 0.023217 -0.428785
v 1.053898 0.057067 -0.439858
v 1.102471 0.057244 -0.328344
v 1.132619 0.057983 -0.406630
v 1.021963 0.057259 -0.359795
v 1.077902 0.000642 -0.382375
v -0.751173 0.570697 0.050009
v -0.738075 0.656743 0.005788
v -0.273728 0.526238 -0.097064
v -0.349735 0.534893 -0.099847
v -0.244607 0.967021 -0.250423
v -0.244287 0.842917 -0.207920
v -0.761682 1.003594 -0.121353
v -0.690877 0.985746 -0.159267
v -0.737302 0.765493 -0.034424
v -0.743623 0.875692 -0.077437
v -0.244722 0.746877 -0.173695
v -0.243945 0.643860 -0.136712
v -0.675134 0.566305 -0.007756
v -0.645838 0.685010 0.019779
v -0.692398 0.826663 -0.186578
v -0.334320 0.770200 -0.103165
v -0.336639 0.870175 -0.149749
v -0.490428 0.864790 -0.106047
v -0.488585 0.776402 -0.066301
v -0.371453 0.716265 -0.249415
v -0.368423 0.622174 -0.210964
v -0.533192 0.632730 -0.188304
v -0.536647 0.722281 -0.227537
v -0.514464 0.956857 -0.223292
v -0.505833 0.558368 -0.072954
v -0.488940 0.685475 -0.034526
v -0.538383 0.810068 -0.257923
v -0.645680 0.888073 -0.061446
v -0.684907 0.641614 -0.114398
v -0.353142 0.960021 -0.258152
v -0.335128 0.671316 -0.068082
v -0.368661 0.811301 -0.280430
v -0.641321 0.785280 -0.016013
v -0.688035 0.730863 -0.153747
v -0.664369 0.958351 -0.113977
v -0.499485 0.930611 -0.162072
v -0.338033 0.946534 -0.220130
v -0.235342 0.938555 -0.237216
v -0.361485 0.896835 -0.283997
v -0.526780 0.896738 -0.257326
v -0.690154 0.922210 -0.190310
v -0.764317 0.993021 -0.110633
v -0.718160 0.891746 -0.062205
v -0.748147 0.995867 -0.112796
v -0.747188 1.005605 -0.130544
v -0.736811 0.944468 -0.149083
v -0.730624 0.844192 -0.131422
v -0.725879 0.733808 -0.094076
v -0.725311 0.651335 -0.057433
v -0.738834 0.569902 0.047211
v -0.712288 0.669131 0.021293
v -0.707099 0.780469 -0.017640
v -0.567415 0.875359 -0.081984
v -0.564717 0.782287 -0.039559
v -0.567159 0.685885 -0.005135
v -0.589588 0.564355 -0.046092
v -0.613713 0.636970 -0.158045
v -0.617353 0.725921 -0.197546
v -0.621336 0.817171 -0.228830
v -0.613816 0.910469 -0.226214
v -0.595050 0.966927 -0.195310
v -0.579476 0.939669 -0.136069
v -0.412786 0.864475 -0.127080
v -0.410779 0.773309 -0.085759
v -0.409751 0.679085 -0.053623
v -0.423798 0.549066 -0.091853
v -0.450756 0.625335 -0.209077
v -0.455418 0.717398 -0.248263
v -0.456483 0.807245 -0.278791
v -0.455431 0.895810 -0.275759
v -0.436080 0.953838 -0.245213
v -0.420538 0.931082 -0.187136
v -0.262904 0.954648 -0.232093
v -0.275618 0.861659 -0.175519
v -0.275356 0.761562 -0.133151
v -0.275285 0.661927 -0.095980
v -0.295516 0.517278 -0.097552
v -0.300102 0.629550 -0.183944
v -0.299865 0.727080 -0.220029
v -0.297150 0.823578 -0.251103
v -0.288838 0.918229 -0.267109
v -0.271746 0.973337 -0.255702
v -0.582141 0.595128 -0.007254
v -0.676840 0.582601 0.023322
v -0.739827 0.579484 0.050395
v -0.752343 0.580690 0.047464
v -0.726748 0.581402 -0.007953
v -0.677687 0.581018 -0.057677
v -0.600152 0.575522 -0.095369
v -0.519888 0.570474 -0.126691
v -0.438731 0.560681 -0.145902
v -0.359903 0.550043 -0.151978
v -0.300154 0.542349 -0.132921
v -0.259067 0.549779 -0.101384
v -0.280992 0.562819 -0.084669
v -0.338704 0.576095 -0.068723
v -0.414798 0.590190 -0.054377
v -0.496781 0.598008 -0.033539
v 0.751173 0.570697 0.050009
v 0.738834 0.569902 0.047211
v 0.739827 0.579484 0.050395
v 0.752343 0.580690 0.047464
v 0.761682 1.003594 -0.121353
v 0.747188 1.005605 -0.130544
v 0.736811 0.944468 -0.149083
v 0.764317 0.993021 -0.110633
v 0.334320 0.770200 -0.103165
v 0.336639 0.870175 -0.149749
v 0.412786 0.864475 -0.127080
v 0.410779 0.773309 -0.085759
v 0.244722 0.746877 -0.173695
v 0.244287 0.842917 -0.207920
v 0.275618 0.861659 -0.175519
v 0.275356 0.761562 -0.133151
v 0.371453 0.716265 -0.249415
v 0.368423 0.622174 -0.210964
v 0.450756 0.625335 -0.209077
v 0.455418 0.717398 -0.248263
v 0.243945 0.643860 -0.136712
v 0.300102 0.629550 -0.183944
v 0.299865 0.727080 -0.220029
v 0.675134 0.566305 -0.007756
v 0.589588 0.564355 -0.046092
v 0.582141 0.595128 -0.007254
v 0.676840 0.582601 0.023322
v 0.690877 0.985746 -0.159267
v 0.595050 0.966927 -0.195310
v 0.613816 0.910469 -0.226214
v 0.690154 0.922210 -0.190310
v 0.748147 0.995867 -0.112796
v 0.664369 0.958351 -0.113977
v 0.726748 0.581402 -0.007953
v 0.677687 0.581018 -0.057677
v 0.349735 0.534893 -0.099847
v 0.295516 0.517278 -0.097552
v 0.280992 0.562819 -0.084669
v 0.338704 0.576095 -0.068723
v 0.353142 0.960021 -0.258152
v 0.271746 0.973337 -0.255702
v 0.288838 0.918229 -0.267109
v 0.361485 0.896835 -0.283997
v 0.645838 0.685010 0.019779
v 0.641321 0.785280 -0.016013
v 0.707099 0.780469 -0.017640
v 0.712288 0.669131 0.021293
v 0.359903 0.550043 -0.151978
v 0.438731 0.560681 -0.145902
v 0.259067 0.549779 -0.101384
v 0.300154 0.542349 -0.132921
v 0.335128 0.671316 -0.068082
v 0.409751 0.679085 -0.053623
v 0.738075 0.656743 0.005788
v 0.737302 0.765493 -0.034424
v 0.725879 0.733808 -0.094076
v 0.725311 0.651335 -0.057433
v 0.275285 0.661927 -0.095980
v 0.692398 0.826663 -0.186578
v 0.688035 0.730863 -0.153747
v 0.730624 0.844192 -0.131422
v 0.338033 0.946534 -0.220130
v 0.420538 0.931082 -0.187136
v 0.235342 0.938555 -0.237216
v 0.262904 0.954648 -0.232093
v 0.368661 0.811301 -0.280430
v 0.456483 0.807245 -0.278791
v 0.743623 0.875692 -0.077437
v 0.718160 0.891746 -0.062205
v 0.297150 0.823578 -0.251103
v 0.490428 0.864790 -0.106047
v 0.567415 0.875359 -0.081984
v 0.564717 0.782287 -0.039559
v 0.488585 0.776402 -0.066301
v 0.533192 0.632730 -0.188304
v 0.613713 0.636970 -0.158045
v 0.617353 0.725921 -0.197546
v 0.536647 0.722281 -0.227537
v 0.505833 0.558368 -0.072954
v 0.423798 0.549066 -0.091853
v 0.414798 0.590190 -0.054377
v 0.496781 0.598008 -0.033539
v 0.514464 0.956857 -0.223292
v 0.436080 0.953838 -0.245213
v 0.455431 0.895810 -0.275759
v 0.526780 0.896738 -0.257326
v 0.600152 0.575522 -0.095369
v 0.519888 0.570474 -0.126691
v 0.567159 0.685885 -0.005135
v 0.488940 0.685475 -0.034526
v 0.579476 0.939669 -0.136069
v 0.499485 0.930611 -0.162072
v 0.621336 0.817171 -0.228830
v 0.538383 0.810068 -0.257923
v 0.244607 0.967021 -0.250423
v 0.645680 0.888073 -0.061446
v 0.684908 0.641614 -0.114398
v 0.273728 0.526238 -0.097064
v -0.291589 0.539436 -0.030057
v -0.273306 0.605842 -0.041111
v -0.290286 0.868762 -0.151368
v -0.269134 0.709157 -0.088962
v -0.270814 0.814382 -0.124780
v 0.000000 0.803035 -0.096007
v 0.000000 0.737730 -0.070879
v 0.000000 0.564394 -0.094018
v 0.000000 0.852910 -0.189417
v 0.000000 0.742361 -0.246959
v 0.000000 0.661653 -0.220635
v -0.082444 0.733734 -0.061407
v -0.079503 0.665881 -0.030570
v -0.083495 0.561628 -0.090331
v -0.091536 0.596381 -0.184868
v -0.093009 0.665558 -0.216213
v -0.095007 0.741681 -0.240957
v -0.090782 0.854433 -0.187115
v -0.084168 0.802343 -0.089735
v -0.244020 0.716096 -0.049446
v -0.255145 0.616145 -0.021253
v -0.272711 0.535996 -0.037617
v -0.245045 0.607850 -0.106308
v -0.242679 0.689656 -0.141935
v -0.247979 0.773752 -0.166817
v -0.270261 0.873255 -0.162491
v -0.249042 0.811808 -0.095809
v 0.000000 0.612327 -0.044835
v -0.083135 0.607005 -0.041917
v -0.275054 0.562258 -0.022713
v -0.291301 0.561242 -0.028658
v -0.281161 0.550142 -0.046883
v -0.090296 0.561951 -0.145191
v 0.000000 0.559952 -0.145175
v 0.000000 0.808198 -0.227669
v -0.093966 0.810385 -0.223722
v -0.271438 0.846333 -0.167205
v -0.288538 0.848882 -0.140047
v -0.273870 0.863807 -0.139556
v -0.087727 0.843362 -0.137741
v 0.000000 0.844275 -0.149151
v -0.164215 0.732075 -0.046667
v -0.164897 0.654525 -0.017404
v -0.172375 0.594248 -0.032523
v -0.175015 0.553752 -0.071309
v -0.182468 0.557773 -0.113619
v -0.181434 0.598825 -0.159761
v -0.181402 0.672551 -0.193176
v -0.185133 0.750452 -0.217205
v -0.186210 0.821108 -0.207537
v -0.181441 0.861283 -0.177447
v -0.177846 0.849472 -0.131619
v -0.169387 0.806975 -0.081770
v 0.291590 0.539436 -0.030057
v 0.272712 0.535996 -0.037617
v 0.275054 0.562258 -0.022713
v 0.291302 0.561242 -0.028658
v 0.290286 0.868762 -0.151368
v 0.270261 0.873255 -0.162491
v 0.271439 0.846333 -0.167205
v 0.288538 0.848882 -0.140047
v 0.079503 0.665881 -0.030570
v 0.082445 0.733734 -0.061407
v 0.164215 0.732075 -0.046667
v 0.164897 0.654525 -0.017404
v 0.273307 0.605842 -0.041111
v 0.269135 0.709157 -0.088962
v 0.242680 0.689656 -0.141935
v 0.245046 0.607850 -0.106308
v 0.095007 0.741681 -0.240957
v 0.093010 0.665558 -0.216213
v 0.181402 0.672551 -0.193176
v 0.185134 0.750452 -0.217205
v 0.270815 0.814382 -0.124780
v 0.244020 0.716096 -0.049446
v 0.249043 0.811808 -0.095809
v 0.084169 0.802343 -0.089735
v 0.083495 0.561625 -0.090330
v 0.090297 0.561951 -0.145191
v 0.000000 0.669762 -0.037358
v 0.000000 0.595445 -0.190536
v 0.091537 0.596381 -0.184868
v 0.090783 0.854433 -0.187115
v 0.087727 0.843362 -0.137741
v 0.083135 0.607005 -0.041917
v 0.093967 0.810385 -0.223722
v 0.169387 0.806975 -0.081770
v 0.175016 0.553752 -0.071309
v 0.182469 0.557773 -0.113619
v 0.181435 0.598825 -0.159761
v 0.181441 0.861283 -0.177447
v 0.177847 0.849472 -0.131619
v 0.172376 0.594248 -0.032523
v 0.186211 0.821108 -0.207537
v 0.273871 0.863807 -0.139556
v 0.281162 0.550142 -0.046883
v 0.255146 0.616145 -0.021253
v 0.247979 0.773752 -0.166817
v -0.884918 0.533459 0.174340
v -1.055649 0.961034 0.073363
v -0.565923 0.565264 -0.230932
v -0.741559 1.005879 -0.301287
v -0.660726 0.771832 -0.258287
v -0.947378 0.722140 0.114816
v -0.862508 0.769902 0.065462
v -0.857892 0.537656 0.088434
v -0.982055 0.704356 -0.014199
v -1.004059 0.951251 -0.018345
v -0.694758 0.794050 -0.153291
v -0.665941 0.569946 -0.173977
v -0.782469 0.732775 -0.258330
v -0.826851 0.980589 -0.249530
v -0.827882 0.675249 0.084483
v -0.905315 0.609276 0.143378
v -0.945965 0.619054 0.009026
v -0.751266 0.643551 -0.236240
v -0.621627 0.675662 -0.239570
v -0.657160 0.702412 -0.139553
v -0.909999 0.869792 0.040100
v -0.745580 0.896019 -0.176907
v -0.694231 0.871613 -0.277275
v -0.817041 0.826234 -0.276400
v -1.017790 0.797125 -0.031216
v -0.998139 0.844775 0.092028
v -0.788503 0.781829 -0.049237
v -0.910835 0.706432 -0.152707
v -0.926669 0.950876 -0.138100
v -0.777203 0.559624 -0.053358
v -0.754804 0.694819 -0.034013
v -0.874318 0.622855 -0.131628
v -0.945318 0.796793 -0.169595
v -0.834830 0.877933 -0.074212
v -0.875542 0.877121 -0.018453
v -0.827053 0.777194 0.008860
v -0.792996 0.687798 0.025264
v -0.811990 0.551841 0.006307
v -0.917981 0.617575 -0.064879
v -0.954904 0.701664 -0.085665
v -0.990443 0.794479 -0.102890
v -0.967282 0.947916 -0.079275
v -0.790881 0.887196 -0.126342
v -0.741416 0.788473 -0.101747
v -0.707422 0.701365 -0.086692
v -0.719173 0.566279 -0.117085
v -0.819861 0.629667 -0.192696
v -0.856731 0.714715 -0.213898
v -0.889953 0.807117 -0.232412
v -0.879383 0.961695 -0.196863
v -0.702170 0.888969 -0.237938
v -0.660721 0.785996 -0.213979
v -0.619341 0.684972 -0.201750
v -0.589141 0.558318 -0.216218
v -0.673536 0.662639 -0.247143
v -0.712247 0.756176 -0.266597
v -0.745629 0.857778 -0.286825
v -0.764802 1.005720 -0.291854
v -0.953415 0.861408 0.080903
v -1.040959 0.961751 0.041795
v -1.017097 0.815201 0.035600
v -0.977073 0.712418 0.053837
v -0.943822 0.629869 0.073001
v -0.880510 0.528335 0.151194
v -0.867583 0.646934 0.127266
v -0.904889 0.752845 0.104691
v -1.050974 0.944527 0.085289
v -1.015564 0.942837 0.061713
v -0.973370 0.937420 0.006343
v -0.934757 0.934947 -0.053977
v -0.893404 0.936867 -0.110881
v -0.849246 0.946721 -0.165374
v -0.799033 0.968081 -0.227098
v -0.744856 0.993879 -0.283411
v -0.725149 0.988412 -0.300970
v -0.756359 0.980344 -0.302335
v -0.833819 0.924273 -0.275367
v -0.897668 0.905047 -0.225935
v -0.950415 0.892982 -0.164970
v -0.993482 0.889718 -0.101171
v -1.027415 0.892822 -0.034810
v -1.053118 0.938152 0.052558
v -0.869137 0.563779 0.156845
v -0.893047 0.561179 0.164579
v -0.899086 0.544753 0.132471
v -0.898410 0.553187 0.047193
v -0.861845 0.558292 -0.029183
v -0.822209 0.566335 -0.093506
v -0.768553 0.572145 -0.152039
v -0.705438 0.577768 -0.201609
v -0.600990 0.579495 -0.232886
v -0.569528 0.585026 -0.231380
v -0.577407 0.585376 -0.210902
v -0.640717 0.617527 -0.141935
v -0.694485 0.619003 -0.088487
v -0.743944 0.612765 -0.033113
v -0.784178 0.604512 0.027926
v -0.820903 0.590801 0.090598
v 0.884918 0.533459 0.174340
v 0.880510 0.528335 0.151194
v 0.869137 0.563779 0.156845
v 0.893047 0.561179 0.164579
v 1.055649 0.961034 0.073363
v 1.040959 0.961751 0.041795
v 1.053118 0.938152 0.052558
v 1.050974 0.944527 0.085289
v 0.694758 0.794050 -0.153291
v 0.745580 0.896019 -0.176907
v 0.790881 0.887196 -0.126342
v 0.741416 0.788473 -0.101747
v 0.660727 0.771832 -0.258287
v 0.694231 0.871613 -0.277275
v 0.702170 0.888969 -0.237938
v 0.660721 0.785996 -0.213979
v 0.782469 0.732775 -0.258330
v 0.751266 0.643551 -0.236240
v 0.819861 0.629667 -0.192696
v 0.856731 0.714715 -0.213898
v 0.621628 0.675662 -0.239570
v 0.673536 0.662639 -0.247143
v 0.712247 0.756176 -0.266597
v 0.857892 0.537656 0.088434
v 0.811990 0.551841 0.006307
v 0.784178 0.604512 0.027926
v 0.820903 0.590801 0.090598
v 1.004059 0.951251 -0.018345
v 0.967282 0.947916 -0.079275
v 0.993482 0.889718 -0.101171
v 1.027415 0.892822 -0.034810
v 1.015564 0.942837 0.061713
v 0.973370 0.937420 0.006343
v 0.899086 0.544753 0.132471
v 0.898410 0.553187 0.047193
v 0.665941 0.569946 -0.173977
v 0.589141 0.558318 -0.216218
v 0.577407 0.585376 -0.210902
v 0.640717 0.617527 -0.141935
v 0.826851 0.980589 -0.249530
v 0.764802 1.005720 -0.291854
v 0.756359 0.980344 -0.302335
v 0.833820 0.924273 -0.275367
v 0.827882 0.675249 0.084483
v 0.862508 0.769902 0.065462
v 0.904889 0.752845 0.104691
v 0.867583 0.646934 0.127266
v 0.705438 0.577768 -0.201609
v 0.768553 0.572145 -0.152039
v 0.569528 0.585026 -0.231380
v 0.600990 0.579495 -0.232886
v 0.657160 0.702412 -0.139553
v 0.707422 0.701365 -0.086692
v 0.905315 0.609276 0.143378
v 0.947378 0.722140 0.114816
v 0.977073 0.712418 0.053837
v 0.943822 0.629869 0.073001
v 0.619341 0.684972 -0.201750
v 1.017790 0.797125 -0.031216
v 0.982055 0.704356 -0.014199
v 1.017097 0.815201 0.035600
v 0.799033 0.968081 -0.227098
v 0.849246 0.946721 -0.165374
v 0.725149 0.988412 -0.300970
v 0.744856 0.993879 -0.283411
v 0.817041 0.826234 -0.276400
v 0.889953 0.807117 -0.232412
v 0.998139 0.844775 0.092028
v 0.953415 0.861408 0.080903
v 0.745629 0.857778 -0.286825
v 0.834830 0.877933 -0.074212
v 0.875542 0.877121 -0.018453
v 0.827053 0.777194 0.008860
v 0.788503 0.781829 -0.049237
v 0.874318 0.622855 -0.131628
v 0.917981 0.617575 -0.064879
v 0.954904 0.701664 -0.085665
v 0.910835 0.706432 -0.152707
v 0.777203 0.559624 -0.053358
v 0.719173 0.566279 -0.117085
v 0.694485 0.619003 -0.088487
v 0.743944 0.612765 -0.033113
v 0.926669 0.950876 -0.138100
v 0.879383 0.961695 -0.196863
v 0.897668 0.905047 -0.225935
v 0.950415 0.892982 -0.164970
v 0.861845 0.558292 -0.029183
v 0.822209 0.566335 -0.093506
v 0.792996 0.687798 0.025264
v 0.754804 0.694819 -0.034013
v 0.934757 0.934947 -0.053977
v 0.893404 0.936867 -0.110881
v 0.990443 0.794479 -0.102890
v 0.945318 0.796793 -0.169595
v 0.909999 0.869792 0.040100
v 0.945965 0.619054 0.009026
v 0.565923 0.565264 -0.230932
v 0.741559 1.005879 -0.301287
v 0.000000 0.864177 -0.188909
v 0.785880 0.912436 -0.097226
v 0.780139 0.845883 -0.074621
v 0.737679 0.851609 -0.069797
v 0.745619 0.913936 -0.091020
v 0.775858 0.788766 -0.048324
v 0.734697 0.793450 -0.044484
v 0.770158 0.732843 -0.023160
v 0.728997 0.737527 -0.019320
v 0.773143 0.779581 -0.044825
v 0.767402 0.713028 -0.011256
v 0.726028 0.718754 -0.009924
v 0.733968 0.781081 -0.042111
v 0.761819 0.655910 0.015041
v 0.721744 0.660595 0.015389
v 0.770579 0.599988 0.032051
v 0.730504 0.604672 0.032399
v 0.774375 0.612045 0.034302
v 0.782840 0.559445 0.063701
v 0.744111 0.578595 0.048452
v 0.738862 0.609066 0.032837
v 0.725842 0.562685 0.064192
v 0.733579 0.571439 0.046622
v 0.673003 0.572628 0.038722
v 0.678959 0.589068 0.014484
v 0.209127 0.912927 -0.236378
v 0.239768 0.917128 -0.233705
v 0.243902 0.855062 -0.210709
v 0.210855 0.846994 -0.211416
v 0.246354 0.794153 -0.192818
v 0.214416 0.786115 -0.195110
v 0.246194 0.734748 -0.176614
v 0.214255 0.726710 -0.178906
v 0.194915 0.784799 -0.190778
v 0.245051 0.789000 -0.188105
v 0.245877 0.719993 -0.164374
v 0.193335 0.711925 -0.165081
v 0.246754 0.658939 -0.138943
v 0.195320 0.650901 -0.141235
v 0.253805 0.606309 -0.123017
v 0.202371 0.598271 -0.125309
v 0.212969 0.572060 -0.118577
v 0.257974 0.575347 -0.115647
v 0.265111 0.543502 -0.100030
v 0.220852 0.512154 -0.095863
v 0.275165 0.532308 -0.106991
v 0.268194 0.499700 -0.082752
v 0.329047 0.538900 -0.099882
v 0.321480 0.500659 -0.079586
v 0.194915 0.694867 -0.158460
v 0.245051 0.699068 -0.155787
v 0.245877 0.630061 -0.132056
v 0.193335 0.621994 -0.132763
v 0.257998 0.569007 -0.106625
v 0.206564 0.560969 -0.108917
v 0.271967 0.516378 -0.124458
v 0.228260 0.508340 -0.092991
v 0.686037 0.566005 0.051149
v 0.616171 0.565739 0.026085
v 0.626550 0.570166 -0.024038
v 0.688588 0.582281 0.019017
v 0.545662 0.564181 0.009836
v 0.565640 0.567357 -0.041762
v 0.486268 0.564213 -0.006458
v 0.506246 0.567389 -0.058056
v 0.491206 0.561530 -0.018108
v 0.429266 0.553560 -0.039903
v 0.434523 0.566278 -0.077990
v 0.506641 0.570081 -0.064442
v 0.367077 0.530729 -0.042138
v 0.381932 0.559830 -0.081701
v 0.296531 0.507809 -0.062866
v 0.311386 0.536911 -0.102428
v 0.729827 1.019666 -0.180335
v 0.784775 1.017841 -0.149545
v 0.759059 1.001712 -0.115836
v 0.716927 0.992269 -0.147965
v 0.789297 0.962247 -0.125590
v 0.758633 0.975063 -0.104265
v 0.783948 0.901729 -0.109120
v 0.753050 0.910459 -0.093353
v 0.730859 1.014105 -0.179750
v 0.725137 1.017684 -0.156761
v 0.651520 1.001885 -0.194129
v 0.656149 0.994568 -0.225482
v 0.646429 0.976762 -0.176298
v 0.595677 0.963990 -0.195653
v 0.598511 0.990669 -0.217832
v 0.601089 0.984766 -0.253137
v 0.539745 0.978107 -0.238105
v 0.542322 0.967410 -0.273411
v 0.543723 0.968155 -0.273504
v 0.542906 0.982902 -0.249263
v 0.454841 0.977908 -0.271487
v 0.456306 0.964859 -0.291574
v 0.451865 0.949865 -0.244915
v 0.375686 0.953710 -0.255649
v 0.374531 0.979356 -0.286720
v 0.373962 0.965128 -0.309022
v 0.309943 0.988687 -0.284201
v 0.309374 0.974459 -0.306503
v 0.312566 0.973307 -0.308278
v 0.308251 0.980257 -0.280279
v 0.242158 0.986663 -0.264393
v 0.235974 0.996052 -0.287130
v 0.261659 0.971296 -0.251844
v 0.238800 0.945246 -0.240237
v 0.212215 0.937441 -0.237504
v 0.207572 0.935733 -0.252924
v 0.209578 0.882811 -0.224150
v 0.203969 0.880963 -0.241580
v 0.247794 0.888095 -0.202956
v 0.252719 0.865366 -0.165069
v 0.163177 0.857226 -0.180197
v 0.159292 0.885367 -0.205491
v 0.080486 0.850726 -0.190931
v 0.071149 0.874275 -0.222939
v 0.241831 0.894539 -0.201523
v 0.322910 0.898268 -0.165725
v 0.287236 0.869661 -0.150590
v 0.252390 0.865774 -0.166897
v 0.322167 0.831408 -0.148381
v 0.284209 0.843012 -0.142442
v 0.304417 0.787817 -0.120570
v 0.263743 0.795336 -0.114435
v 0.311531 0.611325 -0.052411
v 0.272469 0.597236 -0.031180
v 0.253600 0.662004 -0.053431
v 0.292446 0.663029 -0.077651
v 0.257439 0.717729 -0.079032
v 0.298161 0.723210 -0.101740
v 0.261273 0.795294 -0.112935
v 0.301068 0.805762 -0.122923
v 0.309905 0.615328 -0.053960
v 0.340539 0.539387 -0.062893
v 0.292838 0.558023 -0.028006
v 0.272736 0.599208 -0.029691
v 0.314356 0.530397 -0.022627
v 0.290747 0.538356 -0.030197
v 0.252784 0.531546 -0.007303
v 0.193436 0.556964 -0.029317
v 0.212081 0.556227 -0.066585
v 0.270131 0.545508 -0.032561
v 0.234645 0.540103 -0.012147
v 0.159392 0.557466 -0.050299
v 0.162283 0.565101 -0.075558
v 0.251825 0.543461 -0.050827
v 0.071249 0.562656 -0.054583
v 0.079592 0.564269 -0.087976
v 0.000000 0.567374 -0.094823
v 1.097453 0.977817 0.053188
v 1.070928 0.980640 0.046121
v 1.032272 0.977598 -0.028790
v 1.062485 0.972523 -0.029298
v 0.992492 0.950708 -0.028169
v 0.962019 0.945938 -0.074669
v 0.998793 0.975322 -0.084460
v 1.026545 0.972288 -0.092476
v 0.962283 0.971429 -0.136237
v 0.990035 0.963933 -0.145039
v 0.968237 0.964456 -0.154930
v 0.942530 0.967769 -0.129568
v 0.890787 0.980031 -0.189388
v 0.919477 0.973818 -0.218409
v 0.887832 0.959475 -0.179457
v 0.848715 0.973508 -0.222577
v 0.851552 0.995970 -0.236164
v 0.880079 0.992387 -0.270227
v 0.795887 1.011746 -0.285964
v 0.824237 1.002415 -0.321026
v 1.084796 0.982140 0.023592
v 1.110950 0.969182 0.080617
v 1.077146 0.978837 0.091421
v 1.055722 0.985591 0.040873
v 1.054122 0.958345 0.073901
v 1.061127 0.940776 0.106465
v 1.047621 0.941748 0.082167
v 1.087949 0.915375 0.100634
v 1.063657 0.878436 0.110512
v 1.038066 0.901718 0.114755
v 0.986170 0.728477 0.137809
v 0.981289 0.731716 0.141742
v 1.003735 0.795217 0.136647
v 1.007578 0.794524 0.134304
v 0.976313 0.796736 0.100012
v 0.998139 0.844775 0.092028
v 1.030233 0.841545 0.128505
v 1.036209 0.840070 0.126089
v 1.062399 0.902083 0.114359
v 1.070231 0.903125 0.107191
v 0.915903 0.556011 0.191524
v 0.891752 0.566346 0.155337
v 0.910906 0.634734 0.120308
v 0.931744 0.625481 0.169574
v 0.923493 0.683787 0.112325
v 0.951137 0.679082 0.153353
v 0.951592 0.738811 0.108589
v 0.985159 0.742137 0.134454
v 0.902116 0.567407 0.204945
v 0.891957 0.526689 0.203673
v 0.885651 0.536769 0.173414
v 0.899411 0.565688 0.157173
v 0.860802 0.534980 0.165756
v 0.881852 0.533381 0.154997
v 0.834721 0.542288 0.123550
v 0.861474 0.539138 0.109227
v 0.753944 0.553940 -0.062828
v 0.787377 0.568653 -0.042277
v 0.816044 0.556929 0.003379
v 0.788747 0.556165 0.002840
v 0.838153 0.550066 0.066390
v 0.824058 0.545637 0.051573
v 0.838193 0.550055 0.066486
v 0.824106 0.545646 0.051707
v 0.642245 0.800520 -0.306614
v 0.679014 0.803280 -0.265730
v 0.702692 0.861805 -0.273085
v 0.667979 0.862965 -0.323085
v 0.722322 0.911199 -0.277853
v 0.683261 0.915195 -0.322790
v 0.739443 0.970206 -0.285362
v 0.683119 0.973747 -0.347507
v 0.549602 0.597347 -0.277513
v 0.580918 0.615631 -0.238124
v 0.629375 0.684646 -0.242752
v 0.594966 0.661984 -0.294570
v 0.663723 0.746332 -0.251845
v 0.630335 0.733272 -0.297214
v 0.676009 0.804214 -0.260557
v 0.649212 0.804386 -0.295391
v 0.613350 0.517312 -0.201632
v 0.657464 0.577837 -0.192176
v 0.696971 0.566113 -0.155495
v 0.663963 0.511370 -0.147209
v 0.734635 0.566436 -0.100353
v 0.710684 0.509009 -0.109275
v 0.779688 0.557445 -0.047190
v 0.757912 0.512409 -0.060561
v 0.631269 0.518584 -0.195505
v 0.579054 0.527053 -0.226716
v 0.608941 0.569181 -0.209661
v 0.658107 0.566550 -0.201489
v 0.539597 0.569369 -0.265354
v 0.567006 0.571472 -0.234633
v 0.562723 0.614062 -0.292015
v 0.585811 0.617221 -0.233379
v 0.832625 1.017034 -0.275709
v 0.775912 1.019420 -0.333316
v 0.765252 1.015582 -0.315835
v 0.816309 1.007916 -0.280869
v 0.756123 0.999337 -0.292618
v 0.737285 1.001474 -0.326185
v 0.735932 0.996405 -0.303528
v 0.734635 0.986183 -0.342707
v 0.710750 0.936234 -0.324831
v 0.717134 0.960908 -0.314180
v 0.773059 0.908022 -0.083640
v 0.767471 0.843238 -0.061035
v 0.742100 0.846101 -0.048278
v 0.748788 0.908772 -0.077508
v 0.734076 0.855907 -0.066714
v 0.738582 0.789981 -0.022486
v 0.731174 0.799293 -0.041402
v 0.763303 0.787639 -0.034738
v 0.757755 0.733203 -0.009574
v 0.733034 0.735544 0.002678
v 0.761718 0.778698 -0.031240
v 0.756129 0.713915 0.002330
v 0.730638 0.716791 0.013297
v 0.737331 0.779452 -0.019560
v 0.717797 0.719488 0.003662
v 0.725856 0.660668 0.039086
v 0.713627 0.662875 0.028975
v 0.750694 0.658315 0.028627
v 0.759222 0.603879 0.045637
v 0.734384 0.606232 0.051705
v 0.753654 0.616018 0.047887
v 0.761795 0.564474 0.077287
v 0.734611 0.583055 0.046917
v 0.719221 0.612716 0.037914
v 0.710044 0.568360 0.066272
v 0.714079 0.587127 0.041184
v 0.658609 0.569135 0.040801
v 0.660911 0.593454 0.016387
v 0.204086 0.908500 -0.222792
v 0.252056 0.912589 -0.220119
v 0.256080 0.852173 -0.197123
v 0.205768 0.844320 -0.197830
v 0.253116 0.792883 -0.179232
v 0.209234 0.785059 -0.181524
v 0.239649 0.735057 -0.163028
v 0.209078 0.727233 -0.165320
v 0.189733 0.783777 -0.177192
v 0.238537 0.787867 -0.174519
v 0.239341 0.720695 -0.150788
v 0.188195 0.712841 -0.151495
v 0.240194 0.661263 -0.125357
v 0.190128 0.653439 -0.127649
v 0.247058 0.610033 -0.109431
v 0.196992 0.602208 -0.111723
v 0.207307 0.576693 -0.104991
v 0.251116 0.579894 -0.102061
v 0.258063 0.548895 -0.086444
v 0.214981 0.518380 -0.082277
v 0.267850 0.537998 -0.093405
v 0.261065 0.506257 -0.069166
v 0.320300 0.544415 -0.086296
v 0.312934 0.507191 -0.066000
v 0.189733 0.696236 -0.144874
v 0.238537 0.700326 -0.142201
v 0.239341 0.633153 -0.118470
v 0.188195 0.625300 -0.119177
v 0.251140 0.573722 -0.093039
v 0.201073 0.565898 -0.095331
v 0.264738 0.522492 -0.110873
v 0.222193 0.514667 -0.079405
v 0.670308 0.566882 0.040926
v 0.602299 0.566622 0.015862
v 0.609896 0.578300 -0.018437
v 0.670284 0.590092 0.024618
v 0.533664 0.565106 -0.000387
v 0.550604 0.575566 -0.036161
v 0.475849 0.557957 -0.016681
v 0.492789 0.575597 -0.052455
v 0.484606 0.555293 -0.011204
v 0.424312 0.547535 -0.032999
v 0.422972 0.571066 -0.064404
v 0.493174 0.574768 -0.050856
v 0.365153 0.525635 -0.050769
v 0.371780 0.564788 -0.068115
v 0.296482 0.503325 -0.071497
v 0.303109 0.542479 -0.088842
v 0.710427 1.022970 -0.158493
v 0.771984 1.021193 -0.127704
v 0.752885 1.010258 -0.105865
v 0.704249 1.005138 -0.137497
v 0.744374 1.001292 -0.115597
v 0.754258 0.969791 -0.089698
v 0.743959 0.975352 -0.104026
v 0.776385 0.956109 -0.103748
v 0.771178 0.897199 -0.087279
v 0.748907 0.908381 -0.076724
v 0.711432 1.024559 -0.162395
v 0.705325 1.007983 -0.136096
v 0.633768 0.992954 -0.161289
v 0.638708 1.005541 -0.196756
v 0.629246 0.970639 -0.162712
v 0.579843 0.958206 -0.182067
v 0.582361 0.981903 -0.184611
v 0.585111 0.996000 -0.224411
v 0.525156 0.970125 -0.204884
v 0.527906 0.979105 -0.244685
v 0.529270 0.977787 -0.252909
v 0.528043 0.970227 -0.208431
v 0.441977 0.964469 -0.232908
v 0.444177 0.974578 -0.270979
v 0.439853 0.944456 -0.231329
v 0.365699 0.948199 -0.242063
v 0.364875 0.966501 -0.246941
v 0.364022 0.974840 -0.288427
v 0.300828 0.975584 -0.259953
v 0.301151 0.983923 -0.285907
v 0.304370 0.983181 -0.283264
v 0.302762 0.973015 -0.260466
v 0.244074 0.979496 -0.247487
v 0.229813 0.988971 -0.262117
v 0.254703 0.965318 -0.238258
v 0.251585 0.939960 -0.232358
v 0.226369 0.937550 -0.227511
v 0.207731 0.930256 -0.227910
v 0.224322 0.884448 -0.213045
v 0.204224 0.876942 -0.216566
v 0.241180 0.883960 -0.189371
v 0.244181 0.879136 -0.164039
v 0.157501 0.873719 -0.173176
v 0.155031 0.881305 -0.191905
v 0.158840 0.854280 -0.166611
v 0.078346 0.847952 -0.177346
v 0.074483 0.865266 -0.184146
v 0.069231 0.870508 -0.209354
v 0.000000 0.868567 -0.206873
v 0.235177 0.890233 -0.187937
v 0.314300 0.893863 -0.152139
v 0.298234 0.887954 -0.141392
v 0.240716 0.884250 -0.167874
v 0.279601 0.866384 -0.137004
v 0.296448 0.841579 -0.122287
v 0.276654 0.840444 -0.128856
v 0.313577 0.828780 -0.134795
v 0.296365 0.786348 -0.106984
v 0.282154 0.797246 -0.104397
v 0.303020 0.614915 -0.038825
v 0.285441 0.608297 -0.013355
v 0.267031 0.664587 -0.042709
v 0.284570 0.664904 -0.064065
v 0.246859 0.664247 -0.039846
v 0.250596 0.718491 -0.065446
v 0.271713 0.721075 -0.067527
v 0.290133 0.723484 -0.088154
v 0.279159 0.799267 -0.104915
v 0.292900 0.804184 -0.109337
v 0.301419 0.618885 -0.040374
v 0.331238 0.544962 -0.049307
v 0.285053 0.563030 -0.014420
v 0.265486 0.603120 -0.016105
v 0.305752 0.536211 -0.009041
v 0.283018 0.543885 -0.016611
v 0.245816 0.537329 0.006283
v 0.188046 0.555112 -0.015731
v 0.206443 0.561038 -0.052999
v 0.262950 0.550848 -0.018976
v 0.228408 0.545586 0.001439
v 0.155154 0.562487 -0.036713
v 0.157969 0.569920 -0.061973
v 0.245131 0.548855 -0.037241
v 0.069355 0.567539 -0.040997
v 0.077476 0.569110 -0.074390
v 0.000000 0.565157 -0.047843
v 1.066864 0.984246 0.048039
v 1.043774 0.966592 0.047323
v 1.004957 0.964357 -0.025080
v 1.032825 0.979092 -0.034446
v 0.997060 0.945277 -0.032928
v 0.967398 0.940633 -0.079427
v 0.973091 0.961483 -0.078264
v 0.997663 0.978864 -0.097624
v 0.937551 0.959133 -0.129780
v 0.962123 0.970730 -0.150187
v 0.952402 0.974821 -0.126019
v 0.923216 0.964093 -0.116711
v 0.873059 0.975824 -0.176796
v 0.904937 0.983934 -0.189498
v 0.876265 0.953811 -0.165871
v 0.838188 0.967471 -0.208991
v 0.834855 0.991526 -0.223939
v 0.866586 1.002009 -0.241315
v 0.780657 1.006476 -0.273811
v 0.812229 1.011770 -0.292114
v 1.062970 0.989134 0.038928
v 1.088430 0.976521 0.095953
v 1.045978 0.962763 0.083952
v 1.026895 0.967014 0.035897
v 1.036870 0.943566 0.068489
v 1.033000 0.931612 0.097083
v 1.035160 0.928362 0.075492
v 1.066040 0.924144 0.115970
v 1.042394 0.888187 0.125847
v 1.011013 0.892797 0.104762
v 0.960181 0.728953 0.151518
v 0.932988 0.734552 0.138584
v 0.960197 0.794443 0.122066
v 0.981020 0.793244 0.145711
v 0.969100 0.794908 0.100330
v 0.989562 0.842505 0.092835
v 0.979805 0.840129 0.113980
v 1.008891 0.837580 0.137496
v 1.009714 0.897157 0.103520
v 1.042008 0.898959 0.118598
v 0.900185 0.561072 0.205110
v 0.881035 0.580738 0.177546
v 0.886461 0.633426 0.157253
v 0.915606 0.628695 0.183160
v 0.895159 0.628263 0.133252
v 0.911526 0.684944 0.123489
v 0.907537 0.683277 0.136832
v 0.934483 0.680871 0.166939
v 0.937626 0.740549 0.125899
v 0.967600 0.742250 0.148040
v 0.892664 0.572165 0.205782
v 0.882906 0.533014 0.204511
v 0.880221 0.542341 0.171091
v 0.893616 0.570491 0.154849
v 0.852150 0.541572 0.166593
v 0.876524 0.539042 0.152673
v 0.826762 0.548686 0.124388
v 0.856687 0.544647 0.106904
v 0.734082 0.560273 -0.049242
v 0.784743 0.574838 -0.028691
v 0.812648 0.563426 0.016965
v 0.767960 0.562656 0.016426
v 0.834169 0.556745 0.079976
v 0.802332 0.555050 0.065159
v 0.860543 0.551351 0.118601
v 0.825591 0.556614 0.132106
v 0.625369 0.799081 -0.293028
v 0.660964 0.801768 -0.252144
v 0.684014 0.858737 -0.259499
v 0.650419 0.859866 -0.309499
v 0.703122 0.906818 -0.264267
v 0.665295 0.910708 -0.309204
v 0.719787 0.964256 -0.271776
v 0.688376 0.967703 -0.318351
v 0.534993 0.601308 -0.263927
v 0.565476 0.619106 -0.224538
v 0.612645 0.686287 -0.229166
v 0.579151 0.664227 -0.280984
v 0.646080 0.746333 -0.238260
v 0.613580 0.733621 -0.283628
v 0.658040 0.802676 -0.246971
v 0.631954 0.802844 -0.281805
v 0.597046 0.523401 -0.188046
v 0.639987 0.582317 -0.178590
v 0.678444 0.570904 -0.141909
v 0.646314 0.517617 -0.133623
v 0.715107 0.571219 -0.086767
v 0.691793 0.515318 -0.095689
v 0.758963 0.562467 -0.033604
v 0.737765 0.518629 -0.046975
v 0.614489 0.524639 -0.181919
v 0.563662 0.532883 -0.213130
v 0.592755 0.573891 -0.196075
v 0.640613 0.571330 -0.187903
v 0.525254 0.574074 -0.251768
v 0.551934 0.576121 -0.221047
v 0.547765 0.617579 -0.278429
v 0.570239 0.620654 -0.219793
v 0.815886 1.024139 -0.266887
v 0.760681 1.026462 -0.324494
v 0.749330 1.019084 -0.304483
v 0.801198 1.013645 -0.260603
v 0.736024 0.992613 -0.279032
v 0.717006 0.998020 -0.314455
v 0.716369 0.989759 -0.289942
v 0.720501 0.994108 -0.333885
v 0.697250 0.945487 -0.316009
v 0.695959 0.954936 -0.300139
v 0.945036 0.737991 0.103961
v 1.015381 0.897030 0.084177
v 1.034097 0.944134 0.052189
v 1.014345 0.895722 0.082398
v 1.039073 0.945560 0.032730
v 0.931858 0.942152 -0.130243
v 0.928738 0.939828 -0.108704
v 0.784127 0.986885 -0.258068
v 0.883968 0.573753 0.156109
v 0.943443 0.735918 0.106031
v 0.699735 0.982016 -0.134542
v 0.522638 0.951112 -0.202340
v 0.703361 0.985024 -0.141238
v 0.738524 0.912465 -0.085445
v 0.741805 0.916577 -0.095272
v 0.725626 0.744857 -0.016238
v 0.730313 0.780159 -0.037482
v 0.722155 0.608438 0.037475
v 0.526858 0.952678 -0.200665
v 0.297947 0.957282 -0.243077
v 0.246002 0.862203 -0.151483
v 0.245681 0.862600 -0.153311
v 0.256732 0.794035 -0.100849
v 0.265226 0.601200 -0.017594
v 0.254328 0.793994 -0.099349
v 1.039146 0.956642 0.032182
v 1.026238 0.899800 0.088293
v 0.951592 0.738811 0.108589
v 1.026238 0.899800 0.088293
v 1.035652 0.950999 0.037489
v 0.925509 0.947498 -0.125484
v 0.941738 0.945111 -0.122290
v 0.793178 0.993453 -0.271654
v 0.803877 0.988586 -0.270878
v 0.717963 0.961319 -0.294953
v 0.782509 0.982148 -0.257292
v 0.698878 0.955606 -0.281367
v 0.858552 0.544525 0.114202
v 0.847952 0.550181 0.118520
v 0.718843 0.988451 -0.148128
v 0.536910 0.956703 -0.215926
v 0.541245 0.958311 -0.214251
v 0.311098 0.963041 -0.253129
v 0.305826 0.963935 -0.256742
v 0.238179 0.890908 -0.222684
v 0.297696 0.958153 -0.243156
v 0.250980 0.887067 -0.214805
v -0.785880 0.912436 -0.097226
v -0.745619 0.913936 -0.091020
v -0.737679 0.851609 -0.069797
v -0.780139 0.845883 -0.074621
v -0.734697 0.793450 -0.044484
v -0.775858 0.788766 -0.048324
v -0.728997 0.737527 -0.019320
v -0.770158 0.732843 -0.023160
v -0.773143 0.779581 -0.044825
v -0.733968 0.781081 -0.042111
v -0.726028 0.718754 -0.009924
v -0.767402 0.713028 -0.011256
v -0.721744 0.660595 0.015389
v -0.761819 0.655910 0.015041
v -0.730504 0.604672 0.032399
v -0.770579 0.599988 0.032051
v -0.774375 0.612045 0.034302
v -0.738862 0.609066 0.032837
v -0.744111 0.578595 0.048452
v -0.782840 0.559445 0.063701
v -0.733579 0.571439 0.046622
v -0.725842 0.562685 0.064192
v -0.678959 0.589068 0.014484
v -0.673003 0.572628 0.038722
v -0.209127 0.912927 -0.236378
v -0.210855 0.846994 -0.211416
v -0.243902 0.855062 -0.210709
v -0.239768 0.917128 -0.233705
v -0.214416 0.786115 -0.195110
v -0.246354 0.794153 -0.192818
v -0.214255 0.726710 -0.178906
v -0.246194 0.734748 -0.176614
v -0.194915 0.784799 -0.190778
v -0.193335 0.711925 -0.165081
v -0.245877 0.719993 -0.164374
v -0.245051 0.789000 -0.188105
v -0.195320 0.650901 -0.141235
v -0.246754 0.658939 -0.138943
v -0.202371 0.598271 -0.125309
v -0.253805 0.606309 -0.123017
v -0.212969 0.572060 -0.118577
v -0.220852 0.512154 -0.095863
v -0.265111 0.543502 -0.100030
v -0.257974 0.575347 -0.115647
v -0.268194 0.499700 -0.082752
v -0.275165 0.532308 -0.106991
v -0.321480 0.500659 -0.079586
v -0.329047 0.538900 -0.099882
v -0.194915 0.694867 -0.158460
v -0.193335 0.621994 -0.132763
v -0.245877 0.630061 -0.132056
v -0.245051 0.699068 -0.155787
v -0.206564 0.560969 -0.108917
v -0.257998 0.569007 -0.106625
v -0.228260 0.508340 -0.092991
v -0.271967 0.516378 -0.124458
v -0.686037 0.566005 0.051149
v -0.688588 0.582281 0.019017
v -0.626550 0.570166 -0.024038
v -0.616171 0.565739 0.026085
v -0.565640 0.567357 -0.041762
v -0.545662 0.564181 0.009836
v -0.506246 0.567389 -0.058056
v -0.486268 0.564213 -0.006458
v -0.491207 0.561530 -0.018108
v -0.506641 0.570081 -0.064442
v -0.434523 0.566278 -0.077990
v -0.429266 0.553560 -0.039903
v -0.381932 0.559830 -0.081701
v -0.367077 0.530729 -0.042138
v -0.311386 0.536911 -0.102428
v -0.296531 0.507809 -0.062866
v -0.729827 1.019666 -0.180335
v -0.716927 0.992269 -0.147965
v -0.759059 1.001712 -0.115836
v -0.784775 1.017841 -0.149545
v -0.758633 0.975063 -0.104265
v -0.789296 0.962247 -0.125590
v -0.753050 0.910459 -0.093353
v -0.783948 0.901729 -0.109120
v -0.730859 1.014105 -0.179750
v -0.656149 0.994568 -0.225482
v -0.651520 1.001885 -0.194129
v -0.725137 1.017684 -0.156761
v -0.646429 0.976762 -0.176298
v -0.598511 0.990669 -0.217832
v -0.595677 0.963990 -0.195653
v -0.601089 0.984766 -0.253137
v -0.542322 0.967410 -0.273411
v -0.539745 0.978107 -0.238105
v -0.543723 0.968155 -0.273504
v -0.456306 0.964859 -0.291574
v -0.454841 0.977908 -0.271487
v -0.542906 0.982902 -0.249263
v -0.451865 0.949865 -0.244915
v -0.374531 0.979356 -0.286720
v -0.375686 0.953710 -0.255649
v -0.373962 0.965128 -0.309022
v -0.309374 0.974459 -0.306503
v -0.309943 0.988687 -0.284201
v -0.312566 0.973307 -0.308278
v -0.235974 0.996052 -0.287130
v -0.242158 0.986663 -0.264393
v -0.308251 0.980257 -0.280279
v -0.261659 0.971296 -0.251844
v -0.212215 0.937441 -0.237504
v -0.238800 0.945246 -0.240237
v -0.207572 0.935733 -0.252924
v -0.203969 0.880963 -0.241580
v -0.209578 0.882811 -0.224150
v -0.247794 0.888095 -0.202956
v -0.159292 0.885367 -0.205491
v -0.163177 0.857226 -0.180197
v -0.252719 0.865366 -0.165069
v -0.071149 0.874275 -0.222939
v -0.080486 0.850726 -0.190931
v 0.000000 0.872280 -0.220458
v 0.000000 0.867393 -0.203837
v 0.000000 0.848699 -0.188412
v -0.241831 0.894539 -0.201523
v -0.252390 0.865774 -0.166897
v -0.287236 0.869661 -0.150590
v -0.322910 0.898268 -0.165725
v -0.284209 0.843012 -0.142442
v -0.322167 0.831408 -0.148381
v -0.263743 0.795336 -0.114435
v -0.304417 0.787817 -0.120570
v -0.311531 0.611325 -0.052411
v -0.292446 0.663029 -0.077651
v -0.253600 0.662004 -0.053431
v -0.272469 0.597236 -0.031180
v -0.298161 0.723210 -0.101740
v -0.257439 0.717729 -0.079032
v -0.301068 0.805762 -0.122923
v -0.261273 0.795294 -0.112935
v -0.309905 0.615328 -0.053960
v -0.272736 0.599208 -0.029691
v -0.292838 0.558023 -0.028006
v -0.340539 0.539387 -0.062893
v -0.290747 0.538356 -0.030197
v -0.314356 0.530397 -0.022627
v -0.252784 0.531546 -0.007303
v -0.270131 0.545508 -0.032561
v -0.212081 0.556227 -0.066585
v -0.193436 0.556964 -0.029317
v -0.234645 0.540103 -0.012147
v -0.251825 0.543461 -0.050827
v -0.162283 0.565101 -0.075558
v -0.159392 0.557466 -0.050299
v -0.079592 0.564269 -0.087976
v -0.071249 0.562656 -0.054583
v 0.000000 0.563496 -0.061429
v -1.097453 0.977817 0.053188
v -1.062485 0.972523 -0.029298
v -1.032272 0.977598 -0.028790
v -1.070928 0.980640 0.046121
v -0.992492 0.950708 -0.028169
v -0.998793 0.975322 -0.084460
v -0.962019 0.945938 -0.074669
v -1.026545 0.972288 -0.092476
v -0.990035 0.963933 -0.145039
v -0.962283 0.971429 -0.136237
v -0.968237 0.964456 -0.154930
v -0.919477 0.973818 -0.218409
v -0.890787 0.980031 -0.189388
v -0.942530 0.967769 -0.129568
v -0.887832 0.959475 -0.179457
v -0.851552 0.995970 -0.236164
v -0.848715 0.973508 -0.222577
v -0.880079 0.992387 -0.270227
v -0.824237 1.002415 -0.321026
v -0.795887 1.011746 -0.285964
v -1.084796 0.982140 0.023592
v -1.055722 0.985591 0.040873
v -1.077146 0.978837 0.091421
v -1.110951 0.969182 0.080617
v -1.054123 0.958345 0.073901
v -1.047621 0.941748 0.082167
v -1.061127 0.940776 0.106465
v -1.087950 0.915375 0.100634
v -1.038066 0.901718 0.114755
v -1.063658 0.878436 0.110512
v -0.986170 0.728477 0.137809
v -1.007578 0.794524 0.134304
v -1.003735 0.795217 0.136647
v -0.981289 0.731716 0.141742
v -0.976313 0.796736 0.100012
v -1.030233 0.841545 0.128505
v -0.998139 0.844775 0.092028
v -1.036209 0.840070 0.126089
v -1.070231 0.903125 0.107191
v -1.062399 0.902083 0.114359
v -0.915903 0.556011 0.191524
v -0.931744 0.625481 0.169574
v -0.910905 0.634734 0.120308
v -0.891752 0.566346 0.155337
v -0.951137 0.679082 0.153353
v -0.923493 0.683787 0.112325
v -0.985159 0.742137 0.134454
v -0.951592 0.738811 0.108589
v -0.902116 0.567407 0.204945
v -0.899411 0.565688 0.157173
v -0.885651 0.536769 0.173414
v -0.891957 0.526689 0.203673
v -0.881852 0.533381 0.154997
v -0.860802 0.534980 0.165756
v -0.861474 0.539138 0.109227
v -0.834721 0.542288 0.123550
v -0.753944 0.553940 -0.062828
v -0.788747 0.556165 0.002840
v -0.816044 0.556929 0.003379
v -0.787377 0.568653 -0.042277
v -0.824058 0.545637 0.051573
v -0.838153 0.550066 0.066390
v -0.824106 0.545646 0.051707
v -0.838193 0.550055 0.066486
v -0.642245 0.800520 -0.306614
v -0.667979 0.862965 -0.323085
v -0.702692 0.861805 -0.273085
v -0.679014 0.803280 -0.265730
v -0.683261 0.915195 -0.322790
v -0.722322 0.911199 -0.277853
v -0.683118 0.973747 -0.347507
v -0.739442 0.970206 -0.285362
v -0.549602 0.597347 -0.277513
v -0.594966 0.661984 -0.294570
v -0.629375 0.684646 -0.242752
v -0.580918 0.615631 -0.238124
v -0.630335 0.733272 -0.297214
v -0.663723 0.746332 -0.251845
v -0.649212 0.804386 -0.295391
v -0.676009 0.804214 -0.260557
v -0.613350 0.517312 -0.201632
v -0.663963 0.511370 -0.147209
v -0.696971 0.566113 -0.155495
v -0.657464 0.577837 -0.192176
v -0.710684 0.509009 -0.109275
v -0.734635 0.566436 -0.100353
v -0.757912 0.512409 -0.060561
v -0.779688 0.557445 -0.047190
v -0.631269 0.518584 -0.195505
v -0.658107 0.566550 -0.201489
v -0.608941 0.569181 -0.209661
v -0.579054 0.527053 -0.226716
v -0.567006 0.571472 -0.234633
v -0.539597 0.569369 -0.265354
v -0.585811 0.617221 -0.233379
v -0.562723 0.614062 -0.292015
v -0.832625 1.017034 -0.275709
v -0.816309 1.007916 -0.280869
v -0.765252 1.015582 -0.315835
v -0.775912 1.019420 -0.333316
v -0.756123 0.999337 -0.292618
v -0.735932 0.996405 -0.303528
v -0.737285 1.001474 -0.326185
v -0.734635 0.986183 -0.342707
v -0.717134 0.960908 -0.314180
v -0.710750 0.936234 -0.324831
v -0.773059 0.908022 -0.083640
v -0.748788 0.908772 -0.077508
v -0.742100 0.846101 -0.048278
v -0.767471 0.843238 -0.061035
v -0.734076 0.855907 -0.066714
v -0.731174 0.799293 -0.041402
v -0.738582 0.789981 -0.022486
v -0.763303 0.787639 -0.034738
v -0.733034 0.735544 0.002678
v -0.757755 0.733203 -0.009574
v -0.761718 0.778698 -0.031240
v -0.737331 0.779452 -0.019560
v -0.730638 0.716791 0.013297
v -0.756129 0.713915 0.002330
v -0.717797 0.719488 0.003662
v -0.713627 0.662875 0.028975
v -0.725856 0.660668 0.039086
v -0.750694 0.658315 0.028627
v -0.734384 0.606232 0.051705
v -0.759222 0.603879 0.045637
v -0.753654 0.616018 0.047887
v -0.719221 0.612716 0.037914
v -0.734611 0.583055 0.046917
v -0.761795 0.564474 0.077287
v -0.714079 0.587127 0.041184
v -0.710044 0.568360 0.066272
v -0.660911 0.593454 0.016387
v -0.658609 0.569135 0.040801
v -0.204086 0.908500 -0.222792
v -0.205768 0.844320 -0.197830
v -0.256080 0.852173 -0.197123
v -0.252056 0.912589 -0.220119
v -0.209234 0.785059 -0.181524
v -0.253116 0.792883 -0.179232
v -0.209078 0.727233 -0.165320
v -0.239649 0.735057 -0.163028
v -0.189733 0.783777 -0.177192
v -0.188195 0.712841 -0.151495
v -0.239341 0.720695 -0.150788
v -0.238537 0.787867 -0.174519
v -0.190128 0.653439 -0.127649
v -0.240194 0.661263 -0.125357
v -0.196992 0.602208 -0.111723
v -0.247058 0.610033 -0.109431
v -0.207307 0.576693 -0.104991
v -0.214981 0.518380 -0.082277
v -0.258063 0.548895 -0.086444
v -0.251116 0.579894 -0.102061
v -0.261065 0.506257 -0.069166
v -0.267850 0.537998 -0.093405
v -0.312934 0.507191 -0.066000
v -0.320300 0.544415 -0.086296
v -0.189733 0.696236 -0.144874
v -0.188195 0.625300 -0.119177
v -0.239341 0.633153 -0.118470
v -0.238537 0.700326 -0.142201
v -0.201073 0.565898 -0.095331
v -0.251140 0.573722 -0.093039
v -0.222193 0.514667 -0.079405
v -0.264738 0.522492 -0.110873
v -0.670308 0.566882 0.040926
v -0.670284 0.590092 0.024618
v -0.609896 0.578300 -0.018437
v -0.602299 0.566622 0.015862
v -0.550604 0.575566 -0.036161
v -0.533664 0.565106 -0.000387
v -0.492789 0.575597 -0.052455
v -0.475849 0.557957 -0.016681
v -0.484606 0.555293 -0.011204
v -0.493174 0.574768 -0.050856
v -0.422973 0.571066 -0.064404
v -0.424312 0.547535 -0.032999
v -0.371780 0.564788 -0.068115
v -0.365153 0.525635 -0.050769
v -0.303109 0.542479 -0.088842
v -0.296482 0.503325 -0.071497
v -0.710427 1.022970 -0.158493
v -0.704249 1.005138 -0.137497
v -0.752885 1.010258 -0.105865
v -0.771983 1.021193 -0.127704
v -0.744374 1.001292 -0.115597
v -0.743959 0.975352 -0.104026
v -0.754258 0.969791 -0.089698
v -0.776385 0.956109 -0.103748
v -0.748907 0.908381 -0.076724
v -0.771178 0.897199 -0.087279
v -0.711431 1.024559 -0.162395
v -0.638708 1.005541 -0.196756
v -0.633768 0.992954 -0.161289
v -0.705325 1.007983 -0.136096
v -0.629246 0.970639 -0.162712
v -0.582361 0.981903 -0.184611
v -0.579843 0.958206 -0.182067
v -0.585111 0.996000 -0.224411
v -0.527906 0.979105 -0.244685
v -0.525156 0.970125 -0.204884
v -0.529270 0.977787 -0.252909
v -0.444177 0.974578 -0.270979
v -0.441978 0.964469 -0.232908
v -0.528043 0.970227 -0.208431
v -0.439853 0.944456 -0.231329
v -0.364875 0.966501 -0.246941
v -0.365699 0.948199 -0.242063
v -0.364022 0.974840 -0.288427
v -0.301151 0.983923 -0.285907
v -0.300828 0.975584 -0.259953
v -0.304370 0.983181 -0.283264
v -0.229813 0.988971 -0.262117
v -0.244074 0.979496 -0.247487
v -0.302762 0.973015 -0.260466
v -0.254703 0.965318 -0.238258
v -0.226369 0.937550 -0.227511
v -0.251585 0.939960 -0.232358
v -0.207731 0.930256 -0.227910
v -0.204224 0.876942 -0.216566
v -0.224322 0.884448 -0.213045
v -0.241180 0.883960 -0.189371
v -0.155031 0.881305 -0.191905
v -0.157501 0.873719 -0.173176
v -0.244181 0.879136 -0.164039
v -0.158840 0.854280 -0.166611
v -0.074483 0.865266 -0.184146
v -0.078346 0.847952 -0.177346
v -0.069231 0.870508 -0.209354
v -0.235177 0.890233 -0.187937
v -0.240716 0.884250 -0.167874
v -0.298234 0.887954 -0.141392
v -0.314300 0.893863 -0.152139
v -0.279601 0.866384 -0.137004
v -0.276654 0.840444 -0.128856
v -0.296448 0.841579 -0.122287
v -0.313577 0.828780 -0.134795
v -0.282154 0.797246 -0.104397
v -0.296365 0.786348 -0.106984
v -0.303020 0.614915 -0.038825
v -0.284570 0.664904 -0.064065
v -0.267031 0.664587 -0.042709
v -0.285441 0.608297 -0.013355
v -0.246859 0.664247 -0.039846
v -0.271713 0.721075 -0.067527
v -0.250596 0.718491 -0.065446
v -0.290133 0.723484 -0.088154
v -0.292901 0.804184 -0.109337
v -0.279159 0.799267 -0.104915
v -0.301419 0.618885 -0.040374
v -0.265486 0.603120 -0.016105
v -0.285053 0.563030 -0.014420
v -0.331238 0.544962 -0.049307
v -0.283018 0.543885 -0.016611
v -0.305752 0.536211 -0.009041
v -0.245816 0.537329 0.006283
v -0.262950 0.550848 -0.018976
v -0.206443 0.561038 -0.052999
v -0.188046 0.555112 -0.015731
v -0.228408 0.545586 0.001439
v -0.245131 0.548855 -0.037241
v -0.157969 0.569920 -0.061973
v -0.155154 0.562487 -0.036713
v -0.077476 0.569110 -0.074390
v -0.069355 0.567539 -0.040997
v 0.000000 0.572132 -0.081237
v -1.066864 0.984246 0.048039
v -1.032825 0.979092 -0.034446
v -1.004958 0.964357 -0.025080
v -1.043774 0.966592 0.047323
v -0.997060 0.945277 -0.032928
v -0.973091 0.961483 -0.078264
v -0.967398 0.940633 -0.079427
v -0.997663 0.978864 -0.097624
v -0.962123 0.970730 -0.150187
v -0.937551 0.959133 -0.129780
v -0.952401 0.974821 -0.126019
v -0.904937 0.983934 -0.189498
v -0.873059 0.975824 -0.176796
v -0.923216 0.964093 -0.116711
v -0.876265 0.953811 -0.165871
v -0.834855 0.991526 -0.223939
v -0.838188 0.967471 -0.208991
v -0.866586 1.002009 -0.241315
v -0.812229 1.011770 -0.292114
v -0.780657 1.006476 -0.273811
v -1.062970 0.989134 0.038928
v -1.026895 0.967014 0.035897
v -1.045978 0.962763 0.083952
v -1.088430 0.976521 0.095953
v -1.036870 0.943566 0.068489
v -1.035160 0.928362 0.075492
v -1.033000 0.931612 0.097083
v -1.066040 0.924144 0.115970
v -1.011013 0.892797 0.104762
v -1.042394 0.888187 0.125847
v -0.960181 0.728953 0.151518
v -0.981020 0.793244 0.145711
v -0.960197 0.794443 0.122066
v -0.932988 0.734552 0.138584
v -0.969100 0.794908 0.100330
v -0.979805 0.840129 0.113980
v -0.989562 0.842505 0.092835
v -1.008891 0.837580 0.137496
v -1.042008 0.898959 0.118598
v -1.009714 0.897157 0.103520
v -0.900185 0.561072 0.205110
v -0.915606 0.628695 0.183160
v -0.886461 0.633426 0.157253
v -0.881035 0.580738 0.177546
v -0.895159 0.628263 0.133252
v -0.907537 0.683277 0.136832
v -0.911526 0.684944 0.123489
v -0.934483 0.680871 0.166939
v -0.967600 0.742250 0.148040
v -0.937626 0.740549 0.125899
v -0.892664 0.572165 0.205782
v -0.893616 0.570491 0.154849
v -0.880221 0.542341 0.171091
v -0.882906 0.533014 0.204511
v -0.876524 0.539042 0.152673
v -0.852150 0.541572 0.166593
v -0.856687 0.544647 0.106904
v -0.826762 0.548686 0.124388
v -0.734082 0.560273 -0.049242
v -0.767960 0.562656 0.016426
v -0.812648 0.563426 0.016965
v -0.784743 0.574838 -0.028691
v -0.802332 0.555050 0.065159
v -0.834169 0.556745 0.079976
v -0.825591 0.556614 0.132106
v -0.860543 0.551351 0.118601
v -0.625369 0.799081 -0.293028
v -0.650419 0.859866 -0.309499
v -0.684014 0.858737 -0.259499
v -0.660964 0.801768 -0.252144
v -0.665295 0.910708 -0.309204
v -0.703122 0.906818 -0.264267
v -0.688376 0.967703 -0.318351
v -0.719787 0.964256 -0.271776
v -0.534993 0.601308 -0.263927
v -0.579151 0.664227 -0.280984
v -0.612645 0.686287 -0.229166
v -0.565476 0.619106 -0.224538
v -0.613580 0.733621 -0.283628
v -0.646080 0.746333 -0.238260
v -0.631954 0.802844 -0.281805
v -0.658040 0.802676 -0.246971
v -0.597046 0.523401 -0.188046
v -0.646314 0.517617 -0.133623
v -0.678444 0.570904 -0.141909
v -0.639987 0.582317 -0.178590
v -0.691793 0.515318 -0.095689
v -0.715107 0.571219 -0.086767
v -0.737765 0.518629 -0.046975
v -0.758963 0.562467 -0.033604
v -0.614489 0.524639 -0.181919
v -0.640613 0.571330 -0.187903
v -0.592755 0.573891 -0.196075
v -0.563662 0.532883 -0.213130
v -0.551934 0.576121 -0.221047
v -0.525254 0.574074 -0.251768
v -0.570239 0.620654 -0.219793
v -0.547765 0.617579 -0.278429
v -0.815886 1.024139 -0.266887
v -0.801198 1.013645 -0.260603
v -0.749330 1.019084 -0.304483
v -0.760681 1.026462 -0.324494
v -0.736024 0.992613 -0.279032
v -0.716369 0.989759 -0.289942
v -0.717006 0.998020 -0.314455
v -0.720501 0.994108 -0.333885
v -0.695959 0.954936 -0.300139
v -0.697250 0.945487 -0.316009
v -0.945036 0.737991 0.103961
v -1.015381 0.897030 0.084177
v -1.034098 0.944134 0.052189
v -1.014345 0.895722 0.082398
v -1.039074 0.945560 0.032730
v -0.931858 0.942152 -0.130243
v -0.928738 0.939828 -0.108704
v -0.784127 0.986885 -0.258068
v -0.883968 0.573753 0.156109
v -0.943443 0.735918 0.106031
v -0.699735 0.982016 -0.134542
v -0.522638 0.951112 -0.202340
v -0.703361 0.985024 -0.141238
v -0.738524 0.912465 -0.085445
v -0.741805 0.916577 -0.095272
v -0.725626 0.744857 -0.016238
v -0.730313 0.780159 -0.037482
v -0.722154 0.608438 0.037475
v -0.526858 0.952678 -0.200665
v -0.297947 0.957282 -0.243077
v -0.246001 0.862203 -0.151483
v -0.245681 0.862600 -0.153311
v -0.256732 0.794035 -0.100849
v -0.265226 0.601200 -0.017594
v -0.254328 0.793994 -0.099349
v 0.000000 0.845980 -0.174826
v -1.039146 0.956642 0.032182
v -1.026238 0.899800 0.088293
v -0.951592 0.738811 0.108589
v -1.026238 0.899800 0.088293
v -1.035652 0.950999 0.037489
v -0.925509 0.947498 -0.125484
v -0.941738 0.945111 -0.122290
v -0.793178 0.993453 -0.271654
v -0.803877 0.988586 -0.270878
v -0.717963 0.961319 -0.294953
v -0.782509 0.982148 -0.257292
v -0.698878 0.955606 -0.281367
v -0.847952 0.550181 0.118520
v -0.858552 0.544525 0.114202
v -0.718843 0.988451 -0.148128
v -0.536910 0.956703 -0.215926
v -0.541245 0.958311 -0.214251
v -0.311098 0.963041 -0.253129
v -0.305826 0.963935 -0.256742
v -0.238179 0.890908 -0.222684
v -0.297696 0.958153 -0.243156
v -0.250980 0.887067 -0.214805
vn 0.2141 0.3915 -0.8949
vn 0.0308 0.8711 -0.4901
vn 0.3495 0.8666 -0.3562
vn 0.0693 -0.7352 0.6743
vn 0.2021 -0.9547 0.2186
vn 0.2998 -0.6486 0.6996
vn -0.0566 -0.6735 0.7370
vn -0.2049 -0.1876 0.9606
vn -0.1688 -0.6743 0.7189
vn -0.0187 0.3764 -0.9263
vn -0.2866 0.0028 -0.9580
vn -0.2631 0.3604 -0.8949
vn 0.0751 -0.7303 -0.6790
vn -0.0013 -0.1849 -0.9828
vn 0.1294 -0.1699 -0.9769
vn -0.7286 0.3543 -0.5862
vn -0.3309 0.8420 -0.4260
vn 0.6769 0.3803 0.6302
vn 0.3516 0.8685 0.3494
vn 0.2591 0.4406 0.8595
vn -0.5282 -0.6600 0.5342
vn -0.1699 -0.9660 0.1947
vn 0.4645 -0.6883 -0.5572
vn 0.0852 -0.9777 -0.1921
vn 0.5638 -0.6884 0.4564
vn 0.3882 -0.2184 0.8953
vn -0.2369 0.4371 0.8677
vn -0.6917 0.0038 0.7222
vn -0.2476 -0.0080 0.9688
vn 0.7369 0.0007 -0.6760
vn 0.1621 -0.0010 -0.9868
vn -0.5095 -0.6830 -0.5233
vn -0.3086 -0.1702 -0.9358
vn -0.1059 -0.7223 -0.6835
vn -0.5365 0.8439 0.0072
vn -0.2203 0.9754 -0.0063
vn -0.5099 0.8602 -0.0017
vn -0.6746 -0.7382 0.0018
vn -0.9763 -0.2154 0.0215
vn -0.9777 -0.2097 -0.0064
vn -0.9245 0.3813 -0.0027
vn -0.9997 -0.0048 -0.0223
vn -1.0000 -0.0011 -0.0026
vn 0.9228 0.3847 0.0221
vn 0.9998 -0.0178 0.0045
vn 0.9214 0.3886 -0.0073
vn 0.5609 -0.8279 0.0023
vn 0.9522 -0.3039 -0.0315
vn 0.9540 -0.2996 0.0100
vn 0.9198 0.3913 -0.0282
vn 0.5044 0.8634 -0.0042
vn -0.6375 -0.7701 -0.0232
vn -0.1556 -0.9878 -0.0029
vn 0.1995 -0.9798 0.0163
vn 0.1587 -0.9873 -0.0030
vn 0.0010 0.3941 -0.9190
vn -0.0275 0.8528 -0.5215
vn -0.0028 0.8663 -0.4995
vn -0.0029 -0.9756 0.2195
vn -0.0223 -0.6997 0.7141
vn 0.0431 -0.2306 0.9721
vn 0.0235 -0.7243 0.6890
vn 0.0009 0.3828 -0.9238
vn 0.0007 0.0014 -1.0000
vn -0.0001 0.0003 -1.0000
vn 0.0010 -0.7738 -0.6334
vn 0.0005 -0.2128 -0.9771
vn 0.0001 -0.7760 -0.6307
vn 0.0704 0.4633 0.8834
vn 0.0141 0.8821 0.4709
vn 0.0318 0.4679 0.8832
vn -0.0013 -0.7694 -0.6387
vn -0.0022 -0.7606 -0.6492
vn -0.0032 -0.9869 -0.1612
vn 0.0012 0.3846 -0.9231
vn -0.0008 0.8515 -0.5243
vn 0.0046 -0.6848 0.7287
vn 0.0108 -0.9795 0.2013
vn 0.0003 -0.1982 0.9802
vn -0.0024 -0.1932 -0.9811
vn -0.0010 -0.7550 -0.6558
vn -0.0010 0.4659 0.8848
vn -0.0078 0.8807 0.4736
vn -0.0185 0.4662 0.8845
vn 0.0006 -0.9856 -0.1693
vn -0.6876 -0.7009 -0.1893
vn -0.7736 -0.1643 -0.6120
vn 0.6178 -0.7493 0.2385
vn 0.7409 -0.2460 0.6249
vn -0.6373 -0.2201 0.7385
vn 0.6837 -0.2059 -0.7001
vn -0.0272 -0.0056 0.9996
vn -0.0667 -0.1676 0.9836
vn -0.0350 -0.2082 0.9775
vn 0.9457 -0.2684 -0.1832
vn 0.7900 -0.0636 0.6098
vn -0.7603 -0.0013 -0.6496
vn -0.9246 -0.1971 0.3261
vn 0.3588 -0.0251 0.9331
vn 0.0910 -0.2389 0.9668
vn 0.0322 -0.0020 0.9995
vn -0.0010 -0.1967 -0.9805
vn -0.0001 -0.0000 -1.0000
vn 0.5035 0.8618 0.0619
vn 0.8780 0.4032 0.2580
vn 0.9218 0.3780 0.0859
vn -0.6833 -0.7251 0.0854
vn -0.6819 -0.6932 0.2334
vn -0.0537 0.8873 0.4581
vn -0.3508 0.8529 0.3866
vn -0.6197 0.3735 0.6903
vn -0.8676 0.3913 0.3067
vn 0.2039 0.9714 0.1221
vn 0.0739 0.8920 0.4459
vn 0.0015 0.9806 0.1958
vn 0.0421 0.9829 0.1792
vn 0.9633 -0.2554 0.0827
vn 0.8929 -0.2867 0.3471
vn -0.9947 -0.0169 0.1016
vn -0.9455 -0.0122 0.3254
vn 0.0253 0.9713 -0.2366
vn -0.8940 0.3804 -0.2367
vn -0.4962 0.8621 -0.1031
vn 0.1133 -0.9928 -0.0399
vn 0.5537 -0.8203 -0.1432
vn 0.5725 -0.8191 -0.0364
vn -0.1436 -0.9740 -0.1755
vn -0.9707 -0.0065 -0.2401
vn 0.7494 0.3895 -0.5355
vn 0.8967 0.4182 -0.1454
vn -0.1374 0.9717 -0.1924
vn 0.0031 0.9692 -0.2462
vn 0.0051 0.8529 -0.5221
vn -0.9766 -0.2028 -0.0710
vn -0.9580 -0.1785 -0.2246
vn 0.9178 0.3922 -0.0619
vn 0.9859 -0.0033 -0.1671
vn -0.1647 0.9782 0.1262
vn -0.5207 0.8503 0.0763
vn -0.9754 -0.1908 0.1105
vn 0.9594 -0.0205 0.2814
vn 0.9955 0.0012 0.0948
vn -0.9261 0.3663 0.0907
vn 0.5884 -0.8049 0.0768
vn -0.6502 -0.7597 0.0128
vn -0.1548 -0.9877 0.0239
vn 0.2578 0.9661 0.0167
vn 0.5098 0.8602 0.0076
vn 0.0039 0.9990 0.0436
vn 0.9612 -0.2758 0.0103
vn -0.9998 -0.0000 0.0177
vn -0.0117 0.0023 -0.9999
vn -0.0002 -0.0012 -1.0000
vn -0.9963 -0.0242 -0.0822
vn -0.9731 -0.2275 -0.0359
vn 0.9990 -0.0423 0.0148
vn -0.0621 -0.0184 0.9979
vn 0.0006 0.0066 1.0000
vn 0.9547 -0.2912 -0.0613
vn 0.9999 0.0028 -0.0141
vn -0.2181 0.9758 0.0180
vn -0.0671 0.9977 -0.0129
vn -0.0075 -0.1968 -0.9804
vn -0.0640 0.4689 0.8809
vn -0.0010 -0.9997 0.0235
vn -0.0329 0.9817 0.1877
vn -0.0017 0.8765 0.4814
vn 0.0025 -0.9997 0.0241
vn 0.0018 0.3851 -0.9229
vn 0.0946 0.0067 0.9955
vn 0.1719 0.9715 -0.1630
vn 0.0749 0.9966 0.0357
vn -0.9292 0.3692 0.0152
vn 0.6730 -0.7394 0.0183
vn 0.2613 0.9652 -0.0062
vn 0.0844 0.9964 -0.0103
vn -0.0581 0.9976 0.0371
vn -0.0012 -0.9998 -0.0186
vn -0.0012 -0.9999 -0.0137
vn 0.0039 0.9999 -0.0120
vn -0.9310 0.3647 -0.0169
vn 0.5574 -0.8300 -0.0210
vn 0.5267 0.8499 -0.0154
vn 0.5252 0.8495 -0.0506
vn -0.6305 -0.7742 -0.0551
vn 0.0670 0.9959 -0.0613
vn 0.2479 0.9684 -0.0276
vn -0.5289 0.8485 -0.0202
vn -0.2079 0.9769 -0.0498
vn 0.0019 0.9970 -0.0768
vn -0.0594 0.9956 -0.0724
vn -0.9235 0.3769 -0.0718
vn -0.0284 0.9725 -0.2311
vn 0.9981 -0.0001 -0.0609
vn -0.2141 0.3915 -0.8949
vn -0.0308 0.8711 -0.4901
vn -0.0018 0.3851 -0.9229
vn -0.2021 -0.9547 0.2186
vn -0.0693 -0.7352 0.6743
vn -0.2998 -0.6486 0.6996
vn 0.2049 -0.1876 0.9606
vn 0.0566 -0.6735 0.7370
vn 0.1688 -0.6743 0.7189
vn 0.2866 0.0028 -0.9580
vn 0.0187 0.3764 -0.9263
vn 0.2631 0.3604 -0.8949
vn -0.0751 -0.7303 -0.6790
vn 0.0013 -0.1849 -0.9828
vn 0.0022 -0.7606 -0.6492
vn 0.3309 0.8420 -0.4260
vn 0.7286 0.3543 -0.5862
vn -0.3516 0.8685 0.3494
vn -0.6769 0.3803 0.6302
vn -0.2591 0.4406 0.8595
vn 0.1699 -0.9660 0.1947
vn 0.5282 -0.6600 0.5342
vn -0.0852 -0.9777 -0.1921
vn -0.4645 -0.6883 -0.5572
vn -0.3882 -0.2184 0.8953
vn -0.5638 -0.6884 0.4564
vn 0.2369 0.4371 0.8677
vn 0.6917 0.0038 0.7222
vn 0.6197 0.3735 0.6903
vn -0.7369 0.0007 -0.6760
vn -0.7494 0.3895 -0.5355
vn 0.3086 -0.1702 -0.9358
vn 0.5095 -0.6830 -0.5233
vn 0.1059 -0.7223 -0.6835
vn 0.2203 0.9754 -0.0063
vn 0.5365 0.8439 0.0072
vn 0.5099 0.8602 -0.0017
vn 0.6745 -0.7382 0.0018
vn 0.9763 -0.2154 0.0215
vn 0.6502 -0.7597 0.0128
vn 0.9245 0.3813 -0.0027
vn 0.9997 -0.0048 -0.0223
vn 0.9310 0.3647 -0.0169
vn -0.9998 -0.0178 0.0045
vn -0.9228 0.3847 0.0221
vn -0.9214 0.3886 -0.0073
vn -0.5609 -0.8279 0.0023
vn -0.9522 -0.3039 -0.0315
vn -0.5574 -0.8300 -0.0210
vn 0.9292 0.3692 0.0152
vn -0.5044 0.8634 -0.0042
vn -0.9198 0.3913 -0.0282
vn 0.1556 -0.9878 -0.0029
vn 0.6375 -0.7701 -0.0232
vn -0.1995 -0.9798 0.0163
vn -0.6730 -0.7394 0.0183
vn -0.0010 0.3941 -0.9190
vn 0.0275 0.8528 -0.5215
vn 0.0029 -0.9756 0.2195
vn 0.0223 -0.6997 0.7141
vn -0.0431 -0.2307 0.9721
vn -0.0235 -0.7243 0.6890
vn -0.0009 0.3828 -0.9238
vn -0.0007 0.0014 -1.0000
vn -0.0005 -0.2128 -0.9771
vn -0.0010 -0.7738 -0.6334
vn -0.0001 -0.7760 -0.6307
vn -0.0141 0.8821 0.4709
vn -0.0704 0.4633 0.8834
vn -0.0318 0.4679 0.8832
vn 0.0013 -0.7694 -0.6387
vn 0.0032 -0.9869 -0.1612
vn 0.0008 0.8515 -0.5243
vn -0.0012 0.3846 -0.9231
vn -0.0108 -0.9795 0.2013
vn -0.0046 -0.6848 0.7287
vn -0.0003 -0.1982 0.9802
vn 0.0350 -0.2082 0.9775
vn 0.0024 -0.1932 -0.9811
vn 0.0010 -0.1967 -0.9805
vn 0.0078 0.8807 0.4736
vn 0.0010 0.4659 0.8848
vn 0.0185 0.4662 0.8845
vn -0.0006 -0.9856 -0.1693
vn 0.0010 -0.7550 -0.6558
vn 0.6876 -0.7009 -0.1893
vn 0.7736 -0.1643 -0.6120
vn 0.9580 -0.1785 -0.2246
vn -0.6178 -0.7493 0.2385
vn -0.7409 -0.2460 0.6249
vn -0.8929 -0.2867 0.3471
vn 0.6373 -0.2201 0.7385
vn -0.1294 -0.1699 -0.9769
vn -0.6837 -0.2059 -0.7001
vn 0.0667 -0.1676 0.9836
vn 0.0272 -0.0056 0.9996
vn -0.9457 -0.2684 -0.1832
vn -0.7900 -0.0636 0.6098
vn 0.9246 -0.1971 0.3261
vn -0.0910 -0.2389 0.9668
vn -0.3588 -0.0251 0.9331
vn -0.0322 -0.0020 0.9995
vn 0.0001 -0.0000 -1.0000
vn -0.5035 0.8618 0.0619
vn -0.8780 0.4032 0.2580
vn 0.6833 -0.7251 0.0854
vn 0.6819 -0.6932 0.2334
vn 0.0537 0.8873 0.4581
vn 0.3508 0.8529 0.3866
vn -0.9594 -0.0205 0.2814
vn 0.8676 0.3913 0.3067
vn -0.2039 0.9714 0.1221
vn -0.0015 0.9806 0.1958
vn 0.0017 0.8765 0.4814
vn -0.9633 -0.2554 0.0827
vn -0.5884 -0.8049 0.0768
vn 0.9947 -0.0169 0.1016
vn 0.9261 0.3663 0.0907
vn -0.0253 0.9713 -0.2366
vn 0.8940 0.3804 -0.2367
vn 0.4962 0.8621 -0.1031
vn 0.9235 0.3770 -0.0718
vn -0.1133 -0.9928 -0.0399
vn -0.5537 -0.8203 -0.1432
vn 0.1436 -0.9740 -0.1755
vn 0.9707 -0.0065 -0.2401
vn -0.3495 0.8666 -0.3562
vn -0.8967 0.4182 -0.1454
vn 0.1374 0.9717 -0.1924
vn 0.0028 0.8663 -0.4995
vn -0.0031 0.9692 -0.2462
vn 0.0284 0.9725 -0.2311
vn 0.9766 -0.2028 -0.0710
vn 0.6305 -0.7742 -0.0551
vn -0.9859 -0.0033 -0.1671
vn -0.9178 0.3922 -0.0619
vn 0.1647 0.9782 0.1262
vn 0.5207 0.8503 0.0763
vn 0.9754 -0.1908 0.1105
vn -0.9218 0.3780 0.0859
vn 0.1548 -0.9877 0.0239
vn -0.2578 0.9661 0.0167
vn -0.0421 0.9829 0.1792
vn -0.0039 0.9990 0.0436
vn -0.0749 0.9966 0.0357
vn -0.9612 -0.2758 0.0103
vn 0.9998 -0.0000 0.0177
vn 0.0117 0.0023 -0.9999
vn 0.0002 -0.0012 -1.0000
vn 0.2476 -0.0080 0.9688
vn -0.1621 -0.0010 -0.9868
vn 0.9731 -0.2275 -0.0359
vn 0.9963 -0.0242 -0.0822
vn -0.9990 -0.0423 0.0148
vn -0.9955 0.0012 0.0948
vn 0.0621 -0.0184 0.9979
vn 0.7603 -0.0013 -0.6496
vn 0.9455 -0.0122 0.3254
vn -0.0946 0.0067 0.9955
vn -0.0006 0.0066 1.0000
vn -0.9547 -0.2912 -0.0613
vn -0.9981 -0.0001 -0.0609
vn -0.9999 0.0028 -0.0141
vn -0.9540 -0.2996 0.0100
vn 0.9777 -0.2097 -0.0064
vn 1.0000 -0.0011 -0.0026
vn 0.0671 0.9977 -0.0129
vn 0.2181 0.9758 0.0180
vn 0.0075 -0.1968 -0.9804
vn 0.0640 0.4689 0.8809
vn 0.0010 -0.9997 0.0235
vn 0.0329 0.9817 0.1877
vn -0.0051 0.8529 -0.5221
vn -0.0025 -0.9997 0.0241
vn -0.0739 0.8920 0.4459
vn -0.1719 0.9715 -0.1630
vn 0.0001 0.0003 -1.0000
vn -0.5098 0.8602 0.0076
vn -0.2613 0.9652 -0.0062
vn -0.0844 0.9964 -0.0103
vn -0.0039 0.9999 -0.0120
vn 0.0581 0.9976 0.0371
vn 0.0012 -0.9998 -0.0186
vn 0.0012 -0.9999 -0.0137
vn -0.1587 -0.9873 -0.0030
vn -0.5267 0.8499 -0.0154
vn -0.0670 0.9959 -0.0613
vn -0.2479 0.9684 -0.0276
vn 0.5289 0.8485 -0.0202
vn 0.2079 0.9769 -0.0498
vn -0.0019 0.9970 -0.0768
vn 0.0594 0.9956 -0.0724
vn -0.5725 -0.8191 -0.0364
vn -0.5252 0.8495 -0.0506
vn -0.6730 -0.7394 0.0182
vn 0.9235 0.3769 -0.0718
vn -0.0145 0.9999 0.0011
vn 0.0012 1.0000 0.0023
vn 0.0044 1.0000 0.0039
vn 0.0062 -0.0300 -0.9995
vn 0.0005 -0.0082 -1.0000
vn -0.0000 -0.0082 -1.0000
vn -0.9413 -0.3375 0.0011
vn -0.8702 -0.4926 -0.0004
vn -0.8687 -0.4953 -0.0000
vn 0.8785 0.4778 -0.0001
vn 0.9654 0.2607 -0.0013
vn 0.8788 0.4772 -0.0000
vn -0.9804 0.1970 0.0002
vn -0.9971 0.0762 0.0001
vn -0.9972 0.0752 0.0002
vn 0.0190 0.0245 0.9995
vn 0.0044 0.0069 1.0000
vn 0.0251 0.0018 0.9997
vn 0.0428 0.0425 0.9982
vn 0.0510 0.0524 0.9973
vn 0.0607 0.0320 0.9976
vn -0.0000 -1.0000 -0.0000
vn -0.1076 -0.9942 -0.0000
vn -0.9682 -0.2497 0.0174
vn -0.9264 -0.3763 0.0138
vn -0.9334 -0.3589 -0.0000
vn -0.9998 -0.0137 0.0122
vn -0.9789 0.2042 0.0037
vn -0.9998 0.0153 0.0096
vn -0.8764 0.4816 0.0043
vn -0.6523 0.7579 0.0029
vn -0.6523 0.7579 0.0112
vn -0.1073 -0.1226 0.9866
vn -0.0101 -0.1648 0.9863
vn -0.1248 -0.1027 0.9868
vn 0.0155 -0.0011 -0.9999
vn -0.0000 0.0179 -0.9998
vn -0.4972 -0.0836 0.8636
vn -0.1471 -0.1264 0.9810
vn -0.3667 -0.0708 0.9276
vn -0.9241 0.3821 -0.0076
vn -0.9842 -0.1770 -0.0074
vn -0.9741 0.2261 -0.0099
vn 0.7731 0.6342 -0.0000
vn 0.8337 0.5523 -0.0000
vn 0.8232 0.5678 -0.0007
vn -0.3098 0.9507 -0.0089
vn -0.4180 0.9084 0.0046
vn -0.2151 0.9766 -0.0012
vn 0.0659 0.0092 0.9978
vn -0.0722 -0.0127 0.9973
vn -0.9711 -0.2381 0.0182
vn -0.3484 -0.1465 0.9258
vn -0.3935 -0.1847 0.9006
vn 0.0048 -0.0003 -1.0000
vn 0.0103 0.0017 -0.9999
vn 0.0039 0.0012 -1.0000
vn -0.2826 -0.0248 0.9589
vn -0.3338 -0.0140 0.9425
vn -0.2533 -0.0607 0.9655
vn -0.0919 0.0845 0.9922
vn -0.1557 -0.0455 0.9868
vn -0.0561 -0.0819 0.9951
vn -0.5296 -0.8482 -0.0062
vn -0.4056 -0.9140 0.0066
vn -0.2744 -0.9616 0.0035
vn -0.1816 0.0237 0.9831
vn -0.2082 -0.0528 0.9767
vn -0.1039 -0.9946 0.0019
vn 0.2556 -0.9668 0.0014
vn 0.2500 -0.9682 0.0019
vn -0.0089 -0.3330 0.9429
vn 0.0125 -0.1220 0.9924
vn 0.1471 -0.3166 0.9371
vn 0.0177 -0.0757 -0.9970
vn -0.0078 -0.0183 -0.9998
vn -0.0005 -0.0100 -1.0000
vn 0.1541 -0.9880 0.0013
vn 0.1602 -0.9871 0.0005
vn -0.4159 0.9094 0.0049
vn -0.4251 0.9052 0.0006
vn 0.0051 0.0227 -0.9997
vn -0.0296 0.0268 0.9992
vn -0.0123 -0.0183 0.9998
vn -0.0263 0.0153 0.9995
vn 0.0029 -0.0023 -1.0000
vn 0.0031 -0.0058 -1.0000
vn 0.0052 -0.0096 -0.9999
vn 0.0040 -0.0522 -0.9986
vn -0.0221 -0.0453 -0.9987
vn -0.0118 0.0482 0.9988
vn -0.0141 0.0460 0.9988
vn -0.0149 0.0766 0.9970
vn 0.1660 -0.9861 -0.0004
vn 0.0245 -0.9997 -0.0004
vn 0.0281 -0.9996 -0.0002
vn -0.0000 1.0000 0.0009
vn -0.0001 1.0000 0.0009
vn 0.0922 -0.5461 0.8327
vn 0.0199 -0.3186 0.9477
vn 0.0074 -0.5625 0.8268
vn -0.0810 0.9967 -0.0000
vn -0.0644 0.9979 -0.0000
vn -0.0015 -0.1753 0.9845
vn 0.0025 -0.1737 0.9848
vn 0.0006 -0.0104 -0.9999
vn 0.0071 -0.0272 -0.9996
vn -0.0023 -0.0653 -0.9979
vn 0.0037 -0.0094 -0.9999
vn -0.0002 0.0032 -1.0000
vn 0.1316 -0.9913 -0.0004
vn -0.0705 -0.9975 -0.0004
vn 0.1317 -0.9913 -0.0008
vn 0.0025 0.0417 -0.9991
vn -0.0199 0.1643 0.9862
vn -0.0116 0.1047 0.9944
vn -0.0261 0.1037 0.9943
vn -0.2120 -0.9773 -0.0001
vn -0.0726 -0.9974 -0.0001
vn -0.2124 -0.9772 -0.0000
vn -0.0129 0.9999 0.0016
vn -0.0004 1.0000 0.0015
vn -0.0008 1.0000 0.0034
vn -0.0024 -0.0660 0.9978
vn 0.0329 -0.4879 0.8723
vn -0.0117 -0.1104 0.9938
vn -0.2509 0.9680 -0.0000
vn -0.2319 0.9727 -0.0000
vn -0.1268 -0.1081 0.9860
vn -0.0175 -0.1806 0.9834
vn -0.0486 -0.1823 0.9820
vn 0.0099 -0.0416 -0.9991
vn 0.0117 -0.0434 -0.9990
vn 0.0054 -0.0301 -0.9995
vn 0.0081 0.0159 -0.9998
vn -0.0054 -0.0457 -0.9989
vn -0.0463 0.0518 0.9976
vn -0.0519 0.1233 0.9910
vn -0.0600 -0.9982 -0.0000
vn -0.0092 1.0000 0.0035
vn -0.0000 1.0000 0.0048
vn -0.0018 -0.0475 0.9989
vn -0.3246 0.9458 -0.0000
vn -0.0578 0.0511 0.9970
vn -0.0305 -0.1256 0.9916
vn 0.0037 -0.0254 -0.9997
vn -0.0015 0.0050 -1.0000
vn -0.0037 -0.0420 -0.9991
vn -0.0017 -0.0357 -0.9994
vn -0.0460 -0.9989 -0.0000
vn -0.0042 0.0303 -0.9995
vn -0.0059 0.0047 -1.0000
vn -0.0716 0.0671 0.9952
vn 0.0019 -0.0078 1.0000
vn -0.0330 0.0521 0.9981
vn 0.0077 1.0000 0.0037
vn 0.0007 1.0000 0.0035
vn 0.0080 1.0000 0.0026
vn 0.0098 -0.0853 0.9963
vn 0.0010 -0.0504 0.9987
vn 0.0080 -0.0550 0.9985
vn -0.3700 0.9290 0.0005
vn -0.2223 0.9750 0.0006
vn -0.3686 0.9296 0.0007
vn 0.0419 -0.0417 0.9982
vn 0.0112 -0.0965 0.9953
vn 0.0826 0.0826 0.9932
vn 0.0063 -0.0195 -0.9998
vn 0.0074 -0.0195 -0.9998
vn 0.0012 -0.0168 -0.9999
vn -0.0043 -0.0718 0.9974
vn -0.3722 0.9281 -0.0000
vn -0.0074 -0.0646 0.9979
vn -0.0074 0.1304 0.9914
vn -0.0763 0.2198 0.9725
vn -0.0265 0.1519 0.9880
vn -0.0600 0.1500 0.9869
vn -0.0391 0.0275 0.9989
vn -0.0051 1.0000 0.0025
vn -0.0005 1.0000 0.0032
vn -0.0000 -0.0484 0.9988
vn -0.0020 -0.0188 0.9998
vn -0.0000 1.0000 -0.0000
vn -0.1889 0.9820 0.0004
vn -0.1901 0.9818 -0.0000
vn -0.0330 -0.0363 0.9988
vn 0.0023 -0.1535 0.9882
vn 0.0023 -0.0156 -0.9999
vn 0.0001 -0.0128 -0.9999
vn -0.0000 1.0000 0.0010
vn -0.0042 1.0000 0.0010
vn 0.0318 -0.2883 0.9570
vn 0.0816 -0.5709 0.8169
vn -0.1684 0.9857 -0.0000
vn -0.0067 -0.1845 0.9828
vn -0.0013 -0.1794 0.9838
vn 0.0065 -0.0516 -0.9986
vn 0.0044 -0.0627 -0.9980
vn -0.0153 0.1192 0.9928
vn -0.0164 0.0667 0.9976
vn -0.1324 0.9912 -0.0034
vn -0.3683 0.9297 -0.0020
vn -0.0859 0.9963 -0.0030
vn -0.9998 0.0192 0.0024
vn -0.9419 -0.3358 0.0026
vn 0.9995 0.0307 -0.0003
vn 0.9998 0.0197 -0.0008
vn -0.9911 -0.1333 -0.0000
vn -0.9840 0.1779 -0.0000
vn -0.9911 -0.1334 -0.0000
vn 0.0145 0.0267 0.9995
vn 0.0066 -0.0042 1.0000
vn 0.0086 -0.0118 0.9999
vn -0.9807 0.1953 -0.0000
vn -0.8720 0.4895 -0.0000
vn 0.0034 -0.0009 -1.0000
vn 0.0023 -0.0015 -1.0000
vn 0.4073 -0.0281 0.9129
vn 0.0554 -0.0492 0.9973
vn 0.2838 -0.0725 0.9561
vn 1.0000 -0.0094 0.0015
vn 1.0000 -0.0000 -0.0000
vn 0.0584 0.0082 0.9983
vn 0.0042 0.0210 0.9998
vn 0.0640 -0.0746 0.9952
vn -0.0000 0.0404 0.9992
vn -0.0000 0.1518 0.9884
vn 0.0040 -0.0001 -1.0000
vn 0.0038 0.0010 -1.0000
vn -0.5658 -0.1510 0.8106
vn -0.3143 0.0151 0.9492
vn -0.1351 0.0905 0.9867
vn -0.1920 -0.9811 0.0255
vn -0.2718 -0.9623 -0.0000
vn 0.0013 0.0019 -1.0000
vn -0.0248 0.0724 0.9971
vn -0.1298 0.1818 0.9747
vn -0.0522 0.1715 0.9838
vn -0.0861 0.0906 0.9922
vn -0.0761 0.3415 0.9368
vn -0.0419 0.2053 0.9778
vn -0.0698 0.3239 0.9435
vn -0.0605 0.3496 0.9350
vn -0.0398 0.2680 0.9626
vn -0.0188 0.3367 0.9414
vn -0.0432 0.2310 0.9720
vn -0.0538 0.3314 0.9420
vn -0.0652 0.2024 0.9771
vn -0.0122 0.1713 0.9852
vn -0.0028 0.2268 0.9739
vn -0.0726 0.2760 0.9584
vn -0.0294 0.2427 0.9696
vn -0.2364 0.1102 0.9654
vn -0.2375 0.0599 0.9695
vn -0.4510 0.0843 0.8885
vn -0.3401 -0.0047 0.9404
vn -0.5238 -0.1031 0.8456
vn 0.0039 0.0002 -1.0000
vn -0.0796 0.0837 0.9933
vn -0.0478 0.0964 0.9942
vn -0.0116 0.0906 0.9958
vn -0.0045 -0.0011 -1.0000
vn -0.0248 0.1014 0.9945
vn 0.0017 0.0883 0.9961
vn 0.0002 -0.0010 -1.0000
vn -0.0609 0.2915 0.9546
vn -0.0267 -0.1525 0.9879
vn -0.0036 0.0125 -0.9999
vn -0.3051 -0.0535 0.9508
vn -0.3103 -0.1249 0.9424
vn -0.2579 -0.0861 0.9623
vn 0.0002 0.0094 -1.0000
vn 0.0054 0.0045 -1.0000
vn -0.0202 -0.1686 0.9855
vn -0.0065 -0.1754 0.9845
vn -0.0209 -0.2089 0.9777
vn -0.0137 -0.2290 0.9733
vn 0.0017 0.0130 -0.9999
vn -0.0138 -0.2329 0.9724
vn -0.0044 -0.2305 0.9731
vn -0.0140 -0.2359 0.9717
vn -0.0000 -0.2351 0.9720
vn -0.0000 -0.1470 0.9891
vn -0.0248 -0.1846 0.9825
vn -0.1447 -0.1038 0.9840
vn 0.0089 -0.0640 -0.9979
vn -0.0175 -0.0280 -0.9995
vn -0.0155 0.0240 0.9996
vn -0.0054 0.0297 0.9995
vn -0.1489 0.9883 -0.0325
vn 0.0110 0.9999 0.0080
vn -0.0104 -0.9999 0.0002
vn -0.0067 -1.0000 -0.0004
vn 0.9999 0.0148 0.0009
vn 0.9999 0.0126 0.0008
vn -0.0086 0.0224 0.9997
vn -0.0061 0.0085 0.9999
vn 0.0003 0.0131 0.9999
vn -0.0352 0.0188 0.9992
vn -0.0514 -0.0930 0.9943
vn -0.7500 0.6615 -0.0047
vn -0.5810 0.8138 -0.0089
vn -0.0071 0.0349 -0.9994
vn -0.0041 0.0011 -1.0000
vn 0.0165 0.0514 -0.9985
vn -0.0325 -0.0541 0.9980
vn -0.0833 -0.0243 0.9962
vn 0.0545 0.0076 0.9985
vn -0.0571 0.0236 0.9981
vn -0.0515 0.0147 0.9986
vn -0.0302 -0.0013 0.9995
vn -0.0366 -0.0289 -0.9989
vn -0.0000 -0.0000 -1.0000
vn -0.0139 -0.9999 -0.0004
vn -0.0107 -0.9999 -0.0002
vn -0.9990 -0.0438 -0.0017
vn -0.7937 -0.6083 -0.0016
vn -0.0510 0.0090 0.9987
vn -0.0149 0.0028 0.9999
vn 0.0134 -0.0908 0.9958
vn -0.0675 -0.0862 0.9940
vn 0.7093 0.7049 -0.0007
vn 0.6991 0.7150 -0.0000
vn -0.8852 -0.4652 -0.0031
vn -0.8513 -0.5246 -0.0037
vn -0.7585 -0.6516 -0.0075
vn 0.2399 -0.9708 -0.0063
vn -0.2875 -0.9578 -0.0034
vn -0.1555 -0.9878 -0.0010
vn -0.0317 0.0802 0.9963
vn 0.0074 0.0624 0.9980
vn 0.1813 0.9834 -0.0023
vn -0.8212 -0.5707 -0.0000
vn -0.5161 -0.8565 -0.0000
vn -0.0437 0.0238 0.9988
vn -0.4800 -0.8773 -0.0016
vn 0.0516 -0.0061 0.9986
vn 0.0056 0.0451 0.9990
vn 0.4947 0.8691 -0.0007
vn 0.1444 0.9895 -0.0008
vn 0.0128 -0.0710 0.9974
vn 0.0820 0.0320 0.9961
vn 0.4770 0.8789 -0.0000
vn -0.0383 -0.0179 -0.9991
vn -0.0325 -0.0025 -0.9995
vn -0.0193 0.0099 -0.9998
vn 0.0005 -0.0001 -1.0000
vn 0.0005 -0.0000 -1.0000
vn 0.0475 0.0429 -0.9979
vn -0.0028 0.0009 -1.0000
vn 0.1108 0.0083 0.9938
vn 0.0281 0.0184 0.9994
vn 0.0181 0.0230 0.9996
vn 0.0268 -0.0002 0.9996
vn 0.1721 0.0680 0.9827
vn -0.0000 -0.0000 1.0000
vn 0.0027 0.0293 0.9996
vn 0.0286 -0.0043 0.9996
vn 0.0909 0.0824 0.9924
vn 0.0093 0.1103 0.9938
vn 0.0691 0.1220 0.9901
vn 0.0022 0.1154 0.9933
vn -0.0537 0.1169 0.9917
vn -0.0916 0.0123 0.9957
vn -0.0879 0.0818 0.9928
vn -0.1092 -0.0106 0.9940
vn -0.0952 -0.0715 0.9929
vn -0.0907 -0.1216 0.9884
vn -0.0544 -0.1754 0.9830
vn 0.0095 -0.1712 0.9852
vn -0.0558 -0.1673 0.9843
vn -0.1083 -0.0828 0.9907
vn -0.0909 -0.0012 0.9959
vn -0.1067 -0.0238 0.9940
vn -0.0965 0.0428 0.9944
vn -0.0663 0.0150 0.9977
vn 0.0006 0.0012 1.0000
vn -0.0173 0.0087 0.9998
vn 0.0005 -0.0002 -1.0000
vn -0.1204 0.0386 0.9920
vn -0.0897 0.0101 0.9959
vn -0.0656 0.0189 0.9977
vn -0.0892 -0.0068 0.9960
vn -0.0378 -0.0120 0.9992
vn -0.0963 -0.0294 0.9949
vn 0.0006 -0.0000 -1.0000
vn 0.0020 -0.0022 -1.0000
vn -0.0000 -0.0195 -0.9998
vn -0.6092 0.7923 -0.0326
vn -0.8265 0.5615 -0.0412
vn -0.6478 0.7590 -0.0649
vn -0.9830 -0.1835 0.0001
vn -0.9835 -0.1810 -0.0000
vn -0.9540 0.2999 -0.0000
vn -0.9798 0.1997 -0.0000
vn -0.9513 0.3082 -0.0000
vn -0.4970 0.8651 -0.0680
vn -0.6110 0.7913 -0.0221
vn 0.1597 -0.9872 -0.0007
vn 0.0493 -0.2838 0.9576
vn 0.0155 -0.0543 -0.9984
vn -0.0100 0.1113 0.9937
vn -0.0304 0.2627 0.9644
vn -0.0662 -0.1299 0.9893
vn -0.0678 0.0725 0.9951
vn -0.0430 -0.1056 0.9935
vn -0.3761 -0.9266 -0.0004
vn -0.4271 -0.9042 0.0008
vn -0.2387 -0.3771 0.8949
vn -0.0461 -0.1427 0.9887
vn -0.2353 0.9719 0.0003
vn -0.2358 0.9718 -0.0000
vn 0.0024 -0.0085 -1.0000
vn 0.0283 -0.1114 -0.9934
vn -0.0119 -0.0000 0.9999
vn -0.0080 0.0119 0.9999
vn -0.0259 -0.0473 -0.9985
vn -0.0096 0.0182 0.9998
vn -0.0054 0.0176 0.9998
vn -0.2860 -0.9582 -0.0002
vn -0.1465 -0.5809 0.8006
vn -0.1282 -0.3346 0.9336
vn -0.1169 0.9931 -0.0000
vn 0.0013 -0.0103 -0.9999
vn -0.2870 -0.9579 -0.0002
vn -0.1631 -0.1876 0.9686
vn 0.0082 -0.0148 0.9999
vn -0.4235 -0.0742 0.9029
vn -0.1503 0.0601 0.9868
vn -0.1919 -0.9810 0.0273
vn -0.0896 0.0717 0.9934
vn -0.0615 -0.1528 0.9863
vn -0.0316 -0.1626 0.9862
vn -0.0045 -0.1592 0.9872
vn -0.0098 -0.1613 0.9869
vn -0.2910 -0.1059 0.9508
vn -0.5173 0.8558 0.0032
vn -0.6112 0.7915 -0.0066
vn -0.0012 -0.1594 0.9872
vn -0.0000 -0.1609 0.9870
vn 0.0001 0.0007 1.0000
vn -0.0000 0.0004 1.0000
vn 0.0033 -0.0106 0.9999
vn 0.0041 -0.0305 0.9995
vn -0.0060 0.0065 1.0000
vn -0.0000 -0.0472 0.9989
vn -0.0000 -0.0042 1.0000
vn 0.0192 -0.2686 0.9631
vn -0.0001 0.0008 1.0000
vn 0.0287 -0.0680 0.9973
vn -0.0383 -0.0005 0.9993
vn -0.0000 0.0007 1.0000
vn 0.0184 0.1048 0.9943
vn -0.2056 0.9786 -0.0001
vn -0.3722 0.9282 -0.0000
vn 0.0061 -0.0151 -0.9999
vn 0.0036 -0.0161 -0.9999
vn -0.2053 0.9787 -0.0000
vn -0.2250 0.9744 -0.0001
vn -0.0035 -0.0013 1.0000
vn 0.0053 -0.0270 0.9996
vn -0.0020 0.0202 0.9998
vn -0.0108 -0.0057 0.9999
vn 0.0067 0.1179 0.9930
vn -0.0112 -0.0064 0.9999
vn -0.0073 -0.0035 1.0000
vn 0.0145 0.0144 0.9998
vn -0.0012 -0.0005 1.0000
vn 0.0007 -0.0101 0.9999
vn -0.9184 -0.3954 -0.0143
vn 0.1857 -0.9826 -0.0036
vn 0.4367 -0.8995 -0.0139
vn -0.9249 -0.3783 -0.0375
vn -0.0022 -0.0023 -1.0000
vn 0.0298 0.0681 -0.9972
vn -0.0092 0.0157 -0.9998
vn -0.1429 0.1183 -0.9827
vn -0.0226 0.0031 -0.9997
vn -0.1875 0.0675 -0.9799
vn 0.0094 -0.0319 -0.9994
vn 0.0068 -0.0055 -1.0000
vn 0.0254 0.0009 -0.9997
vn -0.0079 0.0062 -0.9999
vn -0.0217 0.0137 -0.9997
vn -0.0245 0.0182 -0.9995
vn -0.0475 0.0297 -0.9984
vn -0.0038 0.0032 -1.0000
vn -0.0087 0.0085 -0.9999
vn 0.0003 -0.0013 -1.0000
vn 0.0003 -0.0003 -1.0000
vn -0.0002 -0.0015 -1.0000
vn 0.0009 -0.0006 -1.0000
vn -0.0014 -0.0026 -1.0000
vn 0.0012 -0.0000 -1.0000
vn 0.0002 -0.0000 -1.0000
vn 0.0002 0.0104 -0.9999
vn -0.0563 -0.0300 -0.9980
vn -0.0031 0.0112 -0.9999
vn -0.0000 0.0904 0.9959
vn -0.0000 0.1763 0.9843
vn -0.0058 0.3407 0.9402
vn -0.0000 0.3426 0.9395
vn 0.0145 0.9999 0.0011
vn 0.0068 1.0000 0.0023
vn 0.0089 1.0000 0.0020
vn -0.0063 -0.0297 -0.9995
vn 0.8702 -0.4926 -0.0004
vn 0.9413 -0.3375 0.0011
vn 0.8687 -0.4953 -0.0000
vn -0.8785 0.4777 -0.0002
vn -0.9656 0.2599 -0.0001
vn -0.9637 0.2670 -0.0004
vn 0.9971 0.0762 0.0001
vn 0.9804 0.1970 0.0002
vn 0.9972 0.0752 0.0002
vn -0.0044 0.0069 1.0000
vn -0.0190 0.0245 0.9995
vn -0.0251 0.0018 0.9997
vn -0.0428 0.0425 0.9982
vn -0.0510 0.0524 0.9973
vn -0.0659 0.0092 0.9978
vn 0.1076 -0.9942 -0.0000
vn 0.9264 -0.3763 0.0138
vn 0.9682 -0.2497 0.0174
vn 0.9334 -0.3589 -0.0000
vn 0.9998 -0.0137 0.0122
vn 0.9789 0.2042 0.0037
vn 0.9807 0.1953 -0.0000
vn 0.6523 0.7579 0.0029
vn 0.8764 0.4817 0.0043
vn 0.6523 0.7579 0.0112
vn 0.1238 -0.1058 0.9867
vn 0.0753 -0.1434 0.9868
vn 0.1005 -0.1177 0.9880
vn -0.0147 -0.0007 -0.9999
vn 0.4719 -0.0800 0.8780
vn 0.3541 -0.0695 0.9326
vn 0.1446 -0.1268 0.9813
vn 0.9241 0.3821 -0.0076
vn 0.9842 -0.1770 -0.0074
vn 0.9990 -0.0438 -0.0017
vn -0.7731 0.6342 -0.0000
vn -0.8232 0.5678 -0.0007
vn -0.8337 0.5523 -0.0000
vn 0.3099 0.9507 -0.0089
vn 0.4180 0.9084 0.0047
vn 0.5173 0.8558 0.0032
vn -0.8790 0.4769 -0.0000
vn 0.9711 -0.2381 0.0182
vn 0.3483 -0.1450 0.9261
vn 0.3966 -0.1810 0.9000
vn -0.0104 0.0016 -0.9999
vn -0.0049 -0.0005 -1.0000
vn -0.0044 0.0012 -1.0000
vn 0.3338 -0.0140 0.9426
vn 0.2826 -0.0248 0.9589
vn 0.2533 -0.0607 0.9655
vn 0.1557 -0.0455 0.9868
vn 0.0919 0.0845 0.9922
vn 0.0561 -0.0819 0.9951
vn 0.5296 -0.8482 -0.0063
vn 0.2742 -0.9617 0.0035
vn 0.4055 -0.9141 0.0065
vn 0.1816 0.0237 0.9831
vn 0.2082 -0.0528 0.9767
vn -0.2556 -0.9668 0.0014
vn 0.1039 -0.9946 0.0019
vn -0.2500 -0.9682 0.0019
vn -0.0125 -0.1220 0.9924
vn 0.0089 -0.3330 0.9429
vn -0.1471 -0.3166 0.9371
vn -0.0168 -0.0768 -0.9969
vn 0.0083 -0.0180 -0.9998
vn -0.0089 -0.0640 -0.9979
vn -0.1541 -0.9880 0.0013
vn 0.4159 0.9094 0.0049
vn -0.0051 0.0229 -0.9997
vn 0.0004 -0.0114 -0.9999
vn 0.0296 0.0268 0.9992
vn 0.0123 -0.0183 0.9998
vn -0.0640 -0.0746 0.9952
vn -0.0029 -0.0023 -1.0000
vn -0.0053 -0.0101 -0.9999
vn -0.0031 -0.0058 -1.0000
vn -0.0042 -0.0549 -0.9985
vn 0.0229 -0.0481 -0.9986
vn 0.0118 0.0482 0.9988
vn 0.0141 0.0460 0.9988
vn 0.0096 0.0182 0.9998
vn -0.0245 -0.9997 -0.0004
vn -0.1660 -0.9861 -0.0004
vn -0.0281 -0.9996 -0.0002
vn 0.0183 0.9998 0.0020
vn -0.0199 -0.3186 0.9477
vn -0.0922 -0.5461 0.8327
vn -0.0074 -0.5625 0.8268
vn 0.0810 0.9967 -0.0000
vn 0.0644 0.9979 -0.0000
vn 0.0319 -0.1372 0.9900
vn 0.1677 -0.0260 0.9855
vn -0.0007 -0.0112 -0.9999
vn -0.0071 -0.0296 -0.9995
vn 0.0022 -0.0657 -0.9978
vn -0.0042 -0.0095 -0.9999
vn -0.0052 -0.0647 -0.9979
vn -0.1316 -0.9913 -0.0004
vn 0.0705 -0.9975 -0.0004
vn 0.0726 -0.9974 -0.0001
vn 0.0004 0.0038 -1.0000
vn -0.0013 0.0422 -0.9991
vn 0.0116 0.1047 0.9944
vn 0.0199 0.1643 0.9862
vn 0.0261 0.1037 0.9943
vn 0.2120 -0.9773 -0.0001
vn -0.0009 1.0000 0.0049
vn -0.0081 1.0000 0.0049
vn -0.0187 0.9998 0.0021
vn 0.0024 -0.0660 0.9978
vn -0.0329 -0.4879 0.8723
vn -0.0192 -0.2686 0.9631
vn 0.2319 0.9727 -0.0000
vn 0.2509 0.9680 -0.0000
vn -0.0255 -0.0081 0.9996
vn -0.1624 0.0635 0.9847
vn -0.0956 0.2298 0.9685
vn -0.0099 -0.0414 -0.9991
vn -0.0052 -0.0301 -0.9995
vn -0.0116 -0.0429 -0.9990
vn 0.0019 0.0087 -1.0000
vn 0.0085 -0.0493 -0.9987
vn 0.0463 0.0518 0.9976
vn 0.0519 0.1233 0.9910
vn 0.0600 -0.9982 -0.0000
vn 0.2124 -0.9772 -0.0000
vn -0.0001 1.0000 0.0032
vn -0.0018 1.0000 0.0008
vn 0.0117 -0.1104 0.9938
vn 0.0018 -0.0475 0.9989
vn 0.0043 -0.0718 0.9974
vn 0.3246 0.9458 -0.0000
vn -0.0230 -0.1317 0.9910
vn 0.0203 -0.1302 0.9913
vn -0.0037 -0.0258 -0.9997
vn 0.0025 0.0065 -1.0000
vn 0.0012 -0.0441 -0.9990
vn 0.0002 0.0049 -1.0000
vn 0.0460 -0.9989 -0.0000
vn 0.0029 0.0317 -0.9995
vn 0.0716 0.0671 0.9952
vn 0.0330 0.0521 0.9981
vn -0.0019 -0.0078 1.0000
vn -0.0024 1.0000 0.0029
vn 0.0003 1.0000 0.0036
vn 0.0113 0.9999 0.0020
vn -0.0098 -0.0853 0.9963
vn -0.0010 -0.0504 0.9987
vn 0.0020 -0.0188 0.9998
vn 0.3700 0.9290 0.0005
vn 0.2223 0.9750 0.0006
vn 0.2250 0.9744 -0.0001
vn 0.0207 -0.1219 0.9923
vn -0.0363 0.0211 0.9991
vn 0.0919 -0.0726 0.9931
vn -0.0063 -0.0197 -0.9998
vn -0.0010 -0.0172 -0.9999
vn -0.0075 -0.0198 -0.9998
vn 0.3722 0.9281 -0.0000
vn 0.0297 -0.1828 0.9827
vn -0.0063 -0.0155 -0.9999
vn 0.0024 -0.0443 -0.9990
vn 0.0074 0.1304 0.9914
vn 0.0763 0.2198 0.9725
vn 0.0265 0.1519 0.9880
vn 0.0391 0.0275 0.9989
vn 0.0600 0.1500 0.9869
vn 0.1889 0.9820 0.0004
vn 0.1901 0.9818 -0.0000
vn -0.0205 -0.1063 0.9941
vn -0.0023 -0.0158 -0.9999
vn -0.0000 -0.0159 -0.9999
vn 0.0001 1.0000 0.0062
vn -0.0000 1.0000 0.0064
vn -0.0318 -0.2883 0.9570
vn -0.0816 -0.5709 0.8169
vn 0.1684 0.9857 -0.0000
vn 0.0050 0.0198 0.9998
vn 0.0928 0.1622 0.9824
vn -0.0064 -0.0504 -0.9987
vn -0.0159 -0.0569 -0.9983
vn 0.0164 0.0667 0.9976
vn 0.0153 0.1192 0.9928
vn 0.1324 0.9912 -0.0034
vn 0.3683 0.9297 -0.0020
vn 0.5810 0.8138 -0.0089
vn 0.9419 -0.3358 0.0026
vn 0.9998 0.0192 0.0024
vn -1.0000 0.0018 -0.0026
vn -0.9996 0.0289 -0.0032
vn 0.9911 -0.1333 -0.0000
vn 0.9840 0.1779 -0.0000
vn -0.0145 0.0267 0.9995
vn -0.0066 -0.0042 1.0000
vn -0.0268 -0.0002 0.9996
vn 0.3546 -0.0203 0.9348
vn -0.0034 -0.0009 -1.0000
vn -0.0023 -0.0015 -1.0000
vn -0.0554 -0.0492 0.9973
vn -0.4073 -0.0281 0.9129
vn -0.2838 -0.0725 0.9561
vn -0.9998 0.0209 0.0004
vn -1.0000 -0.0094 0.0015
vn -0.0584 0.0082 0.9983
vn -0.0086 -0.0118 0.9999
vn -0.0040 -0.0001 -1.0000
vn -0.0038 0.0010 -1.0000
vn 0.3143 0.0151 0.9492
vn 0.5658 -0.1510 0.8106
vn 0.1351 0.0905 0.9867
vn 0.1919 -0.9811 0.0255
vn 0.2716 -0.9624 -0.0000
vn -0.0026 0.0017 -1.0000
vn 0.0248 0.0724 0.9971
vn 0.1298 0.1818 0.9747
vn 0.0522 0.1715 0.9838
vn 0.0726 0.2760 0.9584
vn 0.0419 0.2053 0.9778
vn 0.0761 0.3415 0.9368
vn 0.0698 0.3239 0.9435
vn 0.0398 0.2680 0.9626
vn 0.0605 0.3496 0.9350
vn 0.0432 0.2310 0.9720
vn 0.0188 0.3367 0.9414
vn 0.0538 0.3314 0.9420
vn 0.0652 0.2024 0.9771
vn 0.0122 0.1713 0.9852
vn 0.0058 0.3407 0.9402
vn 0.0294 0.2427 0.9696
vn 0.2364 0.1102 0.9654
vn 0.4510 0.0843 0.8885
vn 0.2375 0.0599 0.9695
vn 0.0861 0.0906 0.9922
vn 0.3401 -0.0047 0.9404
vn 0.5238 -0.1031 0.8456
vn -0.0040 0.0003 -1.0000
vn 0.0796 0.0837 0.9933
vn 0.0896 0.0717 0.9934
vn 0.0478 0.0964 0.9942
vn 0.0116 0.0906 0.9958
vn 0.0248 0.1014 0.9945
vn 0.0048 -0.0012 -1.0000
vn -0.0017 0.0883 0.9961
vn 0.0609 0.2915 0.9546
vn 0.0267 -0.1525 0.9879
vn 0.0037 0.0128 -0.9999
vn 0.3051 -0.0535 0.9508
vn 0.2910 -0.1059 0.9508
vn 0.2579 -0.0861 0.9623
vn -0.0003 0.0095 -1.0000
vn -0.0054 0.0046 -1.0000
vn 0.0040 0.0013 -1.0000
vn 0.0202 -0.1686 0.9855
vn 0.0248 -0.1846 0.9825
vn 0.0209 -0.2089 0.9777
vn 0.0137 -0.2290 0.9733
vn 0.0140 -0.2359 0.9717
vn -0.0017 0.0132 -0.9999
vn 0.0138 -0.2329 0.9724
vn 0.1447 -0.1038 0.9840
vn 0.0175 -0.0280 -0.9995
vn -0.0042 0.0210 0.9998
vn 0.0155 0.0240 0.9996
vn 0.0378 -0.0120 0.9992
vn 0.3103 -0.1249 0.9424
vn 0.1489 0.9883 -0.0325
vn 0.2151 0.9766 -0.0012
vn 0.0104 -0.9999 0.0002
vn -0.1602 -0.9871 0.0005
vn -0.9999 0.0148 0.0009
vn -0.9998 -0.0202 0.0030
vn 0.0086 0.0224 0.9997
vn 0.0061 0.0085 0.9999
vn -0.0003 0.0131 0.9999
vn 0.0722 -0.0127 0.9973
vn 0.0352 0.0188 0.9992
vn 0.0514 -0.0930 0.9943
vn -0.0128 -0.0710 0.9974
vn 0.7500 0.6615 -0.0047
vn 0.0071 0.0349 -0.9994
vn -0.0165 0.0514 -0.9985
vn 0.0325 -0.0541 0.9980
vn -0.0545 0.0076 0.9985
vn 0.0833 -0.0243 0.9962
vn 0.0571 0.0236 0.9981
vn 0.0515 0.0147 0.9986
vn 0.0302 -0.0013 0.9995
vn 0.0366 -0.0289 -0.9989
vn 0.0054 0.0297 0.9995
vn -0.0281 0.0184 0.9994
vn 0.0139 -0.9999 -0.0004
vn 0.0107 -0.9999 -0.0002
vn 0.7937 -0.6083 -0.0016
vn 0.8212 -0.5707 -0.0000
vn 0.0510 0.0090 0.9987
vn -0.0134 -0.0908 0.9958
vn 0.0675 -0.0862 0.9940
vn -0.0607 0.0320 0.9976
vn -0.0820 0.0320 0.9961
vn -0.7093 0.7049 -0.0007
vn -0.6991 0.7150 -0.0000
vn 0.8852 -0.4652 -0.0031
vn 0.8513 -0.5246 -0.0037
vn 0.9184 -0.3954 -0.0143
vn 0.2875 -0.9578 -0.0034
vn -0.2399 -0.9708 -0.0063
vn 0.1555 -0.9878 -0.0010
vn 0.0317 0.0802 0.9963
vn -0.0074 0.0624 0.9980
vn -0.1813 0.9834 -0.0023
vn 0.0859 0.9963 -0.0030
vn 0.5161 -0.8565 -0.0000
vn 0.4800 -0.8773 -0.0016
vn 0.0437 0.0238 0.9988
vn -0.0516 -0.0061 0.9986
vn -0.0056 0.0451 0.9990
vn -0.1444 0.9895 -0.0008
vn -0.4947 0.8691 -0.0007
vn -0.4770 0.8789 -0.0000
vn 0.0383 -0.0179 -0.9991
vn 0.0325 -0.0025 -0.9995
vn 0.0193 0.0099 -0.9998
vn -0.0005 -0.0001 -1.0000
vn -0.0005 -0.0000 -1.0000
vn -0.0475 0.0429 -0.9979
vn 0.0028 0.0009 -1.0000
vn -0.1108 0.0083 0.9938
vn -0.0181 0.0230 0.9996
vn -0.1721 0.0680 0.9827
vn -0.0027 0.0293 0.9996
vn -0.0286 -0.0043 0.9996
vn -0.0909 0.0824 0.9924
vn -0.0691 0.1220 0.9901
vn -0.0093 0.1103 0.9938
vn -0.0022 0.1154 0.9933
vn 0.0537 0.1169 0.9917
vn 0.0879 0.0818 0.9928
vn 0.0916 0.0123 0.9957
vn 0.0149 0.0028 0.9999
vn 0.1092 -0.0106 0.9940
vn 0.0952 -0.0715 0.9929
vn 0.0907 -0.1216 0.9884
vn 0.0544 -0.1754 0.9830
vn -0.0095 -0.1712 0.9852
vn 0.0558 -0.1673 0.9843
vn 0.1083 -0.0828 0.9907
vn 0.0909 -0.0012 0.9959
vn 0.1067 -0.0238 0.9940
vn 0.0965 0.0428 0.9944
vn 0.0663 0.0150 0.9977
vn -0.0006 0.0012 1.0000
vn 0.0173 0.0087 0.9998
vn -0.0005 -0.0002 -1.0000
vn 0.1204 0.0386 0.9920
vn 0.0656 0.0189 0.9977
vn 0.0897 0.0101 0.9959
vn 0.0892 -0.0068 0.9960
vn 0.0963 -0.0294 0.9949
vn -0.0020 -0.0022 -1.0000
vn -0.0006 -0.0000 -1.0000
vn 0.6092 0.7923 -0.0326
vn 0.6478 0.7590 -0.0649
vn 0.8265 0.5615 -0.0412
vn 0.9830 -0.1835 0.0001
vn 0.9835 -0.1810 -0.0000
vn 0.9798 0.1998 -0.0000
vn 0.9540 0.2999 -0.0000
vn 0.9513 0.3082 -0.0000
vn 0.9911 -0.1334 -0.0000
vn 0.4970 0.8651 -0.0680
vn 0.6110 0.7913 -0.0221
vn -0.1597 -0.9872 -0.0007
vn 0.0116 0.9999 0.0047
vn 0.0009 1.0000 0.0046
vn -0.0493 -0.2838 0.9576
vn 0.0289 -0.0489 0.9984
vn 0.0100 0.1113 0.9937
vn 0.0304 0.2627 0.9644
vn 0.0678 0.0725 0.9951
vn 0.0662 -0.1299 0.9893
vn 0.0430 -0.1056 0.9935
vn 0.3761 -0.9266 -0.0004
vn 0.0555 -0.9985 0.0003
vn 0.0461 -0.1427 0.9887
vn 0.2387 -0.3771 0.8949
vn 0.2353 0.9719 0.0003
vn 0.4251 0.9052 0.0006
vn -0.0026 -0.0089 -1.0000
vn -0.0291 -0.1180 -0.9926
vn 0.0119 -0.0000 0.9999
vn 0.0263 0.0153 0.9995
vn 0.0272 -0.0501 -0.9984
vn 0.0054 0.0176 0.9998
vn -0.0082 -0.0148 0.9999
vn 0.2860 -0.9582 -0.0002
vn 0.2870 -0.9579 -0.0002
vn 0.1465 -0.5810 0.8006
vn 0.1169 0.9931 -0.0000
vn -0.0014 -0.0111 -0.9999
vn 0.4271 -0.9042 0.0008
vn 0.1282 -0.3346 0.9336
vn 0.2358 0.9718 -0.0000
vn 0.0080 0.0119 0.9999
vn 0.4235 -0.0742 0.9029
vn 0.1503 0.0601 0.9868
vn 0.1918 -0.9811 0.0272
vn 0.0615 -0.1528 0.9863
vn 0.0316 -0.1626 0.9862
vn 0.0045 -0.1592 0.9872
vn 0.0098 -0.1613 0.9869
vn 0.6112 0.7915 -0.0066
vn 0.0012 -0.1594 0.9872
vn 0.0044 -0.2305 0.9731
vn -0.0001 0.0007 1.0000
vn -0.0033 -0.0106 0.9999
vn -0.0080 -0.0550 0.9985
vn -0.0041 -0.0305 0.9995
vn 0.0060 0.0065 1.0000
vn 0.0001 0.0008 1.0000
vn -0.0287 -0.0680 0.9973
vn 0.0383 -0.0005 0.9993
vn 0.1631 -0.1876 0.9686
vn 0.3686 0.9296 0.0007
vn -0.0184 0.1048 0.9943
vn 0.2056 0.9786 -0.0001
vn 0.2053 0.9787 -0.0000
vn -0.0037 -0.0165 -0.9999
vn 0.0149 0.0766 0.9970
vn 0.0028 0.2268 0.9739
vn 0.0035 -0.0013 1.0000
vn 0.0020 0.0202 0.9998
vn -0.0053 -0.0270 0.9996
vn 0.0108 -0.0057 0.9999
vn 0.0112 -0.0064 0.9999
vn -0.0067 0.1179 0.9930
vn 0.0073 -0.0035 1.0000
vn 0.0012 -0.0005 1.0000
vn -0.0145 0.0144 0.9998
vn -0.0007 -0.0101 0.9999
vn -0.1857 -0.9826 -0.0036
vn -0.0144 -0.9999 -0.0051
vn 0.9249 -0.3783 -0.0375
vn 0.0022 -0.0023 -1.0000
vn 0.0092 0.0157 -0.9998
vn -0.0298 0.0681 -0.9972
vn 0.1429 0.1183 -0.9827
vn 0.1875 0.0675 -0.9799
vn 0.0226 0.0031 -0.9997
vn -0.0094 -0.0319 -0.9994
vn -0.0068 -0.0055 -1.0000
vn -0.0254 0.0009 -0.9997
vn 0.0079 0.0062 -0.9999
vn 0.0217 0.0137 -0.9997
vn 0.0475 0.0297 -0.9984
vn 0.0245 0.0182 -0.9995
vn 0.0087 0.0085 -0.9999
vn 0.0038 0.0032 -1.0000
vn -0.0003 -0.0002 -1.0000
vn -0.0003 -0.0013 -1.0000
vn 0.0002 -0.0015 -1.0000
vn 0.0014 -0.0026 -1.0000
vn -0.0012 -0.0000 -1.0000
vn -0.0009 -0.0006 -1.0000
vn -0.0002 -0.0000 -1.0000
vn 0.0561 -0.0298 -0.9980
vn 0.0031 0.0112 -0.9999
vn 0.2760 -0.9563 0.0969
vn 0.0332 -0.7256 0.6873
vn 0.0775 -0.9866 0.1434
vn -0.6234 -0.1793 0.7611
vn -0.6561 -0.7066 0.2650
vn -0.5328 -0.4845 0.6939
vn 0.3068 0.2265 -0.9244
vn 0.4497 0.5692 -0.6883
vn 0.6615 0.6369 -0.3959
vn 0.4787 0.1522 -0.8647
vn 0.8375 0.3493 -0.4203
vn 0.9337 0.1541 -0.3233
vn 0.0860 0.1741 -0.9810
vn -0.0222 0.6651 -0.7465
vn 0.2362 0.6610 -0.7122
vn -0.2992 0.2070 -0.9315
vn -0.8558 0.1130 -0.5049
vn -0.6566 0.3693 -0.6576
vn 0.6813 0.0156 -0.7319
vn 0.9834 0.0557 -0.1728
vn 0.3315 0.0623 -0.9414
vn 0.6585 0.0128 -0.7525
vn 0.9737 -0.0421 -0.2241
vn -0.2376 -0.7654 -0.5981
vn 0.1472 -0.9887 -0.0301
vn -0.3040 -0.9505 -0.0645
vn 0.0214 0.9594 -0.2811
vn 0.0010 0.8861 -0.4635
vn 0.0346 0.9004 -0.4336
vn -0.5833 -0.5289 -0.6164
vn 0.6539 -0.0504 -0.7549
vn 0.9885 -0.0439 -0.1450
vn 0.1854 -0.7826 0.5942
vn 0.0113 -0.2118 0.9772
vn 0.0932 -0.7888 -0.6076
vn 0.2141 -0.4146 -0.8844
vn 0.3246 -0.8524 -0.4099
vn 0.8669 0.4982 0.0140
vn 0.9231 0.3801 0.0575
vn 0.9410 0.3302 0.0744
vn -0.2040 0.0972 0.9741
vn -0.5384 -0.0011 0.8427
vn -0.2853 -0.0886 -0.9543
vn -0.6891 -0.1917 -0.6989
vn 0.1154 0.1120 0.9870
vn -0.0342 0.0284 0.9990
vn 0.1455 0.1031 0.9840
vn 0.1435 0.1530 -0.9777
vn 0.0369 -0.0405 -0.9985
vn 0.1726 0.1244 0.9771
vn 0.0089 0.0682 0.9976
vn 0.2158 0.1465 0.9654
vn 0.3816 0.2291 -0.8955
vn 0.0609 0.0345 -0.9976
vn 0.0326 0.0389 -0.9987
vn -0.0428 0.2941 0.9548
vn -0.0197 0.0069 0.9998
vn 0.0196 0.2302 0.9730
vn 0.0154 -0.0218 -0.9996
vn -0.0009 0.1691 -0.9856
vn -0.0925 0.0066 0.9957
vn -0.1811 0.2452 0.9524
vn -0.5223 0.1486 -0.8397
vn -0.2461 0.0061 -0.9692
vn -0.6854 0.0203 -0.7279
vn 0.2277 -0.0056 -0.9737
vn 0.0694 0.0814 -0.9943
vn 0.1291 0.1378 0.9820
vn 0.1546 0.0441 0.9870
vn 0.0261 0.0285 0.9993
vn 0.0989 0.0383 -0.9944
vn 0.5359 0.1184 -0.8359
vn 0.3434 0.1009 0.9337
vn -0.0409 0.0629 0.9972
vn 0.5043 0.1129 0.8561
vn 0.0329 -0.2534 -0.9668
vn -0.1878 -0.3444 0.9199
vn -0.2812 -0.7304 0.6225
vn -0.0000 0.2737 -0.9618
vn 0.0170 0.2586 -0.9658
vn -0.0000 0.2836 -0.9589
vn 0.0374 0.0323 0.9988
vn 0.0100 0.3524 0.9358
vn -0.1702 -0.3014 -0.9382
vn -0.2468 -0.2516 0.9358
vn 0.5284 0.0738 0.8458
vn 0.0861 0.0382 0.9956
vn 0.1899 0.0094 -0.9818
vn 0.4643 0.5078 0.7257
vn 0.0915 0.1345 0.9867
vn -0.0241 0.0137 0.9996
vn -0.0211 0.0054 0.9998
vn 0.0285 0.0140 -0.9995
vn 0.0389 -0.0234 -0.9990
vn -0.6511 0.4134 0.6365
vn -0.3078 0.1754 0.9351
vn -0.4264 0.0637 0.9023
vn -0.0581 -0.0621 0.9964
vn -0.1089 0.1796 -0.9777
vn -0.0199 0.0135 -0.9997
vn -1.0000 -0.0012 -0.0044
vn -0.9999 0.0091 -0.0130
vn -0.9999 0.0094 -0.0144
vn -0.6376 -0.7698 0.0285
vn -0.7373 -0.6722 0.0667
vn -0.7713 -0.6349 0.0442
vn -0.8406 -0.5384 0.0589
vn -0.8510 -0.5217 0.0602
vn -0.8317 -0.5531 0.0489
vn -0.8760 -0.4788 0.0574
vn -0.8555 -0.5159 0.0445
vn -0.8604 -0.5082 0.0376
vn -0.9062 -0.4220 0.0273
vn -0.9694 -0.2441 0.0265
vn -0.9058 -0.4226 0.0301
vn -0.9974 -0.0718 -0.0089
vn -0.9979 -0.0617 0.0181
vn -0.0314 -0.9989 0.0352
vn -0.4900 -0.8710 0.0337
vn -0.3094 -0.9506 0.0267
vn 0.3255 -0.9452 0.0245
vn -0.0148 -0.9999 0.0058
vn 0.6444 -0.7647 -0.0090
vn 0.5688 -0.8224 -0.0111
vn 0.4683 -0.8836 0.0019
vn 0.9963 -0.0804 -0.0315
vn 0.9996 -0.0268 0.0005
vn 0.8760 -0.4812 -0.0310
vn 0.4975 0.8666 0.0388
vn 0.7011 0.7130 0.0104
vn 0.4083 0.9127 0.0188
vn 0.0870 0.9955 0.0370
vn -0.2506 0.9671 0.0433
vn -0.0174 0.9997 0.0170
vn 0.1048 -0.9941 -0.0263
vn 0.3374 -0.9412 -0.0167
vn 0.3542 -0.9347 -0.0298
vn -0.9988 0.0152 -0.0459
vn -0.9304 -0.3234 0.1725
vn -0.9603 -0.2751 -0.0469
vn 0.1955 0.9471 -0.2546
vn 0.4253 0.9031 0.0597
vn 0.1161 0.9913 0.0619
vn -0.0866 0.9957 0.0335
vn -0.0820 0.9484 -0.3064
vn -0.9194 0.2921 -0.2633
vn -0.9383 0.3444 -0.0311
vn 0.9982 -0.0592 -0.0034
vn 0.7348 0.6266 -0.2598
vn 0.8809 0.4147 -0.2280
vn -0.3346 -0.9420 -0.0240
vn -0.3668 -0.9301 -0.0186
vn -0.6896 -0.7207 -0.0714
vn -0.7575 -0.6524 -0.0239
vn 0.9141 0.4027 -0.0479
vn 0.8806 0.4733 -0.0237
vn 0.8984 0.4387 -0.0203
vn 0.9537 0.2781 0.1145
vn 0.8548 0.5164 0.0521
vn 0.9450 0.3268 0.0152
vn -0.1127 0.9368 0.3311
vn -0.4427 0.8966 0.0138
vn 0.2681 0.9630 -0.0286
vn 0.4612 0.8520 -0.2476
vn 0.4517 0.8921 -0.0102
vn 0.2207 0.9449 -0.2416
vn -0.0148 0.9999 -0.0086
vn -0.0637 0.9748 -0.2137
vn -0.9814 -0.0926 -0.1683
vn -0.9716 0.2274 -0.0653
vn -0.9961 -0.0477 -0.0740
vn 0.9956 -0.0940 0.0009
vn 0.9952 -0.0979 0.0041
vn 0.9917 -0.1270 0.0196
vn 0.1017 -0.9945 -0.0255
vn -0.3079 -0.9508 -0.0355
vn -0.3564 -0.9332 -0.0472
vn 0.0077 0.9721 -0.2346
vn 0.0840 0.9963 -0.0207
vn 0.0030 0.9905 -0.1374
vn -0.6955 -0.7145 -0.0762
vn -0.7580 -0.6500 -0.0539
vn 0.0978 -0.9952 -0.0098
vn 0.3378 -0.9412 -0.0114
vn -0.9882 -0.0828 0.1287
vn -0.9643 -0.2595 -0.0536
vn 0.8690 0.4946 0.0124
vn 0.8765 0.4807 0.0262
vn 0.8703 0.4922 0.0168
vn 0.9480 0.3182 0.0040
vn 0.8147 0.5798 -0.0108
vn 0.9455 0.3256 0.0105
vn -0.0163 0.9719 0.2348
vn -0.3584 0.9334 0.0167
vn 0.4706 0.8562 0.2131
vn 0.2682 0.9632 0.0173
vn 0.2618 0.9362 0.2344
vn -0.0211 0.9994 0.0256
vn -0.9920 -0.1265 -0.0013
vn -0.9726 0.1770 0.1505
vn -0.9883 0.1515 -0.0172
vn 0.9958 -0.0805 -0.0438
vn 0.9966 -0.0741 -0.0349
vn 0.9989 -0.0365 -0.0292
vn -0.3120 -0.9501 -0.0054
vn 0.1116 -0.9938 -0.0022
vn -0.3319 -0.9433 -0.0062
vn -0.6605 -0.7504 -0.0235
vn 0.1334 -0.9909 0.0192
vn 0.3335 -0.9427 0.0077
vn -0.9020 -0.4121 -0.1289
vn -0.9105 -0.4132 -0.0152
vn 0.8092 0.5871 0.0210
vn -0.0199 0.9665 -0.2561
vn -0.4506 0.8927 -0.0000
vn 0.1163 -0.9932 -0.0017
vn 0.3348 -0.9422 -0.0152
vn 0.3246 -0.9458 -0.0091
vn -0.9958 -0.0763 0.0510
vn -0.9205 -0.3671 -0.1337
vn -0.9188 -0.3933 0.0346
vn 0.9055 0.4241 -0.0131
vn 0.8495 0.5273 0.0151
vn 0.8569 0.5154 0.0112
vn 0.8515 0.5184 -0.0792
vn 0.8536 0.5041 0.1312
vn -0.4116 0.8952 -0.1707
vn -0.1006 0.9946 0.0268
vn 0.4638 0.8571 0.2242
vn 0.2023 0.9793 -0.0030
vn 0.1734 0.9394 0.2958
vn -0.9178 0.2907 0.2703
vn -0.9557 0.2831 0.0806
vn -0.3226 -0.9461 0.0296
vn -0.2984 -0.9544 0.0101
vn -0.7125 -0.6948 0.0981
vn -0.6774 -0.7353 0.0241
vn 0.0906 -0.9957 -0.0189
vn 0.3211 -0.9462 -0.0405
vn 0.3212 -0.9468 -0.0215
vn -0.9882 -0.1527 0.0108
vn -0.8983 -0.4144 -0.1462
vn -0.8929 -0.4503 -0.0031
vn 0.8462 0.5329 -0.0007
vn 0.8369 0.5472 -0.0148
vn 0.8534 0.5211 0.0103
vn 0.9426 0.3190 -0.0989
vn 0.8315 0.5395 0.1329
vn 0.9236 0.3490 0.1588
vn -0.4738 0.8302 -0.2938
vn -0.0925 0.9953 0.0304
vn 0.1266 0.9308 0.3429
vn 0.4447 0.8944 -0.0483
vn 0.1915 0.9815 -0.0024
vn -0.0952 0.9309 0.3526
vn -0.9546 0.1879 0.2314
vn -0.9714 -0.1309 0.1979
vn -0.3054 -0.9518 0.0286
vn -0.3150 -0.9488 -0.0209
vn -0.0023 0.9064 -0.4225
vn 0.0003 0.9539 -0.3001
vn -0.6737 -0.7364 0.0620
vn -0.6686 -0.7432 -0.0269
vn 0.4837 0.8752 -0.0015
vn 0.2935 0.9268 -0.2344
vn -0.9752 -0.1359 -0.1747
vn -0.9697 0.1297 -0.2069
vn -0.3118 -0.9499 0.0207
vn -0.6754 -0.7361 -0.0442
vn 0.3313 -0.9435 -0.0069
vn -0.9300 -0.0825 -0.3582
vn 0.8258 0.5637 0.0139
vn 0.7633 0.6416 -0.0762
vn 0.8374 0.5465 -0.0123
vn -0.4545 0.8463 -0.2778
vn 0.3225 -0.9466 -0.0031
vn -0.9370 -0.3384 0.0869
vn -0.4099 0.8882 0.2074
vn -0.5707 -0.8209 -0.0222
vn -0.7306 -0.6806 -0.0549
vn -0.6811 -0.7321 -0.0118
vn -0.7422 -0.6699 -0.0185
vn -0.7891 -0.6112 -0.0612
vn -0.8053 -0.5926 -0.0173
vn -0.8164 -0.5733 -0.0692
vn -0.8216 -0.5698 -0.0169
vn -0.8040 -0.5945 -0.0133
vn -0.9211 -0.3854 -0.0557
vn -0.8563 -0.5164 -0.0128
vn -0.8764 -0.4776 -0.0624
vn -0.9737 -0.2278 0.0010
vn -0.9982 -0.0569 -0.0204
vn -0.9976 -0.0692 0.0019
vn -0.0737 -0.9969 -0.0285
vn -0.5122 -0.8585 -0.0260
vn 0.3261 -0.9448 -0.0308
vn 0.2059 -0.9755 0.0775
vn 0.2476 -0.9685 -0.0279
vn 0.9310 -0.3607 0.0561
vn 0.5284 -0.8489 -0.0116
vn 0.8964 -0.4432 0.0021
vn 0.9447 0.3280 0.0019
vn 0.7549 0.6555 0.0181
vn 0.7122 0.7013 -0.0308
vn 0.5121 0.8571 -0.0564
vn 0.5231 0.8519 0.0261
vn 0.0911 0.9949 -0.0432
vn 0.0932 0.9956 0.0088
vn -0.2133 0.9770 0.0035
vn -0.2574 0.9626 -0.0851
vn -0.6945 -0.7191 0.0218
vn -0.9536 0.2531 -0.1632
vn 0.9962 -0.0864 0.0138
vn 0.9985 -0.0527 -0.0145
vn 0.1240 -0.9922 -0.0146
vn 0.9597 0.2802 -0.0223
vn -0.7135 -0.7006 0.0116
vn -0.4821 -0.8760 0.0139
vn -0.7585 -0.6517 0.0082
vn -0.7836 -0.6212 0.0085
vn -0.8218 -0.5698 0.0021
vn -0.9171 -0.3988 -0.0031
vn -0.8637 -0.5040 -0.0050
vn -0.9759 -0.2182 0.0038
vn -0.9979 -0.0617 0.0184
vn -0.0182 -0.9997 -0.0132
vn 0.3462 -0.9372 -0.0430
vn 0.2013 -0.9790 -0.0331
vn 0.8905 -0.4519 -0.0535
vn 0.9708 0.2390 0.0228
vn 0.8562 0.5165 -0.0126
vn 0.4563 0.8898 0.0103
vn 0.0238 0.9993 0.0279
vn -0.2857 0.9581 0.0185
vn 0.1081 -0.9941 -0.0127
vn -0.9747 -0.0215 0.2225
vn -0.4654 0.8822 0.0725
vn -0.4796 0.8182 0.3170
vn -0.8070 -0.5904 0.0131
vn -0.5787 -0.8154 0.0146
vn -0.7784 -0.6277 -0.0011
vn -0.8045 -0.5940 -0.0047
vn -0.8199 -0.5725 -0.0076
vn -0.8448 -0.5351 -0.0046
vn -0.8451 -0.5344 -0.0126
vn -0.8929 -0.4501 -0.0105
vn -0.8544 -0.5193 -0.0181
vn -0.9604 -0.2786 0.0064
vn -0.9956 -0.0926 0.0135
vn 0.1710 -0.9852 -0.0075
vn 0.5271 -0.8492 -0.0326
vn 0.5290 -0.8485 -0.0105
vn 0.8448 -0.5334 -0.0428
vn 0.5162 -0.8549 -0.0509
vn 0.5289 -0.8475 -0.0458
vn 0.9995 -0.0176 -0.0255
vn 0.8803 0.4740 -0.0207
vn 0.5058 0.8626 0.0033
vn 0.0458 0.9987 0.0230
vn -0.2962 0.9546 0.0318
vn 0.9985 -0.0518 -0.0156
vn 0.4761 0.8597 -0.1854
vn -0.9693 -0.0977 -0.2257
vn -0.9662 0.2576 0.0030
vn 0.9991 -0.0337 -0.0251
vn 0.7179 0.6945 -0.0483
vn 0.0957 -0.9950 -0.0302
vn 0.8486 0.5151 -0.1207
vn -0.6997 -0.7121 0.0582
vn -0.8567 -0.5133 0.0500
vn -0.9720 -0.2344 0.0138
vn 0.3014 -0.9535 -0.0019
vn 0.9033 0.4286 0.0177
vn -0.2550 0.9661 0.0393
vn 0.0903 -0.9957 0.0194
vn 0.3083 -0.9511 0.0171
vn -0.9104 -0.3934 0.1284
vn 0.8712 0.4908 0.0068
vn -0.4866 0.8731 -0.0299
vn 0.2188 0.5657 0.7951
vn 0.0516 0.6348 0.7709
vn 0.6260 0.3247 0.7090
vn 0.6785 0.2790 0.6795
vn -0.8265 0.1546 0.5412
vn -0.8897 -0.0773 0.4500
vn 0.9548 0.1432 0.2605
vn 0.9988 0.0492 -0.0068
vn 0.9869 0.1416 0.0771
vn 0.7865 0.2163 0.5785
vn 0.8719 0.0740 0.4841
vn -0.3152 -0.9326 0.1760
vn 0.9989 -0.0002 0.0470
vn 0.9382 0.0298 0.3449
vn 0.9643 0.0230 0.2637
vn -0.3486 0.6098 0.7118
vn 0.0226 -0.0156 -0.9996
vn -0.7578 0.6524 0.0014
vn -0.7754 0.6313 -0.0139
vn -0.8234 0.5096 -0.2496
vn -0.7591 0.6361 -0.1379
vn -0.7517 0.6028 -0.2675
vn 0.1730 -0.9582 0.2277
vn -0.0401 -0.9979 0.0513
vn -0.8103 0.5618 0.1667
vn -0.8335 0.5522 -0.0173
vn -0.7532 0.5887 0.2933
vn -0.8025 0.5954 -0.0393
vn -0.4596 0.8315 0.3121
vn 0.5113 0.8280 -0.2302
vn -0.7168 -0.6840 -0.1355
vn -0.9140 -0.3232 -0.2455
vn 0.7166 0.6929 -0.0795
vn 0.7457 0.5308 -0.4028
vn -0.3375 0.5756 -0.7448
vn 0.0034 -1.0000 -0.0075
vn -0.0022 -1.0000 0.0028
vn 0.0018 -1.0000 -0.0064
vn -0.9998 -0.0032 -0.0199
vn -0.9993 -0.0035 -0.0373
vn -0.9998 -0.0006 -0.0193
vn -0.6646 -0.7467 0.0259
vn -0.7644 -0.6423 -0.0557
vn -0.7757 -0.6304 -0.0306
vn -0.7951 -0.6039 -0.0549
vn -0.8491 -0.5240 -0.0673
vn -0.8809 -0.4684 -0.0683
vn -0.9779 -0.2055 -0.0397
vn -0.9981 -0.0479 -0.0375
vn -0.0560 -0.9910 0.1219
vn 0.4442 -0.8708 0.2107
vn 0.4687 -0.8796 0.0815
vn 0.9541 -0.2598 0.1487
vn 0.7399 -0.6634 0.1112
vn 0.9771 0.2101 0.0334
vn 0.7958 0.5998 -0.0827
vn -0.0187 0.9902 -0.1385
vn -0.3249 0.9399 -0.1053
vn -0.8701 -0.3379 0.3588
vn 0.5692 0.4298 0.7009
vn -0.8106 0.5348 0.2387
vn 0.0555 0.1715 0.9836
vn -0.0804 0.6815 0.7274
vn 0.5446 0.6388 0.5434
vn 0.0238 0.8916 0.4523
vn 0.5630 0.0426 0.8253
vn 0.2087 -0.0092 -0.9779
vn 0.9995 0.0302 -0.0024
vn 0.9999 0.0059 -0.0103
vn 1.0000 -0.0063 -0.0005
vn 0.9998 -0.0158 0.0137
vn 0.9988 -0.0379 -0.0312
vn -1.0000 -0.0064 0.0004
vn 0.9999 -0.0027 0.0134
vn -0.9996 -0.0050 0.0265
vn -0.9994 -0.0100 -0.0325
vn -0.0220 0.0450 0.9987
vn 0.9819 0.1895 -0.0061
vn 0.9877 0.1435 -0.0625
vn 0.9896 0.1441 0.0043
vn 0.9929 0.1193 0.0052
vn 0.9944 0.1053 -0.0087
vn -0.9121 -0.4100 -0.0040
vn 0.9882 0.1402 0.0616
vn -0.9817 -0.1807 -0.0606
vn -0.9248 -0.3745 -0.0674
vn 0.4193 0.1937 -0.8870
vn 0.0021 0.0580 0.9983
vn 0.0673 0.0416 -0.9969
vn -0.8548 -0.5144 0.0687
vn -0.8497 -0.5228 -0.0680
vn -0.0257 0.0059 0.9997
vn 0.3483 0.2612 -0.9002
vn 0.6945 0.7169 0.0609
vn 0.6100 0.7924 0.0011
vn 0.6524 0.7558 0.0552
vn 0.6560 0.7382 -0.1572
vn 0.7086 0.6920 -0.1378
vn 0.0323 -0.0639 -0.9974
vn 0.6821 0.7230 0.1100
vn 0.4638 0.8858 -0.0174
vn 0.4092 0.8611 0.3017
vn 0.6898 0.7146 0.1160
vn -0.7517 -0.6594 -0.0095
vn -0.0963 0.0308 -0.9949
vn -0.0410 -0.0514 0.9978
vn 0.9006 -0.4296 -0.0666
vn -0.7655 0.6358 0.0991
vn 0.7669 -0.6187 0.1704
vn -0.2862 -0.0377 0.9574
vn 0.9684 0.2479 -0.0270
vn 0.9969 0.0684 -0.0395
vn 0.0112 0.9995 -0.0306
vn -0.0136 0.9549 -0.2965
vn -0.0023 0.9538 -0.3003
vn 0.0018 0.1293 -0.9916
vn 0.0045 0.1291 -0.9916
vn -0.0024 -0.0846 0.9964
vn -0.0089 0.9999 -0.0121
vn -0.0010 1.0000 -0.0003
vn -0.0099 0.9999 -0.0071
vn 0.0106 0.9662 0.2576
vn 0.0331 0.9995 0.0004
vn -0.0042 0.9133 0.4074
vn -0.0117 0.9701 0.2425
vn 0.0127 0.9068 0.4213
vn -0.0039 0.3442 0.9389
vn -0.0131 0.9995 -0.0286
vn -0.0125 0.9553 -0.2953
vn -0.0032 -0.0300 0.9995
vn -0.0022 0.9045 -0.4265
vn -0.0098 0.9632 -0.2687
vn -0.0075 0.9589 -0.2837
vn -0.0011 0.9999 -0.0131
vn -0.0116 0.9657 -0.2593
vn -0.0052 1.0000 -0.0049
vn -0.0060 0.9738 0.2275
vn -0.0009 0.9725 0.2327
vn -0.0002 0.9126 0.4089
vn -0.0119 0.9999 0.0097
vn 0.0048 0.9022 0.4313
vn -0.0092 0.9038 0.4278
vn -0.0031 0.3955 0.9185
vn 0.0098 0.9998 -0.0177
vn 0.0010 0.9561 -0.2932
vn 0.0007 1.0000 -0.0083
vn -0.0051 0.8928 -0.4503
vn -0.0121 0.9575 -0.2883
vn -0.0082 0.9608 -0.2770
vn 0.0020 0.9677 -0.2520
vn -0.0001 0.9999 -0.0133
vn 0.0029 0.9726 0.2324
vn 0.0010 1.0000 -0.0015
vn 0.0044 1.0000 -0.0059
vn -0.0014 0.9215 0.3885
vn -0.0023 0.9732 0.2298
vn -0.0073 0.9137 0.4064
vn 0.0018 0.1950 -0.9808
vn -0.0027 0.1910 -0.9816
vn 0.0059 0.2041 -0.9789
vn 0.0016 0.9996 -0.0283
vn -0.0001 0.9700 -0.2431
vn -0.0013 0.9592 -0.2826
vn -0.0003 0.4220 0.9066
vn -0.0101 0.0868 0.9962
vn 0.0073 0.0622 0.9980
vn -0.0120 0.9068 0.4213
vn -0.0094 0.4698 0.8827
vn -0.0001 0.9650 -0.2621
vn -0.0000 0.9999 -0.0129
vn -0.0000 0.9999 -0.0126
vn -0.0000 0.9723 0.2335
vn 0.0028 0.9999 -0.0123
vn -0.0000 0.9999 -0.0165
vn 0.0004 0.9732 0.2299
vn 0.0038 0.9188 0.3948
vn 0.0009 0.9140 0.4056
vn 0.0111 0.2461 -0.9692
vn -0.0003 0.9953 -0.0967
vn -0.0001 0.9997 -0.0260
vn -0.0000 0.4147 0.9100
vn -0.0000 0.0942 0.9956
vn -0.0000 0.8976 -0.4409
vn 0.0016 0.9568 -0.2908
vn -0.0011 0.9565 -0.2916
vn -0.0000 0.9999 -0.0128
vn -0.0000 0.9999 -0.0135
vn -0.0000 0.9163 0.4006
vn -0.0033 0.9912 0.1320
vn -0.0078 0.9999 -0.0096
vn -0.0128 0.9082 0.4184
vn -0.0000 0.7457 0.6663
vn -0.0000 0.9128 0.4084
vn -1.0000 0.0026 0.0071
vn -0.9998 -0.0077 -0.0158
vn -1.0000 0.0011 0.0007
vn -0.9997 0.0074 0.0234
vn -0.9995 0.0328 0.0026
vn -0.0058 -0.9986 -0.0522
vn -0.0033 -0.9995 -0.0306
vn -0.0001 -0.9991 -0.0423
vn -0.0109 -0.9998 0.0191
vn -0.0011 -1.0000 0.0049
vn -0.0039 -1.0000 -0.0023
vn -0.0197 -0.9997 0.0111
vn -0.0041 -0.9998 -0.0172
vn -0.0128 -0.9995 -0.0306
vn 0.0025 -0.9999 -0.0162
vn 0.0010 -1.0000 -0.0018
vn -0.0019 -0.9988 -0.0489
vn -0.0000 -1.0000 -0.0002
vn 0.0031 -0.9994 -0.0352
vn -0.0103 -0.9958 -0.0911
vn 0.0065 -0.9989 -0.0468
vn 0.0010 -0.9989 -0.0462
vn -0.0062 -0.9992 -0.0399
vn -0.0002 -0.9997 -0.0235
vn 0.0046 -0.9982 -0.0596
vn -0.0008 -0.9993 -0.0364
vn -0.0000 -1.0000 -0.0023
vn -0.0000 -0.9996 -0.0281
vn -0.0000 -0.9991 -0.0423
vn -0.0057 0.0614 0.9981
vn 0.0026 0.4264 0.9045
vn -0.0060 0.0031 1.0000
vn 0.0058 0.9098 0.4151
vn 0.0048 0.4604 0.8877
vn 0.0055 0.9059 0.4234
vn 0.0013 0.8942 -0.4477
vn 0.0075 0.9590 -0.2832
vn -0.0027 0.9989 0.0477
vn -0.0011 0.9999 0.0141
vn 0.0008 0.9655 -0.2603
vn 0.0005 0.9727 0.2323
vn 0.0009 0.9746 0.2240
vn -0.0034 0.1896 -0.9819
vn -0.0025 0.1835 -0.9830
vn -0.0022 0.9994 0.0342
vn -0.0099 0.9998 -0.0171
vn -0.0109 0.8978 -0.4403
vn 0.0005 0.9692 -0.2464
vn -0.0038 0.9730 0.2310
vn 0.0039 -0.9998 -0.0209
vn 0.0027 0.1650 -0.9863
vn 0.0054 0.1650 -0.9863
vn -0.0021 0.1450 -0.9894
vn 0.0001 0.9757 0.2192
vn 0.0002 0.9713 0.2378
vn -0.0032 0.9684 -0.2495
vn -0.0040 1.0000 -0.0054
vn -0.0104 0.8768 -0.4807
vn 0.0001 0.8756 -0.4831
vn 0.0118 0.9575 -0.2880
vn 0.0068 0.8845 -0.4666
vn -0.0045 0.9185 -0.3954
vn -0.0000 0.9286 -0.3712
vn -0.0002 0.9726 -0.2323
vn -0.0091 0.8901 -0.4557
vn 0.0470 0.9988 -0.0104
vn -0.0066 1.0000 0.0041
vn -0.0040 0.9066 -0.4221
vn -0.0069 0.9736 0.2282
vn -0.0100 0.8803 -0.4742
vn -0.0152 0.9300 0.3671
vn -0.0265 0.9876 0.1548
vn 0.0480 0.9660 0.2539
vn 0.0334 0.9994 0.0091
vn -0.0000 0.9725 0.2330
vn -0.0000 0.9997 -0.0251
vn -0.0000 0.9649 -0.2624
vn -0.2760 -0.9563 0.0969
vn -0.0332 -0.7256 0.6873
vn -0.1854 -0.7826 0.5942
vn 0.6561 -0.7066 0.2650
vn 0.6234 -0.1793 0.7611
vn 0.5328 -0.4845 0.6939
vn -0.3068 0.2265 -0.9244
vn -0.4497 0.5692 -0.6883
vn -0.1435 0.1530 -0.9777
vn -0.4788 0.1522 -0.8647
vn -0.8375 0.3493 -0.4203
vn -0.4193 0.1937 -0.8870
vn -0.0860 0.1741 -0.9810
vn 0.0222 0.6651 -0.7465
vn 0.0009 0.1691 -0.9856
vn 0.2992 0.2070 -0.9315
vn 0.8558 0.1130 -0.5049
vn 0.5223 0.1486 -0.8397
vn -0.9834 0.0557 -0.1728
vn -0.6813 0.0156 -0.7319
vn -0.3315 0.0623 -0.9414
vn -0.6585 0.0128 -0.7525
vn -0.9337 0.1541 -0.3233
vn -0.5359 0.1184 -0.8359
vn 0.2376 -0.7654 -0.5981
vn -0.1472 -0.9887 -0.0301
vn -0.0932 -0.7888 -0.6076
vn -0.0010 0.8861 -0.4635
vn -0.0214 0.9594 -0.2811
vn -0.0346 0.9004 -0.4336
vn 0.3040 -0.9505 -0.0645
vn 0.5833 -0.5289 -0.6164
vn 0.7168 -0.6840 -0.1355
vn -0.9885 -0.0439 -0.1450
vn -0.6539 -0.0504 -0.7549
vn -0.0113 -0.2118 0.9772
vn -0.2141 -0.4146 -0.8844
vn -0.3246 -0.8524 -0.4099
vn -0.9232 0.3801 0.0575
vn -0.8669 0.4983 0.0140
vn -0.9410 0.3302 0.0744
vn 0.2040 0.0972 0.9741
vn 0.5384 -0.0011 0.8427
vn 0.2853 -0.0886 -0.9543
vn 0.3185 -0.2128 -0.9237
vn 0.0342 0.0284 0.9990
vn -0.1154 0.1120 0.9870
vn -0.1455 0.1031 0.9840
vn -0.0369 -0.0405 -0.9985
vn -0.0089 0.0682 0.9976
vn -0.1726 0.1244 0.9771
vn -0.2158 0.1465 0.9654
vn -0.3816 0.2291 -0.8955
vn -0.0609 0.0345 -0.9976
vn 0.0197 0.0069 0.9998
vn 0.0428 0.2941 0.9548
vn -0.0196 0.2302 0.9730
vn -0.0154 -0.0218 -0.9996
vn 0.0925 0.0066 0.9957
vn 0.0208 0.0475 0.9987
vn 0.2461 0.0061 -0.9692
vn 0.6854 0.0203 -0.7279
vn -0.2277 -0.0056 -0.9737
vn -0.1291 0.1378 0.9820
vn -0.1546 0.0441 0.9870
vn -0.5284 0.0738 0.8458
vn -0.0989 0.0383 -0.9944
vn -0.0673 0.0416 -0.9969
vn 0.0409 0.0629 0.9972
vn -0.3434 0.1009 0.9337
vn -0.5043 0.1129 0.8561
vn -0.0329 -0.2534 -0.9668
vn 0.1878 -0.3444 0.9199
vn 0.2812 -0.7304 0.6225
vn -0.0170 0.2586 -0.9658
vn -0.0374 0.0323 0.9988
vn -0.0261 0.0285 0.9993
vn 0.1702 -0.3014 -0.9382
vn 0.2468 -0.2516 0.9358
vn -0.0861 0.0382 0.9956
vn -0.5630 0.0426 0.8253
vn -0.1899 0.0094 -0.9818
vn -0.4643 0.5078 0.7257
vn -0.0915 0.1345 0.9867
vn 0.0241 0.0138 0.9996
vn -0.0555 0.1715 0.9836
vn -0.0285 0.0140 -0.9995
vn -0.3483 0.2612 -0.9002
vn 0.6511 0.4134 0.6365
vn 0.1811 0.2452 0.9524
vn 0.3078 0.1754 0.9351
vn 0.0581 -0.0621 0.9964
vn 0.4264 0.0637 0.9023
vn 0.0199 0.0135 -0.9997
vn 0.1089 0.1796 -0.9777
vn 0.9999 0.0091 -0.0130
vn 1.0000 -0.0012 -0.0044
vn 0.9999 0.0094 -0.0144
vn 0.7373 -0.6722 0.0667
vn 0.6376 -0.7698 0.0285
vn 0.7713 -0.6349 0.0442
vn 0.8406 -0.5384 0.0589
vn 0.8510 -0.5217 0.0602
vn 0.8567 -0.5133 0.0500
vn 0.8760 -0.4788 0.0574
vn 0.8555 -0.5159 0.0445
vn 0.8548 -0.5144 0.0687
vn 0.9062 -0.4220 0.0273
vn 0.9694 -0.2441 0.0265
vn 0.9720 -0.2344 0.0138
vn 0.9974 -0.0718 -0.0089
vn 0.9998 -0.0077 -0.0158
vn 0.4901 -0.8710 0.0337
vn 0.0314 -0.9989 0.0352
vn 0.3094 -0.9506 0.0267
vn 0.0148 -0.9999 0.0058
vn -0.3255 -0.9452 0.0245
vn -0.6444 -0.7647 -0.0090
vn -0.5688 -0.8224 -0.0111
vn -0.9006 -0.4296 -0.0666
vn -0.9963 -0.0804 -0.0315
vn -0.9996 -0.0268 0.0005
vn -0.9684 0.2479 -0.0270
vn -0.4975 0.8666 0.0388
vn -0.7011 0.7130 0.0104
vn -0.9033 0.4286 0.0177
vn -0.4083 0.9127 0.0188
vn -0.0870 0.9955 0.0370
vn 0.0174 0.9997 0.0170
vn 0.2506 0.9671 0.0433
vn -0.1048 -0.9941 -0.0263
vn -0.3374 -0.9412 -0.0167
vn -0.1081 -0.9941 -0.0127
vn 0.9988 0.0152 -0.0459
vn 0.9304 -0.3234 0.1725
vn 0.9747 -0.0215 0.2225
vn -0.4253 0.9031 0.0597
vn -0.1955 0.9471 -0.2546
vn -0.1161 0.9913 0.0619
vn 0.0866 0.9957 0.0335
vn 0.9194 0.2921 -0.2633
vn 0.9693 -0.0977 -0.2257
vn -0.9982 -0.0592 -0.0034
vn -0.7348 0.6266 -0.2598
vn -0.9991 -0.0337 -0.0251
vn 0.3346 -0.9420 -0.0240
vn -0.0957 -0.9950 -0.0302
vn 0.3668 -0.9301 -0.0186
vn 0.6896 -0.7207 -0.0714
vn -0.9141 0.4028 -0.0479
vn -0.8984 0.4387 -0.0203
vn -0.8806 0.4733 -0.0237
vn -0.8548 0.5164 0.0521
vn -0.9537 0.2781 0.1145
vn -0.9450 0.3268 0.0152
vn 0.4427 0.8966 0.0138
vn 0.1127 0.9368 0.3311
vn -0.2681 0.9630 -0.0286
vn -0.4612 0.8520 -0.2476
vn -0.2207 0.9449 -0.2416
vn 0.0148 0.9999 -0.0086
vn 0.9716 0.2274 -0.0653
vn 0.9814 -0.0926 -0.1683
vn 0.9961 -0.0477 -0.0740
vn -0.9956 -0.0940 0.0009
vn -0.9952 -0.0979 0.0041
vn -0.9962 -0.0864 0.0138
vn -0.1017 -0.9945 -0.0255
vn 0.3079 -0.9508 -0.0355
vn -0.1240 -0.9922 -0.0146
vn -0.0077 0.9721 -0.2346
vn -0.0840 0.9963 -0.0207
vn -0.0331 0.9995 0.0004
vn 0.3564 -0.9332 -0.0472
vn 0.6955 -0.7145 -0.0762
vn -0.3378 -0.9412 -0.0114
vn -0.0978 -0.9952 -0.0098
vn 0.9643 -0.2595 -0.0536
vn 0.9882 -0.0828 0.1287
vn -0.8690 0.4946 0.0124
vn -0.8703 0.4922 0.0168
vn -0.8765 0.4807 0.0262
vn -0.8147 0.5798 -0.0108
vn -0.9480 0.3182 0.0040
vn -0.9455 0.3256 0.0105
vn 0.3584 0.9334 0.0167
vn 0.0163 0.9719 0.2348
vn -0.4706 0.8562 0.2131
vn -0.2682 0.9632 0.0173
vn -0.4837 0.8752 -0.0015
vn 0.0211 0.9994 0.0256
vn -0.2618 0.9362 0.2344
vn 0.9920 -0.1265 -0.0013
vn 0.9726 0.1770 0.1505
vn -0.9958 -0.0805 -0.0438
vn -0.9989 -0.0365 -0.0292
vn -0.9966 -0.0741 -0.0349
vn 0.3120 -0.9501 -0.0054
vn -0.1116 -0.9938 -0.0022
vn 0.6605 -0.7504 -0.0235
vn 0.3319 -0.9433 -0.0062
vn -0.3335 -0.9427 0.0077
vn -0.1334 -0.9909 0.0192
vn 0.9020 -0.4121 -0.1289
vn 0.9752 -0.1359 -0.1747
vn -0.8092 0.5871 0.0210
vn 0.4506 0.8927 -0.0000
vn 0.0199 0.9665 -0.2561
vn -0.1163 -0.9932 -0.0017
vn -0.3348 -0.9422 -0.0152
vn 0.9958 -0.0763 0.0510
vn 0.9205 -0.3671 -0.1337
vn -0.9055 0.4241 -0.0131
vn -0.8569 0.5154 0.0112
vn -0.8495 0.5273 0.0151
vn -0.8515 0.5184 -0.0792
vn -0.9597 0.2802 -0.0223
vn 0.4116 0.8952 -0.1707
vn 0.1006 0.9946 0.0268
vn 0.4653 0.8822 0.0725
vn -0.4638 0.8571 0.2242
vn -0.2023 0.9793 -0.0030
vn -0.4638 0.8858 -0.0174
vn -0.1734 0.9394 0.2958
vn 0.9178 0.2907 0.2703
vn 0.3226 -0.9461 0.0296
vn 0.2984 -0.9544 0.0101
vn 0.7125 -0.6948 0.0981
vn -0.0906 -0.9957 -0.0189
vn -0.3211 -0.9462 -0.0405
vn 0.9882 -0.1527 0.0108
vn 0.8983 -0.4144 -0.1462
vn -0.8462 0.5329 -0.0007
vn -0.8534 0.5211 0.0103
vn -0.8369 0.5472 -0.0148
vn -0.8315 0.5395 0.1329
vn -0.9426 0.3190 -0.0989
vn -0.9236 0.3490 0.1588
vn 0.4738 0.8302 -0.2938
vn 0.0925 0.9953 0.0304
vn 0.4866 0.8731 -0.0299
vn -0.4447 0.8944 -0.0483
vn -0.1266 0.9308 0.3429
vn -0.1915 0.9815 -0.0024
vn 0.0952 0.9309 0.3526
vn 0.9546 0.1879 0.2314
vn 0.9662 0.2576 0.0030
vn 0.3054 -0.9518 0.0286
vn -0.0903 -0.9957 0.0194
vn 0.0023 0.9064 -0.4225
vn -0.0003 0.9539 -0.3001
vn 0.3150 -0.9488 -0.0209
vn 0.6737 -0.7364 0.0620
vn -0.2935 0.9268 -0.2344
vn -0.5113 0.8280 -0.2302
vn 0.9883 0.1515 -0.0172
vn 0.3118 -0.9499 0.0207
vn 0.6754 -0.7361 -0.0442
vn -0.3313 -0.9435 -0.0069
vn 0.9300 -0.0825 -0.3582
vn -0.8258 0.5637 0.0139
vn -0.8374 0.5465 -0.0123
vn -0.7633 0.6416 -0.0762
vn 0.4545 0.8463 -0.2778
vn -0.3225 -0.9466 -0.0031
vn 0.9105 -0.4132 -0.0152
vn 0.4099 0.8882 0.2074
vn 0.5707 -0.8209 -0.0222
vn 0.7306 -0.6806 -0.0549
vn 0.5122 -0.8585 -0.0260
vn 0.7422 -0.6699 -0.0185
vn 0.7891 -0.6112 -0.0612
vn 0.7644 -0.6423 -0.0557
vn 0.8216 -0.5698 -0.0169
vn 0.8164 -0.5733 -0.0692
vn 0.8040 -0.5945 -0.0133
vn 0.9211 -0.3854 -0.0557
vn 0.8563 -0.5164 -0.0128
vn 0.9121 -0.4100 -0.0040
vn 0.9737 -0.2278 0.0010
vn 0.9982 -0.0568 -0.0204
vn 0.9779 -0.2055 -0.0397
vn 0.0737 -0.9969 -0.0285
vn 0.0401 -0.9979 0.0513
vn -0.3261 -0.9448 -0.0308
vn -0.2059 -0.9755 0.0775
vn -0.4687 -0.8796 0.0815
vn -0.5283 -0.8489 -0.0116
vn -0.9310 -0.3607 0.0561
vn -0.8964 -0.4432 0.0021
vn -0.9447 0.3280 0.0019
vn -0.7549 0.6555 0.0181
vn -0.9708 0.2390 0.0228
vn -0.5121 0.8571 -0.0564
vn -0.5231 0.8519 0.0261
vn -0.0911 0.9949 -0.0432
vn -0.0932 0.9956 0.0088
vn 0.2133 0.9770 0.0035
vn -0.4517 0.8921 -0.0102
vn 0.6945 -0.7191 0.0218
vn 0.0637 0.9748 -0.2137
vn 0.9557 0.2831 0.0806
vn -0.9985 -0.0527 -0.0145
vn -0.9985 -0.0518 -0.0156
vn 0.6774 -0.7353 0.0241
vn 0.7135 -0.7006 0.0116
vn 0.4821 -0.8760 0.0139
vn 0.7585 -0.6517 0.0082
vn 0.8053 -0.5926 -0.0173
vn 0.8218 -0.5698 0.0021
vn 0.8448 -0.5351 -0.0046
vn 0.9171 -0.3988 -0.0031
vn 0.8637 -0.5040 -0.0050
vn 0.9759 -0.2182 0.0038
vn 0.9976 -0.0692 0.0019
vn 0.0182 -0.9997 -0.0132
vn -0.3462 -0.9372 -0.0430
vn -0.2476 -0.9685 -0.0279
vn -0.8905 -0.4519 -0.0535
vn -0.5162 -0.8549 -0.0509
vn -0.8562 0.5165 -0.0126
vn -0.9969 0.0684 -0.0395
vn -0.4563 0.8898 0.0103
vn -0.0238 0.9993 0.0279
vn 0.2857 0.9581 0.0185
vn -0.3246 -0.9458 -0.0091
vn 0.9188 -0.3933 0.0346
vn 0.8070 -0.5904 0.0131
vn 0.5787 -0.8154 0.0146
vn 0.7784 -0.6277 -0.0011
vn 0.7836 -0.6212 0.0085
vn 0.8199 -0.5725 -0.0076
vn 0.8929 -0.4501 -0.0105
vn 0.8544 -0.5193 -0.0181
vn 0.9604 -0.2786 0.0064
vn 0.9979 -0.0617 0.0184
vn -0.1710 -0.9852 -0.0075
vn -0.5271 -0.8492 -0.0326
vn -0.2013 -0.9790 -0.0331
vn -0.8448 -0.5334 -0.0428
vn -0.9995 -0.0176 -0.0255
vn -0.8803 0.4740 -0.0207
vn -0.5058 0.8626 0.0033
vn -0.0458 0.9987 0.0230
vn 0.2962 0.9546 0.0318
vn 0.9383 0.3444 -0.0311
vn 0.7575 -0.6524 -0.0239
vn -0.4761 0.8597 -0.1854
vn 0.0820 0.9484 -0.3064
vn -0.7179 0.6945 -0.0483
vn -0.9988 0.0492 -0.0068
vn 0.6686 -0.7432 -0.0269
vn -0.3542 -0.9347 -0.0298
vn 0.9603 -0.2751 -0.0469
vn -0.8486 0.5150 -0.1207
vn 0.6997 -0.7121 0.0582
vn 0.8451 -0.5344 -0.0126
vn 0.8604 -0.5082 0.0376
vn 0.9956 -0.0926 0.0135
vn -0.4683 -0.8836 0.0019
vn -0.5290 -0.8485 -0.0105
vn -0.8760 -0.4812 -0.0310
vn 0.2550 0.9661 0.0393
vn -0.3212 -0.9468 -0.0215
vn 0.9714 -0.1309 0.1979
vn 0.8929 -0.4503 -0.0031
vn -0.8712 0.4908 0.0068
vn 0.4596 0.8315 0.3121
vn -0.2188 0.5657 0.7951
vn -0.4092 0.8611 0.3017
vn -0.6785 0.2790 0.6795
vn -0.6260 0.3247 0.7090
vn -0.0516 0.6348 0.7709
vn 0.0804 0.6815 0.7274
vn 0.8265 0.1546 0.5412
vn -0.9548 0.1432 0.2605
vn -0.9869 0.1416 0.0771
vn -0.8719 0.0740 0.4841
vn -0.7865 0.2163 0.5785
vn 0.3152 -0.9326 0.1760
vn -0.0775 -0.9866 0.1434
vn -0.9989 -0.0002 0.0470
vn -0.9643 0.0230 0.2637
vn -0.9382 0.0298 0.3449
vn 0.3486 0.6098 0.7118
vn -0.0226 -0.0156 -0.9996
vn -0.3014 -0.9535 -0.0019
vn 0.4796 0.8182 0.3170
vn 0.7578 0.6524 0.0014
vn 0.7532 0.5887 0.2933
vn 0.7754 0.6313 -0.0139
vn 0.8103 0.5618 0.1667
vn 0.8234 0.5096 -0.2496
vn 0.7591 0.6361 -0.1379
vn 0.7517 0.6028 -0.2675
vn 0.6566 0.3693 -0.6576
vn 0.3375 0.5756 -0.7448
vn -0.1730 -0.9582 0.2277
vn 0.0560 -0.9910 0.1219
vn 0.7655 0.6358 0.0991
vn 0.8025 0.5954 -0.0393
vn -0.2362 0.6610 -0.7122
vn 0.9697 0.1297 -0.2069
vn 0.9140 -0.3232 -0.2455
vn -0.7166 0.6929 -0.0795
vn -0.7065 0.7036 -0.0764
vn -0.7457 0.5308 -0.4028
vn -0.0034 -1.0000 -0.0075
vn 0.0022 -1.0000 0.0028
vn 0.0011 -1.0000 0.0049
vn 0.9998 -0.0032 -0.0199
vn 0.9993 -0.0035 -0.0373
vn 0.9994 -0.0100 -0.0325
vn 0.6646 -0.7467 0.0259
vn 0.3451 -0.9380 0.0329
vn 0.7757 -0.6304 -0.0306
vn 0.7517 -0.6594 -0.0095
vn 0.8491 -0.5240 -0.0673
vn 0.7951 -0.6039 -0.0549
vn 0.8809 -0.4684 -0.0683
vn 0.8764 -0.4776 -0.0624
vn 0.9981 -0.0479 -0.0375
vn 0.9817 -0.1807 -0.0606
vn -0.4442 -0.8708 0.2107
vn -0.7399 -0.6634 0.1112
vn -0.9541 -0.2598 0.1487
vn -0.7122 0.7013 -0.0308
vn -0.9771 0.2101 0.0334
vn -0.7958 0.5998 -0.0827
vn -0.4297 0.8913 -0.1445
vn 0.0187 0.9902 -0.1385
vn 0.2574 0.9626 -0.0851
vn -0.3083 -0.9511 0.0171
vn 0.8897 -0.0773 0.4500
vn 0.9104 -0.3934 0.1284
vn 0.8106 0.5348 0.2387
vn -0.5446 0.6388 0.5434
vn -0.0100 0.3524 0.9358
vn -0.9737 -0.0421 -0.2241
vn -0.2087 -0.0092 -0.9779
vn 0.9979 -0.0617 0.0181
vn -0.9995 0.0302 -0.0024
vn -0.9999 0.0059 -0.0103
vn -1.0000 -0.0063 -0.0005
vn -0.9998 -0.0158 0.0137
vn -0.9988 -0.0379 -0.0312
vn 1.0000 -0.0064 0.0004
vn -0.9999 -0.0027 0.0134
vn 0.9996 -0.0050 0.0265
vn 0.0220 0.0450 0.9987
vn 0.9058 -0.4226 0.0301
vn -0.9819 0.1895 -0.0061
vn -0.9877 0.1435 -0.0625
vn -0.9896 0.1441 0.0043
vn -0.9929 0.1193 0.0052
vn -0.9944 0.1053 -0.0087
vn -0.9882 0.1402 0.0616
vn 0.9248 -0.3745 -0.0674
vn -0.0021 0.0580 0.9983
vn 0.8497 -0.5228 -0.0680
vn 0.0257 0.0059 0.9997
vn -0.5692 0.4298 0.7009
vn -0.0326 0.0389 -0.9987
vn 0.8317 -0.5531 0.0489
vn -0.8536 0.5041 0.1312
vn -0.6945 0.7169 0.0609
vn -0.6821 0.7230 0.1100
vn -0.6100 0.7924 0.0011
vn -0.6524 0.7558 0.0552
vn -0.6615 0.6369 -0.3959
vn -0.6560 0.7382 -0.1572
vn -0.7086 0.6920 -0.1378
vn 0.8045 -0.5940 -0.0047
vn -0.6898 0.7146 0.1160
vn -0.0389 -0.0234 -0.9990
vn 0.6811 -0.7321 -0.0118
vn 0.0963 0.0308 -0.9949
vn 0.0410 -0.0514 0.9978
vn 0.9536 0.2531 -0.1632
vn 0.8335 0.5522 -0.0173
vn -0.5289 -0.8475 -0.0458
vn -0.7669 -0.6187 0.1704
vn 0.8701 -0.3379 0.3588
vn 0.2862 -0.0377 0.9574
vn 0.6891 -0.1917 -0.6989
vn 0.9370 -0.3384 0.0869
vn 0.7580 -0.6500 -0.0539
vn -0.0112 0.9995 -0.0306
vn 0.0136 0.9549 -0.2965
vn 0.0131 0.9995 -0.0286
vn -0.0018 0.1293 -0.9916
vn -0.0694 0.0814 -0.9943
vn 0.0024 -0.0846 0.9964
vn 0.0089 0.9999 -0.0121
vn 0.0010 1.0000 -0.0003
vn -0.0106 0.9662 0.2576
vn 0.0099 0.9999 -0.0071
vn 0.0117 0.9701 0.2425
vn 0.0042 0.9133 0.4074
vn -0.0127 0.9068 0.4213
vn -0.0238 0.8916 0.4523
vn 0.0039 0.3442 0.9389
vn 0.0125 0.9553 -0.2953
vn 0.0099 0.9998 -0.0171
vn 0.0032 -0.0300 0.9995
vn 0.0022 0.9045 -0.4265
vn 0.0098 0.9632 -0.2687
vn 0.0040 0.9066 -0.4221
vn 0.0116 0.9657 -0.2593
vn 0.0011 0.9999 -0.0131
vn 0.0060 0.9738 0.2275
vn 0.0052 1.0000 -0.0049
vn 0.0009 0.9725 0.2327
vn 0.0069 0.9736 0.2282
vn 0.0119 0.9999 0.0097
vn -0.0048 0.9022 0.4313
vn 0.0066 1.0000 0.0041
vn 0.0031 0.3955 0.9185
vn -0.0010 0.9561 -0.2932
vn -0.0098 0.9998 -0.0177
vn -0.0007 1.0000 -0.0083
vn 0.0051 0.8928 -0.4503
vn 0.0121 0.9575 -0.2883
vn 0.0109 0.8978 -0.4403
vn -0.0020 0.9677 -0.2520
vn 0.0001 0.9999 -0.0133
vn -0.0005 0.9692 -0.2464
vn -0.0029 0.9726 0.2324
vn -0.0010 1.0000 -0.0015
vn -0.0002 0.9713 0.2378
vn 0.0023 0.9732 0.2298
vn 0.0014 0.9215 0.3885
vn 0.0073 0.9137 0.4064
vn -0.0018 0.1950 -0.9808
vn 0.0027 0.1910 -0.9816
vn 0.0034 0.1896 -0.9819
vn -0.0016 0.9996 -0.0283
vn 0.0002 0.9700 -0.2432
vn 0.0002 0.9997 -0.0259
vn 0.0003 0.4220 0.9066
vn 0.0101 0.0868 0.9962
vn 0.0094 0.4698 0.8827
vn 0.0120 0.9068 0.4213
vn 0.0001 0.9650 -0.2621
vn -0.0008 0.9655 -0.2603
vn -0.0028 0.9999 -0.0123
vn -0.0005 0.9727 0.2323
vn -0.0004 0.9732 0.2299
vn -0.0038 0.9188 0.3948
vn -0.0009 0.9746 0.2240
vn -0.0111 0.2461 -0.9692
vn -0.0059 0.2041 -0.9789
vn -0.0073 0.0622 0.9980
vn -0.0005 0.9565 -0.2917
vn -0.0013 0.8942 -0.4477
vn -0.0009 0.9140 0.4056
vn 0.0154 0.9072 0.4203
vn 1.0000 0.0026 0.0071
vn 0.9998 -0.0006 -0.0193
vn 0.9997 0.0074 0.0234
vn 0.9995 0.0328 0.0026
vn 0.0058 -0.9986 -0.0522
vn 0.0033 -0.9995 -0.0306
vn 0.0128 -0.9995 -0.0306
vn 0.0109 -0.9998 0.0191
vn 0.0039 -1.0000 -0.0023
vn 0.0197 -0.9997 0.0111
vn 0.0041 -0.9998 -0.0172
vn -0.0025 -0.9999 -0.0162
vn 0.0019 -0.9988 -0.0489
vn 0.0001 -0.9991 -0.0423
vn -0.0010 -1.0000 -0.0018
vn -0.0031 -0.9994 -0.0352
vn 0.0103 -0.9958 -0.0911
vn -0.0065 -0.9989 -0.0468
vn -0.0010 -0.9989 -0.0462
vn 0.0002 -0.9997 -0.0235
vn 0.0062 -0.9992 -0.0399
vn -0.0046 -0.9982 -0.0596
vn 0.0008 -0.9993 -0.0364
vn -0.0026 0.4264 0.9045
vn 0.0057 0.0614 0.9981
vn 0.0060 0.0031 1.0000
vn -0.0058 0.9098 0.4151
vn -0.0048 0.4604 0.8877
vn 0.0116 0.9999 -0.0108
vn -0.0075 0.9590 -0.2832
vn 0.0027 0.9989 0.0477
vn 0.0082 0.9608 -0.2770
vn 0.0013 0.9592 -0.2826
vn -0.0118 0.9575 -0.2880
vn -0.0044 1.0000 -0.0059
vn -0.0001 0.9757 0.2192
vn 0.0025 0.1835 -0.9830
vn -0.0027 0.1650 -0.9863
vn -0.0055 0.9059 0.4234
vn 0.0022 0.9994 0.0342
vn 0.0075 0.9589 -0.2837
vn 0.0032 0.9684 -0.2495
vn 0.0038 0.9730 0.2310
vn 0.0002 0.9126 0.4089
vn 0.0092 0.9038 0.4278
vn -0.0039 -0.9998 -0.0209
vn -0.0054 0.1650 -0.9863
vn 0.0021 0.1450 -0.9894
vn 0.0011 0.9999 0.0141
vn 0.0104 0.8768 -0.4807
vn -0.0001 0.8756 -0.4831
vn 0.0045 0.9185 -0.3954
vn -0.0068 0.8845 -0.4666
vn -0.0470 0.9988 -0.0104
vn 0.0023 0.9538 -0.3003
vn 0.0100 0.8803 -0.4742
vn 0.0152 0.9300 0.3671
vn 0.0265 0.9876 0.1548
vn -0.0030 0.9905 -0.1374
vn -0.0480 0.9660 0.2539
vn -0.0334 0.9994 0.0091
vn -0.0000 0.9738 0.2276
vn -0.4472 0.1196 0.8864
vn -0.7047 0.2031 0.6798
vn -0.7172 0.2001 0.6675
vn -0.0367 0.1283 0.9911
vn -0.4441 0.1312 0.8863
vn 0.4113 0.1886 0.8918
vn 0.6813 0.2059 0.7024
vn 0.3909 0.0516 0.9190
vn -0.0272 0.1799 0.9833
vn -0.7172 0.0814 -0.6921
vn -0.9209 0.1068 -0.3748
vn -0.6978 0.1783 -0.6937
vn -0.9001 0.1840 -0.3949
vn -0.9738 0.2271 0.0070
vn -0.9130 0.1368 0.3844
vn -0.8881 0.2330 0.3962
vn -0.9739 0.2267 0.0113
vn 0.9384 0.0160 0.3452
vn 0.6771 -0.2291 0.6993
vn 0.9205 -0.1489 0.3612
vn 0.5632 -0.5743 0.5941
vn 0.9758 -0.2147 0.0402
vn 0.8016 -0.5976 0.0166
vn 0.8976 -0.2205 -0.3818
vn 0.5122 -0.6160 -0.5985
vn 0.6334 -0.1144 -0.7653
vn 0.6837 0.0717 -0.7262
vn 0.9181 0.0386 -0.3945
vn -0.3652 -0.1473 0.9192
vn -0.6688 0.0603 0.7410
vn -0.6733 -0.0882 0.7341
vn -0.5691 -0.5514 0.6099
vn -0.0088 -0.1077 0.9941
vn 0.0016 -0.3629 0.9318
vn -0.2902 -0.5281 0.7981
vn 0.3195 -0.2661 0.9095
vn 0.0074 -0.6018 0.7986
vn 0.3332 -0.0482 0.9416
vn 0.7211 0.0409 0.6917
vn 0.9298 0.0586 0.3633
vn 0.9215 0.1606 0.3537
vn 0.9981 0.0584 -0.0198
vn 0.6928 0.1676 -0.7013
vn 0.8479 0.3832 -0.3664
vn 0.8926 0.2554 -0.3715
vn 0.9847 0.1738 -0.0151
vn -0.8455 -0.4458 0.2939
vn -0.3358 -0.8734 0.3527
vn -0.6150 -0.4393 0.6548
vn -0.8841 -0.4619 -0.0709
vn -0.4502 -0.8809 0.1460
vn -0.7829 -0.4874 -0.3866
vn -0.3301 -0.8579 -0.3938
vn -0.4489 -0.8631 -0.2316
vn -0.4861 -0.8726 -0.0465
vn -0.3192 -0.4837 -0.8149
vn -0.5469 -0.5159 -0.6594
vn -0.0504 -0.4890 -0.8708
vn -0.1797 -0.8625 -0.4732
vn 0.2254 -0.4389 -0.8698
vn 0.3049 -0.8737 -0.3790
vn 0.1202 -0.8672 -0.4833
vn -0.0373 -0.8648 -0.5008
vn -0.3569 -0.0866 -0.9301
vn -0.6642 -0.0318 -0.7468
vn -0.3967 -0.0404 -0.9171
vn -0.0535 -0.3438 -0.9375
vn -0.0492 -0.2986 -0.9531
vn -0.3814 -0.5043 -0.7747
vn -0.7111 -0.2621 -0.6524
vn -0.4393 -0.2581 -0.8605
vn -0.0110 -0.4440 -0.8959
vn 0.3485 -0.4282 -0.8338
vn 0.6218 -0.3867 -0.6811
vn 0.3420 -0.0016 -0.9397
vn 0.2889 -0.1344 -0.9479
vn -0.3492 -0.3563 0.8667
vn -0.6426 -0.3500 0.6816
vn -0.3833 0.0240 0.9233
vn 0.3349 -0.2187 0.9165
vn 0.6830 -0.3163 0.6584
vn 0.7191 -0.1814 0.6708
vn -0.0469 -0.2568 0.9653
vn 0.2762 -0.4205 0.8642
vn -0.8615 -0.3570 -0.3610
vn -0.6289 -0.4060 -0.6630
vn -0.9952 0.0739 -0.0642
vn -0.9112 0.0315 -0.4107
vn -0.6796 -0.0547 -0.7316
vn -0.9073 -0.0729 -0.4141
vn -0.9953 -0.0681 -0.0693
vn -0.9423 0.0277 0.3335
vn -0.9309 -0.1679 0.3244
vn -0.8768 -0.3536 0.3258
vn -0.6826 -0.1799 0.7083
vn -0.9124 -0.1325 0.3872
vn -0.9104 -0.4098 -0.0571
vn -0.9549 -0.2939 -0.0421
vn 0.6927 -0.1975 0.6937
vn 0.8843 -0.3525 0.3064
vn 0.9996 -0.0278 0.0023
vn 0.9060 -0.1507 -0.3955
vn 0.6526 -0.2126 -0.7273
vn 0.9375 -0.3475 0.0184
vn 0.9618 -0.2731 0.0199
vn -0.7128 0.1896 -0.6753
vn -0.4396 -0.0400 -0.8973
vn -0.7195 0.0930 -0.6883
vn 0.0510 0.1677 -0.9845
vn -0.4642 0.1183 -0.8778
vn 0.4172 -0.0485 -0.9075
vn 0.6518 0.1407 -0.7452
vn 0.6840 0.0408 -0.7283
vn 0.4233 0.0444 -0.9049
vn -0.4088 -0.0471 0.9114
vn -0.6969 0.2215 0.6821
vn -0.7058 0.0429 0.7071
vn -0.0516 0.1558 0.9864
vn -0.4356 0.0431 0.8991
vn 0.7176 0.1629 0.6771
vn 0.3950 -0.0633 0.9165
vn 0.7127 0.1088 0.6930
vn 0.4259 0.1576 0.8909
vn -0.9080 -0.0705 -0.4129
vn -0.8982 0.1205 -0.4228
vn -0.9682 0.2501 0.0056
vn -0.9177 -0.0022 0.3973
vn -0.9050 0.1578 0.3949
vn 0.9175 -0.0661 0.3921
vn 0.9033 0.1288 0.4091
vn 0.9499 0.3103 0.0370
vn 0.9035 0.1570 -0.3988
vn 0.9995 0.0303 -0.0031
vn -0.4859 0.1480 -0.8614
vn 0.0166 0.0558 -0.9983
vn -0.4500 -0.0557 -0.8913
vn -0.0160 0.0490 -0.9987
vn 0.4372 0.0644 -0.8971
vn 0.6101 0.3992 -0.6844
vn 0.4289 -0.1160 -0.8959
vn 0.8264 -0.4460 0.3436
vn 0.3544 -0.8619 0.3626
vn 0.4511 -0.8743 0.1790
vn 0.8844 -0.4664 0.0165
vn 0.4691 -0.8832 0.0012
vn 0.8264 -0.4541 -0.3330
vn 0.5712 -0.4578 -0.6813
vn 0.4317 -0.8853 -0.1729
vn -0.2958 -0.4104 0.8626
vn -0.1638 -0.8680 0.4688
vn 0.0097 -0.4037 0.9148
vn 0.0027 -0.8646 0.5024
vn 0.3266 -0.3995 0.8566
vn 0.6067 -0.4758 0.6368
vn 0.1775 -0.8627 0.4736
vn -0.8139 -0.5789 -0.0495
vn -0.7663 -0.5793 0.2778
vn -0.7490 -0.5706 -0.3369
vn -0.5512 -0.5590 -0.6193
vn -0.0343 -0.6030 -0.7970
vn 0.2343 -0.5778 -0.7818
vn 0.4077 -0.1664 -0.8978
vn 0.0310 -0.2864 -0.9576
vn -0.3787 -0.1558 0.9123
vn -0.0143 -0.3479 0.9374
vn -0.8912 -0.2249 -0.3940
vn 0.9059 -0.2200 0.3617
vn 0.8564 -0.3731 -0.3569
vn 0.7496 -0.5940 0.2921
vn 0.7214 -0.6264 -0.2953
vn 0.2563 -0.6025 0.7558
vn -0.2978 -0.5690 -0.7666
vn 0.0376 0.0831 -0.9958
vn -0.0565 -0.0171 0.9983
vn -0.9964 0.0844 0.0040
vn 0.9160 -0.0548 -0.3974
vn -0.0001 -1.0000 -0.0004
vn -0.7047 0.2032 0.6798
vn -0.0367 0.1282 0.9911
vn 0.4114 0.1886 0.8918
vn 0.6813 0.2058 0.7024
vn -0.8881 0.2330 0.3961
vn 0.9758 -0.2147 0.0403
vn -0.3652 -0.1474 0.9192
vn -0.5692 -0.5514 0.6100
vn -0.3192 -0.4838 -0.8149
vn -0.3569 -0.0865 -0.9301
vn -0.0492 -0.2987 -0.9531
vn 0.2888 -0.1344 -0.9479
vn -0.3833 0.0241 0.9233
vn -0.6796 -0.0546 -0.7316
vn -0.9124 -0.1325 0.3873
vn -0.9104 -0.4099 -0.0570
vn -0.7128 0.1897 -0.6752
vn -0.6969 0.2215 0.6820
vn 0.7126 0.1088 0.6930
vn -0.8982 0.1205 -0.4229
vn -0.9051 0.1578 0.3949
vn -0.4859 0.1481 -0.8614
vn 0.6101 0.3993 -0.6844
vn 0.8264 -0.4461 0.3436
vn -0.5513 -0.5590 -0.6194
vn 0.4077 -0.1663 -0.8978
vn 0.0310 -0.2863 -0.9576
vn -0.2978 -0.5689 -0.7666
vn 0.7047 0.2031 0.6798
vn 0.4472 0.1196 0.8864
vn 0.7172 0.2001 0.6675
vn 0.4440 0.1312 0.8863
vn 0.0367 0.1283 0.9911
vn -0.4113 0.1886 0.8918
vn -0.6813 0.2059 0.7024
vn -0.7211 0.0409 0.6917
vn -0.3909 0.0516 0.9190
vn 0.7172 0.0814 -0.6921
vn 0.9209 0.1068 -0.3748
vn 0.9001 0.1840 -0.3949
vn 0.9738 0.2271 0.0070
vn 0.9739 0.2267 0.0113
vn 0.9130 0.1368 0.3844
vn 0.8881 0.2330 0.3962
vn -0.9384 0.0160 0.3452
vn -0.6771 -0.2291 0.6993
vn -0.6927 -0.1975 0.6937
vn -0.9205 -0.1489 0.3612
vn -0.5632 -0.5743 0.5941
vn -0.9758 -0.2147 0.0402
vn -0.8016 -0.5976 0.0166
vn -0.7496 -0.5940 0.2921
vn -0.5122 -0.6160 -0.5985
vn -0.8976 -0.2205 -0.3818
vn -0.6334 -0.1144 -0.7653
vn -0.7214 -0.6264 -0.2953
vn -0.6837 0.0717 -0.7262
vn -0.9181 0.0386 -0.3945
vn 0.6688 0.0603 0.7410
vn 0.3652 -0.1473 0.9192
vn 0.6733 -0.0882 0.7341
vn 0.5691 -0.5514 0.6099
vn 0.0088 -0.1077 0.9941
vn 0.3833 0.0241 0.9233
vn -0.0016 -0.3629 0.9318
vn 0.2902 -0.5281 0.7981
vn -0.3195 -0.2661 0.9095
vn -0.0074 -0.6018 0.7986
vn -0.2563 -0.6025 0.7558
vn -0.3332 -0.0482 0.9416
vn -0.9298 0.0586 0.3633
vn -0.9215 0.1606 0.3537
vn -0.9981 0.0584 -0.0198
vn -0.9847 0.1738 -0.0151
vn -0.8479 0.3832 -0.3664
vn -0.6928 0.1676 -0.7013
vn -0.8926 0.2554 -0.3715
vn 0.3358 -0.8734 0.3527
vn 0.8455 -0.4458 0.2939
vn 0.6150 -0.4393 0.6548
vn 0.4502 -0.8809 0.1460
vn 0.8841 -0.4619 -0.0709
vn 0.7829 -0.4874 -0.3866
vn 0.3301 -0.8579 -0.3938
vn 0.5469 -0.5159 -0.6594
vn 0.4861 -0.8726 -0.0465
vn 0.3192 -0.4837 -0.8149
vn 0.1797 -0.8625 -0.4732
vn 0.0504 -0.4890 -0.8708
vn -0.2254 -0.4389 -0.8698
vn -0.3049 -0.8737 -0.3790
vn -0.5712 -0.4578 -0.6813
vn -0.1202 -0.8672 -0.4833
vn 0.3569 -0.0866 -0.9301
vn 0.6642 -0.0318 -0.7468
vn 0.6796 -0.0547 -0.7316
vn 0.0535 -0.3438 -0.9375
vn 0.3967 -0.0404 -0.9171
vn 0.3814 -0.5043 -0.7747
vn 0.7111 -0.2621 -0.6524
vn 0.6289 -0.4060 -0.6630
vn 0.4393 -0.2581 -0.8605
vn 0.0110 -0.4440 -0.8959
vn -0.0310 -0.2864 -0.9576
vn -0.3485 -0.4282 -0.8338
vn -0.3420 -0.0016 -0.9397
vn 0.0492 -0.2986 -0.9531
vn -0.2889 -0.1344 -0.9479
vn 0.3492 -0.3563 0.8667
vn -0.6830 -0.3163 0.6584
vn -0.3349 -0.2187 0.9165
vn -0.7191 -0.1814 0.6708
vn -0.2762 -0.4205 0.8642
vn 0.0469 -0.2568 0.9653
vn 0.8615 -0.3570 -0.3610
vn 0.9112 0.0315 -0.4107
vn 0.9952 0.0739 -0.0642
vn 0.9073 -0.0729 -0.4141
vn 0.9423 0.0277 0.3335
vn 0.9309 -0.1679 0.3244
vn 0.8768 -0.3536 0.3258
vn 0.6826 -0.1799 0.7083
vn 0.6426 -0.3500 0.6816
vn 0.9104 -0.4099 -0.0571
vn 0.9124 -0.1325 0.3872
vn -0.8843 -0.3525 0.3064
vn -0.9996 -0.0278 0.0023
vn -0.6218 -0.3867 -0.6811
vn -0.9060 -0.1507 -0.3955
vn -0.6526 -0.2126 -0.7273
vn -0.9375 -0.3475 0.0184
vn -0.8564 -0.3731 -0.3569
vn 0.7128 0.1896 -0.6753
vn 0.4396 -0.0400 -0.8973
vn 0.4641 0.1183 -0.8778
vn -0.0510 0.1677 -0.9845
vn -0.4172 -0.0485 -0.9075
vn -0.6518 0.1407 -0.7452
vn -0.4233 0.0444 -0.9049
vn 0.4088 -0.0471 0.9114
vn 0.6969 0.2215 0.6820
vn 0.4356 0.0431 0.8991
vn 0.0516 0.1558 0.9864
vn -0.7176 0.1629 0.6771
vn -0.3950 -0.0633 0.9165
vn -0.4259 0.1576 0.8909
vn 0.9080 -0.0705 -0.4129
vn 0.7195 0.0930 -0.6883
vn 0.9682 0.2501 0.0056
vn 0.8982 0.1205 -0.4228
vn 0.9177 -0.0022 0.3973
vn 0.7058 0.0429 0.7071
vn 0.9051 0.1578 0.3949
vn -0.9175 -0.0661 0.3921
vn -0.7127 0.1088 0.6930
vn -0.9499 0.3103 0.0370
vn -0.9033 0.1288 0.4091
vn -0.6840 0.0408 -0.7283
vn -0.9035 0.1570 -0.3988
vn -0.9995 0.0303 -0.0031
vn -0.9160 -0.0548 -0.3974
vn 0.4859 0.1480 -0.8614
vn -0.0166 0.0558 -0.9983
vn 0.6978 0.1783 -0.6937
vn 0.4500 -0.0557 -0.8913
vn -0.6101 0.3992 -0.6844
vn -0.4372 0.0644 -0.8971
vn -0.4289 -0.1160 -0.8959
vn -0.8264 -0.4460 0.3436
vn -0.3544 -0.8619 0.3626
vn -0.6067 -0.4758 0.6368
vn -0.8844 -0.4664 0.0165
vn -0.4511 -0.8743 0.1790
vn -0.8264 -0.4541 -0.3330
vn -0.4317 -0.8853 -0.1729
vn 0.2958 -0.4104 0.8626
vn -0.0097 -0.4037 0.9148
vn 0.1638 -0.8680 0.4688
vn -0.3266 -0.3995 0.8566
vn -0.1775 -0.8627 0.4736
vn 0.8139 -0.5789 -0.0495
vn 0.9953 -0.0681 -0.0693
vn 0.7490 -0.5706 -0.3369
vn 0.5512 -0.5590 -0.6194
vn 0.0343 -0.6030 -0.7970
vn 0.2978 -0.5690 -0.7666
vn -0.4077 -0.1664 -0.8978
vn 0.3787 -0.1558 0.9123
vn 0.0143 -0.3479 0.9374
vn 0.8912 -0.2249 -0.3940
vn -0.9059 -0.2200 0.3617
vn 0.7663 -0.5793 0.2778
vn -0.2343 -0.5778 -0.7818
vn -0.0376 0.0831 -0.9958
vn 0.0565 -0.0171 0.9983
vn 0.9549 -0.2939 -0.0421
vn 0.9964 0.0844 0.0040
vn -0.9618 -0.2731 0.0199
vn 0.4489 -0.8631 -0.2316
vn 0.0001 -1.0000 -0.0004
vn 0.0373 -0.8648 -0.5008
vn -0.4691 -0.8832 0.0012
vn -0.0027 -0.8646 0.5024
vn 0.0367 0.1282 0.9911
vn -0.4114 0.1886 0.8918
vn -0.6814 0.2058 0.7024
vn 0.9130 0.1368 0.3843
vn 0.8881 0.2330 0.3961
vn 0.3651 -0.1474 0.9192
vn 0.5692 -0.5514 0.6100
vn 0.6150 -0.4394 0.6548
vn 0.3192 -0.4838 -0.8149
vn 0.3569 -0.0865 -0.9301
vn 0.6796 -0.0546 -0.7316
vn 0.6289 -0.4061 -0.6630
vn -0.0310 -0.2863 -0.9576
vn 0.0492 -0.2987 -0.9531
vn -0.2888 -0.1344 -0.9479
vn 0.9104 -0.4099 -0.0570
vn 0.9124 -0.1325 0.3873
vn 0.7128 0.1897 -0.6752
vn 0.8982 0.1205 -0.4229
vn -0.7126 0.1088 0.6930
vn -0.9034 0.1288 0.4091
vn 0.4859 0.1481 -0.8614
vn -0.6101 0.3993 -0.6844
vn -0.8264 -0.4461 0.3436
vn 0.5513 -0.5590 -0.6194
vn 0.2978 -0.5689 -0.7666
vn -0.4077 -0.1663 -0.8978
vn -0.6316 -0.5944 0.4977
vn 0.1121 0.0999 0.9887
vn -0.8827 0.1921 0.4290
vn -0.6798 0.7302 -0.0686
vn -0.7590 -0.0053 -0.6511
vn -0.8253 0.3306 0.4578
vn 0.3436 0.3581 0.8682
vn 0.2144 0.5399 0.8140
vn 0.2308 0.3613 0.9034
vn 0.9949 -0.0389 -0.0926
vn 0.6481 0.2829 0.7071
vn 0.9939 -0.0365 -0.1044
vn 0.1911 -0.3419 -0.9201
vn -0.1458 -0.5547 -0.8192
vn -0.1362 -0.3587 -0.9235
vn 0.5046 -0.3859 -0.7723
vn 0.5411 -0.2855 -0.7910
vn 0.2913 -0.4638 0.8367
vn 0.0085 -0.9962 0.0865
vn 0.0336 -0.9774 0.2085
vn 0.0042 0.9436 -0.3309
vn -0.5162 0.1708 -0.8392
vn -0.0241 0.9047 -0.4253
vn 0.2077 0.6931 0.6903
vn 0.2820 0.7409 0.6095
vn -0.6775 -0.6087 -0.4129
vn -0.4171 -0.7775 -0.4707
vn -0.1143 -0.9413 0.3178
vn 0.3805 -0.1013 0.9192
vn 0.1618 -0.3152 0.9351
vn -0.0856 0.8896 -0.4487
vn 0.3259 -0.0257 -0.9451
vn 0.0673 0.1392 -0.9880
vn 0.1495 0.1607 0.9756
vn -0.3076 0.3363 0.8901
vn -0.2592 0.2692 0.9275
vn 0.1526 -0.5052 -0.8494
vn -0.1661 -0.8648 -0.4738
vn 0.2785 -0.6725 -0.6858
vn 0.9892 -0.1283 -0.0706
vn 0.9409 -0.3162 0.1212
vn 0.2257 0.1550 0.9618
vn 0.3186 0.1494 0.9360
vn -0.9212 0.1196 0.3703
vn -0.8906 -0.2496 -0.3802
vn -0.9458 0.1632 0.2809
vn 0.6284 0.1462 0.7640
vn -0.6830 -0.2895 -0.6706
vn -0.9133 -0.1230 -0.3884
vn -0.6772 -0.1304 -0.7241
vn 0.1295 0.8176 0.5610
vn 0.2997 0.5358 0.7894
vn 0.0410 0.8015 0.5966
vn 0.9856 0.1692 0.0048
vn 0.5391 0.3757 0.7538
vn -0.1325 -0.1452 -0.9805
vn 0.1818 -0.1739 -0.9678
vn -0.9389 0.0357 0.3423
vn 0.5208 -0.2133 -0.8266
vn 0.3059 0.5257 0.7937
vn 0.2869 0.3573 0.8888
vn 0.2714 0.5253 0.8065
vn -0.2828 -0.5552 -0.7822
vn -0.4281 -0.3448 -0.8354
vn -0.2951 -0.3557 -0.8868
vn -0.0097 -0.9593 0.2824
vn 0.1470 -0.3720 0.9165
vn 0.2337 -0.4007 0.8859
vn -0.0318 0.9415 -0.3355
vn -0.1586 0.2636 -0.9515
vn -0.2591 0.2765 -0.9254
vn -0.2561 -0.8651 -0.4313
vn -0.2158 -0.8681 -0.4471
vn 0.3107 0.3579 0.8806
vn 0.2965 0.1564 0.9421
vn 0.2203 0.8037 0.5527
vn -0.4305 -0.1277 -0.8935
vn -0.3399 0.2886 -0.8951
vn -0.2469 0.3677 0.8966
vn 0.7076 0.6682 -0.2299
vn 0.2019 0.6223 0.7563
vn 0.1620 0.5139 0.8424
vn 0.2861 0.7864 0.5474
vn 0.3449 -0.4558 0.8205
vn 0.1415 -0.8471 0.5123
vn -0.0852 0.9285 -0.3614
vn -0.9241 -0.1632 -0.3456
vn -0.6278 -0.4669 -0.6228
vn 0.1244 0.3687 0.9212
vn -0.3957 -0.5473 -0.7375
vn 0.3170 0.1295 0.9395
vn -0.0706 -0.9475 0.3119
vn -0.2954 -0.1397 -0.9451
vn -0.0713 0.9261 -0.3704
vn 0.0275 -0.9556 0.2935
vn 0.6162 -0.7437 0.2593
vn 0.1217 0.9181 -0.3771
vn -0.0072 -0.8117 -0.5840
vn 0.6316 -0.5944 0.4977
vn -0.1121 0.0999 0.9887
vn -0.1415 -0.8471 0.5123
vn 0.6798 0.7302 -0.0686
vn 0.7590 -0.0053 -0.6511
vn 0.0852 0.9285 -0.3614
vn -0.3436 0.3581 0.8682
vn -0.2144 0.5399 0.8140
vn -0.2997 0.5358 0.7894
vn -0.6481 0.2829 0.7071
vn -0.9949 -0.0389 -0.0926
vn -0.9939 -0.0365 -0.1044
vn -0.1911 -0.3419 -0.9201
vn 0.1458 -0.5547 -0.8192
vn -0.1526 -0.5052 -0.8494
vn -0.5046 -0.3859 -0.7723
vn -0.9892 -0.1283 -0.0706
vn -0.2913 -0.4638 0.8367
vn -0.0085 -0.9962 0.0865
vn -0.3449 -0.4558 0.8205
vn 0.5162 0.1708 -0.8392
vn -0.0042 0.9436 -0.3309
vn 0.0241 0.9047 -0.4253
vn -0.2077 0.6931 0.6903
vn 0.6775 -0.6087 -0.4129
vn 0.1143 -0.9413 0.3178
vn -0.3805 -0.1013 0.9192
vn -0.0275 -0.9556 0.2935
vn 0.0856 0.8896 -0.4487
vn -0.3259 -0.0257 -0.9451
vn -0.1217 0.9181 -0.3771
vn -0.1495 0.1607 0.9756
vn 0.3076 0.3363 0.8901
vn -0.1244 0.3687 0.9212
vn 0.1661 -0.8648 -0.4738
vn 0.0072 -0.8117 -0.5840
vn -0.2785 -0.6725 -0.6858
vn -0.2257 0.1550 0.9618
vn -0.3186 0.1494 0.9360
vn 0.8906 -0.2496 -0.3802
vn 0.9212 0.1196 0.3703
vn 0.9458 0.1632 0.2809
vn -0.6284 0.1462 0.7640
vn 0.9133 -0.1230 -0.3884
vn 0.6830 -0.2895 -0.6706
vn 0.6772 -0.1304 -0.7241
vn -0.1295 0.8176 0.5610
vn -0.5391 0.3757 0.7538
vn -0.9856 0.1692 0.0048
vn 0.1325 -0.1452 -0.9805
vn -0.1818 -0.1739 -0.9678
vn 0.9389 0.0357 0.3423
vn 0.2469 0.3677 0.8966
vn -0.5208 -0.2133 -0.8266
vn -0.2869 0.3573 0.8888
vn -0.3059 0.5257 0.7937
vn -0.2714 0.5253 0.8065
vn 0.2828 -0.5552 -0.7822
vn 0.4281 -0.3448 -0.8354
vn 0.3957 -0.5473 -0.7375
vn 0.0097 -0.9593 0.2824
vn -0.1470 -0.3720 0.9165
vn 0.0706 -0.9475 0.3119
vn 0.0318 0.9415 -0.3355
vn 0.1586 0.2636 -0.9515
vn 0.0713 0.9261 -0.3704
vn 0.2561 -0.8651 -0.4313
vn -0.0336 -0.9774 0.2085
vn -0.2965 0.1564 0.9421
vn -0.3107 0.3579 0.8806
vn -0.2203 0.8037 0.5527
vn 0.4305 -0.1277 -0.8935
vn 0.2951 -0.3557 -0.8868
vn 0.2954 -0.1397 -0.9451
vn 0.2591 0.2765 -0.9254
vn 0.8253 0.3306 0.4578
vn -0.0410 0.8015 0.5966
vn -0.2019 0.6223 0.7563
vn -0.7076 0.6682 -0.2299
vn -0.0673 0.1392 -0.9880
vn -0.2861 0.7864 0.5474
vn -0.1620 0.5139 0.8424
vn -0.2820 0.7409 0.6095
vn 0.2592 0.2692 0.9275
vn 0.9241 -0.1632 -0.3456
vn 0.6278 -0.4669 -0.6228
vn -0.2337 -0.4007 0.8859
vn 0.3399 0.2886 -0.8951
vn 0.4171 -0.7775 -0.4707
vn -0.3170 0.1295 0.9395
vn -0.2308 0.3613 0.9034
vn 0.1362 -0.3587 -0.9235
vn -0.1618 -0.3152 0.9351
vn -0.5411 -0.2855 -0.7910
vn -0.6162 -0.7437 0.2593
vn -0.9409 -0.3162 0.1212
vn 0.2158 -0.8681 -0.4471
vn 0.8827 0.1921 0.4290
vn -0.6868 -0.6641 0.2955
vn -0.0636 -0.1119 0.9917
vn -0.9167 0.2026 0.3445
vn -0.8230 0.5659 -0.0495
vn -0.6102 -0.0914 -0.7870
vn -0.9228 -0.1244 0.3647
vn 0.1086 0.1219 0.9866
vn 0.0111 0.3925 0.9197
vn 0.0358 0.0709 0.9968
vn -0.9979 0.0308 0.0569
vn -0.7403 -0.2980 -0.6027
vn -0.9660 0.2145 0.1442
vn -0.4677 -0.3247 -0.8221
vn -0.1548 -0.0375 -0.9872
vn -0.1607 -0.3594 -0.9193
vn -0.4268 0.4533 0.7825
vn -0.9720 -0.0646 0.2261
vn 0.0910 0.5882 0.8036
vn -0.0000 0.4045 0.9145
vn -0.0000 0.5961 0.8029
vn 0.0775 -0.9343 0.3480
vn -0.0000 -0.9517 -0.3070
vn -0.0000 -0.9132 0.4074
vn 0.1166 0.4016 0.9084
vn -0.0000 0.1680 0.9858
vn -0.1396 -0.5921 -0.7937
vn -0.0000 -0.3632 -0.9317
vn -0.0000 -0.6149 -0.7886
vn 0.0113 0.9402 -0.3405
vn -0.0000 0.9132 0.4074
vn -0.0000 0.9434 -0.3316
vn -0.0000 -0.0137 -0.9999
vn 0.1225 -0.4800 0.8687
vn -0.0819 0.4344 -0.8970
vn 0.0025 0.5996 0.8003
vn -0.2160 -0.8785 -0.4260
vn -0.0616 -0.9207 -0.3853
vn -0.4235 -0.5308 -0.7341
vn 0.0750 0.8705 0.4864
vn 0.0655 0.8936 0.4441
vn 0.1462 -0.9404 0.3070
vn 0.0546 -0.9956 0.0761
vn 0.0081 0.9312 -0.3644
vn -0.2008 0.8592 -0.4705
vn -0.1740 0.6974 0.6953
vn -0.6465 -0.3315 -0.6872
vn -0.3936 0.1462 0.9076
vn -0.5093 0.3248 0.7970
vn -0.7674 -0.1667 -0.6191
vn -0.7917 -0.2252 -0.5679
vn -0.0000 -0.4517 0.8922
vn 0.1652 -0.4600 0.8724
vn -0.0000 0.4644 -0.8856
vn -0.4412 -0.0776 -0.8940
vn -0.2706 0.3308 -0.9041
vn 0.6868 -0.6641 0.2955
vn 0.0636 -0.1119 0.9917
vn -0.0546 -0.9956 0.0761
vn 0.8230 0.5659 -0.0495
vn 0.6102 -0.0914 -0.7870
vn 0.2008 0.8592 -0.4705
vn -0.1086 0.1219 0.9866
vn -0.0111 0.3925 0.9197
vn -0.1166 0.4016 0.9084
vn 0.7403 -0.2980 -0.6027
vn 0.9979 0.0308 0.0569
vn 0.9660 0.2146 0.1442
vn 0.4677 -0.3247 -0.8221
vn 0.1548 -0.0375 -0.9872
vn 0.4412 -0.0776 -0.8940
vn 0.4268 0.4533 0.7825
vn 0.9720 -0.0647 0.2261
vn -0.0910 0.5882 0.8036
vn -0.0775 -0.9343 0.3480
vn 0.1396 -0.5921 -0.7937
vn -0.0113 0.9402 -0.3405
vn 0.1607 -0.3594 -0.9193
vn -0.1225 -0.4799 0.8687
vn 0.0819 0.4344 -0.8970
vn 0.2160 -0.8785 -0.4260
vn -0.1462 -0.9404 0.3070
vn -0.0750 0.8705 0.4864
vn -0.0081 0.9312 -0.3644
vn 0.1740 0.6974 0.6953
vn 0.6465 -0.3315 -0.6872
vn 0.3936 0.1462 0.9076
vn 0.5093 0.3248 0.7970
vn 0.7674 -0.1667 -0.6191
vn 0.7917 -0.2252 -0.5679
vn 0.0616 -0.9207 -0.3854
vn -0.0358 0.0709 0.9968
vn 0.9167 0.2026 0.3445
vn -0.0655 0.8936 0.4441
vn 0.9228 -0.1244 0.3647
vn -0.0025 0.5996 0.8003
vn 0.4235 -0.5308 -0.7341
vn -0.1652 -0.4600 0.8724
vn 0.2706 0.3308 -0.9041
vn -0.0397 -0.5513 0.8334
vn 0.6781 0.0466 0.7335
vn -0.5208 0.1881 0.8327
vn -0.5546 0.7378 0.3848
vn -0.9848 -0.0665 -0.1604
vn -0.4451 0.1483 0.8831
vn 0.6037 0.6107 0.5125
vn 0.6482 0.4195 0.6355
vn 0.7341 0.4221 0.5320
vn 0.7603 0.1336 -0.6357
vn 0.9064 0.3872 0.1690
vn 0.7089 0.1313 -0.6930
vn -0.2354 -0.2938 -0.9264
vn -0.4668 -0.5773 -0.6699
vn -0.5440 -0.3840 -0.7460
vn 0.0126 -0.2357 -0.9717
vn 0.0714 -0.1765 -0.9817
vn 0.4135 -0.9026 0.1194
vn 0.8340 -0.2009 0.5139
vn 0.3244 -0.9425 0.0807
vn -0.3289 0.9229 -0.2000
vn -0.9278 0.1116 -0.3560
vn -0.3080 0.9165 -0.2554
vn -0.3479 0.9058 -0.2417
vn 0.4853 0.8229 0.2954
vn -0.8016 -0.5962 0.0432
vn -0.5489 -0.8200 -0.1622
vn 0.2065 -0.9589 0.1947
vn 0.7884 0.0123 0.6150
vn 0.7158 -0.2102 0.6659
vn -0.4488 0.8720 -0.1955
vn -0.2321 0.0397 -0.9719
vn -0.5118 0.1383 -0.8479
vn 0.7248 0.2515 0.6414
vn 0.3291 0.3147 0.8903
vn 0.4358 0.2684 0.8591
vn -0.2365 -0.4548 -0.8586
vn -0.2366 -0.8931 -0.3825
vn 0.6790 0.1948 -0.7079
vn -0.1535 -0.4371 -0.8862
vn 0.7039 0.2420 0.6678
vn 0.7815 0.2672 0.5638
vn -0.4822 -0.0099 0.8760
vn -0.9057 -0.3535 0.2342
vn -0.5052 0.1027 0.8569
vn 0.9188 0.3409 0.1989
vn -0.9125 -0.3946 -0.1081
vn -0.9398 -0.2677 0.2125
vn -0.9597 -0.2355 -0.1535
vn 0.2807 0.8534 0.4392
vn 0.2804 0.7932 0.5406
vn 0.7704 0.4254 -0.4748
vn 0.8304 0.4658 0.3058
vn -0.6094 -0.1794 -0.7723
vn -0.3072 -0.1536 -0.9392
vn -0.4449 -0.0041 0.8956
vn 0.0315 -0.1255 -0.9916
vn 0.7369 0.4329 0.5192
vn 0.5868 0.6227 0.5176
vn 0.6193 0.6403 0.4544
vn -0.6029 -0.6052 -0.5199
vn -0.8048 -0.4210 -0.4183
vn -0.7023 -0.4138 -0.5793
vn 0.3277 -0.9170 0.2276
vn 0.7784 -0.2591 0.5718
vn 0.3592 -0.9195 0.1597
vn -0.3507 0.9231 -0.1579
vn -0.6914 0.2367 -0.6826
vn -0.7823 0.2489 -0.5710
vn -0.3401 -0.9056 -0.2533
vn -0.2853 -0.9055 -0.3141
vn 0.7544 0.2492 0.6073
vn 0.6940 0.4277 0.5792
vn 0.3426 0.8702 0.3540
vn -0.7655 -0.2041 -0.6102
vn 0.8467 -0.2339 0.4780
vn -0.8441 0.2299 -0.4843
vn 0.5816 0.5988 0.5507
vn -0.7013 -0.6062 -0.3750
vn 0.6521 0.4113 0.6369
vn 0.8034 0.2531 0.5389
vn 0.4054 0.8711 0.2772
vn -0.8673 -0.2104 -0.4511
vn 0.5355 0.6194 0.5741
vn -0.3989 0.9044 -0.1514
vn 0.1341 -0.9806 0.1433
vn 0.7484 -0.5584 -0.3577
vn -0.3067 0.9112 -0.2750
vn 0.3010 0.8469 -0.4385
vn 0.1985 -0.9705 0.1367
vn 0.5242 0.6582 0.5404
vn -0.9087 -0.3089 0.2808
vn -0.8385 -0.5336 -0.1108
vn 0.3620 0.4542 0.8141
vn 0.4504 0.6552 0.6066
vn -0.1961 -0.8034 -0.5622
vn 0.8166 0.2639 -0.5133
vn 0.7112 -0.2444 0.6591
vn 0.0397 -0.5513 0.8334
vn -0.6781 0.0466 0.7335
vn -0.1985 -0.9705 0.1367
vn 0.5546 0.7378 0.3848
vn 0.9848 -0.0665 -0.1604
vn 0.3479 0.9058 -0.2417
vn -0.6482 0.4195 0.6355
vn -0.6037 0.6107 0.5125
vn -0.7341 0.4221 0.5320
vn -0.9064 0.3872 0.1690
vn -0.7603 0.1336 -0.6357
vn -0.7089 0.1313 -0.6930
vn 0.2354 -0.2938 -0.9264
vn 0.4668 -0.5773 -0.6699
vn 0.2365 -0.4548 -0.8586
vn -0.0126 -0.2357 -0.9717
vn -0.6790 0.1948 -0.7079
vn -0.8340 -0.2009 0.5139
vn -0.4135 -0.9026 0.1194
vn -0.3244 -0.9425 0.0807
vn 0.9278 0.1116 -0.3560
vn 0.3289 0.9229 -0.2000
vn 0.3080 0.9165 -0.2554
vn -0.4853 0.8229 0.2954
vn 0.8016 -0.5962 0.0432
vn -0.2065 -0.9589 0.1947
vn -0.7884 0.0123 0.6150
vn -0.1341 -0.9806 0.1433
vn 0.4488 0.8720 -0.1955
vn 0.2321 0.0397 -0.9719
vn 0.3067 0.9112 -0.2750
vn -0.7248 0.2515 0.6414
vn -0.3291 0.3147 0.8903
vn -0.6521 0.4113 0.6369
vn 0.2366 -0.8931 -0.3825
vn 0.1961 -0.8034 -0.5622
vn 0.1535 -0.4371 -0.8862
vn -0.8166 0.2639 -0.5133
vn -0.7039 0.2420 0.6678
vn -0.7815 0.2672 0.5638
vn 0.9057 -0.3535 0.2342
vn 0.4822 -0.0099 0.8760
vn 0.5052 0.1027 0.8569
vn -0.9188 0.3409 0.1989
vn 0.9398 -0.2677 0.2125
vn 0.9125 -0.3946 -0.1081
vn 0.9597 -0.2355 -0.1535
vn -0.2807 0.8534 0.4392
vn -0.5355 0.6194 0.5741
vn -0.8304 0.4658 0.3058
vn -0.7704 0.4254 -0.4748
vn 0.6094 -0.1794 -0.7723
vn 0.3072 -0.1536 -0.9392
vn 0.4449 -0.0041 0.8956
vn -0.3620 0.4542 0.8141
vn -0.0714 -0.1765 -0.9817
vn -0.7369 0.4329 0.5192
vn -0.5868 0.6227 0.5176
vn -0.6940 0.4277 0.5792
vn 0.6029 -0.6052 -0.5199
vn 0.8048 -0.4210 -0.4183
vn 0.7013 -0.6062 -0.3750
vn -0.7784 -0.2591 0.5718
vn -0.3277 -0.9170 0.2276
vn -0.3592 -0.9195 0.1597
vn 0.3507 0.9231 -0.1579
vn 0.6914 0.2367 -0.6826
vn 0.3989 0.9044 -0.1513
vn 0.3401 -0.9056 -0.2533
vn -0.7544 0.2492 0.6073
vn -0.3426 0.8702 0.3540
vn 0.7655 -0.2041 -0.6102
vn 0.7023 -0.4138 -0.5793
vn -0.8467 -0.2339 0.4780
vn 0.8441 0.2299 -0.4843
vn -0.5816 0.5988 0.5507
vn -0.6193 0.6403 0.4544
vn 0.8385 -0.5336 -0.1108
vn 0.5489 -0.8200 -0.1622
vn -0.8034 0.2531 0.5389
vn -0.4054 0.8711 0.2772
vn 0.5440 -0.3840 -0.7460
vn -0.7158 -0.2102 0.6659
vn -0.7112 -0.2444 0.6591
vn 0.5118 0.1383 -0.8479
vn -0.7484 -0.5584 -0.3577
vn -0.3010 0.8469 -0.4385
vn -0.2804 0.7932 0.5406
vn -0.4504 0.6552 0.6066
vn -0.0315 -0.1255 -0.9916
vn -0.5242 0.6582 0.5404
vn -0.4358 0.2684 0.8591
vn 0.9087 -0.3089 0.2808
vn 0.8673 -0.2104 -0.4511
vn 0.7823 0.2489 -0.5710
vn 0.4451 0.1483 0.8831
vn 0.2853 -0.9055 -0.3141
vn 0.5208 0.1881 0.8327
vn 0.1533 0.3043 0.9402
vn 0.1487 0.3495 0.9251
vn 0.1562 0.3056 0.9393
vn 0.1350 0.3976 0.9076
vn 0.1518 0.3450 0.9262
vn 0.1299 0.3958 0.9091
vn 0.1302 0.4012 0.9067
vn 0.0826 0.4449 0.8918
vn 0.0803 0.4229 0.9026
vn 0.0788 0.4435 0.8928
vn 0.0560 0.3573 0.9323
vn 0.0873 0.4207 0.9030
vn 0.0491 0.3510 0.9351
vn 0.0430 0.2969 0.9539
vn -0.0931 0.4582 0.8840
vn -0.1281 0.6324 0.7640
vn -0.0535 0.5536 0.8311
vn -0.0952 0.8529 0.5133
vn -0.3397 0.8868 0.3133
vn -0.0524 0.8469 0.5292
vn -0.1211 0.3408 0.9323
vn -0.1009 0.3160 0.9434
vn -0.1276 0.3371 0.9328
vn -0.1030 0.3051 0.9467
vn -0.1254 0.2593 0.9576
vn -0.1331 0.2559 0.9575
vn -0.1343 0.2611 0.9559
vn -0.0720 0.3272 0.9422
vn -0.0699 0.3541 0.9326
vn -0.0774 0.3234 0.9431
vn -0.0739 0.3548 0.9320
vn -0.0862 0.3258 0.9415
vn -0.0917 0.3176 0.9438
vn -0.0861 0.2780 0.9567
vn -0.1247 0.3703 0.9205
vn 0.0960 0.3783 0.9207
vn -0.0896 0.4223 0.9020
vn -0.0045 0.4927 0.8702
vn -0.1550 0.3421 0.9268
vn -0.1263 0.5373 0.8339
vn 0.3564 0.4765 0.8037
vn -0.0742 0.3430 0.9364
vn -0.0842 0.3141 0.9457
vn -0.0652 0.3422 0.9374
vn 0.3018 0.0658 0.9511
vn 0.0917 0.2259 0.9698
vn -0.1836 0.9344 0.3054
vn -0.1333 0.9848 0.1111
vn -0.1598 0.8857 0.4359
vn -0.0317 0.9979 0.0572
vn -0.1313 0.9895 0.0602
vn -0.0233 0.9984 0.0524
vn -0.0148 0.9983 0.0557
vn -0.1477 0.9710 0.1880
vn -0.1770 0.9331 0.3131
vn -0.1694 0.9777 0.1240
vn -0.3127 0.8464 0.4310
vn -0.1214 0.9464 0.2993
vn -0.3639 0.8103 0.4594
vn -0.3923 0.8051 0.4449
vn -0.3127 0.8553 0.4131
vn 0.0815 0.8111 0.5792
vn -0.2829 0.7848 0.5515
vn 0.6056 0.2146 0.7663
vn 0.2960 0.7375 0.6070
vn 0.6148 0.2029 0.7621
vn 0.5259 0.1528 0.8367
vn 0.4882 0.1887 0.8521
vn -0.3071 0.9091 0.2815
vn -0.1151 0.9744 -0.1929
vn -0.0985 0.9690 -0.2266
vn -0.4015 0.5876 0.7026
vn -0.2776 0.9204 0.2753
vn -0.3679 0.6173 0.6955
vn -0.2898 0.9436 0.1601
vn -0.1309 0.9717 -0.1967
vn -0.1747 0.9387 -0.2972
vn 0.0815 0.8505 -0.5196
vn -0.0287 0.9951 0.0950
vn -0.1266 0.9850 0.1171
vn 0.0105 0.7604 0.6494
vn -0.1518 0.7066 0.6911
vn 0.1001 0.8377 -0.5370
vn 0.0856 0.9961 0.0191
vn 0.1079 0.8369 -0.5367
vn -0.1708 0.9258 0.3374
vn 0.2291 0.9565 0.1806
vn 0.2273 0.9528 -0.2015
vn -0.2325 0.7808 0.5799
vn -0.0522 0.4438 0.8946
vn 0.0676 0.6874 0.7231
vn -0.9499 0.1178 0.2896
vn -0.5970 0.4163 0.6857
vn -0.8878 0.3845 0.2530
vn -0.1355 0.8012 0.5829
vn -0.1095 0.6889 0.7165
vn -0.1644 0.8363 0.5231
vn -0.1094 0.6745 0.7302
vn -0.0899 0.7595 0.6443
vn -0.0354 0.8181 0.5740
vn -0.0542 0.8128 0.5800
vn -0.3423 0.6871 0.6408
vn -0.0500 0.5042 0.8621
vn -0.0725 0.5356 0.8414
vn 0.2439 0.3494 0.9047
vn 0.2372 0.3497 0.9063
vn 0.2329 0.4308 0.8719
vn 0.3702 0.4397 0.8183
vn 0.4415 0.4099 0.7982
vn 0.3267 0.3908 0.8605
vn 0.4595 0.4154 0.7850
vn 0.4428 0.3258 0.8353
vn 0.3875 0.3114 0.8677
vn 0.2499 0.2722 0.9292
vn 0.5422 0.2073 0.8143
vn 0.4383 0.2582 0.8610
vn 0.6381 0.3412 0.6902
vn 0.3711 0.5976 0.7107
vn 0.1005 0.9037 0.4163
vn 0.2206 0.9449 0.2419
vn 0.3409 0.9277 0.1522
vn -0.0262 0.6037 0.7968
vn 0.0720 0.8512 0.5199
vn 0.1483 0.9723 0.1806
vn 0.0684 0.9654 0.2515
vn 0.1489 0.9773 0.1510
vn 0.0352 0.9960 0.0816
vn 0.0383 0.9553 0.2932
vn 0.0391 0.9970 0.0671
vn -0.0000 0.9951 0.0985
vn -0.0000 0.9933 0.1154
vn 0.1602 0.9805 -0.1137
vn -0.1137 0.9934 0.0115
vn 0.1369 0.9832 -0.1211
vn -0.5348 0.7881 0.3046
vn -0.2410 0.9677 0.0742
vn -0.5221 0.7946 0.3099
vn 0.1577 0.9661 -0.2044
vn 0.0814 0.9878 -0.1331
vn -0.2436 0.8605 0.4474
vn 0.1834 0.9825 0.0319
vn 0.2464 0.9679 0.0491
vn -0.5508 0.4755 0.6860
vn -0.6354 0.3940 0.6641
vn -0.0481 0.9514 0.3041
vn 0.2462 0.9664 0.0744
vn 0.2356 0.9695 -0.0676
vn 0.2095 0.9752 0.0711
vn -0.0903 0.7574 0.6467
vn 0.3966 0.7019 0.5916
vn -0.7786 0.4894 0.3928
vn -0.2388 0.3984 0.8856
vn -0.3346 0.3590 0.8713
vn 0.3049 0.1182 0.9450
vn 0.4975 -0.1221 0.8588
vn -0.0523 0.1307 0.9900
vn 0.5635 -0.1394 0.8142
vn -0.1766 0.1921 0.9654
vn -0.6762 0.4215 0.6042
vn -0.7186 0.3758 0.5852
vn 0.3851 -0.0205 0.9227
vn 0.2915 0.1008 0.9513
vn -0.1522 0.2471 0.9569
vn -0.7894 0.4147 0.4526
vn -0.7565 0.3842 0.5292
vn -0.7291 0.3518 0.5871
vn -0.7402 0.4014 0.5395
vn -0.7973 0.3913 0.4596
vn -0.6262 0.4706 0.6216
vn -0.7575 0.3508 0.5506
vn -0.9273 0.3423 0.1516
vn -0.5413 0.8202 0.1852
vn -0.8239 0.4636 0.3261
vn 0.0304 0.9973 0.0666
vn 0.0563 0.9977 -0.0382
vn 0.1437 0.9868 0.0743
vn 0.1558 0.9850 0.0743
vn -0.1184 0.9590 0.2576
vn -0.4216 0.8705 0.2538
vn -0.5121 0.8237 0.2435
vn -0.4555 0.8552 0.2473
vn -0.0687 0.9657 0.2503
vn -0.3609 0.9302 0.0669
vn -0.5755 0.7505 0.3250
vn 0.7626 -0.3220 -0.5610
vn 0.7184 -0.4084 -0.5632
vn 0.6836 -0.4361 -0.5853
vn 0.7289 -0.2802 -0.6247
vn 0.7523 -0.3285 -0.5711
vn 0.7073 -0.2811 -0.6486
vn 0.7032 -0.3117 -0.6390
vn 0.7900 -0.5273 -0.3128
vn 0.7547 -0.5866 -0.2939
vn 0.7383 -0.5996 -0.3087
vn 0.8102 -0.3695 -0.4551
vn 0.7981 -0.4902 -0.3504
vn 0.7899 -0.2292 -0.5688
vn 0.7939 -0.3303 -0.5106
vn -0.5856 0.4188 0.6941
vn -0.6026 0.4059 0.6871
vn -0.6573 0.3771 0.6525
vn -0.6994 0.2915 0.6526
vn -0.6245 0.3894 0.6770
vn -0.7269 0.1758 0.6639
vn -0.7566 0.2085 0.6197
vn -0.3412 0.1106 0.9334
vn -0.3965 0.0808 0.9145
vn -0.5695 -0.0078 0.8220
vn -0.7367 0.1708 0.6543
vn -0.7726 0.4808 0.4145
vn -0.6893 0.4263 0.5858
vn 0.3933 -0.6950 -0.6019
vn 0.2654 -0.9638 -0.0258
vn 0.5330 -0.6418 -0.5514
vn 0.7012 -0.6905 -0.1776
vn 0.2794 -0.9344 -0.2211
vn 0.2881 -0.8077 -0.5145
vn 0.9070 -0.4014 0.1276
vn 0.7946 -0.4983 0.3470
vn 0.6761 -0.7112 0.1928
vn -0.4221 0.3950 0.8160
vn 0.4292 0.3411 0.8363
vn 0.2423 0.3009 0.9223
vn -0.8393 0.2750 0.4689
vn -0.2510 0.4146 0.8747
vn -0.8026 0.3111 0.5090
vn -0.2530 0.4261 0.8686
vn 0.4434 0.3385 0.8300
vn 0.4442 0.3461 0.8264
vn -0.3068 0.5329 0.7886
vn 0.4024 0.3770 0.8342
vn 0.4072 0.3923 0.8248
vn -0.5863 0.2492 0.7708
vn -0.0549 0.4381 0.8972
vn -0.5205 0.4251 0.7405
vn 0.3772 0.3206 0.8689
vn -0.1549 0.2366 0.9592
vn 0.2534 0.3245 0.9113
vn -0.4418 0.2297 0.8672
vn -0.2842 0.5793 0.7640
vn -0.3507 0.6257 0.6968
vn -0.1374 0.8119 0.5674
vn -0.1498 0.7863 0.5994
vn -0.2411 0.7297 0.6398
vn -0.0765 0.3541 0.9321
vn -0.0672 0.3267 0.9427
vn -0.0818 0.3498 0.9333
vn -0.0718 0.3168 0.9458
vn -0.0888 0.2799 0.9559
vn -0.1055 0.2721 0.9565
vn -0.1257 0.2760 0.9529
vn -0.0738 0.3351 0.9393
vn -0.0715 0.3625 0.9292
vn -0.0793 0.3312 0.9402
vn -0.0756 0.3632 0.9286
vn -0.0883 0.3336 0.9386
vn -0.0939 0.3253 0.9409
vn -0.0882 0.2849 0.9545
vn -0.1275 0.3789 0.9166
vn 0.0984 0.3870 0.9168
vn -0.0915 0.4316 0.8974
vn -0.0051 0.5028 0.8644
vn -0.1586 0.3501 0.9232
vn -0.1284 0.5477 0.8268
vn 0.3589 0.4857 0.7970
vn -0.0759 0.3512 0.9332
vn -0.0792 0.3312 0.9402
vn -0.0863 0.3217 0.9429
vn -0.0667 0.3503 0.9342
vn 0.3079 0.0682 0.9490
vn 0.0943 0.2315 0.9683
vn -0.3190 0.6761 0.6642
vn -0.2363 0.9148 0.3275
vn -0.2907 0.5499 0.7830
vn -0.0838 0.9633 0.2551
vn -0.2251 0.9365 0.2690
vn -0.1052 0.9570 0.2702
vn -0.1591 0.9361 0.3135
vn -0.2115 0.9126 0.3499
vn -0.2209 0.8601 0.4598
vn -0.2244 0.7553 0.6157
vn -0.2525 0.8890 0.3820
vn -0.3486 0.5114 0.7854
vn -0.1479 0.7884 0.5971
vn -0.3919 0.4273 0.8147
vn -0.3857 0.4275 0.8176
vn -0.3337 0.8188 0.4670
vn -0.0692 0.5608 0.8251
vn 0.2249 0.7782 0.5863
vn -0.7564 0.2347 0.6106
vn -0.6634 -0.1363 0.7358
vn 0.0972 0.2264 0.9692
vn 0.5966 0.2059 0.7757
vn -0.0491 0.3183 0.9467
vn -0.4301 0.5404 0.7232
vn -0.3410 0.8518 0.3976
vn -0.3361 0.9001 0.2773
vn -0.3978 0.0386 0.9167
vn -0.3960 0.6003 0.6948
vn -0.3701 0.1414 0.9181
vn -0.3918 0.6241 0.6760
vn -0.3119 0.9093 0.2754
vn -0.3381 0.9228 0.1848
vn -0.1064 0.9768 0.1860
vn -0.1857 0.6651 0.7233
vn -0.2255 0.7554 0.6152
vn -0.0808 0.2403 0.9673
vn -0.2333 0.1011 0.9671
vn 0.0423 0.9764 0.2118
vn 0.0514 0.8682 0.4935
vn -0.0298 0.7339 0.6786
vn 0.1881 0.8930 0.4090
vn -0.0528 0.7201 0.6919
vn 0.1987 0.8228 0.5325
vn 0.0815 0.5399 0.8378
vn -0.0769 0.3948 0.9156
vn 0.1596 0.2506 0.9548
vn -0.1123 0.2437 0.9633
vn -0.1792 0.3569 0.9168
vn -0.2466 0.2172 0.9445
vn -0.0761 0.9721 0.2217
vn -0.1236 0.6827 0.7201
vn -0.1480 0.7967 0.5860
vn -0.0776 0.3475 0.9345
vn -0.1397 0.3296 0.9337
vn -0.0847 0.9713 0.2224
vn -0.0000 0.8457 0.5336
vn -0.0978 0.7528 0.6509
vn -0.2856 0.8081 0.5152
vn 0.2036 0.6881 0.6964
vn -0.1911 0.9249 0.3286
vn -0.3212 0.4202 0.8487
vn 0.2521 0.3231 0.9122
vn 0.0398 0.6637 0.7470
vn 0.2318 0.4169 0.8789
vn 0.6169 0.2013 0.7609
vn 0.6447 0.5115 0.5681
vn 0.3849 0.4204 0.8217
vn 0.1248 0.4905 0.8624
vn 0.0493 0.4048 0.9131
vn 0.1229 0.3904 0.9124
vn 0.6893 0.2341 0.6856
vn 0.2319 0.3125 0.9212
vn 0.4109 0.3382 0.8466
vn 0.5540 0.2118 0.8051
vn 0.4477 0.2644 0.8542
vn 0.6479 0.3425 0.6804
vn 0.3715 0.6046 0.7046
vn 0.0670 0.9037 0.4228
vn 0.1095 0.9459 0.3056
vn 0.1974 0.9484 0.2482
vn -0.0305 0.6108 0.7912
vn 0.0715 0.8584 0.5079
vn 0.1485 0.9731 0.1763
vn 0.0692 0.9672 0.2444
vn 0.1490 0.9778 0.1471
vn 0.0349 0.9962 0.0800
vn 0.0379 0.9575 0.2860
vn 0.0314 0.9964 0.0786
vn -0.0000 0.9870 0.1608
vn -0.0000 0.9789 0.2045
vn -0.4250 0.8817 0.2049
vn -0.7511 0.5755 0.3234
vn -0.5991 0.7756 0.1988
vn -0.8450 0.1461 0.5144
vn -0.6922 0.5879 0.4185
vn -0.8201 0.2002 0.5360
vn -0.6667 0.6255 0.4053
vn -0.4146 0.8854 0.2102
vn -0.3572 0.9289 0.0978
vn -0.1217 0.9348 0.3336
vn -0.5713 0.5678 0.5926
vn -0.2390 0.9199 0.3108
vn -0.4676 0.6630 0.5846
vn -0.6466 0.3267 0.6893
vn -0.7178 0.2069 0.6648
vn -0.0342 0.9549 0.2949
vn -0.3588 0.7339 0.5767
vn -0.1095 0.9281 0.3558
vn -0.4617 0.8303 0.3121
vn -0.6335 0.5985 0.4904
vn -0.3951 0.6877 0.6091
vn -0.9509 0.2979 0.0837
vn -0.7342 0.5058 0.4529
vn -0.4181 0.4370 0.7963
vn -0.3623 0.4679 0.8061
vn -0.4416 0.3681 0.8182
vn -0.8972 0.4033 0.1798
vn -0.7420 0.4692 0.4789
vn -0.8623 0.4649 0.2009
vn -0.8757 0.3285 -0.3540
vn -0.5165 0.4472 0.7302
vn -0.7986 0.5073 0.3239
vn -0.5840 0.3851 0.7146
vn -0.8675 0.2680 0.4190
vn -0.6209 0.3665 0.6929
vn -0.9234 0.1459 -0.3551
vn -0.8848 0.4342 0.1691
vn -0.9043 0.3523 -0.2411
vn -0.8173 0.5271 0.2328
vn -0.6057 0.4738 0.6393
vn -0.5333 0.4982 0.6837
vn -0.9443 0.3234 0.0607
vn -0.5195 0.8501 0.0868
vn -0.8151 0.5378 0.2155
vn 0.0613 0.9957 0.0701
vn 0.0892 0.9953 -0.0370
vn 0.1573 0.9858 0.0594
vn -0.1071 0.9750 0.1945
vn -0.2153 0.9600 0.1791
vn -0.3232 0.9370 0.1328
vn -0.0796 0.9901 0.1152
vn -0.0378 0.9803 0.1938
vn 0.0923 0.9956 0.0177
vn -0.0201 0.9991 0.0382
vn 0.7704 -0.3247 -0.5487
vn 0.7262 -0.4117 -0.5506
vn 0.6913 -0.4402 -0.5730
vn 0.7303 -0.3285 -0.5990
vn 0.7599 -0.3322 -0.5587
vn 0.7388 -0.3387 -0.5827
vn 0.7206 -0.3418 -0.6033
vn 0.7922 -0.5281 -0.3058
vn 0.7567 -0.5877 -0.2864
vn 0.7402 -0.6011 -0.3012
vn 0.8150 -0.3704 -0.4456
vn 0.8003 -0.4925 -0.3419
vn 0.7969 -0.2309 -0.5582
vn 0.7991 -0.3336 -0.5002
vn -0.5926 0.4245 0.6846
vn -0.6107 0.4108 0.6770
vn -0.6648 0.3814 0.6423
vn -0.7080 0.2941 0.6420
vn -0.6308 0.3951 0.6678
vn -0.7356 0.1777 0.6537
vn -0.7642 0.2106 0.6096
vn -0.3486 0.1135 0.9304
vn -0.4053 0.0827 0.9105
vn -0.5798 -0.0080 0.8147
vn -0.7451 0.1704 0.6448
vn -0.7748 0.4844 0.4063
vn -0.6948 0.4326 0.5746
vn 0.4624 -0.6953 -0.5502
vn 0.4077 -0.9027 -0.1374
vn 0.4026 -0.8141 -0.4186
vn 0.3248 -0.7753 -0.5417
vn 0.7305 -0.6823 0.0285
vn 0.4291 -0.8511 -0.3025
vn 0.8993 -0.3461 0.2673
vn 0.7490 -0.6240 0.2227
vn -0.8949 0.3349 -0.2949
vn -0.6653 0.3656 0.6509
vn -0.8660 0.3589 -0.3482
vn -0.9451 0.0527 0.3226
vn -0.7712 0.5296 0.3531
vn -0.8674 0.4889 -0.0930
vn -0.7448 0.5076 0.4331
vn -0.7109 0.5713 0.4102
vn -0.8708 -0.0998 0.4814
vn -0.5234 0.4638 0.7148
vn -0.9254 0.3178 0.2066
vn -0.9783 0.0447 -0.2022
vn -0.3571 0.1134 0.9272
vn -0.3760 0.5835 0.7199
vn -0.5166 0.3256 0.7919
vn -0.6012 0.2220 0.7676
vn -0.8272 0.3030 0.4732
vn -0.0279 0.4218 0.9063
vn -0.1648 0.2748 0.9473
vn -0.7384 0.0316 0.6736
vn -0.2856 0.3659 0.8858
vn -0.0553 0.9682 0.2440
vn -0.0398 0.6181 0.7851
vn -0.1905 0.5714 0.7982
vn -0.1006 0.9232 0.3709
vn -0.2622 0.3962 0.8799
vn 0.0580 0.4975 0.8656
vn -0.2334 0.3639 0.9017
vn 0.7178 0.3455 0.6045
vn 0.1027 0.4183 0.9025
vn -0.0000 0.5766 0.8170
vn -0.4457 0.8591 0.2515
vn -0.7550 0.5068 0.4161
vn -0.8197 0.4664 0.3326
vn -0.6492 0.3750 0.6618
vn -0.5927 0.4296 0.6813
vn -0.2145 0.9702 0.1124
vn -0.6177 0.7184 0.3198
vn -0.2287 0.9653 0.1258
vn -0.3855 0.7567 0.5280
vn -0.1352 0.8787 0.4578
vn -0.4418 0.5787 0.6855
vn 0.8869 -0.4611 -0.0284
vn 0.4457 -0.5255 -0.7247
vn 0.9043 -0.4198 0.0777
vn 0.6374 -0.7357 -0.2290
vn 0.8714 -0.4760 -0.1185
vn -0.3449 0.9336 0.0970
vn 0.3670 0.9275 -0.0711
vn 0.4419 0.8930 -0.0850
vn -0.4626 0.3966 0.7929
vn -0.3818 0.8333 0.3998
vn -0.3508 0.6728 0.6514
vn -0.2626 0.7954 0.5462
vn 0.0996 0.8376 -0.5370
vn 0.1352 0.7666 0.6277
vn 0.1962 0.7962 0.5723
vn -0.0837 0.2597 0.9621
vn -0.6659 0.2073 0.7167
vn 0.1956 0.7150 0.6712
vn -0.1005 0.7728 0.6266
vn 0.0686 0.2748 0.9591
vn -0.1487 0.3495 0.9251
vn -0.1533 0.3043 0.9402
vn -0.1562 0.3056 0.9393
vn -0.1350 0.3976 0.9076
vn -0.1518 0.3450 0.9262
vn -0.1299 0.3958 0.9091
vn -0.1302 0.4012 0.9067
vn -0.0803 0.4229 0.9026
vn -0.0826 0.4449 0.8918
vn -0.0788 0.4435 0.8928
vn -0.0560 0.3573 0.9323
vn -0.0873 0.4207 0.9030
vn -0.0491 0.3510 0.9351
vn -0.0430 0.2969 0.9539
vn 0.0931 0.4582 0.8840
vn 0.1281 0.6324 0.7640
vn 0.0741 0.4447 0.8926
vn 0.0952 0.8529 0.5133
vn 0.0535 0.5536 0.8311
vn 0.0524 0.8469 0.5292
vn 0.3397 0.8868 0.3133
vn 0.1211 0.3408 0.9323
vn 0.1009 0.3160 0.9434
vn 0.1030 0.3051 0.9467
vn 0.1254 0.2593 0.9576
vn 0.1331 0.2559 0.9575
vn 0.1343 0.2611 0.9559
vn 0.0720 0.3272 0.9422
vn 0.0699 0.3541 0.9326
vn 0.0739 0.3548 0.9320
vn 0.0862 0.3258 0.9415
vn 0.0917 0.3176 0.9438
vn 0.0861 0.2780 0.9567
vn 0.1247 0.3703 0.9205
vn -0.0960 0.3783 0.9207
vn 0.1550 0.3421 0.9268
vn 0.0045 0.4927 0.8702
vn -0.3564 0.4765 0.8037
vn 0.1262 0.5373 0.8339
vn 0.0742 0.3430 0.9364
vn 0.0652 0.3422 0.9374
vn 0.0842 0.3141 0.9457
vn -0.0917 0.2259 0.9698
vn -0.3018 0.0658 0.9511
vn 0.1333 0.9848 0.1111
vn 0.1836 0.9344 0.3054
vn 0.1598 0.8857 0.4359
vn 0.0317 0.9979 0.0572
vn 0.1313 0.9895 0.0602
vn 0.0233 0.9984 0.0524
vn 0.0148 0.9983 0.0557
vn 0.1770 0.9331 0.3131
vn 0.1477 0.9710 0.1880
vn 0.1694 0.9777 0.1240
vn 0.3127 0.8464 0.4310
vn 0.1214 0.9464 0.2993
vn 0.3639 0.8103 0.4594
vn 0.3923 0.8051 0.4449
vn -0.0815 0.8111 0.5792
vn 0.3127 0.8553 0.4131
vn 0.2829 0.7848 0.5515
vn -0.6056 0.2146 0.7663
vn -0.2960 0.7375 0.6070
vn -0.5259 0.1528 0.8367
vn -0.6148 0.2029 0.7621
vn 0.3071 0.9091 0.2815
vn 0.1151 0.9744 -0.1929
vn 0.3818 0.8333 0.3998
vn 0.4015 0.5876 0.7026
vn 0.2776 0.9204 0.2753
vn 0.2898 0.9436 0.1601
vn 0.1309 0.9717 -0.1967
vn -0.0815 0.8505 -0.5196
vn 0.0287 0.9951 0.0950
vn -0.0996 0.8377 -0.5370
vn -0.0105 0.7604 0.6494
vn 0.1518 0.7066 0.6911
vn -0.0856 0.9961 0.0191
vn -0.1001 0.8377 -0.5370
vn -0.1079 0.8369 -0.5367
vn -0.2291 0.9565 0.1806
vn 0.1708 0.9258 0.3374
vn -0.2273 0.9528 -0.2015
vn 0.0522 0.4438 0.8946
vn 0.2325 0.7808 0.5799
vn -0.0676 0.6874 0.7231
vn 0.5970 0.4163 0.6857
vn 0.9499 0.1178 0.2896
vn 0.8878 0.3845 0.2530
vn 0.1355 0.8012 0.5829
vn 0.1095 0.6889 0.7165
vn 0.1094 0.6745 0.7302
vn 0.1170 0.7677 0.6301
vn 0.0799 0.7921 0.6051
vn -0.0449 0.6662 0.7444
vn 0.3423 0.6871 0.6408
vn 0.0500 0.5042 0.8621
vn 0.3800 0.6512 0.6569
vn -0.2439 0.3494 0.9047
vn 0.0725 0.5356 0.8414
vn -0.2329 0.4308 0.8719
vn -0.2372 0.3497 0.9063
vn -0.3703 0.4397 0.8183
vn -0.4415 0.4099 0.7982
vn -0.4595 0.4154 0.7850
vn -0.4428 0.3258 0.8353
vn -0.3875 0.3114 0.8677
vn -0.2499 0.2722 0.9292
vn -0.1768 0.2388 0.9548
vn -0.5422 0.2073 0.8143
vn -0.4383 0.2582 0.8610
vn -0.4490 0.2542 0.8566
vn -0.3711 0.5976 0.7107
vn 0.0262 0.6037 0.7968
vn -0.1005 0.9037 0.4163
vn -0.2206 0.9449 0.2419
vn -0.0720 0.8512 0.5199
vn -0.0684 0.9654 0.2515
vn -0.1483 0.9723 0.1806
vn -0.1489 0.9773 0.1510
vn -0.0352 0.9960 0.0816
vn -0.0383 0.9553 0.2932
vn -0.0391 0.9970 0.0671
vn 0.1137 0.9934 0.0115
vn -0.1602 0.9805 -0.1137
vn -0.1369 0.9832 -0.1211
vn 0.5348 0.7881 0.3046
vn 0.2410 0.9677 0.0742
vn 0.2145 0.9702 0.1124
vn -0.1577 0.9661 -0.2044
vn -0.0814 0.9878 -0.1331
vn 0.2436 0.8605 0.4474
vn -0.1834 0.9825 0.0319
vn 0.3855 0.7567 0.5280
vn 0.5508 0.4755 0.6860
vn 0.6354 0.3940 0.6641
vn 0.0481 0.9514 0.3041
vn -0.2462 0.9664 0.0743
vn 0.1352 0.8787 0.4578
vn -0.2095 0.9752 0.0711
vn 0.0903 0.7574 0.6467
vn 0.4457 0.8591 0.2515
vn 0.7786 0.4894 0.3928
vn 0.2388 0.3984 0.8856
vn 0.7550 0.5068 0.4161
vn 0.3346 0.3590 0.8713
vn -0.3049 0.1182 0.9450
vn -0.2468 0.0955 0.9643
vn 0.0523 0.1307 0.9900
vn -0.4975 -0.1221 0.8588
vn -0.5635 -0.1394 0.8143
vn 0.6762 0.4215 0.6042
vn 0.1766 0.1921 0.9654
vn 0.7186 0.3758 0.5852
vn -0.3851 -0.0205 0.9227
vn -0.2915 0.1008 0.9513
vn -0.6783 -0.1504 0.7192
vn 0.7565 0.3842 0.5292
vn 0.7894 0.4147 0.4526
vn 0.7291 0.3518 0.5871
vn 0.7402 0.4014 0.5395
vn 0.7973 0.3913 0.4596
vn 0.7575 0.3508 0.5506
vn 0.6262 0.4706 0.6216
vn 0.5592 0.4999 0.6614
vn 0.9273 0.3423 0.1516
vn 0.5413 0.8202 0.1852
vn 0.8948 0.4452 0.0346
vn -0.0304 0.9973 0.0666
vn 0.8239 0.4636 0.3262
vn -0.1437 0.9868 0.0743
vn -0.0563 0.9977 -0.0382
vn 0.4216 0.8705 0.2538
vn 0.1184 0.9590 0.2576
vn 0.5121 0.8237 0.2435
vn 0.4555 0.8552 0.2473
vn 0.0687 0.9657 0.2503
vn 0.5754 0.7504 0.3252
vn 0.3613 0.9301 0.0666
vn -0.7184 -0.4084 -0.5632
vn -0.7626 -0.3220 -0.5610
vn -0.6836 -0.4361 -0.5853
vn -0.7289 -0.2802 -0.6247
vn -0.7523 -0.3285 -0.5711
vn -0.7032 -0.3117 -0.6390
vn -0.7073 -0.2811 -0.6486
vn -0.7047 -0.2745 -0.6543
vn -0.7547 -0.5866 -0.2939
vn -0.7900 -0.5273 -0.3128
vn -0.7383 -0.5996 -0.3087
vn -0.8102 -0.3695 -0.4551
vn -0.7981 -0.4902 -0.3504
vn -0.7939 -0.3303 -0.5106
vn -0.7899 -0.2292 -0.5688
vn 0.6026 0.4059 0.6871
vn 0.5856 0.4188 0.6941
vn 0.6573 0.3771 0.6525
vn 0.6994 0.2915 0.6526
vn 0.6245 0.3894 0.6770
vn 0.7566 0.2085 0.6197
vn 0.7269 0.1758 0.6639
vn 0.3412 0.1106 0.9334
vn 0.3965 0.0808 0.9145
vn 0.1498 0.2045 0.9673
vn 0.5695 -0.0078 0.8220
vn 0.7367 0.1708 0.6543
vn 0.7726 0.4808 0.4145
vn 0.6893 0.4263 0.5858
vn -0.2654 -0.9638 -0.0258
vn -0.3933 -0.6950 -0.6019
vn -0.5330 -0.6418 -0.5514
vn -0.2794 -0.9344 -0.2211
vn -0.7012 -0.6905 -0.1776
vn -0.2881 -0.8077 -0.5145
vn -0.9070 -0.4014 0.1276
vn -0.7946 -0.4983 0.3470
vn -0.9051 -0.3428 0.2516
vn -0.4292 0.3411 0.8363
vn 0.4221 0.3950 0.8160
vn -0.2423 0.3009 0.9223
vn 0.2510 0.4146 0.8747
vn 0.8393 0.2750 0.4689
vn 0.8026 0.3111 0.5090
vn -0.4434 0.3385 0.8300
vn 0.2530 0.4261 0.8686
vn -0.4442 0.3461 0.8264
vn -0.4024 0.3770 0.8342
vn 0.3068 0.5329 0.7886
vn -0.4072 0.3923 0.8248
vn 0.0549 0.4381 0.8972
vn 0.5863 0.2492 0.7708
vn 0.5205 0.4251 0.7405
vn -0.3772 0.3206 0.8689
vn 0.1549 0.2366 0.9592
vn 0.1648 0.2748 0.9473
vn 0.4418 0.2297 0.8672
vn 0.2842 0.5793 0.7640
vn 0.2878 0.1384 0.9477
vn 0.1374 0.8119 0.5674
vn 0.3507 0.6257 0.6968
vn 0.2411 0.7297 0.6398
vn 0.1498 0.7863 0.5994
vn 0.0765 0.3541 0.9321
vn 0.0672 0.3267 0.9427
vn 0.0718 0.3168 0.9458
vn 0.0888 0.2799 0.9559
vn 0.1055 0.2721 0.9565
vn 0.1257 0.2760 0.9529
vn 0.1399 0.2675 0.9533
vn 0.0738 0.3351 0.9393
vn 0.0715 0.3625 0.9292
vn 0.0756 0.3632 0.9286
vn 0.0883 0.3336 0.9386
vn 0.0939 0.3253 0.9409
vn 0.0882 0.2849 0.9545
vn 0.1275 0.3789 0.9166
vn -0.0984 0.3870 0.9168
vn 0.1586 0.3501 0.9232
vn 0.0051 0.5028 0.8644
vn -0.3589 0.4857 0.7970
vn 0.1284 0.5477 0.8268
vn 0.0759 0.3512 0.9332
vn 0.0667 0.3503 0.9342
vn 0.0863 0.3217 0.9429
vn -0.0943 0.2315 0.9683
vn -0.3079 0.0682 0.9490
vn 0.2363 0.9148 0.3275
vn 0.3190 0.6761 0.6642
vn 0.2907 0.5499 0.7830
vn 0.0838 0.9633 0.2551
vn 0.2251 0.9365 0.2690
vn 0.1052 0.9570 0.2702
vn 0.1591 0.9361 0.3135
vn 0.2244 0.7553 0.6157
vn 0.2209 0.8601 0.4598
vn 0.2525 0.8890 0.3820
vn 0.3486 0.5114 0.7854
vn 0.1479 0.7884 0.5971
vn 0.3919 0.4273 0.8147
vn 0.3857 0.4275 0.8176
vn 0.3337 0.8188 0.4670
vn 0.0692 0.5608 0.8251
vn 0.5166 0.3256 0.7919
vn 0.7564 0.2347 0.6106
vn 0.6634 -0.1363 0.7358
vn -0.0972 0.2264 0.9692
vn -0.5966 0.2059 0.7757
vn -0.4975 0.1925 0.8458
vn 0.4301 0.5404 0.7232
vn 0.3410 0.8518 0.3976
vn 0.3760 0.5835 0.7199
vn 0.3978 0.0386 0.9167
vn 0.3960 0.6003 0.6948
vn 0.3918 0.6241 0.6760
vn 0.3119 0.9093 0.2754
vn 0.1064 0.9768 0.1860
vn 0.1857 0.6651 0.7233
vn 0.0553 0.9682 0.2440
vn 0.0808 0.2403 0.9673
vn 0.2333 0.1011 0.9671
vn -0.0423 0.9764 0.2118
vn -0.0514 0.8682 0.4935
vn -0.1481 0.9410 0.3042
vn -0.1881 0.8930 0.4090
vn 0.0528 0.7201 0.6919
vn 0.1005 0.7728 0.6266
vn -0.0815 0.5399 0.8378
vn 0.0769 0.3948 0.9156
vn 0.1123 0.2437 0.9633
vn 0.1792 0.3569 0.9168
vn 0.0761 0.9721 0.2217
vn 0.1236 0.6827 0.7201
vn 0.1006 0.9232 0.3709
vn 0.0776 0.3475 0.9345
vn 0.1397 0.3296 0.9337
vn 0.0847 0.9713 0.2224
vn -0.0000 0.9714 0.2374
vn -0.2036 0.6881 0.6964
vn 0.2856 0.8081 0.5152
vn 0.1911 0.9249 0.3286
vn 0.3212 0.4202 0.8487
vn -0.2521 0.3231 0.9122
vn 0.2622 0.3962 0.8799
vn -0.2318 0.4169 0.8789
vn -0.6169 0.2013 0.7609
vn -0.4308 0.3659 0.8249
vn -0.6447 0.5115 0.5681
vn -0.3849 0.4204 0.8217
vn -0.7178 0.3455 0.6045
vn -0.0493 0.4048 0.9131
vn -0.1229 0.3904 0.9124
vn -0.6893 0.2342 0.6856
vn -0.2319 0.3125 0.9212
vn -0.2182 0.2408 0.9457
vn -0.5540 0.2118 0.8051
vn -0.4477 0.2644 0.8542
vn -0.4595 0.2600 0.8493
vn -0.3715 0.6046 0.7046
vn 0.0305 0.6108 0.7912
vn -0.0670 0.9037 0.4228
vn -0.1095 0.9459 0.3056
vn -0.0715 0.8584 0.5079
vn -0.0692 0.9672 0.2444
vn -0.1485 0.9731 0.1763
vn -0.1490 0.9778 0.1471
vn -0.0349 0.9962 0.0800
vn -0.0379 0.9575 0.2860
vn -0.0314 0.9964 0.0786
vn 0.7511 0.5755 0.3234
vn 0.4250 0.8817 0.2049
vn 0.5991 0.7756 0.1988
vn 0.8450 0.1461 0.5144
vn 0.6922 0.5879 0.4185
vn 0.7108 0.5713 0.4102
vn 0.6667 0.6255 0.4054
vn 0.4146 0.8854 0.2102
vn 0.5713 0.5678 0.5926
vn 0.1217 0.9348 0.3336
vn 0.2390 0.9199 0.3108
vn 0.6466 0.3267 0.6893
vn 0.4676 0.6630 0.5846
vn 0.7178 0.2069 0.6648
vn 0.3588 0.7339 0.5767
vn 0.0342 0.9549 0.2949
vn 0.1095 0.9281 0.3558
vn 0.4617 0.8303 0.3121
vn 0.6335 0.5985 0.4904
vn 0.7712 0.5296 0.3531
vn 0.9509 0.2979 0.0837
vn 0.7342 0.5058 0.4529
vn 0.9547 0.2651 -0.1354
vn 0.4181 0.4370 0.7963
vn 0.3623 0.4679 0.8061
vn 0.4416 0.3681 0.8182
vn 0.8972 0.4033 0.1798
vn 0.6653 0.3656 0.6509
vn 0.8623 0.4649 0.2009
vn 0.8757 0.3285 -0.3540
vn 0.8660 0.3589 -0.3481
vn 0.5165 0.4472 0.7302
vn 0.7986 0.5073 0.3239
vn 0.3968 0.4589 0.7950
vn 0.8675 0.2680 0.4190
vn 0.5840 0.3851 0.7146
vn 0.6209 0.3665 0.6929
vn 0.9234 0.1459 -0.3551
vn 0.8848 0.4342 0.1691
vn 0.9254 0.3178 0.2066
vn 0.8173 0.5271 0.2328
vn 0.6057 0.4738 0.6393
vn 0.9443 0.3234 0.0607
vn 0.5195 0.8501 0.0868
vn 0.9093 0.4150 -0.0306
vn -0.0613 0.9957 0.0701
vn 0.8151 0.5378 0.2155
vn -0.1573 0.9858 0.0594
vn -0.0892 0.9953 -0.0370
vn 0.2153 0.9600 0.1791
vn 0.1071 0.9750 0.1945
vn 0.3232 0.9370 0.1328
vn 0.0796 0.9901 0.1152
vn 0.0378 0.9803 0.1938
vn 0.0201 0.9991 0.0382
vn -0.0923 0.9956 0.0177
vn -0.7262 -0.4117 -0.5506
vn -0.7704 -0.3247 -0.5487
vn -0.6913 -0.4402 -0.5730
vn -0.7303 -0.3285 -0.5990
vn -0.7599 -0.3322 -0.5587
vn -0.7206 -0.3418 -0.6033
vn -0.7388 -0.3387 -0.5827
vn -0.7567 -0.5877 -0.2864
vn -0.7922 -0.5281 -0.3058
vn -0.7402 -0.6011 -0.3012
vn -0.8150 -0.3704 -0.4456
vn -0.8003 -0.4925 -0.3419
vn -0.7991 -0.3336 -0.5002
vn -0.7969 -0.2309 -0.5582
vn 0.6107 0.4108 0.6770
vn 0.5926 0.4245 0.6846
vn 0.6648 0.3814 0.6423
vn 0.7080 0.2941 0.6420
vn 0.6308 0.3951 0.6678
vn 0.7642 0.2106 0.6096
vn 0.7356 0.1777 0.6537
vn 0.3486 0.1135 0.9304
vn 0.4053 0.0827 0.9105
vn 0.1537 0.2097 0.9656
vn 0.5798 -0.0080 0.8147
vn 0.7451 0.1704 0.6448
vn 0.7748 0.4844 0.4063
vn 0.6948 0.4326 0.5746
vn -0.4077 -0.9027 -0.1374
vn -0.4624 -0.6953 -0.5502
vn -0.4026 -0.8141 -0.4186
vn -0.3248 -0.7753 -0.5417
vn -0.7305 -0.6823 0.0285
vn -0.6374 -0.7357 -0.2290
vn -0.8993 -0.3461 0.2673
vn -0.7490 -0.6240 0.2227
vn 0.8949 0.3349 -0.2949
vn 0.7420 0.4692 0.4789
vn 0.9451 0.0527 0.3226
vn 0.8674 0.4889 -0.0930
vn 0.7448 0.5076 0.4331
vn 0.8708 -0.0998 0.4814
vn 0.8201 0.2002 0.5360
vn 0.7281 0.0596 0.6829
vn 0.5234 0.4638 0.7148
vn 0.2208 0.8419 0.4923
vn 0.9783 0.0447 -0.2023
vn 0.9043 0.3523 -0.2411
vn 0.3571 0.1134 0.9272
vn 0.3360 0.9001 0.2773
vn 0.3701 0.1414 0.9181
vn 0.0491 0.3183 0.9467
vn 0.6012 0.2220 0.7676
vn 0.8272 0.3030 0.4732
vn 0.0279 0.4218 0.9063
vn 0.7384 0.0316 0.6736
vn 0.2856 0.3659 0.8858
vn 0.2255 0.7554 0.6152
vn 0.0298 0.7339 0.6786
vn 0.0398 0.6181 0.7851
vn 0.1480 0.7967 0.5860
vn 0.0978 0.7528 0.6509
vn -0.0398 0.6637 0.7470
vn 0.2334 0.3639 0.9017
vn -0.1248 0.4905 0.8624
vn -0.4109 0.3382 0.8466
vn -0.1027 0.4183 0.9025
vn -0.3966 0.7019 0.5916
vn 0.1522 0.2471 0.9569
vn 0.5927 0.4296 0.6813
vn 0.6177 0.7184 0.3198
vn 0.5221 0.7946 0.3099
vn 0.2287 0.9653 0.1258
vn 0.6731 0.2474 0.6969
vn -0.2464 0.9679 0.0491
vn 0.4418 0.5787 0.6855
vn -0.6761 -0.7112 0.1928
vn -0.4457 -0.5255 -0.7247
vn -0.4291 -0.8511 -0.3025
vn -0.9043 -0.4198 0.0777
vn 0.3449 0.9336 0.0970
vn -0.3670 0.9275 -0.0711
vn 0.4626 0.3966 0.7929
vn 0.0985 0.9690 -0.2266
vn 0.3508 0.6728 0.6514
vn 0.1266 0.9850 0.1171
vn -0.1352 0.7666 0.6277
vn -0.1449 0.9879 0.0555
vn 0.0837 0.2597 0.9621
vn -0.1987 0.8228 0.5325
vn -0.0686 0.2748 0.9591
vn -0.1596 0.2506 0.9548
vn -0.0082 1.0000 0.0009
vn 0.9637 0.2670 -0.0003
vn -0.3546 -0.0203 0.9348
vn -0.0555 -0.9985 0.0003
vn -0.9999 -0.0095 0.0058
vn 0.9998 -0.0202 0.0030
vn 0.0144 -0.9999 -0.0051
vn -0.0044 1.0000 0.0039
vn 0.9998 0.0153 0.0096
vn 0.8720 0.4895 -0.0000
vn 0.9741 0.2261 -0.0099
vn -0.1317 -0.9913 -0.0008
vn -0.0000 1.0000 0.0041
vn 0.3722 0.9282 -0.0000
vn 0.9999 -0.0095 0.0058
vn -0.9999 0.0126 0.0008
vn -0.0110 0.9999 0.0080
vn 0.0067 -1.0000 -0.0004
vn 0.7585 -0.6517 -0.0075
vn -0.4367 -0.8995 -0.0139
vn 0.0681 -0.2550 0.9645
vn -0.3185 -0.2128 -0.9237
vn -0.0208 0.0475 0.9987
vn 0.7065 0.7036 -0.0764
vn -0.3451 -0.9380 0.0329
vn 0.4297 0.8913 -0.1445
vn -0.0000 -0.9997 -0.0225
vn 0.0060 0.8945 -0.4471
vn -0.0681 -0.2550 0.9645
vn -0.0323 -0.0639 -0.9974
vn 0.0211 0.0054 0.9998
vn -0.8809 0.4147 -0.2280
vn -0.9917 -0.1270 0.0196
vn -0.0018 -1.0000 -0.0064
vn 0.3249 0.9399 -0.1053
vn -0.0045 0.1291 -0.9916
vn 1.0000 0.0011 0.0007
vn -0.0060 0.8945 -0.4471
vn 0.0091 0.8901 -0.4557
vn 0.0272 0.1799 0.9833
vn 0.0160 0.0490 -0.9987
vn -0.0741 0.4447 0.8926
vn -0.0555 0.8326 0.5511
vn -0.1726 0.4882 0.8555
vn 0.5941 -0.1122 0.7965
vn 0.1449 0.9879 0.0555
vn -0.0000 0.9594 0.2821
vn -0.3800 0.6512 0.6569
vn 0.2114 0.4260 0.8797
vn 0.1768 0.2388 0.9548
vn 0.4490 0.2542 0.8566
vn 0.2468 0.0955 0.9643
vn 0.6783 -0.1504 0.7192
vn -0.5592 0.4999 0.6614
vn -0.8948 0.4452 0.0346
vn 0.7047 -0.2745 -0.6543
vn 0.7665 -0.2516 -0.5909
vn -0.7389 0.1632 0.6538
vn -0.1498 0.2045 0.9673
vn -0.8773 0.3517 0.3265
vn 0.9051 -0.3428 0.2516
vn -0.2878 0.1384 0.9477
vn -0.2317 0.7000 0.6755
vn -0.1399 0.2675 0.9533
vn -0.1760 0.4978 0.8492
vn 0.6042 -0.1141 0.7886
vn 0.4975 0.1925 0.8458
vn 0.1481 0.9410 0.3042
vn 0.4308 0.3659 0.8249
vn 0.2182 0.2408 0.9457
vn 0.4595 0.2600 0.8493
vn -0.2208 0.8419 0.4923
vn -0.9547 0.2651 -0.1354
vn -0.3968 0.4589 0.7950
vn -0.9093 0.4150 -0.0306
vn 0.1624 0.9854 0.0503
vn 0.1597 0.9867 0.0288
vn 0.7809 -0.2983 -0.5488
vn 0.7736 -0.2540 -0.5805
vn -0.7473 0.1650 0.6436
vn -0.1537 0.2097 0.9656
vn -0.8798 0.3527 0.3187
vn -0.8876 0.3786 -0.2625
vn -0.7900 0.2496 0.5600
vn -0.7281 0.0596 0.6829
vn -0.8445 0.4112 -0.3431
vn -0.3478 0.1695 0.9221
vn -0.4847 -0.1392 0.8635
vn -0.8232 0.3242 0.4660
vn -0.8440 0.4092 0.3467
vn -0.4292 0.4343 0.7920
vn -0.8649 0.4070 0.2939
vn -0.4403 0.8302 0.3419
vn -0.6731 0.2474 0.6969
vn 0.2349 -0.5613 -0.7936
vn 0.0555 0.8326 0.5511
vn 0.1276 0.3371 0.9328
vn 0.0774 0.3234 0.9431
vn 0.0896 0.4223 0.9020
vn 0.1726 0.4882 0.8555
vn -0.5941 -0.1122 0.7965
vn -0.4882 0.1887 0.8521
vn 0.3679 0.6173 0.6955
vn 0.1747 0.9387 -0.2972
vn 0.6659 0.2073 0.7167
vn 0.1644 0.8363 0.5231
vn -0.2114 0.4260 0.8797
vn -0.3267 0.3908 0.8605
vn -0.6381 0.3412 0.6902
vn -0.3409 0.9277 0.1522
vn -0.2356 0.9695 -0.0676
vn -0.1558 0.9850 0.0743
vn -0.7665 -0.2516 -0.5909
vn 0.7389 0.1632 0.6538
vn 0.8773 0.3517 0.3265
vn -0.2534 0.3245 0.9113
vn 0.2317 0.7000 0.6755
vn 0.0818 0.3498 0.9333
vn 0.0793 0.3312 0.9402
vn 0.0915 0.4316 0.8974
vn 0.1760 0.4978 0.8492
vn 0.0792 0.3312 0.9402
vn -0.6042 -0.1141 0.7886
vn 0.2115 0.9126 0.3499
vn -0.2249 0.7782 0.5863
vn 0.3381 0.9228 0.1848
vn 0.2466 0.2172 0.9445
vn -0.6479 0.3425 0.6804
vn -0.1974 0.9484 0.2482
vn 0.3572 0.9289 0.0978
vn 0.3951 0.6877 0.6091
vn 0.5333 0.4982 0.6837
vn -0.1624 0.9854 0.0503
vn -0.1597 0.9867 0.0288
vn -0.7809 -0.2983 -0.5488
vn -0.7736 -0.2540 -0.5805
vn 0.7473 0.1650 0.6436
vn 0.8798 0.3527 0.3187
vn 0.8876 0.3786 -0.2625
vn 0.7900 0.2496 0.5600
vn 0.8445 0.4112 -0.3431
vn 0.3478 0.1695 0.9221
vn 0.4847 -0.1392 0.8635
vn 0.8232 0.3242 0.4660
vn 0.8440 0.4092 0.3467
vn 0.1905 0.5714 0.7982
vn 0.4292 0.4343 0.7920
vn -0.0580 0.4975 0.8656
vn 0.8649 0.4070 0.2939
vn 0.8197 0.4664 0.3326
vn 0.6492 0.3750 0.6618
vn 0.4403 0.8302 0.3419
vn -0.2349 -0.5613 -0.7936
vn -0.8869 -0.4611 -0.0284
vn -0.8714 -0.4760 -0.1185
vn -0.4419 0.8930 -0.0850
vn 0.2626 0.7954 0.5462
vn -0.1962 0.7962 0.5723
vn -0.1956 0.7150 0.6712
vt 0.962442 0.651165
vt 0.955250 0.666671
vt 0.955364 0.648905
vt 0.780782 0.523452
vt 0.788575 0.536829
vt 0.781802 0.535422
vt 0.787794 0.732069
vt 0.793066 0.744757
vt 0.788847 0.745493
vt 0.962670 0.739042
vt 0.974572 0.754840
vt 0.961019 0.754351
vt 0.992735 0.652675
vt 0.988903 0.666077
vt 0.987902 0.652165
vt 0.958809 0.760329
vt 0.955157 0.754356
vt 0.823879 0.644308
vt 0.829220 0.650493
vt 0.820377 0.653447
vt 0.785976 0.437210
vt 0.790251 0.440221
vt 0.781482 0.445767
vt 0.917836 0.544436
vt 0.911658 0.538944
vt 0.919120 0.537870
vt 0.791032 0.643330
vt 0.795053 0.651454
vt 0.790950 0.651171
vt 0.818737 0.745983
vt 0.806879 0.755786
vt 0.806002 0.744850
vt 0.974564 0.643305
vt 0.975434 0.651462
vt 0.991217 0.759274
vt 0.986591 0.755325
vt 0.991651 0.753131
vt 0.874121 0.755826
vt 0.896537 0.737920
vt 0.897186 0.755067
vt 0.895770 0.797067
vt 0.871051 0.789580
vt 0.896245 0.790944
vt 0.897662 0.765717
vt 0.918167 0.777970
vt 0.896105 0.778193
vt 0.872460 0.637331
vt 0.898873 0.625077
vt 0.898878 0.637076
vt 0.900830 0.603299
vt 0.920551 0.612655
vt 0.899511 0.611840
vt 0.918994 0.637871
vt 0.898940 0.644752
vt 0.857364 0.430501
vt 0.879043 0.431771
vt 0.868138 0.438269
vt 0.859382 0.546060
vt 0.822672 0.540565
vt 0.867242 0.540842
vt 0.963736 0.717632
vt 0.955671 0.738471
vt 0.954733 0.718105
vt 0.780103 0.458697
vt 0.785076 0.479984
vt 0.779480 0.474417
vt 0.788618 0.663564
vt 0.791856 0.681514
vt 0.787199 0.681535
vt 0.964302 0.684575
vt 0.976449 0.665505
vt 0.977077 0.684637
vt 0.993311 0.739798
vt 0.989183 0.717603
vt 0.994628 0.717709
vt 0.818566 0.666497
vt 0.826089 0.683803
vt 0.816935 0.683716
vt 0.918890 0.506497
vt 0.918918 0.524331
vt 0.911684 0.509057
vt 0.964325 0.701891
vt 0.956425 0.684488
vt 0.778919 0.490084
vt 0.785745 0.514350
vt 0.779638 0.506346
vt 0.790954 0.699221
vt 0.786613 0.715551
vt 0.786705 0.698822
vt 0.989919 0.702093
vt 0.995038 0.685149
vt 0.995126 0.702129
vt 0.816213 0.700030
vt 0.825173 0.714998
vt 0.816246 0.715688
vt 0.918791 0.475604
vt 0.919134 0.490395
vt 0.912785 0.483088
vt 0.951827 0.793498
vt 0.958695 0.788144
vt 0.958859 0.793069
vt 0.831877 0.611082
vt 0.824721 0.615878
vt 0.824058 0.610997
vt 0.793441 0.755032
vt 0.788632 0.755361
vt 0.992174 0.645823
vt 0.987689 0.644138
vt 0.803551 0.715643
vt 0.791878 0.731949
vt 0.791156 0.715483
vt 0.960585 0.628281
vt 0.953172 0.615086
vt 0.961835 0.615221
vt 0.808757 0.642524
vt 0.795726 0.642043
vt 0.986461 0.760890
vt 0.973919 0.760318
vt 0.820174 0.770068
vt 0.828562 0.784375
vt 0.819309 0.783561
vt 0.808073 0.652766
vt 0.793434 0.664123
vt 0.804677 0.683049
vt 0.989753 0.685068
vt 0.977059 0.701479
vt 0.850874 0.645834
vt 0.834318 0.641051
vt 0.848960 0.638978
vt 0.810255 0.431081
vt 0.792662 0.433761
vt 0.826134 0.733925
vt 0.828413 0.749472
vt 0.820717 0.788295
vt 0.828378 0.789448
vt 0.824400 0.628993
vt 0.821689 0.755150
vt 0.831724 0.759116
vt 0.786849 0.541014
vt 0.793106 0.545005
vt 0.850753 0.664681
vt 0.828106 0.665881
vt 0.849606 0.699824
vt 0.850101 0.682842
vt 0.849038 0.613924
vt 0.832482 0.615634
vt 0.847469 0.774606
vt 0.829765 0.771647
vt 0.938192 0.683574
vt 0.950708 0.762536
vt 0.940497 0.755854
vt 0.895174 0.540283
vt 0.909257 0.545451
vt 0.895400 0.545849
vt 0.912594 0.439249
vt 0.919497 0.441229
vt 0.919128 0.454138
vt 0.950973 0.775847
vt 0.961427 0.610442
vt 0.952897 0.608128
vt 0.959730 0.642674
vt 0.952188 0.640870
vt 0.917439 0.435699
vt 0.911118 0.433005
vt 0.939751 0.739238
vt 0.937947 0.701262
vt 0.956272 0.701989
vt 0.935798 0.789655
vt 0.951752 0.788305
vt 0.935875 0.639140
vt 0.951888 0.627815
vt 0.851667 0.735607
vt 0.850256 0.754304
vt 0.846690 0.787188
vt 0.846544 0.792698
vt 0.833339 0.627618
vt 0.848814 0.626193
vt 0.849303 0.762421
vt 0.809361 0.546476
vt 0.833724 0.430627
vt 0.827030 0.439197
vt 0.874025 0.663997
vt 0.873772 0.644570
vt 0.873741 0.700227
vt 0.848627 0.607145
vt 0.872707 0.612078
vt 0.872554 0.776915
vt 0.975721 0.738434
vt 0.976338 0.717341
vt 0.935742 0.776890
vt 0.918513 0.790603
vt 0.871781 0.625390
vt 0.804639 0.731974
vt 0.803540 0.699340
vt 0.958663 0.775560
vt 0.937471 0.613817
vt 0.919116 0.625109
vt 0.874006 0.737115
vt 0.896398 0.718564
vt 0.987872 0.739788
vt 0.817424 0.733039
vt 0.828189 0.480135
vt 0.849578 0.716473
vt 0.824902 0.699644
vt 0.827134 0.511037
vt 0.963594 0.665473
vt 0.994079 0.666620
vt 0.806255 0.665612
vt 0.938091 0.665083
vt 0.873644 0.682469
vt 0.873026 0.764507
vt 0.832816 0.547446
vt 0.897412 0.664096
vt 0.896466 0.682516
vt 0.873150 0.605946
vt 0.873821 0.717863
vt 0.867323 0.479012
vt 0.865681 0.511813
vt 0.896457 0.700443
vt 0.918900 0.765471
vt 0.921158 0.604139
vt 0.920243 0.644604
vt 0.937107 0.646159
vt 0.895828 0.432371
vt 0.917862 0.682793
vt 0.918468 0.664180
vt 0.918825 0.756438
vt 0.878545 0.546093
vt 0.918349 0.738702
vt 0.918063 0.700848
vt 0.918673 0.797693
vt 0.917940 0.719121
vt 0.936177 0.764084
vt 0.937934 0.718372
vt 0.936298 0.796337
vt 0.936367 0.626893
vt 0.870919 0.795888
vt 0.938747 0.605947
vt 0.822366 0.846011
vt 0.828983 0.861772
vt 0.820690 0.860267
vt 0.788573 0.536829
vt 0.780781 0.523451
vt 0.781801 0.535422
vt 0.988179 0.945775
vt 0.993913 0.933290
vt 0.992369 0.946666
vt 0.806410 0.949165
vt 0.818894 0.933822
vt 0.819976 0.949182
vt 0.792040 0.846407
vt 0.795378 0.859940
vt 0.790185 0.860292
vt 0.825837 0.949402
vt 0.821964 0.955237
vt 0.955527 0.850236
vt 0.961093 0.844250
vt 0.964257 0.853514
vt 0.790255 0.440219
vt 0.785980 0.437208
vt 0.781485 0.445764
vt 0.911658 0.538945
vt 0.919120 0.537870
vt 0.989638 0.852461
vt 0.993961 0.844494
vt 0.993748 0.852332
vt 0.962480 0.946059
vt 0.973970 0.956290
vt 0.959193 0.955112
vt 0.810541 0.837711
vt 0.825387 0.837623
vt 0.794380 0.949201
vt 0.789611 0.952975
vt 0.789405 0.946820
vt 0.885029 0.935131
vt 0.906772 0.953850
vt 0.883749 0.952239
vt 0.883613 0.994258
vt 0.908591 0.987701
vt 0.908490 0.994009
vt 0.882882 0.962862
vt 0.861936 0.974355
vt 0.861665 0.961838
vt 0.886854 0.822294
vt 0.912799 0.835499
vt 0.886406 0.834281
vt 0.885702 0.800460
vt 0.865653 0.809076
vt 0.865362 0.800544
vt 0.907546 0.962567
vt 0.886061 0.841946
vt 0.866272 0.834333
vt 0.857366 0.430501
vt 0.868140 0.438270
vt 0.879046 0.431772
vt 0.859382 0.546060
vt 0.822671 0.540565
vt 0.832816 0.547446
vt 0.818627 0.912387
vt 0.825911 0.933509
vt 0.785077 0.479982
vt 0.780106 0.458694
vt 0.779481 0.474415
vt 0.991721 0.882621
vt 0.995622 0.864802
vt 0.996374 0.882814
vt 0.819281 0.879331
vt 0.807843 0.859826
vt 0.793198 0.911412
vt 0.788243 0.933436
vt 0.787752 0.911315
vt 0.957426 0.883641
vt 0.965586 0.866622
vt 0.966577 0.883890
vt 0.918891 0.506497
vt 0.911684 0.509057
vt 0.918918 0.524331
vt 0.827154 0.879535
vt 0.818620 0.896635
vt 0.785745 0.514349
vt 0.778920 0.490082
vt 0.779638 0.506345
vt 0.991961 0.900349
vt 0.995700 0.916826
vt 0.991163 0.916591
vt 0.793040 0.895889
vt 0.788546 0.878771
vt 0.793830 0.878885
vt 0.957190 0.914853
vt 0.966692 0.900222
vt 0.966084 0.915871
vt 0.918792 0.475604
vt 0.912786 0.483087
vt 0.919136 0.490394
vt 0.827729 0.988640
vt 0.821062 0.983038
vt 0.827994 0.983453
vt 0.954317 0.810752
vt 0.961292 0.815806
vt 0.953545 0.815279
vt 0.987428 0.956030
vt 0.796888 0.846075
vt 0.792852 0.839581
vt 0.797396 0.838062
vt 0.989836 0.933019
vt 0.978770 0.916294
vt 0.832968 0.810293
vt 0.825070 0.823204
vt 0.824306 0.810108
vt 0.976275 0.843026
vt 0.989318 0.843033
vt 0.794303 0.954766
vt 0.951246 0.984066
vt 0.960157 0.970078
vt 0.960523 0.983594
vt 0.990789 0.865183
vt 0.976578 0.853287
vt 0.978852 0.883679
vt 0.805912 0.895752
vt 0.934057 0.844786
vt 0.950780 0.840612
vt 0.810259 0.431080
vt 0.792666 0.433760
vt 0.955533 0.933735
vt 0.952683 0.949189
vt 0.958941 0.988273
vt 0.951242 0.989142
vt 0.961133 0.828926
vt 0.952250 0.827224
vt 0.949018 0.958707
vt 0.786848 0.541014
vt 0.793105 0.545005
vt 0.933484 0.863625
vt 0.933334 0.898789
vt 0.958026 0.899517
vt 0.937063 0.812964
vt 0.937722 0.806205
vt 0.932711 0.973610
vt 0.931330 0.961366
vt 0.845407 0.879293
vt 0.829981 0.957740
vt 0.840435 0.951437
vt 0.844448 0.959819
vt 0.895174 0.540283
vt 0.909257 0.545451
vt 0.912597 0.439248
vt 0.919130 0.454137
vt 0.919499 0.441228
vt 0.829229 0.971032
vt 0.824891 0.805347
vt 0.833500 0.803351
vt 0.829522 0.844013
vt 0.832991 0.836099
vt 0.917441 0.435698
vt 0.911120 0.433004
vt 0.841794 0.934861
vt 0.827604 0.913191
vt 0.845001 0.896978
vt 0.844381 0.914076
vt 0.843887 0.985386
vt 0.843143 0.992045
vt 0.833777 0.823062
vt 0.849356 0.834974
vt 0.929956 0.934475
vt 0.930677 0.953216
vt 0.933025 0.986211
vt 0.932968 0.991723
vt 0.936223 0.838005
vt 0.809360 0.546476
vt 0.827033 0.439198
vt 0.833727 0.430627
vt 0.910253 0.862088
vt 0.933466 0.881798
vt 0.909201 0.898303
vt 0.909953 0.880561
vt 0.913479 0.810256
vt 0.913262 0.804112
vt 0.907558 0.974988
vt 0.805873 0.932728
vt 0.806044 0.911628
vt 0.975249 0.945393
vt 0.809373 0.845830
vt 0.861126 0.986966
vt 0.844412 0.972632
vt 0.913916 0.823592
vt 0.936838 0.825234
vt 0.977083 0.932576
vt 0.806859 0.954663
vt 0.950514 0.971303
vt 0.977921 0.866194
vt 0.979380 0.900002
vt 0.821554 0.970464
vt 0.848705 0.809610
vt 0.849320 0.822717
vt 0.866625 0.821576
vt 0.886705 0.809044
vt 0.883365 0.988122
vt 0.883975 0.975385
vt 0.885883 0.915794
vt 0.907577 0.935157
vt 0.793678 0.933628
vt 0.964268 0.933170
vt 0.828190 0.480135
vt 0.932748 0.915429
vt 0.826662 0.897029
vt 0.996222 0.900107
vt 0.827134 0.511037
vt 0.956073 0.865655
vt 0.846188 0.860818
vt 0.806513 0.878921
vt 0.911221 0.842684
vt 0.886877 0.861329
vt 0.887144 0.879769
vt 0.886492 0.897684
vt 0.908471 0.915925
vt 0.867325 0.479012
vt 0.865681 0.511813
vt 0.867242 0.540842
vt 0.864778 0.841013
vt 0.895830 0.432371
vt 0.865752 0.879260
vt 0.865831 0.860640
vt 0.862073 0.952816
vt 0.878544 0.546093
vt 0.863202 0.935111
vt 0.864886 0.897296
vt 0.864334 0.915560
vt 0.860705 0.994045
vt 0.895400 0.545849
vt 0.847868 0.841943
vt 0.847721 0.801697
vt 0.128405 0.262835
vt 0.124326 0.203071
vt 0.129050 0.203185
vt 0.342303 0.994808
vt 0.376517 0.945294
vt 0.376517 0.996393
vt 0.960361 0.288998
vt 0.945248 0.005113
vt 0.943823 0.288916
vt 0.143298 0.262642
vt 0.139183 0.203544
vt 0.143935 0.203171
vt 0.875835 0.288576
vt 0.861562 0.004695
vt 0.859680 0.288495
vt 0.550621 0.697999
vt 0.517332 0.704326
vt 0.511825 0.682596
vt 0.575174 0.716516
vt 0.574679 0.706402
vt 0.582382 0.710928
vt 0.694881 0.312943
vt 0.683763 0.221086
vt 0.683763 0.312943
vt 0.119663 0.316299
vt 0.092751 0.352021
vt 0.093112 0.316027
vt 0.131790 0.316743
vt 0.144724 0.352479
vt 0.131575 0.352395
vt 0.152100 0.352541
vt 0.166236 0.317107
vt 0.165889 0.352687
vt 0.047704 0.364587
vt 0.098033 0.407069
vt 0.070294 0.421411
vt 0.340934 0.945648
vt 0.376517 0.898571
vt 0.045049 0.442840
vt 0.047874 0.402023
vt 0.054216 0.443564
vt 0.157736 0.203410
vt 0.158537 0.262828
vt 0.157375 0.262819
vt 0.148617 0.262698
vt 0.147420 0.262684
vt 0.148087 0.203213
vt 0.061661 0.315855
vt 0.081574 0.351924
vt 0.055869 0.351391
vt 0.568699 0.710480
vt 0.548296 0.704781
vt 0.119617 0.352325
vt 0.038351 0.484017
vt 0.028361 0.475507
vt 0.045821 0.761189
vt 0.126072 0.784357
vt 0.050965 0.795864
vt 0.038905 0.520787
vt 0.032030 0.512425
vt 0.046345 0.507502
vt 0.106405 0.519562
vt 0.083673 0.487900
vt 0.112947 0.482462
vt 0.081942 0.310065
vt 0.085489 0.311041
vt 0.054561 0.519256
vt 0.062168 0.496210
vt 0.599586 0.312888
vt 0.596927 0.221201
vt 0.597148 0.312942
vt 0.966755 0.616501
vt 0.972246 0.624267
vt 0.965471 0.623253
vt 0.076053 0.974450
vt 0.068113 0.945757
vt 0.119244 0.944829
vt 0.594016 0.312943
vt 0.593794 0.220719
vt 0.178859 0.352803
vt 0.179181 0.316842
vt 0.127606 0.890323
vt 0.023076 0.583885
vt 0.020561 0.573334
vt 0.029808 0.582255
vt 0.041344 0.725518
vt 0.052460 0.718917
vt 0.105535 0.728910
vt 0.114348 0.983998
vt 0.104860 0.983047
vt 0.110266 0.605073
vt 0.081689 0.596446
vt 0.109198 0.598246
vt 0.612806 0.312896
vt 0.609607 0.221086
vt 0.609607 0.312926
vt 0.119283 0.262893
vt 0.120016 0.203009
vt 0.957355 0.574100
vt 0.959404 0.583562
vt 0.955759 0.584013
vt 0.290203 0.353799
vt 0.257021 0.317504
vt 0.290526 0.317804
vt 0.117786 0.363066
vt 0.084279 0.363713
vt 0.128535 0.706307
vt 0.161833 0.704525
vt 0.196335 0.974433
vt 0.165106 0.945516
vt 0.197632 0.945049
vt 0.619400 0.312876
vt 0.636276 0.221086
vt 0.619409 0.221086
vt 0.218471 0.917072
vt 0.182108 0.612505
vt 0.212538 0.611000
vt 0.212330 0.619663
vt 0.651324 0.221086
vt 0.636277 0.312932
vt 0.651324 0.312943
vt 0.106246 0.203678
vt 0.110120 0.262759
vt 0.105521 0.262691
vt 0.972144 0.455143
vt 0.966294 0.501803
vt 0.955494 0.455452
vt 0.386671 0.318664
vt 0.359576 0.354420
vt 0.359899 0.318425
vt 0.224839 0.362150
vt 0.191071 0.398060
vt 0.189009 0.361862
vt 0.229850 0.693398
vt 0.255749 0.687136
vt 0.230571 0.710326
vt 0.241814 0.945690
vt 0.242592 0.985308
vt 0.238541 0.617172
vt 0.238475 0.626180
vt 0.661790 0.221086
vt 0.661790 0.312943
vt 0.102021 0.205321
vt 0.101349 0.262631
vt 0.971299 0.421484
vt 0.414419 0.318912
vt 0.386349 0.354660
vt 0.258048 0.362391
vt 0.227408 0.398389
vt 0.282376 0.679808
vt 0.270684 0.947044
vt 0.308957 0.989112
vt 0.274760 0.991734
vt 0.672916 0.221086
vt 0.309243 0.908294
vt 0.308556 0.945888
vt 0.305696 0.643972
vt 0.289281 0.643079
vt 0.297600 0.628686
vt 0.672916 0.312943
vt 0.097608 0.205198
vt 0.092589 0.262502
vt 0.093303 0.203733
vt 0.950538 0.389087
vt 0.968439 0.354141
vt 0.971581 0.388103
vt 0.463948 0.355352
vt 0.456468 0.319286
vt 0.464521 0.319358
vt 0.326175 0.361666
vt 0.294596 0.397950
vt 0.292284 0.362272
vt 0.322370 0.669610
vt 0.329489 0.666516
vt 0.313227 0.691133
vt 0.096913 0.262566
vt 0.948608 0.423368
vt 0.427384 0.319027
vt 0.414096 0.354908
vt 0.261013 0.398458
vt 0.267917 0.623326
vt 0.265411 0.633287
vt 0.322908 0.650797
vt 0.313195 0.647228
vt 0.322492 0.631409
vt 0.088874 0.203727
vt 0.088155 0.262437
vt 0.941072 0.321770
vt 0.943887 0.355898
vt 0.512388 0.319788
vt 0.474385 0.355445
vt 0.474708 0.319450
vt 0.360633 0.361573
vt 0.327793 0.396280
vt 0.339255 0.662985
vt 0.376517 0.692909
vt 0.115502 0.262838
vt 0.110853 0.202877
vt 0.116235 0.202955
vt 0.965048 0.551295
vt 0.961135 0.553798
vt 0.328687 0.354144
vt 0.329010 0.318149
vt 0.158696 0.399092
vt 0.147195 0.362547
vt 0.199913 0.700396
vt 0.144454 0.978854
vt 0.143790 0.607478
vt 0.182081 0.604636
vt 0.154560 0.203301
vt 0.154985 0.262788
vt 0.153821 0.262771
vt 0.995017 0.289190
vt 0.962994 0.004056
vt 0.135778 0.262584
vt 0.133887 0.204065
vt 0.932034 0.005048
vt 0.915258 0.288774
vt 0.930610 0.288850
vt 0.471922 0.687566
vt 0.494552 0.710619
vt 0.471685 0.714851
vt 0.144992 0.316483
vt 0.152442 0.316546
vt 0.030351 0.743177
vt 0.032623 0.736160
vt 0.009985 0.553231
vt 0.015121 0.564604
vt 0.011599 0.566509
vt 0.130506 0.262553
vt 0.133232 0.262566
vt 0.453689 0.691185
vt 0.454845 0.718876
vt 0.014092 0.573469
vt 0.360633 0.633665
vt 0.360633 0.651991
vt 0.028973 0.756227
vt 0.029849 0.768135
vt 0.019996 0.515947
vt 0.016693 0.540138
vt 0.012013 0.541221
vt 0.040226 0.792823
vt 0.013136 0.551414
vt 0.058727 0.548644
vt 0.060469 0.585124
vt 0.026728 0.573292
vt 0.207906 0.563187
vt 0.181986 0.597466
vt 0.175299 0.559763
vt 0.237556 0.567038
vt 0.212664 0.603073
vt 0.297852 0.572705
vt 0.265426 0.613438
vt 0.266942 0.570411
vt 0.238508 0.608922
vt 0.326407 0.616994
vt 0.297231 0.617531
vt 0.093972 0.560155
vt 0.106485 0.588847
vt 0.036285 0.542606
vt 0.018499 0.562898
vt 0.016871 0.549559
vt 0.030843 0.530838
vt 0.025110 0.515223
vt 0.220257 0.778011
vt 0.205967 0.522460
vt 0.236929 0.525161
vt 0.298183 0.528111
vt 0.303748 0.770254
vt 0.267004 0.527781
vt 0.330140 0.528617
vt 0.376517 0.767950
vt 0.137320 0.557724
vt 0.108686 0.444835
vt 0.301636 0.838431
vt 0.029503 0.510394
vt 0.013215 0.503804
vt 0.060980 0.471889
vt 0.045190 0.864539
vt 0.127513 0.834916
vt 0.138647 0.438755
vt 0.128255 0.401377
vt 0.200270 0.436644
vt 0.232476 0.437044
vt 0.216999 0.841547
vt 0.296894 0.437535
vt 0.329492 0.436519
vt 0.264501 0.437573
vt 0.360633 0.435311
vt 0.360633 0.395637
vt 0.168610 0.436934
vt 0.081245 0.455861
vt 0.066417 0.977616
vt 0.039955 0.977290
vt 0.444773 0.727745
vt 0.441839 0.712553
vt 0.047351 0.316024
vt 0.049063 0.350543
vt 0.585408 0.312943
vt 0.585426 0.220693
vt 0.131050 0.203131
vt 0.996587 0.633181
vt 0.997848 0.597266
vt 0.547207 0.712555
vt 0.581115 0.724975
vt 0.568851 0.724244
vt 0.156269 0.262807
vt 0.156190 0.203367
vt 0.020674 0.806404
vt 0.039359 0.823822
vt 0.018135 0.810183
vt 0.561819 0.717908
vt 0.578652 0.752589
vt 0.587185 0.740002
vt 0.590273 0.749260
vt 0.518812 0.717534
vt 0.472148 0.731709
vt 0.018532 0.942561
vt 0.017781 0.977033
vt 0.578729 0.220712
vt 0.578192 0.312943
vt 0.159179 0.203357
vt 0.159607 0.262838
vt 0.584380 0.756903
vt 0.592029 0.756039
vt 0.572416 0.742397
vt 0.575026 0.747958
vt 0.150886 0.203248
vt 0.150174 0.262718
vt 0.822933 0.252253
vt 0.834134 0.004557
vt 0.827440 0.004523
vt 0.163770 0.203500
vt 0.161690 0.262868
vt 0.162773 0.203404
vt 0.601862 0.743411
vt 0.599520 0.732739
vt 0.152481 0.262752
vt 0.160300 0.203368
vt 0.160505 0.262851
vt 0.597863 0.754284
vt 0.161233 0.203381
vt 0.584840 0.733546
vt 0.594923 0.724803
vt 0.151343 0.262735
vt 0.153201 0.203282
vt 0.570653 0.734175
vt 0.590091 0.717709
vt 0.152072 0.203265
vt 0.007835 0.930049
vt 0.003619 0.917587
vt 0.004556 0.902330
vt 0.016351 0.864923
vt 0.018222 0.848963
vt 0.018690 0.835516
vt 0.014710 0.826131
vt 0.450344 0.682751
vt 0.442466 0.693168
vt 0.434068 0.685129
vt 0.471465 0.680278
vt 0.490811 0.683926
vt 0.547364 0.689402
vt 0.512948 0.676662
vt 0.576857 0.702095
vt 0.584976 0.706863
vt 0.595011 0.713821
vt 0.605557 0.728082
vt 0.601681 0.720097
vt 0.607080 0.738451
vt 0.606323 0.747615
vt 0.594406 0.761546
vt 0.601995 0.756871
vt 0.585137 0.762851
vt 0.576838 0.760577
vt 0.571899 0.755448
vt 0.566986 0.747582
vt 0.564917 0.739923
vt 0.565667 0.727283
vt 0.560104 0.723466
vt 0.533423 0.721767
vt 0.547236 0.719693
vt 0.510154 0.728933
vt 0.518186 0.725515
vt 0.436807 0.711043
vt 0.439311 0.732090
vt 0.009597 0.885963
vt 0.013944 0.873269
vt 0.491146 0.677906
vt 0.497995 0.734801
vt 0.482242 0.741762
vt 0.496788 0.726101
vt 0.467130 0.744502
vt 0.457831 0.733270
vt 0.454199 0.741790
vt 0.029004 0.299047
vt 0.035660 0.311495
vt 0.026478 0.311180
vt 0.044522 0.351175
vt 0.847574 0.004625
vt 0.846154 0.288427
vt 0.884566 0.288620
vt 0.877260 0.004774
vt 0.898052 0.288688
vt 0.885991 0.004818
vt 0.899476 0.004885
vt 0.035272 0.351436
vt 0.034354 0.316638
vt 0.612814 0.221086
vt 0.961374 0.572663
vt 0.124184 0.982466
vt 0.143783 0.600305
vt 0.140069 0.591362
vt 0.172813 0.479504
vt 0.140062 0.519490
vt 0.141530 0.479992
vt 0.601587 0.221191
vt 0.603336 0.312874
vt 0.964497 0.609099
vt 0.972524 0.612246
vt 0.199045 0.352984
vt 0.199367 0.316988
vt 0.071564 0.712700
vt 0.083554 0.973073
vt 0.033939 0.590901
vt 0.042668 0.588121
vt 0.095076 0.977926
vt 0.078122 0.601945
vt 0.060316 0.593521
vt 0.606519 0.312919
vt 0.956482 0.593755
vt 0.960836 0.594523
vt 0.256698 0.353500
vt 0.224807 0.317216
vt 0.096563 0.708695
vt 0.606512 0.221086
vt 0.967790 0.604740
vt 0.224484 0.353211
vt 0.053049 0.597443
vt 0.028995 0.514387
vt 0.077127 0.518338
vt 0.088855 0.312956
vt 0.174049 0.520637
vt 0.204271 0.480166
vt 0.236110 0.481500
vt 0.297869 0.482427
vt 0.266425 0.482315
vt 0.044702 0.493168
vt 0.078548 0.310661
vt 0.330033 0.481196
vt 0.360633 0.479858
vt 0.998609 0.490928
vt 0.998380 0.455053
vt 0.997922 0.422506
vt 0.996206 0.354212
vt 0.997198 0.387920
vt 0.968669 0.320700
vt 0.994988 0.319678
vt 0.970054 0.501520
vt 0.998474 0.532836
vt 0.962160 0.632906
vt 0.974839 0.633702
vt 0.998254 0.562264
vt 0.277398 0.638247
vt 0.439818 0.355136
vt 0.427066 0.355023
vt 0.294308 0.674889
vt 0.306138 0.670300
vt 0.440165 0.319141
vt 0.456145 0.355282
vt 0.433942 0.727841
vt 0.419465 0.711162
vt 0.432010 0.711586
vt 0.405879 0.735909
vt 0.402987 0.715406
vt 0.410033 0.730565
vt 0.405362 0.694154
vt 0.408108 0.714253
vt 0.412613 0.688728
vt 0.399950 0.689738
vt 0.429797 0.690753
vt 0.413205 0.693550
vt 0.835910 0.288101
vt 0.164300 0.262909
vt 0.165093 0.203445
vt 0.823251 0.288089
vt 0.053519 0.296419
vt 0.047805 0.304010
vt 0.044885 0.312881
vt 0.024379 0.318464
vt 0.019296 0.309466
vt 0.017039 0.316126
vt 0.012452 0.306074
vt 0.004307 0.302232
vt 0.008059 0.308269
vt 0.004979 0.293838
vt 0.012383 0.297881
vt 0.015197 0.287779
vt 0.020552 0.277904
vt 0.010966 0.284669
vt 0.032977 0.279327
vt 0.022023 0.284929
vt 0.042689 0.283162
vt 0.031274 0.286368
vt 0.045602 0.292396
vt 0.039633 0.289603
vt 0.049368 0.288633
vt 0.038090 0.301195
vt 0.020466 0.297863
vt 0.376517 0.835435
vt 0.027591 0.806473
vt 0.009946 0.814476
vt 0.360633 0.528978
vt 0.360633 0.617319
vt 0.329127 0.573888
vt 0.360633 0.575366
vt 0.047913 0.261654
vt 0.053455 0.202032
vt 0.052530 0.261914
vt 0.376441 0.944826
vt 0.342336 0.994388
vt 0.376441 0.995925
vt 0.033029 0.261026
vt 0.038590 0.202147
vt 0.037741 0.261124
vt 0.669743 0.720702
vt 0.671288 0.686854
vt 0.692032 0.723079
vt 0.649471 0.665171
vt 0.659555 0.664230
vt 0.656365 0.670727
vt 0.705998 0.221086
vt 0.705998 0.312943
vt 0.482239 0.316331
vt 0.456597 0.279684
vt 0.483148 0.280347
vt 0.444455 0.279702
vt 0.430267 0.314963
vt 0.431265 0.278979
vt 0.410001 0.278858
vt 0.422886 0.314767
vt 0.409093 0.314427
vt 0.651124 0.421437
vt 0.637525 0.363806
vt 0.674024 0.364788
vt 0.376441 0.898103
vt 0.339576 0.945024
vt 0.676157 0.442933
vt 0.667126 0.443624
vt 0.673657 0.402137
vt 0.020045 0.201394
vt 0.017789 0.260767
vt 0.018603 0.201298
vt 0.027710 0.260926
vt 0.029697 0.201478
vt 0.028908 0.260947
vt 0.514607 0.281287
vt 0.493422 0.316611
vt 0.497909 0.275499
vt 0.033849 0.201557
vt 0.455375 0.315689
vt 0.682937 0.484073
vt 0.692941 0.475576
vt 0.125908 0.784252
vt 0.045541 0.761152
vt 0.050733 0.795818
vt 0.689217 0.512454
vt 0.682342 0.520789
vt 0.674908 0.507515
vt 0.637608 0.487853
vt 0.614868 0.519481
vt 0.608346 0.482366
vt 0.494535 0.274784
vt 0.490953 0.275634
vt 0.666692 0.519241
vt 0.659100 0.496200
vt 0.792834 0.221201
vt 0.790175 0.312888
vt 0.792613 0.312942
vt 0.188494 0.237373
vt 0.196288 0.242790
vt 0.189574 0.244137
vt 0.076050 0.974377
vt 0.068073 0.945693
vt 0.066418 0.977555
vt 0.795745 0.312943
vt 0.396120 0.314085
vt 0.127720 0.890373
vt 0.118429 0.945745
vt 0.698187 0.583849
vt 0.700705 0.573299
vt 0.707173 0.573437
vt 0.041018 0.725487
vt 0.105750 0.726436
vt 0.052125 0.718871
vt 0.114361 0.983876
vt 0.104870 0.982939
vt 0.610995 0.604991
vt 0.639572 0.596382
vt 0.643137 0.601883
vt 0.780154 0.221086
vt 0.776955 0.312896
vt 0.780154 0.312927
vt 0.057768 0.203602
vt 0.229208 0.249959
vt 0.238662 0.251971
vt 0.228774 0.253607
vt 0.284789 0.311150
vt 0.319238 0.276049
vt 0.318288 0.312034
vt 0.623387 0.406981
vt 0.603606 0.364207
vt 0.128183 0.706162
vt 0.161479 0.704337
vt 0.196335 0.974200
vt 0.168204 0.945622
vt 0.144462 0.978691
vt 0.770361 0.312876
vt 0.753485 0.221086
vt 0.753484 0.312932
vt 0.202099 0.944805
vt 0.219902 0.916817
vt 0.508752 0.610879
vt 0.539169 0.612381
vt 0.508962 0.619543
vt 0.738437 0.221086
vt 0.070794 0.262183
vt 0.066846 0.205903
vt 0.071499 0.204085
vt 0.357557 0.237182
vt 0.310899 0.242919
vt 0.311186 0.239162
vt 0.215428 0.309321
vt 0.189610 0.272631
vt 0.216378 0.273337
vt 0.530179 0.397897
vt 0.496236 0.362542
vt 0.532591 0.362645
vt 0.229482 0.693120
vt 0.231161 0.711596
vt 0.255373 0.686824
vt 0.240471 0.945699
vt 0.242603 0.985021
vt 0.482761 0.617063
vt 0.482833 0.626071
vt 0.727971 0.221086
vt 0.738437 0.312943
vt 0.074966 0.262244
vt 0.075699 0.202366
vt 0.357194 0.253832
vt 0.391209 0.238171
vt 0.389222 0.260853
vt 0.188660 0.308615
vt 0.161867 0.271899
vt 0.493833 0.398223
vt 0.463423 0.360881
vt 0.281990 0.679463
vt 0.274382 0.945831
vt 0.308982 0.988744
vt 0.308609 0.945010
vt 0.716845 0.312943
vt 0.727971 0.312943
vt 0.309260 0.907332
vt 0.415649 0.643917
vt 0.423730 0.628623
vt 0.432058 0.643009
vt 0.716845 0.221086
vt 0.084445 0.204663
vt 0.079401 0.262309
vt 0.080121 0.203912
vt 0.423492 0.259102
vt 0.458533 0.241411
vt 0.456629 0.265952
vt 0.111073 0.306569
vt 0.119825 0.270791
vt 0.118875 0.306775
vt 0.426585 0.397905
vt 0.395032 0.362070
vt 0.428674 0.361962
vt 0.321972 0.669213
vt 0.313126 0.691725
vt 0.329088 0.666109
vt 0.160918 0.307884
vt 0.148903 0.271557
vt 0.460156 0.398327
vt 0.293916 0.674527
vt 0.274782 0.991418
vt 0.453400 0.623238
vt 0.455910 0.633197
vt 0.398449 0.650759
vt 0.398846 0.631370
vt 0.408156 0.647180
vt 0.490734 0.268982
vt 0.100638 0.306294
vt 0.064028 0.269319
vt 0.101587 0.270310
vt 0.393333 0.396261
vt 0.338849 0.662566
vt 0.376441 0.692441
vt 0.376441 0.661353
vt 0.060812 0.262037
vt 0.066195 0.262116
vt 0.261428 0.244210
vt 0.258932 0.248127
vt 0.246312 0.310136
vt 0.247261 0.274151
vt 0.562672 0.398919
vt 0.572578 0.363378
vt 0.199554 0.700157
vt 0.124196 0.982332
vt 0.539196 0.604513
vt 0.577477 0.607370
vt 0.023222 0.201377
vt 0.021341 0.260831
vt 0.021591 0.201395
vt 0.043094 0.261244
vt 0.040548 0.261187
vt 0.916797 0.004976
vt 0.692761 0.763298
vt 0.666737 0.744143
vt 0.693692 0.744076
vt 0.674029 0.379974
vt 0.030048 0.743161
vt 0.032310 0.736141
vt 0.706144 0.564573
vt 0.711280 0.553202
vt 0.709667 0.566479
vt 0.043871 0.202745
vt 0.045819 0.261311
vt 0.691754 0.781868
vt 0.665782 0.767379
vt 0.028686 0.756213
vt 0.029578 0.768120
vt 0.704569 0.540113
vt 0.701248 0.515927
vt 0.709249 0.541194
vt 0.039987 0.792794
vt 0.708130 0.551386
vt 0.662536 0.548603
vt 0.660795 0.585073
vt 0.627295 0.560086
vt 0.539290 0.597343
vt 0.513380 0.563063
vt 0.545982 0.559640
vt 0.508624 0.602952
vt 0.483736 0.566925
vt 0.455887 0.613346
vt 0.423449 0.572640
vt 0.454356 0.570318
vt 0.482792 0.608812
vt 0.394921 0.616958
vt 0.392176 0.573854
vt 0.614780 0.588768
vt 0.684976 0.542582
vt 0.704393 0.549532
vt 0.702766 0.562868
vt 0.694535 0.573255
vt 0.690413 0.530824
vt 0.696134 0.515209
vt 0.220040 0.777555
vt 0.515319 0.522328
vt 0.547238 0.520505
vt 0.484356 0.525042
vt 0.423098 0.528044
vt 0.454280 0.527685
vt 0.303600 0.769734
vt 0.391138 0.528585
vt 0.376441 0.767482
vt 0.583955 0.557620
vt 0.612652 0.444730
vt 0.301676 0.837978
vt 0.691746 0.510447
vt 0.676571 0.493202
vt 0.660320 0.471903
vt 0.045044 0.864504
vt 0.127524 0.834926
vt 0.039160 0.823794
vt 0.582693 0.438595
vt 0.552713 0.436767
vt 0.521020 0.436488
vt 0.488783 0.436901
vt 0.456737 0.437463
vt 0.217313 0.841597
vt 0.424323 0.437473
vt 0.640079 0.455828
vt 0.039955 0.977261
vt 0.664174 0.784617
vt 0.656811 0.795831
vt 0.649503 0.783685
vt 0.708045 0.503891
vt 0.528904 0.281961
vt 0.519139 0.317006
vt 0.804353 0.312943
vt 0.795967 0.220719
vt 0.048729 0.202007
vt 0.179348 0.213117
vt 0.215309 0.211574
vt 0.657362 0.692293
vt 0.664903 0.690115
vt 0.640255 0.660489
vt 0.642717 0.672526
vt 0.632629 0.672148
vt 0.020057 0.260812
vt 0.020453 0.806401
vt 0.017919 0.810183
vt 0.649988 0.678589
vt 0.624517 0.656607
vt 0.613266 0.666837
vt 0.614915 0.654862
vt 0.656457 0.721105
vt 0.649026 0.769297
vt 0.018489 0.942560
vt 0.672267 0.796605
vt 0.691373 0.793265
vt 0.811032 0.220712
vt 0.811569 0.312943
vt 0.016718 0.260747
vt 0.017483 0.201277
vt 0.608184 0.661778
vt 0.624240 0.671567
vt 0.618365 0.669771
vt 0.653981 0.657245
vt 0.646176 0.650574
vt 0.026897 0.201431
vt 0.026153 0.260901
vt 0.014636 0.260716
vt 0.014011 0.201309
vt 0.015009 0.201241
vt 0.619063 0.642561
vt 0.629960 0.643368
vt 0.023845 0.260867
vt 0.022505 0.260847
vt 0.015821 0.260734
vt 0.016549 0.201264
vt 0.608866 0.648059
vt 0.631241 0.658014
vt 0.638469 0.646794
vt 0.024582 0.201397
vt 0.024983 0.260884
vt 0.025711 0.201414
vt 0.007775 0.930062
vt 0.003543 0.917606
vt 0.004460 0.902349
vt 0.016205 0.864927
vt 0.018055 0.848963
vt 0.018506 0.835516
vt 0.014513 0.826135
vt 0.700577 0.783991
vt 0.700521 0.800462
vt 0.700041 0.762721
vt 0.699603 0.742893
vt 0.680260 0.688860
vt 0.697747 0.721129
vt 0.663509 0.661463
vt 0.657637 0.654102
vt 0.649328 0.645153
vt 0.642170 0.639438
vt 0.633716 0.636732
vt 0.623235 0.636693
vt 0.614271 0.638740
vt 0.605720 0.644336
vt 0.602168 0.652510
vt 0.607956 0.654083
vt 0.602189 0.661871
vt 0.605615 0.669765
vt 0.611393 0.673927
vt 0.619877 0.677677
vt 0.627753 0.678640
vt 0.640160 0.676109
vt 0.644729 0.681075
vt 0.650196 0.707242
vt 0.650291 0.693276
vt 0.646399 0.731286
vt 0.648646 0.722854
vt 0.674467 0.801375
vt 0.653275 0.801841
vt 0.009480 0.885974
vt 0.013809 0.873275
vt 0.642310 0.744151
vt 0.651093 0.744116
vt 0.637646 0.760729
vt 0.637070 0.776073
vt 0.641580 0.788483
vt 0.540750 0.277848
vt 0.547842 0.265643
vt 0.549938 0.277858
vt 0.530490 0.317190
vt 0.525973 0.316399
vt 0.539726 0.317778
vt 0.541873 0.283034
vt 0.776947 0.221086
vt 0.061672 0.205579
vt 0.057030 0.261981
vt 0.240084 0.247947
vt 0.285739 0.275166
vt 0.593129 0.401158
vt 0.577487 0.600198
vt 0.581199 0.591258
vt 0.581220 0.519377
vt 0.548486 0.479357
vt 0.579770 0.479861
vt 0.788174 0.221191
vt 0.790618 0.221145
vt 0.200501 0.236996
vt 0.203681 0.244998
vt 0.375935 0.313553
vt 0.397069 0.278136
vt 0.071220 0.712629
vt 0.083549 0.972993
vt 0.687323 0.590860
vt 0.691455 0.582215
vt 0.095079 0.977831
vt 0.660946 0.593469
vt 0.668211 0.597394
vt 0.783242 0.312919
vt 0.783249 0.221086
vt 0.219045 0.252933
vt 0.351448 0.276898
vt 0.350498 0.312883
vt 0.096214 0.708592
vt 0.786425 0.312874
vt 0.218257 0.248580
vt 0.376885 0.277569
vt 0.678595 0.588077
vt 0.692251 0.514393
vt 0.644136 0.518295
vt 0.487518 0.277429
vt 0.517018 0.480022
vt 0.485168 0.481371
vt 0.423386 0.482361
vt 0.454841 0.482213
vt 0.391213 0.481164
vt 0.391709 0.436492
vt 0.250360 0.211032
vt 0.321803 0.210619
vt 0.390309 0.211542
vt 0.424591 0.238065
vt 0.458628 0.213645
vt 0.424914 0.212449
vt 0.491975 0.241393
vt 0.279837 0.210756
vt 0.179988 0.247550
vt 0.179045 0.234879
vt 0.208021 0.241682
vt 0.111772 0.270578
vt 0.443933 0.638166
vt 0.135199 0.307205
vt 0.136124 0.271221
vt 0.305741 0.669924
vt 0.612065 0.598164
vt 0.424092 0.617467
vt 0.658225 0.806556
vt 0.674594 0.806199
vt 0.676753 0.818563
vt 0.654137 0.835471
vt 0.658851 0.830611
vt 0.674839 0.835473
vt 0.695550 0.830155
vt 0.700666 0.834900
vt 0.699906 0.822217
vt 0.695534 0.805481
vt 0.675270 0.830241
vt 0.695059 0.822303
vt 0.012026 0.260681
vt 0.013635 0.260702
vt 0.523434 0.262151
vt 0.528876 0.269939
vt 0.531481 0.278908
vt 0.551779 0.285211
vt 0.557177 0.276398
vt 0.559197 0.283134
vt 0.564136 0.273250
vt 0.568449 0.275597
vt 0.572412 0.269696
vt 0.564495 0.265063
vt 0.572036 0.261284
vt 0.562038 0.254869
vt 0.566376 0.251909
vt 0.557034 0.244811
vt 0.555316 0.251779
vt 0.544567 0.245794
vt 0.546020 0.252891
vt 0.534726 0.249284
vt 0.531489 0.258410
vt 0.527858 0.254516
vt 0.538685 0.267469
vt 0.537552 0.255830
vt 0.556417 0.264761
vt 0.376441 0.834967
vt 0.027370 0.806461
vt 0.009734 0.814487
vt 0.817008 0.177360
vt 0.807658 0.181826
vt 0.807559 0.175475
vt 0.781321 0.180574
vt 0.788989 0.173958
vt 0.788408 0.180579
vt 0.704961 0.023022
vt 0.713832 0.031043
vt 0.704585 0.038447
vt 0.662455 0.024333
vt 0.676411 0.037612
vt 0.655474 0.036839
vt 0.726062 0.021116
vt 0.736439 0.031177
vt 0.724654 0.030884
vt 0.758204 0.024347
vt 0.766639 0.033955
vt 0.758013 0.032897
vt 0.614809 0.022148
vt 0.604234 0.033487
vt 0.604390 0.017914
vt 0.639183 0.025550
vt 0.633390 0.036192
vt 0.799907 0.027122
vt 0.808122 0.034562
vt 0.799628 0.035647
vt 0.587291 0.021749
vt 0.790358 0.027462
vt 0.626600 0.023637
vt 0.615256 0.037207
vt 0.816328 0.181580
vt 0.807996 0.182851
vt 0.807101 0.026719
vt 0.815325 0.026405
vt 0.815296 0.027383
vt 0.816809 0.182316
vt 0.774611 0.185275
vt 0.773337 0.180676
vt 0.782665 0.023870
vt 0.781850 0.027059
vt 0.692619 0.186275
vt 0.683513 0.195980
vt 0.681926 0.185870
vt 0.714765 0.021358
vt 0.726631 0.013593
vt 0.671635 0.185258
vt 0.662365 0.193292
vt 0.660364 0.183927
vt 0.684125 0.023782
vt 0.674434 0.012575
vt 0.685359 0.011506
vt 0.735909 0.183380
vt 0.725076 0.191392
vt 0.724126 0.184277
vt 0.737064 0.014038
vt 0.737366 0.021722
vt 0.747186 0.188574
vt 0.747056 0.182440
vt 0.766683 0.025781
vt 0.774227 0.022510
vt 0.773819 0.026834
vt 0.616360 0.016966
vt 0.602603 0.004124
vt 0.602944 0.192996
vt 0.615321 0.191183
vt 0.602602 0.206772
vt 0.652914 0.015956
vt 0.652927 0.024772
vt 0.648965 0.182381
vt 0.637908 0.188287
vt 0.637082 0.181095
vt 0.807045 0.025697
vt 0.798342 0.183486
vt 0.798369 0.180830
vt 0.415286 0.012004
vt 0.438619 0.025259
vt 0.415286 0.025810
vt 0.584415 0.198149
vt 0.587436 0.187249
vt 0.798739 0.025073
vt 0.789747 0.183808
vt 0.613449 0.184371
vt 0.626810 0.187950
vt 0.640286 0.017846
vt 0.701408 0.174520
vt 0.702614 0.186030
vt 0.712393 0.193401
vt 0.703642 0.194795
vt 0.695792 0.010612
vt 0.705942 0.011213
vt 0.757259 0.174148
vt 0.757007 0.181593
vt 0.765549 0.180948
vt 0.757337 0.187332
vt 0.748520 0.022805
vt 0.758529 0.018510
vt 0.717134 0.626713
vt 0.724217 0.635692
vt 0.716983 0.635777
vt 0.718602 0.593822
vt 0.725563 0.595707
vt 0.718608 0.595673
vt 0.725771 0.597894
vt 0.718579 0.600830
vt 0.718568 0.597838
vt 0.718185 0.607494
vt 0.726285 0.603896
vt 0.726340 0.607890
vt 0.726694 0.612315
vt 0.717868 0.616540
vt 0.718033 0.612007
vt 0.726622 0.622459
vt 0.717414 0.621096
vt 0.718665 0.587487
vt 0.725411 0.591758
vt 0.718753 0.590444
vt 0.718801 0.585212
vt 0.726181 0.587029
vt 0.719080 0.582920
vt 0.725931 0.582022
vt 0.726151 0.583705
vt 0.718909 0.578904
vt 0.725491 0.578361
vt 0.725668 0.581077
vt 0.724920 0.572657
vt 0.718579 0.575055
vt 0.718456 0.572455
vt 0.725160 0.569978
vt 0.718354 0.566270
vt 0.718360 0.569222
vt 0.810419 0.135230
vt 0.820690 0.124374
vt 0.820019 0.136595
vt 0.774970 0.131714
vt 0.783016 0.120748
vt 0.782549 0.132624
vt 0.722054 0.141153
vt 0.710921 0.129058
vt 0.722801 0.129766
vt 0.735011 0.130250
vt 0.734464 0.141220
vt 0.767157 0.142262
vt 0.766925 0.131081
vt 0.614048 0.128625
vt 0.602251 0.144348
vt 0.599334 0.129412
vt 0.800086 0.145552
vt 0.800761 0.134044
vt 0.790425 0.144883
vt 0.791236 0.133349
vt 0.823021 0.133260
vt 0.668182 0.111188
vt 0.684464 0.127705
vt 0.667878 0.127707
vt 0.735267 0.119058
vt 0.747180 0.130502
vt 0.723245 0.080195
vt 0.711315 0.093193
vt 0.711657 0.079215
vt 0.723119 0.092957
vt 0.735227 0.080633
vt 0.735324 0.092880
vt 0.776593 0.093968
vt 0.767677 0.081200
vt 0.776373 0.081283
vt 0.613661 0.075648
vt 0.602750 0.092277
vt 0.600570 0.075441
vt 0.811476 0.081617
vt 0.802167 0.095254
vt 0.801786 0.081786
vt 0.588106 0.089487
vt 0.792786 0.094717
vt 0.792393 0.081610
vt 0.811052 0.067736
vt 0.821124 0.080552
vt 0.776477 0.069143
vt 0.784119 0.081286
vt 0.820485 0.067215
vt 0.823561 0.070224
vt 0.671605 0.057968
vt 0.685579 0.076759
vt 0.668946 0.076279
vt 0.735287 0.068626
vt 0.747608 0.080797
vt 0.712324 0.065749
vt 0.723487 0.055683
vt 0.723385 0.067778
vt 0.735263 0.055877
vt 0.776315 0.056850
vt 0.768259 0.069019
vt 0.768782 0.056105
vt 0.611902 0.056778
vt 0.602708 0.063388
vt 0.604197 0.050107
vt 0.801004 0.056546
vt 0.810183 0.054734
vt 0.801471 0.068795
vt 0.791992 0.056940
vt 0.809501 0.046086
vt 0.819404 0.049502
vt 0.783169 0.045763
vt 0.783916 0.057084
vt 0.688080 0.058650
vt 0.735609 0.043090
vt 0.747913 0.055836
vt 0.811694 0.109326
vt 0.821496 0.097357
vt 0.821133 0.109234
vt 0.776352 0.107266
vt 0.784407 0.094296
vt 0.784101 0.107705
vt 0.824768 0.097550
vt 0.684582 0.093896
vt 0.684705 0.111278
vt 0.747924 0.092895
vt 0.735289 0.106198
vt 0.711498 0.116684
vt 0.723163 0.106108
vt 0.723042 0.118222
vt 0.767424 0.119563
vt 0.767845 0.106804
vt 0.801520 0.121874
vt 0.802143 0.108710
vt 0.791896 0.121300
vt 0.792733 0.108192
vt 0.809103 0.157797
vt 0.819763 0.149829
vt 0.819288 0.160022
vt 0.774710 0.154299
vt 0.782159 0.143915
vt 0.781840 0.154937
vt 0.821836 0.162673
vt 0.668409 0.144837
vt 0.686861 0.160375
vt 0.671399 0.163443
vt 0.747224 0.141478
vt 0.734000 0.153385
vt 0.721002 0.165551
vt 0.710642 0.154536
vt 0.721193 0.153398
vt 0.734147 0.165521
vt 0.766486 0.164694
vt 0.773920 0.164752
vt 0.798688 0.166063
vt 0.799439 0.156311
vt 0.587357 0.129599
vt 0.588609 0.146009
vt 0.789232 0.165617
vt 0.789827 0.155835
vt 0.712601 0.055909
vt 0.723837 0.042892
vt 0.775382 0.045330
vt 0.767599 0.044568
vt 0.800432 0.046000
vt 0.791461 0.045890
vt 0.817408 0.035044
vt 0.774195 0.034979
vt 0.821545 0.040486
vt 0.747676 0.043456
vt 0.784262 0.069191
vt 0.747997 0.068837
vt 0.760284 0.591884
vt 0.772062 0.593463
vt 0.760205 0.593811
vt 0.760139 0.595580
vt 0.770312 0.597918
vt 0.759760 0.597949
vt 0.769869 0.600368
vt 0.759574 0.603872
vt 0.759602 0.600332
vt 0.769903 0.612058
vt 0.759640 0.607868
vt 0.770210 0.607869
vt 0.759875 0.617059
vt 0.769752 0.622395
vt 0.759601 0.622541
vt 0.760147 0.586557
vt 0.772265 0.591056
vt 0.760133 0.583983
vt 0.772159 0.584757
vt 0.760131 0.585387
vt 0.770859 0.579769
vt 0.760145 0.582032
vt 0.760139 0.580687
vt 0.769007 0.576741
vt 0.760454 0.575174
vt 0.772131 0.574432
vt 0.771563 0.572335
vt 0.760120 0.573054
vt 0.770618 0.569216
vt 0.759526 0.569496
vt 0.761217 0.566207
vt 0.772451 0.565637
vt 0.792422 0.069173
vt 0.767806 0.093643
vt 0.613796 0.093755
vt 0.601803 0.112268
vt 0.811785 0.096013
vt 0.668174 0.093838
vt 0.749127 0.593572
vt 0.749041 0.591135
vt 0.749035 0.595674
vt 0.748971 0.597857
vt 0.748984 0.600415
vt 0.748902 0.612160
vt 0.748838 0.607801
vt 0.748816 0.617095
vt 0.748644 0.622504
vt 0.748900 0.586487
vt 0.749057 0.583905
vt 0.748954 0.585311
vt 0.749201 0.580693
vt 0.758932 0.577243
vt 0.748827 0.575572
vt 0.748822 0.573175
vt 0.751124 0.569351
vt 0.750928 0.566341
vt 0.811173 0.123062
vt 0.775667 0.120117
vt 0.747962 0.106327
vt 0.748148 0.119375
vt 0.738845 0.593668
vt 0.738757 0.591542
vt 0.738896 0.595734
vt 0.738844 0.597868
vt 0.738698 0.600117
vt 0.748852 0.603756
vt 0.738652 0.603668
vt 0.738687 0.612241
vt 0.738603 0.607840
vt 0.738601 0.617151
vt 0.738441 0.622640
vt 0.738685 0.586385
vt 0.738885 0.583885
vt 0.738774 0.585288
vt 0.738889 0.581145
vt 0.749064 0.581920
vt 0.738879 0.582212
vt 0.738657 0.578326
vt 0.738439 0.576265
vt 0.737118 0.573408
vt 0.736876 0.569976
vt 0.737258 0.566686
vt 0.613661 0.111614
vt 0.710414 0.141603
vt 0.774952 0.142944
vt 0.767256 0.153886
vt 0.613797 0.145078
vt 0.603499 0.162135
vt 0.809826 0.147104
vt 0.684551 0.143787
vt 0.725985 0.593779
vt 0.726481 0.600512
vt 0.726927 0.617152
vt 0.726169 0.585233
vt 0.725365 0.576403
vt 0.726082 0.566319
vt 0.808325 0.167151
vt 0.818150 0.169068
vt 0.780902 0.165137
vt 0.746734 0.153431
vt 0.711712 0.175483
vt 0.722702 0.175857
vt 0.678843 0.174410
vt 0.670464 0.173795
vt 0.765670 0.173810
vt 0.773067 0.173647
vt 0.612258 0.173866
vt 0.612470 0.160941
vt 0.651845 0.163017
vt 0.658260 0.172833
vt 0.648825 0.171962
vt 0.798257 0.174387
vt 0.630770 0.162147
vt 0.635946 0.171064
vt 0.624324 0.171528
vt 0.746747 0.174744
vt 0.748995 0.015786
vt 0.757732 0.130686
vt 0.758234 0.081012
vt 0.758713 0.043954
vt 0.758372 0.093210
vt 0.758081 0.141682
vt 0.779097 0.585137
vt 0.772175 0.586161
vt 0.758844 0.069006
vt 0.759383 0.056065
vt 0.758160 0.119322
vt 0.757986 0.153497
vt 0.746755 0.165053
vt 0.713022 0.042277
vt 0.790618 0.035684
vt 0.782122 0.035454
vt 0.691150 0.039369
vt 0.747743 0.031871
vt 0.778656 0.645212
vt 0.770114 0.635659
vt 0.778622 0.635854
vt 0.770580 0.628422
vt 0.778810 0.592560
vt 0.771596 0.595601
vt 0.778673 0.598190
vt 0.778784 0.601239
vt 0.769855 0.603975
vt 0.778802 0.608622
vt 0.769752 0.616793
vt 0.778809 0.621871
vt 0.779080 0.588169
vt 0.779080 0.582773
vt 0.772080 0.583293
vt 0.778924 0.578661
vt 0.772088 0.581505
vt 0.778807 0.576089
vt 0.778818 0.574024
vt 0.778583 0.568225
vt 0.778170 0.565323
vt 0.780891 0.173697
vt 0.690188 0.174286
vt 0.757419 0.164726
vt 0.712665 0.185236
vt 0.734738 0.175517
vt 0.602775 0.176680
vt 0.590313 0.175010
vt 0.625017 0.181727
vt 0.627504 0.017792
vt 0.631010 0.128178
vt 0.630956 0.145071
vt 0.631031 0.075745
vt 0.631070 0.093683
vt 0.631781 0.056539
vt 0.759370 0.628510
vt 0.630898 0.111215
vt 0.748358 0.628510
vt 0.778725 0.627003
vt 0.649826 0.190877
vt 0.649188 0.127846
vt 0.649827 0.145048
vt 0.650394 0.076178
vt 0.649452 0.093863
vt 0.652064 0.057259
vt 0.759812 0.612079
vt 0.649259 0.111231
vt 0.778881 0.616730
vt 0.778867 0.611993
vt 0.675064 0.024147
vt 0.673593 0.195079
vt 0.662691 0.014080
vt 0.718355 0.603752
vt 0.778815 0.604677
vt 0.694322 0.195676
vt 0.694708 0.023633
vt 0.698890 0.127926
vt 0.699969 0.077499
vt 0.703101 0.059509
vt 0.699228 0.093946
vt 0.698821 0.142919
vt 0.716981 0.012151
vt 0.701158 0.111634
vt 0.711652 0.107004
vt 0.710793 0.164070
vt 0.701577 0.159397
vt 0.778785 0.595449
vt 0.766068 0.020590
vt 0.766068 0.186008
vt 0.719309 0.580970
vt 0.758497 0.106476
vt 0.778994 0.580988
vt 0.782269 0.184252
vt 0.718709 0.576953
vt 0.748886 0.577795
vt 0.589257 0.046321
vt 0.566132 0.035055
vt 0.588838 0.033790
vt 0.584819 0.010888
vt 0.564739 0.196764
vt 0.565927 0.100771
vt 0.588296 0.100766
vt 0.565989 0.074890
vt 0.588511 0.062293
vt 0.587695 0.075165
vt 0.565978 0.129750
vt 0.587784 0.116006
vt 0.565695 0.184777
vt 0.566424 0.047017
vt 0.541595 0.035676
vt 0.541541 0.197856
vt 0.541868 0.129620
vt 0.566490 0.146620
vt 0.542050 0.146391
vt 0.541674 0.100791
vt 0.565924 0.087854
vt 0.541739 0.074844
vt 0.566234 0.060889
vt 0.541720 0.115203
vt 0.542186 0.161990
vt 0.566806 0.173598
vt 0.542006 0.173627
vt 0.541654 0.184633
vt 0.491874 0.047502
vt 0.515749 0.035762
vt 0.515890 0.047492
vt 0.492077 0.129442
vt 0.516127 0.146289
vt 0.492064 0.146296
vt 0.491959 0.087944
vt 0.515952 0.100819
vt 0.491975 0.100856
vt 0.491910 0.061262
vt 0.515943 0.074909
vt 0.491935 0.075052
vt 0.516018 0.115176
vt 0.516130 0.129518
vt 0.465772 0.012166
vt 0.491617 0.023938
vt 0.465764 0.023718
vt 0.465873 0.047478
vt 0.438659 0.036346
vt 0.465833 0.035645
vt 0.438743 0.185081
vt 0.466179 0.197959
vt 0.438853 0.198432
vt 0.465957 0.173597
vt 0.466013 0.184108
vt 0.438703 0.088189
vt 0.465964 0.100904
vt 0.438728 0.100933
vt 0.438698 0.061434
vt 0.465925 0.075287
vt 0.438709 0.075420
vt 0.438729 0.115182
vt 0.465990 0.129469
vt 0.438744 0.129488
vt 0.438618 0.011937
vt 0.415286 0.041542
vt 0.438684 0.047435
vt 0.415286 0.184759
vt 0.415286 0.198449
vt 0.415286 0.129546
vt 0.438726 0.146439
vt 0.415286 0.146498
vt 0.415286 0.100932
vt 0.415286 0.075319
vt 0.415286 0.172066
vt 0.438726 0.162029
vt 0.438691 0.173651
vt 0.415286 0.177131
vt 0.415286 0.173614
vt 0.737860 0.628611
vt 0.725658 0.628498
vt 0.759329 0.635568
vt 0.748241 0.635485
vt 0.737734 0.635777
vt 0.723003 0.645196
vt 0.717023 0.645209
vt 0.767207 0.645207
vt 0.743687 0.645167
vt 0.778733 0.663721
vt 0.767202 0.671521
vt 0.717748 0.654059
vt 0.743679 0.671546
vt 0.723013 0.671498
vt 0.717410 0.663714
vt 0.717402 0.673953
vt 0.717220 0.683514
vt 0.778840 0.693866
vt 0.778791 0.704723
vt 0.717041 0.693870
vt 0.717073 0.704718
vt 0.767202 0.714057
vt 0.723016 0.714057
vt 0.717044 0.714057
vt 0.492056 0.197643
vt 0.516016 0.184273
vt 0.515997 0.197815
vt 0.516127 0.173486
vt 0.492036 0.183888
vt 0.492063 0.173510
vt 0.466021 0.146267
vt 0.492079 0.161946
vt 0.516192 0.161955
vt 0.465950 0.088088
vt 0.465904 0.061377
vt 0.465982 0.115173
vt 0.491619 0.012222
vt 0.515525 0.024115
vt 0.466003 0.161985
vt 0.541788 0.047417
vt 0.515940 0.087850
vt 0.541803 0.061038
vt 0.778800 0.683494
vt 0.540730 0.012397
vt 0.541220 0.023854
vt 0.565292 0.023047
vt 0.492021 0.115142
vt 0.515938 0.061149
vt 0.541683 0.087810
vt 0.415286 0.162031
vt 0.491769 0.035696
vt 0.415286 0.036609
vt 0.590203 0.163274
vt 0.567157 0.162036
vt 0.565889 0.115170
vt 0.415286 0.061372
vt 0.415286 0.047406
vt 0.415286 0.088077
vt 0.013532 0.177297
vt 0.022881 0.181766
vt 0.014210 0.181517
vt 0.041554 0.173905
vt 0.049221 0.180523
vt 0.042133 0.180525
vt 0.125607 0.022987
vt 0.116736 0.031006
vt 0.115805 0.021321
vt 0.168107 0.024310
vt 0.154151 0.037584
vt 0.155499 0.024120
vt 0.104509 0.021077
vt 0.094131 0.031136
vt 0.093207 0.021680
vt 0.072371 0.024302
vt 0.063935 0.033909
vt 0.063893 0.025734
vt 0.226317 0.033477
vt 0.215747 0.022135
vt 0.226164 0.017903
vt 0.191375 0.025533
vt 0.175084 0.036817
vt 0.177634 0.024750
vt 0.030673 0.027066
vt 0.022457 0.034505
vt 0.023479 0.026662
vt 0.243259 0.021740
vt 0.030950 0.035592
vt 0.040221 0.027409
vt 0.039959 0.035631
vt 0.215298 0.037195
vt 0.203957 0.023622
vt 0.022543 0.182791
vt 0.015256 0.026346
vt 0.015284 0.027324
vt 0.013729 0.182253
vt 0.055930 0.185227
vt 0.057206 0.180627
vt 0.047914 0.023819
vt 0.040862 0.024502
vt 0.147023 0.195952
vt 0.137920 0.186245
vt 0.148613 0.185842
vt 0.103941 0.013554
vt 0.168170 0.193269
vt 0.158902 0.185232
vt 0.170173 0.183905
vt 0.146440 0.023752
vt 0.156133 0.012548
vt 0.105465 0.191354
vt 0.094634 0.183341
vt 0.106417 0.184240
vt 0.093509 0.013996
vt 0.083356 0.188533
vt 0.093629 0.190043
vt 0.056351 0.022461
vt 0.056758 0.026786
vt 0.214196 0.016953
vt 0.227591 0.192987
vt 0.215214 0.191171
vt 0.217086 0.184359
vt 0.177649 0.015934
vt 0.167874 0.014056
vt 0.192627 0.188270
vt 0.181572 0.182361
vt 0.193455 0.181078
vt 0.023535 0.025640
vt 0.032198 0.183428
vt 0.032171 0.180773
vt 0.391926 0.025259
vt 0.246120 0.198143
vt 0.227931 0.206762
vt 0.031841 0.025018
vt 0.040793 0.183754
vt 0.203725 0.187936
vt 0.205520 0.181713
vt 0.190274 0.017828
vt 0.129135 0.174487
vt 0.127926 0.185997
vt 0.118147 0.193367
vt 0.117877 0.185201
vt 0.134778 0.010580
vt 0.135859 0.023601
vt 0.073286 0.174104
vt 0.083488 0.182399
vt 0.073536 0.181549
vt 0.073204 0.187288
vt 0.064994 0.180902
vt 0.072047 0.018465
vt 0.082054 0.022762
vt 0.724220 0.792425
vt 0.717141 0.801407
vt 0.716986 0.792342
vt 0.725585 0.832412
vt 0.718625 0.834297
vt 0.718630 0.832447
vt 0.725792 0.830225
vt 0.718598 0.827292
vt 0.726500 0.827608
vt 0.718201 0.820630
vt 0.726303 0.824224
vt 0.718373 0.824371
vt 0.726707 0.815804
vt 0.717880 0.811583
vt 0.726938 0.810968
vt 0.726630 0.805660
vt 0.725664 0.799620
vt 0.725434 0.836360
vt 0.718689 0.840632
vt 0.718777 0.837674
vt 0.726205 0.841089
vt 0.718826 0.842906
vt 0.719105 0.845198
vt 0.725957 0.846096
vt 0.719334 0.847148
vt 0.718935 0.849214
vt 0.725517 0.849757
vt 0.718735 0.851166
vt 0.724946 0.855462
vt 0.718605 0.853064
vt 0.725391 0.851715
vt 0.718482 0.855664
vt 0.725187 0.858141
vt 0.718387 0.858897
vt 0.718381 0.861849
vt 0.020127 0.135179
vt 0.009887 0.124299
vt 0.019406 0.123010
vt 0.055587 0.131667
vt 0.047547 0.120699
vt 0.054894 0.120069
vt 0.119632 0.129022
vt 0.108498 0.141117
vt 0.107753 0.129729
vt 0.095545 0.130211
vt 0.063397 0.142218
vt 0.055602 0.142897
vt 0.216496 0.128614
vt 0.228290 0.144339
vt 0.216745 0.145067
vt 0.030464 0.145498
vt 0.020721 0.147046
vt 0.029794 0.133993
vt 0.040127 0.144831
vt 0.010524 0.136521
vt 0.007538 0.133188
vt 0.146086 0.127675
vt 0.162368 0.111163
vt 0.162670 0.127682
vt 0.083376 0.130461
vt 0.095290 0.119019
vt 0.107316 0.080157
vt 0.119242 0.093156
vt 0.107440 0.092919
vt 0.095336 0.080593
vt 0.062889 0.081154
vt 0.053973 0.093920
vt 0.054195 0.081235
vt 0.216888 0.075637
vt 0.227796 0.092269
vt 0.216751 0.093744
vt 0.019096 0.081558
vt 0.028403 0.095198
vt 0.018786 0.095954
vt 0.242438 0.089480
vt 0.229978 0.075433
vt 0.242851 0.075158
vt 0.028785 0.081729
vt 0.037782 0.094663
vt 0.009449 0.080491
vt 0.019522 0.067677
vt 0.046450 0.081235
vt 0.054093 0.069094
vt 0.007013 0.070162
vt 0.010089 0.067154
vt 0.144978 0.076728
vt 0.158953 0.057941
vt 0.161609 0.076254
vt 0.082956 0.080756
vt 0.095276 0.068586
vt 0.118237 0.065713
vt 0.107076 0.055645
vt 0.117961 0.055873
vt 0.095302 0.055837
vt 0.107178 0.067739
vt 0.054256 0.056801
vt 0.062309 0.068973
vt 0.218649 0.056766
vt 0.226353 0.050098
vt 0.227840 0.063379
vt 0.029571 0.056491
vt 0.020392 0.054676
vt 0.038582 0.056887
vt 0.029102 0.068739
vt 0.011172 0.049442
vt 0.021076 0.046029
vt 0.047406 0.045712
vt 0.055191 0.045281
vt 0.142479 0.058620
vt 0.082653 0.055794
vt 0.094959 0.043049
vt 0.018879 0.109268
vt 0.009077 0.097295
vt 0.054213 0.107219
vt 0.046160 0.094246
vt 0.009440 0.109170
vt 0.005804 0.097485
vt 0.145973 0.093866
vt 0.162379 0.093813
vt 0.082638 0.092854
vt 0.095270 0.106159
vt 0.082599 0.106287
vt 0.119057 0.116648
vt 0.107395 0.106070
vt 0.118904 0.106968
vt 0.107514 0.118184
vt 0.063136 0.119518
vt 0.029049 0.121822
vt 0.028427 0.108654
vt 0.038669 0.121249
vt 0.021443 0.157738
vt 0.010782 0.149763
vt 0.055840 0.154251
vt 0.048394 0.143866
vt 0.011256 0.159957
vt 0.008707 0.162606
vt 0.143683 0.160346
vt 0.162136 0.144812
vt 0.159143 0.163417
vt 0.083329 0.141436
vt 0.096549 0.153346
vt 0.083816 0.153390
vt 0.119906 0.154502
vt 0.109545 0.165514
vt 0.109356 0.153362
vt 0.096400 0.165483
vt 0.064061 0.164649
vt 0.063294 0.153841
vt 0.031856 0.166007
vt 0.022218 0.167091
vt 0.243185 0.129593
vt 0.241932 0.146002
vt 0.031108 0.156256
vt 0.041313 0.165564
vt 0.106730 0.042853
vt 0.117544 0.042241
vt 0.061788 0.056058
vt 0.030144 0.045945
vt 0.039115 0.045837
vt 0.013171 0.034985
vt 0.056380 0.034930
vt 0.009033 0.040425
vt 0.082893 0.043414
vt 0.046656 0.057033
vt 0.082569 0.068796
vt 0.760307 0.836232
vt 0.772084 0.834651
vt 0.772289 0.837058
vt 0.760160 0.832535
vt 0.770332 0.830194
vt 0.771617 0.832511
vt 0.759591 0.824241
vt 0.769888 0.827744
vt 0.759622 0.827782
vt 0.769917 0.816052
vt 0.759655 0.820245
vt 0.759825 0.816034
vt 0.759886 0.811054
vt 0.769760 0.805716
vt 0.769763 0.811317
vt 0.760171 0.841560
vt 0.772199 0.841952
vt 0.760158 0.844135
vt 0.772184 0.843357
vt 0.772105 0.844821
vt 0.760170 0.846085
vt 0.770885 0.848346
vt 0.760164 0.847430
vt 0.769034 0.851374
vt 0.760480 0.852944
vt 0.758958 0.850875
vt 0.771590 0.855780
vt 0.760147 0.855063
vt 0.770645 0.858899
vt 0.759553 0.858622
vt 0.761244 0.861910
vt 0.118903 0.079179
vt 0.038149 0.069120
vt 0.095237 0.092840
vt 0.062718 0.106759
vt 0.228742 0.112260
vt 0.216885 0.111603
vt 0.037835 0.108139
vt 0.749150 0.834544
vt 0.749064 0.836981
vt 0.749056 0.832442
vt 0.759780 0.830165
vt 0.749003 0.827701
vt 0.748869 0.824360
vt 0.748915 0.815955
vt 0.748853 0.820314
vt 0.748827 0.811020
vt 0.759610 0.805572
vt 0.748924 0.841630
vt 0.749083 0.844212
vt 0.760156 0.842730
vt 0.749227 0.847425
vt 0.749090 0.846198
vt 0.748854 0.852546
vt 0.748913 0.850323
vt 0.748849 0.854943
vt 0.751152 0.858767
vt 0.750955 0.861777
vt 0.046464 0.107655
vt 0.738868 0.834450
vt 0.738781 0.836576
vt 0.738917 0.832384
vt 0.748992 0.830259
vt 0.738718 0.828000
vt 0.738701 0.815876
vt 0.738619 0.820277
vt 0.738612 0.810966
vt 0.748653 0.805611
vt 0.738709 0.841733
vt 0.738911 0.844233
vt 0.748978 0.842806
vt 0.738914 0.846973
vt 0.738683 0.849792
vt 0.738466 0.851854
vt 0.737145 0.854711
vt 0.736903 0.858142
vt 0.737286 0.861433
vt 0.063631 0.131036
vt 0.039321 0.133299
vt 0.120136 0.141568
vt 0.096089 0.141181
vt 0.227040 0.162126
vt 0.218070 0.160929
vt 0.040722 0.155782
vt 0.048008 0.132575
vt 0.145996 0.143757
vt 0.726007 0.834340
vt 0.738670 0.824450
vt 0.726355 0.820230
vt 0.738450 0.805476
vt 0.726177 0.844413
vt 0.738799 0.842830
vt 0.725694 0.847041
vt 0.726109 0.861799
vt 0.056627 0.164704
vt 0.048709 0.154888
vt 0.012392 0.169004
vt 0.083793 0.165013
vt 0.118832 0.175448
vt 0.119754 0.164035
vt 0.160076 0.173770
vt 0.151697 0.174383
vt 0.107843 0.175820
vt 0.095807 0.175478
vt 0.064875 0.173764
vt 0.218280 0.173854
vt 0.178696 0.162997
vt 0.181714 0.171942
vt 0.172279 0.172811
vt 0.032285 0.174330
vt 0.022982 0.175415
vt 0.199770 0.162131
vt 0.206214 0.171514
vt 0.194592 0.171047
vt 0.083798 0.174703
vt 0.081579 0.015742
vt 0.726193 0.842884
vt 0.082410 0.119335
vt 0.072824 0.130645
vt 0.072399 0.119280
vt 0.072331 0.080969
vt 0.071723 0.068963
vt 0.071857 0.043910
vt 0.072191 0.093167
vt 0.072472 0.141640
vt 0.072560 0.032852
vt 0.082829 0.031829
vt 0.779122 0.842976
vt 0.779104 0.839944
vt 0.072064 0.106435
vt 0.072565 0.153454
vt 0.105915 0.030845
vt 0.062973 0.044522
vt 0.048455 0.035404
vt 0.139413 0.039338
vt 0.778658 0.782901
vt 0.770118 0.792453
vt 0.767210 0.782906
vt 0.770586 0.799689
vt 0.778626 0.792257
vt 0.778731 0.801106
vt 0.778833 0.835550
vt 0.779059 0.837673
vt 0.778694 0.829918
vt 0.778807 0.832660
vt 0.769872 0.824136
vt 0.778802 0.826869
vt 0.778817 0.819485
vt 0.770226 0.820242
vt 0.778817 0.806237
vt 0.778892 0.811377
vt 0.779105 0.845341
vt 0.772114 0.846609
vt 0.778951 0.849453
vt 0.772158 0.853683
vt 0.778834 0.852026
vt 0.778845 0.854091
vt 0.778756 0.857070
vt 0.778610 0.859890
vt 0.772478 0.862478
vt 0.057478 0.173599
vt 0.049644 0.165087
vt 0.073129 0.164683
vt 0.227763 0.176670
vt 0.243100 0.187242
vt 0.197166 0.036176
vt 0.203054 0.017777
vt 0.717422 0.807026
vt 0.199535 0.128163
vt 0.199587 0.145056
vt 0.199520 0.075729
vt 0.199480 0.093667
vt 0.198772 0.056523
vt 0.759376 0.799603
vt 0.199649 0.111200
vt 0.748364 0.799604
vt 0.180709 0.190857
vt 0.718046 0.816117
vt 0.181358 0.127826
vt 0.180717 0.145028
vt 0.180160 0.076158
vt 0.181098 0.093843
vt 0.178492 0.057237
vt 0.181289 0.111211
vt 0.778880 0.816113
vt 0.156943 0.195053
vt 0.778832 0.823430
vt 0.136215 0.195646
vt 0.140354 0.174256
vt 0.145209 0.011476
vt 0.718589 0.830283
vt 0.145847 0.111248
vt 0.131662 0.127892
vt 0.129396 0.111599
vt 0.130590 0.077465
vt 0.127460 0.059474
vt 0.125980 0.038412
vt 0.131328 0.093911
vt 0.131727 0.142886
vt 0.738865 0.830250
vt 0.128969 0.159363
vt 0.124628 0.011179
vt 0.760228 0.834303
vt 0.064510 0.020543
vt 0.064473 0.185962
vt 0.062759 0.093598
vt 0.071185 0.056021
vt 0.738905 0.845906
vt 0.779020 0.847126
vt 0.049653 0.173646
vt 0.048272 0.184201
vt 0.048728 0.027008
vt 0.046309 0.069140
vt 0.038178 0.081557
vt 0.241291 0.046313
vt 0.264415 0.035050
vt 0.264122 0.047011
vt 0.245733 0.010880
vt 0.227952 0.004113
vt 0.265797 0.196759
vt 0.264617 0.100765
vt 0.242248 0.100759
vt 0.242036 0.062286
vt 0.264556 0.074885
vt 0.242759 0.116000
vt 0.264564 0.129745
vt 0.240225 0.175003
vt 0.264842 0.184773
vt 0.288951 0.035673
vt 0.288757 0.047413
vt 0.288996 0.197852
vt 0.288673 0.129616
vt 0.264050 0.146615
vt 0.264620 0.087848
vt 0.288869 0.100786
vt 0.264311 0.060884
vt 0.288805 0.074839
vt 0.288822 0.115198
vt 0.264653 0.115165
vt 0.288353 0.161986
vt 0.263732 0.173594
vt 0.263383 0.162031
vt 0.288884 0.184629
vt 0.314796 0.035759
vt 0.338670 0.047499
vt 0.314654 0.047489
vt 0.338463 0.129439
vt 0.314412 0.146286
vt 0.314410 0.129514
vt 0.338583 0.087942
vt 0.314590 0.100815
vt 0.314603 0.087846
vt 0.338634 0.061260
vt 0.314601 0.074905
vt 0.314606 0.061146
vt 0.314523 0.115172
vt 0.364773 0.012165
vt 0.338928 0.023936
vt 0.338927 0.012220
vt 0.364671 0.047476
vt 0.391885 0.036346
vt 0.391859 0.047434
vt 0.391796 0.185080
vt 0.364359 0.197958
vt 0.364526 0.184107
vt 0.364582 0.173596
vt 0.391839 0.088188
vt 0.364578 0.100902
vt 0.364592 0.088086
vt 0.391845 0.061433
vt 0.364618 0.075285
vt 0.364639 0.061376
vt 0.391812 0.115181
vt 0.364551 0.129467
vt 0.364559 0.115171
vt 0.391926 0.011936
vt 0.364780 0.023717
vt 0.391685 0.198432
vt 0.391813 0.146439
vt 0.391796 0.129487
vt 0.391814 0.100932
vt 0.391834 0.075419
vt 0.391848 0.173650
vt 0.737866 0.799505
vt 0.748245 0.792630
vt 0.737738 0.792339
vt 0.723006 0.782920
vt 0.759333 0.792546
vt 0.743690 0.782948
vt 0.778735 0.764392
vt 0.717750 0.774057
vt 0.717026 0.782907
vt 0.767203 0.756593
vt 0.723015 0.756617
vt 0.717412 0.764401
vt 0.717403 0.754162
vt 0.717221 0.744601
vt 0.778792 0.723391
vt 0.778841 0.734248
vt 0.717042 0.734246
vt 0.717074 0.723397
vt 0.743680 0.756568
vt 0.314522 0.184270
vt 0.338482 0.197641
vt 0.314540 0.197812
vt 0.314411 0.173482
vt 0.338502 0.183886
vt 0.391813 0.162028
vt 0.364518 0.146265
vt 0.338460 0.161944
vt 0.338476 0.146293
vt 0.364711 0.035643
vt 0.338776 0.035694
vt 0.338567 0.100854
vt 0.338608 0.075049
vt 0.338520 0.115140
vt 0.315021 0.024113
vt 0.289818 0.012395
vt 0.338475 0.173507
vt 0.364536 0.161983
vt 0.288489 0.146386
vt 0.288861 0.087806
vt 0.288741 0.061034
vt 0.288532 0.173623
vt 0.778802 0.744620
vt 0.289327 0.023851
vt 0.265256 0.023041
vt 0.314347 0.161952
vt 0.240335 0.163267
vt 0.241711 0.033782
vt 0.231209 0.129404
vt 0.415286 0.115206
vt 0.073717 0.698576
vt 0.066197 0.700374
vt 0.066072 0.698540
vt 0.082199 0.697977
vt 0.073828 0.700508
vt 0.090695 0.696671
vt 0.098928 0.696949
vt 0.090855 0.698837
vt 0.082540 0.700022
vt 0.034864 0.692983
vt 0.041557 0.696751
vt 0.034251 0.694530
vt 0.042087 0.695039
vt 0.049979 0.698701
vt 0.058028 0.699788
vt 0.058344 0.697983
vt 0.050339 0.696714
vt 0.100083 0.673709
vt 0.093230 0.674328
vt 0.099257 0.671839
vt 0.092737 0.672716
vt 0.105804 0.669657
vt 0.104919 0.668098
vt 0.111721 0.666187
vt 0.115651 0.660997
vt 0.117194 0.662406
vt 0.117862 0.664897
vt 0.112714 0.668218
vt 0.073224 0.676308
vt 0.066963 0.678472
vt 0.066926 0.676543
vt 0.067021 0.674821
vt 0.080254 0.678006
vt 0.080148 0.675962
vt 0.073246 0.674615
vt 0.086533 0.674950
vt 0.079965 0.674160
vt 0.087077 0.677004
vt 0.098628 0.695109
vt 0.106480 0.694434
vt 0.106363 0.692822
vt 0.114577 0.691512
vt 0.128267 0.684313
vt 0.121751 0.688358
vt 0.121172 0.686814
vt 0.113845 0.690026
vt 0.061204 0.670593
vt 0.067425 0.666411
vt 0.067209 0.671185
vt 0.054971 0.669762
vt 0.061625 0.665852
vt 0.048860 0.668808
vt 0.045130 0.662274
vt 0.050110 0.663728
vt 0.055731 0.664926
vt 0.038203 0.665555
vt 0.043327 0.667621
vt 0.032959 0.662828
vt 0.040514 0.660430
vt 0.028138 0.659292
vt 0.028381 0.652304
vt 0.031736 0.655503
vt 0.035923 0.658210
vt 0.036518 0.669238
vt 0.041234 0.673549
vt 0.035667 0.671080
vt 0.030287 0.666833
vt 0.029338 0.668355
vt 0.034095 0.674465
vt 0.038386 0.682094
vt 0.031913 0.679354
vt 0.027486 0.671430
vt 0.018056 0.660351
vt 0.021315 0.667522
vt 0.015337 0.663185
vt 0.023642 0.664529
vt 0.019692 0.658498
vt 0.024943 0.662836
vt 0.073406 0.681949
vt 0.066718 0.682026
vt 0.073330 0.678312
vt 0.088740 0.685460
vt 0.094600 0.679130
vt 0.095843 0.683851
vt 0.081122 0.686564
vt 0.087779 0.680473
vt 0.046209 0.678910
vt 0.040051 0.677118
vt 0.053587 0.676909
vt 0.047100 0.675345
vt 0.042028 0.671834
vt 0.047808 0.673338
vt 0.053890 0.674818
vt 0.060374 0.677960
vt 0.060530 0.675901
vt 0.060037 0.681480
vt 0.066511 0.687049
vt 0.059538 0.686505
vt 0.053010 0.680428
vt 0.052194 0.685495
vt 0.093702 0.675819
vt 0.101210 0.676994
vt 0.106920 0.671207
vt 0.117104 0.675880
vt 0.120412 0.667918
vt 0.123699 0.672439
vt 0.108274 0.674388
vt 0.109967 0.679016
vt 0.035814 0.690084
vt 0.029887 0.684234
vt 0.036800 0.686902
vt 0.021175 0.683707
vt 0.028681 0.687289
vt 0.015518 0.676274
vt 0.007380 0.676082
vt 0.008343 0.672018
vt 0.013973 0.679518
vt 0.073605 0.692140
vt 0.066084 0.695480
vt 0.066236 0.692147
vt 0.081969 0.695318
vt 0.073611 0.695712
vt 0.097943 0.692228
vt 0.089699 0.690733
vt 0.097093 0.688922
vt 0.090289 0.694095
vt 0.043742 0.688903
vt 0.042932 0.692190
vt 0.050752 0.693933
vt 0.059042 0.691390
vt 0.058673 0.694923
vt 0.104672 0.686535
vt 0.105540 0.689621
vt 0.112364 0.687312
vt 0.120353 0.683921
vt 0.125941 0.677688
vt 0.127481 0.681577
vt 0.111824 0.683920
vt 0.027840 0.690050
vt 0.020224 0.686216
vt 0.027069 0.691408
vt 0.019493 0.687846
vt 0.012855 0.681943
vt 0.005851 0.680244
vt 0.006130 0.678593
vt 0.012277 0.683734
vt 0.097394 0.667262
vt 0.090537 0.664512
vt 0.095731 0.662761
vt 0.103093 0.664840
vt 0.100881 0.660606
vt 0.108483 0.661838
vt 0.109194 0.654823
vt 0.113083 0.658191
vt 0.105578 0.657999
vt 0.073264 0.671138
vt 0.073231 0.666386
vt 0.079591 0.670770
vt 0.079180 0.666039
vt 0.085877 0.670109
vt 0.091779 0.669192
vt 0.085046 0.665412
vt 0.054251 0.673223
vt 0.060760 0.674157
vt 0.048182 0.671911
vt 0.042469 0.670504
vt 0.031192 0.665477
vt 0.021280 0.657397
vt 0.025993 0.661644
vt 0.012040 0.667686
vt 0.018166 0.671866
vt 0.025005 0.675802
vt 0.073549 0.687065
vt 0.080599 0.681520
vt 0.044932 0.684030
vt 0.102748 0.681797
vt 0.114582 0.671339
vt 0.098646 0.670410
vt 0.110652 0.664713
vt 0.086266 0.673344
vt 0.037068 0.668063
vt 0.024140 0.655088
vt 0.022559 0.680716
vt 0.081728 0.691983
vt 0.051325 0.690585
vt 0.119153 0.680452
vt 0.048615 0.654439
vt 0.044995 0.656863
vt 0.039582 0.646277
vt 0.040780 0.657709
vt 0.036150 0.657273
vt 0.027030 0.647824
vt 0.027718 0.642889
vt 0.030073 0.638490
vt 0.033699 0.635410
vt 0.038359 0.634266
vt 0.043380 0.634980
vt 0.047908 0.637290
vt 0.051123 0.640908
vt 0.052215 0.645578
vt 0.051259 0.650431
vt 0.122821 0.617042
vt 0.130551 0.617116
vt 0.130229 0.618926
vt 0.114445 0.615572
vt 0.123179 0.615141
vt 0.105886 0.614786
vt 0.097963 0.612525
vt 0.106254 0.612645
vt 0.114608 0.613506
vt 0.159169 0.631864
vt 0.153584 0.626589
vt 0.160137 0.630511
vt 0.152657 0.628122
vt 0.145884 0.622661
vt 0.138337 0.619661
vt 0.137594 0.621335
vt 0.145054 0.624502
vt 0.091224 0.634796
vt 0.098023 0.635853
vt 0.091573 0.636811
vt 0.098112 0.637536
vt 0.084692 0.637344
vt 0.085174 0.639072
vt 0.078111 0.639282
vt 0.073042 0.643366
vt 0.071887 0.641627
vt 0.071841 0.639048
vt 0.077640 0.637070
vt 0.117915 0.638769
vt 0.124574 0.638194
vt 0.124084 0.640064
vt 0.123575 0.641712
vt 0.111504 0.635421
vt 0.111110 0.637433
vt 0.117519 0.640347
vt 0.104672 0.636868
vt 0.110854 0.639223
vt 0.104641 0.634743
vt 0.097810 0.614383
vt 0.090027 0.613140
vt 0.089751 0.614733
vt 0.081464 0.614018
vt 0.066439 0.617693
vt 0.073740 0.615344
vt 0.073996 0.616861
vt 0.081815 0.615637
vt 0.128197 0.647222
vt 0.121148 0.649775
vt 0.122513 0.645195
vt 0.134045 0.649536
vt 0.126642 0.651721
vt 0.139744 0.651939
vt 0.141784 0.659182
vt 0.137303 0.656566
vt 0.132137 0.654045
vt 0.149299 0.657673
vt 0.144826 0.654429
vt 0.153728 0.661587
vt 0.145818 0.662088
vt 0.157553 0.666182
vt 0.155636 0.672904
vt 0.153146 0.668993
vt 0.149736 0.665352
vt 0.151822 0.654519
vt 0.148291 0.649182
vt 0.153095 0.652923
vt 0.157289 0.658346
vt 0.158578 0.657097
vt 0.155438 0.650019
vt 0.153119 0.641579
vt 0.158738 0.645803
vt 0.161119 0.654561
vt 0.167593 0.667589
vt 0.166162 0.659844
vt 0.170915 0.665497
vt 0.163181 0.662186
vt 0.165559 0.668992
vt 0.161509 0.663514
vt 0.119103 0.633252
vt 0.125611 0.634795
vt 0.118297 0.636799
vt 0.105072 0.626137
vt 0.097855 0.630861
vt 0.097766 0.626023
vt 0.112731 0.626907
vt 0.104798 0.631208
vt 0.144759 0.642777
vt 0.150300 0.646005
vt 0.137116 0.642935
vt 0.143032 0.646021
vt 0.147105 0.650654
vt 0.141861 0.647797
vt 0.136316 0.644891
vt 0.130783 0.640274
vt 0.130135 0.642234
vt 0.131962 0.636940
vt 0.127026 0.629970
vt 0.133661 0.632185
vt 0.138526 0.639660
vt 0.140543 0.634940
vt 0.097926 0.634292
vt 0.090925 0.631337
vt 0.083984 0.635571
vt 0.075232 0.628575
vt 0.070097 0.635500
vt 0.068001 0.630318
vt 0.083440 0.632157
vt 0.082916 0.627257
vt 0.157546 0.634447
vt 0.161883 0.641557
vt 0.155820 0.637296
vt 0.170210 0.644174
vt 0.163791 0.638884
vt 0.173902 0.652753
vt 0.181753 0.654906
vt 0.179837 0.658616
vt 0.176185 0.649979
vt 0.121373 0.623314
vt 0.129478 0.621893
vt 0.128525 0.625091
vt 0.114026 0.618208
vt 0.122231 0.619847
vt 0.097778 0.617344
vt 0.105416 0.620788
vt 0.097803 0.620758
vt 0.105656 0.617383
vt 0.149567 0.633676
vt 0.151148 0.630683
vt 0.143981 0.627101
vt 0.135322 0.627565
vt 0.136556 0.624238
vt 0.089871 0.621242
vt 0.089776 0.618038
vt 0.082596 0.618628
vt 0.074024 0.619987
vt 0.067096 0.624684
vt 0.066541 0.620538
vt 0.082300 0.622050
vt 0.165275 0.636408
vt 0.171738 0.641969
vt 0.166350 0.635277
vt 0.172841 0.640564
vt 0.177857 0.647896
vt 0.184243 0.651237
vt 0.183572 0.652772
vt 0.178850 0.646298
vt 0.092274 0.641703
vt 0.098252 0.646101
vt 0.092799 0.646472
vt 0.086158 0.642675
vt 0.087280 0.647317
vt 0.080201 0.644284
vt 0.077816 0.650919
vt 0.074856 0.646711
vt 0.082092 0.648711
vt 0.116626 0.643776
vt 0.115509 0.648395
vt 0.110398 0.642603
vt 0.109653 0.647292
vt 0.104139 0.641724
vt 0.098189 0.641187
vt 0.103809 0.646482
vt 0.135581 0.646351
vt 0.129490 0.643871
vt 0.141152 0.649092
vt 0.146356 0.651839
vt 0.156083 0.659443
vt 0.163752 0.669676
vt 0.160106 0.664592
vt 0.175201 0.661927
vt 0.170267 0.656390
vt 0.164583 0.650918
vt 0.120201 0.628252
vt 0.112018 0.631928
vt 0.147235 0.638117
vt 0.090696 0.626118
vt 0.076582 0.633591
vt 0.091820 0.638345
vt 0.078792 0.640970
vt 0.104543 0.638491
vt 0.151007 0.655513
vt 0.160419 0.671225
vt 0.168143 0.646742
vt 0.113453 0.621503
vt 0.142616 0.630212
vt 0.074349 0.623643
vt 0.136501 0.665989
vt 0.140596 0.664501
vt 0.143319 0.676074
vt 0.144890 0.664689
vt 0.149282 0.666219
vt 0.155876 0.677576
vt 0.154027 0.682202
vt 0.150689 0.685908
vt 0.146432 0.688033
vt 0.141634 0.688028
vt 0.136930 0.686134
vt 0.133085 0.682808
vt 0.130829 0.678527
vt 0.130887 0.673731
vt 0.132976 0.669247
vt 0.503598 0.881166
vt 0.501816 0.883225
vt 0.501653 0.880819
vt 0.649917 0.879868
vt 0.658906 0.890204
vt 0.648201 0.882450
vt 0.453002 0.962774
vt 0.434439 0.946879
vt 0.454167 0.947448
vt 0.431507 0.984829
vt 0.452115 0.975833
vt 0.451715 0.986214
vt 0.737289 0.929776
vt 0.720979 0.948218
vt 0.721235 0.928922
vt 0.767009 0.930659
vt 0.750553 0.951111
vt 0.752395 0.930475
vt 0.494928 0.915805
vt 0.505556 0.899938
vt 0.504462 0.918106
vt 0.688551 0.879448
vt 0.671642 0.892617
vt 0.666878 0.879745
vt 0.408343 0.892569
vt 0.413398 0.878918
vt 0.419480 0.895884
vt 0.665983 0.974774
vt 0.656587 0.968619
vt 0.669962 0.965454
vt 0.501895 0.966298
vt 0.492233 0.977764
vt 0.491679 0.965775
vt 0.742662 0.880953
vt 0.755245 0.891182
vt 0.740350 0.894111
vt 0.479157 0.900232
vt 0.459662 0.887497
vt 0.483023 0.887550
vt 0.736572 0.949348
vt 0.721374 0.965907
vt 0.748944 0.971033
vt 0.764916 0.953492
vt 0.758861 0.973615
vt 0.473794 0.948524
vt 0.473338 0.963386
vt 0.646763 0.931842
vt 0.659048 0.951914
vt 0.646999 0.955734
vt 0.472860 0.976256
vt 0.473720 0.986804
vt 0.673111 0.930680
vt 0.659995 0.910493
vt 0.673278 0.911033
vt 0.416671 0.946570
vt 0.431522 0.962282
vt 0.411273 0.963607
vt 0.411789 0.984254
vt 0.430769 0.975315
vt 0.721727 0.910694
vt 0.738411 0.910546
vt 0.438108 0.878673
vt 0.461512 0.880352
vt 0.753454 0.910327
vt 0.767226 0.909256
vt 0.436814 0.915114
vt 0.455515 0.931806
vt 0.436310 0.931129
vt 0.704782 0.947765
vt 0.688991 0.929328
vt 0.705328 0.928726
vt 0.503102 0.935069
vt 0.491315 0.950184
vt 0.492067 0.933316
vt 0.706936 0.879883
vt 0.721739 0.893567
vt 0.707073 0.893644
vt 0.704119 0.976270
vt 0.687198 0.965424
vt 0.704533 0.965112
vt 0.456847 0.916019
vt 0.474648 0.932496
vt 0.407133 0.912872
vt 0.419167 0.930339
vt 0.405782 0.929404
vt 0.689086 0.910679
vt 0.688531 0.892535
vt 0.436069 0.884906
vt 0.413879 0.875908
vt 0.767619 0.888614
vt 0.403123 0.961360
vt 0.405719 0.982519
vt 0.409594 0.978517
vt 0.436651 0.899060
vt 0.420257 0.913611
vt 0.499638 0.896466
vt 0.503535 0.883623
vt 0.653275 0.878779
vt 0.409541 0.879631
vt 0.410958 0.876568
vt 0.648839 0.976758
vt 0.646431 0.975881
vt 0.659921 0.933837
vt 0.672446 0.949558
vt 0.458479 0.900373
vt 0.647924 0.907525
vt 0.688384 0.948172
vt 0.685534 0.975389
vt 0.476906 0.916231
vt 0.722111 0.977085
vt 0.705776 0.910676
vt 0.502359 0.951406
vt 0.724577 0.880550
vt 0.404087 0.945022
vt 0.501787 0.977577
vt 0.498994 0.981241
vt 0.759793 0.880594
vt 0.765227 0.882432
vt 0.738334 0.978001
vt 0.750298 0.979383
vt 0.403684 0.977475
vt 0.484394 0.881323
vt 0.737170 0.967391
vt 0.754974 0.977917
vt 0.645886 0.973849
vt 0.493863 0.983433
vt 0.628342 0.971454
vt 0.625052 0.966861
vt 0.628230 0.967218
vt 0.912990 0.416647
vt 0.907758 0.412843
vt 0.913950 0.412275
vt 0.585941 0.947294
vt 0.602565 0.933753
vt 0.602886 0.949686
vt 0.914010 0.381117
vt 0.902503 0.363045
vt 0.915596 0.358138
vt 0.886153 0.381017
vt 0.868984 0.396509
vt 0.868690 0.381014
vt 0.627452 0.934641
vt 0.619273 0.915512
vt 0.625671 0.912446
vt 0.586712 0.917810
vt 0.570019 0.931149
vt 0.570019 0.917110
vt 0.869159 0.345291
vt 0.851080 0.354997
vt 0.851080 0.344910
vt 0.586265 0.932504
vt 0.570019 0.946382
vt 0.868620 0.366284
vt 0.851080 0.380493
vt 0.851080 0.366284
vt 0.587595 0.895337
vt 0.570019 0.903696
vt 0.570019 0.895549
vt 0.851080 0.397092
vt 0.570019 0.971655
vt 0.586561 0.959200
vt 0.585778 0.972250
vt 0.851080 0.422052
vt 0.869903 0.410213
vt 0.870622 0.421414
vt 0.603542 0.917810
vt 0.888485 0.353604
vt 0.869159 0.356107
vt 0.886488 0.365362
vt 0.605198 0.905153
vt 0.587349 0.905322
vt 0.603925 0.972559
vt 0.624559 0.972637
vt 0.890068 0.420012
vt 0.908621 0.417960
vt 0.623474 0.897606
vt 0.627275 0.899874
vt 0.624097 0.902276
vt 0.910267 0.344416
vt 0.914153 0.344306
vt 0.911275 0.347590
vt 0.620781 0.956586
vt 0.618347 0.936334
vt 0.902652 0.398654
vt 0.901865 0.380971
vt 0.626303 0.957443
vt 0.570019 0.958056
vt 0.604413 0.961620
vt 0.915766 0.348116
vt 0.913833 0.403722
vt 0.851080 0.410508
vt 0.886669 0.396758
vt 0.888700 0.410318
vt 0.627352 0.904233
vt 0.889023 0.345244
vt 0.605535 0.895868
vt 0.511696 0.971455
vt 0.514986 0.966861
vt 0.515479 0.972637
vt 0.789170 0.416647
vt 0.794402 0.412843
vt 0.793539 0.417960
vt 0.554096 0.947294
vt 0.537473 0.933754
vt 0.553773 0.932504
vt 0.799658 0.363045
vt 0.788151 0.381116
vt 0.786565 0.358137
vt 0.816008 0.381016
vt 0.833177 0.396509
vt 0.815492 0.396757
vt 0.520765 0.915512
vt 0.512586 0.934642
vt 0.514367 0.912447
vt 0.553325 0.917810
vt 0.833002 0.345290
vt 0.833541 0.366283
vt 0.552443 0.895337
vt 0.833471 0.381014
vt 0.553477 0.959200
vt 0.554260 0.972250
vt 0.832257 0.410213
vt 0.831538 0.421414
vt 0.813675 0.353603
vt 0.813137 0.345244
vt 0.534840 0.905153
vt 0.534503 0.895868
vt 0.536113 0.972559
vt 0.812092 0.420012
vt 0.516564 0.897606
vt 0.515940 0.902277
vt 0.512763 0.899875
vt 0.791894 0.344416
vt 0.790886 0.347590
vt 0.788008 0.344306
vt 0.519256 0.956586
vt 0.521691 0.936334
vt 0.799508 0.398653
vt 0.800295 0.380971
vt 0.513734 0.957444
vt 0.833001 0.356107
vt 0.537152 0.949686
vt 0.786395 0.348116
vt 0.788327 0.403722
vt 0.552689 0.905322
vt 0.512685 0.904234
vt 0.536496 0.917811
vt 0.815673 0.365362
vt 0.535625 0.961620
vt 0.813460 0.410318
vt 0.498719 0.763057
vt 0.493325 0.768313
vt 0.493071 0.763761
vt 0.518964 0.790963
vt 0.523424 0.794964
vt 0.517084 0.794454
vt 0.430484 0.841022
vt 0.452837 0.827907
vt 0.453203 0.841591
vt 0.434703 0.863737
vt 0.454831 0.855232
vt 0.455737 0.864307
vt 0.603965 0.841314
vt 0.586794 0.859136
vt 0.587034 0.840914
vt 0.628968 0.842800
vt 0.617821 0.862431
vt 0.618370 0.841715
vt 0.500646 0.798999
vt 0.489606 0.784782
vt 0.501446 0.780358
vt 0.555967 0.789678
vt 0.541798 0.802531
vt 0.540585 0.789801
vt 0.403712 0.772111
vt 0.412246 0.785401
vt 0.404112 0.786163
vt 0.534407 0.887628
vt 0.522655 0.882183
vt 0.538622 0.876794
vt 0.501763 0.843622
vt 0.496939 0.861862
vt 0.489484 0.843875
vt 0.605191 0.790114
vt 0.622617 0.795615
vt 0.604461 0.802271
vt 0.473292 0.786628
vt 0.454799 0.775378
vt 0.477251 0.774549
vt 0.602408 0.860155
vt 0.586731 0.875964
vt 0.628248 0.864477
vt 0.623114 0.883785
vt 0.471434 0.828274
vt 0.472658 0.842543
vt 0.515510 0.844847
vt 0.528694 0.860623
vt 0.515684 0.870253
vt 0.476366 0.856720
vt 0.476568 0.864339
vt 0.541749 0.840976
vt 0.528908 0.819922
vt 0.542023 0.821335
vt 0.412287 0.827481
vt 0.410596 0.843719
vt 0.410635 0.864566
vt 0.432495 0.855548
vt 0.587280 0.821777
vt 0.603734 0.821635
vt 0.430736 0.765724
vt 0.457511 0.765255
vt 0.629274 0.820659
vt 0.618719 0.819880
vt 0.452607 0.800306
vt 0.430639 0.813912
vt 0.430098 0.800280
vt 0.571276 0.858832
vt 0.556322 0.840859
vt 0.571505 0.840763
vt 0.500654 0.828677
vt 0.487819 0.813962
vt 0.500752 0.812213
vt 0.571724 0.789695
vt 0.588138 0.802789
vt 0.571949 0.803024
vt 0.569762 0.887345
vt 0.555458 0.876261
vt 0.570709 0.875508
vt 0.471290 0.814223
vt 0.452429 0.814013
vt 0.403933 0.800077
vt 0.412622 0.813479
vt 0.403701 0.813889
vt 0.571505 0.821797
vt 0.488188 0.799307
vt 0.556599 0.802868
vt 0.431385 0.786942
vt 0.556166 0.859004
vt 0.554538 0.888242
vt 0.453424 0.787129
vt 0.471716 0.800242
vt 0.412400 0.799570
vt 0.556453 0.821384
vt 0.430415 0.827528
vt 0.588337 0.887718
vt 0.403286 0.828559
vt 0.588508 0.789889
vt 0.502509 0.860910
vt 0.500987 0.866179
vt 0.621667 0.790085
vt 0.626521 0.791497
vt 0.605025 0.886421
vt 0.622730 0.889294
vt 0.404354 0.858694
vt 0.403164 0.843356
vt 0.500257 0.766996
vt 0.525777 0.789930
vt 0.404766 0.765389
vt 0.410971 0.771761
vt 0.520387 0.887711
vt 0.515619 0.887645
vt 0.528624 0.842319
vt 0.541133 0.859539
vt 0.516215 0.817301
vt 0.431023 0.775232
vt 0.406315 0.863078
vt 0.408984 0.859786
vt 0.628863 0.795700
vt 0.408481 0.763945
vt 0.482155 0.764778
vt 0.602754 0.877220
vt 0.629041 0.885520
vt 0.628203 0.889175
vt 0.487891 0.828846
vt 0.497203 0.865911
vt 0.515471 0.881538
vt 0.511807 0.967219
vt 0.788211 0.412275
vt 0.714387 0.536307
vt 0.768832 0.463001
vt 0.766619 0.536072
vt 0.719346 0.401935
vt 0.713910 0.467550
vt 0.775846 0.334018
vt 0.773206 0.397813
vt 0.721981 0.338134
vt 0.742677 0.465167
vt 0.747557 0.399776
vt 0.750194 0.335978
vt 0.750717 0.464501
vt 0.749391 0.536149
vt 0.755441 0.399172
vt 0.749706 0.536148
vt 0.751047 0.464474
vt 0.755765 0.399148
vt 0.748913 0.336076
vt 0.770936 0.431641
vt 0.716525 0.435985
vt 0.775846 0.334025
vt 0.743108 0.536178
vt 0.748962 0.399668
vt 0.736995 0.465638
vt 0.744622 0.336404
vt 0.745590 0.464926
vt 0.750414 0.399557
vt 0.753052 0.335760
vt 0.750247 0.536145
vt 0.751617 0.464427
vt 0.758962 0.335308
vt 0.756323 0.399105
vt 0.773211 0.397686
vt 0.733648 0.536220
vt 0.734163 0.465872
vt 0.741844 0.336616
vt 0.739207 0.400415
vt 0.739794 0.536192
vt 0.740625 0.465337
vt 0.745545 0.399930
vt 0.739667 0.536193
vt 0.740492 0.465348
vt 0.748051 0.336142
vt 0.734292 0.465862
vt 0.741971 0.336607
vt 0.739334 0.400405
vt 0.740160 0.465376
vt 0.745088 0.399965
vt 0.747726 0.336167
vt 0.740894 0.465315
vt 0.740050 0.536191
vt 0.748446 0.336112
vt 0.745808 0.399910
vt 0.741222 0.465288
vt 0.740361 0.536190
vt 0.746129 0.399885
vt 0.748767 0.336087
vt 0.740037 0.465386
vt 0.739235 0.536195
vt 0.744968 0.399974
vt 0.741654 0.536184
vt 0.747463 0.399783
vt 0.742581 0.465175
vt 0.750100 0.335985
vt 0.742329 0.465196
vt 0.741415 0.536185
vt 0.749853 0.336004
vt 0.747216 0.399802
vt 0.735322 0.536213
vt 0.740933 0.400283
vt 0.743571 0.336484
vt 0.738541 0.536198
vt 0.739307 0.465446
vt 0.744252 0.400029
vt 0.736648 0.465667
vt 0.741644 0.400228
vt 0.738263 0.465533
vt 0.737548 0.536203
vt 0.743229 0.400107
vt 0.745866 0.336309
vt 0.739180 0.536195
vt 0.744912 0.399978
vt 0.747549 0.336180
vt 0.746629 0.536162
vt 0.752593 0.399390
vt 0.747813 0.464742
vt 0.736012 0.536209
vt 0.744281 0.336430
vt 0.735923 0.465727
vt 0.739980 0.465391
vt 0.739352 0.536194
vt 0.733771 0.536220
vt 0.748182 0.336132
vt 0.745414 0.399940
vt 0.744516 0.536171
vt 0.744110 0.465048
vt 0.751599 0.335871
vt 0.736342 0.536208
vt 0.741985 0.400202
vt 0.755231 0.335593
vt 0.719351 0.401807
vt 0.741745 0.536184
vt 0.758403 0.335351
vt 0.775804 0.335026
vt 0.746889 0.336231
vt 0.758079 0.335376
vt 0.787836 0.895732
vt 0.820718 0.987954
vt 0.962134 0.810953
vt 0.992221 0.956535
vt 0.123783 0.262959
vt 0.138586 0.262603
vt 0.694881 0.221086
vt 0.047609 0.379810
vt 0.599143 0.221145
vt 0.512065 0.355783
vt 0.376517 0.661821
vt 0.996639 0.004228
vt 0.162690 0.262883
vt 0.443417 0.315339
vt 0.423812 0.278782
vt 0.018951 0.260792
vt 0.770352 0.221086
vt 0.083725 0.262372
vt 0.147949 0.307542
vt 0.063079 0.305303
vt 0.046730 0.201894
vt 0.804335 0.220693
vt 0.017781 0.977033
vt 0.357728 0.210944
vt 0.493157 0.215081
vt 0.012689 0.201215
vt 0.789718 0.024555
vt 0.736912 0.190083
vt 0.779035 0.590438
vt 0.778729 0.571045
vt 0.778810 0.714057
vt 0.743678 0.714057
vt 0.415286 0.157189
vt 0.113591 0.012114
vt 0.126896 0.194762
vt 0.778198 0.862792
vt 0.128882 0.685923
vt 0.066232 0.615982
vt 0.775805 0.335002
s 1
usemtl sofa_03
f 1/1/1 3/2/2 2/3/3
f 8/4/4 6/5/5 5/6/6
f 12/7/7 10/8/8 9/9/9
f 16/10/10 14/11/11 13/12/12
f 17/13/13 19/14/14 18/15/15
f 23/16/16 21/17/17 13/12/12
f 27/18/18 25/19/19 24/20/20
f 30/21/21 28/22/22 9/23/9
f 33/24/23 31/25/24 17/26/13
f 36/27/25 34/28/26 5/29/6
f 37/30/27 39/31/28 38/32/29
f 1/1/1 42/33/30 41/34/31
f 47/35/32 45/36/33 44/37/34
f 51/38/35 49/39/36 48/40/37
f 52/41/38 54/42/39 53/43/40
f 56/44/41 58/45/42 57/46/43
f 63/47/44 61/48/45 60/49/46
f 64/50/47 66/51/48 65/52/49
f 56/44/41 51/38/35 48/40/37
f 71/53/50 69/54/51 60/49/46
f 52/55/38 73/56/52 72/57/53
f 64/58/47 75/59/54 74/60/55
f 77/61/56 79/62/57 78/63/58
f 12/64/7 81/65/59 80/66/60
f 8/67/4 83/68/61 82/69/62
f 85/70/63 87/71/64 86/72/65
f 91/73/66 89/74/67 88/75/68
f 95/76/69 93/77/70 92/78/71
f 96/79/72 20/80/73 97/81/74
f 100/82/75 98/83/76 85/70/63
f 101/84/77 7/85/78 82/86/62
f 103/87/79 80/88/60 101/89/77
f 105/90/80 96/91/72 106/92/81
f 110/93/82 108/94/83 107/95/84
f 88/96/68 106/97/81 111/98/85
f 113/99/86 46/100/87 47/101/32
f 115/102/88 35/103/89 36/104/25
f 9/9/9 116/105/90 30/106/21
f 33/107/23 18/15/15 117/108/91
f 119/109/92 11/110/93 102/111/94
f 42/112/30 120/113/95 117/114/91
f 123/115/96 34/28/26 35/116/89
f 14/11/11 46/117/87 124/118/97
f 39/119/28 125/120/98 116/121/90
f 122/122/99 84/123/100 34/28/26
f 129/124/101 103/87/79 83/68/61
f 104/125/102 130/126/103 86/72/65
f 131/127/104 26/128/105 132/129/106
f 134/130/107 28/22/22 29/131/108
f 37/30/27 136/132/109 135/133/110
f 30/134/21 125/120/98 29/135/108
f 123/136/96 26/128/105 27/18/18
f 40/137/111 135/133/110 139/138/112
f 36/139/25 6/5/5 115/140/88
f 25/19/19 140/141/113 94/142/114
f 141/143/115 93/77/70 142/144/116
f 115/102/88 143/145/117 114/146/118
f 139/138/112 145/147/119 126/148/120
f 148/149/121 3/2/2 98/83/76
f 22/150/122 149/151/123 21/17/17
f 151/152/124 32/153/125 152/154/126
f 153/155/127 44/156/34 91/157/66
f 23/16/16 154/158/128 22/150/122
f 33/159/23 120/113/95 32/160/125
f 43/161/129 2/3/3 155/162/130
f 47/163/32 153/155/127 113/164/86
f 156/165/131 21/17/17 149/151/123
f 31/25/24 151/152/124 97/81/74
f 78/63/58 157/166/132 99/167/133
f 113/99/86 159/168/134 112/169/135
f 162/170/136 121/171/137 155/162/130
f 135/133/110 164/172/138 163/173/139
f 29/135/108 165/174/140 134/175/107
f 132/129/106 138/176/141 166/177/142
f 139/138/112 163/173/139 146/178/143
f 6/5/5 144/179/144 115/140/88
f 63/47/44 131/127/104 132/129/106
f 134/130/107 55/180/145 133/181/146
f 168/182/147 131/127/104 167/183/148
f 142/144/116 169/184/149 141/143/115
f 144/185/144 171/186/150 143/145/117
f 146/178/143 172/187/151 145/147/119
f 89/74/67 15/188/152 173/189/153
f 116/105/90 38/32/29 39/31/28
f 117/108/91 41/34/31 42/33/30
f 175/190/154 174/191/155 58/45/42
f 143/145/117 62/192/156 166/177/142
f 18/15/15 87/71/64 41/34/31
f 107/95/84 118/193/157 119/109/92
f 43/161/129 121/171/137 42/112/30
f 27/18/18 122/122/99 123/115/96
f 124/118/97 13/12/12 14/11/11
f 40/137/111 126/148/120 39/119/28
f 95/76/69 122/122/99 24/20/20
f 92/78/71 128/194/158 129/124/101
f 173/189/153 100/82/75 130/126/103
f 35/103/89 138/176/141 123/136/96
f 165/174/140 126/148/120 145/147/119
f 124/195/97 112/169/135 154/158/128
f 121/171/137 176/196/159 120/113/95
f 65/52/49 177/197/160 61/48/45
f 143/145/117 138/176/141 114/146/118
f 53/43/40 172/187/151 57/46/43
f 12/7/7 102/111/94 11/110/93
f 15/188/152 77/61/56 173/189/153
f 50/198/161 178/199/162 49/39/36
f 13/12/12 79/62/57 16/10/10
f 28/22/22 12/64/7 9/23/9
f 90/200/163 44/37/34 45/36/33
f 118/193/157 10/8/8 11/110/93
f 137/201/164 108/94/83 136/132/109
f 180/202/165 28/22/22 133/181/146
f 91/157/66 111/98/85 153/155/127
f 156/165/131 78/63/58 79/62/57
f 136/132/109 181/203/166 164/172/138
f 90/200/163 14/11/11 15/188/152
f 137/201/164 38/32/29 118/193/157
f 77/61/56 99/167/133 100/82/75
f 81/65/59 101/84/77 80/66/60
f 101/89/77 83/68/61 103/87/79
f 88/75/68 105/90/80 106/92/81
f 92/78/71 109/204/167 110/93/82
f 106/97/81 97/81/74 111/98/85
f 128/194/158 102/111/94 103/87/79
f 105/90/80 173/189/153 130/126/103
f 81/65/59 182/205/168 7/85/78
f 141/143/115 108/94/83 109/204/167
f 157/166/132 98/83/76 99/167/133
f 169/184/149 181/203/166 141/143/115
f 110/93/82 119/109/92 128/194/158
f 130/126/103 85/70/63 86/72/65
f 85/70/63 3/2/2 4/206/169
f 7/85/78 8/4/4 82/86/62
f 20/207/73 104/125/102 19/14/14
f 84/123/100 5/29/6 34/28/26
f 4/206/169 41/34/31 87/71/64
f 94/142/114 24/20/20 25/19/19
f 20/80/73 31/25/24 97/81/74
f 127/208/170 83/68/61 84/123/100
f 7/85/78 75/59/54 6/5/5
f 94/142/114 142/144/116 93/77/70
f 147/209/171 2/3/3 3/2/2
f 170/210/172 140/141/113 168/182/147
f 19/14/14 86/72/65 87/71/64
f 92/78/71 127/208/170 95/76/69
f 163/173/139 50/198/161 51/38/35
f 54/42/39 134/175/107 165/174/140
f 132/129/106 62/192/156 63/47/44
f 68/211/173 163/173/139 51/38/35
f 75/59/54 76/212/174 144/179/144
f 167/183/148 60/49/46 69/54/51
f 133/181/146 52/55/38 72/57/53
f 167/183/148 184/213/175 168/182/147
f 186/214/176 169/184/149 170/210/172
f 76/215/174 65/52/49 171/186/150
f 68/211/173 57/46/43 172/187/151
f 171/186/150 61/48/45 62/192/156
f 54/42/39 145/147/119 172/187/151
f 164/172/138 179/216/177 50/198/161
f 133/181/146 187/217/178 180/202/165
f 180/202/165 188/218/179 182/205/168
f 185/219/180 179/216/177 169/184/149
f 182/205/168 74/60/55 75/59/54
f 168/182/147 186/214/176 170/210/172
f 59/220/181 175/190/154 58/45/42
f 67/221/182 176/196/159 66/51/48
f 70/222/183 162/170/136 183/223/184
f 160/224/185 72/57/53 73/56/52
f 190/225/186 184/213/175 189/226/187
f 56/44/41 191/227/188 59/220/181
f 74/60/55 67/228/182 64/58/47
f 192/229/189 48/40/37 49/39/36
f 193/230/190 178/199/162 185/219/180
f 73/231/52 53/43/40 174/191/155
f 71/53/50 61/48/45 177/197/160
f 53/43/40 58/45/42 174/191/155
f 153/155/127 187/217/178 72/57/53
f 194/232/191 49/39/36 178/199/162
f 190/225/186 185/219/180 186/214/176
f 189/226/187 69/54/51 70/222/183
f 147/209/171 190/225/186 189/226/187
f 150/233/192 191/227/188 149/151/123
f 151/152/124 67/228/182 74/60/55
f 156/165/131 191/227/188 192/229/189
f 151/152/124 188/218/179 97/81/74
f 158/234/193 193/230/190 157/166/132
f 97/81/74 187/217/178 111/98/85
f 73/231/52 159/168/134 160/235/185
f 71/53/50 161/236/194 162/170/136
f 159/168/134 154/158/128 112/169/135
f 161/236/194 66/51/48 176/196/159
f 158/234/193 192/229/189 194/232/191
f 148/149/121 193/230/190 190/225/186
f 189/226/187 183/223/184 147/209/171
f 150/233/192 154/158/128 175/190/154
f 176/196/159 32/160/125 120/113/95
f 183/223/184 155/162/130 2/3/3
f 153/155/127 160/224/185 113/164/86
f 195/1/195 197/2/196 196/206/197
f 202/5/198 200/4/199 199/6/200
f 206/8/201 204/7/202 203/9/203
f 210/11/204 208/10/205 207/12/206
f 211/13/207 213/14/208 212/207/209
f 217/17/210 215/16/211 207/12/206
f 221/19/212 219/18/213 218/20/214
f 224/22/215 222/21/216 203/23/203
f 227/25/217 225/24/218 211/26/207
f 230/28/219 228/27/220 199/29/200
f 231/30/221 233/31/222 232/137/223
f 195/1/195 236/33/224 235/161/225
f 241/36/226 239/35/227 238/37/228
f 245/39/229 243/38/230 242/40/231
f 246/41/232 248/42/233 247/237/234
f 250/44/235 252/45/236 251/220/237
f 257/48/238 255/47/239 254/49/240
f 258/50/241 260/51/242 259/221/243
f 250/44/235 243/38/230 262/211/244
f 265/54/245 263/53/246 254/49/240
f 246/55/232 267/57/247 266/56/248
f 258/58/241 269/59/249 268/212/250
f 271/61/251 272/62/252 208/10/205
f 275/65/253 204/64/202 274/66/254
f 278/68/255 200/67/199 276/69/256
f 279/70/257 280/71/258 196/206/197
f 285/74/259 283/73/260 282/75/261
f 289/77/262 287/76/263 286/78/264
f 290/79/265 291/81/266 212/80/209
f 294/83/267 292/82/268 279/70/257
f 201/85/269 295/84/270 276/86/256
f 296/87/271 274/88/254 297/111/272
f 299/90/273 290/91/265 300/125/274
f 304/94/275 302/93/276 301/95/277
f 282/96/261 305/98/278 298/97/279
f 306/99/280 240/100/281 307/169/282
f 308/102/283 229/103/284 309/146/285
f 203/9/203 310/105/286 206/8/201
f 214/15/287 225/107/218 311/108/288
f 205/110/289 312/109/290 297/111/272
f 315/113/291 236/112/224 311/114/288
f 230/28/219 316/115/292 229/116/284
f 210/11/204 240/117/281 241/36/226
f 320/120/293 233/119/222 310/121/286
f 277/123/294 317/122/295 230/28/219
f 296/87/271 322/124/296 278/68/255
f 300/125/274 324/126/297 299/90/273
f 326/127/298 220/128/299 221/19/212
f 224/22/215 327/130/300 223/131/301
f 331/132/302 231/30/221 329/133/303
f 320/120/293 222/134/216 223/135/301
f 316/136/292 220/128/299 332/176/304
f 329/133/303 232/137/223 333/138/305
f 202/5/198 228/139/220 308/140/283
f 221/19/212 334/141/306 326/127/298
f 336/143/307 289/77/262 303/204/308
f 308/102/283 338/145/309 337/185/310
f 333/138/305 340/147/311 339/178/312
f 197/2/196 341/149/313 294/83/267
f 216/150/314 344/151/315 343/233/316
f 346/152/317 226/153/318 227/25/217
f 347/155/319 283/157/260 238/156/228
f 348/158/320 215/16/211 216/150/314
f 315/113/291 225/159/218 226/160/318
f 198/3/321 235/161/225 349/162/322
f 347/155/319 239/163/227 306/164/280
f 350/165/323 217/17/210 272/62/252
f 227/25/217 291/81/266 346/152/317
f 273/63/324 352/166/325 351/234/326
f 306/99/280 354/168/327 353/235/328
f 314/171/329 355/170/330 349/162/322
f 358/172/331 329/133/303 357/173/332
f 359/174/333 223/135/301 327/175/300
f 325/129/334 332/176/304 220/128/299
f 357/173/332 333/138/305 339/178/312
f 202/5/198 337/179/310 269/59/249
f 326/127/298 255/47/239 325/129/334
f 327/130/300 328/181/335 247/180/234
f 362/182/336 326/127/298 334/141/306
f 335/144/337 364/184/338 363/210/339
f 337/185/310 365/186/340 268/215/250
f 339/178/312 366/187/341 262/211/244
f 209/188/342 285/74/259 367/189/343
f 234/32/344 310/105/286 233/31/222
f 237/34/345 311/108/288 236/33/224
f 369/191/346 368/190/347 252/45/236
f 256/192/348 338/145/309 360/177/349
f 280/71/258 214/15/287 237/34/345
f 313/193/350 301/95/277 312/109/290
f 314/171/329 235/161/225 236/112/224
f 317/122/295 219/18/213 316/115/292
f 318/118/351 207/12/206 215/16/211
f 319/148/352 232/137/223 233/119/222
f 287/76/263 317/122/295 321/208/353
f 323/194/354 286/78/264 322/124/296
f 367/189/343 292/82/268 271/61/251
f 332/176/304 229/103/284 316/136/292
f 319/148/352 359/174/333 340/147/311
f 318/195/351 307/169/282 240/100/281
f 314/171/329 370/196/355 356/236/356
f 371/197/357 261/52/358 257/48/238
f 338/145/309 332/176/304 360/177/349
f 366/187/341 249/43/359 253/46/360
f 297/111/272 204/7/202 205/110/289
f 209/188/342 271/61/251 208/10/205
f 373/199/361 244/198/362 245/39/229
f 207/12/206 272/62/252 217/17/210
f 224/22/215 203/23/203 204/64/202
f 284/200/363 238/37/228 283/73/260
f 206/8/201 313/193/350 205/110/289
f 304/94/275 330/201/364 331/132/302
f 374/202/365 224/22/215 275/65/253
f 305/98/278 283/157/260 347/155/319
f 273/63/324 350/165/323 272/62/252
f 375/203/366 331/132/302 358/172/331
f 210/11/204 284/200/363 209/188/342
f 234/32/344 330/201/364 313/193/350
f 271/61/251 293/167/367 273/63/324
f 275/65/253 274/66/254 295/84/270
f 278/68/255 295/89/270 296/87/271
f 282/75/261 299/90/273 285/74/259
f 286/78/264 303/204/308 289/77/262
f 291/81/266 298/97/279 305/98/278
f 297/111/272 323/194/354 296/87/271
f 367/189/343 299/90/273 324/126/297
f 275/65/253 376/205/368 374/202/365
f 304/94/275 336/143/307 303/204/308
f 294/83/267 352/166/325 293/167/367
f 375/203/366 364/184/338 336/143/307
f 312/109/290 302/93/276 323/194/354
f 324/126/297 279/70/257 292/82/268
f 279/70/257 197/2/196 294/83/267
f 201/85/269 276/86/256 200/4/199
f 300/125/274 212/207/209 213/14/208
f 277/123/294 199/29/200 200/67/199
f 237/34/345 196/206/197 280/71/258
f 288/142/369 218/20/214 287/76/263
f 227/25/217 212/80/209 291/81/266
f 278/68/255 321/208/353 277/123/294
f 201/85/269 269/59/249 376/205/368
f 288/142/369 335/144/337 334/141/306
f 198/3/321 342/209/370 197/2/196
f 363/210/339 334/141/306 335/144/337
f 281/72/371 213/14/208 280/71/258
f 286/78/264 321/208/353 322/124/296
f 357/173/332 244/198/362 358/172/331
f 248/42/233 327/175/300 247/237/234
f 325/129/334 256/192/348 360/177/349
f 357/173/332 262/211/244 243/38/230
f 269/59/249 337/179/310 268/212/250
f 361/183/372 254/49/240 255/47/239
f 328/181/335 246/55/232 247/180/234
f 378/213/373 361/183/372 362/182/336
f 379/214/374 364/184/338 380/219/375
f 261/52/358 268/215/250 365/186/340
f 253/46/360 262/211/244 366/187/341
f 257/48/238 365/186/340 256/192/348
f 340/147/311 248/42/233 366/187/341
f 358/172/331 372/216/376 375/203/366
f 381/217/377 328/181/335 374/202/365
f 382/218/378 374/202/365 376/205/368
f 380/219/375 372/216/376 373/199/361
f 270/60/379 376/205/368 269/59/249
f 379/214/374 362/182/336 363/210/339
f 368/190/347 251/220/237 252/45/236
f 370/196/355 259/221/243 260/51/242
f 264/222/380 355/170/330 263/53/246
f 353/224/328 267/57/247 347/155/319
f 378/213/373 384/225/381 383/226/382
f 250/44/235 385/227/383 242/40/231
f 270/60/379 258/58/241 259/228/243
f 386/229/384 242/40/231 385/227/383
f 387/230/385 373/199/361 388/232/386
f 249/43/359 266/231/248 369/191/346
f 257/48/238 263/53/246 371/197/357
f 249/43/359 252/45/236 253/46/360
f 347/155/319 381/217/377 305/98/278
f 388/232/386 245/39/229 386/229/384
f 384/225/381 380/219/375 387/230/385
f 265/54/245 383/226/382 264/222/380
f 342/209/370 384/225/381 341/149/313
f 385/227/383 343/233/316 344/151/315
f 346/152/317 259/228/243 345/154/387
f 350/165/323 385/227/383 344/151/315
f 382/218/378 346/152/317 291/81/266
f 387/230/385 351/234/326 352/166/325
f 381/217/377 291/81/266 305/98/278
f 266/231/248 354/168/327 369/191/346
f 263/53/246 356/236/356 371/197/357
f 354/168/327 348/158/320 368/190/347
f 260/51/242 356/236/356 370/196/355
f 351/234/326 386/229/384 350/165/323
f 341/149/313 387/230/385 352/166/325
f 383/226/382 377/223/388 264/222/380
f 348/158/320 343/233/316 368/190/347
f 370/196/355 226/160/318 345/238/387
f 377/223/388 349/162/322 355/170/330
f 347/155/319 306/164/280 353/224/328
f 389/239/195 391/240/196 392/241/197
f 394/242/198 396/243/199 393/244/200
f 398/245/201 400/246/202 397/247/203
f 402/248/204 404/249/205 401/250/206
f 405/251/207 407/252/208 408/253/209
f 409/254/210 411/255/211 401/250/206
f 413/256/212 415/257/213 412/258/214
f 416/259/215 418/260/216 397/261/203
f 419/262/217 421/24/218 405/263/207
f 422/264/219 424/265/220 393/266/200
f 425/267/221 427/268/222 428/269/223
f 389/239/195 430/270/224 431/271/225
f 433/272/226 435/273/227 432/274/228
f 437/275/229 439/276/230 436/277/231
f 440/278/232 442/279/233 443/280/234
f 444/281/235 446/282/236 447/283/237
f 449/284/238 451/285/239 448/286/240
f 452/287/241 454/288/242 455/289/243
f 444/281/235 439/276/230 456/290/244
f 457/291/245 459/292/246 448/286/240
f 440/293/232 460/294/247 461/295/248
f 452/296/241 463/297/249 464/298/389
f 465/299/251 467/300/252 404/249/205
f 469/301/253 400/302/202 468/303/254
f 471/304/255 396/305/199 470/306/256
f 473/307/257 475/308/258 392/241/197
f 477/309/259 479/310/260 476/311/261
f 481/312/262 483/313/263 480/314/264
f 484/315/265 485/316/266 408/317/209
f 486/318/267 488/319/268 473/307/257
f 395/320/269 489/321/270 470/322/256
f 491/323/271 468/324/254 490/325/272
f 493/326/273 484/327/265 492/328/274
f 496/329/275 498/330/276 495/331/277
f 476/332/261 499/333/278 494/334/279
f 501/335/280 434/336/281 500/337/282
f 503/338/283 423/339/284 502/340/285
f 397/247/203 504/341/286 398/245/201
f 406/342/287 421/343/218 505/344/288
f 399/345/289 507/346/290 490/325/272
f 508/347/291 430/348/224 505/349/288
f 422/264/219 511/350/292 423/351/284
f 402/248/204 434/352/281 433/272/226
f 513/353/293 427/354/222 504/355/286
f 472/356/294 510/357/295 422/264/219
f 491/323/271 517/358/296 471/304/255
f 492/328/274 518/359/297 493/326/273
f 519/360/298 414/361/299 413/256/212
f 416/259/215 522/362/300 417/363/301
f 524/364/302 425/267/221 523/365/303
f 513/353/293 418/366/216 417/367/301
f 511/368/292 414/361/299 526/369/304
f 523/365/303 428/269/223 527/370/305
f 394/242/198 424/371/220 503/372/283
f 413/256/212 528/373/306 519/360/298
f 529/374/307 481/312/262 497/375/308
f 503/338/283 531/376/309 532/377/310
f 527/370/305 533/378/311 534/379/312
f 391/240/196 536/380/313 486/318/267
f 410/381/314 537/382/315 538/383/390
f 539/384/317 420/385/318 419/262/217
f 541/386/319 479/387/260 432/388/228
f 542/389/320 411/255/211 410/381/314
f 508/347/291 421/390/218 420/391/318
f 390/392/321 431/271/225 543/393/322
f 541/386/319 435/394/227 501/395/280
f 544/396/323 409/254/210 467/300/252
f 419/262/217 485/316/266 539/384/317
f 466/397/324 545/398/325 546/399/326
f 501/335/280 547/400/327 548/401/328
f 509/402/329 550/403/330 543/393/322
f 552/404/331 523/365/303 551/405/332
f 553/406/333 417/367/301 522/407/300
f 520/408/334 526/369/304 414/361/299
f 551/405/332 527/370/305 534/379/312
f 394/242/198 532/409/310 463/297/249
f 519/360/298 451/285/239 520/408/334
f 522/362/300 521/410/335 443/411/234
f 556/412/336 519/360/298 528/373/306
f 530/413/337 557/414/338 558/415/339
f 532/377/310 559/416/340 464/417/389
f 534/379/312 560/418/341 456/290/244
f 403/419/342 477/309/259 561/420/343
f 426/421/344 504/341/286 427/268/222
f 429/422/345 505/344/288 430/270/224
f 562/423/346 563/424/347 446/282/236
f 450/425/348 531/376/309 554/426/349
f 475/308/258 406/342/287 429/422/345
f 506/427/350 495/331/277 507/346/290
f 509/402/329 431/271/225 430/348/224
f 510/357/295 415/257/213 511/350/292
f 512/428/351 401/250/206 411/255/211
f 514/429/352 428/269/223 427/354/222
f 483/313/263 510/357/295 515/430/353
f 516/431/354 480/314/264 517/358/296
f 561/420/343 488/319/268 465/299/251
f 526/369/304 423/339/284 511/368/292
f 514/429/352 553/406/333 533/378/311
f 512/432/351 500/337/282 434/336/281
f 509/402/329 564/433/355 549/434/356
f 565/435/357 453/436/358 449/284/238
f 531/376/309 526/369/304 554/426/349
f 560/418/341 441/437/359 445/438/360
f 490/325/272 400/246/202 399/345/289
f 403/419/342 465/299/251 404/249/205
f 566/439/361 438/440/362 437/275/229
f 401/250/206 467/300/252 409/254/210
f 416/259/215 397/261/203 400/302/202
f 478/441/363 432/274/228 479/310/260
f 398/245/201 506/427/350 399/345/289
f 496/329/275 525/442/364 524/364/302
f 568/443/365 416/259/215 469/301/253
f 499/333/278 479/387/260 541/386/319
f 466/397/324 544/396/323 467/300/252
f 569/444/366 524/364/302 552/404/331
f 402/248/204 478/441/363 403/419/342
f 426/421/344 525/442/364 506/427/350
f 465/299/251 487/445/367 466/397/324
f 469/301/253 468/303/254 489/321/270
f 471/304/255 489/446/270 491/323/271
f 476/311/261 493/326/273 477/309/259
f 480/314/264 497/375/308 481/312/262
f 485/316/266 494/334/279 499/333/278
f 490/325/272 516/431/354 491/323/271
f 561/420/343 493/326/273 518/359/297
f 469/301/253 570/447/368 568/443/365
f 496/329/275 529/374/307 497/375/308
f 486/318/267 545/398/325 487/445/367
f 569/444/366 557/414/338 529/374/307
f 507/346/290 498/330/276 516/431/354
f 518/359/297 473/307/257 488/319/268
f 473/307/257 391/240/196 486/318/267
f 395/320/269 470/322/256 396/243/199
f 492/328/274 408/253/209 407/252/208
f 472/356/294 393/266/200 396/305/199
f 429/422/345 392/241/197 475/308/258
f 482/448/369 412/258/214 483/313/263
f 419/262/217 408/317/209 485/316/266
f 471/304/255 515/430/353 472/356/294
f 395/320/269 463/297/249 570/447/368
f 482/448/369 530/413/337 528/373/306
f 390/392/321 535/449/370 391/240/196
f 558/415/339 528/373/306 530/413/337
f 474/450/371 407/252/208 475/308/258
f 480/314/264 515/430/353 517/358/296
f 551/405/332 438/440/362 552/404/331
f 442/279/233 522/407/300 443/280/234
f 520/408/334 450/425/348 554/426/349
f 551/405/332 456/290/244 439/276/230
f 463/297/249 532/409/310 464/298/389
f 555/451/372 448/286/240 451/285/239
f 521/410/335 440/293/232 443/411/234
f 572/452/373 555/451/372 556/412/336
f 574/453/374 557/414/338 573/454/375
f 453/436/358 464/417/389 559/416/340
f 445/438/360 456/290/244 560/418/341
f 449/284/238 559/416/340 450/425/348
f 533/378/311 442/279/233 560/418/341
f 552/404/331 567/455/376 569/444/366
f 575/456/377 521/410/335 568/443/365
f 576/457/378 568/443/365 570/447/368
f 573/454/375 567/455/376 566/439/361
f 462/458/379 570/447/368 463/297/249
f 574/453/374 556/412/336 558/415/339
f 563/424/347 447/283/237 446/282/236
f 564/433/355 455/289/243 454/288/242
f 458/459/380 550/403/330 459/292/246
f 548/460/328 460/294/247 541/386/319
f 572/452/373 578/461/381 577/462/382
f 444/281/235 579/463/383 436/277/231
f 462/458/379 452/296/241 455/464/243
f 580/465/384 436/277/231 579/463/383
f 581/466/385 566/439/361 582/467/386
f 441/437/359 461/468/248 562/423/346
f 449/284/238 459/292/246 565/435/357
f 441/437/359 446/282/236 445/438/360
f 541/386/319 575/456/377 499/333/278
f 582/467/386 437/275/229 580/465/384
f 578/461/381 573/454/375 581/466/385
f 457/291/245 577/462/382 458/459/380
f 535/449/370 578/461/381 536/380/313
f 579/463/383 538/383/390 537/382/315
f 539/384/317 455/464/243 540/469/387
f 544/396/323 579/463/383 537/382/315
f 576/457/378 539/384/317 485/316/266
f 581/466/385 546/399/326 545/398/325
f 575/456/377 485/316/266 499/333/278
f 461/468/248 547/400/327 562/423/346
f 459/292/246 549/434/356 565/435/357
f 547/400/327 542/389/320 563/424/347
f 454/288/242 549/434/356 564/433/355
f 546/399/326 580/465/384 544/396/323
f 536/380/313 581/466/385 545/398/325
f 577/462/382 571/470/388 458/459/380
f 542/389/320 538/383/390 563/424/347
f 564/433/355 420/391/318 540/471/387
f 571/470/388 543/393/322 550/403/330
f 541/386/319 501/395/280 548/460/328
f 629/472/391 789/473/392 632/474/393
f 652/475/394 583/476/395 651/477/396
f 636/478/397 815/479/398 816/480/399
f 641/481/400 790/482/401 642/483/402
f 654/484/403 809/485/404 810/486/405
f 769/487/406 734/488/407 768/489/408
f 747/490/409 770/491/410 771/492/411
f 651/493/412 634/494/413 652/495/413
f 663/496/414 667/497/415 662/498/416
f 664/499/417 711/500/418 660/501/419
f 659/502/420 656/503/421 673/504/422
f 632/505/423 616/506/424 617/507/425
f 599/508/426 623/509/427 583/476/395
f 790/510/428 639/511/429 618/512/430
f 741/513/431 650/514/432 731/515/433
f 749/516/434 646/517/435 669/518/436
f 669/519/437 730/520/438 666/521/439
f 642/483/402 646/517/435 641/481/400
f 769/487/406 732/522/440 733/523/441
f 664/499/417 661/524/442 663/496/414
f 790/510/428 619/525/443 642/526/444
f 729/527/445 827/528/446 730/529/447
f 853/530/448 668/531/449 585/532/450
f 850/533/451 603/534/452 587/535/453
f 668/536/454 854/537/455 730/520/456
f 852/538/457 585/532/450 584/539/458
f 831/540/459 675/541/460 674/542/461
f 834/543/462 880/544/463 675/545/464
f 674/546/465 602/547/466 828/548/467
f 631/549/468 675/541/460 676/550/469
f 832/551/470 656/503/421 833/552/471
f 602/547/466 620/553/472 828/548/467
f 656/554/473 898/555/474 897/556/475
f 673/557/476 832/558/477 826/559/478
f 680/560/479 835/561/480 828/548/467
f 672/562/481 894/563/482 893/564/483
f 829/565/484 681/566/485 680/567/486
f 789/473/392 818/568/487 819/569/488
f 830/570/489 876/571/490 681/572/491
f 825/573/492 672/574/493 824/575/492
f 819/576/494 616/506/424 789/577/495
f 679/578/496 825/579/497 826/559/478
f 688/580/498 601/581/499 589/582/500
f 689/583/501 690/584/502 691/585/503
f 589/582/500 601/581/499 621/586/504
f 678/587/505 890/588/506 684/589/507
f 696/590/508 688/591/509 695/592/510
f 793/593/511 682/594/512 683/595/513
f 872/596/514 690/597/515 696/598/516
f 685/599/517 686/600/518 684/601/518
f 793/602/519 614/603/520 792/604/521
f 686/605/522 694/606/523 718/607/524
f 688/580/498 591/608/525 695/609/526
f 591/608/525 589/582/500 621/586/504
f 684/589/507 889/610/527 685/611/528
f 707/612/529 695/592/510 705/613/529
f 794/614/530 683/595/513 692/615/531
f 696/598/516 871/616/532 872/596/514
f 693/617/533 694/618/517 685/599/517
f 794/619/534 628/620/535 793/602/519
f 694/606/523 703/621/536 718/607/524
f 596/622/537 704/623/538 705/624/539
f 705/613/529 706/625/540 707/612/529
f 596/622/537 622/626/541 593/627/542
f 700/628/543 886/629/544 902/630/545
f 634/494/413 704/631/540 652/495/413
f 699/632/546 698/633/547 795/634/548
f 706/635/549 869/636/550 870/637/551
f 883/638/552 700/639/553 882/640/554
f 795/641/555 626/642/556 699/643/557
f 702/644/558 883/645/559 721/646/560
f 794/614/530 697/647/531 699/632/546
f 706/635/549 871/616/532 707/648/561
f 884/649/562 703/650/533 693/617/533
f 699/643/557 627/651/563 794/619/534
f 703/621/536 721/646/560 718/607/524
f 695/609/526 596/622/537 705/624/539
f 596/622/537 591/608/525 621/586/504
f 685/611/528 888/652/564 693/653/565
f 704/623/538 599/508/426 652/475/394
f 599/508/426 593/627/542 622/626/541
f 701/654/566 882/655/567 903/656/568
f 796/657/569 698/633/547 708/658/570
f 633/659/571 869/636/550 634/660/572
f 709/661/573 658/662/574 701/663/575
f 796/664/576 625/665/577 795/641/555
f 658/666/578 723/667/579 721/646/560
f 677/668/580 792/669/581 791/670/488
f 690/597/515 874/671/582 691/672/583
f 684/601/518 687/673/584 678/674/584
f 792/604/521 615/675/585 791/676/586
f 687/677/587 686/605/522 718/607/524
f 689/678/588 828/548/467 601/581/499
f 601/581/499 620/553/472 621/586/504
f 824/679/589 891/680/590 678/587/505
f 649/681/591 753/682/592 671/683/593
f 653/684/594 635/685/595 636/478/397
f 802/686/596 639/687/597 790/482/401
f 710/688/598 812/689/599 803/690/600
f 767/691/601 817/692/602 735/693/603
f 659/502/420 665/694/604 712/695/605
f 639/511/429 617/507/425 618/512/430
f 711/696/606 659/697/607 729/527/445
f 664/698/608 899/699/609 665/700/610
f 638/701/611 639/687/597 713/702/612
f 766/703/613 735/693/603 736/704/614
f 712/705/615 899/699/609 898/555/474
f 701/654/566 904/706/616 709/707/617
f 660/708/618 711/696/606 729/527/445
f 661/709/619 660/708/618 729/527/445
f 662/710/620 728/711/621 663/712/622
f 730/520/456 662/498/623 667/497/624
f 667/713/625 729/527/445 730/529/447
f 663/712/622 900/714/626 664/698/608
f 611/715/627 714/716/628 726/717/629
f 604/718/630 715/719/631 613/720/632
f 605/721/633 716/722/634 604/718/630
f 607/723/635 719/724/636 606/725/637
f 606/725/637 717/726/638 605/721/633
f 607/723/635 722/727/639 720/728/640
f 612/729/641 913/730/642 714/716/628
f 610/731/643 725/732/644 724/733/645
f 610/731/643 726/717/629 725/732/644
f 609/734/646 728/711/621 901/735/647
f 610/731/643 728/711/621 609/734/646
f 595/736/648 826/559/478 718/607/524
f 613/720/632 847/737/649 604/718/630
f 604/718/630 846/738/650 605/721/633
f 606/725/637 844/739/651 607/723/635
f 598/740/652 718/607/524 721/646/560
f 605/721/633 845/741/653 606/725/637
f 843/742/654 607/723/635 844/739/651
f 586/743/655 721/646/560 723/667/579
f 850/533/451 822/744/656 612/729/641
f 852/538/457 611/715/627 610/731/643
f 859/745/657 617/507/425 616/506/424
f 932/746/658 623/509/427 622/626/541
f 619/525/443 855/747/659 669/748/660
f 857/749/661 619/525/443 618/512/430
f 808/750/662 934/751/663 620/553/472
f 615/675/585 860/752/664 820/753/665
f 628/620/535 862/754/666 614/603/520
f 627/651/563 863/755/667 628/620/535
f 933/756/668 622/626/541 621/586/504
f 865/757/669 625/665/577 866/758/670
f 626/642/556 864/759/671 627/651/563
f 867/760/672 625/665/577 624/761/673
f 614/603/520 861/762/674 615/675/585
f 858/763/675 618/512/430 617/507/425
f 602/547/466 631/764/676 739/765/677
f 736/704/614 787/766/678 788/767/679
f 642/526/444 619/525/443 669/748/660
f 740/768/680 666/521/439 798/769/681
f 739/770/682 676/550/469 738/771/683
f 638/701/611 632/474/684 797/772/685
f 629/773/686 880/544/463 630/774/687
f 673/557/476 729/527/445 659/697/607
f 785/775/688 734/488/407 733/523/441
f 760/776/689 783/777/690 747/490/409
f 741/513/431 742/778/691 648/779/692
f 798/780/693 935/781/694 763/782/695
f 784/783/696 733/523/441 732/522/440
f 779/784/697 751/785/698 754/786/699
f 811/787/700 817/692/602 734/488/407
f 786/788/701 736/704/614 735/693/603
f 636/789/702 739/765/677 653/790/703
f 788/767/679 766/703/613 736/704/614
f 739/770/682 637/791/704 653/792/705
f 752/793/706 743/794/707 650/514/432
f 778/795/708 754/786/699 777/796/709
f 781/797/710 751/785/698 780/798/711
f 771/492/411 760/776/689 747/490/409
f 749/516/434 762/799/712 647/800/713
f 764/801/714 807/802/715 748/803/716
f 784/783/696 747/490/409 783/777/690
f 915/804/717 758/805/718 670/806/719
f 775/807/720 751/785/698 774/808/721
f 745/809/722 649/681/591 671/683/593
f 744/810/723 755/811/724 743/794/707
f 776/812/725 754/786/699 775/807/720
f 746/813/726 758/805/718 755/811/724
f 774/808/721 757/814/727 773/815/728
f 756/816/729 750/817/730 745/809/722
f 782/818/731 757/814/727 781/797/710
f 773/815/728 760/776/689 772/819/732
f 647/800/713 759/820/733 756/816/729
f 636/789/702 816/821/734 602/547/466
f 803/822/735 812/823/736 602/547/466
f 654/824/737 810/825/738 808/750/662
f 655/826/739 914/827/740 808/750/662
f 638/828/741 765/829/742 629/830/686
f 713/831/743 766/703/613 638/828/741
f 713/831/743 801/832/744 767/691/601
f 641/833/745 768/489/408 640/834/746
f 646/835/747 769/487/406 641/833/745
f 749/836/748 770/491/410 646/835/747
f 749/836/748 772/819/732 771/492/411
f 647/837/749 773/815/728 772/819/732
f 745/838/750 773/815/728 756/839/751
f 671/840/752 774/808/721 745/838/750
f 671/840/752 753/841/753 775/807/720
f 753/841/753 776/812/725 775/807/720
f 731/842/754 776/812/725 742/843/755
f 650/844/756 777/796/709 731/842/754
f 650/844/756 743/845/757 778/795/708
f 743/845/757 779/784/697 778/795/708
f 755/846/758 780/798/711 779/784/697
f 758/847/759 780/798/711 755/846/758
f 761/848/760 781/797/710 758/847/759
f 748/849/761 782/818/731 761/848/760
f 807/850/762 783/777/690 748/849/761
f 809/851/763 785/775/688 644/852/764
f 805/853/765 811/787/700 643/854/766
f 737/855/767 787/766/678 635/856/768
f 737/855/767 765/829/742 788/767/679
f 799/857/737 804/858/769 808/750/662
f 802/859/746 768/489/408 801/832/744
f 800/860/770 813/861/771 806/862/772
f 710/863/773 814/864/774 786/788/701
f 805/853/765 800/860/770 806/862/772
f 804/858/769 654/824/737 808/750/662
f 644/852/764 784/783/696 807/850/762
f 810/825/738 655/826/739 808/750/662
f 809/851/763 643/854/766 811/787/700
f 808/750/662 812/823/736 799/857/737
f 813/861/771 786/788/701 806/862/772
f 816/821/734 803/822/735 602/547/466
f 787/766/678 815/865/775 635/856/768
f 806/862/772 735/693/603 817/692/602
f 768/489/408 817/692/602 801/832/744
f 929/866/776 918/867/777 919/868/778
f 740/768/779 798/769/780 763/869/781
f 810/486/405 644/870/782 655/871/783
f 804/872/784 643/873/785 654/484/403
f 799/874/786 805/875/784 804/872/784
f 812/689/599 800/876/786 799/874/786
f 803/690/600 815/479/398 710/688/598
f 740/768/779 645/877/787 764/878/788
f 689/583/501 830/879/789 829/565/484
f 791/670/488 818/568/487 677/668/580
f 691/672/583 875/880/790 830/570/489
f 687/673/584 824/575/492 678/674/584
f 791/676/586 820/753/665 819/576/494
f 825/579/497 718/607/524 826/559/478
f 829/881/791 680/560/479 828/548/467
f 672/562/481 892/882/792 824/679/589
f 613/720/632 823/883/793 822/744/656
f 600/884/794 849/885/795 821/886/796
f 859/745/657 821/886/796 587/535/453
f 933/756/668 827/528/446 595/736/648
f 839/887/797 831/540/459 842/888/798
f 839/889/799 879/890/800 834/543/462
f 841/891/801 833/552/471 840/892/802
f 832/558/477 841/893/803 826/559/478
f 831/894/804 674/546/465 828/548/467
f 833/895/805 897/556/475 896/896/806
f 835/561/480 842/897/807 828/548/467
f 837/898/808 895/899/809 894/563/482
f 681/566/485 835/900/810 680/567/486
f 838/901/811 876/571/490 877/902/812
f 679/903/493 837/904/813 672/574/493
f 836/905/814 679/578/496 826/559/478
f 842/888/798 838/906/815 839/887/797
f 839/889/799 877/902/812 878/907/816
f 836/908/813 840/892/802 837/904/813
f 841/893/803 836/905/814 826/559/478
f 842/897/807 831/894/804 828/548/467
f 840/909/817 896/896/806 895/899/809
f 609/734/646 854/910/818 853/530/448
f 612/729/641 851/911/819 850/533/451
f 854/537/455 901/912/820 730/520/456
f 610/731/643 853/530/448 852/538/457
f 848/913/821 588/914/822 847/737/649
f 847/737/649 590/915/823 846/738/650
f 592/916/824 845/741/653 594/917/825
f 594/917/825 846/738/650 590/915/823
f 592/916/824 843/742/654 844/739/651
f 587/535/453 849/885/795 850/533/451
f 584/539/458 851/911/819 852/538/457
f 822/744/656 848/913/821 613/720/632
f 587/535/453 858/763/675 859/745/657
f 585/532/450 855/747/659 856/918/826
f 855/919/827 668/536/828 730/520/438
f 584/539/458 856/918/826 857/749/661
f 861/762/674 821/886/796 860/752/664
f 863/755/667 588/914/822 862/754/666
f 864/759/671 590/915/823 863/755/667
f 597/920/829 865/757/669 866/758/670
f 594/917/825 865/757/669 592/916/824
f 1253/921/830 866/758/670 867/760/672
f 862/754/666 600/884/794 861/762/674
f 603/534/452 857/749/661 858/763/675
f 859/745/657 820/753/665 860/752/664
f 879/890/800 630/774/687 880/544/463
f 875/880/790 630/774/687 876/571/490
f 682/922/831 872/596/514 683/923/832
f 692/924/833 872/596/514 871/616/532
f 698/925/834 870/637/551 869/636/550
f 697/926/835 871/616/532 870/637/551
f 698/925/834 868/927/836 708/928/837
f 873/929/838 677/930/839 874/671/582
f 676/931/840 880/544/463 881/932/841
f 874/671/582 818/933/842 875/880/790
f 878/907/816 630/774/687 879/890/800
f 876/571/490 630/774/687 877/902/812
f 877/902/812 630/774/687 878/907/816
f 700/628/543 903/656/568 882/655/567
f 658/662/574 882/640/554 701/663/575
f 883/645/559 658/666/578 721/646/560
f 884/934/843 693/653/565 888/652/564
f 884/649/562 887/935/844 885/936/845
f 885/937/846 887/938/847 721/646/560
f 884/934/843 902/630/545 886/629/544
f 886/939/848 702/940/849 887/935/844
f 887/938/847 702/644/558 721/646/560
f 726/717/629 897/556/475 898/555/474
f 913/730/642 894/563/482 714/716/628
f 891/680/590 716/722/634 890/588/506
f 890/588/506 717/726/638 889/610/527
f 889/610/527 719/724/636 888/652/564
f 892/882/792 715/719/631 891/680/590
f 900/714/626 725/732/644 899/699/609
f 725/732/644 898/555/474 899/699/609
f 728/711/621 724/733/645 900/714/626
f 897/556/475 714/716/628 896/896/806
f 895/899/809 714/716/628 894/563/482
f 896/896/806 714/716/628 895/899/809
f 888/652/564 720/728/640 902/630/545
f 720/728/640 903/656/568 902/630/545
f 722/727/639 904/706/616 903/656/568
f 906/941/850 912/942/851 905/943/852
f 737/855/767 906/941/850 905/943/852
f 637/944/853 906/941/850 635/856/768
f 738/945/854 907/946/855 637/944/853
f 738/945/854 909/947/856 908/948/857
f 881/949/841 909/947/856 676/950/840
f 881/949/841 911/951/858 910/952/859
f 737/855/767 911/951/858 629/830/686
f 908/948/857 910/952/859 912/942/851
f 911/951/858 912/942/851 910/952/859
f 907/946/855 912/942/851 906/941/850
f 823/883/793 893/564/483 913/730/642
f 822/744/656 913/730/642 612/729/641
f 648/779/692 742/778/691 753/682/592
f 644/870/782 914/953/860 655/871/783
f 748/954/861 915/804/717 764/955/862
f 764/801/714 645/956/863 914/953/860
f 762/957/864 669/519/865 916/958/866
f 740/768/867 916/958/866 669/519/865
f 764/878/868 917/959/869 740/768/867
f 764/878/868 919/868/778 918/867/777
f 915/960/870 920/961/871 919/868/778
f 670/962/872 921/963/703 920/961/871
f 744/964/703 921/963/703 746/965/703
f 744/964/703 752/966/873 922/967/703
f 752/966/873 923/968/874 922/967/703
f 648/969/875 923/968/874 741/970/876
f 649/971/877 924/972/878 648/969/875
f 750/973/879 925/974/880 649/971/877
f 750/973/879 927/975/881 926/976/882
f 762/957/864 927/975/881 759/977/883
f 927/975/881 928/978/884 926/976/882
f 920/961/871 929/866/776 919/868/778
f 921/963/703 930/979/885 920/961/871
f 929/866/776 926/976/882 928/978/884
f 924/972/878 929/866/776 930/979/885
f 923/968/874 930/979/885 922/967/703
f 917/959/869 928/978/884 916/958/866
f 598/740/652 931/980/886 932/746/658
f 730/529/447 934/751/663 935/781/694
f 595/736/648 932/746/658 933/756/668
f 933/756/668 620/553/472 934/751/663
f 666/981/887 730/529/447 935/781/694
f 798/780/693 666/981/887 935/781/694
f 935/781/694 645/982/888 763/782/695
f 935/781/694 914/827/740 645/982/888
f 597/920/829 1274/983/889 843/742/654
f 727/984/890 608/985/891 1275/986/892
f 608/985/891 1274/983/889 1275/986/892
f 936/987/893 938/988/894 937/989/895
f 583/990/395 940/991/896 651/992/396
f 945/479/897 943/478/898 942/480/899
f 946/993/900 948/994/901 947/995/902
f 953/485/903 951/484/904 950/486/905
f 957/996/906 955/997/907 954/998/908
f 960/999/909 958/1000/910 961/1001/911
f 962/1002/912 651/493/412 940/1003/912
f 966/1004/913 964/1005/914 963/1006/915
f 967/1007/916 969/1008/917 968/1009/918
f 974/1010/919 972/1011/920 971/1012/921
f 976/1013/922 938/1014/923 939/1015/924
f 623/1016/427 941/1017/925 583/990/395
f 948/1018/926 980/1019/927 979/1020/928
f 981/1021/929 983/1022/930 982/1023/931
f 985/1024/932 987/1025/933 986/1026/934
f 987/1027/935 989/1028/936 988/1029/937
f 949/1030/938 986/1026/934 987/1025/933
f 955/997/907 961/1001/911 958/1000/910
f 965/1031/939 967/1007/916 964/1005/914
f 991/1032/940 948/1018/926 949/1033/941
f 994/1034/942 992/1035/943 989/1036/944
f 998/1037/945 996/1038/946 995/1039/947
f 1002/1040/948 1000/1041/949 999/1042/950
f 998/1043/951 989/1028/952 997/1044/953
f 995/1039/947 1004/1045/954 1003/1046/955
f 1008/1047/956 1006/1048/957 1005/1049/958
f 1010/1050/959 1007/1051/960 1008/1052/961
f 1005/1053/962 1012/1054/963 1011/1055/964
f 1011/1056/965 1008/1047/956 1005/1049/958
f 1016/1057/966 974/1010/919 971/1012/921
f 1018/1058/967 1012/1054/963 1013/1059/968
f 974/1060/969 1019/1061/970 973/1062/971
f 971/1063/972 993/1064/973 1016/1065/974
f 1021/1066/975 1013/1059/968 1022/1067/976
f 1023/1068/977 1025/1069/978 1024/1070/979
f 1029/1071/980 1027/1072/981 1021/1073/982
f 1030/1074/983 937/989/895 938/988/894
f 1033/1075/984 1028/1076/985 1029/1077/986
f 1035/1078/987 1023/1079/988 1036/1080/988
f 975/1081/989 1030/1082/990 938/1014/923
f 1036/1083/991 993/1064/973 1035/1084/992
f 1038/1085/993 1040/1086/994 1039/1087/995
f 1039/1088/996 1042/1089/997 1038/1090/998
f 1041/1091/999 1044/1092/1000 1040/1086/994
f 1048/1093/1001 1046/1094/1002 1045/1095/1003
f 1050/1096/1004 1038/1090/998 1042/1089/997
f 1054/1097/1005 1052/1098/1006 1051/1099/1007
f 1055/1100/1008 1042/1101/1009 1056/1102/1010
f 1059/1103/1011 1057/1104/1012 1045/1105/1011
f 1061/1106/1013 1051/1107/1014 1052/1108/1015
f 1059/1109/1016 1062/1110/1017 1058/1111/1018
f 1063/1112/1019 1038/1085/993 1049/1113/1020
f 1063/1112/1019 1044/1092/1000 1041/1091/999
f 1064/1114/1021 1045/1095/1003 1057/1115/1022
f 1066/1116/1023 1049/1117/1024 1050/1096/1004
f 1068/1118/1025 1051/1099/1007 1067/1119/1026
f 1050/1120/1027 1069/1121/1028 1066/1122/1029
f 1058/1123/1012 1070/1124/1030 1057/1104/1012
f 1060/1125/1031 1067/1126/1032 1051/1107/1014
f 1058/1111/1018 1062/1110/1017 1071/1127/1033
f 1074/1128/1034 1073/1129/1035 1075/1130/1036
f 1066/1116/1023 1073/1131/1037 1065/1132/1023
f 978/1133/1038 1074/1128/1034 1075/1130/1036
f 1077/1134/1039 1079/1135/1040 1078/1136/1041
f 962/1002/912 1073/1131/1037 1076/1137/1037
f 1080/1138/1042 1082/1139/1043 1081/1140/1044
f 1076/1141/1045 1084/1142/1046 962/1143/1047
f 1087/1144/1048 1077/1145/1049 1088/1146/1050
f 1090/1147/1051 1080/1148/1052 1081/1149/1053
f 1088/1150/1054 1091/1151/1055 1087/1152/1056
f 1068/1118/1025 1081/1140/1044 1082/1139/1043
f 1069/1121/1028 1076/1141/1045 1066/1122/1029
f 1071/1153/1030 1092/1154/1057 1070/1124/1030
f 1072/1155/1058 1081/1149/1053 1067/1126/1032
f 1071/1127/1033 1091/1151/1055 1093/1156/1059
f 1074/1128/1034 1049/1113/1020 1065/1157/1060
f 1074/1128/1034 1044/1092/1000 1063/1112/1019
f 1094/1158/1061 1057/1115/1022 1070/1159/1062
f 941/1017/925 1073/1129/1035 940/991/896
f 941/1017/925 978/1133/1038 1075/1130/1036
f 1095/1160/1063 1096/1161/1064 1086/1162/1065
f 708/658/570 1080/1138/1042 796/657/569
f 1084/1142/1046 633/1163/571 962/1143/1047
f 1097/1164/1066 709/1165/573 1095/1166/1067
f 1089/1167/1068 796/664/576 1080/1148/1052
f 1097/1168/1069 723/1169/579 657/1170/1070
f 1099/1171/1071 1052/1098/1006 1053/1172/1072
f 1100/1173/1073 1042/1101/1009 1043/1174/1074
f 1101/1175/1075 1045/1105/1011 1046/1176/1075
f 1102/1177/1076 1052/1108/1015 1098/1178/1077
f 1101/1179/1078 1062/1110/1017 1059/1109/1016
f 1039/1087/995 1013/1059/968 1027/1180/1079
f 1040/1086/994 1018/1058/967 1013/1059/968
f 1047/1181/1080 1034/1182/1081 1046/1094/1002
f 1106/1183/1082 1104/1184/1083 1107/1185/1084
f 944/685/1085 1108/684/1086 943/478/898
f 948/994/901 1111/1186/1087 1110/1187/1088
f 1114/688/1089 1112/689/1090 1115/1188/1090
f 1116/1189/1091 1118/1190/1092 1117/1191/1093
f 972/1011/920 968/1009/918 969/1008/917
f 979/1020/928 976/1013/922 977/1192/1094
f 969/1193/1095 992/1035/943 972/1194/1096
f 1121/1195/1097 967/1196/1098 968/1197/1099
f 979/1198/1100 1122/1199/1101 1111/1186/1087
f 1123/1200/1102 1119/1201/1103 1116/1189/1091
f 973/1062/971 1121/1195/1097 968/1197/1099
f 904/706/616 1095/1160/1063 709/707/617
f 970/1202/1104 992/1035/943 969/1193/1095
f 965/1203/1105 992/1035/943 970/1202/1104
f 1126/1204/1106 963/1205/1107 964/1206/1108
f 963/1006/1109 989/1028/952 966/1004/1110
f 966/1207/1111 992/1035/943 965/1203/1105
f 1120/1208/1112 964/1206/1108 967/1196/1098
f 1127/1209/1113 1129/1210/1114 1128/1211/1115
f 1134/1212/1116 1132/1213/1117 1131/1214/1118
f 1133/1215/1119 1135/1216/1120 1132/1213/1117
f 1140/1217/1121 1138/1218/1122 1137/1219/1123
f 1136/1220/1124 1137/1219/1123 1135/1216/1120
f 1138/1218/1122 1142/1221/1125 1141/1222/1126
f 1128/1211/1115 1129/1210/1114 1143/1223/1127
f 1144/1224/1128 1146/1225/1129 1145/1226/1130
f 1144/1224/1128 1130/1227/1131 1127/1209/1113
f 1147/1228/1132 1125/1229/1133 1126/1204/1106
f 1144/1224/1128 1126/1204/1106 1146/1225/1129
f 993/1064/973 1148/1230/1134 1062/1110/1017
f 1131/1214/1118 1150/1231/1135 1149/1232/1136
f 1132/1213/1117 1151/1233/1137 1150/1231/1135
f 1137/1219/1123 1153/1234/1138 1152/1235/1139
f 1062/1110/1017 1154/1236/1140 1091/1151/1055
f 1135/1216/1120 1152/1235/1139 1151/1233/1137
f 1155/1237/1141 1138/1218/1122 1141/1222/1126
f 1091/1151/1055 586/1238/655 723/1169/579
f 1157/1239/1142 1000/1041/949 1128/1211/1115
f 1127/1209/1113 1004/1045/954 1144/1224/1128
f 976/1013/922 1158/1240/1143 975/1081/989
f 623/1016/427 1160/1241/1144 978/1133/1038
f 991/1032/940 988/1242/1145 1161/1243/1146
f 991/1032/940 1162/1244/1147 980/1019/927
f 1017/1245/1148 1164/1246/1149 1163/1247/1150
f 1102/1177/1076 1166/1248/1151 1165/1249/1152
f 1060/1125/1031 1168/1250/1153 1167/1251/1154
f 1072/1155/1058 1167/1251/1154 1169/1252/1155
f 978/1133/1038 1170/1253/1156 1044/1092/1000
f 1172/1254/1157 1089/1167/1068 1090/1147/1051
f 1090/1147/1051 1169/1252/1155 1172/1254/1157
f 1089/1167/1068 867/760/672 624/761/673
f 1061/1106/1013 1165/1249/1152 1168/1250/1153
f 980/1019/927 1159/1255/1158 976/1013/922
f 1012/1054/963 1173/1256/1159 1011/1055/964
f 1124/1257/1160 1174/1258/1161 1176/1259/1162
f 949/1033/941 987/1260/1163 991/1032/940
f 1178/1261/1164 990/1262/1165 987/1027/935
f 1173/1263/1166 1014/1264/1167 1011/1056/965
f 1122/1199/1101 939/1265/1168 936/987/1169
f 1010/1050/959 936/1266/1170 937/1267/1171
f 992/1035/943 971/1063/972 972/1194/1096
f 957/996/906 1181/1268/1172 956/1269/1173
f 1183/1270/1174 1185/1271/1175 1184/1272/1176
f 1186/1273/1177 981/1021/929 1107/1185/1084
f 1177/1274/1178 1187/1275/1179 1163/1247/1150
f 956/1269/1173 1188/1276/1180 961/1001/911
f 1192/1277/1181 1190/1278/1182 1189/1279/1183
f 1118/1190/1092 1182/1280/1184 957/996/906
f 1124/1257/1160 1194/1281/1185 1119/1201/1103
f 943/1282/1186 1173/1256/1159 1012/1054/963
f 1175/1283/1187 1123/1200/1102 1195/1284/1188
f 1109/1285/1189 1173/1263/1166 1108/1286/1190
f 982/1023/931 1197/1287/1191 1196/1288/1192
f 1198/1289/1193 1189/1279/1183 1190/1278/1182
f 1192/1277/1181 1200/1290/1194 1191/1291/1195
f 959/1292/1196 1183/1270/1174 1202/1293/1197
f 1204/1294/1198 985/1024/932 1203/1295/1199
f 1205/801/1200 1207/802/1201 1206/953/1202
f 960/999/909 1188/1276/1180 1185/1271/1175
f 1212/1296/1203 1210/1297/1204 1209/1298/1205
f 1192/1277/1181 1214/1299/1206 1213/1300/1207
f 1106/1183/1082 1215/1301/1208 1105/1302/1209
f 1196/1288/1192 1218/1303/1210 1217/1304/1211
f 1189/1279/1183 1219/1305/1212 1214/1299/1206
f 1217/1304/1211 1212/1296/1203 1209/1298/1205
f 1201/1306/1213 1213/1300/1207 1220/1307/1214
f 1216/1308/1215 1221/1309/1216 1215/1301/1208
f 1201/1306/1213 1184/1272/1176 1200/1290/1194
f 1183/1270/1174 1220/1307/1214 1202/1293/1197
f 1222/1310/1217 1203/1295/1199 1221/1309/1216
f 943/1282/1186 1012/1054/963 942/1311/1218
f 1113/1312/1219 1012/1054/963 1112/1313/1220
f 951/1314/1221 1017/1245/1148 950/1315/1222
f 1223/1316/1223 1017/1245/1148 1206/1317/1224
f 1195/1284/1188 1122/1318/1225 936/1319/1170
f 1123/1200/1102 1111/1320/1226 1122/1318/1225
f 1111/1320/1226 1117/1191/1093 1110/1321/746
f 954/998/908 946/1322/1227 947/1323/746
f 955/997/907 986/1324/1228 946/1322/1227
f 958/1000/910 985/1325/1229 986/1324/1228
f 985/1325/1229 1202/1293/1197 1203/1326/1230
f 1203/1326/1230 1220/1307/1214 1221/1327/1231
f 1220/1307/1214 1215/1328/1232 1221/1327/1231
f 1213/1300/1207 1105/1329/1233 1215/1328/1232
f 1105/1329/1233 1214/1299/1206 1104/1330/1234
f 1104/1330/1234 1219/1305/1212 1186/1331/1235
f 1219/1305/1212 984/1332/1236 1186/1331/1235
f 1199/1333/1237 983/1334/1238 984/1332/1236
f 983/1334/1238 1198/1289/1193 1197/1335/1239
f 1197/1335/1239 1190/1278/1182 1218/1336/1240
f 1218/1336/1240 1190/1278/1182 1191/1291/1195
f 1191/1291/1195 1212/1337/1241 1218/1336/1240
f 1200/1290/1194 1211/1338/1242 1212/1337/1241
f 1184/1272/1176 1208/1339/1243 1211/1338/1242
f 1185/1271/1175 1207/1340/1244 1208/1339/1243
f 1181/1268/1172 953/1341/1245 1224/1342/1246
f 1182/1280/1184 1225/1343/1247 952/1344/1248
f 1174/1258/1161 1226/1345/1249 944/1346/1250
f 1226/1345/1249 1195/1284/1188 936/1319/1170
f 1227/1347/1221 1017/1245/1148 1228/1348/1251
f 1110/1321/746 954/998/908 947/1323/746
f 1229/1349/1252 1193/1350/1253 1115/1351/1254
f 1114/1352/1255 1176/1259/1162 945/1353/1256
f 1225/1343/1247 1193/1350/1253 1229/1349/1252
f 1228/1348/1251 1017/1245/1148 951/1314/1221
f 1188/1276/1180 1224/1342/1246 1207/1340/1244
f 950/1315/1222 1017/1245/1148 1223/1316/1223
f 953/1341/1245 1182/1280/1184 952/1344/1248
f 1017/1245/1148 1112/1313/1220 1012/1054/963
f 1115/1351/1254 1194/1281/1185 1114/1352/1255
f 942/1311/1218 1012/1054/963 1113/1312/1219
f 1174/1258/1161 945/1353/1256 1176/1259/1162
f 1193/1350/1253 1119/1201/1103 1194/1281/1185
f 1118/1190/1092 954/998/908 1117/1191/1093
f 1233/1354/1257 1231/1355/1258 1230/1356/778
f 1178/1261/1259 1187/1357/1260 1177/1358/1261
f 1224/870/1262 950/486/905 1223/871/1263
f 952/873/1264 1228/872/1265 951/484/904
f 1225/875/1265 1227/874/1266 1228/872/1265
f 1229/876/1266 1112/689/1090 1227/874/1266
f 1113/690/1267 945/479/897 942/480/899
f 1234/1359/1268 1178/1261/1259 1205/1360/1269
f 1028/1361/1270 1039/1088/996 1027/1072/981
f 1098/1362/1271 1031/1363/1272 1030/1074/983
f 1032/1364/1273 1043/1174/1074 1028/1076/985
f 1101/1175/1075 1034/1365/987 1035/1078/987
f 1037/1366/1274 1098/1178/1077 1030/1082/990
f 1035/1084/992 1062/1110/1017 1101/1179/1078
f 1027/1180/1079 1013/1059/968 1021/1066/975
f 1103/1367/1275 1023/1068/977 1034/1182/1081
f 1235/1368/1276 1131/1214/1118 1157/1239/1142
f 1156/1369/1277 1237/1370/1278 1236/1371/1279
f 1158/1240/1143 1236/1371/1279 1166/1248/1151
f 1170/1253/1156 994/1034/942 1164/1246/1149
f 1239/1372/1280 1006/1048/957 1007/1373/1281
f 1009/1374/1282 1239/1375/1283 1007/1051/960
f 1242/1376/1284 1015/1377/1285 1016/1057/966
f 1016/1065/974 993/1064/973 1242/1378/1286
f 1006/1379/1287 1013/1059/968 1005/1053/962
f 1015/1380/1288 1020/1381/1289 974/1060/969
f 1022/1067/976 1013/1059/968 1238/1382/1290
f 1024/1070/979 1244/1383/1291 1241/1384/1292
f 1029/1071/980 1022/1385/1293 1245/1386/1294
f 1245/1387/1295 1033/1075/984 1029/1077/986
f 1036/1080/988 1024/1388/1296 1247/1389/1296
f 1247/1390/1297 993/1064/973 1036/1083/991
f 1238/1391/1298 1245/1386/1294 1022/1385/1293
f 1239/1375/1283 1246/1392/1299 1245/1387/1295
f 1247/1389/1296 1241/1393/1300 1242/1376/1284
f 1242/1378/1286 993/1064/973 1247/1390/1297
f 1238/1382/1290 1013/1059/968 1006/1379/1287
f 1241/1384/1292 1243/1394/1301 1015/1380/1288
f 997/1395/1302 1147/1228/1132 996/1038/946
f 1001/1396/1303 1128/1211/1115 1000/1041/949
f 997/1044/953 989/1028/952 1125/1397/1304
f 996/1038/946 1144/1224/1128 1004/1045/954
f 1149/1232/1136 1248/1398/1305 1237/1370/1278
f 1150/1231/1135 1249/1399/1306 1248/1398/1305
f 1251/1400/1307 1152/1235/1139 1153/1234/1138
f 1250/1401/1308 1151/1233/1137 1152/1235/1139
f 1155/1237/1141 1251/1400/1307 1153/1234/1138
f 1156/1369/1277 999/1042/950 1000/1041/949
f 1001/1396/1303 1003/1046/955 1004/1045/954
f 1157/1239/1142 1149/1232/1136 1156/1369/1277
f 1159/1255/1158 999/1042/950 1158/1240/1143
f 988/1242/1145 995/1039/947 1161/1243/1146
f 988/1029/937 989/1028/936 998/1043/1309
f 1161/1243/1146 1003/1046/955 1162/1244/1147
f 1165/1249/1152 1236/1371/1279 1237/1370/1278
f 1167/1251/1154 1248/1398/1305 1249/1399/1306
f 1169/1252/1155 1249/1399/1306 1250/1401/1308
f 1172/1254/1157 1252/1402/1310 1171/1403/1311
f 1250/1401/1308 1172/1254/1157 1169/1252/1155
f 1171/1403/1311 1253/921/830 867/760/672
f 1168/1250/1153 1237/1370/1278 1248/1398/1305
f 1162/1244/1147 1002/1040/948 1159/1255/1158
f 1158/1240/1143 1037/1366/1274 975/1081/989
f 1009/1374/1282 1010/1050/959 937/1267/1171
f 1032/1364/1273 937/1267/1171 1031/1404/842
f 1053/1405/1312 1055/1100/1008 1056/1102/1010
f 1055/1100/1008 1068/1406/1313 1069/1121/1028
f 1085/1407/1314 1083/1408/1315 1084/1142/1046
f 1069/1121/1028 1082/1409/1316 1085/1407/1314
f 1083/1408/1315 868/1410/836 1084/1142/1046
f 1056/1102/1010 1099/1411/1317 1053/1405/1312
f 1010/1050/959 1014/1412/1318 1180/1413/1319
f 1100/1173/1073 1031/1404/842 1099/1411/1317
f 1240/1414/1320 1009/1374/1282 937/1267/1171
f 1033/1075/984 1246/1392/1299 937/1267/1171
f 1246/1392/1299 1240/1414/1320 937/1267/1171
f 1096/1161/1064 1077/1134/1039 1086/1162/1065
f 1097/1164/1066 1086/1415/1321 1087/1144/1048
f 1087/1152/1056 1091/1151/1055 1097/1168/1069
f 1092/1416/1322 1094/1158/1061 1070/1159/1062
f 1092/1154/1057 1254/1417/1323 1078/1418/1324
f 1093/1156/1059 1091/1151/1055 1254/1419/1325
f 1079/1135/1040 1092/1416/1322 1078/1136/1041
f 1078/1418/1324 1088/1146/1050 1077/1145/1049
f 1254/1419/1325 1091/1151/1055 1088/1150/1054
f 1020/1381/1289 1130/1227/1131 1019/1061/970
f 1143/1223/1127 1025/1069/978 1026/1420/1326
f 1047/1181/1080 1133/1215/1119 1134/1212/1116
f 1048/1093/1001 1136/1220/1124 1133/1215/1119
f 1064/1114/1021 1140/1217/1121 1136/1220/1124
f 1103/1367/1275 1134/1212/1116 1235/1368/1276
f 1120/1208/1112 1145/1226/1130 1146/1225/1129
f 1019/1061/970 1145/1226/1130 1121/1195/1097
f 1126/1204/1106 1120/1208/1112 1146/1225/1129
f 1020/1381/1289 1243/1394/1301 1129/1210/1114
f 1244/1383/1291 1025/1069/978 1129/1210/1114
f 1243/1394/1301 1244/1383/1291 1129/1210/1114
f 1094/1158/1061 1139/1421/1327 1140/1217/1121
f 1096/1161/1064 1139/1421/1327 1079/1135/1040
f 904/706/616 1142/1221/1125 1096/1161/1064
f 1255/1422/1328 1257/1423/1329 1256/1424/1330
f 1226/1345/1249 1255/1422/1328 944/1346/1250
f 1255/1422/1328 1109/1425/1331 944/1346/1250
f 1258/1426/1332 1179/1427/1333 1109/1425/1331
f 1179/1427/1333 1260/1428/1334 1014/1429/1318
f 1260/1428/1334 1180/1430/1319 1014/1429/1318
f 1180/1430/1319 1262/1431/1335 936/1319/1170
f 1262/1431/1335 1226/1345/1249 936/1319/1170
f 1259/1432/1336 1261/1433/1337 1260/1428/1334
f 1256/1424/1330 1262/1431/1335 1261/1433/1337
f 1256/1424/1330 1258/1426/1332 1255/1422/1328
f 1026/1420/1326 1235/1368/1276 1143/1223/1127
f 1143/1223/1127 1157/1239/1142 1128/1211/1115
f 1107/1185/1084 1104/1184/1083 1186/1273/1177
f 1224/870/1262 1206/953/1202 1207/802/1201
f 1208/1434/1338 1210/1297/1204 1211/1435/1339
f 1205/801/1200 1206/953/1202 1234/956/1340
f 1204/1436/1341 1263/1437/1342 987/1027/1343
f 1263/1437/1342 1178/1261/1344 987/1027/1343
f 1264/1438/1345 1205/1360/1346 1178/1261/1344
f 1205/1360/1346 1230/1356/778 1210/1439/1347
f 1210/1439/1347 1265/1440/1348 1209/1441/1349
f 1209/1441/1349 1266/1442/703 1217/1443/703
f 1266/1442/703 1196/1444/703 1217/1443/703
f 1196/1444/703 1267/1445/703 982/1446/1350
f 982/1446/1350 1268/1447/1351 981/1448/1352
f 1268/1447/1351 1107/1449/1353 981/1448/1352
f 1269/1450/1354 1106/1451/1355 1107/1449/1353
f 1270/1452/1356 1216/1453/1357 1106/1451/1355
f 1216/1453/1357 1272/1454/1358 1222/1455/1359
f 1272/1454/1358 1204/1436/1341 1222/1455/1359
f 1232/1456/1360 1272/1454/1358 1271/1457/1361
f 1231/1355/1258 1265/1440/1348 1230/1356/778
f 1273/1458/1362 1266/1442/703 1265/1440/1348
f 1231/1355/1258 1271/1457/1361 1270/1452/1356
f 1231/1355/1258 1269/1450/1354 1273/1458/1362
f 1273/1458/1362 1268/1447/1351 1267/1445/703
f 1232/1456/1360 1264/1438/1345 1263/1437/1342
f 931/1459/886 1154/1236/1140 1160/1241/1144
f 1164/1246/1149 989/1036/944 1163/1247/1150
f 1160/1241/1144 1148/1230/1134 1170/1253/1156
f 1170/1253/1156 1018/1058/967 1044/1092/1000
f 990/1460/1363 1163/1247/1150 989/1036/944
f 1177/1274/1178 1163/1247/1150 990/1460/1363
f 1163/1247/1150 1187/1275/1179 1234/1461/1364
f 1163/1247/1150 1206/1317/1224 1017/1245/1148
f 1252/1402/1310 1274/983/889 1253/921/830
f 1141/1222/1126 727/984/890 1275/986/892
f 1274/983/889 1141/1222/1126 1275/986/892
f 1564/1462/1365 1278/1463/1366 1565/1464/1367
f 1671/1465/1368 1567/1466/1369 1281/1467/1370
f 1325/1468/1371 1635/1469/1372 1442/1470/1373
f 1288/1471/1374 1550/1472/1375 1441/1473/1376
f 1285/1474/1377 1548/1475/1378 1549/1476/1379
f 1330/1477/1380 1658/1478/1381 1546/1479/1382
f 1298/1480/1383 1552/1481/1384 1292/1482/1385
f 1295/1483/1386 1441/1473/1376 1440/1484/1387
f 1297/1485/1388 1542/1486/1389 1543/1487/1390
f 1552/1481/1391 1695/1488/1392 1292/1482/1393
f 1543/1487/1390 1280/1489/1394 1297/1485/1388
f 1587/1490/1395 1551/1491/1396 1298/1480/1383
f 1277/1492/1397 1302/1493/1398 1278/1463/1366
f 1279/1494/1399 1300/1495/1400 1276/1496/1401
f 1564/1462/1402 1301/1497/1403 1277/1492/1404
f 1671/1465/1368 1306/1498/1405 1282/1499/1406
f 1678/1500/1407 1280/1489/1394 1679/1501/1408
f 1610/1502/1409 1311/1503/1410 1287/1504/1411
f 1636/1505/1412 1309/1506/1413 1285/1474/1377
f 1608/1507/1414 1313/1508/1415 1289/1509/1416
f 1284/1510/1417 1601/1511/1418 1308/1512/1419
f 1291/1513/1420 1310/1514/1421 1286/1515/1422
f 1285/1474/1377 1314/1516/1423 1290/1517/1424
f 1531/1518/1425 1291/1513/1420 1530/1519/1426
f 1657/1520/1427 1307/1521/1428 1283/1522/1429
f 1322/1523/1430 1292/1482/1385 1316/1524/1431
f 1293/1525/1432 1323/1526/1433 1317/1527/1434
f 1596/1528/1435 1288/1471/1374 1597/1529/1436
f 1589/1530/1437 1318/1531/1438 1294/1532/1439
f 1297/1485/1388 1303/1533/1440 1279/1494/1399
f 1278/1463/1366 1320/1534/1441 1296/1535/1442
f 1751/1536/1443 1725/1537/1444 1333/1538/1445
f 1293/1525/1432 1738/1539/1446 1693/1540/1447
f 1280/1489/1394 1321/1541/1448 1297/1485/1388
f 1296/1535/1442 1305/1542/1449 1281/1467/1370
f 1299/1543/1450 1580/1544/1451 1323/1526/1433
f 1587/1490/1395 1319/1545/1452 1295/1483/1386
f 1610/1502/1409 1573/1546/1453 1324/1547/1454
f 1324/1547/1454 1643/1548/1455 1327/1549/1456
f 1325/1468/1371 1617/1550/1457 1326/1551/1458
f 1530/1519/1426 1569/1552/1459 1331/1553/1460
f 1649/1554/1461 1328/1555/1462 1331/1553/1460
f 1537/1556/1463 1329/1557/1464 1330/1477/1380
f 1323/1558/1465 1737/1559/1466 1317/1560/1467
f 1643/1561/1468 1556/1562/1469 1327/1563/1470
f 1612/1564/1471 1311/1565/1472 1611/1566/1473
f 1313/1567/1474 1606/1568/1475 1554/1569/1476
f 1591/1570/1477 1318/1571/1478 1590/1572/1479
f 1581/1573/1480 1323/1558/1465 1580/1574/1481
f 1315/1575/1482 1557/1576/1483 1310/1577/1484
f 1531/1578/1485 1558/1579/1486 1315/1575/1482
f 1328/1580/1487 1651/1581/1488 1559/1582/1489
f 1306/1583/1490 1673/1584/1491 1560/1585/1492
f 1562/1586/1493 1305/1587/1494 1320/1588/1495
f 1320/1588/1495 1563/1589/1496 1562/1586/1493
f 1301/1590/1497 1563/1589/1496 1302/1591/1498
f 1347/1592/1499 1490/1593/1500 1348/1594/1501
f 1344/1595/1502 1687/1596/1503 1688/1597/1504
f 1501/1598/1505 1627/1599/1506 1341/1600/1507
f 1501/1598/1505 1342/1601/1508 1500/1602/1509
f 1344/1595/1502 1667/1603/1510 1666/1604/1511
f 1336/1605/1512 1507/1606/1513 1335/1607/1514
f 1347/1592/1499 1496/1608/1515 1346/1609/1516
f 1346/1609/1516 1497/1610/1517 1345/1611/1518
f 1348/1594/1519 1490/1593/1520 1491/1612/1521
f 1409/1613/1522 1624/1614/1523 1339/1615/1524
f 1484/1616/1525 1526/1617/1526 1342/1601/1508
f 1366/1618/1527 1630/1619/1528 1631/1620/1529
f 1473/1621/1530 1367/1622/1531 1472/1623/1532
f 1470/1624/1533 1662/1625/1534 1369/1626/1535
f 1361/1627/1536 1479/1628/1537 1360/1629/1538
f 1372/1630/1539 1468/1631/1540 1371/1632/1541
f 1811/1633/1542 1360/1629/1543 1479/1628/1544
f 1371/1632/1541 1469/1634/1545 1370/1635/1546
f 1453/1636/1547 1373/1637/1548 1372/1630/1539
f 1456/1638/1549 1684/1639/1550 1369/1626/1535
f 1373/1637/1551 1452/1640/1552 1451/1641/1553
f 1387/1642/1554 1621/1643/1555 1364/1644/1556
f 1458/1645/1557 1522/1646/1558 1367/1622/1531
f 1632/1647/1559 1388/1648/1560 1459/1649/1561
f 1389/1650/1562 1459/1649/1561 1388/1648/1560
f 1391/1651/1563 1661/1652/1564 1660/1653/1565
f 1386/1654/1566 1463/1655/1567 1385/1656/1568
f 1453/1636/1547 1393/1657/1569 1394/1658/1570
f 1454/1659/1571 1392/1660/1572 1393/1657/1569
f 1394/1658/1570 1449/1661/1573 1395/1662/1574
f 1391/1651/1563 1681/1663/1575 1682/1664/1576
f 1550/1472/1375 1620/1665/1577 1387/1642/1554
f 1444/1666/1578 1520/1667/1579 1389/1650/1562
f 1416/1668/1580 1466/1669/1581 1417/1670/1582
f 1413/1671/1583 1685/1672/1584 1686/1673/1585
f 1417/1670/1586 1466/1669/1587 1465/1674/1588
f 1409/1613/1522 1622/1675/1589 1623/1676/1590
f 1523/1677/1591 1411/1678/1592 1472/1623/1532
f 1628/1679/1593 1410/1680/1594 1483/1681/1595
f 1411/1678/1592 1483/1681/1595 1410/1680/1594
f 1413/1671/1583 1665/1682/1596 1664/1683/1597
f 1416/1668/1580 1488/1684/1598 1415/1685/1599
f 1415/1685/1599 1487/1686/1600 1414/1687/1601
f 1430/1688/1602 1494/1689/1603 1429/1690/1604
f 1433/1691/1605 1689/1692/1606 1690/1693/1607
f 1429/1690/1608 1494/1689/1609 1493/1694/1610
f 1503/1695/1611 1626/1696/1612 1437/1697/1613
f 1527/1698/1614 1435/1699/1615 1500/1602/1509
f 1515/1700/1616 1647/1701/1617 1436/1702/1618
f 1514/1703/1619 1436/1702/1618 1435/1699/1615
f 1669/1704/1620 1433/1691/1605 1512/1705/1621
f 1430/1688/1602 1510/1706/1622 1431/1707/1623
f 1699/1708/1624 1507/1606/1513 1809/1709/1625
f 1431/1707/1623 1511/1710/1626 1432/1711/1627
f 1633/1712/1628 1443/1713/1629 1388/1648/1560
f 1389/1650/1562 1443/1713/1629 1444/1666/1578
f 1446/1714/1630 1660/1653/1565 1659/1715/1631
f 1551/1491/1396 1385/1656/1568 1552/1481/1384
f 1394/1658/1570 1448/1716/1632 1449/1661/1573
f 1393/1657/1569 1447/1717/1633 1448/1716/1632
f 1541/1718/1634 1449/1661/1573 1542/1486/1389
f 1545/1719/1635 1681/1663/1575 1446/1714/1630
f 1395/1662/1636 1541/1718/1637 1540/1720/1638
f 1548/1475/1378 1519/1721/1639 1444/1666/1578
f 1394/1658/1570 1452/1640/1640 1453/1636/1547
f 1456/1638/1549 1682/1664/1576 1683/1722/1641
f 1395/1662/1636 1451/1641/1553 1452/1640/1552
f 1389/1650/1562 1521/1723/1642 1458/1645/1557
f 1380/1724/1643 1638/1725/1644 1639/1726/1645
f 1381/1727/1646 1616/1728/1647 1615/1729/1648
f 1404/1730/1649 1603/1731/1650 1382/1732/1651
f 1595/1733/1652 1383/1734/1653 1405/1735/1654
f 1384/1736/1655 1585/1737/1656 1584/1738/1657
f 1379/1739/1658 1402/1740/1659 1380/1724/1643
f 1378/1741/1660 1539/1742/1661 1535/1743/1662
f 1399/1744/1663 1654/1745/1664 1377/1746/1665
f 1677/1747/1666 1376/1748/1667 1398/1749/1668
f 1397/1750/1669 1376/1748/1667 1375/1751/1670
f 1396/1752/1671 1375/1751/1670 1374/1753/1672
f 1396/1752/1671 1451/1754/1673 1540/1755/1674
f 1631/1620/1529 1459/1649/1561 1366/1618/1527
f 1458/1645/1557 1366/1618/1527 1459/1649/1561
f 1662/1625/1534 1456/1638/1549 1369/1626/1535
f 1361/1627/1536 1463/1655/1567 1386/1654/1566
f 1372/1630/1539 1454/1659/1571 1453/1636/1547
f 1371/1632/1541 1455/1756/1675 1454/1659/1571
f 1410/1680/1594 1630/1619/1528 1473/1621/1530
f 1410/1680/1594 1472/1623/1532 1411/1678/1592
f 1470/1624/1533 1664/1683/1597 1663/1757/1676
f 1478/1758/1677 1407/1759/1678 1479/1628/1537
f 1467/1760/1679 1415/1685/1599 1468/1631/1540
f 1468/1631/1540 1414/1687/1601 1469/1634/1545
f 1373/1637/1548 1467/1760/1679 1372/1630/1539
f 1684/1639/1550 1470/1624/1533 1369/1626/1535
f 1373/1637/1551 1465/1674/1588 1466/1669/1587
f 1364/1644/1556 1622/1675/1589 1475/1761/1680
f 1522/1646/1558 1472/1623/1532 1367/1622/1531
f 1380/1724/1643 1640/1762/1681 1424/1763/1682
f 1425/1764/1683 1615/1729/1648 1614/1765/1684
f 1603/1731/1650 1426/1766/1685 1382/1732/1651
f 1383/1734/1653 1593/1767/1686 1427/1768/1687
f 1428/1769/1688 1584/1738/1657 1583/1770/1689
f 1379/1739/1658 1424/1763/1682 1423/1771/1690
f 1422/1772/1691 1535/1743/1662 1534/1773/1692
f 1654/1745/1664 1421/1774/1693 1377/1746/1665
f 1676/1775/1694 1420/1776/1695 1376/1748/1667
f 1375/1751/1670 1420/1776/1695 1419/1777/1696
f 1375/1751/1670 1418/1778/1697 1374/1753/1672
f 1374/1753/1672 1465/1779/1698 1451/1754/1673
f 1489/1780/1699 1417/1670/1582 1490/1593/1500
f 1486/1781/1700 1686/1673/1585 1687/1596/1503
f 1417/1670/1586 1491/1612/1521 1490/1593/1520
f 1484/1616/1525 1524/1782/1701 1525/1783/1702
f 1424/1763/1682 1641/1784/1703 1355/1785/1704
f 1356/1786/1705 1614/1765/1684 1613/1787/1706
f 1357/1788/1707 1604/1789/1708 1605/1790/1709
f 1427/1768/1687 1592/1791/1710 1358/1792/1711
f 1359/1793/1712 1583/1770/1689 1582/1794/1713
f 1424/1763/1682 1354/1795/1714 1423/1771/1690
f 1353/1796/1715 1534/1773/1692 1533/1797/1716
f 1352/1798/1717 1653/1799/1718 1652/1800/1719
f 1420/1776/1695 1674/1801/1720 1351/1802/1721
f 1419/1777/1696 1351/1802/1721 1350/1803/1722
f 1419/1777/1696 1349/1804/1723 1418/1778/1697
f 1418/1778/1697 1491/1805/1724 1465/1779/1698
f 1627/1599/1506 1483/1681/1595 1341/1600/1507
f 1484/1616/1525 1341/1600/1507 1483/1681/1595
f 1486/1781/1700 1666/1604/1511 1665/1682/1596
f 1336/1605/1512 1407/1759/1678 1408/1806/1725
f 1489/1780/1699 1346/1609/1516 1488/1684/1598
f 1488/1684/1598 1345/1611/1518 1487/1686/1600
f 1436/1702/1618 1648/1807/1726 1501/1598/1505
f 1435/1699/1615 1501/1598/1505 1500/1602/1509
f 1498/1808/1727 1668/1809/1728 1667/1603/1510
f 1506/1810/1729 1439/1811/1730 1507/1606/1513
f 1495/1812/1731 1431/1707/1623 1496/1608/1515
f 1496/1608/1515 1432/1711/1627 1497/1610/1517
f 1495/1812/1731 1348/1594/1501 1494/1689/1603
f 1688/1597/1504 1498/1808/1727 1344/1595/1502
f 1494/1689/1609 1491/1612/1521 1493/1694/1610
f 1339/1615/1524 1625/1813/1732 1503/1695/1611
f 1526/1617/1526 1500/1602/1509 1342/1601/1508
f 1355/1785/1704 1642/1814/1733 1557/1576/1483
f 1356/1786/1705 1612/1564/1471 1556/1562/1469
f 1555/1815/1734 1605/1790/1709 1606/1568/1475
f 1358/1792/1711 1591/1570/1477 1554/1569/1476
f 1553/1816/1735 1582/1794/1713 1581/1573/1480
f 1355/1785/1704 1558/1579/1486 1354/1795/1714
f 1559/1582/1489 1533/1797/1716 1532/1817/1736
f 1352/1798/1717 1651/1581/1488 1560/1585/1492
f 1351/1802/1721 1673/1584/1491 1561/1818/1737
f 1350/1803/1722 1561/1818/1737 1562/1586/1493
f 1349/1804/1723 1562/1586/1493 1563/1589/1496
f 1349/1804/1723 1493/1819/1738 1491/1805/1724
f 1509/1820/1739 1429/1690/1604 1508/1821/1740
f 1512/1705/1621 1690/1693/1607 1691/1822/1741
f 1508/1821/1742 1429/1690/1608 1493/1694/1610
f 1528/1823/1743 1514/1703/1619 1435/1699/1615
f 1645/1824/1744 1515/1700/1616 1572/1825/1745
f 1437/1697/1613 1574/1826/1746 1599/1827/1747
f 1514/1703/1619 1572/1825/1745 1515/1700/1616
f 1670/1828/1748 1512/1705/1621 1568/1829/1749
f 1577/1830/1750 1439/1811/1730 1438/1831/1751
f 1517/1832/1752 1575/1833/1753 1598/1834/1754
f 1509/1820/1739 1566/1835/1755 1510/1706/1622
f 1510/1706/1622 1567/1466/1369 1511/1710/1626
f 1518/1836/1756 1576/1837/1757 1588/1838/1758
f 1530/1519/1426 1328/1555/1462 1531/1518/1425
f 1291/1513/1420 1570/1839/1759 1530/1519/1426
f 1290/1517/1424 1536/1840/1760 1537/1556/1463
f 1328/1580/1487 1532/1817/1736 1531/1578/1485
f 1525/1783/1702 1343/1841/1761 1526/1617/1526
f 1521/1723/1642 1368/1842/1762 1522/1646/1558
f 1445/1843/1763 1520/1667/1579 1519/1721/1639
f 1471/1844/1764 1524/1782/1701 1523/1677/1591
f 1499/1845/1765 1528/1823/1743 1527/1698/1614
f 1546/1479/1382 1537/1556/1463 1330/1477/1380
f 1536/1846/1766 1401/1847/1767 1539/1742/1661
f 1457/1848/1768 1520/1667/1579 1390/1849/1769
f 1379/1739/1658 1539/1742/1661 1401/1847/1767
f 1368/1842/1762 1523/1677/1591 1522/1646/1558
f 1379/1739/1658 1534/1773/1692 1535/1743/1662
f 1524/1782/1701 1485/1850/1770 1525/1783/1702
f 1423/1771/1690 1533/1797/1716 1534/1773/1692
f 1343/1841/1761 1527/1698/1614 1526/1617/1526
f 1354/1795/1714 1532/1817/1736 1533/1797/1716
f 1434/1851/1771 1529/1852/1772 1528/1823/1743
f 1634/1853/1773 1549/1476/1379 1443/1713/1629
f 1444/1666/1578 1549/1476/1379 1548/1475/1378
f 1659/1715/1631 1545/1719/1635 1446/1714/1630
f 1449/1661/1573 1543/1487/1390 1542/1486/1389
f 1448/1716/1632 1544/1854/1774 1543/1487/1390
f 1276/1496/1401 1542/1486/1389 1279/1494/1399
f 1283/1522/1429 1680/1855/1775 1545/1719/1635
f 1541/1718/1637 1300/1495/1776 1540/1720/1638
f 1284/1510/1417 1619/1856/1777 1550/1472/1375
f 1290/1517/1424 1547/1857/1778 1548/1475/1378
f 1694/1858/1779 1736/1859/1780 1316/1860/1781
f 1538/1861/1782 1316/1860/1783 1736/1859/1784
f 1402/1740/1659 1637/1862/1785 1638/1725/1644
f 1403/1863/1786 1617/1864/1787 1616/1728/1647
f 1308/1865/1788 1602/1866/1789 1404/1730/1649
f 1312/1867/1790 1595/1733/1652 1405/1735/1654
f 1406/1868/1791 1586/1869/1792 1585/1737/1656
f 1314/1870/1793 1402/1740/1659 1401/1847/1767
f 1329/1871/1794 1539/1742/1661 1400/1872/1795
f 1307/1873/1796 1655/1874/1797 1399/1744/1663
f 1398/1749/1668 1678/1875/1798 1677/1747/1666
f 1397/1750/1669 1304/1876/1799 1398/1749/1668
f 1303/1877/1800 1397/1750/1669 1396/1752/1671
f 1303/1877/1800 1540/1755/1674 1300/1878/1801
f 1519/1721/1639 1546/1479/1382 1445/1843/1763
f 1508/1821/1740 1565/1464/1367 1509/1820/1739
f 1568/1829/1749 1691/1822/1741 1692/1879/1802
f 1564/1462/1402 1508/1821/1742 1493/1694/1610
f 1574/1826/1746 1626/1696/1612 1609/1880/1803
f 1513/1881/1804 1570/1839/1759 1529/1852/1772
f 1644/1882/1805 1572/1825/1745 1286/1515/1422
f 1574/1826/1746 1608/1507/1414 1599/1827/1747
f 1571/1883/1806 1286/1515/1422 1572/1825/1745
f 1649/1554/1461 1568/1829/1749 1282/1499/1406
f 1299/1543/1450 1578/1884/1807 1577/1830/1750
f 1589/1530/1437 1575/1833/1753 1289/1509/1416
f 1565/1464/1367 1296/1535/1442 1566/1835/1755
f 1578/1884/1807 1693/1540/1447 1700/1885/1808
f 1566/1835/1755 1281/1467/1370 1567/1466/1369
f 1294/1532/1439 1588/1838/1758 1576/1837/1757
f 1514/1703/1619 1570/1839/1759 1571/1883/1806
f 1587/1490/1395 1295/1483/1386 1440/1484/1387
f 1294/1532/1439 1580/1544/1451 1579/1886/1809
f 1298/1480/1383 1586/1887/1810 1587/1490/1395
f 1553/1816/1735 1580/1574/1481 1318/1571/1478
f 1506/1810/1729 1337/1888/1811 1505/1889/1812
f 1478/1758/1677 1362/1890/1813 1477/1891/1814
f 1551/1491/1396 1462/1892/1815 1386/1654/1566
f 1450/1893/1816 1585/1737/1656 1538/1861/1782
f 1386/1654/1566 1362/1890/1813 1361/1627/1536
f 1480/1894/1817 1478/1758/1677 1477/1891/1814
f 1450/1893/1816 1583/1770/1689 1584/1738/1657
f 1464/1895/1818 1582/1794/1713 1583/1770/1689
f 1337/1888/1811 1408/1806/1725 1480/1894/1817
f 1438/1831/1751 1505/1889/1812 1518/1836/1756
f 1588/1838/1758 1438/1831/1751 1518/1836/1756
f 1322/1896/1819 1585/1737/1656 1586/1869/1792
f 1579/1886/1809 1577/1830/1750 1588/1838/1758
f 1597/1529/1436 1288/1471/1374 1441/1473/1376
f 1597/1529/1436 1319/1545/1452 1596/1528/1435
f 1289/1509/1416 1590/1897/1820 1589/1530/1437
f 1554/1569/1476 1590/1572/1479 1313/1567/1474
f 1505/1889/1812 1338/1898/1821 1504/1899/1822
f 1477/1891/1814 1363/1900/1823 1476/1901/1824
f 1461/1902/1825 1440/1484/1387 1441/1473/1376
f 1406/1868/1791 1594/1903/1826 1595/1733/1652
f 1363/1900/1823 1462/1892/1815 1461/1902/1825
f 1477/1891/1814 1481/1904/1827 1480/1894/1817
f 1384/1736/1655 1593/1767/1686 1594/1903/1826
f 1428/1769/1688 1592/1791/1710 1593/1767/1686
f 1338/1898/1821 1480/1894/1817 1481/1904/1827
f 1518/1836/1756 1504/1899/1822 1517/1832/1752
f 1553/1816/1735 1592/1791/1710 1359/1793/1712
f 1576/1837/1757 1517/1832/1752 1598/1834/1754
f 1319/1905/1828 1595/1733/1652 1596/1906/1829
f 1576/1837/1757 1589/1530/1437 1294/1532/1439
f 1600/1907/1830 1284/1510/1417 1550/1472/1375
f 1287/1504/1411 1607/1908/1831 1608/1507/1414
f 1600/1907/1830 1312/1909/1832 1601/1511/1418
f 1311/1565/1472 1606/1568/1475 1607/1910/1833
f 1504/1899/1822 1339/1615/1524 1503/1695/1611
f 1363/1900/1823 1475/1761/1680 1476/1901/1824
f 1387/1642/1554 1441/1473/1376 1550/1472/1375
f 1383/1734/1653 1602/1866/1789 1405/1735/1654
f 1364/1644/1556 1461/1902/1825 1387/1642/1554
f 1476/1901/1824 1409/1613/1522 1481/1904/1827
f 1427/1768/1687 1603/1731/1650 1383/1734/1653
f 1427/1768/1687 1605/1790/1709 1604/1789/1708
f 1339/1615/1524 1481/1904/1827 1409/1613/1522
f 1517/1832/1752 1503/1695/1611 1437/1697/1613
f 1358/1792/1711 1606/1568/1475 1605/1790/1709
f 1575/1833/1753 1437/1697/1613 1599/1827/1747
f 1601/1911/1834 1405/1735/1654 1602/1866/1789
f 1289/1509/1416 1599/1827/1747 1608/1507/1414
f 1324/1547/1454 1611/1912/1835 1610/1502/1409
f 1287/1504/1411 1609/1880/1803 1610/1502/1409
f 1618/1913/1836 1308/1512/1419 1617/1550/1457
f 1556/1562/1469 1611/1566/1473 1327/1563/1470
f 1623/1676/1590 1340/1914/1837 1624/1614/1523
f 1620/1665/1577 1365/1915/1838 1621/1643/1555
f 1619/1856/1777 1460/1916/1839 1620/1665/1577
f 1474/1917/1840 1623/1676/1590 1622/1675/1589
f 1502/1918/1841 1626/1696/1612 1625/1813/1732
f 1404/1730/1649 1615/1729/1648 1616/1728/1647
f 1474/1917/1840 1621/1643/1555 1365/1915/1838
f 1382/1732/1651 1614/1765/1684 1615/1729/1648
f 1426/1766/1685 1613/1787/1706 1614/1765/1684
f 1502/1918/1841 1624/1614/1523 1340/1914/1837
f 1555/1815/1734 1613/1787/1706 1357/1788/1707
f 1618/1913/1836 1442/1470/1373 1619/1856/1777
f 1404/1730/1649 1617/1864/1787 1308/1865/1788
f 1626/1696/1612 1573/1546/1453 1609/1880/1803
f 1549/1476/1379 1636/1505/1412 1285/1474/1377
f 1636/1505/1412 1326/1551/1458 1637/1919/1842
f 1644/1882/1805 1310/1514/1421 1643/1548/1455
f 1643/1561/1468 1557/1576/1483 1642/1814/1733
f 1340/1914/1837 1648/1807/1726 1502/1918/1841
f 1474/1917/1840 1631/1620/1529 1630/1619/1528
f 1632/1647/1559 1460/1916/1839 1633/1712/1628
f 1628/1679/1593 1482/1920/1843 1629/1921/1844
f 1646/1922/1845 1516/1923/1846 1647/1701/1617
f 1460/1916/1839 1634/1853/1773 1633/1712/1628
f 1403/1863/1786 1639/1726/1645 1638/1725/1644
f 1365/1915/1838 1632/1647/1559 1631/1620/1529
f 1474/1917/1840 1629/1921/1844 1482/1920/1843
f 1381/1727/1646 1640/1762/1681 1639/1726/1645
f 1425/1764/1683 1641/1784/1703 1640/1762/1681
f 1340/1914/1837 1628/1679/1593 1627/1599/1506
f 1502/1918/1841 1647/1701/1617 1516/1923/1846
f 1356/1786/1705 1642/1814/1733 1641/1784/1703
f 1573/1546/1453 1646/1922/1845 1645/1824/1744
f 1634/1853/1773 1442/1470/1373 1635/1469/1372
f 1326/1924/1847 1638/1725/1644 1637/1862/1785
f 1324/1547/1454 1645/1824/1744 1644/1882/1805
f 1545/1719/1635 1657/1520/1427 1283/1522/1429
f 1330/1477/1380 1656/1925/1848 1657/1520/1427
f 1282/1499/1406 1650/1926/1849 1649/1554/1461
f 1650/1927/1850 1560/1585/1492 1651/1581/1488
f 1499/1845/1765 1666/1604/1511 1667/1603/1510
f 1471/1844/1764 1662/1625/1534 1663/1757/1676
f 1390/1849/1769 1661/1652/1564 1457/1848/1768
f 1485/1850/1770 1664/1683/1597 1665/1682/1596
f 1434/1851/1771 1669/1704/1620 1513/1881/1804
f 1390/1849/1769 1659/1715/1631 1660/1653/1565
f 1400/1872/1795 1654/1745/1664 1655/1874/1797
f 1368/1842/1762 1661/1652/1564 1662/1625/1534
f 1412/1928/1851 1663/1757/1676 1664/1683/1597
f 1378/1741/1660 1653/1799/1718 1654/1745/1664
f 1422/1772/1691 1652/1800/1719 1653/1799/1718
f 1343/1841/1761 1665/1682/1596 1666/1604/1511
f 1434/1851/1771 1667/1603/1510 1668/1809/1728
f 1652/1800/1719 1559/1582/1489 1651/1581/1488
f 1569/1552/1459 1669/1704/1620 1670/1828/1748
f 1445/1843/1763 1658/1478/1381 1659/1715/1631
f 1329/1871/1794 1655/1874/1797 1656/1929/1852
f 1331/1553/1460 1670/1828/1748 1649/1554/1461
f 1282/1499/1406 1692/1879/1802 1671/1465/1368
f 1281/1467/1370 1672/1930/1853 1671/1465/1368
f 1307/1521/1428 1679/1501/1408 1283/1522/1429
f 1672/1931/1854 1561/1818/1737 1673/1584/1491
f 1487/1686/1600 1688/1597/1504 1687/1596/1503
f 1683/1722/1641 1370/1635/1546 1684/1639/1550
f 1392/1660/1572 1681/1663/1575 1447/1717/1633
f 1469/1634/1545 1686/1673/1585 1685/1672/1584
f 1497/1610/1517 1690/1693/1607 1689/1692/1606
f 1447/1717/1633 1680/1855/1775 1544/1854/1774
f 1455/1756/1675 1682/1664/1576 1392/1660/1572
f 1677/1747/1666 1377/1746/1665 1676/1775/1694
f 1370/1635/1546 1685/1672/1584 1684/1639/1550
f 1421/1774/1693 1676/1775/1694 1377/1746/1665
f 1414/1687/1601 1687/1596/1503 1686/1673/1585
f 1675/1932/1855 1352/1798/1717 1674/1801/1720
f 1345/1611/1518 1689/1692/1606 1688/1597/1504
f 1560/1585/1492 1674/1801/1720 1352/1798/1717
f 1432/1711/1627 1691/1822/1741 1690/1693/1607
f 1544/1854/1774 1679/1501/1408 1280/1489/1394
f 1399/1744/1663 1678/1875/1798 1307/1873/1796
f 1511/1710/1626 1692/1879/1802 1691/1822/1741
f 1696/1933/1856 1802/1934/1857 1813/1935/1858
f 1694/1936/1859 1292/1482/1385 1695/1488/1860
f 1742/1937/1861 1693/1540/1447 1738/1539/1446
f 1704/1938/1862 1811/1633/1542 1698/1939/1863
f 1703/1940/1864 1812/1941/1865 1697/1942/1866
f 1705/1943/1867 1810/1944/1868 1699/1708/1869
f 1708/1945/1870 1700/1885/1808 1693/1540/1447
f 1702/1946/1871 1807/1947/1872 1802/1934/1857
f 1766/1948/1873 1708/1945/1870 1742/1937/1861
f 1770/1949/1874 1706/1950/1875 1769/1951/1876
f 1771/1952/1877 1788/1953/1878 1704/1938/1862
f 1772/1954/1879 1782/1955/1880 1703/1940/1864
f 1781/1956/1881 1705/1943/1867 1770/1949/1882
f 1800/1957/1883 1707/1958/1884 1768/1959/1885
f 1767/1960/1886 1707/1958/1884 1708/1945/1870
f 1764/1961/1887 1803/1962/1888 1710/1963/1889
f 1761/1964/1890 1714/1965/1891 1760/1966/1892
f 1792/1967/1893 1712/1968/1894 1762/1969/1894
f 1786/1970/1895 1711/1971/1896 1763/1972/1897
f 1761/1964/1898 1777/1973/1899 1713/1974/1900
f 1748/1975/1901 1765/1976/1902 1718/1977/1903
f 1719/1978/1904 1805/1979/1905 1804/1980/1906
f 1724/1981/1907 1716/1982/1908 1750/1983/1909
f 1724/1981/1907 1755/1984/1910 1723/1985/1911
f 1791/1986/1912 1721/1987/1913 1728/1988/1914
f 1785/1989/1915 1720/1990/1916 1727/1991/1917
f 1779/1992/1918 1722/1993/1919 1729/1994/1920
f 1749/1995/1921 1718/1977/1903 1725/1537/1444
f 1815/1996/1922 1805/1979/1905 1726/1997/1923
f 1332/1998/1924 1750/1983/1909 1334/1999/1925
f 2325/2000/1926 1730/2001/1927 2324/2002/1928
f 2326/2003/1929 1791/1986/1912 1728/1988/1914
f 2328/2004/1930 1785/1989/1915 1727/1991/1917
f 2325/2000/1931 1779/1992/1918 1729/1994/1920
f 1816/2005/1932 1797/2006/1933 1731/2007/1934
f 1724/1981/1907 1814/2008/1935 2331/2009/1936
f 1581/1573/1480 1492/2010/1937 1732/2011/1938
f 1450/1893/1816 1736/1859/1784 1733/2012/1939
f 1450/1893/1816 1734/2013/1940 1464/1895/1818
f 1492/2010/1937 1734/2013/1940 1735/2014/1941
f 1732/2011/1938 1735/2014/1941 1737/1559/1466
f 1317/1560/1942 1741/2015/1943 1738/2016/1944
f 1733/2012/1945 1740/2017/1946 1739/2018/1947
f 1733/2012/1945 1736/1859/1780 1740/2017/1946
f 1734/2013/1948 1733/2012/1945 1739/2018/1947
f 1735/2014/1949 1734/2013/1948 1739/2018/1947
f 1735/2014/1949 1741/2015/1943 1737/1559/1950
f 1740/2017/1946 1775/2019/1951 1744/2020/1952
f 1741/2015/1943 1742/2021/1953 1738/2016/1944
f 1739/2018/1947 1744/2020/1952 1743/2022/1954
f 1739/2018/1947 1745/2023/1955 1741/2015/1943
f 1742/2021/1953 1745/2023/1955 1766/2024/1956
f 1747/2025/1957 1745/2023/1955 1757/2026/1958
f 1744/2020/1952 1748/2027/1959 1749/2028/1960
f 1716/2029/1961 1745/2023/1955 1750/2030/1962
f 1749/2028/1960 1753/2031/1963 1744/2020/1952
f 1750/2030/1962 1754/2032/1964 1334/2033/1965
f 1743/2022/1954 1754/2032/1964 1745/2023/1955
f 1757/2034/1966 1717/2035/1967 1747/2036/1968
f 1715/2037/1969 1758/2038/1970 1759/2039/1971
f 1797/2006/1933 1755/1984/1910 1731/2007/1934
f 1729/1994/1972 1756/2040/1973 1730/2001/1927
f 1799/2041/1974 1714/1965/1891 1796/2042/1975
f 1804/1980/1906 1764/1961/1887 1719/1978/1904
f 1756/2040/1973 1761/1964/1890 1760/1966/1892
f 1790/2043/1976 1762/1969/1894 1721/1987/1913
f 1763/1972/1897 1784/2044/1977 1786/1970/1895
f 1778/2045/1978 1761/1964/1898 1722/1993/1919
f 1746/2046/1979 1709/2047/1980 1765/1976/1902
f 1745/2023/1955 1716/2029/1961 1757/2026/1958
f 1716/1982/1908 1758/2038/1970 1757/2034/1966
f 1723/1985/1911 1759/2039/1971 1758/2038/1970
f 1798/2048/1981 1759/2039/1971 1755/1984/1910
f 1803/1962/1888 1773/2049/1982 1710/1963/1889
f 1747/2036/1968 1767/1960/1886 1766/1948/1873
f 1713/1974/1983 1769/1951/1876 1714/1965/1891
f 1789/2050/1984 1771/1952/1877 1712/1968/1894
f 1711/1971/1896 1787/2051/1985 1772/1954/1879
f 1713/1974/1900 1781/1956/1881 1770/1949/1882
f 1715/2037/1969 1800/1957/1883 1768/1959/1885
f 1717/2035/1967 1768/1959/1885 1767/1960/1886
f 1775/2019/1951 1746/2052/1986 1744/2020/1952
f 1745/2023/1955 1747/2025/1957 1766/2024/1956
f 1775/2053/1987 1774/2054/1988 1709/2047/1980
f 1775/2053/1987 1701/2055/1989 1774/2054/1988
f 1694/1936/1859 1701/2055/1989 1775/2053/1987
f 1704/1938/1862 1781/1956/1881 1771/1952/1877
f 1712/1968/1894 1780/2056/1990 1762/1969/1894
f 1728/1988/1914 1778/2045/1978 1779/1992/1918
f 1721/1987/1913 1780/2056/1990 1778/2045/1978
f 1771/1952/1877 1777/1973/1899 1712/1968/1894
f 1702/1946/1871 1787/2051/1985 1773/2049/1982
f 1764/1961/1887 1783/2057/1991 1786/1970/1895
f 1726/1997/1923 1784/2044/1977 1785/1989/1915
f 1753/2031/1963 1743/2022/1954 1744/2020/1952
f 1719/1978/1904 1786/1970/1895 1784/2044/1977
f 1773/2049/1982 1783/2057/1991 1710/1963/1889
f 1793/2058/1992 1703/1940/1864 1788/1953/1878
f 1763/1972/1897 1789/2050/1984 1792/1967/1893
f 1727/1991/1917 1790/2043/1976 1791/1986/1912
f 1720/1990/1916 1792/1967/1893 1790/2043/1976
f 1772/1954/1879 1789/2050/1984 1711/1971/1896
f 1706/1950/1875 1800/1957/1883 1769/1951/1876
f 2324/2002/1928 1797/2006/1933 1794/2059/1993
f 1730/2001/1927 1798/2048/1981 1797/2006/1933
f 1759/2039/1971 1796/2042/1975 1715/2037/1969
f 1760/1966/1892 1798/2048/1981 1756/2040/1973
f 1769/1951/1876 1796/2042/1975 1714/1965/1891
f 1774/2054/1994 1802/1934/1857 1807/1947/1872
f 1709/2047/1995 1806/2060/1996 1765/1976/1997
f 1725/1537/1998 1804/1980/1906 1805/1979/1905
f 1333/1538/1999 1805/1979/1905 1801/2061/2000
f 1765/1976/1997 1804/1980/1906 1718/1977/2001
f 1709/2047/1995 1807/1947/1872 1803/1962/1888
f 1707/1958/1884 1808/2062/2002 1700/1885/1808
f 1809/1709/1625 1795/2063/2003 1706/1950/1875
f 1705/1943/2004 1809/1709/1625 1706/1950/1875
f 1776/2064/2005 1698/1939/1863 1810/1944/1868
f 1788/1953/1878 1697/1942/1866 1811/1633/1542
f 1782/1955/1880 1696/1933/1856 1812/1941/1865
f 1701/2055/2006 1813/1935/1858 1802/1934/1857
f 1578/1884/1807 1808/2062/2002 1439/1811/1730
f 1439/1811/1730 1809/1709/1625 1507/1606/1513
f 1335/1607/2007 1810/1944/1868 1407/1759/2008
f 1407/1759/2008 1810/1944/1868 1698/1939/1863
f 1479/1628/1544 1698/1939/1863 1811/1633/1542
f 1463/1655/2009 1697/1942/1866 1812/1941/1865
f 1812/1941/1865 1385/1656/2010 1463/1655/2009
f 1552/1481/1391 1696/1933/1856 1813/1935/1858
f 1746/2052/1986 1748/2027/1959 1744/2020/1952
f 1779/1992/1918 2326/2003/1929 1728/1988/1914
f 1726/1997/1923 2329/2065/2011 2322/2066/2012
f 1727/1991/1917 2327/2067/2013 2328/2004/1930
f 1820/2068/2014 1818/2069/2015 1821/2070/2016
f 1825/2071/2017 1823/2072/2018 1822/2073/2019
f 1826/2074/2020 1828/2075/2021 1827/2076/2022
f 1830/2077/2023 1832/2078/2024 1831/2079/2025
f 1834/2080/2026 1836/2081/2027 1835/2082/2028
f 1838/2083/2029 1840/2084/2030 1839/2085/2031
f 1845/2086/2032 1843/2087/2033 1842/2088/2034
f 1846/2089/2035 1833/2090/2036 1847/2091/2037
f 1849/2092/2038 1851/2093/2039 1850/2094/2040
f 1854/2095/2041 1845/2086/2042 1842/2088/2043
f 1852/2096/2044 1855/2097/2045 1856/2098/2046
f 1844/2099/2047 1857/2100/2048 1843/2087/2033
f 1859/2101/2049 1821/2070/2016 1818/2069/2015
f 1862/2102/2050 1850/2094/2040 1860/2103/2051
f 1858/2104/2052 1820/2068/2053 1821/2070/2054
f 1866/2105/2055 1823/2072/2018 1864/2106/2056
f 1868/2107/2057 1855/2097/2045 1869/2108/2058
f 1873/2109/2059 1871/2110/2060 1870/2111/2061
f 1875/2112/2062 1827/2076/2022 1834/2080/2026
f 1879/2113/2063 1877/2114/2064 1876/2115/2065
f 1880/2116/2066 1881/2117/2067 1831/2079/2025
f 1886/2118/2068 1884/2119/2069 1883/2120/2070
f 1887/2121/2071 1834/2080/2026 1835/2082/2028
f 1889/2122/2072 1884/2119/2069 1885/2123/2073
f 1892/2124/2074 1839/2085/2031 1890/2125/2075
f 1894/2126/2076 1842/2088/2034 1843/2087/2033
f 1895/2127/2077 1897/2128/2078 1896/2129/2079
f 1899/2130/2080 1830/2077/2023 1900/2131/2081
f 1904/2132/2082 1902/2133/2083 1901/2134/2084
f 1861/2135/2085 1849/2092/2038 1850/2094/2040
f 1907/2136/2086 1818/2069/2015 1906/2137/2087
f 1909/2138/2088 1751/1536/1443 1333/1538/1445
f 1895/2127/2077 1910/2139/2089 1898/2140/2090
f 1905/2141/2091 1855/2097/2045 1849/2092/2038
f 1912/2142/2092 1906/2137/2087 1822/2073/2019
f 1896/2129/2079 1914/2143/2093 1913/2144/2094
f 1916/2145/2095 1857/2100/2048 1846/2089/2035
f 1919/2146/2096 1871/2110/2060 1917/2147/2097
f 1917/2147/2097 1921/2148/2098 1920/2149/2099
f 1826/2074/2020 1924/2150/2100 1923/2151/2101
f 1928/2152/2102 1888/2153/2103 1926/2154/2104
f 1931/2155/2105 1929/2156/2106 1926/2154/2104
f 1934/2157/2107 1932/2158/2108 1838/2083/2029
f 1936/2159/2109 1897/2160/2110 1898/2161/2111
f 1938/2162/2112 1921/2163/2113 1922/2164/2114
f 1939/2165/2115 1873/2166/2116 1940/2167/2117
f 1879/2168/2118 1941/2169/2119 1878/2170/2120
f 1943/2171/2121 1904/2172/2122 1944/2173/2123
f 1945/2174/2124 1897/2160/2110 1935/2175/2125
f 1947/2176/2126 1885/2177/2127 1886/2178/2128
f 1946/2179/2129 1889/2180/2130 1885/2177/2127
f 1931/2181/2131 1949/2182/2132 1930/2183/2133
f 1866/2184/2134 1951/2185/2135 1865/2186/2136
f 1953/2187/2137 1912/2188/2138 1954/2189/2139
f 1907/2190/2140 1955/2191/2141 1859/2192/2142
f 1955/2191/2141 1858/2193/2143 1859/2192/2142
f 1956/2194/2144 1958/2195/2145 1957/2196/2146
f 1960/2197/2147 1962/2198/2148 1961/2199/2149
f 1967/2200/2150 1965/2201/2151 1964/2202/2152
f 1965/2201/2151 1968/2203/2153 1964/2202/2152
f 1960/2197/2147 1971/2204/2154 1970/2205/2155
f 1973/2206/2156 1975/2207/2157 1974/2208/2158
f 1956/2194/2144 1978/2209/2159 1977/2210/2160
f 1979/2211/2161 1980/2212/2162 1978/2209/2159
f 1959/2213/2163 1982/2214/2164 1958/2195/2165
f 1986/2215/2166 1984/2216/2167 1983/2217/2168
f 1989/2218/2169 1987/2219/2170 1968/2203/2153
f 1990/2220/2171 1992/2221/2172 1991/2222/2173
f 1991/2222/2173 1994/2223/2174 1990/2220/2171
f 1999/2224/2175 1997/2225/2176 1996/2226/2177
f 2000/2227/2178 2002/2228/2179 2001/2229/2180
f 2004/2230/2181 2006/2231/2182 2005/2232/2183
f 2008/2233/2184 2003/2234/2185 2009/2235/2186
f 2007/2236/2187 2010/2237/2188 2006/2231/2182
f 2014/2238/2189 2012/2239/2190 2004/2230/2181
f 2017/2240/2191 2015/2241/2192 1996/2226/2177
f 2014/2238/2193 2018/2242/2194 2013/2243/2195
f 2022/2244/2196 2020/2245/2197 2019/2246/2198
f 2025/2247/2199 2023/2248/2200 1994/2223/2174
f 2028/2249/2201 2026/2250/2202 2029/2251/2203
f 2030/2252/2204 2027/2253/2205 2023/2248/2200
f 2031/2254/2206 2032/2255/2207 2015/2241/2192
f 2034/2256/2208 2036/2257/2209 2035/2258/2210
f 2039/2259/2211 2012/2239/2190 2037/2260/2212
f 2041/2261/2213 2038/2262/2214 2039/2259/2211
f 2037/2260/2212 2043/2263/2215 2042/2264/2216
f 2031/2254/2206 2045/2265/2217 2044/2266/2218
f 2021/2267/2219 1832/2078/2024 2020/2245/2197
f 2050/2268/2220 2048/2269/2221 2030/2252/2204
f 2051/2270/2222 2052/2271/2223 2005/2232/2183
f 2054/2272/2224 2055/2273/2225 1997/2225/2176
f 2053/2274/2226 2057/2275/2227 2052/2271/2228
f 1984/2216/2167 2059/2276/2229 2058/2277/2230
f 2061/2278/2231 2060/2279/2232 2062/2280/2233
f 2065/2281/2234 2063/2282/2235 2066/2283/2236
f 2060/2279/2232 2064/2284/2237 1987/2219/2170
f 2054/2272/2224 2067/2285/2238 1961/2199/2149
f 2051/2270/2222 2069/2286/2239 1957/2196/2146
f 2070/2287/2240 2071/2288/2241 2069/2286/2239
f 2073/2289/2242 2074/2290/2243 1977/2210/2160
f 2076/2291/2244 2077/2292/2245 1970/2205/2155
f 2075/2293/2246 1863/2294/2247 2074/2290/2248
f 2082/2295/2249 2080/2296/2250 2079/2297/2251
f 2084/2298/2252 2083/2299/2253 2085/2300/2254
f 2089/2301/2255 2087/2302/2256 2086/2303/2257
f 2086/2303/2257 2090/2304/2258 2083/2299/2253
f 2092/2305/2259 2076/2291/2244 2093/2306/2260
f 2073/2289/2242 2095/2307/2261 2094/2308/2262
f 1975/2207/2157 2098/2309/2263 2097/2310/2264
f 2096/2311/2265 2099/2312/2266 2095/2307/2261
f 2029/2251/2203 2101/2313/2267 2102/2314/2268
f 2101/2313/2267 2030/2252/2204 2048/2269/2221
f 2044/2266/2218 2033/2315/2269 2031/2254/2206
f 1844/2099/2047 2036/2257/2209 2034/2256/2208
f 2104/2316/2270 2037/2260/2212 2042/2264/2216
f 2105/2317/2271 2039/2259/2211 2104/2316/2270
f 2106/2318/2272 2042/2264/2216 2043/2263/2215
f 2045/2265/2217 2107/2319/2273 2044/2266/2218
f 2043/2263/2274 2109/2320/2275 2106/2318/2276
f 2049/2321/2277 1836/2081/2027 2048/2269/2221
f 2013/2243/2278 2037/2260/2212 2012/2239/2190
f 2015/2241/2192 2046/2322/2279 2031/2254/2206
f 2018/2242/2194 2043/2263/2274 2013/2243/2195
f 2024/2323/2280 2030/2252/2204 2023/2248/2200
f 2111/2324/2281 2113/2325/2282 2112/2326/2283
f 2115/2327/2284 2117/2328/2285 2116/2329/2286
f 2122/2330/2287 2120/2331/2288 2119/2332/2289
f 2125/2333/2290 2123/2334/2291 2126/2335/2292
f 2127/2336/2293 2129/2337/2294 2128/2338/2295
f 2131/2339/2296 2112/2326/2283 2132/2340/2297
f 2133/2341/2298 2135/2342/2299 2134/2343/2300
f 2140/2344/2301 2138/2345/2302 2137/2346/2303
f 2143/2347/2304 2141/2348/2305 2144/2349/2306
f 2141/2348/2305 2146/2350/2307 2145/2351/2308
f 2145/2351/2308 2148/2352/2309 2147/2353/2310
f 2148/2352/2309 2018/2354/2311 2147/2353/2310
f 1993/2355/2312 2027/2253/2205 2028/2249/2201
f 2023/2248/2200 1990/2220/2171 1994/2223/2174
f 1999/2224/2175 2015/2241/2192 2032/2255/2207
f 2035/2258/2210 2000/2227/2178 2034/2256/2208
f 2038/2262/2214 2004/2230/2181 2012/2239/2190
f 2040/2356/2313 2007/2236/2187 2038/2262/2214
f 1992/2221/2172 2063/2282/2235 1991/2222/2173
f 2063/2282/2235 1995/2357/2314 1991/2222/2173
f 1997/2225/2176 2068/2358/2315 2054/2272/2224
f 2001/2229/2180 2150/2359/2316 2149/2360/2317
f 2005/2232/2183 2070/2287/2240 2051/2270/2222
f 2006/2231/2182 2072/2361/2318 2070/2287/2240
f 2014/2238/2189 2005/2232/2183 2052/2271/2223
f 2017/2240/2191 1997/2225/2176 2055/2273/2225
f 2057/2275/2227 2014/2238/2193 2052/2271/2228
f 2059/2276/2229 2019/2246/2198 2058/2277/2230
f 2025/2247/2199 1995/2357/2314 2061/2278/2231
f 2152/2362/2319 2111/2324/2281 2151/2363/2320
f 2153/2364/2321 2118/2365/2322 2115/2327/2284
f 2122/2330/2287 2155/2366/2323 2156/2367/2324
f 2158/2368/2325 2123/2334/2291 2157/2369/2326
f 2159/2370/2327 2130/2371/2328 2127/2336/2293
f 2151/2363/2320 2131/2339/2296 2161/2372/2329
f 2162/2373/2330 2136/2374/2331 2133/2341/2298
f 2140/2344/2301 2164/2375/2332 2165/2376/2333
f 2144/2349/2306 2166/2377/2334 2167/2378/2335
f 2166/2377/2334 2145/2351/2308 2168/2379/2336
f 2145/2351/2308 2169/2380/2337 2168/2379/2336
f 2147/2353/2310 2057/2381/2338 2169/2380/2337
f 1957/2196/2146 2053/2274/2339 2051/2270/2222
f 1961/2199/2149 2056/2382/2340 2054/2272/2224
f 1982/2214/2164 2053/2274/2226 1958/2195/2165
f 1987/2219/2170 2062/2280/2233 2060/2279/2232
f 2171/2383/2341 2151/2363/2320 2170/2384/2342
f 2172/2385/2343 2154/2386/2344 2153/2364/2321
f 2174/2387/2345 2156/2367/2324 2155/2366/2323
f 2177/2388/2346 2157/2369/2326 2176/2389/2347
f 2178/2390/2348 2160/2391/2349 2159/2370/2327
f 2151/2363/2320 2180/2392/2350 2170/2384/2342
f 2181/2393/2351 2163/2394/2352 2162/2373/2330
f 2183/2395/2353 2165/2376/2333 2164/2375/2332
f 2186/2396/2354 2166/2377/2334 2185/2397/2355
f 2185/2397/2355 2168/2379/2336 2187/2398/2356
f 2168/2379/2336 2188/2399/2357 2187/2398/2356
f 2169/2380/2337 1982/2400/2358 2188/2399/2357
f 1967/2200/2150 2064/2284/2237 2065/2281/2234
f 1987/2219/2170 1964/2202/2152 1968/2203/2153
f 1961/2199/2149 1972/2401/2359 1960/2197/2147
f 2150/2359/2316 1973/2206/2156 2149/2360/2317
f 1957/2196/2146 1979/2211/2161 1956/2194/2144
f 2069/2286/2239 1981/2402/2360 1979/2211/2161
f 1966/2403/2361 2086/2303/2257 1965/2201/2151
f 1965/2201/2151 2083/2299/2253 1969/2404/2362
f 1970/2205/2155 2093/2306/2260 2076/2291/2244
f 1974/2208/2158 2190/2405/2363 2189/2406/2364
f 1977/2210/2160 2096/2311/2265 2073/2289/2242
f 1978/2209/2159 2100/2407/2365 2096/2311/2265
f 1977/2210/2160 1959/2213/2366 1956/2194/2144
f 1963/2408/2367 1970/2205/2155 2077/2292/2245
f 2074/2290/2248 1982/2214/2164 1959/2213/2163
f 2081/2409/2368 1983/2217/2168 2080/2296/2250
f 1989/2218/2169 1969/2404/2362 2084/2298/2252
f 1937/2410/2369 2170/2384/2342 1947/2176/2126
f 1939/2165/2115 2172/2385/2343 1938/2162/2112
f 1940/2167/2117 2175/2411/2370 2174/2387/2345
f 1943/2171/2121 2176/2389/2347 1942/2412/2371
f 1944/2173/2123 2179/2413/2372 2178/2390/2348
f 2170/2384/2342 1946/2179/2129 1947/2176/2126
f 1950/2414/2373 2182/2415/2374 2181/2393/2351
f 1949/2182/2132 2183/2395/2353 1952/2416/2375
f 1951/2185/2135 2185/2397/2355 1954/2189/2139
f 1954/2189/2139 2187/2398/2356 1953/2187/2137
f 1953/2187/2137 2188/2399/2357 1955/2191/2141
f 2188/2399/2357 1863/2417/2376 1955/2191/2141
f 2094/2308/2262 2075/2293/2377 2073/2289/2242
f 2091/2418/2378 2078/2419/2379 2076/2291/2244
f 2191/2420/2380 1863/2294/2247 2075/2293/2246
f 2085/2300/2254 2090/2304/2258 2193/2421/2381
f 2195/2422/2382 2087/2302/2256 2088/2423/2383
f 2079/2297/2251 2197/2424/2384 2196/2425/2385
f 2090/2304/2258 2194/2426/2386 2198/2427/2387
f 2200/2428/2388 2091/2418/2378 2092/2305/2259
f 2190/2405/2363 2201/2429/2389 2189/2406/2364
f 2203/2430/2390 2205/2431/2391 2204/2432/2392
f 2094/2308/2262 2206/2433/2393 1819/2434/2394
f 2095/2307/2261 1825/2071/2017 2206/2433/2393
f 2207/2435/2395 2209/2436/2396 2208/2437/2397
f 1888/2153/2103 1931/2155/2105 1926/2154/2104
f 1927/2438/2398 1884/2119/2069 1888/2153/2103
f 1933/2439/2399 1835/2082/2028 1932/2158/2108
f 1948/2440/2400 1931/2181/2131 1889/2180/2130
f 1988/2441/2401 2211/2442/2402 2210/2443/2403
f 2024/2323/2280 2213/2444/2404 2212/2445/2405
f 2050/2268/2220 2214/2446/2406 2049/2321/2277
f 2062/2280/2233 2216/2447/2407 2061/2278/2231
f 2085/2300/2254 2218/2448/2408 2084/2298/2252
f 1841/2449/2409 1932/2158/2108 2110/2450/2410
f 1933/2451/2411 2132/2340/2297 1887/2452/2412
f 2212/2445/2405 2050/2268/2220 2024/2323/2280
f 2131/2339/2296 2135/2342/2299 2136/2374/2331
f 2061/2278/2231 2213/2444/2404 2025/2247/2199
f 2163/2394/2352 2131/2339/2296 2136/2374/2331
f 2062/2280/2233 2210/2443/2403 2217/2453/2413
f 2182/2415/2374 2161/2372/2329 2163/2394/2352
f 2084/2298/2252 2211/2442/2402 1989/2218/2169
f 1948/2440/2400 2180/2392/2350 2182/2415/2374
f 2193/2421/2381 2219/2454/2414 2085/2300/2254
f 2102/2314/2268 1837/2455/2415 1828/2075/2021
f 1837/2455/2415 2048/2269/2221 1836/2081/2027
f 2103/2456/2416 2107/2319/2273 1840/2084/2030
f 1852/2096/2044 2042/2264/2216 1851/2093/2039
f 1856/2098/2046 2104/2316/2270 1852/2096/2044
f 1860/2103/2051 1851/2093/2039 2106/2318/2272
f 2108/2457/2417 1890/2125/2075 2107/2319/2273
f 2106/2318/2276 1862/2102/2418 1860/2103/2419
f 2047/2458/2420 1880/2116/2066 1832/2078/2024
f 2110/2450/2410 1835/2082/2028 1836/2081/2027
f 2222/2459/2421 2221/2460/2422 2223/2461/2423
f 2224/2462/2424 1893/2463/2425 1894/2464/2426
f 2112/2326/2283 1874/2465/2427 1875/2466/2428
f 2116/2329/2286 1924/2467/2429 1925/2468/2430
f 2121/2469/2431 1882/2470/2432 2120/2331/2288
f 2125/2333/2290 1900/2471/2433 2124/2472/2434
f 2128/2338/2295 1915/2473/2435 1916/2474/2436
f 2112/2326/2283 1887/2452/2412 2132/2340/2297
f 2135/2342/2299 1934/2475/2437 2134/2343/2300
f 2139/2476/2438 1892/2477/2439 2138/2345/2302
f 2142/2478/2440 1868/2479/2441 1869/2480/2442
f 2146/2350/2307 1869/2480/2442 1905/2481/2443
f 2146/2350/2307 1861/2482/2444 2148/2352/2309
f 1861/2482/2444 2109/2483/2445 2148/2352/2309
f 2049/2321/2277 1841/2449/2409 2110/2450/2410
f 2191/2420/2446 1819/2434/2394 1820/2068/2014
f 2199/2484/2447 2192/2485/2448 2091/2418/2378
f 1820/2068/2053 1863/2294/2247 2191/2420/2380
f 2196/2425/2385 2082/2295/2249 2079/2297/2251
f 2220/2486/2449 1927/2438/2398 1928/2152/2102
f 1920/2149/2099 2194/2426/2386 2195/2422/2382
f 2196/2425/2385 1877/2114/2064 1870/2111/2061
f 2198/2427/2387 1883/2120/2070 1884/2119/2069
f 1929/2156/2106 2199/2484/2447 2200/2428/2388
f 2202/2487/2450 1896/2129/2079 2201/2429/2389
f 1902/2133/2083 2204/2432/2392 2205/2431/2391
f 1819/2434/2394 1906/2137/2087 1818/2069/2015
f 2202/2487/2450 1911/2488/2451 1895/2127/2077
f 2206/2433/2393 1822/2073/2019 1906/2137/2087
f 2209/2436/2396 1901/2134/2084 2208/2437/2397
f 1927/2438/2398 2090/2304/2258 2198/2427/2387
f 1857/2100/2048 1848/2489/2452 1846/2089/2035
f 1914/2143/2093 1901/2134/2084 1913/2144/2094
f 1915/2490/2453 1843/2087/2033 1857/2100/2048
f 1944/2173/2123 1914/2491/2454 1945/2174/2124
f 2227/2492/2455 1974/2208/2158 2226/2493/2456
f 2229/2494/2457 2001/2229/2180 2228/2495/2458
f 1844/2099/2047 2230/2496/2459 1848/2489/2452
f 2231/2497/2460 2129/2337/2294 2130/2371/2328
f 2034/2256/2208 2229/2494/2457 2230/2496/2459
f 2232/2498/2461 2001/2229/2180 2149/2360/2317
f 2160/2391/2349 2231/2497/2460 2130/2371/2328
f 2179/2413/2372 2233/2499/2462 2160/2391/2349
f 2227/2492/2455 2149/2360/2317 1973/2206/2156
f 2226/2493/2456 2189/2406/2364 2207/2435/2395
f 2209/2436/2396 2189/2406/2364 2201/2429/2389
f 2129/2337/2294 1894/2464/2426 1915/2473/2435
f 1913/2144/2094 2201/2429/2389 1896/2129/2079
f 1847/2091/2037 1833/2090/2036 1830/2077/2023
f 1847/2091/2037 1916/2145/2095 1846/2089/2035
f 1903/2500/2463 1876/2115/2065 1902/2133/2083
f 1942/2412/2371 1903/2501/2464 1943/2171/2121
f 2236/2502/2465 2226/2493/2456 2235/2503/2466
f 2238/2504/2467 2228/2495/2458 2237/2505/2468
f 2239/2506/2469 1848/2489/2452 2230/2496/2459
f 2126/2335/2292 2128/2338/2295 2125/2333/2290
f 2238/2504/2467 2230/2496/2459 2229/2494/2457
f 2228/2495/2458 2240/2507/2470 2237/2505/2468
f 2158/2368/2325 2127/2336/2293 2126/2335/2292
f 2177/2388/2346 2159/2370/2327 2158/2368/2325
f 2236/2502/2465 2232/2498/2461 2227/2492/2455
f 2235/2503/2466 2207/2435/2395 2203/2430/2390
f 1944/2173/2123 2177/2388/2346 1943/2171/2121
f 2203/2430/2390 2208/2437/2397 2205/2431/2391
f 2125/2333/2290 1916/2474/2436 1899/2508/2471
f 2208/2437/2397 1902/2133/2083 2205/2431/2391
f 1831/2079/2025 1832/2078/2024 1880/2116/2066
f 1878/2509/2472 1870/2111/2061 1877/2114/2064
f 1831/2079/2025 1900/2131/2081 1830/2077/2023
f 1941/2169/2119 1873/2166/2116 1878/2170/2120
f 1983/2217/2168 2235/2503/2466 2080/2296/2250
f 2238/2504/2467 2058/2277/2230 2019/2246/2198
f 2020/2245/2197 1833/2090/2036 2239/2506/2469
f 2123/2334/2291 2121/2469/2431 2122/2330/2287
f 2019/2246/2198 2239/2506/2469 2238/2504/2467
f 2237/2505/2468 1984/2216/2167 2058/2277/2230
f 2157/2369/2326 2122/2330/2287 2156/2367/2324
f 2175/2411/2370 2157/2369/2326 2156/2367/2324
f 1983/2217/2168 2240/2507/2470 2236/2502/2465
f 2080/2296/2250 2203/2430/2390 2079/2297/2251
f 1941/2169/2119 2176/2389/2347 2175/2411/2370
f 2079/2297/2251 2204/2432/2392 2197/2424/2384
f 1881/2510/2473 2124/2472/2434 1900/2471/2433
f 2197/2424/2384 1876/2115/2065 1877/2114/2064
f 1872/2511/2474 1917/2147/2097 1871/2110/2060
f 1918/2512/2475 1870/2111/2061 1871/2110/2060
f 1923/2151/2101 1882/2513/2476 1880/2116/2066
f 1938/2162/2112 1872/2514/2477 1939/2165/2115
f 1985/2515/2478 2242/2516/2479 2241/2517/2480
f 2021/2267/2219 2244/2518/2481 2243/2519/2482
f 2047/2458/2420 2243/2519/2482 1829/2520/2483
f 1985/2515/2478 2245/2521/2484 2059/2276/2229
f 2082/2295/2249 2246/2522/2485 2081/2409/2368
f 2118/2365/2322 2120/2331/2288 2117/2328/2285
f 2245/2521/2484 2022/2244/2196 2059/2276/2229
f 2154/2386/2344 2119/2332/2289 2118/2365/2322
f 2173/2523/2486 2155/2366/2323 2154/2386/2344
f 2246/2522/2485 1986/2215/2166 2081/2409/2368
f 1940/2167/2117 2173/2523/2486 1939/2165/2115
f 1923/2151/2101 1829/2520/2483 1826/2074/2020
f 2120/2331/2288 1924/2467/2429 2117/2328/2285
f 2082/2295/2249 1919/2146/2096 2247/2524/2487
f 1837/2455/2415 1827/2076/2022 1828/2075/2021
f 1827/2076/2022 1925/2525/2488 1826/2074/2020
f 1920/2149/2099 1886/2118/2068 1883/2120/2070
f 1921/2163/2113 1947/2176/2126 1886/2178/2128
f 2242/2516/2479 1966/2403/2361 1967/2200/2150
f 1993/2355/2312 2245/2521/2484 1992/2221/2172
f 2028/2249/2201 2029/2251/2203 2243/2519/2482
f 2065/2281/2234 2066/2283/2236 2241/2517/2480
f 2088/2423/2383 2089/2301/2255 2247/2524/2487
f 2102/2314/2268 2243/2519/2482 2029/2251/2203
f 2114/2526/2489 2116/2329/2286 2113/2325/2282
f 2028/2249/2201 2244/2518/2481 1993/2355/2312
f 2245/2521/2484 2066/2283/2236 1992/2221/2172
f 2152/2362/2319 2115/2327/2284 2114/2526/2489
f 2171/2383/2341 2153/2364/2321 2152/2362/2319
f 2065/2281/2234 2242/2516/2479 1967/2200/2150
f 2246/2522/2485 2089/2301/2255 1966/2403/2361
f 1937/2410/2369 2172/2385/2343 2171/2383/2341
f 2088/2423/2383 1919/2146/2096 2195/2422/2382
f 2102/2314/2268 1828/2075/2021 1829/2520/2483
f 2113/2325/2282 1925/2468/2430 1874/2465/2427
f 2195/2422/2382 1917/2147/2097 1920/2149/2099
f 2107/2319/2273 1839/2085/2031 1840/2084/2030
f 1891/2527/2490 1838/2083/2029 1839/2085/2031
f 1930/2528/2491 1864/2106/2056 1929/2156/2106
f 1930/2183/2133 1952/2416/2375 1866/2184/2134
f 1972/2401/2359 2218/2448/2408 1971/2204/2154
f 1999/2224/2175 2216/2447/2407 1998/2529/2492
f 2215/2530/2493 2032/2255/2207 2033/2315/2269
f 2068/2358/2315 2210/2443/2403 2067/2285/2238
f 2219/2454/2414 2092/2305/2259 2093/2306/2260
f 2103/2456/2416 2215/2530/2493 2033/2315/2269
f 2140/2344/2301 2134/2343/2300 2139/2476/2438
f 2032/2255/2207 2213/2444/2404 1999/2224/2175
f 1998/2529/2492 2217/2453/2413 2068/2358/2315
f 2165/2376/2333 2133/2341/2298 2140/2344/2301
f 2184/2531/2494 2162/2373/2330 2165/2376/2333
f 2067/2285/2238 2211/2442/2402 1972/2401/2359
f 1971/2204/2154 2219/2454/2414 2093/2306/2260
f 2184/2531/2494 1950/2414/2373 2181/2393/2351
f 2092/2305/2259 1928/2152/2102 2200/2428/2388
f 1840/2084/2030 2214/2446/2406 2103/2456/2416
f 2139/2476/2438 1934/2475/2437 1891/2532/2495
f 2200/2428/2388 1926/2154/2104 1929/2156/2106
f 1824/2533/2496 1864/2106/2056 1823/2072/2018
f 1865/2534/2497 1822/2073/2019 1823/2072/2018
f 1892/2124/2074 1867/2535/2498 1868/2107/2057
f 1865/2186/2136 1954/2189/2139 1912/2188/2138
f 1963/2408/2367 2071/2288/2241 1962/2198/2148
f 2016/2536/2499 2011/2537/2500 2040/2356/2313
f 2041/2261/2213 2045/2265/2217 2046/2322/2279
f 2056/2382/2340 2010/2237/2188 2055/2273/2225
f 2078/2419/2379 1980/2212/2162 2077/2292/2245
f 2105/2317/2271 2108/2457/2417 2045/2265/2217
f 2040/2356/2313 2046/2322/2279 2016/2536/2499
f 2143/2347/2304 2137/2346/2303 2138/2345/2302
f 2055/2273/2225 2011/2537/2500 2017/2240/2191
f 2164/2375/2332 2144/2349/2306 2167/2378/2335
f 1962/2198/2148 2072/2361/2318 2056/2382/2340
f 2167/2378/2335 2183/2395/2353 2164/2375/2332
f 2077/2292/2245 1981/2402/2360 1963/2408/2367
f 1952/2416/2375 2186/2396/2354 1951/2185/2135
f 2192/2485/2448 2100/2407/2365 2078/2419/2379
f 1856/2098/2046 1867/2535/2498 2108/2457/2417
f 2138/2345/2302 1868/2479/2441 2143/2347/2304
f 1824/2533/2496 2099/2312/2266 2192/2485/2448
f 2248/2538/2501 2250/2539/2502 2249/2540/2503
f 2222/2541/2504 1842/2088/2034 1893/2542/2505
f 1911/2488/2451 2251/2543/2506 1910/2139/2089
f 2008/2233/2184 2254/2544/2507 2253/2545/2508
f 2258/2546/2509 2256/2547/2510 2009/2235/2186
f 2261/2548/2511 2259/2549/2512 2098/2309/2513
f 2225/2550/2514 2252/2551/2515 1911/2488/2451
f 2249/2540/2503 2264/2552/2516 2263/2553/2517
f 2252/2551/2515 2265/2554/2518 2251/2543/2506
f 2269/2555/2519 2267/2556/2520 2259/2549/2521
f 2255/2557/2522 2270/2558/2523 2254/2544/2507
f 2257/2559/2524 2272/2560/2525 2256/2547/2510
f 2274/2561/2526 2259/2549/2512 2260/2562/2527
f 2276/2563/2528 2262/2564/2529 2277/2565/2530
f 2262/2564/2529 2266/2566/2531 2252/2551/2515
f 2281/2567/2532 2279/2568/2533 2278/2569/2534
f 2284/2570/2535 2282/2571/2536 2285/2572/2537
f 2288/2573/2538 2286/2574/2539 2289/2575/2540
f 2292/2576/2541 2290/2577/2542 2293/2578/2543
f 2295/2579/2544 2284/2570/2545 2285/2572/2546
f 2296/2580/2547 2298/2581/2548 2297/2582/2549
f 2300/2583/2550 2302/2584/2551 2301/2585/2552
f 2306/2586/2553 2304/2587/2554 2307/2588/2555
f 2309/2589/2556 2306/2586/2553 2307/2588/2555
f 2312/2590/2557 2310/2591/1913 2313/2592/2558
f 2316/2593/1915 2314/2594/2559 2317/2595/2560
f 2320/2596/2561 2318/2597/2562 2321/2598/2563
f 1908/2599/2564 2299/2600/2565 2296/2580/2547
f 2301/2585/2552 1801/2061/2000 1815/1996/1922
f 1332/1998/1924 2305/2601/2566 2306/2586/2553
f 2325/2000/1926 2323/2602/2567 2319/2603/2568
f 2312/2590/2557 2326/2003/1929 2311/2604/1914
f 2316/2593/1915 2328/2004/1930 2315/2605/1917
f 2320/2596/2561 2325/2000/1931 2319/2603/2569
f 2308/2606/2570 1794/2059/1993 1816/2005/1932
f 2331/2009/1936 1814/2008/1935 2306/2586/2553
f 1945/2174/2124 2234/2607/2571 2179/2413/2372
f 2231/2497/2460 2221/2460/2572 2224/2462/2424
f 2334/2608/2573 2231/2497/2460 2233/2499/2462
f 2234/2607/2571 2334/2608/2573 2233/2499/2462
f 1935/2175/2125 2335/2609/2574 2234/2607/2571
f 1898/2161/2575 2336/2610/2576 1936/2159/2577
f 2333/2611/2578 2337/2612/2579 2223/2461/2423
f 2333/2611/2578 2223/2461/2423 2221/2460/2422
f 2334/2608/2580 2337/2612/2579 2333/2611/2578
f 2335/2609/2581 2337/2612/2579 2334/2608/2580
f 2336/2610/2576 2335/2609/2581 1936/2159/2577
f 2223/2461/2423 2338/2613/2582 2222/2459/2421
f 2251/2614/2583 2336/2610/2576 1910/2615/2584
f 2337/2612/2579 2339/2616/2585 2223/2461/2423
f 2340/2617/2586 2337/2612/2579 2336/2610/2576
f 2251/2614/2583 2265/2618/2587 2340/2617/2586
f 2342/2619/2588 2343/2620/2589 2340/2617/2586
f 2339/2616/2585 1908/2621/2590 2296/2622/2591
f 2304/2623/2592 2305/2624/2593 2340/2617/2586
f 1753/2031/1963 1908/2621/2590 2339/2616/2585
f 2305/2624/2593 1754/2032/1964 2340/2617/2586
f 1754/2032/1964 2341/2625/1954 2340/2617/2586
f 2345/2626/2594 2343/2627/2595 2342/2628/2596
f 2346/2629/2597 2344/2630/2598 2345/2626/2594
f 2309/2589/2556 2332/2631/2599 2308/2606/2570
f 2349/2632/2600 2319/2603/2568 2323/2602/2567
f 2351/2633/2601 2282/2571/2536 2283/2634/2602
f 2303/2635/2603 2279/2568/2533 2280/2636/2604
f 2284/2570/2535 2349/2632/2600 2283/2634/2602
f 2313/2592/2558 2287/2637/2539 2288/2573/2538
f 2291/2638/2605 2317/2595/2560 2314/2594/2559
f 2321/2598/2563 2284/2570/2545 2294/2639/2606
f 2297/2582/2549 2352/2640/2607 2338/2641/2608
f 2340/2617/2586 2343/2620/2589 2304/2623/2592
f 2344/2630/2598 2304/2587/2554 2343/2627/2595
f 2347/2642/2609 2307/2588/2555 2344/2630/2598
f 2348/2643/2610 2347/2642/2609 2351/2633/2601
f 2281/2567/2532 2263/2553/2517 2264/2552/2516
f 2266/2566/2531 2342/2628/2596 2265/2554/2518
f 2285/2572/2537 2268/2644/2611 2269/2555/2519
f 2289/2575/2540 2270/2558/2523 2271/2645/2612
f 2273/2646/2613 2290/2577/2542 2272/2560/2525
f 2274/2561/2526 2285/2572/2546 2269/2555/2614
f 2276/2563/2528 2346/2629/2597 2275/2647/2615
f 2275/2647/2615 2345/2626/2594 2266/2566/2531
f 2338/2613/2582 2339/2616/2585 2297/2648/2616
f 2340/2617/2586 2265/2618/2587 2342/2619/2588
f 2338/2641/2608 2352/2640/2607 2353/2649/2617
f 2338/2641/2608 2353/2649/2617 2354/2650/2618
f 2354/2650/2618 2222/2541/2504 2338/2641/2608
f 2254/2544/2507 2274/2561/2526 2260/2562/2527
f 2286/2574/2539 2294/2639/2606 2295/2579/2544
f 2321/2598/2563 2311/2604/1914 2320/2596/2561
f 2294/2639/2606 2310/2591/1913 2321/2598/2563
f 2270/2558/2523 2295/2579/2544 2274/2561/2526
f 2249/2540/2503 2273/2646/2613 2257/2559/2524
f 2293/2578/2543 2279/2568/2533 2292/2576/2541
f 2317/2595/2560 2301/2585/2552 2316/2593/1915
f 2341/2625/1954 1753/2031/1963 2339/2616/2585
f 2292/2576/2541 2300/2583/2550 2317/2595/2560
f 2263/2553/2517 2293/2578/2543 2273/2646/2613
f 2271/2645/2612 2256/2547/2510 2272/2560/2525
f 2289/2575/2540 2291/2638/2605 2288/2573/2538
f 2313/2592/2558 2315/2605/1917 2312/2590/2557
f 2288/2573/2538 2314/2594/2559 2313/2592/2558
f 2272/2560/2525 2289/2575/2540 2271/2645/2612
f 2267/2556/2520 2276/2563/2528 2277/2565/2530
f 1794/2059/1993 2323/2602/2567 2324/2002/1928
f 2348/2643/2610 2323/2602/2567 2332/2631/2599
f 2347/2642/2609 2350/2651/2619 2351/2633/2601
f 2283/2634/2602 2348/2643/2610 2351/2633/2601
f 2268/2644/2611 2350/2651/2619 2276/2563/2528
f 2250/2539/2502 2353/2649/2620 2264/2552/2516
f 2352/2640/2621 2280/2636/2604 2281/2567/2532
f 2303/2635/2603 1909/2138/2622 2302/2584/2551
f 2302/2584/2551 1333/1538/1999 1801/2061/2000
f 2298/2581/2623 2303/2635/2603 2280/2636/2604
f 2264/2552/2516 2352/2640/2621 2281/2567/2532
f 2355/2652/2624 2262/2564/2529 2225/2550/2514
f 2097/2310/2264 2277/2565/2530 2355/2652/2624
f 2097/2310/2264 2259/2549/2521 2267/2556/2520
f 2260/2562/2527 2253/2545/2508 2254/2544/2507
f 2255/2557/2522 2009/2235/2186 2256/2547/2510
f 2257/2559/2524 2248/2538/2501 2249/2540/2503
f 1853/2653/2625 2354/2650/2626 2250/2539/2502
f 2355/2652/2624 2202/2487/2450 2190/2405/2363
f 2097/2310/2264 2190/2405/2363 1975/2207/2157
f 2261/2548/2511 1976/2654/2627 2150/2359/2628
f 2150/2359/2628 2253/2545/2508 2261/2548/2511
f 2002/2228/2629 2253/2545/2508 2150/2359/2628
f 2035/2258/2630 2009/2235/2186 2003/2234/2185
f 2258/2546/2509 2036/2257/2631 2248/2538/2501
f 1845/2086/2042 2248/2538/2501 2036/2257/2631
f 2297/2648/2616 2339/2616/2585 2296/2622/2591
f 2320/2596/2561 2326/2003/1929 2330/2655/2632
f 2329/2065/2011 2301/2585/2552 2322/2066/2012
f 2327/2067/2013 2315/2605/1917 2328/2004/1930
f 2447/2656/2633 2404/2657/2634 2397/2658/2635
f 2371/2659/2636 2468/2660/2637 2447/2656/2633
f 2448/2661/2638 2405/2662/2639 2469/2663/2640
f 2371/2659/2636 2469/2663/2640 2420/2664/2641
f 2395/2665/2642 2470/2666/2643 2406/2667/2644
f 2449/2668/2645 2421/2669/2646 2470/2666/2643
f 2397/2658/2635 2471/2670/2647 2450/2671/2648
f 2372/2672/2649 2471/2670/2647 2421/2669/2646
f 2435/2673/2650 2407/2674/2651 2472/2675/2652
f 2505/2676/2653 2472/2675/2652 2407/2674/2651
f 2422/2677/2654 2435/2673/2650 2472/2675/2652
f 2472/2675/2652 2507/2678/2655 2422/2677/2654
f 2473/2679/2656 2509/2680/2657 2408/2681/2658
f 2507/2678/2655 2473/2679/2656 2422/2677/2654
f 2384/2682/2659 2473/2679/2656 2408/2681/2658
f 2436/2683/2660 2422/2677/2654 2473/2679/2656
f 2474/2684/2661 2385/2685/2662 2409/2686/2663
f 2501/2687/2664 2474/2684/2661 2409/2686/2663
f 2363/2688/2665 2474/2684/2661 2423/2689/2666
f 2502/2690/2667 2423/2689/2666 2474/2684/2661
f 2475/2691/2668 2505/2676/2653 2407/2674/2651
f 2503/2692/2669 2475/2691/2668 2423/2689/2666
f 2407/2674/2651 2432/2693/2670 2475/2691/2668
f 2475/2691/2668 2363/2688/2665 2423/2689/2666
f 2398/2694/2671 2476/2695/2672 2405/2662/2639
f 2451/2696/2673 2424/2697/2674 2476/2695/2672
f 2396/2698/2675 2477/2699/2676 2452/2700/2677
f 2452/2700/2677 2424/2697/2674 2373/2701/2678
f 2460/2702/2679 2380/2703/2680 2401/2704/2681
f 2376/2705/2682 2425/2706/2683 2460/2702/2679
f 2461/2707/2684 2381/2708/2685 2426/2709/2686
f 2461/2707/2684 2360/2710/2687 2376/2705/2682
f 2462/2711/2688 2381/2708/2685 2402/2712/2689
f 2377/2713/2690 2427/2714/2691 2462/2711/2688
f 2463/2715/2692 2382/2716/2693 2428/2717/2694
f 2377/2713/2690 2428/2717/2694 2361/2718/2695
f 2482/2719/2696 2383/2720/2697 2429/2721/2698
f 2459/2722/2699 2429/2721/2698 2362/2723/2700
f 2491/2724/2701 2387/2725/2702 2437/2726/2703
f 2437/2726/2703 2492/2727/2704 2491/2724/2701
f 2384/2728/2659 2493/2729/2705 2494/2730/2706
f 2362/2723/2700 2493/2729/2705 2430/2731/2707
f 2430/2731/2707 2408/2732/2658 2483/2733/2708
f 2459/2722/2699 2430/2731/2707 2483/2733/2708
f 2385/2685/2662 2485/2734/2709 2486/2735/2710
f 2363/2688/2665 2485/2734/2709 2431/2736/2711
f 2440/2737/2712 2498/2738/2713 2391/2739/2714
f 2367/2740/2715 2499/2741/2716 2440/2737/2712
f 2383/2720/2697 2489/2742/2717 2490/2743/2718
f 2364/2744/2719 2489/2742/2717 2433/2745/2720
f 2433/2745/2720 2419/2746/2721 2481/2747/2722
f 2364/2744/2719 2481/2747/2722 2458/2748/2723
f 2434/2749/2724 2409/2686/2663 2385/2685/2662
f 2364/2744/2719 2480/2750/2725 2434/2749/2724
f 2487/2751/2726 2390/2752/2727 2442/2753/2728
f 2488/2754/2729 2442/2753/2728 2368/2755/2730
f 2386/2756/2731 2497/2757/2732 2498/2738/2713
f 2365/2758/2733 2497/2757/2732 2435/2673/2650
f 2444/2759/2734 2494/2760/2706 2389/2761/2735
f 2496/2762/2736 2444/2759/2734 2369/2763/2737
f 2358/2764/2738 2530/2765/2739 2529/2766/2740
f 2388/2767/2741 2530/2765/2739 2411/2768/2742
f 2516/2769/2743 2359/2770/2744 2517/2771/2745
f 2516/2769/2743 2388/2767/2741 2412/2772/2746
f 2524/2773/2747 2357/2774/2748 2525/2775/2749
f 2524/2773/2747 2392/2776/2750 2414/2777/2751
f 2356/2778/2752 2522/2779/2753 2521/2780/2754
f 2392/2776/2750 2522/2779/2753 2413/2781/2755
f 2358/2764/2738 2528/2782/2756 2416/2783/2757
f 2528/2782/2756 2393/2784/2758 2416/2783/2757
f 2526/2785/2759 2357/2774/2748 2415/2786/2760
f 2393/2784/2758 2526/2785/2759 2415/2786/2760
f 2356/2778/2752 2520/2787/2761 2418/2788/2762
f 2520/2787/2761 2394/2789/2763 2418/2788/2762
f 2417/2790/2764 2517/2791/2745 2359/2792/2744
f 2519/2793/2765 2417/2790/2764 2394/2789/2763
f 2358/2764/2738 2445/2794/2766 2411/2768/2742
f 2411/2768/2742 2370/2795/2767 2388/2767/2741
f 2445/2794/2766 2406/2667/2644 2478/2796/2768
f 2370/2795/2767 2478/2796/2768 2453/2797/2769
f 2446/2798/2770 2410/2799/2771 2396/2800/2675
f 2370/2795/2767 2479/2801/2772 2446/2798/2770
f 2446/2798/2770 2359/2770/2744 2412/2772/2746
f 2388/2767/2741 2446/2798/2770 2412/2772/2746
f 2414/2777/2751 2397/2658/2635 2357/2774/2748
f 2371/2659/2636 2414/2777/2751 2392/2776/2750
f 2356/2778/2752 2448/2661/2638 2413/2781/2755
f 2448/2661/2638 2392/2776/2750 2413/2781/2755
f 2449/2668/2645 2358/2764/2738 2416/2783/2757
f 2372/2672/2649 2416/2783/2757 2393/2784/2758
f 2357/2774/2748 2450/2671/2648 2415/2786/2760
f 2415/2786/2760 2372/2672/2649 2393/2784/2758
f 2451/2696/2673 2356/2778/2752 2418/2788/2762
f 2394/2789/2763 2451/2696/2673 2418/2788/2762
f 2359/2792/2744 2452/2700/2677 2417/2790/2764
f 2417/2790/2764 2373/2701/2678 2394/2789/2763
f 2454/2802/2773 2403/2803/2774 2464/2804/2775
f 2374/2805/2776 2464/2804/2775 2378/2806/2777
f 2455/2807/2778 2382/2808/2693 2400/2809/2779
f 2374/2805/2776 2465/2810/2780 2455/2807/2778
f 2456/2811/2781 2380/2703/2680 2466/2812/2782
f 2375/2813/2783 2466/2812/2782 2379/2814/2784
f 2457/2815/2785 2403/2803/2774 2399/2816/2786
f 2375/2813/2783 2467/2817/2787 2457/2815/2785
f 2480/2750/2725 2501/2687/2664 2409/2686/2663
f 2480/2750/2725 2515/2818/2788 2500/2819/2789
f 2419/2746/2721 2514/2820/2790 2481/2747/2722
f 2481/2747/2722 2515/2818/2788 2458/2748/2723
f 2482/2719/2696 2513/2821/2791 2419/2746/2721
f 2511/2822/2792 2482/2719/2696 2459/2722/2699
f 2509/2823/2657 2483/2733/2708 2408/2732/2658
f 2511/2822/2792 2483/2733/2708 2510/2824/2793
f 2491/2724/2701 2383/2720/2697 2490/2743/2718
f 2362/2723/2700 2491/2724/2701 2492/2727/2704
f 2389/2825/2735 2493/2729/2705 2438/2826/2794
f 2438/2826/2794 2492/2727/2704 2366/2827/2795
f 2439/2828/2796 2486/2735/2710 2485/2734/2709
f 2439/2828/2796 2484/2829/2797 2367/2740/2715
f 2499/2741/2716 2386/2756/2731 2498/2738/2713
f 2363/2688/2665 2499/2741/2716 2484/2829/2797
f 2441/2830/2798 2490/2743/2718 2489/2742/2717
f 2441/2830/2798 2488/2754/2729 2368/2755/2730
f 2385/2685/2662 2487/2751/2726 2434/2749/2724
f 2488/2754/2729 2434/2749/2724 2487/2751/2726
f 2443/2831/2799 2498/2738/2713 2497/2757/2732
f 2443/2831/2799 2496/2762/2736 2369/2763/2737
f 2495/2832/2800 2384/2682/2659 2494/2760/2706
f 2365/2758/2733 2495/2832/2800 2496/2762/2736
f 2399/2816/2786 2506/2833/2801 2505/2676/2653
f 2374/2805/2776 2506/2833/2801 2454/2802/2773
f 2508/2834/2802 2400/2809/2779 2509/2680/2657
f 2374/2805/2776 2508/2834/2802 2507/2678/2655
f 2401/2704/2681 2502/2690/2667 2501/2687/2664
f 2456/2811/2781 2503/2692/2669 2502/2690/2667
f 2504/2835/2803 2399/2816/2786 2505/2676/2653
f 2375/2813/2783 2504/2835/2803 2503/2692/2669
f 2500/2819/2789 2401/2704/2681 2501/2687/2664
f 2376/2705/2682 2500/2819/2789 2515/2818/2788
f 2513/2821/2791 2461/2707/2684 2514/2820/2790
f 2461/2707/2684 2515/2818/2788 2514/2820/2790
f 2512/2836/2804 2402/2712/2689 2513/2821/2791
f 2511/2822/2792 2462/2711/2688 2512/2836/2804
f 2400/2837/2779 2510/2824/2793 2509/2823/2657
f 2510/2824/2793 2377/2713/2690 2511/2822/2792
f 2387/2725/2702 2530/2765/2739 2437/2726/2703
f 2366/2827/2795 2530/2765/2739 2531/2838/2805
f 2389/2825/2735 2516/2769/2743 2517/2771/2745
f 2366/2827/2795 2516/2769/2743 2438/2826/2794
f 2390/2752/2727 2524/2773/2747 2525/2775/2749
f 2367/2740/2715 2524/2773/2747 2439/2828/2796
f 2391/2739/2714 2522/2779/2753 2440/2737/2712
f 2367/2740/2715 2522/2779/2753 2523/2839/2806
f 2387/2725/2702 2528/2782/2756 2529/2766/2740
f 2368/2755/2730 2528/2782/2756 2441/2830/2798
f 2526/2785/2759 2390/2752/2727 2525/2775/2749
f 2368/2755/2730 2526/2785/2759 2527/2840/2807
f 2521/2780/2754 2443/2831/2799 2520/2787/2761
f 2369/2763/2737 2520/2787/2761 2443/2831/2799
f 2518/2841/2808 2389/2761/2735 2517/2791/2745
f 2369/2763/2737 2518/2841/2808 2519/2793/2765
f 2426/2842/2686 2381/2843/2685 2532/2844/2809
f 2381/2843/2685 2427/2845/2691 2532/2844/2809
f 2427/2845/2691 2361/2846/2695 2532/2844/2809
f 2361/2846/2695 2428/2717/2694 2532/2844/2809
f 2428/2717/2694 2382/2716/2693 2532/2844/2809
f 2382/2716/2693 2465/2847/2780 2532/2844/2809
f 2465/2847/2780 2378/2848/2777 2532/2844/2809
f 2378/2848/2777 2464/2849/2775 2532/2844/2809
f 2464/2849/2775 2403/2850/2774 2532/2844/2809
f 2403/2850/2774 2467/2851/2787 2532/2844/2809
f 2467/2851/2787 2379/2852/2784 2532/2844/2809
f 2379/2852/2784 2466/2853/2782 2532/2844/2809
f 2466/2853/2782 2380/2854/2680 2532/2844/2809
f 2380/2854/2680 2425/2855/2683 2532/2844/2809
f 2425/2855/2683 2360/2856/2687 2532/2844/2809
f 2360/2856/2687 2426/2842/2686 2532/2844/2809
f 2624/2857/2633 2581/2858/2810 2574/2859/2635
f 2548/2860/2811 2645/2861/2637 2624/2857/2633
f 2625/2862/2812 2582/2863/2813 2646/2864/2640
f 2548/2860/2811 2646/2864/2640 2597/2865/2641
f 2572/2866/2642 2647/2867/2643 2583/2868/2644
f 2626/2869/2645 2598/2870/2646 2647/2867/2643
f 2574/2859/2635 2648/2871/2647 2627/2872/2814
f 2549/2873/2649 2648/2871/2647 2598/2870/2646
f 2612/2874/2650 2584/2875/2651 2649/2876/2652
f 2682/2877/2653 2649/2876/2652 2584/2875/2651
f 2599/2878/2815 2612/2874/2650 2649/2876/2652
f 2649/2876/2652 2684/2879/2655 2599/2878/2815
f 2650/2880/2656 2686/2881/2657 2585/2882/2658
f 2684/2879/2655 2650/2880/2656 2599/2878/2815
f 2561/2883/2659 2650/2880/2656 2585/2882/2658
f 2613/2884/2660 2599/2878/2815 2650/2880/2656
f 2651/2885/2816 2562/2886/2662 2586/2887/2663
f 2678/2888/2817 2651/2885/2816 2586/2887/2663
f 2540/2889/2665 2651/2885/2816 2600/2890/2666
f 2679/2891/2667 2600/2890/2666 2651/2885/2816
f 2652/2892/2668 2682/2877/2653 2584/2875/2651
f 2680/2893/2669 2652/2892/2668 2600/2890/2666
f 2584/2875/2651 2609/2894/2670 2652/2892/2668
f 2652/2892/2668 2540/2889/2665 2600/2890/2666
f 2575/2895/2671 2653/2896/2672 2582/2863/2813
f 2628/2897/2673 2601/2898/2674 2653/2896/2672
f 2573/2899/2675 2654/2900/2676 2629/2901/2677
f 2629/2901/2677 2601/2898/2674 2550/2902/2678
f 2637/2903/2679 2557/2904/2680 2578/2905/2681
f 2553/2906/2682 2602/2907/2683 2637/2903/2679
f 2638/2908/2684 2558/2909/2685 2603/2910/2686
f 2638/2908/2684 2537/2911/2687 2553/2906/2682
f 2639/2912/2818 2558/2909/2685 2579/2913/2689
f 2554/2914/2690 2604/2915/2691 2639/2912/2818
f 2640/2916/2692 2559/2917/2693 2605/2918/2694
f 2554/2914/2690 2605/2918/2694 2538/2919/2695
f 2659/2920/2819 2560/2921/2697 2606/2922/2698
f 2636/2923/2699 2606/2922/2698 2539/2924/2820
f 2668/2925/2701 2564/2926/2702 2614/2927/2703
f 2614/2927/2703 2669/2928/2704 2668/2925/2701
f 2561/2929/2659 2670/2930/2705 2671/2931/2706
f 2539/2924/2820 2670/2930/2705 2607/2932/2707
f 2607/2932/2707 2585/2933/2658 2660/2934/2821
f 2636/2923/2699 2607/2932/2707 2660/2934/2821
f 2562/2886/2662 2662/2935/2709 2663/2936/2710
f 2540/2889/2665 2662/2935/2709 2608/2937/2822
f 2617/2938/2712 2675/2939/2713 2568/2940/2714
f 2544/2941/2715 2676/2942/2716 2617/2938/2712
f 2560/2921/2697 2666/2943/2717 2667/2944/2718
f 2541/2945/2719 2666/2943/2717 2610/2946/2720
f 2610/2946/2720 2596/2947/2823 2658/2948/2722
f 2541/2945/2719 2658/2948/2722 2635/2949/2723
f 2611/2950/2724 2586/2887/2663 2562/2886/2662
f 2541/2945/2719 2657/2951/2725 2611/2950/2724
f 2664/2952/2726 2567/2953/2727 2619/2954/2824
f 2665/2955/2825 2619/2954/2824 2545/2956/2730
f 2563/2957/2731 2674/2958/2732 2675/2939/2713
f 2542/2959/2733 2674/2958/2732 2612/2874/2650
f 2621/2960/2734 2671/2961/2706 2566/2962/2735
f 2673/2963/2736 2621/2960/2734 2546/2964/2737
f 2535/2965/2826 2707/2966/2739 2706/2967/2740
f 2565/2968/2741 2707/2966/2739 2588/2969/2742
f 2693/2970/2743 2536/2971/2744 2694/2972/2745
f 2693/2970/2743 2565/2968/2741 2589/2973/2746
f 2701/2974/2747 2534/2975/2827 2702/2976/2749
f 2701/2974/2747 2569/2977/2750 2591/2978/2751
f 2533/2979/2752 2699/2980/2753 2698/2981/2828
f 2569/2977/2750 2699/2980/2753 2590/2982/2755
f 2535/2965/2826 2705/2983/2756 2593/2984/2829
f 2705/2983/2756 2570/2985/2758 2593/2984/2829
f 2703/2986/2759 2534/2975/2827 2592/2987/2830
f 2570/2985/2758 2703/2986/2759 2592/2987/2830
f 2533/2979/2752 2697/2988/2761 2595/2989/2762
f 2697/2988/2761 2571/2990/2763 2595/2989/2762
f 2594/2991/2764 2694/2992/2745 2536/2993/2744
f 2696/2994/2765 2594/2991/2764 2571/2990/2763
f 2535/2965/2826 2622/2995/2831 2588/2969/2742
f 2588/2969/2742 2547/2996/2767 2565/2968/2741
f 2622/2995/2831 2583/2868/2644 2655/2997/2768
f 2547/2996/2767 2655/2997/2768 2630/2998/2769
f 2623/2999/2770 2587/3000/2832 2573/3001/2675
f 2547/2996/2767 2656/3002/2772 2623/2999/2770
f 2623/2999/2770 2536/2971/2744 2589/2973/2746
f 2565/2968/2741 2623/2999/2770 2589/2973/2746
f 2591/2978/2751 2574/2859/2635 2534/2975/2827
f 2548/2860/2811 2591/2978/2751 2569/2977/2750
f 2533/2979/2752 2625/2862/2812 2590/2982/2755
f 2625/2862/2812 2569/2977/2750 2590/2982/2755
f 2626/2869/2645 2535/2965/2826 2593/2984/2829
f 2549/2873/2649 2593/2984/2829 2570/2985/2758
f 2534/2975/2827 2627/2872/2814 2592/2987/2830
f 2592/2987/2830 2549/2873/2649 2570/2985/2758
f 2628/2897/2673 2533/2979/2752 2595/2989/2762
f 2571/2990/2763 2628/2897/2673 2595/2989/2762
f 2536/2993/2744 2629/2901/2677 2594/2991/2764
f 2594/2991/2764 2550/2902/2678 2571/2990/2763
f 2631/3003/2833 2580/3004/2774 2641/3005/2775
f 2551/3006/2776 2641/3005/2775 2555/3007/2777
f 2632/3008/2778 2559/3009/2693 2577/3010/2779
f 2551/3006/2776 2642/3011/2780 2632/3008/2778
f 2633/3012/2781 2557/2904/2680 2643/3013/2782
f 2552/3014/2783 2643/3013/2782 2556/3015/2784
f 2634/3016/2785 2580/3004/2774 2576/3017/2786
f 2552/3014/2783 2644/3018/2787 2634/3016/2785
f 2657/2951/2725 2678/2888/2817 2586/2887/2663
f 2657/2951/2725 2692/3019/2788 2677/3020/2789
f 2596/2947/2823 2691/3021/2790 2658/2948/2722
f 2658/2948/2722 2692/3019/2788 2635/2949/2723
f 2659/2920/2819 2690/3022/2834 2596/2947/2823
f 2688/3023/2792 2659/2920/2819 2636/2923/2699
f 2686/3024/2657 2660/2934/2821 2585/2933/2658
f 2688/3023/2792 2660/2934/2821 2687/3025/2793
f 2668/2925/2701 2560/2921/2697 2667/2944/2718
f 2539/2924/2820 2668/2925/2701 2669/2928/2704
f 2566/3026/2735 2670/2930/2705 2615/3027/2835
f 2615/3027/2835 2669/2928/2704 2543/3028/2836
f 2616/3029/2796 2663/2936/2710 2662/2935/2709
f 2616/3029/2796 2661/3030/2797 2544/2941/2715
f 2676/2942/2716 2563/2957/2731 2675/2939/2713
f 2540/2889/2665 2676/2942/2716 2661/3030/2797
f 2618/3031/2798 2667/2944/2718 2666/2943/2717
f 2618/3031/2798 2665/2955/2825 2545/2956/2730
f 2562/2886/2662 2664/2952/2726 2611/2950/2724
f 2665/2955/2825 2611/2950/2724 2664/2952/2726
f 2620/3032/2799 2675/2939/2713 2674/2958/2732
f 2620/3032/2799 2673/2963/2736 2546/2964/2737
f 2672/3033/2800 2561/2883/2659 2671/2961/2706
f 2542/2959/2733 2672/3033/2800 2673/2963/2736
f 2576/3017/2786 2683/3034/2801 2682/2877/2653
f 2551/3006/2776 2683/3034/2801 2631/3003/2833
f 2685/3035/2802 2577/3010/2779 2686/2881/2657
f 2551/3006/2776 2685/3035/2802 2684/2879/2655
f 2578/2905/2681 2679/2891/2667 2678/2888/2817
f 2633/3012/2781 2680/2893/2669 2679/2891/2667
f 2681/3036/2803 2576/3017/2786 2682/2877/2653
f 2552/3014/2783 2681/3036/2803 2680/2893/2669
f 2677/3020/2789 2578/2905/2681 2678/2888/2817
f 2553/2906/2682 2677/3020/2789 2692/3019/2788
f 2690/3022/2834 2638/2908/2684 2691/3021/2790
f 2638/2908/2684 2692/3019/2788 2691/3021/2790
f 2689/3037/2837 2579/2913/2689 2690/3022/2834
f 2688/3023/2792 2639/2912/2818 2689/3037/2837
f 2577/3038/2779 2687/3025/2793 2686/3024/2657
f 2687/3025/2793 2554/2914/2690 2688/3023/2792
f 2564/2926/2702 2707/2966/2739 2614/2927/2703
f 2543/3028/2836 2707/2966/2739 2708/3039/2805
f 2566/3026/2735 2693/2970/2743 2694/2972/2745
f 2543/3028/2836 2693/2970/2743 2615/3027/2835
f 2567/2953/2727 2701/2974/2747 2702/2976/2749
f 2544/2941/2715 2701/2974/2747 2616/3029/2796
f 2568/2940/2714 2699/2980/2753 2617/2938/2712
f 2544/2941/2715 2699/2980/2753 2700/3040/2806
f 2564/2926/2702 2705/2983/2756 2706/2967/2740
f 2545/2956/2730 2705/2983/2756 2618/3031/2798
f 2703/2986/2759 2567/2953/2727 2702/2976/2749
f 2545/2956/2730 2703/2986/2759 2704/3041/2807
f 2698/2981/2828 2620/3032/2799 2697/2988/2761
f 2546/2964/2737 2697/2988/2761 2620/3032/2799
f 2695/3042/2808 2566/2962/2735 2694/2992/2745
f 2546/2964/2737 2695/3042/2808 2696/2994/2765
f 2603/3043/2686 2558/3044/2685 2709/3045/2809
f 2558/3044/2685 2604/3046/2691 2709/3045/2809
f 2604/3046/2691 2538/3047/2695 2709/3045/2809
f 2538/3047/2695 2605/2918/2694 2709/3045/2809
f 2605/2918/2694 2559/2917/2693 2709/3045/2809
f 2559/2917/2693 2642/3048/2780 2709/3045/2809
f 2642/3048/2780 2555/3049/2777 2709/3045/2809
f 2555/3049/2777 2641/3050/2775 2709/3045/2809
f 2641/3050/2775 2580/3051/2774 2709/3045/2809
f 2580/3051/2774 2644/3052/2787 2709/3045/2809
f 2644/3052/2787 2556/3053/2784 2709/3045/2809
f 2556/3053/2784 2643/3054/2782 2709/3045/2809
f 2643/3054/2782 2557/3055/2680 2709/3045/2809
f 2557/3055/2680 2602/3056/2683 2709/3045/2809
f 2602/3056/2683 2537/3057/2687 2709/3045/2809
f 2537/3057/2687 2603/3043/2686 2709/3045/2809
f 2713/2657/2838 2711/2656/2839 2710/2658/2840
f 2712/2660/2841 2714/2659/2842 2711/2656/2839
f 2716/2661/2843 2718/2662/2844 2717/2694/2845
f 2714/2659/2842 2719/2663/2846 2716/2661/2843
f 2720/2665/2847 2722/2666/2848 2721/2668/2849
f 2721/2668/2849 2725/2669/2850 2724/2672/2851
f 2727/2670/2852 2710/2658/2840 2726/2671/2853
f 2724/2672/2851 2727/2670/2852 2726/2671/2853
f 2730/2673/2854 2728/2674/2855 2731/2756/2856
f 2729/2675/2857 2732/2676/2858 2728/2674/2855
f 2730/2673/2854 2734/2677/2859 2729/2675/2857
f 2729/2675/2857 2736/2678/2860 2733/2833/2861
f 2740/2680/2862 2738/2679/2863 2737/2681/2864
f 2736/2678/2860 2738/2679/2863 2739/2834/2865
f 2738/2679/2863 2741/2682/2866 2737/2681/2864
f 2734/2677/2859 2742/2683/2867 2738/2679/2863
f 2746/2685/2868 2744/2684/2869 2743/2686/2870
f 2744/2684/2869 2747/2687/2871 2743/2686/2870
f 2750/2688/2872 2744/2684/2869 2745/2736/2873
f 2749/2689/2874 2748/2690/2875 2744/2684/2869
f 2732/2676/2858 2752/2691/2876 2728/2674/2855
f 2751/2692/2877 2752/2691/2876 2753/2835/2878
f 2728/2674/2855 2754/2693/2879 2731/2756/2856
f 2752/2691/2876 2750/2688/2872 2754/2693/2879
f 2717/2694/2845 2756/2695/2880 2755/2696/2881
f 2755/2696/2881 2758/2697/2882 2757/2701/2883
f 2762/2699/2884 2760/2698/2885 2759/2700/2886
f 2758/2697/2882 2759/2700/2886 2757/2701/2883
f 2766/2703/2887 2764/2702/2888 2763/2704/2889
f 2765/2706/2890 2767/2705/2891 2764/2702/2888
f 2769/2707/2892 2771/2708/2893 2770/2712/2894
f 2768/2710/2895 2769/2707/2892 2767/2705/2891
f 2771/2708/2893 2773/2711/2896 2770/2712/2894
f 2774/2714/2897 2775/2713/2898 2773/2711/2896
f 2779/2715/2899 2777/2716/2900 2780/2837/2901
f 2775/2713/2898 2778/2717/2902 2779/2715/2899
f 2783/2719/2903 2781/2720/2904 2784/2746/2905
f 2786/2722/2906 2782/2721/2907 2783/2719/2903
f 2789/2724/2908 2787/2725/2909 2790/2743/2910
f 2788/2726/2911 2792/2727/2912 2791/2827/2913
f 2741/2728/2866 2794/2729/2914 2793/2731/2915
f 2794/2729/2914 2785/2723/2916 2793/2731/2915
f 2793/2731/2915 2737/2732/2864 2741/2728/2866
f 2793/2731/2915 2786/2722/2906 2796/2733/2917
f 2746/2685/2868 2797/2734/2918 2745/2736/2873
f 2797/2734/2918 2750/2688/2872 2745/2736/2873
f 2803/2738/2919 2801/2737/2920 2800/2739/2921
f 2802/2741/2922 2804/2740/2923 2801/2737/2920
f 2781/2720/2904 2806/2742/2924 2805/2745/2925
f 2806/2742/2924 2807/2744/2926 2805/2745/2925
f 2805/2745/2925 2784/2746/2905 2781/2720/2904
f 2807/2744/2926 2809/2747/2927 2805/2745/2925
f 2743/2686/2870 2811/2749/2928 2746/2685/2868
f 2812/2750/2929 2807/2744/2926 2811/2749/2928
f 2815/2751/2930 2813/2752/2931 2798/2735/2932
f 2808/2754/2933 2814/2753/2934 2815/2751/2930
f 2731/2756/2856 2817/2757/2935 2730/2673/2854
f 2817/2757/2935 2735/2758/2936 2730/2673/2854
f 2795/2760/2937 2820/2759/2938 2819/2761/2939
f 2818/2762/2940 2820/2759/2938 2821/2832/2941
f 2823/2764/2942 2825/2765/2943 2824/2768/2944
f 2825/2765/2943 2827/2767/2945 2824/2768/2944
f 2831/2769/2946 2829/2770/2947 2832/2772/2948
f 2827/2767/2945 2831/2769/2946 2832/2772/2948
f 2835/2773/2949 2833/2774/2950 2836/2777/2951
f 2838/2776/2952 2835/2773/2949 2836/2777/2951
f 2839/2778/2953 2841/2779/2954 2840/2781/2955
f 2841/2779/2954 2838/2776/2952 2840/2781/2955
f 2823/2764/2942 2843/2782/2956 2826/2766/2957
f 2846/2784/2958 2843/2782/2956 2844/2783/2959
f 2848/2785/2960 2833/2774/2950 2834/2775/2961
f 2848/2785/2960 2846/2784/2958 2847/2786/2962
f 2839/2778/2953 2849/2787/2963 2842/2780/2964
f 2852/2789/2965 2849/2787/2963 2850/2788/2966
f 2830/2791/2967 2853/2790/2968 2829/2792/2947
f 2851/2793/2969 2853/2790/2968 2854/2841/2970
f 2823/2764/2942 2855/2794/2971 2720/2665/2847
f 2824/2768/2944 2856/2795/2972 2855/2794/2971
f 2855/2794/2971 2723/2667/2973 2720/2665/2847
f 2856/2795/2972 2857/2796/2974 2855/2794/2971
f 2761/2799/2975 2859/2798/2976 2760/2800/2885
f 2860/2801/2977 2856/2795/2972 2859/2798/2976
f 2859/2798/2976 2829/2770/2947 2760/2800/2885
f 2859/2798/2976 2827/2767/2945 2832/2772/2948
f 2710/2658/2840 2836/2777/2951 2833/2774/2950
f 2714/2659/2842 2836/2777/2951 2711/2656/2839
f 2839/2778/2953 2716/2661/2843 2717/2694/2845
f 2838/2776/2952 2716/2661/2843 2840/2781/2955
f 2721/2668/2849 2823/2764/2942 2720/2665/2847
f 2724/2672/2851 2844/2783/2959 2721/2668/2849
f 2833/2774/2950 2726/2671/2853 2710/2658/2840
f 2847/2786/2962 2724/2672/2851 2726/2671/2853
f 2755/2696/2881 2839/2778/2953 2717/2694/2845
f 2755/2696/2881 2852/2789/2965 2850/2788/2966
f 2829/2792/2947 2759/2700/2886 2760/2698/2885
f 2853/2790/2968 2757/2701/2883 2759/2700/2886
f 2863/2802/2978 2861/2803/2979 2864/2816/2980
f 2866/2805/2981 2862/2804/2982 2863/2802/2978
f 2777/2808/2900 2867/2807/2983 2780/2809/2901
f 2868/2810/2984 2866/2805/2981 2867/2807/2983
f 2870/2811/2985 2766/2703/2887 2763/2704/2889
f 2872/2813/2986 2869/2812/2987 2870/2811/2985
f 2861/2803/2979 2873/2815/2988 2864/2816/2980
f 2874/2817/2989 2872/2813/2986 2873/2815/2988
f 2747/2687/2871 2812/2750/2929 2743/2686/2870
f 2812/2750/2929 2876/2818/2990 2810/2748/2991
f 2784/2746/2905 2878/2820/2992 2877/2821/2993
f 2809/2747/2927 2876/2818/2990 2878/2820/2992
f 2877/2821/2993 2783/2719/2903 2784/2746/2905
f 2880/2822/2994 2783/2719/2903 2879/2836/2995
f 2796/2733/2917 2740/2823/2862 2737/2732/2864
f 2880/2822/2994 2796/2733/2917 2786/2722/2906
f 2789/2724/2908 2781/2720/2904 2782/2721/2907
f 2789/2724/2908 2785/2723/2916 2792/2727/2912
f 2819/2825/2939 2794/2729/2914 2795/2730/2937
f 2882/2826/2996 2792/2727/2912 2794/2729/2914
f 2798/2735/2932 2883/2828/2997 2797/2734/2918
f 2883/2828/2997 2799/2829/2998 2797/2734/2918
f 2802/2741/2922 2731/2756/2856 2754/2693/2879
f 2802/2741/2922 2750/2688/2872 2799/2829/2998
f 2790/2743/2910 2884/2830/2999 2806/2742/2924
f 2884/2830/2999 2808/2754/2933 2806/2742/2924
f 2746/2685/2868 2815/2751/2930 2798/2735/2932
f 2808/2754/2933 2811/2749/2928 2807/2744/2926
f 2803/2738/2919 2885/2831/3000 2817/2757/2935
f 2885/2831/3000 2818/2762/2940 2817/2757/2935
f 2821/2832/2941 2741/2682/2866 2742/2683/2867
f 2821/2832/2941 2735/2758/2936 2818/2762/2940
f 2733/2833/2861 2864/2816/2980 2732/2676/2858
f 2866/2805/2981 2733/2833/2861 2736/2678/2860
f 2739/2834/2865 2780/2809/2901 2867/2807/2983
f 2739/2834/2865 2866/2805/2981 2736/2678/2860
f 2748/2690/2875 2763/2704/2889 2747/2687/2871
f 2751/2692/2877 2870/2811/2985 2748/2690/2875
f 2753/2835/2878 2864/2816/2980 2873/2815/2988
f 2753/2835/2878 2872/2813/2986 2751/2692/2877
f 2875/2819/3001 2763/2704/2889 2764/2702/2888
f 2875/2819/3001 2767/2705/2891 2876/2818/2990
f 2877/2821/2993 2769/2707/2892 2770/2712/2894
f 2876/2818/2990 2769/2707/2892 2878/2820/2992
f 2879/2836/2995 2770/2712/2894 2773/2711/2896
f 2880/2822/2994 2773/2711/2896 2775/2713/2898
f 2881/2824/3002 2780/2837/2901 2740/2823/2862
f 2881/2824/3002 2775/2713/2898 2779/2715/2899
f 2787/2725/2909 2825/2765/2943 2826/2766/2957
f 2825/2765/2943 2791/2827/2913 2828/2838/3003
f 2831/2769/2946 2819/2825/2939 2830/2771/2967
f 2791/2827/2913 2831/2769/2946 2828/2838/3003
f 2835/2773/2949 2813/2752/2931 2834/2775/2961
f 2804/2740/2923 2835/2773/2949 2837/2839/3004
f 2800/2739/2921 2841/2779/2954 2842/2780/2964
f 2841/2779/2954 2804/2740/2923 2837/2839/3004
f 2843/2782/2956 2787/2725/2909 2826/2766/2957
f 2816/2755/3005 2843/2782/2956 2845/2840/3006
f 2848/2785/2960 2813/2752/2931 2814/2753/2934
f 2848/2785/2960 2816/2755/3005 2845/2840/3006
f 2842/2780/2964 2885/2831/3000 2800/2739/2921
f 2822/2763/3007 2849/2787/2963 2851/2793/2969
f 2854/2841/2970 2819/2761/2939 2820/2759/2938
f 2854/2841/2970 2822/2763/3007 2851/2793/2969
f 2772/2842/3008 2886/2844/3009 2771/2843/2893
f 2771/2843/2893 2886/2844/3009 2774/2845/2897
f 2774/2845/2897 2886/2844/3009 2776/2846/3010
f 2776/2846/3010 2886/2844/3009 2778/2717/2902
f 2778/2717/2902 2886/2844/3009 2777/2716/2900
f 2777/2716/2900 2886/2844/3009 2868/2847/2984
f 2868/2847/2984 2886/2844/3009 2865/2848/3011
f 2865/2848/3011 2886/2844/3009 2862/2849/2982
f 2862/2849/2982 2886/2844/3009 2861/2850/2979
f 2861/2850/2979 2886/2844/3009 2874/2851/2989
f 2874/2851/2989 2886/2844/3009 2871/2852/3012
f 2871/2852/3012 2886/2844/3009 2869/2853/2987
f 2869/2853/2987 2886/2844/3009 2766/2854/2887
f 2766/2854/2887 2886/2844/3009 2765/2855/2890
f 2765/2855/2890 2886/2844/3009 2768/2856/2895
f 2768/2856/2895 2886/2844/3009 2772/2842/3008
f 2890/2858/2838 2888/2857/2839 2887/2859/2840
f 2889/2861/2841 2891/2860/3013 2888/2857/2839
f 2893/2862/3014 2895/2863/3015 2894/2895/2845
f 2891/2860/3013 2896/2864/2846 2893/2862/3014
f 2897/2866/2847 2899/2867/2848 2898/2869/2849
f 2898/2869/2849 2902/2870/2850 2901/2873/2851
f 2904/2871/3016 2887/2859/2840 2903/2872/3017
f 2901/2873/2851 2904/2871/3016 2903/2872/3017
f 2907/2874/2854 2905/2875/2855 2908/2957/2856
f 2906/2876/2857 2909/2877/2858 2905/2875/2855
f 2907/2874/2854 2911/2878/2859 2906/2876/2857
f 2906/2876/2857 2913/2879/2860 2910/3034/2861
f 2917/2881/2862 2915/2880/2863 2914/2882/2864
f 2913/2879/2860 2915/2880/2863 2916/3035/2865
f 2915/2880/2863 2918/2883/2866 2914/2882/2864
f 2911/2878/2859 2919/2884/2867 2915/2880/2863
f 2923/2886/2868 2921/2885/3018 2920/2887/2870
f 2921/2885/3018 2924/2888/3019 2920/2887/2870
f 2927/2889/2872 2921/2885/3018 2922/2937/2873
f 2926/2890/2874 2925/2891/2875 2921/2885/3018
f 2909/2877/2858 2929/2892/2876 2905/2875/2855
f 2928/2893/2877 2929/2892/2876 2930/3036/2878
f 2905/2875/2855 2931/2894/2879 2908/2957/2856
f 2929/2892/2876 2927/2889/2872 2931/2894/2879
f 2894/2895/2845 2933/2896/2880 2932/2897/2881
f 2932/2897/2881 2935/2898/2882 2934/2902/2883
f 2939/2900/2884 2937/2899/2885 2936/2901/2886
f 2935/2898/2882 2936/2901/2886 2934/2902/2883
f 2943/2904/2887 2941/2903/2888 2940/2905/3020
f 2942/2907/2890 2944/2906/2891 2941/2903/2888
f 2946/2908/2892 2948/2909/2893 2947/2913/2894
f 2945/2911/2895 2946/2908/2892 2944/2906/2891
f 2948/2909/2893 2950/2912/3021 2947/2913/2894
f 2951/2915/2897 2952/2914/2898 2950/2912/3021
f 2956/2916/2899 2954/2917/2900 2957/3038/2901
f 2952/2914/2898 2955/2918/2902 2956/2916/2899
f 2960/2920/3022 2958/2921/2904 2961/2947/3023
f 2963/2923/2906 2959/2922/2907 2960/2920/3022
f 2966/2925/2908 2964/2926/2909 2967/2944/3024
f 2965/2927/2911 2969/2928/2912 2968/3028/3025
f 2918/2929/2866 2971/2930/2914 2970/2932/2915
f 2971/2930/2914 2962/2924/3026 2970/2932/2915
f 2970/2932/2915 2914/2933/2864 2918/2929/2866
f 2970/2932/2915 2963/2923/2906 2973/2934/3027
f 2923/2886/2868 2974/2935/2918 2922/2937/2873
f 2974/2935/2918 2927/2889/2872 2922/2937/2873
f 2980/2939/2919 2978/2938/2920 2977/2940/2921
f 2979/2942/2922 2981/2941/2923 2978/2938/2920
f 2958/2921/2904 2983/2943/2924 2982/2946/2925
f 2983/2943/2924 2984/2945/2926 2982/2946/2925
f 2982/2946/2925 2961/2947/3023 2958/2921/2904
f 2984/2945/2926 2986/2948/2927 2982/2946/2925
f 2920/2887/2870 2988/2950/2928 2923/2886/2868
f 2989/2951/2929 2984/2945/2926 2988/2950/2928
f 2992/2952/2930 2990/2953/2931 2975/2936/2932
f 2985/2955/3028 2991/2954/3029 2992/2952/2930
f 2908/2957/2856 2994/2958/2935 2907/2874/2854
f 2994/2958/2935 2912/2959/2936 2907/2874/2854
f 2972/2961/2937 2997/2960/2938 2996/2962/2939
f 2995/2963/2940 2997/2960/2938 2998/3033/2941
f 3000/2965/3030 3002/2966/2943 3001/2969/2944
f 3002/2966/2943 3004/2968/2945 3001/2969/2944
f 3008/2970/2946 3006/2971/2947 3009/2973/2948
f 3004/2968/2945 3008/2970/2946 3009/2973/2948
f 3012/2974/2949 3010/2975/2950 3013/2978/2951
f 3015/2977/2952 3012/2974/2949 3013/2978/2951
f 3016/2979/2953 3018/2980/2954 3017/2982/2955
f 3018/2980/2954 3015/2977/2952 3017/2982/2955
f 3000/2965/3030 3020/2983/2956 3003/2967/2957
f 3023/2985/2958 3020/2983/2956 3021/2984/3031
f 3025/2986/2960 3010/2975/2950 3011/2976/2961
f 3025/2986/2960 3023/2985/2958 3024/2987/2962
f 3016/2979/2953 3026/2988/2963 3019/2981/3032
f 3029/2990/2965 3026/2988/2963 3027/2989/3033
f 3007/2992/2967 3030/2991/2968 3006/2993/2947
f 3028/2994/2969 3030/2991/2968 3031/3042/2970
f 3000/2965/3030 3032/2995/3034 2897/2866/2847
f 3001/2969/2944 3033/2996/2972 3032/2995/3034
f 3032/2995/3034 2900/2868/2973 2897/2866/2847
f 3033/2996/2972 3034/2997/2974 3032/2995/3034
f 2938/3000/3035 3036/2999/2976 2937/3001/2885
f 3037/3002/2977 3033/2996/2972 3036/2999/2976
f 3036/2999/2976 3006/2971/2947 2937/3001/2885
f 3036/2999/2976 3004/2968/2945 3009/2973/2948
f 2887/2859/2840 3013/2978/2951 3010/2975/2950
f 2891/2860/3013 3013/2978/2951 2888/2857/2839
f 3016/2979/2953 2893/2862/3014 2894/2895/2845
f 3015/2977/2952 2893/2862/3014 3017/2982/2955
f 2898/2869/2849 3000/2965/3030 2897/2866/2847
f 2901/2873/2851 3021/2984/3031 2898/2869/2849
f 3010/2975/2950 2903/2872/3017 2887/2859/2840
f 3024/2987/2962 2901/2873/2851 2903/2872/3017
f 2932/2897/2881 3016/2979/2953 2894/2895/2845
f 2932/2897/2881 3029/2990/2965 3027/2989/3033
f 3006/2993/2947 2936/2901/2886 2937/2899/2885
f 3030/2991/2968 2934/2902/2883 2936/2901/2886
f 3040/3003/3036 3038/3004/2979 3041/3017/2980
f 3043/3006/2981 3039/3005/2982 3040/3003/3036
f 2954/3009/2900 3044/3008/2983 2957/3010/2901
f 3045/3011/2984 3043/3006/2981 3044/3008/2983
f 3047/3012/2985 2943/2904/2887 2940/2905/3020
f 3049/3014/2986 3046/3013/2987 3047/3012/2985
f 3038/3004/2979 3050/3016/2988 3041/3017/2980
f 3051/3018/2989 3049/3014/2986 3050/3016/2988
f 2924/2888/3019 2989/2951/2929 2920/2887/2870
f 2989/2951/2929 3053/3019/2990 2987/2949/2991
f 2961/2947/3023 3055/3021/2992 3054/3022/3037
f 2986/2948/2927 3053/3019/2990 3055/3021/2992
f 3054/3022/3037 2960/2920/3022 2961/2947/3023
f 3057/3023/2994 2960/2920/3022 3056/3037/3038
f 2973/2934/3027 2917/3024/2862 2914/2933/2864
f 3057/3023/2994 2973/2934/3027 2963/2923/2906
f 2966/2925/2908 2958/2921/2904 2959/2922/2907
f 2966/2925/2908 2962/2924/3026 2969/2928/2912
f 2996/3026/2939 2971/2930/2914 2972/2931/2937
f 3059/3027/3039 2969/2928/2912 2971/2930/2914
f 2975/2936/2932 3060/3029/2997 2974/2935/2918
f 3060/3029/2997 2976/3030/2998 2974/2935/2918
f 2979/2942/2922 2908/2957/2856 2931/2894/2879
f 2979/2942/2922 2927/2889/2872 2976/3030/2998
f 2967/2944/3024 3061/3031/2999 2983/2943/2924
f 3061/3031/2999 2985/2955/3028 2983/2943/2924
f 2923/2886/2868 2992/2952/2930 2975/2936/2932
f 2985/2955/3028 2988/2950/2928 2984/2945/2926
f 2980/2939/2919 3062/3032/3000 2994/2958/2935
f 3062/3032/3000 2995/2963/2940 2994/2958/2935
f 2998/3033/2941 2918/2883/2866 2919/2884/2867
f 2998/3033/2941 2912/2959/2936 2995/2963/2940
f 2910/3034/2861 3041/3017/2980 2909/2877/2858
f 3043/3006/2981 2910/3034/2861 2913/2879/2860
f 2916/3035/2865 2957/3010/2901 3044/3008/2983
f 2916/3035/2865 3043/3006/2981 2913/2879/2860
f 2925/2891/2875 2940/2905/3020 2924/2888/3019
f 2928/2893/2877 3047/3012/2985 2925/2891/2875
f 2930/3036/2878 3041/3017/2980 3050/3016/2988
f 2930/3036/2878 3049/3014/2986 2928/2893/2877
f 3052/3020/3001 2940/2905/3020 2941/2903/2888
f 3052/3020/3001 2944/2906/2891 3053/3019/2990
f 3054/3022/3037 2946/2908/2892 2947/2913/2894
f 3053/3019/2990 2946/2908/2892 3055/3021/2992
f 3056/3037/3038 2947/2913/2894 2950/2912/3021
f 3057/3023/2994 2950/2912/3021 2952/2914/2898
f 3058/3025/3002 2957/3038/2901 2917/3024/2862
f 3058/3025/3002 2952/2914/2898 2956/2916/2899
f 2964/2926/2909 3002/2966/2943 3003/2967/2957
f 3002/2966/2943 2968/3028/3025 3005/3039/3003
f 3008/2970/2946 2996/3026/2939 3007/2972/2967
f 2968/3028/3025 3008/2970/2946 3005/3039/3003
f 3012/2974/2949 2990/2953/2931 3011/2976/2961
f 2981/2941/2923 3012/2974/2949 3014/3040/3004
f 2977/2940/2921 3018/2980/2954 3019/2981/3032
f 3018/2980/2954 2981/2941/2923 3014/3040/3004
f 3020/2983/2956 2964/2926/2909 3003/2967/2957
f 2993/2956/3005 3020/2983/2956 3022/3041/3006
f 3025/2986/2960 2990/2953/2931 2991/2954/3029
f 3025/2986/2960 2993/2956/3005 3022/3041/3006
f 3019/2981/3032 3062/3032/3000 2977/2940/2921
f 2999/2964/3007 3026/2988/2963 3028/2994/2969
f 3031/3042/2970 2996/2962/2939 2997/2960/2938
f 3031/3042/2970 2999/2964/3007 3028/2994/2969
f 2949/3043/3008 3063/3045/3009 2948/3044/2893
f 2948/3044/2893 3063/3045/3009 2951/3046/2897
f 2951/3046/2897 3063/3045/3009 2953/3047/3010
f 2953/3047/3010 3063/3045/3009 2955/2918/2902
f 2955/2918/2902 3063/3045/3009 2954/2917/2900
f 2954/2917/2900 3063/3045/3009 3045/3048/2984
f 3045/3048/2984 3063/3045/3009 3042/3049/3011
f 3042/3049/3011 3063/3045/3009 3039/3050/2982
f 3039/3050/2982 3063/3045/3009 3038/3051/2979
f 3038/3051/2979 3063/3045/3009 3051/3052/2989
f 3051/3052/2989 3063/3045/3009 3048/3053/3012
f 3048/3053/3012 3063/3045/3009 3046/3054/2987
f 3046/3054/2987 3063/3045/3009 2943/3055/2887
f 2943/3055/2887 3063/3045/3009 2942/3056/2890
f 2942/3056/2890 3063/3045/3009 2945/3057/2895
f 2945/3057/2895 3063/3045/3009 2949/3043/3008
f 3064/3058/3040 3148/3059/3041 3149/3060/3042
f 3070/3061/3043 3109/3062/3044 3105/3063/3045
f 3079/3064/3046 3126/3065/3047 3127/3066/3048
f 3069/3067/3049 3138/3068/3050 3074/3069/3051
f 3083/3070/3052 3130/3071/3053 3131/3072/3054
f 3074/3073/3051 3141/3074/3055 3142/3075/3056
f 3146/3076/3057 3076/3077/3058 3119/3078/3059
f 3124/3079/3060 3104/3080/3061 3071/3081/3062
f 3071/3082/3062 3107/3083/3063 3098/3084/3064
f 3076/3085/3058 3150/3086/3065 3151/3087/3066
f 3067/3088/3067 3158/3089/3068 3159/3090/3069
f 3093/3091/3070 3144/3092/3071 3102/3093/3072
f 3077/3094/3073 3115/3095/3074 3114/3096/3075
f 3084/3097/3076 3154/3098/3077 3130/3071/3053
f 3156/3099/3078 3075/3100/3079 3157/3101/3080
f 3079/3064/3046 3128/3102/3081 3094/3103/3082
f 3072/3104/3083 3112/3105/3084 3065/3106/3085
f 3074/3069/3051 3139/3107/3086 3075/3108/3079
f 3097/3109/3087 3110/3110/3088 3078/3111/3089
f 3135/3112/3090 3080/3113/3091 3100/3114/3092
f 3101/3115/3093 3137/3116/3094 3069/3067/3049
f 3083/3070/3052 3132/3117/3095 3095/3118/3096
f 3115/3095/3074 3073/3119/3097 3072/3120/3083
f 3074/3073/3051 3143/3121/3098 3069/3122/3049
f 3116/3123/3099 3082/3124/3100 3081/3125/3101
f 3085/3126/3102 3121/3127/3103 3086/3128/3104
f 3088/3129/3105 3160/3130/3106 3161/3131/3107
f 3087/3132/3108 3133/3133/3109 3103/3134/3110
f 3088/3135/3105 3152/3136/3111 3153/3137/3112
f 3117/3138/3113 3089/3139/3114 3082/3124/3100
f 3124/3140/3060 3099/3141/3115 3087/3142/3108
f 3122/3143/3116 3086/3128/3104 3121/3127/3103
f 3110/3110/3088 3104/3080/3061 3078/3111/3089
f 3103/3134/3110 3122/3143/3116 3123/3144/3117
f 3106/3145/3118 3105/3146/3045 3073/3119/3097
f 3069/3122/3049 3144/3092/3071 3101/3147/3093
f 3093/3148/3070 3135/3112/3090 3100/3114/3092
f 3101/3115/3093 3068/3149/3119 3136/3150/3120
f 3095/3118/3096 3133/3133/3109 3102/3093/3072
f 3091/3151/3121 3125/3152/3122 3098/3084/3064
f 3147/3153/3123 3113/3154/3124 3076/3077/3058
f 3071/3081/3062 3109/3062/3044 3108/3155/3125
f 3108/3156/3125 3070/3157/3043 3107/3083/3063
f 3113/3158/3124 3064/3159/3040 3150/3086/3065
f 3072/3120/3083 3114/3096/3075 3115/3095/3074
f 3111/3160/3126 3092/3161/3127 3112/3105/3084
f 3072/3104/3083 3110/3110/3088 3111/3160/3126
f 3091/3151/3121 3115/3095/3074 3096/3162/3128
f 3073/3163/3097 3109/3062/3044 3110/3110/3088
f 3098/3084/3064 3106/3145/3118 3091/3151/3121
f 3119/3078/3059 3161/3131/3107 3146/3076/3057
f 3087/3132/3108 3123/3144/3117 3124/3079/3060
f 3096/3162/3128 3116/3123/3099 3091/3151/3121
f 3120/3164/3129 3097/3109/3087 3121/3127/3103
f 3119/3165/3059 3151/3087/3066 3152/3136/3111
f 3096/3162/3128 3118/3166/3130 3117/3138/3113
f 3124/3140/3060 3098/3084/3064 3125/3152/3122
f 3078/3111/3089 3121/3127/3103 3097/3109/3087
f 3078/3111/3089 3123/3144/3117 3122/3143/3116
f 3099/3141/3115 3116/3123/3099 3081/3125/3101
f 3081/3125/3101 3127/3066/3048 3126/3065/3047
f 3085/3126/3102 3131/3072/3054 3130/3071/3053
f 3088/3135/3105 3154/3098/3077 3129/3167/3131
f 3082/3124/3100 3128/3102/3081 3127/3066/3048
f 3099/3141/3115 3126/3065/3047 3135/3112/3090
f 3090/3168/3132 3131/3072/3054 3086/3128/3104
f 3159/3090/3069 3129/3169/3131 3067/3088/3067
f 3134/3170/3133 3102/3093/3072 3133/3133/3109
f 3087/3142/3108 3135/3112/3090 3134/3171/3133
f 3132/3117/3095 3103/3134/3110 3133/3133/3109
f 3080/3113/3091 3138/3068/3050 3137/3116/3094
f 3084/3097/3076 3142/3075/3056 3141/3074/3055
f 3140/3172/3134 3066/3173/3135 3158/3089/3068
f 3145/3174/3136 3068/3175/3119 3144/3092/3071
f 3067/3176/3067 3156/3099/3078 3140/3177/3134
f 3079/3064/3046 3139/3107/3086 3138/3068/3050
f 3100/3114/3092 3137/3116/3094 3136/3150/3120
f 3095/3118/3096 3142/3075/3056 3083/3070/3052
f 3102/3093/3072 3143/3121/3098 3095/3118/3096
f 3100/3114/3092 3145/3178/3136 3093/3148/3070
f 3148/3059/3041 3065/3179/3085 3149/3060/3042
f 3146/3076/3057 3077/3094/3073 3147/3153/3123
f 3112/3105/3084 3151/3087/3066 3150/3086/3065
f 3139/3107/3086 3159/3090/3069 3158/3089/3068
f 3155/3180/3137 3129/3167/3131 3154/3098/3077
f 3157/3101/3080 3066/3181/3135 3156/3099/3078
f 3128/3102/3081 3161/3131/3107 3160/3130/3106
f 3120/3164/3129 3153/3137/3112 3152/3136/3111
f 3114/3096/3075 3147/3153/3123 3077/3094/3073
f 3065/3106/3085 3150/3086/3065 3149/3182/3042
f 3118/3166/3130 3161/3131/3107 3089/3139/3114
f 3092/3161/3127 3152/3136/3111 3151/3087/3066
f 3153/3137/3112 3130/3071/3053 3154/3098/3077
f 3094/3103/3082 3160/3130/3106 3159/3090/3069
f 3075/3108/3079 3158/3089/3068 3157/3183/3080
f 3141/3074/3055 3155/3180/3137 3084/3097/3076
f 3162/3058/3138 3164/3059/3139 3163/3154/3140
f 3166/3061/3141 3168/3062/3142 3167/3155/3143
f 3170/3064/3144 3172/3065/3145 3171/3113/3146
f 3177/3068/3147 3175/3067/3148 3174/3069/3149
f 3178/3070/3150 3180/3071/3151 3179/3097/3152
f 3174/3073/3149 3183/3074/3153 3182/3100/3154
f 3187/3076/3155 3185/3077/3156 3188/3153/3157
f 3192/3080/3158 3190/3079/3159 3189/3081/3160
f 3189/3082/3160 3193/3083/3161 3167/3156/3143
f 3185/3085/3156 3195/3086/3162 3163/3158/3140
f 3197/3088/3163 3199/3089/3164 3198/3172/3165
f 3201/3091/3166 3203/3092/3167 3202/3174/3168
f 3205/3094/3169 3207/3095/3170 3206/3162/3171
f 3179/3097/3152 3210/3098/3172 3209/3180/3173
f 3212/3099/3174 3182/3100/3154 3183/3074/3153
f 3214/3102/3175 3170/3064/3144 3213/3103/3176
f 3218/3105/3177 3216/3104/3178 3215/3106/3179
f 3219/3107/3180 3174/3069/3149 3182/3108/3154
f 3222/3110/3181 3221/3109/3182 3220/3111/3183
f 3224/3112/3184 3171/3113/3146 3172/3065/3145
f 3176/3116/3185 3225/3115/3186 3175/3067/3148
f 3228/3117/3187 3178/3070/3150 3227/3118/3188
f 3207/3095/3170 3229/3119/3189 3230/3145/3190
f 3231/3121/3191 3174/3073/3149 3175/3122/3148
f 3235/3124/3192 3233/3123/3193 3232/3125/3194
f 3236/3126/3195 3238/3127/3196 3237/3164/3197
f 3240/3129/3198 3242/3130/3199 3241/3169/3200
f 3244/3132/3201 3246/3133/3202 3245/3170/3203
f 3240/3135/3198 3248/3136/3204 3186/3165/3205
f 3251/3139/3206 3234/3138/3207 3235/3124/3192
f 3253/3141/3208 3190/3140/3159 3244/3142/3201
f 3254/3143/3209 3239/3128/3210 3255/3168/3211
f 3222/3110/3181 3192/3080/3158 3168/3062/3142
f 3247/3134/3212 3254/3143/3209 3255/3168/3211
f 3230/3145/3190 3169/3146/3213 3193/3083/3161
f 3203/3092/3167 3175/3122/3148 3225/3147/3186
f 3224/3112/3184 3201/3148/3166 3223/3114/3214
f 3225/3115/3186 3226/3150/3215 3256/3149/3216
f 3246/3133/3202 3227/3118/3188 3204/3093/3217
f 3252/3152/3218 3257/3151/3219 3194/3084/3220
f 3188/3153/3157 3163/3154/3140 3164/3059/3139
f 3168/3062/3142 3189/3081/3160 3167/3155/3143
f 3167/3156/3143 3193/3083/3161 3166/3157/3141
f 3163/3158/3140 3195/3086/3162 3162/3159/3138
f 3208/3096/3221 3216/3120/3178 3207/3095/3170
f 3217/3160/3222 3258/3161/3223 3221/3109/3182
f 3222/3110/3181 3216/3104/3178 3217/3160/3222
f 3257/3151/3219 3207/3095/3170 3230/3145/3190
f 3168/3062/3142 3229/3163/3189 3222/3110/3181
f 3194/3084/3220 3230/3145/3190 3193/3083/3161
f 3186/3078/3205 3243/3131/3224 3240/3129/3198
f 3191/3144/3225 3244/3132/3201 3190/3079/3159
f 3206/3162/3171 3233/3123/3193 3234/3138/3207
f 3237/3164/3197 3221/3109/3182 3258/3161/3223
f 3186/3165/3205 3196/3087/3226 3185/3085/3156
f 3250/3166/3227 3206/3162/3171 3234/3138/3207
f 3190/3140/3159 3194/3084/3220 3189/3082/3160
f 3220/3111/3183 3238/3127/3196 3254/3143/3209
f 3191/3144/3225 3220/3111/3183 3254/3143/3209
f 3253/3141/3208 3233/3123/3193 3252/3152/3218
f 3173/3066/3228 3232/3125/3194 3172/3065/3145
f 3181/3072/3229 3236/3126/3195 3180/3071/3151
f 3210/3098/3172 3240/3135/3198 3241/3167/3200
f 3214/3102/3175 3235/3124/3192 3173/3066/3228
f 3172/3065/3145 3253/3141/3208 3224/3112/3184
f 3255/3168/3211 3181/3072/3229 3228/3117/3187
f 3200/3090/3230 3241/3169/3200 3242/3130/3199
f 3245/3170/3203 3204/3093/3217 3201/3091/3166
f 3224/3112/3184 3244/3142/3201 3245/3171/3203
f 3228/3117/3187 3247/3134/3212 3255/3168/3211
f 3177/3068/3147 3171/3113/3146 3176/3116/3185
f 3184/3075/3231 3179/3097/3152 3183/3074/3153
f 3198/3172/3165 3199/3089/3164 3259/3173/3232
f 3202/3174/3168 3203/3092/3167 3256/3175/3216
f 3212/3099/3174 3197/3176/3163 3198/3177/3165
f 3219/3107/3180 3170/3064/3144 3177/3068/3147
f 3176/3116/3185 3223/3114/3214 3226/3150/3215
f 3227/3118/3188 3184/3075/3231 3231/3121/3191
f 3204/3093/3217 3231/3121/3191 3203/3092/3167
f 3223/3114/3214 3202/3178/3168 3226/3150/3215
f 3164/3059/3139 3215/3179/3179 3208/3096/3221
f 3187/3076/3155 3205/3094/3169 3250/3166/3227
f 3196/3087/3226 3218/3105/3177 3195/3086/3162
f 3200/3090/3230 3219/3107/3180 3199/3089/3164
f 3209/3180/3173 3241/3167/3200 3197/3176/3163
f 3211/3101/3233 3212/3099/3174 3259/3181/3232
f 3243/3131/3224 3214/3102/3175 3242/3130/3199
f 3249/3137/3234 3237/3164/3197 3248/3136/3204
f 3208/3096/3221 3188/3153/3157 3164/3059/3139
f 3195/3086/3162 3215/3106/3179 3165/3182/3235
f 3250/3166/3227 3243/3131/3224 3187/3076/3155
f 3248/3136/3204 3258/3161/3223 3196/3087/3226
f 3249/3137/3234 3180/3071/3151 3236/3126/3195
f 3242/3130/3199 3213/3103/3176 3200/3090/3230
f 3199/3089/3164 3182/3108/3154 3211/3183/3233
f 3183/3074/3153 3209/3180/3173 3212/3099/3174
f 3068/3149/3119 3145/3178/3136 3136/3150/3120
f 3068/3175/3119 3101/3147/3093 3144/3092/3071
f 3070/3061/3043 3108/3155/3125 3109/3062/3044
f 3070/3157/3043 3105/3146/3045 3107/3083/3063
f 3064/3058/3040 3113/3154/3124 3148/3059/3041
f 3064/3159/3040 3149/3182/3042 3150/3086/3065
f 3066/3173/3135 3157/3183/3080 3158/3089/3068
f 3066/3181/3135 3140/3177/3134 3156/3099/3078
f 3226/3150/3215 3202/3178/3168 3256/3149/3216
f 3203/3092/3167 3225/3147/3186 3256/3175/3216
f 3166/3061/3141 3169/3063/3213 3168/3062/3142
f 3193/3083/3161 3169/3146/3213 3166/3157/3141
f 3162/3058/3138 3165/3060/3235 3164/3059/3139
f 3195/3086/3162 3165/3182/3235 3162/3159/3138
f 3199/3089/3164 3211/3183/3233 3259/3173/3232
f 3212/3099/3174 3198/3177/3165 3259/3181/3232
f 3260/3184/3236 3289/3185/3237 3290/3186/3238
f 3262/3187/3239 3296/3188/3240 3297/3189/3241
f 3272/3190/3242 3301/3191/3243 3302/3192/3244
f 3263/3193/3245 3282/3194/3246 3261/3195/3247
f 3307/3196/3248 3276/3197/3249 3275/3198/3250
f 3263/3199/3245 3286/3200/3251 3264/3201/3252
f 3278/3202/3253 3266/3203/3254 3265/3204/3255
f 3273/3205/3256 3293/3206/3257 3267/3207/3258
f 3271/3208/3259 3339/3209/3260 3266/3203/3254
f 3274/3210/3261 3270/3211/3262 3340/3212/3263
f 3277/3213/3264 3300/3214/3265 3268/3215/3266
f 3275/3198/3250 3269/3216/3267 3270/3211/3262
f 3267/3217/3258 3288/3218/3268 3273/3219/3256
f 3268/3220/3266 3295/3221/3269 3277/3222/3264
f 3301/3191/3243 3278/3202/3253 3312/3223/3270
f 3273/3205/3256 3305/3224/3271 3292/3225/3272
f 3307/3196/3248 3274/3210/3261 3306/3226/3273
f 3277/3213/3264 3311/3227/3274 3299/3228/3275
f 3304/3229/3276 3289/3185/3237 3281/3230/3277
f 3310/3231/3278 3296/3188/3240 3285/3232/3279
f 3285/3233/3279 3262/3234/3239 3298/3235/3280
f 3281/3236/3277 3260/3237/3236 3291/3238/3281
f 3263/3199/3245 3280/3239/3282 3279/3240/3283
f 3263/3193/3245 3284/3241/3284 3283/3242/3285
f 3289/3185/3237 3261/3243/3247 3290/3186/3238
f 3274/3210/3261 3293/3206/3257 3292/3225/3272
f 3287/3244/3286 3272/3190/3242 3288/3218/3268
f 3282/3194/3246 3305/3224/3271 3291/3238/3281
f 3288/3218/3268 3302/3192/3244 3303/3245/3287
f 3261/3195/3247 3291/3238/3281 3290/3246/3238
f 3296/3188/3240 3264/3247/3252 3297/3189/3241
f 3299/3228/3275 3265/3204/3255 3300/3214/3265
f 3294/3248/3288 3276/3197/3249 3295/3221/3269
f 3286/3200/3251 3311/3227/3274 3298/3235/3280
f 3295/3221/3269 3308/3249/3289 3309/3250/3290
f 3264/3201/3252 3298/3235/3280 3297/3251/3241
f 3279/3240/3283 3302/3192/3244 3301/3191/3243
f 3283/3242/3285 3308/3249/3289 3307/3196/3248
f 3279/3240/3283 3312/3223/3270 3286/3200/3251
f 3304/3252/3276 3291/3238/3281 3305/3224/3271
f 3306/3226/3273 3283/3242/3285 3307/3196/3248
f 3285/3233/3279 3311/3227/3274 3310/3253/3278
f 3288/3218/3268 3304/3229/3276 3273/3219/3256
f 3277/3222/3264 3309/3250/3290 3310/3231/3278
f 3306/3226/3273 3292/3225/3272 3305/3224/3271
f 3280/3239/3282 3303/3245/3287 3302/3192/3244
f 3312/3223/3270 3299/3228/3275 3311/3227/3274
f 3284/3241/3284 3309/3250/3290 3308/3249/3289
f 3313/3254/3291 3315/3255/3292 3314/3256/3293
f 3317/3257/3294 3319/3258/3295 3318/3259/3296
f 3321/3260/3297 3323/3261/3298 3322/3262/3299
f 3328/3263/3300 3326/3264/3301 3325/3265/3302
f 3331/3266/3303 3329/3267/3304 3332/3268/3305
f 3335/3269/3306 3326/3270/3301 3333/3271/3307
f 3266/3203/3254 3336/3272/3308 3265/3204/3255
f 3293/3206/3257 3337/3273/3309 3267/3207/3258
f 3339/3209/3260 3322/3262/3299 3266/3203/3254
f 3270/3211/3262 3341/3274/3310 3340/3212/3263
f 3300/3214/3265 3342/3275/3311 3268/3215/3266
f 3269/3216/3267 3330/3276/3312 3270/3211/3262
f 3344/3277/3313 3267/3217/3258 3337/3278/3309
f 3345/3279/3314 3268/3220/3266 3342/3280/3311
f 3323/3261/3298 3336/3272/3308 3322/3262/3299
f 3337/3273/3309 3348/3281/3315 3347/3282/3316
f 3331/3266/3303 3341/3274/3310 3330/3276/3312
f 3342/3275/3311 3351/3283/3317 3350/3284/3318
f 3315/3255/3292 3347/3285/3316 3314/3256/3293
f 3319/3258/3295 3350/3286/3318 3318/3259/3296
f 3318/3287/3296 3354/3288/3319 3317/3289/3294
f 3314/3290/3293 3355/3291/3320 3313/3292/3291
f 3356/3293/3321 3326/3270/3301 3334/3294/3322
f 3357/3295/3323 3326/3264/3301 3327/3296/3324
f 3315/3255/3292 3325/3297/3302 3356/3293/3321
f 3293/3206/3257 3341/3274/3310 3338/3298/3325
f 3287/3244/3286 3321/3260/3297 3339/3209/3260
f 3348/3281/3315 3328/3263/3300 3355/3291/3320
f 3344/3277/3313 3324/3299/3326 3321/3260/3297
f 3355/3291/3320 3325/3265/3302 3316/3300/3327
f 3319/3258/3295 3333/3301/3307 3357/3295/3323
f 3343/3302/3328 3265/3204/3255 3336/3272/3308
f 3294/3248/3288 3329/3267/3304 3269/3216/3267
f 3351/3283/3317 3335/3269/3306 3354/3288/3319
f 3345/3279/3314 3332/3268/3305 3329/3267/3304
f 3354/3288/3319 3333/3271/3307 3320/3303/3329
f 3324/3299/3326 3334/3294/3322 3323/3261/3298
f 3332/3268/3305 3327/3296/3324 3331/3266/3303
f 3334/3294/3322 3346/3304/3330 3323/3261/3298
f 3347/3282/3316 3355/3291/3320 3314/3290/3293
f 3349/3305/3331 3327/3296/3324 3328/3263/3300
f 3351/3283/3317 3318/3287/3296 3350/3284/3318
f 3344/3277/3313 3347/3285/3316 3352/3306/3332
f 3353/3307/3333 3342/3280/3311 3350/3286/3318
f 3349/3305/3331 3338/3298/3325 3341/3274/3310
f 3352/3306/3332 3356/3293/3321 3324/3299/3326
f 3346/3304/3330 3343/3302/3328 3336/3272/3308
f 3353/3307/3333 3357/3295/3323 3332/3268/3305
f 3358/3308/3334 3440/3309/3335 3441/3310/3336
f 3359/3311/3337 3439/3312/3338 3424/3313/3339
f 3379/3314/3340 3401/3315/3341 3368/3316/3342
f 3380/3317/3343 3409/3318/3344 3362/3319/3345
f 3370/3320/3346 3404/3321/3347 3405/3322/3348
f 3362/3323/3345 3412/3324/3349 3413/3325/3350
f 3395/3326/3351 3455/3327/3352 3365/3328/3353
f 3399/3329/3354 3438/3330/3355 3367/3331/3356
f 3417/3332/3357 3426/3333/3358 3367/3334/3356
f 3365/3335/3353 3442/3336/3359 3443/3337/3360
f 3369/3338/3361 3450/3339/3362 3451/3340/3363
f 3371/3341/3364 3433/3342/3365 3434/3343/3366
f 3372/3344/3367 3423/3345/3368 3422/3346/3369
f 3375/3347/3370 3446/3348/3371 3404/3321/3347
f 3376/3349/3372 3448/3350/3373 3412/3324/3349
f 3368/3316/3342 3402/3351/3374 3377/3352/3375
f 3363/3353/3376 3420/3354/3377 3373/3355/3378
f 3362/3319/3345 3410/3356/3379 3376/3357/3372
f 3366/3358/3380 3418/3359/3381 3382/3360/3382
f 3429/3361/3383 3379/3314/3340 3430/3362/3384
f 3432/3363/3385 3408/3364/3386 3380/3317/3343
f 3370/3320/3346 3406/3365/3387 3381/3366/3388
f 3423/3345/3368 3383/3367/3389 3363/3368/3376
f 3380/3369/3343 3413/3325/3350 3414/3370/3390
f 3393/3371/3391 3391/3372/3392 3392/3373/3393
f 3389/3374/3394 3397/3375/3395 3385/3376/3396
f 3403/3377/3397 3453/3378/3398 3387/3379/3399
f 3386/3380/3400 3435/3381/3401 3436/3382/3402
f 3387/3383/3399 3444/3384/3403 3445/3385/3404
f 3393/3371/3391 3388/3386/3405 3384/3387/3406
f 3399/3388/3354 3428/3389/3407 3386/3390/3400
f 3397/3375/3395 3390/3391/3408 3385/3376/3396
f 3387/3379/3399 3454/3392/3409 3395/3326/3351
f 3386/3380/3400 3437/3393/3410 3399/3329/3354
f 3378/3394/3411 3393/3371/3391 3392/3373/3393
f 3396/3395/3412 3366/3358/3380 3397/3375/3395
f 3395/3396/3351 3443/3337/3360 3444/3384/3403
f 3364/3397/3413 3394/3398/3414 3393/3371/3391
f 3367/3334/3356 3427/3399/3415 3399/3388/3354
f 3397/3375/3395 3382/3360/3382 3398/3400/3416
f 3400/3401/3417 3384/3387/3406 3401/3315/3341
f 3389/3374/3394 3405/3322/3348 3404/3321/3347
f 3387/3383/3399 3446/3348/3371 3403/3402/3397
f 3401/3315/3341 3388/3386/3405 3402/3351/3374
f 3386/3390/3400 3429/3361/3383 3407/3403/3418
f 3390/3391/3408 3405/3322/3348 3385/3376/3396
f 3451/3340/3363 3403/3377/3397 3369/3338/3361
f 3407/3404/3418 3434/3343/3366 3435/3381/3401
f 3408/3364/3386 3368/3316/3342 3409/3318/3344
f 3375/3347/3370 3413/3325/3350 3412/3324/3349
f 3411/3405/3419 3360/3406/3420 3450/3339/3362
f 3415/3407/3421 3361/3408/3422 3433/3342/3365
f 3369/3409/3361 3448/3350/3373 3411/3410/3419
f 3409/3318/3344 3377/3352/3375 3410/3356/3379
f 3430/3362/3384 3415/3411/3421 3371/3412/3364
f 3381/3366/3388 3413/3325/3350 3370/3320/3346
f 3365/3328/3353 3440/3309/3335 3421/3413/3423
f 3367/3331/3356 3439/3312/3338 3417/3414/3357
f 3417/3332/3357 3359/3415/3337 3425/3416/3424
f 3421/3417/3423 3358/3418/3334 3442/3336/3359
f 3363/3368/3376 3422/3346/3369 3423/3345/3368
f 3419/3419/3425 3374/3420/3426 3420/3354/3377
f 3419/3419/3425 3383/3421/3389 3418/3359/3381
f 3364/3397/3413 3416/3422/3427 3423/3345/3368
f 3439/3312/3338 3383/3421/3389 3424/3313/3339
f 3437/3393/3410 3382/3360/3382 3438/3330/3355
f 3416/3422/3427 3426/3333/3358 3425/3416/3424
f 3414/3370/3390 3434/3343/3366 3433/3342/3365
f 3407/3403/3418 3430/3362/3384 3371/3412/3364
f 3432/3363/3385 3361/3423/3422 3431/3424/3428
f 3406/3365/3387 3436/3382/3402 3435/3381/3401
f 3392/3373/3393 3428/3389/3407 3427/3399/3415
f 3436/3382/3402 3398/3400/3416 3437/3393/3410
f 3378/3394/3411 3427/3399/3415 3426/3333/3358
f 3400/3401/3417 3428/3389/3407 3391/3372/3392
f 3381/3366/3388 3435/3381/3401 3434/3343/3366
f 3380/3369/3343 3433/3342/3365 3432/3425/3385
f 3408/3364/3386 3430/3362/3384 3379/3314/3340
f 3418/3359/3381 3438/3330/3355 3382/3360/3382
f 3383/3367/3389 3425/3416/3424 3424/3426/3339
f 3440/3309/3335 3373/3427/3378 3441/3310/3336
f 3372/3344/3367 3454/3392/3409 3394/3398/3414
f 3420/3354/3377 3443/3337/3360 3442/3336/3359
f 3410/3356/3379 3451/3340/3363 3450/3339/3362
f 3447/3428/3429 3403/3402/3397 3446/3348/3371
f 3449/3429/3430 3360/3430/3420 3448/3350/3373
f 3402/3351/3374 3453/3378/3398 3452/3431/3431
f 3396/3395/3412 3445/3385/3404 3444/3384/3403
f 3394/3398/3414 3453/3378/3398 3388/3386/3405
f 3374/3420/3426 3444/3384/3403 3443/3337/3360
f 3445/3385/3404 3404/3321/3347 3446/3348/3371
f 3377/3352/3375 3452/3431/3431 3451/3340/3363
f 3376/3357/3372 3450/3339/3362 3449/3432/3430
f 3412/3324/3349 3447/3428/3429 3375/3347/3370
f 3422/3346/3369 3455/3327/3352 3372/3344/3367
f 3373/3355/3378 3442/3336/3359 3441/3433/3336
f 3456/3308/3432 3458/3309/3433 3457/3413/3434
f 3460/3311/3435 3462/3312/3436 3461/3414/3437
f 3467/3315/3438 3465/3314/3439 3464/3316/3440
f 3471/3318/3441 3469/3317/3442 3468/3319/3443
f 3472/3320/3444 3474/3321/3445 3473/3347/3446
f 3468/3323/3443 3477/3324/3447 3476/3349/3448
f 3482/3327/3449 3480/3326/3450 3479/3328/3451
f 3486/3330/3452 3484/3329/3453 3483/3331/3454
f 3488/3333/3455 3461/3332/3437 3483/3334/3454
f 3479/3335/3451 3489/3336/3456 3457/3417/3434
f 3491/3338/3457 3493/3339/3458 3492/3405/3459
f 3495/3341/3460 3497/3342/3461 3496/3407/3462
f 3499/3344/3463 3501/3345/3464 3500/3397/3465
f 3473/3347/3446 3504/3348/3466 3503/3428/3467
f 3476/3349/3448 3506/3350/3468 3505/3429/3469
f 3508/3351/3470 3464/3316/3440 3507/3352/3471
f 3512/3354/3472 3510/3353/3473 3509/3355/3474
f 3513/3356/3475 3468/3319/3443 3476/3357/3448
f 3516/3359/3476 3515/3358/3477 3514/3360/3478
f 3518/3361/3479 3465/3314/3439 3466/3401/3480
f 3470/3364/3481 3519/3363/3482 3469/3317/3442
f 3522/3365/3483 3472/3320/3444 3521/3366/3484
f 3501/3345/3464 3523/3367/3485 3524/3422/3486
f 3469/3369/3442 3478/3325/3487 3468/3323/3443
f 3528/3371/3488 3526/3372/3489 3529/3387/3490
f 3530/3374/3491 3532/3375/3492 3531/3395/3493
f 3537/3378/3494 3535/3377/3495 3534/3379/3496
f 3538/3380/3497 3540/3381/3498 3539/3404/3499
f 3534/3383/3496 3542/3384/3500 3480/3396/3450
f 3545/3386/3501 3528/3371/3488 3529/3387/3490
f 3547/3389/3502 3484/3388/3453 3538/3390/3497
f 3549/3391/3503 3532/3375/3492 3533/3376/3504
f 3481/3392/3505 3534/3379/3496 3480/3326/3450
f 3485/3393/3506 3538/3380/3497 3484/3329/3453
f 3528/3371/3488 3550/3394/3507 3527/3373/3508
f 3531/3395/3493 3515/3358/3477 3551/3420/3509
f 3480/3396/3450 3490/3337/3510 3479/3335/3451
f 3544/3398/3511 3500/3397/3465 3528/3371/3488
f 3546/3399/3512 3483/3334/3454 3484/3388/3453
f 3532/3375/3492 3514/3360/3478 3515/3358/3477
f 3466/3401/3480 3529/3387/3490 3526/3372/3489
f 3475/3322/3513 3530/3374/3491 3474/3321/3445
f 3504/3348/3466 3534/3383/3496 3535/3402/3495
f 3467/3315/3438 3545/3386/3501 3529/3387/3490
f 3518/3361/3479 3538/3390/3497 3539/3403/3499
f 3549/3391/3503 3475/3322/3513 3522/3365/3483
f 3494/3340/3514 3535/3377/3495 3536/3431/3515
f 3539/3404/3499 3498/3343/3516 3495/3341/3460
f 3470/3364/3481 3464/3316/3440 3465/3314/3439
f 3478/3325/3487 3473/3347/3446 3477/3324/3447
f 3492/3405/3459 3493/3339/3458 3552/3406/3517
f 3496/3407/3462 3497/3342/3461 3553/3408/3518
f 3506/3350/3468 3491/3409/3457 3492/3410/3459
f 3471/3318/3441 3507/3352/3471 3464/3316/3440
f 3517/3362/3519 3496/3411/3462 3520/3424/3520
f 3521/3366/3484 3478/3325/3487 3525/3370/3521
f 3458/3309/3433 3479/3328/3451 3457/3413/3434
f 3462/3312/3436 3483/3331/3454 3461/3414/3437
f 3461/3332/3437 3487/3416/3522 3460/3415/3435
f 3457/3417/3434 3489/3336/3456 3456/3418/3432
f 3502/3346/3523 3510/3368/3473 3501/3345/3464
f 3511/3419/3524 3551/3420/3509 3515/3358/3477
f 3511/3419/3524 3523/3421/3485 3510/3353/3473
f 3524/3422/3486 3500/3397/3465 3501/3345/3464
f 3462/3312/3436 3523/3421/3485 3516/3359/3476
f 3485/3393/3506 3514/3360/3478 3548/3400/3525
f 3488/3333/3455 3524/3422/3486 3487/3416/3522
f 3498/3343/3516 3525/3370/3521 3497/3342/3461
f 3539/3403/3499 3517/3362/3519 3518/3361/3479
f 3519/3363/3482 3520/3424/3520 3553/3423/3518
f 3541/3382/3526 3522/3365/3483 3540/3381/3498
f 3547/3389/3502 3527/3373/3508 3546/3399/3512
f 3541/3382/3526 3548/3400/3525 3549/3391/3503
f 3546/3399/3512 3550/3394/3507 3488/3333/3455
f 3466/3401/3480 3547/3389/3502 3518/3361/3479
f 3540/3381/3498 3521/3366/3484 3498/3343/3516
f 3497/3342/3461 3469/3369/3442 3519/3425/3482
f 3470/3364/3481 3517/3362/3519 3520/3424/3520
f 3516/3359/3476 3486/3330/3452 3462/3312/3436
f 3487/3416/3522 3523/3367/3485 3463/3426/3527
f 3458/3309/3433 3509/3427/3474 3502/3346/3523
f 3499/3344/3463 3481/3392/3505 3482/3327/3449
f 3490/3337/3510 3512/3354/3472 3489/3336/3456
f 3494/3340/3514 3513/3356/3475 3493/3339/3458
f 3503/3428/3467 3535/3402/3495 3491/3409/3457
f 3505/3429/3469 3506/3350/3468 3552/3430/3517
f 3537/3378/3494 3508/3351/3470 3536/3431/3515
f 3543/3385/3528 3531/3395/3493 3542/3384/3500
f 3544/3398/3511 3537/3378/3494 3481/3392/3505
f 3542/3384/3500 3551/3420/3509 3490/3337/3510
f 3543/3385/3528 3474/3321/3445 3530/3374/3491
f 3536/3431/3515 3507/3352/3471 3494/3340/3514
f 3493/3339/3458 3476/3357/3448 3505/3432/3469
f 3477/3324/3447 3503/3428/3467 3506/3350/3468
f 3502/3346/3523 3482/3327/3449 3458/3309/3433
f 3489/3336/3456 3509/3355/3474 3459/3433/3529
f 3358/3308/3334 3421/3413/3423 3440/3309/3335
f 3358/3418/3334 3441/3433/3336 3442/3336/3359
f 3359/3415/3337 3424/3426/3339 3425/3416/3424
f 3359/3311/3337 3417/3414/3357 3439/3312/3338
f 3361/3408/3422 3432/3425/3385 3433/3342/3365
f 3361/3423/3422 3415/3411/3421 3431/3424/3428
f 3360/3406/3420 3449/3432/3430 3450/3339/3362
f 3360/3430/3420 3411/3410/3419 3448/3350/3373
f 3260/3184/3236 3281/3230/3277 3289/3185/3237
f 3260/3237/3236 3290/3246/3238 3291/3238/3281
f 3313/3254/3291 3316/3434/3327 3315/3255/3292
f 3355/3291/3320 3316/3300/3327 3313/3292/3291
f 3317/3257/3294 3320/3435/3329 3319/3258/3295
f 3354/3288/3319 3320/3303/3329 3317/3289/3294
f 3262/3187/3239 3285/3232/3279 3296/3188/3240
f 3262/3234/3239 3297/3251/3241 3298/3235/3280
f 3460/3311/3435 3463/3313/3527 3462/3312/3436
f 3487/3416/3522 3463/3426/3527 3460/3415/3435
f 3456/3308/3432 3459/3310/3529 3458/3309/3433
f 3489/3336/3456 3459/3433/3529 3456/3418/3432
f 3497/3342/3461 3519/3425/3482 3553/3408/3518
f 3520/3424/3520 3496/3411/3462 3553/3423/3518
f 3493/3339/3458 3505/3432/3469 3552/3406/3517
f 3506/3350/3468 3492/3410/3459 3552/3430/3517
f 1/1/1 4/206/169 3/2/2
f 8/4/4 7/85/78 6/5/5
f 12/7/7 11/110/93 10/8/8
f 16/10/10 15/188/152 14/11/11
f 17/13/13 20/207/73 19/14/14
f 23/16/16 22/150/122 21/17/17
f 27/18/18 26/128/105 25/19/19
f 30/21/21 29/131/108 28/22/22
f 33/24/23 32/153/125 31/25/24
f 36/27/25 35/116/89 34/28/26
f 37/30/27 40/137/111 39/31/28
f 1/1/1 43/161/129 42/33/30
f 47/35/32 46/117/87 45/36/33
f 51/38/35 50/198/161 49/39/36
f 52/41/38 55/237/145 54/42/39
f 56/44/41 59/220/181 58/45/42
f 63/47/44 62/192/156 61/48/45
f 64/50/47 67/221/182 66/51/48
f 56/44/41 68/211/173 51/38/35
f 71/53/50 70/222/183 69/54/51
f 64/58/47 76/212/174 75/59/54
f 77/61/56 16/10/10 79/62/57
f 12/64/7 28/22/22 81/65/59
f 8/67/4 84/123/100 83/68/61
f 85/70/63 4/206/169 87/71/64
f 91/73/66 90/200/163 89/74/67
f 95/76/69 94/142/114 93/77/70
f 100/82/75 99/167/133 98/83/76
f 101/84/77 81/65/59 7/85/78
f 103/87/79 102/111/94 80/88/60
f 105/90/80 104/125/102 96/91/72
f 110/93/82 109/204/167 108/94/83
f 113/99/86 112/169/135 46/100/87
f 115/102/88 114/146/118 35/103/89
f 9/9/9 10/8/8 116/105/90
f 33/107/23 17/13/13 18/15/15
f 119/109/92 118/193/157 11/110/93
f 42/112/30 121/171/137 120/113/95
f 123/115/96 122/122/99 34/28/26
f 14/11/11 45/36/33 46/117/87
f 39/119/28 126/148/120 125/120/98
f 122/122/99 127/208/170 84/123/100
f 129/124/101 128/194/158 103/87/79
f 104/125/102 105/90/80 130/126/103
f 131/127/104 25/19/19 26/128/105
f 134/130/107 133/181/146 28/22/22
f 37/30/27 137/201/164 136/132/109
f 30/134/21 116/121/90 125/120/98
f 123/136/96 138/176/141 26/128/105
f 40/137/111 37/30/27 135/133/110
f 36/139/25 5/6/6 6/5/5
f 25/19/19 131/127/104 140/141/113
f 141/143/115 109/204/167 93/77/70
f 115/102/88 144/185/144 143/145/117
f 139/138/112 146/178/143 145/147/119
f 148/149/121 147/209/171 3/2/2
f 22/150/122 150/233/192 149/151/123
f 151/152/124 31/25/24 32/153/125
f 23/16/16 124/195/97 154/158/128
f 33/159/23 117/114/91 120/113/95
f 43/161/129 1/1/1 2/3/3
f 47/163/32 44/156/34 153/155/127
f 156/165/131 79/62/57 21/17/17
f 78/63/58 158/234/193 157/166/132
f 113/99/86 160/235/185 159/168/134
f 162/170/136 161/236/194 121/171/137
f 135/133/110 136/132/109 164/172/138
f 29/135/108 125/120/98 165/174/140
f 132/129/106 26/128/105 138/176/141
f 139/138/112 135/133/110 163/173/139
f 6/5/5 75/59/54 144/179/144
f 63/47/44 167/183/148 131/127/104
f 168/182/147 140/141/113 131/127/104
f 142/144/116 170/210/172 169/184/149
f 144/185/144 76/215/174 171/186/150
f 146/178/143 68/211/173 172/187/151
f 89/74/67 90/200/163 15/188/152
f 116/105/90 10/8/8 38/32/29
f 117/108/91 18/15/15 41/34/31
f 175/190/154 159/168/134 174/191/155
f 143/145/117 171/186/150 62/192/156
f 18/15/15 19/14/14 87/71/64
f 107/95/84 137/201/164 118/193/157
f 43/161/129 155/162/130 121/171/137
f 27/18/18 24/20/20 122/122/99
f 124/118/97 23/16/16 13/12/12
f 40/137/111 139/138/112 126/148/120
f 95/76/69 127/208/170 122/122/99
f 92/78/71 110/93/82 128/194/158
f 173/189/153 77/61/56 100/82/75
f 35/103/89 114/146/118 138/176/141
f 165/174/140 125/120/98 126/148/120
f 124/195/97 46/100/87 112/169/135
f 121/171/137 161/236/194 176/196/159
f 65/52/49 66/51/48 177/197/160
f 143/145/117 166/177/142 138/176/141
f 53/43/40 54/42/39 172/187/151
f 12/7/7 80/88/60 102/111/94
f 15/188/152 16/10/10 77/61/56
f 50/198/161 179/216/177 178/199/162
f 13/12/12 21/17/17 79/62/57
f 90/200/163 91/73/66 44/37/34
f 118/193/157 38/32/29 10/8/8
f 137/201/164 107/95/84 108/94/83
f 180/202/165 81/65/59 28/22/22
f 91/157/66 88/96/68 111/98/85
f 156/165/131 158/234/193 78/63/58
f 136/132/109 108/94/83 181/203/166
f 90/200/163 45/36/33 14/11/11
f 137/201/164 37/30/27 38/32/29
f 77/61/56 78/63/58 99/167/133
f 101/89/77 82/69/62 83/68/61
f 88/75/68 89/74/67 105/90/80
f 92/78/71 93/77/70 109/204/167
f 106/97/81 96/79/72 97/81/74
f 128/194/158 119/109/92 102/111/94
f 105/90/80 89/74/67 173/189/153
f 81/65/59 180/202/165 182/205/168
f 141/143/115 181/203/166 108/94/83
f 157/166/132 148/149/121 98/83/76
f 169/184/149 179/216/177 181/203/166
f 110/93/82 107/95/84 119/109/92
f 130/126/103 100/82/75 85/70/63
f 85/70/63 98/83/76 3/2/2
f 20/207/73 96/91/72 104/125/102
f 84/123/100 8/67/4 5/29/6
f 4/206/169 1/1/1 41/34/31
f 94/142/114 95/76/69 24/20/20
f 20/80/73 17/26/13 31/25/24
f 127/208/170 129/124/101 83/68/61
f 7/85/78 182/205/168 75/59/54
f 94/142/114 140/141/113 142/144/116
f 147/209/171 183/223/184 2/3/3
f 170/210/172 142/144/116 140/141/113
f 19/14/14 104/125/102 86/72/65
f 92/78/71 129/124/101 127/208/170
f 163/173/139 164/172/138 50/198/161
f 54/42/39 55/237/145 134/175/107
f 132/129/106 166/177/142 62/192/156
f 68/211/173 146/178/143 163/173/139
f 167/183/148 63/47/44 60/49/46
f 133/181/146 55/180/145 52/55/38
f 167/183/148 69/54/51 184/213/175
f 186/214/176 185/219/180 169/184/149
f 76/215/174 64/50/47 65/52/49
f 68/211/173 56/44/41 57/46/43
f 171/186/150 65/52/49 61/48/45
f 54/42/39 165/174/140 145/147/119
f 164/172/138 181/203/166 179/216/177
f 133/181/146 72/57/53 187/217/178
f 180/202/165 187/217/178 188/218/179
f 185/219/180 178/199/162 179/216/177
f 182/205/168 188/218/179 74/60/55
f 168/182/147 184/213/175 186/214/176
f 59/220/181 150/233/192 175/190/154
f 67/221/182 152/238/126 176/196/159
f 70/222/183 71/53/50 162/170/136
f 160/224/185 153/155/127 72/57/53
f 190/225/186 186/214/176 184/213/175
f 56/44/41 48/40/37 191/227/188
f 192/229/189 191/227/188 48/40/37
f 193/230/190 194/232/191 178/199/162
f 73/231/52 52/41/38 53/43/40
f 71/53/50 60/49/46 61/48/45
f 53/43/40 57/46/43 58/45/42
f 153/155/127 111/98/85 187/217/178
f 194/232/191 192/229/189 49/39/36
f 190/225/186 193/230/190 185/219/180
f 189/226/187 184/213/175 69/54/51
f 147/209/171 148/149/121 190/225/186
f 150/233/192 59/220/181 191/227/188
f 151/152/124 152/154/126 67/228/182
f 156/165/131 149/151/123 191/227/188
f 151/152/124 74/60/55 188/218/179
f 158/234/193 194/232/191 193/230/190
f 97/81/74 188/218/179 187/217/178
f 73/231/52 174/191/155 159/168/134
f 71/53/50 177/197/160 161/236/194
f 159/168/134 175/190/154 154/158/128
f 161/236/194 177/197/160 66/51/48
f 158/234/193 156/165/131 192/229/189
f 148/149/121 157/166/132 193/230/190
f 189/226/187 70/222/183 183/223/184
f 150/233/192 22/150/122 154/158/128
f 176/196/159 152/238/126 32/160/125
f 183/223/184 162/170/136 155/162/130
f 195/1/195 198/3/321 197/2/196
f 202/5/198 201/85/269 200/4/199
f 206/8/201 205/110/289 204/7/202
f 210/11/204 209/188/342 208/10/205
f 211/13/207 214/15/287 213/14/208
f 217/17/210 216/150/314 215/16/211
f 221/19/212 220/128/299 219/18/213
f 224/22/215 223/131/301 222/21/216
f 227/25/217 226/153/318 225/24/218
f 230/28/219 229/116/284 228/27/220
f 231/30/221 234/32/344 233/31/222
f 195/1/195 237/34/345 236/33/224
f 241/36/226 240/117/281 239/35/227
f 245/39/229 244/198/362 243/38/230
f 246/41/232 249/43/359 248/42/233
f 250/44/235 253/46/360 252/45/236
f 257/48/238 256/192/348 255/47/239
f 258/50/241 261/52/358 260/51/242
f 250/44/235 242/40/231 243/38/230
f 265/54/245 264/222/380 263/53/246
f 258/58/241 270/60/379 269/59/249
f 271/61/251 273/63/324 272/62/252
f 275/65/253 224/22/215 204/64/202
f 278/68/255 277/123/294 200/67/199
f 279/70/257 281/72/371 280/71/258
f 285/74/259 284/200/363 283/73/260
f 289/77/262 288/142/369 287/76/263
f 294/83/267 293/167/367 292/82/268
f 201/85/269 275/65/253 295/84/270
f 296/87/271 295/89/270 274/88/254
f 299/90/273 298/92/279 290/91/265
f 304/94/275 303/204/308 302/93/276
f 306/99/280 239/101/227 240/100/281
f 308/102/283 228/104/220 229/103/284
f 203/9/203 222/106/216 310/105/286
f 214/15/287 211/13/207 225/107/218
f 205/110/289 313/193/350 312/109/290
f 315/113/291 314/171/329 236/112/224
f 230/28/219 317/122/295 316/115/292
f 210/11/204 318/118/351 240/117/281
f 320/120/293 319/148/352 233/119/222
f 277/123/294 321/208/353 317/122/295
f 296/87/271 323/194/354 322/124/296
f 300/125/274 281/72/371 324/126/297
f 326/127/298 325/129/334 220/128/299
f 224/22/215 328/181/335 327/130/300
f 331/132/302 330/201/364 231/30/221
f 320/120/293 310/121/286 222/134/216
f 316/136/292 219/18/213 220/128/299
f 329/133/303 231/30/221 232/137/223
f 202/5/198 199/6/200 228/139/220
f 221/19/212 288/142/369 334/141/306
f 336/143/307 335/144/337 289/77/262
f 308/102/283 309/146/285 338/145/309
f 333/138/305 319/148/352 340/147/311
f 197/2/196 342/209/370 341/149/313
f 216/150/314 217/17/210 344/151/315
f 346/152/317 345/154/387 226/153/318
f 348/158/320 318/195/351 215/16/211
f 315/113/291 311/114/288 225/159/218
f 198/3/321 195/1/195 235/161/225
f 347/155/319 238/156/228 239/163/227
f 350/165/323 344/151/315 217/17/210
f 273/63/324 293/167/367 352/166/325
f 306/99/280 307/169/282 354/168/327
f 314/171/329 356/236/356 355/170/330
f 358/172/331 331/132/302 329/133/303
f 359/174/333 320/120/293 223/135/301
f 325/129/334 360/177/349 332/176/304
f 357/173/332 329/133/303 333/138/305
f 202/5/198 308/140/283 337/179/310
f 326/127/298 361/183/372 255/47/239
f 362/182/336 361/183/372 326/127/298
f 335/144/337 336/143/307 364/184/338
f 337/185/310 338/145/309 365/186/340
f 339/178/312 340/147/311 366/187/341
f 209/188/342 284/200/363 285/74/259
f 234/32/344 206/8/201 310/105/286
f 237/34/345 214/15/287 311/108/288
f 369/191/346 354/168/327 368/190/347
f 256/192/348 365/186/340 338/145/309
f 280/71/258 213/14/208 214/15/287
f 313/193/350 330/201/364 301/95/277
f 314/171/329 349/162/322 235/161/225
f 317/122/295 218/20/214 219/18/213
f 318/118/351 210/11/204 207/12/206
f 319/148/352 333/138/305 232/137/223
f 287/76/263 218/20/214 317/122/295
f 323/194/354 302/93/276 286/78/264
f 367/189/343 324/126/297 292/82/268
f 332/176/304 309/146/285 229/103/284
f 319/148/352 320/120/293 359/174/333
f 318/195/351 348/158/320 307/169/282
f 314/171/329 315/113/291 370/196/355
f 371/197/357 260/51/242 261/52/358
f 338/145/309 309/146/285 332/176/304
f 366/187/341 248/42/233 249/43/359
f 297/111/272 274/88/254 204/7/202
f 209/188/342 367/189/343 271/61/251
f 373/199/361 372/216/376 244/198/362
f 207/12/206 208/10/205 272/62/252
f 284/200/363 241/36/226 238/37/228
f 206/8/201 234/32/344 313/193/350
f 304/94/275 301/95/277 330/201/364
f 374/202/365 328/181/335 224/22/215
f 305/98/278 282/96/261 283/157/260
f 273/63/324 351/234/326 350/165/323
f 375/203/366 304/94/275 331/132/302
f 210/11/204 241/36/226 284/200/363
f 234/32/344 231/30/221 330/201/364
f 271/61/251 292/82/268 293/167/367
f 278/68/255 276/69/256 295/89/270
f 282/75/261 298/92/279 299/90/273
f 286/78/264 302/93/276 303/204/308
f 291/81/266 290/79/265 298/97/279
f 297/111/272 312/109/290 323/194/354
f 367/189/343 285/74/259 299/90/273
f 275/65/253 201/85/269 376/205/368
f 304/94/275 375/203/366 336/143/307
f 294/83/267 341/149/313 352/166/325
f 375/203/366 372/216/376 364/184/338
f 312/109/290 301/95/277 302/93/276
f 324/126/297 281/72/371 279/70/257
f 279/70/257 196/206/197 197/2/196
f 300/125/274 290/91/265 212/207/209
f 277/123/294 230/28/219 199/29/200
f 237/34/345 195/1/195 196/206/197
f 288/142/369 221/19/212 218/20/214
f 227/25/217 211/26/207 212/80/209
f 278/68/255 322/124/296 321/208/353
f 201/85/269 202/5/198 269/59/249
f 288/142/369 289/77/262 335/144/337
f 198/3/321 377/223/388 342/209/370
f 363/210/339 362/182/336 334/141/306
f 281/72/371 300/125/274 213/14/208
f 286/78/264 287/76/263 321/208/353
f 357/173/332 243/38/230 244/198/362
f 248/42/233 359/174/333 327/175/300
f 325/129/334 255/47/239 256/192/348
f 357/173/332 339/178/312 262/211/244
f 361/183/372 265/54/245 254/49/240
f 328/181/335 267/57/247 246/55/232
f 378/213/373 265/54/245 361/183/372
f 379/214/374 363/210/339 364/184/338
f 261/52/358 258/50/241 268/215/250
f 253/46/360 250/44/235 262/211/244
f 257/48/238 261/52/358 365/186/340
f 340/147/311 359/174/333 248/42/233
f 358/172/331 244/198/362 372/216/376
f 381/217/377 267/57/247 328/181/335
f 382/218/378 381/217/377 374/202/365
f 380/219/375 364/184/338 372/216/376
f 270/60/379 382/218/378 376/205/368
f 379/214/374 378/213/373 362/182/336
f 368/190/347 343/233/316 251/220/237
f 370/196/355 345/238/387 259/221/243
f 264/222/380 377/223/388 355/170/330
f 353/224/328 266/56/248 267/57/247
f 378/213/373 379/214/374 384/225/381
f 250/44/235 251/220/237 385/227/383
f 386/229/384 245/39/229 242/40/231
f 387/230/385 380/219/375 373/199/361
f 249/43/359 246/41/232 266/231/248
f 257/48/238 254/49/240 263/53/246
f 249/43/359 369/191/346 252/45/236
f 347/155/319 267/57/247 381/217/377
f 388/232/386 373/199/361 245/39/229
f 384/225/381 379/214/374 380/219/375
f 265/54/245 378/213/373 383/226/382
f 342/209/370 383/226/382 384/225/381
f 385/227/383 251/220/237 343/233/316
f 346/152/317 270/60/379 259/228/243
f 350/165/323 386/229/384 385/227/383
f 382/218/378 270/60/379 346/152/317
f 387/230/385 388/232/386 351/234/326
f 381/217/377 382/218/378 291/81/266
f 266/231/248 353/235/328 354/168/327
f 263/53/246 355/170/330 356/236/356
f 354/168/327 307/169/282 348/158/320
f 260/51/242 371/197/357 356/236/356
f 351/234/326 388/232/386 386/229/384
f 341/149/313 384/225/381 387/230/385
f 383/226/382 342/209/370 377/223/388
f 348/158/320 216/150/314 343/233/316
f 370/196/355 315/113/291 226/160/318
f 377/223/388 198/3/321 349/162/322
f 389/239/195 390/392/321 391/240/196
f 394/242/198 395/320/269 396/243/199
f 398/245/201 399/345/289 400/246/202
f 402/248/204 403/419/342 404/249/205
f 405/251/207 406/342/287 407/252/208
f 409/254/210 410/381/314 411/255/211
f 413/256/212 414/361/299 415/257/213
f 416/259/215 417/363/301 418/260/216
f 419/262/217 420/385/318 421/24/218
f 422/264/219 423/351/284 424/265/220
f 425/267/221 426/421/344 427/268/222
f 389/239/195 429/422/345 430/270/224
f 433/272/226 434/352/281 435/273/227
f 437/275/229 438/440/362 439/276/230
f 440/278/232 441/437/359 442/279/233
f 444/281/235 445/438/360 446/282/236
f 449/284/238 450/425/348 451/285/239
f 452/287/241 453/436/358 454/288/242
f 444/281/235 436/277/231 439/276/230
f 457/291/245 458/459/380 459/292/246
f 452/296/241 462/458/379 463/297/249
f 465/299/251 466/397/324 467/300/252
f 469/301/253 416/259/215 400/302/202
f 471/304/255 472/356/294 396/305/199
f 473/307/257 474/450/371 475/308/258
f 477/309/259 478/441/363 479/310/260
f 481/312/262 482/448/369 483/313/263
f 486/318/267 487/445/367 488/319/268
f 395/320/269 469/301/253 489/321/270
f 491/323/271 489/446/270 468/324/254
f 493/326/273 494/3542/279 484/327/265
f 496/329/275 497/375/308 498/330/276
f 501/335/280 435/3543/227 434/336/281
f 503/338/283 424/3544/220 423/339/284
f 397/247/203 418/3545/216 504/341/286
f 406/342/287 405/251/207 421/343/218
f 399/345/289 506/427/350 507/346/290
f 508/347/291 509/402/329 430/348/224
f 422/264/219 510/357/295 511/350/292
f 402/248/204 512/428/351 434/352/281
f 513/353/293 514/429/352 427/354/222
f 472/356/294 515/430/353 510/357/295
f 491/323/271 516/431/354 517/358/296
f 492/328/274 474/450/371 518/359/297
f 519/360/298 520/408/334 414/361/299
f 416/259/215 521/410/335 522/362/300
f 524/364/302 525/442/364 425/267/221
f 513/353/293 504/355/286 418/366/216
f 511/368/292 415/257/213 414/361/299
f 523/365/303 425/267/221 428/269/223
f 394/242/198 393/244/200 424/371/220
f 413/256/212 482/448/369 528/373/306
f 529/374/307 530/413/337 481/312/262
f 503/338/283 502/340/285 531/376/309
f 527/370/305 514/429/352 533/378/311
f 391/240/196 535/449/370 536/380/313
f 410/381/314 409/254/210 537/382/315
f 539/384/317 540/469/387 420/385/318
f 542/389/320 512/432/351 411/255/211
f 508/347/291 505/349/288 421/390/218
f 390/392/321 389/239/195 431/271/225
f 541/386/319 432/388/228 435/394/227
f 544/396/323 537/382/315 409/254/210
f 466/397/324 487/445/367 545/398/325
f 501/335/280 500/337/282 547/400/327
f 509/402/329 549/434/356 550/403/330
f 552/404/331 524/364/302 523/365/303
f 553/406/333 513/353/293 417/367/301
f 520/408/334 554/426/349 526/369/304
f 551/405/332 523/365/303 527/370/305
f 394/242/198 503/372/283 532/409/310
f 519/360/298 555/451/372 451/285/239
f 556/412/336 555/451/372 519/360/298
f 530/413/337 529/374/307 557/414/338
f 532/377/310 531/376/309 559/416/340
f 534/379/312 533/378/311 560/418/341
f 403/419/342 478/441/363 477/309/259
f 426/421/344 398/245/201 504/341/286
f 429/422/345 406/342/287 505/344/288
f 562/423/346 547/400/327 563/424/347
f 450/425/348 559/416/340 531/376/309
f 475/308/258 407/252/208 406/342/287
f 506/427/350 525/442/364 495/331/277
f 509/402/329 543/393/322 431/271/225
f 510/357/295 412/258/214 415/257/213
f 512/428/351 402/248/204 401/250/206
f 514/429/352 527/370/305 428/269/223
f 483/313/263 412/258/214 510/357/295
f 516/431/354 498/330/276 480/314/264
f 561/420/343 518/359/297 488/319/268
f 526/369/304 502/340/285 423/339/284
f 514/429/352 513/353/293 553/406/333
f 512/432/351 542/389/320 500/337/282
f 509/402/329 508/347/291 564/433/355
f 565/435/357 454/288/242 453/436/358
f 531/376/309 502/340/285 526/369/304
f 560/418/341 442/279/233 441/437/359
f 490/325/272 468/324/254 400/246/202
f 403/419/342 561/420/343 465/299/251
f 566/439/361 567/455/376 438/440/362
f 401/250/206 404/249/205 467/300/252
f 478/441/363 433/272/226 432/274/228
f 398/245/201 426/421/344 506/427/350
f 496/329/275 495/331/277 525/442/364
f 568/443/365 521/410/335 416/259/215
f 499/333/278 476/332/261 479/387/260
f 466/397/324 546/399/326 544/396/323
f 569/444/366 496/329/275 524/364/302
f 402/248/204 433/272/226 478/441/363
f 426/421/344 425/267/221 525/442/364
f 465/299/251 488/319/268 487/445/367
f 471/304/255 470/306/256 489/446/270
f 476/311/261 494/3542/279 493/326/273
f 480/314/264 498/330/276 497/375/308
f 485/316/266 484/315/265 494/334/279
f 490/325/272 507/346/290 516/431/354
f 561/420/343 477/309/259 493/326/273
f 469/301/253 395/320/269 570/447/368
f 496/329/275 569/444/366 529/374/307
f 486/318/267 536/380/313 545/398/325
f 569/444/366 567/455/376 557/414/338
f 507/346/290 495/331/277 498/330/276
f 518/359/297 474/450/371 473/307/257
f 473/307/257 392/241/197 391/240/196
f 492/328/274 484/327/265 408/253/209
f 472/356/294 422/264/219 393/266/200
f 429/422/345 389/239/195 392/241/197
f 482/448/369 413/256/212 412/258/214
f 419/262/217 405/263/207 408/317/209
f 471/304/255 517/358/296 515/430/353
f 395/320/269 394/242/198 463/297/249
f 482/448/369 481/312/262 530/413/337
f 390/392/321 571/470/388 535/449/370
f 558/415/339 556/412/336 528/373/306
f 474/450/371 492/328/274 407/252/208
f 480/314/264 483/313/263 515/430/353
f 551/405/332 439/276/230 438/440/362
f 442/279/233 553/406/333 522/407/300
f 520/408/334 451/285/239 450/425/348
f 551/405/332 534/379/312 456/290/244
f 555/451/372 457/291/245 448/286/240
f 521/410/335 460/294/247 440/293/232
f 572/452/373 457/291/245 555/451/372
f 574/453/374 558/415/339 557/414/338
f 453/436/358 452/287/241 464/417/389
f 445/438/360 444/281/235 456/290/244
f 449/284/238 453/436/358 559/416/340
f 533/378/311 553/406/333 442/279/233
f 552/404/331 438/440/362 567/455/376
f 575/456/377 460/294/247 521/410/335
f 576/457/378 575/456/377 568/443/365
f 573/454/375 557/414/338 567/455/376
f 462/458/379 576/457/378 570/447/368
f 574/453/374 572/452/373 556/412/336
f 563/424/347 538/383/390 447/283/237
f 564/433/355 540/471/387 455/289/243
f 458/459/380 571/470/388 550/403/330
f 548/460/328 461/295/248 460/294/247
f 572/452/373 574/453/374 578/461/381
f 444/281/235 447/283/237 579/463/383
f 580/465/384 437/275/229 436/277/231
f 581/466/385 573/454/375 566/439/361
f 441/437/359 440/278/232 461/468/248
f 449/284/238 448/286/240 459/292/246
f 441/437/359 562/423/346 446/282/236
f 541/386/319 460/294/247 575/456/377
f 582/467/386 566/439/361 437/275/229
f 578/461/381 574/453/374 573/454/375
f 457/291/245 572/452/373 577/462/382
f 535/449/370 577/462/382 578/461/381
f 579/463/383 447/283/237 538/383/390
f 539/384/317 462/458/379 455/464/243
f 544/396/323 580/465/384 579/463/383
f 576/457/378 462/458/379 539/384/317
f 581/466/385 582/467/386 546/399/326
f 575/456/377 576/457/378 485/316/266
f 461/468/248 548/401/328 547/400/327
f 459/292/246 550/403/330 549/434/356
f 547/400/327 500/337/282 542/389/320
f 454/288/242 565/435/357 549/434/356
f 546/399/326 582/467/386 580/465/384
f 536/380/313 578/461/381 581/466/385
f 577/462/382 535/449/370 571/470/388
f 542/389/320 410/381/314 538/383/390
f 564/433/355 508/347/291 420/391/318
f 571/470/388 390/392/321 543/393/322
f 629/472/391 630/3546/4538 789/473/392
f 652/475/394 599/508/426 583/476/395
f 636/478/397 635/685/595 815/479/398
f 641/481/400 640/3547/4539 790/482/401
f 654/484/403 643/873/785 809/485/404
f 769/487/406 733/523/441 734/488/407
f 747/490/409 732/522/440 770/491/410
f 651/493/412 633/3548/412 634/494/413
f 663/496/414 661/524/442 667/497/415
f 664/499/417 665/694/604 711/500/418
f 659/502/420 712/695/605 656/503/421
f 617/507/425 797/3549/4540 632/505/423
f 632/505/423 789/577/495 616/506/424
f 599/508/426 622/626/541 623/509/427
f 741/513/431 752/793/706 650/514/432
f 669/519/437 855/919/827 730/520/438
f 642/483/402 669/518/436 646/517/435
f 769/487/406 770/491/410 732/522/440
f 664/499/417 660/501/419 661/524/442
f 790/510/428 618/512/430 619/525/443
f 729/527/445 826/559/478 827/528/446
f 853/530/448 854/910/818 668/531/449
f 850/533/451 851/911/819 603/534/452
f 852/538/457 853/530/448 585/532/450
f 831/540/459 834/3550/4541 675/541/460
f 834/543/462 879/890/800 880/544/463
f 674/546/465 631/764/676 602/547/466
f 631/549/468 674/542/461 675/541/460
f 832/551/470 673/504/422 656/503/421
f 602/547/466 808/750/662 620/553/472
f 656/554/473 712/705/615 898/555/474
f 672/562/481 837/898/808 894/563/482
f 829/565/484 830/879/789 681/566/485
f 789/473/392 630/3546/4538 818/568/487
f 830/570/489 875/880/790 876/571/490
f 825/573/492 679/903/493 672/574/493
f 819/576/494 820/753/665 616/506/424
f 688/580/498 689/678/588 601/581/499
f 689/583/501 688/591/509 690/584/502
f 678/587/505 891/680/590 890/588/506
f 696/590/508 690/584/502 688/591/509
f 793/593/511 792/669/581 682/594/512
f 872/596/514 873/929/838 690/597/515
f 685/599/517 694/618/517 686/600/518
f 793/602/519 628/620/535 614/603/520
f 688/580/498 589/582/500 591/608/525
f 684/589/507 890/588/506 889/610/527
f 707/612/529 696/590/508 695/592/510
f 794/614/530 793/593/511 683/595/513
f 696/598/516 707/648/561 871/616/532
f 693/617/533 703/650/533 694/618/517
f 794/619/534 627/651/563 628/620/535
f 596/622/537 593/627/542 704/623/538
f 705/613/529 704/631/540 706/625/540
f 596/622/537 621/586/504 622/626/541
f 634/494/413 706/625/540 704/631/540
f 699/632/546 697/647/531 698/633/547
f 706/635/549 634/660/572 869/636/550
f 883/638/552 702/940/849 700/639/553
f 795/641/555 625/665/577 626/642/556
f 794/614/530 692/615/531 697/647/531
f 706/635/549 870/637/551 871/616/532
f 884/649/562 885/936/845 703/650/533
f 699/643/557 626/642/556 627/651/563
f 703/621/536 885/937/846 721/646/560
f 695/609/526 591/608/525 596/622/537
f 685/611/528 889/610/527 888/652/564
f 704/623/538 593/627/542 599/508/426
f 796/657/569 795/634/548 698/633/547
f 633/659/571 868/927/836 869/636/550
f 709/661/573 657/3551/573 658/662/574
f 796/664/576 624/761/673 625/665/577
f 658/666/578 657/3552/1070 723/667/579
f 677/668/580 682/594/512 792/669/581
f 690/597/515 873/929/838 874/671/582
f 684/601/518 686/600/518 687/673/584
f 792/604/521 614/603/520 615/675/585
f 689/678/588 829/881/791 828/548/467
f 601/581/499 828/548/467 620/553/472
f 824/679/589 892/882/792 891/680/590
f 649/681/591 648/779/692 753/682/592
f 653/684/594 637/3553/4542 635/685/595
f 790/482/401 640/3547/4539 802/686/596
f 802/686/596 713/702/612 639/687/597
f 710/688/598 813/1188/599 812/689/599
f 767/691/601 801/832/744 817/692/602
f 659/502/420 711/500/418 665/694/604
f 639/511/429 797/3549/4540 617/507/425
f 664/698/608 900/714/626 899/699/609
f 638/701/611 797/772/685 639/687/597
f 766/703/613 767/691/601 735/693/603
f 712/705/615 665/700/610 899/699/609
f 701/654/566 903/656/568 904/706/616
f 662/710/620 901/735/647 728/711/621
f 730/520/456 901/912/820 662/498/623
f 667/713/625 661/709/619 729/527/445
f 663/712/622 728/711/621 900/714/626
f 611/715/627 612/729/641 714/716/628
f 604/718/630 716/722/634 715/719/631
f 605/721/633 717/726/638 716/722/634
f 607/723/635 720/728/640 719/724/636
f 606/725/637 719/724/636 717/726/638
f 607/723/635 608/985/891 722/727/639
f 610/731/643 611/715/627 726/717/629
f 610/731/643 724/733/645 728/711/621
f 595/736/648 827/528/446 826/559/478
f 613/720/632 848/913/821 847/737/649
f 604/718/630 847/737/649 846/738/650
f 606/725/637 845/741/653 844/739/651
f 598/740/652 595/736/648 718/607/524
f 605/721/633 846/738/650 845/741/653
f 843/742/654 608/985/891 607/723/635
f 586/743/655 598/740/652 721/646/560
f 850/533/451 849/885/795 822/744/656
f 852/538/457 851/911/819 611/715/627
f 859/745/657 858/763/675 617/507/425
f 932/746/658 931/980/886 623/509/427
f 619/525/443 856/918/826 855/747/659
f 857/749/661 856/918/826 619/525/443
f 808/750/662 935/781/694 934/751/663
f 615/675/585 861/762/674 860/752/664
f 628/620/535 863/755/667 862/754/666
f 627/651/563 864/759/671 863/755/667
f 933/756/668 932/746/658 622/626/541
f 865/757/669 626/642/556 625/665/577
f 626/642/556 865/757/669 864/759/671
f 867/760/672 866/758/670 625/665/577
f 614/603/520 862/754/666 861/762/674
f 858/763/675 857/749/661 618/512/430
f 736/704/614 814/864/774 787/766/678
f 740/768/680 669/519/437 666/521/439
f 739/770/682 631/549/468 676/550/469
f 638/701/611 629/472/4543 632/474/684
f 629/773/686 881/932/841 880/544/463
f 673/557/476 826/559/478 729/527/445
f 785/775/688 811/787/700 734/488/407
f 760/776/689 782/818/731 783/777/690
f 741/513/431 731/515/433 742/778/691
f 784/783/696 785/775/688 733/523/441
f 779/784/697 780/798/711 751/785/698
f 811/787/700 806/862/772 817/692/602
f 786/788/701 814/864/774 736/704/614
f 636/789/702 602/547/466 739/765/677
f 788/767/679 765/829/742 766/703/613
f 739/770/682 738/771/683 637/791/704
f 752/793/706 744/810/723 743/794/707
f 778/795/708 779/784/697 754/786/699
f 781/797/710 757/814/727 751/785/698
f 771/492/411 772/819/732 760/776/689
f 749/516/434 669/518/436 762/799/712
f 764/801/714 914/953/860 807/802/715
f 784/783/696 732/522/440 747/490/409
f 915/804/717 761/3554/4544 758/805/718
f 775/807/720 754/786/699 751/785/698
f 745/809/722 750/817/730 649/681/591
f 744/810/723 746/813/726 755/811/724
f 776/812/725 777/796/709 754/786/699
f 746/813/726 670/806/719 758/805/718
f 774/808/721 751/785/698 757/814/727
f 756/816/729 759/820/733 750/817/730
f 782/818/731 760/776/689 757/814/727
f 773/815/728 757/814/727 760/776/689
f 647/800/713 762/799/712 759/820/733
f 638/828/741 766/703/613 765/829/742
f 713/831/743 767/691/601 766/703/613
f 713/831/743 802/859/746 801/832/744
f 641/833/745 769/487/406 768/489/408
f 646/835/747 770/491/410 769/487/406
f 749/836/748 771/492/411 770/491/410
f 749/836/748 647/837/749 772/819/732
f 647/837/749 756/839/751 773/815/728
f 745/838/750 774/808/721 773/815/728
f 671/840/752 775/807/720 774/808/721
f 753/841/753 742/843/755 776/812/725
f 731/842/754 777/796/709 776/812/725
f 650/844/756 778/795/708 777/796/709
f 743/845/757 755/846/758 779/784/697
f 758/847/759 781/797/710 780/798/711
f 761/848/760 782/818/731 781/797/710
f 748/849/761 783/777/690 782/818/731
f 807/850/762 784/783/696 783/777/690
f 809/851/763 811/787/700 785/775/688
f 805/853/765 806/862/772 811/787/700
f 737/855/767 788/767/679 787/766/678
f 737/855/767 629/830/686 765/829/742
f 802/859/746 640/834/746 768/489/408
f 710/863/773 815/865/775 814/864/774
f 644/852/764 785/775/688 784/783/696
f 808/750/662 602/547/466 812/823/736
f 813/861/771 710/863/773 786/788/701
f 787/766/678 814/864/774 815/865/775
f 806/862/772 786/788/701 735/693/603
f 768/489/408 734/488/407 817/692/602
f 929/866/776 928/978/884 918/867/777
f 810/486/405 809/485/404 644/870/782
f 804/872/784 805/875/784 643/873/785
f 799/874/786 800/876/786 805/875/784
f 812/689/599 813/1188/599 800/876/786
f 803/690/600 816/480/399 815/479/398
f 740/768/779 763/869/781 645/877/787
f 689/583/501 691/585/503 830/879/789
f 791/670/488 819/569/488 818/568/487
f 691/672/583 874/671/582 875/880/790
f 687/673/584 825/573/492 824/575/492
f 791/676/586 615/675/585 820/753/665
f 825/579/497 687/677/587 718/607/524
f 672/562/481 893/564/483 892/882/792
f 613/720/632 715/719/631 823/883/793
f 600/884/794 848/913/821 849/885/795
f 859/745/657 860/752/664 821/886/796
f 933/756/668 934/751/663 827/528/446
f 839/887/797 834/3550/4541 831/540/459
f 839/889/799 878/907/816 879/890/800
f 841/891/801 832/551/470 833/552/471
f 833/895/805 656/554/473 897/556/475
f 837/898/808 840/909/817 895/899/809
f 681/566/485 838/906/815 835/900/810
f 838/901/811 681/572/491 876/571/490
f 679/903/493 836/908/813 837/904/813
f 842/888/798 835/900/810 838/906/815
f 839/889/799 838/901/811 877/902/812
f 836/908/813 841/891/801 840/892/802
f 840/909/817 833/895/805 896/896/806
f 609/734/646 901/735/647 854/910/818
f 612/729/641 611/715/627 851/911/819
f 610/731/643 609/734/646 853/530/448
f 848/913/821 600/884/794 588/914/822
f 847/737/649 588/914/822 590/915/823
f 592/916/824 844/739/651 845/741/653
f 594/917/825 845/741/653 846/738/650
f 592/916/824 597/920/829 843/742/654
f 587/535/453 821/886/796 849/885/795
f 584/539/458 603/534/452 851/911/819
f 822/744/656 849/885/795 848/913/821
f 587/535/453 603/534/452 858/763/675
f 585/532/450 668/531/449 855/747/659
f 584/539/458 585/532/450 856/918/826
f 861/762/674 600/884/794 821/886/796
f 863/755/667 590/915/823 588/914/822
f 864/759/671 594/917/825 590/915/823
f 597/920/829 592/916/824 865/757/669
f 594/917/825 864/759/671 865/757/669
f 1253/921/830 597/920/829 866/758/670
f 862/754/666 588/914/822 600/884/794
f 603/534/452 584/539/458 857/749/661
f 859/745/657 616/506/424 820/753/665
f 875/880/790 818/933/842 630/774/687
f 682/922/831 873/929/838 872/596/514
f 692/924/833 683/923/832 872/596/514
f 698/925/834 697/926/835 870/637/551
f 697/926/835 692/924/833 871/616/532
f 698/925/834 869/636/550 868/927/836
f 873/929/838 682/922/831 677/930/839
f 676/931/840 675/545/464 880/544/463
f 874/671/582 677/930/839 818/933/842
f 700/628/543 902/630/545 903/656/568
f 658/662/574 883/638/552 882/640/554
f 884/649/562 886/939/848 887/935/844
f 884/934/843 888/652/564 902/630/545
f 886/939/848 700/639/553 702/940/849
f 726/717/629 714/716/628 897/556/475
f 913/730/642 893/564/483 894/563/482
f 891/680/590 715/719/631 716/722/634
f 890/588/506 716/722/634 717/726/638
f 889/610/527 717/726/638 719/724/636
f 892/882/792 823/883/793 715/719/631
f 900/714/626 724/733/645 725/732/644
f 725/732/644 726/717/629 898/555/474
f 888/652/564 719/724/636 720/728/640
f 720/728/640 722/727/639 903/656/568
f 722/727/639 727/984/890 904/706/616
f 737/855/767 635/856/768 906/941/850
f 637/944/853 907/946/855 906/941/850
f 738/945/854 908/948/857 907/946/855
f 738/945/854 676/950/840 909/947/856
f 881/949/841 910/952/859 909/947/856
f 881/949/841 629/830/686 911/951/858
f 737/855/767 905/943/852 911/951/858
f 908/948/857 909/947/856 910/952/859
f 911/951/858 905/943/852 912/942/851
f 907/946/855 908/948/857 912/942/851
f 823/883/793 892/882/792 893/564/483
f 822/744/656 823/883/793 913/730/642
f 644/870/782 807/802/715 914/953/860
f 748/954/861 761/3554/4544 915/804/717
f 740/768/867 917/959/869 916/958/866
f 764/878/868 918/867/777 917/959/869
f 764/878/868 915/960/870 919/868/778
f 915/960/870 670/962/872 920/961/871
f 670/962/872 746/965/703 921/963/703
f 744/964/703 922/967/703 921/963/703
f 752/966/873 741/970/876 923/968/874
f 648/969/875 924/972/878 923/968/874
f 649/971/877 925/974/880 924/972/878
f 750/973/879 926/976/882 925/974/880
f 750/973/879 759/977/883 927/975/881
f 762/957/864 916/958/866 927/975/881
f 927/975/881 916/958/866 928/978/884
f 920/961/871 930/979/885 929/866/776
f 921/963/703 922/967/703 930/979/885
f 929/866/776 925/974/880 926/976/882
f 924/972/878 925/974/880 929/866/776
f 923/968/874 924/972/878 930/979/885
f 917/959/869 918/867/777 928/978/884
f 598/740/652 586/743/655 931/980/886
f 730/529/447 827/528/446 934/751/663
f 595/736/648 598/740/652 932/746/658
f 933/756/668 621/586/504 620/553/472
f 935/781/694 808/750/662 914/827/740
f 597/920/829 1253/921/830 1274/983/889
f 727/984/890 722/727/639 608/985/891
f 608/985/891 843/742/654 1274/983/889
f 936/987/893 939/1265/4545 938/988/894
f 583/990/395 941/1017/925 940/991/896
f 945/479/897 944/685/1085 943/478/898
f 946/993/900 949/1030/938 948/994/901
f 953/485/903 952/873/1264 951/484/904
f 957/996/906 956/1269/1173 955/997/907
f 960/999/909 959/1292/1196 958/1000/910
f 962/1002/912 633/3548/412 651/493/412
f 966/1004/913 965/1031/939 964/1005/914
f 967/1007/916 970/3555/4546 969/1008/917
f 974/1010/919 973/3556/4547 972/1011/920
f 939/1015/924 977/1192/1094 976/1013/922
f 976/1013/922 975/1081/989 938/1014/923
f 623/1016/427 978/1133/1038 941/1017/925
f 981/1021/929 984/3557/4548 983/1022/930
f 987/1027/935 990/1262/1165 989/1028/936
f 949/1030/938 946/993/900 986/1026/934
f 955/997/907 956/1269/1173 961/1001/911
f 965/1031/939 970/3555/4546 967/1007/916
f 991/1032/940 980/1019/927 948/1018/926
f 994/1034/942 993/1064/973 992/1035/943
f 998/1037/945 997/1395/1302 996/1038/946
f 1002/1040/948 1001/1396/1303 1000/1041/949
f 995/1039/947 996/1038/946 1004/1045/954
f 1008/1047/956 1007/1373/1281 1006/1048/957
f 1010/1050/959 1009/1374/1282 1007/1051/960
f 1005/1053/962 1013/1059/968 1012/1054/963
f 1011/1056/965 1014/1264/1167 1008/1047/956
f 1016/1057/966 1015/1377/1285 974/1010/919
f 1018/1058/967 1017/1245/1148 1012/1054/963
f 974/1060/969 1020/1381/1289 1019/1061/970
f 1023/1068/977 1026/1420/1326 1025/1069/978
f 1029/1071/980 1028/1361/1270 1027/1072/981
f 1030/1074/983 1031/1363/1272 937/989/895
f 1033/1075/984 1032/1364/1273 1028/1076/985
f 1035/1078/987 1034/1365/987 1023/1079/988
f 975/1081/989 1037/1366/1274 1030/1082/990
f 1038/1085/993 1041/1091/999 1040/1086/994
f 1039/1088/996 1043/3558/4549 1042/1089/997
f 1048/1093/1001 1047/1181/1080 1046/1094/1002
f 1050/1096/1004 1049/1117/1024 1038/1090/998
f 1054/1097/1005 1053/1172/1072 1052/1098/1006
f 1055/1100/1008 1050/1120/1027 1042/1101/1009
f 1059/1103/1011 1058/1123/1012 1057/1104/1012
f 1061/1106/1013 1060/1125/1031 1051/1107/1014
f 1063/1112/1019 1041/1091/999 1038/1085/993
f 1064/1114/1021 1048/1093/1001 1045/1095/1003
f 1066/1116/1023 1065/1132/1023 1049/1117/1024
f 1068/1118/1025 1054/1097/1005 1051/1099/1007
f 1050/1120/1027 1055/1100/1008 1069/1121/1028
f 1058/1123/1012 1071/1153/1030 1070/1124/1030
f 1060/1125/1031 1072/1155/1058 1067/1126/1032
f 1074/1128/1034 1065/1157/1060 1073/1129/1035
f 1066/1116/1023 1076/1137/1037 1073/1131/1037
f 978/1133/1038 1044/1092/1000 1074/1128/1034
f 962/1002/912 940/1003/912 1073/1131/1037
f 1080/1138/1042 1083/3559/4550 1082/1139/1043
f 1076/1141/1045 1085/1407/1314 1084/1142/1046
f 1087/1144/1048 1086/1415/1321 1077/1145/1049
f 1090/1147/1051 1089/1167/1068 1080/1148/1052
f 1068/1118/1025 1067/1119/1026 1081/1140/1044
f 1069/1121/1028 1085/1407/1314 1076/1141/1045
f 1071/1153/1030 1093/3560/4551 1092/1154/1057
f 1072/1155/1058 1090/1147/1051 1081/1149/1053
f 1071/1127/1033 1062/1110/1017 1091/1151/1055
f 1074/1128/1034 1063/1112/1019 1049/1113/1020
f 1094/1158/1061 1064/1114/1021 1057/1115/1022
f 941/1017/925 1075/1130/1036 1073/1129/1035
f 708/658/570 1083/3559/4550 1080/1138/1042
f 1084/1142/1046 868/1410/836 633/1163/571
f 1097/1164/1066 657/3561/573 709/1165/573
f 1089/1167/1068 624/761/673 796/664/576
f 1097/1168/1069 1091/1151/1055 723/1169/579
f 1099/1171/1071 1098/1362/1271 1052/1098/1006
f 1100/1173/1073 1056/1102/1010 1042/1101/1009
f 1101/1175/1075 1059/1103/1011 1045/1105/1011
f 1102/1177/1076 1061/1106/1013 1052/1108/1015
f 1039/1087/995 1040/1086/994 1013/1059/968
f 1040/1086/994 1044/1092/1000 1018/1058/967
f 1047/1181/1080 1103/1367/1275 1034/1182/1081
f 1106/1183/1082 1105/1302/1209 1104/1184/1083
f 944/685/1085 1109/3553/4552 1108/684/1086
f 1110/1187/1088 947/995/902 948/994/901
f 948/994/901 979/1198/1100 1111/1186/1087
f 1114/688/1089 1113/690/1267 1112/689/1090
f 1116/1189/1091 1119/1201/1103 1118/1190/1092
f 972/1011/920 973/3556/4547 968/1009/918
f 979/1020/928 980/1019/927 976/1013/922
f 1121/1195/1097 1120/1208/1112 967/1196/1098
f 979/1198/1100 977/3562/4553 1122/1199/1101
f 1123/1200/1102 1124/1257/1160 1119/1201/1103
f 973/1062/971 1019/1061/970 1121/1195/1097
f 904/706/616 1096/1161/1064 1095/1160/1063
f 1126/1204/1106 1125/1229/1133 963/1205/1107
f 963/1006/1109 1125/1397/1304 989/1028/952
f 966/1207/1111 989/1036/944 992/1035/943
f 1120/1208/1112 1126/1204/1106 964/1206/1108
f 1127/1209/1113 1130/1227/1131 1129/1210/1114
f 1134/1212/1116 1133/1215/1119 1132/1213/1117
f 1133/1215/1119 1136/1220/1124 1135/1216/1120
f 1140/1217/1121 1139/1421/1327 1138/1218/1122
f 1136/1220/1124 1140/1217/1121 1137/1219/1123
f 1138/1218/1122 1139/1421/1327 1142/1221/1125
f 1144/1224/1128 1145/1226/1130 1130/1227/1131
f 1144/1224/1128 1147/1228/1132 1126/1204/1106
f 993/1064/973 994/1034/942 1148/1230/1134
f 1131/1214/1118 1132/1213/1117 1150/1231/1135
f 1132/1213/1117 1135/1216/1120 1151/1233/1137
f 1137/1219/1123 1138/1218/1122 1153/1234/1138
f 1062/1110/1017 1148/1230/1134 1154/1236/1140
f 1135/1216/1120 1137/1219/1123 1152/1235/1139
f 1155/1237/1141 1153/1234/1138 1138/1218/1122
f 1091/1151/1055 1154/1236/1140 586/1238/655
f 1157/1239/1142 1156/1369/1277 1000/1041/949
f 1127/1209/1113 1001/1396/1303 1004/1045/954
f 976/1013/922 1159/1255/1158 1158/1240/1143
f 623/1016/427 931/1459/886 1160/1241/1144
f 991/1032/940 987/1260/1163 988/1242/1145
f 991/1032/940 1161/1243/1146 1162/1244/1147
f 1017/1245/1148 1018/1058/967 1164/1246/1149
f 1102/1177/1076 1037/1366/1274 1166/1248/1151
f 1060/1125/1031 1061/1106/1013 1168/1250/1153
f 1072/1155/1058 1060/1125/1031 1167/1251/1154
f 978/1133/1038 1160/1241/1144 1170/1253/1156
f 1172/1254/1157 1171/1403/1311 1089/1167/1068
f 1090/1147/1051 1072/1155/1058 1169/1252/1155
f 1089/1167/1068 1171/1403/1311 867/760/672
f 1061/1106/1013 1102/1177/1076 1165/1249/1152
f 980/1019/927 1162/1244/1147 1159/1255/1158
f 1124/1257/1160 1175/1283/1187 1174/1258/1161
f 1178/1261/1164 1177/1358/4554 990/1262/1165
f 1173/1263/1166 1179/3563/4555 1014/1264/1167
f 1122/1199/1101 977/3562/4553 939/1265/1168
f 1010/1050/959 1180/1413/1319 936/1266/1170
f 992/1035/943 993/1064/973 971/1063/972
f 957/996/906 1182/1280/1184 1181/1268/1172
f 1183/1270/1174 960/999/909 1185/1271/1175
f 1186/1273/1177 984/3557/4548 981/1021/929
f 956/1269/1173 1181/1268/1172 1188/1276/1180
f 1192/1277/1181 1191/1291/1195 1190/1278/1182
f 1118/1190/1092 1193/1350/1253 1182/1280/1184
f 1124/1257/1160 1176/1259/1162 1194/1281/1185
f 943/1282/1186 1108/3564/703 1173/1256/1159
f 1175/1283/1187 1124/1257/1160 1123/1200/1102
f 1109/1285/1189 1179/3563/4555 1173/1263/1166
f 982/1023/931 983/1022/930 1197/1287/1191
f 1198/1289/1193 1199/1333/1237 1189/1279/1183
f 1192/1277/1181 1201/1306/1213 1200/1290/1194
f 959/1292/1196 960/999/909 1183/1270/1174
f 1204/1294/1198 987/1025/933 985/1024/932
f 1205/801/1200 1208/803/4556 1207/802/1201
f 960/999/909 961/1001/911 1188/1276/1180
f 1212/1296/1203 1211/1435/1339 1210/1297/1204
f 1192/1277/1181 1189/1279/1183 1214/1299/1206
f 1106/1183/1082 1216/1308/1215 1215/1301/1208
f 1196/1288/1192 1197/1287/1191 1218/1303/1210
f 1189/1279/1183 1199/1333/1237 1219/1305/1212
f 1217/1304/1211 1218/1303/1210 1212/1296/1203
f 1201/1306/1213 1192/1277/1181 1213/1300/1207
f 1216/1308/1215 1222/1310/1217 1221/1309/1216
f 1201/1306/1213 1183/1270/1174 1184/1272/1176
f 1183/1270/1174 1201/1306/1213 1220/1307/1214
f 1222/1310/1217 1204/1294/1198 1203/1295/1199
f 1195/1284/1188 1123/1200/1102 1122/1318/1225
f 1123/1200/1102 1116/1189/1091 1111/1320/1226
f 1111/1320/1226 1116/1189/1091 1117/1191/1093
f 954/998/908 955/997/907 946/1322/1227
f 955/997/907 958/1000/910 986/1324/1228
f 958/1000/910 959/1292/1196 985/1325/1229
f 985/1325/1229 959/1292/1196 1202/1293/1197
f 1203/1326/1230 1202/1293/1197 1220/1307/1214
f 1220/1307/1214 1213/1300/1207 1215/1328/1232
f 1213/1300/1207 1214/1299/1206 1105/1329/1233
f 1104/1330/1234 1214/1299/1206 1219/1305/1212
f 1219/1305/1212 1199/1333/1237 984/1332/1236
f 1199/1333/1237 1198/1289/1193 983/1334/1238
f 1197/1335/1239 1198/1289/1193 1190/1278/1182
f 1191/1291/1195 1200/1290/1194 1212/1337/1241
f 1200/1290/1194 1184/1272/1176 1211/1338/1242
f 1184/1272/1176 1185/1271/1175 1208/1339/1243
f 1185/1271/1175 1188/1276/1180 1207/1340/1244
f 1181/1268/1172 1182/1280/1184 953/1341/1245
f 1182/1280/1184 1193/1350/1253 1225/1343/1247
f 1174/1258/1161 1175/1283/1187 1226/1345/1249
f 1226/1345/1249 1175/1283/1187 1195/1284/1188
f 1110/1321/746 1117/1191/1093 954/998/908
f 1114/1352/1255 1194/1281/1185 1176/1259/1162
f 1188/1276/1180 1181/1268/1172 1224/1342/1246
f 1017/1245/1148 1227/1347/1221 1112/1313/1220
f 1115/1351/1254 1193/1350/1253 1194/1281/1185
f 1174/1258/1161 944/1346/1250 945/1353/1256
f 1193/1350/1253 1118/1190/1092 1119/1201/1103
f 1118/1190/1092 957/996/906 954/998/908
f 1233/1354/1257 1232/1456/1360 1231/1355/1258
f 1224/870/1262 953/485/903 950/486/905
f 952/873/1264 1225/875/1265 1228/872/1265
f 1225/875/1265 1229/876/1266 1227/874/1266
f 1229/876/1266 1115/1188/1090 1112/689/1090
f 1113/690/1267 1114/688/1089 945/479/897
f 1234/1359/1268 1187/1357/1260 1178/1261/1259
f 1028/1361/1270 1043/3558/4549 1039/1088/996
f 1098/1362/1271 1099/1171/1071 1031/1363/1272
f 1032/1364/1273 1100/1173/1073 1043/1174/1074
f 1101/1175/1075 1046/1176/1075 1034/1365/987
f 1037/1366/1274 1102/1177/1076 1098/1178/1077
f 1035/1084/992 993/1064/973 1062/1110/1017
f 1103/1367/1275 1026/1420/1326 1023/1068/977
f 1235/1368/1276 1134/1212/1116 1131/1214/1118
f 1156/1369/1277 1149/1232/1136 1237/1370/1278
f 1158/1240/1143 999/1042/950 1236/1371/1279
f 1170/1253/1156 1148/1230/1134 994/1034/942
f 1239/1372/1280 1238/1391/1298 1006/1048/957
f 1009/1374/1282 1240/1414/1320 1239/1375/1283
f 1242/1376/1284 1241/1393/1300 1015/1377/1285
f 1015/1380/1288 1243/1394/1301 1020/1381/1289
f 1024/1070/979 1025/1069/978 1244/1383/1291
f 1029/1071/980 1021/1073/982 1022/1385/1293
f 1245/1387/1295 1246/1392/1299 1033/1075/984
f 1036/1080/988 1023/1079/988 1024/1388/1296
f 1238/1391/1298 1239/1372/1280 1245/1386/1294
f 1239/1375/1283 1240/1414/1320 1246/1392/1299
f 1247/1389/1296 1024/1388/1296 1241/1393/1300
f 1241/1384/1292 1244/1383/1291 1243/1394/1301
f 997/1395/1302 1125/1229/1133 1147/1228/1132
f 1001/1396/1303 1127/1209/1113 1128/1211/1115
f 996/1038/946 1147/1228/1132 1144/1224/1128
f 1149/1232/1136 1150/1231/1135 1248/1398/1305
f 1150/1231/1135 1151/1233/1137 1249/1399/1306
f 1251/1400/1307 1250/1401/1308 1152/1235/1139
f 1250/1401/1308 1249/1399/1306 1151/1233/1137
f 1155/1237/1141 1252/1402/1310 1251/1400/1307
f 1156/1369/1277 1236/1371/1279 999/1042/950
f 1001/1396/1303 1002/1040/948 1003/1046/955
f 1157/1239/1142 1131/1214/1118 1149/1232/1136
f 1159/1255/1158 1002/1040/948 999/1042/950
f 988/1242/1145 998/1037/945 995/1039/947
f 1161/1243/1146 995/1039/947 1003/1046/955
f 1165/1249/1152 1166/1248/1151 1236/1371/1279
f 1167/1251/1154 1168/1250/1153 1248/1398/1305
f 1169/1252/1155 1167/1251/1154 1249/1399/1306
f 1172/1254/1157 1251/1400/1307 1252/1402/1310
f 1250/1401/1308 1251/1400/1307 1172/1254/1157
f 1171/1403/1311 1252/1402/1310 1253/921/830
f 1168/1250/1153 1165/1249/1152 1237/1370/1278
f 1162/1244/1147 1003/1046/955 1002/1040/948
f 1158/1240/1143 1166/1248/1151 1037/1366/1274
f 1032/1364/1273 1033/1075/984 937/1267/1171
f 1053/1405/1312 1054/3565/832 1055/1100/1008
f 1055/1100/1008 1054/3565/832 1068/1406/1313
f 1085/1407/1314 1082/1409/1316 1083/1408/1315
f 1069/1121/1028 1068/1406/1313 1082/1409/1316
f 1083/1408/1315 708/3566/837 868/1410/836
f 1056/1102/1010 1100/1173/1073 1099/1411/1317
f 1010/1050/959 1008/1052/961 1014/1412/1318
f 1100/1173/1073 1032/1364/1273 1031/1404/842
f 1096/1161/1064 1079/1135/1040 1077/1134/1039
f 1097/1164/1066 1095/1166/1067 1086/1415/1321
f 1092/1154/1057 1093/3560/4551 1254/1417/1323
f 1079/1135/1040 1094/1158/1061 1092/1416/1322
f 1078/1418/1324 1254/1417/1323 1088/1146/1050
f 1020/1381/1289 1129/1210/1114 1130/1227/1131
f 1143/1223/1127 1129/1210/1114 1025/1069/978
f 1047/1181/1080 1048/1093/1001 1133/1215/1119
f 1048/1093/1001 1064/1114/1021 1136/1220/1124
f 1064/1114/1021 1094/1158/1061 1140/1217/1121
f 1103/1367/1275 1047/1181/1080 1134/1212/1116
f 1120/1208/1112 1121/1195/1097 1145/1226/1130
f 1019/1061/970 1130/1227/1131 1145/1226/1130
f 1094/1158/1061 1079/1135/1040 1139/1421/1327
f 1096/1161/1064 1142/1221/1125 1139/1421/1327
f 904/706/616 727/984/890 1142/1221/1125
f 1226/1345/1249 1257/1423/1329 1255/1422/1328
f 1255/1422/1328 1258/1426/1332 1109/1425/1331
f 1258/1426/1332 1259/1432/1336 1179/1427/1333
f 1179/1427/1333 1259/1432/1336 1260/1428/1334
f 1260/1428/1334 1261/1433/1337 1180/1430/1319
f 1180/1430/1319 1261/1433/1337 1262/1431/1335
f 1262/1431/1335 1257/1423/1329 1226/1345/1249
f 1259/1432/1336 1256/1424/1330 1261/1433/1337
f 1256/1424/1330 1257/1423/1329 1262/1431/1335
f 1256/1424/1330 1259/1432/1336 1258/1426/1332
f 1026/1420/1326 1103/1367/1275 1235/1368/1276
f 1143/1223/1127 1235/1368/1276 1157/1239/1142
f 1224/870/1262 1223/871/1263 1206/953/1202
f 1208/1434/1338 1205/3567/4557 1210/1297/1204
f 1263/1437/1342 1264/1438/1345 1178/1261/1344
f 1264/1438/1345 1233/1354/1257 1205/1360/1346
f 1205/1360/1346 1233/1354/1257 1230/1356/778
f 1210/1439/1347 1230/1356/778 1265/1440/1348
f 1209/1441/1349 1265/1440/1348 1266/1442/703
f 1266/1442/703 1267/1445/703 1196/1444/703
f 982/1446/1350 1267/1445/703 1268/1447/1351
f 1268/1447/1351 1269/1450/1354 1107/1449/1353
f 1269/1450/1354 1270/1452/1356 1106/1451/1355
f 1270/1452/1356 1271/1457/1361 1216/1453/1357
f 1216/1453/1357 1271/1457/1361 1272/1454/1358
f 1272/1454/1358 1263/1437/1342 1204/1436/1341
f 1232/1456/1360 1263/1437/1342 1272/1454/1358
f 1231/1355/1258 1273/1458/1362 1265/1440/1348
f 1273/1458/1362 1267/1445/703 1266/1442/703
f 1231/1355/1258 1232/1456/1360 1271/1457/1361
f 1231/1355/1258 1270/1452/1356 1269/1450/1354
f 1273/1458/1362 1269/1450/1354 1268/1447/1351
f 1232/1456/1360 1233/1354/1257 1264/1438/1345
f 931/1459/886 586/1238/655 1154/1236/1140
f 1164/1246/1149 994/1034/942 989/1036/944
f 1160/1241/1144 1154/1236/1140 1148/1230/1134
f 1170/1253/1156 1164/1246/1149 1018/1058/967
f 1163/1247/1150 1234/1461/1364 1206/1317/1224
f 1252/1402/1310 1155/1237/1141 1274/983/889
f 1141/1222/1126 1142/1221/1125 727/984/890
f 1274/983/889 1155/1237/1141 1141/1222/1126
f 1564/1462/1365 1277/1492/1397 1278/1463/1366
f 1671/1465/1368 1692/1879/1802 1567/1466/1369
f 1325/1468/1371 1636/1505/1412 1635/1469/1372
f 1288/1471/1374 1600/1907/1830 1550/1472/1375
f 1285/1474/1377 1290/1517/1424 1548/1475/1378
f 1330/1477/1380 1657/1520/1427 1658/1478/1381
f 1298/1480/1383 1551/1491/1396 1552/1481/1384
f 1295/1483/1386 1597/1529/1436 1441/1473/1376
f 1297/1485/1388 1279/1494/1399 1542/1486/1389
f 1552/1481/1391 1813/1935/1858 1695/1488/1392
f 1543/1487/1390 1544/1854/1774 1280/1489/1394
f 1587/1490/1395 1440/1484/1387 1551/1491/1396
f 1277/1492/1397 1301/1497/4558 1302/1493/1398
f 1279/1494/1399 1303/1533/1440 1300/1495/1400
f 1564/1462/1402 1493/1694/1610 1301/1497/1403
f 1671/1465/1368 1672/1930/1853 1306/1498/1405
f 1678/1500/1407 1304/3568/4559 1280/1489/1394
f 1610/1502/1409 1611/1912/1835 1311/1503/1410
f 1636/1505/1412 1637/1919/1842 1309/1506/1413
f 1608/1507/1414 1607/1908/1831 1313/1508/1415
f 1284/1510/1417 1600/1907/1830 1601/1511/1418
f 1291/1513/1420 1315/3569/4560 1310/1514/1421
f 1285/1474/1377 1309/1506/1413 1314/1516/1423
f 1531/1518/1425 1315/3569/4560 1291/1513/1420
f 1657/1520/1427 1656/1925/1848 1307/1521/1428
f 1322/1523/1430 1298/1480/1383 1292/1482/1385
f 1293/1525/1432 1299/1543/1450 1323/1526/1433
f 1596/1528/1435 1312/1909/1832 1288/1471/1374
f 1589/1530/1437 1590/1897/1820 1318/1531/1438
f 1297/1485/1388 1321/1541/1448 1303/1533/1440
f 1278/1463/1366 1302/1493/1398 1320/1534/1441
f 1751/1536/1443 1749/1995/1921 1725/1537/1444
f 1293/1525/1432 1317/1527/1434 1738/1539/1446
f 1280/1489/1394 1304/3568/4559 1321/1541/1448
f 1296/1535/1442 1320/1534/1441 1305/1542/1449
f 1299/1543/1450 1579/1886/1809 1580/1544/1451
f 1587/1490/1395 1586/1887/1810 1319/1545/1452
f 1610/1502/1409 1609/1880/1803 1573/1546/1453
f 1324/1547/1454 1644/1882/1805 1643/1548/1455
f 1325/1468/1371 1618/1913/1836 1617/1550/1457
f 1530/1519/1426 1570/1839/1759 1569/1552/1459
f 1649/1554/1461 1650/1926/1849 1328/1555/1462
f 1537/1556/1463 1536/1840/1760 1329/1557/1464
f 1323/1558/1465 1732/2011/1938 1737/1559/1466
f 1643/1561/1468 1642/1814/1733 1556/1562/1469
f 1612/1564/1471 1555/1815/1734 1311/1565/1472
f 1313/1567/1474 1607/1910/1833 1606/1568/1475
f 1591/1570/1477 1553/1816/1735 1318/1571/1478
f 1581/1573/1480 1732/2011/1938 1323/1558/1465
f 1315/1575/1482 1558/1579/1486 1557/1576/1483
f 1531/1578/1485 1532/1817/1736 1558/1579/1486
f 1328/1580/1487 1650/1927/1850 1651/1581/1488
f 1306/1583/1490 1672/1931/1854 1673/1584/1491
f 1562/1586/1493 1561/1818/1737 1305/1587/1494
f 1320/1588/1495 1302/1591/1498 1563/1589/1496
f 1301/1590/1497 1493/1819/1738 1563/1589/1496
f 1347/1592/1499 1489/1780/1699 1490/1593/1500
f 1344/1595/1502 1486/1781/1700 1687/1596/1503
f 1501/1598/1505 1648/1807/1726 1627/1599/1506
f 1501/1598/1505 1341/1600/1507 1342/1601/1508
f 1344/1595/1502 1498/1808/1727 1667/1603/1510
f 1336/1605/1512 1506/1810/1729 1507/1606/1513
f 1347/1592/1499 1495/1812/1731 1496/1608/1515
f 1346/1609/1516 1496/1608/1515 1497/1610/1517
f 1409/1613/1522 1623/1676/1590 1624/1614/1523
f 1484/1616/1525 1525/1783/1702 1526/1617/1526
f 1366/1618/1527 1473/1621/1530 1630/1619/1528
f 1473/1621/1530 1366/1618/1527 1367/1622/1531
f 1470/1624/1533 1663/1757/1676 1662/1625/1534
f 1361/1627/1536 1478/1758/1677 1479/1628/1537
f 1372/1630/1539 1467/1760/1679 1468/1631/1540
f 1811/1633/1542 1697/1942/1866 1360/1629/1543
f 1371/1632/1541 1468/1631/1540 1469/1634/1545
f 1453/1636/1547 1452/1640/1640 1373/1637/1548
f 1456/1638/1549 1683/1722/1641 1684/1639/1550
f 1387/1642/1554 1620/1665/1577 1621/1643/1555
f 1458/1645/1557 1521/1723/1642 1522/1646/1558
f 1632/1647/1559 1633/1712/1628 1388/1648/1560
f 1389/1650/1562 1458/1645/1557 1459/1649/1561
f 1391/1651/1563 1456/1638/1549 1661/1652/1564
f 1453/1636/1547 1454/1659/1571 1393/1657/1569
f 1454/1659/1571 1455/1756/1675 1392/1660/1572
f 1391/1651/1563 1446/1714/1630 1681/1663/1575
f 1550/1472/1375 1619/1856/1777 1620/1665/1577
f 1444/1666/1578 1519/1721/1639 1520/1667/1579
f 1416/1668/1580 1467/1760/1679 1466/1669/1581
f 1413/1671/1583 1470/1624/1533 1685/1672/1584
f 1409/1613/1522 1475/1761/1680 1622/1675/1589
f 1523/1677/1591 1524/1782/1701 1411/1678/1592
f 1628/1679/1593 1629/1921/1844 1410/1680/1594
f 1411/1678/1592 1484/1616/1525 1483/1681/1595
f 1413/1671/1583 1486/1781/1700 1665/1682/1596
f 1416/1668/1580 1489/1780/1699 1488/1684/1598
f 1415/1685/1599 1488/1684/1598 1487/1686/1600
f 1430/1688/1602 1495/1812/1731 1494/1689/1603
f 1433/1691/1605 1498/1808/1727 1689/1692/1606
f 1503/1695/1611 1625/1813/1732 1626/1696/1612
f 1527/1698/1614 1528/1823/1743 1435/1699/1615
f 1515/1700/1616 1646/1922/1845 1647/1701/1617
f 1514/1703/1619 1515/1700/1616 1436/1702/1618
f 1669/1704/1620 1668/1809/1728 1433/1691/1605
f 1430/1688/1602 1509/1820/1739 1510/1706/1622
f 1699/1708/1624 1335/1607/1514 1507/1606/1513
f 1431/1707/1623 1510/1706/1622 1511/1710/1626
f 1633/1712/1628 1634/1853/1773 1443/1713/1629
f 1389/1650/1562 1388/1648/1560 1443/1713/1629
f 1446/1714/1630 1391/1651/1563 1660/1653/1565
f 1551/1491/1396 1386/1654/1566 1385/1656/1568
f 1394/1658/1570 1393/1657/1569 1448/1716/1632
f 1393/1657/1569 1392/1660/1572 1447/1717/1633
f 1541/1718/1634 1395/1662/1574 1449/1661/1573
f 1545/1719/1635 1680/1855/1775 1681/1663/1575
f 1548/1475/1378 1547/1857/1778 1519/1721/1639
f 1394/1658/1570 1395/1662/1574 1452/1640/1640
f 1456/1638/1549 1391/1651/1563 1682/1664/1576
f 1395/1662/1636 1540/1720/1638 1451/1641/1553
f 1389/1650/1562 1520/1667/1579 1521/1723/1642
f 1380/1724/1643 1402/1740/1659 1638/1725/1644
f 1381/1727/1646 1403/1863/1786 1616/1728/1647
f 1404/1730/1649 1602/1866/1789 1603/1731/1650
f 1595/1733/1652 1594/1903/1826 1383/1734/1653
f 1384/1736/1655 1406/1868/1791 1585/1737/1656
f 1379/1739/1658 1401/1847/1767 1402/1740/1659
f 1378/1741/1660 1400/1872/1795 1539/1742/1661
f 1399/1744/1663 1655/1874/1797 1654/1745/1664
f 1677/1747/1666 1676/1775/1694 1376/1748/1667
f 1397/1750/1669 1398/1749/1668 1376/1748/1667
f 1396/1752/1671 1397/1750/1669 1375/1751/1670
f 1396/1752/1671 1374/1753/1672 1451/1754/1673
f 1631/1620/1529 1632/1647/1559 1459/1649/1561
f 1458/1645/1557 1367/1622/1531 1366/1618/1527
f 1662/1625/1534 1661/1652/1564 1456/1638/1549
f 1361/1627/1536 1360/1629/1538 1463/1655/1567
f 1372/1630/1539 1371/1632/1541 1454/1659/1571
f 1371/1632/1541 1370/1635/1546 1455/1756/1675
f 1410/1680/1594 1629/1921/1844 1630/1619/1528
f 1410/1680/1594 1473/1621/1530 1472/1623/1532
f 1470/1624/1533 1413/1671/1583 1664/1683/1597
f 1478/1758/1677 1408/1806/1725 1407/1759/1678
f 1467/1760/1679 1416/1668/1580 1415/1685/1599
f 1468/1631/1540 1415/1685/1599 1414/1687/1601
f 1373/1637/1548 1466/1669/1581 1467/1760/1679
f 1684/1639/1550 1685/1672/1584 1470/1624/1533
f 1373/1637/1551 1451/1641/1553 1465/1674/1588
f 1364/1644/1556 1621/1643/1555 1622/1675/1589
f 1522/1646/1558 1523/1677/1591 1472/1623/1532
f 1380/1724/1643 1639/1726/1645 1640/1762/1681
f 1425/1764/1683 1381/1727/1646 1615/1729/1648
f 1603/1731/1650 1604/1789/1708 1426/1766/1685
f 1383/1734/1653 1594/1903/1826 1593/1767/1686
f 1428/1769/1688 1384/1736/1655 1584/1738/1657
f 1379/1739/1658 1380/1724/1643 1424/1763/1682
f 1422/1772/1691 1378/1741/1660 1535/1743/1662
f 1654/1745/1664 1653/1799/1718 1421/1774/1693
f 1676/1775/1694 1675/1932/1855 1420/1776/1695
f 1375/1751/1670 1376/1748/1667 1420/1776/1695
f 1375/1751/1670 1419/1777/1696 1418/1778/1697
f 1374/1753/1672 1418/1778/1697 1465/1779/1698
f 1489/1780/1699 1416/1668/1580 1417/1670/1582
f 1486/1781/1700 1413/1671/1583 1686/1673/1585
f 1417/1670/1586 1465/1674/1588 1491/1612/1521
f 1484/1616/1525 1411/1678/1592 1524/1782/1701
f 1424/1763/1682 1640/1762/1681 1641/1784/1703
f 1356/1786/1705 1425/1764/1683 1614/1765/1684
f 1357/1788/1707 1426/1766/1685 1604/1789/1708
f 1427/1768/1687 1593/1767/1686 1592/1791/1710
f 1359/1793/1712 1428/1769/1688 1583/1770/1689
f 1424/1763/1682 1355/1785/1704 1354/1795/1714
f 1353/1796/1715 1422/1772/1691 1534/1773/1692
f 1352/1798/1717 1421/1774/1693 1653/1799/1718
f 1420/1776/1695 1675/1932/1855 1674/1801/1720
f 1419/1777/1696 1420/1776/1695 1351/1802/1721
f 1419/1777/1696 1350/1803/1722 1349/1804/1723
f 1418/1778/1697 1349/1804/1723 1491/1805/1724
f 1627/1599/1506 1628/1679/1593 1483/1681/1595
f 1484/1616/1525 1342/1601/1508 1341/1600/1507
f 1486/1781/1700 1344/1595/1502 1666/1604/1511
f 1336/1605/1512 1335/1607/1514 1407/1759/1678
f 1489/1780/1699 1347/1592/1499 1346/1609/1516
f 1488/1684/1598 1346/1609/1516 1345/1611/1518
f 1436/1702/1618 1647/1701/1617 1648/1807/1726
f 1435/1699/1615 1436/1702/1618 1501/1598/1505
f 1498/1808/1727 1433/1691/1605 1668/1809/1728
f 1506/1810/1729 1438/1831/1751 1439/1811/1730
f 1495/1812/1731 1430/1688/1602 1431/1707/1623
f 1496/1608/1515 1431/1707/1623 1432/1711/1627
f 1495/1812/1731 1347/1592/1499 1348/1594/1501
f 1688/1597/1504 1689/1692/1606 1498/1808/1727
f 1494/1689/1609 1348/1594/1519 1491/1612/1521
f 1339/1615/1524 1624/1614/1523 1625/1813/1732
f 1526/1617/1526 1527/1698/1614 1500/1602/1509
f 1355/1785/1704 1641/1784/1703 1642/1814/1733
f 1356/1786/1705 1613/1787/1706 1612/1564/1471
f 1555/1815/1734 1357/1788/1707 1605/1790/1709
f 1358/1792/1711 1592/1791/1710 1591/1570/1477
f 1553/1816/1735 1359/1793/1712 1582/1794/1713
f 1355/1785/1704 1557/1576/1483 1558/1579/1486
f 1559/1582/1489 1353/1796/1715 1533/1797/1716
f 1352/1798/1717 1652/1800/1719 1651/1581/1488
f 1351/1802/1721 1674/1801/1720 1673/1584/1491
f 1350/1803/1722 1351/1802/1721 1561/1818/1737
f 1349/1804/1723 1350/1803/1722 1562/1586/1493
f 1349/1804/1723 1563/1589/1496 1493/1819/1738
f 1509/1820/1739 1430/1688/1602 1429/1690/1604
f 1512/1705/1621 1433/1691/1605 1690/1693/1607
f 1528/1823/1743 1529/1852/1772 1514/1703/1619
f 1645/1824/1744 1646/1922/1845 1515/1700/1616
f 1514/1703/1619 1571/1883/1806 1572/1825/1745
f 1670/1828/1748 1669/1704/1620 1512/1705/1621
f 1577/1830/1750 1578/1884/1807 1439/1811/1730
f 1509/1820/1739 1565/1464/1367 1566/1835/1755
f 1510/1706/1622 1566/1835/1755 1567/1466/1369
f 1530/1519/1426 1331/1553/1460 1328/1555/1462
f 1291/1513/1420 1571/1883/1806 1570/1839/1759
f 1290/1517/1424 1314/1516/1423 1536/1840/1760
f 1328/1580/1487 1559/1582/1489 1532/1817/1736
f 1525/1783/1702 1485/1850/1770 1343/1841/1761
f 1521/1723/1642 1457/1848/1768 1368/1842/1762
f 1445/1843/1763 1390/1849/1769 1520/1667/1579
f 1471/1844/1764 1412/1928/1851 1524/1782/1701
f 1499/1845/1765 1434/1851/1771 1528/1823/1743
f 1546/1479/1382 1547/1857/1778 1537/1556/1463
f 1536/1846/1766 1314/1870/1793 1401/1847/1767
f 1457/1848/1768 1521/1723/1642 1520/1667/1579
f 1379/1739/1658 1535/1743/1662 1539/1742/1661
f 1368/1842/1762 1471/1844/1764 1523/1677/1591
f 1379/1739/1658 1423/1771/1690 1534/1773/1692
f 1524/1782/1701 1412/1928/1851 1485/1850/1770
f 1423/1771/1690 1354/1795/1714 1533/1797/1716
f 1343/1841/1761 1499/1845/1765 1527/1698/1614
f 1354/1795/1714 1558/1579/1486 1532/1817/1736
f 1434/1851/1771 1513/1881/1804 1529/1852/1772
f 1634/1853/1773 1635/1469/1372 1549/1476/1379
f 1444/1666/1578 1443/1713/1629 1549/1476/1379
f 1659/1715/1631 1658/1478/1381 1545/1719/1635
f 1449/1661/1573 1448/1716/1632 1543/1487/1390
f 1448/1716/1632 1447/1717/1633 1544/1854/1774
f 1276/1496/1401 1541/1718/1634 1542/1486/1389
f 1283/1522/1429 1679/1501/1408 1680/1855/1775
f 1541/1718/1637 1276/1496/4561 1300/1495/1776
f 1284/1510/1417 1618/1913/1836 1619/1856/1777
f 1290/1517/1424 1537/1556/1463 1547/1857/1778
f 1694/1858/1779 1740/2017/1946 1736/1859/1780
f 1538/1861/1782 1322/1896/1819 1316/1860/1783
f 1402/1740/1659 1309/3570/4562 1637/1862/1785
f 1403/1863/1786 1326/1924/1847 1617/1864/1787
f 1308/1865/1788 1601/1911/1834 1602/1866/1789
f 1312/1867/1790 1596/1906/1829 1595/1733/1652
f 1406/1868/1791 1319/1905/1828 1586/1869/1792
f 1314/1870/1793 1309/3570/4562 1402/1740/1659
f 1329/1871/1794 1536/1846/1766 1539/1742/1661
f 1307/1873/1796 1656/1929/1852 1655/1874/1797
f 1398/1749/1668 1304/1876/1799 1678/1875/1798
f 1397/1750/1669 1321/3571/4563 1304/1876/1799
f 1303/1877/1800 1321/3571/4563 1397/1750/1669
f 1303/1877/1800 1396/1752/1671 1540/1755/1674
f 1519/1721/1639 1547/1857/1778 1546/1479/1382
f 1508/1821/1740 1564/1462/1365 1565/1464/1367
f 1568/1829/1749 1512/1705/1621 1691/1822/1741
f 1574/1826/1746 1437/1697/1613 1626/1696/1612
f 1513/1881/1804 1569/1552/1459 1570/1839/1759
f 1644/1882/1805 1645/1824/1744 1572/1825/1745
f 1574/1826/1746 1287/1504/1411 1608/1507/1414
f 1571/1883/1806 1291/1513/1420 1286/1515/1422
f 1649/1554/1461 1670/1828/1748 1568/1829/1749
f 1299/1543/1450 1293/1525/1432 1578/1884/1807
f 1589/1530/1437 1598/1834/1754 1575/1833/1753
f 1565/1464/1367 1278/1463/1366 1296/1535/1442
f 1578/1884/1807 1293/1525/1432 1693/1540/1447
f 1566/1835/1755 1296/1535/1442 1281/1467/1370
f 1294/1532/1439 1579/1886/1809 1588/1838/1758
f 1514/1703/1619 1529/1852/1772 1570/1839/1759
f 1294/1532/1439 1318/1531/1438 1580/1544/1451
f 1298/1480/1383 1322/1523/1430 1586/1887/1810
f 1553/1816/1735 1581/1573/1480 1580/1574/1481
f 1506/1810/1729 1336/1605/1512 1337/1888/1811
f 1478/1758/1677 1361/1627/1536 1362/1890/1813
f 1551/1491/1396 1440/1484/1387 1462/1892/1815
f 1450/1893/1816 1584/1738/1657 1585/1737/1656
f 1386/1654/1566 1462/1892/1815 1362/1890/1813
f 1480/1894/1817 1408/1806/1725 1478/1758/1677
f 1450/1893/1816 1464/1895/1818 1583/1770/1689
f 1464/1895/1818 1492/2010/1937 1582/1794/1713
f 1337/1888/1811 1336/1605/1512 1408/1806/1725
f 1438/1831/1751 1506/1810/1729 1505/1889/1812
f 1588/1838/1758 1577/1830/1750 1438/1831/1751
f 1322/1896/1819 1538/1861/1782 1585/1737/1656
f 1579/1886/1809 1299/1543/1450 1577/1830/1750
f 1597/1529/1436 1295/1483/1386 1319/1545/1452
f 1289/1509/1416 1313/1508/1415 1590/1897/1820
f 1554/1569/1476 1591/1570/1477 1590/1572/1479
f 1505/1889/1812 1337/1888/1811 1338/1898/1821
f 1477/1891/1814 1362/1890/1813 1363/1900/1823
f 1461/1902/1825 1462/1892/1815 1440/1484/1387
f 1406/1868/1791 1384/1736/1655 1594/1903/1826
f 1363/1900/1823 1362/1890/1813 1462/1892/1815
f 1477/1891/1814 1476/1901/1824 1481/1904/1827
f 1384/1736/1655 1428/1769/1688 1593/1767/1686
f 1428/1769/1688 1359/1793/1712 1592/1791/1710
f 1338/1898/1821 1337/1888/1811 1480/1894/1817
f 1518/1836/1756 1505/1889/1812 1504/1899/1822
f 1553/1816/1735 1591/1570/1477 1592/1791/1710
f 1576/1837/1757 1518/1836/1756 1517/1832/1752
f 1319/1905/1828 1406/1868/1791 1595/1733/1652
f 1576/1837/1757 1598/1834/1754 1589/1530/1437
f 1287/1504/1411 1311/1503/1410 1607/1908/1831
f 1600/1907/1830 1288/1471/1374 1312/1909/1832
f 1311/1565/1472 1555/1815/1734 1606/1568/1475
f 1504/1899/1822 1338/1898/1821 1339/1615/1524
f 1363/1900/1823 1364/1644/1556 1475/1761/1680
f 1387/1642/1554 1461/1902/1825 1441/1473/1376
f 1383/1734/1653 1603/1731/1650 1602/1866/1789
f 1364/1644/1556 1363/1900/1823 1461/1902/1825
f 1476/1901/1824 1475/1761/1680 1409/1613/1522
f 1427/1768/1687 1604/1789/1708 1603/1731/1650
f 1427/1768/1687 1358/1792/1711 1605/1790/1709
f 1339/1615/1524 1338/1898/1821 1481/1904/1827
f 1517/1832/1752 1504/1899/1822 1503/1695/1611
f 1358/1792/1711 1554/1569/1476 1606/1568/1475
f 1575/1833/1753 1517/1832/1752 1437/1697/1613
f 1601/1911/1834 1312/1867/1790 1405/1735/1654
f 1289/1509/1416 1575/1833/1753 1599/1827/1747
f 1324/1547/1454 1327/1549/1456 1611/1912/1835
f 1287/1504/1411 1574/1826/1746 1609/1880/1803
f 1618/1913/1836 1284/1510/1417 1308/1512/1419
f 1556/1562/1469 1612/1564/1471 1611/1566/1473
f 1623/1676/1590 1482/1920/1843 1340/1914/1837
f 1620/1665/1577 1460/1916/1839 1365/1915/1838
f 1619/1856/1777 1442/1470/1373 1460/1916/1839
f 1474/1917/1840 1482/1920/1843 1623/1676/1590
f 1502/1918/1841 1516/1923/1846 1626/1696/1612
f 1404/1730/1649 1382/1732/1651 1615/1729/1648
f 1474/1917/1840 1622/1675/1589 1621/1643/1555
f 1382/1732/1651 1426/1766/1685 1614/1765/1684
f 1426/1766/1685 1357/1788/1707 1613/1787/1706
f 1502/1918/1841 1625/1813/1732 1624/1614/1523
f 1555/1815/1734 1612/1564/1471 1613/1787/1706
f 1618/1913/1836 1325/1468/1371 1442/1470/1373
f 1404/1730/1649 1616/1728/1647 1617/1864/1787
f 1626/1696/1612 1516/1923/1846 1573/1546/1453
f 1549/1476/1379 1635/1469/1372 1636/1505/1412
f 1636/1505/1412 1325/1468/1371 1326/1551/1458
f 1644/1882/1805 1286/1515/1422 1310/1514/1421
f 1643/1561/1468 1310/1577/1484 1557/1576/1483
f 1340/1914/1837 1627/1599/1506 1648/1807/1726
f 1474/1917/1840 1365/1915/1838 1631/1620/1529
f 1460/1916/1839 1442/1470/1373 1634/1853/1773
f 1403/1863/1786 1381/1727/1646 1639/1726/1645
f 1365/1915/1838 1460/1916/1839 1632/1647/1559
f 1474/1917/1840 1630/1619/1528 1629/1921/1844
f 1381/1727/1646 1425/1764/1683 1640/1762/1681
f 1425/1764/1683 1356/1786/1705 1641/1784/1703
f 1340/1914/1837 1482/1920/1843 1628/1679/1593
f 1502/1918/1841 1648/1807/1726 1647/1701/1617
f 1356/1786/1705 1556/1562/1469 1642/1814/1733
f 1573/1546/1453 1516/1923/1846 1646/1922/1845
f 1326/1924/1847 1403/1863/1786 1638/1725/1644
f 1324/1547/1454 1573/1546/1453 1645/1824/1744
f 1545/1719/1635 1658/1478/1381 1657/1520/1427
f 1330/1477/1380 1329/1557/1464 1656/1925/1848
f 1282/1499/1406 1306/1498/1405 1650/1926/1849
f 1650/1927/1850 1306/1583/1490 1560/1585/1492
f 1499/1845/1765 1343/1841/1761 1666/1604/1511
f 1471/1844/1764 1368/1842/1762 1662/1625/1534
f 1390/1849/1769 1660/1653/1565 1661/1652/1564
f 1485/1850/1770 1412/1928/1851 1664/1683/1597
f 1434/1851/1771 1668/1809/1728 1669/1704/1620
f 1390/1849/1769 1445/1843/1763 1659/1715/1631
f 1400/1872/1795 1378/1741/1660 1654/1745/1664
f 1368/1842/1762 1457/1848/1768 1661/1652/1564
f 1412/1928/1851 1471/1844/1764 1663/1757/1676
f 1378/1741/1660 1422/1772/1691 1653/1799/1718
f 1422/1772/1691 1353/1796/1715 1652/1800/1719
f 1343/1841/1761 1485/1850/1770 1665/1682/1596
f 1434/1851/1771 1499/1845/1765 1667/1603/1510
f 1652/1800/1719 1353/1796/1715 1559/1582/1489
f 1569/1552/1459 1513/1881/1804 1669/1704/1620
f 1445/1843/1763 1546/1479/1382 1658/1478/1381
f 1329/1871/1794 1400/1872/1795 1655/1874/1797
f 1331/1553/1460 1569/1552/1459 1670/1828/1748
f 1282/1499/1406 1568/1829/1749 1692/1879/1802
f 1281/1467/1370 1305/1542/1449 1672/1930/1853
f 1307/1521/1428 1678/1500/1407 1679/1501/1408
f 1672/1931/1854 1305/1587/1494 1561/1818/1737
f 1487/1686/1600 1345/1611/1518 1688/1597/1504
f 1683/1722/1641 1455/1756/1675 1370/1635/1546
f 1392/1660/1572 1682/1664/1576 1681/1663/1575
f 1469/1634/1545 1414/1687/1601 1686/1673/1585
f 1497/1610/1517 1432/1711/1627 1690/1693/1607
f 1447/1717/1633 1681/1663/1575 1680/1855/1775
f 1455/1756/1675 1683/1722/1641 1682/1664/1576
f 1677/1747/1666 1399/1744/1663 1377/1746/1665
f 1370/1635/1546 1469/1634/1545 1685/1672/1584
f 1421/1774/1693 1675/1932/1855 1676/1775/1694
f 1414/1687/1601 1487/1686/1600 1687/1596/1503
f 1675/1932/1855 1421/1774/1693 1352/1798/1717
f 1345/1611/1518 1497/1610/1517 1689/1692/1606
f 1560/1585/1492 1673/1584/1491 1674/1801/1720
f 1432/1711/1627 1511/1710/1626 1691/1822/1741
f 1544/1854/1774 1680/1855/1775 1679/1501/1408
f 1399/1744/1663 1677/1747/1666 1678/1875/1798
f 1511/1710/1626 1567/1466/1369 1692/1879/1802
f 1696/1933/1856 1702/1946/1871 1802/1934/1857
f 1694/1936/1859 1316/1524/1431 1292/1482/1385
f 1742/1937/1861 1708/1945/1870 1693/1540/1447
f 1704/1938/1862 1788/1953/1878 1811/1633/1542
f 1703/1940/1864 1782/1955/1880 1812/1941/1865
f 1705/1943/1867 1776/2064/2005 1810/1944/1868
f 1708/1945/1870 1707/1958/1884 1700/1885/1808
f 1702/1946/1871 1773/2049/1982 1807/1947/1872
f 1766/1948/1873 1767/1960/1886 1708/1945/1870
f 1770/1949/1874 1705/1943/2004 1706/1950/1875
f 1771/1952/1877 1793/2058/1992 1788/1953/1878
f 1772/1954/1879 1787/2051/1985 1782/1955/1880
f 1781/1956/1881 1776/2064/2005 1705/1943/1867
f 1800/1957/1883 1795/2063/2003 1707/1958/1884
f 1767/1960/1886 1768/1959/1885 1707/1958/1884
f 1764/1961/1887 1806/2060/1996 1803/1962/1888
f 1761/1964/1890 1713/1974/1983 1714/1965/1891
f 1792/1967/1893 1789/2050/1984 1712/1968/1894
f 1786/1970/1895 1783/2057/1991 1711/1971/1896
f 1761/1964/1898 1780/2056/1990 1777/1973/1899
f 1748/1975/1901 1746/2046/1979 1765/1976/1902
f 1719/1978/1904 1726/1997/1923 1805/1979/1905
f 1724/1981/1907 1723/1985/1911 1716/1982/1908
f 1724/1981/1907 1731/2007/1934 1755/1984/1910
f 1791/1986/1912 1790/2043/1976 1721/1987/1913
f 1785/1989/1915 1784/2044/1977 1720/1990/1916
f 1779/1992/1918 1778/2045/1978 1722/1993/1919
f 1749/1995/1921 1748/1975/1901 1718/1977/1903
f 1726/1997/1923 2322/2066/2012 1815/1996/1922
f 1815/1996/1922 1801/2061/2000 1805/1979/1905
f 1332/1998/1924 1724/1981/1907 1750/1983/1909
f 2325/2000/1926 1729/1994/1972 1730/2001/1927
f 2326/2003/1929 2327/2067/2013 1791/1986/1912
f 2328/2004/1930 2329/2065/2011 1785/1989/1915
f 2325/2000/1931 2330/2655/2632 1779/1992/1918
f 1731/2007/1934 2331/2009/1936 1816/2005/1932
f 1816/2005/1932 1794/2059/1993 1797/2006/1933
f 2331/2009/1936 1731/2007/1934 1724/1981/1907
f 1724/1981/1907 1332/1998/1924 1814/2008/1935
f 1581/1573/1480 1582/1794/1713 1492/2010/1937
f 1450/1893/1816 1538/1861/1782 1736/1859/1784
f 1450/1893/1816 1733/2012/1939 1734/2013/1940
f 1492/2010/1937 1464/1895/1818 1734/2013/1940
f 1732/2011/1938 1492/2010/1937 1735/2014/1941
f 1317/1560/1942 1737/1559/1950 1741/2015/1943
f 1735/2014/1949 1739/2018/1947 1741/2015/1943
f 1740/2017/1946 1694/1858/1779 1775/2019/1951
f 1741/2015/1943 1745/2023/1955 1742/2021/1953
f 1739/2018/1947 1740/2017/1946 1744/2020/1952
f 1739/2018/1947 1743/2022/1954 1745/2023/1955
f 1749/2028/1960 1751/3572/4564 1753/2031/1963
f 1750/2030/1962 1745/2023/1955 1754/2032/1964
f 1743/2022/1954 1752/3573/1954 1754/2032/1964
f 1757/2034/1966 1758/2038/1970 1717/2035/1967
f 1715/2037/1969 1717/2035/1967 1758/2038/1970
f 1797/2006/1933 1798/2048/1981 1755/1984/1910
f 1729/1994/1972 1722/1993/4565 1756/2040/1973
f 1799/2041/1974 1760/1966/1892 1714/1965/1891
f 1804/1980/1906 1806/2060/1996 1764/1961/1887
f 1756/2040/1973 1722/1993/4565 1761/1964/1890
f 1790/2043/1976 1792/1967/1893 1762/1969/1894
f 1763/1972/1897 1720/1990/1916 1784/2044/1977
f 1778/2045/1978 1780/2056/1990 1761/1964/1898
f 1746/2046/1979 1775/2053/1987 1709/2047/1980
f 1716/1982/1908 1723/1985/1911 1758/2038/1970
f 1723/1985/1911 1755/1984/1910 1759/2039/1971
f 1798/2048/1981 1799/2041/1974 1759/2039/1971
f 1803/1962/1888 1807/1947/1872 1773/2049/1982
f 1747/2036/1968 1717/2035/1967 1767/1960/1886
f 1713/1974/1983 1770/1949/1874 1769/1951/1876
f 1789/2050/1984 1793/2058/1992 1771/1952/1877
f 1711/1971/1896 1783/2057/1991 1787/2051/1985
f 1713/1974/1900 1777/1973/1899 1781/1956/1881
f 1715/2037/1969 1796/2042/1975 1800/1957/1883
f 1717/2035/1967 1715/2037/1969 1768/1959/1885
f 1694/1936/1859 1695/1488/1860 1701/2055/1989
f 1704/1938/1862 1776/2064/2005 1781/1956/1881
f 1712/1968/1894 1777/1973/1899 1780/2056/1990
f 1728/1988/1914 1721/1987/1913 1778/2045/1978
f 1721/1987/1913 1762/1969/1894 1780/2056/1990
f 1771/1952/1877 1781/1956/1881 1777/1973/1899
f 1702/1946/1871 1782/1955/1880 1787/2051/1985
f 1764/1961/1887 1710/1963/1889 1783/2057/1991
f 1726/1997/1923 1719/1978/1904 1784/2044/1977
f 1753/2031/1963 1752/3573/1954 1743/2022/1954
f 1719/1978/1904 1764/1961/1887 1786/1970/1895
f 1773/2049/1982 1787/2051/1985 1783/2057/1991
f 1793/2058/1992 1772/1954/1879 1703/1940/1864
f 1763/1972/1897 1711/1971/1896 1789/2050/1984
f 1727/1991/1917 1720/1990/1916 1790/2043/1976
f 1720/1990/1916 1763/1972/1897 1792/1967/1893
f 1772/1954/1879 1793/2058/1992 1789/2050/1984
f 1706/1950/1875 1795/2063/2003 1800/1957/1883
f 1794/2059/612 1817/3574/612 2324/2002/612
f 2324/2002/1928 1730/2001/1927 1797/2006/1933
f 1730/2001/1927 1756/2040/1973 1798/2048/1981
f 1759/2039/1971 1799/2041/1974 1796/2042/1975
f 1760/1966/1892 1799/2041/1974 1798/2048/1981
f 1769/1951/1876 1800/1957/1883 1796/2042/1975
f 1774/2054/1994 1701/2055/2006 1802/1934/1857
f 1709/2047/1995 1803/1962/1888 1806/2060/1996
f 1725/1537/1998 1718/1977/2001 1804/1980/1906
f 1333/1538/1999 1725/1537/1998 1805/1979/1905
f 1765/1976/1997 1806/2060/1996 1804/1980/1906
f 1709/2047/1995 1774/2054/1994 1807/1947/1872
f 1707/1958/1884 1795/2063/2003 1808/2062/2002
f 1809/1709/1625 1808/2062/2002 1795/2063/2003
f 1705/1943/2004 1699/1708/1624 1809/1709/1625
f 1776/2064/2005 1704/1938/1862 1698/1939/1863
f 1788/1953/1878 1703/1940/1864 1697/1942/1866
f 1782/1955/1880 1702/1946/1871 1696/1933/1856
f 1701/2055/2006 1695/1488/1392 1813/1935/1858
f 1578/1884/1807 1700/1885/1808 1808/2062/2002
f 1439/1811/1730 1808/2062/2002 1809/1709/1625
f 1335/1607/2007 1699/1708/1869 1810/1944/1868
f 1479/1628/1544 1407/1759/2008 1698/1939/1863
f 1463/1655/2009 1360/1629/1543 1697/1942/1866
f 1812/1941/1865 1696/1933/1856 1385/1656/2010
f 1552/1481/1391 1385/1656/2010 1696/1933/1856
f 1779/1992/1918 2330/2655/2632 2326/2003/1929
f 1726/1997/1923 1785/1989/1915 2329/2065/2011
f 1727/1991/1917 1791/1986/1912 2327/2067/2013
f 1820/2068/2014 1819/2434/2394 1818/2069/2015
f 1825/2071/2017 1824/2533/2496 1823/2072/2018
f 1826/2074/2020 1829/2520/2483 1828/2075/2021
f 1830/2077/2023 1833/2090/2036 1832/2078/2024
f 1834/2080/2026 1837/2455/2415 1836/2081/2027
f 1838/2083/2029 1841/2449/2409 1840/2084/2030
f 1845/2086/2032 1844/2099/2047 1843/2087/2033
f 1846/2089/2035 1848/2489/2452 1833/2090/2036
f 1849/2092/2038 1852/2096/2044 1851/2093/2039
f 1854/2095/2041 1853/2653/2625 1845/2086/2042
f 1852/2096/2044 1849/2092/2038 1855/2097/2045
f 1844/2099/2047 1848/2489/2452 1857/2100/2048
f 1859/2101/2049 1858/2104/4566 1821/2070/2016
f 1862/2102/2050 1861/2135/2085 1850/2094/2040
f 1858/2104/2052 1863/2294/2247 1820/2068/2053
f 1866/2105/2055 1865/2534/2497 1823/2072/2018
f 1868/2107/2057 1867/2535/2498 1855/2097/2045
f 1873/2109/2059 1872/2511/2474 1871/2110/2060
f 1875/2112/2062 1874/3575/4567 1827/2076/2022
f 1879/2113/2063 1878/2509/2472 1877/2114/2064
f 1880/2116/2066 1882/2513/2476 1881/2117/2067
f 1886/2118/2068 1885/2123/2073 1884/2119/2069
f 1887/2121/2071 1875/2112/2062 1834/2080/2026
f 1889/2122/2072 1888/2153/2103 1884/2119/2069
f 1892/2124/2074 1891/2527/2490 1839/2085/2031
f 1894/2126/2076 1893/2542/2505 1842/2088/2034
f 1895/2127/2077 1898/2140/2090 1897/2128/2078
f 1899/2130/2080 1847/2091/2037 1830/2077/2023
f 1904/2132/2082 1903/2500/2463 1902/2133/2083
f 1861/2135/2085 1905/2141/2091 1849/2092/2038
f 1907/2136/2086 1859/2101/2049 1818/2069/2015
f 1909/2138/2088 1908/2599/2564 1751/1536/1443
f 1895/2127/2077 1911/2488/2451 1910/2139/2089
f 1905/2141/2091 1869/2108/2058 1855/2097/2045
f 1912/2142/2092 1907/2136/2086 1906/2137/2087
f 1896/2129/2079 1897/2128/2078 1914/2143/2093
f 1916/2145/2095 1915/2490/2453 1857/2100/2048
f 1919/2146/2096 1918/2512/2475 1871/2110/2060
f 1917/2147/2097 1922/3576/4568 1921/2148/2098
f 1826/2074/2020 1925/2525/2488 1924/2150/2100
f 1928/2152/2102 1927/2438/2398 1888/2153/2103
f 1931/2155/2105 1930/2528/2491 1929/2156/2106
f 1934/2157/2107 1933/2439/2399 1932/2158/2108
f 1936/2159/2109 1935/2175/2125 1897/2160/2110
f 1938/2162/2112 1937/2410/2369 1921/2163/2113
f 1939/2165/2115 1872/2514/2477 1873/2166/2116
f 1879/2168/2118 1942/2412/2371 1941/2169/2119
f 1943/2171/2121 1903/2501/2464 1904/2172/2122
f 1945/2174/2124 1914/2491/2454 1897/2160/2110
f 1947/2176/2126 1946/2179/2129 1885/2177/2127
f 1946/2179/2129 1948/2440/2400 1889/2180/2130
f 1931/2181/2131 1950/2414/2373 1949/2182/2132
f 1866/2184/2134 1952/2416/2375 1951/2185/2135
f 1953/2187/2137 1907/2190/2140 1912/2188/2138
f 1907/2190/2140 1953/2187/2137 1955/2191/2141
f 1955/2191/2141 1863/2417/2376 1858/2193/2143
f 1956/2194/2144 1959/2213/2366 1958/2195/2145
f 1960/2197/2147 1963/2408/2367 1962/2198/2148
f 1967/2200/2150 1966/2403/2361 1965/2201/2151
f 1965/2201/2151 1969/2404/2362 1968/2203/2153
f 1960/2197/2147 1972/2401/2359 1971/2204/2154
f 1973/2206/2156 1976/2654/4569 1975/2207/2157
f 1956/2194/2144 1979/2211/2161 1978/2209/2159
f 1979/2211/2161 1981/2402/2360 1980/2212/2162
f 1986/2215/2166 1985/2515/2478 1984/2216/2167
f 1989/2218/2169 1988/2441/2401 1987/2219/2170
f 1990/2220/2171 1993/2355/2312 1992/2221/2172
f 1991/2222/2173 1995/2357/2314 1994/2223/2174
f 1999/2224/2175 1998/2529/2492 1997/2225/2176
f 2000/2227/2178 2003/2234/4570 2002/2228/2179
f 2004/2230/2181 2007/2236/2187 2006/2231/2182
f 2008/2233/2184 2002/2228/2629 2003/2234/2185
f 2007/2236/2187 2011/2537/2500 2010/2237/2188
f 2014/2238/2189 2013/2243/2278 2012/2239/2190
f 2017/2240/2191 2016/2536/2499 2015/2241/2192
f 2022/2244/2196 2021/2267/2219 2020/2245/2197
f 2025/2247/2199 2024/2323/2280 2023/2248/2200
f 2028/2249/2201 2027/2253/2205 2026/2250/2202
f 2030/2252/2204 2026/2250/2202 2027/2253/2205
f 2031/2254/2206 2033/2315/2269 2032/2255/2207
f 2039/2259/2211 2038/2262/2214 2012/2239/2190
f 2041/2261/2213 2040/2356/2313 2038/2262/2214
f 2031/2254/2206 2046/2322/2279 2045/2265/2217
f 2021/2267/2219 2047/2458/2420 1832/2078/2024
f 2050/2268/2220 2049/2321/2277 2048/2269/2221
f 2051/2270/2222 2053/2274/2339 2052/2271/2223
f 2054/2272/2224 2056/2382/2340 2055/2273/2225
f 1984/2216/2167 1985/2515/2478 2059/2276/2229
f 2061/2278/2231 1995/2357/2314 2060/2279/2232
f 2065/2281/2234 2064/2284/2237 2063/2282/2235
f 2060/2279/2232 2063/2282/2235 2064/2284/2237
f 2054/2272/2224 2068/2358/2315 2067/2285/2238
f 2051/2270/2222 2070/2287/2240 2069/2286/2239
f 2070/2287/2240 2072/2361/2318 2071/2288/2241
f 2073/2289/2242 2075/2293/2377 2074/2290/2243
f 2076/2291/2244 2078/2419/2379 2077/2292/2245
f 2082/2295/2249 2081/2409/2368 2080/2296/2250
f 2084/2298/2252 1969/2404/2362 2083/2299/2253
f 2089/2301/2255 2088/2423/2383 2087/2302/2256
f 2086/2303/2257 2087/2302/2256 2090/2304/2258
f 2092/2305/2259 2091/2418/2378 2076/2291/2244
f 2073/2289/2242 2096/2311/2265 2095/2307/2261
f 1975/2207/2157 1976/2654/4569 2098/2309/2263
f 2096/2311/2265 2100/2407/2365 2099/2312/2266
f 2029/2251/2203 2026/2250/2202 2101/2313/2267
f 2101/2313/2267 2026/2250/2202 2030/2252/2204
f 2044/2266/2218 2103/2456/2416 2033/2315/2269
f 1844/2099/2047 1845/2086/2032 2036/2257/2209
f 2104/2316/2270 2039/2259/2211 2037/2260/2212
f 2105/2317/2271 2041/2261/2213 2039/2259/2211
f 2106/2318/2272 1851/2093/2039 2042/2264/2216
f 2045/2265/2217 2108/2457/2417 2107/2319/2273
f 2049/2321/2277 2110/2450/2410 1836/2081/2027
f 2013/2243/2278 2043/2263/2215 2037/2260/2212
f 2015/2241/2192 2016/2536/2499 2046/2322/2279
f 2018/2242/2194 2109/2320/2275 2043/2263/2274
f 2024/2323/2280 2050/2268/2220 2030/2252/2204
f 2111/2324/2281 2114/2526/2489 2113/2325/2282
f 2115/2327/2284 2118/2365/2322 2117/2328/2285
f 2122/2330/2287 2121/2469/2431 2120/2331/2288
f 2125/2333/2290 2124/2472/2434 2123/2334/2291
f 2127/2336/2293 2130/2371/2328 2129/2337/2294
f 2131/2339/2296 2111/2324/2281 2112/2326/2283
f 2133/2341/2298 2136/2374/2331 2135/2342/2299
f 2140/2344/2301 2139/2476/2438 2138/2345/2302
f 2143/2347/2304 2142/2478/2440 2141/2348/2305
f 2141/2348/2305 2142/2478/2440 2146/2350/2307
f 2145/2351/2308 2146/2350/2307 2148/2352/2309
f 2148/2352/2309 2109/2483/2445 2018/2354/2311
f 1993/2355/2312 1990/2220/2171 2027/2253/2205
f 2023/2248/2200 2027/2253/2205 1990/2220/2171
f 1999/2224/2175 1996/2226/2177 2015/2241/2192
f 2035/2258/2210 2003/2234/4570 2000/2227/2178
f 2038/2262/2214 2007/2236/2187 2004/2230/2181
f 2040/2356/2313 2011/2537/2500 2007/2236/2187
f 1992/2221/2172 2066/2283/2236 2063/2282/2235
f 2063/2282/2235 2060/2279/2232 1995/2357/2314
f 1997/2225/2176 1998/2529/2492 2068/2358/2315
f 2001/2229/2180 2002/2228/2179 2150/2359/2316
f 2005/2232/2183 2006/2231/2182 2070/2287/2240
f 2006/2231/2182 2010/2237/2188 2072/2361/2318
f 2014/2238/2189 2004/2230/2181 2005/2232/2183
f 2017/2240/2191 1996/2226/2177 1997/2225/2176
f 2057/2275/2227 2018/2242/2194 2014/2238/2193
f 2059/2276/2229 2022/2244/2196 2019/2246/2198
f 2025/2247/2199 1994/2223/2174 1995/2357/2314
f 2152/2362/2319 2114/2526/2489 2111/2324/2281
f 2153/2364/2321 2154/2386/2344 2118/2365/2322
f 2122/2330/2287 2119/2332/2289 2155/2366/2323
f 2158/2368/2325 2126/2335/2292 2123/2334/2291
f 2159/2370/2327 2160/2391/2349 2130/2371/2328
f 2151/2363/2320 2111/2324/2281 2131/2339/2296
f 2162/2373/2330 2163/2394/2352 2136/2374/2331
f 2140/2344/2301 2137/2346/2303 2164/2375/2332
f 2144/2349/2306 2141/2348/2305 2166/2377/2334
f 2166/2377/2334 2141/2348/2305 2145/2351/2308
f 2145/2351/2308 2147/2353/2310 2169/2380/2337
f 2147/2353/2310 2018/2354/2311 2057/2381/2338
f 1957/2196/2146 1958/2195/2145 2053/2274/2339
f 1961/2199/2149 1962/2198/2148 2056/2382/2340
f 1982/2214/2164 2057/2275/2227 2053/2274/2226
f 1987/2219/2170 1988/2441/2401 2062/2280/2233
f 2171/2383/2341 2152/2362/2319 2151/2363/2320
f 2172/2385/2343 2173/2523/2486 2154/2386/2344
f 2174/2387/2345 2175/2411/2370 2156/2367/2324
f 2177/2388/2346 2158/2368/2325 2157/2369/2326
f 2178/2390/2348 2179/2413/2372 2160/2391/2349
f 2151/2363/2320 2161/2372/2329 2180/2392/2350
f 2181/2393/2351 2182/2415/2374 2163/2394/2352
f 2183/2395/2353 2184/2531/2494 2165/2376/2333
f 2186/2396/2354 2167/2378/2335 2166/2377/2334
f 2185/2397/2355 2166/2377/2334 2168/2379/2336
f 2168/2379/2336 2169/2380/2337 2188/2399/2357
f 2169/2380/2337 2057/2381/2338 1982/2400/2358
f 1967/2200/2150 1964/2202/2152 2064/2284/2237
f 1987/2219/2170 2064/2284/2237 1964/2202/2152
f 1961/2199/2149 2067/2285/2238 1972/2401/2359
f 2150/2359/2316 1976/2654/4569 1973/2206/2156
f 1957/2196/2146 2069/2286/2239 1979/2211/2161
f 2069/2286/2239 2071/2288/2241 1981/2402/2360
f 1966/2403/2361 2089/2301/2255 2086/2303/2257
f 1965/2201/2151 2086/2303/2257 2083/2299/2253
f 1970/2205/2155 1971/2204/2154 2093/2306/2260
f 1974/2208/2158 1975/2207/2157 2190/2405/2363
f 1977/2210/2160 1978/2209/2159 2096/2311/2265
f 1978/2209/2159 1980/2212/2162 2100/2407/2365
f 1977/2210/2160 2074/2290/2243 1959/2213/2366
f 1963/2408/2367 1960/2197/2147 1970/2205/2155
f 2074/2290/2248 1863/2294/2247 1982/2214/2164
f 2081/2409/2368 1986/2215/2166 1983/2217/2168
f 1989/2218/2169 1968/2203/2153 1969/2404/2362
f 1937/2410/2369 2171/2383/2341 2170/2384/2342
f 1939/2165/2115 2173/2523/2486 2172/2385/2343
f 1940/2167/2117 1941/2169/2119 2175/2411/2370
f 1943/2171/2121 2177/2388/2346 2176/2389/2347
f 1944/2173/2123 1945/2174/2124 2179/2413/2372
f 2170/2384/2342 2180/2392/2350 1946/2179/2129
f 1950/2414/2373 1948/2440/2400 2182/2415/2374
f 1949/2182/2132 2184/2531/2494 2183/2395/2353
f 1951/2185/2135 2186/2396/2354 2185/2397/2355
f 1954/2189/2139 2185/2397/2355 2187/2398/2356
f 1953/2187/2137 2187/2398/2356 2188/2399/2357
f 2188/2399/2357 1982/2400/2358 1863/2417/2376
f 2094/2308/2262 2191/2420/2446 2075/2293/2377
f 2091/2418/2378 2192/2485/2448 2078/2419/2379
f 2085/2300/2254 2083/2299/2253 2090/2304/2258
f 2195/2422/2382 2194/2426/2386 2087/2302/2256
f 2090/2304/2258 2087/2302/2256 2194/2426/2386
f 2200/2428/2388 2199/2484/2447 2091/2418/2378
f 2190/2405/2363 2202/2487/2450 2201/2429/2389
f 2094/2308/2262 2095/2307/2261 2206/2433/2393
f 2095/2307/2261 2099/2312/2266 1825/2071/2017
f 1888/2153/2103 1889/2122/2072 1931/2155/2105
f 1927/2438/2398 2198/2427/2387 1884/2119/2069
f 1933/2439/2399 1887/2121/2071 1835/2082/2028
f 1948/2440/2400 1950/2414/2373 1931/2181/2131
f 1988/2441/2401 1989/2218/2169 2211/2442/2402
f 2024/2323/2280 2025/2247/2199 2213/2444/2404
f 2050/2268/2220 2215/2530/2493 2214/2446/2406
f 2062/2280/2233 2217/2453/2413 2216/2447/2407
f 2085/2300/2254 2219/2454/2414 2218/2448/2408
f 1841/2449/2409 1838/2083/2029 1932/2158/2108
f 1933/2451/2411 2135/2342/2299 2132/2340/2297
f 2212/2445/2405 2215/2530/2493 2050/2268/2220
f 2131/2339/2296 2132/2340/2297 2135/2342/2299
f 2061/2278/2231 2216/2447/2407 2213/2444/2404
f 2163/2394/2352 2161/2372/2329 2131/2339/2296
f 2062/2280/2233 1988/2441/2401 2210/2443/2403
f 2182/2415/2374 2180/2392/2350 2161/2372/2329
f 2084/2298/2252 2218/2448/2408 2211/2442/2402
f 1948/2440/2400 1946/2179/2129 2180/2392/2350
f 2193/2421/2381 2220/2486/2449 2219/2454/2414
f 2102/2314/2268 2101/2313/2267 1837/2455/2415
f 1837/2455/2415 2101/2313/2267 2048/2269/2221
f 2103/2456/2416 2044/2266/2218 2107/2319/2273
f 1852/2096/2044 2104/2316/2270 2042/2264/2216
f 1856/2098/2046 2105/2317/2271 2104/2316/2270
f 1860/2103/2051 1850/2094/2040 1851/2093/2039
f 2108/2457/2417 1867/2535/2498 1890/2125/2075
f 2106/2318/2276 2109/2320/2275 1862/2102/2418
f 2047/2458/2420 1923/2151/2101 1880/2116/2066
f 2110/2450/2410 1932/2158/2108 1835/2082/2028
f 2222/2459/2421 1893/2463/4571 2221/2460/2422
f 2224/2462/2424 2221/2460/2572 1893/2463/2425
f 2112/2326/2283 2113/2325/2282 1874/2465/2427
f 2116/2329/2286 2117/2328/2285 1924/2467/2429
f 2121/2469/2431 1881/2510/2473 1882/2470/2432
f 2125/2333/2290 1899/2508/2471 1900/2471/2433
f 2128/2338/2295 2129/2337/2294 1915/2473/2435
f 2112/2326/2283 1875/2466/2428 1887/2452/2412
f 2135/2342/2299 1933/2451/2411 1934/2475/2437
f 2139/2476/2438 1891/2532/2495 1892/2477/2439
f 2142/2478/2440 2143/2347/2304 1868/2479/2441
f 2146/2350/2307 2142/2478/2440 1869/2480/2442
f 2146/2350/2307 1905/2481/2443 1861/2482/2444
f 1861/2482/2444 1862/3577/4572 2109/2483/2445
f 2049/2321/2277 2214/2446/2406 1841/2449/2409
f 2191/2420/2446 2094/2308/2262 1819/2434/2394
f 2199/2484/2447 1824/2533/2496 2192/2485/2448
f 2196/2425/2385 1918/2512/2475 2082/2295/2249
f 2220/2486/2449 2193/2421/2381 1927/2438/2398
f 1920/2149/2099 1883/2120/2070 2194/2426/2386
f 2196/2425/2385 2197/2424/2384 1877/2114/2064
f 2198/2427/2387 2194/2426/2386 1883/2120/2070
f 1929/2156/2106 1864/2106/2056 2199/2484/2447
f 2202/2487/2450 1895/2127/2077 1896/2129/2079
f 1902/2133/2083 1876/2115/2065 2204/2432/2392
f 1819/2434/2394 2206/2433/2393 1906/2137/2087
f 2202/2487/2450 2225/2550/2514 1911/2488/2451
f 2206/2433/2393 1825/2071/2017 1822/2073/2019
f 2209/2436/2396 1913/2144/2094 1901/2134/2084
f 1927/2438/2398 2193/2421/2381 2090/2304/2258
f 1914/2143/2093 1904/2132/2082 1901/2134/2084
f 1915/2490/2453 1894/2126/2076 1843/2087/2033
f 1944/2173/2123 1904/2172/2122 1914/2491/2454
f 2227/2492/2455 1973/2206/2156 1974/2208/2158
f 2229/2494/2457 2000/2227/2178 2001/2229/2180
f 1844/2099/2047 2034/2256/2208 2230/2496/2459
f 2231/2497/2460 2224/2462/2424 2129/2337/2294
f 2034/2256/2208 2000/2227/2178 2229/2494/2457
f 2232/2498/2461 2228/2495/2458 2001/2229/2180
f 2160/2391/2349 2233/2499/2462 2231/2497/2460
f 2179/2413/2372 2234/2607/2571 2233/2499/2462
f 2227/2492/2455 2232/2498/2461 2149/2360/2317
f 2226/2493/2456 1974/2208/2158 2189/2406/2364
f 2209/2436/2396 2207/2435/2395 2189/2406/2364
f 2129/2337/2294 2224/2462/2424 1894/2464/2426
f 1913/2144/2094 2209/2436/2396 2201/2429/2389
f 1847/2091/2037 1899/2130/2080 1916/2145/2095
f 1903/2500/2463 1879/2113/2063 1876/2115/2065
f 1942/2412/2371 1879/2168/2118 1903/2501/2464
f 2236/2502/2465 2227/2492/2455 2226/2493/2456
f 2238/2504/2467 2229/2494/2457 2228/2495/2458
f 2239/2506/2469 1833/2090/2036 1848/2489/2452
f 2126/2335/2292 2127/2336/2293 2128/2338/2295
f 2238/2504/2467 2239/2506/2469 2230/2496/2459
f 2228/2495/2458 2232/2498/2461 2240/2507/2470
f 2158/2368/2325 2159/2370/2327 2127/2336/2293
f 2177/2388/2346 2178/2390/2348 2159/2370/2327
f 2236/2502/2465 2240/2507/2470 2232/2498/2461
f 2235/2503/2466 2226/2493/2456 2207/2435/2395
f 1944/2173/2123 2178/2390/2348 2177/2388/2346
f 2203/2430/2390 2207/2435/2395 2208/2437/2397
f 2125/2333/2290 2128/2338/2295 1916/2474/2436
f 2208/2437/2397 1901/2134/2084 1902/2133/2083
f 1878/2509/2472 1873/2109/2059 1870/2111/2061
f 1831/2079/2025 1881/2117/2067 1900/2131/2081
f 1941/2169/2119 1940/2167/2117 1873/2166/2116
f 1983/2217/2168 2236/2502/2465 2235/2503/2466
f 2238/2504/2467 2237/2505/2468 2058/2277/2230
f 2020/2245/2197 1832/2078/2024 1833/2090/2036
f 2123/2334/2291 2124/2472/2434 2121/2469/2431
f 2019/2246/2198 2020/2245/2197 2239/2506/2469
f 2237/2505/2468 2240/2507/2470 1984/2216/2167
f 2157/2369/2326 2123/2334/2291 2122/2330/2287
f 2175/2411/2370 2176/2389/2347 2157/2369/2326
f 1983/2217/2168 1984/2216/2167 2240/2507/2470
f 2080/2296/2250 2235/2503/2466 2203/2430/2390
f 1941/2169/2119 1942/2412/2371 2176/2389/2347
f 2079/2297/2251 2203/2430/2390 2204/2432/2392
f 1881/2510/2473 2121/2469/2431 2124/2472/2434
f 2197/2424/2384 2204/2432/2392 1876/2115/2065
f 1872/2511/2474 1922/3576/4568 1917/2147/2097
f 1918/2512/2475 2196/2425/2385 1870/2111/2061
f 1923/2151/2101 1924/2150/2100 1882/2513/2476
f 1938/2162/2112 1922/2164/2114 1872/2514/2477
f 1985/2515/2478 1986/2215/2166 2242/2516/2479
f 2021/2267/2219 2022/2244/2196 2244/2518/2481
f 2047/2458/2420 2021/2267/2219 2243/2519/2482
f 1985/2515/2478 2241/2517/2480 2245/2521/2484
f 2082/2295/2249 2247/2524/2487 2246/2522/2485
f 2118/2365/2322 2119/2332/2289 2120/2331/2288
f 2245/2521/2484 2244/2518/2481 2022/2244/2196
f 2154/2386/2344 2155/2366/2323 2119/2332/2289
f 2173/2523/2486 2174/2387/2345 2155/2366/2323
f 2246/2522/2485 2242/2516/2479 1986/2215/2166
f 1940/2167/2117 2174/2387/2345 2173/2523/2486
f 1923/2151/2101 2047/2458/2420 1829/2520/2483
f 2120/2331/2288 1882/2470/2432 1924/2467/2429
f 2082/2295/2249 1918/2512/2475 1919/2146/2096
f 1837/2455/2415 1834/2080/2026 1827/2076/2022
f 1827/2076/2022 1874/3575/4567 1925/2525/2488
f 1920/2149/2099 1921/2148/2098 1886/2118/2068
f 1921/2163/2113 1937/2410/2369 1947/2176/2126
f 2242/2516/2479 2246/2522/2485 1966/2403/2361
f 1993/2355/2312 2244/2518/2481 2245/2521/2484
f 2102/2314/2268 1829/2520/2483 2243/2519/2482
f 2114/2526/2489 2115/2327/2284 2116/2329/2286
f 2028/2249/2201 2243/2519/2482 2244/2518/2481
f 2245/2521/2484 2241/2517/2480 2066/2283/2236
f 2152/2362/2319 2153/2364/2321 2115/2327/2284
f 2171/2383/2341 2172/2385/2343 2153/2364/2321
f 2065/2281/2234 2241/2517/2480 2242/2516/2479
f 2246/2522/2485 2247/2524/2487 2089/2301/2255
f 1937/2410/2369 1938/2162/2112 2172/2385/2343
f 2088/2423/2383 2247/2524/2487 1919/2146/2096
f 2113/2325/2282 2116/2329/2286 1925/2468/2430
f 2195/2422/2382 1919/2146/2096 1917/2147/2097
f 2107/2319/2273 1890/2125/2075 1839/2085/2031
f 1891/2527/2490 1934/2157/2107 1838/2083/2029
f 1930/2528/2491 1866/2105/2055 1864/2106/2056
f 1930/2183/2133 1949/2182/2132 1952/2416/2375
f 1972/2401/2359 2211/2442/2402 2218/2448/2408
f 1999/2224/2175 2213/2444/2404 2216/2447/2407
f 2215/2530/2493 2212/2445/2405 2032/2255/2207
f 2068/2358/2315 2217/2453/2413 2210/2443/2403
f 2219/2454/2414 2220/2486/2449 2092/2305/2259
f 2103/2456/2416 2214/2446/2406 2215/2530/2493
f 2140/2344/2301 2133/2341/2298 2134/2343/2300
f 2032/2255/2207 2212/2445/2405 2213/2444/2404
f 1998/2529/2492 2216/2447/2407 2217/2453/2413
f 2165/2376/2333 2162/2373/2330 2133/2341/2298
f 2184/2531/2494 2181/2393/2351 2162/2373/2330
f 2067/2285/2238 2210/2443/2403 2211/2442/2402
f 1971/2204/2154 2218/2448/2408 2219/2454/2414
f 2184/2531/2494 1949/2182/2132 1950/2414/2373
f 2092/2305/2259 2220/2486/2449 1928/2152/2102
f 1840/2084/2030 1841/2449/2409 2214/2446/2406
f 2139/2476/2438 2134/2343/2300 1934/2475/2437
f 2200/2428/2388 1928/2152/2102 1926/2154/2104
f 1824/2533/2496 2199/2484/2447 1864/2106/2056
f 1865/2534/2497 1912/2142/2092 1822/2073/2019
f 1892/2124/2074 1890/2125/2075 1867/2535/2498
f 1865/2186/2136 1951/2185/2135 1954/2189/2139
f 1963/2408/2367 1981/2402/2360 2071/2288/2241
f 2016/2536/2499 2017/2240/2191 2011/2537/2500
f 2041/2261/2213 2105/2317/2271 2045/2265/2217
f 2056/2382/2340 2072/2361/2318 2010/2237/2188
f 2078/2419/2379 2100/2407/2365 1980/2212/2162
f 2105/2317/2271 1856/2098/2046 2108/2457/2417
f 2040/2356/2313 2041/2261/2213 2046/2322/2279
f 2143/2347/2304 2144/2349/2306 2137/2346/2303
f 2055/2273/2225 2010/2237/2188 2011/2537/2500
f 2164/2375/2332 2137/2346/2303 2144/2349/2306
f 1962/2198/2148 2071/2288/2241 2072/2361/2318
f 2167/2378/2335 2186/2396/2354 2183/2395/2353
f 2077/2292/2245 1980/2212/2162 1981/2402/2360
f 1952/2416/2375 2183/2395/2353 2186/2396/2354
f 2192/2485/2448 2099/2312/2266 2100/2407/2365
f 1856/2098/2046 1855/2097/2045 1867/2535/2498
f 2138/2345/2302 1892/2477/2439 1868/2479/2441
f 1824/2533/2496 1825/2071/2017 2099/2312/2266
f 2248/2538/2501 1853/2653/2625 2250/2539/2502
f 2222/2541/2504 1854/2095/4573 1842/2088/2034
f 1911/2488/2451 2252/2551/2515 2251/2543/2506
f 2008/2233/2184 2255/2557/2522 2254/2544/2507
f 2258/2546/2509 2257/2559/2524 2256/2547/2510
f 2261/2548/2511 2260/2562/2527 2259/2549/2512
f 2225/2550/2514 2262/2564/2529 2252/2551/2515
f 2249/2540/2503 2250/2539/2502 2264/2552/2516
f 2252/2551/2515 2266/2566/2531 2265/2554/2518
f 2269/2555/2519 2268/2644/2611 2267/2556/2520
f 2255/2557/2522 2271/2645/2612 2270/2558/2523
f 2257/2559/2524 2273/2646/2613 2272/2560/2525
f 2274/2561/2526 2269/2555/2614 2259/2549/2512
f 2276/2563/2528 2275/2647/2615 2262/2564/2529
f 2262/2564/2529 2275/2647/2615 2266/2566/2531
f 2281/2567/2532 2280/2636/2604 2279/2568/2533
f 2284/2570/2535 2283/2634/2602 2282/2571/2536
f 2288/2573/2538 2287/2637/2539 2286/2574/2539
f 2292/2576/2541 2291/2638/2605 2290/2577/2542
f 2295/2579/2544 2294/2639/2606 2284/2570/2545
f 2296/2580/2547 2299/2600/2565 2298/2581/2548
f 2300/2583/2550 2303/2635/2603 2302/2584/2551
f 2306/2586/2553 2305/2601/2566 2304/2587/2554
f 2309/2589/2556 2308/2606/2570 2306/2586/2553
f 2312/2590/2557 2311/2604/1914 2310/2591/1913
f 2316/2593/1915 2315/2605/1917 2314/2594/2559
f 2320/2596/2561 2319/2603/2569 2318/2597/2562
f 1908/2599/2564 1909/2138/2088 2299/2600/2565
f 1815/1996/1922 2322/2066/2012 2301/2585/2552
f 2301/2585/2552 2302/2584/2551 1801/2061/2000
f 1332/1998/1924 1334/1999/1925 2305/2601/2566
f 2325/2000/1926 2324/2002/1928 2323/2602/2567
f 2312/2590/2557 2327/2067/2013 2326/2003/1929
f 2316/2593/1915 2329/2065/2011 2328/2004/1930
f 2320/2596/2561 2330/2655/2632 2325/2000/1931
f 1816/2005/1932 2331/2009/1936 2308/2606/2570
f 2308/2606/2570 2332/2631/2599 1794/2059/1993
f 2306/2586/2553 2308/2606/2570 2331/2009/1936
f 1814/2008/1935 1332/1998/1924 2306/2586/2553
f 1945/2174/2124 1935/2175/2125 2234/2607/2571
f 2231/2497/2460 2333/2611/4574 2221/2460/2572
f 2334/2608/2573 2333/2611/4574 2231/2497/2460
f 2234/2607/2571 2335/2609/2574 2334/2608/2573
f 1935/2175/2125 1936/2159/2109 2335/2609/2574
f 1898/2161/2575 1910/2615/2584 2336/2610/2576
f 2336/2610/2576 2337/2612/2579 2335/2609/2581
f 2223/2461/2423 2339/2616/2585 2338/2613/2582
f 2251/2614/2583 2340/2617/2586 2336/2610/2576
f 2337/2612/2579 2341/2625/1954 2339/2616/2585
f 2340/2617/2586 2341/2625/1954 2337/2612/2579
f 1753/2031/1963 1751/3572/4564 1908/2621/2590
f 2305/2624/2593 1334/2033/1965 1754/2032/1964
f 1754/2032/1964 1752/3573/1954 2341/2625/1954
f 2345/2626/2594 2344/2630/2598 2343/2627/2595
f 2346/2629/2597 2347/2642/2609 2344/2630/2598
f 2309/2589/2556 2348/2643/2610 2332/2631/2599
f 2349/2632/2600 2318/2597/4575 2319/2603/2568
f 2351/2633/2601 2350/2651/2619 2282/2571/2536
f 2303/2635/2603 2300/2583/2550 2279/2568/2533
f 2284/2570/2535 2318/2597/4575 2349/2632/2600
f 2313/2592/2558 2310/2591/1913 2287/2637/2539
f 2291/2638/2605 2292/2576/2541 2317/2595/2560
f 2321/2598/2563 2318/2597/2562 2284/2570/2545
f 2297/2582/2549 2298/2581/2548 2352/2640/2607
f 2344/2630/2598 2307/2588/2555 2304/2587/2554
f 2347/2642/2609 2309/2589/2556 2307/2588/2555
f 2348/2643/2610 2309/2589/2556 2347/2642/2609
f 2281/2567/2532 2278/2569/2534 2263/2553/2517
f 2266/2566/2531 2345/2626/2594 2342/2628/2596
f 2285/2572/2537 2282/2571/2536 2268/2644/2611
f 2289/2575/2540 2286/2574/2539 2270/2558/2523
f 2273/2646/2613 2293/2578/2543 2290/2577/2542
f 2274/2561/2526 2295/2579/2544 2285/2572/2546
f 2276/2563/2528 2350/2651/2619 2346/2629/2597
f 2275/2647/2615 2346/2629/2597 2345/2626/2594
f 2354/2650/2618 1854/2095/4573 2222/2541/2504
f 2254/2544/2507 2270/2558/2523 2274/2561/2526
f 2286/2574/2539 2287/2637/2539 2294/2639/2606
f 2321/2598/2563 2310/2591/1913 2311/2604/1914
f 2294/2639/2606 2287/2637/2539 2310/2591/1913
f 2270/2558/2523 2286/2574/2539 2295/2579/2544
f 2249/2540/2503 2263/2553/2517 2273/2646/2613
f 2293/2578/2543 2278/2569/2534 2279/2568/2533
f 2317/2595/2560 2300/2583/2550 2301/2585/2552
f 2341/2625/1954 1752/3573/1954 1753/2031/1963
f 2292/2576/2541 2279/2568/2533 2300/2583/2550
f 2263/2553/2517 2278/2569/2534 2293/2578/2543
f 2271/2645/2612 2255/2557/2522 2256/2547/2510
f 2289/2575/2540 2290/2577/2542 2291/2638/2605
f 2313/2592/2558 2314/2594/2559 2315/2605/1917
f 2288/2573/2538 2291/2638/2605 2314/2594/2559
f 2272/2560/2525 2290/2577/2542 2289/2575/2540
f 2267/2556/2520 2268/2644/2611 2276/2563/2528
f 1794/2059/1993 2332/2631/2599 2323/2602/2567
f 2348/2643/2610 2349/2632/2600 2323/2602/2567
f 2347/2642/2609 2346/2629/2597 2350/2651/2619
f 2283/2634/2602 2349/2632/2600 2348/2643/2610
f 2268/2644/2611 2282/2571/2536 2350/2651/2619
f 2250/2539/2502 2354/2650/2626 2353/2649/2620
f 2352/2640/2621 2298/2581/2623 2280/2636/2604
f 2303/2635/2603 2299/2600/4576 1909/2138/2622
f 2302/2584/2551 1909/2138/2622 1333/1538/1999
f 2298/2581/2623 2299/2600/4576 2303/2635/2603
f 2264/2552/2516 2353/2649/2620 2352/2640/2621
f 2355/2652/2624 2277/2565/2530 2262/2564/2529
f 2097/2310/2264 2267/2556/2520 2277/2565/2530
f 2097/2310/2264 2098/2309/2263 2259/2549/2521
f 2260/2562/2527 2261/2548/2511 2253/2545/2508
f 2255/2557/2522 2008/2233/2184 2009/2235/2186
f 2257/2559/2524 2258/2546/2509 2248/2538/2501
f 1853/2653/2625 1854/2095/2041 2354/2650/2626
f 2355/2652/2624 2225/2550/2514 2202/2487/2450
f 2097/2310/2264 2355/2652/2624 2190/2405/2363
f 2261/2548/2511 2098/2309/2513 1976/2654/2627
f 2002/2228/2629 2008/2233/2184 2253/2545/2508
f 2035/2258/2630 2258/2546/2509 2009/2235/2186
f 2258/2546/2509 2035/2258/2630 2036/2257/2631
f 1845/2086/2042 1853/2653/2625 2248/2538/2501
f 2320/2596/2561 2311/2604/1914 2326/2003/1929
f 2329/2065/2011 2316/2593/1915 2301/2585/2552
f 2327/2067/2013 2312/2590/2557 2315/2605/1917
f 2447/2656/2633 2468/2660/2637 2404/2657/2634
f 2371/2659/2636 2420/2664/2641 2468/2660/2637
f 2448/2661/2638 2398/2694/2671 2405/2662/2639
f 2371/2659/2636 2448/2661/2638 2469/2663/2640
f 2395/2665/2642 2449/2668/2645 2470/2666/2643
f 2449/2668/2645 2372/2672/2649 2421/2669/2646
f 2397/2658/2635 2404/2657/2634 2471/2670/2647
f 2372/2672/2649 2450/2671/2648 2471/2670/2647
f 2435/2673/2650 2386/2756/2731 2407/2674/2651
f 2505/2676/2653 2506/2833/2801 2472/2675/2652
f 2422/2677/2654 2365/2758/2733 2435/2673/2650
f 2472/2675/2652 2506/2833/2801 2507/2678/2655
f 2473/2679/2656 2508/2834/2802 2509/2680/2657
f 2507/2678/2655 2508/2834/2802 2473/2679/2656
f 2384/2682/2659 2436/2683/2660 2473/2679/2656
f 2436/2683/2660 2365/2758/2733 2422/2677/2654
f 2474/2684/2661 2431/2736/2711 2385/2685/2662
f 2501/2687/2664 2502/2690/2667 2474/2684/2661
f 2363/2688/2665 2431/2736/2711 2474/2684/2661
f 2502/2690/2667 2503/2692/2669 2423/2689/2666
f 2475/2691/2668 2504/2835/2803 2505/2676/2653
f 2503/2692/2669 2504/2835/2803 2475/2691/2668
f 2407/2674/2651 2386/2756/2731 2432/2693/2670
f 2475/2691/2668 2432/2693/2670 2363/2688/2665
f 2398/2694/2671 2451/2696/2673 2476/2695/2672
f 2451/2696/2673 2373/2701/2678 2424/2697/2674
f 2396/2698/2675 2410/3578/2771 2477/2699/2676
f 2452/2700/2677 2477/2699/2676 2424/2697/2674
f 2460/2702/2679 2425/2706/2683 2380/2703/2680
f 2376/2705/2682 2360/2710/2687 2425/2706/2683
f 2461/2707/2684 2402/2712/2689 2381/2708/2685
f 2461/2707/2684 2426/2709/2686 2360/2710/2687
f 2462/2711/2688 2427/2714/2691 2381/2708/2685
f 2377/2713/2690 2361/2718/2695 2427/2714/2691
f 2463/2715/2692 2400/2837/2779 2382/2716/2693
f 2377/2713/2690 2463/2715/2692 2428/2717/2694
f 2482/2719/2696 2419/2746/2721 2383/2720/2697
f 2459/2722/2699 2482/2719/2696 2429/2721/2698
f 2491/2724/2701 2490/2743/2718 2387/2725/2702
f 2437/2726/2703 2366/2827/2795 2492/2727/2704
f 2384/2728/2659 2430/2731/2707 2493/2729/2705
f 2362/2723/2700 2492/2727/2704 2493/2729/2705
f 2430/2731/2707 2384/2728/2659 2408/2732/2658
f 2459/2722/2699 2362/2723/2700 2430/2731/2707
f 2385/2685/2662 2431/2736/2711 2485/2734/2709
f 2363/2688/2665 2484/2829/2797 2485/2734/2709
f 2440/2737/2712 2499/2741/2716 2498/2738/2713
f 2367/2740/2715 2484/2829/2797 2499/2741/2716
f 2383/2720/2697 2433/2745/2720 2489/2742/2717
f 2364/2744/2719 2488/2754/2729 2489/2742/2717
f 2433/2745/2720 2383/2720/2697 2419/2746/2721
f 2364/2744/2719 2433/2745/2720 2481/2747/2722
f 2434/2749/2724 2480/2750/2725 2409/2686/2663
f 2364/2744/2719 2458/2748/2723 2480/2750/2725
f 2487/2751/2726 2486/2735/2710 2390/2752/2727
f 2488/2754/2729 2487/2751/2726 2442/2753/2728
f 2386/2756/2731 2435/2673/2650 2497/2757/2732
f 2365/2758/2733 2496/2762/2736 2497/2757/2732
f 2444/2759/2734 2495/2832/2800 2494/2760/2706
f 2496/2762/2736 2495/2832/2800 2444/2759/2734
f 2358/2764/2738 2411/2768/2742 2530/2765/2739
f 2388/2767/2741 2531/2838/2805 2530/2765/2739
f 2516/2769/2743 2412/2772/2746 2359/2770/2744
f 2516/2769/2743 2531/2838/2805 2388/2767/2741
f 2524/2773/2747 2414/2777/2751 2357/2774/2748
f 2524/2773/2747 2523/2839/2806 2392/2776/2750
f 2356/2778/2752 2413/2781/2755 2522/2779/2753
f 2392/2776/2750 2523/2839/2806 2522/2779/2753
f 2358/2764/2738 2529/2766/2740 2528/2782/2756
f 2528/2782/2756 2527/2840/2807 2393/2784/2758
f 2526/2785/2759 2525/2775/2749 2357/2774/2748
f 2393/2784/2758 2527/2840/2807 2526/2785/2759
f 2356/2778/2752 2521/2780/2754 2520/2787/2761
f 2520/2787/2761 2519/2793/2765 2394/2789/2763
f 2417/2790/2764 2518/2841/2808 2517/2791/2745
f 2519/2793/2765 2518/2841/2808 2417/2790/2764
f 2358/2764/2738 2395/2665/2642 2445/2794/2766
f 2411/2768/2742 2445/2794/2766 2370/2795/2767
f 2445/2794/2766 2395/2665/2642 2406/2667/2644
f 2370/2795/2767 2445/2794/2766 2478/2796/2768
f 2446/2798/2770 2479/2801/2772 2410/2799/2771
f 2370/2795/2767 2453/2797/2769 2479/2801/2772
f 2446/2798/2770 2396/2800/2675 2359/2770/2744
f 2388/2767/2741 2370/2795/2767 2446/2798/2770
f 2414/2777/2751 2447/2656/2633 2397/2658/2635
f 2371/2659/2636 2447/2656/2633 2414/2777/2751
f 2356/2778/2752 2398/2694/2671 2448/2661/2638
f 2448/2661/2638 2371/2659/2636 2392/2776/2750
f 2449/2668/2645 2395/2665/2642 2358/2764/2738
f 2372/2672/2649 2449/2668/2645 2416/2783/2757
f 2357/2774/2748 2397/2658/2635 2450/2671/2648
f 2415/2786/2760 2450/2671/2648 2372/2672/2649
f 2451/2696/2673 2398/2694/2671 2356/2778/2752
f 2394/2789/2763 2373/2701/2678 2451/2696/2673
f 2359/2792/2744 2396/2698/2675 2452/2700/2677
f 2417/2790/2764 2452/2700/2677 2373/2701/2678
f 2454/2802/2773 2399/2816/2786 2403/2803/2774
f 2374/2805/2776 2454/2802/2773 2464/2804/2775
f 2455/2807/2778 2465/2810/2780 2382/2808/2693
f 2374/2805/2776 2378/2806/2777 2465/2810/2780
f 2456/2811/2781 2401/2704/2681 2380/2703/2680
f 2375/2813/2783 2456/2811/2781 2466/2812/2782
f 2457/2815/2785 2467/2817/2787 2403/2803/2774
f 2375/2813/2783 2379/2814/2784 2467/2817/2787
f 2480/2750/2725 2500/2819/2789 2501/2687/2664
f 2480/2750/2725 2458/2748/2723 2515/2818/2788
f 2419/2746/2721 2513/2821/2791 2514/2820/2790
f 2481/2747/2722 2514/2820/2790 2515/2818/2788
f 2482/2719/2696 2512/2836/2804 2513/2821/2791
f 2511/2822/2792 2512/2836/2804 2482/2719/2696
f 2509/2823/2657 2510/2824/2793 2483/2733/2708
f 2511/2822/2792 2459/2722/2699 2483/2733/2708
f 2491/2724/2701 2429/2721/2698 2383/2720/2697
f 2362/2723/2700 2429/2721/2698 2491/2724/2701
f 2389/2825/2735 2494/2730/2706 2493/2729/2705
f 2438/2826/2794 2493/2729/2705 2492/2727/2704
f 2439/2828/2796 2390/2752/2727 2486/2735/2710
f 2439/2828/2796 2485/2734/2709 2484/2829/2797
f 2499/2741/2716 2432/2693/2670 2386/2756/2731
f 2363/2688/2665 2432/2693/2670 2499/2741/2716
f 2441/2830/2798 2387/2725/2702 2490/2743/2718
f 2441/2830/2798 2489/2742/2717 2488/2754/2729
f 2385/2685/2662 2486/2735/2710 2487/2751/2726
f 2488/2754/2729 2364/2744/2719 2434/2749/2724
f 2443/2831/2799 2391/2739/2714 2498/2738/2713
f 2443/2831/2799 2497/2757/2732 2496/2762/2736
f 2495/2832/2800 2436/2683/2660 2384/2682/2659
f 2365/2758/2733 2436/2683/2660 2495/2832/2800
f 2399/2816/2786 2454/2802/2773 2506/2833/2801
f 2374/2805/2776 2507/2678/2655 2506/2833/2801
f 2508/2834/2802 2455/2807/2778 2400/2809/2779
f 2374/2805/2776 2455/2807/2778 2508/2834/2802
f 2401/2704/2681 2456/2811/2781 2502/2690/2667
f 2456/2811/2781 2375/2813/2783 2503/2692/2669
f 2504/2835/2803 2457/2815/2785 2399/2816/2786
f 2375/2813/2783 2457/2815/2785 2504/2835/2803
f 2500/2819/2789 2460/2702/2679 2401/2704/2681
f 2376/2705/2682 2460/2702/2679 2500/2819/2789
f 2513/2821/2791 2402/2712/2689 2461/2707/2684
f 2461/2707/2684 2376/2705/2682 2515/2818/2788
f 2512/2836/2804 2462/2711/2688 2402/2712/2689
f 2511/2822/2792 2377/2713/2690 2462/2711/2688
f 2400/2837/2779 2463/2715/2692 2510/2824/2793
f 2510/2824/2793 2463/2715/2692 2377/2713/2690
f 2387/2725/2702 2529/2766/2740 2530/2765/2739
f 2366/2827/2795 2437/2726/2703 2530/2765/2739
f 2389/2825/2735 2438/2826/2794 2516/2769/2743
f 2366/2827/2795 2531/2838/2805 2516/2769/2743
f 2390/2752/2727 2439/2828/2796 2524/2773/2747
f 2367/2740/2715 2523/2839/2806 2524/2773/2747
f 2391/2739/2714 2521/2780/2754 2522/2779/2753
f 2367/2740/2715 2440/2737/2712 2522/2779/2753
f 2387/2725/2702 2441/2830/2798 2528/2782/2756
f 2368/2755/2730 2527/2840/2807 2528/2782/2756
f 2526/2785/2759 2442/2753/2728 2390/2752/2727
f 2368/2755/2730 2442/2753/2728 2526/2785/2759
f 2521/2780/2754 2391/2739/2714 2443/2831/2799
f 2369/2763/2737 2519/2793/2765 2520/2787/2761
f 2518/2841/2808 2444/2759/2734 2389/2761/2735
f 2369/2763/2737 2444/2759/2734 2518/2841/2808
f 2624/2857/2633 2645/2861/2637 2581/2858/2810
f 2548/2860/2811 2597/2865/2641 2645/2861/2637
f 2625/2862/2812 2575/2895/2671 2582/2863/2813
f 2548/2860/2811 2625/2862/2812 2646/2864/2640
f 2572/2866/2642 2626/2869/2645 2647/2867/2643
f 2626/2869/2645 2549/2873/2649 2598/2870/2646
f 2574/2859/2635 2581/2858/2810 2648/2871/2647
f 2549/2873/2649 2627/2872/2814 2648/2871/2647
f 2612/2874/2650 2563/2957/2731 2584/2875/2651
f 2682/2877/2653 2683/3034/2801 2649/2876/2652
f 2599/2878/2815 2542/2959/2733 2612/2874/2650
f 2649/2876/2652 2683/3034/2801 2684/2879/2655
f 2650/2880/2656 2685/3035/2802 2686/2881/2657
f 2684/2879/2655 2685/3035/2802 2650/2880/2656
f 2561/2883/2659 2613/2884/2660 2650/2880/2656
f 2613/2884/2660 2542/2959/2733 2599/2878/2815
f 2651/2885/2816 2608/2937/2822 2562/2886/2662
f 2678/2888/2817 2679/2891/2667 2651/2885/2816
f 2540/2889/2665 2608/2937/2822 2651/2885/2816
f 2679/2891/2667 2680/2893/2669 2600/2890/2666
f 2652/2892/2668 2681/3036/2803 2682/2877/2653
f 2680/2893/2669 2681/3036/2803 2652/2892/2668
f 2584/2875/2651 2563/2957/2731 2609/2894/2670
f 2652/2892/2668 2609/2894/2670 2540/2889/2665
f 2575/2895/2671 2628/2897/2673 2653/2896/2672
f 2628/2897/2673 2550/2902/2678 2601/2898/2674
f 2573/2899/2675 2587/3579/2832 2654/2900/2676
f 2629/2901/2677 2654/2900/2676 2601/2898/2674
f 2637/2903/2679 2602/2907/2683 2557/2904/2680
f 2553/2906/2682 2537/2911/2687 2602/2907/2683
f 2638/2908/2684 2579/2913/2689 2558/2909/2685
f 2638/2908/2684 2603/2910/2686 2537/2911/2687
f 2639/2912/2818 2604/2915/2691 2558/2909/2685
f 2554/2914/2690 2538/2919/2695 2604/2915/2691
f 2640/2916/2692 2577/3038/2779 2559/2917/2693
f 2554/2914/2690 2640/2916/2692 2605/2918/2694
f 2659/2920/2819 2596/2947/2823 2560/2921/2697
f 2636/2923/2699 2659/2920/2819 2606/2922/2698
f 2668/2925/2701 2667/2944/2718 2564/2926/2702
f 2614/2927/2703 2543/3028/2836 2669/2928/2704
f 2561/2929/2659 2607/2932/2707 2670/2930/2705
f 2539/2924/2820 2669/2928/2704 2670/2930/2705
f 2607/2932/2707 2561/2929/2659 2585/2933/2658
f 2636/2923/2699 2539/2924/2820 2607/2932/2707
f 2562/2886/2662 2608/2937/2822 2662/2935/2709
f 2540/2889/2665 2661/3030/2797 2662/2935/2709
f 2617/2938/2712 2676/2942/2716 2675/2939/2713
f 2544/2941/2715 2661/3030/2797 2676/2942/2716
f 2560/2921/2697 2610/2946/2720 2666/2943/2717
f 2541/2945/2719 2665/2955/2825 2666/2943/2717
f 2610/2946/2720 2560/2921/2697 2596/2947/2823
f 2541/2945/2719 2610/2946/2720 2658/2948/2722
f 2611/2950/2724 2657/2951/2725 2586/2887/2663
f 2541/2945/2719 2635/2949/2723 2657/2951/2725
f 2664/2952/2726 2663/2936/2710 2567/2953/2727
f 2665/2955/2825 2664/2952/2726 2619/2954/2824
f 2563/2957/2731 2612/2874/2650 2674/2958/2732
f 2542/2959/2733 2673/2963/2736 2674/2958/2732
f 2621/2960/2734 2672/3033/2800 2671/2961/2706
f 2673/2963/2736 2672/3033/2800 2621/2960/2734
f 2535/2965/2826 2588/2969/2742 2707/2966/2739
f 2565/2968/2741 2708/3039/2805 2707/2966/2739
f 2693/2970/2743 2589/2973/2746 2536/2971/2744
f 2693/2970/2743 2708/3039/2805 2565/2968/2741
f 2701/2974/2747 2591/2978/2751 2534/2975/2827
f 2701/2974/2747 2700/3040/2806 2569/2977/2750
f 2533/2979/2752 2590/2982/2755 2699/2980/2753
f 2569/2977/2750 2700/3040/2806 2699/2980/2753
f 2535/2965/2826 2706/2967/2740 2705/2983/2756
f 2705/2983/2756 2704/3041/2807 2570/2985/2758
f 2703/2986/2759 2702/2976/2749 2534/2975/2827
f 2570/2985/2758 2704/3041/2807 2703/2986/2759
f 2533/2979/2752 2698/2981/2828 2697/2988/2761
f 2697/2988/2761 2696/2994/2765 2571/2990/2763
f 2594/2991/2764 2695/3042/2808 2694/2992/2745
f 2696/2994/2765 2695/3042/2808 2594/2991/2764
f 2535/2965/2826 2572/2866/2642 2622/2995/2831
f 2588/2969/2742 2622/2995/2831 2547/2996/2767
f 2622/2995/2831 2572/2866/2642 2583/2868/2644
f 2547/2996/2767 2622/2995/2831 2655/2997/2768
f 2623/2999/2770 2656/3002/2772 2587/3000/2832
f 2547/2996/2767 2630/2998/2769 2656/3002/2772
f 2623/2999/2770 2573/3001/2675 2536/2971/2744
f 2565/2968/2741 2547/2996/2767 2623/2999/2770
f 2591/2978/2751 2624/2857/2633 2574/2859/2635
f 2548/2860/2811 2624/2857/2633 2591/2978/2751
f 2533/2979/2752 2575/2895/2671 2625/2862/2812
f 2625/2862/2812 2548/2860/2811 2569/2977/2750
f 2626/2869/2645 2572/2866/2642 2535/2965/2826
f 2549/2873/2649 2626/2869/2645 2593/2984/2829
f 2534/2975/2827 2574/2859/2635 2627/2872/2814
f 2592/2987/2830 2627/2872/2814 2549/2873/2649
f 2628/2897/2673 2575/2895/2671 2533/2979/2752
f 2571/2990/2763 2550/2902/2678 2628/2897/2673
f 2536/2993/2744 2573/2899/2675 2629/2901/2677
f 2594/2991/2764 2629/2901/2677 2550/2902/2678
f 2631/3003/2833 2576/3017/2786 2580/3004/2774
f 2551/3006/2776 2631/3003/2833 2641/3005/2775
f 2632/3008/2778 2642/3011/2780 2559/3009/2693
f 2551/3006/2776 2555/3007/2777 2642/3011/2780
f 2633/3012/2781 2578/2905/2681 2557/2904/2680
f 2552/3014/2783 2633/3012/2781 2643/3013/2782
f 2634/3016/2785 2644/3018/2787 2580/3004/2774
f 2552/3014/2783 2556/3015/2784 2644/3018/2787
f 2657/2951/2725 2677/3020/2789 2678/2888/2817
f 2657/2951/2725 2635/2949/2723 2692/3019/2788
f 2596/2947/2823 2690/3022/2834 2691/3021/2790
f 2658/2948/2722 2691/3021/2790 2692/3019/2788
f 2659/2920/2819 2689/3037/2837 2690/3022/2834
f 2688/3023/2792 2689/3037/2837 2659/2920/2819
f 2686/3024/2657 2687/3025/2793 2660/2934/2821
f 2688/3023/2792 2636/2923/2699 2660/2934/2821
f 2668/2925/2701 2606/2922/2698 2560/2921/2697
f 2539/2924/2820 2606/2922/2698 2668/2925/2701
f 2566/3026/2735 2671/2931/2706 2670/2930/2705
f 2615/3027/2835 2670/2930/2705 2669/2928/2704
f 2616/3029/2796 2567/2953/2727 2663/2936/2710
f 2616/3029/2796 2662/2935/2709 2661/3030/2797
f 2676/2942/2716 2609/2894/2670 2563/2957/2731
f 2540/2889/2665 2609/2894/2670 2676/2942/2716
f 2618/3031/2798 2564/2926/2702 2667/2944/2718
f 2618/3031/2798 2666/2943/2717 2665/2955/2825
f 2562/2886/2662 2663/2936/2710 2664/2952/2726
f 2665/2955/2825 2541/2945/2719 2611/2950/2724
f 2620/3032/2799 2568/2940/2714 2675/2939/2713
f 2620/3032/2799 2674/2958/2732 2673/2963/2736
f 2672/3033/2800 2613/2884/2660 2561/2883/2659
f 2542/2959/2733 2613/2884/2660 2672/3033/2800
f 2576/3017/2786 2631/3003/2833 2683/3034/2801
f 2551/3006/2776 2684/2879/2655 2683/3034/2801
f 2685/3035/2802 2632/3008/2778 2577/3010/2779
f 2551/3006/2776 2632/3008/2778 2685/3035/2802
f 2578/2905/2681 2633/3012/2781 2679/2891/2667
f 2633/3012/2781 2552/3014/2783 2680/2893/2669
f 2681/3036/2803 2634/3016/2785 2576/3017/2786
f 2552/3014/2783 2634/3016/2785 2681/3036/2803
f 2677/3020/2789 2637/2903/2679 2578/2905/2681
f 2553/2906/2682 2637/2903/2679 2677/3020/2789
f 2690/3022/2834 2579/2913/2689 2638/2908/2684
f 2638/2908/2684 2553/2906/2682 2692/3019/2788
f 2689/3037/2837 2639/2912/2818 2579/2913/2689
f 2688/3023/2792 2554/2914/2690 2639/2912/2818
f 2577/3038/2779 2640/2916/2692 2687/3025/2793
f 2687/3025/2793 2640/2916/2692 2554/2914/2690
f 2564/2926/2702 2706/2967/2740 2707/2966/2739
f 2543/3028/2836 2614/2927/2703 2707/2966/2739
f 2566/3026/2735 2615/3027/2835 2693/2970/2743
f 2543/3028/2836 2708/3039/2805 2693/2970/2743
f 2567/2953/2727 2616/3029/2796 2701/2974/2747
f 2544/2941/2715 2700/3040/2806 2701/2974/2747
f 2568/2940/2714 2698/2981/2828 2699/2980/2753
f 2544/2941/2715 2617/2938/2712 2699/2980/2753
f 2564/2926/2702 2618/3031/2798 2705/2983/2756
f 2545/2956/2730 2704/3041/2807 2705/2983/2756
f 2703/2986/2759 2619/2954/2824 2567/2953/2727
f 2545/2956/2730 2619/2954/2824 2703/2986/2759
f 2698/2981/2828 2568/2940/2714 2620/3032/2799
f 2546/2964/2737 2696/2994/2765 2697/2988/2761
f 2695/3042/2808 2621/2960/2734 2566/2962/2735
f 2546/2964/2737 2621/2960/2734 2695/3042/2808
f 2713/2657/2838 2712/2660/2841 2711/2656/2839
f 2712/2660/2841 2715/2664/4577 2714/2659/2842
f 2716/2661/2843 2719/2663/2846 2718/2662/2844
f 2714/2659/2842 2715/2664/4577 2719/2663/2846
f 2720/2665/2847 2723/2667/2973 2722/2666/2848
f 2721/2668/2849 2722/2666/2848 2725/2669/2850
f 2727/2670/2852 2713/2657/2838 2710/2658/2840
f 2724/2672/2851 2725/2669/2850 2727/2670/2852
f 2730/2673/2854 2729/2675/2857 2728/2674/2855
f 2729/2675/2857 2733/2833/2861 2732/2676/2858
f 2730/2673/2854 2735/2758/2936 2734/2677/2859
f 2729/2675/2857 2734/2677/2859 2736/2678/2860
f 2740/2680/2862 2739/2834/2865 2738/2679/2863
f 2736/2678/2860 2734/2677/2859 2738/2679/2863
f 2738/2679/2863 2742/2683/2867 2741/2682/2866
f 2734/2677/2859 2735/2758/2936 2742/2683/2867
f 2746/2685/2868 2745/2736/2873 2744/2684/2869
f 2744/2684/2869 2748/2690/2875 2747/2687/2871
f 2750/2688/2872 2749/2689/2874 2744/2684/2869
f 2749/2689/2874 2751/2692/2877 2748/2690/2875
f 2732/2676/2858 2753/2835/2878 2752/2691/2876
f 2751/2692/2877 2749/2689/2874 2752/2691/2876
f 2728/2674/2855 2752/2691/2876 2754/2693/2879
f 2752/2691/2876 2749/2689/2874 2750/2688/2872
f 2717/2694/2845 2718/2662/2844 2756/2695/2880
f 2755/2696/2881 2756/2695/2880 2758/2697/2882
f 2762/2699/2884 2761/3578/2975 2760/2698/2885
f 2758/2697/2882 2762/2699/2884 2759/2700/2886
f 2766/2703/2887 2765/2706/2890 2764/2702/2888
f 2765/2706/2890 2768/2710/2895 2767/2705/2891
f 2769/2707/2892 2772/2709/3008 2771/2708/2893
f 2768/2710/2895 2772/2709/3008 2769/2707/2892
f 2771/2708/2893 2774/2714/2897 2773/2711/2896
f 2774/2714/2897 2776/2718/3010 2775/2713/2898
f 2779/2715/2899 2778/2717/2902 2777/2716/2900
f 2775/2713/2898 2776/2718/3010 2778/2717/2902
f 2783/2719/2903 2782/2721/2907 2781/2720/2904
f 2786/2722/2906 2785/2723/2916 2782/2721/2907
f 2789/2724/2908 2788/2726/2911 2787/2725/2909
f 2788/2726/2911 2789/2724/2908 2792/2727/2912
f 2741/2728/2866 2795/2730/2937 2794/2729/2914
f 2794/2729/2914 2792/2727/2912 2785/2723/2916
f 2793/2731/2915 2796/2733/2917 2737/2732/2864
f 2793/2731/2915 2785/2723/2916 2786/2722/2906
f 2746/2685/2868 2798/2735/2932 2797/2734/2918
f 2797/2734/2918 2799/2829/2998 2750/2688/2872
f 2803/2738/2919 2802/2741/2922 2801/2737/2920
f 2802/2741/2922 2799/2829/2998 2804/2740/2923
f 2781/2720/2904 2790/2743/2910 2806/2742/2924
f 2806/2742/2924 2808/2754/2933 2807/2744/2926
f 2805/2745/2925 2809/2747/2927 2784/2746/2905
f 2807/2744/2926 2810/2748/2991 2809/2747/2927
f 2743/2686/2870 2812/2750/2929 2811/2749/2928
f 2812/2750/2929 2810/2748/2991 2807/2744/2926
f 2815/2751/2930 2814/2753/2934 2813/2752/2931
f 2808/2754/2933 2816/2755/3005 2814/2753/2934
f 2731/2756/2856 2803/2738/2919 2817/2757/2935
f 2817/2757/2935 2818/2762/2940 2735/2758/2936
f 2795/2760/2937 2821/2832/2941 2820/2759/2938
f 2818/2762/2940 2822/2763/3007 2820/2759/2938
f 2823/2764/2942 2826/2766/2957 2825/2765/2943
f 2825/2765/2943 2828/2838/3003 2827/2767/2945
f 2831/2769/2946 2830/2771/2967 2829/2770/2947
f 2827/2767/2945 2828/2838/3003 2831/2769/2946
f 2835/2773/2949 2834/2775/2961 2833/2774/2950
f 2838/2776/2952 2837/2839/3004 2835/2773/2949
f 2839/2778/2953 2842/2780/2964 2841/2779/2954
f 2841/2779/2954 2837/2839/3004 2838/2776/2952
f 2823/2764/2942 2844/2783/2959 2843/2782/2956
f 2846/2784/2958 2845/2840/3006 2843/2782/2956
f 2848/2785/2960 2847/2786/2962 2833/2774/2950
f 2848/2785/2960 2845/2840/3006 2846/2784/2958
f 2839/2778/2953 2850/2788/2966 2849/2787/2963
f 2852/2789/2965 2851/2793/2969 2849/2787/2963
f 2830/2791/2967 2854/2841/2970 2853/2790/2968
f 2851/2793/2969 2852/2789/2965 2853/2790/2968
f 2823/2764/2942 2824/2768/2944 2855/2794/2971
f 2824/2768/2944 2827/2767/2945 2856/2795/2972
f 2855/2794/2971 2857/2796/2974 2723/2667/2973
f 2856/2795/2972 2858/2797/4578 2857/2796/2974
f 2761/2799/2975 2860/2801/2977 2859/2798/2976
f 2860/2801/2977 2858/2797/4578 2856/2795/2972
f 2859/2798/2976 2832/2772/2948 2829/2770/2947
f 2859/2798/2976 2856/2795/2972 2827/2767/2945
f 2710/2658/2840 2711/2656/2839 2836/2777/2951
f 2714/2659/2842 2838/2776/2952 2836/2777/2951
f 2839/2778/2953 2840/2781/2955 2716/2661/2843
f 2838/2776/2952 2714/2659/2842 2716/2661/2843
f 2721/2668/2849 2844/2783/2959 2823/2764/2942
f 2724/2672/2851 2846/2784/2958 2844/2783/2959
f 2833/2774/2950 2847/2786/2962 2726/2671/2853
f 2847/2786/2962 2846/2784/2958 2724/2672/2851
f 2755/2696/2881 2850/2788/2966 2839/2778/2953
f 2755/2696/2881 2757/2701/2883 2852/2789/2965
f 2829/2792/2947 2853/2790/2968 2759/2700/2886
f 2853/2790/2968 2852/2789/2965 2757/2701/2883
f 2863/2802/2978 2862/2804/2982 2861/2803/2979
f 2866/2805/2981 2865/2806/3011 2862/2804/2982
f 2777/2808/2900 2868/2810/2984 2867/2807/2983
f 2868/2810/2984 2865/2806/3011 2866/2805/2981
f 2870/2811/2985 2869/2812/2987 2766/2703/2887
f 2872/2813/2986 2871/2814/3012 2869/2812/2987
f 2861/2803/2979 2874/2817/2989 2873/2815/2988
f 2874/2817/2989 2871/2814/3012 2872/2813/2986
f 2747/2687/2871 2875/2819/3001 2812/2750/2929
f 2812/2750/2929 2875/2819/3001 2876/2818/2990
f 2784/2746/2905 2809/2747/2927 2878/2820/2992
f 2809/2747/2927 2810/2748/2991 2876/2818/2990
f 2877/2821/2993 2879/2836/2995 2783/2719/2903
f 2880/2822/2994 2786/2722/2906 2783/2719/2903
f 2796/2733/2917 2881/2824/3002 2740/2823/2862
f 2880/2822/2994 2881/2824/3002 2796/2733/2917
f 2789/2724/2908 2790/2743/2910 2781/2720/2904
f 2789/2724/2908 2782/2721/2907 2785/2723/2916
f 2819/2825/2939 2882/2826/2996 2794/2729/2914
f 2882/2826/2996 2791/2827/2913 2792/2727/2912
f 2798/2735/2932 2813/2752/2931 2883/2828/2997
f 2883/2828/2997 2804/2740/2923 2799/2829/2998
f 2802/2741/2922 2803/2738/2919 2731/2756/2856
f 2802/2741/2922 2754/2693/2879 2750/2688/2872
f 2790/2743/2910 2787/2725/2909 2884/2830/2999
f 2884/2830/2999 2816/2755/3005 2808/2754/2933
f 2746/2685/2868 2811/2749/2928 2815/2751/2930
f 2808/2754/2933 2815/2751/2930 2811/2749/2928
f 2803/2738/2919 2800/2739/2921 2885/2831/3000
f 2885/2831/3000 2822/2763/3007 2818/2762/2940
f 2821/2832/2941 2795/2760/2937 2741/2682/2866
f 2821/2832/2941 2742/2683/2867 2735/2758/2936
f 2733/2833/2861 2863/2802/2978 2864/2816/2980
f 2866/2805/2981 2863/2802/2978 2733/2833/2861
f 2739/2834/2865 2740/2680/2862 2780/2809/2901
f 2739/2834/2865 2867/2807/2983 2866/2805/2981
f 2748/2690/2875 2870/2811/2985 2763/2704/2889
f 2751/2692/2877 2872/2813/2986 2870/2811/2985
f 2753/2835/2878 2732/2676/2858 2864/2816/2980
f 2753/2835/2878 2873/2815/2988 2872/2813/2986
f 2875/2819/3001 2747/2687/2871 2763/2704/2889
f 2875/2819/3001 2764/2702/2888 2767/2705/2891
f 2877/2821/2993 2878/2820/2992 2769/2707/2892
f 2876/2818/2990 2767/2705/2891 2769/2707/2892
f 2879/2836/2995 2877/2821/2993 2770/2712/2894
f 2880/2822/2994 2879/2836/2995 2773/2711/2896
f 2881/2824/3002 2779/2715/2899 2780/2837/2901
f 2881/2824/3002 2880/2822/2994 2775/2713/2898
f 2787/2725/2909 2788/2726/2911 2825/2765/2943
f 2825/2765/2943 2788/2726/2911 2791/2827/2913
f 2831/2769/2946 2882/2826/2996 2819/2825/2939
f 2791/2827/2913 2882/2826/2996 2831/2769/2946
f 2835/2773/2949 2883/2828/2997 2813/2752/2931
f 2804/2740/2923 2883/2828/2997 2835/2773/2949
f 2800/2739/2921 2801/2737/2920 2841/2779/2954
f 2841/2779/2954 2801/2737/2920 2804/2740/2923
f 2843/2782/2956 2884/2830/2999 2787/2725/2909
f 2816/2755/3005 2884/2830/2999 2843/2782/2956
f 2848/2785/2960 2834/2775/2961 2813/2752/2931
f 2848/2785/2960 2814/2753/2934 2816/2755/3005
f 2842/2780/2964 2849/2787/2963 2885/2831/3000
f 2822/2763/3007 2885/2831/3000 2849/2787/2963
f 2854/2841/2970 2830/2791/2967 2819/2761/2939
f 2854/2841/2970 2820/2759/2938 2822/2763/3007
f 2890/2858/2838 2889/2861/2841 2888/2857/2839
f 2889/2861/2841 2892/2865/4577 2891/2860/3013
f 2893/2862/3014 2896/2864/2846 2895/2863/3015
f 2891/2860/3013 2892/2865/4577 2896/2864/2846
f 2897/2866/2847 2900/2868/2973 2899/2867/2848
f 2898/2869/2849 2899/2867/2848 2902/2870/2850
f 2904/2871/3016 2890/2858/2838 2887/2859/2840
f 2901/2873/2851 2902/2870/2850 2904/2871/3016
f 2907/2874/2854 2906/2876/2857 2905/2875/2855
f 2906/2876/2857 2910/3034/2861 2909/2877/2858
f 2907/2874/2854 2912/2959/2936 2911/2878/2859
f 2906/2876/2857 2911/2878/2859 2913/2879/2860
f 2917/2881/2862 2916/3035/2865 2915/2880/2863
f 2913/2879/2860 2911/2878/2859 2915/2880/2863
f 2915/2880/2863 2919/2884/2867 2918/2883/2866
f 2911/2878/2859 2912/2959/2936 2919/2884/2867
f 2923/2886/2868 2922/2937/2873 2921/2885/3018
f 2921/2885/3018 2925/2891/2875 2924/2888/3019
f 2927/2889/2872 2926/2890/2874 2921/2885/3018
f 2926/2890/2874 2928/2893/2877 2925/2891/2875
f 2909/2877/2858 2930/3036/2878 2929/2892/2876
f 2928/2893/2877 2926/2890/2874 2929/2892/2876
f 2905/2875/2855 2929/2892/2876 2931/2894/2879
f 2929/2892/2876 2926/2890/2874 2927/2889/2872
f 2894/2895/2845 2895/2863/3015 2933/2896/2880
f 2932/2897/2881 2933/2896/2880 2935/2898/2882
f 2939/2900/2884 2938/3579/3035 2937/2899/2885
f 2935/2898/2882 2939/2900/2884 2936/2901/2886
f 2943/2904/2887 2942/2907/2890 2941/2903/2888
f 2942/2907/2890 2945/2911/2895 2944/2906/2891
f 2946/2908/2892 2949/2910/3008 2948/2909/2893
f 2945/2911/2895 2949/2910/3008 2946/2908/2892
f 2948/2909/2893 2951/2915/2897 2950/2912/3021
f 2951/2915/2897 2953/2919/3010 2952/2914/2898
f 2956/2916/2899 2955/2918/2902 2954/2917/2900
f 2952/2914/2898 2953/2919/3010 2955/2918/2902
f 2960/2920/3022 2959/2922/2907 2958/2921/2904
f 2963/2923/2906 2962/2924/3026 2959/2922/2907
f 2966/2925/2908 2965/2927/2911 2964/2926/2909
f 2965/2927/2911 2966/2925/2908 2969/2928/2912
f 2918/2929/2866 2972/2931/2937 2971/2930/2914
f 2971/2930/2914 2969/2928/2912 2962/2924/3026
f 2970/2932/2915 2973/2934/3027 2914/2933/2864
f 2970/2932/2915 2962/2924/3026 2963/2923/2906
f 2923/2886/2868 2975/2936/2932 2974/2935/2918
f 2974/2935/2918 2976/3030/2998 2927/2889/2872
f 2980/2939/2919 2979/2942/2922 2978/2938/2920
f 2979/2942/2922 2976/3030/2998 2981/2941/2923
f 2958/2921/2904 2967/2944/3024 2983/2943/2924
f 2983/2943/2924 2985/2955/3028 2984/2945/2926
f 2982/2946/2925 2986/2948/2927 2961/2947/3023
f 2984/2945/2926 2987/2949/2991 2986/2948/2927
f 2920/2887/2870 2989/2951/2929 2988/2950/2928
f 2989/2951/2929 2987/2949/2991 2984/2945/2926
f 2992/2952/2930 2991/2954/3029 2990/2953/2931
f 2985/2955/3028 2993/2956/3005 2991/2954/3029
f 2908/2957/2856 2980/2939/2919 2994/2958/2935
f 2994/2958/2935 2995/2963/2940 2912/2959/2936
f 2972/2961/2937 2998/3033/2941 2997/2960/2938
f 2995/2963/2940 2999/2964/3007 2997/2960/2938
f 3000/2965/3030 3003/2967/2957 3002/2966/2943
f 3002/2966/2943 3005/3039/3003 3004/2968/2945
f 3008/2970/2946 3007/2972/2967 3006/2971/2947
f 3004/2968/2945 3005/3039/3003 3008/2970/2946
f 3012/2974/2949 3011/2976/2961 3010/2975/2950
f 3015/2977/2952 3014/3040/3004 3012/2974/2949
f 3016/2979/2953 3019/2981/3032 3018/2980/2954
f 3018/2980/2954 3014/3040/3004 3015/2977/2952
f 3000/2965/3030 3021/2984/3031 3020/2983/2956
f 3023/2985/2958 3022/3041/3006 3020/2983/2956
f 3025/2986/2960 3024/2987/2962 3010/2975/2950
f 3025/2986/2960 3022/3041/3006 3023/2985/2958
f 3016/2979/2953 3027/2989/3033 3026/2988/2963
f 3029/2990/2965 3028/2994/2969 3026/2988/2963
f 3007/2992/2967 3031/3042/2970 3030/2991/2968
f 3028/2994/2969 3029/2990/2965 3030/2991/2968
f 3000/2965/3030 3001/2969/2944 3032/2995/3034
f 3001/2969/2944 3004/2968/2945 3033/2996/2972
f 3032/2995/3034 3034/2997/2974 2900/2868/2973
f 3033/2996/2972 3035/2998/4578 3034/2997/2974
f 2938/3000/3035 3037/3002/2977 3036/2999/2976
f 3037/3002/2977 3035/2998/4578 3033/2996/2972
f 3036/2999/2976 3009/2973/2948 3006/2971/2947
f 3036/2999/2976 3033/2996/2972 3004/2968/2945
f 2887/2859/2840 2888/2857/2839 3013/2978/2951
f 2891/2860/3013 3015/2977/2952 3013/2978/2951
f 3016/2979/2953 3017/2982/2955 2893/2862/3014
f 3015/2977/2952 2891/2860/3013 2893/2862/3014
f 2898/2869/2849 3021/2984/3031 3000/2965/3030
f 2901/2873/2851 3023/2985/2958 3021/2984/3031
f 3010/2975/2950 3024/2987/2962 2903/2872/3017
f 3024/2987/2962 3023/2985/2958 2901/2873/2851
f 2932/2897/2881 3027/2989/3033 3016/2979/2953
f 2932/2897/2881 2934/2902/2883 3029/2990/2965
f 3006/2993/2947 3030/2991/2968 2936/2901/2886
f 3030/2991/2968 3029/2990/2965 2934/2902/2883
f 3040/3003/3036 3039/3005/2982 3038/3004/2979
f 3043/3006/2981 3042/3007/3011 3039/3005/2982
f 2954/3009/2900 3045/3011/2984 3044/3008/2983
f 3045/3011/2984 3042/3007/3011 3043/3006/2981
f 3047/3012/2985 3046/3013/2987 2943/2904/2887
f 3049/3014/2986 3048/3015/3012 3046/3013/2987
f 3038/3004/2979 3051/3018/2989 3050/3016/2988
f 3051/3018/2989 3048/3015/3012 3049/3014/2986
f 2924/2888/3019 3052/3020/3001 2989/2951/2929
f 2989/2951/2929 3052/3020/3001 3053/3019/2990
f 2961/2947/3023 2986/2948/2927 3055/3021/2992
f 2986/2948/2927 2987/2949/2991 3053/3019/2990
f 3054/3022/3037 3056/3037/3038 2960/2920/3022
f 3057/3023/2994 2963/2923/2906 2960/2920/3022
f 2973/2934/3027 3058/3025/3002 2917/3024/2862
f 3057/3023/2994 3058/3025/3002 2973/2934/3027
f 2966/2925/2908 2967/2944/3024 2958/2921/2904
f 2966/2925/2908 2959/2922/2907 2962/2924/3026
f 2996/3026/2939 3059/3027/3039 2971/2930/2914
f 3059/3027/3039 2968/3028/3025 2969/2928/2912
f 2975/2936/2932 2990/2953/2931 3060/3029/2997
f 3060/3029/2997 2981/2941/2923 2976/3030/2998
f 2979/2942/2922 2980/2939/2919 2908/2957/2856
f 2979/2942/2922 2931/2894/2879 2927/2889/2872
f 2967/2944/3024 2964/2926/2909 3061/3031/2999
f 3061/3031/2999 2993/2956/3005 2985/2955/3028
f 2923/2886/2868 2988/2950/2928 2992/2952/2930
f 2985/2955/3028 2992/2952/2930 2988/2950/2928
f 2980/2939/2919 2977/2940/2921 3062/3032/3000
f 3062/3032/3000 2999/2964/3007 2995/2963/2940
f 2998/3033/2941 2972/2961/2937 2918/2883/2866
f 2998/3033/2941 2919/2884/2867 2912/2959/2936
f 2910/3034/2861 3040/3003/3036 3041/3017/2980
f 3043/3006/2981 3040/3003/3036 2910/3034/2861
f 2916/3035/2865 2917/2881/2862 2957/3010/2901
f 2916/3035/2865 3044/3008/2983 3043/3006/2981
f 2925/2891/2875 3047/3012/2985 2940/2905/3020
f 2928/2893/2877 3049/3014/2986 3047/3012/2985
f 2930/3036/2878 2909/2877/2858 3041/3017/2980
f 2930/3036/2878 3050/3016/2988 3049/3014/2986
f 3052/3020/3001 2924/2888/3019 2940/2905/3020
f 3052/3020/3001 2941/2903/2888 2944/2906/2891
f 3054/3022/3037 3055/3021/2992 2946/2908/2892
f 3053/3019/2990 2944/2906/2891 2946/2908/2892
f 3056/3037/3038 3054/3022/3037 2947/2913/2894
f 3057/3023/2994 3056/3037/3038 2950/2912/3021
f 3058/3025/3002 2956/2916/2899 2957/3038/2901
f 3058/3025/3002 3057/3023/2994 2952/2914/2898
f 2964/2926/2909 2965/2927/2911 3002/2966/2943
f 3002/2966/2943 2965/2927/2911 2968/3028/3025
f 3008/2970/2946 3059/3027/3039 2996/3026/2939
f 2968/3028/3025 3059/3027/3039 3008/2970/2946
f 3012/2974/2949 3060/3029/2997 2990/2953/2931
f 2981/2941/2923 3060/3029/2997 3012/2974/2949
f 2977/2940/2921 2978/2938/2920 3018/2980/2954
f 3018/2980/2954 2978/2938/2920 2981/2941/2923
f 3020/2983/2956 3061/3031/2999 2964/2926/2909
f 2993/2956/3005 3061/3031/2999 3020/2983/2956
f 3025/2986/2960 3011/2976/2961 2990/2953/2931
f 3025/2986/2960 2991/2954/3029 2993/2956/3005
f 3019/2981/3032 3026/2988/2963 3062/3032/3000
f 2999/2964/3007 3062/3032/3000 3026/2988/2963
f 3031/3042/2970 3007/2992/2967 2996/2962/2939
f 3031/3042/2970 2997/2960/2938 2999/2964/3007
f 3079/3064/3046 3080/3113/3091 3126/3065/3047
f 3069/3067/3049 3137/3116/3094 3138/3068/3050
f 3083/3070/3052 3084/3097/3076 3130/3071/3053
f 3074/3073/3051 3075/3100/3079 3141/3074/3055
f 3146/3076/3057 3147/3153/3123 3076/3077/3058
f 3124/3079/3060 3123/3144/3117 3104/3080/3061
f 3071/3082/3062 3108/3156/3125 3107/3083/3063
f 3076/3085/3058 3113/3158/3124 3150/3086/3065
f 3067/3088/3067 3140/3172/3134 3158/3089/3068
f 3093/3091/3070 3145/3174/3136 3144/3092/3071
f 3077/3094/3073 3096/3162/3128 3115/3095/3074
f 3084/3097/3076 3155/3180/3137 3154/3098/3077
f 3156/3099/3078 3141/3074/3055 3075/3100/3079
f 3079/3064/3046 3127/3066/3048 3128/3102/3081
f 3072/3104/3083 3111/3160/3126 3112/3105/3084
f 3074/3069/3051 3138/3068/3050 3139/3107/3086
f 3097/3109/3087 3111/3160/3126 3110/3110/3088
f 3135/3112/3090 3126/3065/3047 3080/3113/3091
f 3101/3115/3093 3136/3150/3120 3137/3116/3094
f 3083/3070/3052 3131/3072/3054 3132/3117/3095
f 3115/3095/3074 3106/3145/3118 3073/3119/3097
f 3074/3073/3051 3142/3075/3056 3143/3121/3098
f 3116/3123/3099 3117/3138/3113 3082/3124/3100
f 3085/3126/3102 3120/3164/3129 3121/3127/3103
f 3088/3129/3105 3129/3169/3131 3160/3130/3106
f 3087/3132/3108 3134/3170/3133 3133/3133/3109
f 3088/3135/3105 3119/3165/3059 3152/3136/3111
f 3117/3138/3113 3118/3166/3130 3089/3139/3114
f 3124/3140/3060 3125/3152/3122 3099/3141/3115
f 3122/3143/3116 3090/3168/3132 3086/3128/3104
f 3110/3110/3088 3109/3062/3044 3104/3080/3061
f 3103/3134/3110 3090/3168/3132 3122/3143/3116
f 3106/3145/3118 3107/3083/3063 3105/3146/3045
f 3069/3122/3049 3143/3121/3098 3144/3092/3071
f 3093/3148/3070 3134/3171/3133 3135/3112/3090
f 3095/3118/3096 3132/3117/3095 3133/3133/3109
f 3091/3151/3121 3116/3123/3099 3125/3152/3122
f 3147/3153/3123 3148/3059/3041 3113/3154/3124
f 3071/3081/3062 3104/3080/3061 3109/3062/3044
f 3072/3120/3083 3065/3179/3085 3114/3096/3075
f 3111/3160/3126 3097/3109/3087 3092/3161/3127
f 3072/3104/3083 3073/3163/3097 3110/3110/3088
f 3091/3151/3121 3106/3145/3118 3115/3095/3074
f 3073/3163/3097 3105/3063/3045 3109/3062/3044
f 3098/3084/3064 3107/3083/3063 3106/3145/3118
f 3119/3078/3059 3088/3129/3105 3161/3131/3107
f 3087/3132/3108 3103/3134/3110 3123/3144/3117
f 3096/3162/3128 3117/3138/3113 3116/3123/3099
f 3120/3164/3129 3092/3161/3127 3097/3109/3087
f 3119/3165/3059 3076/3085/3058 3151/3087/3066
f 3096/3162/3128 3077/3094/3073 3118/3166/3130
f 3124/3140/3060 3071/3082/3062 3098/3084/3064
f 3078/3111/3089 3122/3143/3116 3121/3127/3103
f 3078/3111/3089 3104/3080/3061 3123/3144/3117
f 3099/3141/3115 3125/3152/3122 3116/3123/3099
f 3081/3125/3101 3082/3124/3100 3127/3066/3048
f 3085/3126/3102 3086/3128/3104 3131/3072/3054
f 3088/3135/3105 3153/3137/3112 3154/3098/3077
f 3082/3124/3100 3089/3139/3114 3128/3102/3081
f 3099/3141/3115 3081/3125/3101 3126/3065/3047
f 3090/3168/3132 3132/3117/3095 3131/3072/3054
f 3159/3090/3069 3160/3130/3106 3129/3169/3131
f 3134/3170/3133 3093/3091/3070 3102/3093/3072
f 3087/3142/3108 3099/3141/3115 3135/3112/3090
f 3132/3117/3095 3090/3168/3132 3103/3134/3110
f 3080/3113/3091 3079/3064/3046 3138/3068/3050
f 3084/3097/3076 3083/3070/3052 3142/3075/3056
f 3067/3176/3067 3155/3180/3137 3156/3099/3078
f 3079/3064/3046 3094/3103/3082 3139/3107/3086
f 3100/3114/3092 3080/3113/3091 3137/3116/3094
f 3095/3118/3096 3143/3121/3098 3142/3075/3056
f 3102/3093/3072 3144/3092/3071 3143/3121/3098
f 3100/3114/3092 3136/3150/3120 3145/3178/3136
f 3148/3059/3041 3114/3096/3075 3065/3179/3085
f 3146/3076/3057 3118/3166/3130 3077/3094/3073
f 3112/3105/3084 3092/3161/3127 3151/3087/3066
f 3139/3107/3086 3094/3103/3082 3159/3090/3069
f 3155/3180/3137 3067/3176/3067 3129/3167/3131
f 3128/3102/3081 3089/3139/3114 3161/3131/3107
f 3120/3164/3129 3085/3126/3102 3153/3137/3112
f 3114/3096/3075 3148/3059/3041 3147/3153/3123
f 3065/3106/3085 3112/3105/3084 3150/3086/3065
f 3118/3166/3130 3146/3076/3057 3161/3131/3107
f 3092/3161/3127 3120/3164/3129 3152/3136/3111
f 3153/3137/3112 3085/3126/3102 3130/3071/3053
f 3094/3103/3082 3128/3102/3081 3160/3130/3106
f 3075/3108/3079 3139/3107/3086 3158/3089/3068
f 3141/3074/3055 3156/3099/3078 3155/3180/3137
f 3170/3064/3144 3173/3066/3228 3172/3065/3145
f 3177/3068/3147 3176/3116/3185 3175/3067/3148
f 3178/3070/3150 3181/3072/3229 3180/3071/3151
f 3174/3073/3149 3184/3075/3231 3183/3074/3153
f 3187/3076/3155 3186/3078/3205 3185/3077/3156
f 3192/3080/3158 3191/3144/3225 3190/3079/3159
f 3189/3082/3160 3194/3084/3220 3193/3083/3161
f 3185/3085/3156 3196/3087/3226 3195/3086/3162
f 3197/3088/3163 3200/3090/3230 3199/3089/3164
f 3201/3091/3166 3204/3093/3217 3203/3092/3167
f 3205/3094/3169 3208/3096/3221 3207/3095/3170
f 3179/3097/3152 3180/3071/3151 3210/3098/3172
f 3212/3099/3174 3211/3101/3233 3182/3100/3154
f 3214/3102/3175 3173/3066/3228 3170/3064/3144
f 3218/3105/3177 3217/3160/3222 3216/3104/3178
f 3219/3107/3180 3177/3068/3147 3174/3069/3149
f 3222/3110/3181 3217/3160/3222 3221/3109/3182
f 3224/3112/3184 3223/3114/3214 3171/3113/3146
f 3176/3116/3185 3226/3150/3215 3225/3115/3186
f 3228/3117/3187 3181/3072/3229 3178/3070/3150
f 3207/3095/3170 3216/3120/3178 3229/3119/3189
f 3231/3121/3191 3184/3075/3231 3174/3073/3149
f 3235/3124/3192 3234/3138/3207 3233/3123/3193
f 3236/3126/3195 3239/3128/3210 3238/3127/3196
f 3240/3129/3198 3243/3131/3224 3242/3130/3199
f 3244/3132/3201 3247/3134/3212 3246/3133/3202
f 3240/3135/3198 3249/3137/3234 3248/3136/3204
f 3251/3139/3206 3250/3166/3227 3234/3138/3207
f 3253/3141/3208 3252/3152/3218 3190/3140/3159
f 3254/3143/3209 3238/3127/3196 3239/3128/3210
f 3222/3110/3181 3220/3111/3183 3192/3080/3158
f 3247/3134/3212 3191/3144/3225 3254/3143/3209
f 3230/3145/3190 3229/3119/3189 3169/3146/3213
f 3203/3092/3167 3231/3121/3191 3175/3122/3148
f 3224/3112/3184 3245/3171/3203 3201/3148/3166
f 3246/3133/3202 3228/3117/3187 3227/3118/3188
f 3252/3152/3218 3233/3123/3193 3257/3151/3219
f 3188/3153/3157 3185/3077/3156 3163/3154/3140
f 3168/3062/3142 3192/3080/3158 3189/3081/3160
f 3208/3096/3221 3215/3179/3179 3216/3120/3178
f 3217/3160/3222 3218/3105/3177 3258/3161/3223
f 3222/3110/3181 3229/3163/3189 3216/3104/3178
f 3257/3151/3219 3206/3162/3171 3207/3095/3170
f 3168/3062/3142 3169/3063/3213 3229/3163/3189
f 3194/3084/3220 3257/3151/3219 3230/3145/3190
f 3186/3078/3205 3187/3076/3155 3243/3131/3224
f 3191/3144/3225 3247/3134/3212 3244/3132/3201
f 3206/3162/3171 3257/3151/3219 3233/3123/3193
f 3237/3164/3197 3238/3127/3196 3221/3109/3182
f 3186/3165/3205 3248/3136/3204 3196/3087/3226
f 3250/3166/3227 3205/3094/3169 3206/3162/3171
f 3190/3140/3159 3252/3152/3218 3194/3084/3220
f 3220/3111/3183 3221/3109/3182 3238/3127/3196
f 3191/3144/3225 3192/3080/3158 3220/3111/3183
f 3253/3141/3208 3232/3125/3194 3233/3123/3193
f 3173/3066/3228 3235/3124/3192 3232/3125/3194
f 3181/3072/3229 3239/3128/3210 3236/3126/3195
f 3210/3098/3172 3249/3137/3234 3240/3135/3198
f 3214/3102/3175 3251/3139/3206 3235/3124/3192
f 3172/3065/3145 3232/3125/3194 3253/3141/3208
f 3255/3168/3211 3239/3128/3210 3181/3072/3229
f 3200/3090/3230 3197/3088/3163 3241/3169/3200
f 3245/3170/3203 3246/3133/3202 3204/3093/3217
f 3224/3112/3184 3253/3141/3208 3244/3142/3201
f 3228/3117/3187 3246/3133/3202 3247/3134/3212
f 3177/3068/3147 3170/3064/3144 3171/3113/3146
f 3184/3075/3231 3178/3070/3150 3179/3097/3152
f 3212/3099/3174 3209/3180/3173 3197/3176/3163
f 3219/3107/3180 3213/3103/3176 3170/3064/3144
f 3176/3116/3185 3171/3113/3146 3223/3114/3214
f 3227/3118/3188 3178/3070/3150 3184/3075/3231
f 3204/3093/3217 3227/3118/3188 3231/3121/3191
f 3223/3114/3214 3201/3148/3166 3202/3178/3168
f 3164/3059/3139 3165/3060/3235 3215/3179/3179
f 3187/3076/3155 3188/3153/3157 3205/3094/3169
f 3196/3087/3226 3258/3161/3223 3218/3105/3177
f 3200/3090/3230 3213/3103/3176 3219/3107/3180
f 3209/3180/3173 3210/3098/3172 3241/3167/3200
f 3243/3131/3224 3251/3139/3206 3214/3102/3175
f 3249/3137/3234 3236/3126/3195 3237/3164/3197
f 3208/3096/3221 3205/3094/3169 3188/3153/3157
f 3195/3086/3162 3218/3105/3177 3215/3106/3179
f 3250/3166/3227 3251/3139/3206 3243/3131/3224
f 3248/3136/3204 3237/3164/3197 3258/3161/3223
f 3249/3137/3234 3210/3098/3172 3180/3071/3151
f 3242/3130/3199 3214/3102/3175 3213/3103/3176
f 3199/3089/3164 3219/3107/3180 3182/3108/3154
f 3183/3074/3153 3179/3097/3152 3209/3180/3173
f 3272/3190/3242 3271/3208/3259 3301/3191/3243
f 3263/3193/3245 3283/3242/3285 3282/3194/3246
f 3307/3196/3248 3308/3249/3289 3276/3197/3249
f 3263/3199/3245 3279/3240/3283 3286/3200/3251
f 3278/3202/3253 3271/3208/3259 3266/3203/3254
f 3273/3205/3256 3292/3225/3272 3293/3206/3257
f 3271/3208/3259 3272/3190/3242 3339/3209/3260
f 3274/3210/3261 3275/3198/3250 3270/3211/3262
f 3277/3213/3264 3299/3228/3275 3300/3214/3265
f 3275/3198/3250 3276/3197/3249 3269/3216/3267
f 3267/3217/3258 3287/3244/3286 3288/3218/3268
f 3268/3220/3266 3294/3248/3288 3295/3221/3269
f 3301/3191/3243 3271/3208/3259 3278/3202/3253
f 3273/3205/3256 3304/3252/3276 3305/3224/3271
f 3307/3196/3248 3275/3198/3250 3274/3210/3261
f 3277/3213/3264 3310/3253/3278 3311/3227/3274
f 3304/3229/3276 3303/3245/3287 3289/3185/3237
f 3310/3231/3278 3309/3250/3290 3296/3188/3240
f 3263/3199/3245 3261/3243/3247 3280/3239/3282
f 3263/3193/3245 3264/3247/3252 3284/3241/3284
f 3289/3185/3237 3280/3239/3282 3261/3243/3247
f 3274/3210/3261 3340/3212/3263 3293/3206/3257
f 3287/3244/3286 3339/3209/3260 3272/3190/3242
f 3282/3194/3246 3306/3226/3273 3305/3224/3271
f 3288/3218/3268 3272/3190/3242 3302/3192/3244
f 3261/3195/3247 3282/3194/3246 3291/3238/3281
f 3296/3188/3240 3284/3241/3284 3264/3247/3252
f 3299/3228/3275 3278/3202/3253 3265/3204/3255
f 3294/3248/3288 3269/3216/3267 3276/3197/3249
f 3286/3200/3251 3312/3223/3270 3311/3227/3274
f 3295/3221/3269 3276/3197/3249 3308/3249/3289
f 3264/3201/3252 3286/3200/3251 3298/3235/3280
f 3279/3240/3283 3280/3239/3282 3302/3192/3244
f 3283/3242/3285 3284/3241/3284 3308/3249/3289
f 3279/3240/3283 3301/3191/3243 3312/3223/3270
f 3304/3252/3276 3281/3236/3277 3291/3238/3281
f 3306/3226/3273 3282/3194/3246 3283/3242/3285
f 3285/3233/3279 3298/3235/3280 3311/3227/3274
f 3288/3218/3268 3303/3245/3287 3304/3229/3276
f 3277/3222/3264 3295/3221/3269 3309/3250/3290
f 3306/3226/3273 3274/3210/3261 3292/3225/3272
f 3280/3239/3282 3289/3185/3237 3303/3245/3287
f 3312/3223/3270 3278/3202/3253 3299/3228/3275
f 3284/3241/3284 3296/3188/3240 3309/3250/3290
f 3321/3260/3297 3324/3299/3326 3323/3261/3298
f 3328/3263/3300 3327/3296/3324 3326/3264/3301
f 3331/3266/3303 3330/3276/3312 3329/3267/3304
f 3335/3269/3306 3334/3294/3322 3326/3270/3301
f 3266/3203/3254 3322/3262/3299 3336/3272/3308
f 3293/3206/3257 3338/3298/3325 3337/3273/3309
f 3339/3209/3260 3321/3260/3297 3322/3262/3299
f 3270/3211/3262 3330/3276/3312 3341/3274/3310
f 3300/3214/3265 3343/3302/3328 3342/3275/3311
f 3269/3216/3267 3329/3267/3304 3330/3276/3312
f 3344/3277/3313 3287/3244/3286 3267/3217/3258
f 3345/3279/3314 3294/3248/3288 3268/3220/3266
f 3323/3261/3298 3346/3304/3330 3336/3272/3308
f 3337/3273/3309 3338/3298/3325 3348/3281/3315
f 3331/3266/3303 3349/3305/3331 3341/3274/3310
f 3342/3275/3311 3343/3302/3328 3351/3283/3317
f 3315/3255/3292 3352/3306/3332 3347/3285/3316
f 3319/3258/3295 3353/3307/3333 3350/3286/3318
f 3356/3293/3321 3325/3297/3302 3326/3270/3301
f 3357/3295/3323 3333/3301/3307 3326/3264/3301
f 3315/3255/3292 3316/3434/3327 3325/3297/3302
f 3293/3206/3257 3340/3212/3263 3341/3274/3310
f 3287/3244/3286 3344/3277/3313 3321/3260/3297
f 3348/3281/3315 3349/3305/3331 3328/3263/3300
f 3344/3277/3313 3352/3306/3332 3324/3299/3326
f 3355/3291/3320 3328/3263/3300 3325/3265/3302
f 3319/3258/3295 3320/3435/3329 3333/3301/3307
f 3343/3302/3328 3300/3214/3265 3265/3204/3255
f 3294/3248/3288 3345/3279/3314 3329/3267/3304
f 3351/3283/3317 3346/3304/3330 3335/3269/3306
f 3345/3279/3314 3353/3307/3333 3332/3268/3305
f 3354/3288/3319 3335/3269/3306 3333/3271/3307
f 3324/3299/3326 3356/3293/3321 3334/3294/3322
f 3332/3268/3305 3357/3295/3323 3327/3296/3324
f 3334/3294/3322 3335/3269/3306 3346/3304/3330
f 3347/3282/3316 3348/3281/3315 3355/3291/3320
f 3349/3305/3331 3331/3266/3303 3327/3296/3324
f 3351/3283/3317 3354/3288/3319 3318/3287/3296
f 3344/3277/3313 3337/3278/3309 3347/3285/3316
f 3353/3307/3333 3345/3279/3314 3342/3280/3311
f 3349/3305/3331 3348/3281/3315 3338/3298/3325
f 3352/3306/3332 3315/3255/3292 3356/3293/3321
f 3346/3304/3330 3351/3283/3317 3343/3302/3328
f 3353/3307/3333 3319/3258/3295 3357/3295/3323
f 3379/3314/3340 3400/3401/3417 3401/3315/3341
f 3380/3317/3343 3408/3364/3386 3409/3318/3344
f 3370/3320/3346 3375/3347/3370 3404/3321/3347
f 3362/3323/3345 3376/3349/3372 3412/3324/3349
f 3395/3326/3351 3454/3392/3409 3455/3327/3352
f 3399/3329/3354 3437/3393/3410 3438/3330/3355
f 3417/3332/3357 3425/3416/3424 3426/3333/3358
f 3365/3335/3353 3421/3417/3423 3442/3336/3359
f 3369/3338/3361 3411/3405/3419 3450/3339/3362
f 3371/3341/3364 3415/3407/3421 3433/3342/3365
f 3372/3344/3367 3364/3397/3413 3423/3345/3368
f 3375/3347/3370 3447/3428/3429 3446/3348/3371
f 3376/3349/3372 3449/3429/3430 3448/3350/3373
f 3368/3316/3342 3401/3315/3341 3402/3351/3374
f 3363/3353/3376 3419/3419/3425 3420/3354/3377
f 3362/3319/3345 3409/3318/3344 3410/3356/3379
f 3366/3358/3380 3419/3419/3425 3418/3359/3381
f 3429/3361/3383 3400/3401/3417 3379/3314/3340
f 3432/3363/3385 3431/3424/3428 3408/3364/3386
f 3370/3320/3346 3405/3322/3348 3406/3365/3387
f 3423/3345/3368 3416/3422/3427 3383/3367/3389
f 3380/3369/3343 3362/3323/3345 3413/3325/3350
f 3393/3371/3391 3384/3387/3406 3391/3372/3392
f 3389/3374/3394 3396/3395/3412 3397/3375/3395
f 3403/3377/3397 3452/3431/3431 3453/3378/3398
f 3386/3380/3400 3407/3404/3418 3435/3381/3401
f 3387/3383/3399 3395/3396/3351 3444/3384/3403
f 3393/3371/3391 3394/3398/3414 3388/3386/3405
f 3399/3388/3354 3427/3399/3415 3428/3389/3407
f 3397/3375/3395 3398/3400/3416 3390/3391/3408
f 3387/3379/3399 3453/3378/3398 3454/3392/3409
f 3386/3380/3400 3436/3382/3402 3437/3393/3410
f 3378/3394/3411 3364/3397/3413 3393/3371/3391
f 3396/3395/3412 3374/3420/3426 3366/3358/3380
f 3395/3396/3351 3365/3335/3353 3443/3337/3360
f 3364/3397/3413 3372/3344/3367 3394/3398/3414
f 3367/3334/3356 3426/3333/3358 3427/3399/3415
f 3397/3375/3395 3366/3358/3380 3382/3360/3382
f 3400/3401/3417 3391/3372/3392 3384/3387/3406
f 3389/3374/3394 3385/3376/3396 3405/3322/3348
f 3387/3383/3399 3445/3385/3404 3446/3348/3371
f 3401/3315/3341 3384/3387/3406 3388/3386/3405
f 3386/3390/3400 3428/3389/3407 3429/3361/3383
f 3390/3391/3408 3406/3365/3387 3405/3322/3348
f 3451/3340/3363 3452/3431/3431 3403/3377/3397
f 3407/3404/3418 3371/3341/3364 3434/3343/3366
f 3408/3364/3386 3379/3314/3340 3368/3316/3342
f 3375/3347/3370 3370/3320/3346 3413/3325/3350
f 3369/3409/3361 3447/3428/3429 3448/3350/3373
f 3409/3318/3344 3368/3316/3342 3377/3352/3375
f 3430/3362/3384 3431/3424/3428 3415/3411/3421
f 3381/3366/3388 3414/3370/3390 3413/3325/3350
f 3365/3328/3353 3455/3327/3352 3440/3309/3335
f 3367/3331/3356 3438/3330/3355 3439/3312/3338
f 3363/3368/3376 3373/3427/3378 3422/3346/3369
f 3419/3419/3425 3366/3358/3380 3374/3420/3426
f 3419/3419/3425 3363/3353/3376 3383/3421/3389
f 3364/3397/3413 3378/3394/3411 3416/3422/3427
f 3439/3312/3338 3418/3359/3381 3383/3421/3389
f 3437/3393/3410 3398/3400/3416 3382/3360/3382
f 3416/3422/3427 3378/3394/3411 3426/3333/3358
f 3414/3370/3390 3381/3366/3388 3434/3343/3366
f 3407/3403/3418 3429/3361/3383 3430/3362/3384
f 3406/3365/3387 3390/3391/3408 3436/3382/3402
f 3392/3373/3393 3391/3372/3392 3428/3389/3407
f 3436/3382/3402 3390/3391/3408 3398/3400/3416
f 3378/3394/3411 3392/3373/3393 3427/3399/3415
f 3400/3401/3417 3429/3361/3383 3428/3389/3407
f 3381/3366/3388 3406/3365/3387 3435/3381/3401
f 3380/3369/3343 3414/3370/3390 3433/3342/3365
f 3408/3364/3386 3431/3424/3428 3430/3362/3384
f 3418/3359/3381 3439/3312/3338 3438/3330/3355
f 3383/3367/3389 3416/3422/3427 3425/3416/3424
f 3440/3309/3335 3422/3346/3369 3373/3427/3378
f 3372/3344/3367 3455/3327/3352 3454/3392/3409
f 3420/3354/3377 3374/3420/3426 3443/3337/3360
f 3410/3356/3379 3377/3352/3375 3451/3340/3363
f 3447/3428/3429 3369/3409/3361 3403/3402/3397
f 3402/3351/3374 3388/3386/3405 3453/3378/3398
f 3396/3395/3412 3389/3374/3394 3445/3385/3404
f 3394/3398/3414 3454/3392/3409 3453/3378/3398
f 3374/3420/3426 3396/3395/3412 3444/3384/3403
f 3445/3385/3404 3389/3374/3394 3404/3321/3347
f 3377/3352/3375 3402/3351/3374 3452/3431/3431
f 3376/3357/3372 3410/3356/3379 3450/3339/3362
f 3412/3324/3349 3448/3350/3373 3447/3428/3429
f 3422/3346/3369 3440/3309/3335 3455/3327/3352
f 3373/3355/3378 3420/3354/3377 3442/3336/3359
f 3467/3315/3438 3466/3401/3480 3465/3314/3439
f 3471/3318/3441 3470/3364/3481 3469/3317/3442
f 3472/3320/3444 3475/3322/3513 3474/3321/3445
f 3468/3323/3443 3478/3325/3487 3477/3324/3447
f 3482/3327/3449 3481/3392/3505 3480/3326/3450
f 3486/3330/3452 3485/3393/3506 3484/3329/3453
f 3488/3333/3455 3487/3416/3522 3461/3332/3437
f 3479/3335/3451 3490/3337/3510 3489/3336/3456
f 3491/3338/3457 3494/3340/3514 3493/3339/3458
f 3495/3341/3460 3498/3343/3516 3497/3342/3461
f 3499/3344/3463 3502/3346/3523 3501/3345/3464
f 3473/3347/3446 3474/3321/3445 3504/3348/3466
f 3476/3349/3448 3477/3324/3447 3506/3350/3468
f 3508/3351/3470 3467/3315/3438 3464/3316/3440
f 3512/3354/3472 3511/3419/3524 3510/3353/3473
f 3513/3356/3475 3471/3318/3441 3468/3319/3443
f 3516/3359/3476 3511/3419/3524 3515/3358/3477
f 3518/3361/3479 3517/3362/3519 3465/3314/3439
f 3470/3364/3481 3520/3424/3520 3519/3363/3482
f 3522/3365/3483 3475/3322/3513 3472/3320/3444
f 3501/3345/3464 3510/3368/3473 3523/3367/3485
f 3469/3369/3442 3525/3370/3521 3478/3325/3487
f 3528/3371/3488 3527/3373/3508 3526/3372/3489
f 3530/3374/3491 3533/3376/3504 3532/3375/3492
f 3537/3378/3494 3536/3431/3515 3535/3377/3495
f 3538/3380/3497 3541/3382/3526 3540/3381/3498
f 3534/3383/3496 3543/3385/3528 3542/3384/3500
f 3545/3386/3501 3544/3398/3511 3528/3371/3488
f 3547/3389/3502 3546/3399/3512 3484/3388/3453
f 3549/3391/3503 3548/3400/3525 3532/3375/3492
f 3481/3392/3505 3537/3378/3494 3534/3379/3496
f 3485/3393/3506 3541/3382/3526 3538/3380/3497
f 3528/3371/3488 3500/3397/3465 3550/3394/3507
f 3531/3395/3493 3532/3375/3492 3515/3358/3477
f 3480/3396/3450 3542/3384/3500 3490/3337/3510
f 3544/3398/3511 3499/3344/3463 3500/3397/3465
f 3546/3399/3512 3488/3333/3455 3483/3334/3454
f 3532/3375/3492 3548/3400/3525 3514/3360/3478
f 3466/3401/3480 3467/3315/3438 3529/3387/3490
f 3475/3322/3513 3533/3376/3504 3530/3374/3491
f 3504/3348/3466 3543/3385/3528 3534/3383/3496
f 3467/3315/3438 3508/3351/3470 3545/3386/3501
f 3518/3361/3479 3547/3389/3502 3538/3390/3497
f 3549/3391/3503 3533/3376/3504 3475/3322/3513
f 3494/3340/3514 3491/3338/3457 3535/3377/3495
f 3539/3404/3499 3540/3381/3498 3498/3343/3516
f 3470/3364/3481 3471/3318/3441 3464/3316/3440
f 3478/3325/3487 3472/3320/3444 3473/3347/3446
f 3506/3350/3468 3503/3428/3467 3491/3409/3457
f 3471/3318/3441 3513/3356/3475 3507/3352/3471
f 3517/3362/3519 3495/3412/3460 3496/3411/3462
f 3521/3366/3484 3472/3320/3444 3478/3325/3487
f 3458/3309/3433 3482/3327/3449 3479/3328/3451
f 3462/3312/3436 3486/3330/3452 3483/3331/3454
f 3502/3346/3523 3509/3427/3474 3510/3368/3473
f 3511/3419/3524 3512/3354/3472 3551/3420/3509
f 3511/3419/3524 3516/3359/3476 3523/3421/3485
f 3524/3422/3486 3550/3394/3507 3500/3397/3465
f 3462/3312/3436 3463/3313/3527 3523/3421/3485
f 3485/3393/3506 3486/3330/3452 3514/3360/3478
f 3488/3333/3455 3550/3394/3507 3524/3422/3486
f 3498/3343/3516 3521/3366/3484 3525/3370/3521
f 3539/3403/3499 3495/3412/3460 3517/3362/3519
f 3541/3382/3526 3549/3391/3503 3522/3365/3483
f 3547/3389/3502 3526/3372/3489 3527/3373/3508
f 3541/3382/3526 3485/3393/3506 3548/3400/3525
f 3546/3399/3512 3527/3373/3508 3550/3394/3507
f 3466/3401/3480 3526/3372/3489 3547/3389/3502
f 3540/3381/3498 3522/3365/3483 3521/3366/3484
f 3497/3342/3461 3525/3370/3521 3469/3369/3442
f 3470/3364/3481 3465/3314/3439 3517/3362/3519
f 3516/3359/3476 3514/3360/3478 3486/3330/3452
f 3487/3416/3522 3524/3422/3486 3523/3367/3485
f 3458/3309/3433 3459/3310/3529 3509/3427/3474
f 3499/3344/3463 3544/3398/3511 3481/3392/3505
f 3490/3337/3510 3551/3420/3509 3512/3354/3472
f 3494/3340/3514 3507/3352/3471 3513/3356/3475
f 3503/3428/3467 3504/3348/3466 3535/3402/3495
f 3537/3378/3494 3545/3386/3501 3508/3351/3470
f 3543/3385/3528 3530/3374/3491 3531/3395/3493
f 3544/3398/3511 3545/3386/3501 3537/3378/3494
f 3542/3384/3500 3531/3395/3493 3551/3420/3509
f 3543/3385/3528 3504/3348/3466 3474/3321/3445
f 3536/3431/3515 3508/3351/3470 3507/3352/3471
f 3493/3339/3458 3513/3356/3475 3476/3357/3448
f 3477/3324/3447 3473/3347/3446 3503/3428/3467
f 3502/3346/3523 3499/3344/3463 3482/3327/3449
f 3489/3336/3456 3512/3354/3472 3509/3355/3474
usemtl sofa_03_fringe
f 3558/3436/3530 3556/3437/3531 3555/3438/3532
f 3560/3439/3533 3556/3437/3531 3557/3440/3534
f 3560/3439/3533 3561/3441/3535 3559/3442/3536
f 3566/3436/3537 3564/3437/3538 3563/3438/3539
f 3568/3439/3540 3564/3437/3538 3565/3440/3541
f 3567/3442/3542 3570/3443/3543 3569/3441/3543
f 3571/3438/3544 3573/3440/3545 3572/3437/3546
f 3575/3442/3547 3573/3440/3545 3576/3439/3548
f 3576/3439/3548 3577/3441/3549 3575/3442/3547
f 3579/3438/3550 3581/3440/3551 3580/3436/3552
f 3582/3437/3553 3583/3439/3554 3581/3440/3551
f 3584/3442/3555 3585/3443/3556 3583/3439/3554
f 3587/3438/3557 3589/3440/3558 3588/3436/3559
f 3590/3437/3560 3591/3439/3561 3589/3440/3558
f 3592/3442/3562 3593/3443/3563 3591/3439/3561
f 3595/3438/3564 3597/3440/3565 3596/3436/3566
f 3600/3442/3567 3597/3440/3565 3598/3437/3568
f 3602/3441/3569 3599/3439/3570 3600/3442/3567
f 3603/3438/3557 3605/3440/3571 3604/3436/3559
f 3608/3442/3572 3605/3440/3571 3606/3437/3573
f 3610/3441/3574 3607/3439/3575 3608/3442/3572
f 3614/3436/3576 3612/3437/3577 3611/3438/3578
f 3616/3439/3579 3612/3437/3577 3613/3440/3580
f 3615/3442/3581 3618/3443/3582 3617/3441/3582
f 3622/3436/3583 3620/3437/3584 3619/3438/3585
f 3624/3439/3586 3620/3437/3584 3621/3440/3587
f 3623/3442/3588 3626/3443/3589 3625/3441/3589
f 3630/3436/3590 3628/3437/3591 3627/3438/3592
f 3631/3442/3593 3629/3440/3594 3632/3439/3595
f 3631/3442/3593 3634/3443/3596 3633/3441/3597
f 3637/3444/3598 3635/3438/3599 3638/3437/3600
f 3639/3440/3601 3641/3445/3602 3640/3439/3603
f 3643/3446/3604 3642/3442/3605 3644/3441/3606
f 3645/3438/3607 3647/3447/3608 3646/3448/3609
f 3647/3447/3608 3650/3439/3610 3649/3440/3611
f 3654/3441/3612 3651/3449/3613 3652/3442/3614
f 3658/3437/3615 3656/3450/3616 3655/3438/3617
f 3657/3451/3618 3660/3439/3619 3659/3440/3620
f 3664/3441/3621 3661/3452/3622 3662/3442/3623
f 3665/3438/3624 3667/3440/3625 3666/3436/3626
f 3668/3437/3627 3669/3439/3628 3667/3440/3625
f 4244/3453/3629 3669/3439/3628 3670/3442/3630
f 3671/3438/3631 3673/3440/3632 3672/3437/3633
f 3675/3442/3634 3673/3440/3632 3676/3439/3635
f 3676/3439/3635 3677/3441/3636 3675/3442/3634
f 3679/3438/3637 3681/3440/3638 3680/3436/3639
f 3682/3437/3640 3683/3439/3641 3681/3440/3638
f 3684/3442/3642 3685/3443/3643 3683/3439/3641
f 3687/3438/3644 3689/3440/3645 3688/3437/3646
f 3689/3440/3645 3691/3454/3647 3688/3437/3646
f 3693/3442/3648 3695/3443/3649 3694/3441/3650
f 3693/3442/3648 3692/3455/3651 3696/3439/3652
f 3700/3436/3653 3698/3437/3654 3697/3438/3655
f 3702/3439/3656 3698/3437/3654 3699/3440/3657
f 3701/3442/3658 3703/3443/3659 4278/3456/3660
f 3707/3437/3661 3705/3457/3662 3704/3438/3663
f 3708/3440/3664 3710/3458/3665 3709/3439/3666
f 3713/3441/3667 3710/3458/3665 3711/3442/3668
f 3716/3459/3669 3714/3438/3670 3717/3437/3671
f 3716/3459/3669 3719/3439/3672 3718/3440/3673
f 3722/3460/3674 3721/3442/3675 3723/3441/3676
f 3724/3438/3677 3726/3461/3678 3725/3437/3679
f 3728/3440/3680 3729/3462/3681 3726/3461/3678
f 3733/3463/3682 3731/3442/3683 3729/3462/3681
f 3737/3437/3684 3735/3464/3685 3734/3438/3686
f 3736/3465/3687 3739/3439/3688 3738/3440/3689
f 3741/3442/3690 3742/3466/3691 3740/3467/3692
f 3747/3437/3693 3745/3436/3694 3744/3438/3695
f 3749/3442/3696 3746/3440/3697 3747/3437/3693
f 3749/3442/3696 3750/3443/3698 3748/3439/3699
f 3752/3438/3700 3754/3440/3701 3753/3437/3702
f 3756/3442/3703 3754/3440/3701 3757/3439/3704
f 3756/3442/3703 3759/3443/3705 3758/3441/3706
f 3763/3437/3707 3761/3436/3708 3760/3438/3709
f 3765/3442/3710 3762/3440/3711 3763/3437/3707
f 3767/3468/3712 3764/3439/3713 3765/3442/3710
f 3771/3437/3714 3769/3436/3715 3768/3438/3716
f 3773/3442/3717 3770/3440/3718 3771/3437/3714
f 3773/3442/3717 3774/3443/3719 3772/3439/3720
f 3779/3437/3721 3777/3436/3722 3776/3438/3723
f 3781/3442/3724 3778/3440/3725 3779/3437/3721
f 3783/3441/3726 3780/3439/3727 3781/3442/3724
f 3787/3437/3728 3785/3436/3729 3784/3438/3730
f 3789/3442/3731 3786/3440/3732 3787/3437/3728
f 3791/3441/3733 3788/3439/3734 3789/3442/3731
f 3792/3438/3735 3794/3440/3736 3793/3437/3737
f 3797/3439/3738 3793/3437/3737 3794/3440/3736
f 3797/3439/3738 3798/3441/3739 3796/3442/3740
f 3803/3469/3741 3801/3437/3742 3800/3438/3743
f 3806/3439/3744 3802/3470/3745 3804/3440/3746
f 3809/3471/3747 3807/3442/3748 3805/3472/3749
f 3813/3473/3750 3811/3437/3751 3810/3438/3752
f 3816/3439/3753 3812/3474/3754 3814/3440/3755
f 3815/3475/3756 3818/3441/3757 3817/3442/3758
f 3823/3476/3759 3821/3437/3760 3820/3438/3761
f 3826/3439/3762 3822/3477/3763 3824/3440/3764
f 3827/3442/3765 3829/3478/3766 3828/3441/3767
f 3830/3438/3768 3832/3440/3769 3831/3437/3770
f 3834/3442/3771 3832/3440/3769 3835/3439/3772
f 3835/3439/3772 3836/3441/3773 3834/3442/3771
f 3838/3438/3774 3840/3440/3775 3839/3436/3776
f 3841/3437/3777 3842/3439/3778 3840/3440/3775
f 3843/3442/3779 3844/3443/3780 3842/3439/3778
f 3846/3438/3781 3848/3440/3782 3847/3436/3783
f 3849/3437/3784 3850/3439/3785 3848/3440/3782
f 3851/3442/3786 3852/3443/3787 3850/3439/3785
f 3854/3438/3788 3856/3440/3789 3855/3436/3790
f 3859/3442/3791 3856/3440/3789 3857/3437/3792
f 3861/3441/3793 3858/3439/3794 3859/3442/3791
f 3862/3438/3781 3864/3440/3795 3863/3436/3796
f 3867/3442/3797 3864/3440/3795 3865/3437/3798
f 3869/3441/3799 3866/3439/3800 3867/3442/3797
f 3873/3436/3801 3871/3437/3802 3870/3438/3803
f 3875/3439/3804 3871/3437/3802 3872/3440/3805
f 3874/3442/3806 3877/3443/3807 3876/3441/3808
f 3881/3436/3809 3879/3437/3810 3878/3438/3811
f 3883/3439/3812 3879/3437/3810 3880/3440/3813
f 3882/3442/3814 3885/3443/3815 3884/3441/3815
f 3886/3438/3816 3888/3479/3817 3887/3437/3818
f 3892/3439/3819 3888/3479/3817 3890/3440/3820
f 3895/3480/3821 3893/3442/3822 3891/3481/3823
f 3898/3482/3824 3896/3438/3825 3899/3437/3826
f 3900/3440/3827 3902/3483/3828 3901/3439/3829
f 3904/3484/3830 3903/3442/3831 3905/3441/3832
f 3906/3438/3833 3908/3485/3834 3907/3486/3835
f 3908/3485/3834 3911/3439/3836 3910/3440/3837
f 3913/3442/3838 3914/3487/3839 3912/3488/3840
f 3916/3438/3841 3918/3489/3842 3917/3490/3843
f 3920/3440/3844 3922/3491/3845 3921/3439/3846
f 3924/3492/3847 3923/3442/3848 3925/3441/3849
f 3926/3438/3850 3928/3493/3851 3927/3494/3852
f 3928/3493/3851 3931/3439/3853 3930/3440/3854
f 3933/3442/3855 3554/3453/3856 3932/3495/3857
f 3938/3496/3858 3936/3437/3859 3935/3438/3860
f 3939/3440/3861 3940/3497/3862 3937/3498/3863
f 3944/3499/3864 3942/3442/3865 3940/3497/3862
f 3945/3438/3866 3947/3500/3867 3946/3501/3868
f 3947/3500/3867 3950/3439/3869 3949/3440/3870
f 3952/3442/3871 3953/3502/3872 3951/3503/3873
f 3955/3438/3874 3957/3440/3875 3956/3437/3876
f 3957/3440/3875 3959/3454/3877 3956/3437/3876
f 3961/3442/3878 3963/3443/3879 3962/3441/3880
f 3961/3442/3878 3960/3455/3881 3964/3439/3882
f 3968/3436/3883 3966/3437/3884 3965/3438/3885
f 3970/3439/3886 3966/3437/3884 3967/3440/3887
f 3969/3442/3888 4545/3443/3889 3971/3456/3890
f 3975/3437/3891 3973/3504/3892 3972/3438/3893
f 3976/3440/3894 3978/3505/3895 3977/3439/3896
f 3980/3506/3897 3979/3442/3898 3981/3441/3899
f 3985/3437/3900 3983/3507/3901 3982/3438/3902
f 3984/3508/3903 3987/3439/3904 3986/3440/3905
f 3991/3441/3906 3988/3509/3907 3989/3442/3908
f 3992/3438/3909 3994/3510/3910 3993/3437/3911
f 3996/3440/3912 3997/3511/3913 3994/3510/3910
f 3997/3511/3913 4000/3441/3914 3999/3442/3915
f 4002/3438/3916 4004/3512/3917 4003/3513/3918
f 4008/3514/3919 4006/3440/3920 4004/3512/3917
f 4009/3442/3921 4010/3515/3922 4008/3514/3919
f 4015/3437/3923 4013/3516/3924 4012/3438/3925
f 4016/3440/3926 4018/3517/3927 4017/3439/3928
f 4020/3518/3929 4019/3442/3930 4021/3441/3931
f 4022/3438/3932 4024/3440/3933 4023/3437/3934
f 4026/3442/3935 4024/3440/3933 4027/3439/3936
f 4027/3439/3936 4028/3441/3937 4026/3442/3935
f 4033/3437/3938 4031/3436/3939 4030/3438/3940
f 4035/3442/3941 4032/3440/3942 4033/3437/3938
f 4037/3441/3943 4034/3439/3944 4035/3442/3941
f 4041/3437/3945 4039/3436/3946 4038/3438/3947
f 4043/3442/3948 4040/3440/3949 4041/3437/3945
f 4045/3441/3950 4042/3439/3951 4043/3442/3948
f 4049/3437/3952 4047/3436/3953 4046/3438/3954
f 4051/3442/3955 4048/3440/3956 4049/3437/3952
f 4053/3441/3957 4050/3439/3958 4051/3442/3955
f 4057/3437/3959 4055/3436/3960 4054/3438/3961
f 4059/3442/3962 4056/3440/3963 4057/3437/3959
f 4061/3441/3964 4058/3439/3965 4059/3442/3962
f 4062/3438/3966 4064/3440/3967 4063/3437/3968
f 4067/3439/3969 4063/3437/3968 4064/3440/3967
f 4067/3439/3969 4068/3441/3970 4066/3442/3971
f 4073/3519/3972 4071/3437/3973 4070/3438/3974
f 4074/3440/3975 4075/3520/3976 4072/3521/3977
f 4075/3520/3976 4078/3441/3978 4077/3442/3979
f 4004/3512/3917 4080/3436/3980 4003/3513/3918
f 4008/3514/3919 4005/3437/3981 4009/3442/3921
f 4010/3515/3922 4007/3439/3982 4008/3514/3919
f 4082/3436/3983 3994/3510/3910 3995/3522/3984
f 3994/3510/3910 3999/3442/3915 3993/3437/3911
f 3997/3511/3913 4083/3443/3985 4001/3523/3986
f 3974/3524/3987 4084/3436/3988 3973/3504/3892
f 3974/3524/3987 3979/3442/3898 3978/3505/3895
f 3980/3506/3897 3977/3439/3896 3978/3505/3895
f 3986/3440/3905 3983/3507/3901 3984/3508/3903
f 3984/3508/3903 3989/3442/3908 3988/3509/3907
f 3988/3509/3907 4087/3443/3989 3987/3439/3904
f 4014/3525/3990 4088/3436/3991 4013/3516/3924
f 4014/3525/3990 4019/3442/3930 4018/3517/3927
f 4020/3518/3929 4017/3439/3928 4018/3517/3927
f 3898/3482/3824 4090/3436/3992 3897/3526/3993
f 3899/3437/3826 3902/3483/3828 3898/3482/3824
f 3904/3484/3830 3901/3439/3829 3902/3483/3828
f 3889/3527/3994 3890/3440/3820 3888/3479/3817
f 3888/3479/3817 3893/3442/3822 3887/3437/3818
f 3891/3481/3823 4093/3443/3995 3895/3480/3821
f 3813/3473/3750 3814/3440/3755 3812/3474/3754
f 3817/3442/3758 3812/3474/3754 3815/3475/3756
f 3815/3475/3756 4095/3443/3996 3819/3528/3997
f 3823/3476/3759 3824/3440/3764 3822/3477/3763
f 3827/3442/3765 3822/3477/3763 3825/3529/3998
f 3825/3529/3998 4097/3443/3999 3829/3478/3766
f 3908/3485/3834 4098/3436/4000 3907/3486/3835
f 3912/3488/3840 3909/3437/4001 3913/3442/3838
f 3912/3488/3840 4099/3443/4002 3911/3439/3836
f 3927/3494/3852 3930/3440/3854 4100/3436/4003
f 3932/3495/3857 3929/3437/4004 3933/3442/3855
f 3938/3496/3858 3939/3440/3861 3937/3498/3863
f 3937/3498/3863 3942/3442/3865 3936/3437/3859
f 3944/3499/3864 3941/3439/4005 4102/3443/4006
f 3947/3500/3867 4103/3436/4007 3946/3501/3868
f 3951/3503/3873 3948/3437/4008 3952/3442/3871
f 3951/3503/3873 4104/3443/4009 3950/3439/3869
f 3932/3495/3857 4679/3443/4010 3931/3439/3853
f 3727/3530/4011 3728/3440/3680 3726/3461/3678
f 3729/3462/3681 3725/3437/3679 3726/3461/3678
f 3733/3463/3682 3730/3439/4012 4106/3443/4013
f 3735/3464/3685 3738/3440/3689 4107/3436/4014
f 3740/3467/3692 3737/3437/3684 3741/3442/3690
f 3740/3467/3692 4108/3443/4015 3739/3439/3688
f 3706/3531/4016 4109/3436/4017 3705/3457/3662
f 3706/3531/4016 3711/3442/3668 3710/3458/3665
f 3712/3532/4018 3709/3439/3666 3710/3458/3665
f 3718/3440/3673 3715/3533/4019 3716/3459/3669
f 3720/3534/4020 3717/3437/3671 3721/3442/3675
f 3720/3534/4020 4112/3443/4021 3719/3439/3672
f 3803/3469/3741 3804/3440/3746 3802/3470/3745
f 3805/3472/3749 3801/3437/3742 3802/3470/3745
f 3809/3471/3747 3806/3439/3744 4114/3443/4022
f 4115/3436/4023 4072/3521/3977 4073/3519/3972
f 4072/3521/3977 4077/3442/3979 4071/3437/3973
f 4079/3535/4024 4076/3439/4025 4116/3443/4026
f 3766/3536/4027 4118/3441/4028 4117/3443/4029
f 3637/3444/3598 4119/3436/4030 3636/3537/4031
f 3641/3445/3602 3638/3437/3600 3642/3442/3605
f 3641/3445/3602 4120/3443/4032 3640/3439/3603
f 3646/3448/3609 3649/3440/3611 4121/3436/4033
f 3651/3449/3613 3648/3437/4034 3652/3442/3614
f 3651/3449/3613 4122/3443/4035 3650/3439/3610
f 3656/3450/3616 3659/3440/3620 4123/3436/4036
f 3657/3451/3618 3662/3442/3623 3661/3452/3622
f 4124/3443/4037 3661/3452/3622 3663/3538/4038
f 3917/3490/3843 3920/3440/3844 4125/3436/4039
f 3919/3437/4040 3922/3491/3845 3918/3489/3842
f 4126/3443/4041 3922/3491/3845 3924/3492/3847
f 4130/3437/4042 4128/3436/4043 4127/3438/4044
f 4130/3437/4042 4131/3439/4045 4129/3440/4046
f 4134/3441/4047 4131/3439/4045 4132/3442/4048
f 4138/3437/4049 4136/3436/4050 4135/3438/4051
f 4138/3437/4049 4139/3439/4052 4137/3440/4053
f 4140/3442/4054 4141/3443/4055 4139/3439/4052
f 4143/3438/4056 4145/3440/4057 4144/3436/4058
f 4148/3442/4059 4145/3440/4057 4146/3437/4060
f 4150/3441/4061 4147/3439/4062 4148/3442/4059
f 4151/3438/4063 4153/3440/4064 4152/3437/4065
f 4156/3439/4066 4152/3437/4065 4153/3440/4064
f 4155/3442/4067 4158/3443/4068 4157/3441/4068
f 4159/3438/4069 4161/3440/4070 4160/3437/4071
f 4164/3439/4072 4160/3437/4071 4161/3440/4070
f 4163/3442/4073 4166/3443/4074 4165/3441/4074
f 4167/3438/4075 4169/3440/4076 4168/3437/4077
f 4171/3442/4078 4169/3440/4076 4172/3439/4079
f 4172/3439/4079 4173/3441/4080 4171/3442/4078
f 4175/3438/4069 4177/3440/4081 4176/3437/4082
f 4179/3442/4083 4177/3440/4081 4180/3439/4084
f 4180/3439/4084 4181/3441/4085 4179/3442/4083
f 4186/3437/4086 4184/3436/4087 4183/3438/4088
f 4186/3437/4086 4187/3439/4089 4185/3440/4090
f 4188/3442/4091 4189/3443/4092 4187/3439/4089
f 4194/3437/4093 4192/3436/4094 4191/3438/4095
f 4194/3437/4093 4195/3439/4096 4193/3440/4097
f 4196/3442/4098 4197/3443/4099 4195/3439/4096
f 4202/3437/4100 4200/3436/4101 4199/3438/4102
f 4204/3442/4103 4201/3440/4104 4202/3437/4100
f 4204/3442/4103 4205/3443/4105 4203/3439/4106
f 4209/3444/4107 4207/3438/4108 4210/3537/4109
f 4211/3440/4110 4212/3445/4111 4209/3444/4107
f 4216/3446/4112 4214/3442/4113 4212/3445/4111
f 4217/3438/4114 4219/3447/4115 4218/3437/4116
f 4223/3439/4117 4219/3447/4115 4221/3440/4118
f 4222/3449/4119 4225/3441/4120 4224/3442/4121
f 4230/3450/4122 4228/3437/4123 4227/3438/4124
f 4233/3439/4125 4229/3451/4126 4231/3440/4127
f 4232/3452/4128 4235/3441/4129 4234/3442/4130
f 4237/3438/4131 4239/3440/4132 4238/3437/4133
f 4242/3439/4134 4238/3437/4133 4239/3440/4132
f 4241/3442/4135 4245/3443/4136 4244/3453/3629
f 4246/3438/4137 4248/3440/4138 4247/3436/4139
f 4251/3442/4140 4248/3440/4138 4249/3437/4141
f 4253/3441/4142 4250/3439/4143 4251/3442/4140
f 4254/3438/4144 4256/3440/4145 4255/3437/4146
f 4259/3439/4147 4255/3437/4146 4256/3440/4145
f 4258/3442/4148 4261/3443/4149 4260/3441/4150
f 4262/3438/4151 4264/3440/4152 4263/3436/4153
f 4264/3440/4152 4267/3454/4154 4266/3455/4155
f 4268/3442/4156 4270/3443/4157 4269/3439/4158
f 4268/3442/4156 4266/3455/4155 4267/3454/4154
f 4275/3437/4159 4273/3436/4160 4272/3438/4161
f 4275/3437/4159 4276/3439/4162 4274/3440/4163
f 4277/3442/4164 3703/3443/3659 4276/3439/4162
f 4282/3457/4165 4280/3437/4166 4279/3438/4167
f 4283/3440/4168 4284/3458/4169 4281/3531/4170
f 4284/3458/4169 4287/3441/4171 4286/3442/4172
f 4291/3459/4173 4289/3438/4174 4292/3533/4175
f 4295/3439/4176 4291/3459/4173 4293/3440/4177
f 4298/3460/4178 4296/3442/4179 4294/3534/4180
f 4299/3438/4181 4301/3461/4182 4300/3530/4183
f 4303/3440/4184 4305/3462/4185 4304/3439/4186
f 4307/3463/4187 4306/3442/4188 4308/3441/4189
f 4312/3464/4190 4310/3437/4191 4309/3438/4192
f 4315/3439/4193 4311/3465/4194 4313/3440/4195
f 4316/3442/4196 4318/3466/4197 4317/3441/4198
f 4322/3436/4199 4320/3437/4200 4319/3438/4201
f 4323/3442/4202 4321/3440/4203 4324/3439/4204
f 4323/3442/4202 4326/3443/4205 4325/3441/4206
f 4327/3438/4207 4329/3440/4208 4328/3436/4209
f 4332/3442/4210 4329/3440/4208 4330/3437/4211
f 4332/3442/4210 4333/3443/4212 4331/3439/4213
f 4338/3436/4214 4336/3437/4215 4335/3438/4216
f 4339/3442/4217 4337/3440/4218 4340/3439/4219
f 4340/3439/4219 4341/3468/4220 4339/3442/4217
f 4346/3436/4221 4344/3437/4222 4343/3438/4223
f 4347/3442/4224 4345/3440/4225 4348/3439/4226
f 4347/3442/4224 4350/3443/4227 4349/3441/4228
f 4354/3436/4229 4352/3437/4230 4351/3438/4231
f 4355/3442/4232 4353/3440/4233 4356/3439/4234
f 4356/3439/4234 4357/3441/4235 4355/3442/4232
f 4362/3436/4236 4360/3437/4237 4359/3438/4238
f 4363/3442/4239 4361/3440/4240 4364/3439/4241
f 4364/3439/4241 4365/3441/4242 4363/3442/4239
f 4367/3438/4243 4369/3440/4244 4368/3436/4245
f 4370/3437/4246 4371/3439/4247 4369/3440/4244
f 4374/3441/4248 4371/3439/4247 4372/3442/4249
f 4378/3437/4250 4376/3469/4251 4375/3438/4252
f 4377/3470/4253 4380/3439/4254 4379/3440/4255
f 4383/3471/4256 4382/3442/4257 4384/3441/4258
f 4388/3437/4259 4386/3473/4260 4385/3438/4261
f 4387/3474/4262 4390/3439/4263 4389/3440/4264
f 4394/3441/4265 4391/3475/4266 4392/3442/4267
f 4398/3437/4268 4396/3476/4269 4395/3438/4270
f 4397/3477/4271 4400/3439/4272 4399/3440/4273
f 4402/3442/4274 4403/3478/4275 4401/3529/4276
f 4405/3438/4277 4407/3440/4278 4406/3436/4279
f 4410/3442/4280 4407/3440/4278 4408/3437/4281
f 4412/3441/4282 4409/3439/4283 4410/3442/4280
f 4413/3438/4284 4415/3440/4285 4414/3437/4286
f 4418/3439/4287 4414/3437/4286 4415/3440/4285
f 4417/3442/4288 4420/3443/4289 4419/3441/4290
f 4421/3438/4291 4423/3440/4292 4422/3437/4293
f 4426/3439/4294 4422/3437/4293 4423/3440/4292
f 4425/3442/4295 4428/3443/4296 4427/3441/4296
f 4429/3438/4297 4431/3440/4298 4430/3437/4299
f 4433/3442/4300 4431/3440/4298 4434/3439/4301
f 4434/3439/4301 4435/3441/4302 4433/3442/4300
f 4437/3438/4291 4439/3440/4303 4438/3437/4304
f 4441/3442/4305 4439/3440/4303 4442/3439/4306
f 4442/3439/4306 4443/3441/4307 4441/3442/4305
f 4448/3437/4308 4446/3436/4309 4445/3438/4310
f 4448/3437/4308 4449/3439/4311 4447/3440/4312
f 4450/3442/4313 4451/3443/4314 4449/3439/4311
f 4456/3437/4315 4454/3436/4316 4453/3438/4317
f 4456/3437/4315 4457/3439/4318 4455/3440/4319
f 4458/3442/4320 4459/3443/4321 4457/3439/4318
f 4461/3438/4322 4463/3479/4323 4462/3527/4324
f 4463/3479/4323 4466/3439/4325 4465/3440/4326
f 4469/3480/4327 4468/3442/4328 4470/3441/4329
f 4473/3482/4330 4471/3438/4331 4474/3526/4332
f 4475/3440/4333 4476/3483/4334 4473/3482/4330
f 4480/3484/4335 4478/3442/4336 4476/3483/4334
f 4481/3438/4337 4483/3485/4338 4482/3437/4339
f 4487/3439/4340 4483/3485/4338 4485/3440/4341
f 4488/3442/4342 4490/3487/4343 4489/3441/4344
f 4491/3438/4345 4493/3489/4346 4492/3437/4347
f 4495/3440/4348 4496/3491/4349 4493/3489/4346
f 4500/3492/4350 4498/3442/4351 4496/3491/4349
f 4501/3438/4352 4503/3493/4353 4502/3437/4354
f 4507/3439/4355 4503/3493/4353 4505/3440/4356
f 4508/3442/4357 3554/3453/3856 3934/3539/4358
f 4512/3437/4359 4510/3496/4360 4509/3438/4361
f 4513/3440/4362 4515/3497/4363 4514/3439/4364
f 4517/3499/4365 4516/3442/4366 4518/3441/4367
f 4519/3438/4368 4521/3500/4369 4520/3437/4370
f 4525/3439/4371 4521/3500/4369 4523/3440/4372
f 4526/3442/4373 4528/3502/4374 4527/3441/4375
f 4529/3438/4376 4531/3440/4377 4530/3436/4378
f 4531/3440/4377 4534/3454/4379 4533/3455/4380
f 4535/3442/4381 4537/3443/4382 4536/3439/4383
f 4535/3442/4381 4533/3455/4380 4534/3454/4379
f 4542/3437/4384 4540/3436/4385 4539/3438/4386
f 4542/3437/4384 4543/3439/4387 4541/3440/4388
f 4544/3442/4389 4545/3443/3889 4543/3439/4387
f 4549/3504/4390 4547/3437/4391 4546/3438/4392
f 4550/3440/4393 4551/3505/4394 4548/3524/4395
f 4555/3506/4396 4553/3442/4397 4551/3505/4394
f 4559/3507/4398 4557/3437/4399 4556/3438/4400
f 4562/3439/4401 4558/3508/4402 4560/3440/4403
f 4561/3509/4404 4564/3441/4405 4563/3442/4406
f 4566/3438/4407 4568/3510/4408 4567/3522/4409
f 4570/3440/4410 4572/3511/4411 4571/3439/4412
f 4575/3441/4413 4572/3511/4411 4573/3442/4414
f 4576/3438/4415 4578/3512/4416 4577/3437/4417
f 4581/3514/4418 4580/3440/4419 4582/3439/4420
f 4583/3442/4421 4585/3515/4422 4584/3441/4423
f 4589/3516/4424 4587/3437/4425 4586/3438/4426
f 4590/3440/4427 4591/3517/4428 4588/3525/4429
f 4595/3518/4430 4593/3442/4431 4591/3517/4428
f 4596/3438/4432 4598/3440/4433 4597/3436/4434
f 4601/3442/4435 4598/3440/4433 4599/3437/4436
f 4603/3441/4437 4600/3439/4438 4601/3442/4435
f 4607/3436/4439 4605/3437/4440 4604/3438/4441
f 4608/3442/4442 4606/3440/4443 4609/3439/4444
f 4609/3439/4444 4610/3441/4445 4608/3442/4442
f 4615/3436/4446 4613/3437/4447 4612/3438/4448
f 4616/3442/4449 4614/3440/4450 4617/3439/4451
f 4617/3439/4451 4618/3441/4452 4616/3442/4449
f 4623/3436/4453 4621/3437/4454 4620/3438/4455
f 4624/3442/4456 4622/3440/4457 4625/3439/4458
f 4625/3439/4458 4626/3441/4459 4624/3442/4456
f 4631/3436/4460 4629/3437/4461 4628/3438/4462
f 4632/3442/4463 4630/3440/4464 4633/3439/4465
f 4633/3439/4465 4634/3441/4466 4632/3442/4463
f 4636/3438/4467 4638/3440/4468 4637/3436/4469
f 4639/3437/4470 4640/3439/4471 4638/3440/4468
f 4643/3441/4472 4640/3439/4471 4641/3442/4473
f 4647/3437/4474 4645/3519/4475 4644/3438/4476
f 4648/3440/4477 4650/3520/4478 4649/3439/4479
f 4653/3441/4480 4650/3520/4478 4651/3442/4481
f 4654/3436/4482 4578/3512/4416 4579/3513/4483
f 4581/3514/4418 4577/3437/4417 4578/3512/4416
f 4582/3439/4420 4585/3515/4422 4581/3514/4418
f 4656/3436/4484 4568/3510/4408 4570/3440/4410
f 4568/3510/4408 4573/3442/4414 4572/3511/4411
f 4657/3443/4485 4572/3511/4411 4574/3523/4486
f 4658/3436/4487 4548/3524/4395 4549/3504/4390
f 4553/3442/4397 4548/3524/4395 4551/3505/4394
f 4552/3439/4488 4555/3506/4396 4551/3505/4394
f 4560/3440/4403 4559/3507/4398 4660/3436/4489
f 4563/3442/4406 4558/3508/4402 4561/3509/4404
f 4561/3509/4404 4661/3443/4490 4565/3540/4491
f 4662/3436/4492 4588/3525/4429 4589/3516/4424
f 4593/3442/4431 4588/3525/4429 4591/3517/4428
f 4592/3439/4493 4595/3518/4430 4591/3517/4428
f 4664/3436/4494 4473/3482/4330 4474/3526/4332
f 4472/3437/4495 4476/3483/4334 4478/3442/4336
f 4477/3439/4496 4480/3484/4335 4476/3483/4334
f 4465/3440/4326 4462/3527/4324 4463/3479/4323
f 4463/3479/4323 4468/3442/4328 4467/3481/4497
f 4667/3443/4498 4467/3481/4497 4469/3480/4327
f 4389/3440/4264 4386/3473/4260 4387/3474/4262
f 4392/3442/4267 4387/3474/4262 4388/3437/4259
f 4669/3443/4499 4391/3475/4266 4393/3528/4500
f 4399/3440/4273 4396/3476/4269 4397/3477/4271
f 4402/3442/4274 4397/3477/4271 4398/3437/4268
f 4671/3443/4501 4401/3529/4276 4403/3478/4275
f 4672/3436/4502 4483/3485/4338 4484/3486/4503
f 4486/3488/4504 4482/3437/4339 4483/3485/4338
f 4486/3488/4504 4673/3443/4505 4490/3487/4343
f 4504/3494/4506 4505/3440/4356 4503/3493/4353
f 4506/3495/4507 4502/3437/4354 4503/3493/4353
f 4513/3440/4362 4510/3496/4360 4511/3498/4508
f 4511/3498/4508 4516/3442/4366 4515/3497/4363
f 4517/3499/4365 4514/3439/4364 4515/3497/4363
f 4677/3436/4509 4521/3500/4369 4522/3501/4510
f 4524/3503/4511 4520/3437/4370 4521/3500/4369
f 4524/3503/4511 4678/3443/4512 4528/3502/4374
f 4506/3495/4507 4679/3443/4010 3554/3453/3856
f 4303/3440/4184 4300/3530/4183 4301/3461/4182
f 4302/3437/4513 4305/3462/4185 4301/3461/4182
f 4307/3463/4187 4304/3439/4186 4305/3462/4185
f 4312/3464/4190 4313/3440/4195 4311/3465/4194
f 4314/3467/4514 4310/3437/4191 4311/3465/4194
f 4314/3467/4514 4683/3443/4515 4318/3466/4197
f 4684/3436/4516 4281/3531/4170 4282/3457/4165
f 4286/3442/4172 4281/3531/4170 4284/3458/4169
f 4285/3439/4517 4288/3532/4518 4284/3458/4169
f 4293/3440/4177 4292/3533/4175 4686/3436/4519
f 4294/3534/4180 4290/3437/4520 4291/3459/4173
f 4294/3534/4180 4687/3443/4521 4298/3460/4178
f 4379/3440/4255 4376/3469/4251 4377/3470/4253
f 4378/3437/4250 4381/3472/4522 4377/3470/4253
f 4383/3471/4256 4380/3439/4254 4381/3472/4522
f 4690/3436/4523 4646/3521/4524 4648/3440/4477
f 4646/3521/4524 4651/3442/4481 4650/3520/4478
f 4652/3535/4525 4649/3439/4479 4650/3520/4478
f 4342/3536/4526 4692/3441/4527 4341/3468/4220
f 4694/3436/4528 4209/3444/4107 4210/3537/4109
f 4212/3445/4111 4208/3437/4529 4209/3444/4107
f 4212/3445/4111 4695/3443/4530 4216/3446/4112
f 4220/3448/4531 4221/3440/4118 4219/3447/4115
f 4222/3449/4119 4218/3437/4116 4219/3447/4115
f 4222/3449/4119 4697/3443/4532 4226/3541/4533
f 4230/3450/4122 4231/3440/4127 4229/3451/4126
f 4234/3442/4130 4229/3451/4126 4232/3452/4128
f 4699/3443/4534 4232/3452/4128 4233/3439/4125
f 4494/3490/4535 4495/3440/4348 4493/3489/4346
f 4492/3437/4347 4496/3491/4349 4498/3442/4351
f 4701/3443/4536 4496/3491/4349 4497/3439/4537
f 3558/3436/3530 3557/3440/3534 3556/3437/3531
f 3560/3439/3533 3559/3442/3536 3556/3437/3531
f 3560/3439/3533 3562/3443/3535 3561/3441/3535
f 3566/3436/3537 3565/3440/3541 3564/3437/3538
f 3568/3439/3540 3567/3442/3542 3564/3437/3538
f 3567/3442/3542 3568/3439/3540 3570/3443/3543
f 3571/3438/3544 3574/3436/4579 3573/3440/3545
f 3575/3442/3547 3572/3437/3546 3573/3440/3545
f 3576/3439/3548 3578/3443/4580 3577/3441/3549
f 3579/3438/3550 3582/3437/3553 3581/3440/3551
f 3582/3437/3553 3584/3442/3555 3583/3439/3554
f 3584/3442/3555 3586/3441/3556 3585/3443/3556
f 3587/3438/3557 3590/3437/3560 3589/3440/3558
f 3590/3437/3560 3592/3442/3562 3591/3439/3561
f 3592/3442/3562 3594/3441/3563 3593/3443/3563
f 3595/3438/3564 3598/3437/3568 3597/3440/3565
f 3600/3442/3567 3599/3439/3570 3597/3440/3565
f 3602/3441/3569 3601/3443/4581 3599/3439/3570
f 3603/3438/3557 3606/3437/3573 3605/3440/3571
f 3608/3442/3572 3607/3439/3575 3605/3440/3571
f 3610/3441/3574 3609/3443/4582 3607/3439/3575
f 3614/3436/3576 3613/3440/3580 3612/3437/3577
f 3616/3439/3579 3615/3442/3581 3612/3437/3577
f 3615/3442/3581 3616/3439/3579 3618/3443/3582
f 3622/3436/3583 3621/3440/3587 3620/3437/3584
f 3624/3439/3586 3623/3442/3588 3620/3437/3584
f 3623/3442/3588 3624/3439/3586 3626/3443/3589
f 3630/3436/3590 3629/3440/3594 3628/3437/3591
f 3631/3442/3593 3628/3437/3591 3629/3440/3594
f 3631/3442/3593 3632/3439/3595 3634/3443/3596
f 3637/3444/3598 3636/3537/4031 3635/3438/3599
f 3639/3440/3601 3637/3444/3598 3641/3445/3602
f 3643/3446/3604 3641/3445/3602 3642/3442/3605
f 3645/3438/3607 3648/3437/4034 3647/3447/3608
f 3647/3447/3608 3651/3449/3613 3650/3439/3610
f 3654/3441/3612 3653/3541/4583 3651/3449/3613
f 3658/3437/3615 3657/3451/3618 3656/3450/3616
f 3657/3451/3618 3661/3452/3622 3660/3439/3619
f 3664/3441/3621 3663/3538/4038 3661/3452/3622
f 3665/3438/3624 3668/3437/3627 3667/3440/3625
f 3668/3437/3627 3670/3442/3630 3669/3439/3628
f 3670/3442/3630 4243/3580/4584 4244/3453/3629
f 4244/3453/3629 4245/3443/4136 3669/3439/3628
f 3671/3438/3631 3674/3436/4585 3673/3440/3632
f 3675/3442/3634 3672/3437/3633 3673/3440/3632
f 3676/3439/3635 3678/3443/4586 3677/3441/3636
f 3679/3438/3637 3682/3437/3640 3681/3440/3638
f 3682/3437/3640 3684/3442/3642 3683/3439/3641
f 3684/3442/3642 3686/3441/4587 3685/3443/3643
f 3687/3438/3644 3690/3436/4588 3689/3440/3645
f 3689/3440/3645 3692/3455/3651 3691/3454/3647
f 3693/3442/3648 3696/3439/3652 3695/3443/3649
f 3693/3442/3648 3691/3454/3647 3692/3455/3651
f 3700/3436/3653 3699/3440/3657 3698/3437/3654
f 3702/3439/3656 3701/3442/3658 3698/3437/3654
f 3701/3442/3658 3702/3439/3656 3703/3443/3659
f 3707/3437/3661 3706/3531/4016 3705/3457/3662
f 3708/3440/3664 3706/3531/4016 3710/3458/3665
f 3713/3441/3667 3712/3532/4018 3710/3458/3665
f 3716/3459/3669 3715/3533/4019 3714/3438/3670
f 3716/3459/3669 3720/3534/4020 3719/3439/3672
f 3722/3460/3674 3720/3534/4020 3721/3442/3675
f 3724/3438/3677 3727/3530/4011 3726/3461/3678
f 3728/3440/3680 3730/3439/4012 3729/3462/3681
f 3733/3463/3682 3732/3441/4589 3731/3442/3683
f 3737/3437/3684 3736/3465/3687 3735/3464/3685
f 3736/3465/3687 3740/3467/3692 3739/3439/3688
f 3741/3442/3690 3743/3441/4590 3742/3466/3691
f 3747/3437/3693 3746/3440/3697 3745/3436/3694
f 3749/3442/3696 3748/3439/3699 3746/3440/3697
f 3749/3442/3696 3751/3441/4591 3750/3443/3698
f 3752/3438/3700 3755/3436/4592 3754/3440/3701
f 3756/3442/3703 3753/3437/3702 3754/3440/3701
f 3756/3442/3703 3757/3439/3704 3759/3443/3705
f 3763/3437/3707 3762/3440/3711 3761/3436/3708
f 3765/3442/3710 3764/3439/3713 3762/3440/3711
f 3767/3468/3712 3766/3536/4027 3764/3439/3713
f 3771/3437/3714 3770/3440/3718 3769/3436/3715
f 3773/3442/3717 3772/3439/3720 3770/3440/3718
f 3773/3442/3717 3775/3441/4593 3774/3443/3719
f 3779/3437/3721 3778/3440/3725 3777/3436/3722
f 3781/3442/3724 3780/3439/3727 3778/3440/3725
f 3783/3441/3726 3782/3443/4594 3780/3439/3727
f 3787/3437/3728 3786/3440/3732 3785/3436/3729
f 3789/3442/3731 3788/3439/3734 3786/3440/3732
f 3791/3441/3733 3790/3443/4595 3788/3439/3734
f 3792/3438/3735 3795/3436/4596 3794/3440/3736
f 3797/3439/3738 3796/3442/3740 3793/3437/3737
f 3797/3439/3738 3799/3443/4597 3798/3441/3739
f 3803/3469/3741 3802/3470/3745 3801/3437/3742
f 3806/3439/3744 3805/3472/3749 3802/3470/3745
f 3809/3471/3747 3808/3441/4598 3807/3442/3748
f 3813/3473/3750 3812/3474/3754 3811/3437/3751
f 3816/3439/3753 3815/3475/3756 3812/3474/3754
f 3815/3475/3756 3819/3528/3997 3818/3441/3757
f 3823/3476/3759 3822/3477/3763 3821/3437/3760
f 3826/3439/3762 3825/3529/3998 3822/3477/3763
f 3827/3442/3765 3825/3529/3998 3829/3478/3766
f 3830/3438/3768 3833/3436/4599 3832/3440/3769
f 3834/3442/3771 3831/3437/3770 3832/3440/3769
f 3835/3439/3772 3837/3443/4600 3836/3441/3773
f 3838/3438/3774 3841/3437/3777 3840/3440/3775
f 3841/3437/3777 3843/3442/3779 3842/3439/3778
f 3843/3442/3779 3845/3441/4601 3844/3443/3780
f 3846/3438/3781 3849/3437/3784 3848/3440/3782
f 3849/3437/3784 3851/3442/3786 3850/3439/3785
f 3851/3442/3786 3853/3441/3787 3852/3443/3787
f 3854/3438/3788 3857/3437/3792 3856/3440/3789
f 3859/3442/3791 3858/3439/3794 3856/3440/3789
f 3861/3441/3793 3860/3443/4602 3858/3439/3794
f 3862/3438/3781 3865/3437/3798 3864/3440/3795
f 3867/3442/3797 3866/3439/3800 3864/3440/3795
f 3869/3441/3799 3868/3443/4603 3866/3439/3800
f 3873/3436/3801 3872/3440/3805 3871/3437/3802
f 3875/3439/3804 3874/3442/3806 3871/3437/3802
f 3874/3442/3806 3875/3439/3804 3877/3443/3807
f 3881/3436/3809 3880/3440/3813 3879/3437/3810
f 3883/3439/3812 3882/3442/3814 3879/3437/3810
f 3882/3442/3814 3883/3439/3812 3885/3443/3815
f 3886/3438/3816 3889/3527/3994 3888/3479/3817
f 3892/3439/3819 3891/3481/3823 3888/3479/3817
f 3895/3480/3821 3894/3441/4604 3893/3442/3822
f 3898/3482/3824 3897/3526/3993 3896/3438/3825
f 3900/3440/3827 3898/3482/3824 3902/3483/3828
f 3904/3484/3830 3902/3483/3828 3903/3442/3831
f 3906/3438/3833 3909/3437/4001 3908/3485/3834
f 3908/3485/3834 3912/3488/3840 3911/3439/3836
f 3913/3442/3838 3915/3441/4605 3914/3487/3839
f 3916/3438/3841 3919/3437/4040 3918/3489/3842
f 3920/3440/3844 3918/3489/3842 3922/3491/3845
f 3924/3492/3847 3922/3491/3845 3923/3442/3848
f 3926/3438/3850 3929/3437/4004 3928/3493/3851
f 3928/3493/3851 3932/3495/3857 3931/3439/3853
f 3933/3442/3855 3934/3539/4358 3554/3453/3856
f 3938/3496/3858 3937/3498/3863 3936/3437/3859
f 3939/3440/3861 3941/3439/4005 3940/3497/3862
f 3944/3499/3864 3943/3441/4606 3942/3442/3865
f 3945/3438/3866 3948/3437/4008 3947/3500/3867
f 3947/3500/3867 3951/3503/3873 3950/3439/3869
f 3952/3442/3871 3954/3441/4607 3953/3502/3872
f 3955/3438/3874 3958/3436/4608 3957/3440/3875
f 3957/3440/3875 3960/3455/3881 3959/3454/3877
f 3961/3442/3878 3964/3439/3882 3963/3443/3879
f 3961/3442/3878 3959/3454/3877 3960/3455/3881
f 3968/3436/3883 3967/3440/3887 3966/3437/3884
f 3970/3439/3886 3969/3442/3888 3966/3437/3884
f 3969/3442/3888 3970/3439/3886 4545/3443/3889
f 3975/3437/3891 3974/3524/3987 3973/3504/3892
f 3976/3440/3894 3974/3524/3987 3978/3505/3895
f 3980/3506/3897 3978/3505/3895 3979/3442/3898
f 3985/3437/3900 3984/3508/3903 3983/3507/3901
f 3984/3508/3903 3988/3509/3907 3987/3439/3904
f 3991/3441/3906 3990/3540/4609 3988/3509/3907
f 3992/3438/3909 3995/3522/3984 3994/3510/3910
f 3996/3440/3912 3998/3439/4610 3997/3511/3913
f 3997/3511/3913 4001/3523/3986 4000/3441/3914
f 4002/3438/3916 4005/3437/3981 4004/3512/3917
f 4008/3514/3919 4007/3439/3982 4006/3440/3920
f 4009/3442/3921 4011/3441/4611 4010/3515/3922
f 4015/3437/3923 4014/3525/3990 4013/3516/3924
f 4016/3440/3926 4014/3525/3990 4018/3517/3927
f 4020/3518/3929 4018/3517/3927 4019/3442/3930
f 4022/3438/3932 4025/3436/4612 4024/3440/3933
f 4026/3442/3935 4023/3437/3934 4024/3440/3933
f 4027/3439/3936 4029/3443/4613 4028/3441/3937
f 4033/3437/3938 4032/3440/3942 4031/3436/3939
f 4035/3442/3941 4034/3439/3944 4032/3440/3942
f 4037/3441/3943 4036/3443/4614 4034/3439/3944
f 4041/3437/3945 4040/3440/3949 4039/3436/3946
f 4043/3442/3948 4042/3439/3951 4040/3440/3949
f 4045/3441/3950 4044/3443/4615 4042/3439/3951
f 4049/3437/3952 4048/3440/3956 4047/3436/3953
f 4051/3442/3955 4050/3439/3958 4048/3440/3956
f 4053/3441/3957 4052/3443/4616 4050/3439/3958
f 4057/3437/3959 4056/3440/3963 4055/3436/3960
f 4059/3442/3962 4058/3439/3965 4056/3440/3963
f 4061/3441/3964 4060/3443/4617 4058/3439/3965
f 4062/3438/3966 4065/3436/4618 4064/3440/3967
f 4067/3439/3969 4066/3442/3971 4063/3437/3968
f 4067/3439/3969 4069/3443/4619 4068/3441/3970
f 4073/3519/3972 4072/3521/3977 4071/3437/3973
f 4074/3440/3975 4076/3439/4025 4075/3520/3976
f 4075/3520/3976 4079/3535/4024 4078/3441/3978
f 4004/3512/3917 4006/3440/3920 4080/3436/3980
f 4008/3514/3919 4004/3512/3917 4005/3437/3981
f 4010/3515/3922 4081/3443/4620 4007/3439/3982
f 4082/3436/3983 3996/3440/3912 3994/3510/3910
f 3994/3510/3910 3997/3511/3913 3999/3442/3915
f 3997/3511/3913 3998/3439/4610 4083/3443/3985
f 3974/3524/3987 3976/3440/3894 4084/3436/3988
f 3974/3524/3987 3975/3437/3891 3979/3442/3898
f 3980/3506/3897 4085/3443/4621 3977/3439/3896
f 3986/3440/3905 4086/3436/4622 3983/3507/3901
f 3984/3508/3903 3985/3437/3900 3989/3442/3908
f 3988/3509/3907 3990/3540/4609 4087/3443/3989
f 4014/3525/3990 4016/3440/3926 4088/3436/3991
f 4014/3525/3990 4015/3437/3923 4019/3442/3930
f 4020/3518/3929 4089/3443/4623 4017/3439/3928
f 3898/3482/3824 3900/3440/3827 4090/3436/3992
f 3899/3437/3826 3903/3442/3831 3902/3483/3828
f 3904/3484/3830 4091/3443/4624 3901/3439/3829
f 3889/3527/3994 4092/3436/4625 3890/3440/3820
f 3888/3479/3817 3891/3481/3823 3893/3442/3822
f 3891/3481/3823 3892/3439/3819 4093/3443/3995
f 3813/3473/3750 4094/3436/4626 3814/3440/3755
f 3817/3442/3758 3811/3437/3751 3812/3474/3754
f 3815/3475/3756 3816/3439/3753 4095/3443/3996
f 3823/3476/3759 4096/3436/4627 3824/3440/3764
f 3827/3442/3765 3821/3437/3760 3822/3477/3763
f 3825/3529/3998 3826/3439/3762 4097/3443/3999
f 3908/3485/3834 3910/3440/3837 4098/3436/4000
f 3912/3488/3840 3908/3485/3834 3909/3437/4001
f 3912/3488/3840 3914/3487/3839 4099/3443/4002
f 3927/3494/3852 3928/3493/3851 3930/3440/3854
f 3932/3495/3857 3928/3493/3851 3929/3437/4004
f 3938/3496/3858 4101/3436/4628 3939/3440/3861
f 3937/3498/3863 3940/3497/3862 3942/3442/3865
f 3944/3499/3864 3940/3497/3862 3941/3439/4005
f 3947/3500/3867 3949/3440/3870 4103/3436/4007
f 3951/3503/3873 3947/3500/3867 3948/3437/4008
f 3951/3503/3873 3953/3502/3872 4104/3443/4009
f 3932/3495/3857 3554/3453/3856 4679/3443/4010
f 3727/3530/4011 4105/3436/4629 3728/3440/3680
f 3729/3462/3681 3731/3442/3683 3725/3437/3679
f 3733/3463/3682 3729/3462/3681 3730/3439/4012
f 3735/3464/3685 3736/3465/3687 3738/3440/3689
f 3740/3467/3692 3736/3465/3687 3737/3437/3684
f 3740/3467/3692 3742/3466/3691 4108/3443/4015
f 3706/3531/4016 3708/3440/3664 4109/3436/4017
f 3706/3531/4016 3707/3437/3661 3711/3442/3668
f 3712/3532/4018 4110/3443/4630 3709/3439/3666
f 3718/3440/3673 4111/3436/4631 3715/3533/4019
f 3720/3534/4020 3716/3459/3669 3717/3437/3671
f 3720/3534/4020 3722/3460/3674 4112/3443/4021
f 3803/3469/3741 4113/3436/4632 3804/3440/3746
f 3805/3472/3749 3807/3442/3748 3801/3437/3742
f 3809/3471/3747 3805/3472/3749 3806/3439/3744
f 4115/3436/4023 4074/3440/3975 4072/3521/3977
f 4072/3521/3977 4075/3520/3976 4077/3442/3979
f 4079/3535/4024 4075/3520/3976 4076/3439/4025
f 3766/3536/4027 3767/3468/3712 4118/3441/4028
f 3637/3444/3598 3639/3440/3601 4119/3436/4030
f 3641/3445/3602 3637/3444/3598 3638/3437/3600
f 3641/3445/3602 3643/3446/3604 4120/3443/4032
f 3646/3448/3609 3647/3447/3608 3649/3440/3611
f 3651/3449/3613 3647/3447/3608 3648/3437/4034
f 3651/3449/3613 3653/3541/4583 4122/3443/4035
f 3656/3450/3616 3657/3451/3618 3659/3440/3620
f 3657/3451/3618 3658/3437/3615 3662/3442/3623
f 4124/3443/4037 3660/3439/3619 3661/3452/3622
f 3917/3490/3843 3918/3489/3842 3920/3440/3844
f 3919/3437/4040 3923/3442/3848 3922/3491/3845
f 4126/3443/4041 3921/3439/3846 3922/3491/3845
f 4130/3437/4042 4129/3440/4046 4128/3436/4043
f 4130/3437/4042 4132/3442/4048 4131/3439/4045
f 4134/3441/4047 4133/3443/4047 4131/3439/4045
f 4138/3437/4049 4137/3440/4053 4136/3436/4050
f 4138/3437/4049 4140/3442/4054 4139/3439/4052
f 4140/3442/4054 4142/3441/4055 4141/3443/4055
f 4143/3438/4056 4146/3437/4060 4145/3440/4057
f 4148/3442/4059 4147/3439/4062 4145/3440/4057
f 4150/3441/4061 4149/3443/4633 4147/3439/4062
f 4151/3438/4063 4154/3436/4634 4153/3440/4064
f 4156/3439/4066 4155/3442/4067 4152/3437/4065
f 4155/3442/4067 4156/3439/4066 4158/3443/4068
f 4159/3438/4069 4162/3436/4635 4161/3440/4070
f 4164/3439/4072 4163/3442/4073 4160/3437/4071
f 4163/3442/4073 4164/3439/4072 4166/3443/4074
f 4167/3438/4075 4170/3436/4636 4169/3440/4076
f 4171/3442/4078 4168/3437/4077 4169/3440/4076
f 4172/3439/4079 4174/3443/4637 4173/3441/4080
f 4175/3438/4069 4178/3436/4635 4177/3440/4081
f 4179/3442/4083 4176/3437/4082 4177/3440/4081
f 4180/3439/4084 4182/3443/4638 4181/3441/4085
f 4186/3437/4086 4185/3440/4090 4184/3436/4087
f 4186/3437/4086 4188/3442/4091 4187/3439/4089
f 4188/3442/4091 4190/3441/4092 4189/3443/4092
f 4194/3437/4093 4193/3440/4097 4192/3436/4094
f 4194/3437/4093 4196/3442/4098 4195/3439/4096
f 4196/3442/4098 4198/3441/4099 4197/3443/4099
f 4202/3437/4100 4201/3440/4104 4200/3436/4101
f 4204/3442/4103 4203/3439/4106 4201/3440/4104
f 4204/3442/4103 4206/3441/4639 4205/3443/4105
f 4209/3444/4107 4208/3437/4529 4207/3438/4108
f 4211/3440/4110 4213/3439/4640 4212/3445/4111
f 4216/3446/4112 4215/3441/4641 4214/3442/4113
f 4217/3438/4114 4220/3448/4531 4219/3447/4115
f 4223/3439/4117 4222/3449/4119 4219/3447/4115
f 4222/3449/4119 4226/3541/4533 4225/3441/4120
f 4230/3450/4122 4229/3451/4126 4228/3437/4123
f 4233/3439/4125 4232/3452/4128 4229/3451/4126
f 4232/3452/4128 4236/3538/4642 4235/3441/4129
f 4237/3438/4131 4240/3436/4643 4239/3440/4132
f 4242/3439/4134 4241/3442/4135 4238/3437/4133
f 4244/3453/3629 4243/3580/4584 4241/3442/4135
f 4241/3442/4135 4242/3439/4134 4245/3443/4136
f 4246/3438/4137 4249/3437/4141 4248/3440/4138
f 4251/3442/4140 4250/3439/4143 4248/3440/4138
f 4253/3441/4142 4252/3443/4644 4250/3439/4143
f 4254/3438/4144 4257/3436/4645 4256/3440/4145
f 4259/3439/4147 4258/3442/4148 4255/3437/4146
f 4258/3442/4148 4259/3439/4147 4261/3443/4149
f 4262/3438/4151 4265/3437/4646 4264/3440/4152
f 4264/3440/4152 4265/3437/4646 4267/3454/4154
f 4268/3442/4156 4271/3441/4647 4270/3443/4157
f 4268/3442/4156 4269/3439/4158 4266/3455/4155
f 4275/3437/4159 4274/3440/4163 4273/3436/4160
f 4275/3437/4159 4277/3442/4164 4276/3439/4162
f 4277/3442/4164 4278/3456/3660 3703/3443/3659
f 4282/3457/4165 4281/3531/4170 4280/3437/4166
f 4283/3440/4168 4285/3439/4517 4284/3458/4169
f 4284/3458/4169 4288/3532/4518 4287/3441/4171
f 4291/3459/4173 4290/3437/4520 4289/3438/4174
f 4295/3439/4176 4294/3534/4180 4291/3459/4173
f 4298/3460/4178 4297/3441/4648 4296/3442/4179
f 4299/3438/4181 4302/3437/4513 4301/3461/4182
f 4303/3440/4184 4301/3461/4182 4305/3462/4185
f 4307/3463/4187 4305/3462/4185 4306/3442/4188
f 4312/3464/4190 4311/3465/4194 4310/3437/4191
f 4315/3439/4193 4314/3467/4514 4311/3465/4194
f 4316/3442/4196 4314/3467/4514 4318/3466/4197
f 4322/3436/4199 4321/3440/4203 4320/3437/4200
f 4323/3442/4202 4320/3437/4200 4321/3440/4203
f 4323/3442/4202 4324/3439/4204 4326/3443/4205
f 4327/3438/4207 4330/3437/4211 4329/3440/4208
f 4332/3442/4210 4331/3439/4213 4329/3440/4208
f 4332/3442/4210 4334/3441/4649 4333/3443/4212
f 4338/3436/4214 4337/3440/4218 4336/3437/4215
f 4339/3442/4217 4336/3437/4215 4337/3440/4218
f 4340/3439/4219 4342/3536/4526 4341/3468/4220
f 4346/3436/4221 4345/3440/4225 4344/3437/4222
f 4347/3442/4224 4344/3437/4222 4345/3440/4225
f 4347/3442/4224 4348/3439/4226 4350/3443/4227
f 4354/3436/4229 4353/3440/4233 4352/3437/4230
f 4355/3442/4232 4352/3437/4230 4353/3440/4233
f 4356/3439/4234 4358/3443/4650 4357/3441/4235
f 4362/3436/4236 4361/3440/4240 4360/3437/4237
f 4363/3442/4239 4360/3437/4237 4361/3440/4240
f 4364/3439/4241 4366/3443/4651 4365/3441/4242
f 4367/3438/4243 4370/3437/4246 4369/3440/4244
f 4370/3437/4246 4372/3442/4249 4371/3439/4247
f 4374/3441/4248 4373/3443/4652 4371/3439/4247
f 4378/3437/4250 4377/3470/4253 4376/3469/4251
f 4377/3470/4253 4381/3472/4522 4380/3439/4254
f 4383/3471/4256 4381/3472/4522 4382/3442/4257
f 4388/3437/4259 4387/3474/4262 4386/3473/4260
f 4387/3474/4262 4391/3475/4266 4390/3439/4263
f 4394/3441/4265 4393/3528/4500 4391/3475/4266
f 4398/3437/4268 4397/3477/4271 4396/3476/4269
f 4397/3477/4271 4401/3529/4276 4400/3439/4272
f 4402/3442/4274 4404/3441/4653 4403/3478/4275
f 4405/3438/4277 4408/3437/4281 4407/3440/4278
f 4410/3442/4280 4409/3439/4283 4407/3440/4278
f 4412/3441/4282 4411/3443/4654 4409/3439/4283
f 4413/3438/4284 4416/3436/4655 4415/3440/4285
f 4418/3439/4287 4417/3442/4288 4414/3437/4286
f 4417/3442/4288 4418/3439/4287 4420/3443/4289
f 4421/3438/4291 4424/3436/4656 4423/3440/4292
f 4426/3439/4294 4425/3442/4295 4422/3437/4293
f 4425/3442/4295 4426/3439/4294 4428/3443/4296
f 4429/3438/4297 4432/3436/4657 4431/3440/4298
f 4433/3442/4300 4430/3437/4299 4431/3440/4298
f 4434/3439/4301 4436/3443/4658 4435/3441/4302
f 4437/3438/4291 4440/3436/4659 4439/3440/4303
f 4441/3442/4305 4438/3437/4304 4439/3440/4303
f 4442/3439/4306 4444/3443/4660 4443/3441/4307
f 4448/3437/4308 4447/3440/4312 4446/3436/4309
f 4448/3437/4308 4450/3442/4313 4449/3439/4311
f 4450/3442/4313 4452/3441/4661 4451/3443/4314
f 4456/3437/4315 4455/3440/4319 4454/3436/4316
f 4456/3437/4315 4458/3442/4320 4457/3439/4318
f 4458/3442/4320 4460/3441/4321 4459/3443/4321
f 4461/3438/4322 4464/3437/4662 4463/3479/4323
f 4463/3479/4323 4467/3481/4497 4466/3439/4325
f 4469/3480/4327 4467/3481/4497 4468/3442/4328
f 4473/3482/4330 4472/3437/4495 4471/3438/4331
f 4475/3440/4333 4477/3439/4496 4476/3483/4334
f 4480/3484/4335 4479/3441/4663 4478/3442/4336
f 4481/3438/4337 4484/3486/4503 4483/3485/4338
f 4487/3439/4340 4486/3488/4504 4483/3485/4338
f 4488/3442/4342 4486/3488/4504 4490/3487/4343
f 4491/3438/4345 4494/3490/4535 4493/3489/4346
f 4495/3440/4348 4497/3439/4537 4496/3491/4349
f 4500/3492/4350 4499/3441/4664 4498/3442/4351
f 4501/3438/4352 4504/3494/4506 4503/3493/4353
f 4507/3439/4355 4506/3495/4507 4503/3493/4353
f 4508/3442/4357 4506/3495/4507 3554/3453/3856
f 4512/3437/4359 4511/3498/4508 4510/3496/4360
f 4513/3440/4362 4511/3498/4508 4515/3497/4363
f 4517/3499/4365 4515/3497/4363 4516/3442/4366
f 4519/3438/4368 4522/3501/4510 4521/3500/4369
f 4525/3439/4371 4524/3503/4511 4521/3500/4369
f 4526/3442/4373 4524/3503/4511 4528/3502/4374
f 4529/3438/4376 4532/3437/4665 4531/3440/4377
f 4531/3440/4377 4532/3437/4665 4534/3454/4379
f 4535/3442/4381 4538/3441/4666 4537/3443/4382
f 4535/3442/4381 4536/3439/4383 4533/3455/4380
f 4542/3437/4384 4541/3440/4388 4540/3436/4385
f 4542/3437/4384 4544/3442/4389 4543/3439/4387
f 4544/3442/4389 3971/3456/3890 4545/3443/3889
f 4549/3504/4390 4548/3524/4395 4547/3437/4391
f 4550/3440/4393 4552/3439/4488 4551/3505/4394
f 4555/3506/4396 4554/3441/4667 4553/3442/4397
f 4559/3507/4398 4558/3508/4402 4557/3437/4399
f 4562/3439/4401 4561/3509/4404 4558/3508/4402
f 4561/3509/4404 4565/3540/4491 4564/3441/4405
f 4566/3438/4407 4569/3437/4668 4568/3510/4408
f 4570/3440/4410 4568/3510/4408 4572/3511/4411
f 4575/3441/4413 4574/3523/4486 4572/3511/4411
f 4576/3438/4415 4579/3513/4483 4578/3512/4416
f 4581/3514/4418 4578/3512/4416 4580/3440/4419
f 4583/3442/4421 4581/3514/4418 4585/3515/4422
f 4589/3516/4424 4588/3525/4429 4587/3437/4425
f 4590/3440/4427 4592/3439/4493 4591/3517/4428
f 4595/3518/4430 4594/3441/4669 4593/3442/4431
f 4596/3438/4432 4599/3437/4436 4598/3440/4433
f 4601/3442/4435 4600/3439/4438 4598/3440/4433
f 4603/3441/4437 4602/3443/4670 4600/3439/4438
f 4607/3436/4439 4606/3440/4443 4605/3437/4440
f 4608/3442/4442 4605/3437/4440 4606/3440/4443
f 4609/3439/4444 4611/3443/4671 4610/3441/4445
f 4615/3436/4446 4614/3440/4450 4613/3437/4447
f 4616/3442/4449 4613/3437/4447 4614/3440/4450
f 4617/3439/4451 4619/3443/4672 4618/3441/4452
f 4623/3436/4453 4622/3440/4457 4621/3437/4454
f 4624/3442/4456 4621/3437/4454 4622/3440/4457
f 4625/3439/4458 4627/3443/4673 4626/3441/4459
f 4631/3436/4460 4630/3440/4464 4629/3437/4461
f 4632/3442/4463 4629/3437/4461 4630/3440/4464
f 4633/3439/4465 4635/3443/4674 4634/3441/4466
f 4636/3438/4467 4639/3437/4470 4638/3440/4468
f 4639/3437/4470 4641/3442/4473 4640/3439/4471
f 4643/3441/4472 4642/3443/4675 4640/3439/4471
f 4647/3437/4474 4646/3521/4524 4645/3519/4475
f 4648/3440/4477 4646/3521/4524 4650/3520/4478
f 4653/3441/4480 4652/3535/4525 4650/3520/4478
f 4654/3436/4482 4580/3440/4419 4578/3512/4416
f 4581/3514/4418 4583/3442/4421 4577/3437/4417
f 4582/3439/4420 4655/3443/4676 4585/3515/4422
f 4656/3436/4484 4567/3522/4409 4568/3510/4408
f 4568/3510/4408 4569/3437/4668 4573/3442/4414
f 4657/3443/4485 4571/3439/4412 4572/3511/4411
f 4658/3436/4487 4550/3440/4393 4548/3524/4395
f 4553/3442/4397 4547/3437/4391 4548/3524/4395
f 4552/3439/4488 4659/3443/4677 4555/3506/4396
f 4560/3440/4403 4558/3508/4402 4559/3507/4398
f 4563/3442/4406 4557/3437/4399 4558/3508/4402
f 4561/3509/4404 4562/3439/4401 4661/3443/4490
f 4662/3436/4492 4590/3440/4427 4588/3525/4429
f 4593/3442/4431 4587/3437/4425 4588/3525/4429
f 4592/3439/4493 4663/3443/4678 4595/3518/4430
f 4664/3436/4494 4475/3440/4333 4473/3482/4330
f 4472/3437/4495 4473/3482/4330 4476/3483/4334
f 4477/3439/4496 4665/3443/4679 4480/3484/4335
f 4465/3440/4326 4666/3436/4680 4462/3527/4324
f 4463/3479/4323 4464/3437/4662 4468/3442/4328
f 4667/3443/4498 4466/3439/4325 4467/3481/4497
f 4389/3440/4264 4668/3436/4681 4386/3473/4260
f 4392/3442/4267 4391/3475/4266 4387/3474/4262
f 4669/3443/4499 4390/3439/4263 4391/3475/4266
f 4399/3440/4273 4670/3436/4682 4396/3476/4269
f 4402/3442/4274 4401/3529/4276 4397/3477/4271
f 4671/3443/4501 4400/3439/4272 4401/3529/4276
f 4672/3436/4502 4485/3440/4341 4483/3485/4338
f 4486/3488/4504 4488/3442/4342 4482/3437/4339
f 4486/3488/4504 4487/3439/4340 4673/3443/4505
f 4504/3494/4506 4674/3436/4683 4505/3440/4356
f 4506/3495/4507 4508/3442/4357 4502/3437/4354
f 4513/3440/4362 4675/3436/4684 4510/3496/4360
f 4511/3498/4508 4512/3437/4359 4516/3442/4366
f 4517/3499/4365 4676/3443/4685 4514/3439/4364
f 4677/3436/4509 4523/3440/4372 4521/3500/4369
f 4524/3503/4511 4526/3442/4373 4520/3437/4370
f 4524/3503/4511 4525/3439/4371 4678/3443/4512
f 4506/3495/4507 4507/3439/4355 4679/3443/4010
f 4303/3440/4184 4680/3436/4686 4300/3530/4183
f 4302/3437/4513 4306/3442/4188 4305/3462/4185
f 4307/3463/4187 4681/3443/4687 4304/3439/4186
f 4312/3464/4190 4682/3436/4688 4313/3440/4195
f 4314/3467/4514 4316/3442/4196 4310/3437/4191
f 4314/3467/4514 4315/3439/4193 4683/3443/4515
f 4684/3436/4516 4283/3440/4168 4281/3531/4170
f 4286/3442/4172 4280/3437/4166 4281/3531/4170
f 4285/3439/4517 4685/3443/4689 4288/3532/4518
f 4293/3440/4177 4291/3459/4173 4292/3533/4175
f 4294/3534/4180 4296/3442/4179 4290/3437/4520
f 4294/3534/4180 4295/3439/4176 4687/3443/4521
f 4379/3440/4255 4688/3436/4690 4376/3469/4251
f 4378/3437/4250 4382/3442/4257 4381/3472/4522
f 4383/3471/4256 4689/3443/4691 4380/3439/4254
f 4690/3436/4523 4645/3519/4475 4646/3521/4524
f 4646/3521/4524 4647/3437/4474 4651/3442/4481
f 4652/3535/4525 4691/3443/4692 4649/3439/4479
f 4342/3536/4526 4693/3443/4693 4692/3441/4527
f 4694/3436/4528 4211/3440/4110 4209/3444/4107
f 4212/3445/4111 4214/3442/4113 4208/3437/4529
f 4212/3445/4111 4213/3439/4640 4695/3443/4530
f 4220/3448/4531 4696/3436/4694 4221/3440/4118
f 4222/3449/4119 4224/3442/4121 4218/3437/4116
f 4222/3449/4119 4223/3439/4117 4697/3443/4532
f 4230/3450/4122 4698/3436/4695 4231/3440/4127
f 4234/3442/4130 4228/3437/4123 4229/3451/4126
f 4699/3443/4534 4236/3538/4642 4232/3452/4128
f 4494/3490/4535 4700/3436/4696 4495/3440/4348
f 4492/3437/4347 4493/3489/4346 4496/3491/4349
f 4701/3443/4536 4500/3492/4350 4496/3491/4349
